ISO-10303-21;
HEADER;
FILE_DESCRIPTION (( 'STEP AP214' ),
    '1' );
FILE_NAME ('gello_teleop_flexiv_l2.STEP',
    '2025-10-14T10:34:24',
    ( 'Windows User' ),
    ( '' ),
    'SwSTEP 2.0',
    'SolidWorks 2025',
    '' );
FILE_SCHEMA (( 'AUTOMOTIVE_DESIGN' ));
ENDSEC;

DATA;
#1 = CARTESIAN_POINT ( 'NONE',  ( 16.71809190687262614, 79.96588747730037028, -3.455176181230787069 ) ) ;
#2 = CARTESIAN_POINT ( 'NONE',  ( -9.207931051491199170, 92.46588747730038449, -3.455201181230785235 ) ) ;
#3 = DIRECTION ( 'NONE',  ( -3.663735981263016583E-15, 1.000000000000000000, 7.657177843178876028E-19 ) ) ;
#4 = ADVANCED_FACE ( 'NONE', ( #5768 ), #2957, .T. ) ;
#5 = ORIENTED_EDGE ( 'NONE', *, *, #4420, .F. ) ;
#6 = ORIENTED_EDGE ( 'NONE', *, *, #6592, .T. ) ;
#7 = EDGE_LOOP ( 'NONE', ( #275, #6391, #1924, #3138 ) ) ;
#8 = PLANE ( 'NONE',  #372 ) ;
#9 = CARTESIAN_POINT ( 'NONE',  ( 4.524119756077858767, 31.90447354320628293, 25.59339015613882395 ) ) ;
#10 = LINE ( 'NONE', #6670, #2854 ) ;
#11 = LINE ( 'NONE', #2855, #280 ) ;
#12 = EDGE_CURVE ( 'NONE', #7115, #43, #1781, .T. ) ;
#13 = VECTOR ( 'NONE', #1579, 1000.000000000000114 ) ;
#14 = EDGE_LOOP ( 'NONE', ( #2955, #660 ) ) ;
#15 = LINE ( 'NONE', #7185, #6169 ) ;
#16 = ORIENTED_EDGE ( 'NONE', *, *, #4200, .T. ) ;
#17 = AXIS2_PLACEMENT_3D ( 'NONE', #4762, #3662, #6961 ) ;
#18 = EDGE_CURVE ( 'NONE', #6067, #2433, #4716, .T. ) ;
#19 = DIRECTION ( 'NONE',  ( -0.8660254037844368202, -0.5000000000000032196, -3.828588921589462570E-19 ) ) ;
#20 = DIRECTION ( 'NONE',  ( -0.000000000000000000, -0.000000000000000000, 1.000000000000000000 ) ) ;
#21 = CARTESIAN_POINT ( 'NONE',  ( 3.624758211226107196, 2.684296998796706912, 43.35000000000000853 ) ) ;
#22 = ADVANCED_FACE ( 'NONE', ( #5214 ), #6923, .T. ) ;
#23 = AXIS2_PLACEMENT_3D ( 'NONE', #2576, #436, #1448 ) ;
#24 = ORIENTED_EDGE ( 'NONE', *, *, #6592, .F. ) ;
#25 = SURFACE_STYLE_FILL_AREA ( #6685 ) ;
#26 = VERTEX_POINT ( 'NONE', #4202 ) ;
#27 = CYLINDRICAL_SURFACE ( 'NONE', #2117, 1.550000000000000266 ) ;
#28 = LINE ( 'NONE', #2796, #1308 ) ;
#29 = VECTOR ( 'NONE', #6213, 1000.000000000000000 ) ;
#30 = PLANE ( 'NONE',  #3898 ) ;
#31 = CARTESIAN_POINT ( 'NONE',  ( -3.207931051491222707, 94.92998909243814865, 30.39339015613882466 ) ) ;
#32 = VERTEX_POINT ( 'NONE', #2586 ) ;
#33 = CARTESIAN_POINT ( 'NONE',  ( -0.3752417887738960234, 9.386298900080694452, 43.35000000000000853 ) ) ;
#34 = CARTESIAN_POINT ( 'NONE',  ( 10.52411975607761541, 94.92998909243813443, 25.59339015613882395 ) ) ;
#35 = VECTOR ( 'NONE', #1619, 1000.000000000000000 ) ;
#36 = CARTESIAN_POINT ( 'NONE',  ( 9.224801415566677321, 18.68429699879670736, 2.654196434284226646E-05 ) ) ;
#37 = CARTESIAN_POINT ( 'NONE',  ( -9.975241788770468077, 18.68429699879670380, 25.59338794779475279 ) ) ;
#38 = VECTOR ( 'NONE', #6472, 1000.000000000000000 ) ;
#39 = FACE_OUTER_BOUND ( 'NONE', #316, .T. ) ;
#40 = EDGE_LOOP ( 'NONE', ( #3330, #2500, #2267, #2575 ) ) ;
#41 = ORIENTED_EDGE ( 'NONE', *, *, #1879, .F. ) ;
#42 = EDGE_CURVE ( 'NONE', #790, #4861, #2552, .T. ) ;
#43 = VERTEX_POINT ( 'NONE', #915 ) ;
#44 = CARTESIAN_POINT ( 'NONE',  ( -8.401937866840356151, 79.96588747730039870, 21.59338794779475279 ) ) ;
#45 = AXIS2_PLACEMENT_3D ( 'NONE', #4946, #1108, #1688 ) ;
#46 = AXIS2_PLACEMENT_3D ( 'NONE', #3167, #5906, #3581 ) ;
#47 = ADVANCED_FACE ( 'NONE', ( #943 ), #2046, .F. ) ;
#48 = DIRECTION ( 'NONE',  ( 0.9999999999999983347, 1.637162635531883333E-16, -5.902893091651519514E-08 ) ) ;
#49 = DIRECTION ( 'NONE',  ( 0.000000000000000000, -7.657177843178876028E-19, 1.000000000000000000 ) ) ;
#50 = DIRECTION ( 'NONE',  ( 0.000000000000000000, 0.000000000000000000, 1.000000000000000000 ) ) ;
#51 = EDGE_CURVE ( 'NONE', #2442, #1807, #2081, .T. ) ;
#52 = VECTOR ( 'NONE', #6337, 1000.000000000000000 ) ;
#53 = VECTOR ( 'NONE', #5889, 1000.000000000000000 ) ;
#54 = ORIENTED_EDGE ( 'NONE', *, *, #1942, .F. ) ;
#55 = LINE ( 'NONE', #5694, #5482 ) ;
#56 = ORIENTED_EDGE ( 'NONE', *, *, #4313, .F. ) ;
#57 = VECTOR ( 'NONE', #3314, 1000.000000000000114 ) ;
#58 = AXIS2_PLACEMENT_3D ( 'NONE', #6850, #3476, #809 ) ;
#59 = CARTESIAN_POINT ( 'NONE',  ( 6.792068948508738657, 91.46588747730038449, 30.39339015613882466 ) ) ;
#60 = CARTESIAN_POINT ( 'NONE',  ( -4.375241788773892360, 2.386298900080694896, -3.455201181230785235 ) ) ;
#61 = CARTESIAN_POINT ( 'NONE',  ( -7.141907714210900870, 79.96588747730039870, 1.733346180468747333 ) ) ;
#62 = AXIS2_PLACEMENT_3D ( 'NONE', #5676, #684, #4702 ) ;
#63 = AXIS2_PLACEMENT_3D ( 'NONE', #2320, #3540, #255 ) ;
#64 = EDGE_LOOP ( 'NONE', ( #2890, #1708, #940, #2744 ) ) ;
#65 = EDGE_CURVE ( 'NONE', #3844, #2880, #6412, .T. ) ;
#66 = CARTESIAN_POINT ( 'NONE',  ( -5.207931051491215158, 92.46588747730038449, 30.39339015613882466 ) ) ;
#67 = ORIENTED_EDGE ( 'NONE', *, *, #4507, .F. ) ;
#68 = CARTESIAN_POINT ( 'NONE',  ( 5.075764905806941840, 2.386298900080696672, 50.00000000000000000 ) ) ;
#69 = VECTOR ( 'NONE', #2529, 1000.000000000000000 ) ;
#70 = EDGE_CURVE ( 'NONE', #952, #1320, #3852, .T. ) ;
#71 = CARTESIAN_POINT ( 'NONE',  ( 5.658094352293183249, 89.50178586216263454, 25.59339015613882395 ) ) ;
#72 = LINE ( 'NONE', #1730, #982 ) ;
#73 = ORIENTED_EDGE ( 'NONE', *, *, #1280, .T. ) ;
#74 = DIRECTION ( 'NONE',  ( 0.000000000000000000, -7.657177843178876028E-19, 1.000000000000000000 ) ) ;
#75 = AXIS2_PLACEMENT_3D ( 'NONE', #2016, #814, #850 ) ;
#76 = DIRECTION ( 'NONE',  ( -0.9999999999990734079, 0.000000000000000000, 1.361274163765233466E-06 ) ) ;
#77 = DIRECTION ( 'NONE',  ( 1.414335714702542164E-06, 2.313296726373683870E-22, -0.9999999999989998001 ) ) ;
#78 = VECTOR ( 'NONE', #2368, 1000.000000000000000 ) ;
#79 = CARTESIAN_POINT ( 'NONE',  ( 8.792068948508729775, 88.00178586216263454, -3.455201181230785235 ) ) ;
#80 = CARTESIAN_POINT ( 'NONE',  ( -5.375241788773895024, 47.65187257383767871, 25.59339430679273164 ) ) ;
#81 = EDGE_LOOP ( 'NONE', ( #6274, #5808, #3682, #480 ) ) ;
#82 = ORIENTED_EDGE ( 'NONE', *, *, #326, .T. ) ;
#83 = ORIENTED_EDGE ( 'NONE', *, *, #3806, .T. ) ;
#84 = ORIENTED_EDGE ( 'NONE', *, *, #5480, .T. ) ;
#85 = PLANE ( 'NONE',  #6876 ) ;
#86 = CARTESIAN_POINT ( 'NONE',  ( -7.374235094193059226, 2.386298900080692231, 50.00000000000000000 ) ) ;
#87 = CARTESIAN_POINT ( 'NONE',  ( -17.40190320228619569, 79.96588747730039870, 30.39339015613882466 ) ) ;
#88 = EDGE_LOOP ( 'NONE', ( #1780, #2487, #4588, #2935, #6534, #2886 ) ) ;
#89 = ADVANCED_FACE ( 'NONE', ( #5359, #1417, #4824, #1490, #3728, #3653 ), #5874, .T. ) ;
#90 = CARTESIAN_POINT ( 'NONE',  ( 4.792068948508746651, 94.92998909243814865, -3.455201181230785235 ) ) ;
#91 = ORIENTED_EDGE ( 'NONE', *, *, #642, .F. ) ;
#92 = FACE_BOUND ( 'NONE', #1814, .T. ) ;
#93 = DIRECTION ( 'NONE',  ( -3.330669073875469621E-15, 1.000000000000000000, 7.657177843178876991E-19 ) ) ;
#94 = CARTESIAN_POINT ( 'NONE',  ( -15.72124990694748270, 79.77721785250925279, 25.59339015613882395 ) ) ;
#95 = PLANE ( 'NONE',  #5752 ) ;
#96 = ORIENTED_EDGE ( 'NONE', *, *, #3447, .F. ) ;
#97 = ADVANCED_FACE ( 'NONE', ( #3175 ), #405, .T. ) ;
#98 = ORIENTED_EDGE ( 'NONE', *, *, #5219, .F. ) ;
#99 = FACE_OUTER_BOUND ( 'NONE', #2450, .T. ) ;
#100 = EDGE_LOOP ( 'NONE', ( #6199, #1893, #3790, #6756, #5985, #6359, #781, #4142, #4400, #4026 ) ) ;
#101 = CARTESIAN_POINT ( 'NONE',  ( 1.658094352293200346, 96.42998909243814865, 30.39339015613882466 ) ) ;
#102 = DIRECTION ( 'NONE',  ( 0.8660254037844407060, -0.4999999999999965583, -3.828588921589411533E-19 ) ) ;
#103 = LINE ( 'NONE', #2985, #1215 ) ;
#104 = EDGE_CURVE ( 'NONE', #2180, #810, #4864, .T. ) ;
#105 = EDGE_CURVE ( 'NONE', #1690, #1710, #3758, .T. ) ;
#106 = ORIENTED_EDGE ( 'NONE', *, *, #2624, .F. ) ;
#107 = CARTESIAN_POINT ( 'NONE',  ( -1.475880243922335966, 89.00178586216262033, 30.39339015613882466 ) ) ;
#108 = VERTEX_POINT ( 'NONE', #6450 ) ;
#109 = CARTESIAN_POINT ( 'NONE',  ( -7.475880243922313539, 91.46588747730037028, -3.455201181230785235 ) ) ;
#110 = PLANE ( 'NONE',  #527 ) ;
#111 = CARTESIAN_POINT ( 'NONE',  ( 2.524119756077647381, 88.00178586216262033, -3.455201181230785235 ) ) ;
#112 = EDGE_LOOP ( 'NONE', ( #553, #5139, #4019, #7040, #4384, #703 ) ) ;
#113 = ORIENTED_EDGE ( 'NONE', *, *, #5180, .F. ) ;
#114 = ORIENTED_EDGE ( 'NONE', *, *, #2799, .F. ) ;
#115 = ADVANCED_FACE ( 'NONE', ( #981 ), #5436, .T. ) ;
#116 = VERTEX_POINT ( 'NONE', #1383 ) ;
#117 = DIRECTION ( 'NONE',  ( 0.000000000000000000, 1.000000000000000000, 0.000000000000000000 ) ) ;
#118 = CARTESIAN_POINT ( 'NONE',  ( -9.207931051491199170, 92.46588747730038449, -3.455201181230785235 ) ) ;
#119 = LINE ( 'NONE', #6776, #1210 ) ;
#120 = ORIENTED_EDGE ( 'NONE', *, *, #499, .F. ) ;
#121 = DIRECTION ( 'NONE',  ( 0.8660254037844368202, 0.5000000000000032196, 3.828588921589462088E-19 ) ) ;
#122 = ORIENTED_EDGE ( 'NONE', *, *, #4524, .F. ) ;
#123 = VERTEX_POINT ( 'NONE', #3616 ) ;
#124 = CARTESIAN_POINT ( 'NONE',  ( -12.80190320228619072, 31.90447354320630780, -3.455174545975395084 ) ) ;
#125 = DIRECTION ( 'NONE',  ( -0.8660254037844368202, -0.5000000000000032196, 0.000000000000000000 ) ) ;
#126 = EDGE_CURVE ( 'NONE', #1653, #2352, #3072, .T. ) ;
#127 = CARTESIAN_POINT ( 'NONE',  ( -0.3752417887738929148, 2.386298900080694452, 46.35000000000000853 ) ) ;
#128 = DIRECTION ( 'NONE',  ( 1.000000000000000000, 0.000000000000000000, 0.000000000000000000 ) ) ;
#129 = VECTOR ( 'NONE', #3250, 1000.000000000000114 ) ;
#130 = CARTESIAN_POINT ( 'NONE',  ( -10.34190564770675280, 89.50178586216263454, 30.39339015613882466 ) ) ;
#131 = EDGE_CURVE ( 'NONE', #1190, #2099, #2520, .T. ) ;
#132 = ORIENTED_EDGE ( 'NONE', *, *, #3234, .T. ) ;
#133 = ORIENTED_EDGE ( 'NONE', *, *, #6054, .T. ) ;
#134 = LINE ( 'NONE', #3453, #4463 ) ;
#135 = ADVANCED_FACE ( 'NONE', ( #1459 ), #1972, .T. ) ;
#136 = VERTEX_POINT ( 'NONE', #2006 ) ;
#137 = VECTOR ( 'NONE', #5042, 1000.000000000000000 ) ;
#138 = EDGE_CURVE ( 'NONE', #5506, #5175, #3694, .T. ) ;
#139 = DIRECTION ( 'NONE',  ( 1.000000000000000000, 0.000000000000000000, 0.000000000000000000 ) ) ;
#140 = VECTOR ( 'NONE', #2638, 1000.000000000000000 ) ;
#141 = PLANE ( 'NONE',  #1796 ) ;
#142 = VERTEX_POINT ( 'NONE', #5567 ) ;
#143 = DIRECTION ( 'NONE',  ( 3.663735981263016583E-15, -1.000000000000000000, 0.000000000000000000 ) ) ;
#144 = ORIENTED_EDGE ( 'NONE', *, *, #4107, .F. ) ;
#145 = VECTOR ( 'NONE', #4823, 1000.000000000000114 ) ;
#146 = EDGE_LOOP ( 'NONE', ( #6194, #4438, #1396, #798 ) ) ;
#147 = CYLINDRICAL_SURFACE ( 'NONE', #3572, 1.549999999999999378 ) ;
#148 = CARTESIAN_POINT ( 'NONE',  ( 16.71809190687262259, 83.96588747730039870, -3.455176181230787069 ) ) ;
#149 = LINE ( 'NONE', #694, #5411 ) ;
#150 = ORIENTED_EDGE ( 'NONE', *, *, #2663, .F. ) ;
#151 = VECTOR ( 'NONE', #6108, 1000.000000000000114 ) ;
#152 = ORIENTED_EDGE ( 'NONE', *, *, #688, .F. ) ;
#153 = ORIENTED_EDGE ( 'NONE', *, *, #6695, .T. ) ;
#154 = DIRECTION ( 'NONE',  ( 0.000000000000000000, 0.000000000000000000, -1.000000000000000000 ) ) ;
#155 = AXIS2_PLACEMENT_3D ( 'NONE', #2901, #2429, #3529 ) ;
#156 = CARTESIAN_POINT ( 'NONE',  ( 4.792068948508746651, 89.00178586216263454, 30.39339015613882466 ) ) ;
#157 = EDGE_CURVE ( 'NONE', #3430, #1863, #4449, .T. ) ;
#158 = CARTESIAN_POINT ( 'NONE',  ( 8.175764905806939709, 2.386298900080696672, 50.00000000000000000 ) ) ;
#159 = ORIENTED_EDGE ( 'NONE', *, *, #3927, .F. ) ;
#160 = AXIS2_PLACEMENT_3D ( 'NONE', #2338, #2383, #128 ) ;
#161 = LINE ( 'NONE', #5187, #3045 ) ;
#162 = ORIENTED_EDGE ( 'NONE', *, *, #3571, .T. ) ;
#163 = ORIENTED_EDGE ( 'NONE', *, *, #638, .F. ) ;
#164 = PLANE ( 'NONE',  #6351 ) ;
#165 = DIRECTION ( 'NONE',  ( 0.5000000000000029976, -0.8660254037844369313, -6.631310533488230290E-19 ) ) ;
#166 = VECTOR ( 'NONE', #4700, 1000.000000000000114 ) ;
#167 = LINE ( 'NONE', #2382, #5627 ) ;
#168 = DIRECTION ( 'NONE',  ( 1.172497940839745224E-06, 1.921770678816512355E-22, 0.9999999999993126609 ) ) ;
#169 = VECTOR ( 'NONE', #3448, 1000.000000000000114 ) ;
#170 = CARTESIAN_POINT ( 'NONE',  ( 35.29346034719073089, 72.39179932747566681, 25.59339015613882395 ) ) ;
#171 = ORIENTED_EDGE ( 'NONE', *, *, #2823, .T. ) ;
#172 = EDGE_LOOP ( 'NONE', ( #3866, #6143, #2478, #5611 ) ) ;
#173 = PLANE ( 'NONE',  #2010 ) ;
#174 = AXIS2_PLACEMENT_3D ( 'NONE', #297, #6482, #4752 ) ;
#175 = ORIENTED_EDGE ( 'NONE', *, *, #6336, .F. ) ;
#176 = VECTOR ( 'NONE', #1857, 1000.000000000000114 ) ;
#177 = CARTESIAN_POINT ( 'NONE',  ( -17.40190320228620280, 103.9658874773003987, -3.455174545975395084 ) ) ;
#178 = CARTESIAN_POINT ( 'NONE',  ( 38.42743494340621879, 77.82000255775115249, 25.59339015613882395 ) ) ;
#179 = VECTOR ( 'NONE', #3563, 1000.000000000000000 ) ;
#180 = VECTOR ( 'NONE', #4044, 1000.000000000000114 ) ;
#181 = DIRECTION ( 'NONE',  ( -0.9999999999999983347, 0.000000000000000000, -5.929998267496897309E-08 ) ) ;
#182 = ORIENTED_EDGE ( 'NONE', *, *, #6917, .T. ) ;
#183 = DIRECTION ( 'NONE',  ( -1.000000000000000000, 0.000000000000000000, 0.000000000000000000 ) ) ;
#184 = EDGE_CURVE ( 'NONE', #2195, #1632, #4491, .T. ) ;
#185 = VERTEX_POINT ( 'NONE', #2149 ) ;
#186 = VECTOR ( 'NONE', #5656, 1000.000000000000000 ) ;
#187 = EDGE_LOOP ( 'NONE', ( #4054, #1560, #2509, #3632 ) ) ;
#188 = CARTESIAN_POINT ( 'NONE',  ( -5.475880243922321533, 88.00178586216262033, 30.39339015613882466 ) ) ;
#189 = CARTESIAN_POINT ( 'NONE',  ( -12.40193786684035615, 52.40086587357521353, 21.59338794779475279 ) ) ;
#190 = CARTESIAN_POINT ( 'NONE',  ( -9.975241788773892893, 2.386298900080692675, 0.000000000000000000 ) ) ;
#191 = EDGE_LOOP ( 'NONE', ( #5800, #2418, #114 ) ) ;
#192 = VECTOR ( 'NONE', #550, 1000.000000000000000 ) ;
#193 = VERTEX_POINT ( 'NONE', #34 ) ;
#194 = ORIENTED_EDGE ( 'NONE', *, *, #649, .F. ) ;
#195 = CARTESIAN_POINT ( 'NONE',  ( 0.000000000000000000, 0.000000000000000000, 0.000000000000000000 ) ) ;
#196 = FACE_BOUND ( 'NONE', #3938, .T. ) ;
#197 = CARTESIAN_POINT ( 'NONE',  ( -11.20793105149119029, 94.92998909243814865, -3.455201181230785235 ) ) ;
#198 = CARTESIAN_POINT ( 'NONE',  ( 9.908091211226082606, 83.96588747730039870, 23.53334597922873428 ) ) ;
#199 = ORIENTED_EDGE ( 'NONE', *, *, #1911, .T. ) ;
#200 = EDGE_CURVE ( 'NONE', #2436, #668, #4553, .T. ) ;
#201 = DIRECTION ( 'NONE',  ( 0.000000000000000000, -0.6739131047908469840, -0.7388106165934277270 ) ) ;
#202 = EDGE_CURVE ( 'NONE', #6050, #2340, #1595, .T. ) ;
#203 = VERTEX_POINT ( 'NONE', #6043 ) ;
#204 = ORIENTED_EDGE ( 'NONE', *, *, #3477, .F. ) ;
#205 = ADVANCED_FACE ( 'NONE', ( #5539 ), #1081, .F. ) ;
#206 = CARTESIAN_POINT ( 'NONE',  ( -17.40194335874751985, 79.96588747730037028, 25.59338352060716915 ) ) ;
#207 = DIRECTION ( 'NONE',  ( 0.8660254037844404840, -0.4999999999999968914, 0.000000000000000000 ) ) ;
#208 = LINE ( 'NONE', #94, #4351 ) ;
#209 = LINE ( 'NONE', #6247, #5867 ) ;
#210 = ORIENTED_EDGE ( 'NONE', *, *, #6371, .T. ) ;
#211 = ORIENTED_EDGE ( 'NONE', *, *, #6388, .T. ) ;
#212 = ORIENTED_EDGE ( 'NONE', *, *, #2175, .F. ) ;
#213 = FACE_OUTER_BOUND ( 'NONE', #6993, .T. ) ;
#214 = FACE_OUTER_BOUND ( 'NONE', #735, .T. ) ;
#215 = DIRECTION ( 'NONE',  ( 0.8660254037844404840, -0.4999999999999968914, 0.000000000000000000 ) ) ;
#216 = ORIENTED_EDGE ( 'NONE', *, *, #266, .T. ) ;
#217 = PLANE ( 'NONE',  #4455 ) ;
#218 = ORIENTED_EDGE ( 'NONE', *, *, #3166, .F. ) ;
#219 = ORIENTED_EDGE ( 'NONE', *, *, #7098, .F. ) ;
#220 = DIRECTION ( 'NONE',  ( 0.000000000000000000, -7.657177843178876028E-19, 1.000000000000000000 ) ) ;
#221 = ADVANCED_FACE ( 'NONE', ( #3354 ), #3320, .F. ) ;
#222 = CARTESIAN_POINT ( 'NONE',  ( -7.207931051491207164, 88.00178586216263454, 25.59339015613882395 ) ) ;
#223 = DIRECTION ( 'NONE',  ( -0.000000000000000000, -0.000000000000000000, -1.000000000000000000 ) ) ;
#224 = VERTEX_POINT ( 'NONE', #4995 ) ;
#225 = VERTEX_POINT ( 'NONE', #2184 ) ;
#226 = DIRECTION ( 'NONE',  ( 0.8660254037844369313, 0.5000000000000029976, 0.000000000000000000 ) ) ;
#227 = CARTESIAN_POINT ( 'NONE',  ( 8.792068948508729775, 88.00178586216263454, 25.59339015613882395 ) ) ;
#228 = EDGE_CURVE ( 'NONE', #2753, #2334, #547, .T. ) ;
#229 = DIRECTION ( 'NONE',  ( -0.8660254037844368202, -0.5000000000000032196, -3.828588921589462570E-19 ) ) ;
#230 = ORIENTED_EDGE ( 'NONE', *, *, #3916, .F. ) ;
#231 = CARTESIAN_POINT ( 'NONE',  ( -12.80190320228619605, 83.96588747730039870, 19.48643130160574799 ) ) ;
#232 = ORIENTED_EDGE ( 'NONE', *, *, #5585, .F. ) ;
#233 = ORIENTED_EDGE ( 'NONE', *, *, #6266, .T. ) ;
#234 = LINE ( 'NONE', #4728, #3560 ) ;
#235 = ADVANCED_FACE ( 'NONE', ( #2249 ), #1122, .F. ) ;
#236 = DIRECTION ( 'NONE',  ( -0.000000000000000000, -0.000000000000000000, -1.000000000000000000 ) ) ;
#237 = DIRECTION ( 'NONE',  ( 3.663735981263016583E-15, -1.000000000000000000, 0.000000000000000000 ) ) ;
#238 = ORIENTED_EDGE ( 'NONE', *, *, #6018, .T. ) ;
#239 = ORIENTED_EDGE ( 'NONE', *, *, #2460, .F. ) ;
#240 = DIRECTION ( 'NONE',  ( 0.000000000000000000, -7.657177843178876028E-19, 1.000000000000000000 ) ) ;
#241 = ORIENTED_EDGE ( 'NONE', *, *, #5365, .T. ) ;
#242 = EDGE_CURVE ( 'NONE', #345, #4119, #6696, .T. ) ;
#243 = VECTOR ( 'NONE', #1044, 1000.000000000000000 ) ;
#244 = DIRECTION ( 'NONE',  ( -0.5000000000000032196, 0.8660254037844368202, 6.631310533488228364E-19 ) ) ;
#245 = CYLINDRICAL_SURFACE ( 'NONE', #2027, 1.050000000000000488 ) ;
#246 = EDGE_CURVE ( 'NONE', #3874, #2004, #3035, .T. ) ;
#247 = DIRECTION ( 'NONE',  ( 1.000000000000000000, 3.330669073875469621E-15, 2.550352543544035319E-33 ) ) ;
#248 = VECTOR ( 'NONE', #458, 1000.000000000000000 ) ;
#249 = ORIENTED_EDGE ( 'NONE', *, *, #5282, .F. ) ;
#250 = CARTESIAN_POINT ( 'NONE',  ( -16.72124990694749513, 81.50926866007813487, 25.59339015613882395 ) ) ;
#251 = ORIENTED_EDGE ( 'NONE', *, *, #4191, .T. ) ;
#252 = ORIENTED_EDGE ( 'NONE', *, *, #6941, .F. ) ;
#253 = DIRECTION ( 'NONE',  ( -0.8660254037844407060, 0.4999999999999965583, 3.828588921589411533E-19 ) ) ;
#254 = CIRCLE ( 'NONE', #2927, 1.550000000000000266 ) ;
#255 = DIRECTION ( 'NONE',  ( 0.9999999999975064391, 0.000000000000000000, -2.233187441433460359E-06 ) ) ;
#256 = LINE ( 'NONE', #3466, #5986 ) ;
#257 = ORIENTED_EDGE ( 'NONE', *, *, #7032, .F. ) ;
#258 = ORIENTED_EDGE ( 'NONE', *, *, #6054, .F. ) ;
#259 = ORIENTED_EDGE ( 'NONE', *, *, #3015, .T. ) ;
#260 = VECTOR ( 'NONE', #4952, 1000.000000000000000 ) ;
#261 = CARTESIAN_POINT ( 'NONE',  ( 16.71810914617703503, 79.96588747730039870, 9.208918140216930226 ) ) ;
#262 = DIRECTION ( 'NONE',  ( -0.000000000000000000, -0.000000000000000000, -1.000000000000000000 ) ) ;
#263 = VECTOR ( 'NONE', #5670, 1000.000000000000000 ) ;
#264 = EDGE_LOOP ( 'NONE', ( #489, #5281, #6208, #4539 ) ) ;
#265 = DIRECTION ( 'NONE',  ( 0.8660254037844368202, 0.5000000000000032196, 3.828588921589462088E-19 ) ) ;
#266 = EDGE_CURVE ( 'NONE', #3733, #754, #6164, .T. ) ;
#267 = ORIENTED_EDGE ( 'NONE', *, *, #5045, .T. ) ;
#268 = CIRCLE ( 'NONE', #4928, 11.19100480825594168 ) ;
#269 = CARTESIAN_POINT ( 'NONE',  ( 11.71812600482805955, 52.40086587357522774, 21.59338565332848248 ) ) ;
#270 = FACE_OUTER_BOUND ( 'NONE', #5662, .T. ) ;
#271 = EDGE_CURVE ( 'NONE', #2678, #1113, #4903, .T. ) ;
#272 = LINE ( 'NONE', #3564, #5286 ) ;
#273 = DIRECTION ( 'NONE',  ( -4.336808689941983716E-16, 1.000000000000000000, 0.000000000000000000 ) ) ;
#274 = VECTOR ( 'NONE', #2075, 1000.000000000000114 ) ;
#275 = ORIENTED_EDGE ( 'NONE', *, *, #349, .T. ) ;
#276 = ORIENTED_EDGE ( 'NONE', *, *, #3793, .T. ) ;
#277 = PLANE ( 'NONE',  #5593 ) ;
#278 = EDGE_LOOP ( 'NONE', ( #5757, #5849, #1738, #623 ) ) ;
#279 = VECTOR ( 'NONE', #1545, 999.9999999999998863 ) ;
#280 = VECTOR ( 'NONE', #2785, 1000.000000000000114 ) ;
#281 = CARTESIAN_POINT ( 'NONE',  ( 5.658094352293184137, 96.42998909243814865, -3.455201181230785235 ) ) ;
#282 = CARTESIAN_POINT ( 'NONE',  ( -7.374235094193059226, 2.386298900080692231, 50.00000000000000000 ) ) ;
#283 = FACE_BOUND ( 'NONE', #3836, .T. ) ;
#284 = VECTOR ( 'NONE', #2877, 1000.000000000000000 ) ;
#285 = AXIS2_PLACEMENT_3D ( 'NONE', #6303, #4025, #3553 ) ;
#286 = VERTEX_POINT ( 'NONE', #6145 ) ;
#287 = FACE_OUTER_BOUND ( 'NONE', #278, .T. ) ;
#288 = ORIENTED_EDGE ( 'NONE', *, *, #6557, .F. ) ;
#289 = DIRECTION ( 'NONE',  ( 0.000000000000000000, -7.657177843178876028E-19, 1.000000000000000000 ) ) ;
#290 = EDGE_CURVE ( 'NONE', #4753, #7103, #475, .T. ) ;
#291 = EDGE_LOOP ( 'NONE', ( #6709, #259, #298, #6219 ) ) ;
#292 = ADVANCED_FACE ( 'NONE', ( #7134 ), #2772, .F. ) ;
#293 = AXIS2_PLACEMENT_3D ( 'NONE', #543, #7196, #3379 ) ;
#294 = VECTOR ( 'NONE', #3794, 999.9999999999998863 ) ;
#295 = CARTESIAN_POINT ( 'NONE',  ( -8.401937866840325952, 91.21413387534181538, 25.59338794779474924 ) ) ;
#296 = PLANE ( 'NONE',  #988 ) ;
#297 = CARTESIAN_POINT ( 'NONE',  ( -0.3752417887738929148, 2.386298900080694452, 0.000000000000000000 ) ) ;
#298 = ORIENTED_EDGE ( 'NONE', *, *, #3402, .T. ) ;
#299 = ORIENTED_EDGE ( 'NONE', *, *, #3458, .T. ) ;
#300 = AXIS2_PLACEMENT_3D ( 'NONE', #4757, #2522, #3074 ) ;
#301 = DIRECTION ( 'NONE',  ( 0.000000000000000000, -7.657177843178876028E-19, 1.000000000000000000 ) ) ;
#302 = LINE ( 'NONE', #6487, #1222 ) ;
#303 = CIRCLE ( 'NONE', #2982, 1.050000000000000488 ) ;
#304 = DIRECTION ( 'NONE',  ( -1.000000000000000000, 0.000000000000000000, 0.000000000000000000 ) ) ;
#305 = ORIENTED_EDGE ( 'NONE', *, *, #2398, .F. ) ;
#306 = CARTESIAN_POINT ( 'NONE',  ( 11.71812588477827966, 79.96588747730039870, 21.59338565332864235 ) ) ;
#307 = VERTEX_POINT ( 'NONE', #1151 ) ;
#308 = LINE ( 'NONE', #5337, #6114 ) ;
#309 = DIRECTION ( 'NONE',  ( -0.000000000000000000, -0.000000000000000000, -1.000000000000000000 ) ) ;
#310 = DIRECTION ( 'NONE',  ( 0.4999999999999965583, 0.8660254037844407060, 6.631310533488258216E-19 ) ) ;
#311 = DIRECTION ( 'NONE',  ( -3.330669073875469621E-15, 1.000000000000000000, 7.657177843178876991E-19 ) ) ;
#312 = ADVANCED_FACE ( 'NONE', ( #3384 ), #5602, .T. ) ;
#313 = EDGE_LOOP ( 'NONE', ( #1768, #4780, #6526, #2969, #2845, #3390, #4030, #73, #4151, #5403, #7129, #1749 ) ) ;
#314 = VERTEX_POINT ( 'NONE', #3154 ) ;
#315 = FACE_BOUND ( 'NONE', #4822, .T. ) ;
#316 = EDGE_LOOP ( 'NONE', ( #2479, #5590, #4984, #3851 ) ) ;
#317 = PLANE ( 'NONE',  #1540 ) ;
#318 = EDGE_CURVE ( 'NONE', #3516, #3109, #5417, .T. ) ;
#319 = CARTESIAN_POINT ( 'NONE',  ( -4.375241788773893248, 2.684296998796706912, 43.35000000000000853 ) ) ;
#320 = CARTESIAN_POINT ( 'NONE',  ( -12.80190320228619605, 83.96588747730039870, 25.59338987966066270 ) ) ;
#321 = ORIENTED_EDGE ( 'NONE', *, *, #3498, .F. ) ;
#322 = PLANE ( 'NONE',  #2228 ) ;
#323 = EDGE_LOOP ( 'NONE', ( #822, #6175, #5832 ) ) ;
#324 = CARTESIAN_POINT ( 'NONE',  ( 5.658094352293191243, 87.50178586216263454, 25.59339015613882395 ) ) ;
#325 = CARTESIAN_POINT ( 'NONE',  ( 1.174758211226108351, -4.613701099919306436, 50.00000000000000000 ) ) ;
#326 = EDGE_CURVE ( 'NONE', #4128, #4533, #2213, .T. ) ;
#327 = CARTESIAN_POINT ( 'NONE',  ( 8.100377905283105306, 83.96588747730039870, 20.48643130160574799 ) ) ;
#328 = EDGE_CURVE ( 'NONE', #2849, #4566, #2566, .T. ) ;
#329 = DIRECTION ( 'NONE',  ( -0.9999999999990734079, -1.637162645964182016E-16, 1.361274163765233466E-06 ) ) ;
#330 = ORIENTED_EDGE ( 'NONE', *, *, #131, .T. ) ;
#331 = ORIENTED_EDGE ( 'NONE', *, *, #2808, .T. ) ;
#332 = DIRECTION ( 'NONE',  ( 1.637162635542180433E-16, -1.000000000000000000, -7.657177843178875065E-19 ) ) ;
#333 = DIRECTION ( 'NONE',  ( 1.000000000000000000, 8.145007187700838718E-17, -2.891205793294675861E-16 ) ) ;
#334 = CARTESIAN_POINT ( 'NONE',  ( 6.458090141575119958, -14.07277949271606943, 1.733346179548747479 ) ) ;
#335 = DIRECTION ( 'NONE',  ( -1.637162644519523784E-16, 1.000000000000000000, 5.817715683276915554E-23 ) ) ;
#336 = DIRECTION ( 'NONE',  ( 1.000000000000000000, 0.000000000000000000, 0.000000000000000000 ) ) ;
#337 = EDGE_CURVE ( 'NONE', #3081, #1376, #857, .T. ) ;
#338 = VERTEX_POINT ( 'NONE', #4770 ) ;
#339 = CARTESIAN_POINT ( 'NONE',  ( 7.658094352293176144, 92.96588747730038449, -3.455201181230785235 ) ) ;
#340 = VERTEX_POINT ( 'NONE', #6969 ) ;
#341 = PLANE ( 'NONE',  #75 ) ;
#342 = LINE ( 'NONE', #2673, #5418 ) ;
#343 = DIRECTION ( 'NONE',  ( 0.000000000000000000, -7.657177843178876028E-19, 1.000000000000000000 ) ) ;
#344 = LINE ( 'NONE', #5922, #2837 ) ;
#345 = VERTEX_POINT ( 'NONE', #2604 ) ;
#346 = LINE ( 'NONE', #3672, #2921 ) ;
#347 = ORIENTED_EDGE ( 'NONE', *, *, #6269, .T. ) ;
#348 = CARTESIAN_POINT ( 'NONE',  ( -8.584195482830899948, 83.96588747730039870, 19.48643130160574799 ) ) ;
#349 = EDGE_CURVE ( 'NONE', #4457, #758, #821, .T. ) ;
#350 = LINE ( 'NONE', #6972, #5514 ) ;
#351 = LINE ( 'NONE', #3605, #4492 ) ;
#352 = ADVANCED_FACE ( 'NONE', ( #4184 ), #6393, .T. ) ;
#353 = ORIENTED_EDGE ( 'NONE', *, *, #1552, .T. ) ;
#354 = DIRECTION ( 'NONE',  ( 1.000000000000000000, 1.629001437540167744E-16, -0.000000000000000000 ) ) ;
#355 = ORIENTED_EDGE ( 'NONE', *, *, #5081, .T. ) ;
#356 = DIRECTION ( 'NONE',  ( 0.000000000000000000, 0.000000000000000000, 1.000000000000000000 ) ) ;
#357 = EDGE_CURVE ( 'NONE', #6400, #6831, #3855, .T. ) ;
#358 = CARTESIAN_POINT ( 'NONE',  ( 9.224758211226102844, 18.68429699879670736, 43.35000000000000853 ) ) ;
#359 = CARTESIAN_POINT ( 'NONE',  ( 4.624758211226099647, 47.65185741869318292, 25.59340813070138765 ) ) ;
#360 = EDGE_CURVE ( 'NONE', #1267, #2331, #1914, .T. ) ;
#361 = LINE ( 'NONE', #2580, #5068 ) ;
#362 = DIRECTION ( 'NONE',  ( 0.8660254037844369313, 0.5000000000000029976, 3.828588921589461125E-19 ) ) ;
#363 = ORIENTED_EDGE ( 'NONE', *, *, #1346, .T. ) ;
#364 = VERTEX_POINT ( 'NONE', #898 ) ;
#365 = CARTESIAN_POINT ( 'NONE',  ( 7.658094352293183249, 90.96588747730038449, 30.39339015613882466 ) ) ;
#366 = DIRECTION ( 'NONE',  ( -0.000000000000000000, -0.000000000000000000, 1.000000000000000000 ) ) ;
#367 = EDGE_CURVE ( 'NONE', #2756, #2801, #346, .T. ) ;
#368 = AXIS2_PLACEMENT_3D ( 'NONE', #1716, #3401, #669 ) ;
#369 = CARTESIAN_POINT ( 'NONE',  ( 9.224758211226102844, 23.68429699879670736, 0.000000000000000000 ) ) ;
#370 = DIRECTION ( 'NONE',  ( -3.303469305462222812E-12, 0.000000000000000000, -1.000000000000000000 ) ) ;
#371 = DIRECTION ( 'NONE',  ( 1.629001437540167497E-16, -1.000000000000000000, -0.000000000000000000 ) ) ;
#372 = AXIS2_PLACEMENT_3D ( 'NONE', #3227, #5472, #1572 ) ;
#373 = ORIENTED_EDGE ( 'NONE', *, *, #5442, .F. ) ;
#374 = ORIENTED_EDGE ( 'NONE', *, *, #6561, .T. ) ;
#375 = DIRECTION ( 'NONE',  ( 0.8660254037844369313, 0.5000000000000029976, 3.828588921589461125E-19 ) ) ;
#376 = ADVANCED_FACE ( 'NONE', ( #1504 ), #7050, .T. ) ;
#377 = DIRECTION ( 'NONE',  ( -0.4999999999999968914, -0.8660254037844404840, -6.631310533488256290E-19 ) ) ;
#378 = VECTOR ( 'NONE', #4408, 1000.000000000000000 ) ;
#379 = LINE ( 'NONE', #3736, #994 ) ;
#380 = LINE ( 'NONE', #894, #5407 ) ;
#381 = LINE ( 'NONE', #1949, #6321 ) ;
#382 = ORIENTED_EDGE ( 'NONE', *, *, #1298, .T. ) ;
#383 = AXIS2_PLACEMENT_3D ( 'NONE', #1180, #3954, #3490 ) ;
#384 = DIRECTION ( 'NONE',  ( 0.000000000000000000, 0.000000000000000000, 1.000000000000000000 ) ) ;
#385 = ORIENTED_EDGE ( 'NONE', *, *, #5937, .T. ) ;
#386 = LINE ( 'NONE', #430, #4821 ) ;
#387 = CIRCLE ( 'NONE', #2947, 1.550000000000000266 ) ;
#388 = CARTESIAN_POINT ( 'NONE',  ( 8.792068948508729775, 94.92998909243814865, -3.455201181230785235 ) ) ;
#389 = FACE_BOUND ( 'NONE', #4071, .T. ) ;
#390 = VERTEX_POINT ( 'NONE', #5925 ) ;
#391 = DIRECTION ( 'NONE',  ( 0.000000000000000000, -7.657177843178876028E-19, 1.000000000000000000 ) ) ;
#392 = VECTOR ( 'NONE', #937, 999.9999999999998863 ) ;
#393 = ORIENTED_EDGE ( 'NONE', *, *, #5561, .F. ) ;
#394 = VECTOR ( 'NONE', #4256, 1000.000000000000000 ) ;
#395 = CARTESIAN_POINT ( 'NONE',  ( 9.658094352293174367, 87.50178586216263454, -3.455201181230785235 ) ) ;
#396 = DIRECTION ( 'NONE',  ( -8.239936510889840009E-15, 0.000000000000000000, -1.000000000000000000 ) ) ;
#397 = FACE_OUTER_BOUND ( 'NONE', #3444, .T. ) ;
#398 = AXIS2_PLACEMENT_3D ( 'NONE', #886, #5364, #4282 ) ;
#399 = VECTOR ( 'NONE', #5581, 1000.000000000000000 ) ;
#400 = LINE ( 'NONE', #6949, #3554 ) ;
#401 = ORIENTED_EDGE ( 'NONE', *, *, #4922, .F. ) ;
#402 = ADVANCED_FACE ( 'NONE', ( #1987 ), #2062, .T. ) ;
#403 = ORIENTED_EDGE ( 'NONE', *, *, #1483, .F. ) ;
#404 = DIRECTION ( 'NONE',  ( 1.382390865440721507E-06, 2.347914799728091911E-22, -0.9999999999990445421 ) ) ;
#405 = PLANE ( 'NONE',  #4325 ) ;
#406 = VECTOR ( 'NONE', #5246, 1000.000000000000114 ) ;
#407 = VECTOR ( 'NONE', #2253, 1000.000000000000000 ) ;
#408 = CARTESIAN_POINT ( 'NONE',  ( -8.401937866840350821, 52.40086587357521353, 21.59338794779475279 ) ) ;
#409 = CARTESIAN_POINT ( 'NONE',  ( 2.524119756077879195, 31.90447354320627582, 25.59339015613882395 ) ) ;
#410 = CARTESIAN_POINT ( 'NONE',  ( 32.29346034719074510, 67.19564690476902058, 25.59339015613882395 ) ) ;
#411 = VECTOR ( 'NONE', #4657, 1000.000000000000000 ) ;
#412 = VECTOR ( 'NONE', #6252, 1000.000000000000114 ) ;
#413 = VERTEX_POINT ( 'NONE', #3740 ) ;
#414 = ORIENTED_EDGE ( 'NONE', *, *, #3499, .F. ) ;
#415 = DIRECTION ( 'NONE',  ( -1.000000000000000000, 0.000000000000000000, 0.000000000000000000 ) ) ;
#416 = VECTOR ( 'NONE', #4873, 1000.000000000000000 ) ;
#417 = LINE ( 'NONE', #4798, #1927 ) ;
#418 = DIRECTION ( 'NONE',  ( -1.000000000000000000, -0.000000000000000000, -0.000000000000000000 ) ) ;
#419 = DIRECTION ( 'NONE',  ( 1.000000000000000000, 0.000000000000000000, 0.000000000000000000 ) ) ;
#420 = CARTESIAN_POINT ( 'NONE',  ( 9.100377905283080437, 84.78838014798384393, 8.108345979228749556 ) ) ;
#421 = ADVANCED_FACE ( 'NONE', ( #5958 ), #961, .F. ) ;
#422 = ADVANCED_FACE ( 'NONE', ( #3090, #2457, #315 ), #277, .T. ) ;
#423 = EDGE_LOOP ( 'NONE', ( #4732, #5190, #3162, #5166 ) ) ;
#424 = AXIS2_PLACEMENT_3D ( 'NONE', #728, #3425, #5761 ) ;
#425 = ADVANCED_FACE ( 'NONE', ( #1435 ), #5893, .F. ) ;
#426 = LINE ( 'NONE', #6028, #6061 ) ;
#427 = EDGE_CURVE ( 'NONE', #4831, #6263, #3779, .T. ) ;
#428 = ORIENTED_EDGE ( 'NONE', *, *, #131, .F. ) ;
#429 = CIRCLE ( 'NONE', #3577, 1.550000000000000488 ) ;
#430 = CARTESIAN_POINT ( 'NONE',  ( -3.207931051491030860, 31.90447354320626161, 25.59339015613882395 ) ) ;
#431 = PLANE ( 'NONE',  #2958 ) ;
#432 = EDGE_CURVE ( 'NONE', #1609, #5087, #4469, .T. ) ;
#433 = EDGE_LOOP ( 'NONE', ( #2108, #3580, #1494, #6820 ) ) ;
#434 = CARTESIAN_POINT ( 'NONE',  ( 10.01822159588612493, -14.07277949271606943, 25.59338546302474526 ) ) ;
#435 = ORIENTED_EDGE ( 'NONE', *, *, #2823, .F. ) ;
#436 = DIRECTION ( 'NONE',  ( -1.000000000000000000, -3.663735981263016583E-15, -2.805387797898438817E-33 ) ) ;
#437 = DIRECTION ( 'NONE',  ( 1.000000000000000000, 0.000000000000000000, 0.000000000000000000 ) ) ;
#438 = CARTESIAN_POINT ( 'NONE',  ( -0.3752417887738929148, 2.386298900080694452, 6.649999999999997691 ) ) ;
#439 = LINE ( 'NONE', #5432, #1556 ) ;
#440 = ORIENTED_EDGE ( 'NONE', *, *, #4542, .T. ) ;
#441 = EDGE_LOOP ( 'NONE', ( #933, #4499, #3027, #4194 ) ) ;
#442 = FACE_OUTER_BOUND ( 'NONE', #2540, .T. ) ;
#443 = DIRECTION ( 'NONE',  ( 1.982614996657750461E-14, -7.657177843146416405E-19, 1.000000000000000000 ) ) ;
#444 = CARTESIAN_POINT ( 'NONE',  ( 16.71813144991982014, 79.96588747730037028, 25.59337865665076706 ) ) ;
#445 = DIRECTION ( 'NONE',  ( 1.000000000000000000, 3.330669073875469621E-15, 2.550352543544035319E-33 ) ) ;
#446 = ADVANCED_FACE ( 'NONE', ( #2787 ), #562, .T. ) ;
#447 = CARTESIAN_POINT ( 'NONE',  ( -0.3752417887738960234, 9.386298900080694452, 50.00000000000000000 ) ) ;
#448 = VERTEX_POINT ( 'NONE', #3299 ) ;
#449 = ORIENTED_EDGE ( 'NONE', *, *, #3654, .T. ) ;
#450 = EDGE_CURVE ( 'NONE', #2405, #5310, #15, .T. ) ;
#451 = ORIENTED_EDGE ( 'NONE', *, *, #3280, .F. ) ;
#452 = LINE ( 'NONE', #2670, #140 ) ;
#453 = EDGE_CURVE ( 'NONE', #123, #2652, #2646, .T. ) ;
#454 = DIRECTION ( 'NONE',  ( 1.000000000000000000, 0.000000000000000000, 0.000000000000000000 ) ) ;
#455 = CARTESIAN_POINT ( 'NONE',  ( 9.224758211226102844, 18.68429699879670736, 43.35000000000000853 ) ) ;
#456 = DIRECTION ( 'NONE',  ( 0.000000000000000000, -7.657177843178876028E-19, 1.000000000000000000 ) ) ;
#457 = ORIENTED_EDGE ( 'NONE', *, *, #3041, .T. ) ;
#458 = DIRECTION ( 'NONE',  ( 0.000000000000000000, -7.657177843178876028E-19, 1.000000000000000000 ) ) ;
#459 = ORIENTED_EDGE ( 'NONE', *, *, #873, .T. ) ;
#460 = EDGE_CURVE ( 'NONE', #595, #3225, #426, .T. ) ;
#461 = DIRECTION ( 'NONE',  ( 0.5000000000000029976, -0.8660254037844369313, -6.631310533488230290E-19 ) ) ;
#462 = DIRECTION ( 'NONE',  ( 0.000000000000000000, 0.000000000000000000, -1.000000000000000000 ) ) ;
#463 = VERTEX_POINT ( 'NONE', #2094 ) ;
#464 = LINE ( 'NONE', #1035, #1765 ) ;
#465 = ORIENTED_EDGE ( 'NONE', *, *, #2277, .T. ) ;
#466 = PLANE ( 'NONE',  #23 ) ;
#467 = EDGE_CURVE ( 'NONE', #5240, #3289, #5997, .T. ) ;
#468 = CARTESIAN_POINT ( 'NONE',  ( 6.625764905806940774, 2.386298900080696672, 50.00000000000000000 ) ) ;
#469 = DIRECTION ( 'NONE',  ( -1.637162635542180433E-16, 1.000000000000000000, 7.657177843178876991E-19 ) ) ;
#470 = FACE_OUTER_BOUND ( 'NONE', #587, .T. ) ;
#471 = ORIENTED_EDGE ( 'NONE', *, *, #5489, .T. ) ;
#472 = ADVANCED_FACE ( 'NONE', ( #6535 ), #1001, .T. ) ;
#473 = ORIENTED_EDGE ( 'NONE', *, *, #4236, .F. ) ;
#474 = LINE ( 'NONE', #1043, #6760 ) ;
#475 = LINE ( 'NONE', #4962, #4558 ) ;
#476 = DIRECTION ( 'NONE',  ( -3.663735981263016583E-15, 1.000000000000000000, 7.657177843178876028E-19 ) ) ;
#477 = VECTOR ( 'NONE', #301, 1000.000000000000000 ) ;
#478 = CARTESIAN_POINT ( 'NONE',  ( 11.71812600482805955, 79.96588747730039870, 21.59338565332848248 ) ) ;
#479 = LINE ( 'NONE', #2701, #3084 ) ;
#480 = ORIENTED_EDGE ( 'NONE', *, *, #1198, .F. ) ;
#481 = ORIENTED_EDGE ( 'NONE', *, *, #3231, .T. ) ;
#482 = ORIENTED_EDGE ( 'NONE', *, *, #3007, .F. ) ;
#483 = VECTOR ( 'NONE', #783, 1000.000000000000000 ) ;
#484 = LINE ( 'NONE', #2161, #6646 ) ;
#485 = DIRECTION ( 'NONE',  ( 1.000000000000000000, 0.000000000000000000, 0.000000000000000000 ) ) ;
#486 = CARTESIAN_POINT ( 'NONE',  ( -0.3752417887738960234, 9.386298900080694452, 50.00000000000000000 ) ) ;
#487 = CARTESIAN_POINT ( 'NONE',  ( -9.475880243922304658, 88.00178586216262033, 25.59339015613882395 ) ) ;
#488 = VECTOR ( 'NONE', #6585, 1000.000000000000114 ) ;
#489 = ORIENTED_EDGE ( 'NONE', *, *, #5044, .T. ) ;
#490 = EDGE_CURVE ( 'NONE', #1632, #3247, #2676, .T. ) ;
#491 = CARTESIAN_POINT ( 'NONE',  ( -12.80190320228619072, 31.90447354320630780, -3.455174545975395084 ) ) ;
#492 = EDGE_LOOP ( 'NONE', ( #2763, #1339, #5547 ) ) ;
#493 = AXIS2_PLACEMENT_3D ( 'NONE', #6177, #4960, #5464 ) ;
#494 = PLANE ( 'NONE',  #848 ) ;
#495 = DIRECTION ( 'NONE',  ( 0.000000000000000000, 0.000000000000000000, 1.000000000000000000 ) ) ;
#496 = VECTOR ( 'NONE', #1547, 1000.000000000000000 ) ;
#497 = ORIENTED_EDGE ( 'NONE', *, *, #589, .T. ) ;
#498 = VERTEX_POINT ( 'NONE', #4905 ) ;
#499 = EDGE_CURVE ( 'NONE', #1939, #806, #6059, .T. ) ;
#500 = CARTESIAN_POINT ( 'NONE',  ( 9.224758211226102844, 18.68429699879670736, 6.649999999999999467 ) ) ;
#501 = VECTOR ( 'NONE', #3565, 1000.000000000000114 ) ;
#502 = CARTESIAN_POINT ( 'NONE',  ( -9.975241788773896445, 23.68429699879670736, 25.59339043256473545 ) ) ;
#503 = CARTESIAN_POINT ( 'NONE',  ( 0.7920689485087627491, 94.92998909243814865, 30.39339015613882466 ) ) ;
#504 = CARTESIAN_POINT ( 'NONE',  ( -11.64190878877392876, 79.96588747730039870, 23.53334597922873783 ) ) ;
#505 = EDGE_LOOP ( 'NONE', ( #1487, #584, #2746, #5343, #2967, #2866, #6516, #2467, #3215, #212, #1559, #6020, #3240, #6581, #1103, #373, #4401, #5341, #6096, #5233, #2917, #3248, #6574, #2209 ) ) ;
#506 = CIRCLE ( 'NONE', #2953, 1.050000000000000488 ) ;
#507 = EDGE_LOOP ( 'NONE', ( #7122, #4876, #2085, #4310 ) ) ;
#508 = DIRECTION ( 'NONE',  ( 1.000000000000000000, 0.000000000000000000, 0.000000000000000000 ) ) ;
#509 = EDGE_CURVE ( 'NONE', #4199, #2678, #4365, .T. ) ;
#510 = DIRECTION ( 'NONE',  ( 0.000000000000000000, 0.000000000000000000, 1.000000000000000000 ) ) ;
#511 = EDGE_CURVE ( 'NONE', #3780, #6427, #4940, .T. ) ;
#512 = AXIS2_PLACEMENT_3D ( 'NONE', #4332, #1582, #5015 ) ;
#513 = AXIS2_PLACEMENT_3D ( 'NONE', #6312, #236, #4627 ) ;
#514 = DIRECTION ( 'NONE',  ( 0.000000000000000000, -7.657177843178876028E-19, 1.000000000000000000 ) ) ;
#515 = LINE ( 'NONE', #3936, #7146 ) ;
#516 = LINE ( 'NONE', #4968, #2257 ) ;
#517 = ORIENTED_EDGE ( 'NONE', *, *, #3474, .T. ) ;
#518 = ORIENTED_EDGE ( 'NONE', *, *, #1468, .T. ) ;
#519 = VECTOR ( 'NONE', #6407, 1000.000000000000114 ) ;
#520 = ORIENTED_EDGE ( 'NONE', *, *, #2637, .F. ) ;
#521 = AXIS2_PLACEMENT_3D ( 'NONE', #5030, #3325, #2215 ) ;
#522 = FACE_OUTER_BOUND ( 'NONE', #6833, .T. ) ;
#523 = FACE_OUTER_BOUND ( 'NONE', #3949, .T. ) ;
#524 = DIRECTION ( 'NONE',  ( 0.000000000000000000, -7.657177843178876028E-19, 1.000000000000000000 ) ) ;
#525 = AXIS2_PLACEMENT_3D ( 'NONE', #6311, #5780, #708 ) ;
#526 = CARTESIAN_POINT ( 'NONE',  ( 9.908091211226082606, 83.96588747730039870, 23.53334597922873428 ) ) ;
#527 = AXIS2_PLACEMENT_3D ( 'NONE', #1345, #6225, #6877 ) ;
#528 = EDGE_LOOP ( 'NONE', ( #1715, #3849, #5861, #5692, #3986, #4890 ) ) ;
#529 = DIRECTION ( 'NONE',  ( -0.5000000000000032196, 0.8660254037844368202, 6.631310533488228364E-19 ) ) ;
#530 = VECTOR ( 'NONE', #6023, 1000.000000000000000 ) ;
#531 = ORIENTED_EDGE ( 'NONE', *, *, #5672, .T. ) ;
#532 = LINE ( 'NONE', #6162, #3073 ) ;
#533 = DIRECTION ( 'NONE',  ( -0.5000000000000032196, 0.8660254037844368202, 6.631310533488228364E-19 ) ) ;
#534 = DIRECTION ( 'NONE',  ( -1.382390865440387352E-06, 6.954057136994526147E-07, 0.9999999999988027355 ) ) ;
#535 = VECTOR ( 'NONE', #2057, 1000.000000000000000 ) ;
#536 = ORIENTED_EDGE ( 'NONE', *, *, #1954, .T. ) ;
#537 = LINE ( 'NONE', #4439, #6429 ) ;
#538 = VERTEX_POINT ( 'NONE', #6637 ) ;
#539 = CARTESIAN_POINT ( 'NONE',  ( 37.42743494340624011, 76.08795175018229884, 25.59339015613882395 ) ) ;
#540 = ADVANCED_FACE ( 'NONE', ( #1060 ), #1643, .T. ) ;
#541 = DIRECTION ( 'NONE',  ( 0.8660254037844369313, 0.5000000000000029976, 3.828588921589461125E-19 ) ) ;
#542 = LINE ( 'NONE', #2207, #764 ) ;
#543 = CARTESIAN_POINT ( 'NONE',  ( 10.25809121122612133, -14.07277949271606943, 8.108345979228746003 ) ) ;
#544 = ORIENTED_EDGE ( 'NONE', *, *, #1718, .F. ) ;
#545 = ORIENTED_EDGE ( 'NONE', *, *, #3166, .T. ) ;
#546 = CARTESIAN_POINT ( 'NONE',  ( 0.000000000000000000, 82.06588747730039302, 0.000000000000000000 ) ) ;
#547 = LINE ( 'NONE', #3860, #243 ) ;
#548 = ADVANCED_FACE ( 'NONE', ( #4978 ), #2196, .T. ) ;
#549 = ADVANCED_FACE ( 'NONE', ( #2332 ), #2301, .T. ) ;
#550 = DIRECTION ( 'NONE',  ( 1.000000000000000000, 0.000000000000000000, 0.000000000000000000 ) ) ;
#551 = FACE_OUTER_BOUND ( 'NONE', #1202, .T. ) ;
#552 = DIRECTION ( 'NONE',  ( 6.236776857019554112E-35, -7.657177843178875065E-19, 1.000000000000000000 ) ) ;
#553 = ORIENTED_EDGE ( 'NONE', *, *, #5101, .T. ) ;
#554 = ORIENTED_EDGE ( 'NONE', *, *, #3437, .F. ) ;
#555 = ORIENTED_EDGE ( 'NONE', *, *, #184, .F. ) ;
#556 = PLANE ( 'NONE',  #2805 ) ;
#557 = DIRECTION ( 'NONE',  ( 0.000000000000000000, -0.000000000000000000, 1.000000000000000000 ) ) ;
#558 = DIRECTION ( 'NONE',  ( -1.000000000000000000, 0.000000000000000000, 0.000000000000000000 ) ) ;
#559 = EDGE_CURVE ( 'NONE', #5731, #4725, #6740, .T. ) ;
#560 = LINE ( 'NONE', #1057, #4481 ) ;
#561 = ORIENTED_EDGE ( 'NONE', *, *, #6253, .T. ) ;
#562 = PLANE ( 'NONE',  #1992 ) ;
#563 = ORIENTED_EDGE ( 'NONE', *, *, #1440, .F. ) ;
#564 = CARTESIAN_POINT ( 'NONE',  ( 6.458088109230278206, 79.96588747730039870, -4.508112633194727437E-13 ) ) ;
#565 = CARTESIAN_POINT ( 'NONE',  ( -9.784195482811922417, 23.68429699879670736, 8.108345979228742451 ) ) ;
#566 = DIRECTION ( 'NONE',  ( 1.000000000000000000, 0.000000000000000000, 0.000000000000000000 ) ) ;
#567 = EDGE_LOOP ( 'NONE', ( #2071, #4806, #6896, #1233, #2135, #1252 ) ) ;
#568 = DIRECTION ( 'NONE',  ( -0.8660254037844368202, -0.5000000000000032196, -3.828588921589462570E-19 ) ) ;
#569 = EDGE_LOOP ( 'NONE', ( #6221, #6035, #644, #288 ) ) ;
#570 = CARTESIAN_POINT ( 'NONE',  ( -10.59190878877393160, 79.96588747730039870, -0.9166540207712660093 ) ) ;
#571 = EDGE_CURVE ( 'NONE', #3969, #6187, #1751, .T. ) ;
#572 = LINE ( 'NONE', #6721, #151 ) ;
#573 = EDGE_CURVE ( 'NONE', #1870, #831, #2268, .T. ) ;
#574 = DIRECTION ( 'NONE',  ( 0.000000000000000000, -7.657177843178876028E-19, 1.000000000000000000 ) ) ;
#575 = DIRECTION ( 'NONE',  ( 0.000000000000000000, 1.000000000000000000, 9.035018104045871927E-17 ) ) ;
#576 = ORIENTED_EDGE ( 'NONE', *, *, #1261, .F. ) ;
#577 = ADVANCED_FACE ( 'NONE', ( #5730 ), #6196, .T. ) ;
#578 = DIRECTION ( 'NONE',  ( 0.8660254037844407060, -0.4999999999999965583, -3.828588921589411533E-19 ) ) ;
#579 = DIRECTION ( 'NONE',  ( 0.000000000000000000, 0.000000000000000000, 1.000000000000000000 ) ) ;
#580 = ADVANCED_FACE ( 'NONE', ( #3514 ), #5660, .T. ) ;
#581 = DIRECTION ( 'NONE',  ( -0.8660254037844404840, 0.4999999999999968914, 3.828588921589413940E-19 ) ) ;
#582 = LINE ( 'NONE', #1597, #407 ) ;
#583 = CARTESIAN_POINT ( 'NONE',  ( 3.658094352293198792, 90.96588747730038449, 30.39339015613882466 ) ) ;
#584 = ORIENTED_EDGE ( 'NONE', *, *, #6718, .F. ) ;
#585 = ORIENTED_EDGE ( 'NONE', *, *, #1936, .T. ) ;
#586 = EDGE_CURVE ( 'NONE', #2053, #5087, #745, .T. ) ;
#587 = EDGE_LOOP ( 'NONE', ( #2087, #4480, #1373, #6840 ) ) ;
#588 = DIRECTION ( 'NONE',  ( -1.000000000000000000, 0.000000000000000000, -0.000000000000000000 ) ) ;
#589 = EDGE_CURVE ( 'NONE', #538, #4246, #161, .T. ) ;
#590 = LINE ( 'NONE', #1637, #3337 ) ;
#591 = DIRECTION ( 'NONE',  ( -3.663735981263016583E-15, 1.000000000000000000, 7.657177843178876028E-19 ) ) ;
#592 = DIRECTION ( 'NONE',  ( -0.8660254037844407060, 0.4999999999999965583, 0.000000000000000000 ) ) ;
#593 = ADVANCED_FACE ( 'NONE', ( #1319 ), #2888, .T. ) ;
#594 = VECTOR ( 'NONE', #4833, 1000.000000000000227 ) ;
#595 = VERTEX_POINT ( 'NONE', #2374 ) ;
#596 = CARTESIAN_POINT ( 'NONE',  ( -16.72124990694748448, 81.50926866007812066, 25.59339015613882395 ) ) ;
#597 = EDGE_CURVE ( 'NONE', #2387, #1934, #5583, .T. ) ;
#598 = EDGE_LOOP ( 'NONE', ( #24, #4931, #1214, #4646, #3725, #2645 ) ) ;
#599 = VECTOR ( 'NONE', #6441, 1000.000000000000000 ) ;
#600 = DIRECTION ( 'NONE',  ( 1.253604545855391828E-34, -7.657177843178875065E-19, 1.000000000000000000 ) ) ;
#601 = DIRECTION ( 'NONE',  ( 1.000000000000000000, 0.000000000000000000, 0.000000000000000000 ) ) ;
#602 = DIRECTION ( 'NONE',  ( -0.9999999999990444310, 0.000000000000000000, -1.382390865693872338E-06 ) ) ;
#603 = CIRCLE ( 'NONE', #4689, 1.550000000000000488 ) ;
#604 = VERTEX_POINT ( 'NONE', #4654 ) ;
#605 = CARTESIAN_POINT ( 'NONE',  ( 6.524119756077632282, 94.92998909243813443, 25.59339015613882395 ) ) ;
#606 = VERTEX_POINT ( 'NONE', #6779 ) ;
#607 = DIRECTION ( 'NONE',  ( -1.637162635542180433E-16, 1.000000000000000000, 7.657177843178875065E-19 ) ) ;
#608 = VECTOR ( 'NONE', #3683, 1000.000000000000114 ) ;
#609 = CARTESIAN_POINT ( 'NONE',  ( 0.7920689485087627491, 95.92998909243814865, -3.455201181230785235 ) ) ;
#610 = DIRECTION ( 'NONE',  ( -1.253604545855391828E-34, 7.657177843178875065E-19, -1.000000000000000000 ) ) ;
#611 = VERTEX_POINT ( 'NONE', #1791 ) ;
#612 = LINE ( 'NONE', #3859, #5032 ) ;
#613 = CARTESIAN_POINT ( 'NONE',  ( 2.524119756077648269, 95.92998909243814865, -3.455201181230785235 ) ) ;
#614 = VECTOR ( 'NONE', #5160, 1000.000000000000000 ) ;
#615 = CARTESIAN_POINT ( 'NONE',  ( -0.3752417887738916935, -4.613701099919306436, 46.35000000000000853 ) ) ;
#616 = EDGE_CURVE ( 'NONE', #3368, #2334, #2820, .T. ) ;
#617 = DIRECTION ( 'NONE',  ( -3.330669073875469621E-15, 1.000000000000000000, 7.657177843178876991E-19 ) ) ;
#618 = VECTOR ( 'NONE', #3603, 1000.000000000000000 ) ;
#619 = DIRECTION ( 'NONE',  ( -1.637162635542180433E-16, 1.000000000000000000, 7.657177843178876991E-19 ) ) ;
#620 = ORIENTED_EDGE ( 'NONE', *, *, #5221, .T. ) ;
#621 = EDGE_LOOP ( 'NONE', ( #1380, #912, #1916, #5289 ) ) ;
#622 = VERTEX_POINT ( 'NONE', #6852 ) ;
#623 = ORIENTED_EDGE ( 'NONE', *, *, #5298, .F. ) ;
#624 = FACE_OUTER_BOUND ( 'NONE', #1041, .T. ) ;
#625 = VECTOR ( 'NONE', #918, 1000.000000000000000 ) ;
#626 = AXIS2_PLACEMENT_3D ( 'NONE', #6979, #3688, #908 ) ;
#627 = CARTESIAN_POINT ( 'NONE',  ( -0.3419056477067874966, 92.96588747730038449, 25.59339015613882395 ) ) ;
#628 = EDGE_CURVE ( 'NONE', #5600, #1571, #1861, .T. ) ;
#629 = LINE ( 'NONE', #1639, #399 ) ;
#630 = VECTOR ( 'NONE', #6730, 1000.000000000000000 ) ;
#631 = AXIS2_PLACEMENT_3D ( 'NONE', #5412, #1500, #1983 ) ;
#632 = ORIENTED_EDGE ( 'NONE', *, *, #893, .T. ) ;
#633 = DIRECTION ( 'NONE',  ( -1.000000000000000000, 0.000000000000000000, 0.000000000000000000 ) ) ;
#634 = VERTEX_POINT ( 'NONE', #3479 ) ;
#635 = CIRCLE ( 'NONE', #6342, 1.050000000000000488 ) ;
#636 = FACE_BOUND ( 'NONE', #1819, .T. ) ;
#637 = VECTOR ( 'NONE', #7033, 1000.000000000000000 ) ;
#638 = EDGE_CURVE ( 'NONE', #1110, #2495, #55, .T. ) ;
#639 = CARTESIAN_POINT ( 'NONE',  ( 9.658094352293174367, 94.42998909243814865, 30.39339015613882466 ) ) ;
#640 = FACE_OUTER_BOUND ( 'NONE', #5257, .T. ) ;
#641 = CARTESIAN_POINT ( 'NONE',  ( -7.207931051490994889, 31.90447354320624740, 25.59339015613882395 ) ) ;
#642 = EDGE_CURVE ( 'NONE', #193, #6343, #6821, .T. ) ;
#643 = CIRCLE ( 'NONE', #4726, 1.550000000000000933 ) ;
#644 = ORIENTED_EDGE ( 'NONE', *, *, #5259, .F. ) ;
#645 = LINE ( 'NONE', #716, #1422 ) ;
#646 = ORIENTED_EDGE ( 'NONE', *, *, #432, .T. ) ;
#647 = AXIS2_PLACEMENT_3D ( 'NONE', #2401, #2319, #4085 ) ;
#648 = LINE ( 'NONE', #6754, #2601 ) ;
#649 = EDGE_CURVE ( 'NONE', #3203, #4567, #2923, .T. ) ;
#650 = FACE_OUTER_BOUND ( 'NONE', #1365, .T. ) ;
#651 = EDGE_LOOP ( 'NONE', ( #5765, #6814, #1818, #132, #1937, #5131 ) ) ;
#652 = CARTESIAN_POINT ( 'NONE',  ( 4.624758211226098759, 52.40086587357522063, 25.59340813070138765 ) ) ;
#653 = VERTEX_POINT ( 'NONE', #6271 ) ;
#654 = FACE_OUTER_BOUND ( 'NONE', #6151, .T. ) ;
#655 = CARTESIAN_POINT ( 'NONE',  ( -17.40190797867373007, 18.68429699879670025, -1.026655550348485536E-05 ) ) ;
#656 = LINE ( 'NONE', #6149, #2730 ) ;
#657 = VERTEX_POINT ( 'NONE', #3948 ) ;
#658 = ORIENTED_EDGE ( 'NONE', *, *, #6155, .T. ) ;
#659 = ORIENTED_EDGE ( 'NONE', *, *, #4131, .T. ) ;
#660 = ORIENTED_EDGE ( 'NONE', *, *, #7084, .T. ) ;
#661 = CYLINDRICAL_SURFACE ( 'NONE', #6173, 1.050000000000000488 ) ;
#662 = ADVANCED_FACE ( 'NONE', ( #6160 ), #1170, .F. ) ;
#663 = LINE ( 'NONE', #5216, #889 ) ;
#664 = EDGE_CURVE ( 'NONE', #5668, #5705, #5841, .T. ) ;
#665 = CARTESIAN_POINT ( 'NONE',  ( -8.924235094193059936, 2.386298900080692231, 0.000000000000000000 ) ) ;
#666 = CARTESIAN_POINT ( 'NONE',  ( 16.71809661052303753, 52.40086587357522063, 0.0001530400519981801877 ) ) ;
#667 = ADVANCED_FACE ( 'NONE', ( #1466 ), #3116, .T. ) ;
#668 = VERTEX_POINT ( 'NONE', #5918 ) ;
#669 = DIRECTION ( 'NONE',  ( 0.8660254037844369313, 0.5000000000000029976, 0.000000000000000000 ) ) ;
#670 = EDGE_CURVE ( 'NONE', #831, #5848, #5256, .T. ) ;
#671 = ORIENTED_EDGE ( 'NONE', *, *, #1727, .F. ) ;
#672 = ORIENTED_EDGE ( 'NONE', *, *, #6874, .F. ) ;
#673 = PLANE ( 'NONE',  #2049 ) ;
#674 = CARTESIAN_POINT ( 'NONE',  ( 59.04809189100393496, 52.40086587357522774, 25.59348336502074872 ) ) ;
#675 = CARTESIAN_POINT ( 'NONE',  ( -0.3419056477067787259, 90.96588747730038449, 25.59339015613882395 ) ) ;
#676 = LINE ( 'NONE', #5666, #2246 ) ;
#677 = FACE_OUTER_BOUND ( 'NONE', #931, .T. ) ;
#678 = VERTEX_POINT ( 'NONE', #2526 ) ;
#679 = VERTEX_POINT ( 'NONE', #4285 ) ;
#680 = PLANE ( 'NONE',  #5266 ) ;
#681 = ORIENTED_EDGE ( 'NONE', *, *, #7140, .T. ) ;
#682 = CARTESIAN_POINT ( 'NONE',  ( 8.792068948508729775, 95.92998909243814865, 25.59339015613882395 ) ) ;
#683 = CARTESIAN_POINT ( 'NONE',  ( 8.100377905283105306, 82.06588747730039302, 19.48643130160574444 ) ) ;
#684 = DIRECTION ( 'NONE',  ( -0.4999999999999968914, -0.8660254037844404840, -6.631310533488256290E-19 ) ) ;
#685 = ORIENTED_EDGE ( 'NONE', *, *, #1502, .T. ) ;
#686 = CYLINDRICAL_SURFACE ( 'NONE', #2587, 9.599999999999997868 ) ;
#687 = ORIENTED_EDGE ( 'NONE', *, *, #6364, .F. ) ;
#688 = EDGE_CURVE ( 'NONE', #6187, #345, #811, .T. ) ;
#689 = ADVANCED_FACE ( 'NONE', ( #2486 ), #6492, .T. ) ;
#690 = ORIENTED_EDGE ( 'NONE', *, *, #3498, .T. ) ;
#691 = PLANE ( 'NONE',  #647 ) ;
#692 = EDGE_CURVE ( 'NONE', #4831, #5815, #5806, .T. ) ;
#693 = FACE_OUTER_BOUND ( 'NONE', #941, .T. ) ;
#694 = CARTESIAN_POINT ( 'NONE',  ( 1.658094352293206564, 87.50178586216263454, 30.39339015613882466 ) ) ;
#695 = ORIENTED_EDGE ( 'NONE', *, *, #3177, .F. ) ;
#696 = ORIENTED_EDGE ( 'NONE', *, *, #6348, .F. ) ;
#697 = VERTEX_POINT ( 'NONE', #4724 ) ;
#698 = CARTESIAN_POINT ( 'NONE',  ( -1.925241788773891960, -4.613701099919306436, 50.00000000000000000 ) ) ;
#699 = FACE_OUTER_BOUND ( 'NONE', #5679, .T. ) ;
#700 = DIRECTION ( 'NONE',  ( 0.000000000000000000, -7.657177843178876028E-19, 1.000000000000000000 ) ) ;
#701 = LINE ( 'NONE', #118, #6346 ) ;
#702 = CARTESIAN_POINT ( 'NONE',  ( 16.71809869543318428, 18.68429699879670380, 1.531740290386359948 ) ) ;
#703 = ORIENTED_EDGE ( 'NONE', *, *, #5181, .T. ) ;
#704 = DIRECTION ( 'NONE',  ( -3.663735981263016583E-15, 1.000000000000000000, 7.657177843178876028E-19 ) ) ;
#705 = EDGE_LOOP ( 'NONE', ( #4992, #1495, #374 ) ) ;
#706 = ORIENTED_EDGE ( 'NONE', *, *, #126, .T. ) ;
#707 = CARTESIAN_POINT ( 'NONE',  ( -6.341905647706762572, 94.42998909243814865, -3.455201181230785235 ) ) ;
#708 = DIRECTION ( 'NONE',  ( 0.000000000000000000, -1.000000000000000000, -7.657177843178876991E-19 ) ) ;
#709 = DIRECTION ( 'NONE',  ( -0.9999999999995065059, -1.637162627933997381E-16, -9.934959416378262803E-07 ) ) ;
#710 = DIRECTION ( 'NONE',  ( 0.8660254037844369313, 0.5000000000000029976, 0.000000000000000000 ) ) ;
#711 = AXIS2_PLACEMENT_3D ( 'NONE', #777, #3470, #5249 ) ;
#712 = DIRECTION ( 'NONE',  ( 3.330669073875469621E-15, -1.000000000000000000, -7.657177843178876028E-19 ) ) ;
#713 = EDGE_CURVE ( 'NONE', #3316, #3808, #2448, .T. ) ;
#714 = EDGE_LOOP ( 'NONE', ( #3224, #856, #2406, #7112 ) ) ;
#715 = VERTEX_POINT ( 'NONE', #1425 ) ;
#716 = CARTESIAN_POINT ( 'NONE',  ( -10.94190879738390620, 79.96588747730039870, 1.733345955128749116 ) ) ;
#717 = ORIENTED_EDGE ( 'NONE', *, *, #4428, .F. ) ;
#718 = VECTOR ( 'NONE', #4063, 1000.000000000000000 ) ;
#719 = DIRECTION ( 'NONE',  ( -1.000000000000000000, 0.000000000000000000, 0.000000000000000000 ) ) ;
#720 = LINE ( 'NONE', #4666, #1336 ) ;
#721 = VECTOR ( 'NONE', #1203, 1000.000000000000000 ) ;
#722 = DIRECTION ( 'NONE',  ( 1.629001437540167744E-16, -1.000000000000000000, -1.339658354568195596E-16 ) ) ;
#723 = ORIENTED_EDGE ( 'NONE', *, *, #4621, .F. ) ;
#724 = LINE ( 'NONE', #6256, #5493 ) ;
#725 = ORIENTED_EDGE ( 'NONE', *, *, #1507, .T. ) ;
#726 = VECTOR ( 'NONE', #5498, 999.9999999999998863 ) ;
#727 = EDGE_LOOP ( 'NONE', ( #6093, #4334, #1343, #2225, #2896, #3857 ) ) ;
#728 = CARTESIAN_POINT ( 'NONE',  ( 10.25809121979612115, -14.07277949271606943, 1.733345955238746239 ) ) ;
#729 = EDGE_CURVE ( 'NONE', #2352, #5891, #3557, .T. ) ;
#730 = CARTESIAN_POINT ( 'NONE',  ( -11.20793105149119029, 94.92998909243814865, 30.39339015613882466 ) ) ;
#731 = DIRECTION ( 'NONE',  ( -1.000000000000000000, 0.000000000000000000, 0.000000000000000000 ) ) ;
#732 = ORIENTED_EDGE ( 'NONE', *, *, #688, .T. ) ;
#733 = EDGE_CURVE ( 'NONE', #3698, #5964, #2559, .T. ) ;
#734 = VECTOR ( 'NONE', #391, 1000.000000000000000 ) ;
#735 = EDGE_LOOP ( 'NONE', ( #204, #847, #2792, #4869 ) ) ;
#736 = EDGE_CURVE ( 'NONE', #6517, #2801, #4795, .T. ) ;
#737 = EDGE_LOOP ( 'NONE', ( #6885, #3684, #1225, #6950 ) ) ;
#738 = CARTESIAN_POINT ( 'NONE',  ( -21.58727531073195749, 89.93747189035364897, 25.59339015613882395 ) ) ;
#739 = AXIS2_PLACEMENT_3D ( 'NONE', #4808, #863, #5378 ) ;
#740 = LINE ( 'NONE', #1897, #3095 ) ;
#741 = DIRECTION ( 'NONE',  ( -0.4999999999999968914, -0.8660254037844404840, -6.631310533488256290E-19 ) ) ;
#742 = ORIENTED_EDGE ( 'NONE', *, *, #1310, .F. ) ;
#743 = AXIS2_PLACEMENT_3D ( 'NONE', #438, #6948, #2042 ) ;
#744 = VECTOR ( 'NONE', #853, 1000.000000000000000 ) ;
#745 = LINE ( 'NONE', #4028, #2454 ) ;
#746 = EDGE_LOOP ( 'NONE', ( #6854, #1828, #3578, #4375, #2507, #1539 ) ) ;
#747 = VERTEX_POINT ( 'NONE', #6928 ) ;
#748 = LINE ( 'NONE', #3008, #2390 ) ;
#749 = LINE ( 'NONE', #6276, #6216 ) ;
#750 = CARTESIAN_POINT ( 'NONE',  ( 11.01811894511363654, 79.96588747730039870, -3.455170070282508554 ) ) ;
#751 = DIRECTION ( 'NONE',  ( -0.9999999999990444310, 0.000000000000000000, -1.382390865440721295E-06 ) ) ;
#752 = VECTOR ( 'NONE', #2643, 1000.000000000000000 ) ;
#753 = LINE ( 'NONE', #4036, #969 ) ;
#754 = VERTEX_POINT ( 'NONE', #3147 ) ;
#755 = ORIENTED_EDGE ( 'NONE', *, *, #2684, .F. ) ;
#756 = DIRECTION ( 'NONE',  ( -1.382390865693871914E-06, 0.000000000000000000, 0.9999999999990444310 ) ) ;
#757 = VECTOR ( 'NONE', #2011, 1000.000000000000114 ) ;
#758 = VERTEX_POINT ( 'NONE', #4176 ) ;
#759 = VECTOR ( 'NONE', #6260, 999.9999999999998863 ) ;
#760 = EDGE_CURVE ( 'NONE', #4006, #5040, #5776, .T. ) ;
#761 = LINE ( 'NONE', #3958, #4699 ) ;
#762 = FACE_OUTER_BOUND ( 'NONE', #2858, .T. ) ;
#763 = VECTOR ( 'NONE', #6039, 1000.000000000000000 ) ;
#764 = VECTOR ( 'NONE', #6141, 1000.000000000000000 ) ;
#765 = LINE ( 'NONE', #3494, #1563 ) ;
#766 = ORIENTED_EDGE ( 'NONE', *, *, #859, .F. ) ;
#767 = FACE_BOUND ( 'NONE', #1042, .T. ) ;
#768 = VERTEX_POINT ( 'NONE', #2014 ) ;
#769 = EDGE_CURVE ( 'NONE', #4163, #6733, #1389, .T. ) ;
#770 = VECTOR ( 'NONE', #3252, 1000.000000000000000 ) ;
#771 = EDGE_LOOP ( 'NONE', ( #531, #5128 ) ) ;
#772 = DIRECTION ( 'NONE',  ( -1.000000000000000000, 0.000000000000000000, 0.000000000000000000 ) ) ;
#773 = CARTESIAN_POINT ( 'NONE',  ( 5.075764905806941840, 2.386298900080696672, 0.000000000000000000 ) ) ;
#774 = CARTESIAN_POINT ( 'NONE',  ( -7.475880243922313539, 91.46588747730037028, 30.39339015613882466 ) ) ;
#775 = EDGE_LOOP ( 'NONE', ( #4220, #4367 ) ) ;
#776 = ORIENTED_EDGE ( 'NONE', *, *, #5770, .F. ) ;
#777 = CARTESIAN_POINT ( 'NONE',  ( 10.52411975607761541, 95.92998909243814865, -3.455201181230785235 ) ) ;
#778 = ADVANCED_FACE ( 'NONE', ( #3623 ), #4684, .T. ) ;
#779 = FACE_BOUND ( 'NONE', #870, .T. ) ;
#780 = CARTESIAN_POINT ( 'NONE',  ( 10.52411975607761541, 89.00178586216263454, 25.59339015613882395 ) ) ;
#781 = ORIENTED_EDGE ( 'NONE', *, *, #3677, .T. ) ;
#782 = EDGE_CURVE ( 'NONE', #1571, #6517, #5368, .T. ) ;
#783 = DIRECTION ( 'NONE',  ( 3.663735981263016583E-15, -1.000000000000000000, -7.657177843178876991E-19 ) ) ;
#784 = ORIENTED_EDGE ( 'NONE', *, *, #1502, .F. ) ;
#785 = EDGE_CURVE ( 'NONE', #5497, #6112, #2595, .T. ) ;
#786 = LINE ( 'NONE', #6241, #1349 ) ;
#787 = PLANE ( 'NONE',  #1096 ) ;
#788 = DIRECTION ( 'NONE',  ( 4.336808689946272655E-16, -1.000000000000000000, 3.150194465480397974E-22 ) ) ;
#789 = LINE ( 'NONE', #1720, #1073 ) ;
#790 = VERTEX_POINT ( 'NONE', #1358 ) ;
#791 = EDGE_LOOP ( 'NONE', ( #4182, #4580, #1279, #5276 ) ) ;
#792 = CARTESIAN_POINT ( 'NONE',  ( -4.375241788773892360, 2.386298900080694896, 6.649999999999997691 ) ) ;
#793 = VERTEX_POINT ( 'NONE', #3592 ) ;
#794 = CARTESIAN_POINT ( 'NONE',  ( 7.718125884778276991, 91.21413387534181538, 21.59338565332864235 ) ) ;
#795 = DIRECTION ( 'NONE',  ( 5.929998267496897309E-08, 7.657274926894787110E-19, -0.9999999999999983347 ) ) ;
#796 = ORIENTED_EDGE ( 'NONE', *, *, #1290, .T. ) ;
#797 = CARTESIAN_POINT ( 'NONE',  ( 6.792068948508738657, 92.46588747730038449, -3.455201181230785235 ) ) ;
#798 = ORIENTED_EDGE ( 'NONE', *, *, #4358, .T. ) ;
#799 = ORIENTED_EDGE ( 'NONE', *, *, #2269, .T. ) ;
#800 = FACE_OUTER_BOUND ( 'NONE', #5684, .T. ) ;
#801 = DIRECTION ( 'NONE',  ( -0.8660254037844407060, 0.4999999999999965583, 3.828588921589411533E-19 ) ) ;
#802 = CARTESIAN_POINT ( 'NONE',  ( -11.64190878877392876, 83.96588747730039870, 23.53334597922873783 ) ) ;
#803 = EDGE_CURVE ( 'NONE', #1656, #5545, #3809, .T. ) ;
#804 = EDGE_LOOP ( 'NONE', ( #4812, #5157, #2516, #1141 ) ) ;
#805 = ORIENTED_EDGE ( 'NONE', *, *, #803, .T. ) ;
#806 = VERTEX_POINT ( 'NONE', #4394 ) ;
#807 = ADVANCED_FACE ( 'NONE', ( #522 ), #556, .T. ) ;
#808 = CARTESIAN_POINT ( 'NONE',  ( 16.71813144991982014, 79.96588747730037028, 25.59337865665076706 ) ) ;
#809 = DIRECTION ( 'NONE',  ( 0.000000000000000000, 1.000000000000000000, 7.657177843178875065E-19 ) ) ;
#810 = VERTEX_POINT ( 'NONE', #3734 ) ;
#811 = LINE ( 'NONE', #2054, #3387 ) ;
#812 = ORIENTED_EDGE ( 'NONE', *, *, #4685, .T. ) ;
#813 = VERTEX_POINT ( 'NONE', #1093 ) ;
#814 = DIRECTION ( 'NONE',  ( 1.000000000000000000, 3.330669073875469621E-15, 2.550352543544035319E-33 ) ) ;
#815 = DIRECTION ( 'NONE',  ( 0.000000000000000000, -0.000000000000000000, -1.000000000000000000 ) ) ;
#816 = CYLINDRICAL_SURFACE ( 'NONE', #513, 1.550000000000000266 ) ;
#817 = LINE ( 'NONE', #2019, #394 ) ;
#818 = ORIENTED_EDGE ( 'NONE', *, *, #2963, .T. ) ;
#819 = ADVANCED_FACE ( 'NONE', ( #4424 ), #5408, .F. ) ;
#820 = ORIENTED_EDGE ( 'NONE', *, *, #589, .F. ) ;
#821 = LINE ( 'NONE', #6936, #4216 ) ;
#822 = ORIENTED_EDGE ( 'NONE', *, *, #5972, .T. ) ;
#823 = FACE_OUTER_BOUND ( 'NONE', #2204, .T. ) ;
#824 = DIRECTION ( 'NONE',  ( 8.145007187700838718E-17, -1.000000000000000000, -0.000000000000000000 ) ) ;
#825 = DIRECTION ( 'NONE',  ( -1.382390865408359554E-06, 0.000000000000000000, 0.9999999999990444310 ) ) ;
#826 = VECTOR ( 'NONE', #704, 1000.000000000000000 ) ;
#827 = VERTEX_POINT ( 'NONE', #993 ) ;
#828 = DIRECTION ( 'NONE',  ( -3.330669073875469621E-15, 1.000000000000000000, 0.000000000000000000 ) ) ;
#829 = ORIENTED_EDGE ( 'NONE', *, *, #326, .F. ) ;
#830 = LINE ( 'NONE', #2260, #5723 ) ;
#831 = VERTEX_POINT ( 'NONE', #1636 ) ;
#832 = DIRECTION ( 'NONE',  ( 1.000000000000000000, 1.637162635542180433E-16, 0.000000000000000000 ) ) ;
#833 = VECTOR ( 'NONE', #3377, 1000.000000000000114 ) ;
#834 = EDGE_CURVE ( 'NONE', #6780, #2761, #6601, .T. ) ;
#835 = DIRECTION ( 'NONE',  ( 8.145007187700838718E-17, -1.000000000000000000, -0.000000000000000000 ) ) ;
#836 = CARTESIAN_POINT ( 'NONE',  ( 1.174758211226104354, 9.386298900080694452, 6.649999999999995914 ) ) ;
#837 = ORIENTED_EDGE ( 'NONE', *, *, #3591, .F. ) ;
#838 = ORIENTED_EDGE ( 'NONE', *, *, #4642, .T. ) ;
#839 = DIRECTION ( 'NONE',  ( -5.971804101551019095E-17, 7.657177843178776843E-19, -1.000000000000000000 ) ) ;
#840 = AXIS2_PLACEMENT_3D ( 'NONE', #1189, #1150, #1080 ) ;
#841 = EDGE_CURVE ( 'NONE', #678, #5648, #7147, .T. ) ;
#842 = LINE ( 'NONE', #369, #5184 ) ;
#843 = PLANE ( 'NONE',  #6677 ) ;
#844 = AXIS2_PLACEMENT_3D ( 'NONE', #5234, #3527, #6832 ) ;
#845 = VERTEX_POINT ( 'NONE', #3331 ) ;
#846 = DIRECTION ( 'NONE',  ( -1.000000000000000000, 0.000000000000000000, 0.000000000000000000 ) ) ;
#847 = ORIENTED_EDGE ( 'NONE', *, *, #1750, .T. ) ;
#848 = AXIS2_PLACEMENT_3D ( 'NONE', #1064, #4909, #4945 ) ;
#849 = EDGE_CURVE ( 'NONE', #3874, #4896, #1603, .T. ) ;
#850 = DIRECTION ( 'NONE',  ( -3.330669073875469621E-15, 1.000000000000000000, 0.000000000000000000 ) ) ;
#851 = CYLINDRICAL_SURFACE ( 'NONE', #3207, 1.000000000000000888 ) ;
#852 = CARTESIAN_POINT ( 'NONE',  ( -9.975241788773892893, 2.386298900080692675, 50.00000000000000000 ) ) ;
#853 = DIRECTION ( 'NONE',  ( -1.637162635542180680E-16, 1.000000000000000000, 7.657177843178876028E-19 ) ) ;
#854 = VECTOR ( 'NONE', #3210, 1000.000000000000000 ) ;
#855 = ORIENTED_EDGE ( 'NONE', *, *, #4953, .F. ) ;
#856 = ORIENTED_EDGE ( 'NONE', *, *, #2443, .F. ) ;
#857 = LINE ( 'NONE', #5342, #6289 ) ;
#858 = VERTEX_POINT ( 'NONE', #2221 ) ;
#859 = EDGE_CURVE ( 'NONE', #1283, #1541, #5548, .T. ) ;
#860 = ADVANCED_FACE ( 'NONE', ( #1496 ), #6631, .T. ) ;
#861 = CIRCLE ( 'NONE', #5397, 1.549999999999999822 ) ;
#862 = VECTOR ( 'NONE', #4361, 1000.000000000000000 ) ;
#863 = DIRECTION ( 'NONE',  ( -1.000000000000000000, -3.663735981263016583E-15, -2.805387797898438817E-33 ) ) ;
#864 = LINE ( 'NONE', #2030, #5623 ) ;
#865 = CARTESIAN_POINT ( 'NONE',  ( 10.25809121122610712, 79.96588747730039870, 8.108345979228746003 ) ) ;
#866 = VECTOR ( 'NONE', #4644, 1000.000000000000000 ) ;
#867 = VECTOR ( 'NONE', #2806, 1000.000000000000000 ) ;
#868 = ORIENTED_EDGE ( 'NONE', *, *, #5837, .T. ) ;
#869 = PLANE ( 'NONE',  #1536 ) ;
#870 = EDGE_LOOP ( 'NONE', ( #162, #5366, #6065, #4354, #3947, #6282 ) ) ;
#871 = DIRECTION ( 'NONE',  ( -0.5000000000000032196, 0.8660254037844368202, 6.631310533488228364E-19 ) ) ;
#872 = AXIS2_PLACEMENT_3D ( 'NONE', #674, #5192, #6242 ) ;
#873 = EDGE_CURVE ( 'NONE', #4548, #5356, #452, .T. ) ;
#874 = AXIS2_PLACEMENT_3D ( 'NONE', #683, #5749, #1766 ) ;
#875 = CARTESIAN_POINT ( 'NONE',  ( 10.52411975607761541, 89.00178586216263454, 30.39339015613882466 ) ) ;
#876 = DIRECTION ( 'NONE',  ( 0.8660254037844369313, 0.5000000000000029976, 0.000000000000000000 ) ) ;
#877 = LINE ( 'NONE', #4819, #6451 ) ;
#878 = ORIENTED_EDGE ( 'NONE', *, *, #2182, .F. ) ;
#879 = ORIENTED_EDGE ( 'NONE', *, *, #138, .F. ) ;
#880 = PLANE ( 'NONE',  #2934 ) ;
#881 = AXIS2_PLACEMENT_3D ( 'NONE', #486, #2815, #6089 ) ;
#882 = DIRECTION ( 'NONE',  ( 0.000000000000000000, 0.000000000000000000, 1.000000000000000000 ) ) ;
#883 = CARTESIAN_POINT ( 'NONE',  ( 8.792068948508729775, 89.00178586216263454, -3.455201181230785235 ) ) ;
#884 = VECTOR ( 'NONE', #5779, 1000.000000000000114 ) ;
#885 = LINE ( 'NONE', #3113, #1564 ) ;
#886 = CARTESIAN_POINT ( 'NONE',  ( 11.71812588477827788, 91.21413387534181538, 21.59338565332864235 ) ) ;
#887 = ORIENTED_EDGE ( 'NONE', *, *, #1123, .F. ) ;
#888 = CARTESIAN_POINT ( 'NONE',  ( 11.91809190687491693, 103.9658874773003987, 25.59339015613882395 ) ) ;
#889 = VECTOR ( 'NONE', #1246, 1000.000000000000000 ) ;
#890 = ORIENTED_EDGE ( 'NONE', *, *, #2289, .T. ) ;
#891 = FACE_BOUND ( 'NONE', #4744, .T. ) ;
#892 = CARTESIAN_POINT ( 'NONE',  ( 4.524119756077639387, 91.46588747730037028, 30.39339015613882466 ) ) ;
#893 = EDGE_CURVE ( 'NONE', #1656, #3643, #1053, .T. ) ;
#894 = CARTESIAN_POINT ( 'NONE',  ( 5.075764905806941840, 2.386298900080696672, 50.00000000000000000 ) ) ;
#895 = LINE ( 'NONE', #3706, #4591 ) ;
#896 = ORIENTED_EDGE ( 'NONE', *, *, #5834, .T. ) ;
#897 = EDGE_CURVE ( 'NONE', #6742, #6060, #3291, .T. ) ;
#898 = CARTESIAN_POINT ( 'NONE',  ( -6.341905647706762572, 87.50178586216263454, 30.39339015613882466 ) ) ;
#899 = ORIENTED_EDGE ( 'NONE', *, *, #3621, .F. ) ;
#900 = CARTESIAN_POINT ( 'NONE',  ( -3.207931051491221819, 89.00178586216263454, -3.455201181230785235 ) ) ;
#901 = LINE ( 'NONE', #6365, #4595 ) ;
#902 = CARTESIAN_POINT ( 'NONE',  ( -0.3419087887735801079, -14.07277949271606943, -9.216654020771249733 ) ) ;
#903 = EDGE_CURVE ( 'NONE', #3698, #7192, #7107, .T. ) ;
#904 = ORIENTED_EDGE ( 'NONE', *, *, #5837, .F. ) ;
#905 = DIRECTION ( 'NONE',  ( 0.5000000000000029976, -0.8660254037844369313, -6.631310533488230290E-19 ) ) ;
#906 = EDGE_LOOP ( 'NONE', ( #6881, #518, #5720, #5486 ) ) ;
#907 = DIRECTION ( 'NONE',  ( 2.058007126904845726E-16, -1.000000000000000000, 0.000000000000000000 ) ) ;
#908 = DIRECTION ( 'NONE',  ( -0.8660254037844407060, 0.4999999999999965583, 0.000000000000000000 ) ) ;
#909 = PLANE ( 'NONE',  #2856 ) ;
#910 = CARTESIAN_POINT ( 'NONE',  ( -18.72124990694750579, 84.97337027521589903, 25.59339015613882395 ) ) ;
#911 = VERTEX_POINT ( 'NONE', #4899 ) ;
#912 = ORIENTED_EDGE ( 'NONE', *, *, #1885, .F. ) ;
#913 = LINE ( 'NONE', #4755, #7116 ) ;
#914 = EDGE_CURVE ( 'NONE', #2703, #1091, #2121, .T. ) ;
#915 = CARTESIAN_POINT ( 'NONE',  ( -1.925241788773891960, -4.613701099919306436, 0.000000000000000000 ) ) ;
#916 = PLANE ( 'NONE',  #4378 ) ;
#917 = LINE ( 'NONE', #3142, #5170 ) ;
#918 = DIRECTION ( 'NONE',  ( 1.000000000000000000, 1.698444961132655992E-16, 0.000000000000000000 ) ) ;
#919 = ORIENTED_EDGE ( 'NONE', *, *, #3964, .T. ) ;
#920 = DIRECTION ( 'NONE',  ( -0.8660254037844368202, -0.5000000000000032196, -3.828588921589462570E-19 ) ) ;
#921 = CARTESIAN_POINT ( 'NONE',  ( -17.40194335873945874, 52.40086587357521353, 25.59337768119033640 ) ) ;
#922 = DIRECTION ( 'NONE',  ( 1.000000000000000000, 0.000000000000000000, 0.000000000000000000 ) ) ;
#923 = DIRECTION ( 'NONE',  ( -0.000000000000000000, -0.000000000000000000, -1.000000000000000000 ) ) ;
#924 = CARTESIAN_POINT ( 'NONE',  ( 16.71813144991982014, 79.96588747730037028, 25.59337865665076706 ) ) ;
#925 = ORIENTED_EDGE ( 'NONE', *, *, #3847, .F. ) ;
#926 = VERTEX_POINT ( 'NONE', #7073 ) ;
#927 = EDGE_CURVE ( 'NONE', #142, #3430, #2088, .T. ) ;
#928 = CARTESIAN_POINT ( 'NONE',  ( 4.792068948508746651, 94.92998909243814865, 25.59339015613882395 ) ) ;
#929 = FACE_OUTER_BOUND ( 'NONE', #6525, .T. ) ;
#930 = FACE_BOUND ( 'NONE', #112, .T. ) ;
#931 = EDGE_LOOP ( 'NONE', ( #2101, #2158, #482, #3092 ) ) ;
#932 = CYLINDRICAL_SURFACE ( 'NONE', #3759, 1.050000000000000488 ) ;
#933 = ORIENTED_EDGE ( 'NONE', *, *, #1193, .T. ) ;
#934 = FACE_OUTER_BOUND ( 'NONE', #264, .T. ) ;
#935 = DIRECTION ( 'NONE',  ( -0.5000000000000032196, 0.8660254037844368202, 6.631310533488228364E-19 ) ) ;
#936 = DIRECTION ( 'NONE',  ( -0.000000000000000000, -0.000000000000000000, 1.000000000000000000 ) ) ;
#937 = DIRECTION ( 'NONE',  ( -0.8660254037844368202, -0.5000000000000032196, -3.828588921589462570E-19 ) ) ;
#938 = AXIS2_PLACEMENT_3D ( 'NONE', #2416, #5114, #201 ) ;
#939 = DIRECTION ( 'NONE',  ( 0.000000000000000000, 0.000000000000000000, 1.000000000000000000 ) ) ;
#940 = ORIENTED_EDGE ( 'NONE', *, *, #7182, .F. ) ;
#941 = EDGE_LOOP ( 'NONE', ( #2946, #992, #6726, #6812 ) ) ;
#942 = FACE_OUTER_BOUND ( 'NONE', #191, .T. ) ;
#943 = FACE_OUTER_BOUND ( 'NONE', #6822, .T. ) ;
#944 = AXIS2_PLACEMENT_3D ( 'NONE', #3435, #1244, #1131 ) ;
#945 = ADVANCED_FACE ( 'NONE', ( #3260 ), #8, .T. ) ;
#946 = CARTESIAN_POINT ( 'NONE',  ( -11.20793105149119029, 88.00178586216263454, -3.455201181230785235 ) ) ;
#947 = EDGE_CURVE ( 'NONE', #4364, #108, #484, .T. ) ;
#948 = CYLINDRICAL_SURFACE ( 'NONE', #2144, 0.9999999999999991118 ) ;
#949 = LINE ( 'NONE', #1528, #6331 ) ;
#950 = EDGE_CURVE ( 'NONE', #6159, #1241, #830, .T. ) ;
#951 = AXIS2_PLACEMENT_3D ( 'NONE', #1481, #6401, #5458 ) ;
#952 = VERTEX_POINT ( 'NONE', #4057 ) ;
#953 = DIRECTION ( 'NONE',  ( 1.000000000000000000, 0.000000000000000000, 0.000000000000000000 ) ) ;
#954 = CYLINDRICAL_SURFACE ( 'NONE', #5188, 1.550000000000000488 ) ;
#955 = VECTOR ( 'NONE', #2035, 1000.000000000000000 ) ;
#956 = DIRECTION ( 'NONE',  ( -3.330669073875469621E-15, 1.000000000000000000, 7.657177843178876991E-19 ) ) ;
#957 = EDGE_CURVE ( 'NONE', #4258, #1014, #2335, .T. ) ;
#958 = DIRECTION ( 'NONE',  ( 0.8660254037844404840, -0.4999999999999968359, -3.828588921589414421E-19 ) ) ;
#959 = ORIENTED_EDGE ( 'NONE', *, *, #432, .F. ) ;
#960 = CIRCLE ( 'NONE', #2822, 1.000000000000000888 ) ;
#961 = CYLINDRICAL_SURFACE ( 'NONE', #6528, 1.050000000000000488 ) ;
#962 = ORIENTED_EDGE ( 'NONE', *, *, #1033, .T. ) ;
#963 = DIRECTION ( 'NONE',  ( 1.194360887545366536E-16, 0.000000000000000000, 1.000000000000000000 ) ) ;
#964 = VECTOR ( 'NONE', #6611, 1000.000000000000000 ) ;
#965 = CARTESIAN_POINT ( 'NONE',  ( -9.207931051491199170, 91.46588747730038449, 30.39339015613882466 ) ) ;
#966 = ORIENTED_EDGE ( 'NONE', *, *, #6293, .T. ) ;
#967 = LINE ( 'NONE', #1994, #734 ) ;
#968 = EDGE_CURVE ( 'NONE', #5040, #1283, #2328, .T. ) ;
#969 = VECTOR ( 'NONE', #2976, 1000.000000000000000 ) ;
#970 = ORIENTED_EDGE ( 'NONE', *, *, #1160, .T. ) ;
#971 = CIRCLE ( 'NONE', #160, 1.050000000000000488 ) ;
#972 = LINE ( 'NONE', #5863, #6533 ) ;
#973 = CARTESIAN_POINT ( 'NONE',  ( -4.961028226400800989, 23.68429699879670380, 48.80917232196428301 ) ) ;
#974 = CARTESIAN_POINT ( 'NONE',  ( -11.20793105149119029, 89.00178586216263454, -3.455201181230785235 ) ) ;
#975 = VECTOR ( 'NONE', #4275, 1000.000000000000000 ) ;
#976 = AXIS2_PLACEMENT_3D ( 'NONE', #1833, #2492, #207 ) ;
#977 = DIRECTION ( 'NONE',  ( 9.936423339768076825E-13, 1.000000000000000000, 1.335936341024138685E-21 ) ) ;
#978 = ORIENTED_EDGE ( 'NONE', *, *, #1911, .F. ) ;
#979 = ORIENTED_EDGE ( 'NONE', *, *, #4751, .F. ) ;
#980 = EDGE_CURVE ( 'NONE', #2809, #3911, #5613, .T. ) ;
#981 = FACE_OUTER_BOUND ( 'NONE', #1291, .T. ) ;
#982 = VECTOR ( 'NONE', #6723, 1000.000000000000227 ) ;
#983 = VECTOR ( 'NONE', #1356, 1000.000000000000000 ) ;
#984 = FACE_OUTER_BOUND ( 'NONE', #6402, .T. ) ;
#985 = CARTESIAN_POINT ( 'NONE',  ( -17.40190320228619214, 31.90447354320630780, -3.455174545975395084 ) ) ;
#986 = LINE ( 'NONE', #7070, #625 ) ;
#987 = VECTOR ( 'NONE', #1981, 1000.000000000000000 ) ;
#988 = AXIS2_PLACEMENT_3D ( 'NONE', #2514, #4196, #4887 ) ;
#989 = ORIENTED_EDGE ( 'NONE', *, *, #2460, .T. ) ;
#990 = ADVANCED_FACE ( 'NONE', ( #3362, #6125, #5574 ), #1275, .T. ) ;
#991 = ORIENTED_EDGE ( 'NONE', *, *, #4871, .F. ) ;
#992 = ORIENTED_EDGE ( 'NONE', *, *, #6587, .F. ) ;
#993 = CARTESIAN_POINT ( 'NONE',  ( 2.524119756077648269, 95.92998909243814865, 25.59339015613882395 ) ) ;
#994 = VECTOR ( 'NONE', #309, 1000.000000000000000 ) ;
#995 = CARTESIAN_POINT ( 'NONE',  ( -9.475880243922304658, 89.00178586216263454, 30.39339015613882466 ) ) ;
#996 = CARTESIAN_POINT ( 'NONE',  ( 4.792068948508746651, 89.00178586216263454, 25.59339015613882395 ) ) ;
#997 = CARTESIAN_POINT ( 'NONE',  ( -7.207931051491207164, 94.92998909243814865, -3.455201181230785235 ) ) ;
#998 = ADVANCED_FACE ( 'NONE', ( #4612 ), #5141, .F. ) ;
#999 = ORIENTED_EDGE ( 'NONE', *, *, #3815, .F. ) ;
#1000 = VECTOR ( 'NONE', #6560, 999.9999999999998863 ) ;
#1001 = PLANE ( 'NONE',  #1748 ) ;
#1002 = ADVANCED_FACE ( 'NONE', ( #624 ), #3395, .T. ) ;
#1003 = ORIENTED_EDGE ( 'NONE', *, *, #5180, .T. ) ;
#1004 = LINE ( 'NONE', #2718, #1896 ) ;
#1005 = DIRECTION ( 'NONE',  ( 0.000000000000000000, 0.000000000000000000, 1.000000000000000000 ) ) ;
#1006 = ORIENTED_EDGE ( 'NONE', *, *, #2547, .T. ) ;
#1007 = CARTESIAN_POINT ( 'NONE',  ( -2.341905647706778115, 94.42998909243814865, 30.39339015613882466 ) ) ;
#1008 = ORIENTED_EDGE ( 'NONE', *, *, #2337, .T. ) ;
#1009 = FACE_OUTER_BOUND ( 'NONE', #4206, .T. ) ;
#1010 = DIRECTION ( 'NONE',  ( 0.000000000000000000, -7.657177843178876028E-19, 1.000000000000000000 ) ) ;
#1011 = PLANE ( 'NONE',  #4373 ) ;
#1012 = LINE ( 'NONE', #4411, #763 ) ;
#1013 = ORIENTED_EDGE ( 'NONE', *, *, #3001, .T. ) ;
#1014 = VERTEX_POINT ( 'NONE', #5110 ) ;
#1015 = DIRECTION ( 'NONE',  ( 3.330669073875469621E-15, -1.000000000000000000, -7.657177843178876028E-19 ) ) ;
#1016 = CARTESIAN_POINT ( 'NONE',  ( -0.3752417887738916935, -4.613701099919306436, 50.00000000000000000 ) ) ;
#1017 = CARTESIAN_POINT ( 'NONE',  ( -17.40194335873945164, 18.68429699879670025, 25.59337768119033640 ) ) ;
#1018 = DIRECTION ( 'NONE',  ( -0.9999999999978962384, 1.515514449136412898E-06, -1.382390865692285421E-06 ) ) ;
#1019 = CARTESIAN_POINT ( 'NONE',  ( 9.224758211226102844, 18.68429699879670736, 0.000000000000000000 ) ) ;
#1020 = ORIENTED_EDGE ( 'NONE', *, *, #104, .T. ) ;
#1021 = ORIENTED_EDGE ( 'NONE', *, *, #6645, .T. ) ;
#1022 = EDGE_CURVE ( 'NONE', #1681, #4983, #2579, .T. ) ;
#1023 = ORIENTED_EDGE ( 'NONE', *, *, #2781, .F. ) ;
#1024 = DIRECTION ( 'NONE',  ( 8.145007187700838718E-17, -1.000000000000000000, -0.000000000000000000 ) ) ;
#1025 = CARTESIAN_POINT ( 'NONE',  ( 2.792068948508754200, 91.46588747730038449, 25.59339015613882395 ) ) ;
#1026 = LINE ( 'NONE', #4974, #7041 ) ;
#1027 = PLANE ( 'NONE',  #631 ) ;
#1028 = ORIENTED_EDGE ( 'NONE', *, *, #3232, .T. ) ;
#1029 = ORIENTED_EDGE ( 'NONE', *, *, #733, .T. ) ;
#1030 = PLANE ( 'NONE',  #5041 ) ;
#1031 = CARTESIAN_POINT ( 'NONE',  ( -9.975241788773896445, 18.68429699879670380, 0.000000000000000000 ) ) ;
#1032 = ADVANCED_FACE ( 'NONE', ( #6816 ), #85, .F. ) ;
#1033 = EDGE_CURVE ( 'NONE', #6050, #7115, #1875, .T. ) ;
#1034 = EDGE_LOOP ( 'NONE', ( #1258, #1251, #4016, #6418 ) ) ;
#1035 = CARTESIAN_POINT ( 'NONE',  ( -10.94190878877388862, -14.07277949271606943, 8.108345979229751421 ) ) ;
#1036 = VERTEX_POINT ( 'NONE', #6736 ) ;
#1037 = DIRECTION ( 'NONE',  ( -3.330669073875469621E-15, 1.000000000000000000, 7.657177843178876991E-19 ) ) ;
#1038 = CARTESIAN_POINT ( 'NONE',  ( 3.624758211226090765, 49.13572976694704408, 25.59340674831052453 ) ) ;
#1039 = DIRECTION ( 'NONE',  ( 8.145007187700838718E-17, -1.000000000000000000, 0.000000000000000000 ) ) ;
#1040 = DIRECTION ( 'NONE',  ( 0.000000000000000000, 1.000000000000000000, 0.000000000000000000 ) ) ;
#1041 = EDGE_LOOP ( 'NONE', ( #1583, #6764, #1763 ) ) ;
#1042 = EDGE_LOOP ( 'NONE', ( #1213, #685 ) ) ;
#1043 = CARTESIAN_POINT ( 'NONE',  ( -16.58727531073192552, 81.27721785250926700, 25.59339015613882395 ) ) ;
#1044 = DIRECTION ( 'NONE',  ( 3.663735981263016583E-15, -1.000000000000000000, -7.657177843178876991E-19 ) ) ;
#1045 = EDGE_CURVE ( 'NONE', #697, #5784, #3062, .T. ) ;
#1046 = CARTESIAN_POINT ( 'NONE',  ( -1.475880243922336854, 94.92998909243813443, -3.455201181230785235 ) ) ;
#1047 = VECTOR ( 'NONE', #1952, 1000.000000000000114 ) ;
#1048 = CARTESIAN_POINT ( 'NONE',  ( -1.475880243922336854, 94.92998909243813443, -3.455201181230785235 ) ) ;
#1049 = DIRECTION ( 'NONE',  ( -0.000000000000000000, 1.000000000000000000, -0.000000000000000000 ) ) ;
#1050 = VERTEX_POINT ( 'NONE', #1742 ) ;
#1051 = ORIENTED_EDGE ( 'NONE', *, *, #733, .F. ) ;
#1052 = VECTOR ( 'NONE', #3079, 1000.000000000000000 ) ;
#1053 = LINE ( 'NONE', #4870, #1058 ) ;
#1054 = EDGE_CURVE ( 'NONE', #498, #6372, #3974, .T. ) ;
#1055 = LINE ( 'NONE', #6632, #2162 ) ;
#1056 = CARTESIAN_POINT ( 'NONE',  ( -12.80190320228620315, 103.9658874773003987, -3.455174545975395084 ) ) ;
#1057 = CARTESIAN_POINT ( 'NONE',  ( -1.475880243922335966, 88.00178586216262033, 30.39339015613882466 ) ) ;
#1058 = VECTOR ( 'NONE', #2779, 1000.000000000000000 ) ;
#1059 = EDGE_LOOP ( 'NONE', ( #1874, #4412, #2426, #6316, #4633, #3544, #3524, #1615 ) ) ;
#1060 = FACE_OUTER_BOUND ( 'NONE', #6851, .T. ) ;
#1061 = EDGE_CURVE ( 'NONE', #5825, #6301, #3746, .T. ) ;
#1062 = ORIENTED_EDGE ( 'NONE', *, *, #42, .F. ) ;
#1063 = AXIS2_PLACEMENT_3D ( 'NONE', #6952, #6485, #4891 ) ;
#1064 = CARTESIAN_POINT ( 'NONE',  ( 9.658094352293167262, 89.50178586216263454, -3.455201181230785235 ) ) ;
#1065 = DIRECTION ( 'NONE',  ( 1.000000000000000000, 0.000000000000000000, 0.000000000000000000 ) ) ;
#1066 = VECTOR ( 'NONE', #3824, 1000.000000000000000 ) ;
#1067 = ORIENTED_EDGE ( 'NONE', *, *, #3704, .T. ) ;
#1068 = EDGE_CURVE ( 'NONE', #5497, #5455, #5036, .T. ) ;
#1069 = CARTESIAN_POINT ( 'NONE',  ( 2.524119756077647381, 89.00178586216263454, 30.39339015613882466 ) ) ;
#1070 = ADVANCED_FACE ( 'NONE', ( #3471 ), #661, .F. ) ;
#1071 = ORIENTED_EDGE ( 'NONE', *, *, #6069, .F. ) ;
#1072 = CARTESIAN_POINT ( 'NONE',  ( -7.374235094193059226, 2.386298900080692231, 0.000000000000000000 ) ) ;
#1073 = VECTOR ( 'NONE', #1287, 1000.000000000000000 ) ;
#1074 = DIRECTION ( 'NONE',  ( 1.000000000000000000, 0.000000000000000000, 0.000000000000000000 ) ) ;
#1075 = FACE_OUTER_BOUND ( 'NONE', #1179, .T. ) ;
#1076 = LINE ( 'NONE', #1660, #57 ) ;
#1077 = VERTEX_POINT ( 'NONE', #4021 ) ;
#1078 = VECTOR ( 'NONE', #3407, 1000.000000000000000 ) ;
#1079 = ORIENTED_EDGE ( 'NONE', *, *, #3913, .T. ) ;
#1080 = DIRECTION ( 'NONE',  ( 0.8660254037844404840, -0.4999999999999968914, 0.000000000000000000 ) ) ;
#1081 = PLANE ( 'NONE',  #4209 ) ;
#1082 = ADVANCED_FACE ( 'NONE', ( #699 ), #466, .T. ) ;
#1083 = AXIS2_PLACEMENT_3D ( 'NONE', #5195, #2524, #4070 ) ;
#1084 = VECTOR ( 'NONE', #4034, 1000.000000000000000 ) ;
#1085 = CARTESIAN_POINT ( 'NONE',  ( -7.207931051491207164, 94.92998909243814865, 25.59339015613882395 ) ) ;
#1086 = CARTESIAN_POINT ( 'NONE',  ( -3.207931051491222707, 95.92998909243814865, -3.455201181230785235 ) ) ;
#1087 = DIRECTION ( 'NONE',  ( -0.8660254037844404840, 0.4999999999999968914, 3.828588921589413940E-19 ) ) ;
#1088 = ORIENTED_EDGE ( 'NONE', *, *, #3545, .F. ) ;
#1089 = ORIENTED_EDGE ( 'NONE', *, *, #1172, .F. ) ;
#1090 = VECTOR ( 'NONE', #3834, 1000.000000000000000 ) ;
#1091 = VERTEX_POINT ( 'NONE', #4229 ) ;
#1092 = AXIS2_PLACEMENT_3D ( 'NONE', #4720, #4174, #6381 ) ;
#1093 = CARTESIAN_POINT ( 'NONE',  ( -6.341905647706765237, 96.42998909243813443, 25.59339015613882395 ) ) ;
#1094 = CARTESIAN_POINT ( 'NONE',  ( -7.141904798018971157, -14.07277949271606943, -0.3285348025956015827 ) ) ;
#1095 = LINE ( 'NONE', #1576, #5772 ) ;
#1096 = AXIS2_PLACEMENT_3D ( 'NONE', #3009, #3040, #815 ) ;
#1097 = CARTESIAN_POINT ( 'NONE',  ( -17.40192070901221300, 44.61588747730039017, 9.208918119100228949 ) ) ;
#1098 = CIRCLE ( 'NONE', #3878, 0.9999999999999991118 ) ;
#1099 = ORIENTED_EDGE ( 'NONE', *, *, #1068, .F. ) ;
#1100 = ADVANCED_FACE ( 'NONE', ( #1009 ), #1961, .F. ) ;
#1101 = CARTESIAN_POINT ( 'NONE',  ( -9.475880243922304658, 94.92998909243813443, 30.39339015613882466 ) ) ;
#1102 = VECTOR ( 'NONE', #3436, 1000.000000000000114 ) ;
#1103 = ORIENTED_EDGE ( 'NONE', *, *, #3258, .F. ) ;
#1104 = EDGE_CURVE ( 'NONE', #4601, #7072, #6945, .T. ) ;
#1105 = CARTESIAN_POINT ( 'NONE',  ( -0.3752417887738929148, 2.386298900080694452, 6.649999999999997691 ) ) ;
#1106 = CARTESIAN_POINT ( 'NONE',  ( 5.658094352293184137, 96.42998909243814865, 30.39339015613882466 ) ) ;
#1107 = ADVANCED_FACE ( 'NONE', ( #2543 ), #2617, .F. ) ;
#1108 = DIRECTION ( 'NONE',  ( -9.109736889031209745E-17, 0.7388106165934297254, -0.6739131047908448746 ) ) ;
#1109 = VECTOR ( 'NONE', #1626, 1000.000000000000000 ) ;
#1110 = VERTEX_POINT ( 'NONE', #324 ) ;
#1111 = DIRECTION ( 'NONE',  ( -0.8660254037844368202, -0.5000000000000032196, -3.828588921589462570E-19 ) ) ;
#1112 = EDGE_CURVE ( 'NONE', #5822, #6300, #3750, .T. ) ;
#1113 = VERTEX_POINT ( 'NONE', #3100 ) ;
#1114 = CARTESIAN_POINT ( 'NONE',  ( 15.71810914617797650, 44.61588747730039017, 9.208919501491093840 ) ) ;
#1115 = PRODUCT_DEFINITION_FORMATION_WITH_SPECIFIED_SOURCE ( 'ไป', '', #3415, .NOT_KNOWN. ) ;
#1116 = CARTESIAN_POINT ( 'NONE',  ( -17.40194335874751985, 83.96588747730039870, 25.59338352060716915 ) ) ;
#1117 = ADVANCED_FACE ( 'NONE', ( #6478 ), #3132, .T. ) ;
#1118 = LINE ( 'NONE', #2142, #5746 ) ;
#1119 = CARTESIAN_POINT ( 'NONE',  ( -17.40190320228619925, 83.96588747730039870, 19.48643130160574799 ) ) ;
#1120 = VERTEX_POINT ( 'NONE', #4855 ) ;
#1121 = LINE ( 'NONE', #1594, #3288 ) ;
#1122 = PLANE ( 'NONE',  #1744 ) ;
#1123 = EDGE_CURVE ( 'NONE', #6831, #4919, #7088, .T. ) ;
#1124 = LINE ( 'NONE', #6595, #4850 ) ;
#1125 = DIRECTION ( 'NONE',  ( 1.000000000000000000, 3.330669073875469621E-15, 2.550352543544035319E-33 ) ) ;
#1126 = DIRECTION ( 'NONE',  ( -1.637162635542180433E-16, 1.000000000000000000, 7.657177843178876991E-19 ) ) ;
#1127 = EDGE_CURVE ( 'NONE', #6629, #7012, #4781, .T. ) ;
#1128 = ORIENTED_EDGE ( 'NONE', *, *, #5575, .T. ) ;
#1129 = EDGE_LOOP ( 'NONE', ( #3478, #3822, #1753, #5775 ) ) ;
#1130 = ORIENTED_EDGE ( 'NONE', *, *, #3664, .F. ) ;
#1131 = DIRECTION ( 'NONE',  ( 1.000000000000000000, 0.000000000000000000, 0.000000000000000000 ) ) ;
#1132 = DIRECTION ( 'NONE',  ( -0.000000000000000000, -0.000000000000000000, -1.000000000000000000 ) ) ;
#1133 = DIRECTION ( 'NONE',  ( -0.000000000000000000, -0.000000000000000000, -1.000000000000000000 ) ) ;
#1134 = PLANE ( 'NONE',  #3782 ) ;
#1135 = ORIENTED_EDGE ( 'NONE', *, *, #2857, .F. ) ;
#1136 = CARTESIAN_POINT ( 'NONE',  ( -2.341905647706783888, 89.50178586216263454, -3.455201181230785235 ) ) ;
#1137 = VERTEX_POINT ( 'NONE', #1407 ) ;
#1138 = FACE_OUTER_BOUND ( 'NONE', #492, .T. ) ;
#1139 = FACE_OUTER_BOUND ( 'NONE', #6040, .T. ) ;
#1140 = FACE_BOUND ( 'NONE', #5334, .T. ) ;
#1141 = ORIENTED_EDGE ( 'NONE', *, *, #559, .F. ) ;
#1142 = LINE ( 'NONE', #2793, #6078 ) ;
#1143 = VERTEX_POINT ( 'NONE', #4337 ) ;
#1144 = CARTESIAN_POINT ( 'NONE',  ( -5.207931051491215158, 92.46588747730038449, 30.39339015613882466 ) ) ;
#1145 = EDGE_CURVE ( 'NONE', #5356, #2809, #6545, .T. ) ;
#1146 = LINE ( 'NONE', #2282, #2827 ) ;
#1147 = DIRECTION ( 'NONE',  ( 0.5000000000000029976, -0.8660254037844369313, -6.631310533488230290E-19 ) ) ;
#1148 = CARTESIAN_POINT ( 'NONE',  ( -5.475880243922321533, 94.92998909243813443, -3.455201181230785235 ) ) ;
#1149 = ORIENTED_EDGE ( 'NONE', *, *, #2904, .T. ) ;
#1150 = DIRECTION ( 'NONE',  ( -0.4999999999999968914, -0.8660254037844404840, -6.631310533488256290E-19 ) ) ;
#1151 = CARTESIAN_POINT ( 'NONE',  ( -6.341905647706769678, 96.42998909243814865, 30.39339015613882466 ) ) ;
#1152 = DIRECTION ( 'NONE',  ( -1.361274163583510383E-06, -5.565678866604852665E-15, -0.9999999999990734079 ) ) ;
#1153 = FACE_OUTER_BOUND ( 'NONE', #1359, .T. ) ;
#1154 = CARTESIAN_POINT ( 'NONE',  ( 6.458088109230284424, 44.61588747730039017, 0.000000000000000000 ) ) ;
#1155 = VERTEX_POINT ( 'NONE', #2072 ) ;
#1156 = ORIENTED_EDGE ( 'NONE', *, *, #290, .T. ) ;
#1157 = EDGE_LOOP ( 'NONE', ( #6919, #1993, #6890, #7057, #5113, #4788 ) ) ;
#1158 = ORIENTED_EDGE ( 'NONE', *, *, #4760, .T. ) ;
#1159 = CARTESIAN_POINT ( 'NONE',  ( -8.584195482830899948, 79.96588747730039870, 19.48643130160574799 ) ) ;
#1160 = EDGE_CURVE ( 'NONE', #3620, #1050, #3685, .T. ) ;
#1161 = EDGE_CURVE ( 'NONE', #5584, #314, #972, .T. ) ;
#1162 = VECTOR ( 'NONE', #4239, 1000.000000000000114 ) ;
#1163 = EDGE_CURVE ( 'NONE', #1690, #4119, #3791, .T. ) ;
#1164 =( NAMED_UNIT ( * ) PLANE_ANGLE_UNIT ( ) SI_UNIT ( $, .RADIAN. ) );
#1165 = DIRECTION ( 'NONE',  ( 0.000000000000000000, -7.657177843178876028E-19, 1.000000000000000000 ) ) ;
#1166 = EDGE_CURVE ( 'NONE', #754, #3733, #254, .T. ) ;
#1167 = CARTESIAN_POINT ( 'NONE',  ( 4.792068948508746651, 88.00178586216263454, -3.455201181230785235 ) ) ;
#1168 = AXIS2_PLACEMENT_3D ( 'NONE', #3633, #4292, #6501 ) ;
#1169 = EDGE_LOOP ( 'NONE', ( #5745, #4326, #1739, #6731, #2483, #3963 ) ) ;
#1170 = PLANE ( 'NONE',  #4803 ) ;
#1171 = VERTEX_POINT ( 'NONE', #7017 ) ;
#1172 = EDGE_CURVE ( 'NONE', #7072, #3797, #2037, .T. ) ;
#1173 = DIRECTION ( 'NONE',  ( -3.663735981263016583E-15, 1.000000000000000000, 7.657177843178876028E-19 ) ) ;
#1174 = VECTOR ( 'NONE', #2205, 1000.000000000000000 ) ;
#1175 = CARTESIAN_POINT ( 'NONE',  ( 6.458090141575103971, 83.96588747730039870, 1.733346179548747479 ) ) ;
#1176 = CARTESIAN_POINT ( 'NONE',  ( 12.11809190687492865, 31.90447354320630780, -3.455176181230786625 ) ) ;
#1177 = CARTESIAN_POINT ( 'NONE',  ( -16.40192070901316868, 44.61588747730039017, 8.208919501491095616 ) ) ;
#1178 = VECTOR ( 'NONE', #5435, 1000.000000000000000 ) ;
#1179 = EDGE_LOOP ( 'NONE', ( #6309, #3433, #144, #5661 ) ) ;
#1180 = CARTESIAN_POINT ( 'NONE',  ( -0.3752417887738929148, 2.386298900080694452, 0.000000000000000000 ) ) ;
#1181 = EDGE_LOOP ( 'NONE', ( #520, #6791, #3304, #6484, #1020, #1593, #2449, #5824 ) ) ;
#1182 = DIRECTION ( 'NONE',  ( -1.000000000000000000, 0.000000000000000000, 0.000000000000000000 ) ) ;
#1183 = FACE_OUTER_BOUND ( 'NONE', #2013, .T. ) ;
#1184 = VECTOR ( 'NONE', #2867, 1000.000000000000114 ) ;
#1185 = LINE ( 'NONE', #5707, #412 ) ;
#1186 = CARTESIAN_POINT ( 'NONE',  ( 8.524119756077624288, 92.46588747730038449, -3.455201181230785235 ) ) ;
#1187 = ADVANCED_FACE ( 'NONE', ( #934 ), #6510, .T. ) ;
#1188 = ORIENTED_EDGE ( 'NONE', *, *, #3704, .F. ) ;
#1189 = CARTESIAN_POINT ( 'NONE',  ( -5.475880243922321533, 95.92998909243814865, -3.455201181230785235 ) ) ;
#1190 = VERTEX_POINT ( 'NONE', #5967 ) ;
#1191 = EDGE_CURVE ( 'NONE', #6927, #4121, #3206, .T. ) ;
#1192 = VECTOR ( 'NONE', #1868, 1000.000000000000000 ) ;
#1193 = EDGE_CURVE ( 'NONE', #5964, #4778, #6036, .T. ) ;
#1194 = DIRECTION ( 'NONE',  ( 1.000000000000000000, 3.330669073875469621E-15, 2.550352543544035319E-33 ) ) ;
#1195 = PLANE ( 'NONE',  #3209 ) ;
#1196 = VECTOR ( 'NONE', #19, 999.9999999999998863 ) ;
#1197 = CARTESIAN_POINT ( 'NONE',  ( -4.341905647706776783, 92.96588747730038449, 25.59339015613882395 ) ) ;
#1198 = EDGE_CURVE ( 'NONE', #5405, #6360, #4807, .T. ) ;
#1199 = ORIENTED_EDGE ( 'NONE', *, *, #318, .T. ) ;
#1200 = ORIENTED_EDGE ( 'NONE', *, *, #2818, .T. ) ;
#1201 = ORIENTED_EDGE ( 'NONE', *, *, #4437, .T. ) ;
#1202 = EDGE_LOOP ( 'NONE', ( #4162, #2394, #1969, #4587 ) ) ;
#1203 = DIRECTION ( 'NONE',  ( -1.000000000000000000, 0.000000000000000000, -8.163913445282872836E-15 ) ) ;
#1204 = VECTOR ( 'NONE', #6031, 1000.000000000000000 ) ;
#1205 = AXIS2_PLACEMENT_3D ( 'NONE', #2199, #1647, #3879 ) ;
#1206 = DIRECTION ( 'NONE',  ( -0.8660254037844369313, -0.5000000000000029976, -3.828588921589461125E-19 ) ) ;
#1207 = PLANE ( 'NONE',  #6222 ) ;
#1208 = DIRECTION ( 'NONE',  ( 1.000000000000000000, 0.000000000000000000, 0.000000000000000000 ) ) ;
#1209 = AXIS2_PLACEMENT_3D ( 'NONE', #6375, #4127, #2475 ) ;
#1210 = VECTOR ( 'NONE', #2920, 1000.000000000000114 ) ;
#1211 = VERTEX_POINT ( 'NONE', #500 ) ;
#1212 = DIRECTION ( 'NONE',  ( 0.4999999999999965583, 0.8660254037844407060, 6.631310533488258216E-19 ) ) ;
#1213 = ORIENTED_EDGE ( 'NONE', *, *, #4751, .T. ) ;
#1214 = ORIENTED_EDGE ( 'NONE', *, *, #3711, .F. ) ;
#1215 = VECTOR ( 'NONE', #5750, 1000.000000000000000 ) ;
#1216 = DIRECTION ( 'NONE',  ( -9.109736889031209745E-17, 0.7388106165934297254, -0.6739131047908448746 ) ) ;
#1217 = VECTOR ( 'NONE', #574, 1000.000000000000000 ) ;
#1218 = DIRECTION ( 'NONE',  ( -1.091152692702142892E-32, 1.339658354568195596E-16, -1.000000000000000000 ) ) ;
#1219 = PLANE ( 'NONE',  #3650 ) ;
#1220 = DIRECTION ( 'NONE',  ( 1.698444971721114129E-16, -1.000000000000000000, -7.657177843178875065E-19 ) ) ;
#1221 = ORIENTED_EDGE ( 'NONE', *, *, #65, .F. ) ;
#1222 = VECTOR ( 'NONE', #6924, 1000.000000000000000 ) ;
#1223 = EDGE_CURVE ( 'NONE', #3107, #2296, #1726, .T. ) ;
#1224 = ADVANCED_FACE ( 'NONE', ( #1654 ), #4442, .T. ) ;
#1225 = ORIENTED_EDGE ( 'NONE', *, *, #1722, .F. ) ;
#1226 = CARTESIAN_POINT ( 'NONE',  ( -9.975241788773896445, 23.68429699879670736, 25.59338794779474924 ) ) ;
#1227 = EDGE_LOOP ( 'NONE', ( #3915, #84, #6349, #2685, #2255, #385 ) ) ;
#1228 = EDGE_CURVE ( 'NONE', #2440, #2387, #6068, .T. ) ;
#1229 = VECTOR ( 'NONE', #1361, 1000.000000000000000 ) ;
#1230 = DIRECTION ( 'NONE',  ( 1.350588481258428369E-09, 0.000000000000000000, 1.000000000000000000 ) ) ;
#1231 = CARTESIAN_POINT ( 'NONE',  ( 4.792068948508746651, 94.92998909243814865, 30.39339015613882466 ) ) ;
#1232 = DIRECTION ( 'NONE',  ( 1.000000000000000000, 3.330669073875469621E-15, 2.550352543544035319E-33 ) ) ;
#1233 = ORIENTED_EDGE ( 'NONE', *, *, #947, .T. ) ;
#1234 = CARTESIAN_POINT ( 'NONE',  ( -10.34190564770674570, 87.50178586216263454, 25.59339015613882395 ) ) ;
#1235 = VECTOR ( 'NONE', #48, 999.9999999999998863 ) ;
#1236 = VERTEX_POINT ( 'NONE', #5635 ) ;
#1237 = CARTESIAN_POINT ( 'NONE',  ( -0.3752417887738916935, -4.613701099919306436, 50.00000000000000000 ) ) ;
#1238 = CARTESIAN_POINT ( 'NONE',  ( -3.207931051491221819, 89.00178586216263454, 30.39339015613882466 ) ) ;
#1239 = DIRECTION ( 'NONE',  ( 3.663735981263016583E-15, -1.000000000000000000, -7.657177843178876991E-19 ) ) ;
#1240 = ORIENTED_EDGE ( 'NONE', *, *, #3477, .T. ) ;
#1241 = VERTEX_POINT ( 'NONE', #2764 ) ;
#1242 = ORIENTED_EDGE ( 'NONE', *, *, #2172, .F. ) ;
#1243 = ORIENTED_EDGE ( 'NONE', *, *, #1795, .F. ) ;
#1244 = DIRECTION ( 'NONE',  ( -1.637162635542180433E-16, 1.000000000000000000, 7.657177843178875065E-19 ) ) ;
#1245 = EDGE_CURVE ( 'NONE', #5705, #2373, #2139, .T. ) ;
#1246 = DIRECTION ( 'NONE',  ( -0.8660254037844369313, -0.5000000000000029976, -3.828588921589461125E-19 ) ) ;
#1247 = DIRECTION ( 'NONE',  ( -0.8660254037844368202, -0.5000000000000032196, -3.828588921589462570E-19 ) ) ;
#1248 = LINE ( 'NONE', #702, #6452 ) ;
#1249 = ORIENTED_EDGE ( 'NONE', *, *, #5948, .F. ) ;
#1250 = CARTESIAN_POINT ( 'NONE',  ( -17.40193782918061061, 18.68429699879670380, 21.59338103584048341 ) ) ;
#1251 = ORIENTED_EDGE ( 'NONE', *, *, #5773, .T. ) ;
#1252 = ORIENTED_EDGE ( 'NONE', *, *, #6272, .T. ) ;
#1253 = LINE ( 'NONE', #5370, #2275 ) ;
#1254 = FACE_OUTER_BOUND ( 'NONE', #3558, .T. ) ;
#1255 = CARTESIAN_POINT ( 'NONE',  ( -3.475880243922110591, 31.90447354320625450, 25.59339015613882395 ) ) ;
#1256 = CARTESIAN_POINT ( 'NONE',  ( -17.40190320228619569, 83.96588747730039870, 25.59338352066268030 ) ) ;
#1257 = PLANE ( 'NONE',  #4002 ) ;
#1258 = ORIENTED_EDGE ( 'NONE', *, *, #2593, .T. ) ;
#1259 = ORIENTED_EDGE ( 'NONE', *, *, #1298, .F. ) ;
#1260 = ORIENTED_EDGE ( 'NONE', *, *, #1310, .T. ) ;
#1261 = EDGE_CURVE ( 'NONE', #6499, #4081, #3347, .T. ) ;
#1262 = CARTESIAN_POINT ( 'NONE',  ( -8.584195484509899998, 83.96588747730039870, 20.48643130160574799 ) ) ;
#1263 = EDGE_CURVE ( 'NONE', #6301, #5825, #1409, .T. ) ;
#1264 = CARTESIAN_POINT ( 'NONE',  ( -1.925241788773896845, 9.386298900080694452, 0.000000000000000000 ) ) ;
#1265 = ORIENTED_EDGE ( 'NONE', *, *, #2781, .T. ) ;
#1266 = DIRECTION ( 'NONE',  ( -0.8660254037844369313, -0.5000000000000029976, -3.828588921589461125E-19 ) ) ;
#1267 = VERTEX_POINT ( 'NONE', #4482 ) ;
#1268 = VERTEX_POINT ( 'NONE', #2832 ) ;
#1269 = CARTESIAN_POINT ( 'NONE',  ( -1.925241788773896845, 9.386298900080694452, 6.649999999999995914 ) ) ;
#1270 = CARTESIAN_POINT ( 'NONE',  ( -10.59190878877392805, 79.96588747730039870, 23.53334597922873783 ) ) ;
#1271 = DIRECTION ( 'NONE',  ( -3.330669073875469621E-15, 1.000000000000000000, 0.000000000000000000 ) ) ;
#1272 = ORIENTED_EDGE ( 'NONE', *, *, #5702, .F. ) ;
#1273 = ORIENTED_EDGE ( 'NONE', *, *, #6314, .F. ) ;
#1274 = ORIENTED_EDGE ( 'NONE', *, *, #4865, .F. ) ;
#1275 = PLANE ( 'NONE',  #5377 ) ;
#1276 = FACE_OUTER_BOUND ( 'NONE', #1316, .T. ) ;
#1277 = CARTESIAN_POINT ( 'NONE',  ( -10.34190564770675280, 96.42998909243814865, 30.39339015613882466 ) ) ;
#1278 = LINE ( 'NONE', #666, #176 ) ;
#1279 = ORIENTED_EDGE ( 'NONE', *, *, #3654, .F. ) ;
#1280 = EDGE_CURVE ( 'NONE', #3505, #6739, #1587, .T. ) ;
#1281 = CARTESIAN_POINT ( 'NONE',  ( -0.3752417887738929148, 44.61588747730039017, 0.000000000000000000 ) ) ;
#1282 = ORIENTED_EDGE ( 'NONE', *, *, #5259, .T. ) ;
#1283 = VERTEX_POINT ( 'NONE', #5491 ) ;
#1284 = DIRECTION ( 'NONE',  ( 1.000000000000000000, 1.637162635542180680E-16, -1.194360887545366536E-16 ) ) ;
#1285 = DIRECTION ( 'NONE',  ( 0.000000000000000000, -7.657177843178876028E-19, 1.000000000000000000 ) ) ;
#1286 = DIRECTION ( 'NONE',  ( -0.8660254037844369313, -0.5000000000000029976, -3.828588921589461125E-19 ) ) ;
#1287 = DIRECTION ( 'NONE',  ( -0.000000000000000000, -0.000000000000000000, -1.000000000000000000 ) ) ;
#1288 = FACE_BOUND ( 'NONE', #4939, .T. ) ;
#1289 = ORIENTED_EDGE ( 'NONE', *, *, #2988, .T. ) ;
#1290 = EDGE_CURVE ( 'NONE', #5507, #1939, #7125, .T. ) ;
#1291 = EDGE_LOOP ( 'NONE', ( #2878, #4708, #6801, #3955 ) ) ;
#1292 = ORIENTED_EDGE ( 'NONE', *, *, #6431, .T. ) ;
#1293 = VECTOR ( 'NONE', #920, 999.9999999999998863 ) ;
#1294 = LINE ( 'NONE', #2939, #614 ) ;
#1295 = DIRECTION ( 'NONE',  ( -1.637162635542180433E-16, 1.000000000000000000, 7.657177843178875065E-19 ) ) ;
#1296 = VECTOR ( 'NONE', #1711, 1000.000000000000000 ) ;
#1297 = DIRECTION ( 'NONE',  ( 0.8660254037844407060, -0.4999999999999965583, -3.828588921589411533E-19 ) ) ;
#1298 = EDGE_CURVE ( 'NONE', #1807, #2668, #5057, .T. ) ;
#1299 = VERTEX_POINT ( 'NONE', #68 ) ;
#1300 = DIRECTION ( 'NONE',  ( 3.663735981263016583E-15, -1.000000000000000000, 0.000000000000000000 ) ) ;
#1301 = ORIENTED_EDGE ( 'NONE', *, *, #3760, .T. ) ;
#1302 = VECTOR ( 'NONE', #4299, 1000.000000000000000 ) ;
#1303 = ORIENTED_EDGE ( 'NONE', *, *, #4953, .T. ) ;
#1304 = PLANE ( 'NONE',  #3332 ) ;
#1305 = DIRECTION ( 'NONE',  ( 0.000000000000000000, -7.657177843178876028E-19, 1.000000000000000000 ) ) ;
#1306 = DIRECTION ( 'NONE',  ( 3.663735981263016583E-15, -1.000000000000000000, -7.657177843178876991E-19 ) ) ;
#1307 = ORIENTED_EDGE ( 'NONE', *, *, #6547, .F. ) ;
#1308 = VECTOR ( 'NONE', #4484, 1000.000000000000000 ) ;
#1309 = VERTEX_POINT ( 'NONE', #3925 ) ;
#1310 = EDGE_CURVE ( 'NONE', #7059, #1348, #3413, .T. ) ;
#1311 = ORIENTED_EDGE ( 'NONE', *, *, #5394, .F. ) ;
#1312 = CARTESIAN_POINT ( 'NONE',  ( 7.658094352293183249, 90.96588747730038449, -3.455201181230785235 ) ) ;
#1313 = VECTOR ( 'NONE', #541, 1000.000000000000000 ) ;
#1314 = CARTESIAN_POINT ( 'NONE',  ( -11.64190878877393232, 79.96588747730039870, -0.9166540207712658983 ) ) ;
#1315 = DIRECTION ( 'NONE',  ( 8.145007187700838718E-17, -1.000000000000000000, 0.000000000000000000 ) ) ;
#1316 = EDGE_LOOP ( 'NONE', ( #3930, #2889, #3452, #555 ) ) ;
#1317 = VECTOR ( 'NONE', #5929, 999.9999999999998863 ) ;
#1318 = VECTOR ( 'NONE', #2473, 1000.000000000000000 ) ;
#1319 = FACE_OUTER_BOUND ( 'NONE', #6845, .T. ) ;
#1320 = VERTEX_POINT ( 'NONE', #7193 ) ;
#1321 = FACE_BOUND ( 'NONE', #1759, .T. ) ;
#1322 = CARTESIAN_POINT ( 'NONE',  ( 5.658094352293191243, 87.50178586216263454, -3.455201181230785235 ) ) ;
#1323 = VECTOR ( 'NONE', #3731, 1000.000000000000000 ) ;
#1324 = CARTESIAN_POINT ( 'NONE',  ( -17.40190320228619214, 31.90447354320630780, -3.455174545975395084 ) ) ;
#1325 = LINE ( 'NONE', #60, #6895 ) ;
#1326 = AXIS2_PLACEMENT_3D ( 'NONE', #3705, #5921, #7001 ) ;
#1327 = VERTEX_POINT ( 'NONE', #3309 ) ;
#1328 = EDGE_LOOP ( 'NONE', ( #5241, #3537, #732, #5012 ) ) ;
#1329 = CARTESIAN_POINT ( 'NONE',  ( -3.475880243922329083, 91.46588747730037028, 30.39339015613882466 ) ) ;
#1330 = EDGE_CURVE ( 'NONE', #6823, #1143, #4516, .T. ) ;
#1331 = VECTOR ( 'NONE', #223, 1000.000000000000000 ) ;
#1332 = ORIENTED_EDGE ( 'NONE', *, *, #1172, .T. ) ;
#1333 = VECTOR ( 'NONE', #6415, 1000.000000000000000 ) ;
#1334 = EDGE_CURVE ( 'NONE', #193, #1887, #6720, .T. ) ;
#1335 = FACE_OUTER_BOUND ( 'NONE', #3778, .T. ) ;
#1336 = VECTOR ( 'NONE', #4518, 1000.000000000000114 ) ;
#1337 = CARTESIAN_POINT ( 'NONE',  ( 8.524119756077624288, 91.46588747730037028, 25.59339015613882395 ) ) ;
#1338 = ADVANCED_FACE ( 'NONE', ( #6106 ), #27, .F. ) ;
#1339 = ORIENTED_EDGE ( 'NONE', *, *, #5121, .T. ) ;
#1340 = LINE ( 'NONE', #3020, #1645 ) ;
#1341 = ORIENTED_EDGE ( 'NONE', *, *, #6200, .F. ) ;
#1342 = CIRCLE ( 'NONE', #1458, 9.599999999999997868 ) ;
#1343 = ORIENTED_EDGE ( 'NONE', *, *, #4797, .F. ) ;
#1344 = DIRECTION ( 'NONE',  ( 0.000000000000000000, 0.000000000000000000, -1.000000000000000000 ) ) ;
#1345 = CARTESIAN_POINT ( 'NONE',  ( 59.04812727106966008, 52.40086587357522774, 9.541727490783596824E-05 ) ) ;
#1346 = EDGE_CURVE ( 'NONE', #5696, #6410, #4915, .T. ) ;
#1347 = CARTESIAN_POINT ( 'NONE',  ( -5.475880243922321533, 89.00178586216263454, 30.39339015613882466 ) ) ;
#1348 = VERTEX_POINT ( 'NONE', #4552 ) ;
#1349 = VECTOR ( 'NONE', #5088, 1000.000000000000000 ) ;
#1350 = ORIENTED_EDGE ( 'NONE', *, *, #5029, .F. ) ;
#1351 = ORIENTED_EDGE ( 'NONE', *, *, #18, .T. ) ;
#1352 = EDGE_CURVE ( 'NONE', #4185, #5648, #1764, .T. ) ;
#1353 = AXIS2_PLACEMENT_3D ( 'NONE', #1094, #3772, #6022 ) ;
#1354 = DIRECTION ( 'NONE',  ( -0.9999999999999983347, 0.000000000000000000, -5.929998267496895985E-08 ) ) ;
#1355 = ADVANCED_FACE ( 'NONE', ( #3455 ), #6449, .F. ) ;
#1356 = DIRECTION ( 'NONE',  ( 3.330669073875469621E-15, -1.000000000000000000, -7.657177843178876028E-19 ) ) ;
#1357 = ORIENTED_EDGE ( 'NONE', *, *, #2818, .F. ) ;
#1358 = CARTESIAN_POINT ( 'NONE',  ( 12.11809190687492155, 83.96588747730039870, 25.59339015613882395 ) ) ;
#1359 = EDGE_LOOP ( 'NONE', ( #3344, #1511, #2333, #2705 ) ) ;
#1360 = VERTEX_POINT ( 'NONE', #2585 ) ;
#1361 = DIRECTION ( 'NONE',  ( 0.000000000000000000, 0.000000000000000000, -1.000000000000000000 ) ) ;
#1362 = CARTESIAN_POINT ( 'NONE',  ( 8.858091211226080119, 83.96588747730039870, -0.9166540207712658983 ) ) ;
#1363 = PLANE ( 'NONE',  #2367 ) ;
#1364 = LINE ( 'NONE', #3043, #2358 ) ;
#1365 = EDGE_LOOP ( 'NONE', ( #6186, #4561, #2549, #2567 ) ) ;
#1366 = ORIENTED_EDGE ( 'NONE', *, *, #6806, .T. ) ;
#1367 = DIRECTION ( 'NONE',  ( 0.000000000000000000, -7.657177843178876028E-19, 1.000000000000000000 ) ) ;
#1368 = VERTEX_POINT ( 'NONE', #5326 ) ;
#1369 = EDGE_CURVE ( 'NONE', #4457, #6104, #3216, .T. ) ;
#1370 = LINE ( 'NONE', #1918, #2353 ) ;
#1371 = DIRECTION ( 'NONE',  ( 0.000000000000000000, -7.657177843178876028E-19, 1.000000000000000000 ) ) ;
#1372 = DIRECTION ( 'NONE',  ( -1.000000000000000000, -1.550104919250900678E-16, 0.000000000000000000 ) ) ;
#1373 = ORIENTED_EDGE ( 'NONE', *, *, #4461, .T. ) ;
#1374 = DIRECTION ( 'NONE',  ( 8.145007187700838718E-17, -1.000000000000000000, -0.000000000000000000 ) ) ;
#1375 = EDGE_CURVE ( 'NONE', #6368, #2188, #1457, .T. ) ;
#1376 = VERTEX_POINT ( 'NONE', #1970 ) ;
#1377 = CARTESIAN_POINT ( 'NONE',  ( 9.224758211226104621, 2.386298900080695340, 50.00000000000000000 ) ) ;
#1378 = CARTESIAN_POINT ( 'NONE',  ( 3.624758211226107196, 2.684296998796706912, 46.35000000000000853 ) ) ;
#1379 = LINE ( 'NONE', #2954, #4133 ) ;
#1380 = ORIENTED_EDGE ( 'NONE', *, *, #4944, .T. ) ;
#1381 = ORIENTED_EDGE ( 'NONE', *, *, #7197, .F. ) ;
#1382 = ADVANCED_FACE ( 'NONE', ( #942 ), #5911, .F. ) ;
#1383 = CARTESIAN_POINT ( 'NONE',  ( 5.658094352293191243, 94.42998909243814865, 30.39339015613882466 ) ) ;
#1384 = CARTESIAN_POINT ( 'NONE',  ( -6.341905647706769678, 89.50178586216263454, 30.39339015613882466 ) ) ;
#1385 = FACE_OUTER_BOUND ( 'NONE', #4694, .T. ) ;
#1386 = EDGE_LOOP ( 'NONE', ( #4623, #3006, #6353, #784 ) ) ;
#1387 = EDGE_CURVE ( 'NONE', #845, #5600, #913, .T. ) ;
#1388 = ADVANCED_FACE ( 'NONE', ( #442 ), #1416, .T. ) ;
#1389 = LINE ( 'NONE', #6420, #483 ) ;
#1390 = ORIENTED_EDGE ( 'NONE', *, *, #4944, .F. ) ;
#1391 = CARTESIAN_POINT ( 'NONE',  ( -4.375241788773892360, 2.684296998796706912, 46.35000000000000853 ) ) ;
#1392 = FACE_OUTER_BOUND ( 'NONE', #804, .T. ) ;
#1393 = CARTESIAN_POINT ( 'NONE',  ( 1.174758211226104354, 9.386298900080694452, 0.000000000000000000 ) ) ;
#1394 = CYLINDRICAL_SURFACE ( 'NONE', #2021, 1.050000000000000488 ) ;
#1395 = EDGE_LOOP ( 'NONE', ( #5258, #5300, #4715, #5809 ) ) ;
#1396 = ORIENTED_EDGE ( 'NONE', *, *, #2536, .T. ) ;
#1397 = CARTESIAN_POINT ( 'NONE',  ( -0.3419087887740504539, 83.96588747730039870, -9.216654020771249733 ) ) ;
#1398 = ADVANCED_FACE ( 'NONE', ( #2080 ), #880, .T. ) ;
#1399 = ORIENTED_EDGE ( 'NONE', *, *, #3446, .F. ) ;
#1400 = DIRECTION ( 'NONE',  ( 1.000000000000000000, 8.145007187700838718E-17, -0.000000000000000000 ) ) ;
#1401 = DIRECTION ( 'NONE',  ( 0.000000000000000000, 0.000000000000000000, 1.000000000000000000 ) ) ;
#1402 = LINE ( 'NONE', #4158, #2038 ) ;
#1403 = VECTOR ( 'NONE', #375, 1000.000000000000000 ) ;
#1404 = ORIENTED_EDGE ( 'NONE', *, *, #1054, .F. ) ;
#1405 = FACE_OUTER_BOUND ( 'NONE', #3994, .T. ) ;
#1406 = ORIENTED_EDGE ( 'NONE', *, *, #6513, .T. ) ;
#1407 = CARTESIAN_POINT ( 'NONE',  ( 9.100377905283080437, 83.96588747730039870, 8.108345979228749556 ) ) ;
#1408 = DIRECTION ( 'NONE',  ( -1.637162635542180433E-16, 1.000000000000000000, 7.657177843178875065E-19 ) ) ;
#1409 = CIRCLE ( 'NONE', #5485, 1.050000000000000488 ) ;
#1410 = EDGE_CURVE ( 'NONE', #2092, #7078, #4224, .T. ) ;
#1411 = DIRECTION ( 'NONE',  ( 1.000000000000000000, 3.330669073875469621E-15, 2.550352543544035319E-33 ) ) ;
#1412 = CARTESIAN_POINT ( 'NONE',  ( -3.475880243922329083, 92.46588747730038449, -3.455201181230785235 ) ) ;
#1413 = VERTEX_POINT ( 'NONE', #7066 ) ;
#1414 = EDGE_CURVE ( 'NONE', #5722, #2583, #2551, .T. ) ;
#1415 = EDGE_LOOP ( 'NONE', ( #3300, #1531, #3064, #6794 ) ) ;
#1416 = PLANE ( 'NONE',  #1063 ) ;
#1417 = FACE_BOUND ( 'NONE', #4015, .T. ) ;
#1418 = EDGE_CURVE ( 'NONE', #4081, #2053, #6986, .T. ) ;
#1419 = FACE_BOUND ( 'NONE', #2258, .T. ) ;
#1420 = ADVANCED_FACE ( 'NONE', ( #3693 ), #3139, .F. ) ;
#1421 = CARTESIAN_POINT ( 'NONE',  ( -8.784195484509901064, 83.96588747730039870, 20.48643130160574799 ) ) ;
#1422 = VECTOR ( 'NONE', #3411, 1000.000000000000000 ) ;
#1423 = DIRECTION ( 'NONE',  ( -1.637162635542180433E-16, 1.000000000000000000, 7.657177843178876991E-19 ) ) ;
#1424 = ORIENTED_EDGE ( 'NONE', *, *, #4377, .T. ) ;
#1425 = CARTESIAN_POINT ( 'NONE',  ( 0.5241197560776622577, 92.46588747730037028, 30.39339015613882466 ) ) ;
#1426 = ORIENTED_EDGE ( 'NONE', *, *, #1792, .F. ) ;
#1427 = AXIS2_PLACEMENT_3D ( 'NONE', #6903, #6322, #1230 ) ;
#1428 = FACE_OUTER_BOUND ( 'NONE', #2786, .T. ) ;
#1429 = CARTESIAN_POINT ( 'NONE',  ( 4.792068948508746651, 95.92998909243814865, -3.455201181230785235 ) ) ;
#1430 = LINE ( 'NONE', #6464, #4363 ) ;
#1431 = LINE ( 'NONE', #5306, #3542 ) ;
#1432 = ADVANCED_FACE ( 'NONE', ( #2005 ), #4311, .T. ) ;
#1433 = AXIS2_PLACEMENT_3D ( 'NONE', #2620, #5283, #4306 ) ;
#1434 = ORIENTED_EDGE ( 'NONE', *, *, #6557, .T. ) ;
#1435 = FACE_OUTER_BOUND ( 'NONE', #6294, .T. ) ;
#1436 = EDGE_LOOP ( 'NONE', ( #1003, #4653, #2095, #3317 ) ) ;
#1437 = VECTOR ( 'NONE', #602, 1000.000000000000114 ) ;
#1438 = LINE ( 'NONE', #2568, #3069 ) ;
#1439 = DIRECTION ( 'NONE',  ( -0.000000000000000000, -0.000000000000000000, -1.000000000000000000 ) ) ;
#1440 = EDGE_CURVE ( 'NONE', #108, #5519, #6554, .T. ) ;
#1441 = FACE_BOUND ( 'NONE', #3718, .T. ) ;
#1442 = VECTOR ( 'NONE', #939, 1000.000000000000000 ) ;
#1443 = CIRCLE ( 'NONE', #6914, 1.050000000000000488 ) ;
#1444 = ORIENTED_EDGE ( 'NONE', *, *, #2408, .T. ) ;
#1445 = CARTESIAN_POINT ( 'NONE',  ( 10.52411975607761541, 95.92998909243814865, 30.39339015613882466 ) ) ;
#1446 = EDGE_CURVE ( 'NONE', #4238, #6368, #1561, .T. ) ;
#1447 = ORIENTED_EDGE ( 'NONE', *, *, #4844, .T. ) ;
#1448 = DIRECTION ( 'NONE',  ( 3.663735981263016583E-15, -1.000000000000000000, 0.000000000000000000 ) ) ;
#1449 = VECTOR ( 'NONE', #4382, 1000.000000000000000 ) ;
#1450 = LINE ( 'NONE', #5183, #2719 ) ;
#1451 = VECTOR ( 'NONE', #2178, 1000.000000000000000 ) ;
#1452 = CARTESIAN_POINT ( 'NONE',  ( 10.01822159588610894, 83.96588747730039870, 25.59338546302474526 ) ) ;
#1453 = LINE ( 'NONE', #7062, #4471 ) ;
#1454 = CARTESIAN_POINT ( 'NONE',  ( -10.34190564770675280, 89.50178586216263454, 30.39339015613882466 ) ) ;
#1455 = ORIENTED_EDGE ( 'NONE', *, *, #1584, .T. ) ;
#1456 = EDGE_LOOP ( 'NONE', ( #2400, #2868, #4132, #440, #3858, #3769 ) ) ;
#1457 = LINE ( 'NONE', #3652, #145 ) ;
#1458 = AXIS2_PLACEMENT_3D ( 'NONE', #5371, #4360, #4213 ) ;
#1459 = FACE_OUTER_BOUND ( 'NONE', #6873, .T. ) ;
#1460 = DIRECTION ( 'NONE',  ( 0.000000000000000000, -7.657177843178876028E-19, 1.000000000000000000 ) ) ;
#1461 = AXIS2_PLACEMENT_3D ( 'NONE', #2212, #6015, #6624 ) ;
#1462 = DIRECTION ( 'NONE',  ( 0.000000000000000000, -7.657177843178876028E-19, 1.000000000000000000 ) ) ;
#1463 = CARTESIAN_POINT ( 'NONE',  ( 59.04812727106966008, 44.61588747730039017, 9.541727490783596824E-05 ) ) ;
#1464 = ORIENTED_EDGE ( 'NONE', *, *, #713, .F. ) ;
#1465 = ORIENTED_EDGE ( 'NONE', *, *, #5308, .T. ) ;
#1466 = FACE_OUTER_BOUND ( 'NONE', #5278, .T. ) ;
#1467 = VECTOR ( 'NONE', #1132, 1000.000000000000000 ) ;
#1468 = EDGE_CURVE ( 'NONE', #413, #4830, #4385, .T. ) ;
#1469 = CARTESIAN_POINT ( 'NONE',  ( -9.975241788773892893, 2.386298900080692675, 50.00000000000000000 ) ) ;
#1470 = DIRECTION ( 'NONE',  ( -9.610368056909178799E-13, -0.9999999999997581934, 6.954057136987884350E-07 ) ) ;
#1471 = CARTESIAN_POINT ( 'NONE',  ( -10.94190878877390460, 83.96588747730039870, 8.108345979229751421 ) ) ;
#1472 = ORIENTED_EDGE ( 'NONE', *, *, #5093, .F. ) ;
#1473 = ORIENTED_EDGE ( 'NONE', *, *, #337, .F. ) ;
#1474 = DIRECTION ( 'NONE',  ( 3.330669073875469621E-15, -1.000000000000000000, -7.657177843178876028E-19 ) ) ;
#1475 = LINE ( 'NONE', #4740, #2136 ) ;
#1476 = DIRECTION ( 'NONE',  ( -0.8660254037844369313, -0.5000000000000029976, -3.828588921589461125E-19 ) ) ;
#1477 = ORIENTED_EDGE ( 'NONE', *, *, #6695, .F. ) ;
#1478 = ADVANCED_FACE ( 'NONE', ( #3353 ), #5025, .T. ) ;
#1479 = CARTESIAN_POINT ( 'NONE',  ( 8.792068948508729775, 94.92998909243814865, 30.39339015613882466 ) ) ;
#1480 = ORIENTED_EDGE ( 'NONE', *, *, #1145, .T. ) ;
#1481 = CARTESIAN_POINT ( 'NONE',  ( 6.458090141575119958, -14.07277949271606943, 1.733346179548747479 ) ) ;
#1482 = ADVANCED_FACE ( 'NONE', ( #2695 ), #7171, .T. ) ;
#1483 = EDGE_CURVE ( 'NONE', #911, #715, #3383, .T. ) ;
#1484 = PLANE ( 'NONE',  #3655 ) ;
#1485 = PLANE ( 'NONE',  #2972 ) ;
#1486 = DIRECTION ( 'NONE',  ( 0.8660254037844369313, 0.5000000000000029976, 3.828588921589461125E-19 ) ) ;
#1487 = ORIENTED_EDGE ( 'NONE', *, *, #6341, .F. ) ;
#1488 = EDGE_LOOP ( 'NONE', ( #6984, #7037, #6741, #6844 ) ) ;
#1489 = CARTESIAN_POINT ( 'NONE',  ( -0.3419087887736186882, 79.96588747730039870, -9.216654020771256839 ) ) ;
#1490 = FACE_OUTER_BOUND ( 'NONE', #3749, .T. ) ;
#1491 = CARTESIAN_POINT ( 'NONE',  ( -4.364125985283191511, 2.684296998796706912, 46.35000000000000853 ) ) ;
#1492 = CARTESIAN_POINT ( 'NONE',  ( -2.341905647706784777, 96.42998909243814865, -3.455201181230785235 ) ) ;
#1493 = CARTESIAN_POINT ( 'NONE',  ( -8.401937866840357927, 91.21413387534181538, 21.59338794779475279 ) ) ;
#1494 = ORIENTED_EDGE ( 'NONE', *, *, #2988, .F. ) ;
#1495 = ORIENTED_EDGE ( 'NONE', *, *, #1145, .F. ) ;
#1496 = FACE_OUTER_BOUND ( 'NONE', #6161, .T. ) ;
#1497 = ORIENTED_EDGE ( 'NONE', *, *, #5585, .T. ) ;
#1498 = PLANE ( 'NONE',  #5649 ) ;
#1499 = CARTESIAN_POINT ( 'NONE',  ( 10.95809121122608154, 79.96588747730039870, -0.9166540207712660093 ) ) ;
#1500 = DIRECTION ( 'NONE',  ( -1.000000000000000000, -8.145007187700838718E-17, 0.000000000000000000 ) ) ;
#1501 = LINE ( 'NONE', #420, #1776 ) ;
#1502 = EDGE_CURVE ( 'NONE', #3393, #4959, #603, .T. ) ;
#1503 = VERTEX_POINT ( 'NONE', #3932 ) ;
#1504 = FACE_OUTER_BOUND ( 'NONE', #1129, .T. ) ;
#1505 = ORIENTED_EDGE ( 'NONE', *, *, #3234, .F. ) ;
#1506 = CARTESIAN_POINT ( 'NONE',  ( -9.475880243922098600, 31.90447354320623319, 25.59339015613882395 ) ) ;
#1507 = EDGE_CURVE ( 'NONE', #5924, #6742, #3865, .T. ) ;
#1508 = FACE_OUTER_BOUND ( 'NONE', #5798, .T. ) ;
#1509 = EDGE_LOOP ( 'NONE', ( #5318, #5137, #799, #239, #7065, #5385 ) ) ;
#1510 = DIRECTION ( 'NONE',  ( 0.8660254037844404840, -0.4999999999999968914, 0.000000000000000000 ) ) ;
#1511 = ORIENTED_EDGE ( 'NONE', *, *, #628, .F. ) ;
#1512 = VECTOR ( 'NONE', #2996, 1000.000000000000000 ) ;
#1513 = DIRECTION ( 'NONE',  ( -0.8660254037844368202, -0.5000000000000032196, 0.000000000000000000 ) ) ;
#1514 = LINE ( 'NONE', #6403, #2480 ) ;
#1515 = DIRECTION ( 'NONE',  ( -0.9999999999990734079, -1.637162645964182016E-16, 1.361274163765233466E-06 ) ) ;
#1516 = EDGE_CURVE ( 'NONE', #3877, #4607, #4448, .T. ) ;
#1517 = CARTESIAN_POINT ( 'NONE',  ( 8.792068948508729775, 89.00178586216263454, 25.59339015613882395 ) ) ;
#1518 = AXIS2_PLACEMENT_3D ( 'NONE', #6053, #6568, #953 ) ;
#1519 = CARTESIAN_POINT ( 'NONE',  ( -5.207931051491215158, 91.46588747730038449, -3.455201181230785235 ) ) ;
#1520 = VERTEX_POINT ( 'NONE', #6113 ) ;
#1521 = EDGE_LOOP ( 'NONE', ( #6240, #5199, #6184, #5156 ) ) ;
#1522 = CARTESIAN_POINT ( 'NONE',  ( 6.625764905806940774, 2.386298900080696672, 50.00000000000000000 ) ) ;
#1523 = CARTESIAN_POINT ( 'NONE',  ( 3.613642407735406348, 2.684296998796706912, -3.455201181230785235 ) ) ;
#1524 = VECTOR ( 'NONE', #4302, 999.9999999999998863 ) ;
#1525 = EDGE_CURVE ( 'NONE', #5297, #768, #5566, .T. ) ;
#1526 = DIRECTION ( 'NONE',  ( 3.663735981263016583E-15, -1.000000000000000000, 0.000000000000000000 ) ) ;
#1527 = DIRECTION ( 'NONE',  ( 0.8660254037844407060, -0.4999999999999965583, -3.828588921589411533E-19 ) ) ;
#1528 = CARTESIAN_POINT ( 'NONE',  ( 8.100377905283121294, -14.07277949271606943, 20.48643130160574799 ) ) ;
#1529 = EDGE_CURVE ( 'NONE', #7059, #1211, #612, .T. ) ;
#1530 = AXIS2_PLACEMENT_3D ( 'NONE', #7096, #5358, #2110 ) ;
#1531 = ORIENTED_EDGE ( 'NONE', *, *, #6339, .F. ) ;
#1532 = ORIENTED_EDGE ( 'NONE', *, *, #2521, .T. ) ;
#1533 = VERTEX_POINT ( 'NONE', #2148 ) ;
#1534 = DIRECTION ( 'NONE',  ( 0.8660254037844404840, -0.4999999999999968359, -3.828588921589414421E-19 ) ) ;
#1535 = DIRECTION ( 'NONE',  ( -3.663735981263016583E-15, 1.000000000000000000, 7.657177843178876028E-19 ) ) ;
#1536 = AXIS2_PLACEMENT_3D ( 'NONE', #5277, #3130, #3717 ) ;
#1537 = DIRECTION ( 'NONE',  ( 0.8660254037844369313, 0.5000000000000029976, 0.000000000000000000 ) ) ;
#1538 = CARTESIAN_POINT ( 'NONE',  ( 7.658094352293176144, 92.96588747730038449, 30.39339015613882466 ) ) ;
#1539 = ORIENTED_EDGE ( 'NONE', *, *, #3523, .T. ) ;
#1540 = AXIS2_PLACEMENT_3D ( 'NONE', #348, #5272, #2029 ) ;
#1541 = VERTEX_POINT ( 'NONE', #6693 ) ;
#1542 =( BOUNDED_CURVE ( )  B_SPLINE_CURVE ( 3, ( #1038, #2689, #5531, #3926 ),
 .UNSPECIFIED., .F., .F. ) 
 B_SPLINE_CURVE_WITH_KNOTS ( ( 4, 4 ),
 ( 1.871103132158308868E-06, 1.570798197898038762 ),
 .UNSPECIFIED. ) 
 CURVE ( )  GEOMETRIC_REPRESENTATION_ITEM ( )  RATIONAL_B_SPLINE_CURVE ( ( 1.000000000000000000, 0.8047378541243626060, 0.8047378541243626060, 1.000000000000000000 ) ) 
 REPRESENTATION_ITEM ( '' )  );
#1543 = CARTESIAN_POINT ( 'NONE',  ( 5.658094352293191243, 87.50178586216263454, 30.39339015613882466 ) ) ;
#1544 = VECTOR ( 'NONE', #1515, 1000.000000000000114 ) ;
#1545 = DIRECTION ( 'NONE',  ( 0.8660254037844368202, 0.5000000000000032196, 3.828588921589462088E-19 ) ) ;
#1546 = ORIENTED_EDGE ( 'NONE', *, *, #51, .T. ) ;
#1547 = DIRECTION ( 'NONE',  ( 8.145007187700838718E-17, -1.000000000000000000, -0.000000000000000000 ) ) ;
#1548 = VECTOR ( 'NONE', #3522, 1000.000000000000114 ) ;
#1549 = ORIENTED_EDGE ( 'NONE', *, *, #6341, .T. ) ;
#1550 = AXIS2_PLACEMENT_3D ( 'NONE', #6894, #3738, #4181 ) ;
#1551 = DIRECTION ( 'NONE',  ( -3.663735981263016583E-15, 1.000000000000000000, 7.657177843178876028E-19 ) ) ;
#1552 = EDGE_CURVE ( 'NONE', #3707, #3146, #1121, .T. ) ;
#1553 = DIRECTION ( 'NONE',  ( -3.663735981263016583E-15, 1.000000000000000000, 7.657177843178876028E-19 ) ) ;
#1554 = ADVANCED_FACE ( 'NONE', ( #2735 ), #6144, .T. ) ;
#1555 = LINE ( 'NONE', #5494, #294 ) ;
#1556 = VECTOR ( 'NONE', #7093, 1000.000000000000227 ) ;
#1557 = VECTOR ( 'NONE', #5039, 1000.000000000000000 ) ;
#1558 = CARTESIAN_POINT ( 'NONE',  ( -8.341905647706759908, 92.96588747730038449, 25.59339015613882395 ) ) ;
#1559 = ORIENTED_EDGE ( 'NONE', *, *, #7117, .F. ) ;
#1560 = ORIENTED_EDGE ( 'NONE', *, *, #4986, .T. ) ;
#1561 = LINE ( 'NONE', #6013, #6652 ) ;
#1562 = DIRECTION ( 'NONE',  ( -1.361274163765233678E-06, -2.312049244171549347E-22, -0.9999999999990735189 ) ) ;
#1563 = VECTOR ( 'NONE', #722, 1000.000000000000000 ) ;
#1564 = VECTOR ( 'NONE', #5332, 1000.000000000000000 ) ;
#1565 = LINE ( 'NONE', #1668, #1935 ) ;
#1566 = CARTESIAN_POINT ( 'NONE',  ( -5.207931051491215158, 91.46588747730038449, -3.455201181230785235 ) ) ;
#1567 = DIRECTION ( 'NONE',  ( 0.9999999999990444310, -0.000000000000000000, 1.382390865693872338E-06 ) ) ;
#1568 = VECTOR ( 'NONE', #1247, 999.9999999999998863 ) ;
#1569 = EDGE_LOOP ( 'NONE', ( #2846, #6052, #3038, #7083 ) ) ;
#1570 = ORIENTED_EDGE ( 'NONE', *, *, #5215, .F. ) ;
#1571 = VERTEX_POINT ( 'NONE', #4994 ) ;
#1572 = DIRECTION ( 'NONE',  ( -0.8660254037844407060, 0.4999999999999965583, 0.000000000000000000 ) ) ;
#1573 = AXIS2_PLACEMENT_3D ( 'NONE', #707, #2419, #5622 ) ;
#1574 = EDGE_CURVE ( 'NONE', #3797, #5122, #3829, .T. ) ;
#1575 = CARTESIAN_POINT ( 'NONE',  ( 10.25809121979610516, 79.96588747730039870, 1.733345955238746239 ) ) ;
#1576 = CARTESIAN_POINT ( 'NONE',  ( 6.524119756077862320, 31.90447354320628648, 25.59339015613882395 ) ) ;
#1577 = CARTESIAN_POINT ( 'NONE',  ( 7.718125884778280543, 52.40086587357522063, 21.59338565332864235 ) ) ;
#1578 = VERTEX_POINT ( 'NONE', #5537 ) ;
#1579 = DIRECTION ( 'NONE',  ( 0.9999999999990444310, 1.637162624955403556E-16, 1.382390865440721295E-06 ) ) ;
#1580 = ORIENTED_EDGE ( 'NONE', *, *, #1962, .F. ) ;
#1581 = LINE ( 'NONE', #565, #6660 ) ;
#1582 = DIRECTION ( 'NONE',  ( -8.145007187700838718E-17, 1.000000000000000000, 0.000000000000000000 ) ) ;
#1583 = ORIENTED_EDGE ( 'NONE', *, *, #1746, .T. ) ;
#1584 = EDGE_CURVE ( 'NONE', #1376, #2247, #3895, .T. ) ;
#1585 = DIRECTION ( 'NONE',  ( 1.000000000000000000, 0.000000000000000000, 0.000000000000000000 ) ) ;
#1586 = EDGE_LOOP ( 'NONE', ( #2550, #4141, #6584, #7175 ) ) ;
#1587 = LINE ( 'NONE', #3823, #3284 ) ;
#1588 = DIRECTION ( 'NONE',  ( 1.000000000000000000, 0.000000000000000000, 0.000000000000000000 ) ) ;
#1589 = CARTESIAN_POINT ( 'NONE',  ( -9.475880243922304658, 95.92998909243814865, -3.455201181230785235 ) ) ;
#1590 = DIRECTION ( 'NONE',  ( 0.000000000000000000, -7.657177843178876028E-19, 1.000000000000000000 ) ) ;
#1591 = ORIENTED_EDGE ( 'NONE', *, *, #5298, .T. ) ;
#1592 = ADVANCED_FACE ( 'NONE', ( #6042 ), #2287, .T. ) ;
#1593 = ORIENTED_EDGE ( 'NONE', *, *, #1746, .F. ) ;
#1594 = CARTESIAN_POINT ( 'NONE',  ( 34.42743494340627564, 70.89179932747566681, 25.59339015613882395 ) ) ;
#1595 = LINE ( 'NONE', #6555, #3380 ) ;
#1596 = CARTESIAN_POINT ( 'NONE',  ( -2.341905647706784777, 96.42998909243814865, 30.39339015613882466 ) ) ;
#1597 = CARTESIAN_POINT ( 'NONE',  ( 16.71809190687262259, 79.96588747730037028, 25.59337865670459777 ) ) ;
#1598 = CARTESIAN_POINT ( 'NONE',  ( 33.42743494340628985, 69.15974851990679895, 25.59339015613882395 ) ) ;
#1599 = ADVANCED_FACE ( 'NONE', ( #1732 ), #2210, .F. ) ;
#1600 = EDGE_LOOP ( 'NONE', ( #2769, #5024, #4920, #414 ) ) ;
#1601 = ORIENTED_EDGE ( 'NONE', *, *, #4800, .T. ) ;
#1602 = EDGE_LOOP ( 'NONE', ( #5269, #3556, #4661, #6238 ) ) ;
#1603 = LINE ( 'NONE', #6086, #4333 ) ;
#1604 = CARTESIAN_POINT ( 'NONE',  ( 17.20575331559039967, 79.96588747730039870, 8.208919501491095616 ) ) ;
#1605 = LINE ( 'NONE', #3811, #530 ) ;
#1606 = DIRECTION ( 'NONE',  ( -0.8660254037844404840, 0.4999999999999968914, 3.828588921589413940E-19 ) ) ;
#1607 = EDGE_CURVE ( 'NONE', #606, #4601, #474, .T. ) ;
#1608 = EDGE_CURVE ( 'NONE', #2302, #3070, #4598, .T. ) ;
#1609 = VERTEX_POINT ( 'NONE', #5678 ) ;
#1610 = DIRECTION ( 'NONE',  ( -1.233027339406024299E-16, 1.000000000000000000, 1.140444522621532418E-22 ) ) ;
#1611 = ORIENTED_EDGE ( 'NONE', *, *, #5451, .T. ) ;
#1612 = CYLINDRICAL_SURFACE ( 'NONE', #4586, 4.000000000000000000 ) ;
#1613 = DIRECTION ( 'NONE',  ( -3.330669073875469621E-15, 1.000000000000000000, 7.657177843178876991E-19 ) ) ;
#1614 = ADVANCED_FACE ( 'NONE', ( #6910 ), #4118, .T. ) ;
#1615 = ORIENTED_EDGE ( 'NONE', *, *, #5416, .T. ) ;
#1616 = DIRECTION ( 'NONE',  ( 0.9999999999975065501, 0.000000000000000000, -2.233187441433460782E-06 ) ) ;
#1617 = EDGE_LOOP ( 'NONE', ( #3993, #6734, #3460, #2681 ) ) ;
#1618 = CARTESIAN_POINT ( 'NONE',  ( -6.341905647706762572, 94.42998909243814865, -3.455201181230785235 ) ) ;
#1619 = DIRECTION ( 'NONE',  ( -0.000000000000000000, -0.000000000000000000, -1.000000000000000000 ) ) ;
#1620 = LINE ( 'NONE', #5532, #6103 ) ;
#1621 = LINE ( 'NONE', #5023, #4018 ) ;
#1622 = VERTEX_POINT ( 'NONE', #6220 ) ;
#1623 = ORIENTED_EDGE ( 'NONE', *, *, #664, .F. ) ;
#1624 = DIRECTION ( 'NONE',  ( 8.145007187700838718E-17, -1.000000000000000000, 0.000000000000000000 ) ) ;
#1625 = CARTESIAN_POINT ( 'NONE',  ( 4.624758211226104088, 23.68429699879670380, 48.24852314737201908 ) ) ;
#1626 = DIRECTION ( 'NONE',  ( 0.9999999999999712452, 1.698444961132044132E-16, -2.398395554651428848E-07 ) ) ;
#1627 = VECTOR ( 'NONE', #6815, 1000.000000000000000 ) ;
#1628 = DIRECTION ( 'NONE',  ( -1.000000000000000000, -3.663735981263016583E-15, -2.805387797898438817E-33 ) ) ;
#1629 = ADVANCED_FACE ( 'NONE', ( #2945 ), #686, .T. ) ;
#1630 = LINE ( 'NONE', #2216, #4368 ) ;
#1631 = ORIENTED_EDGE ( 'NONE', *, *, #6367, .F. ) ;
#1632 = VERTEX_POINT ( 'NONE', #2395 ) ;
#1633 = EDGE_CURVE ( 'NONE', #1520, #6735, #5099, .T. ) ;
#1634 = VERTEX_POINT ( 'NONE', #1234 ) ;
#1635 = VECTOR ( 'NONE', #1610, 1000.000000000000000 ) ;
#1636 = CARTESIAN_POINT ( 'NONE',  ( -17.40193782918062482, 79.96588747730039870, 21.59338103584048341 ) ) ;
#1637 = CARTESIAN_POINT ( 'NONE',  ( -0.3752417887738929148, 44.61588747730039017, 0.000000000000000000 ) ) ;
#1638 = LINE ( 'NONE', #7181, #5067 ) ;
#1639 = CARTESIAN_POINT ( 'NONE',  ( 0.7920689485087627491, 95.92998909243814865, 30.39339015613882466 ) ) ;
#1640 = AXIS2_PLACEMENT_3D ( 'NONE', #6189, #4534, #1821 ) ;
#1641 = EDGE_CURVE ( 'NONE', #3203, #6499, #724, .T. ) ;
#1642 = EDGE_LOOP ( 'NONE', ( #5840, #1406, #5064, #2777, #1455, #1067 ) ) ;
#1643 = PLANE ( 'NONE',  #6988 ) ;
#1644 = ORIENTED_EDGE ( 'NONE', *, *, #5136, .F. ) ;
#1645 = VECTOR ( 'NONE', #5712, 1000.000000000000114 ) ;
#1646 = EDGE_CURVE ( 'NONE', #5325, #5842, #2317, .T. ) ;
#1647 = DIRECTION ( 'NONE',  ( 1.000000000000000000, 1.233027339406024299E-16, -0.000000000000000000 ) ) ;
#1648 = CARTESIAN_POINT ( 'NONE',  ( 6.792068948508738657, 91.46588747730038449, 25.59339015613882395 ) ) ;
#1649 = CARTESIAN_POINT ( 'NONE',  ( 9.658094352293167262, 96.42998909243814865, 30.39339015613882466 ) ) ;
#1650 = AXIS2_PLACEMENT_3D ( 'NONE', #2427, #6861, #2899 ) ;
#1651 = ORIENTED_EDGE ( 'NONE', *, *, #5654, .F. ) ;
#1652 = SURFACE_STYLE_USAGE ( .BOTH. , #3305 ) ;
#1653 = VERTEX_POINT ( 'NONE', #3461 ) ;
#1654 = FACE_OUTER_BOUND ( 'NONE', #1415, .T. ) ;
#1655 = AXIS2_PLACEMENT_3D ( 'NONE', #468, #7194, #3349 ) ;
#1656 = VERTEX_POINT ( 'NONE', #6328 ) ;
#1657 = EDGE_CURVE ( 'NONE', #6251, #1155, #1340, .T. ) ;
#1658 = DIRECTION ( 'NONE',  ( 0.000000000000000000, -7.657177843178876028E-19, 1.000000000000000000 ) ) ;
#1659 = CARTESIAN_POINT ( 'NONE',  ( -10.34190564770675280, 96.42998909243814865, -3.455201181230785235 ) ) ;
#1660 = CARTESIAN_POINT ( 'NONE',  ( -17.40194335874751985, 79.96588747730037028, 25.59338352060716915 ) ) ;
#1661 = AXIS2_PLACEMENT_3D ( 'NONE', #1659, #1147, #5596 ) ;
#1662 = CIRCLE ( 'NONE', #6668, 9.599999999999997868 ) ;
#1663 = VERTEX_POINT ( 'NONE', #107 ) ;
#1664 = CARTESIAN_POINT ( 'NONE',  ( 1.658094352293206564, 87.50178586216263454, -3.455201181230785235 ) ) ;
#1665 = DIRECTION ( 'NONE',  ( -1.172497940839745224E-06, 0.000000000000000000, -0.9999999999993126609 ) ) ;
#1666 = VECTOR ( 'NONE', #712, 1000.000000000000000 ) ;
#1667 = AXIS2_PLACEMENT_3D ( 'NONE', #6497, #3737, #3812 ) ;
#1668 = CARTESIAN_POINT ( 'NONE',  ( -10.94190879738390620, 83.96588747730039870, 1.733345955128749116 ) ) ;
#1669 = CARTESIAN_POINT ( 'NONE',  ( 1.174758211226108351, -4.613701099919306436, 50.00000000000000000 ) ) ;
#1670 = DIRECTION ( 'NONE',  ( 0.8660254037844369313, 0.5000000000000029976, 3.828588921589461125E-19 ) ) ;
#1671 = ORIENTED_EDGE ( 'NONE', *, *, #3231, .F. ) ;
#1672 = ORIENTED_EDGE ( 'NONE', *, *, #5577, .T. ) ;
#1673 = CIRCLE ( 'NONE', #174, 4.000000000000000000 ) ;
#1674 = VERTEX_POINT ( 'NONE', #3534 ) ;
#1675 = CARTESIAN_POINT ( 'NONE',  ( -10.70204696904390218, 83.96588747730039870, 25.59339043256474966 ) ) ;
#1676 = CARTESIAN_POINT ( 'NONE',  ( -9.975241788773896445, 23.68429699879670736, 50.00000000000000000 ) ) ;
#1677 = FACE_OUTER_BOUND ( 'NONE', #3115, .T. ) ;
#1678 = VECTOR ( 'NONE', #2505, 1000.000000000000000 ) ;
#1679 = CARTESIAN_POINT ( 'NONE',  ( 8.792068948508729775, 95.92998909243814865, 30.39339015613882466 ) ) ;
#1680 = VECTOR ( 'NONE', #5788, 1000.000000000000000 ) ;
#1681 = VERTEX_POINT ( 'NONE', #5755 ) ;
#1682 = ADVANCED_FACE ( 'NONE', ( #4560, #3421, #767, #5129 ), #6802, .F. ) ;
#1683 = DIRECTION ( 'NONE',  ( -0.8660254037844369313, -0.5000000000000029976, -3.828588921589461125E-19 ) ) ;
#1684 = VECTOR ( 'NONE', #5690, 1000.000000000000000 ) ;
#1685 = EDGE_LOOP ( 'NONE', ( #5651, #3984, #1149, #1199 ) ) ;
#1686 = LINE ( 'NONE', #6099, #2726 ) ;
#1687 = DIRECTION ( 'NONE',  ( 1.000000000000000000, 0.000000000000000000, 0.000000000000000000 ) ) ;
#1688 = DIRECTION ( 'NONE',  ( 0.000000000000000000, 0.6739131047908450967, 0.7388106165934293923 ) ) ;
#1689 = VECTOR ( 'NONE', #6201, 999.9999999999998863 ) ;
#1690 = VERTEX_POINT ( 'NONE', #4047 ) ;
#1691 =( NAMED_UNIT ( * ) PLANE_ANGLE_UNIT ( ) SI_UNIT ( $, .RADIAN. ) );
#1692 = ORIENTED_EDGE ( 'NONE', *, *, #1932, .T. ) ;
#1693 = CARTESIAN_POINT ( 'NONE',  ( 9.224758211226104621, 2.386298900080695340, 50.00000000000000000 ) ) ;
#1694 = LINE ( 'NONE', #7126, #1066 ) ;
#1695 = CYLINDRICAL_SURFACE ( 'NONE', #3323, 11.19100519780026559 ) ;
#1696 = DIRECTION ( 'NONE',  ( -1.637162635542180680E-16, 1.000000000000000000, 7.657177843178876028E-19 ) ) ;
#1697 = EDGE_CURVE ( 'NONE', #5238, #3173, #2907, .T. ) ;
#1698 = ORIENTED_EDGE ( 'NONE', *, *, #947, .F. ) ;
#1699 = CARTESIAN_POINT ( 'NONE',  ( -7.207931051491207164, 89.00178586216263454, -3.455201181230785235 ) ) ;
#1700 = EDGE_CURVE ( 'NONE', #2603, #7023, #3525, .T. ) ;
#1701 = CARTESIAN_POINT ( 'NONE',  ( 15.71810914617797650, 44.61588747730039017, 9.208919501491093840 ) ) ;
#1702 = ADVANCED_FACE ( 'NONE', ( #4704 ), #217, .T. ) ;
#1703 = FACE_OUTER_BOUND ( 'NONE', #4391, .T. ) ;
#1704 = CARTESIAN_POINT ( 'NONE',  ( 35.29346034719071667, 72.39179932747565260, 25.59339015613882395 ) ) ;
#1705 = LINE ( 'NONE', #6183, #5875 ) ;
#1706 = ORIENTED_EDGE ( 'NONE', *, *, #1607, .F. ) ;
#1707 = ORIENTED_EDGE ( 'NONE', *, *, #6732, .F. ) ;
#1708 = ORIENTED_EDGE ( 'NONE', *, *, #4191, .F. ) ;
#1709 = EDGE_CURVE ( 'NONE', #2433, #2405, #4005, .T. ) ;
#1710 = VERTEX_POINT ( 'NONE', #2468 ) ;
#1711 = DIRECTION ( 'NONE',  ( 8.145007187700838718E-17, -1.000000000000000000, 0.000000000000000000 ) ) ;
#1712 = DIRECTION ( 'NONE',  ( 0.4999999999999965583, 0.8660254037844407060, 6.631310533488258216E-19 ) ) ;
#1713 = DIRECTION ( 'NONE',  ( 0.000000000000000000, 1.000000000000000000, 0.000000000000000000 ) ) ;
#1714 = CARTESIAN_POINT ( 'NONE',  ( -9.207931051491199170, 91.46588747730038449, 30.39339015613882466 ) ) ;
#1715 = ORIENTED_EDGE ( 'NONE', *, *, #5167, .F. ) ;
#1716 = CARTESIAN_POINT ( 'NONE',  ( 9.658094352293167262, 96.42998909243814865, -3.455201181230785235 ) ) ;
#1717 = ORIENTED_EDGE ( 'NONE', *, *, #1166, .F. ) ;
#1718 = EDGE_CURVE ( 'NONE', #5722, #4037, #5791, .T. ) ;
#1719 = DIRECTION ( 'NONE',  ( -0.000000000000000000, -0.000000000000000000, -1.000000000000000000 ) ) ;
#1720 = CARTESIAN_POINT ( 'NONE',  ( -5.824235094193059403, 2.386298900080692231, 50.00000000000000000 ) ) ;
#1721 = DIRECTION ( 'NONE',  ( 1.000000000000000000, 0.000000000000000000, 0.000000000000000000 ) ) ;
#1722 = EDGE_CURVE ( 'NONE', #1578, #2753, #2351, .T. ) ;
#1723 = VERTEX_POINT ( 'NONE', #7013 ) ;
#1724 = DIRECTION ( 'NONE',  ( -1.000000000000000000, -1.637162635542180680E-16, 5.971804101551019095E-17 ) ) ;
#1725 = ORIENTED_EDGE ( 'NONE', *, *, #2365, .T. ) ;
#1726 = LINE ( 'NONE', #6650, #3051 ) ;
#1727 = EDGE_CURVE ( 'NONE', #668, #1327, #3642, .T. ) ;
#1728 = DIRECTION ( 'NONE',  ( 0.000000000000000000, 0.000000000000000000, 1.000000000000000000 ) ) ;
#1729 = DIRECTION ( 'NONE',  ( -1.637162635542180433E-16, 1.000000000000000000, 7.657177843178876991E-19 ) ) ;
#1730 = CARTESIAN_POINT ( 'NONE',  ( 16.71812600482342503, 79.96588747730039870, 21.59337884695766263 ) ) ;
#1731 = EDGE_LOOP ( 'NONE', ( #4695, #2914, #3813, #1706 ) ) ;
#1732 = FACE_OUTER_BOUND ( 'NONE', #3265, .T. ) ;
#1733 = EDGE_LOOP ( 'NONE', ( #6408, #2119, #1958, #3586 ) ) ;
#1734 = ADVANCED_FACE ( 'NONE', ( #287 ), #322, .T. ) ;
#1735 = DIRECTION ( 'NONE',  ( 3.663735981263016583E-15, -1.000000000000000000, 0.000000000000000000 ) ) ;
#1736 = CARTESIAN_POINT ( 'NONE',  ( -2.341905647706777227, 87.50178586216263454, 30.39339015613882466 ) ) ;
#1737 = CARTESIAN_POINT ( 'NONE',  ( -4.961028226400810759, 49.13574277883045482, 25.59339487939777413 ) ) ;
#1738 = ORIENTED_EDGE ( 'NONE', *, *, #2345, .F. ) ;
#1739 = ORIENTED_EDGE ( 'NONE', *, *, #2399, .T. ) ;
#1740 = ORIENTED_EDGE ( 'NONE', *, *, #3664, .T. ) ;
#1741 = ORIENTED_EDGE ( 'NONE', *, *, #4907, .T. ) ;
#1742 = CARTESIAN_POINT ( 'NONE',  ( 6.524119756077632282, 89.00178586216263454, 25.59339015613882395 ) ) ;
#1743 = ADVANCED_FACE ( 'NONE', ( #6508 ), #4743, .T. ) ;
#1744 = AXIS2_PLACEMENT_3D ( 'NONE', #4416, #3801, #3283 ) ;
#1745 = FACE_BOUND ( 'NONE', #1157, .T. ) ;
#1746 = EDGE_CURVE ( 'NONE', #6927, #810, #2817, .T. ) ;
#1747 = DIRECTION ( 'NONE',  ( 8.145007187700838718E-17, -1.000000000000000000, 0.000000000000000000 ) ) ;
#1748 = AXIS2_PLACEMENT_3D ( 'NONE', #5010, #2129, #7155 ) ;
#1749 = ORIENTED_EDGE ( 'NONE', *, *, #4313, .T. ) ;
#1750 = EDGE_CURVE ( 'NONE', #3279, #6608, #4813, .T. ) ;
#1751 = LINE ( 'NONE', #1281, #2571 ) ;
#1752 = EDGE_LOOP ( 'NONE', ( #457, #6962, #3575 ) ) ;
#1753 = ORIENTED_EDGE ( 'NONE', *, *, #126, .F. ) ;
#1754 = CARTESIAN_POINT ( 'NONE',  ( 2.524119756077648269, 94.92998909243813443, 25.59339015613882395 ) ) ;
#1755 = VECTOR ( 'NONE', #5560, 1000.000000000000000 ) ;
#1756 = LINE ( 'NONE', #2757, #854 ) ;
#1757 = LINE ( 'NONE', #2423, #1192 ) ;
#1758 = PLANE ( 'NONE',  #3776 ) ;
#1759 = EDGE_LOOP ( 'NONE', ( #1951, #6767 ) ) ;
#1760 = VECTOR ( 'NONE', #74, 1000.000000000000000 ) ;
#1761 = ORIENTED_EDGE ( 'NONE', *, *, #6732, .T. ) ;
#1762 = LINE ( 'NONE', #3014, #1184 ) ;
#1763 = ORIENTED_EDGE ( 'NONE', *, *, #4286, .T. ) ;
#1764 = LINE ( 'NONE', #3997, #29 ) ;
#1765 = VECTOR ( 'NONE', #6066, 1000.000000000000000 ) ;
#1766 = DIRECTION ( 'NONE',  ( 1.734723475976805517E-15, 0.000000000000000000, 1.000000000000000000 ) ) ;
#1767 = DIRECTION ( 'NONE',  ( -0.4999999999999968914, -0.8660254037844404840, -6.631310533488256290E-19 ) ) ;
#1768 = ORIENTED_EDGE ( 'NONE', *, *, #4963, .F. ) ;
#1769 = DIRECTION ( 'NONE',  ( 0.8660254037844368202, 0.5000000000000032196, 3.828588921589462088E-19 ) ) ;
#1770 = ADVANCED_FACE ( 'NONE', ( #4335 ), #932, .F. ) ;
#1771 = ORIENTED_EDGE ( 'NONE', *, *, #4651, .F. ) ;
#1772 = VECTOR ( 'NONE', #4848, 1000.000000000000000 ) ;
#1773 = VERTEX_POINT ( 'NONE', #2100 ) ;
#1774 = DIRECTION ( 'NONE',  ( -0.000000000000000000, -0.000000000000000000, -1.000000000000000000 ) ) ;
#1775 = LINE ( 'NONE', #4012, #4611 ) ;
#1776 = VECTOR ( 'NONE', #5864, 1000.000000000000000 ) ;
#1777 = DIRECTION ( 'NONE',  ( -1.698444961132655992E-16, 1.000000000000000000, -2.347914800137057680E-22 ) ) ;
#1778 = ORIENTED_EDGE ( 'NONE', *, *, #3774, .T. ) ;
#1779 = ORIENTED_EDGE ( 'NONE', *, *, #4532, .F. ) ;
#1780 = ORIENTED_EDGE ( 'NONE', *, *, #3934, .T. ) ;
#1781 = LINE ( 'NONE', #698, #1512 ) ;
#1782 = DIRECTION ( 'NONE',  ( 1.000000000000000000, 0.000000000000000000, 0.000000000000000000 ) ) ;
#1783 = VECTOR ( 'NONE', #4352, 1000.000000000000000 ) ;
#1784 = VECTOR ( 'NONE', #4976, 1000.000000000000000 ) ;
#1785 = PLANE ( 'NONE',  #6699 ) ;
#1786 = CARTESIAN_POINT ( 'NONE',  ( -7.141904324620614197, 79.96588747730039870, -8.612982309369936856E-18 ) ) ;
#1787 = CARTESIAN_POINT ( 'NONE',  ( -5.375241788773892360, 23.68429699879671091, 25.59339430679273164 ) ) ;
#1788 = VECTOR ( 'NONE', #3612, 1000.000000000000000 ) ;
#1789 = VECTOR ( 'NONE', #2665, 1000.000000000000000 ) ;
#1790 = EDGE_LOOP ( 'NONE', ( #5312, #5984, #1473, #175 ) ) ;
#1791 = CARTESIAN_POINT ( 'NONE',  ( -9.207931051491199170, 92.46588747730038449, 30.39339015613882466 ) ) ;
#1792 = EDGE_CURVE ( 'NONE', #5116, #806, #967, .T. ) ;
#1793 = ORIENTED_EDGE ( 'NONE', *, *, #5011, .T. ) ;
#1794 = ORIENTED_EDGE ( 'NONE', *, *, #670, .F. ) ;
#1795 = EDGE_CURVE ( 'NONE', #4969, #1211, #4853, .T. ) ;
#1796 = AXIS2_PLACEMENT_3D ( 'NONE', #6869, #1232, #1843 ) ;
#1797 = CARTESIAN_POINT ( 'NONE',  ( -12.40190417009391766, -14.07277949271606943, -3.455167634022405565 ) ) ;
#1798 = AXIS2_PLACEMENT_3D ( 'NONE', #3722, #6514, #5907 ) ;
#1799 = PLANE ( 'NONE',  #872 ) ;
#1800 = LINE ( 'NONE', #2422, #1084 ) ;
#1801 = DIRECTION ( 'NONE',  ( -0.9999999999990444310, 0.000000000000000000, -1.382390865693872338E-06 ) ) ;
#1802 = LINE ( 'NONE', #2931, #1900 ) ;
#1803 = VERTEX_POINT ( 'NONE', #3607 ) ;
#1804 = VECTOR ( 'NONE', #4060, 999.9999999999998863 ) ;
#1805 = EDGE_LOOP ( 'NONE', ( #5996, #4914, #1820, #5481 ) ) ;
#1806 = FACE_OUTER_BOUND ( 'NONE', #727, .T. ) ;
#1807 = VERTEX_POINT ( 'NONE', #6476 ) ;
#1808 = VECTOR ( 'NONE', #2185, 1000.000000000000000 ) ;
#1809 = DIRECTION ( 'NONE',  ( 0.000000000000000000, 0.000000000000000000, 1.000000000000000000 ) ) ;
#1810 = CARTESIAN_POINT ( 'NONE',  ( 3.658094352293191687, 92.96588747730038449, -3.455201181230785235 ) ) ;
#1811 = ORIENTED_EDGE ( 'NONE', *, *, #1709, .T. ) ;
#1812 = DIRECTION ( 'NONE',  ( 1.000000000000000000, 0.000000000000000000, -0.000000000000000000 ) ) ;
#1813 = ORIENTED_EDGE ( 'NONE', *, *, #2748, .F. ) ;
#1814 = EDGE_LOOP ( 'NONE', ( #449, #890 ) ) ;
#1815 = CARTESIAN_POINT ( 'NONE',  ( -7.141904798018987144, 79.96588747730039870, -0.3285348025956015827 ) ) ;
#1816 = LINE ( 'NONE', #148, #4839 ) ;
#1817 = FACE_OUTER_BOUND ( 'NONE', #6951, .T. ) ;
#1818 = ORIENTED_EDGE ( 'NONE', *, *, #5232, .T. ) ;
#1819 = EDGE_LOOP ( 'NONE', ( #82, #3548 ) ) ;
#1820 = ORIENTED_EDGE ( 'NONE', *, *, #360, .F. ) ;
#1821 = DIRECTION ( 'NONE',  ( 0.000000000000000000, 1.000000000000000000, 0.000000000000000000 ) ) ;
#1822 = LINE ( 'NONE', #6737, #5424 ) ;
#1823 = ADVANCED_FACE ( 'NONE', ( #5317 ), #869, .T. ) ;
#1824 = FACE_OUTER_BOUND ( 'NONE', #5621, .T. ) ;
#1825 = VERTEX_POINT ( 'NONE', #5932 ) ;
#1826 = CARTESIAN_POINT ( 'NONE',  ( 10.52411975607784633, 31.90447354320630069, 25.59339015613882395 ) ) ;
#1827 = ORIENTED_EDGE ( 'NONE', *, *, #6011, .F. ) ;
#1828 = ORIENTED_EDGE ( 'NONE', *, *, #2765, .T. ) ;
#1829 = LINE ( 'NONE', #5734, #6813 ) ;
#1830 = CARTESIAN_POINT ( 'NONE',  ( -11.20793105149119029, 88.00178586216263454, 30.39339015613882466 ) ) ;
#1831 = ADVANCED_FACE ( 'NONE', ( #1405 ), #3098, .F. ) ;
#1832 = ADVANCED_FACE ( 'NONE', ( #3204 ), #4779, .T. ) ;
#1833 = CARTESIAN_POINT ( 'NONE',  ( -3.475880243922329083, 92.46588747730038449, -3.455201181230785235 ) ) ;
#1834 = CARTESIAN_POINT ( 'NONE',  ( -11.20793105149119029, 95.92998909243814865, 30.39339015613882466 ) ) ;
#1835 = DIRECTION ( 'NONE',  ( -1.000000000000000000, -3.663735981263016583E-15, -2.805387797898438817E-33 ) ) ;
#1836 = EDGE_LOOP ( 'NONE', ( #4655, #1465, #6777, #6912 ) ) ;
#1837 = EDGE_LOOP ( 'NONE', ( #497, #5425, #96, #991 ) ) ;
#1838 = LINE ( 'NONE', #2980, #5969 ) ;
#1839 = ORIENTED_EDGE ( 'NONE', *, *, #5561, .T. ) ;
#1840 = PLANE ( 'NONE',  #155 ) ;
#1841 = LINE ( 'NONE', #2392, #180 ) ;
#1842 = EDGE_CURVE ( 'NONE', #2063, #2052, #3059, .T. ) ;
#1843 = DIRECTION ( 'NONE',  ( -3.330669073875469621E-15, 1.000000000000000000, 0.000000000000000000 ) ) ;
#1844 = VERTEX_POINT ( 'NONE', #1959 ) ;
#1845 = CARTESIAN_POINT ( 'NONE',  ( 10.52411975607761541, 88.00178586216262033, -3.455201181230785235 ) ) ;
#1846 = ORIENTED_EDGE ( 'NONE', *, *, #729, .T. ) ;
#1847 = ORIENTED_EDGE ( 'NONE', *, *, #4253, .T. ) ;
#1848 = FACE_OUTER_BOUND ( 'NONE', #4189, .T. ) ;
#1849 = LINE ( 'NONE', #4086, #5296 ) ;
#1850 = LINE ( 'NONE', #111, #5291 ) ;
#1851 = EDGE_LOOP ( 'NONE', ( #3739, #16, #7048, #6327 ) ) ;
#1852 = ORIENTED_EDGE ( 'NONE', *, *, #7032, .T. ) ;
#1853 = ORIENTED_EDGE ( 'NONE', *, *, #586, .F. ) ;
#1854 = LINE ( 'NONE', #738, #6233 ) ;
#1855 = EDGE_CURVE ( 'NONE', #4734, #390, #6438, .T. ) ;
#1856 = FACE_BOUND ( 'NONE', #1642, .T. ) ;
#1857 = DIRECTION ( 'NONE',  ( 1.361274163781735362E-06, 4.659964044330040050E-22, 0.9999999999990734079 ) ) ;
#1858 = ADVANCED_BREP_SHAPE_REPRESENTATION ( 'gello_teleop_flexiv_l2', ( #1881, #6358 ), #4966 ) ;
#1859 = ADVANCED_FACE ( 'NONE', ( #5383 ), #5900, .F. ) ;
#1860 = ORIENTED_EDGE ( 'NONE', *, *, #2093, .F. ) ;
#1861 = LINE ( 'NONE', #4099, #137 ) ;
#1862 = EDGE_CURVE ( 'NONE', #2202, #3247, #2615, .T. ) ;
#1863 = VERTEX_POINT ( 'NONE', #2830 ) ;
#1864 = ORIENTED_EDGE ( 'NONE', *, *, #5709, .T. ) ;
#1865 = CARTESIAN_POINT ( 'NONE',  ( -0.3752417887738929148, 2.386298900080694452, 0.000000000000000000 ) ) ;
#1866 = LINE ( 'NONE', #6784, #411 ) ;
#1867 = CARTESIAN_POINT ( 'NONE',  ( 9.224801415566679097, 44.61588747730039017, 2.654196434013524064E-05 ) ) ;
#1868 = DIRECTION ( 'NONE',  ( 0.000000000000000000, 0.000000000000000000, 1.000000000000000000 ) ) ;
#1869 = AXIS2_PLACEMENT_3D ( 'NONE', #5146, #3983, #3441 ) ;
#1870 = VERTEX_POINT ( 'NONE', #3241 ) ;
#1871 = ORIENTED_EDGE ( 'NONE', *, *, #873, .F. ) ;
#1872 = CARTESIAN_POINT ( 'NONE',  ( 16.71809190687262969, 31.90447354320630780, -3.455176181230787069 ) ) ;
#1873 = EDGE_CURVE ( 'NONE', #4763, #3403, #464, .T. ) ;
#1874 = ORIENTED_EDGE ( 'NONE', *, *, #5243, .F. ) ;
#1875 = CIRCLE ( 'NONE', #1640, 1.550000000000000266 ) ;
#1876 = EDGE_CURVE ( 'NONE', #5455, #4048, #5456, .T. ) ;
#1877 = CARTESIAN_POINT ( 'NONE',  ( -9.975241788773891116, 2.386298900080693564, 6.649999999999996803 ) ) ;
#1878 = AXIS2_PLACEMENT_3D ( 'NONE', #2434, #4638, #2987 ) ;
#1879 = EDGE_CURVE ( 'NONE', #1050, #4457, #2238, .T. ) ;
#1880 = CARTESIAN_POINT ( 'NONE',  ( 6.792068948508738657, 92.46588747730038449, 25.59339015613882395 ) ) ;
#1881 = MANIFOLD_SOLID_BREP ( '\X2\570689d2\X0\15', #6286 ) ;
#1882 = EDGE_LOOP ( 'NONE', ( #6058, #4049, #4046, #5158 ) ) ;
#1883 = DIRECTION ( 'NONE',  ( -1.000000000000000000, -3.663735981263016583E-15, -2.805387797898438817E-33 ) ) ;
#1884 = ORIENTED_EDGE ( 'NONE', *, *, #5051, .T. ) ;
#1885 = EDGE_CURVE ( 'NONE', #7095, #4617, #6582, .T. ) ;
#1886 = AXIS2_PLACEMENT_3D ( 'NONE', #1522, #5395, #4863 ) ;
#1887 = VERTEX_POINT ( 'NONE', #2723 ) ;
#1888 = LINE ( 'NONE', #1815, #4856 ) ;
#1889 = DIRECTION ( 'NONE',  ( -9.035018104050192173E-17, 7.657177843178727732E-19, -1.000000000000000000 ) ) ;
#1890 = LINE ( 'NONE', #6226, #3312 ) ;
#1891 = EDGE_LOOP ( 'NONE', ( #471, #5756, #1426, #2829 ) ) ;
#1892 = AXIS2_PLACEMENT_3D ( 'NONE', #4227, #5426, #828 ) ;
#1893 = ORIENTED_EDGE ( 'NONE', *, *, #4777, .T. ) ;
#1894 = EDGE_LOOP ( 'NONE', ( #3145, #7154, #4705, #3451 ) ) ;
#1895 = ORIENTED_EDGE ( 'NONE', *, *, #1352, .T. ) ;
#1896 = VECTOR ( 'NONE', #2200, 1000.000000000000000 ) ;
#1897 = CARTESIAN_POINT ( 'NONE',  ( -16.72124990694748448, 81.50926866007812066, 25.59339015613882395 ) ) ;
#1898 = CARTESIAN_POINT ( 'NONE',  ( 9.658094352293174367, 87.50178586216263454, 30.39339015613882466 ) ) ;
#1899 = VERTEX_POINT ( 'NONE', #3884 ) ;
#1900 = VECTOR ( 'NONE', #6828, 1000.000000000000000 ) ;
#1901 = VECTOR ( 'NONE', #3151, 1000.000000000000114 ) ;
#1902 = CARTESIAN_POINT ( 'NONE',  ( -8.401937866840357927, 91.21413387534181538, 21.59338794779475279 ) ) ;
#1903 = ORIENTED_EDGE ( 'NONE', *, *, #1414, .T. ) ;
#1904 = ORIENTED_EDGE ( 'NONE', *, *, #1334, .T. ) ;
#1905 = CARTESIAN_POINT ( 'NONE',  ( -5.207931051491215158, 91.46588747730038449, 25.59339015613882395 ) ) ;
#1906 = PLANE ( 'NONE',  #3673 ) ;
#1907 = AXIS2_PLACEMENT_3D ( 'NONE', #7022, #1967, #3795 ) ;
#1908 = DIRECTION ( 'NONE',  ( -0.000000000000000000, -0.000000000000000000, -1.000000000000000000 ) ) ;
#1909 = DIRECTION ( 'NONE',  ( 1.000000000000000000, 0.000000000000000000, 0.000000000000000000 ) ) ;
#1910 = VECTOR ( 'NONE', #343, 1000.000000000000000 ) ;
#1911 = EDGE_CURVE ( 'NONE', #4183, #1926, #3985, .T. ) ;
#1912 = ORIENTED_EDGE ( 'NONE', *, *, #6469, .T. ) ;
#1913 = ORIENTED_EDGE ( 'NONE', *, *, #1104, .T. ) ;
#1914 = LINE ( 'NONE', #4152, #3277 ) ;
#1915 = VECTOR ( 'NONE', #1590, 1000.000000000000000 ) ;
#1916 = ORIENTED_EDGE ( 'NONE', *, *, #4173, .F. ) ;
#1917 = AXIS2_PLACEMENT_3D ( 'NONE', #5802, #2445, #4574 ) ;
#1918 = CARTESIAN_POINT ( 'NONE',  ( -11.20793105149099844, 31.90447354320623319, 25.59339015613882395 ) ) ;
#1919 = EDGE_CURVE ( 'NONE', #2594, #5703, #960, .T. ) ;
#1920 = DIRECTION ( 'NONE',  ( -1.000000000000000000, -0.000000000000000000, -0.000000000000000000 ) ) ;
#1921 = AXIS2_PLACEMENT_3D ( 'NONE', #5007, #4397, #4464 ) ;
#1922 = AXIS2_PLACEMENT_3D ( 'NONE', #2767, #5021, #2105 ) ;
#1923 = CARTESIAN_POINT ( 'NONE',  ( 2.524119756077647381, 89.00178586216263454, -3.455201181230785235 ) ) ;
#1924 = ORIENTED_EDGE ( 'NONE', *, *, #6906, .F. ) ;
#1925 = CARTESIAN_POINT ( 'NONE',  ( -0.3752417887738929148, 2.386298900080694452, 50.00000000000000000 ) ) ;
#1926 = VERTEX_POINT ( 'NONE', #6136 ) ;
#1927 = VECTOR ( 'NONE', #3735, 1000.000000000000000 ) ;
#1928 = EDGE_LOOP ( 'NONE', ( #796, #5490, #5987, #6248, #1846, #1761 ) ) ;
#1929 = CARTESIAN_POINT ( 'NONE',  ( -16.40192070901317578, 79.96588747730039870, 9.208919501491093840 ) ) ;
#1930 = EDGE_CURVE ( 'NONE', #4831, #4064, #537, .T. ) ;
#1931 = CARTESIAN_POINT ( 'NONE',  ( 3.624758211226107640, -6.340670791627874614, 46.35000000000000853 ) ) ;
#1932 = EDGE_CURVE ( 'NONE', #6742, #5924, #6657, .T. ) ;
#1933 = CARTESIAN_POINT ( 'NONE',  ( 0.7920689485087619719, 89.00178586216263454, 25.59339015613882395 ) ) ;
#1934 = VERTEX_POINT ( 'NONE', #605 ) ;
#1935 = VECTOR ( 'NONE', #7137, 1000.000000000000000 ) ;
#1936 = EDGE_CURVE ( 'NONE', #3196, #845, #5558, .T. ) ;
#1937 = ORIENTED_EDGE ( 'NONE', *, *, #3976, .T. ) ;
#1938 = ORIENTED_EDGE ( 'NONE', *, *, #3188, .F. ) ;
#1939 = VERTEX_POINT ( 'NONE', #66 ) ;
#1940 = DIRECTION ( 'NONE',  ( -8.145007187700838718E-17, 1.000000000000000000, -0.000000000000000000 ) ) ;
#1941 = CARTESIAN_POINT ( 'NONE',  ( -5.375241788773895912, 23.68429699879670736, 47.45564548093039292 ) ) ;
#1942 = EDGE_CURVE ( 'NONE', #4983, #6360, #1142, .T. ) ;
#1943 = ORIENTED_EDGE ( 'NONE', *, *, #903, .T. ) ;
#1944 = DIRECTION ( 'NONE',  ( -0.5000000000000032196, 0.8660254037844368202, 6.631310533488228364E-19 ) ) ;
#1945 = ORIENTED_EDGE ( 'NONE', *, *, #6266, .F. ) ;
#1946 = DIRECTION ( 'NONE',  ( -1.000000000000000000, 0.000000000000000000, 0.000000000000000000 ) ) ;
#1947 = LINE ( 'NONE', #3445, #5767 ) ;
#1948 = DIRECTION ( 'NONE',  ( 3.663735981263016583E-15, -1.000000000000000000, 0.000000000000000000 ) ) ;
#1949 = CARTESIAN_POINT ( 'NONE',  ( 5.075764905806941840, 2.386298900080696672, 50.00000000000000000 ) ) ;
#1950 = ORIENTED_EDGE ( 'NONE', *, *, #467, .F. ) ;
#1951 = ORIENTED_EDGE ( 'NONE', *, *, #7055, .T. ) ;
#1952 = DIRECTION ( 'NONE',  ( -0.9999999999999982236, 0.000000000000000000, 5.902893091651518852E-08 ) ) ;
#1953 = VERTEX_POINT ( 'NONE', #6614 ) ;
#1954 = EDGE_CURVE ( 'NONE', #5870, #6400, #5053, .T. ) ;
#1955 = DIRECTION ( 'NONE',  ( -3.330669073875469621E-15, 1.000000000000000000, 0.000000000000000000 ) ) ;
#1956 = FACE_BOUND ( 'NONE', #3602, .T. ) ;
#1957 = CARTESIAN_POINT ( 'NONE',  ( -9.541908788773930894, 79.96588747730039870, -0.9166540207712660093 ) ) ;
#1958 = ORIENTED_EDGE ( 'NONE', *, *, #5344, .F. ) ;
#1959 = CARTESIAN_POINT ( 'NONE',  ( -10.94190879738390620, 83.96588747730039870, 1.733345955128749116 ) ) ;
#1960 = ORIENTED_EDGE ( 'NONE', *, *, #2126, .T. ) ;
#1961 = CYLINDRICAL_SURFACE ( 'NONE', #4102, 4.000000000000000000 ) ;
#1962 = EDGE_CURVE ( 'NONE', #4177, #3942, #3850, .T. ) ;
#1963 = ORIENTED_EDGE ( 'NONE', *, *, #6625, .F. ) ;
#1964 = DIRECTION ( 'NONE',  ( 1.000000000000000000, 0.000000000000000000, 0.000000000000000000 ) ) ;
#1965 = LINE ( 'NONE', #4784, #274 ) ;
#1966 = CARTESIAN_POINT ( 'NONE',  ( -2.341905647706784777, 96.42998909243814865, -3.455201181230785235 ) ) ;
#1967 = DIRECTION ( 'NONE',  ( -0.000000000000000000, -0.000000000000000000, -1.000000000000000000 ) ) ;
#1968 = EDGE_LOOP ( 'NONE', ( #1644, #3153, #1549, #2146, #3894 ) ) ;
#1969 = ORIENTED_EDGE ( 'NONE', *, *, #367, .F. ) ;
#1971 = ORIENTED_EDGE ( 'NONE', *, *, #638, .T. ) ;
#1970 = CARTESIAN_POINT ( 'NONE',  ( 0.5241197560776622577, 91.46588747730037028, 30.39339015613882466 ) ) ;
#1972 = PLANE ( 'NONE',  #2447 ) ;
#1973 = CARTESIAN_POINT ( 'NONE',  ( 11.71813144992445466, 83.96588747730039870, 25.59339015613882395 ) ) ;
#1974 = CARTESIAN_POINT ( 'NONE',  ( 6.524119756077632282, 95.92998909243814865, -3.455201181230785235 ) ) ;
#1975 = CARTESIAN_POINT ( 'NONE',  ( 0.7920689485087619719, 89.00178586216263454, -3.455201181230785235 ) ) ;
#1976 = EDGE_LOOP ( 'NONE', ( #150, #7198, #5443, #5336, #3970, #5650, #1023, #6995, #2948, #3504, #6178, #978, #1779, #473, #2788, #3467, #5375, #3129, #887, #6491, #2456, #4366, #4284, #4600, #6967, #1404, #5178, #1249 ) ) ;
#1977 = DIRECTION ( 'NONE',  ( -0.8660254037844368202, -0.5000000000000032196, 0.000000000000000000 ) ) ;
#1978 = ORIENTED_EDGE ( 'NONE', *, *, #4651, .T. ) ;
#1979 = EDGE_CURVE ( 'NONE', #6368, #2995, #1838, .T. ) ;
#1980 = LINE ( 'NONE', #3702, #6925 ) ;
#1981 = DIRECTION ( 'NONE',  ( 1.253604545855391828E-34, -7.657177843178875065E-19, 1.000000000000000000 ) ) ;
#1982 = EDGE_CURVE ( 'NONE', #1190, #2913, #7121, .T. ) ;
#1983 = DIRECTION ( 'NONE',  ( 8.145007187700838718E-17, -1.000000000000000000, 0.000000000000000000 ) ) ;
#1984 = CARTESIAN_POINT ( 'NONE',  ( -4.375241788773892360, 2.386298900080694008, 46.35000000000000853 ) ) ;
#1985 = EDGE_CURVE ( 'NONE', #6439, #2809, #3404, .T. ) ;
#1986 = EDGE_LOOP ( 'NONE', ( #5858, #3021, #1200, #6137, #4590, #1079 ) ) ;
#1987 = FACE_OUTER_BOUND ( 'NONE', #6292, .T. ) ;
#1988 = ORIENTED_EDGE ( 'NONE', *, *, #4076, .T. ) ;
#1989 = CARTESIAN_POINT ( 'NONE',  ( 1.658094352293200346, 89.50178586216263454, 25.59339015613882395 ) ) ;
#1990 = FACE_BOUND ( 'NONE', #5641, .T. ) ;
#1991 = FACE_BOUND ( 'NONE', #5108, .T. ) ;
#1992 = AXIS2_PLACEMENT_3D ( 'NONE', #1136, #7079, #6575 ) ;
#1993 = ORIENTED_EDGE ( 'NONE', *, *, #7166, .T. ) ;
#1994 = CARTESIAN_POINT ( 'NONE',  ( -4.341905647706776783, 92.96588747730038449, -3.455201181230785235 ) ) ;
#1995 = VERTEX_POINT ( 'NONE', #1226 ) ;
#1996 = DIRECTION ( 'NONE',  ( 8.145007187700838718E-17, -1.000000000000000000, 0.000000000000000000 ) ) ;
#1997 = CARTESIAN_POINT ( 'NONE',  ( 3.624758211226107196, 2.684296998796706912, 43.35000000000000853 ) ) ;
#1998 = CARTESIAN_POINT ( 'NONE',  ( 3.624758211226107196, 2.386298900080694452, -3.455201181230785235 ) ) ;
#1999 = VECTOR ( 'NONE', #1037, 1000.000000000000000 ) ;
#2000 = LINE ( 'NONE', #5828, #5881 ) ;
#2001 = LINE ( 'NONE', #5869, #4602 ) ;
#2002 = ORIENTED_EDGE ( 'NONE', *, *, #1245, .T. ) ;
#2003 = ADVANCED_FACE ( 'NONE', ( #4514 ), #173, .T. ) ;
#2004 = VERTEX_POINT ( 'NONE', #4663 ) ;
#2005 = FACE_OUTER_BOUND ( 'NONE', #4407, .T. ) ;
#2006 = CARTESIAN_POINT ( 'NONE',  ( -8.341905647706754579, 90.96588747730038449, 25.59339015613882395 ) ) ;
#2007 = VECTOR ( 'NONE', #4789, 1000.000000000000000 ) ;
#2008 = FACE_BOUND ( 'NONE', #88, .T. ) ;
#2009 = PLANE ( 'NONE',  #2033 ) ;
#2010 = AXIS2_PLACEMENT_3D ( 'NONE', #5704, #1724, #5743 ) ;
#2011 = DIRECTION ( 'NONE',  ( 0.8660254037844407060, -0.4999999999999965583, -3.828588921589411533E-19 ) ) ;
#2012 = ORIENTED_EDGE ( 'NONE', *, *, #2943, .T. ) ;
#2013 = EDGE_LOOP ( 'NONE', ( #6370, #3361, #6636, #4640 ) ) ;
#2014 = CARTESIAN_POINT ( 'NONE',  ( -5.475880243922321533, 94.92998909243813443, 30.39339015613882466 ) ) ;
#2015 = VECTOR ( 'NONE', #3951, 1000.000000000000000 ) ;
#2016 = CARTESIAN_POINT ( 'NONE',  ( -5.207931051491215158, 92.46588747730038449, -3.455201181230785235 ) ) ;
#2017 = LINE ( 'NONE', #1429, #2270 ) ;
#2018 = LINE ( 'NONE', #3668, #53 ) ;
#2019 = CARTESIAN_POINT ( 'NONE',  ( 6.458090141575103971, 83.96588747730039870, 1.733346179548747479 ) ) ;
#2020 = EDGE_CURVE ( 'NONE', #4763, #413, #645, .T. ) ;
#2021 = AXIS2_PLACEMENT_3D ( 'NONE', #3011, #6498, #1909 ) ;
#2022 = ORIENTED_EDGE ( 'NONE', *, *, #5451, .F. ) ;
#2023 = EDGE_CURVE ( 'NONE', #2606, #2352, #6167, .T. ) ;
#2024 = DIRECTION ( 'NONE',  ( 0.8660254037844404840, -0.4999999999999968914, 0.000000000000000000 ) ) ;
#2025 = EDGE_CURVE ( 'NONE', #6343, #3107, #1762, .T. ) ;
#2026 = EDGE_LOOP ( 'NONE', ( #7025, #4509, #4639, #6649 ) ) ;
#2027 = AXIS2_PLACEMENT_3D ( 'NONE', #2538, #824, #3158 ) ;
#2028 = VECTOR ( 'NONE', #2224, 1000.000000000000000 ) ;
#2029 = DIRECTION ( 'NONE',  ( 1.000000000000000000, 1.637162635542180433E-16, 0.000000000000000000 ) ) ;
#2030 = CARTESIAN_POINT ( 'NONE',  ( 8.175764905806939709, 2.386298900080696672, 50.00000000000000000 ) ) ;
#2031 = LINE ( 'NONE', #2570, #1678 ) ;
#2032 = VECTOR ( 'NONE', #552, 1000.000000000000000 ) ;
#2033 = AXIS2_PLACEMENT_3D ( 'NONE', #5439, #445, #6454 ) ;
#2034 = ORIENTED_EDGE ( 'NONE', *, *, #3015, .F. ) ;
#2035 = DIRECTION ( 'NONE',  ( -1.000000000000000000, 0.000000000000000000, -1.114431823080011029E-16 ) ) ;
#2036 = ORIENTED_EDGE ( 'NONE', *, *, #1873, .F. ) ;
#2037 = LINE ( 'NONE', #3719, #4569 ) ;
#2038 = VECTOR ( 'NONE', #825, 1000.000000000000227 ) ;
#2039 = CARTESIAN_POINT ( 'NONE',  ( 16.71809190687261903, 103.9658874773003987, -3.455176181230787069 ) ) ;
#2040 = CIRCLE ( 'NONE', #743, 4.000000000000000000 ) ;
#2041 = DIRECTION ( 'NONE',  ( 0.000000000000000000, 0.000000000000000000, 1.000000000000000000 ) ) ;
#2042 = DIRECTION ( 'NONE',  ( 0.000000000000000000, 1.000000000000000000, 2.168404344971008868E-16 ) ) ;
#2043 = FACE_OUTER_BOUND ( 'NONE', #6392, .T. ) ;
#2044 = ORIENTED_EDGE ( 'NONE', *, *, #6176, .T. ) ;
#2045 = VECTOR ( 'NONE', #1354, 999.9999999999998863 ) ;
#2046 = PLANE ( 'NONE',  #5945 ) ;
#2047 = EDGE_CURVE ( 'NONE', #6911, #6264, #134, .T. ) ;
#2048 = CARTESIAN_POINT ( 'NONE',  ( -9.784195482811888667, -14.07277949271606943, 8.588580297008748587 ) ) ;
#2049 = AXIS2_PLACEMENT_3D ( 'NONE', #124, #1284, #4581 ) ;
#2050 = LINE ( 'NONE', #4281, #3670 ) ;
#2051 = DIRECTION ( 'NONE',  ( 0.000000000000000000, 0.000000000000000000, -1.000000000000000000 ) ) ;
#2052 = VERTEX_POINT ( 'NONE', #5631 ) ;
#2053 = VERTEX_POINT ( 'NONE', #2388 ) ;
#2054 = CARTESIAN_POINT ( 'NONE',  ( -9.975241788773892893, 2.386298900080692675, 0.000000000000000000 ) ) ;
#2055 = AXIS2_PLACEMENT_3D ( 'NONE', #5006, #4934, #6126 ) ;
#2056 = EDGE_CURVE ( 'NONE', #6159, #4111, #2343, .T. ) ;
#2057 = DIRECTION ( 'NONE',  ( 1.000000000000000000, 0.000000000000000000, -1.982614996657750776E-14 ) ) ;
#2058 = LINE ( 'NONE', #4288, #5644 ) ;
#2059 = CARTESIAN_POINT ( 'NONE',  ( -2.341905647706782112, 96.42998909243812022, 25.59339015613882395 ) ) ;
#2060 = FACE_OUTER_BOUND ( 'NONE', #1395, .T. ) ;
#2061 = ORIENTED_EDGE ( 'NONE', *, *, #2047, .T. ) ;
#2062 = PLANE ( 'NONE',  #1168 ) ;
#2063 = VERTEX_POINT ( 'NONE', #4589 ) ;
#2064 = EDGE_CURVE ( 'NONE', #3247, #4328, #2936, .T. ) ;
#2065 = LINE ( 'NONE', #6395, #5853 ) ;
#2066 = CYLINDRICAL_SURFACE ( 'NONE', #4362, 1.549999999999999378 ) ;
#2067 = DIRECTION ( 'NONE',  ( -3.663735981263016583E-15, 1.000000000000000000, 7.657177843178876028E-19 ) ) ;
#2068 = ORIENTED_EDGE ( 'NONE', *, *, #1574, .F. ) ;
#2069 = DIRECTION ( 'NONE',  ( -2.398395554651428848E-07, 7.656785186819922139E-19, -0.9999999999999712452 ) ) ;
#2070 = EDGE_CURVE ( 'NONE', #1299, #6198, #3530, .T. ) ;
#2071 = ORIENTED_EDGE ( 'NONE', *, *, #6587, .T. ) ;
#2072 = CARTESIAN_POINT ( 'NONE',  ( -3.207931051491221819, 88.00178586216263454, 30.39339015613882466 ) ) ;
#2073 = ADVANCED_FACE ( 'NONE', ( #99 ), #680, .T. ) ;
#2074 = CARTESIAN_POINT ( 'NONE',  ( -0.3752417887738929148, 2.386298900080694452, 50.00000000000000000 ) ) ;
#2075 = DIRECTION ( 'NONE',  ( 0.9999999999990444310, 1.637162624955403556E-16, 1.382390865440721295E-06 ) ) ;
#2076 = FACE_OUTER_BOUND ( 'NONE', #7, .T. ) ;
#2077 = LINE ( 'NONE', #1454, #5521 ) ;
#2078 = ORIENTED_EDGE ( 'NONE', *, *, #2682, .T. ) ;
#2079 = VERTEX_POINT ( 'NONE', #2310 ) ;
#2080 = FACE_OUTER_BOUND ( 'NONE', #1790, .T. ) ;
#2081 = LINE ( 'NONE', #7067, #1162 ) ;
#2082 = DIRECTION ( 'NONE',  ( -1.637162635542180433E-16, 1.000000000000000000, 7.657177843178876991E-19 ) ) ;
#2083 = DIRECTION ( 'NONE',  ( -0.8660254037844407060, 0.4999999999999965583, 3.828588921589411533E-19 ) ) ;
#2084 = CARTESIAN_POINT ( 'NONE',  ( 7.718125884778277879, 79.96588747730039870, 21.59338565332864235 ) ) ;
#2085 = ORIENTED_EDGE ( 'NONE', *, *, #4207, .F. ) ;
#2086 = ORIENTED_EDGE ( 'NONE', *, *, #6666, .T. ) ;
#2087 = ORIENTED_EDGE ( 'NONE', *, *, #2904, .F. ) ;
#2088 = LINE ( 'NONE', #4932, #5956 ) ;
#2089 = DIRECTION ( 'NONE',  ( -0.000000000000000000, -0.000000000000000000, -1.000000000000000000 ) ) ;
#2090 = PLANE ( 'NONE',  #2978 ) ;
#2091 = CARTESIAN_POINT ( 'NONE',  ( 8.858091211226080119, 79.96588747730039870, -0.9166540207712658983 ) ) ;
#2092 = VERTEX_POINT ( 'NONE', #6749 ) ;
#2093 = EDGE_CURVE ( 'NONE', #2668, #4160, #3569, .T. ) ;
#2094 = CARTESIAN_POINT ( 'NONE',  ( 16.71809661036495598, 44.61588747730039017, 3.690062717788030459E-05 ) ) ;
#2095 = ORIENTED_EDGE ( 'NONE', *, *, #6431, .F. ) ;
#2096 = ADVANCED_FACE ( 'NONE', ( #1806 ), #3995, .F. ) ;
#2097 = DIRECTION ( 'NONE',  ( 0.8660254037844369313, 0.5000000000000029976, 0.000000000000000000 ) ) ;
#2098 = DIRECTION ( 'NONE',  ( 0.8660254037844404840, -0.4999999999999968914, 0.000000000000000000 ) ) ;
#2099 = VERTEX_POINT ( 'NONE', #792 ) ;
#2100 = CARTESIAN_POINT ( 'NONE',  ( 4.524119756077639387, 91.46588747730037028, 30.39339015613882466 ) ) ;
#2101 = ORIENTED_EDGE ( 'NONE', *, *, #2584, .T. ) ;
#2102 = VECTOR ( 'NONE', #366, 1000.000000000000000 ) ;
#2103 = CARTESIAN_POINT ( 'NONE',  ( -7.141904798018988032, 83.96588747730039870, -0.3285348025956015272 ) ) ;
#2104 = EDGE_CURVE ( 'NONE', #5705, #108, #6209, .T. ) ;
#2105 = DIRECTION ( 'NONE',  ( 0.8660254037844369313, 0.5000000000000029976, 0.000000000000000000 ) ) ;
#2106 = VECTOR ( 'NONE', #2715, 1000.000000000000000 ) ;
#2107 = CARTESIAN_POINT ( 'NONE',  ( -5.207931051491215158, 92.46588747730038449, -3.455201181230785235 ) ) ;
#2108 = ORIENTED_EDGE ( 'NONE', *, *, #3539, .F. ) ;
#2109 = ORIENTED_EDGE ( 'NONE', *, *, #4453, .T. ) ;
#2110 = DIRECTION ( 'NONE',  ( 0.8660254037844404840, -0.4999999999999968914, 0.000000000000000000 ) ) ;
#2111 = EDGE_CURVE ( 'NONE', #2831, #1663, #4443, .T. ) ;
#2112 = CARTESIAN_POINT ( 'NONE',  ( -3.207931051491222707, 94.92998909243814865, -3.455201181230785235 ) ) ;
#2113 = VECTOR ( 'NONE', #1024, 1000.000000000000000 ) ;
#2114 = LINE ( 'NONE', #3802, #5079 ) ;
#2115 = CARTESIAN_POINT ( 'NONE',  ( 9.100377905283123070, -14.07277949271606943, 19.48643130392574818 ) ) ;
#2116 = CARTESIAN_POINT ( 'NONE',  ( -11.20793105149119029, 89.00178586216263454, 30.39339015613882466 ) ) ;
#2117 = AXIS2_PLACEMENT_3D ( 'NONE', #6687, #7164, #1182 ) ;
#2118 = ORIENTED_EDGE ( 'NONE', *, *, #3815, .T. ) ;
#2119 = ORIENTED_EDGE ( 'NONE', *, *, #5807, .F. ) ;
#2120 = ORIENTED_EDGE ( 'NONE', *, *, #903, .F. ) ;
#2121 = LINE ( 'NONE', #5005, #3518 ) ;
#2122 = DIRECTION ( 'NONE',  ( -0.9999999999990735189, -4.336808689937966935E-16, 1.361274163781735574E-06 ) ) ;
#2123 = VECTOR ( 'NONE', #2203, 1000.000000000000114 ) ;
#2124 = CARTESIAN_POINT ( 'NONE',  ( -9.784195482811934852, 82.06588747730039302, 19.48643130160574799 ) ) ;
#2125 = DIRECTION ( 'NONE',  ( -0.8660254037844368202, -0.5000000000000032196, -3.828588921589462570E-19 ) ) ;
#2126 = EDGE_CURVE ( 'NONE', #793, #448, #28, .T. ) ;
#2127 = ORIENTED_EDGE ( 'NONE', *, *, #2023, .F. ) ;
#2128 = VECTOR ( 'NONE', #5452, 1000.000000000000000 ) ;
#2129 = DIRECTION ( 'NONE',  ( 1.382390865693872549E-06, 2.844970253766149569E-22, -0.9999999999990445421 ) ) ;
#2130 = EDGE_LOOP ( 'NONE', ( #5034, #3953, #723, #3835 ) ) ;
#2131 = EDGE_CURVE ( 'NONE', #6012, #5600, #2176, .T. ) ;
#2132 = PLANE ( 'NONE',  #5614 ) ;
#2133 = VECTOR ( 'NONE', #1553, 1000.000000000000000 ) ;
#2134 = CARTESIAN_POINT ( 'NONE',  ( -0.3752417887738960234, 9.386298900080694452, 43.35000000000000853 ) ) ;
#2135 = ORIENTED_EDGE ( 'NONE', *, *, #1440, .T. ) ;
#2136 = VECTOR ( 'NONE', #3679, 1000.000000000000000 ) ;
#2137 = ORIENTED_EDGE ( 'NONE', *, *, #834, .T. ) ;
#2138 = VECTOR ( 'NONE', #3597, 1000.000000000000000 ) ;
#2139 = LINE ( 'NONE', #2240, #5839 ) ;
#2140 = ADVANCED_FACE ( 'NONE', ( #4409 ), #5492, .T. ) ;
#2141 = DIRECTION ( 'NONE',  ( 0.9999999999990444310, 1.637162624955403556E-16, 1.382390865440721295E-06 ) ) ;
#2142 = CARTESIAN_POINT ( 'NONE',  ( -10.34190564770674570, 94.42998909243814865, 30.39339015613882466 ) ) ;
#2143 = VECTOR ( 'NONE', #2403, 1000.000000000000114 ) ;
#2144 = AXIS2_PLACEMENT_3D ( 'NONE', #5838, #2589, #304 ) ;
#2145 = CARTESIAN_POINT ( 'NONE',  ( -10.59190878877392805, 79.96588747730039870, 23.53334597922873783 ) ) ;
#2146 = ORIENTED_EDGE ( 'NONE', *, *, #6443, .T. ) ;
#2147 = ORIENTED_EDGE ( 'NONE', *, *, #4001, .T. ) ;
#2148 = CARTESIAN_POINT ( 'NONE',  ( -9.784195482811062661, 79.96588747730039870, 8.108345979229751421 ) ) ;
#2149 = CARTESIAN_POINT ( 'NONE',  ( 16.71809190687262614, 79.96588747730037028, -3.455176181230787069 ) ) ;
#2150 = VECTOR ( 'NONE', #2067, 1000.000000000000000 ) ;
#2151 = VECTOR ( 'NONE', #1305, 1000.000000000000000 ) ;
#2152 = EDGE_CURVE ( 'NONE', #2981, #2279, #6308, .T. ) ;
#2153 = EDGE_CURVE ( 'NONE', #5094, #754, #5020, .T. ) ;
#2154 = PLANE ( 'NONE',  #3220 ) ;
#2155 = DIRECTION ( 'NONE',  ( -1.637162635542180680E-16, 1.000000000000000000, 7.657177843178876028E-19 ) ) ;
#2156 = LINE ( 'NONE', #2844, #3423 ) ;
#2157 = VECTOR ( 'NONE', #1165, 1000.000000000000000 ) ;
#2158 = ORIENTED_EDGE ( 'NONE', *, *, #2111, .F. ) ;
#2159 = ORIENTED_EDGE ( 'NONE', *, *, #5050, .F. ) ;
#2160 = EDGE_LOOP ( 'NONE', ( #2909, #4175, #4951, #4754 ) ) ;
#2161 = CARTESIAN_POINT ( 'NONE',  ( 8.524119756077624288, 91.46588747730037028, 30.39339015613882466 ) ) ;
#2162 = VECTOR ( 'NONE', #6530, 1000.000000000000000 ) ;
#2163 = DIRECTION ( 'NONE',  ( 0.8660254037844404840, -0.4999999999999968359, -3.828588921589414421E-19 ) ) ;
#2164 = FACE_OUTER_BOUND ( 'NONE', #1521, .T. ) ;
#2165 = EDGE_CURVE ( 'NONE', #338, #4912, #572, .T. ) ;
#2166 = DIRECTION ( 'NONE',  ( 1.000000000000000000, 0.000000000000000000, 0.000000000000000000 ) ) ;
#2167 = ORIENTED_EDGE ( 'NONE', *, *, #5103, .T. ) ;
#2168 = ORIENTED_EDGE ( 'NONE', *, *, #5748, .T. ) ;
#2169 = DIRECTION ( 'NONE',  ( -0.8660254037844368202, -0.5000000000000032196, 0.000000000000000000 ) ) ;
#2170 = DIRECTION ( 'NONE',  ( -1.000000000000000000, 0.000000000000000000, 0.000000000000000000 ) ) ;
#2171 = EDGE_LOOP ( 'NONE', ( #6900, #838, #6953, #1717 ) ) ;
#2172 = EDGE_CURVE ( 'NONE', #5815, #6372, #2242, .T. ) ;
#2173 = ORIENTED_EDGE ( 'NONE', *, *, #2887, .F. ) ;
#2174 = CARTESIAN_POINT ( 'NONE',  ( -6.341905647706769678, 89.50178586216263454, -3.455201181230785235 ) ) ;
#2175 = EDGE_CURVE ( 'NONE', #3012, #5822, #1694, .T. ) ;
#2176 = LINE ( 'NONE', #5595, #5500 ) ;
#2177 = EDGE_CURVE ( 'NONE', #5916, #1995, #6007, .T. ) ;
#2178 = DIRECTION ( 'NONE',  ( -4.336808689946272655E-16, 1.000000000000000000, -3.150194465480397974E-22 ) ) ;
#2179 = CARTESIAN_POINT ( 'NONE',  ( 6.524119756077631394, 95.92998909243813443, 30.39339015613882466 ) ) ;
#2180 = VERTEX_POINT ( 'NONE', #6037 ) ;
#2181 = ORIENTED_EDGE ( 'NONE', *, *, #3832, .T. ) ;
#2182 = EDGE_CURVE ( 'NONE', #2079, #3070, #1542, .T. ) ;
#2183 = CARTESIAN_POINT ( 'NONE',  ( -5.475880243922321533, 94.92998909243813443, -3.455201181230785235 ) ) ;
#2184 = CARTESIAN_POINT ( 'NONE',  ( -9.207931051491199170, 91.46588747730038449, 25.59339015613882395 ) ) ;
#2185 = DIRECTION ( 'NONE',  ( 4.336808689941983716E-16, -1.000000000000000000, -0.000000000000000000 ) ) ;
#2186 = CARTESIAN_POINT ( 'NONE',  ( -12.80190320228618717, 31.90447354320630780, 25.59339015613882395 ) ) ;
#2187 = DIRECTION ( 'NONE',  ( -0.8660254037844407060, 0.4999999999999965583, 3.828588921589411533E-19 ) ) ;
#2188 = VERTEX_POINT ( 'NONE', #6140 ) ;
#2189 = ORIENTED_EDGE ( 'NONE', *, *, #1166, .T. ) ;
#2190 = ORIENTED_EDGE ( 'NONE', *, *, #3385, .F. ) ;
#2191 = CARTESIAN_POINT ( 'NONE',  ( 9.100377905283076885, 82.06588747730039302, 20.48643130160573378 ) ) ;
#2192 = CARTESIAN_POINT ( 'NONE',  ( 9.224758211226104621, 2.386298900080694896, 6.649999999999996803 ) ) ;
#2193 = PLANE ( 'NONE',  #1921 ) ;
#2194 = DIRECTION ( 'NONE',  ( -0.8520570299616279097, 0.000000000000000000, -0.5234489637901381665 ) ) ;
#2195 = VERTEX_POINT ( 'NONE', #2766 ) ;
#2196 = PLANE ( 'NONE',  #4329 ) ;
#2197 = EDGE_CURVE ( 'NONE', #6075, #5825, #1146, .T. ) ;
#2198 = ORIENTED_EDGE ( 'NONE', *, *, #5362, .T. ) ;
#2199 = CARTESIAN_POINT ( 'NONE',  ( 4.624758211226106752, 5.646072006329797513E-16, 0.000000000000000000 ) ) ;
#2200 = DIRECTION ( 'NONE',  ( -1.253604545855391828E-34, 7.657177843178875065E-19, -1.000000000000000000 ) ) ;
#2201 = DIRECTION ( 'NONE',  ( -1.091152692702142892E-32, 1.339658354568195596E-16, -1.000000000000000000 ) ) ;
#2202 = VERTEX_POINT ( 'NONE', #4379 ) ;
#2203 = DIRECTION ( 'NONE',  ( -0.8660254037844404840, 0.4999999999999968914, 3.828588921589413940E-19 ) ) ;
#2204 = EDGE_LOOP ( 'NONE', ( #1904, #5940, #5814, #91 ) ) ;
#2205 = DIRECTION ( 'NONE',  ( 0.000000000000000000, -7.657177843178876028E-19, 1.000000000000000000 ) ) ;
#2206 = CARTESIAN_POINT ( 'NONE',  ( -0.3752417887738916935, -4.613701099919306436, 50.00000000000000000 ) ) ;
#2207 = CARTESIAN_POINT ( 'NONE',  ( 9.224758211226108173, 18.68429699879670736, 7.002432244001774093E-17 ) ) ;
#2208 = CARTESIAN_POINT ( 'NONE',  ( 1.174758211226104354, 9.386298900080694452, 50.00000000000000000 ) ) ;
#2209 = ORIENTED_EDGE ( 'NONE', *, *, #2593, .F. ) ;
#2210 = PLANE ( 'NONE',  #493 ) ;
#2211 = DIRECTION ( 'NONE',  ( 0.000000000000000000, -1.000000000000000000, -7.657177843178876991E-19 ) ) ;
#2212 = CARTESIAN_POINT ( 'NONE',  ( -2.341905647706778115, 94.42998909243814865, -3.455201181230785235 ) ) ;
#2213 = CIRCLE ( 'NONE', #3508, 1.549999999999999378 ) ;
#2214 = EDGE_CURVE ( 'NONE', #5677, #3289, #4468, .T. ) ;
#2215 = DIRECTION ( 'NONE',  ( 3.663735981263016583E-15, -1.000000000000000000, 0.000000000000000000 ) ) ;
#2216 = CARTESIAN_POINT ( 'NONE',  ( -7.141907714210884883, -14.07277949271606943, 1.733346180468747555 ) ) ;
#2217 = ORIENTED_EDGE ( 'NONE', *, *, #2651, .T. ) ;
#2218 = ORIENTED_EDGE ( 'NONE', *, *, #4116, .T. ) ;
#2219 = ORIENTED_EDGE ( 'NONE', *, *, #4001, .F. ) ;
#2220 = VECTOR ( 'NONE', #3235, 1000.000000000000000 ) ;
#2221 = CARTESIAN_POINT ( 'NONE',  ( -9.541908788773927341, 79.96588747730039870, 23.53334597922873783 ) ) ;
#2222 = CARTESIAN_POINT ( 'NONE',  ( 10.52411975607761541, 95.92998909243814865, -3.455201181230785235 ) ) ;
#2223 = CARTESIAN_POINT ( 'NONE',  ( -9.975241788773901774, 44.61588747730039017, 0.000000000000000000 ) ) ;
#2224 = DIRECTION ( 'NONE',  ( 3.330669073875469621E-15, -1.000000000000000000, -7.657177843178876028E-19 ) ) ;
#2225 = ORIENTED_EDGE ( 'NONE', *, *, #290, .F. ) ;
#2226 = CARTESIAN_POINT ( 'NONE',  ( -4.341905647706776783, 92.96588747730038449, 30.39339015613882466 ) ) ;
#2227 = ORIENTED_EDGE ( 'NONE', *, *, #1962, .T. ) ;
#2228 = AXIS2_PLACEMENT_3D ( 'NONE', #2541, #5859, #1510 ) ;
#2229 = ORIENTED_EDGE ( 'NONE', *, *, #6197, .F. ) ;
#2230 = EDGE_CURVE ( 'NONE', #3225, #1622, #3310, .T. ) ;
#2231 = DIRECTION ( 'NONE',  ( 1.637162624713183322E-16, -1.000000000000000000, -5.817715957077952155E-23 ) ) ;
#2232 = CARTESIAN_POINT ( 'NONE',  ( -0.3419087887736186882, 79.96588747730039870, -9.216654020771256839 ) ) ;
#2233 = CARTESIAN_POINT ( 'NONE',  ( 9.658094352293167262, 89.50178586216263454, 30.39339015613882466 ) ) ;
#2234 = ADVANCED_FACE ( 'NONE', ( #4987 ), #5459, .F. ) ;
#2235 = MECHANICAL_DESIGN_GEOMETRIC_PRESENTATION_REPRESENTATION (  '', ( #6889 ), #2470 ) ;
#2236 = ADVANCED_FACE ( 'NONE', ( #5787 ), #6834, .T. ) ;
#2237 = ORIENTED_EDGE ( 'NONE', *, *, #1516, .T. ) ;
#2238 = LINE ( 'NONE', #5488, #2123 ) ;
#2239 = VERTEX_POINT ( 'NONE', #5200 ) ;
#2240 = CARTESIAN_POINT ( 'NONE',  ( 8.524119756077842780, 31.90447354320629358, 25.59339015613882395 ) ) ;
#2241 = VECTOR ( 'NONE', #4043, 1000.000000000000000 ) ;
#2242 = LINE ( 'NONE', #1116, #4113 ) ;
#2243 = LINE ( 'NONE', #6588, #3541 ) ;
#2244 = ADVANCED_FACE ( 'NONE', ( #213 ), #6171, .F. ) ;
#2245 = CARTESIAN_POINT ( 'NONE',  ( -12.72124990694745961, 74.58106542980263498, 25.59339015613882395 ) ) ;
#2246 = VECTOR ( 'NONE', #6163, 1000.000000000000000 ) ;
#2247 = VERTEX_POINT ( 'NONE', #2391 ) ;
#2248 = CARTESIAN_POINT ( 'NONE',  ( -7.141907714210900870, 79.96588747730039870, 1.733346180468747555 ) ) ;
#2249 = FACE_OUTER_BOUND ( 'NONE', #1752, .T. ) ;
#2250 = CIRCLE ( 'NONE', #6325, 1.550000000000000488 ) ;
#2251 = CIRCLE ( 'NONE', #1667, 1.000000000000000888 ) ;
#2252 = PLANE ( 'NONE',  #1461 ) ;
#2253 = DIRECTION ( 'NONE',  ( 1.637162635542180926E-16, -1.000000000000000000, 3.674958425168608810E-22 ) ) ;
#2254 = CARTESIAN_POINT ( 'NONE',  ( -11.20793105149119029, 88.00178586216263454, 30.39339015613882466 ) ) ;
#2255 = ORIENTED_EDGE ( 'NONE', *, *, #3366, .T. ) ;
#2256 = ORIENTED_EDGE ( 'NONE', *, *, #4731, .F. ) ;
#2257 = VECTOR ( 'NONE', #5606, 1000.000000000000000 ) ;
#2258 = EDGE_LOOP ( 'NONE', ( #6273, #2778, #5894, #4669, #5559, #1988 ) ) ;
#2259 = VECTOR ( 'NONE', #229, 999.9999999999998863 ) ;
#2260 = CARTESIAN_POINT ( 'NONE',  ( -17.58727531073193262, 83.00926866007814908, 25.59339015613882395 ) ) ;
#2261 = ADVANCED_FACE ( 'NONE', ( #5673 ), #1840, .T. ) ;
#2262 = LINE ( 'NONE', #3944, #5541 ) ;
#2263 = CARTESIAN_POINT ( 'NONE',  ( -11.64190878877393232, 83.96588747730039870, -0.9166540207712658983 ) ) ;
#2264 = VECTOR ( 'NONE', #1297, 1000.000000000000114 ) ;
#2265 = DIRECTION ( 'NONE',  ( 1.000000000000000000, 0.000000000000000000, 0.000000000000000000 ) ) ;
#2266 = VECTOR ( 'NONE', #2941, 1000.000000000000000 ) ;
#2267 = ORIENTED_EDGE ( 'NONE', *, *, #5607, .F. ) ;
#2268 = LINE ( 'NONE', #1250, #5018 ) ;
#2269 = EDGE_CURVE ( 'NONE', #5516, #1533, #761, .T. ) ;
#2270 = VECTOR ( 'NONE', #3773, 1000.000000000000000 ) ;
#2271 = ORIENTED_EDGE ( 'NONE', *, *, #5480, .F. ) ;
#2272 = FACE_OUTER_BOUND ( 'NONE', #6010, .T. ) ;
#2273 = CARTESIAN_POINT ( 'NONE',  ( -3.207931051491221819, 89.00178586216263454, 25.59339015613882395 ) ) ;
#2274 = DIRECTION ( 'NONE',  ( 1.000000000000000000, 1.637162635542180433E-16, 0.000000000000000000 ) ) ;
#2275 = VECTOR ( 'NONE', #5887, 1000.000000000000000 ) ;
#2276 = ORIENTED_EDGE ( 'NONE', *, *, #5103, .F. ) ;
#2277 = EDGE_CURVE ( 'NONE', #5924, #3440, #2462, .T. ) ;
#2278 = CARTESIAN_POINT ( 'NONE',  ( 1.658094352293207230, 94.42998909243814865, 30.39339015613882466 ) ) ;
#2279 = VERTEX_POINT ( 'NONE', #6214 ) ;
#2280 = DIRECTION ( 'NONE',  ( -0.000000000000000000, -0.000000000000000000, -1.000000000000000000 ) ) ;
#2281 = AXIS2_PLACEMENT_3D ( 'NONE', #6669, #2122, #4425 ) ;
#2282 = CARTESIAN_POINT ( 'NONE',  ( -9.541908788773930894, 83.96588747730039870, -0.9166540207712660093 ) ) ;
#2283 = CARTESIAN_POINT ( 'NONE',  ( 16.71809190687262259, 79.96588747730037028, 25.59337865670459777 ) ) ;
#2284 = LINE ( 'NONE', #5495, #6913 ) ;
#2285 = EDGE_CURVE ( 'NONE', #4100, #7095, #6866, .T. ) ;
#2286 = ORIENTED_EDGE ( 'NONE', *, *, #2671, .T. ) ;
#2287 = PLANE ( 'NONE',  #5844 ) ;
#2288 = ORIENTED_EDGE ( 'NONE', *, *, #5580, .T. ) ;
#2289 = EDGE_CURVE ( 'NONE', #2340, #43, #387, .T. ) ;
#2290 = DIRECTION ( 'NONE',  ( -1.637162635542180433E-16, 1.000000000000000000, 7.657177843178876991E-19 ) ) ;
#2291 = DIRECTION ( 'NONE',  ( 0.000000000000000000, -7.657177843178876028E-19, 1.000000000000000000 ) ) ;
#2292 = CARTESIAN_POINT ( 'NONE',  ( -5.375241788773899465, 48.46183030178624307, 24.85458369019930558 ) ) ;
#2293 = ORIENTED_EDGE ( 'NONE', *, *, #4075, .T. ) ;
#2294 = ORIENTED_EDGE ( 'NONE', *, *, #5770, .T. ) ;
#2295 = EDGE_LOOP ( 'NONE', ( #6620, #5434, #1240, #1852, #5949, #855, #4009, #4676, #3281, #2471, #4547, #6340 ) ) ;
#2296 = VERTEX_POINT ( 'NONE', #682 ) ;
#2297 = DIRECTION ( 'NONE',  ( -1.629001437540167744E-16, 1.000000000000000000, 0.000000000000000000 ) ) ;
#2298 = CYLINDRICAL_SURFACE ( 'NONE', #6921, 4.000000000000000000 ) ;
#2299 = CARTESIAN_POINT ( 'NONE',  ( -0.3752417887738929148, 2.386298900080694452, 43.35000000000000853 ) ) ;
#2300 = ORIENTED_EDGE ( 'NONE', *, *, #950, .F. ) ;
#2301 = PLANE ( 'NONE',  #2691 ) ;
#2302 = VERTEX_POINT ( 'NONE', #4592 ) ;
#2303 = EDGE_LOOP ( 'NONE', ( #2414, #4687, #5376, #3805 ) ) ;
#2304 = CARTESIAN_POINT ( 'NONE',  ( 8.100377905283105306, 82.06588747730039302, 20.48643130160573378 ) ) ;
#2305 = CARTESIAN_POINT ( 'NONE',  ( -5.375241788773895912, 23.68429699879670736, 47.45564548093039292 ) ) ;
#2306 = CARTESIAN_POINT ( 'NONE',  ( 1.658094352293199458, 89.50178586216263454, -3.455201181230785235 ) ) ;
#2307 = CARTESIAN_POINT ( 'NONE',  ( -1.475880243922335966, 89.00178586216263454, -3.455201181230785235 ) ) ;
#2308 = ORIENTED_EDGE ( 'NONE', *, *, #7140, .F. ) ;
#2309 = ORIENTED_EDGE ( 'NONE', *, *, #5580, .F. ) ;
#2310 = CARTESIAN_POINT ( 'NONE',  ( 3.624758211226090765, 49.13572976694704408, 25.59340674831052453 ) ) ;
#2311 = EDGE_CURVE ( 'NONE', #5203, #4977, #6796, .T. ) ;
#2312 = ORIENTED_EDGE ( 'NONE', *, *, #3975, .T. ) ;
#2313 = DIRECTION ( 'NONE',  ( -3.330669073875469621E-15, 1.000000000000000000, 7.657177843178876991E-19 ) ) ;
#2314 = DIRECTION ( 'NONE',  ( -1.000000000000000000, 0.000000000000000000, -0.000000000000000000 ) ) ;
#2315 = CARTESIAN_POINT ( 'NONE',  ( 0.7920689485087619719, 89.00178586216263454, -3.455201181230785235 ) ) ;
#2316 = EDGE_LOOP ( 'NONE', ( #2256, #1274 ) ) ;
#2317 = LINE ( 'NONE', #6369, #4339 ) ;
#2318 = ORIENTED_EDGE ( 'NONE', *, *, #511, .T. ) ;
#2319 = DIRECTION ( 'NONE',  ( 1.000000000000000000, 3.330669073875469621E-15, 2.550352543544035319E-33 ) ) ;
#2320 = CARTESIAN_POINT ( 'NONE',  ( -11.70188262700910720, -14.07277949271606943, -3.455167634022391798 ) ) ;
#2321 = DIRECTION ( 'NONE',  ( 0.000000000000000000, -7.657177843178876028E-19, 1.000000000000000000 ) ) ;
#2322 = ORIENTED_EDGE ( 'NONE', *, *, #3184, .T. ) ;
#2323 = ADVANCED_FACE ( 'NONE', ( #1183 ), #4555, .F. ) ;
#2324 = ORIENTED_EDGE ( 'NONE', *, *, #6645, .F. ) ;
#2325 = EDGE_LOOP ( 'NONE', ( #6703, #5092, #4293, #3651, #632, #2229 ) ) ;
#2326 = EDGE_CURVE ( 'NONE', #1236, #6970, #1294, .T. ) ;
#2327 = VERTEX_POINT ( 'NONE', #177 ) ;
#2328 = LINE ( 'NONE', #2918, #6064 ) ;
#2329 = DIRECTION ( 'NONE',  ( 0.8660254037844368202, 0.5000000000000032196, 3.828588921589462088E-19 ) ) ;
#2330 = CARTESIAN_POINT ( 'NONE',  ( -1.475880243922336854, 94.92998909243813443, 30.39339015613882466 ) ) ;
#2331 = VERTEX_POINT ( 'NONE', #6504 ) ;
#2332 = FACE_OUTER_BOUND ( 'NONE', #6628, .T. ) ;
#2333 = ORIENTED_EDGE ( 'NONE', *, *, #2131, .F. ) ;
#2334 = VERTEX_POINT ( 'NONE', #5896 ) ;
#2335 = CIRCLE ( 'NONE', #4450, 1.549999999999999378 ) ;
#2336 = DIRECTION ( 'NONE',  ( 0.000000000000000000, 7.657177843178876028E-19, -1.000000000000000000 ) ) ;
#2337 = EDGE_CURVE ( 'NONE', #5040, #2385, #1438, .T. ) ;
#2338 = CARTESIAN_POINT ( 'NONE',  ( 9.908091211226080830, 79.96588747730039870, -0.9166540207712660093 ) ) ;
#2339 = DIRECTION ( 'NONE',  ( -3.330669073875469621E-15, 1.000000000000000000, 7.657177843178876991E-19 ) ) ;
#2340 = VERTEX_POINT ( 'NONE', #3678 ) ;
#2341 = VECTOR ( 'NONE', #2280, 1000.000000000000000 ) ;
#2342 = ORIENTED_EDGE ( 'NONE', *, *, #3135, .F. ) ;
#2343 = LINE ( 'NONE', #4073, #263 ) ;
#2344 = EDGE_LOOP ( 'NONE', ( #1591, #3339, #6270, #2879, #6898, #6655 ) ) ;
#2345 = EDGE_CURVE ( 'NONE', #1236, #5433, #4294, .T. ) ;
#2346 = DIRECTION ( 'NONE',  ( 0.000000000000000000, 0.000000000000000000, 1.000000000000000000 ) ) ;
#2347 = AXIS2_PLACEMENT_3D ( 'NONE', #2206, #1728, #1588 ) ;
#2348 = DIRECTION ( 'NONE',  ( 0.4999999999999965583, 0.8660254037844407060, 6.631310533488258216E-19 ) ) ;
#2349 = PLANE ( 'NONE',  #2499 ) ;
#2350 = ORIENTED_EDGE ( 'NONE', *, *, #1161, .T. ) ;
#2351 = LINE ( 'NONE', #5642, #1302 ) ;
#2352 = VERTEX_POINT ( 'NONE', #6971 ) ;
#2353 = VECTOR ( 'NONE', #2609, 1000.000000000000000 ) ;
#2354 = EDGE_CURVE ( 'NONE', #3368, #1578, #7008, .T. ) ;
#2355 = EDGE_LOOP ( 'NONE', ( #6041, #5713, #159, #7104 ) ) ;
#2356 = DIRECTION ( 'NONE',  ( -1.637162635542180680E-16, 1.000000000000000000, 3.731966045528938295E-22 ) ) ;
#2357 = CARTESIAN_POINT ( 'NONE',  ( 8.792068948508729775, 88.00178586216263454, 30.39339015613882466 ) ) ;
#2358 = VECTOR ( 'NONE', #273, 1000.000000000000000 ) ;
#2359 = DIRECTION ( 'NONE',  ( 1.629001437540167497E-16, -1.000000000000000000, -0.000000000000000000 ) ) ;
#2360 = EDGE_LOOP ( 'NONE', ( #5196, #6974 ) ) ;
#2361 = ORIENTED_EDGE ( 'NONE', *, *, #1369, .T. ) ;
#2362 = ORIENTED_EDGE ( 'NONE', *, *, #5576, .F. ) ;
#2363 = CARTESIAN_POINT ( 'NONE',  ( -4.375241788773892360, 2.684296998796706912, 46.35000000000000853 ) ) ;
#2364 = ADVANCED_FACE ( 'NONE', ( #823 ), #3199, .T. ) ;
#2365 = EDGE_CURVE ( 'NONE', #7115, #6050, #3771, .T. ) ;
#2366 = VECTOR ( 'NONE', #7034, 1000.000000000000000 ) ;
#2367 = AXIS2_PLACEMENT_3D ( 'NONE', #5305, #310, #5339 ) ;
#2368 = DIRECTION ( 'NONE',  ( 0.8660254037844369313, 0.5000000000000029976, 3.828588921589461125E-19 ) ) ;
#2369 = LINE ( 'NONE', #6849, #1568 ) ;
#2370 = CARTESIAN_POINT ( 'NONE',  ( -1.207931051491223373, 91.46588747730038449, 30.39339015613882466 ) ) ;
#2371 = VECTOR ( 'NONE', #4244, 1000.000000000000114 ) ;
#2372 = VECTOR ( 'NONE', #4061, 1000.000000000000114 ) ;
#2373 = VERTEX_POINT ( 'NONE', #4186 ) ;
#2374 = CARTESIAN_POINT ( 'NONE',  ( 2.792068948508754200, 91.46588747730038449, 30.39339015613882466 ) ) ;
#2375 = ORIENTED_EDGE ( 'NONE', *, *, #6044, .F. ) ;
#2376 = ORIENTED_EDGE ( 'NONE', *, *, #2153, .T. ) ;
#2377 = AXIS2_PLACEMENT_3D ( 'NONE', #5097, #5127, #4636 ) ;
#2378 = ADVANCED_FACE ( 'NONE', ( #3744 ), #317, .F. ) ;
#2379 = LINE ( 'NONE', #6275, #5538 ) ;
#2380 = CIRCLE ( 'NONE', #6667, 1.050000000000000488 ) ;
#2381 = DIRECTION ( 'NONE',  ( 0.000000000000000000, 1.000000000000000000, 7.657177843178876028E-19 ) ) ;
#2382 = CARTESIAN_POINT ( 'NONE',  ( 0.5241197560776622577, 91.46588747730037028, 30.39339015613882466 ) ) ;
#2383 = DIRECTION ( 'NONE',  ( -1.637162635542180433E-16, 1.000000000000000000, 7.657177843178875065E-19 ) ) ;
#2384 = DIRECTION ( 'NONE',  ( 1.000000000000000000, 0.000000000000000000, 0.000000000000000000 ) ) ;
#2385 = VERTEX_POINT ( 'NONE', #4263 ) ;
#2386 = VECTOR ( 'NONE', #1460, 1000.000000000000000 ) ;
#2387 = VERTEX_POINT ( 'NONE', #5313 ) ;
#2388 = CARTESIAN_POINT ( 'NONE',  ( -9.475880243922304658, 94.92998909243813443, 25.59339015613882395 ) ) ;
#2389 = ORIENTED_EDGE ( 'NONE', *, *, #927, .F. ) ;
#2390 = VECTOR ( 'NONE', #4541, 1000.000000000000000 ) ;
#2391 = CARTESIAN_POINT ( 'NONE',  ( -0.3419056477067787259, 90.96588747730038449, 30.39339015613882466 ) ) ;
#2392 = CARTESIAN_POINT ( 'NONE',  ( 59.04812727106966008, 18.68429699879671446, 9.541727490783596824E-05 ) ) ;
#2393 = DIRECTION ( 'NONE',  ( -3.330669073875469621E-15, 1.000000000000000000, 0.000000000000000000 ) ) ;
#2394 = ORIENTED_EDGE ( 'NONE', *, *, #3715, .F. ) ;
#2395 = CARTESIAN_POINT ( 'NONE',  ( 1.658094352293207230, 94.42998909243814865, 25.59339015613882395 ) ) ;
#2396 = AXIS2_PLACEMENT_3D ( 'NONE', #4462, #3333, #557 ) ;
#2397 = ORIENTED_EDGE ( 'NONE', *, *, #5308, .F. ) ;
#2398 = EDGE_CURVE ( 'NONE', #634, #6911, #2649, .T. ) ;
#2399 = EDGE_CURVE ( 'NONE', #5175, #3500, #1370, .T. ) ;
#2400 = ORIENTED_EDGE ( 'NONE', *, *, #2025, .T. ) ;
#2401 = CARTESIAN_POINT ( 'NONE',  ( 2.792068948508754200, 92.46588747730038449, -3.455201181230785235 ) ) ;
#2402 = DIRECTION ( 'NONE',  ( -0.8660254037844407060, 0.4999999999999965583, 3.828588921589411533E-19 ) ) ;
#2403 = DIRECTION ( 'NONE',  ( -0.8660254037844404840, 0.4999999999999968914, 3.828588921589413940E-19 ) ) ;
#2404 = EDGE_CURVE ( 'NONE', #2668, #1268, #386, .T. ) ;
#2405 = VERTEX_POINT ( 'NONE', #1989 ) ;
#2406 = ORIENTED_EDGE ( 'NONE', *, *, #5721, .T. ) ;
#2407 = ORIENTED_EDGE ( 'NONE', *, *, #3847, .T. ) ;
#2408 = EDGE_CURVE ( 'NONE', #5506, #4897, #3053, .T. ) ;
#2409 = APPLICATION_PROTOCOL_DEFINITION ( 'draft international standard', 'automotive_design', 1998, #4999 ) ;
#2410 = CARTESIAN_POINT ( 'NONE',  ( -16.40192070901317578, 79.96588747730039870, 8.208919501491095616 ) ) ;
#2411 = DIRECTION ( 'NONE',  ( -1.637162635542180433E-16, 1.000000000000000000, 7.657177843178876991E-19 ) ) ;
#2412 = CARTESIAN_POINT ( 'NONE',  ( -9.975241788773889340, -7.213701099919300752, 43.35000000000000853 ) ) ;
#2413 = EDGE_CURVE ( 'NONE', #5310, #697, #4773, .T. ) ;
#2414 = ORIENTED_EDGE ( 'NONE', *, *, #2345, .T. ) ;
#2415 = EDGE_CURVE ( 'NONE', #2327, #1899, #4878, .T. ) ;
#2416 = CARTESIAN_POINT ( 'NONE',  ( -4.375241788773897689, 34.38432220522847871, 37.69551609695469097 ) ) ;
#2417 = ORIENTED_EDGE ( 'NONE', *, *, #950, .T. ) ;
#2418 = ORIENTED_EDGE ( 'NONE', *, *, #3957, .T. ) ;
#2419 = DIRECTION ( 'NONE',  ( -0.5000000000000032196, 0.8660254037844368202, 6.631310533488228364E-19 ) ) ;
#2420 = CARTESIAN_POINT ( 'NONE',  ( -11.70188262700912141, 83.96588747730039870, -3.455167634022391798 ) ) ;
#2421 = EDGE_CURVE ( 'NONE', #4548, #4500, #6938, .T. ) ;
#2422 = CARTESIAN_POINT ( 'NONE',  ( 3.624758211226107196, 2.684296998796706912, 43.35000000000000853 ) ) ;
#2423 = CARTESIAN_POINT ( 'NONE',  ( 3.624758211226108084, -6.340670791627873726, 50.00000000000000000 ) ) ;
#2424 = EDGE_LOOP ( 'NONE', ( #2137, #1631, #194, #1381 ) ) ;
#2425 = ADVANCED_FACE ( 'NONE', ( #4156 ), #6433, .T. ) ;
#2426 = ORIENTED_EDGE ( 'NONE', *, *, #2629, .F. ) ;
#2427 = CARTESIAN_POINT ( 'NONE',  ( 6.625764905806940774, 2.386298900080696672, 50.00000000000000000 ) ) ;
#2428 = ORIENTED_EDGE ( 'NONE', *, *, #6069, .T. ) ;
#2429 = DIRECTION ( 'NONE',  ( 1.000000000000000000, 3.330669073875469621E-15, 2.550352543544035319E-33 ) ) ;
#2430 = PRODUCT_DEFINITION_SHAPE ( 'NONE', 'NONE',  #5401 ) ;
#2431 = DIRECTION ( 'NONE',  ( 3.663735981263016583E-15, -1.000000000000000000, 0.000000000000000000 ) ) ;
#2432 = CARTESIAN_POINT ( 'NONE',  ( 7.658094352293183249, 90.96588747730038449, 25.59339015613882395 ) ) ;
#2433 = VERTEX_POINT ( 'NONE', #3637 ) ;
#2434 = CARTESIAN_POINT ( 'NONE',  ( -0.3752417887738916935, -4.613701099919306436, 46.35000000000000853 ) ) ;
#2435 = ORIENTED_EDGE ( 'NONE', *, *, #6336, .T. ) ;
#2436 = VERTEX_POINT ( 'NONE', #7053 ) ;
#2437 = CARTESIAN_POINT ( 'NONE',  ( 16.71812600482343925, 52.40086587357522063, 21.59337884695766974 ) ) ;
#2438 = DIRECTION ( 'NONE',  ( 1.000000000000000000, 3.330669073875469621E-15, 2.550352543544035319E-33 ) ) ;
#2439 = LINE ( 'NONE', #5683, #2143 ) ;
#2440 = VERTEX_POINT ( 'NONE', #928 ) ;
#2441 = ORIENTED_EDGE ( 'NONE', *, *, #4324, .T. ) ;
#2442 = VERTEX_POINT ( 'NONE', #3125 ) ;
#2443 = EDGE_CURVE ( 'NONE', #1368, #1211, #2065, .T. ) ;
#2444 = CARTESIAN_POINT ( 'NONE',  ( 9.100377905245524701, 79.96588747730039870, 8.108345979228746003 ) ) ;
#2445 = DIRECTION ( 'NONE',  ( 0.000000000000000000, 0.000000000000000000, 1.000000000000000000 ) ) ;
#2446 = EDGE_LOOP ( 'NONE', ( #2237, #3615, #6929, #3972 ) ) ;
#2447 = AXIS2_PLACEMENT_3D ( 'NONE', #5328, #333, #4790 ) ;
#2448 = LINE ( 'NONE', #888, #5835 ) ;
#2449 = ORIENTED_EDGE ( 'NONE', *, *, #1191, .T. ) ;
#2450 = EDGE_LOOP ( 'NONE', ( #4056, #6621, #672, #3663, #3359, #4889 ) ) ;
#2451 = CARTESIAN_POINT ( 'NONE',  ( 10.01822159588610894, 83.96588747730039870, 25.59338546302474526 ) ) ;
#2452 = CARTESIAN_POINT ( 'NONE',  ( -17.40190320228619925, 103.9658874773003987, 30.39339015613882466 ) ) ;
#2453 = DIRECTION ( 'NONE',  ( 0.9999999999990444310, 1.637162624955403556E-16, 1.382390865440721295E-06 ) ) ;
#2454 = VECTOR ( 'NONE', #2968, 1000.000000000000000 ) ;
#2455 = ORIENTED_EDGE ( 'NONE', *, *, #968, .T. ) ;
#2456 = ORIENTED_EDGE ( 'NONE', *, *, #1954, .F. ) ;
#2457 = FACE_BOUND ( 'NONE', #5618, .T. ) ;
#2458 = ORIENTED_EDGE ( 'NONE', *, *, #3041, .F. ) ;
#2459 = EDGE_CURVE ( 'NONE', #5528, #3316, #5852, .T. ) ;
#2460 = EDGE_CURVE ( 'NONE', #5325, #1533, #1581, .T. ) ;
#2461 = EDGE_CURVE ( 'NONE', #3034, #5433, #5523, .T. ) ;
#2462 = LINE ( 'NONE', #5095, #2241 ) ;
#2463 = DIRECTION ( 'NONE',  ( -2.168404344971009115E-16, 0.000000000000000000, 1.000000000000000000 ) ) ;
#2464 = ADVANCED_FACE ( 'NONE', ( #4330 ), #1612, .F. ) ;
#2465 = AXIS2_PLACEMENT_3D ( 'NONE', #6291, #2873, #1300 ) ;
#2466 = FACE_OUTER_BOUND ( 'NONE', #1882, .T. ) ;
#2467 = ORIENTED_EDGE ( 'NONE', *, *, #2547, .F. ) ;
#2468 = CARTESIAN_POINT ( 'NONE',  ( -17.40192070901221300, 44.61588747730039017, 9.208918119100230726 ) ) ;
#2469 = ORIENTED_EDGE ( 'NONE', *, *, #1446, .T. ) ;
#2470 =( GEOMETRIC_REPRESENTATION_CONTEXT ( 3 ) GLOBAL_UNCERTAINTY_ASSIGNED_CONTEXT ( ( #4436 ) ) GLOBAL_UNIT_ASSIGNED_CONTEXT ( ( #4913, #1691, #7123 ) ) REPRESENTATION_CONTEXT ( 'NONE', 'WORKASPACE' ) );
#2471 = ORIENTED_EDGE ( 'NONE', *, *, #3472, .T. ) ;
#2472 = ADVANCED_FACE ( 'NONE', ( #3818 ), #2132, .T. ) ;
#2473 = DIRECTION ( 'NONE',  ( 0.000000000000000000, -7.657177843178876028E-19, 1.000000000000000000 ) ) ;
#2474 = CARTESIAN_POINT ( 'NONE',  ( -12.40190417009393364, 83.96588747730039870, -3.455167634022405565 ) ) ;
#2475 = DIRECTION ( 'NONE',  ( -3.330669073875469621E-15, 1.000000000000000000, 0.000000000000000000 ) ) ;
#2476 = ORIENTED_EDGE ( 'NONE', *, *, #841, .F. ) ;
#2477 = VECTOR ( 'NONE', #4370, 1000.000000000000000 ) ;
#2478 = ORIENTED_EDGE ( 'NONE', *, *, #1876, .F. ) ;
#2479 = ORIENTED_EDGE ( 'NONE', *, *, #6047, .T. ) ;
#2480 = VECTOR ( 'NONE', #2411, 1000.000000000000000 ) ;
#2481 = PLANE ( 'NONE',  #5886 ) ;
#2482 = LINE ( 'NONE', #4136, #2613 ) ;
#2483 = ORIENTED_EDGE ( 'NONE', *, *, #4576, .T. ) ;
#2484 = CIRCLE ( 'NONE', #7135, 4.000000000000000000 ) ;
#2485 = VECTOR ( 'NONE', #2194, 1000.000000000000114 ) ;
#2486 = FACE_OUTER_BOUND ( 'NONE', #5265, .T. ) ;
#2487 = ORIENTED_EDGE ( 'NONE', *, *, #7028, .T. ) ;
#2488 = DIRECTION ( 'NONE',  ( 0.5000000000000029976, -0.8660254037844369313, -6.631310533488230290E-19 ) ) ;
#2489 = CARTESIAN_POINT ( 'NONE',  ( -7.475880243922313539, 91.46588747730037028, 25.59339015613882395 ) ) ;
#2490 = ADVANCED_FACE ( 'NONE', ( #2758 ), #1030, .T. ) ;
#2491 = VECTOR ( 'NONE', #3136, 1000.000000000000000 ) ;
#2492 = DIRECTION ( 'NONE',  ( -0.4999999999999968914, -0.8660254037844404840, -6.631310533488256290E-19 ) ) ;
#2493 = DIRECTION ( 'NONE',  ( 3.330669073875469621E-15, -1.000000000000000000, -7.657177843178876028E-19 ) ) ;
#2494 = AXIS2_PLACEMENT_3D ( 'NONE', #3917, #6132, #3371 ) ;
#2495 = VERTEX_POINT ( 'NONE', #1543 ) ;
#2496 = EDGE_CURVE ( 'NONE', #2495, #2331, #4981, .T. ) ;
#2497 = VERTEX_POINT ( 'NONE', #2825 ) ;
#2498 = CARTESIAN_POINT ( 'NONE',  ( -8.584195482830899948, 79.96588747730039870, 19.48643130160574799 ) ) ;
#2499 = AXIS2_PLACEMENT_3D ( 'NONE', #2315, #247, #2393 ) ;
#2500 = ORIENTED_EDGE ( 'NONE', *, *, #1842, .F. ) ;
#2501 = VECTOR ( 'NONE', #4527, 999.9999999999998863 ) ;
#2502 = CARTESIAN_POINT ( 'NONE',  ( -10.34190564770675280, 89.50178586216263454, -3.455201181230785235 ) ) ;
#2503 = CARTESIAN_POINT ( 'NONE',  ( -1.207931051491223373, 92.46588747730038449, 30.39339015613882466 ) ) ;
#2504 = AXIS2_PLACEMENT_3D ( 'NONE', #6127, #1133, #558 ) ;
#2505 = DIRECTION ( 'NONE',  ( 8.145007187700838718E-17, -1.000000000000000000, -0.000000000000000000 ) ) ;
#2506 = EDGE_CURVE ( 'NONE', #3535, #4422, #1004, .T. ) ;
#2507 = ORIENTED_EDGE ( 'NONE', *, *, #5904, .T. ) ;
#2508 = DIRECTION ( 'NONE',  ( -0.8660254037844407060, 0.4999999999999965583, 3.828588921589411533E-19 ) ) ;
#2509 = ORIENTED_EDGE ( 'NONE', *, *, #5923, .F. ) ;
#2510 = CARTESIAN_POINT ( 'NONE',  ( 6.625764905806940774, 2.386298900080696672, 6.649999999999995914 ) ) ;
#2511 = VECTOR ( 'NONE', #5409, 1000.000000000000000 ) ;
#2512 = EDGE_LOOP ( 'NONE', ( #4459, #2979, #2712, #4630, #585, #4645 ) ) ;
#2513 = DIRECTION ( 'NONE',  ( 1.000000000000000000, 0.000000000000000000, 0.000000000000000000 ) ) ;
#2514 = CARTESIAN_POINT ( 'NONE',  ( 16.71809190687262259, 83.96588747730039870, -3.455176181230787069 ) ) ;
#2515 = CARTESIAN_POINT ( 'NONE',  ( 5.658094352293184137, 89.50178586216263454, 30.39339015613882466 ) ) ;
#2516 = ORIENTED_EDGE ( 'NONE', *, *, #6897, .F. ) ;
#2517 = ORIENTED_EDGE ( 'NONE', *, *, #2404, .F. ) ;
#2518 = CARTESIAN_POINT ( 'NONE',  ( 16.71813144991982014, 79.96588747730037028, 25.59337865665076706 ) ) ;
#2519 = EDGE_CURVE ( 'NONE', #3089, #4778, #3268, .T. ) ;
#2520 = LINE ( 'NONE', #4756, #5245 ) ;
#2521 = EDGE_CURVE ( 'NONE', #622, #657, #4434, .T. ) ;
#2522 = DIRECTION ( 'NONE',  ( -0.5000000000000032196, 0.8660254037844368202, 6.631310533488228364E-19 ) ) ;
#2523 = DIRECTION ( 'NONE',  ( 0.8660254037844369313, 0.5000000000000029976, 0.000000000000000000 ) ) ;
#2524 = DIRECTION ( 'NONE',  ( -0.000000000000000000, -0.000000000000000000, -1.000000000000000000 ) ) ;
#2525 = ORIENTED_EDGE ( 'NONE', *, *, #2713, .T. ) ;
#2526 = CARTESIAN_POINT ( 'NONE',  ( -8.341905647706761684, 92.96588747730038449, 30.39339015613882466 ) ) ;
#2527 = ORIENTED_EDGE ( 'NONE', *, *, #6752, .T. ) ;
#2528 = CARTESIAN_POINT ( 'NONE',  ( 2.524119756077648269, 94.92998909243813443, -3.455201181230785235 ) ) ;
#2529 = DIRECTION ( 'NONE',  ( 0.000000000000000000, -7.657177843178876028E-19, 1.000000000000000000 ) ) ;
#2530 = LINE ( 'NONE', #1255, #5634 ) ;
#2531 = CARTESIAN_POINT ( 'NONE',  ( 8.524119756077624288, 91.46588747730037028, -3.455201181230785235 ) ) ;
#2532 = ORIENTED_EDGE ( 'NONE', *, *, #2104, .T. ) ;
#2533 = ORIENTED_EDGE ( 'NONE', *, *, #2197, .T. ) ;
#2534 = DIRECTION ( 'NONE',  ( 1.637162635542180433E-16, -1.000000000000000000, -7.657177843178875065E-19 ) ) ;
#2535 = ORIENTED_EDGE ( 'NONE', *, *, #5577, .F. ) ;
#2536 = EDGE_CURVE ( 'NONE', #2809, #6927, #5976, .T. ) ;
#2537 = DIRECTION ( 'NONE',  ( 3.330669073875469621E-15, -1.000000000000000000, -7.657177843178876028E-19 ) ) ;
#2538 = CARTESIAN_POINT ( 'NONE',  ( -10.59190878877392805, 83.96588747730039870, 23.53334597922873783 ) ) ;
#2539 = FACE_BOUND ( 'NONE', #3412, .T. ) ;
#2540 = EDGE_LOOP ( 'NONE', ( #5786, #230, #2565, #2342 ) ) ;
#2541 = CARTESIAN_POINT ( 'NONE',  ( 6.524119756077632282, 95.92998909243814865, -3.455201181230785235 ) ) ;
#2542 = ORIENTED_EDGE ( 'NONE', *, *, #4395, .T. ) ;
#2543 = FACE_OUTER_BOUND ( 'NONE', #5427, .T. ) ;
#2544 = EDGE_LOOP ( 'NONE', ( #1062, #171, #5224, #755 ) ) ;
#2545 = LINE ( 'NONE', #1452, #7016 ) ;
#2546 = CYLINDRICAL_SURFACE ( 'NONE', #1798, 1.050000000000000488 ) ;
#2547 = EDGE_CURVE ( 'NONE', #6300, #1171, #4473, .T. ) ;
#2548 = CARTESIAN_POINT ( 'NONE',  ( -8.401937866840352598, 79.96588747730039870, 21.59338794779475279 ) ) ;
#2549 = ORIENTED_EDGE ( 'NONE', *, *, #1045, .F. ) ;
#2550 = ORIENTED_EDGE ( 'NONE', *, *, #1722, .T. ) ;
#2551 = LINE ( 'NONE', #4346, #2007 ) ;
#2552 = LINE ( 'NONE', #6987, #4087 ) ;
#2553 = CARTESIAN_POINT ( 'NONE',  ( -7.141905262680261934, 79.96588747730039870, 1.958388938050423939E-06 ) ) ;
#2554 = ADVANCED_FACE ( 'NONE', ( #5483 ), #494, .T. ) ;
#2555 = LINE ( 'NONE', #6562, #4369 ) ;
#2556 = LINE ( 'NONE', #7139, #2032 ) ;
#2557 = EDGE_CURVE ( 'NONE', #6615, #6823, #7081, .T. ) ;
#2558 = EDGE_LOOP ( 'NONE', ( #3131, #5164, #3236, #1260 ) ) ;
#2559 = LINE ( 'NONE', #3003, #6751 ) ;
#2560 = ORIENTED_EDGE ( 'NONE', *, *, #2404, .T. ) ;
#2561 = DIRECTION ( 'NONE',  ( 1.000000000000000000, 0.000000000000000000, 0.000000000000000000 ) ) ;
#2562 = DIRECTION ( 'NONE',  ( -1.000000000000000000, 0.000000000000000000, 0.000000000000000000 ) ) ;
#2563 = LINE ( 'NONE', #4801, #2485 ) ;
#2564 = DIRECTION ( 'NONE',  ( 0.8660254037844369313, 0.5000000000000029976, 3.828588921589461125E-19 ) ) ;
#2565 = ORIENTED_EDGE ( 'NONE', *, *, #5903, .F. ) ;
#2566 = LINE ( 'NONE', #4735, #4441 ) ;
#2567 = ORIENTED_EDGE ( 'NONE', *, *, #2413, .F. ) ;
#2568 = CARTESIAN_POINT ( 'NONE',  ( 7.718125884778276991, 91.21413387534181538, 21.59338565332864235 ) ) ;
#2569 = CARTESIAN_POINT ( 'NONE',  ( -4.375241788773909235, 49.13574189106263645, 25.59339568918359831 ) ) ;
#2570 = CARTESIAN_POINT ( 'NONE',  ( 10.95809121122608332, 83.96588747730039870, 23.53334597922873428 ) ) ;
#2571 = VECTOR ( 'NONE', #633, 1000.000000000000000 ) ;
#2572 = ORIENTED_EDGE ( 'NONE', *, *, #3939, .F. ) ;
#2573 = DIRECTION ( 'NONE',  ( -1.629001437540167744E-16, 1.000000000000000000, 0.000000000000000000 ) ) ;
#2574 = EDGE_CURVE ( 'NONE', #2583, #3205, #5587, .T. ) ;
#2575 = ORIENTED_EDGE ( 'NONE', *, *, #4542, .F. ) ;
#2576 = CARTESIAN_POINT ( 'NONE',  ( -3.475880243922329083, 91.46588747730037028, -3.455201181230785235 ) ) ;
#2577 = LINE ( 'NONE', #2039, #3414 ) ;
#2578 = PLANE ( 'NONE',  #5398 ) ;
#2579 = CIRCLE ( 'NONE', #6417, 1.549999999999999822 ) ;
#2580 = CARTESIAN_POINT ( 'NONE',  ( -1.475880243922107038, 31.90447354320626161, 25.59339015613882395 ) ) ;
#2581 = LINE ( 'NONE', #910, #2612 ) ;
#2582 = ORIENTED_EDGE ( 'NONE', *, *, #6994, .F. ) ;
#2583 = VERTEX_POINT ( 'NONE', #1648 ) ;
#2584 = EDGE_CURVE ( 'NONE', #2442, #1663, #3880, .T. ) ;
#2585 = CARTESIAN_POINT ( 'NONE',  ( -12.40190417009393009, 79.96588747730039870, -3.455164852399549957 ) ) ;
#2586 = CARTESIAN_POINT ( 'NONE',  ( 10.01822159588610894, 83.96588747730039870, 25.59339015613882395 ) ) ;
#2587 = AXIS2_PLACEMENT_3D ( 'NONE', #1925, #4082, #183 ) ;
#2588 = CARTESIAN_POINT ( 'NONE',  ( -11.20793105149119029, 94.92998909243814865, 25.59339015613882395 ) ) ;
#2589 = DIRECTION ( 'NONE',  ( -1.637162635542180433E-16, 1.000000000000000000, 7.657177843178876991E-19 ) ) ;
#2590 = VECTOR ( 'NONE', #3345, 1000.000000000000114 ) ;
#2591 = LINE ( 'NONE', #1975, #1323 ) ;
#2592 = ORIENTED_EDGE ( 'NONE', *, *, #1193, .F. ) ;
#2593 = EDGE_CURVE ( 'NONE', #4597, #203, #268, .T. ) ;
#2594 = VERTEX_POINT ( 'NONE', #3918 ) ;
#2595 = LINE ( 'NONE', #1902, #6296 ) ;
#2596 = VECTOR ( 'NONE', #963, 1000.000000000000000 ) ;
#2597 = FACE_OUTER_BOUND ( 'NONE', #1386, .T. ) ;
#2598 = CARTESIAN_POINT ( 'NONE',  ( -17.40190320228619569, 79.96588747730039870, 25.59339015613882395 ) ) ;
#2599 = DIRECTION ( 'NONE',  ( 1.000000000000000000, 0.000000000000000000, 0.000000000000000000 ) ) ;
#2600 = DIRECTION ( 'NONE',  ( -0.000000000000000000, -0.000000000000000000, -1.000000000000000000 ) ) ;
#2601 = VECTOR ( 'NONE', #6797, 1000.000000000000000 ) ;
#2602 = VECTOR ( 'NONE', #311, 1000.000000000000000 ) ;
#2603 = VERTEX_POINT ( 'NONE', #6133 ) ;
#2604 = CARTESIAN_POINT ( 'NONE',  ( -9.975241788773850260, 18.68429699879670380, -8.710397514369722373E-15 ) ) ;
#2605 = ADVANCED_FACE ( 'NONE', ( #1139 ), #1219, .T. ) ;
#2606 = VERTEX_POINT ( 'NONE', #4628 ) ;
#2607 = VECTOR ( 'NONE', #4849, 1000.000000000000114 ) ;
#2608 = AXIS2_PLACEMENT_3D ( 'NONE', #2929, #2974, #1948 ) ;
#2609 = DIRECTION ( 'NONE',  ( 3.330669073875469621E-15, -1.000000000000000000, -7.657177843178876028E-19 ) ) ;
#2610 = LINE ( 'NONE', #5854, #2607 ) ;
#2611 = PLANE ( 'NONE',  #3432 ) ;
#2612 = VECTOR ( 'NONE', #3212, 999.9999999999998863 ) ;
#2613 = VECTOR ( 'NONE', #4095, 1000.000000000000000 ) ;
#2614 = ORIENTED_EDGE ( 'NONE', *, *, #2949, .T. ) ;
#2615 = LINE ( 'NONE', #2278, #3645 ) ;
#2616 = ORIENTED_EDGE ( 'NONE', *, *, #3126, .F. ) ;
#2617 = PLANE ( 'NONE',  #951 ) ;
#2618 = VECTOR ( 'NONE', #5151, 1000.000000000000000 ) ;
#2619 = AXIS2_PLACEMENT_3D ( 'NONE', #4593, #1809, #3493 ) ;
#2620 = CARTESIAN_POINT ( 'NONE',  ( -7.374235094193059226, 2.386298900080692231, 50.00000000000000000 ) ) ;
#2621 = LINE ( 'NONE', #3611, #392 ) ;
#2622 = CYLINDRICAL_SURFACE ( 'NONE', #1907, 1.549999999999999378 ) ;
#2623 = VERTEX_POINT ( 'NONE', #4105 ) ;
#2624 = EDGE_CURVE ( 'NONE', #3797, #3429, #208, .T. ) ;
#2625 = ORIENTED_EDGE ( 'NONE', *, *, #968, .F. ) ;
#2626 = DIRECTION ( 'NONE',  ( -0.5000000000000032196, 0.8660254037844368202, 6.631310533488228364E-19 ) ) ;
#2627 = AXIS2_PLACEMENT_3D ( 'NONE', #3112, #4314, #4827 ) ;
#2628 = DIRECTION ( 'NONE',  ( 1.637162635542180680E-16, -1.000000000000000000, 0.000000000000000000 ) ) ;
#2629 = EDGE_CURVE ( 'NONE', #4768, #4283, #1757, .T. ) ;
#2630 = FACE_OUTER_BOUND ( 'NONE', #423, .T. ) ;
#2631 = EDGE_CURVE ( 'NONE', #6911, #1360, #6744, .T. ) ;
#2632 = VECTOR ( 'NONE', #4641, 1000.000000000000000 ) ;
#2633 = CARTESIAN_POINT ( 'NONE',  ( -7.207931051491207164, 88.00178586216263454, 30.39339015613882466 ) ) ;
#2634 = LINE ( 'NONE', #1463, #6672 ) ;
#2635 = EDGE_LOOP ( 'NONE', ( #6591, #4083 ) ) ;
#2636 = ORIENTED_EDGE ( 'NONE', *, *, #2421, .F. ) ;
#2637 = EDGE_CURVE ( 'NONE', #2809, #3058, #1325, .T. ) ;
#2638 = DIRECTION ( 'NONE',  ( 2.891205793294675861E-16, 0.000000000000000000, 1.000000000000000000 ) ) ;
#2639 = AXIS2_PLACEMENT_3D ( 'NONE', #7180, #3908, #485 ) ;
#2640 = PLANE ( 'NONE',  #6580 ) ;
#2641 = LINE ( 'NONE', #4252, #3680 ) ;
#2642 = EDGE_CURVE ( 'NONE', #1533, #4763, #6858, .T. ) ;
#2643 = DIRECTION ( 'NONE',  ( -3.663735981263016583E-15, 1.000000000000000000, 7.657177843178876028E-19 ) ) ;
#2644 = EDGE_CURVE ( 'NONE', #6104, #1267, #6313, .T. ) ;
#2645 = ORIENTED_EDGE ( 'NONE', *, *, #3458, .F. ) ;
#2646 = LINE ( 'NONE', #3843, #13 ) ;
#2647 = ORIENTED_EDGE ( 'NONE', *, *, #3046, .F. ) ;
#2648 = ADVANCED_FACE ( 'NONE', ( #5782 ), #2975, .F. ) ;
#2649 = LINE ( 'NONE', #3156, #38 ) ;
#2650 = DIRECTION ( 'NONE',  ( 0.4999999999999965583, 0.8660254037844407060, 6.631310533488258216E-19 ) ) ;
#2651 = EDGE_CURVE ( 'NONE', #1681, #5405, #789, .T. ) ;
#2652 = VERTEX_POINT ( 'NONE', #1256 ) ;
#2653 = CARTESIAN_POINT ( 'NONE',  ( -0.3752417887738929148, 2.386298900080694452, 46.35000000000000853 ) ) ;
#2654 = ORIENTED_EDGE ( 'NONE', *, *, #4344, .T. ) ;
#2655 = DIRECTION ( 'NONE',  ( 1.000000000000000000, 0.000000000000000000, 0.000000000000000000 ) ) ;
#2656 = PLANE ( 'NONE',  #5179 ) ;
#2657 =( BOUNDED_CURVE ( )  B_SPLINE_CURVE ( 3, ( #80, #5543, #1737, #2775 ),
 .UNSPECIFIED., .F., .T. ) 
 B_SPLINE_CURVE_WITH_KNOTS ( ( 4, 4 ),
 ( 1.570798197898038762, 3.141594524692925106 ),
 .UNSPECIFIED. ) 
 CURVE ( )  GEOMETRIC_REPRESENTATION_ITEM ( )  RATIONAL_B_SPLINE_CURVE ( ( 1.000000000000000000, 0.8047378541243672689, 0.8047378541243672689, 1.000000000000000000 ) ) 
 REPRESENTATION_ITEM ( '' )  );
#2658 = CARTESIAN_POINT ( 'NONE',  ( -5.207931051491215158, 91.46588747730038449, 30.39339015613882466 ) ) ;
#2659 = ORIENTED_EDGE ( 'NONE', *, *, #6804, .F. ) ;
#2660 = ORIENTED_EDGE ( 'NONE', *, *, #5138, .F. ) ;
#2661 = CARTESIAN_POINT ( 'NONE',  ( -14.58727531073191486, 77.81311623737153127, 25.59339015613882395 ) ) ;
#2662 = DIRECTION ( 'NONE',  ( 1.000000000000000000, 0.000000000000000000, -0.000000000000000000 ) ) ;
#2663 = EDGE_CURVE ( 'NONE', #790, #6448, #3521, .T. ) ;
#2664 = CARTESIAN_POINT ( 'NONE',  ( 6.524119756077632282, 88.00178586216262033, -3.455201181230785235 ) ) ;
#2665 = DIRECTION ( 'NONE',  ( -1.637162635542180680E-16, 1.000000000000000000, 7.657177843178876028E-19 ) ) ;
#2666 = CARTESIAN_POINT ( 'NONE',  ( -2.341905647706777227, 87.50178586216263454, -3.455201181230785235 ) ) ;
#2667 = VERTEX_POINT ( 'NONE', #5047 ) ;
#2668 = VERTEX_POINT ( 'NONE', #2273 ) ;
#2669 = ORIENTED_EDGE ( 'NONE', *, *, #6985, .T. ) ;
#2670 = CARTESIAN_POINT ( 'NONE',  ( -4.375241788773893248, 2.684296998796706912, 43.35000000000000853 ) ) ;
#2671 = EDGE_CURVE ( 'NONE', #4089, #4567, #6713, .T. ) ;
#2672 = CARTESIAN_POINT ( 'NONE',  ( -1.925241788773891960, -4.613701099919306436, 6.649999999999995914 ) ) ;
#2673 = CARTESIAN_POINT ( 'NONE',  ( 6.458087724025118881, -14.07277949271606943, -0.3285337753112519965 ) ) ;
#2674 = FACE_OUTER_BOUND ( 'NONE', #81, .T. ) ;
#2675 = ORIENTED_EDGE ( 'NONE', *, *, #1418, .F. ) ;
#2676 = LINE ( 'NONE', #5449, #248 ) ;
#2677 = EDGE_CURVE ( 'NONE', #2195, #4328, #676, .T. ) ;
#2678 = VERTEX_POINT ( 'NONE', #2894 ) ;
#2679 = CARTESIAN_POINT ( 'NONE',  ( -0.3752417887738929148, 2.386298900080694452, -3.455201181230785235 ) ) ;
#2680 = CARTESIAN_POINT ( 'NONE',  ( 9.224758211226104621, 2.386298900080695340, 50.00000000000000000 ) ) ;
#2681 = ORIENTED_EDGE ( 'NONE', *, *, #4027, .F. ) ;
#2682 = EDGE_CURVE ( 'NONE', #6060, #3440, #971, .T. ) ;
#2683 = PRESENTATION_STYLE_ASSIGNMENT (( #1652 ) ) ;
#2684 = EDGE_CURVE ( 'NONE', #4861, #5528, #5119, .T. ) ;
#2685 = ORIENTED_EDGE ( 'NONE', *, *, #228, .T. ) ;
#2686 = AXIS2_PLACEMENT_3D ( 'NONE', #5942, #882, #2662 ) ;
#2687 = DIRECTION ( 'NONE',  ( 0.000000000000000000, 0.000000000000000000, 1.000000000000000000 ) ) ;
#2688 = EDGE_CURVE ( 'NONE', #4601, #3225, #5699, .T. ) ;
#2689 = CARTESIAN_POINT ( 'NONE',  ( 4.210544648853000282, 49.13572887917925414, 25.59340755809633805 ) ) ;
#2690 = LINE ( 'NONE', #3245, #1217 ) ;
#2691 = AXIS2_PLACEMENT_3D ( 'NONE', #90, #1212, #4538 ) ;
#2692 = LINE ( 'NONE', #4918, #1449 ) ;
#2693 = VERTEX_POINT ( 'NONE', #5626 ) ;
#2694 = ORIENTED_EDGE ( 'NONE', *, *, #4353, .F. ) ;
#2695 = FACE_OUTER_BOUND ( 'NONE', #598, .T. ) ;
#2696 = CARTESIAN_POINT ( 'NONE',  ( 59.04812727106966008, 18.68429699879671446, 9.541727490783596824E-05 ) ) ;
#2697 = ADVANCED_FACE ( 'NONE', ( #640 ), #5090, .T. ) ;
#2698 = VECTOR ( 'NONE', #4884, 1000.000000000000000 ) ;
#2699 = CARTESIAN_POINT ( 'NONE',  ( -4.375241788773892360, 2.684296998796706912, 46.35000000000000853 ) ) ;
#2700 = CARTESIAN_POINT ( 'NONE',  ( 6.625764905806940774, 2.386298900080696672, 43.35000000000000853 ) ) ;
#2701 = CARTESIAN_POINT ( 'NONE',  ( 9.224758211226102844, 23.68429699879670736, 0.000000000000000000 ) ) ;
#2702 = VECTOR ( 'NONE', #5019, 1000.000000000000000 ) ;
#2703 = VERTEX_POINT ( 'NONE', #6246 ) ;
#2704 = ORIENTED_EDGE ( 'NONE', *, *, #2857, .T. ) ;
#2705 = ORIENTED_EDGE ( 'NONE', *, *, #3727, .F. ) ;
#2706 = DIRECTION ( 'NONE',  ( -1.000000000000000000, -1.637162635542180433E-16, -1.253604545855391828E-34 ) ) ;
#2707 = FACE_OUTER_BOUND ( 'NONE', #2295, .T. ) ;
#2708 = VECTOR ( 'NONE', #6717, 1000.000000000000000 ) ;
#2709 = DIRECTION ( 'NONE',  ( -0.4999999999999968914, -0.8660254037844404840, -6.631310533488256290E-19 ) ) ;
#2710 = CARTESIAN_POINT ( 'NONE',  ( 4.792068948508959814, 31.90447354320628648, 25.59339015613882395 ) ) ;
#2711 = EDGE_CURVE ( 'NONE', #3099, #2239, #3486, .T. ) ;
#2712 = ORIENTED_EDGE ( 'NONE', *, *, #736, .T. ) ;
#2713 = EDGE_CURVE ( 'NONE', #634, #4831, #895, .T. ) ;
#2714 = VECTOR ( 'NONE', #6000, 1000.000000000000114 ) ;
#2715 = DIRECTION ( 'NONE',  ( 8.145007187700838718E-17, -1.000000000000000000, -0.000000000000000000 ) ) ;
#2716 = VERTEX_POINT ( 'NONE', #3598 ) ;
#2717 = EDGE_CURVE ( 'NONE', #4064, #5870, #5890, .T. ) ;
#2718 = CARTESIAN_POINT ( 'NONE',  ( 16.71809190687262259, 79.96588747730041291, -3.455176181230787069 ) ) ;
#2719 = VECTOR ( 'NONE', #5905, 999.9999999999998863 ) ;
#2720 = ADVANCED_FACE ( 'NONE', ( #5264 ), #6966, .T. ) ;
#2721 = CARTESIAN_POINT ( 'NONE',  ( 9.224758211226102844, 23.68429699879670736, 50.00000000000000000 ) ) ;
#2722 = ORIENTED_EDGE ( 'NONE', *, *, #4428, .T. ) ;
#2723 = CARTESIAN_POINT ( 'NONE',  ( 10.52411975607761541, 94.92998909243813443, 30.39339015613882466 ) ) ;
#2724 = VECTOR ( 'NONE', #1613, 1000.000000000000000 ) ;
#2725 = ORIENTED_EDGE ( 'NONE', *, *, #5219, .T. ) ;
#2726 = VECTOR ( 'NONE', #2231, 1000.000000000000000 ) ;
#2727 = DIRECTION ( 'NONE',  ( -4.336808679518465795E-16, 1.000000000000000000, 7.657177843178876028E-19 ) ) ;
#2728 = DIRECTION ( 'NONE',  ( -1.000000000000000000, 0.000000000000000000, 0.000000000000000000 ) ) ;
#2729 = FACE_OUTER_BOUND ( 'NONE', #3050, .T. ) ;
#2730 = VECTOR ( 'NONE', #3389, 1000.000000000000000 ) ;
#2731 = VECTOR ( 'NONE', #2291, 1000.000000000000000 ) ;
#2732 = DIRECTION ( 'NONE',  ( 0.000000000000000000, -7.657177843178876028E-19, 1.000000000000000000 ) ) ;
#2733 = ORIENTED_EDGE ( 'NONE', *, *, #5948, .T. ) ;
#2734 = ORIENTED_EDGE ( 'NONE', *, *, #2413, .T. ) ;
#2735 = FACE_OUTER_BOUND ( 'NONE', #1436, .T. ) ;
#2736 = DIRECTION ( 'NONE',  ( -1.637162635542180433E-16, 1.000000000000000000, 7.657177843178875065E-19 ) ) ;
#2737 = VECTOR ( 'NONE', #4811, 1000.000000000000000 ) ;
#2738 = VECTOR ( 'NONE', #4444, 1000.000000000000000 ) ;
#2739 = LINE ( 'NONE', #1046, #6002 ) ;
#2740 = CARTESIAN_POINT ( 'NONE',  ( -3.475880243922329083, 92.46588747730038449, 30.39339015613882466 ) ) ;
#2741 = LINE ( 'NONE', #6701, #4254 ) ;
#2742 = CIRCLE ( 'NONE', #881, 1.550000000000000488 ) ;
#2743 = ADVANCED_FACE ( 'NONE', ( #5955 ), #1394, .F. ) ;
#2744 = ORIENTED_EDGE ( 'NONE', *, *, #597, .F. ) ;
#2745 = EDGE_LOOP ( 'NONE', ( #4622, #6724, #6477, #41 ) ) ;
#2746 = ORIENTED_EDGE ( 'NONE', *, *, #1468, .F. ) ;
#2747 = DIRECTION ( 'NONE',  ( 0.000000000000000000, -7.657177843178876028E-19, 1.000000000000000000 ) ) ;
#2748 = EDGE_CURVE ( 'NONE', #3996, #6629, #344, .T. ) ;
#2749 = VECTOR ( 'NONE', #220, 1000.000000000000000 ) ;
#2750 = CARTESIAN_POINT ( 'NONE',  ( 9.224758211226102844, 23.68429699879670736, 50.00000000000000000 ) ) ;
#2751 = CARTESIAN_POINT ( 'NONE',  ( -7.475880243922313539, 91.46588747730037028, -3.455201181230785235 ) ) ;
#2752 = DIRECTION ( 'NONE',  ( 8.145007187700838718E-17, -1.000000000000000000, -0.000000000000000000 ) ) ;
#2753 = VERTEX_POINT ( 'NONE', #4730 ) ;
#2754 = VECTOR ( 'NONE', #3839, 1000.000000000000000 ) ;
#2755 = DIRECTION ( 'NONE',  ( -0.8660254037844368202, -0.5000000000000032196, 0.000000000000000000 ) ) ;
#2756 = VERTEX_POINT ( 'NONE', #5373 ) ;
#2757 = CARTESIAN_POINT ( 'NONE',  ( 9.252046151459197176, -14.07277949271606943, -3.455173067039942758 ) ) ;
#2758 = FACE_OUTER_BOUND ( 'NONE', #6937, .T. ) ;
#2759 = CARTESIAN_POINT ( 'NONE',  ( 10.52411975607761541, 89.00178586216263454, -3.455201181230785235 ) ) ;
#2760 = PRODUCT_DEFINITION_CONTEXT ( 'detailed design', #5369, 'design' ) ;
#2761 = VERTEX_POINT ( 'NONE', #5813 ) ;
#2762 = DIRECTION ( 'NONE',  ( -0.000000000000000000, -0.000000000000000000, -1.000000000000000000 ) ) ;
#2763 = ORIENTED_EDGE ( 'NONE', *, *, #1608, .T. ) ;
#2764 = CARTESIAN_POINT ( 'NONE',  ( -1.207931051491223373, 92.46588747730038449, 25.59339015613882395 ) ) ;
#2765 = EDGE_CURVE ( 'NONE', #611, #678, #4147, .T. ) ;
#2766 = CARTESIAN_POINT ( 'NONE',  ( 0.7920689485087627491, 94.92998909243814865, 25.59339015613882395 ) ) ;
#2767 = CARTESIAN_POINT ( 'NONE',  ( 1.658094352293200346, 96.42998909243814865, -3.455201181230785235 ) ) ;
#2768 = DIRECTION ( 'NONE',  ( -1.091152692702142892E-32, 1.339658354568195596E-16, -1.000000000000000000 ) ) ;
#2769 = ORIENTED_EDGE ( 'NONE', *, *, #4882, .T. ) ;
#2770 = ORIENTED_EDGE ( 'NONE', *, *, #2398, .T. ) ;
#2771 = DIRECTION ( 'NONE',  ( 0.000000000000000000, 1.000000000000000000, 0.000000000000000000 ) ) ;
#2772 = PLANE ( 'NONE',  #6406 ) ;
#2773 = DIRECTION ( 'NONE',  ( 0.000000000000000000, -7.657177843178876028E-19, 1.000000000000000000 ) ) ;
#2774 = DIRECTION ( 'NONE',  ( -3.330669073875469621E-15, 1.000000000000000000, 0.000000000000000000 ) ) ;
#2775 = CARTESIAN_POINT ( 'NONE',  ( -4.375241788773909235, 49.13574189106263645, 25.59339568918359831 ) ) ;
#2776 = ORIENTED_EDGE ( 'NONE', *, *, #1375, .F. ) ;
#2777 = ORIENTED_EDGE ( 'NONE', *, *, #3315, .T. ) ;
#2778 = ORIENTED_EDGE ( 'NONE', *, *, #2519, .T. ) ;
#2779 = DIRECTION ( 'NONE',  ( -1.000000000000000000, 1.029364718238187157E-27, -1.344313544308534762E-09 ) ) ;
#2780 = ADVANCED_FACE ( 'NONE', ( #4802 ), #6357, .T. ) ;
#2781 = EDGE_CURVE ( 'NONE', #3109, #286, #817, .T. ) ;
#2782 = LINE ( 'NONE', #1604, #2754 ) ;
#2783 = DIRECTION ( 'NONE',  ( -1.091152692702142892E-32, 1.339658354568195596E-16, -1.000000000000000000 ) ) ;
#2784 = EDGE_CURVE ( 'NONE', #5848, #123, #1364, .T. ) ;
#2785 = DIRECTION ( 'NONE',  ( 0.9999999999990444310, 1.698444961134278580E-16, 1.382390865440721295E-06 ) ) ;
#2786 = EDGE_LOOP ( 'NONE', ( #1292, #4796, #820, #5213 ) ) ;
#2787 = FACE_OUTER_BOUND ( 'NONE', #4647, .T. ) ;
#2788 = ORIENTED_EDGE ( 'NONE', *, *, #1646, .F. ) ;
#2789 = PLANE ( 'NONE',  #6195 ) ;
#2790 = CARTESIAN_POINT ( 'NONE',  ( 9.100377905283107083, 79.96588747730039870, 19.48643130392574818 ) ) ;
#2791 = PLANE ( 'NONE',  #7020 ) ;
#2792 = ORIENTED_EDGE ( 'NONE', *, *, #4405, .T. ) ;
#2793 = CARTESIAN_POINT ( 'NONE',  ( -8.924235094193058160, 2.386298900080692231, 50.00000000000000000 ) ) ;
#2794 = ORIENTED_EDGE ( 'NONE', *, *, #5191, .F. ) ;
#2795 = CARTESIAN_POINT ( 'NONE',  ( 33.42743494340631116, 69.15974851990682737, 25.59339015613882395 ) ) ;
#2796 = CARTESIAN_POINT ( 'NONE',  ( 4.524119756077639387, 92.46588747730038449, -3.455201181230785235 ) ) ;
#2797 = DIRECTION ( 'NONE',  ( 1.172497940839745224E-06, -0.000000000000000000, 0.9999999999993126609 ) ) ;
#2798 = DIRECTION ( 'NONE',  ( 1.000000000000000000, 0.000000000000000000, 0.000000000000000000 ) ) ;
#2799 = EDGE_CURVE ( 'NONE', #6382, #4422, #6390, .T. ) ;
#2800 = AXIS2_PLACEMENT_3D ( 'NONE', #4279, #5833, #6486 ) ;
#2801 = VERTEX_POINT ( 'NONE', #5847 ) ;
#2802 = DIRECTION ( 'NONE',  ( 0.9999999999999983347, 1.637162635531883826E-16, 5.929998267496897309E-08 ) ) ;
#2803 = DIRECTION ( 'NONE',  ( 1.000000000000000000, 0.000000000000000000, 0.000000000000000000 ) ) ;
#2804 = CARTESIAN_POINT ( 'NONE',  ( 10.01822159588611250, 52.40086587357521353, 25.59338546302474526 ) ) ;
#2805 = AXIS2_PLACEMENT_3D ( 'NONE', #4357, #3869, #6529 ) ;
#2806 = DIRECTION ( 'NONE',  ( -0.000000000000000000, -0.000000000000000000, -1.000000000000000000 ) ) ;
#2807 = CARTESIAN_POINT ( 'NONE',  ( -9.475880243922070179, 31.90447354320623319, 25.59339015613882395 ) ) ;
#2808 = EDGE_CURVE ( 'NONE', #4258, #4128, #381, .T. ) ;
#2809 = VERTEX_POINT ( 'NONE', #1984 ) ;
#2810 = ORIENTED_EDGE ( 'NONE', *, *, #4324, .F. ) ;
#2811 = EDGE_LOOP ( 'NONE', ( #5130, #5643 ) ) ;
#2812 = AXIS2_PLACEMENT_3D ( 'NONE', #3770, #3838, #4460 ) ;
#2813 = DIRECTION ( 'NONE',  ( 0.000000000000000000, 1.000000000000000000, 0.000000000000000000 ) ) ;
#2814 = LINE ( 'NONE', #995, #4506 ) ;
#2815 = DIRECTION ( 'NONE',  ( 0.000000000000000000, 0.000000000000000000, 1.000000000000000000 ) ) ;
#2816 = CARTESIAN_POINT ( 'NONE',  ( 9.224758211226102844, 23.68429699879670736, 25.59341448969937360 ) ) ;
#2817 = CIRCLE ( 'NONE', #3176, 4.000000000000000000 ) ;
#2818 = EDGE_CURVE ( 'NONE', #3590, #2195, #1431, .T. ) ;
#2819 = ORIENTED_EDGE ( 'NONE', *, *, #2624, .T. ) ;
#2820 = LINE ( 'NONE', #6239, #3966 ) ;
#2821 = ORIENTED_EDGE ( 'NONE', *, *, #2415, .F. ) ;
#2822 = AXIS2_PLACEMENT_3D ( 'NONE', #4406, #3922, #1585 ) ;
#2823 = EDGE_CURVE ( 'NONE', #790, #3316, #6933, .T. ) ;
#2824 = CARTESIAN_POINT ( 'NONE',  ( -1.475880243922336854, 94.92998909243813443, 30.39339015613882466 ) ) ;
#2825 = CARTESIAN_POINT ( 'NONE',  ( -4.364125985283191511, 2.684296998796706912, 43.35000000000000853 ) ) ;
#2826 = LINE ( 'NONE', #4759, #3549 ) ;
#2827 = VECTOR ( 'NONE', #4916, 1000.000000000000000 ) ;
#2828 = EDGE_CURVE ( 'NONE', #5784, #3256, #3086, .T. ) ;
#2829 = ORIENTED_EDGE ( 'NONE', *, *, #6479, .F. ) ;
#2830 = CARTESIAN_POINT ( 'NONE',  ( 6.458087725431295389, 23.68429699879669315, 0.000000000000000000 ) ) ;
#2831 = VERTEX_POINT ( 'NONE', #4838 ) ;
#2832 = CARTESIAN_POINT ( 'NONE',  ( -3.207931051491221819, 88.00178586216263454, 25.59339015613882395 ) ) ;
#2833 = VECTOR ( 'NONE', #6642, 1000.000000000000000 ) ;
#2834 = PLANE ( 'NONE',  #7036 ) ;
#2835 = DIRECTION ( 'NONE',  ( -1.000000000000000000, -3.663735981263016583E-15, -2.805387797898438817E-33 ) ) ;
#2836 = AXIS2_PLACEMENT_3D ( 'NONE', #5525, #534, #4371 ) ;
#2837 = VECTOR ( 'NONE', #5230, 1000.000000000000114 ) ;
#2838 = VERTEX_POINT ( 'NONE', #4767 ) ;
#2839 = CARTESIAN_POINT ( 'NONE',  ( 3.658094352293198792, 90.96588747730038449, -3.455201181230785235 ) ) ;
#2840 = DIRECTION ( 'NONE',  ( -0.4999999999999968914, -0.8660254037844404840, -6.631310533488256290E-19 ) ) ;
#2841 = VECTOR ( 'NONE', #1306, 1000.000000000000000 ) ;
#2842 = DIRECTION ( 'NONE',  ( -1.000000000000000000, 0.000000000000000000, 0.000000000000000000 ) ) ;
#2843 = FACE_OUTER_BOUND ( 'NONE', #4109, .T. ) ;
#2844 = CARTESIAN_POINT ( 'NONE',  ( 34.29346034719074510, 70.65974851990681316, 25.59339015613882395 ) ) ;
#2845 = ORIENTED_EDGE ( 'NONE', *, *, #914, .T. ) ;
#2846 = ORIENTED_EDGE ( 'NONE', *, *, #649, .T. ) ;
#2847 = EDGE_LOOP ( 'NONE', ( #6600, #4930, #3022, #2861, #5794, #1839 ) ) ;
#2848 = VECTOR ( 'NONE', #6324, 1000.000000000000000 ) ;
#2849 = VERTEX_POINT ( 'NONE', #7046 ) ;
#2850 = AXIS2_PLACEMENT_3D ( 'NONE', #2299, #50, #2265 ) ;
#2851 = DIRECTION ( 'NONE',  ( 1.000000000000000000, 1.629001437540167744E-16, -0.000000000000000000 ) ) ;
#2852 = ADVANCED_FACE ( 'NONE', ( #2060 ), #4215, .T. ) ;
#2853 = LINE ( 'NONE', #5082, #6576 ) ;
#2854 = VECTOR ( 'NONE', #7150, 1000.000000000000114 ) ;
#2855 = CARTESIAN_POINT ( 'NONE',  ( -17.40193782918061771, 52.40086587357521353, 21.59338103584048341 ) ) ;
#2856 = AXIS2_PLACEMENT_3D ( 'NONE', #3134, #3754, #5354 ) ;
#2857 = EDGE_CURVE ( 'NONE', #6300, #1137, #1501, .T. ) ;
#2858 = EDGE_LOOP ( 'NONE', ( #6872, #1570, #4062, #4091 ) ) ;
#2859 = DIRECTION ( 'NONE',  ( 0.000000000000000000, -7.657177843178876028E-19, 1.000000000000000000 ) ) ;
#2860 = VECTOR ( 'NONE', #2356, 1000.000000000000000 ) ;
#2861 = ORIENTED_EDGE ( 'NONE', *, *, #6044, .T. ) ;
#2862 = CARTESIAN_POINT ( 'NONE',  ( -10.34190564770675458, 96.42998909243813443, 25.59339015613882395 ) ) ;
#2863 = CARTESIAN_POINT ( 'NONE',  ( 8.792068948508729775, 89.00178586216263454, 30.39339015613882466 ) ) ;
#2864 = DIRECTION ( 'NONE',  ( -1.000000000000000000, -1.637162635531886538E-16, -1.253604545847509525E-34 ) ) ;
#2865 = FACE_OUTER_BOUND ( 'NONE', #6290, .T. ) ;
#2866 = ORIENTED_EDGE ( 'NONE', *, *, #2269, .F. ) ;
#2867 = DIRECTION ( 'NONE',  ( -0.8660254037844404840, 0.4999999999999968914, 3.828588921589413940E-19 ) ) ;
#2868 = ORIENTED_EDGE ( 'NONE', *, *, #1223, .T. ) ;
#2869 = EDGE_CURVE ( 'NONE', #6499, #4089, #3720, .T. ) ;
#2870 = LINE ( 'NONE', #178, #6344 ) ;
#2871 = CYLINDRICAL_SURFACE ( 'NONE', #3091, 11.19100684368594045 ) ;
#2872 = ORIENTED_EDGE ( 'NONE', *, *, #2020, .T. ) ;
#2873 = DIRECTION ( 'NONE',  ( -1.000000000000000000, -3.663735981263016583E-15, -2.805387797898438817E-33 ) ) ;
#2874 = ORIENTED_EDGE ( 'NONE', *, *, #6561, .F. ) ;
#2875 = PLANE ( 'NONE',  #1573 ) ;
#2876 = DIRECTION ( 'NONE',  ( -1.637162635542180433E-16, 1.000000000000000000, 7.657177843178875065E-19 ) ) ;
#2877 = DIRECTION ( 'NONE',  ( 0.000000000000000000, -7.657177843178876028E-19, 1.000000000000000000 ) ) ;
#2878 = ORIENTED_EDGE ( 'NONE', *, *, #2131, .T. ) ;
#2879 = ORIENTED_EDGE ( 'NONE', *, *, #1228, .T. ) ;
#2880 = VERTEX_POINT ( 'NONE', #358 ) ;
#2881 = ORIENTED_EDGE ( 'NONE', *, *, #5804, .F. ) ;
#2882 = CARTESIAN_POINT ( 'NONE',  ( 6.625764905806940774, 2.386298900080696672, 50.00000000000000000 ) ) ;
#2883 = APPLICATION_PROTOCOL_DEFINITION ( 'draft international standard', 'automotive_design', 1998, #5369 ) ;
#2884 = LINE ( 'NONE', #3552, #7156 ) ;
#2885 = DIRECTION ( 'NONE',  ( 0.8660254037844404840, -0.4999999999999968914, 0.000000000000000000 ) ) ;
#2886 = ORIENTED_EDGE ( 'NONE', *, *, #1657, .T. ) ;
#2887 = EDGE_CURVE ( 'NONE', #1953, #224, #506, .T. ) ;
#2888 = CYLINDRICAL_SURFACE ( 'NONE', #938, 1.000000000000001110 ) ;
#2889 = ORIENTED_EDGE ( 'NONE', *, *, #2064, .F. ) ;
#2890 = ORIENTED_EDGE ( 'NONE', *, *, #5093, .T. ) ;
#2891 = LINE ( 'NONE', #5663, #5777 ) ;
#2892 = PLANE ( 'NONE',  #7151 ) ;
#2893 = CARTESIAN_POINT ( 'NONE',  ( 16.71809190687262259, 83.96588747730039870, 19.48643130160574799 ) ) ;
#2894 = CARTESIAN_POINT ( 'NONE',  ( 8.858091211226081896, 79.96588747730039870, 23.53334597922873428 ) ) ;
#2895 = CARTESIAN_POINT ( 'NONE',  ( -4.341905647706770566, 90.96588747730038449, 25.59339015613882395 ) ) ;
#2896 = ORIENTED_EDGE ( 'NONE', *, *, #3052, .T. ) ;
#2897 = EDGE_CURVE ( 'NONE', #2296, #4228, #5320, .T. ) ;
#2898 = ORIENTED_EDGE ( 'NONE', *, *, #3080, .T. ) ;
#2899 = DIRECTION ( 'NONE',  ( 1.000000000000000000, 0.000000000000000000, 0.000000000000000000 ) ) ;
#2900 = ORIENTED_EDGE ( 'NONE', *, *, #6139, .F. ) ;
#2901 = CARTESIAN_POINT ( 'NONE',  ( -1.207931051491223373, 92.46588747730038449, -3.455201181230785235 ) ) ;
#2902 = CARTESIAN_POINT ( 'NONE',  ( 2.524119756077647381, 88.00178586216262033, -3.455201181230785235 ) ) ;
#2903 = FACE_OUTER_BOUND ( 'NONE', #4906, .T. ) ;
#2904 = EDGE_CURVE ( 'NONE', #3012, #3516, #1514, .T. ) ;
#2905 = EDGE_CURVE ( 'NONE', #657, #4768, #7061, .T. ) ;
#2906 = ORIENTED_EDGE ( 'NONE', *, *, #6583, .T. ) ;
#2907 = LINE ( 'NONE', #250, #5728 ) ;
#2908 = ORIENTED_EDGE ( 'NONE', *, *, #4996, .T. ) ;
#2909 = ORIENTED_EDGE ( 'NONE', *, *, #2688, .T. ) ;
#2910 = FACE_OUTER_BOUND ( 'NONE', #2160, .T. ) ;
#2911 = CARTESIAN_POINT ( 'NONE',  ( 6.792068948508738657, 92.46588747730038449, -3.455201181230785235 ) ) ;
#2912 = DIRECTION ( 'NONE',  ( -0.8660254037844368202, -0.5000000000000032196, -3.828588921589462570E-19 ) ) ;
#2913 = VERTEX_POINT ( 'NONE', #4305 ) ;
#2914 = ORIENTED_EDGE ( 'NONE', *, *, #2230, .F. ) ;
#2915 = ORIENTED_EDGE ( 'NONE', *, *, #2713, .F. ) ;
#2916 = EDGE_CURVE ( 'NONE', #926, #4163, #4783, .T. ) ;
#2917 = ORIENTED_EDGE ( 'NONE', *, *, #2047, .F. ) ;
#2918 = CARTESIAN_POINT ( 'NONE',  ( 7.718125884778277879, 79.96588747730039870, 21.59338565332864235 ) ) ;
#2919 = CARTESIAN_POINT ( 'NONE',  ( 9.224758258394262000, 23.68429699879670736, 25.59341448969943045 ) ) ;
#2920 = DIRECTION ( 'NONE',  ( 1.382390865682830628E-06, -0.000000000000000000, -0.9999999999990444310 ) ) ;
#2921 = VECTOR ( 'NONE', #1367, 1000.000000000000000 ) ;
#2922 = ORIENTED_EDGE ( 'NONE', *, *, #2952, .T. ) ;
#2923 = LINE ( 'NONE', #6710, #718 ) ;
#2924 = ORIENTED_EDGE ( 'NONE', *, *, #6493, .F. ) ;
#2925 = ORIENTED_EDGE ( 'NONE', *, *, #3579, .F. ) ;
#2926 = CARTESIAN_POINT ( 'NONE',  ( 3.624758211226107196, 2.386298900080694452, 6.649999999999997691 ) ) ;
#2927 = AXIS2_PLACEMENT_3D ( 'NONE', #5351, #356, #4815 ) ;
#2928 = DIRECTION ( 'NONE',  ( -0.8660254037844407060, 0.4999999999999965583, 3.828588921589411533E-19 ) ) ;
#2929 = CARTESIAN_POINT ( 'NONE',  ( -9.475880243922304658, 94.92998909243813443, -3.455201181230785235 ) ) ;
#2930 = DIRECTION ( 'NONE',  ( -0.9999999999990734079, -1.637162645964182016E-16, 1.361274163765233466E-06 ) ) ;
#2931 = CARTESIAN_POINT ( 'NONE',  ( -9.975241788773896445, 23.68429699879670736, 50.00000000000000000 ) ) ;
#2932 = ADVANCED_FACE ( 'NONE', ( #4231 ), #3751, .T. ) ;
#2933 = ORIENTED_EDGE ( 'NONE', *, *, #2828, .T. ) ;
#2934 = AXIS2_PLACEMENT_3D ( 'NONE', #4278, #2626, #3110 ) ;
#2935 = ORIENTED_EDGE ( 'NONE', *, *, #3579, .T. ) ;
#2936 = LINE ( 'NONE', #4632, #4348 ) ;
#2937 = EDGE_CURVE ( 'NONE', #1632, #6837, #1450, .T. ) ;
#2938 = ORIENTED_EDGE ( 'NONE', *, *, #271, .F. ) ;
#2939 = CARTESIAN_POINT ( 'NONE',  ( -17.58727531073192552, 83.00926866007813487, 25.59339015613882395 ) ) ;
#2940 = VECTOR ( 'NONE', #7191, 1000.000000000000114 ) ;
#2941 = DIRECTION ( 'NONE',  ( 1.000000000000000000, 0.000000000000000000, 0.000000000000000000 ) ) ;
#2942 = PLANE ( 'NONE',  #5993 ) ;
#2943 = EDGE_CURVE ( 'NONE', #4725, #2442, #5970, .T. ) ;
#2944 = ORIENTED_EDGE ( 'NONE', *, *, #1160, .F. ) ;
#2945 = FACE_OUTER_BOUND ( 'NONE', #5189, .T. ) ;
#2946 = ORIENTED_EDGE ( 'NONE', *, *, #1718, .T. ) ;
#2947 = AXIS2_PLACEMENT_3D ( 'NONE', #3456, #2346, #4112 ) ;
#2948 = ORIENTED_EDGE ( 'NONE', *, *, #4618, .F. ) ;
#2949 = EDGE_CURVE ( 'NONE', #4941, #5528, #2577, .T. ) ;
#2950 = DIRECTION ( 'NONE',  ( -0.8660254037844407060, 0.4999999999999965583, 3.828588921589411533E-19 ) ) ;
#2951 = LINE ( 'NONE', #1736, #759 ) ;
#2952 = EDGE_CURVE ( 'NONE', #604, #4753, #1662, .T. ) ;
#2953 = AXIS2_PLACEMENT_3D ( 'NONE', #2962, #4338, #1964 ) ;
#2954 = CARTESIAN_POINT ( 'NONE',  ( 10.52411975607761541, 94.92998909243813443, 30.39339015613882466 ) ) ;
#2955 = ORIENTED_EDGE ( 'NONE', *, *, #2214, .T. ) ;
#2956 = VERTEX_POINT ( 'NONE', #7091 ) ;
#2957 = PLANE ( 'NONE',  #711 ) ;
#2958 = AXIS2_PLACEMENT_3D ( 'NONE', #7189, #2650, #7159 ) ;
#2959 = VECTOR ( 'NONE', #1606, 1000.000000000000114 ) ;
#2960 = DIRECTION ( 'NONE',  ( 0.8660254037844369313, 0.5000000000000029976, 3.828588921589461125E-19 ) ) ;
#2961 = CARTESIAN_POINT ( 'NONE',  ( -12.40194100893393525, 83.96588747730039870, 25.59339015613882395 ) ) ;
#2962 = CARTESIAN_POINT ( 'NONE',  ( -10.59190878877392805, 83.96588747730039870, 23.53334597922873783 ) ) ;
#2963 = EDGE_CURVE ( 'NONE', #32, #498, #2545, .T. ) ;
#2964 = DIRECTION ( 'NONE',  ( 1.000000000000000000, 0.000000000000000000, 0.000000000000000000 ) ) ;
#2965 = VECTOR ( 'NONE', #6661, 1000.000000000000000 ) ;
#2966 = VECTOR ( 'NONE', #4452, 1000.000000000000114 ) ;
#2967 = ORIENTED_EDGE ( 'NONE', *, *, #2642, .F. ) ;
#2968 = DIRECTION ( 'NONE',  ( 0.000000000000000000, -7.657177843178876028E-19, 1.000000000000000000 ) ) ;
#2969 = ORIENTED_EDGE ( 'NONE', *, *, #4058, .T. ) ;
#2970 = EDGE_LOOP ( 'NONE', ( #3336, #4505, #403, #98 ) ) ;
#2971 = VECTOR ( 'NONE', #6836, 1000.000000000000000 ) ;
#2972 = AXIS2_PLACEMENT_3D ( 'NONE', #4785, #6374, #876 ) ;
#2973 = CARTESIAN_POINT ( 'NONE',  ( -0.3419056477067857758, 92.96588747730038449, -3.455201181230785235 ) ) ;
#2974 = DIRECTION ( 'NONE',  ( -1.000000000000000000, -3.663735981263016583E-15, -2.805387797898438817E-33 ) ) ;
#2975 = PLANE ( 'NONE',  #4237 ) ;
#2976 = DIRECTION ( 'NONE',  ( 4.336808679518465795E-16, -1.000000000000000000, -7.657177843178875065E-19 ) ) ;
#2977 = ORIENTED_EDGE ( 'NONE', *, *, #3366, .F. ) ;
#2978 = AXIS2_PLACEMENT_3D ( 'NONE', #5446, #7109, #1537 ) ;
#2979 = ORIENTED_EDGE ( 'NONE', *, *, #782, .T. ) ;
#2980 = CARTESIAN_POINT ( 'NONE',  ( 8.792068948508729775, 88.00178586216263454, -3.455201181230785235 ) ) ;
#2981 = VERTEX_POINT ( 'NONE', #325 ) ;
#2982 = AXIS2_PLACEMENT_3D ( 'NONE', #3625, #6998, #2561 ) ;
#2983 = DIRECTION ( 'NONE',  ( -0.8660254037844368202, -0.5000000000000032196, 0.000000000000000000 ) ) ;
#2984 = LINE ( 'NONE', #3531, #4493 ) ;
#2985 = CARTESIAN_POINT ( 'NONE',  ( 6.524119756077632282, 88.00178586216262033, 30.39339015613882466 ) ) ;
#2986 = ORIENTED_EDGE ( 'NONE', *, *, #6253, .F. ) ;
#2987 = DIRECTION ( 'NONE',  ( -1.000000000000000000, 0.000000000000000000, 0.000000000000000000 ) ) ;
#2988 = EDGE_CURVE ( 'NONE', #1113, #2678, #4475, .T. ) ;
#2989 = ORIENTED_EDGE ( 'NONE', *, *, #3297, .F. ) ;
#2990 = ORIENTED_EDGE ( 'NONE', *, *, #1842, .T. ) ;
#2991 = DIRECTION ( 'NONE',  ( -1.000000000000000000, -3.663735981263016583E-15, -2.805387797898438817E-33 ) ) ;
#2992 = DIRECTION ( 'NONE',  ( 1.000000000000000000, 0.000000000000000000, 0.000000000000000000 ) ) ;
#2993 = CARTESIAN_POINT ( 'NONE',  ( -4.375241788773890583, -6.340670791627873726, 50.00000000000000000 ) ) ;
#2994 = ORIENTED_EDGE ( 'NONE', *, *, #6847, .F. ) ;
#2995 = VERTEX_POINT ( 'NONE', #4273 ) ;
#2996 = DIRECTION ( 'NONE',  ( -0.000000000000000000, -0.000000000000000000, -1.000000000000000000 ) ) ;
#2997 = CARTESIAN_POINT ( 'NONE',  ( 6.524119756077632282, 88.00178586216262033, 30.39339015613882466 ) ) ;
#2998 = FACE_BOUND ( 'NONE', #6188, .T. ) ;
#2999 = LINE ( 'NONE', #2370, #2372 ) ;
#3000 = ORIENTED_EDGE ( 'NONE', *, *, #692, .F. ) ;
#3001 = EDGE_CURVE ( 'NONE', #2913, #6790, #4858, .T. ) ;
#3002 = EDGE_CURVE ( 'NONE', #831, #5455, #1965, .T. ) ;
#3003 = CARTESIAN_POINT ( 'NONE',  ( 36.29346034719067404, 74.12385013504446363, 25.59339015613882395 ) ) ;
#3004 = ADVANCED_FACE ( 'NONE', ( #4748 ), #1484, .F. ) ;
#3005 = VERTEX_POINT ( 'NONE', #3065 ) ;
#3006 = ORIENTED_EDGE ( 'NONE', *, *, #6157, .T. ) ;
#3007 = EDGE_CURVE ( 'NONE', #1807, #2831, #5242, .T. ) ;
#3008 = CARTESIAN_POINT ( 'NONE',  ( 9.100377905283107083, 83.96588747730039870, 19.48643130392574818 ) ) ;
#3009 = CARTESIAN_POINT ( 'NONE',  ( -9.975241788773896445, 23.68429699879670736, 50.00000000000000000 ) ) ;
#3010 = LINE ( 'NONE', #2452, #2138 ) ;
#3011 = CARTESIAN_POINT ( 'NONE',  ( 9.908091211226080830, 83.96588747730039870, -0.9166540207712660093 ) ) ;
#3012 = VERTEX_POINT ( 'NONE', #3721 ) ;
#3013 = ORIENTED_EDGE ( 'NONE', *, *, #3798, .T. ) ;
#3014 = CARTESIAN_POINT ( 'NONE',  ( 39.29346034719065983, 79.32000255775112407, 25.59339015613882395 ) ) ;
#3015 = EDGE_CURVE ( 'NONE', #6198, #1299, #6902, .T. ) ;
#3016 = ORIENTED_EDGE ( 'NONE', *, *, #7055, .F. ) ;
#3017 = CARTESIAN_POINT ( 'NONE',  ( -9.475880243922304658, 95.92998909243814865, 30.39339015613882466 ) ) ;
#3018 = LINE ( 'NONE', #6755, #2848 ) ;
#3019 = ORIENTED_EDGE ( 'NONE', *, *, #5050, .T. ) ;
#3020 = CARTESIAN_POINT ( 'NONE',  ( -3.207931051491221819, 88.00178586216263454, 30.39339015613882466 ) ) ;
#3021 = ORIENTED_EDGE ( 'NONE', *, *, #5792, .T. ) ;
#3022 = ORIENTED_EDGE ( 'NONE', *, *, #3385, .T. ) ;
#3023 = CARTESIAN_POINT ( 'NONE',  ( -11.20793105149119029, 94.92998909243814865, 30.39339015613882466 ) ) ;
#3024 = ADVANCED_FACE ( 'NONE', ( #5389 ), #2578, .F. ) ;
#3025 = CARTESIAN_POINT ( 'NONE',  ( 4.792068948508746651, 94.92998909243814865, 30.39339015613882466 ) ) ;
#3026 = DIRECTION ( 'NONE',  ( 3.663735981263016583E-15, -1.000000000000000000, -7.657177843178876991E-19 ) ) ;
#3027 = ORIENTED_EDGE ( 'NONE', *, *, #6470, .F. ) ;
#3028 = ADVANCED_FACE ( 'NONE', ( #800 ), #5795, .F. ) ;
#3029 = EDGE_LOOP ( 'NONE', ( #5741, #3905, #1963, #5002 ) ) ;
#3030 = ORIENTED_EDGE ( 'NONE', *, *, #1330, .T. ) ;
#3031 = FACE_BOUND ( 'NONE', #1227, .T. ) ;
#3032 = EDGE_CURVE ( 'NONE', #6249, #4089, #4164, .T. ) ;
#3033 = PLANE ( 'NONE',  #5062 ) ;
#3034 = VERTEX_POINT ( 'NONE', #7018 ) ;
#3035 = CIRCLE ( 'NONE', #6635, 1.000000000000000888 ) ;
#3036 = DIRECTION ( 'NONE',  ( 1.000000000000000000, 0.000000000000000000, 1.344313544308534762E-09 ) ) ;
#3037 = EDGE_LOOP ( 'NONE', ( #5457, #3481, #2120, #1307 ) ) ;
#3038 = ORIENTED_EDGE ( 'NONE', *, *, #2869, .F. ) ;
#3039 = CARTESIAN_POINT ( 'NONE',  ( 4.792068948508746651, 95.92998909243814865, 25.59339015613882395 ) ) ;
#3040 = DIRECTION ( 'NONE',  ( 0.000000000000000000, -1.000000000000000000, 0.000000000000000000 ) ) ;
#3041 = EDGE_CURVE ( 'NONE', #3780, #3699, #4709, .T. ) ;
#3042 = LINE ( 'NONE', #6356, #5515 ) ;
#3043 = CARTESIAN_POINT ( 'NONE',  ( -17.40194335874751985, 79.96588747730037028, 25.59338352060716915 ) ) ;
#3044 =( BOUNDED_CURVE ( )  B_SPLINE_CURVE ( 3, ( #6678, #973, #5554, #2305 ),
 .UNSPECIFIED., .F., .T. ) 
 B_SPLINE_CURVE_WITH_KNOTS ( ( 4, 4 ),
 ( 1.829653304914890593E-16, 1.570796326794896780 ),
 .UNSPECIFIED. ) 
 CURVE ( )  GEOMETRIC_REPRESENTATION_ITEM ( )  RATIONAL_B_SPLINE_CURVE ( ( 1.000000000000000000, 0.8047378541243649375, 0.8047378541243649375, 1.000000000000000000 ) ) 
 REPRESENTATION_ITEM ( '' )  );
#3045 = VECTOR ( 'NONE', #6306, 1000.000000000000000 ) ;
#3046 = EDGE_CURVE ( 'NONE', #6317, #6264, #4706, .T. ) ;
#3047 = EDGE_LOOP ( 'NONE', ( #6168, #5055, #2704, #896 ) ) ;
#3048 = ORIENTED_EDGE ( 'NONE', *, *, #6804, .T. ) ;
#3049 = DIRECTION ( 'NONE',  ( -0.5000000000000032196, 0.8660254037844368202, 6.631310533488228364E-19 ) ) ;
#3050 = EDGE_LOOP ( 'NONE', ( #690, #3659, #3671, #4392 ) ) ;
#3051 = VECTOR ( 'NONE', #3956, 1000.000000000000000 ) ;
#3052 = EDGE_CURVE ( 'NONE', #4753, #653, #3647, .T. ) ;
#3053 = LINE ( 'NONE', #2502, #5740 ) ;
#3054 = FACE_BOUND ( 'NONE', #6663, .T. ) ;
#3055 = EDGE_CURVE ( 'NONE', #4778, #7192, #4817, .T. ) ;
#3056 = VECTOR ( 'NONE', #2802, 999.9999999999998863 ) ;
#3057 = CARTESIAN_POINT ( 'NONE',  ( -7.475880243922096824, 31.90447354320624029, 25.59339015613882395 ) ) ;
#3058 = VERTEX_POINT ( 'NONE', #5321 ) ;
#3059 = LINE ( 'NONE', #1479, #4924 ) ;
#3060 = ADVANCED_FACE ( 'NONE', ( #4232 ), #3610, .T. ) ;
#3061 = ORIENTED_EDGE ( 'NONE', *, *, #4200, .F. ) ;
#3062 = LINE ( 'NONE', #5280, #5027 ) ;
#3063 = VECTOR ( 'NONE', #1010, 1000.000000000000000 ) ;
#3064 = ORIENTED_EDGE ( 'NONE', *, *, #246, .F. ) ;
#3065 = CARTESIAN_POINT ( 'NONE',  ( 9.658094352293174367, 87.50178586216263454, 30.39339015613882466 ) ) ;
#3066 = CARTESIAN_POINT ( 'NONE',  ( 8.792068948508729775, 94.92998909243814865, 25.59339015613882395 ) ) ;
#3067 = DIRECTION ( 'NONE',  ( -0.8660254037844407060, 0.4999999999999965583, 0.000000000000000000 ) ) ;
#3068 = ORIENTED_EDGE ( 'NONE', *, *, #5544, .T. ) ;
#3069 = VECTOR ( 'NONE', #5819, 1000.000000000000000 ) ;
#3070 = VERTEX_POINT ( 'NONE', #359 ) ;
#3071 = ORIENTED_EDGE ( 'NONE', *, *, #5121, .F. ) ;
#3072 = LINE ( 'NONE', #5290, #477 ) ;
#3073 = VECTOR ( 'NONE', #3950, 1000.000000000000114 ) ;
#3074 = DIRECTION ( 'NONE',  ( -0.8660254037844368202, -0.5000000000000032196, 0.000000000000000000 ) ) ;
#3075 = DIRECTION ( 'NONE',  ( 0.5000000000000029976, -0.8660254037844369313, -6.631310533488230290E-19 ) ) ;
#3076 = EDGE_LOOP ( 'NONE', ( #5975, #6432, #6879, #2181, #4130, #1847 ) ) ;
#3077 = VECTOR ( 'NONE', #6473, 1000.000000000000000 ) ;
#3078 = AXIS2_PLACEMENT_3D ( 'NONE', #6712, #1719, #4659 ) ;
#3079 = DIRECTION ( 'NONE',  ( 1.194360887545366536E-16, -7.657177843178680546E-19, 1.000000000000000000 ) ) ;
#3080 = EDGE_CURVE ( 'NONE', #1327, #3699, #3044, .T. ) ;
#3081 = VERTEX_POINT ( 'NONE', #5353 ) ;
#3082 = FACE_OUTER_BOUND ( 'NONE', #3613, .T. ) ;
#3083 = DIRECTION ( 'NONE',  ( 0.8660254037844404840, -0.4999999999999968359, -3.828588921589414421E-19 ) ) ;
#3084 = VECTOR ( 'NONE', #5440, 1000.000000000000000 ) ;
#3085 = DIRECTION ( 'NONE',  ( -0.9999999999990734079, -1.637162645964182016E-16, 1.361274163765233466E-06 ) ) ;
#3086 = LINE ( 'NONE', #6465, #2602 ) ;
#3087 = VECTOR ( 'NONE', #2083, 1000.000000000000114 ) ;
#3088 = ORIENTED_EDGE ( 'NONE', *, *, #2663, .T. ) ;
#3089 = VERTEX_POINT ( 'NONE', #2863 ) ;
#3090 = FACE_OUTER_BOUND ( 'NONE', #4297, .T. ) ;
#3091 = AXIS2_PLACEMENT_3D ( 'NONE', #902, #4851, #1372 ) ;
#3092 = ORIENTED_EDGE ( 'NONE', *, *, #51, .F. ) ;
#3093 = DIRECTION ( 'NONE',  ( -1.091152692702142892E-32, 1.339658354568195596E-16, -1.000000000000000000 ) ) ;
#3094 = LINE ( 'NONE', #5820, #5285 ) ;
#3095 = VECTOR ( 'NONE', #2329, 999.9999999999998863 ) ;
#3096 = FACE_BOUND ( 'NONE', #1456, .T. ) ;
#3097 = ORIENTED_EDGE ( 'NONE', *, *, #5271, .F. ) ;
#3098 = PLANE ( 'NONE',  #4816 ) ;
#3099 = VERTEX_POINT ( 'NONE', #564 ) ;
#3100 = CARTESIAN_POINT ( 'NONE',  ( 10.95809121122608332, 79.96588747730039870, 23.53334597922873428 ) ) ;
#3101 = VECTOR ( 'NONE', #3285, 1000.000000000000000 ) ;
#3102 = EDGE_CURVE ( 'NONE', #1887, #2063, #5089, .T. ) ;
#3103 = EDGE_CURVE ( 'NONE', #3816, #4607, #5625, .T. ) ;
#3104 = DIRECTION ( 'NONE',  ( 0.8660254037844404840, -0.4999999999999968359, -3.828588921589414421E-19 ) ) ;
#3105 = DIRECTION ( 'NONE',  ( 0.000000000000000000, -7.657177843178876028E-19, 1.000000000000000000 ) ) ;
#3106 = LINE ( 'NONE', #4342, #519 ) ;
#3107 = VERTEX_POINT ( 'NONE', #6203 ) ;
#3108 = VECTOR ( 'NONE', #6602, 1000.000000000000000 ) ;
#3109 = VERTEX_POINT ( 'NONE', #1175 ) ;
#3110 = DIRECTION ( 'NONE',  ( -0.8660254037844368202, -0.5000000000000032196, 0.000000000000000000 ) ) ;
#3111 = CARTESIAN_POINT ( 'NONE',  ( -54.89290318739411845, 18.68429699879670025, 43.35000000000000853 ) ) ;
#3112 = CARTESIAN_POINT ( 'NONE',  ( -17.40190320228618859, 31.90447354320630780, 30.39339015613882466 ) ) ;
#3113 = CARTESIAN_POINT ( 'NONE',  ( -16.40192070901317578, 79.96588747730039870, 8.208919501491095616 ) ) ;
#3114 = DIRECTION ( 'NONE',  ( -1.637162635542180680E-16, 1.000000000000000000, 7.657177843178876028E-19 ) ) ;
#3115 = EDGE_LOOP ( 'NONE', ( #4846, #330, #5910, #4153 ) ) ;
#3116 = PLANE ( 'NONE',  #6639 ) ;
#3117 = ORIENTED_EDGE ( 'NONE', *, *, #4358, .F. ) ;
#3118 = CARTESIAN_POINT ( 'NONE',  ( -0.3752417887738960234, 9.386298900080694452, 50.00000000000000000 ) ) ;
#3119 = CARTESIAN_POINT ( 'NONE',  ( -8.401937866840354374, 52.40086587357521353, 21.59338794779475279 ) ) ;
#3120 = LINE ( 'NONE', #1577, #5163 ) ;
#3121 = DIRECTION ( 'NONE',  ( 1.000000000000000000, 0.000000000000000000, 1.982480102920644027E-14 ) ) ;
#3122 = ORIENTED_EDGE ( 'NONE', *, *, #849, .T. ) ;
#3123 = DIRECTION ( 'NONE',  ( -0.5000000000000032196, 0.8660254037844368202, 6.631310533488228364E-19 ) ) ;
#3124 = ORIENTED_EDGE ( 'NONE', *, *, #6607, .F. ) ;
#3125 = CARTESIAN_POINT ( 'NONE',  ( -1.475880243922335966, 89.00178586216263454, 25.59339015613882395 ) ) ;
#3126 = EDGE_CURVE ( 'NONE', #3505, #4006, #5586, .T. ) ;
#3127 = PLANE ( 'NONE',  #6320 ) ;
#3128 = LINE ( 'NONE', #3057, #2150 ) ;
#3129 = ORIENTED_EDGE ( 'NONE', *, *, #6379, .F. ) ;
#3130 = DIRECTION ( 'NONE',  ( 1.000000000000000000, 3.330669073875469621E-15, 2.550352543544035319E-33 ) ) ;
#3131 = ORIENTED_EDGE ( 'NONE', *, *, #6496, .T. ) ;
#3132 = PLANE ( 'NONE',  #4682 ) ;
#3133 = ADVANCED_FACE ( 'NONE', ( #4543 ), #2789, .T. ) ;
#3134 = CARTESIAN_POINT ( 'NONE',  ( -17.40190797865465910, -2.924977123960227070E-15, -2.405623863409474521E-05 ) ) ;
#3135 = EDGE_CURVE ( 'NONE', #4148, #5238, #532, .T. ) ;
#3136 = DIRECTION ( 'NONE',  ( -0.8660254037844369313, -0.5000000000000029976, -3.828588921589461125E-19 ) ) ;
#3137 = ORIENTED_EDGE ( 'NONE', *, *, #1979, .T. ) ;
#3138 = ORIENTED_EDGE ( 'NONE', *, *, #1369, .F. ) ;
#3139 = CYLINDRICAL_SURFACE ( 'NONE', #1886, 1.549999999999999378 ) ;
#3140 = DIRECTION ( 'NONE',  ( 1.000000000000000000, 8.145007187700838718E-17, -0.000000000000000000 ) ) ;
#3141 = LINE ( 'NONE', #5437, #4265 ) ;
#3142 = CARTESIAN_POINT ( 'NONE',  ( 7.658094352293176144, 92.96588747730038449, -3.455201181230785235 ) ) ;
#3143 = CARTESIAN_POINT ( 'NONE',  ( -1.925241788773896845, 9.386298900080694452, 43.35000000000000853 ) ) ;
#3144 = EDGE_CURVE ( 'NONE', #2703, #1091, #5118, .T. ) ;
#3145 = ORIENTED_EDGE ( 'NONE', *, *, #6697, .T. ) ;
#3146 = VERTEX_POINT ( 'NONE', #675 ) ;
#3147 = CARTESIAN_POINT ( 'NONE',  ( -5.824235094193059403, 2.386298900080692231, 43.35000000000000853 ) ) ;
#3148 = CARTESIAN_POINT ( 'NONE',  ( -9.975241788773889340, 18.68429699879670380, 43.35000000000000853 ) ) ;
#3149 = CARTESIAN_POINT ( 'NONE',  ( 9.252046151459181189, 83.96588747730039870, -3.455173067039942758 ) ) ;
#3150 = LINE ( 'NONE', #5372, #862 ) ;
#3151 = DIRECTION ( 'NONE',  ( -0.9999999999990734079, -1.637162645964182016E-16, 1.361274163765233466E-06 ) ) ;
#3152 = AXIS2_PLACEMENT_3D ( 'NONE', #1016, #5066, #5499 ) ;
#3153 = ORIENTED_EDGE ( 'NONE', *, *, #6718, .T. ) ;
#3154 = CARTESIAN_POINT ( 'NONE',  ( 6.524119756077632282, 94.92998909243813443, 30.39339015613882466 ) ) ;
#3155 = ORIENTED_EDGE ( 'NONE', *, *, #3080, .F. ) ;
#3156 = CARTESIAN_POINT ( 'NONE',  ( -17.40190320228619925, 83.96588747730039870, -3.455174545975395084 ) ) ;
#3157 = EDGE_CURVE ( 'NONE', #2092, #6129, #1756, .T. ) ;
#3158 = DIRECTION ( 'NONE',  ( 1.000000000000000000, 0.000000000000000000, 0.000000000000000000 ) ) ;
#3159 = FACE_BOUND ( 'NONE', #3767, .T. ) ;
#3160 = EDGE_CURVE ( 'NONE', #2099, #6790, #4933, .T. ) ;
#3161 = VECTOR ( 'NONE', #5444, 1000.000000000000000 ) ;
#3162 = ORIENTED_EDGE ( 'NONE', *, *, #5251, .F. ) ;
#3163 = DIRECTION ( 'NONE',  ( -0.9999999999999712452, 0.000000000000000000, 2.398395554651428848E-07 ) ) ;
#3164 = ORIENTED_EDGE ( 'NONE', *, *, #760, .F. ) ;
#3165 = CARTESIAN_POINT ( 'NONE',  ( 1.658094352293207230, 94.42998909243814865, -3.455201181230785235 ) ) ;
#3166 = EDGE_CURVE ( 'NONE', #2693, #1825, #5971, .T. ) ;
#3167 = CARTESIAN_POINT ( 'NONE',  ( 6.625764905806940774, 2.386298900080696672, 50.00000000000000000 ) ) ;
#3168 = AXIS2_PLACEMENT_3D ( 'NONE', #5077, #154, #588 ) ;
#3169 = EDGE_CURVE ( 'NONE', #4283, #3911, #3308, .T. ) ;
#3170 = CARTESIAN_POINT ( 'NONE',  ( -8.784195482830899238, 83.96588747730039870, 19.48643130160574799 ) ) ;
#3171 = DIRECTION ( 'NONE',  ( 8.145007187700838718E-17, -1.000000000000000000, -0.000000000000000000 ) ) ;
#3172 = ORIENTED_EDGE ( 'NONE', *, *, #2177, .T. ) ;
#3173 = VERTEX_POINT ( 'NONE', #5013 ) ;
#3174 = CARTESIAN_POINT ( 'NONE',  ( -20.72124990694752000, 88.43747189035363476, 25.59339015613882395 ) ) ;
#3175 = FACE_OUTER_BOUND ( 'NONE', #3614, .T. ) ;
#3176 = AXIS2_PLACEMENT_3D ( 'NONE', #2653, #4881, #3748 ) ;
#3177 = EDGE_CURVE ( 'NONE', #793, #606, #7187, .T. ) ;
#3178 = FACE_BOUND ( 'NONE', #3820, .T. ) ;
#3179 = ADVANCED_FACE ( 'NONE', ( #1138 ), #3752, .T. ) ;
#3180 = CARTESIAN_POINT ( 'NONE',  ( 3.658094352293198792, 90.96588747730038449, 25.59339015613882395 ) ) ;
#3181 = VECTOR ( 'NONE', #6943, 1000.000000000000000 ) ;
#3182 = LINE ( 'NONE', #3255, #6210 ) ;
#3183 = ORIENTED_EDGE ( 'NONE', *, *, #4266, .T. ) ;
#3184 = EDGE_CURVE ( 'NONE', #3969, #142, #1686, .T. ) ;
#3185 = ORIENTED_EDGE ( 'NONE', *, *, #4524, .T. ) ;
#3186 = CARTESIAN_POINT ( 'NONE',  ( 10.95809121122608154, 83.96588747730039870, -0.9166540207712660093 ) ) ;
#3187 = VECTOR ( 'NONE', #5422, 1000.000000000000000 ) ;
#3188 = EDGE_CURVE ( 'NONE', #1014, #4258, #3661, .T. ) ;
#3189 = LINE ( 'NONE', #1469, #2511 ) ;
#3190 = CARTESIAN_POINT ( 'NONE',  ( -15.72124990694747559, 79.77721785250923858, 25.59339015613882395 ) ) ;
#3191 = CARTESIAN_POINT ( 'NONE',  ( -10.34190564770674570, 87.50178586216263454, 30.39339015613882466 ) ) ;
#3192 = AXIS2_PLACEMENT_3D ( 'NONE', #794, #5314, #2463 ) ;
#3193 = AXIS2_PLACEMENT_3D ( 'NONE', #6426, #3669, #4290 ) ;
#3194 = ORIENTED_EDGE ( 'NONE', *, *, #7179, .T. ) ;
#3195 = DIRECTION ( 'NONE',  ( 1.000000000000000000, 0.000000000000000000, 0.000000000000000000 ) ) ;
#3196 = VERTEX_POINT ( 'NONE', #2824 ) ;
#3197 = VECTOR ( 'NONE', #1126, 1000.000000000000000 ) ;
#3198 = AXIS2_PLACEMENT_3D ( 'NONE', #1324, #5781, #4068 ) ;
#3199 = PLANE ( 'NONE',  #739 ) ;
#3200 = DIRECTION ( 'NONE',  ( -0.000000000000000000, -0.000000000000000000, 1.000000000000000000 ) ) ;
#3201 = CIRCLE ( 'NONE', #4372, 1.550000000000000933 ) ;
#3202 = AXIS2_PLACEMENT_3D ( 'NONE', #2911, #2438, #5796 ) ;
#3203 = VERTEX_POINT ( 'NONE', #5046 ) ;
#3204 = FACE_OUTER_BOUND ( 'NONE', #1837, .T. ) ;
#3205 = VERTEX_POINT ( 'NONE', #59 ) ;
#3206 = LINE ( 'NONE', #6616, #1755 ) ;
#3207 = AXIS2_PLACEMENT_3D ( 'NONE', #3703, #5338, #2562 ) ;
#3208 = DIRECTION ( 'NONE',  ( 0.000000000000000000, 0.000000000000000000, 1.000000000000000000 ) ) ;
#3209 = AXIS2_PLACEMENT_3D ( 'NONE', #6842, #1889, #3427 ) ;
#3210 = DIRECTION ( 'NONE',  ( -1.637162635542180433E-16, 1.000000000000000000, 7.657177843178876991E-19 ) ) ;
#3211 = FACE_OUTER_BOUND ( 'NONE', #4211, .T. ) ;
#3212 = DIRECTION ( 'NONE',  ( 0.8660254037844368202, 0.5000000000000032196, 3.828588921589462088E-19 ) ) ;
#3213 = ORIENTED_EDGE ( 'NONE', *, *, #1163, .T. ) ;
#3214 = ADVANCED_FACE ( 'NONE', ( #2272 ), #4510, .F. ) ;
#3215 = ORIENTED_EDGE ( 'NONE', *, *, #1112, .F. ) ;
#3216 = LINE ( 'NONE', #2661, #1178 ) ;
#3217 = VECTOR ( 'NONE', #2082, 1000.000000000000000 ) ;
#3218 = DIRECTION ( 'NONE',  ( -1.382390865693871914E-06, 0.000000000000000000, 0.9999999999990444310 ) ) ;
#3219 = DIRECTION ( 'NONE',  ( 1.000000000000000000, 1.698444961132655992E-16, 0.000000000000000000 ) ) ;
#3220 = AXIS2_PLACEMENT_3D ( 'NONE', #3862, #3935, #6079 ) ;
#3221 = LINE ( 'NONE', #985, #1789 ) ;
#3222 = DIRECTION ( 'NONE',  ( -1.000000000000000000, 0.000000000000000000, -0.000000000000000000 ) ) ;
#3223 = ADVANCED_FACE ( 'NONE', ( #6245 ), #5736, .T. ) ;
#3224 = ORIENTED_EDGE ( 'NONE', *, *, #1529, .T. ) ;
#3225 = VERTEX_POINT ( 'NONE', #3485 ) ;
#3226 = ORIENTED_EDGE ( 'NONE', *, *, #5419, .T. ) ;
#3227 = CARTESIAN_POINT ( 'NONE',  ( -11.20793105149119029, 88.00178586216263454, -3.455201181230785235 ) ) ;
#3228 = DIRECTION ( 'NONE',  ( 0.8660254037844404840, -0.4999999999999968359, -3.828588921589414421E-19 ) ) ;
#3229 = DIRECTION ( 'NONE',  ( 0.8660254037844368202, 0.5000000000000032196, 3.828588921589462088E-19 ) ) ;
#3230 = LINE ( 'NONE', #3264, #752 ) ;
#3231 = EDGE_CURVE ( 'NONE', #1653, #6803, #2530, .T. ) ;
#3232 = EDGE_CURVE ( 'NONE', #4006, #7007, #4729, .T. ) ;
#3233 = ORIENTED_EDGE ( 'NONE', *, *, #2682, .F. ) ;
#3234 = EDGE_CURVE ( 'NONE', #5719, #768, #272, .T. ) ;
#3235 = DIRECTION ( 'NONE',  ( -0.000000000000000000, -0.000000000000000000, -1.000000000000000000 ) ) ;
#3236 = ORIENTED_EDGE ( 'NONE', *, *, #1529, .F. ) ;
#3237 = CARTESIAN_POINT ( 'NONE',  ( -0.3752417887738929148, 2.386298900080694452, 46.35000000000000853 ) ) ;
#3238 = CARTESIAN_POINT ( 'NONE',  ( -10.94190878877390460, 79.96588747730039870, 8.108345979229751421 ) ) ;
#3239 = EDGE_CURVE ( 'NONE', #2497, #4548, #1800, .T. ) ;
#3240 = ORIENTED_EDGE ( 'NONE', *, *, #5081, .F. ) ;
#3241 = CARTESIAN_POINT ( 'NONE',  ( -17.40193782918063192, 52.40086587357521353, 21.59338103584048341 ) ) ;
#3242 = EDGE_LOOP ( 'NONE', ( #6909, #5123, #6888, #5004 ) ) ;
#3243 = CARTESIAN_POINT ( 'NONE',  ( -17.40190797867373718, 52.40086587357521353, -1.026655550348485536E-05 ) ) ;
#3244 = CARTESIAN_POINT ( 'NONE',  ( 3.658094352293191687, 92.96588747730038449, 30.39339015613882466 ) ) ;
#3245 = CARTESIAN_POINT ( 'NONE',  ( -8.341905647706754579, 90.96588747730038449, -3.455201181230785235 ) ) ;
#3246 = PLANE ( 'NONE',  #293 ) ;
#3247 = VERTEX_POINT ( 'NONE', #5698 ) ;
#3248 = ORIENTED_EDGE ( 'NONE', *, *, #2631, .T. ) ;
#3249 = DIRECTION ( 'NONE',  ( -0.8660254037844368202, -0.5000000000000032196, -3.828588921589462570E-19 ) ) ;
#3250 = DIRECTION ( 'NONE',  ( 0.8660254037844407060, -0.4999999999999965583, -3.828588921589411533E-19 ) ) ;
#3251 = ADVANCED_FACE ( 'NONE', ( #4692 ), #816, .F. ) ;
#3252 = DIRECTION ( 'NONE',  ( 3.663735981263016583E-15, -1.000000000000000000, -7.657177843178876991E-19 ) ) ;
#3253 = CARTESIAN_POINT ( 'NONE',  ( -7.141905262683017952, 44.61588747730039017, 3.916778533108583989E-06 ) ) ;
#3254 = EDGE_CURVE ( 'NONE', #338, #2693, #3042, .T. ) ;
#3255 = CARTESIAN_POINT ( 'NONE',  ( 9.658094352293174367, 87.50178586216263454, -3.455201181230785235 ) ) ;
#3256 = VERTEX_POINT ( 'NONE', #5263 ) ;
#3257 = ORIENTED_EDGE ( 'NONE', *, *, #3547, .T. ) ;
#3258 = EDGE_CURVE ( 'NONE', #2623, #2092, #6932, .T. ) ;
#3259 = ORIENTED_EDGE ( 'NONE', *, *, #859, .T. ) ;
#3260 = FACE_OUTER_BOUND ( 'NONE', #6447, .T. ) ;
#3261 = ADVANCED_FACE ( 'NONE', ( #3520 ), #6857, .T. ) ;
#3262 = FACE_OUTER_BOUND ( 'NONE', #1968, .T. ) ;
#3263 = DIRECTION ( 'NONE',  ( 0.000000000000000000, 0.000000000000000000, 1.000000000000000000 ) ) ;
#3264 = CARTESIAN_POINT ( 'NONE',  ( -5.475880243922087942, 31.90447354320624740, 25.59339015613882395 ) ) ;
#3265 = EDGE_LOOP ( 'NONE', ( #4608, #4904, #4991, #3422 ) ) ;
#3266 = CARTESIAN_POINT ( 'NONE',  ( 8.858091211226081896, 83.96588747730039870, 23.53334597922873428 ) ) ;
#3267 = ORIENTED_EDGE ( 'NONE', *, *, #1979, .F. ) ;
#3268 = LINE ( 'NONE', #4402, #2477 ) ;
#3269 = LINE ( 'NONE', #2721, #4124 ) ;
#3270 = ORIENTED_EDGE ( 'NONE', *, *, #1127, .T. ) ;
#3271 = CARTESIAN_POINT ( 'NONE',  ( 2.524119756077648269, 95.92998909243814865, 30.39339015613882466 ) ) ;
#3272 = ORIENTED_EDGE ( 'NONE', *, *, #897, .F. ) ;
#3273 = AXIS2_PLACEMENT_3D ( 'NONE', #3506, #4648, #226 ) ;
#3274 = CARTESIAN_POINT ( 'NONE',  ( 10.52411975607761541, 94.92998909243813443, -3.455201181230785235 ) ) ;
#3275 = EDGE_CURVE ( 'NONE', #4861, #2838, #6389, .T. ) ;
#3276 = DIRECTION ( 'NONE',  ( 1.000000000000000000, 3.330669073875469621E-15, 2.550352543544035319E-33 ) ) ;
#3277 = VECTOR ( 'NONE', #4843, 1000.000000000000000 ) ;
#3278 = DIRECTION ( 'NONE',  ( 0.9999999999990734079, 1.698444961127886095E-16, -1.361274163765233466E-06 ) ) ;
#3279 = VERTEX_POINT ( 'NONE', #1867 ) ;
#3280 = EDGE_CURVE ( 'NONE', #1899, #747, #3010, .T. ) ;
#3281 = ORIENTED_EDGE ( 'NONE', *, *, #105, .T. ) ;
#3282 = DIRECTION ( 'NONE',  ( -1.698444961132655992E-16, 1.000000000000000000, -2.347914800137057680E-22 ) ) ;
#3283 = DIRECTION ( 'NONE',  ( -1.233027339406024299E-16, 1.000000000000000000, 0.000000000000000000 ) ) ;
#3284 = VECTOR ( 'NONE', #4985, 1000.000000000000000 ) ;
#3285 = DIRECTION ( 'NONE',  ( 6.698291772840976747E-17, -1.000000000000000000, -0.000000000000000000 ) ) ;
#3286 = LINE ( 'NONE', #6148, #2731 ) ;
#3287 = LINE ( 'NONE', #3326, #2965 ) ;
#3288 = VECTOR ( 'NONE', #578, 1000.000000000000114 ) ;
#3289 = VERTEX_POINT ( 'NONE', #1393 ) ;
#3290 = ORIENTED_EDGE ( 'NONE', *, *, #4171, .T. ) ;
#3291 = LINE ( 'NONE', #3186, #2113 ) ;
#3292 = FACE_OUTER_BOUND ( 'NONE', #313, .T. ) ;
#3293 = VECTOR ( 'NONE', #568, 999.9999999999998863 ) ;
#3294 = CARTESIAN_POINT ( 'NONE',  ( -17.40192070901221655, 79.96588747730039870, 9.208918119100228949 ) ) ;
#3295 = CARTESIAN_POINT ( 'NONE',  ( -4.364125985283191511, 2.684296998796706912, -3.455201181230785235 ) ) ;
#3296 = ORIENTED_EDGE ( 'NONE', *, *, #6293, .F. ) ;
#3297 = EDGE_CURVE ( 'NONE', #5116, #1413, #6826, .T. ) ;
#3298 = VECTOR ( 'NONE', #5737, 1000.000000000000000 ) ;
#3299 = CARTESIAN_POINT ( 'NONE',  ( 4.524119756077638499, 92.46588747730037028, 30.39339015613882466 ) ) ;
#3300 = ORIENTED_EDGE ( 'NONE', *, *, #1919, .F. ) ;
#3301 = CARTESIAN_POINT ( 'NONE',  ( 6.792068948508738657, 91.46588747730038449, -3.455201181230785235 ) ) ;
#3302 = VECTOR ( 'NONE', #5865, 1000.000000000000000 ) ;
#3303 = FACE_OUTER_BOUND ( 'NONE', #3924, .T. ) ;
#3304 = ORIENTED_EDGE ( 'NONE', *, *, #3587, .T. ) ;
#3305 = SURFACE_SIDE_STYLE ('',( #25 ) ) ;
#3306 = AXIS2_PLACEMENT_3D ( 'NONE', #1493, #2051, #3222 ) ;
#3307 = ORIENTED_EDGE ( 'NONE', *, *, #2093, .T. ) ;
#3308 = CIRCLE ( 'NONE', #4596, 9.599999999999997868 ) ;
#3309 = CARTESIAN_POINT ( 'NONE',  ( -4.375241788773895912, 23.68429699879670736, 48.80917232196426880 ) ) ;
#3310 = LINE ( 'NONE', #3244, #1313 ) ;
#3311 = CARTESIAN_POINT ( 'NONE',  ( 6.458090141575119958, -14.07277949271606943, 1.733346179548747479 ) ) ;
#3312 = VECTOR ( 'NONE', #1239, 1000.000000000000000 ) ;
#3313 = VECTOR ( 'NONE', #5253, 1000.000000000000000 ) ;
#3314 = DIRECTION ( 'NONE',  ( 0.9999999999990444310, 1.637162624955403556E-16, 1.382390865440721295E-06 ) ) ;
#3315 = EDGE_CURVE ( 'NONE', #715, #1376, #167, .T. ) ;
#3316 = VERTEX_POINT ( 'NONE', #3627 ) ;
#3317 = ORIENTED_EDGE ( 'NONE', *, *, #4885, .F. ) ;
#3318 = DIRECTION ( 'NONE',  ( 0.000000000000000000, 0.000000000000000000, 1.000000000000000000 ) ) ;
#3319 = ADVANCED_FACE ( 'NONE', ( #5846 ), #5193, .T. ) ;
#3320 = CYLINDRICAL_SURFACE ( 'NONE', #3152, 1.550000000000000266 ) ;
#3321 = EDGE_CURVE ( 'NONE', #604, #1120, #6893, .T. ) ;
#3322 = VECTOR ( 'NONE', #610, 1000.000000000000000 ) ;
#3323 = AXIS2_PLACEMENT_3D ( 'NONE', #6618, #4917, #5460 ) ;
#3324 = LINE ( 'NONE', #6147, #3800 ) ;
#3325 = DIRECTION ( 'NONE',  ( -1.000000000000000000, -3.663735981263016583E-15, -2.805387797898438817E-33 ) ) ;
#3326 = CARTESIAN_POINT ( 'NONE',  ( -8.401937866840324176, 79.96588747730039870, 25.59338794779474924 ) ) ;
#3327 = VECTOR ( 'NONE', #5304, 1000.000000000000000 ) ;
#3328 = ORIENTED_EDGE ( 'NONE', *, *, #5206, .T. ) ;
#3329 = ORIENTED_EDGE ( 'NONE', *, *, #1855, .T. ) ;
#3330 = ORIENTED_EDGE ( 'NONE', *, *, #4621, .T. ) ;
#3331 = CARTESIAN_POINT ( 'NONE',  ( -2.341905647706778115, 94.42998909243814865, 30.39339015613882466 ) ) ;
#3332 = AXIS2_PLACEMENT_3D ( 'NONE', #109, #2991, #1735 ) ;
#3333 = DIRECTION ( 'NONE',  ( 0.000000000000000000, 1.000000000000000000, 0.000000000000000000 ) ) ;
#3334 = CYLINDRICAL_SURFACE ( 'NONE', #2504, 1.550000000000000488 ) ;
#3335 = LINE ( 'NONE', #2710, #2028 ) ;
#3336 = ORIENTED_EDGE ( 'NONE', *, *, #337, .T. ) ;
#3337 = VECTOR ( 'NONE', #6055, 1000.000000000000000 ) ;
#3338 = DIRECTION ( 'NONE',  ( 3.663735981263016583E-15, -1.000000000000000000, -7.657177843178876991E-19 ) ) ;
#3339 = ORIENTED_EDGE ( 'NONE', *, *, #2326, .T. ) ;
#3340 = ADVANCED_FACE ( 'NONE', ( #4146 ), #1363, .T. ) ;
#3341 = CARTESIAN_POINT ( 'NONE',  ( -9.207931051491199170, 91.46588747730038449, -3.455201181230785235 ) ) ;
#3342 = DIRECTION ( 'NONE',  ( 0.000000000000000000, 0.000000000000000000, -1.000000000000000000 ) ) ;
#3343 = FACE_OUTER_BOUND ( 'NONE', #5470, .T. ) ;
#3344 = ORIENTED_EDGE ( 'NONE', *, *, #6625, .T. ) ;
#3345 = DIRECTION ( 'NONE',  ( 0.8660254037844404840, -0.4999999999999968359, -3.828588921589414421E-19 ) ) ;
#3346 = ORIENTED_EDGE ( 'NONE', *, *, #4550, .T. ) ;
#3347 = LINE ( 'NONE', #2795, #488 ) ;
#3348 = ADVANCED_FACE ( 'NONE', ( #4214 ), #1027, .F. ) ;
#3349 = DIRECTION ( 'NONE',  ( -1.000000000000000000, 0.000000000000000000, 0.000000000000000000 ) ) ;
#3350 = LINE ( 'NONE', #4410, #2738 ) ;
#3351 = LINE ( 'NONE', #2245, #4260 ) ;
#3352 = EDGE_LOOP ( 'NONE', ( #233, #3097, #6352, #2881 ) ) ;
#3353 = FACE_OUTER_BOUND ( 'NONE', #2325, .T. ) ;
#3354 = FACE_OUTER_BOUND ( 'NONE', #6935, .T. ) ;
#3355 = ADVANCED_FACE ( 'NONE', ( #2674 ), #4323, .F. ) ;
#3356 = DIRECTION ( 'NONE',  ( 0.000000000000000000, -7.657177843178876028E-19, 1.000000000000000000 ) ) ;
#3357 = FACE_OUTER_BOUND ( 'NONE', #1733, .T. ) ;
#3358 = CARTESIAN_POINT ( 'NONE',  ( -8.784195482830899238, 82.06588747730039302, 19.48643130160574799 ) ) ;
#3359 = ORIENTED_EDGE ( 'NONE', *, *, #2506, .T. ) ;
#3360 = EDGE_LOOP ( 'NONE', ( #1978, #7163, #5687, #3757 ) ) ;
#3361 = ORIENTED_EDGE ( 'NONE', *, *, #2152, .T. ) ;
#3362 = FACE_OUTER_BOUND ( 'NONE', #505, .T. ) ;
#3363 = EDGE_CURVE ( 'NONE', #3403, #5325, #1430, .T. ) ;
#3364 = PLANE ( 'NONE',  #2055 ) ;
#3365 = CARTESIAN_POINT ( 'NONE',  ( -2.341905647706777227, 87.50178586216263454, 30.39339015613882466 ) ) ;
#3366 = EDGE_CURVE ( 'NONE', #2334, #3391, #6024, .T. ) ;
#3367 = LINE ( 'NONE', #2816, #1557 ) ;
#3368 = VERTEX_POINT ( 'NONE', #487 ) ;
#3369 = DIRECTION ( 'NONE',  ( 0.000000000000000000, -7.657177843178876991E-19, 1.000000000000000000 ) ) ;
#3370 = EDGE_LOOP ( 'NONE', ( #5052, #4226, #899, #218, #6638, #4769, #3019, #3594, #1813, #5107, #4055, #401, #2318, #3328, #2219, #3526 ) ) ;
#3371 = DIRECTION ( 'NONE',  ( 0.000000000000000000, 1.000000000000000000, 0.000000000000000000 ) ) ;
#3372 = DIRECTION ( 'NONE',  ( -1.000000000000000000, 0.000000000000000000, 0.000000000000000000 ) ) ;
#3373 = FACE_BOUND ( 'NONE', #771, .T. ) ;
#3374 = ORIENTED_EDGE ( 'NONE', *, *, #3437, .T. ) ;
#3375 = DIRECTION ( 'NONE',  ( -1.637162635542180433E-16, 1.000000000000000000, 7.657177843178875065E-19 ) ) ;
#3376 = ORIENTED_EDGE ( 'NONE', *, *, #6284, .T. ) ;
#3377 = DIRECTION ( 'NONE',  ( 0.8660254037844407060, -0.4999999999999965583, -3.828588921589411533E-19 ) ) ;
#3378 = CARTESIAN_POINT ( 'NONE',  ( 1.658094352293206564, 87.50178586216263454, 30.39339015613882466 ) ) ;
#3379 = DIRECTION ( 'NONE',  ( 1.344313544308534555E-09, 0.000000000000000000, -1.000000000000000000 ) ) ;
#3380 = VECTOR ( 'NONE', #4923, 1000.000000000000000 ) ;
#3381 = EDGE_LOOP ( 'NONE', ( #4245, #211, #5926, #6829 ) ) ;
#3382 = EDGE_CURVE ( 'NONE', #5297, #7071, #3230, .T. ) ;
#3383 = LINE ( 'NONE', #6076, #6999 ) ;
#3384 = FACE_OUTER_BOUND ( 'NONE', #621, .T. ) ;
#3385 = EDGE_CURVE ( 'NONE', #1622, #448, #6425, .T. ) ;
#3386 = LINE ( 'NONE', #5568, #3101 ) ;
#3387 = VECTOR ( 'NONE', #6887, 1000.000000000000000 ) ;
#3388 = DIRECTION ( 'NONE',  ( -0.8660254037844404840, 0.4999999999999968914, 3.828588921589413940E-19 ) ) ;
#3389 = DIRECTION ( 'NONE',  ( 0.000000000000000000, -7.657177843178876028E-19, 1.000000000000000000 ) ) ;
#3390 = ORIENTED_EDGE ( 'NONE', *, *, #6586, .T. ) ;
#3391 = VERTEX_POINT ( 'NONE', #6965 ) ;
#3392 = ORIENTED_EDGE ( 'NONE', *, *, #4300, .F. ) ;
#3393 = VERTEX_POINT ( 'NONE', #7110 ) ;
#3394 = VECTOR ( 'NONE', #907, 1000.000000000000000 ) ;
#3395 = PLANE ( 'NONE',  #3168 ) ;
#3396 = FACE_OUTER_BOUND ( 'NONE', #3716, .T. ) ;
#3397 = CARTESIAN_POINT ( 'NONE',  ( -9.475880243922304658, 95.92998909243814865, -3.455201181230785235 ) ) ;
#3398 = AXIS2_PLACEMENT_3D ( 'NONE', #7026, #404, #4201 ) ;
#3399 = EDGE_CURVE ( 'NONE', #4565, #1327, #2018, .T. ) ;
#3400 = ORIENTED_EDGE ( 'NONE', *, *, #5138, .T. ) ;
#3401 = DIRECTION ( 'NONE',  ( 0.5000000000000029976, -0.8660254037844369313, -6.631310533488230290E-19 ) ) ;
#3402 = EDGE_CURVE ( 'NONE', #1299, #1320, #380, .T. ) ;
#3403 = VERTEX_POINT ( 'NONE', #1471 ) ;
#3404 = CIRCLE ( 'NONE', #844, 4.000000000000000000 ) ;
#3405 = CARTESIAN_POINT ( 'NONE',  ( -7.141904482420032174, 83.96588747730039870, -0.3285352151077766680 ) ) ;
#3406 = CARTESIAN_POINT ( 'NONE',  ( 36.29346034719069536, 74.12385013504449205, 25.59339015613882395 ) ) ;
#3407 = DIRECTION ( 'NONE',  ( -1.637162635542180680E-16, 1.000000000000000000, 7.657177843178876028E-19 ) ) ;
#3408 = CARTESIAN_POINT ( 'NONE',  ( 10.52411975607761541, 88.00178586216262033, -3.455201181230785235 ) ) ;
#3409 = VECTOR ( 'NONE', #3342, 1000.000000000000000 ) ;
#3410 = ORIENTED_EDGE ( 'NONE', *, *, #5344, .T. ) ;
#3411 = DIRECTION ( 'NONE',  ( -1.350588481258428369E-09, -4.411992833102748592E-25, -1.000000000000000000 ) ) ;
#3412 = EDGE_LOOP ( 'NONE', ( #4217, #868, #1903, #5033, #7157, #2002 ) ) ;
#3413 = LINE ( 'NONE', #1693, #2341 ) ;
#3414 = VECTOR ( 'NONE', #5388, 1000.000000000000000 ) ;
#3415 = PRODUCT ( 'gello_teleop_flexiv_l2', 'gello_teleop_flexiv_l2', '', ( #5655 ) ) ;
#3416 = LINE ( 'NONE', #1262, #2266 ) ;
#3417 = EDGE_CURVE ( 'NONE', #5508, #6536, #3150, .T. ) ;
#3418 = DIRECTION ( 'NONE',  ( -1.000000000000000000, 0.000000000000000000, -1.876941858007992400E-16 ) ) ;
#3419 = VECTOR ( 'NONE', #4427, 1000.000000000000000 ) ;
#3420 = VERTEX_POINT ( 'NONE', #2059 ) ;
#3421 = FACE_BOUND ( 'NONE', #775, .T. ) ;
#3422 = ORIENTED_EDGE ( 'NONE', *, *, #104, .F. ) ;
#3423 = VECTOR ( 'NONE', #1087, 1000.000000000000114 ) ;
#3424 = AXIS2_PLACEMENT_3D ( 'NONE', #2, #6659, #5569 ) ;
#3425 = DIRECTION ( 'NONE',  ( -5.902893091651519514E-08, 7.657081203218750252E-19, -0.9999999999999983347 ) ) ;
#3426 = EDGE_CURVE ( 'NONE', #286, #6129, #4134, .T. ) ;
#3427 = DIRECTION ( 'NONE',  ( -1.000000000000000000, 0.000000000000000000, 9.035018104050192173E-17 ) ) ;
#3428 = DIRECTION ( 'NONE',  ( -0.000000000000000000, -1.000000000000000000, -0.000000000000000000 ) ) ;
#3429 = VERTEX_POINT ( 'NONE', #4255 ) ;
#3430 = VERTEX_POINT ( 'NONE', #5447 ) ;
#3431 = ORIENTED_EDGE ( 'NONE', *, *, #4429, .F. ) ;
#3432 = AXIS2_PLACEMENT_3D ( 'NONE', #3681, #2336, #2381 ) ;
#3433 = ORIENTED_EDGE ( 'NONE', *, *, #2285, .F. ) ;
#3434 = VECTOR ( 'NONE', #2155, 1000.000000000000000 ) ;
#3435 = CARTESIAN_POINT ( 'NONE',  ( -10.59190878877393160, 79.96588747730039870, -0.9166540207712660093 ) ) ;
#3436 = DIRECTION ( 'NONE',  ( -0.9999999999962810859, -1.637162656419017223E-16, 2.727235235584807992E-06 ) ) ;
#3437 = EDGE_CURVE ( 'NONE', #2667, #3796, #4902, .T. ) ;
#3438 = VECTOR ( 'NONE', #3510, 1000.000000000000000 ) ;
#3439 = CARTESIAN_POINT ( 'NONE',  ( 10.25809121979610516, 83.96588747730039870, 1.733345955238746239 ) ) ;
#3440 = VERTEX_POINT ( 'NONE', #2091 ) ;
#3441 = DIRECTION ( 'NONE',  ( -0.8660254037844407060, 0.4999999999999965583, 0.000000000000000000 ) ) ;
#3442 = AXIS2_PLACEMENT_3D ( 'NONE', #4011, #3538, #6875 ) ;
#3443 = ORIENTED_EDGE ( 'NONE', *, *, #4642, .F. ) ;
#3444 = EDGE_LOOP ( 'NONE', ( #7094, #1771, #4656, #6005, #3940 ) ) ;
#3445 = CARTESIAN_POINT ( 'NONE',  ( -9.975241788773896445, 23.68429699879670736, 0.000000000000000000 ) ) ;
#3446 = EDGE_CURVE ( 'NONE', #4883, #5891, #6572, .T. ) ;
#3447 = EDGE_CURVE ( 'NONE', #6615, #5742, #4766, .T. ) ;
#3448 = DIRECTION ( 'NONE',  ( -0.8660254037844404840, 0.4999999999999968914, 3.828588921589413940E-19 ) ) ;
#3449 = CARTESIAN_POINT ( 'NONE',  ( -10.94190878877390460, 79.96588747730039870, 8.108345979229751421 ) ) ;
#3450 = CYLINDRICAL_SURFACE ( 'NONE', #4937, 1.000000000000000888 ) ;
#3451 = ORIENTED_EDGE ( 'NONE', *, *, #4159, .F. ) ;
#3452 = ORIENTED_EDGE ( 'NONE', *, *, #490, .F. ) ;
#3453 = CARTESIAN_POINT ( 'NONE',  ( -17.40190320229004328, 79.96588747730039870, -3.455171764352540364 ) ) ;
#3454 = ORIENTED_EDGE ( 'NONE', *, *, #6811, .T. ) ;
#3455 = FACE_OUTER_BOUND ( 'NONE', #172, .T. ) ;
#3456 = CARTESIAN_POINT ( 'NONE',  ( -0.3752417887738916935, -4.613701099919306436, 0.000000000000000000 ) ) ;
#3457 = CARTESIAN_POINT ( 'NONE',  ( 11.71809752833263829, -7.215701099919299644, 1.531747096758767412 ) ) ;
#3458 = EDGE_CURVE ( 'NONE', #3904, #2385, #3120, .T. ) ;
#3459 = FACE_OUTER_BOUND ( 'NONE', #1600, .T. ) ;
#3460 = ORIENTED_EDGE ( 'NONE', *, *, #2056, .F. ) ;
#3461 = CARTESIAN_POINT ( 'NONE',  ( -3.475880243922329083, 91.46588747730037028, 25.59339015613882395 ) ) ;
#3462 = EDGE_LOOP ( 'NONE', ( #7142, #4683, #6135, #1357 ) ) ;
#3463 = ORIENTED_EDGE ( 'NONE', *, *, #6547, .T. ) ;
#3464 = FACE_OUTER_BOUND ( 'NONE', #1805, .T. ) ;
#3465 = DIRECTION ( 'NONE',  ( 0.000000000000000000, -7.657177843178876028E-19, 1.000000000000000000 ) ) ;
#3466 = CARTESIAN_POINT ( 'NONE',  ( -5.475880243922321533, 95.92998909243814865, 30.39339015613882466 ) ) ;
#3467 = ORIENTED_EDGE ( 'NONE', *, *, #3363, .F. ) ;
#3468 = VERTEX_POINT ( 'NONE', #1538 ) ;
#3469 = ORIENTED_EDGE ( 'NONE', *, *, #713, .T. ) ;
#3470 = DIRECTION ( 'NONE',  ( -0.4999999999999968914, -0.8660254037844404840, -6.631310533488256290E-19 ) ) ;
#3471 = FACE_OUTER_BOUND ( 'NONE', #5074, .T. ) ;
#3472 = EDGE_CURVE ( 'NONE', #1710, #4896, #2251, .T. ) ;
#3473 = DIRECTION ( 'NONE',  ( -0.8660254037844407060, 0.4999999999999965583, 0.000000000000000000 ) ) ;
#3474 = EDGE_CURVE ( 'NONE', #6837, #2202, #6532, .T. ) ;
#3475 = LINE ( 'NONE', #261, #1684 ) ;
#3476 = DIRECTION ( 'NONE',  ( 0.000000000000000000, 7.657177843178875065E-19, -1.000000000000000000 ) ) ;
#3477 = EDGE_CURVE ( 'NONE', #3279, #3882, #2563, .T. ) ;
#3478 = ORIENTED_EDGE ( 'NONE', *, *, #3446, .T. ) ;
#3479 = CARTESIAN_POINT ( 'NONE',  ( -17.40190320228619925, 83.96588747730039870, -3.455174545975395084 ) ) ;
#3480 = EDGE_CURVE ( 'NONE', #6970, #2440, #3335, .T. ) ;
#3481 = ORIENTED_EDGE ( 'NONE', *, *, #6500, .F. ) ;
#3482 = EDGE_LOOP ( 'NONE', ( #5450, #4318, #2308, #1272 ) ) ;
#3483 = CARTESIAN_POINT ( 'NONE',  ( -19.72124990694750579, 86.70542108278475268, 25.59339015613882395 ) ) ;
#3484 = DIRECTION ( 'NONE',  ( -0.5000000000000032196, 0.8660254037844368202, 6.631310533488228364E-19 ) ) ;
#3485 = CARTESIAN_POINT ( 'NONE',  ( 2.792068948508754200, 92.46588747730038449, 30.39339015613882466 ) ) ;
#3486 = LINE ( 'NONE', #5153, #6552 ) ;
#3487 = CARTESIAN_POINT ( 'NONE',  ( -12.80190320228619960, 83.96588747730039870, -3.455171366476404771 ) ) ;
#3488 = ORIENTED_EDGE ( 'NONE', *, *, #6874, .T. ) ;
#3489 = ORIENTED_EDGE ( 'NONE', *, *, #6607, .T. ) ;
#3490 = DIRECTION ( 'NONE',  ( 1.000000000000000000, 0.000000000000000000, 0.000000000000000000 ) ) ;
#3491 = ORIENTED_EDGE ( 'NONE', *, *, #3184, .F. ) ;
#3492 = CARTESIAN_POINT ( 'NONE',  ( -11.20793105149119029, 89.00178586216263454, 30.39339015613882466 ) ) ;
#3493 = DIRECTION ( 'NONE',  ( 1.000000000000000000, 0.000000000000000000, 0.000000000000000000 ) ) ;
#3494 = CARTESIAN_POINT ( 'NONE',  ( -9.975241788773889340, -7.213701099919300752, 6.649999999999995914 ) ) ;
#3495 = EDGE_LOOP ( 'NONE', ( #837, #5415, #2159, #5885, #5109 ) ) ;
#3496 = DIRECTION ( 'NONE',  ( -1.233027339406024299E-16, 1.000000000000000000, 1.140444522621532418E-22 ) ) ;
#3497 = EDGE_LOOP ( 'NONE', ( #216, #2189 ) ) ;
#3498 = EDGE_CURVE ( 'NONE', #1723, #1609, #3841, .T. ) ;
#3499 = EDGE_CURVE ( 'NONE', #2373, #4004, #6057, .T. ) ;
#3500 = VERTEX_POINT ( 'NONE', #5551 ) ;
#3501 = FACE_OUTER_BOUND ( 'NONE', #1685, .T. ) ;
#3502 = LINE ( 'NONE', #5646, #7014 ) ;
#3503 = PLANE ( 'NONE',  #6793 ) ;
#3504 = ORIENTED_EDGE ( 'NONE', *, *, #5834, .F. ) ;
#3505 = VERTEX_POINT ( 'NONE', #6090 ) ;
#3506 = CARTESIAN_POINT ( 'NONE',  ( 3.658094352293191687, 92.96588747730038449, -3.455201181230785235 ) ) ;
#3507 = DIRECTION ( 'NONE',  ( 1.637162635542180433E-16, -1.000000000000000000, -7.657177843178875065E-19 ) ) ;
#3508 = AXIS2_PLACEMENT_3D ( 'NONE', #5311, #384, #6430 ) ;
#3509 = CARTESIAN_POINT ( 'NONE',  ( 0.7920689485087627491, 94.92998909243814865, -3.455201181230785235 ) ) ;
#3510 = DIRECTION ( 'NONE',  ( 0.8660254037844369313, 0.5000000000000029976, 3.828588921589461125E-19 ) ) ;
#3511 = LINE ( 'NONE', #2412, #3313 ) ;
#3512 = AXIS2_PLACEMENT_3D ( 'NONE', #6674, #3369, #5479 ) ;
#3513 = ORIENTED_EDGE ( 'NONE', *, *, #6519, .F. ) ;
#3514 = FACE_OUTER_BOUND ( 'NONE', #507, .T. ) ;
#3515 = ORIENTED_EDGE ( 'NONE', *, *, #6868, .F. ) ;
#3516 = VERTEX_POINT ( 'NONE', #3439 ) ;
#3517 = FACE_OUTER_BOUND ( 'NONE', #5851, .T. ) ;
#3518 = VECTOR ( 'NONE', #5989, 1000.000000000000114 ) ;
#3519 = LINE ( 'NONE', #6387, #2618 ) ;
#3520 = FACE_OUTER_BOUND ( 'NONE', #4031, .T. ) ;
#3521 = LINE ( 'NONE', #6204, #5155 ) ;
#3522 = DIRECTION ( 'NONE',  ( -0.8660254037844404840, 0.4999999999999968914, 3.828588921589413940E-19 ) ) ;
#3523 = EDGE_CURVE ( 'NONE', #2956, #4672, #5657, .T. ) ;
#3524 = ORIENTED_EDGE ( 'NONE', *, *, #3321, .T. ) ;
#3525 = CIRCLE ( 'NONE', #1878, 1.550000000000000266 ) ;
#3526 = ORIENTED_EDGE ( 'NONE', *, *, #2182, .T. ) ;
#3527 = DIRECTION ( 'NONE',  ( -0.000000000000000000, -0.000000000000000000, 1.000000000000000000 ) ) ;
#3528 = ORIENTED_EDGE ( 'NONE', *, *, #3472, .F. ) ;
#3529 = DIRECTION ( 'NONE',  ( -3.330669073875469621E-15, 1.000000000000000000, 0.000000000000000000 ) ) ;
#3530 = CIRCLE ( 'NONE', #1650, 1.549999999999999378 ) ;
#3531 = CARTESIAN_POINT ( 'NONE',  ( 10.25809121122612133, -14.07277949271606943, 8.108345979228746003 ) ) ;
#3532 = CARTESIAN_POINT ( 'NONE',  ( 15.71810914617796229, 79.96588747730039870, 8.208919501491095616 ) ) ;
#3533 = EDGE_LOOP ( 'NONE', ( #6027, #6613, #2542, #3400, #1158, #481 ) ) ;
#3534 = CARTESIAN_POINT ( 'NONE',  ( -1.475880243922335966, 88.00178586216262033, 30.39339015613882466 ) ) ;
#3535 = VERTEX_POINT ( 'NONE', #6738 ) ;
#3536 = VECTOR ( 'NONE', #2537, 1000.000000000000000 ) ;
#3537 = ORIENTED_EDGE ( 'NONE', *, *, #4466, .T. ) ;
#3538 = DIRECTION ( 'NONE',  ( 0.5000000000000029976, -0.8660254037844369313, -6.631310533488230290E-19 ) ) ;
#3539 = EDGE_CURVE ( 'NONE', #4199, #6437, #5753, .T. ) ;
#3540 = DIRECTION ( 'NONE',  ( 2.233187441433460359E-06, -7.653521752122505495E-19, 0.9999999999975064391 ) ) ;
#3541 = VECTOR ( 'NONE', #4485, 1000.000000000000000 ) ;
#3542 = VECTOR ( 'NONE', #2493, 1000.000000000000000 ) ;
#3543 = DIRECTION ( 'NONE',  ( -1.000000000000000000, -1.698444961132655992E-16, 0.000000000000000000 ) ) ;
#3544 = ORIENTED_EDGE ( 'NONE', *, *, #2952, .F. ) ;
#3545 = EDGE_CURVE ( 'NONE', #3146, #2247, #4936, .T. ) ;
#3546 = ORIENTED_EDGE ( 'NONE', *, *, #3363, .T. ) ;
#3547 = EDGE_CURVE ( 'NONE', #6264, #1710, #7152, .T. ) ;
#3548 = ORIENTED_EDGE ( 'NONE', *, *, #4007, .T. ) ;
#3549 = VECTOR ( 'NONE', #2339, 1000.000000000000000 ) ;
#3550 = VECTOR ( 'NONE', #3775, 1000.000000000000000 ) ;
#3551 =( NAMED_UNIT ( * ) SI_UNIT ( $, .STERADIAN. ) SOLID_ANGLE_UNIT ( ) );
#3552 = CARTESIAN_POINT ( 'NONE',  ( 6.524119756077632282, 95.92998909243814865, 30.39339015613882466 ) ) ;
#3553 = DIRECTION ( 'NONE',  ( -0.8660254037844407060, 0.4999999999999965583, 0.000000000000000000 ) ) ;
#3554 = VECTOR ( 'NONE', #977, 1000.000000000000000 ) ;
#3555 = VECTOR ( 'NONE', #4758, 1000.000000000000114 ) ;
#3556 = ORIENTED_EDGE ( 'NONE', *, *, #5360, .F. ) ;
#3557 = LINE ( 'NONE', #3700, #1293 ) ;
#3558 = EDGE_LOOP ( 'NONE', ( #1971, #2810, #3513, #3296 ) ) ;
#3559 = ORIENTED_EDGE ( 'NONE', *, *, #1855, .F. ) ;
#3560 = VECTOR ( 'NONE', #6931, 1000.000000000000000 ) ;
#3561 = CARTESIAN_POINT ( 'NONE',  ( -6.341905647706762572, 94.42998909243814865, 25.59339015613882395 ) ) ;
#3562 = AXIS2_PLACEMENT_3D ( 'NONE', #3457, #5674, #6867 ) ;
#3563 = DIRECTION ( 'NONE',  ( 1.169541353550856474E-16, -1.000000000000000000, -1.227023255095996038E-26 ) ) ;
#3564 = CARTESIAN_POINT ( 'NONE',  ( -5.475880243922321533, 94.92998909243813443, 30.39339015613882466 ) ) ;
#3565 = DIRECTION ( 'NONE',  ( 0.9999999999990444310, 1.637162624955403556E-16, 1.382390865440721295E-06 ) ) ;
#3566 = VERTEX_POINT ( 'NONE', #3873 ) ;
#3567 = CIRCLE ( 'NONE', #6107, 1.550000000000000266 ) ;
#3568 = EDGE_LOOP ( 'NONE', ( #3410, #7186, #2694, #1341 ) ) ;
#3569 = LINE ( 'NONE', #4549, #6185 ) ;
#3570 = EDGE_LOOP ( 'NONE', ( #3307, #4170, #232, #2517 ) ) ;
#3571 = EDGE_CURVE ( 'NONE', #4328, #4100, #629, .T. ) ;
#3572 = AXIS2_PLACEMENT_3D ( 'NONE', #4562, #1774, #2842 ) ;
#3573 = CARTESIAN_POINT ( 'NONE',  ( -10.34190564770674570, 94.42998909243814865, -3.455201181230785235 ) ) ;
#3574 = LINE ( 'NONE', #4557, #3785 ) ;
#3575 = ORIENTED_EDGE ( 'NONE', *, *, #511, .F. ) ;
#3576 = DIRECTION ( 'NONE',  ( -0.8660254037844404840, 0.4999999999999968914, 3.828588921589413940E-19 ) ) ;
#3577 = AXIS2_PLACEMENT_3D ( 'NONE', #5474, #4396, #454 ) ;
#3578 = ORIENTED_EDGE ( 'NONE', *, *, #841, .T. ) ;
#3579 = EDGE_CURVE ( 'NONE', #1663, #1674, #560, .T. ) ;
#3580 = ORIENTED_EDGE ( 'NONE', *, *, #509, .T. ) ;
#3581 = DIRECTION ( 'NONE',  ( 1.000000000000000000, 0.000000000000000000, 0.000000000000000000 ) ) ;
#3582 = LINE ( 'NONE', #5244, #2151 ) ;
#3583 = CARTESIAN_POINT ( 'NONE',  ( -6.341905647706762572, 87.50178586216263454, 25.59339015613882395 ) ) ;
#3584 = VERTEX_POINT ( 'NONE', #87 ) ;
#3585 = ORIENTED_EDGE ( 'NONE', *, *, #1873, .T. ) ;
#3586 = ORIENTED_EDGE ( 'NONE', *, *, #5599, .F. ) ;
#3587 = EDGE_CURVE ( 'NONE', #6439, #2497, #6708, .T. ) ;
#3588 = FACE_BOUND ( 'NONE', #567, .T. ) ;
#3589 = FACE_OUTER_BOUND ( 'NONE', #1586, .T. ) ;
#3590 = VERTEX_POINT ( 'NONE', #5513 ) ;
#3591 = EDGE_CURVE ( 'NONE', #1870, #4048, #11, .T. ) ;
#3592 = CARTESIAN_POINT ( 'NONE',  ( 4.524119756077639387, 92.46588747730038449, 25.59339015613882395 ) ) ;
#3593 = ORIENTED_EDGE ( 'NONE', *, *, #4520, .T. ) ;
#3594 = ORIENTED_EDGE ( 'NONE', *, *, #1127, .F. ) ;
#3595 = ADVANCED_FACE ( 'NONE', ( #4465 ), #6671, .F. ) ;
#3596 = FACE_OUTER_BOUND ( 'NONE', #3047, .T. ) ;
#3597 = DIRECTION ( 'NONE',  ( 1.000000000000000000, 0.000000000000000000, 0.000000000000000000 ) ) ;
#3598 = CARTESIAN_POINT ( 'NONE',  ( 6.524119756077632282, 89.00178586216262033, 30.39339015613882466 ) ) ;
#3599 = ORIENTED_EDGE ( 'NONE', *, *, #1574, .T. ) ;
#3600 = VERTEX_POINT ( 'NONE', #7183 ) ;
#3601 = CARTESIAN_POINT ( 'NONE',  ( -4.341905647706770566, 90.96588747730038449, -3.455201181230785235 ) ) ;
#3602 = EDGE_LOOP ( 'NONE', ( #6527, #5778 ) ) ;
#3603 = DIRECTION ( 'NONE',  ( -3.663735981263016583E-15, 1.000000000000000000, 7.657177843178876028E-19 ) ) ;
#3604 = FACE_BOUND ( 'NONE', #5135, .T. ) ;
#3605 = CARTESIAN_POINT ( 'NONE',  ( -18.58727531073193262, 84.74131946764701695, 25.59339015613882395 ) ) ;
#3606 = ORIENTED_EDGE ( 'NONE', *, *, #6026, .T. ) ;
#3607 = CARTESIAN_POINT ( 'NONE',  ( 6.524119756077632282, 95.92998909243814865, 25.59339015613882395 ) ) ;
#3608 = EDGE_LOOP ( 'NONE', ( #4559, #3290, #2994, #2167 ) ) ;
#3609 = VERTEX_POINT ( 'NONE', #1679 ) ;
#3610 = PLANE ( 'NONE',  #626 ) ;
#3611 = CARTESIAN_POINT ( 'NONE',  ( 5.658094352293191243, 94.42998909243814865, 30.39339015613882466 ) ) ;
#3612 = DIRECTION ( 'NONE',  ( 8.145007187700838718E-17, -1.000000000000000000, -0.000000000000000000 ) ) ;
#3613 = EDGE_LOOP ( 'NONE', ( #517, #249, #1390, #4235 ) ) ;
#3614 = EDGE_LOOP ( 'NONE', ( #3724, #1477, #5382, #3068, #2821, #999 ) ) ;
#3615 = ORIENTED_EDGE ( 'NONE', *, *, #3103, .F. ) ;
#3616 = CARTESIAN_POINT ( 'NONE',  ( -17.40194335874751985, 83.96588747730039870, 25.59338352060716915 ) ) ;
#3617 = ADVANCED_FACE ( 'NONE', ( #3910 ), #1134, .T. ) ;
#3618 = DIRECTION ( 'NONE',  ( -1.743183750392613113E-12, 0.000000000000000000, 1.000000000000000000 ) ) ;
#3619 = LINE ( 'NONE', #2330, #6573 ) ;
#3620 = VERTEX_POINT ( 'NONE', #5083 ) ;
#3621 = EDGE_CURVE ( 'NONE', #1825, #6307, #3367, .T. ) ;
#3622 = AXIS2_PLACEMENT_3D ( 'NONE', #3933, #2736, #6623 ) ;
#3623 = FACE_OUTER_BOUND ( 'NONE', #2970, .T. ) ;
#3624 = ORIENTED_EDGE ( 'NONE', *, *, #4344, .F. ) ;
#3625 = CARTESIAN_POINT ( 'NONE',  ( -10.59190878877393160, 83.96588747730039870, -0.9166540207712660093 ) ) ;
#3626 = CARTESIAN_POINT ( 'NONE',  ( 0.5241197560776622577, 92.46588747730038449, 30.39339015613882466 ) ) ;
#3627 = CARTESIAN_POINT ( 'NONE',  ( 12.11809190687491800, 103.9658874773003987, 25.59339015613882395 ) ) ;
#3628 = CARTESIAN_POINT ( 'NONE',  ( 12.11809190687493043, 31.90447354320630780, 25.59339015613882395 ) ) ;
#3629 = VECTOR ( 'NONE', #7039, 1000.000000000000114 ) ;
#3630 = EDGE_LOOP ( 'NONE', ( #7170, #4568 ) ) ;
#3631 = EDGE_CURVE ( 'NONE', #2180, #2497, #4943, .T. ) ;
#3632 = ORIENTED_EDGE ( 'NONE', *, *, #893, .F. ) ;
#3633 = CARTESIAN_POINT ( 'NONE',  ( 4.524119756077639387, 91.46588747730037028, -3.455201181230785235 ) ) ;
#3634 = EDGE_CURVE ( 'NONE', #5565, #3393, #4504, .T. ) ;
#3635 = ORIENTED_EDGE ( 'NONE', *, *, #6277, .F. ) ;
#3636 = AXIS2_PLACEMENT_3D ( 'NONE', #395, #7060, #1513 ) ;
#3637 = CARTESIAN_POINT ( 'NONE',  ( 2.524119756077647381, 89.00178586216263454, 25.59339015613882395 ) ) ;
#3638 = DIRECTION ( 'NONE',  ( 1.000000000000000000, 0.000000000000000000, 0.000000000000000000 ) ) ;
#3639 = AXIS2_PLACEMENT_3D ( 'NONE', #546, #2771, #6593 ) ;
#3640 = FACE_OUTER_BOUND ( 'NONE', #323, .T. ) ;
#3641 = ORIENTED_EDGE ( 'NONE', *, *, #1607, .T. ) ;
#3642 = LINE ( 'NONE', #7058, #955 ) ;
#3643 = VERTEX_POINT ( 'NONE', #6193 ) ;
#3644 = CARTESIAN_POINT ( 'NONE',  ( -4.375241788773892360, 2.684296998796706912, 46.35000000000000853 ) ) ;
#3645 = VECTOR ( 'NONE', #1111, 999.9999999999998863 ) ;
#3646 = CARTESIAN_POINT ( 'NONE',  ( -5.475880243922321533, 89.00178586216263454, -3.455201181230785235 ) ) ;
#3647 = LINE ( 'NONE', #1377, #3302 ) ;
#3648 = DIRECTION ( 'NONE',  ( 0.000000000000000000, -7.657177843178876028E-19, 1.000000000000000000 ) ) ;
#3649 = DIRECTION ( 'NONE',  ( 0.000000000000000000, -7.657177843178876028E-19, 1.000000000000000000 ) ) ;
#3650 = AXIS2_PLACEMENT_3D ( 'NONE', #6827, #5194, #1801 ) ;
#3651 = ORIENTED_EDGE ( 'NONE', *, *, #803, .F. ) ;
#3652 = CARTESIAN_POINT ( 'NONE',  ( 35.42743494340622590, 72.62385013504449205, 25.59339015613882395 ) ) ;
#3653 = FACE_BOUND ( 'NONE', #6566, .T. ) ;
#3654 = EDGE_CURVE ( 'NONE', #43, #2340, #5292, .T. ) ;
#3655 = AXIS2_PLACEMENT_3D ( 'NONE', #6480, #4195, #832 ) ;
#3656 = DIRECTION ( 'NONE',  ( -1.000000000000000000, -3.663735981263016583E-15, -2.805387797898438817E-33 ) ) ;
#3657 = CARTESIAN_POINT ( 'NONE',  ( -4.375241788773891471, -6.340670791627873726, 46.35000000000000853 ) ) ;
#3658 = CARTESIAN_POINT ( 'NONE',  ( 59.04809189100393496, 52.40086587357522774, 25.59348336502074872 ) ) ;
#3659 = ORIENTED_EDGE ( 'NONE', *, *, #4546, .F. ) ;
#3660 = VECTOR ( 'NONE', #4316, 1000.000000000000114 ) ;
#3661 = CIRCLE ( 'NONE', #2494, 1.549999999999999378 ) ;
#3662 = DIRECTION ( 'NONE',  ( -1.000000000000000000, -3.663735981263016583E-15, -2.805387797898438817E-33 ) ) ;
#3663 = ORIENTED_EDGE ( 'NONE', *, *, #5011, .F. ) ;
#3664 = EDGE_CURVE ( 'NONE', #6437, #4199, #1443, .T. ) ;
#3665 = CARTESIAN_POINT ( 'NONE',  ( -17.40190320229004328, 79.96588747730039870, -3.455171764352540364 ) ) ;
#3666 = LINE ( 'NONE', #3626, #6805 ) ;
#3667 = AXIS2_PLACEMENT_3D ( 'NONE', #4234, #5939, #5974 ) ;
#3668 = CARTESIAN_POINT ( 'NONE',  ( -4.375241788773895912, 23.68429699879670380, 48.80917232196427591 ) ) ;
#3669 = DIRECTION ( 'NONE',  ( 0.4999999999999965583, 0.8660254037844407060, 6.631310533488258216E-19 ) ) ;
#3670 = VECTOR ( 'NONE', #7069, 1000.000000000000000 ) ;
#3671 = ORIENTED_EDGE ( 'NONE', *, *, #834, .F. ) ;
#3672 = CARTESIAN_POINT ( 'NONE',  ( -1.475880243922336854, 95.92998909243814865, -3.455201181230785235 ) ) ;
#3673 = AXIS2_PLACEMENT_3D ( 'NONE', #1322, #3484, #125 ) ;
#3674 = ORIENTED_EDGE ( 'NONE', *, *, #6519, .T. ) ;
#3675 = AXIS2_PLACEMENT_3D ( 'NONE', #4635, #1295, #139 ) ;
#3676 = ADVANCED_FACE ( 'NONE', ( #6347 ), #6268, .T. ) ;
#3677 = EDGE_CURVE ( 'NONE', #1120, #3844, #3511, .T. ) ;
#3678 = CARTESIAN_POINT ( 'NONE',  ( 1.174758211226108351, -4.613701099919306436, 0.000000000000000000 ) ) ;
#3679 = DIRECTION ( 'NONE',  ( -0.8660254037844369313, -0.5000000000000029976, -3.828588921589461125E-19 ) ) ;
#3680 = VECTOR ( 'NONE', #922, 1000.000000000000000 ) ;
#3681 = CARTESIAN_POINT ( 'NONE',  ( 11.91809190687492936, 31.90447354320630780, 25.59339015613882395 ) ) ;
#3682 = ORIENTED_EDGE ( 'NONE', *, *, #1942, .T. ) ;
#3683 = DIRECTION ( 'NONE',  ( 0.8660254037844404840, -0.4999999999999968359, -3.828588921589414421E-19 ) ) ;
#3684 = ORIENTED_EDGE ( 'NONE', *, *, #228, .F. ) ;
#3685 = LINE ( 'NONE', #6006, #5597 ) ;
#3686 = VECTOR ( 'NONE', #4032, 1000.000000000000000 ) ;
#3687 = EDGE_CURVE ( 'NONE', #6733, #364, #4681, .T. ) ;
#3688 = DIRECTION ( 'NONE',  ( 0.4999999999999965583, 0.8660254037844407060, 6.631310533488258216E-19 ) ) ;
#3689 = FACE_OUTER_BOUND ( 'NONE', #4949, .T. ) ;
#3690 = CARTESIAN_POINT ( 'NONE',  ( -12.40193786684035615, 79.96588747730039870, 21.59338794779475279 ) ) ;
#3691 = ORIENTED_EDGE ( 'NONE', *, *, #760, .T. ) ;
#3692 = ORIENTED_EDGE ( 'NONE', *, *, #5414, .T. ) ;
#3693 = FACE_OUTER_BOUND ( 'NONE', #6692, .T. ) ;
#3694 = LINE ( 'NONE', #5912, #5477 ) ;
#3695 = DIRECTION ( 'NONE',  ( -1.000000000000000000, -1.637162635542167368E-16, -1.743183750392613113E-12 ) ) ;
#3696 = CARTESIAN_POINT ( 'NONE',  ( 35.42743494340626853, 72.62385013504454889, 25.59339015613882395 ) ) ;
#3697 = CARTESIAN_POINT ( 'NONE',  ( -9.975241788773892893, 2.386298900080692675, 50.00000000000000000 ) ) ;
#3698 = VERTEX_POINT ( 'NONE', #780 ) ;
#3699 = VERTEX_POINT ( 'NONE', #1941 ) ;
#3700 = CARTESIAN_POINT ( 'NONE',  ( -4.341905647706770566, 90.96588747730038449, 30.39339015613882466 ) ) ;
#3701 = EDGE_CURVE ( 'NONE', #6198, #952, #5774, .T. ) ;
#3702 = CARTESIAN_POINT ( 'NONE',  ( 0.7920689485087619719, 88.00178586216263454, 30.39339015613882466 ) ) ;
#3703 = CARTESIAN_POINT ( 'NONE',  ( 8.100377905283121294, -14.07277949271606943, 19.48643130160574444 ) ) ;
#3704 = EDGE_CURVE ( 'NONE', #2247, #2849, #2999, .T. ) ;
#3705 = CARTESIAN_POINT ( 'NONE',  ( -7.374235094193059226, 2.386298900080692231, 50.00000000000000000 ) ) ;
#3706 = CARTESIAN_POINT ( 'NONE',  ( -17.40190320228619925, 83.96588747730039870, -3.455174545975395084 ) ) ;
#3707 = VERTEX_POINT ( 'NONE', #5218 ) ;
#3708 = ADVANCED_FACE ( 'NONE', ( #1824 ), #5112, .T. ) ;
#3709 = DIRECTION ( 'NONE',  ( 1.000000000000000000, 0.000000000000000000, 0.000000000000000000 ) ) ;
#3710 = ORIENTED_EDGE ( 'NONE', *, *, #5524, .T. ) ;
#3711 = EDGE_CURVE ( 'NONE', #6739, #338, #1278, .T. ) ;
#3712 = CARTESIAN_POINT ( 'NONE',  ( -4.375241788773893248, 2.684296998796706912, 43.35000000000000853 ) ) ;
#3713 = DIRECTION ( 'NONE',  ( 0.000000000000000000, 1.000000000000000000, 1.339658354568195596E-16 ) ) ;
#3714 = DIRECTION ( 'NONE',  ( -0.8660254037844404840, 0.4999999999999968914, 3.828588921589413940E-19 ) ) ;
#3715 = EDGE_CURVE ( 'NONE', #2801, #3196, #3619, .T. ) ;
#3716 = EDGE_LOOP ( 'NONE', ( #1960, #2190, #6033, #695 ) ) ;
#3717 = DIRECTION ( 'NONE',  ( -3.330669073875469621E-15, 1.000000000000000000, 0.000000000000000000 ) ) ;
#3718 = EDGE_LOOP ( 'NONE', ( #4343, #2361, #6960, #3185, #966, #970 ) ) ;
#3719 = CARTESIAN_POINT ( 'NONE',  ( 35.42743494340624721, 72.62385013504452047, 25.59339015613882395 ) ) ;
#3720 = LINE ( 'NONE', #197, #6087 ) ;
#3721 = CARTESIAN_POINT ( 'NONE',  ( 10.25809121979611049, 79.96588747730039870, 1.733345955238746239 ) ) ;
#3722 = CARTESIAN_POINT ( 'NONE',  ( 9.908091211226082606, 83.96588747730039870, 23.53334597922873428 ) ) ;
#3723 = LINE ( 'NONE', #6446, #1442 ) ;
#3724 = ORIENTED_EDGE ( 'NONE', *, *, #5624, .F. ) ;
#3725 = ORIENTED_EDGE ( 'NONE', *, *, #5003, .F. ) ;
#3726 = DIRECTION ( 'NONE',  ( 0.8660254037844368202, 0.5000000000000032196, 3.828588921589462088E-19 ) ) ;
#3727 = EDGE_CURVE ( 'NONE', #340, #6012, #2482, .T. ) ;
#3728 = FACE_BOUND ( 'NONE', #6255, .T. ) ;
#3729 = CARTESIAN_POINT ( 'NONE',  ( -7.141904482420015299, -14.07277949271606943, -0.3285352151077767235 ) ) ;
#3730 = PLANE ( 'NONE',  #3786 ) ;
#3731 = DIRECTION ( 'NONE',  ( 0.000000000000000000, -7.657177843178876028E-19, 1.000000000000000000 ) ) ;
#3732 = ORIENTED_EDGE ( 'NONE', *, *, #3919, .F. ) ;
#3733 = VERTEX_POINT ( 'NONE', #5185 ) ;
#3734 = CARTESIAN_POINT ( 'NONE',  ( 3.613642407735406348, 2.684296998796706912, 46.35000000000000853 ) ) ;
#3735 = DIRECTION ( 'NONE',  ( 1.000000000000000000, 1.637162635542180433E-16, 1.253604545855391828E-34 ) ) ;
#3736 = CARTESIAN_POINT ( 'NONE',  ( -1.925241788773896845, 9.386298900080694452, 50.00000000000000000 ) ) ;
#3737 = DIRECTION ( 'NONE',  ( -0.000000000000000000, -1.000000000000000000, -0.000000000000000000 ) ) ;
#3738 = DIRECTION ( 'NONE',  ( 0.5000000000000029976, -0.8660254037844369313, -6.631310533488230290E-19 ) ) ;
#3739 = ORIENTED_EDGE ( 'NONE', *, *, #4437, .F. ) ;
#3740 = CARTESIAN_POINT ( 'NONE',  ( -10.94190879738390620, 79.96588747730039870, 1.733345955128749116 ) ) ;
#3741 = ORIENTED_EDGE ( 'NONE', *, *, #3793, .F. ) ;
#3742 = VECTOR ( 'NONE', #3814, 1000.000000000000000 ) ;
#3743 = EDGE_CURVE ( 'NONE', #6735, #3005, #5691, .T. ) ;
#3744 = FACE_OUTER_BOUND ( 'NONE', #3630, .T. ) ;
#3745 = CARTESIAN_POINT ( 'NONE',  ( 2.524119756077646493, 95.92998909243813443, 30.39339015613882466 ) ) ;
#3746 = CIRCLE ( 'NONE', #944, 1.050000000000000488 ) ;
#3747 = EDGE_LOOP ( 'NONE', ( #1242, #4529, #1464, #435, #3088, #2733, #818, #6231 ) ) ;
#3748 = DIRECTION ( 'NONE',  ( -1.000000000000000000, 0.000000000000000000, 0.000000000000000000 ) ) ;
#3749 = EDGE_LOOP ( 'NONE', ( #2922, #1156, #1741, #2908 ) ) ;
#3750 = LINE ( 'NONE', #5902, #2698 ) ;
#3751 = PLANE ( 'NONE',  #3777 ) ;
#3752 = PLANE ( 'NONE',  #1205 ) ;
#3753 = VECTOR ( 'NONE', #6399, 1000.000000000000000 ) ;
#3754 = DIRECTION ( 'NONE',  ( 0.9999999999990445421, 1.698444961134278580E-16, 1.382390865693872126E-06 ) ) ;
#3755 = LINE ( 'NONE', #2515, #5054 ) ;
#3756 = ORIENTED_EDGE ( 'NONE', *, *, #2443, .T. ) ;
#3757 = ORIENTED_EDGE ( 'NONE', *, *, #4665, .F. ) ;
#3758 = LINE ( 'NONE', #5978, #5588 ) ;
#3759 = AXIS2_PLACEMENT_3D ( 'NONE', #6975, #1374, #7085 ) ;
#3760 = EDGE_CURVE ( 'NONE', #1241, #3707, #6237, .T. ) ;
#3761 = LINE ( 'NONE', #5981, #6461 ) ;
#3762 = ADVANCED_FACE ( 'NONE', ( #3589 ), #3033, .T. ) ;
#3763 = CARTESIAN_POINT ( 'NONE',  ( -12.80190320228619960, 103.9658874773003987, 25.59339015613882395 ) ) ;
#3764 = VECTOR ( 'NONE', #7158, 1000.000000000000114 ) ;
#3765 = LINE ( 'NONE', #3658, #7029 ) ;
#3766 = ADVANCED_FACE ( 'NONE', ( #1385 ), #6819, .F. ) ;
#3767 = EDGE_LOOP ( 'NONE', ( #1611, #7169, #3768, #5441, #3226, #4041 ) ) ;
#3768 = ORIENTED_EDGE ( 'NONE', *, *, #5599, .T. ) ;
#3769 = ORIENTED_EDGE ( 'NONE', *, *, #642, .T. ) ;
#3770 = CARTESIAN_POINT ( 'NONE',  ( -1.475880243922335966, 88.00178586216262033, -3.455201181230785235 ) ) ;
#3771 = CIRCLE ( 'NONE', #6774, 1.550000000000000266 ) ;
#3772 = DIRECTION ( 'NONE',  ( -0.9999999999989998001, -1.637162624710723062E-16, -1.414335714702542164E-06 ) ) ;
#3773 = DIRECTION ( 'NONE',  ( 0.000000000000000000, -7.657177843178876028E-19, 1.000000000000000000 ) ) ;
#3774 = EDGE_CURVE ( 'NONE', #7012, #1870, #119, .T. ) ;
#3775 = DIRECTION ( 'NONE',  ( -1.637162635542180433E-16, 1.000000000000000000, 7.657177843178876991E-19 ) ) ;
#3776 = AXIS2_PLACEMENT_3D ( 'NONE', #5738, #5589, #2274 ) ;
#3777 = AXIS2_PLACEMENT_3D ( 'NONE', #6548, #935, #6442 ) ;
#3778 = EDGE_LOOP ( 'NONE', ( #1282, #6049, #6683, #5652 ) ) ;
#3779 = LINE ( 'NONE', #491, #3742 ) ;
#3780 = VERTEX_POINT ( 'NONE', #1787 ) ;
#3781 = VECTOR ( 'NONE', #3649, 1000.000000000000000 ) ;
#3782 = AXIS2_PLACEMENT_3D ( 'NONE', #1167, #3980, #592 ) ;
#3783 = CARTESIAN_POINT ( 'NONE',  ( -8.341905647706761684, 92.96588747730038449, -3.455201181230785235 ) ) ;
#3784 = LINE ( 'NONE', #21, #1204 ) ;
#3785 = VECTOR ( 'NONE', #6218, 1000.000000000000114 ) ;
#3786 = AXIS2_PLACEMENT_3D ( 'NONE', #2115, #5294, #370 ) ;
#3787 = ORIENTED_EDGE ( 'NONE', *, *, #3547, .F. ) ;
#3788 = DIRECTION ( 'NONE',  ( 0.9999999999990444310, 1.637162624955403556E-16, 1.382390865440721295E-06 ) ) ;
#3789 = EDGE_CURVE ( 'NONE', #2693, #5592, #1248, .T. ) ;
#3790 = ORIENTED_EDGE ( 'NONE', *, *, #3631, .T. ) ;
#3791 = LINE ( 'NONE', #3243, #3394 ) ;
#3792 = ADVANCED_FACE ( 'NONE', ( #5363 ), #3730, .F. ) ;
#3793 = EDGE_CURVE ( 'NONE', #3430, #4677, #2555, .T. ) ;
#3794 = DIRECTION ( 'NONE',  ( -0.8660254037844368202, -0.5000000000000032196, -3.828588921589462570E-19 ) ) ;
#3795 = DIRECTION ( 'NONE',  ( -1.000000000000000000, 0.000000000000000000, 0.000000000000000000 ) ) ;
#3796 = VERTEX_POINT ( 'NONE', #1421 ) ;
#3797 = VERTEX_POINT ( 'NONE', #3180 ) ;
#3798 = EDGE_CURVE ( 'NONE', #4004, #3468, #917, .T. ) ;
#3799 = DIRECTION ( 'NONE',  ( -1.361274163765233678E-06, -5.903585622810572228E-22, -0.9999999999990735189 ) ) ;
#3800 = VECTOR ( 'NONE', #4388, 1000.000000000000000 ) ;
#3801 = DIRECTION ( 'NONE',  ( 1.000000000000000000, 1.233027339406024299E-16, -0.000000000000000000 ) ) ;
#3802 = CARTESIAN_POINT ( 'NONE',  ( 6.792068948508738657, 92.46588747730038449, 30.39339015613882466 ) ) ;
#3803 = CARTESIAN_POINT ( 'NONE',  ( -6.341905647706762572, 94.42998909243814865, 30.39339015613882466 ) ) ;
#3804 = LINE ( 'NONE', #6017, #6901 ) ;
#3805 = ORIENTED_EDGE ( 'NONE', *, *, #2326, .F. ) ;
#3806 = EDGE_CURVE ( 'NONE', #123, #634, #5982, .T. ) ;
#3807 = ORIENTED_EDGE ( 'NONE', *, *, #242, .F. ) ;
#3808 = VERTEX_POINT ( 'NONE', #3763 ) ;
#3809 = LINE ( 'NONE', #2191, #3161 ) ;
#3810 = PLANE ( 'NONE',  #2396 ) ;
#3811 = CARTESIAN_POINT ( 'NONE',  ( -12.80190320228620315, 103.9658874773003987, -3.455174545975395084 ) ) ;
#3812 = DIRECTION ( 'NONE',  ( 0.000000000000000000, 0.000000000000000000, 1.000000000000000000 ) ) ;
#3813 = ORIENTED_EDGE ( 'NONE', *, *, #2688, .F. ) ;
#3814 = DIRECTION ( 'NONE',  ( -1.637162635542180680E-16, 1.000000000000000000, 7.657177843178876028E-19 ) ) ;
#3815 = EDGE_CURVE ( 'NONE', #634, #2327, #3221, .T. ) ;
#3816 = VERTEX_POINT ( 'NONE', #4894 ) ;
#3817 = ADVANCED_FACE ( 'NONE', ( #4350 ), #948, .F. ) ;
#3818 = FACE_OUTER_BOUND ( 'NONE', #6227, .T. ) ;
#3819 = PLANE ( 'NONE',  #2836 ) ;
#3820 = EDGE_LOOP ( 'NONE', ( #812, #3692, #4198, #1864, #2441, #6711 ) ) ;
#3821 = DIRECTION ( 'NONE',  ( 8.145007187700838718E-17, -1.000000000000000000, 0.000000000000000000 ) ) ;
#3822 = ORIENTED_EDGE ( 'NONE', *, *, #729, .F. ) ;
#3823 = CARTESIAN_POINT ( 'NONE',  ( 16.71812600482343569, 18.68429699879670380, 21.59337884695766263 ) ) ;
#3824 = DIRECTION ( 'NONE',  ( -1.344313544308534555E-09, -6.957467979600212752E-33, 1.000000000000000000 ) ) ;
#3825 = LINE ( 'NONE', #7092, #4825 ) ;
#3826 = CARTESIAN_POINT ( 'NONE',  ( 9.100377905283107083, 82.06588747730036459, 19.48643130392574818 ) ) ;
#3827 = EDGE_LOOP ( 'NONE', ( #4383, #6262, #5882, #67 ) ) ;
#3828 = ORIENTED_EDGE ( 'NONE', *, *, #2536, .F. ) ;
#3829 = LINE ( 'NONE', #2839, #1760 ) ;
#3830 = CARTESIAN_POINT ( 'NONE',  ( 3.624758211226103199, 23.68429699879670736, 48.80917232196426880 ) ) ;
#3831 = LINE ( 'NONE', #2664, #3907 ) ;
#3832 = EDGE_CURVE ( 'NONE', #6012, #4117, #6990, .T. ) ;
#3833 = CARTESIAN_POINT ( 'NONE',  ( 59.04812727106966008, 44.61588747730039017, 9.541727490783596824E-05 ) ) ;
#3834 = DIRECTION ( 'NONE',  ( 9.109736889031209745E-17, -0.7388106165934297254, 0.6739131047908448746 ) ) ;
#3835 = ORIENTED_EDGE ( 'NONE', *, *, #2897, .F. ) ;
#3836 = EDGE_LOOP ( 'NONE', ( #6758, #5630, #4072, #4979, #6152, #4270 ) ) ;
#3837 = ORIENTED_EDGE ( 'NONE', *, *, #3177, .T. ) ;
#3838 = DIRECTION ( 'NONE',  ( -1.000000000000000000, -3.663735981263016583E-15, -2.805387797898438817E-33 ) ) ;
#3839 = DIRECTION ( 'NONE',  ( -1.000000000000000000, 0.000000000000000000, 0.000000000000000000 ) ) ;
#3840 = PLANE ( 'NONE',  #4150 ) ;
#3841 = LINE ( 'NONE', #3397, #1784 ) ;
#3842 = ORIENTED_EDGE ( 'NONE', *, *, #105, .F. ) ;
#3843 = CARTESIAN_POINT ( 'NONE',  ( -17.40194335874751985, 83.96588747730039870, 25.59338352060716915 ) ) ;
#3844 = VERTEX_POINT ( 'NONE', #4243 ) ;
#3845 = CARTESIAN_POINT ( 'NONE',  ( -10.34190564770674570, 87.50178586216263454, -3.455201181230785235 ) ) ;
#3846 = DIRECTION ( 'NONE',  ( 1.000000000000000000, 0.000000000000000000, 0.000000000000000000 ) ) ;
#3847 = EDGE_CURVE ( 'NONE', #6839, #5507, #5914, .T. ) ;
#3848 = ADVANCED_FACE ( 'NONE', ( #5946 ), #2009, .T. ) ;
#3849 = ORIENTED_EDGE ( 'NONE', *, *, #6985, .F. ) ;
#3850 = LINE ( 'NONE', #1069, #2940 ) ;
#3851 = ORIENTED_EDGE ( 'NONE', *, *, #3480, .F. ) ;
#3852 = CIRCLE ( 'NONE', #2800, 1.549999999999999378 ) ;
#3853 = CARTESIAN_POINT ( 'NONE',  ( 9.658094352293167262, 89.50178586216263454, -3.455201181230785235 ) ) ;
#3854 = DIRECTION ( 'NONE',  ( 3.330669073875469621E-15, -1.000000000000000000, -7.657177843178876028E-19 ) ) ;
#3855 = CIRCLE ( 'NONE', #6413, 11.19100519780026559 ) ;
#3856 = LINE ( 'NONE', #4446, #1915 ) ;
#3857 = ORIENTED_EDGE ( 'NONE', *, *, #6571, .F. ) ;
#3858 = ORIENTED_EDGE ( 'NONE', *, *, #6111, .T. ) ;
#3859 = CARTESIAN_POINT ( 'NONE',  ( 9.224758211226104621, -7.213701099919302528, 6.649999999999995914 ) ) ;
#3860 = CARTESIAN_POINT ( 'NONE',  ( -9.475880243922304658, 88.00178586216262033, 30.39339015613882466 ) ) ;
#3861 = VECTOR ( 'NONE', #2747, 1000.000000000000000 ) ;
#3862 = CARTESIAN_POINT ( 'NONE',  ( 9.658094352293174367, 94.42998909243814865, -3.455201181230785235 ) ) ;
#3863 = LINE ( 'NONE', #3803, #2501 ) ;
#3864 = CARTESIAN_POINT ( 'NONE',  ( 1.658094352293206564, 87.50178586216263454, 25.59339015613882395 ) ) ;
#3865 = CIRCLE ( 'NONE', #4810, 1.050000000000000488 ) ;
#3866 = ORIENTED_EDGE ( 'NONE', *, *, #573, .F. ) ;
#3867 = ORIENTED_EDGE ( 'NONE', *, *, #5438, .T. ) ;
#3868 = ORIENTED_EDGE ( 'NONE', *, *, #5362, .F. ) ;
#3869 = DIRECTION ( 'NONE',  ( -1.000000000000000000, -8.145007187700838718E-17, 0.000000000000000000 ) ) ;
#3870 = CARTESIAN_POINT ( 'NONE',  ( 8.524119756077624288, 92.46588747730038449, 30.39339015613882466 ) ) ;
#3871 = VECTOR ( 'NONE', #1616, 999.9999999999998863 ) ;
#3872 = LINE ( 'NONE', #6603, #4954 ) ;
#3873 = CARTESIAN_POINT ( 'NONE',  ( -1.475880243922336854, 94.92998909243813443, 25.59339015613882395 ) ) ;
#3874 = VERTEX_POINT ( 'NONE', #4867 ) ;
#3875 = DIRECTION ( 'NONE',  ( -8.233540623610829416E-17, 0.6739131047908448746, 0.7388106165934297254 ) ) ;
#3876 = ADVANCED_FACE ( 'NONE', ( #7101 ), #843, .T. ) ;
#3877 = VERTEX_POINT ( 'NONE', #6957 ) ;
#3878 = AXIS2_PLACEMENT_3D ( 'NONE', #3170, #6405, #5973 ) ;
#3879 = DIRECTION ( 'NONE',  ( -1.233027339406024299E-16, 1.000000000000000000, 0.000000000000000000 ) ) ;
#3880 = LINE ( 'NONE', #5555, #5504 ) ;
#3881 = FACE_OUTER_BOUND ( 'NONE', #5212, .T. ) ;
#3882 = VERTEX_POINT ( 'NONE', #5400 ) ;
#3883 = EDGE_CURVE ( 'NONE', #1803, #5584, #4828, .T. ) ;
#3884 = CARTESIAN_POINT ( 'NONE',  ( -17.40190320228619925, 103.9658874773003987, 30.39339015613882466 ) ) ;
#3885 = VECTOR ( 'NONE', #462, 1000.000000000000000 ) ;
#3886 = ORIENTED_EDGE ( 'NONE', *, *, #5489, .F. ) ;
#3887 = AXIS2_PLACEMENT_3D ( 'NONE', #1105, #1218, #4980 ) ;
#3888 = CARTESIAN_POINT ( 'NONE',  ( -16.58727531073192552, 81.27721785250926700, 25.59339015613882395 ) ) ;
#3889 = CARTESIAN_POINT ( 'NONE',  ( -5.824235094193059403, 2.386298900080692231, 50.00000000000000000 ) ) ;
#3890 = DIRECTION ( 'NONE',  ( -3.330669073875469621E-15, 1.000000000000000000, 0.000000000000000000 ) ) ;
#3891 = AXIS2_PLACEMENT_3D ( 'NONE', #4675, #6918, #1271 ) ;
#3892 = VECTOR ( 'NONE', #1018, 999.9999999999998863 ) ;
#3893 = LINE ( 'NONE', #7128, #6456 ) ;
#3894 = ORIENTED_EDGE ( 'NONE', *, *, #1123, .T. ) ;
#3895 = LINE ( 'NONE', #7199, #726 ) ;
#3896 = VECTOR ( 'NONE', #3714, 1000.000000000000114 ) ;
#3897 = EDGE_CURVE ( 'NONE', #6124, #5842, #2050, .T. ) ;
#3898 = AXIS2_PLACEMENT_3D ( 'NONE', #609, #3276, #3890 ) ;
#3899 = DIRECTION ( 'NONE',  ( -3.330669073875469621E-15, 1.000000000000000000, 7.657177843178876991E-19 ) ) ;
#3900 = PLANE ( 'NONE',  #5876 ) ;
#3901 = CARTESIAN_POINT ( 'NONE',  ( -5.824235094193059403, 2.386298900080692231, 50.00000000000000000 ) ) ;
#3902 = VECTOR ( 'NONE', #49, 1000.000000000000000 ) ;
#3903 = ORIENTED_EDGE ( 'NONE', *, *, #6666, .F. ) ;
#3904 = VERTEX_POINT ( 'NONE', #4204 ) ;
#3905 = ORIENTED_EDGE ( 'NONE', *, *, #782, .F. ) ;
#3906 = DIRECTION ( 'NONE',  ( -2.168404344971009115E-16, -7.657177843179230399E-19, 1.000000000000000000 ) ) ;
#3907 = VECTOR ( 'NONE', #4349, 1000.000000000000000 ) ;
#3908 = DIRECTION ( 'NONE',  ( 0.000000000000000000, 0.000000000000000000, 1.000000000000000000 ) ) ;
#3909 = CARTESIAN_POINT ( 'NONE',  ( -10.34190564770674570, 94.42998909243814865, 30.39339015613882466 ) ) ;
#3910 = FACE_OUTER_BOUND ( 'NONE', #5316, .T. ) ;
#3911 = VERTEX_POINT ( 'NONE', #3657 ) ;
#3912 = VECTOR ( 'NONE', #6706, 1000.000000000000114 ) ;
#3913 = EDGE_CURVE ( 'NONE', #6837, #827, #5878, .T. ) ;
#3914 = DIRECTION ( 'NONE',  ( -3.330669073875469621E-15, 1.000000000000000000, 7.657177843178876991E-19 ) ) ;
#3915 = ORIENTED_EDGE ( 'NONE', *, *, #2311, .T. ) ;
#3916 = EDGE_CURVE ( 'NONE', #364, #3816, #6488, .T. ) ;
#3917 = CARTESIAN_POINT ( 'NONE',  ( 6.625764905806940774, 2.386298900080696672, 6.649999999999995914 ) ) ;
#3918 = CARTESIAN_POINT ( 'NONE',  ( 16.71810914617703148, 79.96588747730044133, 9.208918140216928450 ) ) ;
#3919 = EDGE_CURVE ( 'NONE', #4896, #6317, #885, .T. ) ;
#3920 = DIRECTION ( 'NONE',  ( -0.4999999999999968914, -0.8660254037844404840, -6.631310533488256290E-19 ) ) ;
#3921 = ORIENTED_EDGE ( 'NONE', *, *, #3032, .F. ) ;
#3922 = DIRECTION ( 'NONE',  ( -1.637162635542180433E-16, 1.000000000000000000, 7.657177843178875065E-19 ) ) ;
#3923 = ADVANCED_FACE ( 'NONE', ( #4315 ), #4927, .T. ) ;
#3924 = EDGE_LOOP ( 'NONE', ( #1943, #6319, #2592, #1051 ) ) ;
#3925 = CARTESIAN_POINT ( 'NONE',  ( -9.975241788773896445, 23.68429699879670736, 50.00000000000000000 ) ) ;
#3926 = CARTESIAN_POINT ( 'NONE',  ( 4.624758211226099647, 47.65185741869318292, 25.59340813070138765 ) ) ;
#3927 = EDGE_CURVE ( 'NONE', #1320, #952, #5639, .T. ) ;
#3928 = CARTESIAN_POINT ( 'NONE',  ( 6.458090141575111076, 44.61588747730039017, 1.733346179548747479 ) ) ;
#3929 = PLANE ( 'NONE',  #4137 ) ;
#3930 = ORIENTED_EDGE ( 'NONE', *, *, #2677, .T. ) ;
#3931 = EDGE_CURVE ( 'NONE', #806, #2606, #6729, .T. ) ;
#3932 = CARTESIAN_POINT ( 'NONE',  ( 9.658094352293174367, 94.42998909243814865, 25.59339015613882395 ) ) ;
#3933 = CARTESIAN_POINT ( 'NONE',  ( 9.908091211226082606, 79.96588747730039870, 23.53334597922873428 ) ) ;
#3934 = EDGE_CURVE ( 'NONE', #1155, #4160, #515, .T. ) ;
#3935 = DIRECTION ( 'NONE',  ( -0.5000000000000032196, 0.8660254037844368202, 6.631310533488228364E-19 ) ) ;
#3936 = CARTESIAN_POINT ( 'NONE',  ( -3.207931051491221819, 89.00178586216263454, 30.39339015613882466 ) ) ;
#3937 = LINE ( 'NONE', #6121, #3197 ) ;
#3938 = EDGE_LOOP ( 'NONE', ( #2286, #5496, #4794, #646, #4467, #5235 ) ) ;
#3939 = EDGE_CURVE ( 'NONE', #3107, #4734, #3286, .T. ) ;
#3940 = ORIENTED_EDGE ( 'NONE', *, *, #4300, .T. ) ;
#3941 = ORIENTED_EDGE ( 'NONE', *, *, #1657, .F. ) ;
#3942 = VERTEX_POINT ( 'NONE', #4418 ) ;
#3943 = DIRECTION ( 'NONE',  ( -1.000000000000000000, 0.000000000000000000, 0.000000000000000000 ) ) ;
#3944 = CARTESIAN_POINT ( 'NONE',  ( 6.524119756077632282, 94.92998909243813443, -3.455201181230785235 ) ) ;
#3945 = LINE ( 'NONE', #6156, #2157 ) ;
#3946 = CARTESIAN_POINT ( 'NONE',  ( 1.174758211226104354, 9.386298900080694452, 50.00000000000000000 ) ) ;
#3947 = ORIENTED_EDGE ( 'NONE', *, *, #1862, .T. ) ;
#3948 = CARTESIAN_POINT ( 'NONE',  ( 3.624758211226107196, 2.684296998796706912, 43.35000000000000853 ) ) ;
#3949 = EDGE_LOOP ( 'NONE', ( #4139, #5076, #3488, #2614, #6105, #3469, #658, #3346 ) ) ;
#3950 = DIRECTION ( 'NONE',  ( 0.8660254037844407060, -0.4999999999999965583, -3.828588921589411533E-19 ) ) ;
#3951 = DIRECTION ( 'NONE',  ( -3.330669073875469621E-15, 1.000000000000000000, 7.657177843178876991E-19 ) ) ;
#3952 = CARTESIAN_POINT ( 'NONE',  ( -0.3752417887738929148, 2.386298900080694452, 50.00000000000000000 ) ) ;
#3953 = ORIENTED_EDGE ( 'NONE', *, *, #6863, .F. ) ;
#3954 = DIRECTION ( 'NONE',  ( 0.000000000000000000, 0.000000000000000000, 1.000000000000000000 ) ) ;
#3955 = ORIENTED_EDGE ( 'NONE', *, *, #3832, .F. ) ;
#3956 = DIRECTION ( 'NONE',  ( -0.8660254037844369313, -0.5000000000000029976, -3.828588921589461125E-19 ) ) ;
#3957 = EDGE_CURVE ( 'NONE', #1091, #4422, #582, .T. ) ;
#3958 = CARTESIAN_POINT ( 'NONE',  ( -9.784195482811904654, 79.96588747730039870, 8.588580297008748587 ) ) ;
#3959 = CARTESIAN_POINT ( 'NONE',  ( -7.207931051491207164, 94.92998909243814865, -3.455201181230785235 ) ) ;
#3960 = LINE ( 'NONE', #1810, #2971 ) ;
#3961 = ORIENTED_EDGE ( 'NONE', *, *, #2629, .T. ) ;
#3962 = CARTESIAN_POINT ( 'NONE',  ( 59.04812727106966008, 52.40086587357522774, 9.541727490783596824E-05 ) ) ;
#3963 = ORIENTED_EDGE ( 'NONE', *, *, #2354, .T. ) ;
#3964 = EDGE_CURVE ( 'NONE', #3279, #463, #6016, .T. ) ;
#3965 = CARTESIAN_POINT ( 'NONE',  ( -5.207931051491215158, 91.46588747730038449, 30.39339015613882466 ) ) ;
#3966 = VECTOR ( 'NONE', #2859, 1000.000000000000000 ) ;
#3967 = LINE ( 'NONE', #2357, #6332 ) ;
#3968 = CARTESIAN_POINT ( 'NONE',  ( 5.658094352293191243, 94.42998909243814865, -3.455201181230785235 ) ) ;
#3969 = VERTEX_POINT ( 'NONE', #3253 ) ;
#3970 = ORIENTED_EDGE ( 'NONE', *, *, #5404, .F. ) ;
#3971 = EDGE_LOOP ( 'NONE', ( #2532, #1698, #6074, #6257 ) ) ;
#3972 = ORIENTED_EDGE ( 'NONE', *, *, #5710, .F. ) ;
#3973 = VECTOR ( 'NONE', #1996, 1000.000000000000000 ) ;
#3974 = LINE ( 'NONE', #1675, #721 ) ;
#3975 = EDGE_CURVE ( 'NONE', #2981, #7023, #7138, .T. ) ;
#3976 = EDGE_CURVE ( 'NONE', #768, #1143, #3863, .T. ) ;
#3977 = ADVANCED_FACE ( 'NONE', ( #551 ), #6080, .T. ) ;
#3978 = LINE ( 'NONE', #4571, #7165 ) ;
#3979 = DIRECTION ( 'NONE',  ( 0.4999999999999965583, 0.8660254037844407060, 6.631310533488258216E-19 ) ) ;
#3980 = DIRECTION ( 'NONE',  ( 0.4999999999999965583, 0.8660254037844407060, 6.631310533488258216E-19 ) ) ;
#3981 = VECTOR ( 'NONE', #7133, 1000.000000000000000 ) ;
#3982 = ORIENTED_EDGE ( 'NONE', *, *, #2808, .F. ) ;
#3983 = DIRECTION ( 'NONE',  ( 0.4999999999999965583, 0.8660254037844407060, 6.631310533488258216E-19 ) ) ;
#3984 = ORIENTED_EDGE ( 'NONE', *, *, #7117, .T. ) ;
#3985 = CIRCLE ( 'NONE', #5387, 1.000000000000000888 ) ;
#3986 = ORIENTED_EDGE ( 'NONE', *, *, #4996, .F. ) ;
#3987 = EDGE_CURVE ( 'NONE', #5815, #3808, #7174, .T. ) ;
#3988 = FACE_BOUND ( 'NONE', #2635, .T. ) ;
#3989 = CARTESIAN_POINT ( 'NONE',  ( 59.04809189100394207, 18.68429699879671446, 25.59348336502074872 ) ) ;
#3990 = CARTESIAN_POINT ( 'NONE',  ( 4.792068948508936721, 31.90447354320628648, 25.59339015613882395 ) ) ;
#3991 = CARTESIAN_POINT ( 'NONE',  ( 16.71809190687261903, 103.9658874773003987, -3.455176181230787069 ) ) ;
#3992 = AXIS2_PLACEMENT_3D ( 'NONE', #3237, #6578, #3372 ) ;
#3993 = ORIENTED_EDGE ( 'NONE', *, *, #1483, .T. ) ;
#3994 = EDGE_LOOP ( 'NONE', ( #7161, #6, #4074, #3259 ) ) ;
#3995 = PLANE ( 'NONE',  #5732 ) ;
#3996 = VERTEX_POINT ( 'NONE', #37 ) ;
#3997 = CARTESIAN_POINT ( 'NONE',  ( -7.475880243922313539, 92.46588747730038449, -3.455201181230785235 ) ) ;
#3998 = VECTOR ( 'NONE', #2041, 1000.000000000000000 ) ;
#3999 = DIRECTION ( 'NONE',  ( -0.8660254037844368202, -0.5000000000000032196, -3.828588921589462570E-19 ) ) ;
#4000 = CARTESIAN_POINT ( 'NONE',  ( -5.475880243922322421, 95.92998909243813443, 30.39339015613882466 ) ) ;
#4001 = EDGE_CURVE ( 'NONE', #2079, #4565, #6120, .T. ) ;
#4002 = AXIS2_PLACEMENT_3D ( 'NONE', #3408, #1835, #6958 ) ;
#4003 = VECTOR ( 'NONE', #4180, 1000.000000000000000 ) ;
#4004 = VERTEX_POINT ( 'NONE', #4495 ) ;
#4005 = LINE ( 'NONE', #4161, #4108 ) ;
#4006 = VERTEX_POINT ( 'NONE', #478 ) ;
#4007 = EDGE_CURVE ( 'NONE', #4533, #4128, #6567, .T. ) ;
#4008 = ADVANCED_FACE ( 'NONE', ( #1153 ), #3900, .T. ) ;
#4009 = ORIENTED_EDGE ( 'NONE', *, *, #571, .T. ) ;
#4010 = VECTOR ( 'NONE', #6046, 1000.000000000000114 ) ;
#4011 = CARTESIAN_POINT ( 'NONE',  ( -10.34190564770675280, 89.50178586216263454, -3.455201181230785235 ) ) ;
#4012 = CARTESIAN_POINT ( 'NONE',  ( -18.72124990694749869, 84.97337027521587061, 25.59339015613882395 ) ) ;
#4013 = LINE ( 'NONE', #774, #2841 ) ;
#4014 = ADVANCED_FACE ( 'NONE', ( #3357 ), #4998, .T. ) ;
#4015 = EDGE_LOOP ( 'NONE', ( #5471, #3443 ) ) ;
#4016 = ORIENTED_EDGE ( 'NONE', *, *, #357, .T. ) ;
#4017 = ORIENTED_EDGE ( 'NONE', *, *, #4116, .F. ) ;
#4018 = VECTOR ( 'NONE', #5564, 1000.000000000000114 ) ;
#4019 = ORIENTED_EDGE ( 'NONE', *, *, #1641, .T. ) ;
#4020 = CIRCLE ( 'NONE', #874, 1.000000000000000888 ) ;
#4021 = CARTESIAN_POINT ( 'NONE',  ( 10.25809121122610712, 83.96588747730039870, 8.108345979228746003 ) ) ;
#4022 =( LENGTH_UNIT ( ) NAMED_UNIT ( * ) SI_UNIT ( .MILLI., .METRE. ) );
#4023 = CARTESIAN_POINT ( 'NONE',  ( 7.658094352293176144, 92.96588747730038449, 30.39339015613882466 ) ) ;
#4024 = VECTOR ( 'NONE', #3219, 1000.000000000000000 ) ;
#4025 = DIRECTION ( 'NONE',  ( 0.4999999999999965583, 0.8660254037844407060, 6.631310533488258216E-19 ) ) ;
#4026 = ORIENTED_EDGE ( 'NONE', *, *, #4521, .F. ) ;
#4027 = EDGE_CURVE ( 'NONE', #911, #6159, #6700, .T. ) ;
#4028 = CARTESIAN_POINT ( 'NONE',  ( -9.475880243922304658, 94.92998909243813443, -3.455201181230785235 ) ) ;
#4029 = AXIS2_PLACEMENT_3D ( 'NONE', #4122, #1194, #6333 ) ;
#4030 = ORIENTED_EDGE ( 'NONE', *, *, #5654, .T. ) ;
#4031 = EDGE_LOOP ( 'NONE', ( #6211, #959, #321, #4854 ) ) ;
#4032 = DIRECTION ( 'NONE',  ( -1.637162635542180433E-16, 1.000000000000000000, 7.657177843178876991E-19 ) ) ;
#4033 = CARTESIAN_POINT ( 'NONE',  ( -4.341905647706770566, 90.96588747730038449, 30.39339015613882466 ) ) ;
#4034 = DIRECTION ( 'NONE',  ( -1.000000000000000000, 0.000000000000000000, 0.000000000000000000 ) ) ;
#4035 = DIRECTION ( 'NONE',  ( 0.5000000000000029976, -0.8660254037844369313, -6.631310533488230290E-19 ) ) ;
#4036 = CARTESIAN_POINT ( 'NONE',  ( 15.71810914617797650, 44.61588747730039017, 8.208919501491095616 ) ) ;
#4037 = VERTEX_POINT ( 'NONE', #5605 ) ;
#4038 = ADVANCED_FACE ( 'NONE', ( #2843 ), #5070, .T. ) ;
#4039 = EDGE_CURVE ( 'NONE', #3942, #4970, #6809, .T. ) ;
#4040 = ORIENTED_EDGE ( 'NONE', *, *, #3417, .F. ) ;
#4041 = ORIENTED_EDGE ( 'NONE', *, *, #5804, .T. ) ;
#4042 = EDGE_CURVE ( 'NONE', #1674, #6251, #2951, .T. ) ;
#4043 = DIRECTION ( 'NONE',  ( 8.145007187700838718E-17, -1.000000000000000000, -0.000000000000000000 ) ) ;
#4044 = DIRECTION ( 'NONE',  ( -0.9999999999990444310, -1.698444961134278334E-16, -1.382390865693872338E-06 ) ) ;
#4045 = PLANE ( 'NONE',  #5880 ) ;
#4046 = ORIENTED_EDGE ( 'NONE', *, *, #3426, .T. ) ;
#4047 = CARTESIAN_POINT ( 'NONE',  ( -17.40190797867373362, 44.61588747730039017, -1.026655550348485028E-05 ) ) ;
#4048 = VERTEX_POINT ( 'NONE', #189 ) ;
#4049 = ORIENTED_EDGE ( 'NONE', *, *, #6011, .T. ) ;
#4050 = DIRECTION ( 'NONE',  ( 0.000000000000000000, -7.657177843178876028E-19, 1.000000000000000000 ) ) ;
#4051 = DIRECTION ( 'NONE',  ( -4.336808689941983716E-16, 1.000000000000000000, -0.000000000000000000 ) ) ;
#4052 = CYLINDRICAL_SURFACE ( 'NONE', #4836, 1.550000000000000488 ) ;
#4053 = ORIENTED_EDGE ( 'NONE', *, *, #4076, .F. ) ;
#4054 = ORIENTED_EDGE ( 'NONE', *, *, #5438, .F. ) ;
#4055 = ORIENTED_EDGE ( 'NONE', *, *, #2177, .F. ) ;
#4056 = ORIENTED_EDGE ( 'NONE', *, *, #3144, .F. ) ;
#4057 = CARTESIAN_POINT ( 'NONE',  ( 8.175764905806939709, 2.386298900080696672, 43.35000000000000853 ) ) ;
#4058 = EDGE_CURVE ( 'NONE', #185, #2703, #1816, .T. ) ;
#4059 = DIRECTION ( 'NONE',  ( 1.000000000000000000, 0.000000000000000000, 0.000000000000000000 ) ) ;
#4060 = DIRECTION ( 'NONE',  ( 0.8660254037844368202, 0.5000000000000032196, 3.828588921589462088E-19 ) ) ;
#4061 = DIRECTION ( 'NONE',  ( -0.8660254037844407060, 0.4999999999999965583, 3.828588921589411533E-19 ) ) ;
#4062 = ORIENTED_EDGE ( 'NONE', *, *, #1330, .F. ) ;
#4063 = DIRECTION ( 'NONE',  ( 0.000000000000000000, -7.657177843178876028E-19, 1.000000000000000000 ) ) ;
#4064 = VERTEX_POINT ( 'NONE', #2474 ) ;
#4065 = ORIENTED_EDGE ( 'NONE', *, *, #2916, .F. ) ;
#4066 = CARTESIAN_POINT ( 'NONE',  ( -9.975208049296332646, 23.68429699879670736, 25.59338794784138571 ) ) ;
#4067 = FACE_OUTER_BOUND ( 'NONE', #5035, .T. ) ;
#4068 = DIRECTION ( 'NONE',  ( 0.000000000000000000, 1.000000000000000000, 7.657177843178876028E-19 ) ) ;
#4069 = DIRECTION ( 'NONE',  ( 1.382390865440721507E-06, 5.995164718139741559E-22, -0.9999999999990445421 ) ) ;
#4070 = DIRECTION ( 'NONE',  ( -1.000000000000000000, 0.000000000000000000, 0.000000000000000000 ) ) ;
#4071 = EDGE_LOOP ( 'NONE', ( #1546, #382, #2560, #1884, #5790, #2012 ) ) ;
#4072 = ORIENTED_EDGE ( 'NONE', *, *, #4871, .T. ) ;
#4073 = CARTESIAN_POINT ( 'NONE',  ( -0.3419056477067857758, 92.96588747730038449, -3.455201181230785235 ) ) ;
#4074 = ORIENTED_EDGE ( 'NONE', *, *, #5384, .F. ) ;
#4075 = EDGE_CURVE ( 'NONE', #858, #5572, #5760, .T. ) ;
#4076 = EDGE_CURVE ( 'NONE', #3005, #2995, #3967, .T. ) ;
#4077 = DIRECTION ( 'NONE',  ( 0.8660254037844369313, 0.5000000000000029976, 3.828588921589461125E-19 ) ) ;
#4078 = PLANE ( 'NONE',  #3562 ) ;
#4079 = ADVANCED_FACE ( 'NONE', ( #693 ), #4123, .T. ) ;
#4080 = FACE_OUTER_BOUND ( 'NONE', #1602, .T. ) ;
#4081 = VERTEX_POINT ( 'NONE', #6182 ) ;
#4082 = DIRECTION ( 'NONE',  ( -0.000000000000000000, -0.000000000000000000, -1.000000000000000000 ) ) ;
#4083 = ORIENTED_EDGE ( 'NONE', *, *, #1982, .T. ) ;
#4084 = ORIENTED_EDGE ( 'NONE', *, *, #6115, .F. ) ;
#4085 = DIRECTION ( 'NONE',  ( -3.330669073875469621E-15, 1.000000000000000000, 0.000000000000000000 ) ) ;
#4086 = CARTESIAN_POINT ( 'NONE',  ( -1.925241788773896845, 9.386298900080694452, 50.00000000000000000 ) ) ;
#4087 = VECTOR ( 'NONE', #839, 1000.000000000000000 ) ;
#4088 = PLANE ( 'NONE',  #3891 ) ;
#4089 = VERTEX_POINT ( 'NONE', #730 ) ;
#4090 = EDGE_LOOP ( 'NONE', ( #5941, #4430, #3329, #5608, #5357, #2990 ) ) ;
#4091 = ORIENTED_EDGE ( 'NONE', *, *, #2557, .F. ) ;
#4092 = AXIS2_PLACEMENT_3D ( 'NONE', #6361, #3049, #5816 ) ;
#4093 = SHAPE_DEFINITION_REPRESENTATION ( #2430, #1858 ) ;
#4094 = FACE_BOUND ( 'NONE', #2512, .T. ) ;
#4095 = DIRECTION ( 'NONE',  ( 3.330669073875469621E-15, -1.000000000000000000, -7.657177843178876028E-19 ) ) ;
#4096 = VECTOR ( 'NONE', #3338, 1000.000000000000000 ) ;
#4097 = ORIENTED_EDGE ( 'NONE', *, *, #3399, .F. ) ;
#4098 = ADVANCED_FACE ( 'NONE', ( #5172 ), #1195, .T. ) ;
#4099 = CARTESIAN_POINT ( 'NONE',  ( -3.207931051491222707, 95.92998909243814865, 30.39339015613882466 ) ) ;
#4100 = VERTEX_POINT ( 'NONE', #5717 ) ;
#4101 = ORIENTED_EDGE ( 'NONE', *, *, #6469, .F. ) ;
#4102 = AXIS2_PLACEMENT_3D ( 'NONE', #5428, #4745, #2655 ) ;
#4103 = PLANE ( 'NONE',  #525 ) ;
#4104 = CARTESIAN_POINT ( 'NONE',  ( -18.58727531073193973, 84.74131946764701695, 25.59339015613882395 ) ) ;
#4105 = CARTESIAN_POINT ( 'NONE',  ( 11.71809190687725888, 79.96588747730037028, -3.455169374859968112 ) ) ;
#4106 = ORIENTED_EDGE ( 'NONE', *, *, #5384, .T. ) ;
#4107 = EDGE_CURVE ( 'NONE', #3590, #4100, #3502, .T. ) ;
#4108 = VECTOR ( 'NONE', #3576, 1000.000000000000114 ) ;
#4109 = EDGE_LOOP ( 'NONE', ( #3137, #4053, #5478, #2776 ) ) ;
#4110 = DIRECTION ( 'NONE',  ( 0.000000000000000000, -7.657177843178876028E-19, 1.000000000000000000 ) ) ;
#4111 = VERTEX_POINT ( 'NONE', #4674 ) ;
#4112 = DIRECTION ( 'NONE',  ( 1.000000000000000000, 0.000000000000000000, 0.000000000000000000 ) ) ;
#4113 = VECTOR ( 'NONE', #2141, 1000.000000000000114 ) ;
#4114 = LINE ( 'NONE', #3573, #1680 ) ;
#4115 = FACE_OUTER_BOUND ( 'NONE', #906, .T. ) ;
#4116 = EDGE_CURVE ( 'NONE', #116, #4456, #5682, .T. ) ;
#4117 = VERTEX_POINT ( 'NONE', #4643 ) ;
#4118 = PLANE ( 'NONE',  #2465 ) ;
#4119 = VERTEX_POINT ( 'NONE', #655 ) ;
#4120 = VECTOR ( 'NONE', #6030, 1000.000000000000000 ) ;
#4121 = VERTEX_POINT ( 'NONE', #5209 ) ;
#4122 = CARTESIAN_POINT ( 'NONE',  ( 4.792068948508746651, 89.00178586216263454, -3.455201181230785235 ) ) ;
#4123 = PLANE ( 'NONE',  #3202 ) ;
#4124 = VECTOR ( 'NONE', #4476, 1000.000000000000000 ) ;
#4125 = EDGE_CURVE ( 'NONE', #3600, #4959, #1849, .T. ) ;
#4126 = VECTOR ( 'NONE', #253, 1000.000000000000114 ) ;
#4127 = DIRECTION ( 'NONE',  ( 1.000000000000000000, 3.330669073875469621E-15, 2.550352543544035319E-33 ) ) ;
#4128 = VERTEX_POINT ( 'NONE', #773 ) ;
#4129 = ADVANCED_FACE ( 'NONE', ( #6297 ), #110, .T. ) ;
#4130 = ORIENTED_EDGE ( 'NONE', *, *, #4159, .T. ) ;
#4131 = EDGE_CURVE ( 'NONE', #3429, #1773, #3582, .T. ) ;
#4132 = ORIENTED_EDGE ( 'NONE', *, *, #2897, .T. ) ;
#4133 = VECTOR ( 'NONE', #3026, 1000.000000000000000 ) ;
#4134 = CIRCLE ( 'NONE', #4718, 11.19100684368594045 ) ;
#4135 = CARTESIAN_POINT ( 'NONE',  ( 10.52411975607761541, 95.92998909243814865, 25.59339015613882395 ) ) ;
#4136 = CARTESIAN_POINT ( 'NONE',  ( -3.207931051491009988, 31.90447354320626161, 25.59339015613882395 ) ) ;
#4137 = AXIS2_PLACEMENT_3D ( 'NONE', #1148, #2835, #5063 ) ;
#4138 = VECTOR ( 'NONE', #4652, 999.9999999999998863 ) ;
#4139 = ORIENTED_EDGE ( 'NONE', *, *, #2415, .T. ) ;
#4140 = CARTESIAN_POINT ( 'NONE',  ( -17.40193782918062482, 79.96588747730039870, 21.59338103584048341 ) ) ;
#4141 = ORIENTED_EDGE ( 'NONE', *, *, #7044, .F. ) ;
#4142 = ORIENTED_EDGE ( 'NONE', *, *, #65, .T. ) ;
#4143 = VECTOR ( 'NONE', #1470, 1000.000000000000000 ) ;
#4144 = VECTOR ( 'NONE', #6481, 1000.000000000000000 ) ;
#4145 = DIRECTION ( 'NONE',  ( -0.8660254037844368202, -0.5000000000000032196, -3.828588921589462570E-19 ) ) ;
#4146 = FACE_OUTER_BOUND ( 'NONE', #40, .T. ) ;
#4147 = LINE ( 'NONE', #7002, #5862 ) ;
#4148 = VERTEX_POINT ( 'NONE', #222 ) ;
#4149 = UNCERTAINTY_MEASURE_WITH_UNIT (LENGTH_MEASURE( 1.000000000000000082E-05 ), #4022, 'distance_accuracy_value', 'NONE');
#4150 = AXIS2_PLACEMENT_3D ( 'NONE', #4503, #2709, #5475 ) ;
#4151 = ORIENTED_EDGE ( 'NONE', *, *, #3711, .T. ) ;
#4152 = CARTESIAN_POINT ( 'NONE',  ( 4.792068948508746651, 88.00178586216263454, -3.455201181230785235 ) ) ;
#4153 = ORIENTED_EDGE ( 'NONE', *, *, #3001, .F. ) ;
#4154 = ADVANCED_FACE ( 'NONE', ( #4563 ), #6762, .F. ) ;
#4155 = AXIS2_PLACEMENT_3D ( 'NONE', #2528, #6386, #4287 ) ;
#4156 = FACE_OUTER_BOUND ( 'NONE', #3570, .T. ) ;
#4157 = CARTESIAN_POINT ( 'NONE',  ( 2.792068948508754200, 92.46588747730038449, 25.59339015613882395 ) ) ;
#4158 = CARTESIAN_POINT ( 'NONE',  ( -17.40190956489096408, 18.68429699879670380, 1.147434554783852256 ) ) ;
#4159 = EDGE_CURVE ( 'NONE', #4117, #3566, #1775, .T. ) ;
#4160 = VERTEX_POINT ( 'NONE', #1238 ) ;
#4161 = CARTESIAN_POINT ( 'NONE',  ( 34.29346034719070957, 70.65974851990675631, 25.59339015613882395 ) ) ;
#4162 = ORIENTED_EDGE ( 'NONE', *, *, #6556, .T. ) ;
#4163 = VERTEX_POINT ( 'NONE', #5322 ) ;
#4164 = LINE ( 'NONE', #3023, #4126 ) ;
#4165 = CARTESIAN_POINT ( 'NONE',  ( -8.401937866840322400, 52.40086587357521353, 25.59338794779474924 ) ) ;
#4166 = EDGE_CURVE ( 'NONE', #3420, #6517, #7019, .T. ) ;
#4167 = CARTESIAN_POINT ( 'NONE',  ( -0.3752417887738960234, 9.386298900080694452, 50.00000000000000000 ) ) ;
#4168 = ORIENTED_EDGE ( 'NONE', *, *, #4039, .T. ) ;
#4169 = EDGE_LOOP ( 'NONE', ( #3376, #5527, #6630, #6468, #536, #5966 ) ) ;
#4170 = ORIENTED_EDGE ( 'NONE', *, *, #3934, .F. ) ;
#4171 = EDGE_CURVE ( 'NONE', #6112, #4912, #5866, .T. ) ;
#4172 = LINE ( 'NONE', #6380, #770 ) ;
#4173 = EDGE_CURVE ( 'NONE', #4664, #7095, #2000, .T. ) ;
#4174 = DIRECTION ( 'NONE',  ( 0.000000000000000000, 1.000000000000000000, -0.000000000000000000 ) ) ;
#4175 = ORIENTED_EDGE ( 'NONE', *, *, #460, .F. ) ;
#4176 = CARTESIAN_POINT ( 'NONE',  ( 5.658094352293184137, 89.50178586216263454, 30.39339015613882466 ) ) ;
#4177 = VERTEX_POINT ( 'NONE', #4859 ) ;
#4178 = CARTESIAN_POINT ( 'NONE',  ( 3.624758211226107196, 2.386298900080694896, 46.35000000000000853 ) ) ;
#4179 = LINE ( 'NONE', #2451, #5177 ) ;
#4180 = DIRECTION ( 'NONE',  ( 8.145007187700838718E-17, -1.000000000000000000, -0.000000000000000000 ) ) ;
#4181 = DIRECTION ( 'NONE',  ( 0.8660254037844369313, 0.5000000000000029976, 0.000000000000000000 ) ) ;
#4182 = ORIENTED_EDGE ( 'NONE', *, *, #1033, .F. ) ;
#4183 = VERTEX_POINT ( 'NONE', #327 ) ;
#4184 = FACE_OUTER_BOUND ( 'NONE', #5899, .T. ) ;
#4185 = VERTEX_POINT ( 'NONE', #4307 ) ;
#4186 = CARTESIAN_POINT ( 'NONE',  ( 8.524119756077624288, 92.46588747730038449, 25.59339015613882395 ) ) ;
#4187 = CARTESIAN_POINT ( 'NONE',  ( -7.141904245720891886, 79.96588747730039870, -0.3285355244918523043 ) ) ;
#4188 = FACE_BOUND ( 'NONE', #1986, .T. ) ;
#4189 = EDGE_LOOP ( 'NONE', ( #1444, #2271, #5546, #879 ) ) ;
#4190 = DIRECTION ( 'NONE',  ( 0.8660254037844369313, 0.5000000000000029976, 0.000000000000000000 ) ) ;
#4191 = EDGE_CURVE ( 'NONE', #314, #116, #2621, .T. ) ;
#4192 = ORIENTED_EDGE ( 'NONE', *, *, #1161, .F. ) ;
#4193 = CARTESIAN_POINT ( 'NONE',  ( 2.792068948508955373, 31.90447354320628293, 25.59339015613882395 ) ) ;
#4194 = ORIENTED_EDGE ( 'NONE', *, *, #7179, .F. ) ;
#4195 = DIRECTION ( 'NONE',  ( 1.637162635542180433E-16, -1.000000000000000000, -7.657177843178875065E-19 ) ) ;
#4196 = DIRECTION ( 'NONE',  ( 1.361274163765233678E-06, 5.903585622810572228E-22, 0.9999999999990735189 ) ) ;
#4197 = DIRECTION ( 'NONE',  ( 0.000000000000000000, -7.657177843178876028E-19, 1.000000000000000000 ) ) ;
#4198 = ORIENTED_EDGE ( 'NONE', *, *, #5739, .T. ) ;
#4199 = VERTEX_POINT ( 'NONE', #6444 ) ;
#4200 = EDGE_CURVE ( 'NONE', #6207, #6301, #4233, .T. ) ;
#4201 = DIRECTION ( 'NONE',  ( -0.9999999999990444310, 0.000000000000000000, -1.382390865440721295E-06 ) ) ;
#4202 = CARTESIAN_POINT ( 'NONE',  ( -12.40190417009393364, 81.71787699629777535, -3.455167634022405565 ) ) ;
#4203 = CARTESIAN_POINT ( 'NONE',  ( -5.375241788773895024, 47.65187257383767871, 25.59339430679273164 ) ) ;
#4204 = CARTESIAN_POINT ( 'NONE',  ( 7.718125884778279655, 52.40086587357522063, 25.59339015613882395 ) ) ;
#4205 = CARTESIAN_POINT ( 'NONE',  ( 2.524119756077647381, 88.00178586216262033, 30.39339015613882466 ) ) ;
#4206 = EDGE_LOOP ( 'NONE', ( #428, #1311, #1013, #6860 ) ) ;
#4207 = EDGE_CURVE ( 'NONE', #2296, #3609, #1453, .T. ) ;
#4208 = ADVANCED_FACE ( 'NONE', ( #2076 ), #1485, .T. ) ;
#4209 = AXIS2_PLACEMENT_3D ( 'NONE', #5465, #1562, #76 ) ;
#4210 = DIRECTION ( 'NONE',  ( 0.8660254037844369313, 0.5000000000000029976, 0.000000000000000000 ) ) ;
#4211 = EDGE_LOOP ( 'NONE', ( #347, #4393, #4101, #5711 ) ) ;
#4212 = CARTESIAN_POINT ( 'NONE',  ( 6.524119756077632282, 89.00178586216263454, -3.455201181230785235 ) ) ;
#4213 = DIRECTION ( 'NONE',  ( 1.000000000000000000, 0.000000000000000000, 0.000000000000000000 ) ) ;
#4214 = FACE_OUTER_BOUND ( 'NONE', #2558, .T. ) ;
#4215 = PLANE ( 'NONE',  #3193 ) ;
#4216 = VECTOR ( 'NONE', #6467, 1000.000000000000000 ) ;
#4217 = ORIENTED_EDGE ( 'NONE', *, *, #3499, .T. ) ;
#4218 = DIRECTION ( 'NONE',  ( 1.000000000000000000, 1.637162635542180433E-16, 0.000000000000000000 ) ) ;
#4219 = ADVANCED_FACE ( 'NONE', ( #3689 ), #2546, .F. ) ;
#4220 = ORIENTED_EDGE ( 'NONE', *, *, #3927, .T. ) ;
#4221 = VECTOR ( 'NONE', #2706, 1000.000000000000000 ) ;
#4222 = CARTESIAN_POINT ( 'NONE',  ( -17.40190320228620280, 103.9658874773003987, -3.455174545975395084 ) ) ;
#4223 = CARTESIAN_POINT ( 'NONE',  ( -54.89290318739411845, -7.213701099919307858, 6.649999999999995914 ) ) ;
#4224 = CIRCLE ( 'NONE', #5144, 11.19100684252881628 ) ;
#4225 = DIRECTION ( 'NONE',  ( -1.637162635542180433E-16, 1.000000000000000000, 7.657177843178876991E-19 ) ) ;
#4226 = ORIENTED_EDGE ( 'NONE', *, *, #6830, .F. ) ;
#4227 = CARTESIAN_POINT ( 'NONE',  ( -7.207931051491207164, 95.92998909243814865, -3.455201181230785235 ) ) ;
#4228 = VERTEX_POINT ( 'NONE', #3066 ) ;
#4229 = CARTESIAN_POINT ( 'NONE',  ( 16.71810826231617852, 83.96588747730039870, 25.59337882187173108 ) ) ;
#4230 = VECTOR ( 'NONE', #6651, 1000.000000000000114 ) ;
#4231 = FACE_OUTER_BOUND ( 'NONE', #64, .T. ) ;
#4232 = FACE_OUTER_BOUND ( 'NONE', #4841, .T. ) ;
#4233 = LINE ( 'NONE', #4750, #4262 ) ;
#4234 = CARTESIAN_POINT ( 'NONE',  ( -0.3752417887738929148, 2.386298900080694452, 43.35000000000000853 ) ) ;
#4235 = ORIENTED_EDGE ( 'NONE', *, *, #3913, .F. ) ;
#4236 = EDGE_CURVE ( 'NONE', #5842, #3796, #1098, .T. ) ;
#4237 = AXIS2_PLACEMENT_3D ( 'NONE', #4511, #4069, #751 ) ;
#4238 = VERTEX_POINT ( 'NONE', #1517 ) ;
#4239 = DIRECTION ( 'NONE',  ( -0.8660254037844404840, 0.4999999999999968914, 3.828588921589413940E-19 ) ) ;
#4240 = ADVANCED_FACE ( 'NONE', ( #6980 ), #909, .F. ) ;
#4241 = VECTOR ( 'NONE', #5352, 1000.000000000000000 ) ;
#4242 = FACE_BOUND ( 'NONE', #6944, .T. ) ;
#4243 = CARTESIAN_POINT ( 'NONE',  ( -9.975241788773889340, 18.68429699879670380, 43.35000000000000853 ) ) ;
#4244 = DIRECTION ( 'NONE',  ( -0.8660254037844404840, 0.4999999999999968914, 3.828588921589413940E-19 ) ) ;
#4245 = ORIENTED_EDGE ( 'NONE', *, *, #1876, .T. ) ;
#4246 = VERTEX_POINT ( 'NONE', #6916 ) ;
#4247 = ADVANCED_FACE ( 'NONE', ( #3211 ), #2656, .T. ) ;
#4248 = AXIS2_PLACEMENT_3D ( 'NONE', #2134, #495, #1065 ) ;
#4249 = VECTOR ( 'NONE', #2125, 999.9999999999998863 ) ;
#4250 = CARTESIAN_POINT ( 'NONE',  ( -14.72124990694747204, 78.04516704494038493, 25.59339015613882395 ) ) ;
#4251 = LINE ( 'NONE', #7042, #4961 ) ;
#4252 = CARTESIAN_POINT ( 'NONE',  ( -4.375241788773892360, 2.684296998796706912, 46.35000000000000853 ) ) ;
#4253 = EDGE_CURVE ( 'NONE', #3566, #2756, #361, .T. ) ;
#4254 = VECTOR ( 'NONE', #1049, 1000.000000000000000 ) ;
#4255 = CARTESIAN_POINT ( 'NONE',  ( 4.524119756077639387, 91.46588747730037028, 25.59339015613882395 ) ) ;
#4256 = DIRECTION ( 'NONE',  ( -1.172497940839745012E-06, 0.000000000000000000, -0.9999999999993126609 ) ) ;
#4257 = VECTOR ( 'NONE', #4605, 1000.000000000000000 ) ;
#4258 = VERTEX_POINT ( 'NONE', #5284 ) ;
#4259 = DIRECTION ( 'NONE',  ( 0.000000000000000000, -7.657177843178876028E-19, 1.000000000000000000 ) ) ;
#4260 = VECTOR ( 'NONE', #4488, 999.9999999999998863 ) ;
#4261 = ORIENTED_EDGE ( 'NONE', *, *, #3232, .F. ) ;
#4262 = VECTOR ( 'NONE', #835, 1000.000000000000000 ) ;
#4263 = CARTESIAN_POINT ( 'NONE',  ( 7.718125884778277879, 52.40086587357522063, 21.59338565332864235 ) ) ;
#4264 = CARTESIAN_POINT ( 'NONE',  ( 16.71809190687262969, 31.90447354320630780, -3.455176181230787069 ) ) ;
#4265 = VECTOR ( 'NONE', #5361, 1000.000000000000114 ) ;
#4266 = EDGE_CURVE ( 'NONE', #6790, #2099, #2040, .T. ) ;
#4267 = FACE_BOUND ( 'NONE', #2344, .T. ) ;
#4268 = ORIENTED_EDGE ( 'NONE', *, *, #1290, .F. ) ;
#4269 = CARTESIAN_POINT ( 'NONE',  ( 9.224758211226102844, 18.68429699879670736, 5.166405666320941909E-29 ) ) ;
#4270 = ORIENTED_EDGE ( 'NONE', *, *, #3382, .T. ) ;
#4271 = CARTESIAN_POINT ( 'NONE',  ( -17.40194335873945874, 52.40086587357521353, 25.59337768119033640 ) ) ;
#4272 = VECTOR ( 'NONE', #2773, 1000.000000000000000 ) ;
#4273 = CARTESIAN_POINT ( 'NONE',  ( 8.792068948508729775, 88.00178586216263454, 30.39339015613882466 ) ) ;
#4274 = DIRECTION ( 'NONE',  ( 0.000000000000000000, -7.657177843178876028E-19, 1.000000000000000000 ) ) ;
#4275 = DIRECTION ( 'NONE',  ( 0.000000000000000000, -7.657177843178876028E-19, 1.000000000000000000 ) ) ;
#4276 = EDGE_LOOP ( 'NONE', ( #363, #5324, #4971, #3903 ) ) ;
#4277 = ORIENTED_EDGE ( 'NONE', *, *, #7052, .T. ) ;
#4278 = CARTESIAN_POINT ( 'NONE',  ( -0.3419056477067787259, 90.96588747730038449, -3.455201181230785235 ) ) ;
#4279 = CARTESIAN_POINT ( 'NONE',  ( 6.625764905806940774, 2.386298900080696672, 43.35000000000000853 ) ) ;
#4280 = LINE ( 'NONE', #408, #4024 ) ;
#4281 = CARTESIAN_POINT ( 'NONE',  ( -9.784195482830885027, -14.07277949271606943, 19.48643130161075021 ) ) ;
#4282 = DIRECTION ( 'NONE',  ( -1.000000000000000000, 0.000000000000000000, -0.000000000000000000 ) ) ;
#4283 = VERTEX_POINT ( 'NONE', #1931 ) ;
#4284 = ORIENTED_EDGE ( 'NONE', *, *, #1930, .F. ) ;
#4285 = CARTESIAN_POINT ( 'NONE',  ( 11.01811894508610479, 83.96588747730039870, -3.455169374861251086 ) ) ;
#4286 = EDGE_CURVE ( 'NONE', #622, #6927, #4818, .T. ) ;
#4287 = DIRECTION ( 'NONE',  ( 3.663735981263016583E-15, -1.000000000000000000, 0.000000000000000000 ) ) ;
#4288 = CARTESIAN_POINT ( 'NONE',  ( -7.207931051491207164, 95.92998909243814865, 30.39339015613882466 ) ) ;
#4289 = DIRECTION ( 'NONE',  ( 2.168404344971009115E-16, -2.347914799768766366E-22, -1.000000000000000000 ) ) ;
#4290 = DIRECTION ( 'NONE',  ( -0.8660254037844407060, 0.4999999999999965583, 0.000000000000000000 ) ) ;
#4291 = EDGE_LOOP ( 'NONE', ( #3674, #5733, #4814, #2944 ) ) ;
#4292 = DIRECTION ( 'NONE',  ( -1.000000000000000000, -3.663735981263016583E-15, -2.805387797898438817E-33 ) ) ;
#4293 = ORIENTED_EDGE ( 'NONE', *, *, #4453, .F. ) ;
#4294 = LINE ( 'NONE', #281, #3187 ) ;
#4295 = CARTESIAN_POINT ( 'NONE',  ( -7.374235094193059226, 2.386298900080692231, 50.00000000000000000 ) ) ;
#4296 = PLANE ( 'NONE',  #7035 ) ;
#4297 = EDGE_LOOP ( 'NONE', ( #2276, #766, #2625, #3164, #2616, #1651, #5695, #6281, #2582, #4084, #6507, #1794, #5350, #1099 ) ) ;
#4298 = ADVANCED_FACE ( 'NONE', ( #397 ), #296, .F. ) ;
#4299 = DIRECTION ( 'NONE',  ( 0.000000000000000000, -7.657177843178876028E-19, 1.000000000000000000 ) ) ;
#4300 = EDGE_CURVE ( 'NONE', #2623, #2838, #3350, .T. ) ;
#4301 = ORIENTED_EDGE ( 'NONE', *, *, #5454, .T. ) ;
#4302 = DIRECTION ( 'NONE',  ( -1.414335714702542164E-06, 0.000000000000000000, 0.9999999999989999111 ) ) ;
#4303 = ADVANCED_FACE ( 'NONE', ( #6109 ), #30, .T. ) ;
#4304 = ADVANCED_FACE ( 'NONE', ( #1075 ), #4341, .T. ) ;
#4305 = CARTESIAN_POINT ( 'NONE',  ( 3.624758211226107196, 2.386298900080694452, 0.000000000000000000 ) ) ;
#4306 = DIRECTION ( 'NONE',  ( -1.000000000000000000, 0.000000000000000000, 0.000000000000000000 ) ) ;
#4307 = CARTESIAN_POINT ( 'NONE',  ( -7.475880243922313539, 92.46588747730038449, 25.59339015613882395 ) ) ;
#4308 = CARTESIAN_POINT ( 'NONE',  ( -19.58727531073193973, 86.47337027521588482, 25.59339015613882395 ) ) ;
#4309 = EDGE_LOOP ( 'NONE', ( #4515, #465, #3233, #3272 ) ) ;
#4310 = ORIENTED_EDGE ( 'NONE', *, *, #1223, .F. ) ;
#4311 = PLANE ( 'NONE',  #1530 ) ;
#4312 = CARTESIAN_POINT ( 'NONE',  ( -17.40190320228618859, 31.90447354320630780, 25.59339015613882395 ) ) ;
#4313 = EDGE_CURVE ( 'NONE', #5592, #463, #7195, .T. ) ;
#4314 = DIRECTION ( 'NONE',  ( 0.000000000000000000, -7.657177843178876028E-19, 1.000000000000000000 ) ) ;
#4315 = FACE_OUTER_BOUND ( 'NONE', #4291, .T. ) ;
#4316 = DIRECTION ( 'NONE',  ( -1.361274163781735362E-06, 0.000000000000000000, -0.9999999999990734079 ) ) ;
#4317 = ORIENTED_EDGE ( 'NONE', *, *, #670, .T. ) ;
#4318 = ORIENTED_EDGE ( 'NONE', *, *, #6272, .F. ) ;
#4319 = ORIENTED_EDGE ( 'NONE', *, *, #1697, .T. ) ;
#4320 = DIRECTION ( 'NONE',  ( 0.9999999999990444310, 0.000000000000000000, 1.382390865693872338E-06 ) ) ;
#4321 = LINE ( 'NONE', #9, #5895 ) ;
#4322 = DIRECTION ( 'NONE',  ( -0.8660254037844368202, -0.5000000000000032196, 0.000000000000000000 ) ) ;
#4323 = CYLINDRICAL_SURFACE ( 'NONE', #1326, 1.549999999999999378 ) ;
#4324 = EDGE_CURVE ( 'NONE', #7176, #2495, #1555, .T. ) ;
#4325 = AXIS2_PLACEMENT_3D ( 'NONE', #4312, #6520, #2628 ) ;
#4326 = ORIENTED_EDGE ( 'NONE', *, *, #138, .T. ) ;
#4327 = CARTESIAN_POINT ( 'NONE',  ( 1.174758211226104354, 9.386298900080694452, 50.00000000000000000 ) ) ;
#4328 = VERTEX_POINT ( 'NONE', #503 ) ;
#4329 = AXIS2_PLACEMENT_3D ( 'NONE', #4431, #3875, #6095 ) ;
#4330 = FACE_OUTER_BOUND ( 'NONE', #1181, .T. ) ;
#4331 = EDGE_CURVE ( 'NONE', #5084, #4677, #6008, .T. ) ;
#4332 = CARTESIAN_POINT ( 'NONE',  ( -54.89290318739411845, 18.68429699879670025, 43.35000000000000853 ) ) ;
#4333 = VECTOR ( 'NONE', #415, 1000.000000000000000 ) ;
#4334 = ORIENTED_EDGE ( 'NONE', *, *, #3621, .T. ) ;
#4335 = FACE_OUTER_BOUND ( 'NONE', #4309, .T. ) ;
#4336 = ORIENTED_EDGE ( 'NONE', *, *, #4007, .F. ) ;
#4337 = CARTESIAN_POINT ( 'NONE',  ( -6.341905647706762572, 94.42998909243814865, 30.39339015613882466 ) ) ;
#4338 = DIRECTION ( 'NONE',  ( 8.145007187700838718E-17, -1.000000000000000000, 0.000000000000000000 ) ) ;
#4339 = VECTOR ( 'NONE', #5204, 1000.000000000000000 ) ;
#4340 = ADVANCED_FACE ( 'NONE', ( #2729 ), #1011, .T. ) ;
#4341 = PLANE ( 'NONE',  #1922 ) ;
#4342 = CARTESIAN_POINT ( 'NONE',  ( 33.29346034719074510, 68.92769771233791687, 25.59339015613882395 ) ) ;
#4343 = ORIENTED_EDGE ( 'NONE', *, *, #1879, .T. ) ;
#4344 = EDGE_CURVE ( 'NONE', #3256, #4177, #3825, .T. ) ;
#4345 = EDGE_LOOP ( 'NONE', ( #2147, #5685, #671, #1366 ) ) ;
#4346 = CARTESIAN_POINT ( 'NONE',  ( 6.792068948508941162, 31.90447354320629358, 25.59339015613882395 ) ) ;
#4347 = CARTESIAN_POINT ( 'NONE',  ( -7.374235094193059226, 2.386298900080692231, 43.35000000000000853 ) ) ;
#4348 = VECTOR ( 'NONE', #5198, 1000.000000000000114 ) ;
#4349 = DIRECTION ( 'NONE',  ( 0.000000000000000000, -7.657177843178876028E-19, 1.000000000000000000 ) ) ;
#4350 = FACE_OUTER_BOUND ( 'NONE', #4522, .T. ) ;
#4351 = VECTOR ( 'NONE', #4544, 999.9999999999998863 ) ;
#4352 = DIRECTION ( 'NONE',  ( 0.000000000000000000, -7.657177843178876028E-19, 1.000000000000000000 ) ) ;
#4353 = EDGE_CURVE ( 'NONE', #136, #2956, #2690, .T. ) ;
#4354 = ORIENTED_EDGE ( 'NONE', *, *, #5282, .T. ) ;
#4355 = ORIENTED_EDGE ( 'NONE', *, *, #571, .F. ) ;
#4356 = ORIENTED_EDGE ( 'NONE', *, *, #4075, .F. ) ;
#4357 = CARTESIAN_POINT ( 'NONE',  ( 3.624758211226107196, 2.684296998796706912, 46.35000000000000853 ) ) ;
#4358 = EDGE_CURVE ( 'NONE', #6927, #4283, #4956, .T. ) ;
#4359 = CARTESIAN_POINT ( 'NONE',  ( 6.458087726134396966, 79.96588747730039870, -0.3285337725542226139 ) ) ;
#4360 = DIRECTION ( 'NONE',  ( 0.000000000000000000, 0.000000000000000000, 1.000000000000000000 ) ) ;
#4361 = DIRECTION ( 'NONE',  ( -0.8660254037844369313, -0.5000000000000029976, -3.828588921589461125E-19 ) ) ;
#4362 = AXIS2_PLACEMENT_3D ( 'NONE', #4295, #4910, #2170 ) ;
#4363 = VECTOR ( 'NONE', #419, 1000.000000000000000 ) ;
#4364 = VERTEX_POINT ( 'NONE', #7167 ) ;
#4365 = LINE ( 'NONE', #3266, #2106 ) ;
#4366 = ORIENTED_EDGE ( 'NONE', *, *, #2717, .F. ) ;
#4367 = ORIENTED_EDGE ( 'NONE', *, *, #70, .T. ) ;
#4368 = VECTOR ( 'NONE', #619, 1000.000000000000000 ) ;
#4369 = VECTOR ( 'NONE', #335, 1000.000000000000000 ) ;
#4370 = DIRECTION ( 'NONE',  ( 0.8660254037844369313, 0.5000000000000029976, 3.828588921589461125E-19 ) ) ;
#4371 = DIRECTION ( 'NONE',  ( 0.9999999999990444310, 0.000000000000000000, 1.382390865440721507E-06 ) ) ;
#4372 = AXIS2_PLACEMENT_3D ( 'NONE', #4990, #6589, #1040 ) ;
#4373 = AXIS2_PLACEMENT_3D ( 'NONE', #1589, #5563, #7127 ) ;
#4374 = ORIENTED_EDGE ( 'NONE', *, *, #6364, .T. ) ;
#4375 = ORIENTED_EDGE ( 'NONE', *, *, #5271, .T. ) ;
#4376 = DIRECTION ( 'NONE',  ( 1.000000000000000000, 0.000000000000000000, 0.000000000000000000 ) ) ;
#4377 = EDGE_CURVE ( 'NONE', #5084, #1863, #2243, .T. ) ;
#4378 = AXIS2_PLACEMENT_3D ( 'NONE', #2048, #3695, #3618 ) ;
#4379 = CARTESIAN_POINT ( 'NONE',  ( 2.524119756077648269, 94.92998909243813443, 30.39339015613882466 ) ) ;
#4380 = ADVANCED_FACE ( 'NONE', ( #6689 ), #1695, .F. ) ;
#4381 = FACE_OUTER_BOUND ( 'NONE', #2424, .T. ) ;
#4382 = DIRECTION ( 'NONE',  ( 0.000000000000000000, -7.657177843178876028E-19, 1.000000000000000000 ) ) ;
#4383 = ORIENTED_EDGE ( 'NONE', *, *, #2277, .F. ) ;
#4384 = ORIENTED_EDGE ( 'NONE', *, *, #1418, .T. ) ;
#4385 = LINE ( 'NONE', #2248, #3056 ) ;
#4386 = VECTOR ( 'NONE', #2290, 1000.000000000000000 ) ;
#4387 = DIRECTION ( 'NONE',  ( -0.000000000000000000, -1.000000000000000000, -0.000000000000000000 ) ) ;
#4388 = DIRECTION ( 'NONE',  ( 0.000000000000000000, -7.657177843178876028E-19, 1.000000000000000000 ) ) ;
#4389 = CARTESIAN_POINT ( 'NONE',  ( 6.625764905806940774, 2.386298900080696672, 0.000000000000000000 ) ) ;
#4390 = LINE ( 'NONE', #3968, #284 ) ;
#4391 = EDGE_LOOP ( 'NONE', ( #4531, #4498, #6686, #5009 ) ) ;
#4392 = ORIENTED_EDGE ( 'NONE', *, *, #5101, .F. ) ;
#4393 = ORIENTED_EDGE ( 'NONE', *, *, #2311, .F. ) ;
#4394 = CARTESIAN_POINT ( 'NONE',  ( -4.341905647706776783, 92.96588747730038449, 30.39339015613882466 ) ) ;
#4395 = EDGE_CURVE ( 'NONE', #1413, #6839, #1620, .T. ) ;
#4396 = DIRECTION ( 'NONE',  ( 0.000000000000000000, 0.000000000000000000, 1.000000000000000000 ) ) ;
#4397 = DIRECTION ( 'NONE',  ( -0.4999999999999968914, -0.8660254037844404840, -6.631310533488256290E-19 ) ) ;
#4398 = EDGE_CURVE ( 'NONE', #2239, #3109, #6072, .T. ) ;
#4399 = DIRECTION ( 'NONE',  ( 0.000000000000000000, -7.657177843178876028E-19, 1.000000000000000000 ) ) ;
#4400 = ORIENTED_EDGE ( 'NONE', *, *, #6571, .T. ) ;
#4401 = ORIENTED_EDGE ( 'NONE', *, *, #6506, .F. ) ;
#4402 = CARTESIAN_POINT ( 'NONE',  ( 9.658094352293167262, 89.50178586216263454, 30.39339015613882466 ) ) ;
#4403 = LINE ( 'NONE', #7120, #2724 ) ;
#4404 = VERTEX_POINT ( 'NONE', #3378 ) ;
#4405 = EDGE_CURVE ( 'NONE', #6608, #4969, #542, .T. ) ;
#4406 = CARTESIAN_POINT ( 'NONE',  ( 15.71810914617796229, 79.96588747730041291, 9.208919501491093840 ) ) ;
#4407 = EDGE_LOOP ( 'NONE', ( #1895, #2476, #1071, #2022 ) ) ;
#4408 = DIRECTION ( 'NONE',  ( 0.000000000000000000, -7.657177843178876028E-19, 1.000000000000000000 ) ) ;
#4409 = FACE_OUTER_BOUND ( 'NONE', #1617, .T. ) ;
#4410 = CARTESIAN_POINT ( 'NONE',  ( 11.71809285990111604, -14.07277949271606943, -3.455169374861264853 ) ) ;
#4411 = CARTESIAN_POINT ( 'NONE',  ( -9.207931051491000218, 31.90447354320624029, 25.59339015613882395 ) ) ;
#4412 = ORIENTED_EDGE ( 'NONE', *, *, #3169, .F. ) ;
#4413 = ADVANCED_FACE ( 'NONE', ( #4381 ), #4989, .T. ) ;
#4414 = ORIENTED_EDGE ( 'NONE', *, *, #427, .F. ) ;
#4415 = CARTESIAN_POINT ( 'NONE',  ( 9.908091211226080830, 83.96588747730039870, -0.9166540207712660093 ) ) ;
#4416 = CARTESIAN_POINT ( 'NONE',  ( -5.375241788773893248, -6.571438775221459455E-16, 0.000000000000000000 ) ) ;
#4417 = LINE ( 'NONE', #4926, #4272 ) ;
#4418 = CARTESIAN_POINT ( 'NONE',  ( 2.524119756077648269, 89.00178586216262033, 30.39339015613882466 ) ) ;
#4419 = CARTESIAN_POINT ( 'NONE',  ( 0.5241197560778808606, 31.90447354320626872, 25.59339015613882395 ) ) ;
#4420 = EDGE_CURVE ( 'NONE', #5087, #6249, #1118, .T. ) ;
#4421 = ORIENTED_EDGE ( 'NONE', *, *, #6996, .T. ) ;
#4422 = VERTEX_POINT ( 'NONE', #2283 ) ;
#4423 = ORIENTED_EDGE ( 'NONE', *, *, #6675, .T. ) ;
#4424 = FACE_OUTER_BOUND ( 'NONE', #5686, .T. ) ;
#4425 = DIRECTION ( 'NONE',  ( 1.361274163781735362E-06, 0.000000000000000000, 0.9999999999990734079 ) ) ;
#4426 = DIRECTION ( 'NONE',  ( 1.746437689222776575E-16, 0.000000000000000000, -1.000000000000000000 ) ) ;
#4427 = DIRECTION ( 'NONE',  ( 0.000000000000000000, 0.000000000000000000, -1.000000000000000000 ) ) ;
#4428 = EDGE_CURVE ( 'NONE', #5592, #6608, #1841, .T. ) ;
#4429 = EDGE_CURVE ( 'NONE', #2995, #3089, #648, .T. ) ;
#4430 = ORIENTED_EDGE ( 'NONE', *, *, #7141, .T. ) ;
#4431 = CARTESIAN_POINT ( 'NONE',  ( 4.624758211226104088, 22.37879318115072991, 50.00000000000000000 ) ) ;
#4432 = EDGE_LOOP ( 'NONE', ( #5307, #2417, #1301, #353, #2435, #2725 ) ) ;
#4433 = DIRECTION ( 'NONE',  ( -0.9999999999990444310, -1.698444961134278334E-16, -1.382390865693872338E-06 ) ) ;
#4434 = LINE ( 'NONE', #6062, #3409 ) ;
#4435 = CARTESIAN_POINT ( 'NONE',  ( 3.624758211226107640, -6.340670791627874614, 43.35000000000000853 ) ) ;
#4436 = UNCERTAINTY_MEASURE_WITH_UNIT (LENGTH_MEASURE( 1.000000000000000082E-05 ), #4913, 'distance_accuracy_value', 'NONE');
#4437 = EDGE_CURVE ( 'NONE', #6207, #6075, #2380, .T. ) ;
#4438 = ORIENTED_EDGE ( 'NONE', *, *, #980, .F. ) ;
#4439 = CARTESIAN_POINT ( 'NONE',  ( -17.40190320228619925, 83.96588747730039870, -3.455174545975395084 ) ) ;
#4440 = ORIENTED_EDGE ( 'NONE', *, *, #4907, .F. ) ;
#4441 = VECTOR ( 'NONE', #7005, 1000.000000000000000 ) ;
#4442 = CYLINDRICAL_SURFACE ( 'NONE', #4911, 1.000000000000000888 ) ;
#4443 = LINE ( 'NONE', #4955, #4230 ) ;
#4444 = DIRECTION ( 'NONE',  ( -1.637162635542180433E-16, 1.000000000000000000, 7.657177843178876991E-19 ) ) ;
#4445 = AXIS2_PLACEMENT_3D ( 'NONE', #339, #5883, #4210 ) ;
#4446 = CARTESIAN_POINT ( 'NONE',  ( -3.207931051491221819, 88.00178586216263454, -3.455201181230785235 ) ) ;
#4447 = ORIENTED_EDGE ( 'NONE', *, *, #1191, .F. ) ;
#4448 = LINE ( 'NONE', #1699, #6179 ) ;
#4449 = LINE ( 'NONE', #6594, #6522 ) ;
#4450 = AXIS2_PLACEMENT_3D ( 'NONE', #2510, #6705, #117 ) ;
#4451 = LINE ( 'NONE', #6698, #1000 ) ;
#4452 = DIRECTION ( 'NONE',  ( 0.8660254037844404840, -0.4999999999999968359, -3.828588921589414421E-19 ) ) ;
#4453 = EDGE_CURVE ( 'NONE', #5545, #6807, #4020, .T. ) ;
#4454 = CARTESIAN_POINT ( 'NONE',  ( -6.341905647706769678, 96.42998909243814865, 30.39339015613882466 ) ) ;
#4455 = AXIS2_PLACEMENT_3D ( 'NONE', #6871, #1883, #143 ) ;
#4456 = VERTEX_POINT ( 'NONE', #1231 ) ;
#4457 = VERTEX_POINT ( 'NONE', #71 ) ;
#4458 = ADVANCED_FACE ( 'NONE', ( #214 ), #4078, .F. ) ;
#4459 = ORIENTED_EDGE ( 'NONE', *, *, #628, .T. ) ;
#4460 = DIRECTION ( 'NONE',  ( 3.663735981263016583E-15, -1.000000000000000000, 0.000000000000000000 ) ) ;
#4461 = EDGE_CURVE ( 'NONE', #5822, #1077, #2984, .T. ) ;
#4462 = CARTESIAN_POINT ( 'NONE',  ( -3.274325271084361261E-15, 103.9658874773003987, 1.531435568635775321E-17 ) ) ;
#4463 = VECTOR ( 'NONE', #756, 1000.000000000000114 ) ;
#4464 = DIRECTION ( 'NONE',  ( 0.8660254037844404840, -0.4999999999999968914, 0.000000000000000000 ) ) ;
#4465 = FACE_OUTER_BOUND ( 'NONE', #433, .T. ) ;
#4466 = EDGE_CURVE ( 'NONE', #1690, #6187, #720, .T. ) ;
#4467 = ORIENTED_EDGE ( 'NONE', *, *, #4420, .T. ) ;
#4468 = CIRCLE ( 'NONE', #6081, 1.550000000000000488 ) ;
#4469 = LINE ( 'NONE', #1101, #4096 ) ;
#4470 = ORIENTED_EDGE ( 'NONE', *, *, #2056, .T. ) ;
#4471 = VECTOR ( 'NONE', #3105, 1000.000000000000000 ) ;
#4472 = DIRECTION ( 'NONE',  ( 0.000000000000000000, 0.000000000000000000, -1.000000000000000000 ) ) ;
#4473 = LINE ( 'NONE', #2790, #2128 ) ;
#4474 = ADVANCED_FACE ( 'NONE', ( #1335 ), #2834, .T. ) ;
#4475 = CIRCLE ( 'NONE', #5510, 1.050000000000000488 ) ;
#4476 = DIRECTION ( 'NONE',  ( -0.000000000000000000, -0.000000000000000000, -1.000000000000000000 ) ) ;
#4477 = ORIENTED_EDGE ( 'NONE', *, *, #5078, .T. ) ;
#4478 = ADVANCED_FACE ( 'NONE', ( #762 ), #5096, .T. ) ;
#4479 = CIRCLE ( 'NONE', #4832, 4.000000000000000000 ) ;
#4480 = ORIENTED_EDGE ( 'NONE', *, *, #2175, .T. ) ;
#4481 = VECTOR ( 'NONE', #5008, 1000.000000000000000 ) ;
#4482 = CARTESIAN_POINT ( 'NONE',  ( 4.792068948508746651, 88.00178586216263454, 25.59339015613882395 ) ) ;
#4483 = ADVANCED_FACE ( 'NONE', ( #5126 ), #6172, .T. ) ;
#4484 = DIRECTION ( 'NONE',  ( 0.000000000000000000, -7.657177843178876028E-19, 1.000000000000000000 ) ) ;
#4485 = DIRECTION ( 'NONE',  ( 8.145007187700838718E-17, -1.000000000000000000, -0.000000000000000000 ) ) ;
#4486 = VECTOR ( 'NONE', #5570, 1000.000000000000114 ) ;
#4487 = AXIS2_PLACEMENT_3D ( 'NONE', #4389, #5542, #6596 ) ;
#4488 = DIRECTION ( 'NONE',  ( 0.8660254037844368202, 0.5000000000000032196, 3.828588921589462088E-19 ) ) ;
#4489 = VERTEX_POINT ( 'NONE', #1877 ) ;
#4490 = DIRECTION ( 'NONE',  ( 0.000000000000000000, -7.657177843178876028E-19, 1.000000000000000000 ) ) ;
#4491 = LINE ( 'NONE', #5026, #129 ) ;
#4492 = VECTOR ( 'NONE', #1476, 1000.000000000000000 ) ;
#4493 = VECTOR ( 'NONE', #1729, 1000.000000000000000 ) ;
#4494 = DIRECTION ( 'NONE',  ( 0.8660254037844369313, 0.5000000000000029976, 3.828588921589461125E-19 ) ) ;
#4495 = CARTESIAN_POINT ( 'NONE',  ( 7.658094352293177920, 92.96588747730037028, 25.59339015613882395 ) ) ;
#4496 = LINE ( 'NONE', #4454, #4717 ) ;
#4497 = VECTOR ( 'NONE', #6302, 1000.000000000000000 ) ;
#4498 = ORIENTED_EDGE ( 'NONE', *, *, #3102, .F. ) ;
#4499 = ORIENTED_EDGE ( 'NONE', *, *, #2519, .F. ) ;
#4500 = VERTEX_POINT ( 'NONE', #6287 ) ;
#4501 = DIRECTION ( 'NONE',  ( 3.663735981263016583E-15, -1.000000000000000000, -7.657177843178876991E-19 ) ) ;
#4502 = CIRCLE ( 'NONE', #7160, 1.550000000000000266 ) ;
#4503 = CARTESIAN_POINT ( 'NONE',  ( 4.524119756077639387, 92.46588747730038449, -3.455201181230785235 ) ) ;
#4504 = LINE ( 'NONE', #3946, #6795 ) ;
#4505 = ORIENTED_EDGE ( 'NONE', *, *, #3315, .F. ) ;
#4506 = VECTOR ( 'NONE', #2163, 1000.000000000000114 ) ;
#4507 = EDGE_CURVE ( 'NONE', #3440, #6060, #4847, .T. ) ;
#4508 = DIRECTION ( 'NONE',  ( 0.8660254037844368202, 0.5000000000000032196, 3.828588921589462088E-19 ) ) ;
#4509 = ORIENTED_EDGE ( 'NONE', *, *, #2365, .F. ) ;
#4510 = CYLINDRICAL_SURFACE ( 'NONE', #3078, 1.550000000000000488 ) ;
#4511 = CARTESIAN_POINT ( 'NONE',  ( -17.40194335874751985, 79.96588747730037028, 25.59338352060716915 ) ) ;
#4512 = LINE ( 'NONE', #6715, #1783 ) ;
#4513 = ORIENTED_EDGE ( 'NONE', *, *, #4550, .F. ) ;
#4514 = FACE_OUTER_BOUND ( 'NONE', #2544, .T. ) ;
#4515 = ORIENTED_EDGE ( 'NONE', *, *, #1507, .F. ) ;
#4516 = LINE ( 'NONE', #1618, #2702 ) ;
#4517 = DIRECTION ( 'NONE',  ( 0.000000000000000000, 0.000000000000000000, 1.000000000000000000 ) ) ;
#4518 = DIRECTION ( 'NONE',  ( 0.9999999999990444310, -0.000000000000000000, 1.382390865693872338E-06 ) ) ;
#4519 = CARTESIAN_POINT ( 'NONE',  ( -7.475880243922317092, 92.46588747730037028, 30.39339015613882466 ) ) ;
#4520 = EDGE_CURVE ( 'NONE', #4081, #6249, #4114, .T. ) ;
#4521 = EDGE_CURVE ( 'NONE', #4768, #653, #5769, .T. ) ;
#4522 = EDGE_LOOP ( 'NONE', ( #554, #6599, #4746, #4686 ) ) ;
#4523 = DIRECTION ( 'NONE',  ( -0.5000000000000032196, 0.8660254037844368202, 6.631310533488228364E-19 ) ) ;
#4524 = EDGE_CURVE ( 'NONE', #1267, #1110, #1185, .T. ) ;
#4525 = ORIENTED_EDGE ( 'NONE', *, *, #573, .T. ) ;
#4526 = LINE ( 'NONE', #3965, #4620 ) ;
#4527 = DIRECTION ( 'NONE',  ( -0.8660254037844368202, -0.5000000000000032196, -3.828588921589462570E-19 ) ) ;
#4528 = CARTESIAN_POINT ( 'NONE',  ( -9.475880243922304658, 94.92998909243813443, 30.39339015613882466 ) ) ;
#4529 = ORIENTED_EDGE ( 'NONE', *, *, #3987, .T. ) ;
#4530 = ORIENTED_EDGE ( 'NONE', *, *, #3976, .F. ) ;
#4531 = ORIENTED_EDGE ( 'NONE', *, *, #5607, .T. ) ;
#4532 = EDGE_CURVE ( 'NONE', #3796, #4183, #3416, .T. ) ;
#4533 = VERTEX_POINT ( 'NONE', #5637 ) ;
#4534 = DIRECTION ( 'NONE',  ( -1.091152692702142892E-32, 1.339658354568195596E-16, -1.000000000000000000 ) ) ;
#4535 = CARTESIAN_POINT ( 'NONE',  ( -13.72124990694746849, 76.31311623737150285, 25.59339015613882395 ) ) ;
#4536 = DIRECTION ( 'NONE',  ( -0.000000000000000000, -0.000000000000000000, -1.000000000000000000 ) ) ;
#4537 = ORIENTED_EDGE ( 'NONE', *, *, #5937, .F. ) ;
#4538 = DIRECTION ( 'NONE',  ( -0.8660254037844407060, 0.4999999999999965583, 0.000000000000000000 ) ) ;
#4539 = ORIENTED_EDGE ( 'NONE', *, *, #5629, .F. ) ;
#4540 = EDGE_LOOP ( 'NONE', ( #6084, #4192, #5557, #2900 ) ) ;
#4541 = DIRECTION ( 'NONE',  ( -3.303469305462222005E-12, 0.000000000000000000, -1.000000000000000000 ) ) ;
#4542 = EDGE_CURVE ( 'NONE', #4228, #1503, #2870, .T. ) ;
#4543 = FACE_OUTER_BOUND ( 'NONE', #3568, .T. ) ;
#4544 = DIRECTION ( 'NONE',  ( 0.8660254037844368202, 0.5000000000000032196, 3.828588921589462088E-19 ) ) ;
#4545 = CARTESIAN_POINT ( 'NONE',  ( -7.141907714210901759, 83.96588747730039870, 1.733346180468747555 ) ) ;
#4546 = EDGE_CURVE ( 'NONE', #2761, #1609, #4556, .T. ) ;
#4547 = ORIENTED_EDGE ( 'NONE', *, *, #849, .F. ) ;
#4548 = VERTEX_POINT ( 'NONE', #319 ) ;
#4549 = CARTESIAN_POINT ( 'NONE',  ( -3.207931051491221819, 89.00178586216263454, -3.455201181230785235 ) ) ;
#4550 = EDGE_CURVE ( 'NONE', #6263, #2327, #3094, .T. ) ;
#4551 = ORIENTED_EDGE ( 'NONE', *, *, #980, .T. ) ;
#4552 = CARTESIAN_POINT ( 'NONE',  ( 9.224758211226104621, 2.386298900080695340, 0.000000000000000000 ) ) ;
#4553 =( BOUNDED_CURVE ( )  B_SPLINE_CURVE ( 3, ( #6014, #1625, #6116, #3830 ),
 .UNSPECIFIED., .F., .F. ) 
 B_SPLINE_CURVE_WITH_KNOTS ( ( 4, 4 ),
 ( 1.570796326794896780, 3.141592653589793560 ),
 .UNSPECIFIED. ) 
 CURVE ( )  GEOMETRIC_REPRESENTATION_ITEM ( )  RATIONAL_B_SPLINE_CURVE ( ( 1.000000000000000000, 0.8047378541243649375, 0.8047378541243649375, 1.000000000000000000 ) ) 
 REPRESENTATION_ITEM ( '' )  );
#4554 = ADVANCED_FACE ( 'NONE', ( #3054, #6939, #1990, #1956, #3604, #6904 ), #3127, .F. ) ;
#4555 = CYLINDRICAL_SURFACE ( 'NONE', #7009, 1.550000000000000266 ) ;
#4556 = LINE ( 'NONE', #3017, #166 ) ;
#4557 = CARTESIAN_POINT ( 'NONE',  ( 6.524119756077632282, 89.00178586216263454, 30.39339015613882466 ) ) ;
#4558 = VECTOR ( 'NONE', #7172, 1000.000000000000000 ) ;
#4559 = ORIENTED_EDGE ( 'NONE', *, *, #785, .T. ) ;
#4560 = FACE_BOUND ( 'NONE', #3497, .T. ) ;
#4561 = ORIENTED_EDGE ( 'NONE', *, *, #2828, .F. ) ;
#4562 = CARTESIAN_POINT ( 'NONE',  ( -7.374235094193059226, 2.386298900080692231, 50.00000000000000000 ) ) ;
#4563 = FACE_OUTER_BOUND ( 'NONE', #4169, .T. ) ;
#4564 = CARTESIAN_POINT ( 'NONE',  ( 59.04812727106966008, 52.40086587357522774, 9.541727490783596824E-05 ) ) ;
#4565 = VERTEX_POINT ( 'NONE', #2569 ) ;
#4566 = VERTEX_POINT ( 'NONE', #2503 ) ;
#4567 = VERTEX_POINT ( 'NONE', #5897 ) ;
#4568 = ORIENTED_EDGE ( 'NONE', *, *, #3144, .T. ) ;
#4569 = VECTOR ( 'NONE', #5934, 1000.000000000000114 ) ;
#4570 = DIRECTION ( 'NONE',  ( 1.000000000000000000, 1.637162635542180433E-16, 0.000000000000000000 ) ) ;
#4571 = CARTESIAN_POINT ( 'NONE',  ( 9.658094352293167262, 96.42998909243814865, 30.39339015613882466 ) ) ;
#4572 = FACE_OUTER_BOUND ( 'NONE', #5582, .T. ) ;
#4573 = ADVANCED_FACE ( 'NONE', ( #929 ), #245, .F. ) ;
#4574 = DIRECTION ( 'NONE',  ( 1.000000000000000000, 0.000000000000000000, 0.000000000000000000 ) ) ;
#4575 = VECTOR ( 'NONE', #3496, 1000.000000000000000 ) ;
#4576 = EDGE_CURVE ( 'NONE', #1634, #3368, #6435, .T. ) ;
#4577 = ORIENTED_EDGE ( 'NONE', *, *, #5061, .F. ) ;
#4578 = ADVANCED_FACE ( 'NONE', ( #1508 ), #5346, .F. ) ;
#4579 = DIRECTION ( 'NONE',  ( -1.698444961135901415E-16, 1.000000000000000000, 0.000000000000000000 ) ) ;
#4580 = ORIENTED_EDGE ( 'NONE', *, *, #202, .T. ) ;
#4581 = DIRECTION ( 'NONE',  ( -1.637162635542180680E-16, 1.000000000000000000, 0.000000000000000000 ) ) ;
#4582 = LINE ( 'NONE', #1830, #4609 ) ;
#4583 = CARTESIAN_POINT ( 'NONE',  ( 16.71812600482342503, 79.96588747730039870, 21.59337884695766263 ) ) ;
#4584 = CARTESIAN_POINT ( 'NONE',  ( 2.792068948508754200, 92.46588747730038449, -3.455201181230785235 ) ) ;
#4585 = CARTESIAN_POINT ( 'NONE',  ( -16.40192070901316868, 44.61588747730039017, 9.208919501491093840 ) ) ;
#4586 = AXIS2_PLACEMENT_3D ( 'NONE', #2679, #20, #601 ) ;
#4587 = ORIENTED_EDGE ( 'NONE', *, *, #4253, .F. ) ;
#4588 = ORIENTED_EDGE ( 'NONE', *, *, #2111, .T. ) ;
#4589 = CARTESIAN_POINT ( 'NONE',  ( 9.658094352293174367, 94.42998909243814865, 30.39339015613882466 ) ) ;
#4590 = ORIENTED_EDGE ( 'NONE', *, *, #2937, .T. ) ;
#4591 = VECTOR ( 'NONE', #2453, 1000.000000000000114 ) ;
#4592 = CARTESIAN_POINT ( 'NONE',  ( 4.624758211226102311, 23.68429699879671091, 25.59340813070138765 ) ) ;
#4593 = CARTESIAN_POINT ( 'NONE',  ( -0.3752417887738929148, 2.386298900080694452, 43.35000000000000853 ) ) ;
#4594 = CARTESIAN_POINT ( 'NONE',  ( -7.141907714210884883, -14.07277949271606943, 1.733346180468747555 ) ) ;
#4595 = VECTOR ( 'NONE', #5379, 1000.000000000000000 ) ;
#4596 = AXIS2_PLACEMENT_3D ( 'NONE', #127, #4472, #5665 ) ;
#4597 = VERTEX_POINT ( 'NONE', #4187 ) ;
#4598 = LINE ( 'NONE', #652, #4575 ) ;
#4599 = EDGE_CURVE ( 'NONE', #813, #538, #1475, .T. ) ;
#4600 = ORIENTED_EDGE ( 'NONE', *, *, #692, .T. ) ;
#4601 = VERTEX_POINT ( 'NONE', #4157 ) ;
#4602 = VECTOR ( 'NONE', #3171, 1000.000000000000000 ) ;
#4603 = VECTOR ( 'NONE', #3388, 1000.000000000000114 ) ;
#4604 = LINE ( 'NONE', #4673, #2749 ) ;
#4605 = DIRECTION ( 'NONE',  ( 3.663735981263016583E-15, -1.000000000000000000, -7.657177843178876991E-19 ) ) ;
#4606 = CARTESIAN_POINT ( 'NONE',  ( -5.475880243922321533, 94.92998909243813443, 25.59339015613882395 ) ) ;
#4607 = VERTEX_POINT ( 'NONE', #6505 ) ;
#4608 = ORIENTED_EDGE ( 'NONE', *, *, #4777, .F. ) ;
#4609 = VECTOR ( 'NONE', #2928, 1000.000000000000114 ) ;
#4610 = CARTESIAN_POINT ( 'NONE',  ( 2.524119756077852994, 31.90447354320627582, 25.59339015613882395 ) ) ;
#4611 = VECTOR ( 'NONE', #5762, 999.9999999999998863 ) ;
#4612 = FACE_OUTER_BOUND ( 'NONE', #2355, .T. ) ;
#4613 = CARTESIAN_POINT ( 'NONE',  ( 10.52411975607761541, 89.00178586216263454, 30.39339015613882466 ) ) ;
#4614 = LINE ( 'NONE', #1786, #4497 ) ;
#4615 = AXIS2_PLACEMENT_3D ( 'NONE', #5944, #3656, #1526 ) ;
#4616 = CARTESIAN_POINT ( 'NONE',  ( -9.475880243922304658, 89.00178586216263454, -3.455201181230785235 ) ) ;
#4617 = VERTEX_POINT ( 'NONE', #3745 ) ;
#4618 = EDGE_CURVE ( 'NONE', #1077, #3516, #901, .T. ) ;
#4619 = DIRECTION ( 'NONE',  ( 0.000000000000000000, -7.657177843178876028E-19, 1.000000000000000000 ) ) ;
#4620 = VECTOR ( 'NONE', #2950, 1000.000000000000114 ) ;
#4621 = EDGE_CURVE ( 'NONE', #4228, #2052, #6396, .T. ) ;
#4622 = ORIENTED_EDGE ( 'NONE', *, *, #5086, .T. ) ;
#4623 = ORIENTED_EDGE ( 'NONE', *, *, #3634, .F. ) ;
#4624 = EDGE_CURVE ( 'NONE', #1241, #4566, #350, .T. ) ;
#4625 = FACE_OUTER_BOUND ( 'NONE', #5917, .T. ) ;
#4626 = DIRECTION ( 'NONE',  ( 0.8660254037844369313, 0.5000000000000029976, 0.000000000000000000 ) ) ;
#4627 = DIRECTION ( 'NONE',  ( -1.000000000000000000, 0.000000000000000000, 0.000000000000000000 ) ) ;
#4628 = CARTESIAN_POINT ( 'NONE',  ( -3.475880243922327306, 92.46588747730037028, 30.39339015613882466 ) ) ;
#4629 = CYLINDRICAL_SURFACE ( 'NONE', #1083, 9.599999999999997868 ) ;
#4630 = ORIENTED_EDGE ( 'NONE', *, *, #3715, .T. ) ;
#4631 = ORIENTED_EDGE ( 'NONE', *, *, #4658, .T. ) ;
#4632 = CARTESIAN_POINT ( 'NONE',  ( 0.7920689485087627491, 94.92998909243814865, 30.39339015613882466 ) ) ;
#4633 = ORIENTED_EDGE ( 'NONE', *, *, #3052, .F. ) ;
#4634 = DIRECTION ( 'NONE',  ( 1.743183750392613113E-12, -2.198005960303682819E-25, -1.000000000000000000 ) ) ;
#4635 = CARTESIAN_POINT ( 'NONE',  ( 9.908091211226080830, 79.96588747730039870, -0.9166540207712660093 ) ) ;
#4636 = DIRECTION ( 'NONE',  ( 1.000000000000000000, 0.000000000000000000, 0.000000000000000000 ) ) ;
#4637 = EDGE_LOOP ( 'NONE', ( #5873, #4862, #5729 ) ) ;
#4638 = DIRECTION ( 'NONE',  ( 0.000000000000000000, 0.000000000000000000, -1.000000000000000000 ) ) ;
#4639 = ORIENTED_EDGE ( 'NONE', *, *, #12, .T. ) ;
#4640 = ORIENTED_EDGE ( 'NONE', *, *, #1700, .T. ) ;
#4641 = DIRECTION ( 'NONE',  ( -0.8660254037844369313, -0.5000000000000029976, -3.828588921589461125E-19 ) ) ;
#4642 = EDGE_CURVE ( 'NONE', #5094, #1036, #6202, .T. ) ;
#4643 = CARTESIAN_POINT ( 'NONE',  ( -2.341905647706778115, 94.42998909243814865, 25.59339015613882395 ) ) ;
#4644 = DIRECTION ( 'NONE',  ( 0.000000000000000000, -7.657177843178876028E-19, 1.000000000000000000 ) ) ;
#4645 = ORIENTED_EDGE ( 'NONE', *, *, #1387, .T. ) ;
#4646 = ORIENTED_EDGE ( 'NONE', *, *, #5524, .F. ) ;
#4647 = EDGE_LOOP ( 'NONE', ( #5115, #5176, #1860, #1259 ) ) ;
#4648 = DIRECTION ( 'NONE',  ( 0.5000000000000029976, -0.8660254037844369313, -6.631310533488230290E-19 ) ) ;
#4649 = LINE ( 'NONE', #6190, #78 ) ;
#4650 = FACE_BOUND ( 'NONE', #651, .T. ) ;
#4651 = EDGE_CURVE ( 'NONE', #2703, #4861, #2610, .T. ) ;
#4652 = DIRECTION ( 'NONE',  ( -0.8660254037844368202, -0.5000000000000032196, -3.828588921589462570E-19 ) ) ;
#4653 = ORIENTED_EDGE ( 'NONE', *, *, #5232, .F. ) ;
#4654 = CARTESIAN_POINT ( 'NONE',  ( -9.975241788773892893, 2.386298900080692675, 50.00000000000000000 ) ) ;
#4655 = ORIENTED_EDGE ( 'NONE', *, *, #4782, .T. ) ;
#4656 = ORIENTED_EDGE ( 'NONE', *, *, #4058, .F. ) ;
#4657 = DIRECTION ( 'NONE',  ( -0.8660254037844369313, -0.5000000000000029976, -3.828588921589461125E-19 ) ) ;
#4658 = EDGE_CURVE ( 'NONE', #1014, #4533, #864, .T. ) ;
#4659 = DIRECTION ( 'NONE',  ( -1.000000000000000000, 0.000000000000000000, 0.000000000000000000 ) ) ;
#4660 = CARTESIAN_POINT ( 'NONE',  ( -17.40190320229004328, 79.96588747730039870, -3.455171764352540364 ) ) ;
#4661 = ORIENTED_EDGE ( 'NONE', *, *, #1346, .F. ) ;
#4662 = EDGE_LOOP ( 'NONE', ( #5393, #6130, #1793, #451 ) ) ;
#4663 = CARTESIAN_POINT ( 'NONE',  ( 16.71810914617705279, 44.61588747730039017, 9.208918140216930226 ) ) ;
#4664 = VERTEX_POINT ( 'NONE', #4809 ) ;
#4665 = EDGE_CURVE ( 'NONE', #2703, #4941, #7010, .T. ) ;
#4666 = CARTESIAN_POINT ( 'NONE',  ( 59.04812727106966008, 44.61588747730039017, 9.541727490783596824E-05 ) ) ;
#4667 = ADVANCED_FACE ( 'NONE', ( #7054 ), #2066, .F. ) ;
#4668 = CARTESIAN_POINT ( 'NONE',  ( 8.900377905283077595, 82.06588747730039302, 20.48643130160573378 ) ) ;
#4669 = ORIENTED_EDGE ( 'NONE', *, *, #6500, .T. ) ;
#4670 = DIRECTION ( 'NONE',  ( 3.330669073875469621E-15, -1.000000000000000000, -7.657177843178876028E-19 ) ) ;
#4671 = ORIENTED_EDGE ( 'NONE', *, *, #6675, .F. ) ;
#4672 = VERTEX_POINT ( 'NONE', #965 ) ;
#4673 = CARTESIAN_POINT ( 'NONE',  ( -2.341905647706778115, 94.42998909243814865, -3.455201181230785235 ) ) ;
#4674 = CARTESIAN_POINT ( 'NONE',  ( -0.3419056477067857758, 92.96588747730038449, 30.39339015613882466 ) ) ;
#4675 = CARTESIAN_POINT ( 'NONE',  ( -7.207931051491207164, 89.00178586216263454, -3.455201181230785235 ) ) ;
#4676 = ORIENTED_EDGE ( 'NONE', *, *, #4466, .F. ) ;
#4677 = VERTEX_POINT ( 'NONE', #6612 ) ;
#4678 = EDGE_LOOP ( 'NONE', ( #5830, #5463, #4065, #2659 ) ) ;
#4679 = VECTOR ( 'NONE', #5951, 1000.000000000000000 ) ;
#4680 = DIRECTION ( 'NONE',  ( 0.000000000000000000, -7.657177843178876028E-19, 1.000000000000000000 ) ) ;
#4681 = LINE ( 'NONE', #6926, #4138 ) ;
#4682 = AXIS2_PLACEMENT_3D ( 'NONE', #3165, #871, #5386 ) ;
#4683 = ORIENTED_EDGE ( 'NONE', *, *, #3571, .F. ) ;
#4684 = PLANE ( 'NONE',  #17 ) ;
#4685 = EDGE_CURVE ( 'NONE', #2331, #6362, #4403, .T. ) ;
#4686 = ORIENTED_EDGE ( 'NONE', *, *, #4236, .T. ) ;
#4687 = ORIENTED_EDGE ( 'NONE', *, *, #2461, .F. ) ;
#4688 = LINE ( 'NONE', #4066, #884 ) ;
#4689 = AXIS2_PLACEMENT_3D ( 'NONE', #33, #3318, #4921 ) ;
#4690 = DIRECTION ( 'NONE',  ( 1.000000000000000000, 0.000000000000000000, 0.000000000000000000 ) ) ;
#4691 = ADVANCED_FACE ( 'NONE', ( #3343 ), #5556, .F. ) ;
#4692 = FACE_OUTER_BOUND ( 'NONE', #791, .T. ) ;
#4693 = CARTESIAN_POINT ( 'NONE',  ( -12.40190417009393364, 83.96588747730039870, -3.455167634022405565 ) ) ;
#4694 = EDGE_LOOP ( 'NONE', ( #2874, #1871, #5106, #7190 ) ) ;
#4695 = ORIENTED_EDGE ( 'NONE', *, *, #5658, .T. ) ;
#4696 = CARTESIAN_POINT ( 'NONE',  ( 10.25809121979610516, 83.96588747730039870, 1.733345955238746239 ) ) ;
#4697 = ORIENTED_EDGE ( 'NONE', *, *, #4576, .F. ) ;
#4698 = CARTESIAN_POINT ( 'NONE',  ( -8.341905647706754579, 90.96588747730038449, -3.455201181230785235 ) ) ;
#4699 = VECTOR ( 'NONE', #4634, 1000.000000000000000 ) ;
#4700 = DIRECTION ( 'NONE',  ( 0.8660254037844404840, -0.4999999999999968359, -3.828588921589414421E-19 ) ) ;
#4701 = ADVANCED_FACE ( 'NONE', ( #4982 ), #431, .T. ) ;
#4702 = DIRECTION ( 'NONE',  ( 0.8660254037844404840, -0.4999999999999968914, 0.000000000000000000 ) ) ;
#4703 = ORIENTED_EDGE ( 'NONE', *, *, #450, .F. ) ;
#4704 = FACE_OUTER_BOUND ( 'NONE', #4678, .T. ) ;
#4705 = ORIENTED_EDGE ( 'NONE', *, *, #6556, .F. ) ;
#4706 = CIRCLE ( 'NONE', #6440, 1.000000000000000888 ) ;
#4707 = EDGE_CURVE ( 'NONE', #4983, #1681, #861, .T. ) ;
#4708 = ORIENTED_EDGE ( 'NONE', *, *, #1387, .F. ) ;
#4709 = LINE ( 'NONE', #6915, #3998 ) ;
#4710 = DIRECTION ( 'NONE',  ( 0.4999999999999965583, 0.8660254037844407060, 6.631310533488258216E-19 ) ) ;
#4711 = VECTOR ( 'NONE', #3114, 1000.000000000000000 ) ;
#4712 = VECTOR ( 'NONE', #93, 1000.000000000000000 ) ;
#4713 = FACE_OUTER_BOUND ( 'NONE', #2446, .T. ) ;
#4714 = ORIENTED_EDGE ( 'NONE', *, *, #4405, .F. ) ;
#4715 = ORIENTED_EDGE ( 'NONE', *, *, #6640, .F. ) ;
#4716 = LINE ( 'NONE', #4610, #1627 ) ;
#4717 = VECTOR ( 'NONE', #1670, 1000.000000000000000 ) ;
#4718 = AXIS2_PLACEMENT_3D ( 'NONE', #5476, #7077, #2599 ) ;
#4719 = DIRECTION ( 'NONE',  ( 0.9999999999993126609, 1.637162644519080543E-16, -1.172497940839745224E-06 ) ) ;
#4720 = CARTESIAN_POINT ( 'NONE',  ( -8.145007187700838965E-16, 2.684296998796706912, 0.000000000000000000 ) ) ;
#4721 = AXIS2_PLACEMENT_3D ( 'NONE', #4594, #795, #181 ) ;
#4722 = VECTOR ( 'NONE', #262, 1000.000000000000000 ) ;
#4723 = ORIENTED_EDGE ( 'NONE', *, *, #3126, .T. ) ;
#4724 = CARTESIAN_POINT ( 'NONE',  ( 0.7920689485087619719, 88.00178586216263454, 25.59339015613882395 ) ) ;
#4725 = VERTEX_POINT ( 'NONE', #6680 ) ;
#4726 = AXIS2_PLACEMENT_3D ( 'NONE', #6707, #2783, #1713 ) ;
#4727 = DIRECTION ( 'NONE',  ( 0.8660254037844369313, 0.5000000000000029976, 0.000000000000000000 ) ) ;
#4728 = CARTESIAN_POINT ( 'NONE',  ( -8.924235094193058160, 2.386298900080692231, 50.00000000000000000 ) ) ;
#4729 = LINE ( 'NONE', #5229, #4003 ) ;
#4730 = CARTESIAN_POINT ( 'NONE',  ( -9.475880243922304658, 89.00178586216262033, 30.39339015613882466 ) ) ;
#4731 = EDGE_CURVE ( 'NONE', #4121, #3058, #2484, .T. ) ;
#4732 = ORIENTED_EDGE ( 'NONE', *, *, #5903, .T. ) ;
#4733 = CIRCLE ( 'NONE', #5073, 1.550000000000000266 ) ;
#4734 = VERTEX_POINT ( 'NONE', #1649 ) ;
#4735 = CARTESIAN_POINT ( 'NONE',  ( -1.207931051491223373, 92.46588747730038449, 30.39339015613882466 ) ) ;
#4736 = ORIENTED_EDGE ( 'NONE', *, *, #6830, .T. ) ;
#4737 = VECTOR ( 'NONE', #3228, 1000.000000000000114 ) ;
#4738 = CARTESIAN_POINT ( 'NONE',  ( 0.7920689485089535964, 31.90447354320627582, 25.59339015613882395 ) ) ;
#4739 = ADVANCED_FACE ( 'NONE', ( #6063 ), #3819, .F. ) ;
#4740 = CARTESIAN_POINT ( 'NONE',  ( -20.58727531073195038, 88.20542108278475268, 25.59339015613882395 ) ) ;
#4741 = FACE_BOUND ( 'NONE', #5799, .T. ) ;
#4742 = ORIENTED_EDGE ( 'NONE', *, *, #157, .F. ) ;
#4743 = PLANE ( 'NONE',  #6304 ) ;
#4744 = EDGE_LOOP ( 'NONE', ( #4761, #2324 ) ) ;
#4745 = DIRECTION ( 'NONE',  ( -0.000000000000000000, -0.000000000000000000, 1.000000000000000000 ) ) ;
#4746 = ORIENTED_EDGE ( 'NONE', *, *, #3897, .T. ) ;
#4747 = DIRECTION ( 'NONE',  ( 3.330669073875469621E-15, -1.000000000000000000, -7.657177843178876028E-19 ) ) ;
#4748 = FACE_OUTER_BOUND ( 'NONE', #4637, .T. ) ;
#4749 = ADVANCED_FACE ( 'NONE', ( #3881 ), #5484, .T. ) ;
#4750 = CARTESIAN_POINT ( 'NONE',  ( -11.64190878877393232, 83.96588747730039870, -0.9166540207712658983 ) ) ;
#4751 = EDGE_CURVE ( 'NONE', #4959, #3393, #6785, .T. ) ;
#4752 = DIRECTION ( 'NONE',  ( 1.000000000000000000, 0.000000000000000000, 0.000000000000000000 ) ) ;
#4753 = VERTEX_POINT ( 'NONE', #2680 ) ;
#4754 = ORIENTED_EDGE ( 'NONE', *, *, #1104, .F. ) ;
#4755 = CARTESIAN_POINT ( 'NONE',  ( -3.207931051491222707, 94.92998909243814865, 30.39339015613882466 ) ) ;
#4756 = CARTESIAN_POINT ( 'NONE',  ( -4.375241788773892360, 2.386298900080694896, -3.455201181230785235 ) ) ;
#4757 = CARTESIAN_POINT ( 'NONE',  ( -6.341905647706762572, 87.50178586216263454, -3.455201181230785235 ) ) ;
#4758 = DIRECTION ( 'NONE',  ( 1.382390866201455773E-06, 0.000000000000000000, -0.9999999999990444310 ) ) ;
#4759 = CARTESIAN_POINT ( 'NONE',  ( 4.792068948508746651, 95.92998909243814865, 30.39339015613882466 ) ) ;
#4760 = EDGE_CURVE ( 'NONE', #4883, #1653, #6101, .T. ) ;
#4761 = ORIENTED_EDGE ( 'NONE', *, *, #1700, .F. ) ;
#4762 = CARTESIAN_POINT ( 'NONE',  ( 0.5241197560776622577, 91.46588747730037028, -3.455201181230785235 ) ) ;
#4763 = VERTEX_POINT ( 'NONE', #3238 ) ;
#4764 = DIRECTION ( 'NONE',  ( 0.000000000000000000, 0.000000000000000000, -1.000000000000000000 ) ) ;
#4765 = CARTESIAN_POINT ( 'NONE',  ( -9.541908788773930894, 83.96588747730039870, -0.9166540207712660093 ) ) ;
#4766 = LINE ( 'NONE', #997, #6092 ) ;
#4767 = CARTESIAN_POINT ( 'NONE',  ( 11.71809190687725710, 83.96588747730039870, -3.455169374859968112 ) ) ;
#4768 = VERTEX_POINT ( 'NONE', #4435 ) ;
#4769 = ORIENTED_EDGE ( 'NONE', *, *, #2165, .T. ) ;
#4770 = CARTESIAN_POINT ( 'NONE',  ( 16.71813144998272094, 52.40086587357522774, 25.59342484847008947 ) ) ;
#4771 = ORIENTED_EDGE ( 'NONE', *, *, #200, .T. ) ;
#4772 = ADVANCED_FACE ( 'NONE', ( #3303 ), #2791, .T. ) ;
#4773 = LINE ( 'NONE', #4738, #3536 ) ;
#4774 = ADVANCED_FACE ( 'NONE', ( #6579 ), #6001, .F. ) ;
#4775 = CARTESIAN_POINT ( 'NONE',  ( -17.72124990694750579, 83.24131946764701695, 25.59339015613882395 ) ) ;
#4776 = DIRECTION ( 'NONE',  ( 0.000000000000000000, -1.000000000000000000, 0.000000000000000000 ) ) ;
#4777 = EDGE_CURVE ( 'NONE', #657, #2180, #3784, .T. ) ;
#4778 = VERTEX_POINT ( 'NONE', #2233 ) ;
#4779 = PLANE ( 'NONE',  #1892 ) ;
#4780 = ORIENTED_EDGE ( 'NONE', *, *, #6339, .T. ) ;
#4781 = LINE ( 'NONE', #4271, #5140 ) ;
#4782 = EDGE_CURVE ( 'NONE', #1368, #345, #5453, .T. ) ;
#4783 = LINE ( 'NONE', #3646, #5619 ) ;
#4784 = CARTESIAN_POINT ( 'NONE',  ( -17.40193782918062482, 79.96588747730039870, 21.59338103584048341 ) ) ;
#4785 = CARTESIAN_POINT ( 'NONE',  ( 5.658094352293184137, 89.50178586216263454, -3.455201181230785235 ) ) ;
#4786 = LINE ( 'NONE', #4308, #2491 ) ;
#4787 = EDGE_LOOP ( 'NONE', ( #1028, #3710, #6394, #4723 ) ) ;
#4788 = ORIENTED_EDGE ( 'NONE', *, *, #3916, .T. ) ;
#4789 = DIRECTION ( 'NONE',  ( 3.330669073875469621E-15, -1.000000000000000000, -7.657177843178876028E-19 ) ) ;
#4790 = DIRECTION ( 'NONE',  ( -2.891205793294675861E-16, 0.000000000000000000, -1.000000000000000000 ) ) ;
#4791 = LINE ( 'NONE', #946, #5530 ) ;
#4792 = DIRECTION ( 'NONE',  ( 0.000000000000000000, -7.657177843178876028E-19, 1.000000000000000000 ) ) ;
#4793 = LINE ( 'NONE', #410, #2371 ) ;
#4794 = ORIENTED_EDGE ( 'NONE', *, *, #4546, .T. ) ;
#4795 = LINE ( 'NONE', #6997, #3629 ) ;
#4796 = ORIENTED_EDGE ( 'NONE', *, *, #5211, .F. ) ;
#4797 = EDGE_CURVE ( 'NONE', #7103, #6307, #3269, .T. ) ;
#4798 = CARTESIAN_POINT ( 'NONE',  ( -17.40190320228619569, 79.96588747730039870, 30.39339015613882466 ) ) ;
#4799 = DIRECTION ( 'NONE',  ( -1.637162635542180433E-16, 1.000000000000000000, 7.657177843178876991E-19 ) ) ;
#4800 = EDGE_CURVE ( 'NONE', #5703, #3874, #753, .T. ) ;
#4801 = CARTESIAN_POINT ( 'NONE',  ( 11.71809752833263651, 44.61588747730039017, 1.531747096758771409 ) ) ;
#4802 = FACE_OUTER_BOUND ( 'NONE', #3971, .T. ) ;
#4803 = AXIS2_PLACEMENT_3D ( 'NONE', #5620, #6459, #3036 ) ;
#4804 = ORIENTED_EDGE ( 'NONE', *, *, #2765, .F. ) ;
#4805 = DIRECTION ( 'NONE',  ( -0.8660254037844368202, -0.5000000000000032196, 0.000000000000000000 ) ) ;
#4806 = ORIENTED_EDGE ( 'NONE', *, *, #6348, .T. ) ;
#4807 = CIRCLE ( 'NONE', #5254, 1.550000000000000266 ) ;
#4808 = CARTESIAN_POINT ( 'NONE',  ( 10.52411975607761541, 94.92998909243813443, -3.455201181230785235 ) ) ;
#4809 = CARTESIAN_POINT ( 'NONE',  ( 1.658094352293200346, 96.42998909243813443, 25.59339015613882395 ) ) ;
#4810 = AXIS2_PLACEMENT_3D ( 'NONE', #4415, #1624, #508 ) ;
#4811 = DIRECTION ( 'NONE',  ( -3.330669073875469621E-15, 1.000000000000000000, 7.657177843178876991E-19 ) ) ;
#4812 = ORIENTED_EDGE ( 'NONE', *, *, #4964, .T. ) ;
#4813 = LINE ( 'NONE', #5965, #3753 ) ;
#4814 = ORIENTED_EDGE ( 'NONE', *, *, #5086, .F. ) ;
#4815 = DIRECTION ( 'NONE',  ( 1.000000000000000000, 0.000000000000000000, 0.000000000000000000 ) ) ;
#4816 = AXIS2_PLACEMENT_3D ( 'NONE', #434, #2069, #3163 ) ;
#4817 = LINE ( 'NONE', #875, #5980 ) ;
#4818 = LINE ( 'NONE', #1378, #6457 ) ;
#4819 = CARTESIAN_POINT ( 'NONE',  ( 16.71809190687262614, 79.96588747730037028, -3.455176181230787069 ) ) ;
#4820 = ADVANCED_FACE ( 'NONE', ( #6206 ), #1257, .T. ) ;
#4821 = VECTOR ( 'NONE', #1474, 1000.000000000000000 ) ;
#4822 = EDGE_LOOP ( 'NONE', ( #2293, #1672 ) ) ;
#4823 = DIRECTION ( 'NONE',  ( 0.8660254037844407060, -0.4999999999999965583, -3.828588921589411533E-19 ) ) ;
#4824 = FACE_BOUND ( 'NONE', #2360, .T. ) ;
#4825 = VECTOR ( 'NONE', #6038, 1000.000000000000000 ) ;
#4826 = VECTOR ( 'NONE', #4747, 1000.000000000000000 ) ;
#4827 = DIRECTION ( 'NONE',  ( 0.000000000000000000, -1.000000000000000000, -7.657177843178876028E-19 ) ) ;
#4828 = LINE ( 'NONE', #1974, #637 ) ;
#4829 = PLANE ( 'NONE',  #3306 ) ;
#4830 = VERTEX_POINT ( 'NONE', #61 ) ;
#4831 = VERTEX_POINT ( 'NONE', #3487 ) ;
#4832 = AXIS2_PLACEMENT_3D ( 'NONE', #3952, #5091, #2384 ) ;
#4833 = DIRECTION ( 'NONE',  ( -1.382390865364280383E-06, -6.938889593520169817E-15, 0.9999999999990444310 ) ) ;
#4834 = PLANE ( 'NONE',  #5309 ) ;
#4835 = CARTESIAN_POINT ( 'NONE',  ( 1.174758211226108351, -4.613701099919306436, 6.649999999999995914 ) ) ;
#4836 = AXIS2_PLACEMENT_3D ( 'NONE', #4167, #6261, #731 ) ;
#4837 = CARTESIAN_POINT ( 'NONE',  ( -8.784195484509885077, -14.07277949271606943, 20.48643130160574799 ) ) ;
#4838 = CARTESIAN_POINT ( 'NONE',  ( -2.341905647706783888, 89.50178586216263454, 30.39339015613882466 ) ) ;
#4839 = VECTOR ( 'NONE', #4051, 1000.000000000000000 ) ;
#4840 = ADVANCED_FACE ( 'NONE', ( #5700 ), #4629, .T. ) ;
#4841 = EDGE_LOOP ( 'NONE', ( #5225, #1188, #1088, #7105 ) ) ;
#4842 = ADVANCED_FACE ( 'NONE', ( #2865 ), #3450, .T. ) ;
#4843 = DIRECTION ( 'NONE',  ( 0.000000000000000000, -7.657177843178876028E-19, 1.000000000000000000 ) ) ;
#4844 = EDGE_CURVE ( 'NONE', #4456, #3034, #2826, .T. ) ;
#4845 = VECTOR ( 'NONE', #4225, 1000.000000000000000 ) ;
#4846 = ORIENTED_EDGE ( 'NONE', *, *, #1982, .F. ) ;
#4847 = CIRCLE ( 'NONE', #3675, 1.050000000000000488 ) ;
#4848 = DIRECTION ( 'NONE',  ( 8.145007187700838718E-17, -1.000000000000000000, 0.000000000000000000 ) ) ;
#4849 = DIRECTION ( 'NONE',  ( -0.9999999999990734079, -1.637162645964182016E-16, 1.361274163765233466E-06 ) ) ;
#4850 = VECTOR ( 'NONE', #3356, 1000.000000000000000 ) ;
#4851 = DIRECTION ( 'NONE',  ( -1.637162635542180433E-16, 1.000000000000000000, 7.657177843178876991E-19 ) ) ;
#4852 = ORIENTED_EDGE ( 'NONE', *, *, #4964, .F. ) ;
#4853 = LINE ( 'NONE', #4269, #3181 ) ;
#4854 = ORIENTED_EDGE ( 'NONE', *, *, #5181, .F. ) ;
#4855 = CARTESIAN_POINT ( 'NONE',  ( -9.975241788773891116, 2.386298900080693564, 43.35000000000000853 ) ) ;
#4856 = VECTOR ( 'NONE', #77, 1000.000000000000114 ) ;
#4857 = CARTESIAN_POINT ( 'NONE',  ( -1.475880243922131463, 31.90447354320626161, 25.59339015613882395 ) ) ;
#4858 = LINE ( 'NONE', #1998, #6778 ) ;
#4859 = CARTESIAN_POINT ( 'NONE',  ( 1.658094352293199458, 89.50178586216263454, 30.39339015613882466 ) ) ;
#4860 = LINE ( 'NONE', #2107, #6907 ) ;
#4861 = VERTEX_POINT ( 'NONE', #6789 ) ;
#4862 = ORIENTED_EDGE ( 'NONE', *, *, #5624, .T. ) ;
#4863 = DIRECTION ( 'NONE',  ( -1.000000000000000000, 0.000000000000000000, 0.000000000000000000 ) ) ;
#4864 = LINE ( 'NONE', #1523, #2102 ) ;
#4865 = EDGE_CURVE ( 'NONE', #3058, #4121, #4479, .T. ) ;
#4866 = PLANE ( 'NONE',  #300 ) ;
#4867 = CARTESIAN_POINT ( 'NONE',  ( 15.71810914617797650, 44.61588747730039017, 8.208919501491095616 ) ) ;
#4868 = LINE ( 'NONE', #3697, #5979 ) ;
#4869 = ORIENTED_EDGE ( 'NONE', *, *, #5061, .T. ) ;
#4870 = CARTESIAN_POINT ( 'NONE',  ( -9.784195530085927572, 82.06588747730039302, 8.118299997124159617 ) ) ;
#4871 = EDGE_CURVE ( 'NONE', #538, #6615, #5628, .T. ) ;
#4872 = CARTESIAN_POINT ( 'NONE',  ( 1.174758211226108351, -4.613701099919306436, 46.35000000000000853 ) ) ;
#4873 = DIRECTION ( 'NONE',  ( 3.663735981263016583E-15, -1.000000000000000000, -7.657177843178876991E-19 ) ) ;
#4874 = CARTESIAN_POINT ( 'NONE',  ( 4.524119756077639387, 92.46588747730038449, 30.39339015613882466 ) ) ;
#4875 = ORIENTED_EDGE ( 'NONE', *, *, #3634, .T. ) ;
#4876 = ORIENTED_EDGE ( 'NONE', *, *, #7141, .F. ) ;
#4877 = ADVANCED_FACE ( 'NONE', ( #677 ), #95, .T. ) ;
#4878 = LINE ( 'NONE', #4222, #2596 ) ;
#4879 = DIRECTION ( 'NONE',  ( 0.000000000000000000, 1.000000000000000000, 0.000000000000000000 ) ) ;
#4880 = ORIENTED_EDGE ( 'NONE', *, *, #266, .F. ) ;
#4881 = DIRECTION ( 'NONE',  ( -0.000000000000000000, -0.000000000000000000, 1.000000000000000000 ) ) ;
#4882 = EDGE_CURVE ( 'NONE', #2373, #4364, #209, .T. ) ;
#4883 = VERTEX_POINT ( 'NONE', #2895 ) ;
#4884 = DIRECTION ( 'NONE',  ( -1.000000000000000000, -1.637162635531886538E-16, -1.253604545847509525E-34 ) ) ;
#4885 = EDGE_CURVE ( 'NONE', #7071, #813, #5120, .T. ) ;
#4886 = CARTESIAN_POINT ( 'NONE',  ( 8.792068948508942938, 31.90447354320629358, 25.59339015613882395 ) ) ;
#4887 = DIRECTION ( 'NONE',  ( 0.9999999999990734079, 0.000000000000000000, -1.361274163765233466E-06 ) ) ;
#4888 = LINE ( 'NONE', #6550, #975 ) ;
#4889 = ORIENTED_EDGE ( 'NONE', *, *, #3957, .F. ) ;
#4890 = ORIENTED_EDGE ( 'NONE', *, *, #7119, .T. ) ;
#4891 = DIRECTION ( 'NONE',  ( -0.8660254037844407060, 0.4999999999999965583, 0.000000000000000000 ) ) ;
#4892 = DIRECTION ( 'NONE',  ( 0.4999999999999965583, 0.8660254037844407060, 6.631310533488258216E-19 ) ) ;
#4893 = LINE ( 'NONE', #6118, #5892 ) ;
#4894 = CARTESIAN_POINT ( 'NONE',  ( -7.207931051491207164, 88.00178586216263454, 30.39339015613882466 ) ) ;
#4895 = LINE ( 'NONE', #2666, #2366 ) ;
#4896 = VERTEX_POINT ( 'NONE', #1177 ) ;
#4897 = VERTEX_POINT ( 'NONE', #130 ) ;
#4898 = ORIENTED_EDGE ( 'NONE', *, *, #509, .F. ) ;
#4899 = CARTESIAN_POINT ( 'NONE',  ( 0.5241197560776622577, 92.46588747730038449, 25.59339015613882395 ) ) ;
#4900 = LINE ( 'NONE', #1575, #1235 ) ;
#4901 = CARTESIAN_POINT ( 'NONE',  ( -8.341905647706761684, 92.96588747730038449, -3.455201181230785235 ) ) ;
#4902 = LINE ( 'NONE', #4837, #3550 ) ;
#4903 = CIRCLE ( 'NONE', #3622, 1.050000000000000488 ) ;
#4904 = ORIENTED_EDGE ( 'NONE', *, *, #2521, .F. ) ;
#4905 = CARTESIAN_POINT ( 'NONE',  ( -10.70204696904390218, 83.96588747730039870, 25.59339015613882395 ) ) ;
#4906 = EDGE_LOOP ( 'NONE', ( #6258, #3431, #3267, #7064 ) ) ;
#4907 = EDGE_CURVE ( 'NONE', #7103, #1309, #1802, .T. ) ;
#4908 = VECTOR ( 'NONE', #265, 999.9999999999998863 ) ;
#4909 = DIRECTION ( 'NONE',  ( 0.5000000000000029976, -0.8660254037844369313, -6.631310533488230290E-19 ) ) ;
#4910 = DIRECTION ( 'NONE',  ( -0.000000000000000000, -0.000000000000000000, -1.000000000000000000 ) ) ;
#4911 = AXIS2_PLACEMENT_3D ( 'NONE', #1114, #2727, #6138 ) ;
#4912 = VERTEX_POINT ( 'NONE', #5049 ) ;
#4913 =( LENGTH_UNIT ( ) NAMED_UNIT ( * ) SI_UNIT ( .MILLI., .METRE. ) );
#4914 = ORIENTED_EDGE ( 'NONE', *, *, #4685, .F. ) ;
#4915 = LINE ( 'NONE', #2174, #378 ) ;
#4916 = DIRECTION ( 'NONE',  ( 8.145007187700838718E-17, -1.000000000000000000, -0.000000000000000000 ) ) ;
#4917 = DIRECTION ( 'NONE',  ( -1.637162635542180433E-16, 1.000000000000000000, 7.657177843178876991E-19 ) ) ;
#4918 = CARTESIAN_POINT ( 'NONE',  ( 4.792068948508746651, 94.92998909243814865, -3.455201181230785235 ) ) ;
#4919 = VERTEX_POINT ( 'NONE', #4545 ) ;
#4920 = ORIENTED_EDGE ( 'NONE', *, *, #3798, .F. ) ;
#4921 = DIRECTION ( 'NONE',  ( 1.000000000000000000, 0.000000000000000000, 0.000000000000000000 ) ) ;
#4922 = EDGE_CURVE ( 'NONE', #3780, #5916, #6746, .T. ) ;
#4923 = DIRECTION ( 'NONE',  ( -0.000000000000000000, -0.000000000000000000, -1.000000000000000000 ) ) ;
#4924 = VECTOR ( 'NONE', #2508, 1000.000000000000114 ) ;
#4925 = ADVANCED_FACE ( 'NONE', ( #5154, #1140, #6280, #3373, #1288 ), #1758, .F. ) ;
#4926 = CARTESIAN_POINT ( 'NONE',  ( -10.34190564770674570, 87.50178586216263454, -3.455201181230785235 ) ) ;
#4927 = PLANE ( 'NONE',  #521 ) ;
#4928 = AXIS2_PLACEMENT_3D ( 'NONE', #2232, #6679, #1687 ) ;
#4929 = DIRECTION ( 'NONE',  ( 0.000000000000000000, 0.000000000000000000, 1.000000000000000000 ) ) ;
#4930 = ORIENTED_EDGE ( 'NONE', *, *, #2230, .T. ) ;
#4931 = ORIENTED_EDGE ( 'NONE', *, *, #2165, .F. ) ;
#4932 = CARTESIAN_POINT ( 'NONE',  ( -9.975172669230611078, 23.68429699879670736, 9.554856905680253476E-11 ) ) ;
#4933 = CIRCLE ( 'NONE', #3887, 4.000000000000000000 ) ;
#4934 = DIRECTION ( 'NONE',  ( 0.000000000000000000, 1.000000000000000000, 0.000000000000000000 ) ) ;
#4935 = CARTESIAN_POINT ( 'NONE',  ( 8.175764905806939709, 2.386298900080696672, 50.00000000000000000 ) ) ;
#4936 = LINE ( 'NONE', #6634, #5988 ) ;
#4937 = AXIS2_PLACEMENT_3D ( 'NONE', #4585, #1220, #1721 ) ;
#4938 = VECTOR ( 'NONE', #709, 1000.000000000000000 ) ;
#4939 = EDGE_LOOP ( 'NONE', ( #1740, #6781 ) ) ;
#4940 = LINE ( 'NONE', #6606, #1635 ) ;
#4941 = VERTEX_POINT ( 'NONE', #3991 ) ;
#4942 = AXIS2_PLACEMENT_3D ( 'NONE', #3358, #3428, #5031 ) ;
#4943 = CIRCLE ( 'NONE', #2850, 4.000000000000000000 ) ;
#4944 = EDGE_CURVE ( 'NONE', #827, #4617, #4512, .T. ) ;
#4945 = DIRECTION ( 'NONE',  ( 0.8660254037844369313, 0.5000000000000029976, 0.000000000000000000 ) ) ;
#4946 = CARTESIAN_POINT ( 'NONE',  ( 3.624758211226104088, 21.70488007635988481, 49.26118938340657394 ) ) ;
#4947 = VECTOR ( 'NONE', #1285, 1000.000000000000000 ) ;
#4948 = AXIS2_PLACEMENT_3D ( 'NONE', #3959, #2348, #5161 ) ;
#4949 = EDGE_LOOP ( 'NONE', ( #4898, #1130, #6122, #2938 ) ) ;
#4950 = CARTESIAN_POINT ( 'NONE',  ( 8.100377905283105306, 83.96588747730039870, 19.48643130160574444 ) ) ;
#4951 = ORIENTED_EDGE ( 'NONE', *, *, #5860, .F. ) ;
#4952 = DIRECTION ( 'NONE',  ( 0.000000000000000000, -7.657177843178876028E-19, 1.000000000000000000 ) ) ;
#4953 = EDGE_CURVE ( 'NONE', #3969, #4677, #2634, .T. ) ;
#4954 = VECTOR ( 'NONE', #6056, 1000.000000000000114 ) ;
#4955 = CARTESIAN_POINT ( 'NONE',  ( -1.475880243922335966, 89.00178586216263454, 30.39339015613882466 ) ) ;
#4956 = LINE ( 'NONE', #6653, #7153 ) ;
#4957 = LINE ( 'NONE', #5533, #5060 ) ;
#4958 = ORIENTED_EDGE ( 'NONE', *, *, #1792, .T. ) ;
#4959 = VERTEX_POINT ( 'NONE', #3143 ) ;
#4960 = DIRECTION ( 'NONE',  ( 0.000000000000000000, 1.000000000000000000, -0.000000000000000000 ) ) ;
#4961 = VECTOR ( 'NONE', #6462, 1000.000000000000000 ) ;
#4962 = CARTESIAN_POINT ( 'NONE',  ( 9.224758211226102844, 23.68429699879670736, 50.00000000000000000 ) ) ;
#4963 = EDGE_CURVE ( 'NONE', #2004, #463, #5879, .T. ) ;
#4964 = EDGE_CURVE ( 'NONE', #5731, #6251, #4895, .T. ) ;
#4965 = LINE ( 'NONE', #444, #1808 ) ;
#4966 =( GEOMETRIC_REPRESENTATION_CONTEXT ( 3 ) GLOBAL_UNCERTAINTY_ASSIGNED_CONTEXT ( ( #4149 ) ) GLOBAL_UNIT_ASSIGNED_CONTEXT ( ( #4022, #1164, #3551 ) ) REPRESENTATION_CONTEXT ( 'NONE', 'WORKASPACE' ) );
#4967 = DIRECTION ( 'NONE',  ( 0.000000000000000000, 0.000000000000000000, 1.000000000000000000 ) ) ;
#4968 = CARTESIAN_POINT ( 'NONE',  ( -5.475880243922321533, 95.92998909243814865, -3.455201181230785235 ) ) ;
#4969 = VERTEX_POINT ( 'NONE', #1019 ) ;
#4970 = VERTEX_POINT ( 'NONE', #4205 ) ;
#4971 = ORIENTED_EDGE ( 'NONE', *, *, #1516, .F. ) ;
#4972 = CARTESIAN_POINT ( 'NONE',  ( -10.34190564770675280, 96.42998909243814865, -3.455201181230785235 ) ) ;
#4973 = LINE ( 'NONE', #3870, #4737 ) ;
#4974 = CARTESIAN_POINT ( 'NONE',  ( -1.207931051491223373, 91.46588747730038449, -3.455201181230785235 ) ) ;
#4975 = ADVANCED_FACE ( 'NONE', ( #7102 ), #4829, .F. ) ;
#4976 = DIRECTION ( 'NONE',  ( 0.000000000000000000, -7.657177843178876028E-19, 1.000000000000000000 ) ) ;
#4977 = VERTEX_POINT ( 'NONE', #2116 ) ;
#4978 = FACE_OUTER_BOUND ( 'NONE', #4345, .T. ) ;
#4979 = ORIENTED_EDGE ( 'NONE', *, *, #2557, .T. ) ;
#4980 = DIRECTION ( 'NONE',  ( 0.000000000000000000, 1.000000000000000000, 2.168404344971008868E-16 ) ) ;
#4981 = LINE ( 'NONE', #7188, #2714 ) ;
#4982 = FACE_OUTER_BOUND ( 'NONE', #6421, .T. ) ;
#4983 = VERTEX_POINT ( 'NONE', #6563 ) ;
#4984 = ORIENTED_EDGE ( 'NONE', *, *, #5535, .F. ) ;
#4985 = DIRECTION ( 'NONE',  ( 1.698444961135901415E-16, -1.000000000000000000, -0.000000000000000000 ) ) ;
#4986 = EDGE_CURVE ( 'NONE', #1171, #5516, #3804, .T. ) ;
#4987 = FACE_OUTER_BOUND ( 'NONE', #291, .T. ) ;
#4988 = ADVANCED_FACE ( 'NONE', ( #6991 ), #5468, .F. ) ;
#4989 = PLANE ( 'NONE',  #1661 ) ;
#4990 = CARTESIAN_POINT ( 'NONE',  ( -0.3752417887738960234, 9.386298900080694452, 6.649999999999995914 ) ) ;
#4991 = ORIENTED_EDGE ( 'NONE', *, *, #6094, .F. ) ;
#4992 = ORIENTED_EDGE ( 'NONE', *, *, #1985, .T. ) ;
#4993 = EDGE_CURVE ( 'NONE', #5310, #3256, #2591, .T. ) ;
#4994 = CARTESIAN_POINT ( 'NONE',  ( -3.207931051491222707, 95.92998909243814865, 30.39339015613882466 ) ) ;
#4995 = CARTESIAN_POINT ( 'NONE',  ( -9.541908788773927341, 83.96588747730039870, 23.53334597922873783 ) ) ;
#4996 = EDGE_CURVE ( 'NONE', #1309, #604, #4868, .T. ) ;
#4997 = CARTESIAN_POINT ( 'NONE',  ( -0.3419056477067857758, 92.96588747730038449, 30.39339015613882466 ) ) ;
#4998 = PLANE ( 'NONE',  #3424 ) ;
#4999 = APPLICATION_CONTEXT ( 'automotive_design' ) ;
#5000 = LINE ( 'NONE', #4419, #6097 ) ;
#5001 = ORIENTED_EDGE ( 'NONE', *, *, #2070, .F. ) ;
#5002 = ORIENTED_EDGE ( 'NONE', *, *, #5501, .F. ) ;
#5003 = EDGE_CURVE ( 'NONE', #2385, #7007, #986, .T. ) ;
#5004 = ORIENTED_EDGE ( 'NONE', *, *, #2937, .F. ) ;
#5005 = CARTESIAN_POINT ( 'NONE',  ( 16.71813144991982014, 83.96588747730039870, 25.59337865665076706 ) ) ;
#5006 = CARTESIAN_POINT ( 'NONE',  ( 5.787369916641607733E-15, 44.61588747730039017, -2.706812367563732151E-17 ) ) ;
#5007 = CARTESIAN_POINT ( 'NONE',  ( -1.475880243922336854, 95.92998909243814865, -3.455201181230785235 ) ) ;
#5008 = DIRECTION ( 'NONE',  ( 3.663735981263016583E-15, -1.000000000000000000, -7.657177843178876991E-19 ) ) ;
#5009 = ORIENTED_EDGE ( 'NONE', *, *, #6111, .F. ) ;
#5010 = CARTESIAN_POINT ( 'NONE',  ( 59.04812727106966008, 52.40086587357522774, 9.541727490783596824E-05 ) ) ;
#5011 = EDGE_CURVE ( 'NONE', #3535, #747, #5947, .T. ) ;
#5012 = ORIENTED_EDGE ( 'NONE', *, *, #242, .T. ) ;
#5013 = CARTESIAN_POINT ( 'NONE',  ( -5.475880243922321533, 88.00178586216262033, 25.59339015613882395 ) ) ;
#5014 = DIRECTION ( 'NONE',  ( 0.000000000000000000, -7.657177843178876028E-19, 1.000000000000000000 ) ) ;
#5015 = DIRECTION ( 'NONE',  ( -1.000000000000000000, -8.145007187700838718E-17, 0.000000000000000000 ) ) ;
#5016 = VERTEX_POINT ( 'NONE', #5333 ) ;
#5017 = ORIENTED_EDGE ( 'NONE', *, *, #5365, .F. ) ;
#5018 = VECTOR ( 'NONE', #4579, 1000.000000000000000 ) ;
#5019 = DIRECTION ( 'NONE',  ( 0.000000000000000000, -7.657177843178876028E-19, 1.000000000000000000 ) ) ;
#5020 = LINE ( 'NONE', #3889, #35 ) ;
#5021 = DIRECTION ( 'NONE',  ( 0.5000000000000029976, -0.8660254037844369313, -6.631310533488230290E-19 ) ) ;
#5022 = AXIS2_PLACEMENT_3D ( 'NONE', #2882, #6665, #3943 ) ;
#5023 = CARTESIAN_POINT ( 'NONE',  ( 2.792068948508754200, 91.46588747730038449, 30.39339015613882466 ) ) ;
#5024 = ORIENTED_EDGE ( 'NONE', *, *, #7047, .F. ) ;
#5025 = PLANE ( 'NONE',  #3639 ) ;
#5026 = CARTESIAN_POINT ( 'NONE',  ( 36.42743494340625432, 74.35590094261341676, 25.59339015613882395 ) ) ;
#5027 = VECTOR ( 'NONE', #289, 1000.000000000000000 ) ;
#5028 = LINE ( 'NONE', #2804, #1109 ) ;
#5029 = EDGE_CURVE ( 'NONE', #6807, #4183, #949, .T. ) ;
#5030 = CARTESIAN_POINT ( 'NONE',  ( 6.524119756077632282, 88.00178586216262033, -3.455201181230785235 ) ) ;
#5031 = DIRECTION ( 'NONE',  ( 0.000000000000000000, 0.000000000000000000, 1.000000000000000000 ) ) ;
#5032 = VECTOR ( 'NONE', #5601, 1000.000000000000000 ) ;
#5033 = ORIENTED_EDGE ( 'NONE', *, *, #5702, .T. ) ;
#5034 = ORIENTED_EDGE ( 'NONE', *, *, #4207, .T. ) ;
#5035 = EDGE_LOOP ( 'NONE', ( #4736, #4301, #4771, #5610, #2898, #2458, #6748, #3172, #6483, #4440, #6544 ) ) ;
#5036 = LINE ( 'NONE', #44, #7111 ) ;
#5037 = LINE ( 'NONE', #5549, #3108 ) ;
#5038 = LINE ( 'NONE', #2751, #3902 ) ;
#5039 = DIRECTION ( 'NONE',  ( -8.145007187700839951E-17, 1.000000000000000000, 1.719011900038933849E-22 ) ) ;
#5040 = VERTEX_POINT ( 'NONE', #2084 ) ;
#5041 = AXIS2_PLACEMENT_3D ( 'NONE', #3845, #533, #2169 ) ;
#5042 = DIRECTION ( 'NONE',  ( -3.330669073875469621E-15, 1.000000000000000000, 7.657177843178876991E-19 ) ) ;
#5043 = ORIENTED_EDGE ( 'NONE', *, *, #1022, .F. ) ;
#5044 = EDGE_CURVE ( 'NONE', #2188, #3005, #3182, .T. ) ;
#5045 = EDGE_CURVE ( 'NONE', #926, #5696, #4793, .T. ) ;
#5046 = CARTESIAN_POINT ( 'NONE',  ( -11.20793105149119029, 95.92998909243814865, 25.59339015613882395 ) ) ;
#5047 = CARTESIAN_POINT ( 'NONE',  ( -8.784195484509902840, 82.06588747730039302, 20.48643130160573023 ) ) ;
#5048 = VECTOR ( 'NONE', #6787, 1000.000000000000000 ) ;
#5049 = CARTESIAN_POINT ( 'NONE',  ( -8.401937866840320623, 52.40086587357521353, 25.59339012271572145 ) ) ;
#5050 = EDGE_CURVE ( 'NONE', #4912, #7012, #3765, .T. ) ;
#5051 = EDGE_CURVE ( 'NONE', #1268, #5731, #5915, .T. ) ;
#5052 = ORIENTED_EDGE ( 'NONE', *, *, #1608, .F. ) ;
#5053 = LINE ( 'NONE', #6034, #3871 ) ;
#5054 = VECTOR ( 'NONE', #1486, 1000.000000000000000 ) ;
#5055 = ORIENTED_EDGE ( 'NONE', *, *, #1112, .T. ) ;
#5056 = VECTOR ( 'NONE', #5994, 1000.000000000000000 ) ;
#5057 = LINE ( 'NONE', #3888, #5963 ) ;
#5058 = CARTESIAN_POINT ( 'NONE',  ( 0.5241197560776622577, 92.46588747730038449, -3.455201181230785235 ) ) ;
#5059 = DIRECTION ( 'NONE',  ( 8.145007187700838718E-17, -1.000000000000000000, 0.000000000000000000 ) ) ;
#5060 = VECTOR ( 'NONE', #3278, 1000.000000000000114 ) ;
#5061 = EDGE_CURVE ( 'NONE', #4969, #3882, #479, .T. ) ;
#5062 = AXIS2_PLACEMENT_3D ( 'NONE', #4616, #741, #2885 ) ;
#5063 = DIRECTION ( 'NONE',  ( 3.663735981263016583E-15, -1.000000000000000000, 0.000000000000000000 ) ) ;
#5064 = ORIENTED_EDGE ( 'NONE', *, *, #6032, .T. ) ;
#5065 = DIRECTION ( 'NONE',  ( 0.000000000000000000, -7.657177843178876028E-19, 1.000000000000000000 ) ) ;
#5066 = DIRECTION ( 'NONE',  ( -0.000000000000000000, -0.000000000000000000, -1.000000000000000000 ) ) ;
#5067 = VECTOR ( 'NONE', #4426, 1000.000000000000000 ) ;
#5068 = VECTOR ( 'NONE', #5938, 1000.000000000000000 ) ;
#5069 = LINE ( 'NONE', #5208, #2632 ) ;
#5070 = PLANE ( 'NONE',  #5522 ) ;
#5071 = LINE ( 'NONE', #2807, #630 ) ;
#5072 = ORIENTED_EDGE ( 'NONE', *, *, #7130, .T. ) ;
#5073 = AXIS2_PLACEMENT_3D ( 'NONE', #615, #1344, #772 ) ;
#5074 = EDGE_LOOP ( 'NONE', ( #3061, #252, #2533, #5420 ) ) ;
#5075 = ORIENTED_EDGE ( 'NONE', *, *, #6513, .F. ) ;
#5076 = ORIENTED_EDGE ( 'NONE', *, *, #3280, .T. ) ;
#5077 = CARTESIAN_POINT ( 'NONE',  ( -4.375241788773892360, 2.684296998796706912, 46.35000000000000853 ) ) ;
#5078 = EDGE_CURVE ( 'NONE', #3600, #5565, #2250, .T. ) ;
#5079 = VECTOR ( 'NONE', #3899, 1000.000000000000000 ) ;
#5080 = DIRECTION ( 'NONE',  ( 0.000000000000000000, 0.000000000000000000, 1.000000000000000000 ) ) ;
#5081 = EDGE_CURVE ( 'NONE', #7078, #3099, #2556, .T. ) ;
#5082 = CARTESIAN_POINT ( 'NONE',  ( 6.792068948508738657, 91.46588747730038449, 30.39339015613882466 ) ) ;
#5083 = CARTESIAN_POINT ( 'NONE',  ( 6.524119756077632282, 88.00178586216262033, 25.59339015613882395 ) ) ;
#5084 = VERTEX_POINT ( 'NONE', #1154 ) ;
#5085 = CARTESIAN_POINT ( 'NONE',  ( -15.72124990694748981, 79.77721785250926700, 25.59339015613882395 ) ) ;
#5086 = EDGE_CURVE ( 'NONE', #1050, #2716, #656, .T. ) ;
#5087 = VERTEX_POINT ( 'NONE', #4528 ) ;
#5088 = DIRECTION ( 'NONE',  ( -3.330669073875469621E-15, 1.000000000000000000, 7.657177843178876991E-19 ) ) ;
#5089 = LINE ( 'NONE', #639, #1196 ) ;
#5090 = PLANE ( 'NONE',  #5279 ) ;
#5091 = DIRECTION ( 'NONE',  ( 0.000000000000000000, 0.000000000000000000, 1.000000000000000000 ) ) ;
#5092 = ORIENTED_EDGE ( 'NONE', *, *, #5748, .F. ) ;
#5093 = EDGE_CURVE ( 'NONE', #2387, #116, #4390, .T. ) ;
#5094 = VERTEX_POINT ( 'NONE', #3901 ) ;
#5095 = CARTESIAN_POINT ( 'NONE',  ( 8.858091211226080119, 83.96588747730039870, -0.9166540207712658983 ) ) ;
#5096 = PLANE ( 'NONE',  #4948 ) ;
#5097 = CARTESIAN_POINT ( 'NONE',  ( -10.59190878877392805, 83.96588747730039870, 23.53334597922873783 ) ) ;
#5098 = ORIENTED_EDGE ( 'NONE', *, *, #6941, .T. ) ;
#5099 = LINE ( 'NONE', #1845, #6537 ) ;
#5100 = EDGE_LOOP ( 'NONE', ( #3491, #1303, #3741, #2389 ) ) ;
#5101 = EDGE_CURVE ( 'NONE', #1723, #6780, #2156, .T. ) ;
#5102 = FACE_OUTER_BOUND ( 'NONE', #3352, .T. ) ;
#5103 = EDGE_CURVE ( 'NONE', #1541, #5497, #3287, .T. ) ;
#5104 = DIRECTION ( 'NONE',  ( -0.000000000000000000, -0.000000000000000000, -1.000000000000000000 ) ) ;
#5105 = LINE ( 'NONE', #6763, #52 ) ;
#5106 = ORIENTED_EDGE ( 'NONE', *, *, #3239, .F. ) ;
#5107 = ORIENTED_EDGE ( 'NONE', *, *, #5167, .T. ) ;
#5108 = EDGE_LOOP ( 'NONE', ( #267, #2086, #6577, #5959, #4319, #3048 ) ) ;
#5109 = ORIENTED_EDGE ( 'NONE', *, *, #6388, .F. ) ;
#5110 = CARTESIAN_POINT ( 'NONE',  ( 8.175764905806939709, 2.386298900080696672, 6.649999999999995914 ) ) ;
#5111 = FACE_BOUND ( 'NONE', #2847, .T. ) ;
#5112 = PLANE ( 'NONE',  #58 ) ;
#5113 = ORIENTED_EDGE ( 'NONE', *, *, #3687, .T. ) ;
#5114 = DIRECTION ( 'NONE',  ( 9.109736889031209745E-17, -0.7388106165934297254, 0.6739131047908448746 ) ) ;
#5115 = ORIENTED_EDGE ( 'NONE', *, *, #3007, .T. ) ;
#5116 = VERTEX_POINT ( 'NONE', #1197 ) ;
#5117 = FACE_OUTER_BOUND ( 'NONE', #3370, .T. ) ;
#5118 = LINE ( 'NONE', #2893, #7131 ) ;
#5119 = LINE ( 'NONE', #1176, #1078 ) ;
#5120 = LINE ( 'NONE', #170, #1548 ) ;
#5121 = EDGE_CURVE ( 'NONE', #3070, #2436, #6082, .T. ) ;
#5122 = VERTEX_POINT ( 'NONE', #583 ) ;
#5123 = ORIENTED_EDGE ( 'NONE', *, *, #1862, .F. ) ;
#5124 = DIRECTION ( 'NONE',  ( 1.000000000000000000, 1.637162635542180680E-16, -0.000000000000000000 ) ) ;
#5125 = EDGE_LOOP ( 'NONE', ( #5098, #1201 ) ) ;
#5126 = FACE_OUTER_BOUND ( 'NONE', #705, .T. ) ;
#5127 = DIRECTION ( 'NONE',  ( 8.145007187700838718E-17, -1.000000000000000000, 0.000000000000000000 ) ) ;
#5128 = ORIENTED_EDGE ( 'NONE', *, *, #2887, .T. ) ;
#5129 = FACE_OUTER_BOUND ( 'NONE', #100, .T. ) ;
#5130 = ORIENTED_EDGE ( 'NONE', *, *, #1061, .T. ) ;
#5131 = ORIENTED_EDGE ( 'NONE', *, *, #5215, .T. ) ;
#5132 = LINE ( 'NONE', #6259, #4386 ) ;
#5133 = CARTESIAN_POINT ( 'NONE',  ( 2.524119756077647381, 88.00178586216262033, 30.39339015613882466 ) ) ;
#5134 = DIRECTION ( 'NONE',  ( 0.8660254037844404840, -0.4999999999999968359, -3.828588921589414421E-19 ) ) ;
#5135 = EDGE_LOOP ( 'NONE', ( #1725, #962 ) ) ;
#5136 = EDGE_CURVE ( 'NONE', #4830, #4919, #1630, .T. ) ;
#5137 = ORIENTED_EDGE ( 'NONE', *, *, #5923, .T. ) ;
#5138 = EDGE_CURVE ( 'NONE', #6839, #4883, #6048, .T. ) ;
#5139 = ORIENTED_EDGE ( 'NONE', *, *, #7197, .T. ) ;
#5140 = VECTOR ( 'NONE', #6978, 1000.000000000000000 ) ;
#5141 = CYLINDRICAL_SURFACE ( 'NONE', #5022, 1.549999999999999378 ) ;
#5142 = LINE ( 'NONE', #4535, #1804 ) ;
#5143 = DIRECTION ( 'NONE',  ( -1.361274163817555115E-06, -0.000000000000000000, -0.9999999999990734079 ) ) ;
#5144 = AXIS2_PLACEMENT_3D ( 'NONE', #1489, #332, #6518 ) ;
#5145 = VERTEX_POINT ( 'NONE', #3864 ) ;
#5146 = CARTESIAN_POINT ( 'NONE',  ( 6.792068948508738657, 91.46588747730038449, -3.455201181230785235 ) ) ;
#5147 = EDGE_LOOP ( 'NONE', ( #1029, #3194, #2469, #7143, #5174, #3463 ) ) ;
#5148 = VECTOR ( 'NONE', #2728, 1000.000000000000000 ) ;
#5149 = ORIENTED_EDGE ( 'NONE', *, *, #4395, .F. ) ;
#5150 = DIRECTION ( 'NONE',  ( 8.145007187700838718E-17, -1.000000000000000000, -0.000000000000000000 ) ) ;
#5151 = DIRECTION ( 'NONE',  ( 0.000000000000000000, -7.657177843178876028E-19, 1.000000000000000000 ) ) ;
#5152 = CARTESIAN_POINT ( 'NONE',  ( 16.71809190687262259, 83.96588747730039870, -3.455176181230787069 ) ) ;
#5153 = CARTESIAN_POINT ( 'NONE',  ( 6.458090141575104859, 79.96588747730039870, 1.733346179548747479 ) ) ;
#5154 = FACE_OUTER_BOUND ( 'NONE', #1976, .T. ) ;
#5155 = VECTOR ( 'NONE', #2930, 1000.000000000000114 ) ;
#5156 = ORIENTED_EDGE ( 'NONE', *, *, #5817, .F. ) ;
#5157 = ORIENTED_EDGE ( 'NONE', *, *, #4042, .F. ) ;
#5158 = ORIENTED_EDGE ( 'NONE', *, *, #3157, .F. ) ;
#5159 = VECTOR ( 'NONE', #3121, 1000.000000000000000 ) ;
#5160 = DIRECTION ( 'NONE',  ( -0.8660254037844369313, -0.5000000000000029976, -3.828588921589461125E-19 ) ) ;
#5161 = DIRECTION ( 'NONE',  ( -0.8660254037844407060, 0.4999999999999965583, 0.000000000000000000 ) ) ;
#5162 = LINE ( 'NONE', #4668, #6798 ) ;
#5163 = VECTOR ( 'NONE', #4289, 1000.000000000000000 ) ;
#5164 = ORIENTED_EDGE ( 'NONE', *, *, #1795, .T. ) ;
#5165 = CARTESIAN_POINT ( 'NONE',  ( -54.89290318739411845, -7.213701099919307858, 43.35000000000000853 ) ) ;
#5166 = ORIENTED_EDGE ( 'NONE', *, *, #1697, .F. ) ;
#5167 = EDGE_CURVE ( 'NONE', #3996, #1995, #2741, .T. ) ;
#5168 = ORIENTED_EDGE ( 'NONE', *, *, #2126, .F. ) ;
#5169 = VECTOR ( 'NONE', #2359, 1000.000000000000000 ) ;
#5170 = VECTOR ( 'NONE', #1462, 1000.000000000000000 ) ;
#5171 = CARTESIAN_POINT ( 'NONE',  ( 10.95809121122608154, 83.96588747730039870, -0.9166540207712660093 ) ) ;
#5172 = FACE_OUTER_BOUND ( 'NONE', #3360, .T. ) ;
#5173 = CARTESIAN_POINT ( 'NONE',  ( -9.207931051491199170, 91.46588747730038449, -3.455201181230785235 ) ) ;
#5174 = ORIENTED_EDGE ( 'NONE', *, *, #5629, .T. ) ;
#5175 = VERTEX_POINT ( 'NONE', #5505 ) ;
#5176 = ORIENTED_EDGE ( 'NONE', *, *, #7028, .F. ) ;
#5177 = VECTOR ( 'NONE', #5262, 1000.000000000000000 ) ;
#5178 = ORIENTED_EDGE ( 'NONE', *, *, #2963, .F. ) ;
#5179 = AXIS2_PLACEMENT_3D ( 'NONE', #974, #1411, #5431 ) ;
#5180 = EDGE_CURVE ( 'NONE', #7071, #5719, #516, .T. ) ;
#5181 = EDGE_CURVE ( 'NONE', #2053, #1723, #5071, .T. ) ;
#5182 = CARTESIAN_POINT ( 'NONE',  ( -7.141907714210901759, 83.96588747730039870, 1.733346180468747555 ) ) ;
#5183 = CARTESIAN_POINT ( 'NONE',  ( -17.72124990694749158, 83.24131946764700274, 25.59339015613882395 ) ) ;
#5184 = VECTOR ( 'NONE', #1940, 1000.000000000000000 ) ;
#5185 = CARTESIAN_POINT ( 'NONE',  ( -8.924235094193059936, 2.386298900080692231, 43.35000000000000853 ) ) ;
#5186 = ORIENTED_EDGE ( 'NONE', *, *, #360, .T. ) ;
#5187 = CARTESIAN_POINT ( 'NONE',  ( -7.207931051491207164, 95.92998909243814865, -3.455201181230785235 ) ) ;
#5188 = AXIS2_PLACEMENT_3D ( 'NONE', #3118, #2089, #1946 ) ;
#5189 = EDGE_LOOP ( 'NONE', ( #742, #1128, #5901, #238 ) ) ;
#5190 = ORIENTED_EDGE ( 'NONE', *, *, #3687, .F. ) ;
#5191 = EDGE_CURVE ( 'NONE', #3699, #6427, #6627, .T. ) ;
#5192 = DIRECTION ( 'NONE',  ( -1.382390865693872549E-06, -2.844970253766149569E-22, 0.9999999999990445421 ) ) ;
#5193 = PLANE ( 'NONE',  #3198 ) ;
#5194 = DIRECTION ( 'NONE',  ( 1.382390865693872549E-06, 2.844970253766149569E-22, -0.9999999999990445421 ) ) ;
#5195 = CARTESIAN_POINT ( 'NONE',  ( -0.3752417887738929148, 2.386298900080694452, 50.00000000000000000 ) ) ;
#5196 = ORIENTED_EDGE ( 'NONE', *, *, #5078, .F. ) ;
#5197 = EDGE_LOOP ( 'NONE', ( #2078, #6747 ) ) ;
#5198 = DIRECTION ( 'NONE',  ( -0.8660254037844407060, 0.4999999999999965583, 3.828588921589411533E-19 ) ) ;
#5199 = ORIENTED_EDGE ( 'NONE', *, *, #736, .F. ) ;
#5200 = CARTESIAN_POINT ( 'NONE',  ( 6.458090141575104859, 79.96588747730039870, 1.733346179548747479 ) ) ;
#5201 = DIRECTION ( 'NONE',  ( 0.000000000000000000, 0.000000000000000000, -1.000000000000000000 ) ) ;
#5202 = CARTESIAN_POINT ( 'NONE',  ( -2.341905647706777227, 87.50178586216263454, 25.59339015613882395 ) ) ;
#5203 = VERTEX_POINT ( 'NONE', #2254 ) ;
#5204 = DIRECTION ( 'NONE',  ( -1.743183750392612709E-12, 0.000000000000000000, 1.000000000000000000 ) ) ;
#5205 = ORIENTED_EDGE ( 'NONE', *, *, #5419, .F. ) ;
#5206 = EDGE_CURVE ( 'NONE', #6427, #4565, #2657, .T. ) ;
#5207 = ORIENTED_EDGE ( 'NONE', *, *, #4624, .F. ) ;
#5208 = CARTESIAN_POINT ( 'NONE',  ( -17.58727531073193973, 83.00926866007814908, 25.59339015613882395 ) ) ;
#5209 = CARTESIAN_POINT ( 'NONE',  ( 3.624758211226107196, 2.386298900080694452, 50.00000000000000000 ) ) ;
#5210 = LINE ( 'NONE', #190, #5169 ) ;
#5211 = EDGE_CURVE ( 'NONE', #4246, #307, #4496, .T. ) ;
#5212 = EDGE_LOOP ( 'NONE', ( #6934, #3071, #878, #6920 ) ) ;
#5213 = ORIENTED_EDGE ( 'NONE', *, *, #4599, .F. ) ;
#5214 = FACE_OUTER_BOUND ( 'NONE', #1731, .T. ) ;
#5215 = EDGE_CURVE ( 'NONE', #1143, #5742, #1705, .T. ) ;
#5216 = CARTESIAN_POINT ( 'NONE',  ( -13.58727531073190242, 76.08106542980263498, 25.59339015613882395 ) ) ;
#5217 = CARTESIAN_POINT ( 'NONE',  ( -9.935860308997924051, 79.96588747730039870, -3.455171577881260614 ) ) ;
#5218 = CARTESIAN_POINT ( 'NONE',  ( -1.207931051491223373, 91.46588747730038449, 25.59339015613882395 ) ) ;
#5219 = EDGE_CURVE ( 'NONE', #3081, #911, #5000, .T. ) ;
#5220 = ORIENTED_EDGE ( 'NONE', *, *, #3188, .T. ) ;
#5221 = EDGE_CURVE ( 'NONE', #413, #1844, #3937, .T. ) ;
#5222 = EDGE_CURVE ( 'NONE', #2667, #6124, #7144, .T. ) ;
#5223 = CARTESIAN_POINT ( 'NONE',  ( -2.341905647706784777, 96.42998909243814865, 30.39339015613882466 ) ) ;
#5224 = ORIENTED_EDGE ( 'NONE', *, *, #2459, .F. ) ;
#5225 = ORIENTED_EDGE ( 'NONE', *, *, #6146, .T. ) ;
#5226 = DIRECTION ( 'NONE',  ( 0.000000000000000000, 0.000000000000000000, 1.000000000000000000 ) ) ;
#5227 = CARTESIAN_POINT ( 'NONE',  ( 9.658094352293169038, 89.50178586216262033, 25.59339015613882395 ) ) ;
#5228 = ADVANCED_FACE ( 'NONE', ( #39 ), #5829, .T. ) ;
#5229 = CARTESIAN_POINT ( 'NONE',  ( 11.71812588477827788, 91.21413387534181538, 21.59338565332864235 ) ) ;
#5230 = DIRECTION ( 'NONE',  ( -0.9999999999990444310, -1.698444961134278334E-16, -1.382390865693872338E-06 ) ) ;
#5231 = ORIENTED_EDGE ( 'NONE', *, *, #5672, .F. ) ;
#5232 = EDGE_CURVE ( 'NONE', #307, #5719, #256, .T. ) ;
#5233 = ORIENTED_EDGE ( 'NONE', *, *, #3046, .T. ) ;
#5234 = CARTESIAN_POINT ( 'NONE',  ( -0.3752417887738929148, 2.386298900080694452, 46.35000000000000853 ) ) ;
#5235 = ORIENTED_EDGE ( 'NONE', *, *, #3032, .T. ) ;
#5236 = DIRECTION ( 'NONE',  ( -1.091152692702142892E-32, 1.339658354568195596E-16, -1.000000000000000000 ) ) ;
#5237 = DIRECTION ( 'NONE',  ( 0.8660254037844404840, -0.4999999999999968914, 0.000000000000000000 ) ) ;
#5238 = VERTEX_POINT ( 'NONE', #3583 ) ;
#5239 = DIRECTION ( 'NONE',  ( 0.000000000000000000, -7.657177843178876028E-19, 1.000000000000000000 ) ) ;
#5240 = VERTEX_POINT ( 'NONE', #836 ) ;
#5241 = ORIENTED_EDGE ( 'NONE', *, *, #1163, .F. ) ;
#5242 = LINE ( 'NONE', #5826, #1318 ) ;
#5243 = EDGE_CURVE ( 'NONE', #3911, #4500, #5718, .T. ) ;
#5244 = CARTESIAN_POINT ( 'NONE',  ( 4.524119756077639387, 91.46588747730037028, -3.455201181230785235 ) ) ;
#5245 = VECTOR ( 'NONE', #6954, 1000.000000000000000 ) ;
#5246 = DIRECTION ( 'NONE',  ( 0.8660254037844404840, -0.4999999999999968359, -3.828588921589414421E-19 ) ) ;
#5247 = ORIENTED_EDGE ( 'NONE', *, *, #4520, .F. ) ;
#5248 = ORIENTED_EDGE ( 'NONE', *, *, #2025, .F. ) ;
#5249 = DIRECTION ( 'NONE',  ( 0.8660254037844404840, -0.4999999999999968914, 0.000000000000000000 ) ) ;
#5250 = VECTOR ( 'NONE', #7114, 1000.000000000000000 ) ;
#5251 = EDGE_CURVE ( 'NONE', #3173, #6733, #5105, .T. ) ;
#5252 = CARTESIAN_POINT ( 'NONE',  ( -11.20793105149119029, 94.92998909243814865, -3.455201181230785235 ) ) ;
#5253 = DIRECTION ( 'NONE',  ( -1.629001437540167744E-16, 1.000000000000000000, 0.000000000000000000 ) ) ;
#5254 = AXIS2_PLACEMENT_3D ( 'NONE', #1072, #2687, #6170 ) ;
#5255 = ORIENTED_EDGE ( 'NONE', *, *, #427, .T. ) ;
#5256 = LINE ( 'NONE', #4140, #594 ) ;
#5257 = EDGE_LOOP ( 'NONE', ( #241, #3624, #6338, #4703 ) ) ;
#5258 = ORIENTED_EDGE ( 'NONE', *, *, #1045, .T. ) ;
#5259 = EDGE_CURVE ( 'NONE', #6067, #4970, #1850, .T. ) ;
#5260 = DIRECTION ( 'NONE',  ( -0.8660254037844407060, 0.4999999999999965583, 3.828588921589411533E-19 ) ) ;
#5261 = AXIS2_PLACEMENT_3D ( 'NONE', #3962, #3282, #6622 ) ;
#5262 = DIRECTION ( 'NONE',  ( -1.000000000000000000, -0.000000000000000000, 1.020481076214881305E-14 ) ) ;
#5263 = CARTESIAN_POINT ( 'NONE',  ( 0.7920689485087619719, 89.00178586216263454, 30.39339015613882466 ) ) ;
#5264 = FACE_OUTER_BOUND ( 'NONE', #6769, .T. ) ;
#5265 = EDGE_LOOP ( 'NONE', ( #3013, #696, #544, #904 ) ) ;
#5266 = AXIS2_PLACEMENT_3D ( 'NONE', #1872, #5124, #6792 ) ;
#5267 = ORIENTED_EDGE ( 'NONE', *, *, #7052, .F. ) ;
#5268 = DIRECTION ( 'NONE',  ( -1.637162635542180433E-16, 1.000000000000000000, 7.657177843178875065E-19 ) ) ;
#5269 = ORIENTED_EDGE ( 'NONE', *, *, #2916, .T. ) ;
#5270 = ADVANCED_FACE ( 'NONE', ( #5764 ), #3503, .T. ) ;
#5271 = EDGE_CURVE ( 'NONE', #5648, #7051, #4013, .T. ) ;
#5272 = DIRECTION ( 'NONE',  ( 1.637162635542180433E-16, -1.000000000000000000, -7.657177843178875065E-19 ) ) ;
#5273 = AXIS2_PLACEMENT_3D ( 'NONE', #900, #5927, #1955 ) ;
#5274 = DIRECTION ( 'NONE',  ( 0.000000000000000000, -7.657177843178876028E-19, 1.000000000000000000 ) ) ;
#5275 = FACE_OUTER_BOUND ( 'NONE', #3747, .T. ) ;
#5276 = ORIENTED_EDGE ( 'NONE', *, *, #12, .F. ) ;
#5277 = CARTESIAN_POINT ( 'NONE',  ( -11.20793105149119029, 95.92998909243814865, -3.455201181230785235 ) ) ;
#5278 = EDGE_LOOP ( 'NONE', ( #3593, #5, #1853, #2675 ) ) ;
#5279 = AXIS2_PLACEMENT_3D ( 'NONE', #2306, #4035, #710 ) ;
#5280 = CARTESIAN_POINT ( 'NONE',  ( 0.7920689485087619719, 88.00178586216263454, -3.455201181230785235 ) ) ;
#5281 = ORIENTED_EDGE ( 'NONE', *, *, #3743, .F. ) ;
#5282 = EDGE_CURVE ( 'NONE', #4617, #2202, #1890, .T. ) ;
#5283 = DIRECTION ( 'NONE',  ( -0.000000000000000000, -0.000000000000000000, -1.000000000000000000 ) ) ;
#5284 = CARTESIAN_POINT ( 'NONE',  ( 5.075764905806941840, 2.386298900080696672, 6.649999999999995914 ) ) ;
#5285 = VECTOR ( 'NONE', #1920, 1000.000000000000000 ) ;
#5286 = VECTOR ( 'NONE', #6786, 1000.000000000000000 ) ;
#5287 = CARTESIAN_POINT ( 'NONE',  ( 7.658094352293183249, 90.96588747730038449, 30.39339015613882466 ) ) ;
#5288 = ORIENTED_EDGE ( 'NONE', *, *, #5860, .T. ) ;
#5289 = ORIENTED_EDGE ( 'NONE', *, *, #6243, .F. ) ;
#5290 = CARTESIAN_POINT ( 'NONE',  ( -3.475880243922329083, 91.46588747730037028, -3.455201181230785235 ) ) ;
#5291 = VECTOR ( 'NONE', #2321, 1000.000000000000000 ) ;
#5292 = CIRCLE ( 'NONE', #1917, 1.550000000000000266 ) ;
#5293 = LINE ( 'NONE', #3729, #3217 ) ;
#5294 = DIRECTION ( 'NONE',  ( 1.000000000000000000, 1.637162635542205578E-16, -3.303469305462222812E-12 ) ) ;
#5295 = AXIS2_PLACEMENT_3D ( 'NONE', #5598, #2768, #575 ) ;
#5296 = VECTOR ( 'NONE', #5104, 1000.000000000000000 ) ;
#5297 = VERTEX_POINT ( 'NONE', #4606 ) ;
#5298 = EDGE_CURVE ( 'NONE', #1803, #1236, #2439, .T. ) ;
#5299 = DIRECTION ( 'NONE',  ( -0.8660254037844404840, 0.4999999999999968914, 3.828588921589413940E-19 ) ) ;
#5300 = ORIENTED_EDGE ( 'NONE', *, *, #6996, .F. ) ;
#5301 = EDGE_CURVE ( 'NONE', #4970, #4404, #149, .T. ) ;
#5302 = AXIS2_PLACEMENT_3D ( 'NONE', #5992, #5845, #4322 ) ;
#5303 = FACE_OUTER_BOUND ( 'NONE', #5462, .T. ) ;
#5304 = DIRECTION ( 'NONE',  ( -0.000000000000000000, -0.000000000000000000, 1.000000000000000000 ) ) ;
#5305 = CARTESIAN_POINT ( 'NONE',  ( 8.792068948508729775, 94.92998909243814865, -3.455201181230785235 ) ) ;
#5306 = CARTESIAN_POINT ( 'NONE',  ( 0.7920689485089761339, 31.90447354320627582, 25.59339015613882395 ) ) ;
#5307 = ORIENTED_EDGE ( 'NONE', *, *, #4027, .T. ) ;
#5308 = EDGE_CURVE ( 'NONE', #345, #5016, #5210, .T. ) ;
#5309 = AXIS2_PLACEMENT_3D ( 'NONE', #7075, #2488, #4727 ) ;
#5310 = VERTEX_POINT ( 'NONE', #1933 ) ;
#5311 = CARTESIAN_POINT ( 'NONE',  ( 6.625764905806940774, 2.386298900080696672, 0.000000000000000000 ) ) ;
#5312 = ORIENTED_EDGE ( 'NONE', *, *, #3545, .T. ) ;
#5313 = CARTESIAN_POINT ( 'NONE',  ( 5.658094352293191243, 94.42998909243814865, 25.59339015613882395 ) ) ;
#5314 = DIRECTION ( 'NONE',  ( -1.000000000000000000, -8.145007187700838718E-17, -2.168404344971009115E-16 ) ) ;
#5315 = FACE_BOUND ( 'NONE', #1169, .T. ) ;
#5316 = EDGE_LOOP ( 'NONE', ( #5186, #6968, #163, #122 ) ) ;
#5317 = FACE_OUTER_BOUND ( 'NONE', #1569, .T. ) ;
#5318 = ORIENTED_EDGE ( 'NONE', *, *, #6197, .T. ) ;
#5319 = DIRECTION ( 'NONE',  ( 3.663735981263016583E-15, -1.000000000000000000, -7.657177843178876991E-19 ) ) ;
#5320 = LINE ( 'NONE', #4886, #4826 ) ;
#5321 = CARTESIAN_POINT ( 'NONE',  ( -4.375241788773892360, 2.386298900080694896, 50.00000000000000000 ) ) ;
#5322 = CARTESIAN_POINT ( 'NONE',  ( -5.475880243922318868, 89.00178586216263454, 30.39339015613882466 ) ) ;
#5323 = CARTESIAN_POINT ( 'NONE',  ( -5.824235094193059403, 2.386298900080692231, 0.000000000000000000 ) ) ;
#5324 = ORIENTED_EDGE ( 'NONE', *, *, #7166, .F. ) ;
#5325 = VERTEX_POINT ( 'NONE', #6810 ) ;
#5326 = CARTESIAN_POINT ( 'NONE',  ( -9.975241788773896445, 18.68429699879670736, 6.649999999999998579 ) ) ;
#5327 = ADVANCED_FACE ( 'NONE', ( #4713 ), #4088, .T. ) ;
#5328 = CARTESIAN_POINT ( 'NONE',  ( -4.375241788773893248, 2.684296998796706912, 43.35000000000000853 ) ) ;
#5329 = ADVANCED_FACE ( 'NONE', ( #1817 ), #4052, .F. ) ;
#5330 = EDGE_CURVE ( 'NONE', #390, #1887, #1379, .T. ) ;
#5331 = FACE_BOUND ( 'NONE', #1928, .T. ) ;
#5332 = DIRECTION ( 'NONE',  ( -1.698444971721114129E-16, 1.000000000000000000, 7.657177843178875065E-19 ) ) ;
#5333 = CARTESIAN_POINT ( 'NONE',  ( -9.975241788773892893, 2.386298900080692675, 0.000000000000000000 ) ) ;
#5334 = EDGE_LOOP ( 'NONE', ( #1692, #725 ) ) ;
#5335 = CARTESIAN_POINT ( 'NONE',  ( -10.34190564770674570, 94.42998909243814865, -3.455201181230785235 ) ) ;
#5336 = ORIENTED_EDGE ( 'NONE', *, *, #6917, .F. ) ;
#5337 = CARTESIAN_POINT ( 'NONE',  ( 4.792068948508746651, 89.00178586216263454, -3.455201181230785235 ) ) ;
#5338 = DIRECTION ( 'NONE',  ( -1.637162635542180433E-16, 1.000000000000000000, 7.657177843178876991E-19 ) ) ;
#5339 = DIRECTION ( 'NONE',  ( -0.8660254037844407060, 0.4999999999999965583, 0.000000000000000000 ) ) ;
#5340 = DIRECTION ( 'NONE',  ( -1.000000000000000000, -3.663735981263016583E-15, -2.805387797898438817E-33 ) ) ;
#5341 = ORIENTED_EDGE ( 'NONE', *, *, #1919, .T. ) ;
#5342 = CARTESIAN_POINT ( 'NONE',  ( 0.5241197560776622577, 91.46588747730037028, -3.455201181230785235 ) ) ;
#5343 = ORIENTED_EDGE ( 'NONE', *, *, #2020, .F. ) ;
#5344 = EDGE_CURVE ( 'NONE', #225, #4672, #6878, .T. ) ;
#5345 = DIRECTION ( 'NONE',  ( 0.000000000000000000, 1.000000000000000000, 0.000000000000000000 ) ) ;
#5346 = PLANE ( 'NONE',  #3192 ) ;
#5347 = CARTESIAN_POINT ( 'NONE',  ( 0.7920689485087619719, 88.00178586216263454, 30.39339015613882466 ) ) ;
#5348 = ORIENTED_EDGE ( 'NONE', *, *, #3919, .T. ) ;
#5349 = CARTESIAN_POINT ( 'NONE',  ( -9.975241788773892893, 2.386298900080692675, 50.00000000000000000 ) ) ;
#5350 = ORIENTED_EDGE ( 'NONE', *, *, #3002, .T. ) ;
#5351 = CARTESIAN_POINT ( 'NONE',  ( -7.374235094193059226, 2.386298900080692231, 43.35000000000000853 ) ) ;
#5352 = DIRECTION ( 'NONE',  ( 8.145007187700838718E-17, -1.000000000000000000, 0.000000000000000000 ) ) ;
#5353 = CARTESIAN_POINT ( 'NONE',  ( 0.5241197560776622577, 91.46588747730037028, 25.59339015613882395 ) ) ;
#5354 = DIRECTION ( 'NONE',  ( 1.382390865693871914E-06, 0.000000000000000000, -0.9999999999990444310 ) ) ;
#5355 = CARTESIAN_POINT ( 'NONE',  ( -10.34190564770675458, 89.50178586216264875, 25.59339015613882395 ) ) ;
#5356 = VERTEX_POINT ( 'NONE', #6843 ) ;
#5357 = ORIENTED_EDGE ( 'NONE', *, *, #3102, .T. ) ;
#5358 = DIRECTION ( 'NONE',  ( -0.4999999999999968914, -0.8660254037844404840, -6.631310533488256290E-19 ) ) ;
#5359 = FACE_BOUND ( 'NONE', #2316, .T. ) ;
#5360 = EDGE_CURVE ( 'NONE', #6410, #4163, #6298, .T. ) ;
#5361 = DIRECTION ( 'NONE',  ( 0.8660254037844407060, -0.4999999999999965583, -3.828588921589411533E-19 ) ) ;
#5362 = EDGE_CURVE ( 'NONE', #1953, #5572, #5797, .T. ) ;
#5363 = FACE_OUTER_BOUND ( 'NONE', #6330, .T. ) ;
#5364 = DIRECTION ( 'NONE',  ( 0.000000000000000000, 0.000000000000000000, -1.000000000000000000 ) ) ;
#5365 = EDGE_CURVE ( 'NONE', #2405, #4177, #4888, .T. ) ;
#5366 = ORIENTED_EDGE ( 'NONE', *, *, #2285, .T. ) ;
#5367 = AXIS2_PLACEMENT_3D ( 'NONE', #613, #2840, #2024 ) ;
#5368 = LINE ( 'NONE', #5223, #1403 ) ;
#5369 = APPLICATION_CONTEXT ( 'automotive_design' ) ;
#5370 = CARTESIAN_POINT ( 'NONE',  ( 16.71809190687262259, 103.9658874773003987, 30.39339015613882466 ) ) ;
#5371 = CARTESIAN_POINT ( 'NONE',  ( -0.3752417887738929148, 2.386298900080694452, 0.000000000000000000 ) ) ;
#5372 = CARTESIAN_POINT ( 'NONE',  ( -19.58727531073194683, 86.47337027521589903, 25.59339015613882395 ) ) ;
#5373 = CARTESIAN_POINT ( 'NONE',  ( -1.475880243922336854, 95.92998909243814865, 25.59339015613882395 ) ) ;
#5374 = VECTOR ( 'NONE', #6383, 1000.000000000000000 ) ;
#5375 = ORIENTED_EDGE ( 'NONE', *, *, #6583, .F. ) ;
#5376 = ORIENTED_EDGE ( 'NONE', *, *, #6047, .F. ) ;
#5377 = AXIS2_PLACEMENT_3D ( 'NONE', #1159, #3507, #4570 ) ;
#5378 = DIRECTION ( 'NONE',  ( 3.663735981263016583E-15, -1.000000000000000000, 0.000000000000000000 ) ) ;
#5379 = DIRECTION ( 'NONE',  ( 1.344313544308534555E-09, 0.000000000000000000, -1.000000000000000000 ) ) ;
#5380 = VECTOR ( 'NONE', #3249, 999.9999999999998863 ) ;
#5381 = FACE_BOUND ( 'NONE', #3533, .T. ) ;
#5382 = ORIENTED_EDGE ( 'NONE', *, *, #6115, .T. ) ;
#5383 = FACE_OUTER_BOUND ( 'NONE', #1836, .T. ) ;
#5384 = EDGE_CURVE ( 'NONE', #1283, #3904, #2001, .T. ) ;
#5385 = ORIENTED_EDGE ( 'NONE', *, *, #3897, .F. ) ;
#5386 = DIRECTION ( 'NONE',  ( -0.8660254037844368202, -0.5000000000000032196, 0.000000000000000000 ) ) ;
#5387 = AXIS2_PLACEMENT_3D ( 'NONE', #4950, #3375, #7162 ) ;
#5388 = DIRECTION ( 'NONE',  ( -1.000000000000000000, 0.000000000000000000, 9.035018104050192173E-17 ) ) ;
#5389 = FACE_OUTER_BOUND ( 'NONE', #3608, .T. ) ;
#5390 = DIRECTION ( 'NONE',  ( 8.145007187700838718E-17, -1.000000000000000000, 0.000000000000000000 ) ) ;
#5391 = FACE_OUTER_BOUND ( 'NONE', #6509, .T. ) ;
#5392 = ORIENTED_EDGE ( 'NONE', *, *, #957, .F. ) ;
#5393 = ORIENTED_EDGE ( 'NONE', *, *, #5544, .F. ) ;
#5394 = EDGE_CURVE ( 'NONE', #2913, #1190, #1673, .T. ) ;
#5395 = DIRECTION ( 'NONE',  ( -0.000000000000000000, -0.000000000000000000, -1.000000000000000000 ) ) ;
#5396 = DIRECTION ( 'NONE',  ( 1.000000000000000000, 0.000000000000000000, -1.982614996657750461E-14 ) ) ;
#5397 = AXIS2_PLACEMENT_3D ( 'NONE', #5962, #2201, #4879 ) ;
#5398 = AXIS2_PLACEMENT_3D ( 'NONE', #295, #6404, #396 ) ;
#5399 = PLANE ( 'NONE',  #2627 ) ;
#5400 = CARTESIAN_POINT ( 'NONE',  ( 9.224758211226104621, 44.61588747730039017, 0.000000000000000000 ) ) ;
#5401 = PRODUCT_DEFINITION ( 'ๆ', '', #1115, #2760 ) ;
#5402 = DIRECTION ( 'NONE',  ( 0.000000000000000000, -7.657177843178876028E-19, 1.000000000000000000 ) ) ;
#5403 = ORIENTED_EDGE ( 'NONE', *, *, #3254, .T. ) ;
#5404 = EDGE_CURVE ( 'NONE', #6129, #679, #439, .T. ) ;
#5405 = VERTEX_POINT ( 'NONE', #5323 ) ;
#5406 = AXIS2_PLACEMENT_3D ( 'NONE', #282, #1401, #3638 ) ;
#5407 = VECTOR ( 'NONE', #923, 1000.000000000000000 ) ;
#5408 = CYLINDRICAL_SURFACE ( 'NONE', #1518, 1.050000000000000488 ) ;
#5409 = DIRECTION ( 'NONE',  ( -0.000000000000000000, -0.000000000000000000, -1.000000000000000000 ) ) ;
#5410 = LINE ( 'NONE', #4901, #69 ) ;
#5411 = VECTOR ( 'NONE', #2912, 999.9999999999998863 ) ;
#5412 = CARTESIAN_POINT ( 'NONE',  ( 9.224758211226102844, 23.68429699879670736, 50.00000000000000000 ) ) ;
#5413 = AXIS2_PLACEMENT_3D ( 'NONE', #1270, #2876, #2992 ) ;
#5414 = EDGE_CURVE ( 'NONE', #6362, #758, #3755, .T. ) ;
#5415 = ORIENTED_EDGE ( 'NONE', *, *, #3774, .F. ) ;
#5416 = EDGE_CURVE ( 'NONE', #1120, #4500, #5759, .T. ) ;
#5417 = LINE ( 'NONE', #4696, #1047 ) ;
#5418 = VECTOR ( 'NONE', #4799, 1000.000000000000000 ) ;
#5419 = EDGE_CURVE ( 'NONE', #136, #5957, #2581, .T. ) ;
#5420 = ORIENTED_EDGE ( 'NONE', *, *, #1263, .F. ) ;
#5421 = VECTOR ( 'NONE', #2402, 1000.000000000000114 ) ;
#5422 = DIRECTION ( 'NONE',  ( 0.000000000000000000, -7.657177843178876028E-19, 1.000000000000000000 ) ) ;
#5423 = CARTESIAN_POINT ( 'NONE',  ( -0.3752417887738929148, 2.386298900080694452, -3.455201181230785235 ) ) ;
#5424 = VECTOR ( 'NONE', #6235, 1000.000000000000000 ) ;
#5425 = ORIENTED_EDGE ( 'NONE', *, *, #6131, .F. ) ;
#5426 = DIRECTION ( 'NONE',  ( 1.000000000000000000, 3.330669073875469621E-15, 2.550352543544035319E-33 ) ) ;
#5427 = EDGE_LOOP ( 'NONE', ( #355, #5977, #6605, #1265, #1827 ) ) ;
#5428 = CARTESIAN_POINT ( 'NONE',  ( -0.3752417887738929148, 2.386298900080694452, -3.455201181230785235 ) ) ;
#5429 = VECTOR ( 'NONE', #4494, 1000.000000000000000 ) ;
#5430 = DIRECTION ( 'NONE',  ( 0.4999999999999965583, 0.8660254037844407060, 6.631310533488258216E-19 ) ) ;
#5431 = DIRECTION ( 'NONE',  ( -3.330669073875469621E-15, 1.000000000000000000, 0.000000000000000000 ) ) ;
#5432 = CARTESIAN_POINT ( 'NONE',  ( 9.252046155427155583, 83.96588747730039870, -3.455173064657045323 ) ) ;
#5433 = VERTEX_POINT ( 'NONE', #5908 ) ;
#5434 = ORIENTED_EDGE ( 'NONE', *, *, #3964, .F. ) ;
#5435 = DIRECTION ( 'NONE',  ( -0.8660254037844369313, -0.5000000000000029976, -3.828588921589461125E-19 ) ) ;
#5436 = PLANE ( 'NONE',  #6864 ) ;
#5437 = CARTESIAN_POINT ( 'NONE',  ( 30.42743494340632182, 63.96359609720017403, 25.59339015613882395 ) ) ;
#5438 = EDGE_CURVE ( 'NONE', #1171, #1656, #400, .T. ) ;
#5439 = CARTESIAN_POINT ( 'NONE',  ( 8.792068948508729775, 95.92998909243814865, -3.455201181230785235 ) ) ;
#5440 = DIRECTION ( 'NONE',  ( -8.145007187700838718E-17, 1.000000000000000000, -0.000000000000000000 ) ) ;
#5441 = ORIENTED_EDGE ( 'NONE', *, *, #6200, .T. ) ;
#5442 = EDGE_CURVE ( 'NONE', #185, #2623, #877, .T. ) ;
#5443 = ORIENTED_EDGE ( 'NONE', *, *, #3275, .T. ) ;
#5444 = DIRECTION ( 'NONE',  ( -1.746437689222776328E-16, -0.000000000000000000, 1.000000000000000000 ) ) ;
#5445 = CARTESIAN_POINT ( 'NONE',  ( -7.475880243922313539, 91.46588747730037028, 30.39339015613882466 ) ) ;
#5446 = CARTESIAN_POINT ( 'NONE',  ( 5.658094352293184137, 96.42998909243814865, -3.455201181230785235 ) ) ;
#5447 = CARTESIAN_POINT ( 'NONE',  ( 6.458088109256923559, 23.68429699879669315, 2.271728514395381432E-05 ) ) ;
#5448 = ORIENTED_EDGE ( 'NONE', *, *, #3160, .T. ) ;
#5449 = CARTESIAN_POINT ( 'NONE',  ( 1.658094352293207230, 94.42998909243814865, -3.455201181230785235 ) ) ;
#5450 = ORIENTED_EDGE ( 'NONE', *, *, #2574, .T. ) ;
#5451 = EDGE_CURVE ( 'NONE', #4185, #5508, #3106, .T. ) ;
#5452 = DIRECTION ( 'NONE',  ( 3.303469305462222812E-12, 2.206268152121221047E-25, 1.000000000000000000 ) ) ;
#5453 = LINE ( 'NONE', #1031, #3885 ) ;
#5454 = EDGE_CURVE ( 'NONE', #2302, #2436, #3723, .T. ) ;
#5455 = VERTEX_POINT ( 'NONE', #3690 ) ;
#5456 = LINE ( 'NONE', #6543, #496 ) ;
#5457 = ORIENTED_EDGE ( 'NONE', *, *, #1633, .T. ) ;
#5458 = DIRECTION ( 'NONE',  ( -1.172497940839745224E-06, 0.000000000000000000, -0.9999999999993126609 ) ) ;
#5459 = CYLINDRICAL_SURFACE ( 'NONE', #1655, 1.549999999999999378 ) ;
#5460 = DIRECTION ( 'NONE',  ( -1.000000000000000000, -1.550105147228230312E-16, 0.000000000000000000 ) ) ;
#5461 = CARTESIAN_POINT ( 'NONE',  ( 12.11809190687491622, 103.9658874773003987, -3.455176181230786625 ) ) ;
#5462 = EDGE_LOOP ( 'NONE', ( #6502, #4268, #925, #5149 ) ) ;
#5463 = ORIENTED_EDGE ( 'NONE', *, *, #769, .F. ) ;
#5464 = DIRECTION ( 'NONE',  ( 0.000000000000000000, 0.000000000000000000, 1.000000000000000000 ) ) ;
#5465 = CARTESIAN_POINT ( 'NONE',  ( 16.71812600482343569, 18.68429699879670380, 21.59337884695766263 ) ) ;
#5466 = LINE ( 'NONE', #1, #7049 ) ;
#5467 = CARTESIAN_POINT ( 'NONE',  ( 59.04808694251568824, 49.13564577209153583, 25.59348336501390975 ) ) ;
#5468 = PLANE ( 'NONE',  #398 ) ;
#5469 = ORIENTED_EDGE ( 'NONE', *, *, #5487, .F. ) ;
#5470 = EDGE_LOOP ( 'NONE', ( #3828, #6551, #5793, #4447 ) ) ;
#5471 = ORIENTED_EDGE ( 'NONE', *, *, #6176, .F. ) ;
#5472 = DIRECTION ( 'NONE',  ( 0.4999999999999965583, 0.8660254037844407060, 6.631310533488258216E-19 ) ) ;
#5473 = ADVANCED_FACE ( 'NONE', ( #5391 ), #2622, .F. ) ;
#5474 = CARTESIAN_POINT ( 'NONE',  ( -0.3752417887738960234, 9.386298900080694452, 0.000000000000000000 ) ) ;
#5475 = DIRECTION ( 'NONE',  ( 0.8660254037844404840, -0.4999999999999968914, 0.000000000000000000 ) ) ;
#5476 = CARTESIAN_POINT ( 'NONE',  ( -0.3419087887735961506, 83.96588747730039870, -9.216654020771249733 ) ) ;
#5477 = VECTOR ( 'NONE', #7027, 1000.000000000000000 ) ;
#5478 = ORIENTED_EDGE ( 'NONE', *, *, #5044, .F. ) ;
#5479 = DIRECTION ( 'NONE',  ( 0.000000000000000000, -1.000000000000000000, -7.657177843178876991E-19 ) ) ;
#5480 = EDGE_CURVE ( 'NONE', #4977, #4897, #2077, .T. ) ;
#5481 = ORIENTED_EDGE ( 'NONE', *, *, #2644, .F. ) ;
#5482 = VECTOR ( 'NONE', #4619, 1000.000000000000000 ) ;
#5483 = FACE_OUTER_BOUND ( 'NONE', #441, .T. ) ;
#5484 = CYLINDRICAL_SURFACE ( 'NONE', #45, 0.9999999999999987788 ) ;
#5485 = AXIS2_PLACEMENT_3D ( 'NONE', #570, #607, #4376 ) ;
#5486 = ORIENTED_EDGE ( 'NONE', *, *, #6379, .T. ) ;
#5487 = EDGE_CURVE ( 'NONE', #1413, #1939, #4860, .T. ) ;
#5488 = CARTESIAN_POINT ( 'NONE',  ( 35.29346034719069536, 72.39179932747560997, 25.59339015613882395 ) ) ;
#5489 = EDGE_CURVE ( 'NONE', #6803, #2606, #7063, .T. ) ;
#5490 = ORIENTED_EDGE ( 'NONE', *, *, #499, .T. ) ;
#5491 = CARTESIAN_POINT ( 'NONE',  ( 7.718125884778277879, 79.96588747730039870, 25.59339015613882395 ) ) ;
#5492 = PLANE ( 'NONE',  #6766 ) ;
#5493 = VECTOR ( 'NONE', #4670, 1000.000000000000000 ) ;
#5494 = CARTESIAN_POINT ( 'NONE',  ( 5.658094352293191243, 87.50178586216263454, 30.39339015613882466 ) ) ;
#5495 = CARTESIAN_POINT ( 'NONE',  ( 9.658094352293174367, 94.42998909243814865, -3.455201181230785235 ) ) ;
#5496 = ORIENTED_EDGE ( 'NONE', *, *, #6367, .T. ) ;
#5497 = VERTEX_POINT ( 'NONE', #2548 ) ;
#5498 = DIRECTION ( 'NONE',  ( -0.8660254037844368202, -0.5000000000000032196, -3.828588921589462570E-19 ) ) ;
#5499 = DIRECTION ( 'NONE',  ( -1.000000000000000000, 0.000000000000000000, 0.000000000000000000 ) ) ;
#5500 = VECTOR ( 'NONE', #1658, 1000.000000000000000 ) ;
#5501 = EDGE_CURVE ( 'NONE', #3420, #340, #4786, .T. ) ;
#5502 = LINE ( 'NONE', #4997, #5429 ) ;
#5503 = DIRECTION ( 'NONE',  ( 3.663735981263016583E-15, -1.000000000000000000, 0.000000000000000000 ) ) ;
#5504 = VECTOR ( 'NONE', #5014, 1000.000000000000000 ) ;
#5505 = CARTESIAN_POINT ( 'NONE',  ( -11.20793105149119029, 89.00178586216263454, 25.59339015613882395 ) ) ;
#5506 = VERTEX_POINT ( 'NONE', #5355 ) ;
#5507 = VERTEX_POINT ( 'NONE', #2658 ) ;
#5508 = VERTEX_POINT ( 'NONE', #1558 ) ;
#5509 = CARTESIAN_POINT ( 'NONE',  ( 10.52411975607761541, 89.00178586216263454, -3.455201181230785235 ) ) ;
#5510 = AXIS2_PLACEMENT_3D ( 'NONE', #6947, #5936, #2513 ) ;
#5511 = PLANE ( 'NONE',  #1353 ) ;
#5512 = DIRECTION ( 'NONE',  ( 1.000000000000000000, 0.000000000000000000, 0.000000000000000000 ) ) ;
#5513 = CARTESIAN_POINT ( 'NONE',  ( 0.7920689485087627491, 95.92998909243814865, 25.59339015613882395 ) ) ;
#5514 = VECTOR ( 'NONE', #5274, 1000.000000000000000 ) ;
#5515 = VECTOR ( 'NONE', #788, 1000.000000000000000 ) ;
#5516 = VERTEX_POINT ( 'NONE', #6982 ) ;
#5517 = ADVANCED_FACE ( 'NONE', ( #2043 ), #6515, .T. ) ;
#5518 = CARTESIAN_POINT ( 'NONE',  ( 3.658094352293198792, 90.96588747730038449, -3.455201181230785235 ) ) ;
#5519 = VERTEX_POINT ( 'NONE', #5287 ) ;
#5520 = ADVANCED_FACE ( 'NONE', ( #470 ), #3246, .F. ) ;
#5521 = VECTOR ( 'NONE', #362, 1000.000000000000000 ) ;
#5522 = AXIS2_PLACEMENT_3D ( 'NONE', #79, #4710, #6335 ) ;
#5523 = LINE ( 'NONE', #1106, #964 ) ;
#5524 = EDGE_CURVE ( 'NONE', #7007, #6739, #4957, .T. ) ;
#5525 = CARTESIAN_POINT ( 'NONE',  ( -17.40190320228619925, 83.96588747730039870, -3.455174545975395084 ) ) ;
#5526 = VECTOR ( 'NONE', #7168, 1000.000000000000000 ) ;
#5527 = ORIENTED_EDGE ( 'NONE', *, *, #6868, .T. ) ;
#5528 = VERTEX_POINT ( 'NONE', #5461 ) ;
#5529 = DIRECTION ( 'NONE',  ( -0.8660254037844369313, -0.5000000000000029976, -3.828588921589461125E-19 ) ) ;
#5530 = VECTOR ( 'NONE', #5877, 1000.000000000000000 ) ;
#5531 = CARTESIAN_POINT ( 'NONE',  ( 4.624758211226099647, 48.52108882770207288, 25.59340813070138410 ) ) ;
#5532 = CARTESIAN_POINT ( 'NONE',  ( -5.207931051491013541, 31.90447354320625450, 25.59339015613882395 ) ) ;
#5533 = CARTESIAN_POINT ( 'NONE',  ( 16.71812600482342859, 52.40086587357522774, 21.59337884695766263 ) ) ;
#5534 = ORIENTED_EDGE ( 'NONE', *, *, #450, .T. ) ;
#5535 = EDGE_CURVE ( 'NONE', #2440, #4456, #2692, .T. ) ;
#5536 = EDGE_LOOP ( 'NONE', ( #2061, #3257, #3842, #3213, #2294, #3270, #1778, #4525, #4317, #5754, #83, #2770 ) ) ;
#5537 = CARTESIAN_POINT ( 'NONE',  ( -9.475880243922304658, 89.00178586216263454, 25.59339015613882395 ) ) ;
#5538 = VECTOR ( 'NONE', #1173, 1000.000000000000000 ) ;
#5539 = FACE_OUTER_BOUND ( 'NONE', #4787, .T. ) ;
#5540 = FACE_OUTER_BOUND ( 'NONE', #1894, .T. ) ;
#5541 = VECTOR ( 'NONE', #700, 1000.000000000000000 ) ;
#5542 = DIRECTION ( 'NONE',  ( 0.000000000000000000, 0.000000000000000000, 1.000000000000000000 ) ) ;
#5543 = CARTESIAN_POINT ( 'NONE',  ( -5.375241788773899465, 48.52110398284656156, 25.59339430679272809 ) ) ;
#5544 = EDGE_CURVE ( 'NONE', #3584, #1899, #3893, .T. ) ;
#5545 = VERTEX_POINT ( 'NONE', #3826 ) ;
#5546 = ORIENTED_EDGE ( 'NONE', *, *, #6269, .F. ) ;
#5547 = ORIENTED_EDGE ( 'NONE', *, *, #5454, .F. ) ;
#5548 = LINE ( 'NONE', #7178, #4221 ) ;
#5549 = CARTESIAN_POINT ( 'NONE',  ( 2.524119756077647381, 89.00178586216263454, -3.455201181230785235 ) ) ;
#5550 = DIRECTION ( 'NONE',  ( 1.000000000000000000, 0.000000000000000000, 0.000000000000000000 ) ) ;
#5551 = CARTESIAN_POINT ( 'NONE',  ( -11.20793105149119029, 88.00178586216263454, 25.59339015613882395 ) ) ;
#5552 = ORIENTED_EDGE ( 'NONE', *, *, #4131, .F. ) ;
#5553 = ORIENTED_EDGE ( 'NONE', *, *, #4286, .F. ) ;
#5554 = CARTESIAN_POINT ( 'NONE',  ( -5.375241788773896801, 23.68429699879670380, 48.24852314737201908 ) ) ;
#5555 = CARTESIAN_POINT ( 'NONE',  ( -1.475880243922335966, 89.00178586216263454, -3.455201181230785235 ) ) ;
#5556 = CYLINDRICAL_SURFACE ( 'NONE', #6091, 4.000000000000000000 ) ;
#5557 = ORIENTED_EDGE ( 'NONE', *, *, #3883, .F. ) ;
#5558 = LINE ( 'NONE', #1007, #3293 ) ;
#5559 = ORIENTED_EDGE ( 'NONE', *, *, #3743, .T. ) ;
#5560 = DIRECTION ( 'NONE',  ( -0.000000000000000000, -0.000000000000000000, 1.000000000000000000 ) ) ;
#5561 = EDGE_CURVE ( 'NONE', #5122, #595, #1621, .T. ) ;
#5562 = DIRECTION ( 'NONE',  ( -0.4999999999999968914, -0.8660254037844404840, -6.631310533488256290E-19 ) ) ;
#5563 = DIRECTION ( 'NONE',  ( -0.4999999999999968914, -0.8660254037844404840, -6.631310533488256290E-19 ) ) ;
#5564 = DIRECTION ( 'NONE',  ( -0.8660254037844407060, 0.4999999999999965583, 3.828588921589411533E-19 ) ) ;
#5565 = VERTEX_POINT ( 'NONE', #2208 ) ;
#5566 = LINE ( 'NONE', #2183, #3981 ) ;
#5567 = CARTESIAN_POINT ( 'NONE',  ( -7.141905262683021505, 23.68429699879670380, 3.916778531422497992E-06 ) ) ;
#5568 = CARTESIAN_POINT ( 'NONE',  ( 9.224758211226104621, -7.213701099919302528, 43.35000000000000853 ) ) ;
#5569 = DIRECTION ( 'NONE',  ( -3.330669073875469621E-15, 1.000000000000000000, 0.000000000000000000 ) ) ;
#5570 = DIRECTION ( 'NONE',  ( 0.8660254037844407060, -0.4999999999999965583, -3.828588921589411533E-19 ) ) ;
#5571 = ORIENTED_EDGE ( 'NONE', *, *, #7089, .T. ) ;
#5572 = VERTEX_POINT ( 'NONE', #504 ) ;
#5573 = ORIENTED_EDGE ( 'NONE', *, *, #4658, .F. ) ;
#5574 = FACE_BOUND ( 'NONE', #5197, .T. ) ;
#5575 = EDGE_CURVE ( 'NONE', #7059, #4489, #6102, .T. ) ;
#5576 = EDGE_CURVE ( 'NONE', #2279, #2603, #6654, .T. ) ;
#5577 = EDGE_CURVE ( 'NONE', #5572, #858, #635, .T. ) ;
#5578 = CARTESIAN_POINT ( 'NONE',  ( 1.658094352293200346, 96.42998909243814865, 30.39339015613882466 ) ) ;
#5579 = DIRECTION ( 'NONE',  ( -0.000000000000000000, -0.000000000000000000, 1.000000000000000000 ) ) ;
#5580 = EDGE_CURVE ( 'NONE', #6719, #5240, #3201, .T. ) ;
#5581 = DIRECTION ( 'NONE',  ( -3.330669073875469621E-15, 1.000000000000000000, 7.657177843178876991E-19 ) ) ;
#5582 = EDGE_LOOP ( 'NONE', ( #7015, #3921, #5247, #576 ) ) ;
#5583 = LINE ( 'NONE', #596, #5950 ) ;
#5584 = VERTEX_POINT ( 'NONE', #2179 ) ;
#5585 = EDGE_CURVE ( 'NONE', #1268, #1155, #3856, .T. ) ;
#5586 = LINE ( 'NONE', #4583, #1544 ) ;
#5587 = LINE ( 'NONE', #3301, #2833 ) ;
#5588 = VECTOR ( 'NONE', #3218, 1000.000000000000114 ) ;
#5589 = DIRECTION ( 'NONE',  ( 1.637162635542180433E-16, -1.000000000000000000, -7.657177843178875065E-19 ) ) ;
#5590 = ORIENTED_EDGE ( 'NONE', *, *, #4844, .F. ) ;
#5591 = FILL_AREA_STYLE_COLOUR ( '', #5609 ) ;
#5592 = VERTEX_POINT ( 'NONE', #6073 ) ;
#5593 = AXIS2_PLACEMENT_3D ( 'NONE', #2498, #2534, #4218 ) ;
#5594 = DIRECTION ( 'NONE',  ( -3.663735981263016583E-15, 1.000000000000000000, 7.657177843178876028E-19 ) ) ;
#5595 = CARTESIAN_POINT ( 'NONE',  ( -3.207931051491222707, 94.92998909243814865, -3.455201181230785235 ) ) ;
#5596 = DIRECTION ( 'NONE',  ( 0.8660254037844369313, 0.5000000000000029976, 0.000000000000000000 ) ) ;
#5597 = VECTOR ( 'NONE', #1551, 1000.000000000000000 ) ;
#5598 = CARTESIAN_POINT ( 'NONE',  ( -0.3752417887738929148, 2.386298900080694452, 6.649999999999995914 ) ) ;
#5599 = EDGE_CURVE ( 'NONE', #6536, #225, #1012, .T. ) ;
#5600 = VERTEX_POINT ( 'NONE', #31 ) ;
#5601 = DIRECTION ( 'NONE',  ( -6.698291772840976747E-17, 1.000000000000000000, 1.339658354568195349E-16 ) ) ;
#5602 = PLANE ( 'NONE',  #5367 ) ;
#5603 = VECTOR ( 'NONE', #3726, 999.9999999999998863 ) ;
#5604 = CARTESIAN_POINT ( 'NONE',  ( -17.40190320228619569, 79.96588747730037028, 25.59338352066268030 ) ) ;
#5605 = CARTESIAN_POINT ( 'NONE',  ( 6.792068948508738657, 92.46588747730038449, 30.39339015613882466 ) ) ;
#5606 = DIRECTION ( 'NONE',  ( 0.000000000000000000, -7.657177843178876028E-19, 1.000000000000000000 ) ) ;
#5607 = EDGE_CURVE ( 'NONE', #1503, #2063, #2284, .T. ) ;
#5608 = ORIENTED_EDGE ( 'NONE', *, *, #5330, .T. ) ;
#5609 = COLOUR_RGB ( '',0.7921568627450980005, 0.8196078431372548767, 0.9333333333333333481 ) ;
#5610 = ORIENTED_EDGE ( 'NONE', *, *, #1727, .T. ) ;
#5611 = ORIENTED_EDGE ( 'NONE', *, *, #3002, .F. ) ;
#5612 = ORIENTED_EDGE ( 'NONE', *, *, #5003, .T. ) ;
#5613 = LINE ( 'NONE', #2363, #1296 ) ;
#5614 = AXIS2_PLACEMENT_3D ( 'NONE', #3783, #461, #2097 ) ;
#5615 = FACE_OUTER_BOUND ( 'NONE', #5998, .T. ) ;
#5616 = CARTESIAN_POINT ( 'NONE',  ( 9.908091211226082606, 83.96588747730039870, 23.53334597922873428 ) ) ;
#5617 = EDGE_CURVE ( 'NONE', #5848, #6329, #1076, .T. ) ;
#5618 = EDGE_LOOP ( 'NONE', ( #1289, #6598 ) ) ;
#5619 = VECTOR ( 'NONE', #6511, 1000.000000000000000 ) ;
#5620 = CARTESIAN_POINT ( 'NONE',  ( 16.71824939696524126, 52.44842449655348560, 8.118300032751756490 ) ) ;
#5621 = EDGE_LOOP ( 'NONE', ( #219, #1601, #3122, #5348 ) ) ;
#5622 = DIRECTION ( 'NONE',  ( -0.8660254037844368202, -0.5000000000000032196, 0.000000000000000000 ) ) ;
#5623 = VECTOR ( 'NONE', #1439, 1000.000000000000000 ) ;
#5624 = EDGE_CURVE ( 'NONE', #2652, #634, #6110, .T. ) ;
#5625 = LINE ( 'NONE', #6641, #4712 ) ;
#5626 = CARTESIAN_POINT ( 'NONE',  ( 16.71813144998273160, 18.68429699879670736, 25.59342484847009302 ) ) ;
#5627 = VECTOR ( 'NONE', #6278, 1000.000000000000000 ) ;
#5628 = LINE ( 'NONE', #641, #1666 ) ;
#5629 = EDGE_CURVE ( 'NONE', #2188, #1520, #3351, .T. ) ;
#5630 = ORIENTED_EDGE ( 'NONE', *, *, #4599, .T. ) ;
#5631 = CARTESIAN_POINT ( 'NONE',  ( 8.792068948508729775, 94.92998909243814865, 30.39339015613882466 ) ) ;
#5632 = VECTOR ( 'NONE', #5647, 1000.000000000000000 ) ;
#5633 = ORIENTED_EDGE ( 'NONE', *, *, #3382, .F. ) ;
#5634 = VECTOR ( 'NONE', #5812, 1000.000000000000000 ) ;
#5635 = CARTESIAN_POINT ( 'NONE',  ( 5.658094352293183249, 96.42998909243813443, 25.59339015613882395 ) ) ;
#5636 = ADVANCED_FACE ( 'NONE', ( #6690 ), #3929, .T. ) ;
#5637 = CARTESIAN_POINT ( 'NONE',  ( 8.175764905806939709, 2.386298900080696672, 0.000000000000000000 ) ) ;
#5638 = CIRCLE ( 'NONE', #2377, 1.050000000000000488 ) ;
#5639 = CIRCLE ( 'NONE', #6098, 1.549999999999999378 ) ;
#5640 = PLANE ( 'NONE',  #4721 ) ;
#5641 = EDGE_LOOP ( 'NONE', ( #6542, #5220 ) ) ;
#5642 = CARTESIAN_POINT ( 'NONE',  ( -9.475880243922304658, 89.00178586216263454, -3.455201181230785235 ) ) ;
#5643 = ORIENTED_EDGE ( 'NONE', *, *, #1263, .T. ) ;
#5644 = VECTOR ( 'NONE', #956, 1000.000000000000000 ) ;
#5645 = DIRECTION ( 'NONE',  ( 0.000000000000000000, 0.000000000000000000, 1.000000000000000000 ) ) ;
#5646 = CARTESIAN_POINT ( 'NONE',  ( 0.7920689485087627491, 95.92998909243814865, -3.455201181230785235 ) ) ;
#5647 = DIRECTION ( 'NONE',  ( -9.109736889031209745E-17, 0.7388106165934297254, -0.6739131047908448746 ) ) ;
#5648 = VERTEX_POINT ( 'NONE', #4519 ) ;
#5649 = AXIS2_PLACEMENT_3D ( 'NONE', #1391, #4764, #6930 ) ;
#5650 = ORIENTED_EDGE ( 'NONE', *, *, #3426, .F. ) ;
#5651 = ORIENTED_EDGE ( 'NONE', *, *, #4398, .F. ) ;
#5652 = ORIENTED_EDGE ( 'NONE', *, *, #18, .F. ) ;
#5653 = DIRECTION ( 'NONE',  ( -1.000000000000000000, -1.637162635542180433E-16, 0.000000000000000000 ) ) ;
#5654 = EDGE_CURVE ( 'NONE', #6382, #3505, #72, .T. ) ;
#5655 = PRODUCT_CONTEXT ( 'NONE', #4999, 'mechanical' ) ;
#5656 = DIRECTION ( 'NONE',  ( 0.8660254037844369313, 0.5000000000000029976, 3.828588921589461125E-19 ) ) ;
#5657 = LINE ( 'NONE', #1714, #7021 ) ;
#5658 = EDGE_CURVE ( 'NONE', #606, #1622, #3960, .T. ) ;
#5659 = ORIENTED_EDGE ( 'NONE', *, *, #6155, .F. ) ;
#5660 = PLANE ( 'NONE',  #368 ) ;
#5661 = ORIENTED_EDGE ( 'NONE', *, *, #5792, .F. ) ;
#5662 = EDGE_LOOP ( 'NONE', ( #4470, #5075, #5207, #2300 ) ) ;
#5663 = CARTESIAN_POINT ( 'NONE',  ( -8.401937866840325952, 91.21413387534181538, 25.59338794779474924 ) ) ;
#5664 = CARTESIAN_POINT ( 'NONE',  ( -8.341905647706754579, 90.96588747730038449, 30.39339015613882466 ) ) ;
#5665 = DIRECTION ( 'NONE',  ( -1.000000000000000000, 0.000000000000000000, 0.000000000000000000 ) ) ;
#5666 = CARTESIAN_POINT ( 'NONE',  ( 0.7920689485087627491, 94.92998909243814865, -3.455201181230785235 ) ) ;
#5667 = DIRECTION ( 'NONE',  ( 0.000000000000000000, -7.657177843178876028E-19, 1.000000000000000000 ) ) ;
#5668 = VERTEX_POINT ( 'NONE', #2432 ) ;
#5669 = EDGE_LOOP ( 'NONE', ( #6664, #3559, #2572, #5248 ) ) ;
#5670 = DIRECTION ( 'NONE',  ( 0.000000000000000000, -7.657177843178876028E-19, 1.000000000000000000 ) ) ;
#5671 = EDGE_LOOP ( 'NONE', ( #1811, #5534, #2734, #5072, #1434, #1351 ) ) ;
#5672 = EDGE_CURVE ( 'NONE', #224, #1953, #5638, .T. ) ;
#5673 = FACE_OUTER_BOUND ( 'NONE', #1488, .T. ) ;
#5674 = DIRECTION ( 'NONE',  ( -0.5234489637901382775, -8.634954373414331279E-17, 0.8520570299616280208 ) ) ;
#5675 = ADVANCED_FACE ( 'NONE', ( #4080 ), #6254, .T. ) ;
#5676 = CARTESIAN_POINT ( 'NONE',  ( -5.475880243922321533, 89.00178586216263454, -3.455201181230785235 ) ) ;
#5677 = VERTEX_POINT ( 'NONE', #1264 ) ;
#5678 = CARTESIAN_POINT ( 'NONE',  ( -9.475880243922308210, 95.92998909243813443, 30.39339015613882466 ) ) ;
#5679 = EDGE_LOOP ( 'NONE', ( #706, #2127, #3886, #1671 ) ) ;
#5680 = ORIENTED_EDGE ( 'NONE', *, *, #2642, .T. ) ;
#5681 = PLANE ( 'NONE',  #4029 ) ;
#5682 = LINE ( 'NONE', #3025, #5421 ) ;
#5683 = CARTESIAN_POINT ( 'NONE',  ( 38.29346034719068115, 77.58795175018227042, 25.59339015613882395 ) ) ;
#5684 = EDGE_LOOP ( 'NONE', ( #5043, #2217, #3016, #54 ) ) ;
#5685 = ORIENTED_EDGE ( 'NONE', *, *, #3399, .T. ) ;
#5686 = EDGE_LOOP ( 'NONE', ( #3868, #5231, #4374, #2535 ) ) ;
#5687 = ORIENTED_EDGE ( 'NONE', *, *, #2949, .F. ) ;
#5688 = ADVANCED_FACE ( 'NONE', ( #2903 ), #141, .T. ) ;
#5689 = DIRECTION ( 'NONE',  ( 8.145007187700838718E-17, -1.000000000000000000, -0.000000000000000000 ) ) ;
#5690 = DIRECTION ( 'NONE',  ( -4.336808679518465302E-16, 1.000000000000000000, 7.657177843178876028E-19 ) ) ;
#5691 = LINE ( 'NONE', #1898, #2259 ) ;
#5692 = ORIENTED_EDGE ( 'NONE', *, *, #3321, .F. ) ;
#5693 = ADVANCED_FACE ( 'NONE', ( #5708 ), #2942, .T. ) ;
#5694 = CARTESIAN_POINT ( 'NONE',  ( 5.658094352293191243, 87.50178586216263454, -3.455201181230785235 ) ) ;
#5695 = ORIENTED_EDGE ( 'NONE', *, *, #2799, .T. ) ;
#5696 = VERTEX_POINT ( 'NONE', #6905 ) ;
#5697 = CARTESIAN_POINT ( 'NONE',  ( -9.784195482811929523, 52.40086587357522063, 8.118299997124156064 ) ) ;
#5698 = CARTESIAN_POINT ( 'NONE',  ( 1.658094352293207230, 94.42998909243814865, 30.39339015613882466 ) ) ;
#5699 = LINE ( 'NONE', #4584, #5048 ) ;
#5700 = FACE_OUTER_BOUND ( 'NONE', #1059, .T. ) ;
#5701 = ORIENTED_EDGE ( 'NONE', *, *, #5404, .T. ) ;
#5702 = EDGE_CURVE ( 'NONE', #2583, #5668, #6800, .T. ) ;
#5703 = VERTEX_POINT ( 'NONE', #3532 ) ;
#5704 = CARTESIAN_POINT ( 'NONE',  ( 12.11809190687492865, 31.90447354320630780, -3.455176181230786625 ) ) ;
#5705 = VERTEX_POINT ( 'NONE', #1337 ) ;
#5706 = CARTESIAN_POINT ( 'NONE',  ( -0.3752417887738916935, -4.613701099919306436, 50.00000000000000000 ) ) ;
#5707 = CARTESIAN_POINT ( 'NONE',  ( 34.42743494340625432, 70.89179932747563839, 25.59339015613882395 ) ) ;
#5708 = FACE_OUTER_BOUND ( 'NONE', #6285, .T. ) ;
#5709 = EDGE_CURVE ( 'NONE', #2716, #7176, #103, .T. ) ;
#5710 = EDGE_CURVE ( 'NONE', #3877, #4148, #3018, .T. ) ;
#5711 = ORIENTED_EDGE ( 'NONE', *, *, #2399, .F. ) ;
#5712 = DIRECTION ( 'NONE',  ( -0.8660254037844407060, 0.4999999999999965583, 3.828588921589411533E-19 ) ) ;
#5713 = ORIENTED_EDGE ( 'NONE', *, *, #3701, .T. ) ;
#5714 = ORIENTED_EDGE ( 'NONE', *, *, #2631, .F. ) ;
#5715 = PLANE ( 'NONE',  #424 ) ;
#5716 = VECTOR ( 'NONE', #4508, 999.9999999999998863 ) ;
#5717 = CARTESIAN_POINT ( 'NONE',  ( 0.7920689485087627491, 95.92998909243814865, 30.39339015613882466 ) ) ;
#5718 = LINE ( 'NONE', #2993, #1331 ) ;
#5719 = VERTEX_POINT ( 'NONE', #4000 ) ;
#5720 = ORIENTED_EDGE ( 'NONE', *, *, #5136, .T. ) ;
#5721 = EDGE_CURVE ( 'NONE', #1368, #4489, #765, .T. ) ;
#5722 = VERTEX_POINT ( 'NONE', #1880 ) ;
#5723 = VECTOR ( 'NONE', #6265, 1000.000000000000000 ) ;
#5724 = DIRECTION ( 'NONE',  ( -1.091152692702142892E-32, 1.339658354568195596E-16, -1.000000000000000000 ) ) ;
#5725 = CARTESIAN_POINT ( 'NONE',  ( 33.42743494340626853, 69.15974851990677053, 25.59339015613882395 ) ) ;
#5726 = LINE ( 'NONE', #5182, #2045 ) ;
#5727 = CARTESIAN_POINT ( 'NONE',  ( -1.207931051491022201, 31.90447354320626872, 25.59339015613882395 ) ) ;
#5728 = VECTOR ( 'NONE', #1769, 999.9999999999998863 ) ;
#5729 = ORIENTED_EDGE ( 'NONE', *, *, #3806, .F. ) ;
#5730 = FACE_OUTER_BOUND ( 'NONE', #3482, .T. ) ;
#5731 = VERTEX_POINT ( 'NONE', #5202 ) ;
#5732 = AXIS2_PLACEMENT_3D ( 'NONE', #6283, #6318, #5785 ) ;
#5733 = ORIENTED_EDGE ( 'NONE', *, *, #5709, .F. ) ;
#5734 = CARTESIAN_POINT ( 'NONE',  ( 3.624758211226104088, 22.37879318115072991, 50.00000000000000000 ) ) ;
#5735 = CARTESIAN_POINT ( 'NONE',  ( -9.784195482830901014, 83.96588747730039870, 19.48643130161075021 ) ) ;
#5736 = PLANE ( 'NONE',  #976 ) ;
#5737 = DIRECTION ( 'NONE',  ( 3.330669073875469621E-15, -1.000000000000000000, -7.657177843178876028E-19 ) ) ;
#5738 = CARTESIAN_POINT ( 'NONE',  ( -8.584195482830899948, 83.96588747730039870, 19.48643130160574799 ) ) ;
#5739 = EDGE_CURVE ( 'NONE', #758, #2716, #3574, .T. ) ;
#5740 = VECTOR ( 'NONE', #5961, 1000.000000000000000 ) ;
#5741 = ORIENTED_EDGE ( 'NONE', *, *, #4166, .T. ) ;
#5742 = VERTEX_POINT ( 'NONE', #6174 ) ;
#5743 = DIRECTION ( 'NONE',  ( 1.637162635542180680E-16, -1.000000000000000000, 0.000000000000000000 ) ) ;
#5744 = ADVANCED_FACE ( 'NONE', ( #3459 ), #4045, .T. ) ;
#5745 = ORIENTED_EDGE ( 'NONE', *, *, #6538, .T. ) ;
#5746 = VECTOR ( 'NONE', #3999, 999.9999999999998863 ) ;
#5747 = AXIS2_PLACEMENT_3D ( 'NONE', #2531, #5340, #237 ) ;
#5748 = EDGE_CURVE ( 'NONE', #6807, #2667, #5162, .T. ) ;
#5749 = DIRECTION ( 'NONE',  ( -0.000000000000000000, -1.000000000000000000, -0.000000000000000000 ) ) ;
#5750 = DIRECTION ( 'NONE',  ( 3.663735981263016583E-15, -1.000000000000000000, -7.657177843178876991E-19 ) ) ;
#5751 = ADVANCED_FACE ( 'NONE', ( #4115 ), #5640, .F. ) ;
#5752 = AXIS2_PLACEMENT_3D ( 'NONE', #2307, #3920, #6165 ) ;
#5753 = CIRCLE ( 'NONE', #6908, 1.050000000000000488 ) ;
#5754 = ORIENTED_EDGE ( 'NONE', *, *, #2784, .T. ) ;
#5755 = CARTESIAN_POINT ( 'NONE',  ( -5.824235094193059403, 2.386298900080692231, 6.649999999999995914 ) ) ;
#5756 = ORIENTED_EDGE ( 'NONE', *, *, #3931, .F. ) ;
#5757 = ORIENTED_EDGE ( 'NONE', *, *, #3883, .T. ) ;
#5758 = ADVANCED_FACE ( 'NONE', ( #650 ), #2349, .T. ) ;
#5759 = CIRCLE ( 'NONE', #3667, 9.599999999999997868 ) ;
#5760 = CIRCLE ( 'NONE', #5413, 1.050000000000000488 ) ;
#5761 = DIRECTION ( 'NONE',  ( -0.9999999999999982236, 0.000000000000000000, 5.902893091651518852E-08 ) ) ;
#5762 = DIRECTION ( 'NONE',  ( 0.8660254037844368202, 0.5000000000000032196, 3.828588921589462088E-19 ) ) ;
#5763 = ADVANCED_FACE ( 'NONE', ( #2466 ), #2871, .F. ) ;
#5764 = FACE_OUTER_BOUND ( 'NONE', #3495, .T. ) ;
#5765 = ORIENTED_EDGE ( 'NONE', *, *, #6131, .T. ) ;
#5766 = ORIENTED_EDGE ( 'NONE', *, *, #5029, .T. ) ;
#5767 = VECTOR ( 'NONE', #418, 1000.000000000000000 ) ;
#5768 = FACE_OUTER_BOUND ( 'NONE', #5669, .T. ) ;
#5769 = CIRCLE ( 'NONE', #2619, 9.599999999999997868 ) ;
#5770 = EDGE_CURVE ( 'NONE', #4119, #6629, #1402, .T. ) ;
#5771 = FACE_OUTER_BOUND ( 'NONE', #4662, .T. ) ;
#5772 = VECTOR ( 'NONE', #591, 1000.000000000000000 ) ;
#5773 = EDGE_CURVE ( 'NONE', #203, #6400, #7011, .T. ) ;
#5774 = LINE ( 'NONE', #158, #4722 ) ;
#5775 = ORIENTED_EDGE ( 'NONE', *, *, #4760, .F. ) ;
#5776 = LINE ( 'NONE', #306, #5374 ) ;
#5777 = VECTOR ( 'NONE', #5150, 1000.000000000000000 ) ;
#5778 = ORIENTED_EDGE ( 'NONE', *, *, #1022, .T. ) ;
#5779 = DIRECTION ( 'NONE',  ( -0.9999999999990444310, 0.000000000000000000, -1.382390865693872338E-06 ) ) ;
#5780 = DIRECTION ( 'NONE',  ( 0.000000000000000000, -7.657177843178876991E-19, 1.000000000000000000 ) ) ;
#5781 = DIRECTION ( 'NONE',  ( 0.000000000000000000, 7.657177843178876028E-19, -1.000000000000000000 ) ) ;
#5782 = FACE_OUTER_BOUND ( 'NONE', #6299, .T. ) ;
#5783 = EDGE_LOOP ( 'NONE', ( #545, #3606, #1221, #2669, #6977, #776, #3807, #6150, #3756, #1243, #4714, #717, #7184 ) ) ;
#5784 = VERTEX_POINT ( 'NONE', #5347 ) ;
#5785 = DIRECTION ( 'NONE',  ( 8.145007187700838718E-17, -1.000000000000000000, 0.000000000000000000 ) ) ;
#5786 = ORIENTED_EDGE ( 'NONE', *, *, #6503, .T. ) ;
#5787 = FACE_OUTER_BOUND ( 'NONE', #6553, .T. ) ;
#5788 = DIRECTION ( 'NONE',  ( 0.000000000000000000, -7.657177843178876028E-19, 1.000000000000000000 ) ) ;
#5789 = DIRECTION ( 'NONE',  ( -0.4999999999999968914, -0.8660254037844404840, -6.631310533488256290E-19 ) ) ;
#5790 = ORIENTED_EDGE ( 'NONE', *, *, #559, .T. ) ;
#5791 = LINE ( 'NONE', #797, #5960 ) ;
#5792 = EDGE_CURVE ( 'NONE', #4664, #3590, #351, .T. ) ;
#5793 = ORIENTED_EDGE ( 'NONE', *, *, #4865, .T. ) ;
#5794 = ORIENTED_EDGE ( 'NONE', *, *, #6314, .T. ) ;
#5795 = CYLINDRICAL_SURFACE ( 'NONE', #1433, 1.549999999999999378 ) ;
#5796 = DIRECTION ( 'NONE',  ( -3.330669073875469621E-15, 1.000000000000000000, 0.000000000000000000 ) ) ;
#5797 = LINE ( 'NONE', #802, #1788 ) ;
#5798 = EDGE_LOOP ( 'NONE', ( #4106, #299, #6676, #2455 ) ) ;
#5799 = EDGE_LOOP ( 'NONE', ( #3837, #3641, #1913, #1332, #2819, #4277 ) ) ;
#5800 = ORIENTED_EDGE ( 'NONE', *, *, #6586, .F. ) ;
#5801 = FACE_BOUND ( 'NONE', #4090, .T. ) ;
#5802 = CARTESIAN_POINT ( 'NONE',  ( -0.3752417887738916935, -4.613701099919306436, 0.000000000000000000 ) ) ;
#5803 = ORIENTED_EDGE ( 'NONE', *, *, #4353, .T. ) ;
#5804 = EDGE_CURVE ( 'NONE', #5957, #4185, #3128, .T. ) ;
#5805 = ADVANCED_FACE ( 'NONE', ( #3640 ), #4296, .F. ) ;
#5806 = LINE ( 'NONE', #231, #1052 ) ;
#5807 = EDGE_CURVE ( 'NONE', #4672, #611, #6366, .T. ) ;
#5808 = ORIENTED_EDGE ( 'NONE', *, *, #4707, .F. ) ;
#5809 = ORIENTED_EDGE ( 'NONE', *, *, #7130, .F. ) ;
#5810 = LINE ( 'NONE', #6354, #535 ) ;
#5811 = CARTESIAN_POINT ( 'NONE',  ( -8.401937866840320623, 23.68429699879671801, 25.59339012271572145 ) ) ;
#5812 = DIRECTION ( 'NONE',  ( -3.663735981263016583E-15, 1.000000000000000000, 7.657177843178876028E-19 ) ) ;
#5813 = CARTESIAN_POINT ( 'NONE',  ( -10.34190564770675280, 96.42998909243814865, 30.39339015613882466 ) ) ;
#5814 = ORIENTED_EDGE ( 'NONE', *, *, #7113, .F. ) ;
#5815 = VERTEX_POINT ( 'NONE', #320 ) ;
#5816 = DIRECTION ( 'NONE',  ( -0.8660254037844368202, -0.5000000000000032196, 0.000000000000000000 ) ) ;
#5817 = EDGE_CURVE ( 'NONE', #2756, #3420, #6397, .T. ) ;
#5818 = ORIENTED_EDGE ( 'NONE', *, *, #2461, .T. ) ;
#5819 = DIRECTION ( 'NONE',  ( 8.145007187700838718E-17, -1.000000000000000000, -0.000000000000000000 ) ) ;
#5820 = CARTESIAN_POINT ( 'NONE',  ( -17.40190320228620280, 103.9658874773003987, -3.455174545975395084 ) ) ;
#5821 = CARTESIAN_POINT ( 'NONE',  ( -9.975241788773896445, 23.68429699879670736, 50.00000000000000000 ) ) ;
#5822 = VERTEX_POINT ( 'NONE', #865 ) ;
#5823 = CARTESIAN_POINT ( 'NONE',  ( -6.341905647706769678, 89.50178586216263454, -3.455201181230785235 ) ) ;
#5824 = ORIENTED_EDGE ( 'NONE', *, *, #4731, .T. ) ;
#5825 = VERTEX_POINT ( 'NONE', #1957 ) ;
#5826 = CARTESIAN_POINT ( 'NONE',  ( -2.341905647706783888, 89.50178586216263454, -3.455201181230785235 ) ) ;
#5827 = EDGE_CURVE ( 'NONE', #6437, #1113, #2031, .T. ) ;
#5828 = CARTESIAN_POINT ( 'NONE',  ( 1.658094352293200346, 96.42998909243814865, -3.455201181230785235 ) ) ;
#5829 = PLANE ( 'NONE',  #1209 ) ;
#5830 = ORIENTED_EDGE ( 'NONE', *, *, #5251, .T. ) ;
#5831 = ADVANCED_FACE ( 'NONE', ( #5275, #930, #283, #2539, #4741, #6940, #5930, #4188, #4267, #3096, #5315, #1991, #389, #6436, #1441, #6474, #3159, #5381 ), #2611, .T. ) ;
#5832 = ORIENTED_EDGE ( 'NONE', *, *, #157, .T. ) ;
#5833 = DIRECTION ( 'NONE',  ( 0.000000000000000000, 0.000000000000000000, 1.000000000000000000 ) ) ;
#5834 = EDGE_CURVE ( 'NONE', #1137, #1077, #749, .T. ) ;
#5835 = VECTOR ( 'NONE', #846, 1000.000000000000000 ) ;
#5836 = LINE ( 'NONE', #883, #2386 ) ;
#5837 = EDGE_CURVE ( 'NONE', #4004, #5722, #1866, .T. ) ;
#5838 = CARTESIAN_POINT ( 'NONE',  ( -8.784195482830885027, -14.07277949271606943, 19.48643130160574799 ) ) ;
#5839 = VECTOR ( 'NONE', #5594, 1000.000000000000000 ) ;
#5840 = ORIENTED_EDGE ( 'NONE', *, *, #328, .T. ) ;
#5841 = LINE ( 'NONE', #4250, #4908 ) ;
#5842 = VERTEX_POINT ( 'NONE', #5735 ) ;
#5843 = DIRECTION ( 'NONE',  ( 0.000000000000000000, -7.657177843178876028E-19, 1.000000000000000000 ) ) ;
#5844 = AXIS2_PLACEMENT_3D ( 'NONE', #1664, #4523, #6725 ) ;
#5845 = DIRECTION ( 'NONE',  ( -0.5000000000000032196, 0.8660254037844368202, 6.631310533488228364E-19 ) ) ;
#5846 = FACE_OUTER_BOUND ( 'NONE', #7177, .T. ) ;
#5847 = CARTESIAN_POINT ( 'NONE',  ( -1.475880243922339519, 95.92998909243813443, 30.39339015613882466 ) ) ;
#5848 = VERTEX_POINT ( 'NONE', #206 ) ;
#5849 = ORIENTED_EDGE ( 'NONE', *, *, #6371, .F. ) ;
#5850 = DIRECTION ( 'NONE',  ( 8.145007187700838718E-17, -1.000000000000000000, -0.000000000000000000 ) ) ;
#5851 = EDGE_LOOP ( 'NONE', ( #3000, #5255, #5659, #7124 ) ) ;
#5852 = LINE ( 'NONE', #6100, #4120 ) ;
#5853 = VECTOR ( 'NONE', #1400, 1000.000000000000000 ) ;
#5854 = CARTESIAN_POINT ( 'NONE',  ( 16.71809190687262259, 83.96588747730039870, -3.455176181230787069 ) ) ;
#5855 = ADVANCED_FACE ( 'NONE', ( #270 ), #2892, .T. ) ;
#5856 = ADVANCED_FACE ( 'NONE', ( #5117 ), #1799, .T. ) ;
#5857 = DIRECTION ( 'NONE',  ( 0.000000000000000000, -0.000000000000000000, -1.000000000000000000 ) ) ;
#5858 = ORIENTED_EDGE ( 'NONE', *, *, #6243, .T. ) ;
#5859 = DIRECTION ( 'NONE',  ( -0.4999999999999968914, -0.8660254037844404840, -6.631310533488256290E-19 ) ) ;
#5860 = EDGE_CURVE ( 'NONE', #7072, #595, #6355, .T. ) ;
#5861 = ORIENTED_EDGE ( 'NONE', *, *, #3677, .F. ) ;
#5862 = VECTOR ( 'NONE', #2564, 1000.000000000000000 ) ;
#5863 = CARTESIAN_POINT ( 'NONE',  ( 6.524119756077632282, 94.92998909243813443, 30.39339015613882466 ) ) ;
#5864 = DIRECTION ( 'NONE',  ( -1.987275433327435616E-16, 1.000000000000000000, 7.657177843178876991E-19 ) ) ;
#5865 = DIRECTION ( 'NONE',  ( -0.000000000000000000, -0.000000000000000000, -1.000000000000000000 ) ) ;
#5866 = LINE ( 'NONE', #4165, #4144 ) ;
#5867 = VECTOR ( 'NONE', #5667, 1000.000000000000000 ) ;
#5868 = AXIS2_PLACEMENT_3D ( 'NONE', #526, #2752, #2166 ) ;
#5869 = CARTESIAN_POINT ( 'NONE',  ( 7.718125884778276102, 91.21413387534181538, 25.59338565332864235 ) ) ;
#5870 = VERTEX_POINT ( 'NONE', #2420 ) ;
#5871 = ORIENTED_EDGE ( 'NONE', *, *, #1750, .F. ) ;
#5873 = ORIENTED_EDGE ( 'NONE', *, *, #453, .T. ) ;
#5872 = DIRECTION ( 'NONE',  ( -0.8660254037844407060, 0.4999999999999965583, 3.828588921589411533E-19 ) ) ;
#5874 = PLANE ( 'NONE',  #2686 ) ;
#5875 = VECTOR ( 'NONE', #2187, 1000.000000000000114 ) ;
#5876 = AXIS2_PLACEMENT_3D ( 'NONE', #1086, #1125, #2774 ) ;
#5877 = DIRECTION ( 'NONE',  ( 0.000000000000000000, -7.657177843178876028E-19, 1.000000000000000000 ) ) ;
#5878 = LINE ( 'NONE', #409, #1333 ) ;
#5879 = LINE ( 'NONE', #6524, #3660 ) ;
#5880 = AXIS2_PLACEMENT_3D ( 'NONE', #1186, #5789, #215 ) ;
#5881 = VECTOR ( 'NONE', #3648, 1000.000000000000000 ) ;
#5882 = ORIENTED_EDGE ( 'NONE', *, *, #897, .T. ) ;
#5883 = DIRECTION ( 'NONE',  ( 0.5000000000000029976, -0.8660254037844369313, -6.631310533488230290E-19 ) ) ;
#5884 = ADVANCED_FACE ( 'NONE', ( #1254 ), #1906, .T. ) ;
#5885 = ORIENTED_EDGE ( 'NONE', *, *, #4171, .F. ) ;
#5886 = AXIS2_PLACEMENT_3D ( 'NONE', #334, #4719, #7068 ) ;
#5887 = DIRECTION ( 'NONE',  ( -7.228007416177071934E-16, 0.000000000000000000, -1.000000000000000000 ) ) ;
#5888 = LINE ( 'NONE', #3190, #6688 ) ;
#5889 = DIRECTION ( 'NONE',  ( 9.109736889031209745E-17, -0.7388106165934297254, 0.6739131047908448746 ) ) ;
#5890 = LINE ( 'NONE', #4693, #5159 ) ;
#5891 = VERTEX_POINT ( 'NONE', #4033 ) ;
#5892 = VECTOR ( 'NONE', #476, 1000.000000000000000 ) ;
#5893 = PLANE ( 'NONE',  #3512 ) ;
#5894 = ORIENTED_EDGE ( 'NONE', *, *, #3055, .T. ) ;
#5895 = VECTOR ( 'NONE', #1535, 1000.000000000000000 ) ;
#5896 = CARTESIAN_POINT ( 'NONE',  ( -9.475880243922304658, 88.00178586216262033, 30.39339015613882466 ) ) ;
#5897 = CARTESIAN_POINT ( 'NONE',  ( -11.20793105149119029, 95.92998909243814865, 30.39339015613882466 ) ) ;
#5898 = CARTESIAN_POINT ( 'NONE',  ( 36.29346034719071667, 74.12385013504452047, 25.59339015613882395 ) ) ;
#5899 = EDGE_LOOP ( 'NONE', ( #681, #563, #6490, #1623 ) ) ;
#5900 = PLANE ( 'NONE',  #7004 ) ;
#5901 = ORIENTED_EDGE ( 'NONE', *, *, #6976, .T. ) ;
#5902 = CARTESIAN_POINT ( 'NONE',  ( 8.600377905282105218, 79.96588747730039870, 8.108345979228746003 ) ) ;
#5903 = EDGE_CURVE ( 'NONE', #5238, #364, #3519, .T. ) ;
#5904 = EDGE_CURVE ( 'NONE', #7051, #2956, #6856, .T. ) ;
#5905 = DIRECTION ( 'NONE',  ( 0.8660254037844368202, 0.5000000000000032196, 3.828588921589462088E-19 ) ) ;
#5906 = DIRECTION ( 'NONE',  ( 0.000000000000000000, 0.000000000000000000, 1.000000000000000000 ) ) ;
#5907 = DIRECTION ( 'NONE',  ( 1.000000000000000000, 0.000000000000000000, 0.000000000000000000 ) ) ;
#5908 = CARTESIAN_POINT ( 'NONE',  ( 5.658094352293184137, 96.42998909243814865, 30.39339015613882466 ) ) ;
#5909 = ORIENTED_EDGE ( 'NONE', *, *, #467, .T. ) ;
#5910 = ORIENTED_EDGE ( 'NONE', *, *, #4266, .F. ) ;
#5911 = PLANE ( 'NONE',  #6423 ) ;
#5912 = CARTESIAN_POINT ( 'NONE',  ( -18.58727531073194683, 84.74131946764703116, 25.59339015613882395 ) ) ;
#5913 = DIRECTION ( 'NONE',  ( -0.8660254037844404840, 0.4999999999999968914, 3.828588921589413940E-19 ) ) ;
#5914 = LINE ( 'NONE', #1566, #5995 ) ;
#5915 = LINE ( 'NONE', #6455, #757 ) ;
#5916 = VERTEX_POINT ( 'NONE', #5811 ) ;
#5917 = EDGE_LOOP ( 'NONE', ( #257, #4577, #6590, #7003, #2397, #152, #4355, #2322, #6029, #6942 ) ) ;
#5918 = CARTESIAN_POINT ( 'NONE',  ( 3.624758211226103199, 23.68429699879670736, 48.80917232196426880 ) ) ;
#5919 = FACE_OUTER_BOUND ( 'NONE', #2745, .T. ) ;
#5920 = FACE_OUTER_BOUND ( 'NONE', #2303, .T. ) ;
#5921 = DIRECTION ( 'NONE',  ( -0.000000000000000000, -0.000000000000000000, -1.000000000000000000 ) ) ;
#5922 = CARTESIAN_POINT ( 'NONE',  ( 59.04809189100394207, 18.68429699879671446, 25.59348336502074872 ) ) ;
#5923 = EDGE_CURVE ( 'NONE', #3643, #5516, #6825, .T. ) ;
#5924 = VERTEX_POINT ( 'NONE', #1362 ) ;
#5925 = CARTESIAN_POINT ( 'NONE',  ( 10.52411975607761541, 95.92998909243812022, 30.39339015613882466 ) ) ;
#5926 = ORIENTED_EDGE ( 'NONE', *, *, #785, .F. ) ;
#5927 = DIRECTION ( 'NONE',  ( 1.000000000000000000, 3.330669073875469621E-15, 2.550352543544035319E-33 ) ) ;
#5928 = ADVANCED_FACE ( 'NONE', ( #3596 ), #4103, .F. ) ;
#5929 = DIRECTION ( 'NONE',  ( 0.8660254037844368202, 0.5000000000000032196, 3.828588921589462088E-19 ) ) ;
#5930 = FACE_BOUND ( 'NONE', #3076, .T. ) ;
#5931 = ORIENTED_EDGE ( 'NONE', *, *, #4532, .T. ) ;
#5932 = CARTESIAN_POINT ( 'NONE',  ( 9.224758211226099291, 18.68429699879670736, 25.59341448969937360 ) ) ;
#5933 = ORIENTED_EDGE ( 'NONE', *, *, #3258, .T. ) ;
#5934 = DIRECTION ( 'NONE',  ( 0.8660254037844407060, -0.4999999999999965583, -3.828588921589411533E-19 ) ) ;
#5935 = DIRECTION ( 'NONE',  ( 0.000000000000000000, -7.657177843178876028E-19, 1.000000000000000000 ) ) ;
#5936 = DIRECTION ( 'NONE',  ( -1.637162635542180433E-16, 1.000000000000000000, 7.657177843178875065E-19 ) ) ;
#5937 = EDGE_CURVE ( 'NONE', #3391, #5203, #4582, .T. ) ;
#5938 = DIRECTION ( 'NONE',  ( -3.663735981263016583E-15, 1.000000000000000000, 7.657177843178876028E-19 ) ) ;
#5939 = DIRECTION ( 'NONE',  ( 0.000000000000000000, 0.000000000000000000, 1.000000000000000000 ) ) ;
#5940 = ORIENTED_EDGE ( 'NONE', *, *, #5330, .F. ) ;
#5941 = ORIENTED_EDGE ( 'NONE', *, *, #6863, .T. ) ;
#5942 = CARTESIAN_POINT ( 'NONE',  ( -0.3752417887738929148, 2.386298900080694452, 50.00000000000000000 ) ) ;
#5943 = ADVANCED_FACE ( 'NONE', ( #4067 ), #787, .F. ) ;
#5944 = CARTESIAN_POINT ( 'NONE',  ( 6.524119756077632282, 94.92998909243813443, -3.455201181230785235 ) ) ;
#5945 = AXIS2_PLACEMENT_3D ( 'NONE', #7097, #443, #5396 ) ;
#5946 = FACE_OUTER_BOUND ( 'NONE', #2130, .T. ) ;
#5947 = LINE ( 'NONE', #6489, #4711 ) ;
#5948 = EDGE_CURVE ( 'NONE', #6448, #32, #4179, .T. ) ;
#5949 = ORIENTED_EDGE ( 'NONE', *, *, #4331, .T. ) ;
#5950 = VECTOR ( 'NONE', #121, 999.9999999999998863 ) ;
#5951 = DIRECTION ( 'NONE',  ( 0.000000000000000000, -7.657177843178876028E-19, 1.000000000000000000 ) ) ;
#5952 = PLANE ( 'NONE',  #4155 ) ;
#5953 = CARTESIAN_POINT ( 'NONE',  ( -12.40190320229097232, 83.96588747730039870, -3.455167634021067968 ) ) ;
#5954 = CARTESIAN_POINT ( 'NONE',  ( 2.524119756077648269, 94.92998909243813443, -3.455201181230785235 ) ) ;
#5955 = FACE_OUTER_BOUND ( 'NONE', #3827, .T. ) ;
#5956 = VECTOR ( 'NONE', #4320, 1000.000000000000114 ) ;
#5957 = VERTEX_POINT ( 'NONE', #2489 ) ;
#5958 = FACE_OUTER_BOUND ( 'NONE', #1851, .T. ) ;
#5959 = ORIENTED_EDGE ( 'NONE', *, *, #3135, .T. ) ;
#5960 = VECTOR ( 'NONE', #5239, 1000.000000000000000 ) ;
#5961 = DIRECTION ( 'NONE',  ( 0.000000000000000000, -7.657177843178876028E-19, 1.000000000000000000 ) ) ;
#5962 = CARTESIAN_POINT ( 'NONE',  ( -7.374235094193059226, 2.386298900080692231, 6.649999999999995914 ) ) ;
#5963 = VECTOR ( 'NONE', #5529, 1000.000000000000000 ) ;
#5964 = VERTEX_POINT ( 'NONE', #5227 ) ;
#5965 = CARTESIAN_POINT ( 'NONE',  ( 9.224801415566696861, -7.215701099919299644, 2.654196434642361324E-05 ) ) ;
#5966 = ORIENTED_EDGE ( 'NONE', *, *, #5773, .F. ) ;
#5967 = CARTESIAN_POINT ( 'NONE',  ( -4.375241788773892360, 2.386298900080694896, 0.000000000000000000 ) ) ;
#5968 = EDGE_CURVE ( 'NONE', #1036, #3733, #234, .T. ) ;
#5969 = VECTOR ( 'NONE', #240, 1000.000000000000000 ) ;
#5970 = LINE ( 'NONE', #4857, #2133 ) ;
#5971 = LINE ( 'NONE', #3989, #6445 ) ;
#5972 = EDGE_CURVE ( 'NONE', #1863, #142, #1947, .T. ) ;
#5973 = DIRECTION ( 'NONE',  ( 1.000000000000000000, 0.000000000000000000, 0.000000000000000000 ) ) ;
#5974 = DIRECTION ( 'NONE',  ( 1.000000000000000000, 0.000000000000000000, 0.000000000000000000 ) ) ;
#5975 = ORIENTED_EDGE ( 'NONE', *, *, #5817, .T. ) ;
#5976 = CIRCLE ( 'NONE', #3992, 4.000000000000000000 ) ;
#5977 = ORIENTED_EDGE ( 'NONE', *, *, #2711, .T. ) ;
#5978 = CARTESIAN_POINT ( 'NONE',  ( -17.40190797865466621, 44.61588747730039017, -2.405623863409475538E-05 ) ) ;
#5979 = VECTOR ( 'NONE', #371, 1000.000000000000000 ) ;
#5980 = VECTOR ( 'NONE', #3104, 1000.000000000000114 ) ;
#5981 = CARTESIAN_POINT ( 'NONE',  ( 34.29346034719073089, 70.65974851990678474, 25.59339015613882395 ) ) ;
#5982 = LINE ( 'NONE', #6523, #3555 ) ;
#5983 = DIRECTION ( 'NONE',  ( -0.9999999999990444310, -1.698444961134278334E-16, -1.382390865693872338E-06 ) ) ;
#5984 = ORIENTED_EDGE ( 'NONE', *, *, #1584, .F. ) ;
#5985 = ORIENTED_EDGE ( 'NONE', *, *, #2421, .T. ) ;
#5986 = VECTOR ( 'NONE', #5134, 1000.000000000000114 ) ;
#5987 = ORIENTED_EDGE ( 'NONE', *, *, #3931, .T. ) ;
#5988 = VECTOR ( 'NONE', #4399, 1000.000000000000000 ) ;
#5989 = DIRECTION ( 'NONE',  ( 1.361274163781735362E-06, -0.000000000000000000, 0.9999999999990734079 ) ) ;
#5990 = ADVANCED_FACE ( 'NONE', ( #7076 ), #851, .F. ) ;
#5991 = LINE ( 'NONE', #1676, #1467 ) ;
#5992 = CARTESIAN_POINT ( 'NONE',  ( -2.341905647706777227, 87.50178586216263454, -3.455201181230785235 ) ) ;
#5993 = AXIS2_PLACEMENT_3D ( 'NONE', #1923, #1767, #5237 ) ;
#5994 = DIRECTION ( 'NONE',  ( 0.000000000000000000, -7.657177843178876028E-19, 1.000000000000000000 ) ) ;
#5995 = VECTOR ( 'NONE', #4792, 1000.000000000000000 ) ;
#5996 = ORIENTED_EDGE ( 'NONE', *, *, #6906, .T. ) ;
#5997 = LINE ( 'NONE', #4327, #2220 ) ;
#5998 = EDGE_LOOP ( 'NONE', ( #2986, #5909, #6564, #258 ) ) ;
#5999 = VECTOR ( 'NONE', #2797, 1000.000000000000114 ) ;
#6000 = DIRECTION ( 'NONE',  ( -0.8660254037844407060, 0.4999999999999965583, 3.828588921589411533E-19 ) ) ;
#6001 = PLANE ( 'NONE',  #512 ) ;
#6002 = VECTOR ( 'NONE', #514, 1000.000000000000000 ) ;
#6003 = ORIENTED_EDGE ( 'NONE', *, *, #3157, .T. ) ;
#6004 = DIRECTION ( 'NONE',  ( 1.000000000000000000, 0.000000000000000000, 0.000000000000000000 ) ) ;
#6005 = ORIENTED_EDGE ( 'NONE', *, *, #5442, .T. ) ;
#6006 = CARTESIAN_POINT ( 'NONE',  ( 6.524119756077837451, 31.90447354320628648, 25.59339015613882395 ) ) ;
#6007 = LINE ( 'NONE', #502, #5148 ) ;
#6008 = LINE ( 'NONE', #3928, #5999 ) ;
#6009 = DIRECTION ( 'NONE',  ( 0.4999999999999965583, 0.8660254037844407060, 6.631310533488258216E-19 ) ) ;
#6010 = EDGE_LOOP ( 'NONE', ( #4477, #4875, #979, #6880 ) ) ;
#6011 = EDGE_CURVE ( 'NONE', #7078, #286, #342, .T. ) ;
#6012 = VERTEX_POINT ( 'NONE', #7000 ) ;
#6013 = CARTESIAN_POINT ( 'NONE',  ( 8.792068948508921622, 31.90447354320629358, 25.59339015613882395 ) ) ;
#6014 = CARTESIAN_POINT ( 'NONE',  ( 4.624758211226102311, 23.68429699879670736, 47.45564548093039292 ) ) ;
#6015 = DIRECTION ( 'NONE',  ( -0.5000000000000032196, 0.8660254037844368202, 6.631310533488228364E-19 ) ) ;
#6016 = LINE ( 'NONE', #3833, #4010 ) ;
#6017 = CARTESIAN_POINT ( 'NONE',  ( 16.71824939696524126, 79.96588747730039870, 8.118300032751756490 ) ) ;
#6018 = EDGE_CURVE ( 'NONE', #5016, #1348, #1342, .T. ) ;
#6019 = EDGE_LOOP ( 'NONE', ( #1008, #5612, #4261, #3691 ) ) ;
#6020 = ORIENTED_EDGE ( 'NONE', *, *, #2711, .F. ) ;
#6021 = CARTESIAN_POINT ( 'NONE',  ( -7.475880243922313539, 92.46588747730038449, 30.39339015613882466 ) ) ;
#6022 = DIRECTION ( 'NONE',  ( -1.414335714702542164E-06, 0.000000000000000000, 0.9999999999989998001 ) ) ;
#6023 = DIRECTION ( 'NONE',  ( -1.194360887545366536E-16, -0.000000000000000000, -1.000000000000000000 ) ) ;
#6024 = LINE ( 'NONE', #3191, #4249 ) ;
#6025 = ADVANCED_FACE ( 'NONE', ( #5920 ), #2090, .T. ) ;
#6026 = EDGE_CURVE ( 'NONE', #1825, #2880, #6424, .T. ) ;
#6027 = ORIENTED_EDGE ( 'NONE', *, *, #6479, .T. ) ;
#6028 = CARTESIAN_POINT ( 'NONE',  ( 2.792068948508754200, 92.46588747730038449, 30.39339015613882466 ) ) ;
#6029 = ORIENTED_EDGE ( 'NONE', *, *, #5972, .F. ) ;
#6030 = DIRECTION ( 'NONE',  ( 5.971804101551019095E-17, 0.000000000000000000, 1.000000000000000000 ) ) ;
#6031 = DIRECTION ( 'NONE',  ( -1.000000000000000000, 0.000000000000000000, 0.000000000000000000 ) ) ;
#6032 = EDGE_CURVE ( 'NONE', #4111, #715, #3666, .T. ) ;
#6033 = ORIENTED_EDGE ( 'NONE', *, *, #5658, .F. ) ;
#6034 = CARTESIAN_POINT ( 'NONE',  ( -11.70188262700912141, 83.96588747730039870, -3.455167634022391798 ) ) ;
#6035 = ORIENTED_EDGE ( 'NONE', *, *, #5301, .F. ) ;
#6036 = LINE ( 'NONE', #3853, #1174 ) ;
#6037 = CARTESIAN_POINT ( 'NONE',  ( 3.613642407735406348, 2.684296998796706912, 43.35000000000000853 ) ) ;
#6038 = DIRECTION ( 'NONE',  ( 0.8660254037844369313, 0.5000000000000029976, 3.828588921589461125E-19 ) ) ;
#6039 = DIRECTION ( 'NONE',  ( 3.330669073875469621E-15, -1.000000000000000000, -7.657177843178876028E-19 ) ) ;
#6040 = EDGE_LOOP ( 'NONE', ( #5871, #919, #56, #2722 ) ) ;
#6041 = ORIENTED_EDGE ( 'NONE', *, *, #2070, .T. ) ;
#6042 = FACE_OUTER_BOUND ( 'NONE', #569, .T. ) ;
#6043 = CARTESIAN_POINT ( 'NONE',  ( -9.935860308997902735, 79.96588747730037028, -3.455171577881253508 ) ) ;
#6044 = EDGE_CURVE ( 'NONE', #448, #1773, #7043, .T. ) ;
#6045 = LINE ( 'NONE', #2699, #192 ) ;
#6046 = DIRECTION ( 'NONE',  ( 0.9999999999990444310, -0.000000000000000000, 1.382390865693872338E-06 ) ) ;
#6047 = EDGE_CURVE ( 'NONE', #6970, #3034, #2017, .T. ) ;
#6048 = LINE ( 'NONE', #1598, #4486 ) ;
#6049 = ORIENTED_EDGE ( 'NONE', *, *, #4039, .F. ) ;
#6050 = VERTEX_POINT ( 'NONE', #4835 ) ;
#6051 = ADVANCED_FACE ( 'NONE', ( #1392 ), #6495, .T. ) ;
#6052 = ORIENTED_EDGE ( 'NONE', *, *, #2671, .F. ) ;
#6053 = CARTESIAN_POINT ( 'NONE',  ( -10.59190878877392805, 83.96588747730039870, 23.53334597922873783 ) ) ;
#6054 = EDGE_CURVE ( 'NONE', #6719, #5677, #379, .T. ) ;
#6055 = DIRECTION ( 'NONE',  ( -1.000000000000000000, 0.000000000000000000, 0.000000000000000000 ) ) ;
#6056 = DIRECTION ( 'NONE',  ( -0.8660254037844404840, 0.4999999999999968914, 3.828588921589413940E-19 ) ) ;
#6057 = LINE ( 'NONE', #6128, #2959 ) ;
#6058 = ORIENTED_EDGE ( 'NONE', *, *, #1410, .T. ) ;
#6059 = LINE ( 'NONE', #2226, #5250 ) ;
#6060 = VERTEX_POINT ( 'NONE', #1499 ) ;
#6061 = VECTOR ( 'NONE', #3914, 1000.000000000000000 ) ;
#6062 = CARTESIAN_POINT ( 'NONE',  ( 3.624758211226107196, 2.684296998796706912, 46.35000000000000853 ) ) ;
#6063 = FACE_OUTER_BOUND ( 'NONE', #6377, .T. ) ;
#6064 = VECTOR ( 'NONE', #3906, 1000.000000000000000 ) ;
#6065 = ORIENTED_EDGE ( 'NONE', *, *, #1885, .T. ) ;
#6066 = DIRECTION ( 'NONE',  ( -1.637162635542180433E-16, 1.000000000000000000, 7.657177843178876991E-19 ) ) ;
#6067 = VERTEX_POINT ( 'NONE', #6531 ) ;
#6068 = LINE ( 'NONE', #539, #833 ) ;
#6069 = EDGE_CURVE ( 'NONE', #5508, #678, #5410, .T. ) ;
#6070 = CARTESIAN_POINT ( 'NONE',  ( -0.3752417887738960234, 9.386298900080694452, 0.000000000000000000 ) ) ;
#6071 = AXIS2_PLACEMENT_3D ( 'NONE', #5165, #6757, #1812 ) ;
#6072 = LINE ( 'NONE', #3311, #6682 ) ;
#6073 = CARTESIAN_POINT ( 'NONE',  ( 16.71809661036495598, 18.68429699879670736, 3.690062717788032492E-05 ) ) ;
#6074 = ORIENTED_EDGE ( 'NONE', *, *, #4882, .F. ) ;
#6075 = VERTEX_POINT ( 'NONE', #4765 ) ;
#6076 = CARTESIAN_POINT ( 'NONE',  ( 0.5241197560776622577, 92.46588747730038449, -3.455201181230785235 ) ) ;
#6077 = CARTESIAN_POINT ( 'NONE',  ( -8.584195484509884011, -14.07277949271606943, 20.48643130160574799 ) ) ;
#6078 = VECTOR ( 'NONE', #2762, 1000.000000000000000 ) ;
#6079 = DIRECTION ( 'NONE',  ( -0.8660254037844368202, -0.5000000000000032196, 0.000000000000000000 ) ) ;
#6080 = PLANE ( 'NONE',  #7030 ) ;
#6081 = AXIS2_PLACEMENT_3D ( 'NONE', #6070, #4517, #1074 ) ;
#6082 = LINE ( 'NONE', #6597, #1090 ) ;
#6083 = ORIENTED_EDGE ( 'NONE', *, *, #2784, .F. ) ;
#6084 = ORIENTED_EDGE ( 'NONE', *, *, #7182, .T. ) ;
#6085 = ORIENTED_EDGE ( 'NONE', *, *, #5535, .T. ) ;
#6086 = CARTESIAN_POINT ( 'NONE',  ( 17.20575331559040677, 44.61588747730039017, 8.208919501491095616 ) ) ;
#6087 = VECTOR ( 'NONE', #5935, 1000.000000000000000 ) ;
#6088 = CARTESIAN_POINT ( 'NONE',  ( -5.475880243922321533, 95.92998909243814865, 25.59339015613882395 ) ) ;
#6089 = DIRECTION ( 'NONE',  ( 1.000000000000000000, 0.000000000000000000, 0.000000000000000000 ) ) ;
#6090 = CARTESIAN_POINT ( 'NONE',  ( 16.71812600482342503, 79.96588747730039870, 21.59337884695766263 ) ) ;
#6091 = AXIS2_PLACEMENT_3D ( 'NONE', #5423, #3200, #566 ) ;
#6092 = VECTOR ( 'NONE', #456, 1000.000000000000000 ) ;
#6093 = ORIENTED_EDGE ( 'NONE', *, *, #6026, .F. ) ;
#6094 = EDGE_CURVE ( 'NONE', #810, #622, #2641, .T. ) ;
#6095 = DIRECTION ( 'NONE',  ( 0.000000000000000000, -0.7388106165934297254, 0.6739131047908448746 ) ) ;
#6096 = ORIENTED_EDGE ( 'NONE', *, *, #7098, .T. ) ;
#6097 = VECTOR ( 'NONE', #3, 1000.000000000000000 ) ;
#6098 = AXIS2_PLACEMENT_3D ( 'NONE', #2700, #4967, #6626 ) ;
#6099 = CARTESIAN_POINT ( 'NONE',  ( -7.141905262683015287, -14.07277949271606943, 3.916778533127364403E-06 ) ) ;
#6100 = CARTESIAN_POINT ( 'NONE',  ( 12.11809190687491622, 103.9658874773003987, -3.455176181230786625 ) ) ;
#6101 = LINE ( 'NONE', #7082, #279 ) ;
#6102 = CIRCLE ( 'NONE', #5295, 9.599999999999997868 ) ;
#6103 = VECTOR ( 'NONE', #3854, 1000.000000000000000 ) ;
#6104 = VERTEX_POINT ( 'NONE', #996 ) ;
#6105 = ORIENTED_EDGE ( 'NONE', *, *, #2459, .T. ) ;
#6106 = FACE_OUTER_BOUND ( 'NONE', #2026, .T. ) ;
#6107 = AXIS2_PLACEMENT_3D ( 'NONE', #86, #3263, #5512 ) ;
#6108 = DIRECTION ( 'NONE',  ( -0.9999999999990444310, -1.698444961134278334E-16, -1.382390865693872338E-06 ) ) ;
#6109 = FACE_OUTER_BOUND ( 'NONE', #3462, .T. ) ;
#6110 = LINE ( 'NONE', #1119, #3322 ) ;
#6111 = EDGE_CURVE ( 'NONE', #1503, #193, #5888, .T. ) ;
#6112 = VERTEX_POINT ( 'NONE', #3119 ) ;
#6113 = CARTESIAN_POINT ( 'NONE',  ( 10.52411975607761541, 88.00178586216262033, 25.59339015613882395 ) ) ;
#6114 = VECTOR ( 'NONE', #5843, 1000.000000000000000 ) ;
#6115 = EDGE_CURVE ( 'NONE', #6329, #3584, #6964, .T. ) ;
#6116 = CARTESIAN_POINT ( 'NONE',  ( 4.210544648853009164, 23.68429699879670380, 48.80917232196428301 ) ) ;
#6117 = EDGE_CURVE ( 'NONE', #4064, #26, #6463, .T. ) ;
#6118 = CARTESIAN_POINT ( 'NONE',  ( 10.52411975607781969, 31.90447354320630069, 25.59339015613882395 ) ) ;
#6119 = VECTOR ( 'NONE', #6569, 1000.000000000000000 ) ;
#6120 = LINE ( 'NONE', #5467, #3892 ) ;
#6121 = CARTESIAN_POINT ( 'NONE',  ( -10.94190879738389022, -14.07277949271606943, 1.733345955128749116 ) ) ;
#6122 = ORIENTED_EDGE ( 'NONE', *, *, #5827, .T. ) ;
#6123 = ORIENTED_EDGE ( 'NONE', *, *, #6752, .F. ) ;
#6124 = VERTEX_POINT ( 'NONE', #2124 ) ;
#6125 = FACE_BOUND ( 'NONE', #2811, .T. ) ;
#6126 = DIRECTION ( 'NONE',  ( 0.000000000000000000, -0.000000000000000000, 1.000000000000000000 ) ) ;
#6127 = CARTESIAN_POINT ( 'NONE',  ( -0.3752417887738960234, 9.386298900080694452, 50.00000000000000000 ) ) ;
#6128 = CARTESIAN_POINT ( 'NONE',  ( 37.29346034719068115, 75.85590094261335992, 25.59339015613882395 ) ) ;
#6129 = VERTEX_POINT ( 'NONE', #3149 ) ;
#6130 = ORIENTED_EDGE ( 'NONE', *, *, #6994, .T. ) ;
#6131 = EDGE_CURVE ( 'NONE', #5742, #4246, #2058, .T. ) ;
#6132 = DIRECTION ( 'NONE',  ( -1.091152692702142892E-32, 1.339658354568195596E-16, -1.000000000000000000 ) ) ;
#6133 = CARTESIAN_POINT ( 'NONE',  ( -1.925241788773891960, -4.613701099919306436, 46.35000000000000853 ) ) ;
#6134 = CARTESIAN_POINT ( 'NONE',  ( -9.975208049296332646, 23.68429699879670736, 25.59338794784138571 ) ) ;
#6135 = ORIENTED_EDGE ( 'NONE', *, *, #2677, .F. ) ;
#6136 = CARTESIAN_POINT ( 'NONE',  ( 9.100377905283107083, 83.96588747730039870, 19.48643130392574818 ) ) ;
#6137 = ORIENTED_EDGE ( 'NONE', *, *, #184, .T. ) ;
#6138 = DIRECTION ( 'NONE',  ( -1.000000000000000000, 0.000000000000000000, 0.000000000000000000 ) ) ;
#6139 = EDGE_CURVE ( 'NONE', #1934, #1803, #1095, .T. ) ;
#6140 = CARTESIAN_POINT ( 'NONE',  ( 9.658094352293174367, 87.50178586216263454, 25.59339015613882395 ) ) ;
#6141 = DIRECTION ( 'NONE',  ( -0.8520570299616280208, -6.940010633368488842E-17, -0.5234489637901381665 ) ) ;
#6142 = DIRECTION ( 'NONE',  ( -1.637162635542180433E-16, 1.000000000000000000, 7.657177843178875065E-19 ) ) ;
#6143 = ORIENTED_EDGE ( 'NONE', *, *, #3591, .T. ) ;
#6144 = PLANE ( 'NONE',  #840 ) ;
#6145 = CARTESIAN_POINT ( 'NONE',  ( 6.458087724025102005, 83.96588747730039870, -0.3285337753112519410 ) ) ;
#6146 = EDGE_CURVE ( 'NONE', #3707, #2849, #1026, .T. ) ;
#6147 = CARTESIAN_POINT ( 'NONE',  ( -3.207931051491222707, 95.92998909243814865, -3.455201181230785235 ) ) ;
#6148 = CARTESIAN_POINT ( 'NONE',  ( 9.658094352293167262, 96.42998909243814865, -3.455201181230785235 ) ) ;
#6149 = CARTESIAN_POINT ( 'NONE',  ( 6.524119756077632282, 89.00178586216263454, -3.455201181230785235 ) ) ;
#6150 = ORIENTED_EDGE ( 'NONE', *, *, #4782, .F. ) ;
#6151 = EDGE_LOOP ( 'NONE', ( #3030, #4530, #6853, #6946 ) ) ;
#6152 = ORIENTED_EDGE ( 'NONE', *, *, #6782, .T. ) ;
#6153 = ORIENTED_EDGE ( 'NONE', *, *, #1709, .F. ) ;
#6154 = CARTESIAN_POINT ( 'NONE',  ( -7.374235094193059226, 2.386298900080692231, 6.649999999999995914 ) ) ;
#6155 = EDGE_CURVE ( 'NONE', #3808, #6263, #1605, .T. ) ;
#6156 = CARTESIAN_POINT ( 'NONE',  ( -11.20793105149119029, 89.00178586216263454, -3.455201181230785235 ) ) ;
#6157 = EDGE_CURVE ( 'NONE', #5565, #3600, #2742, .T. ) ;
#6158 = DIRECTION ( 'NONE',  ( -0.8660254037844407060, 0.4999999999999965583, 3.828588921589411533E-19 ) ) ;
#6159 = VERTEX_POINT ( 'NONE', #627 ) ;
#6160 = FACE_OUTER_BOUND ( 'NONE', #187, .T. ) ;
#6161 = EDGE_LOOP ( 'NONE', ( #6466, #2925, #6305, #6870 ) ) ;
#6162 = CARTESIAN_POINT ( 'NONE',  ( 31.42743494340630761, 65.69564690476903479, 25.59339015613882395 ) ) ;
#6163 = DIRECTION ( 'NONE',  ( 0.000000000000000000, -7.657177843178876028E-19, 1.000000000000000000 ) ) ;
#6164 = CIRCLE ( 'NONE', #7100, 1.550000000000000266 ) ;
#6165 = DIRECTION ( 'NONE',  ( 0.8660254037844404840, -0.4999999999999968914, 0.000000000000000000 ) ) ;
#6166 = ORIENTED_EDGE ( 'NONE', *, *, #5206, .F. ) ;
#6167 = LINE ( 'NONE', #1329, #2708 ) ;
#6168 = ORIENTED_EDGE ( 'NONE', *, *, #4461, .F. ) ;
#6169 = VECTOR ( 'NONE', #1683, 1000.000000000000000 ) ;
#6170 = DIRECTION ( 'NONE',  ( 1.000000000000000000, 0.000000000000000000, 0.000000000000000000 ) ) ;
#6171 = PLANE ( 'NONE',  #1427 ) ;
#6172 = PLANE ( 'NONE',  #6799 ) ;
#6173 = AXIS2_PLACEMENT_3D ( 'NONE', #6770, #5689, #1782 ) ;
#6174 = CARTESIAN_POINT ( 'NONE',  ( -7.207931051491207164, 94.92998909243814865, 30.39339015613882466 ) ) ;
#6175 = ORIENTED_EDGE ( 'NONE', *, *, #927, .T. ) ;
#6176 = EDGE_CURVE ( 'NONE', #1036, #5094, #3567, .T. ) ;
#6177 = CARTESIAN_POINT ( 'NONE',  ( -8.145007187700838965E-16, 2.684296998796706912, 0.000000000000000000 ) ) ;
#6178 = ORIENTED_EDGE ( 'NONE', *, *, #6811, .F. ) ;
#6179 = VECTOR ( 'NONE', #5065, 1000.000000000000000 ) ;
#6180 = ADVANCED_FACE ( 'NONE', ( #3396 ), #3840, .T. ) ;
#6181 = DIRECTION ( 'NONE',  ( 1.000000000000000000, 0.000000000000000000, 0.000000000000000000 ) ) ;
#6182 = CARTESIAN_POINT ( 'NONE',  ( -10.34190564770674570, 94.42998909243814865, 25.59339015613882395 ) ) ;
#6183 = CARTESIAN_POINT ( 'NONE',  ( -7.207931051491207164, 94.92998909243814865, 30.39339015613882466 ) ) ;
#6184 = ORIENTED_EDGE ( 'NONE', *, *, #4166, .F. ) ;
#6185 = VECTOR ( 'NONE', #4110, 1000.000000000000000 ) ;
#6186 = ORIENTED_EDGE ( 'NONE', *, *, #4993, .T. ) ;
#6187 = VERTEX_POINT ( 'NONE', #2223 ) ;
#6188 = EDGE_LOOP ( 'NONE', ( #1447, #5818, #210, #2350, #251, #2218 ) ) ;
#6189 = CARTESIAN_POINT ( 'NONE',  ( -0.3752417887738916935, -4.613701099919306436, 6.649999999999995914 ) ) ;
#6190 = CARTESIAN_POINT ( 'NONE',  ( -6.341905647706769678, 89.50178586216263454, 30.39339015613882466 ) ) ;
#6191 = VECTOR ( 'NONE', #4077, 1000.000000000000000 ) ;
#6192 = LINE ( 'NONE', #4023, #186 ) ;
#6193 = CARTESIAN_POINT ( 'NONE',  ( -9.784195482811083977, 82.06588747730039302, 8.118299997124159617 ) ) ;
#6194 = ORIENTED_EDGE ( 'NONE', *, *, #3169, .T. ) ;
#6195 = AXIS2_PLACEMENT_3D ( 'NONE', #3341, #5430, #6743 ) ;
#6196 = PLANE ( 'NONE',  #1869 ) ;
#6197 = EDGE_CURVE ( 'NONE', #6124, #3643, #1638, .T. ) ;
#6198 = VERTEX_POINT ( 'NONE', #4935 ) ;
#6199 = ORIENTED_EDGE ( 'NONE', *, *, #2905, .F. ) ;
#6200 = EDGE_CURVE ( 'NONE', #225, #136, #10, .T. ) ;
#6201 = DIRECTION ( 'NONE',  ( 0.8660254037844368202, 0.5000000000000032196, 3.828588921589462088E-19 ) ) ;
#6202 = CIRCLE ( 'NONE', #5406, 1.550000000000000266 ) ;
#6203 = CARTESIAN_POINT ( 'NONE',  ( 9.658094352293169038, 96.42998909243813443, 25.59339015613882395 ) ) ;
#6204 = CARTESIAN_POINT ( 'NONE',  ( 16.71813144991982014, 83.96588747730039870, 25.59337865665076706 ) ) ;
#6205 = VECTOR ( 'NONE', #1286, 1000.000000000000000 ) ;
#6206 = FACE_OUTER_BOUND ( 'NONE', #3037, .T. ) ;
#6207 = VERTEX_POINT ( 'NONE', #2263 ) ;
#6208 = ORIENTED_EDGE ( 'NONE', *, *, #1633, .F. ) ;
#6209 = LINE ( 'NONE', #6250, #3063 ) ;
#6210 = VECTOR ( 'NONE', #5402, 1000.000000000000000 ) ;
#6211 = ORIENTED_EDGE ( 'NONE', *, *, #586, .T. ) ;
#6212 = VECTOR ( 'NONE', #1527, 1000.000000000000114 ) ;
#6213 = DIRECTION ( 'NONE',  ( 0.000000000000000000, -7.657177843178876028E-19, 1.000000000000000000 ) ) ;
#6214 = CARTESIAN_POINT ( 'NONE',  ( -1.925241788773891960, -4.613701099919306436, 50.00000000000000000 ) ) ;
#6215 = CARTESIAN_POINT ( 'NONE',  ( -10.59190878877393160, 83.96588747730039870, -0.9166540207712660093 ) ) ;
#6216 = VECTOR ( 'NONE', #4690, 1000.000000000000000 ) ;
#6217 = VECTOR ( 'NONE', #4274, 1000.000000000000000 ) ;
#6218 = DIRECTION ( 'NONE',  ( 0.8660254037844404840, -0.4999999999999968359, -3.828588921589414421E-19 ) ) ;
#6219 = ORIENTED_EDGE ( 'NONE', *, *, #70, .F. ) ;
#6220 = CARTESIAN_POINT ( 'NONE',  ( 3.658094352293191687, 92.96588747730038449, 30.39339015613882466 ) ) ;
#6221 = ORIENTED_EDGE ( 'NONE', *, *, #6640, .T. ) ;
#6222 = AXIS2_PLACEMENT_3D ( 'NONE', #5252, #3979, #6818 ) ;
#6223 = CARTESIAN_POINT ( 'NONE',  ( 10.52411975607761541, 88.00178586216262033, 30.39339015613882466 ) ) ;
#6224 = ADVANCED_FACE ( 'NONE', ( #2164 ), #2193, .T. ) ;
#6225 = DIRECTION ( 'NONE',  ( 1.382390865693872549E-06, 2.844970253766149569E-22, -0.9999999999990445421 ) ) ;
#6226 = CARTESIAN_POINT ( 'NONE',  ( 2.524119756077648269, 94.92998909243813443, 30.39339015613882466 ) ) ;
#6227 = EDGE_LOOP ( 'NONE', ( #2428, #4804, #3635, #4040 ) ) ;
#6228 = VECTOR ( 'NONE', #581, 1000.000000000000114 ) ;
#6229 = ORIENTED_EDGE ( 'NONE', *, *, #5904, .F. ) ;
#6230 = EDGE_LOOP ( 'NONE', ( #1497, #3941, #4852, #6702 ) ) ;
#6231 = ORIENTED_EDGE ( 'NONE', *, *, #1054, .T. ) ;
#6232 = CARTESIAN_POINT ( 'NONE',  ( -9.975241788773892893, 2.386298900080692675, 50.00000000000000000 ) ) ;
#6233 = VECTOR ( 'NONE', #1206, 1000.000000000000000 ) ;
#6234 = LINE ( 'NONE', #1312, #6817 ) ;
#6235 = DIRECTION ( 'NONE',  ( 8.145007187700838718E-17, -1.000000000000000000, -0.000000000000000000 ) ) ;
#6236 = ADVANCED_FACE ( 'NONE', ( #1677 ), #2298, .F. ) ;
#6237 = LINE ( 'NONE', #5727, #983 ) ;
#6238 = ORIENTED_EDGE ( 'NONE', *, *, #5045, .F. ) ;
#6239 = CARTESIAN_POINT ( 'NONE',  ( -9.475880243922304658, 88.00178586216262033, -3.455201181230785235 ) ) ;
#6240 = ORIENTED_EDGE ( 'NONE', *, *, #367, .T. ) ;
#6241 = CARTESIAN_POINT ( 'NONE',  ( 8.792068948508729775, 95.92998909243814865, 30.39339015613882466 ) ) ;
#6242 = DIRECTION ( 'NONE',  ( 0.9999999999990444310, 0.000000000000000000, 1.382390865693872338E-06 ) ) ;
#6243 = EDGE_CURVE ( 'NONE', #827, #4664, #3872, .T. ) ;
#6244 = ADVANCED_FACE ( 'NONE', ( #5615 ), #3334, .F. ) ;
#6245 = FACE_OUTER_BOUND ( 'NONE', #1891, .T. ) ;
#6246 = CARTESIAN_POINT ( 'NONE',  ( 16.71809190687262259, 83.96588747730039870, -3.455176181230787069 ) ) ;
#6247 = CARTESIAN_POINT ( 'NONE',  ( 8.524119756077624288, 92.46588747730038449, -3.455201181230785235 ) ) ;
#6248 = ORIENTED_EDGE ( 'NONE', *, *, #2023, .T. ) ;
#6249 = VERTEX_POINT ( 'NONE', #3909 ) ;
#6250 = CARTESIAN_POINT ( 'NONE',  ( 8.524119756077624288, 91.46588747730037028, -3.455201181230785235 ) ) ;
#6251 = VERTEX_POINT ( 'NONE', #3365 ) ;
#6252 = DIRECTION ( 'NONE',  ( 0.8660254037844407060, -0.4999999999999965583, -3.828588921589411533E-19 ) ) ;
#6253 = EDGE_CURVE ( 'NONE', #5240, #6719, #643, .T. ) ;
#6254 = PLANE ( 'NONE',  #62 ) ;
#6255 = EDGE_LOOP ( 'NONE', ( #5001, #2034 ) ) ;
#6256 = CARTESIAN_POINT ( 'NONE',  ( -11.20793105149097713, 31.90447354320623319, 25.59339015613882395 ) ) ;
#6257 = ORIENTED_EDGE ( 'NONE', *, *, #1245, .F. ) ;
#6258 = ORIENTED_EDGE ( 'NONE', *, *, #6470, .T. ) ;
#6259 = CARTESIAN_POINT ( 'NONE',  ( 9.100377905283123070, -14.07277949271606943, 19.48643130392574818 ) ) ;
#6260 = DIRECTION ( 'NONE',  ( -0.8660254037844368202, -0.5000000000000032196, -3.828588921589462570E-19 ) ) ;
#6261 = DIRECTION ( 'NONE',  ( -0.000000000000000000, -0.000000000000000000, -1.000000000000000000 ) ) ;
#6262 = ORIENTED_EDGE ( 'NONE', *, *, #1932, .F. ) ;
#6263 = VERTEX_POINT ( 'NONE', #1056 ) ;
#6264 = VERTEX_POINT ( 'NONE', #3294 ) ;
#6265 = DIRECTION ( 'NONE',  ( -0.8660254037844369313, -0.5000000000000029976, -3.828588921589461125E-19 ) ) ;
#6266 = EDGE_CURVE ( 'NONE', #5957, #7051, #5038, .T. ) ;
#6267 = LINE ( 'NONE', #1277, #3438 ) ;
#6268 = PLANE ( 'NONE',  #285 ) ;
#6269 = EDGE_CURVE ( 'NONE', #5175, #4977, #3945, .T. ) ;
#6270 = ORIENTED_EDGE ( 'NONE', *, *, #3480, .T. ) ;
#6271 = CARTESIAN_POINT ( 'NONE',  ( 9.224758211226104621, 2.386298900080694896, 43.35000000000000853 ) ) ;
#6272 = EDGE_CURVE ( 'NONE', #5519, #3205, #2853, .T. ) ;
#6273 = ORIENTED_EDGE ( 'NONE', *, *, #4429, .T. ) ;
#6274 = ORIENTED_EDGE ( 'NONE', *, *, #2651, .F. ) ;
#6275 = CARTESIAN_POINT ( 'NONE',  ( -5.475880243922115476, 31.90447354320624740, 25.59339015613882395 ) ) ;
#6276 = CARTESIAN_POINT ( 'NONE',  ( 8.600377905282105218, 83.96588747730039870, 8.108345979228746003 ) ) ;
#6277 = EDGE_CURVE ( 'NONE', #6536, #611, #701, .T. ) ;
#6278 = DIRECTION ( 'NONE',  ( 3.663735981263016583E-15, -1.000000000000000000, -7.657177843178876991E-19 ) ) ;
#6279 = DIRECTION ( 'NONE',  ( -0.000000000000000000, -0.000000000000000000, 1.000000000000000000 ) ) ;
#6280 = FACE_BOUND ( 'NONE', #5125, .T. ) ;
#6281 = ORIENTED_EDGE ( 'NONE', *, *, #2506, .F. ) ;
#6282 = ORIENTED_EDGE ( 'NONE', *, *, #2064, .T. ) ;
#6283 = CARTESIAN_POINT ( 'NONE',  ( 9.224758211226102844, 23.68429699879670736, 50.00000000000000000 ) ) ;
#6284 = EDGE_CURVE ( 'NONE', #203, #1360, #6882, .T. ) ;
#6285 = EDGE_LOOP ( 'NONE', ( #5571, #1580, #5017, #6153 ) ) ;
#6286 = CLOSED_SHELL ( 'NONE', ( #6236, #3251, #3028, #1420, #6244, #4667, #998, #3214, #1770, #421, #4573, #3595, #4691, #221, #6428, #6772, #4458, #4240, #7038, #2605, #472, #4129, #6419, #3792, #2323, #4840, #1682, #2464, #5831, #6385, #2378, #3004, #2648, #1382, #990, #1859, #425, #5928, #4925, #5763, #47, #4154, #4380, #4219, #819, #1070, #2743, #2096, #3348, #1032, #5805, #1629, #6886, #2234, #6684, #89, #5943, #5329, #5473, #3355, #1338, #4554, #4774, #7074, #5751, #2244, #3817, #292, #5990, #5520, #6727, #1107, #1831, #1478, #3024, #4975, #422, #4988, #4578, #1355, #4739, #205, #4298, #6865, #97, #3319, #2003, #2073, #4098, #7090, #5270, #1482, #5856, #4413, #1823, #6334, #667, #3261, #4340, #7024, #1832, #4478, #6771, #5636, #1554, #689, #4079, #577, #352, #2780, #5744, #22, #6644, #4701, #540, #402, #6180, #5855, #2261, #3060, #1398, #778, #2140, #3876, #4008, #115, #6609, #3977, #6224, #4304, #4303, #7148, #1117, #6956, #312, #6025, #5228, #549, #2932, #6460, #1734, #580, #3848, #3340, #6610, #2364, #4, #6714, #4247, #945, #2490, #1614, #3762, #1743, #5327, #1388, #6409, #1702, #5675, #446, #2425, #3676, #6051, #860, #4877, #2697, #5758, #2852, #1592, #4474, #5693, #4208, #6759, #3617, #5884, #3923, #7006, #2554, #5688, #4038, #1187, #4820, #4772, #2472, #4014, #3133, #2236, #6691, #1432, #2720, #6922, #5517, #376, #1082, #3223, #548, #3179, #235, #593, #4749, #1100, #135, #6959, #1002, #4483, #807, #3766, #1599, #662, #3708, #7086, #1224, #4842 ) ) ;
#6287 = CARTESIAN_POINT ( 'NONE',  ( -4.375241788773892360, -6.340670791627871061, 43.35000000000000853 ) ) ;
#6288 = CARTESIAN_POINT ( 'NONE',  ( 36.42743494340624011, 74.35590094261337413, 25.59339015613882395 ) ) ;
#6289 = VECTOR ( 'NONE', #4259, 1000.000000000000000 ) ;
#6290 = EDGE_LOOP ( 'NONE', ( #3528, #3787, #2647, #3732 ) ) ;
#6291 = CARTESIAN_POINT ( 'NONE',  ( -9.475880243922304658, 88.00178586216262033, -3.455201181230785235 ) ) ;
#6292 = EDGE_LOOP ( 'NONE', ( #659, #2375, #5168, #5267 ) ) ;
#6293 = EDGE_CURVE ( 'NONE', #1110, #3620, #5142, .T. ) ;
#6294 = EDGE_LOOP ( 'NONE', ( #989, #5680, #3585, #3546 ) ) ;
#6295 = PLANE ( 'NONE',  #3442 ) ;
#6296 = VECTOR ( 'NONE', #6350, 1000.000000000000000 ) ;
#6297 = FACE_OUTER_BOUND ( 'NONE', #5100, .T. ) ;
#6298 = LINE ( 'NONE', #1347, #406 ) ;
#6299 = EDGE_LOOP ( 'NONE', ( #7132, #153, #6384, #6083 ) ) ;
#6300 = VERTEX_POINT ( 'NONE', #2444 ) ;
#6301 = VERTEX_POINT ( 'NONE', #1314 ) ;
#6302 = DIRECTION ( 'NONE',  ( -6.236776857019554112E-35, 7.657177843178875065E-19, -1.000000000000000000 ) ) ;
#6303 = CARTESIAN_POINT ( 'NONE',  ( -3.207931051491221819, 88.00178586216263454, -3.455201181230785235 ) ) ;
#6304 = AXIS2_PLACEMENT_3D ( 'NONE', #5823, #905, #4190 ) ;
#6305 = ORIENTED_EDGE ( 'NONE', *, *, #2584, .F. ) ;
#6306 = DIRECTION ( 'NONE',  ( 0.000000000000000000, -7.657177843178876028E-19, 1.000000000000000000 ) ) ;
#6307 = VERTEX_POINT ( 'NONE', #2919 ) ;
#6308 = CIRCLE ( 'NONE', #2347, 1.550000000000000266 ) ;
#6309 = ORIENTED_EDGE ( 'NONE', *, *, #4173, .T. ) ;
#6310 = CARTESIAN_POINT ( 'NONE',  ( -3.475880243922329083, 92.46588747730038449, 25.59339015613882395 ) ) ;
#6311 = CARTESIAN_POINT ( 'NONE',  ( 8.600377905282121205, -14.07277949271606943, 8.108345979228746003 ) ) ;
#6312 = CARTESIAN_POINT ( 'NONE',  ( -0.3752417887738916935, -4.613701099919306436, 50.00000000000000000 ) ) ;
#6313 = LINE ( 'NONE', #3990, #3298 ) ;
#6314 = EDGE_CURVE ( 'NONE', #1773, #5122, #2369, .T. ) ;
#6315 = VECTOR ( 'NONE', #2313, 1000.000000000000000 ) ;
#6316 = ORIENTED_EDGE ( 'NONE', *, *, #4521, .T. ) ;
#6317 = VERTEX_POINT ( 'NONE', #2410 ) ;
#6318 = DIRECTION ( 'NONE',  ( -1.000000000000000000, -8.145007187700838718E-17, 0.000000000000000000 ) ) ;
#6319 = ORIENTED_EDGE ( 'NONE', *, *, #3055, .F. ) ;
#6320 = AXIS2_PLACEMENT_3D ( 'NONE', #4223, #5236, #3713 ) ;
#6321 = VECTOR ( 'NONE', #2600, 1000.000000000000000 ) ;
#6322 = DIRECTION ( 'NONE',  ( -1.000000000000000000, -1.637162635552522153E-16, 1.350588481258428369E-09 ) ) ;
#6323 = CARTESIAN_POINT ( 'NONE',  ( -4.375241788773892360, 2.684296998796706912, 46.35000000000000853 ) ) ;
#6324 = DIRECTION ( 'NONE',  ( 3.330669073875469621E-15, -1.000000000000000000, -7.657177843178876028E-19 ) ) ;
#6325 = AXIS2_PLACEMENT_3D ( 'NONE', #447, #4929, #336 ) ;
#6326 = VECTOR ( 'NONE', #3085, 1000.000000000000114 ) ;
#6327 = ORIENTED_EDGE ( 'NONE', *, *, #2197, .F. ) ;
#6328 = CARTESIAN_POINT ( 'NONE',  ( 9.100377905245551347, 82.06588747730039302, 8.118300022510947400 ) ) ;
#6329 = VERTEX_POINT ( 'NONE', #6775 ) ;
#6330 = EDGE_LOOP ( 'NONE', ( #3867, #805, #4423, #3454, #1135, #1006 ) ) ;
#6331 = VECTOR ( 'NONE', #1423, 1000.000000000000000 ) ;
#6332 = VECTOR ( 'NONE', #801, 1000.000000000000114 ) ;
#6333 = DIRECTION ( 'NONE',  ( -3.330669073875469621E-15, 1.000000000000000000, 0.000000000000000000 ) ) ;
#6334 = ADVANCED_FACE ( 'NONE', ( #4572 ), #1207, .T. ) ;
#6335 = DIRECTION ( 'NONE',  ( -0.8660254037844407060, 0.4999999999999965583, 0.000000000000000000 ) ) ;
#6336 = EDGE_CURVE ( 'NONE', #3146, #3081, #740, .T. ) ;
#6337 = DIRECTION ( 'NONE',  ( 0.000000000000000000, -7.657177843178876028E-19, 1.000000000000000000 ) ) ;
#6338 = ORIENTED_EDGE ( 'NONE', *, *, #4993, .F. ) ;
#6339 = EDGE_CURVE ( 'NONE', #2004, #2594, #3475, .T. ) ;
#6340 = ORIENTED_EDGE ( 'NONE', *, *, #246, .T. ) ;
#6341 = EDGE_CURVE ( 'NONE', #6458, #4597, #4614, .T. ) ;
#6342 = AXIS2_PLACEMENT_3D ( 'NONE', #2145, #6142, #2798 ) ;
#6343 = VERTEX_POINT ( 'NONE', #4135 ) ;
#6344 = VECTOR ( 'NONE', #102, 1000.000000000000114 ) ;
#6345 = DIRECTION ( 'NONE',  ( 0.8660254037844404840, -0.4999999999999968359, -3.828588921589414421E-19 ) ) ;
#6346 = VECTOR ( 'NONE', #4680, 1000.000000000000000 ) ;
#6347 = FACE_OUTER_BOUND ( 'NONE', #6230, .T. ) ;
#6348 = EDGE_CURVE ( 'NONE', #4037, #3468, #6192, .T. ) ;
#6349 = ORIENTED_EDGE ( 'NONE', *, *, #7044, .T. ) ;
#6350 = DIRECTION ( 'NONE',  ( 8.145007187700838718E-17, -1.000000000000000000, -0.000000000000000000 ) ) ;
#6351 = AXIS2_PLACEMENT_3D ( 'NONE', #1865, #5226, #6891 ) ;
#6352 = ORIENTED_EDGE ( 'NONE', *, *, #1352, .F. ) ;
#6353 = ORIENTED_EDGE ( 'NONE', *, *, #4125, .T. ) ;
#6354 = CARTESIAN_POINT ( 'NONE',  ( 11.01811894508610479, 83.96588747730039870, -3.455169374861251086 ) ) ;
#6355 = LINE ( 'NONE', #6892, #4947 ) ;
#6356 = CARTESIAN_POINT ( 'NONE',  ( 16.71813144998272094, 52.40086587357521353, 25.59342484847008947 ) ) ;
#6357 = PLANE ( 'NONE',  #5747 ) ;
#6358 = AXIS2_PLACEMENT_3D ( 'NONE', #195, #5080, #4059 ) ;
#6359 = ORIENTED_EDGE ( 'NONE', *, *, #5416, .F. ) ;
#6360 = VERTEX_POINT ( 'NONE', #665 ) ;
#6361 = CARTESIAN_POINT ( 'NONE',  ( 7.658094352293183249, 90.96588747730038449, -3.455201181230785235 ) ) ;
#6362 = VERTEX_POINT ( 'NONE', #156 ) ;
#6363 = CARTESIAN_POINT ( 'NONE',  ( -0.3752417887738916935, -4.613701099919306436, 6.649999999999995914 ) ) ;
#6364 = EDGE_CURVE ( 'NONE', #224, #858, #1822, .T. ) ;
#6365 = CARTESIAN_POINT ( 'NONE',  ( 10.25809121122610712, 83.96588747730039870, 8.108345979228746003 ) ) ;
#6366 = LINE ( 'NONE', #6973, #2737 ) ;
#6367 = EDGE_CURVE ( 'NONE', #4567, #2761, #6267, .T. ) ;
#6368 = VERTEX_POINT ( 'NONE', #227 ) ;
#6369 = CARTESIAN_POINT ( 'NONE',  ( -9.784195482811904654, 83.96588747730039870, 8.588580297008748587 ) ) ;
#6370 = ORIENTED_EDGE ( 'NONE', *, *, #3975, .F. ) ;
#6371 = EDGE_CURVE ( 'NONE', #5433, #5584, #2884, .T. ) ;
#6372 = VERTEX_POINT ( 'NONE', #2961 ) ;
#6373 = DIRECTION ( 'NONE',  ( 1.000000000000000000, 0.000000000000000000, 0.000000000000000000 ) ) ;
#6374 = DIRECTION ( 'NONE',  ( 0.5000000000000029976, -0.8660254037844369313, -6.631310533488230290E-19 ) ) ;
#6375 = CARTESIAN_POINT ( 'NONE',  ( 4.792068948508746651, 95.92998909243814865, -3.455201181230785235 ) ) ;
#6376 = ORIENTED_EDGE ( 'NONE', *, *, #2152, .F. ) ;
#6377 = EDGE_LOOP ( 'NONE', ( #3515, #5714, #305, #2525, #7145, #6862 ) ) ;
#6378 = DIRECTION ( 'NONE',  ( -0.8660254037844407060, 0.4999999999999965583, 0.000000000000000000 ) ) ;
#6379 = EDGE_CURVE ( 'NONE', #4919, #1844, #5726, .T. ) ;
#6380 = CARTESIAN_POINT ( 'NONE',  ( 10.52411975607761541, 88.00178586216262033, 30.39339015613882466 ) ) ;
#6381 = DIRECTION ( 'NONE',  ( 0.000000000000000000, 0.000000000000000000, 1.000000000000000000 ) ) ;
#6382 = VERTEX_POINT ( 'NONE', #808 ) ;
#6383 = DIRECTION ( 'NONE',  ( -1.000000000000000000, -1.637162635542180433E-16, 0.000000000000000000 ) ) ;
#6384 = ORIENTED_EDGE ( 'NONE', *, *, #453, .F. ) ;
#6385 = ADVANCED_FACE ( 'NONE', ( #5771, #196, #4650, #3588, #5111, #1856, #4094, #779, #2998, #5801, #3031, #1745, #2008, #4242, #3178, #1419, #6989, #5331 ), #5399, .T. ) ;
#6386 = DIRECTION ( 'NONE',  ( -1.000000000000000000, -3.663735981263016583E-15, -2.805387797898438817E-33 ) ) ;
#6387 = CARTESIAN_POINT ( 'NONE',  ( -6.341905647706762572, 87.50178586216263454, -3.455201181230785235 ) ) ;
#6388 = EDGE_CURVE ( 'NONE', #4048, #6112, #4280, .T. ) ;
#6389 = LINE ( 'NONE', #5152, #6326 ) ;
#6390 = LINE ( 'NONE', #924, #1901 ) ;
#6391 = ORIENTED_EDGE ( 'NONE', *, *, #5414, .F. ) ;
#6392 = EDGE_LOOP ( 'NONE', ( #2407, #1707, #1399, #2660 ) ) ;
#6393 = PLANE ( 'NONE',  #4092 ) ;
#6394 = ORIENTED_EDGE ( 'NONE', *, *, #1280, .F. ) ;
#6395 = CARTESIAN_POINT ( 'NONE',  ( -54.89290318739411845, 18.68429699879670025, 6.649999999999999467 ) ) ;
#6396 = LINE ( 'NONE', #388, #6558 ) ;
#6397 = LINE ( 'NONE', #5898, #3896 ) ;
#6398 = ORIENTED_EDGE ( 'NONE', *, *, #4331, .F. ) ;
#6399 = DIRECTION ( 'NONE',  ( 1.649625877691513536E-16, -1.000000000000000000, -5.645425086337026631E-23 ) ) ;
#6400 = VERTEX_POINT ( 'NONE', #7031 ) ;
#6401 = DIRECTION ( 'NONE',  ( 0.9999999999993126609, 1.637162644519080543E-16, -1.172497940839745224E-06 ) ) ;
#6402 = EDGE_LOOP ( 'NONE', ( #6398, #1424, #4742, #276 ) ) ;
#6403 = CARTESIAN_POINT ( 'NONE',  ( 10.25809121979612115, -14.07277949271606943, 1.733345955238746239 ) ) ;
#6404 = DIRECTION ( 'NONE',  ( 1.000000000000000000, 8.145007187700838718E-17, -8.239936510889840009E-15 ) ) ;
#6405 = DIRECTION ( 'NONE',  ( -1.637162635542180433E-16, 1.000000000000000000, 7.657177843178875065E-19 ) ) ;
#6406 = AXIS2_PLACEMENT_3D ( 'NONE', #6077, #7200, #2211 ) ;
#6407 = DIRECTION ( 'NONE',  ( -0.8660254037844404840, 0.4999999999999968914, 3.828588921589413940E-19 ) ) ;
#6408 = ORIENTED_EDGE ( 'NONE', *, *, #6277, .T. ) ;
#6409 = ADVANCED_FACE ( 'NONE', ( #2630 ), #4866, .T. ) ;
#6410 = VERTEX_POINT ( 'NONE', #1384 ) ;
#6411 = DIRECTION ( 'NONE',  ( -0.9999999999990734079, 0.000000000000000000, 1.361274163765233466E-06 ) ) ;
#6412 = LINE ( 'NONE', #3111, #6981 ) ;
#6413 = AXIS2_PLACEMENT_3D ( 'NONE', #1397, #5268, #3709 ) ;
#6414 = PLANE ( 'NONE',  #4615 ) ;
#6415 = DIRECTION ( 'NONE',  ( -3.663735981263016583E-15, 1.000000000000000000, 7.657177843178876028E-19 ) ) ;
#6416 = DIRECTION ( 'NONE',  ( -1.000000000000000000, 0.000000000000000000, -1.344313544308534762E-09 ) ) ;
#6417 = AXIS2_PLACEMENT_3D ( 'NONE', #6154, #5724, #2813 ) ;
#6418 = ORIENTED_EDGE ( 'NONE', *, *, #6443, .F. ) ;
#6419 = ADVANCED_FACE ( 'NONE', ( #6453 ), #916, .F. ) ;
#6420 = CARTESIAN_POINT ( 'NONE',  ( -5.475880243922321533, 88.00178586216262033, 30.39339015613882466 ) ) ;
#6421 = EDGE_LOOP ( 'NONE', ( #5288, #393, #2068, #1089 ) ) ;
#6422 = DIRECTION ( 'NONE',  ( 0.8660254037844404840, -0.4999999999999968914, 0.000000000000000000 ) ) ;
#6423 = AXIS2_PLACEMENT_3D ( 'NONE', #2518, #3799, #6411 ) ;
#6424 = LINE ( 'NONE', #455, #3327 ) ;
#6425 = LINE ( 'NONE', #4874, #7136 ) ;
#6426 = CARTESIAN_POINT ( 'NONE',  ( 0.7920689485087619719, 88.00178586216263454, -3.455201181230785235 ) ) ;
#6427 = VERTEX_POINT ( 'NONE', #4203 ) ;
#6428 = ADVANCED_FACE ( 'NONE', ( #984 ), #2481, .F. ) ;
#6429 = VECTOR ( 'NONE', #3788, 1000.000000000000114 ) ;
#6430 = DIRECTION ( 'NONE',  ( 1.000000000000000000, 0.000000000000000000, 0.000000000000000000 ) ) ;
#6431 = EDGE_CURVE ( 'NONE', #813, #307, #302, .T. ) ;
#6432 = ORIENTED_EDGE ( 'NONE', *, *, #5501, .T. ) ;
#6433 = PLANE ( 'NONE',  #5273 ) ;
#6434 = VECTOR ( 'NONE', #2864, 1000.000000000000000 ) ;
#6435 = LINE ( 'NONE', #4775, #1317 ) ;
#6436 = FACE_BOUND ( 'NONE', #5671, .T. ) ;
#6437 = VERTEX_POINT ( 'NONE', #6955 ) ;
#6438 = LINE ( 'NONE', #1445, #608 ) ;
#6439 = VERTEX_POINT ( 'NONE', #1491 ) ;
#6440 = AXIS2_PLACEMENT_3D ( 'NONE', #1929, #1408, #6373 ) ;
#6441 = DIRECTION ( 'NONE',  ( 3.330669073875469621E-15, -1.000000000000000000, -7.657177843178876028E-19 ) ) ;
#6442 = DIRECTION ( 'NONE',  ( -0.8660254037844368202, -0.5000000000000032196, 0.000000000000000000 ) ) ;
#6443 = EDGE_CURVE ( 'NONE', #4597, #6831, #5293, .T. ) ;
#6444 = CARTESIAN_POINT ( 'NONE',  ( 8.858091211226081896, 83.96588747730039870, 23.53334597922873428 ) ) ;
#6445 = VECTOR ( 'NONE', #4433, 1000.000000000000114 ) ;
#6446 = CARTESIAN_POINT ( 'NONE',  ( 4.624758211226102311, 23.68429699879670736, 50.00000000000000000 ) ) ;
#6447 = EDGE_LOOP ( 'NONE', ( #1912, #4537, #3124, #2924 ) ) ;
#6448 = VERTEX_POINT ( 'NONE', #1973 ) ;
#6449 = PLANE ( 'NONE',  #3398 ) ;
#6450 = CARTESIAN_POINT ( 'NONE',  ( 8.524119756077624288, 91.46588747730037028, 30.39339015613882466 ) ) ;
#6451 = VECTOR ( 'NONE', #329, 1000.000000000000114 ) ;
#6452 = VECTOR ( 'NONE', #5143, 1000.000000000000227 ) ;
#6453 = FACE_OUTER_BOUND ( 'NONE', #1509, .T. ) ;
#6454 = DIRECTION ( 'NONE',  ( -3.330669073875469621E-15, 1.000000000000000000, 0.000000000000000000 ) ) ;
#6455 = CARTESIAN_POINT ( 'NONE',  ( 32.42743494340628985, 67.42769771233788845, 25.59339015613882395 ) ) ;
#6456 = VECTOR ( 'NONE', #1696, 1000.000000000000000 ) ;
#6457 = VECTOR ( 'NONE', #5390, 1000.000000000000000 ) ;
#6458 = VERTEX_POINT ( 'NONE', #2553 ) ;
#6459 = DIRECTION ( 'NONE',  ( -1.344313544308534762E-09, -1.694932607716952613E-25, 1.000000000000000000 ) ) ;
#6460 = ADVANCED_FACE ( 'NONE', ( #6521 ), #6414, .T. ) ;
#6461 = VECTOR ( 'NONE', #5913, 1000.000000000000114 ) ;
#6462 = DIRECTION ( 'NONE',  ( 0.000000000000000000, -7.657177843178876028E-19, 1.000000000000000000 ) ) ;
#6463 = LINE ( 'NONE', #5953, #4143 ) ;
#6464 = CARTESIAN_POINT ( 'NONE',  ( -10.94190878877390460, 83.96588747730039870, 8.108345979229751421 ) ) ;
#6465 = CARTESIAN_POINT ( 'NONE',  ( 0.7920689485087619719, 89.00178586216263454, 30.39339015613882466 ) ) ;
#6466 = ORIENTED_EDGE ( 'NONE', *, *, #6897, .T. ) ;
#6467 = DIRECTION ( 'NONE',  ( 0.000000000000000000, -7.657177843178876028E-19, 1.000000000000000000 ) ) ;
#6468 = ORIENTED_EDGE ( 'NONE', *, *, #2717, .T. ) ;
#6469 = EDGE_CURVE ( 'NONE', #3500, #5203, #4791, .T. ) ;
#6470 = EDGE_CURVE ( 'NONE', #4238, #3089, #5836, .T. ) ;
#6471 = CIRCLE ( 'NONE', #2639, 1.550000000000000266 ) ;
#6472 = DIRECTION ( 'NONE',  ( -9.610368056909178799E-13, -0.9999999999997581934, 6.954057136987884350E-07 ) ) ;
#6473 = DIRECTION ( 'NONE',  ( -1.637162635542180680E-16, 1.000000000000000000, 7.657177843178876028E-19 ) ) ;
#6474 = FACE_BOUND ( 'NONE', #5147, .T. ) ;
#6475 = ORIENTED_EDGE ( 'NONE', *, *, #1228, .F. ) ;
#6476 = CARTESIAN_POINT ( 'NONE',  ( -2.341905647706782112, 89.50178586216263454, 25.59339015613882395 ) ) ;
#6477 = ORIENTED_EDGE ( 'NONE', *, *, #349, .F. ) ;
#6478 = FACE_OUTER_BOUND ( 'NONE', #3242, .T. ) ;
#6479 = EDGE_CURVE ( 'NONE', #6803, #5116, #3761, .T. ) ;
#6480 = CARTESIAN_POINT ( 'NONE',  ( -8.584195482830899948, 83.96588747730039870, 19.48643130160574799 ) ) ;
#6481 = DIRECTION ( 'NONE',  ( 8.239936510889840009E-15, 2.347914814132137011E-22, 1.000000000000000000 ) ) ;
#6482 = DIRECTION ( 'NONE',  ( 0.000000000000000000, 0.000000000000000000, 1.000000000000000000 ) ) ;
#6483 = ORIENTED_EDGE ( 'NONE', *, *, #7119, .F. ) ;
#6484 = ORIENTED_EDGE ( 'NONE', *, *, #3631, .F. ) ;
#6485 = DIRECTION ( 'NONE',  ( 0.4999999999999965583, 0.8660254037844407060, 6.631310533488258216E-19 ) ) ;
#6486 = DIRECTION ( 'NONE',  ( 1.000000000000000000, 0.000000000000000000, 0.000000000000000000 ) ) ;
#6487 = CARTESIAN_POINT ( 'NONE',  ( -6.341905647706769678, 96.42998909243814865, -3.455201181230785235 ) ) ;
#6488 = LINE ( 'NONE', #2633, #3087 ) ;
#6489 = CARTESIAN_POINT ( 'NONE',  ( 16.71809190687263325, 31.90447354320630780, 30.39339015613882466 ) ) ;
#6490 = ORIENTED_EDGE ( 'NONE', *, *, #2104, .F. ) ;
#6491 = ORIENTED_EDGE ( 'NONE', *, *, #357, .F. ) ;
#6492 = PLANE ( 'NONE',  #4445 ) ;
#6493 = EDGE_CURVE ( 'NONE', #3500, #1634, #3141, .T. ) ;
#6494 = FACE_OUTER_BOUND ( 'NONE', #146, .T. ) ;
#6495 = PLANE ( 'NONE',  #5302 ) ;
#6496 = EDGE_CURVE ( 'NONE', #1348, #4969, #842, .T. ) ;
#6497 = CARTESIAN_POINT ( 'NONE',  ( -16.40192070901316868, 44.61588747730039017, 9.208919501491093840 ) ) ;
#6498 = DIRECTION ( 'NONE',  ( 8.145007187700838718E-17, -1.000000000000000000, -0.000000000000000000 ) ) ;
#6499 = VERTEX_POINT ( 'NONE', #2588 ) ;
#6500 = EDGE_CURVE ( 'NONE', #7192, #6735, #4172, .T. ) ;
#6501 = DIRECTION ( 'NONE',  ( 3.663735981263016583E-15, -1.000000000000000000, 0.000000000000000000 ) ) ;
#6502 = ORIENTED_EDGE ( 'NONE', *, *, #5487, .T. ) ;
#6503 = EDGE_CURVE ( 'NONE', #4148, #3816, #1124, .T. ) ;
#6504 = CARTESIAN_POINT ( 'NONE',  ( 4.792068948508746651, 88.00178586216263454, 30.39339015613882466 ) ) ;
#6505 = CARTESIAN_POINT ( 'NONE',  ( -7.207931051491207164, 89.00178586216263454, 30.39339015613882466 ) ) ;
#6506 = EDGE_CURVE ( 'NONE', #2594, #185, #5466, .T. ) ;
#6507 = ORIENTED_EDGE ( 'NONE', *, *, #5617, .F. ) ;
#6508 = FACE_OUTER_BOUND ( 'NONE', #4276, .T. ) ;
#6509 = EDGE_LOOP ( 'NONE', ( #5573, #5392, #331, #4336 ) ) ;
#6510 = PLANE ( 'NONE',  #3636 ) ;
#6511 = DIRECTION ( 'NONE',  ( 0.000000000000000000, -7.657177843178876028E-19, 1.000000000000000000 ) ) ;
#6512 = DIRECTION ( 'NONE',  ( -0.9999999999999712452, 0.000000000000000000, 2.398395554651428848E-07 ) ) ;
#6513 = EDGE_CURVE ( 'NONE', #4566, #4111, #5502, .T. ) ;
#6514 = DIRECTION ( 'NONE',  ( 8.145007187700838718E-17, -1.000000000000000000, -0.000000000000000000 ) ) ;
#6515 = PLANE ( 'NONE',  #6565 ) ;
#6516 = ORIENTED_EDGE ( 'NONE', *, *, #4986, .F. ) ;
#6517 = VERTEX_POINT ( 'NONE', #1596 ) ;
#6518 = DIRECTION ( 'NONE',  ( 1.000000000000000000, 0.000000000000000000, 0.000000000000000000 ) ) ;
#6519 = EDGE_CURVE ( 'NONE', #3620, #7176, #3831, .T. ) ;
#6520 = DIRECTION ( 'NONE',  ( -1.000000000000000000, -1.637162635542180680E-16, 0.000000000000000000 ) ) ;
#6521 = FACE_OUTER_BOUND ( 'NONE', #4540, .T. ) ;
#6522 = VECTOR ( 'NONE', #1665, 1000.000000000000114 ) ;
#6523 = CARTESIAN_POINT ( 'NONE',  ( -17.40194335874751985, 83.96588747730039870, 25.59338352060716915 ) ) ;
#6524 = CARTESIAN_POINT ( 'NONE',  ( 16.71809661028372673, 44.61588747730039017, -2.275791298312482684E-05 ) ) ;
#6525 = EDGE_LOOP ( 'NONE', ( #2173, #2198, #4356, #687 ) ) ;
#6526 = ORIENTED_EDGE ( 'NONE', *, *, #6506, .T. ) ;
#6527 = ORIENTED_EDGE ( 'NONE', *, *, #4707, .T. ) ;
#6528 = AXIS2_PLACEMENT_3D ( 'NONE', #6899, #5850, #3195 ) ;
#6529 = DIRECTION ( 'NONE',  ( 8.145007187700838718E-17, -1.000000000000000000, 0.000000000000000000 ) ) ;
#6530 = DIRECTION ( 'NONE',  ( 0.8660254037844369313, 0.5000000000000029976, 3.828588921589461125E-19 ) ) ;
#6531 = CARTESIAN_POINT ( 'NONE',  ( 2.524119756077647381, 88.00178586216262033, 25.59339015613882395 ) ) ;
#6532 = LINE ( 'NONE', #5954, #1910 ) ;
#6533 = VECTOR ( 'NONE', #5319, 1000.000000000000000 ) ;
#6534 = ORIENTED_EDGE ( 'NONE', *, *, #4042, .T. ) ;
#6535 = FACE_OUTER_BOUND ( 'NONE', #1328, .T. ) ;
#6536 = VERTEX_POINT ( 'NONE', #7173 ) ;
#6537 = VECTOR ( 'NONE', #6838, 1000.000000000000000 ) ;
#6538 = EDGE_CURVE ( 'NONE', #1578, #5506, #7099, .T. ) ;
#6539 = DIRECTION ( 'NONE',  ( -2.592425643533370048E-33, -1.000000000000000000, -7.657177843178876991E-19 ) ) ;
#6540 = DIRECTION ( 'NONE',  ( -0.4999999999999968914, -0.8660254037844404840, -6.631310533488256290E-19 ) ) ;
#6541 = AXIS2_PLACEMENT_3D ( 'NONE', #6648, #3821, #6004 ) ;
#6542 = ORIENTED_EDGE ( 'NONE', *, *, #957, .T. ) ;
#6543 = CARTESIAN_POINT ( 'NONE',  ( -12.40193786684035793, 91.21413387534181538, 21.59338794779475279 ) ) ;
#6544 = ORIENTED_EDGE ( 'NONE', *, *, #4797, .T. ) ;
#6545 = LINE ( 'NONE', #3644, #3973 ) ;
#6546 = AXIS2_PLACEMENT_3D ( 'NONE', #4698, #244, #2983 ) ;
#6547 = EDGE_CURVE ( 'NONE', #1520, #3698, #4893, .T. ) ;
#6548 = CARTESIAN_POINT ( 'NONE',  ( 5.658094352293191243, 94.42998909243814865, -3.455201181230785235 ) ) ;
#6549 = CARTESIAN_POINT ( 'NONE',  ( 16.71809661036494887, 52.40086587357521353, 3.690062717788029781E-05 ) ) ;
#6550 = CARTESIAN_POINT ( 'NONE',  ( 1.658094352293199458, 89.50178586216263454, -3.455201181230785235 ) ) ;
#6551 = ORIENTED_EDGE ( 'NONE', *, *, #2637, .T. ) ;
#6552 = VECTOR ( 'NONE', #168, 1000.000000000000114 ) ;
#6553 = EDGE_LOOP ( 'NONE', ( #5803, #6229, #1945, #5205 ) ) ;
#6554 = LINE ( 'NONE', #365, #5380 ) ;
#6555 = CARTESIAN_POINT ( 'NONE',  ( 1.174758211226108351, -4.613701099919306436, 50.00000000000000000 ) ) ;
#6556 = EDGE_CURVE ( 'NONE', #3566, #3196, #2739, .T. ) ;
#6557 = EDGE_CURVE ( 'NONE', #5145, #6067, #4451, .T. ) ;
#6558 = VECTOR ( 'NONE', #1371, 1000.000000000000000 ) ;
#6559 = VECTOR ( 'NONE', #6604, 1000.000000000000000 ) ;
#6560 = DIRECTION ( 'NONE',  ( 0.8660254037844368202, 0.5000000000000032196, 3.828588921589462088E-19 ) ) ;
#6561 = EDGE_CURVE ( 'NONE', #5356, #6439, #6045, .T. ) ;
#6562 = CARTESIAN_POINT ( 'NONE',  ( 6.458088109256929776, -14.07277949271606943, 2.271728514395381093E-05 ) ) ;
#6563 = CARTESIAN_POINT ( 'NONE',  ( -8.924235094193059936, 2.386298900080692231, 6.649999999999995914 ) ) ;
#6564 = ORIENTED_EDGE ( 'NONE', *, *, #2214, .F. ) ;
#6565 = AXIS2_PLACEMENT_3D ( 'NONE', #1519, #6009, #3067 ) ;
#6566 = EDGE_LOOP ( 'NONE', ( #6123, #6376 ) ) ;
#6567 = CIRCLE ( 'NONE', #4487, 1.549999999999999378 ) ;
#6568 = DIRECTION ( 'NONE',  ( 8.145007187700838718E-17, -1.000000000000000000, -0.000000000000000000 ) ) ;
#6569 = DIRECTION ( 'NONE',  ( 0.000000000000000000, -7.657177843178876028E-19, 1.000000000000000000 ) ) ;
#6570 = DIRECTION ( 'NONE',  ( -0.8660254037844407060, 0.4999999999999965583, 3.828588921589411533E-19 ) ) ;
#6571 = EDGE_CURVE ( 'NONE', #2880, #653, #3386, .T. ) ;
#6572 = LINE ( 'NONE', #7045, #5056 ) ;
#6573 = VECTOR ( 'NONE', #6883, 1000.000000000000000 ) ;
#6574 = ORIENTED_EDGE ( 'NONE', *, *, #6284, .F. ) ;
#6575 = DIRECTION ( 'NONE',  ( 0.8660254037844369313, 0.5000000000000029976, 0.000000000000000000 ) ) ;
#6576 = VECTOR ( 'NONE', #6570, 1000.000000000000114 ) ;
#6577 = ORIENTED_EDGE ( 'NONE', *, *, #5710, .T. ) ;
#6578 = DIRECTION ( 'NONE',  ( -0.000000000000000000, -0.000000000000000000, 1.000000000000000000 ) ) ;
#6579 = FACE_OUTER_BOUND ( 'NONE', #5783, .T. ) ;
#6580 = AXIS2_PLACEMENT_3D ( 'NONE', #4212, #377, #6422 ) ;
#6581 = ORIENTED_EDGE ( 'NONE', *, *, #1410, .F. ) ;
#6582 = LINE ( 'NONE', #3271, #2590 ) ;
#6583 = EDGE_CURVE ( 'NONE', #1844, #3403, #1565, .T. ) ;
#6584 = ORIENTED_EDGE ( 'NONE', *, *, #2408, .F. ) ;
#6585 = DIRECTION ( 'NONE',  ( 0.8660254037844407060, -0.4999999999999965583, -3.828588921589411533E-19 ) ) ;
#6586 = EDGE_CURVE ( 'NONE', #1091, #6382, #4965, .T. ) ;
#6587 = EDGE_CURVE ( 'NONE', #3205, #4037, #2114, .T. ) ;
#6588 = CARTESIAN_POINT ( 'NONE',  ( 6.458087725431290060, 91.21413387534181538, 0.000000000000000000 ) ) ;
#6589 = DIRECTION ( 'NONE',  ( -1.091152692702142892E-32, 1.339658354568195596E-16, -1.000000000000000000 ) ) ;
#6590 = ORIENTED_EDGE ( 'NONE', *, *, #6496, .F. ) ;
#6591 = ORIENTED_EDGE ( 'NONE', *, *, #5394, .T. ) ;
#6592 = EDGE_CURVE ( 'NONE', #4912, #3904, #5028, .T. ) ;
#6593 = DIRECTION ( 'NONE',  ( 0.000000000000000000, -0.000000000000000000, 1.000000000000000000 ) ) ;
#6594 = CARTESIAN_POINT ( 'NONE',  ( 6.458090141575113741, 23.68429699879670380, 1.733346179548747479 ) ) ;
#6595 = CARTESIAN_POINT ( 'NONE',  ( -7.207931051491207164, 88.00178586216263454, -3.455201181230785235 ) ) ;
#6596 = DIRECTION ( 'NONE',  ( 1.000000000000000000, 0.000000000000000000, 0.000000000000000000 ) ) ;
#6597 = CARTESIAN_POINT ( 'NONE',  ( 4.624758211226102311, 34.38432220522847871, 37.69551609695469807 ) ) ;
#6598 = ORIENTED_EDGE ( 'NONE', *, *, #271, .T. ) ;
#6599 = ORIENTED_EDGE ( 'NONE', *, *, #5222, .T. ) ;
#6600 = ORIENTED_EDGE ( 'NONE', *, *, #460, .T. ) ;
#6601 = LINE ( 'NONE', #4972, #4679 ) ;
#6602 = DIRECTION ( 'NONE',  ( 0.000000000000000000, -7.657177843178876028E-19, 1.000000000000000000 ) ) ;
#6603 = CARTESIAN_POINT ( 'NONE',  ( 37.29346034719069536, 75.85590094261338834, 25.59339015613882395 ) ) ;
#6604 = DIRECTION ( 'NONE',  ( 1.698444971721114129E-16, -1.000000000000000000, -7.657177843178875065E-19 ) ) ;
#6605 = ORIENTED_EDGE ( 'NONE', *, *, #4398, .T. ) ;
#6606 = CARTESIAN_POINT ( 'NONE',  ( -5.375241788773895912, 52.40086587357522063, 25.59339430679273164 ) ) ;
#6607 = EDGE_CURVE ( 'NONE', #1634, #3391, #4417, .T. ) ;
#6608 = VERTEX_POINT ( 'NONE', #36 ) ;
#6609 = ADVANCED_FACE ( 'NONE', ( #5540 ), #2252, .T. ) ;
#6610 = ADVANCED_FACE ( 'NONE', ( #1703 ), #2154, .T. ) ;
#6611 = DIRECTION ( 'NONE',  ( 0.8660254037844369313, 0.5000000000000029976, 3.828588921589461125E-19 ) ) ;
#6612 = CARTESIAN_POINT ( 'NONE',  ( 6.458088109256923559, 44.61588747730039017, 2.271728514399354355E-05 ) ) ;
#6613 = ORIENTED_EDGE ( 'NONE', *, *, #3297, .T. ) ;
#6614 = CARTESIAN_POINT ( 'NONE',  ( -11.64190878877392876, 83.96588747730039870, 23.53334597922873783 ) ) ;
#6615 = VERTEX_POINT ( 'NONE', #1085 ) ;
#6616 = CARTESIAN_POINT ( 'NONE',  ( 3.624758211226107196, 2.386298900080694452, -3.455201181230785235 ) ) ;
#6617 = DIRECTION ( 'NONE',  ( 0.8660254037844404840, -0.4999999999999968914, 0.000000000000000000 ) ) ;
#6618 = CARTESIAN_POINT ( 'NONE',  ( -0.3419087887740344112, -14.07277949271606943, -9.216654020771249733 ) ) ;
#6619 = CARTESIAN_POINT ( 'NONE',  ( -1.925241788773891960, -4.613701099919306436, 50.00000000000000000 ) ) ;
#6620 = ORIENTED_EDGE ( 'NONE', *, *, #4963, .T. ) ;
#6621 = ORIENTED_EDGE ( 'NONE', *, *, #4665, .T. ) ;
#6622 = DIRECTION ( 'NONE',  ( -1.000000000000000000, -1.698444961132655992E-16, 0.000000000000000000 ) ) ;
#6623 = DIRECTION ( 'NONE',  ( 1.000000000000000000, 0.000000000000000000, 0.000000000000000000 ) ) ;
#6624 = DIRECTION ( 'NONE',  ( -0.8660254037844368202, -0.5000000000000032196, 0.000000000000000000 ) ) ;
#6625 = EDGE_CURVE ( 'NONE', #340, #1571, #3324, .T. ) ;
#6626 = DIRECTION ( 'NONE',  ( 1.000000000000000000, 0.000000000000000000, 0.000000000000000000 ) ) ;
#6627 = LINE ( 'NONE', #2292, #5632 ) ;
#6628 = EDGE_LOOP ( 'NONE', ( #6085, #4017, #1472, #6475 ) ) ;
#6629 = VERTEX_POINT ( 'NONE', #1017 ) ;
#6630 = ORIENTED_EDGE ( 'NONE', *, *, #6117, .F. ) ;
#6631 = PLANE ( 'NONE',  #2812 ) ;
#6632 = CARTESIAN_POINT ( 'NONE',  ( -2.341905647706783888, 89.50178586216263454, 30.39339015613882466 ) ) ;
#6633 = CARTESIAN_POINT ( 'NONE',  ( -0.3752417887738929148, 2.386298900080694452, -3.455201181230785235 ) ) ;
#6634 = CARTESIAN_POINT ( 'NONE',  ( -0.3419056477067787259, 90.96588747730038449, -3.455201181230785235 ) ) ;
#6635 = AXIS2_PLACEMENT_3D ( 'NONE', #1701, #4387, #579 ) ;
#6636 = ORIENTED_EDGE ( 'NONE', *, *, #5576, .T. ) ;
#6637 = CARTESIAN_POINT ( 'NONE',  ( -7.207931051491207164, 95.92998909243814865, 25.59339015613882395 ) ) ;
#6638 = ORIENTED_EDGE ( 'NONE', *, *, #3254, .F. ) ;
#6639 = AXIS2_PLACEMENT_3D ( 'NONE', #5335, #1944, #1977 ) ;
#6640 = EDGE_CURVE ( 'NONE', #5145, #4404, #6841, .T. ) ;
#6641 = CARTESIAN_POINT ( 'NONE',  ( -7.207931051491207164, 89.00178586216263454, 30.39339015613882466 ) ) ;
#6642 = DIRECTION ( 'NONE',  ( 0.000000000000000000, -7.657177843178876028E-19, 1.000000000000000000 ) ) ;
#6643 = CARTESIAN_POINT ( 'NONE',  ( -0.3752417887738929148, 2.386298900080694452, 50.00000000000000000 ) ) ;
#6644 = ADVANCED_FACE ( 'NONE', ( #2910 ), #691, .T. ) ;
#6645 = EDGE_CURVE ( 'NONE', #7023, #2603, #4733, .T. ) ;
#6646 = VECTOR ( 'NONE', #4501, 1000.000000000000000 ) ;
#6647 = ORIENTED_EDGE ( 'NONE', *, *, #1525, .T. ) ;
#6648 = CARTESIAN_POINT ( 'NONE',  ( 9.908091211226080830, 83.96588747730039870, -0.9166540207712660093 ) ) ;
#6649 = ORIENTED_EDGE ( 'NONE', *, *, #2289, .F. ) ;
#6650 = CARTESIAN_POINT ( 'NONE',  ( -16.58727531073191130, 81.27721785250923858, 25.59339015613882395 ) ) ;
#6651 = DIRECTION ( 'NONE',  ( 0.8660254037844404840, -0.4999999999999968359, -3.828588921589414421E-19 ) ) ;
#6652 = VECTOR ( 'NONE', #1015, 1000.000000000000000 ) ;
#6653 = CARTESIAN_POINT ( 'NONE',  ( 3.624758211226107196, 2.684296998796706912, 46.35000000000000853 ) ) ;
#6654 = LINE ( 'NONE', #6619, #5526 ) ;
#6655 = ORIENTED_EDGE ( 'NONE', *, *, #6139, .T. ) ;
#6656 = DIRECTION ( 'NONE',  ( -0.9999999999990444310, -1.698444961134278334E-16, -1.382390865693872338E-06 ) ) ;
#6657 = CIRCLE ( 'NONE', #6541, 1.050000000000000488 ) ;
#6658 = CARTESIAN_POINT ( 'NONE',  ( 31.29346034719076286, 65.46359609720016692, 25.59339015613882395 ) ) ;
#6659 = DIRECTION ( 'NONE',  ( 1.000000000000000000, 3.330669073875469621E-15, 2.550352543544035319E-33 ) ) ;
#6660 = VECTOR ( 'NONE', #6539, 1000.000000000000000 ) ;
#6661 = DIRECTION ( 'NONE',  ( -8.239936510889840009E-15, 7.657177843165384889E-19, -1.000000000000000000 ) ) ;
#6662 = EDGE_LOOP ( 'NONE', ( #1350, #2168, #3374, #5931 ) ) ;
#6663 = EDGE_LOOP ( 'NONE', ( #3183, #5448 ) ) ;
#6664 = ORIENTED_EDGE ( 'NONE', *, *, #7113, .T. ) ;
#6665 = DIRECTION ( 'NONE',  ( -0.000000000000000000, -0.000000000000000000, -1.000000000000000000 ) ) ;
#6666 = EDGE_CURVE ( 'NONE', #5696, #3877, #5069, .T. ) ;
#6667 = AXIS2_PLACEMENT_3D ( 'NONE', #6215, #5059, #6835 ) ;
#6668 = AXIS2_PLACEMENT_3D ( 'NONE', #2074, #3208, #437 ) ;
#6669 = CARTESIAN_POINT ( 'NONE',  ( 16.71809661028374805, 5.900495643889927091E-15, -2.275791298312485395E-05 ) ) ;
#6670 = CARTESIAN_POINT ( 'NONE',  ( 32.42743494340631116, 67.42769771233794529, 25.59339015613882395 ) ) ;
#6671 = CYLINDRICAL_SURFACE ( 'NONE', #5868, 1.050000000000000488 ) ;
#6672 = VECTOR ( 'NONE', #1567, 1000.000000000000114 ) ;
#6673 = ORIENTED_EDGE ( 'NONE', *, *, #2905, .T. ) ;
#6674 = CARTESIAN_POINT ( 'NONE',  ( -10.94190878877388862, -14.07277949271606943, 8.108345979229751421 ) ) ;
#6675 = EDGE_CURVE ( 'NONE', #5545, #1926, #5132, .T. ) ;
#6676 = ORIENTED_EDGE ( 'NONE', *, *, #2337, .F. ) ;
#6677 = AXIS2_PLACEMENT_3D ( 'NONE', #1492, #3075, #2523 ) ;
#6678 = CARTESIAN_POINT ( 'NONE',  ( -4.375241788773895912, 23.68429699879670736, 48.80917232196426880 ) ) ;
#6679 = DIRECTION ( 'NONE',  ( 1.637162635542180433E-16, -1.000000000000000000, -7.657177843178875065E-19 ) ) ;
#6680 = CARTESIAN_POINT ( 'NONE',  ( -1.475880243922335966, 88.00178586216262033, 25.59339015613882395 ) ) ;
#6681 = VECTOR ( 'NONE', #4145, 999.9999999999998863 ) ;
#6682 = VECTOR ( 'NONE', #469, 1000.000000000000000 ) ;
#6683 = ORIENTED_EDGE ( 'NONE', *, *, #7089, .F. ) ;
#6684 = ADVANCED_FACE ( 'NONE', ( #6728 ), #147, .F. ) ;
#6685 = FILL_AREA_STYLE ('',( #5591 ) ) ;
#6686 = ORIENTED_EDGE ( 'NONE', *, *, #1334, .F. ) ;
#6687 = CARTESIAN_POINT ( 'NONE',  ( -0.3752417887738916935, -4.613701099919306436, 50.00000000000000000 ) ) ;
#6688 = VECTOR ( 'NONE', #3229, 999.9999999999998863 ) ;
#6689 = FACE_OUTER_BOUND ( 'NONE', #1034, .T. ) ;
#6690 = FACE_OUTER_BOUND ( 'NONE', #6859, .T. ) ;
#6691 = ADVANCED_FACE ( 'NONE', ( #5102 ), #1304, .T. ) ;
#6692 = EDGE_LOOP ( 'NONE', ( #1938, #4631, #829, #3982 ) ) ;
#6693 = CARTESIAN_POINT ( 'NONE',  ( -8.401937866840340163, 79.96588747730039870, 25.59339015613882395 ) ) ;
#6694 = VECTOR ( 'NONE', #4050, 1000.000000000000000 ) ;
#6695 = EDGE_CURVE ( 'NONE', #6329, #2652, #6808, .T. ) ;
#6696 = LINE ( 'NONE', #2696, #6745 ) ;
#6697 = EDGE_CURVE ( 'NONE', #4117, #845, #4604, .T. ) ;
#6698 = CARTESIAN_POINT ( 'NONE',  ( -14.72124990694747915, 78.04516704494038493, 25.59339015613882395 ) ) ;
#6699 = AXIS2_PLACEMENT_3D ( 'NONE', #3509, #1712, #3473 ) ;
#6700 = LINE ( 'NONE', #1704, #4603 ) ;
#6701 = CARTESIAN_POINT ( 'NONE',  ( -9.975241788773896445, -10.83698782708472308, 25.59338794779474213 ) ) ;
#6702 = ORIENTED_EDGE ( 'NONE', *, *, #5051, .F. ) ;
#6703 = ORIENTED_EDGE ( 'NONE', *, *, #5222, .F. ) ;
#6704 = EDGE_LOOP ( 'NONE', ( #2288, #561 ) ) ;
#6705 = DIRECTION ( 'NONE',  ( -1.091152692702142892E-32, 1.339658354568195596E-16, -1.000000000000000000 ) ) ;
#6706 = DIRECTION ( 'NONE',  ( 0.8660254037844407060, -0.4999999999999965583, -3.828588921589411533E-19 ) ) ;
#6707 = CARTESIAN_POINT ( 'NONE',  ( -0.3752417887738960234, 9.386298900080694452, 6.649999999999995914 ) ) ;
#6708 = LINE ( 'NONE', #3295, #3419 ) ;
#6709 = ORIENTED_EDGE ( 'NONE', *, *, #3701, .F. ) ;
#6710 = CARTESIAN_POINT ( 'NONE',  ( -11.20793105149119029, 95.92998909243814865, -3.455201181230785235 ) ) ;
#6711 = ORIENTED_EDGE ( 'NONE', *, *, #2496, .T. ) ;
#6712 = CARTESIAN_POINT ( 'NONE',  ( -0.3752417887738960234, 9.386298900080694452, 50.00000000000000000 ) ) ;
#6713 = LINE ( 'NONE', #1834, #2015 ) ;
#6714 = ADVANCED_FACE ( 'NONE', ( #1848 ), #6295, .T. ) ;
#6715 = CARTESIAN_POINT ( 'NONE',  ( 2.524119756077648269, 95.92998909243814865, -3.455201181230785235 ) ) ;
#6716 = EDGE_LOOP ( 'NONE', ( #4671, #2109, #5766, #199 ) ) ;
#6717 = DIRECTION ( 'NONE',  ( 3.663735981263016583E-15, -1.000000000000000000, -7.657177843178876991E-19 ) ) ;
#6718 = EDGE_CURVE ( 'NONE', #4830, #6458, #1888, .T. ) ;
#6719 = VERTEX_POINT ( 'NONE', #1269 ) ;
#6720 = LINE ( 'NONE', #3274, #260 ) ;
#6721 = CARTESIAN_POINT ( 'NONE',  ( 59.04809189100393496, 52.40086587357522774, 25.59348336502074872 ) ) ;
#6722 = DIRECTION ( 'NONE',  ( -1.000000000000000000, -3.663735981263016583E-15, -2.805387797898438817E-33 ) ) ;
#6723 = DIRECTION ( 'NONE',  ( -1.361274163849216571E-06, 6.938894234030653495E-15, -0.9999999999990734079 ) ) ;
#6724 = ORIENTED_EDGE ( 'NONE', *, *, #5739, .F. ) ;
#6725 = DIRECTION ( 'NONE',  ( -0.8660254037844368202, -0.5000000000000032196, 0.000000000000000000 ) ) ;
#6726 = ORIENTED_EDGE ( 'NONE', *, *, #2574, .F. ) ;
#6727 = ADVANCED_FACE ( 'NONE', ( #3501 ), #5715, .F. ) ;
#6728 = FACE_OUTER_BOUND ( 'NONE', #2171, .T. ) ;
#6729 = LINE ( 'NONE', #2740, #2966 ) ;
#6730 = DIRECTION ( 'NONE',  ( -3.663735981263016583E-15, 1.000000000000000000, 7.657177843178876028E-19 ) ) ;
#6731 = ORIENTED_EDGE ( 'NONE', *, *, #6493, .T. ) ;
#6732 = EDGE_CURVE ( 'NONE', #5891, #5507, #4526, .T. ) ;
#6733 = VERTEX_POINT ( 'NONE', #188 ) ;
#6734 = ORIENTED_EDGE ( 'NONE', *, *, #6032, .F. ) ;
#6735 = VERTEX_POINT ( 'NONE', #6223 ) ;
#6736 = CARTESIAN_POINT ( 'NONE',  ( -8.924235094193059936, 2.386298900080692231, 50.00000000000000000 ) ) ;
#6737 = CARTESIAN_POINT ( 'NONE',  ( -9.541908788773927341, 83.96588747730039870, 23.53334597922873783 ) ) ;
#6738 = CARTESIAN_POINT ( 'NONE',  ( 16.71809190687263325, 79.96588747730039870, 30.39339015613882466 ) ) ;
#6739 = VERTEX_POINT ( 'NONE', #2437 ) ;
#6740 = LINE ( 'NONE', #5085, #5716 ) ;
#6741 = ORIENTED_EDGE ( 'NONE', *, *, #6146, .F. ) ;
#6742 = VERTEX_POINT ( 'NONE', #5171 ) ;
#6743 = DIRECTION ( 'NONE',  ( -0.8660254037844407060, 0.4999999999999965583, 0.000000000000000000 ) ) ;
#6744 = LINE ( 'NONE', #4660, #501 ) ;
#6745 = VECTOR ( 'NONE', #6656, 1000.000000000000114 ) ;
#6746 = LINE ( 'NONE', #6134, #1437 ) ;
#6747 = ORIENTED_EDGE ( 'NONE', *, *, #4507, .T. ) ;
#6748 = ORIENTED_EDGE ( 'NONE', *, *, #4922, .T. ) ;
#6749 = CARTESIAN_POINT ( 'NONE',  ( 9.252046151459161649, 79.96588747730039870, -3.455173067039949863 ) ) ;
#6750 = ORIENTED_EDGE ( 'NONE', *, *, #5243, .T. ) ;
#6751 = VECTOR ( 'NONE', #5299, 1000.000000000000114 ) ;
#6752 = EDGE_CURVE ( 'NONE', #2279, #2981, #4502, .T. ) ;
#6753 = DIRECTION ( 'NONE',  ( -0.000000000000000000, -0.000000000000000000, -1.000000000000000000 ) ) ;
#6754 = CARTESIAN_POINT ( 'NONE',  ( 8.792068948508729775, 89.00178586216263454, 30.39339015613882466 ) ) ;
#6755 = CARTESIAN_POINT ( 'NONE',  ( -7.207931051491015317, 31.90447354320624740, 25.59339015613882395 ) ) ;
#6756 = ORIENTED_EDGE ( 'NONE', *, *, #3239, .T. ) ;
#6757 = DIRECTION ( 'NONE',  ( 0.000000000000000000, 0.000000000000000000, 1.000000000000000000 ) ) ;
#6758 = ORIENTED_EDGE ( 'NONE', *, *, #4885, .T. ) ;
#6759 = ADVANCED_FACE ( 'NONE', ( #3464 ), #5681, .T. ) ;
#6760 = VECTOR ( 'NONE', #1266, 1000.000000000000000 ) ;
#6761 = CARTESIAN_POINT ( 'NONE',  ( 1.658094352293206564, 87.50178586216263454, -3.455201181230785235 ) ) ;
#6762 = PLANE ( 'NONE',  #63 ) ;
#6763 = CARTESIAN_POINT ( 'NONE',  ( -5.475880243922321533, 88.00178586216262033, -3.455201181230785235 ) ) ;
#6764 = ORIENTED_EDGE ( 'NONE', *, *, #6094, .T. ) ;
#6765 = PRODUCT_RELATED_PRODUCT_CATEGORY ( 'part', '', ( #3415 ) ) ;
#6766 = AXIS2_PLACEMENT_3D ( 'NONE', #5058, #5562, #6617 ) ;
#6767 = ORIENTED_EDGE ( 'NONE', *, *, #1198, .T. ) ;
#6768 = ORIENTED_EDGE ( 'NONE', *, *, #7084, .F. ) ;
#6769 = EDGE_LOOP ( 'NONE', ( #4958, #120, #5469, #2989 ) ) ;
#6770 = CARTESIAN_POINT ( 'NONE',  ( -10.59190878877393160, 83.96588747730039870, -0.9166540207712660093 ) ) ;
#6771 = ADVANCED_FACE ( 'NONE', ( #654 ), #2875, .T. ) ;
#6772 = ADVANCED_FACE ( 'NONE', ( #3988, #92, #1321, #636, #6855, #4625 ), #164, .F. ) ;
#6773 = LINE ( 'NONE', #5725, #3912 ) ;
#6774 = AXIS2_PLACEMENT_3D ( 'NONE', #6363, #3093, #5345 ) ;
#6775 = CARTESIAN_POINT ( 'NONE',  ( -17.40190320228619569, 79.96588747730039870, 25.59338352066268030 ) ) ;
#6776 = CARTESIAN_POINT ( 'NONE',  ( -17.40190797867373718, 52.40086587357521353, -1.026655550348485536E-05 ) ) ;
#6777 = ORIENTED_EDGE ( 'NONE', *, *, #6976, .F. ) ;
#6778 = VECTOR ( 'NONE', #936, 1000.000000000000000 ) ;
#6779 = CARTESIAN_POINT ( 'NONE',  ( 3.658094352293195239, 92.96588747730035607, 25.59339015613882395 ) ) ;
#6780 = VERTEX_POINT ( 'NONE', #2862 ) ;
#6781 = ORIENTED_EDGE ( 'NONE', *, *, #3539, .T. ) ;
#6782 = EDGE_CURVE ( 'NONE', #6823, #5297, #6824, .T. ) ;
#6783 = LINE ( 'NONE', #1797, #3686 ) ;
#6784 = CARTESIAN_POINT ( 'NONE',  ( -15.58727531073191841, 79.54516704494038493, 25.59339015613882395 ) ) ;
#6785 = CIRCLE ( 'NONE', #4248, 1.550000000000000488 ) ;
#6786 = DIRECTION ( 'NONE',  ( 3.663735981263016583E-15, -1.000000000000000000, -7.657177843178876991E-19 ) ) ;
#6787 = DIRECTION ( 'NONE',  ( 0.000000000000000000, -7.657177843178876028E-19, 1.000000000000000000 ) ) ;
#6788 = VECTOR ( 'NONE', #1908, 1000.000000000000000 ) ;
#6789 = CARTESIAN_POINT ( 'NONE',  ( 12.11809190687491977, 83.96588747730039870, -3.455173050300210047 ) ) ;
#6790 = VERTEX_POINT ( 'NONE', #2926 ) ;
#6791 = ORIENTED_EDGE ( 'NONE', *, *, #1985, .F. ) ;
#6792 = DIRECTION ( 'NONE',  ( -1.637162635542180680E-16, 1.000000000000000000, 0.000000000000000000 ) ) ;
#6793 = AXIS2_PLACEMENT_3D ( 'NONE', #4564, #1777, #3543 ) ;
#6794 = ORIENTED_EDGE ( 'NONE', *, *, #4800, .F. ) ;
#6795 = VECTOR ( 'NONE', #4536, 1000.000000000000000 ) ;
#6796 = LINE ( 'NONE', #3492, #6315 ) ;
#6797 = DIRECTION ( 'NONE',  ( -3.330669073875469621E-15, 1.000000000000000000, 7.657177843178876991E-19 ) ) ;
#6798 = VECTOR ( 'NONE', #3418, 1000.000000000000000 ) ;
#6799 = AXIS2_PLACEMENT_3D ( 'NONE', #6323, #5201, #2314 ) ;
#6800 = LINE ( 'NONE', #6288, #2264 ) ;
#6801 = ORIENTED_EDGE ( 'NONE', *, *, #6697, .F. ) ;
#6802 = PLANE ( 'NONE',  #6071 ) ;
#6803 = VERTEX_POINT ( 'NONE', #6310 ) ;
#6804 = EDGE_CURVE ( 'NONE', #3173, #926, #2379, .T. ) ;
#6805 = VECTOR ( 'NONE', #3083, 1000.000000000000114 ) ;
#6806 = EDGE_CURVE ( 'NONE', #668, #2079, #1829, .T. ) ;
#6807 = VERTEX_POINT ( 'NONE', #2304 ) ;
#6808 = LINE ( 'NONE', #5604, #2860 ) ;
#6809 = LINE ( 'NONE', #5133, #4257 ) ;
#6810 = CARTESIAN_POINT ( 'NONE',  ( -9.784195482811924194, 83.96588747730039870, 8.108345979229751421 ) ) ;
#6811 = EDGE_CURVE ( 'NONE', #1926, #1137, #748, .T. ) ;
#6812 = ORIENTED_EDGE ( 'NONE', *, *, #1414, .F. ) ;
#6813 = VECTOR ( 'NONE', #1216, 1000.000000000000000 ) ;
#6814 = ORIENTED_EDGE ( 'NONE', *, *, #5211, .T. ) ;
#6815 = DIRECTION ( 'NONE',  ( -3.663735981263016583E-15, 1.000000000000000000, 7.657177843178876028E-19 ) ) ;
#6816 = FACE_OUTER_BOUND ( 'NONE', #528, .T. ) ;
#6817 = VECTOR ( 'NONE', #6848, 1000.000000000000000 ) ;
#6818 = DIRECTION ( 'NONE',  ( -0.8660254037844407060, 0.4999999999999965583, 0.000000000000000000 ) ) ;
#6819 = PLANE ( 'NONE',  #1092 ) ;
#6820 = ORIENTED_EDGE ( 'NONE', *, *, #5827, .F. ) ;
#6821 = LINE ( 'NONE', #1826, #826 ) ;
#6822 = EDGE_LOOP ( 'NONE', ( #5933, #6003, #5701, #182, #3392 ) ) ;
#6823 = VERTEX_POINT ( 'NONE', #3561 ) ;
#6824 = LINE ( 'NONE', #3483, #1689 ) ;
#6825 = LINE ( 'NONE', #5697, #179 ) ;
#6826 = LINE ( 'NONE', #4104, #6205 ) ;
#6827 = CARTESIAN_POINT ( 'NONE',  ( 59.04812727106966008, 52.40086587357522774, 9.541727490783596824E-05 ) ) ;
#6828 = DIRECTION ( 'NONE',  ( -1.000000000000000000, -0.000000000000000000, -0.000000000000000000 ) ) ;
#6829 = ORIENTED_EDGE ( 'NONE', *, *, #1068, .T. ) ;
#6830 = EDGE_CURVE ( 'NONE', #6307, #2302, #4688, .T. ) ;
#6831 = VERTEX_POINT ( 'NONE', #3405 ) ;
#6832 = DIRECTION ( 'NONE',  ( -1.000000000000000000, -7.155734338404329264E-15, 0.000000000000000000 ) ) ;
#6833 = EDGE_LOOP ( 'NONE', ( #3961, #3117, #5553, #1532, #6673 ) ) ;
#6834 = PLANE ( 'NONE',  #6546 ) ;
#6835 = DIRECTION ( 'NONE',  ( 1.000000000000000000, 0.000000000000000000, 0.000000000000000000 ) ) ;
#6836 = DIRECTION ( 'NONE',  ( 0.000000000000000000, -7.657177843178876028E-19, 1.000000000000000000 ) ) ;
#6837 = VERTEX_POINT ( 'NONE', #1754 ) ;
#6838 = DIRECTION ( 'NONE',  ( 0.000000000000000000, -7.657177843178876028E-19, 1.000000000000000000 ) ) ;
#6839 = VERTEX_POINT ( 'NONE', #1905 ) ;
#6840 = ORIENTED_EDGE ( 'NONE', *, *, #4618, .T. ) ;
#6841 = LINE ( 'NONE', #6761, #6694 ) ;
#6842 = CARTESIAN_POINT ( 'NONE',  ( 16.71809190687262969, 31.90447354320630780, -3.455176181230787069 ) ) ;
#6843 = CARTESIAN_POINT ( 'NONE',  ( -4.375241788773892360, 2.684296998796706912, 46.35000000000000853 ) ) ;
#6844 = ORIENTED_EDGE ( 'NONE', *, *, #3760, .F. ) ;
#6845 = EDGE_LOOP ( 'NONE', ( #3155, #4097, #6166, #2794 ) ) ;
#6846 = ORIENTED_EDGE ( 'NONE', *, *, #5968, .F. ) ;
#6847 = EDGE_CURVE ( 'NONE', #1541, #4912, #2891, .T. ) ;
#6848 = DIRECTION ( 'NONE',  ( 0.000000000000000000, -7.657177843178876028E-19, 1.000000000000000000 ) ) ;
#6849 = CARTESIAN_POINT ( 'NONE',  ( 3.658094352293198792, 90.96588747730038449, 30.39339015613882466 ) ) ;
#6850 = CARTESIAN_POINT ( 'NONE',  ( 17.20575331559040677, 44.61588747730039017, 8.208919501491095616 ) ) ;
#6851 = EDGE_LOOP ( 'NONE', ( #3599, #1273, #5552, #106 ) ) ;
#6852 = CARTESIAN_POINT ( 'NONE',  ( 3.624758211226107196, 2.684296998796706912, 46.35000000000000853 ) ) ;
#6853 = ORIENTED_EDGE ( 'NONE', *, *, #1525, .F. ) ;
#6854 = ORIENTED_EDGE ( 'NONE', *, *, #5807, .T. ) ;
#6855 = FACE_BOUND ( 'NONE', #14, .T. ) ;
#6856 = LINE ( 'NONE', #5664, #6681 ) ;
#6857 = PLANE ( 'NONE',  #2608 ) ;
#6858 = LINE ( 'NONE', #3449, #6434 ) ;
#6859 = EDGE_LOOP ( 'NONE', ( #6647, #1505, #113, #5633 ) ) ;
#6860 = ORIENTED_EDGE ( 'NONE', *, *, #3160, .F. ) ;
#6861 = DIRECTION ( 'NONE',  ( 0.000000000000000000, 0.000000000000000000, 1.000000000000000000 ) ) ;
#6862 = ORIENTED_EDGE ( 'NONE', *, *, #6117, .T. ) ;
#6863 = EDGE_CURVE ( 'NONE', #2052, #3609, #786, .T. ) ;
#6864 = AXIS2_PLACEMENT_3D ( 'NONE', #2112, #4892, #6378 ) ;
#6865 = ADVANCED_FACE ( 'NONE', ( #3517 ), #673, .T. ) ;
#6866 = LINE ( 'NONE', #101, #6191 ) ;
#6867 = DIRECTION ( 'NONE',  ( 0.8520570299616279097, 0.000000000000000000, 0.5234489637901381665 ) ) ;
#6868 = EDGE_CURVE ( 'NONE', #1360, #26, #6783, .T. ) ;
#6869 = CARTESIAN_POINT ( 'NONE',  ( 8.792068948508729775, 89.00178586216263454, -3.455201181230785235 ) ) ;
#6870 = ORIENTED_EDGE ( 'NONE', *, *, #2943, .F. ) ;
#6871 = CARTESIAN_POINT ( 'NONE',  ( -5.475880243922321533, 88.00178586216262033, -3.455201181230785235 ) ) ;
#6872 = ORIENTED_EDGE ( 'NONE', *, *, #3447, .T. ) ;
#6873 = EDGE_LOOP ( 'NONE', ( #6750, #2636, #459, #1480, #4551 ) ) ;
#6874 = EDGE_CURVE ( 'NONE', #747, #4941, #1253, .T. ) ;
#6875 = DIRECTION ( 'NONE',  ( 0.8660254037844369313, 0.5000000000000029976, 0.000000000000000000 ) ) ;
#6876 = AXIS2_PLACEMENT_3D ( 'NONE', #6232, #2851, #2297 ) ;
#6877 = DIRECTION ( 'NONE',  ( -0.9999999999990444310, 0.000000000000000000, -1.382390865693872338E-06 ) ) ;
#6878 = LINE ( 'NONE', #5173, #866 ) ;
#6879 = ORIENTED_EDGE ( 'NONE', *, *, #3727, .T. ) ;
#6880 = ORIENTED_EDGE ( 'NONE', *, *, #4125, .F. ) ;
#6881 = ORIENTED_EDGE ( 'NONE', *, *, #5221, .F. ) ;
#6882 = LINE ( 'NONE', #5217, #1102 ) ;
#6883 = DIRECTION ( 'NONE',  ( 3.663735981263016583E-15, -1.000000000000000000, -7.657177843178876991E-19 ) ) ;
#6884 = PRESENTATION_LAYER_ASSIGNMENT (  '', '', ( #6889 ) ) ;
#6885 = ORIENTED_EDGE ( 'NONE', *, *, #616, .T. ) ;
#6886 = ADVANCED_FACE ( 'NONE', ( #2597 ), #954, .F. ) ;
#6887 = DIRECTION ( 'NONE',  ( 1.629001437540167497E-16, -1.000000000000000000, -0.000000000000000000 ) ) ;
#6888 = ORIENTED_EDGE ( 'NONE', *, *, #3474, .F. ) ;
#6889 = STYLED_ITEM ( 'NONE', ( #2683 ), #1881 ) ;
#6890 = ORIENTED_EDGE ( 'NONE', *, *, #5360, .T. ) ;
#6891 = DIRECTION ( 'NONE',  ( 1.000000000000000000, 0.000000000000000000, -0.000000000000000000 ) ) ;
#6892 = CARTESIAN_POINT ( 'NONE',  ( 2.792068948508754200, 91.46588747730038449, -3.455201181230785235 ) ) ;
#6893 = LINE ( 'NONE', #852, #6788 ) ;
#6894 = CARTESIAN_POINT ( 'NONE',  ( -4.341905647706776783, 92.96588747730038449, -3.455201181230785235 ) ) ;
#6895 = VECTOR ( 'NONE', #6279, 1000.000000000000000 ) ;
#6896 = ORIENTED_EDGE ( 'NONE', *, *, #7047, .T. ) ;
#6897 = EDGE_CURVE ( 'NONE', #4725, #1674, #4251, .T. ) ;
#6898 = ORIENTED_EDGE ( 'NONE', *, *, #597, .T. ) ;
#6899 = CARTESIAN_POINT ( 'NONE',  ( -10.59190878877393160, 83.96588747730039870, -0.9166540207712660093 ) ) ;
#6900 = ORIENTED_EDGE ( 'NONE', *, *, #2153, .F. ) ;
#6901 = VECTOR ( 'NONE', #6416, 1000.000000000000000 ) ;
#6902 = CIRCLE ( 'NONE', #46, 1.549999999999999378 ) ;
#6903 = CARTESIAN_POINT ( 'NONE',  ( -10.94190879738389022, -14.07277949271606943, 1.733345955128749116 ) ) ;
#6904 = FACE_OUTER_BOUND ( 'NONE', #714, .T. ) ;
#6905 = CARTESIAN_POINT ( 'NONE',  ( -6.341905647706765237, 89.50178586216263454, 25.59339015613882395 ) ) ;
#6906 = EDGE_CURVE ( 'NONE', #6104, #6362, #308, .T. ) ;
#6907 = VECTOR ( 'NONE', #4197, 1000.000000000000000 ) ;
#6908 = AXIS2_PLACEMENT_3D ( 'NONE', #5616, #1747, #1208 ) ;
#6909 = ORIENTED_EDGE ( 'NONE', *, *, #490, .T. ) ;
#6910 = FACE_OUTER_BOUND ( 'NONE', #737, .T. ) ;
#6911 = VERTEX_POINT ( 'NONE', #3665 ) ;
#6912 = ORIENTED_EDGE ( 'NONE', *, *, #5721, .F. ) ;
#6913 = VECTOR ( 'NONE', #2732, 1000.000000000000000 ) ;
#6914 = AXIS2_PLACEMENT_3D ( 'NONE', #198, #1315, #2964 ) ;
#6915 = CARTESIAN_POINT ( 'NONE',  ( -5.375241788773895912, 23.68429699879670736, 50.00000000000000000 ) ) ;
#6916 = CARTESIAN_POINT ( 'NONE',  ( -7.207931051491207164, 95.92998909243814865, 30.39339015613882466 ) ) ;
#6917 = EDGE_CURVE ( 'NONE', #679, #2838, #5810, .T. ) ;
#6918 = DIRECTION ( 'NONE',  ( 1.000000000000000000, 3.330669073875469621E-15, 2.550352543544035319E-33 ) ) ;
#6919 = ORIENTED_EDGE ( 'NONE', *, *, #3103, .T. ) ;
#6920 = ORIENTED_EDGE ( 'NONE', *, *, #6806, .F. ) ;
#6921 = AXIS2_PLACEMENT_3D ( 'NONE', #6633, #5579, #5550 ) ;
#6922 = ADVANCED_FACE ( 'NONE', ( #5303 ), #341, .T. ) ;
#6923 = PLANE ( 'NONE',  #3273 ) ;
#6924 = DIRECTION ( 'NONE',  ( 0.000000000000000000, -7.657177843178876028E-19, 1.000000000000000000 ) ) ;
#6925 = VECTOR ( 'NONE', #5260, 1000.000000000000114 ) ;
#6926 = CARTESIAN_POINT ( 'NONE',  ( -6.341905647706762572, 87.50178586216263454, 30.39339015613882466 ) ) ;
#6927 = VERTEX_POINT ( 'NONE', #4178 ) ;
#6928 = CARTESIAN_POINT ( 'NONE',  ( 16.71809190687262259, 103.9658874773003987, 30.39339015613882466 ) ) ;
#6929 = ORIENTED_EDGE ( 'NONE', *, *, #6503, .F. ) ;
#6930 = DIRECTION ( 'NONE',  ( -1.000000000000000000, 0.000000000000000000, -0.000000000000000000 ) ) ;
#6931 = DIRECTION ( 'NONE',  ( -0.000000000000000000, -0.000000000000000000, -1.000000000000000000 ) ) ;
#6932 = LINE ( 'NONE', #750, #4938 ) ;
#6933 = LINE ( 'NONE', #3628, #744 ) ;
#6934 = ORIENTED_EDGE ( 'NONE', *, *, #200, .F. ) ;
#6935 = EDGE_LOOP ( 'NONE', ( #2527, #2312, #1021, #2362 ) ) ;
#6936 = CARTESIAN_POINT ( 'NONE',  ( 5.658094352293184137, 89.50178586216263454, -3.455201181230785235 ) ) ;
#6937 = EDGE_LOOP ( 'NONE', ( #3489, #2977, #7087, #4697 ) ) ;
#6938 = LINE ( 'NONE', #3712, #1772 ) ;
#6939 = FACE_BOUND ( 'NONE', #6704, .T. ) ;
#6940 = FACE_BOUND ( 'NONE', #4432, .T. ) ;
#6941 = EDGE_CURVE ( 'NONE', #6075, #6207, #303, .T. ) ;
#6942 = ORIENTED_EDGE ( 'NONE', *, *, #4377, .F. ) ;
#6943 = DIRECTION ( 'NONE',  ( -2.148630702218671060E-14, -1.750061251328577708E-30, 1.000000000000000000 ) ) ;
#6944 = EDGE_LOOP ( 'NONE', ( #2933, #2654, #2227, #4168, #6983, #4421 ) ) ;
#6945 = LINE ( 'NONE', #4193, #599 ) ;
#6946 = ORIENTED_EDGE ( 'NONE', *, *, #6782, .F. ) ;
#6947 = CARTESIAN_POINT ( 'NONE',  ( 9.908091211226082606, 79.96588747730039870, 23.53334597922873428 ) ) ;
#6948 = DIRECTION ( 'NONE',  ( -1.091152692702142892E-32, 1.339658354568195596E-16, -1.000000000000000000 ) ) ;
#6949 = CARTESIAN_POINT ( 'NONE',  ( 9.100377905283078661, 82.06588747730039302, 8.118300022510945624 ) ) ;
#6950 = ORIENTED_EDGE ( 'NONE', *, *, #2354, .F. ) ;
#6951 = EDGE_LOOP ( 'NONE', ( #1950, #2309, #133, #6768 ) ) ;
#6953 = ORIENTED_EDGE ( 'NONE', *, *, #5968, .T. ) ;
#6952 = CARTESIAN_POINT ( 'NONE',  ( -7.207931051491207164, 88.00178586216263454, -3.455201181230785235 ) ) ;
#6954 = DIRECTION ( 'NONE',  ( -0.000000000000000000, -0.000000000000000000, 1.000000000000000000 ) ) ;
#6955 = CARTESIAN_POINT ( 'NONE',  ( 10.95809121122608332, 83.96588747730039870, 23.53334597922873428 ) ) ;
#6956 = ADVANCED_FACE ( 'NONE', ( #3082 ), #5952, .T. ) ;
#6957 = CARTESIAN_POINT ( 'NONE',  ( -7.207931051491207164, 89.00178586216263454, 25.59339015613882395 ) ) ;
#6958 = DIRECTION ( 'NONE',  ( 3.663735981263016583E-15, -1.000000000000000000, 0.000000000000000000 ) ) ;
#6959 = ADVANCED_FACE ( 'NONE', ( #891, #6494 ), #1498, .T. ) ;
#6960 = ORIENTED_EDGE ( 'NONE', *, *, #2644, .T. ) ;
#6961 = DIRECTION ( 'NONE',  ( 3.663735981263016583E-15, -1.000000000000000000, 0.000000000000000000 ) ) ;
#6962 = ORIENTED_EDGE ( 'NONE', *, *, #5191, .T. ) ;
#6963 = LINE ( 'NONE', #3148, #1229 ) ;
#6964 = LINE ( 'NONE', #2598, #987 ) ;
#6965 = CARTESIAN_POINT ( 'NONE',  ( -10.34190564770674570, 87.50178586216263454, 30.39339015613882466 ) ) ;
#6966 = PLANE ( 'NONE',  #1550 ) ;
#6967 = ORIENTED_EDGE ( 'NONE', *, *, #2172, .T. ) ;
#6968 = ORIENTED_EDGE ( 'NONE', *, *, #2496, .F. ) ;
#6969 = CARTESIAN_POINT ( 'NONE',  ( -3.207931051491222707, 95.92998909243814865, 25.59339015613882395 ) ) ;
#6970 = VERTEX_POINT ( 'NONE', #3039 ) ;
#6971 = CARTESIAN_POINT ( 'NONE',  ( -3.475880243922329083, 91.46588747730037028, 30.39339015613882466 ) ) ;
#6972 = CARTESIAN_POINT ( 'NONE',  ( -1.207931051491223373, 92.46588747730038449, -3.455201181230785235 ) ) ;
#6973 = CARTESIAN_POINT ( 'NONE',  ( -9.207931051491199170, 92.46588747730038449, 30.39339015613882466 ) ) ;
#6974 = ORIENTED_EDGE ( 'NONE', *, *, #6157, .F. ) ;
#6975 = CARTESIAN_POINT ( 'NONE',  ( 9.908091211226080830, 83.96588747730039870, -0.9166540207712660093 ) ) ;
#6976 = EDGE_CURVE ( 'NONE', #4489, #5016, #3189, .T. ) ;
#6977 = ORIENTED_EDGE ( 'NONE', *, *, #2748, .T. ) ;
#6978 = DIRECTION ( 'NONE',  ( -2.058007126904845726E-16, 1.000000000000000000, -0.000000000000000000 ) ) ;
#6979 = CARTESIAN_POINT ( 'NONE',  ( -1.207931051491223373, 91.46588747730038449, -3.455201181230785235 ) ) ;
#6980 = FACE_OUTER_BOUND ( 'NONE', #5536, .T. ) ;
#6981 = VECTOR ( 'NONE', #3140, 1000.000000000000000 ) ;
#6982 = CARTESIAN_POINT ( 'NONE',  ( -9.784195482811931299, 79.96588747730039870, 8.118299997124159617 ) ) ;
#6983 = ORIENTED_EDGE ( 'NONE', *, *, #5301, .T. ) ;
#6984 = ORIENTED_EDGE ( 'NONE', *, *, #4624, .T. ) ;
#6985 = EDGE_CURVE ( 'NONE', #3844, #3996, #6963, .T. ) ;
#6986 = LINE ( 'NONE', #3174, #5603 ) ;
#6987 = CARTESIAN_POINT ( 'NONE',  ( 12.11809190687492155, 83.96588747730039870, 19.48643130160574799 ) ) ;
#6988 = AXIS2_PLACEMENT_3D ( 'NONE', #5518, #529, #2755 ) ;
#6989 = FACE_BOUND ( 'NONE', #746, .T. ) ;
#6990 = LINE ( 'NONE', #3696, #6212 ) ;
#6991 = FACE_OUTER_BOUND ( 'NONE', #6019, .T. ) ;
#6992 = VECTOR ( 'NONE', #1534, 1000.000000000000114 ) ;
#6993 = EDGE_LOOP ( 'NONE', ( #2036, #2872, #620, #2906 ) ) ;
#6994 = EDGE_CURVE ( 'NONE', #3584, #3535, #417, .T. ) ;
#6995 = ORIENTED_EDGE ( 'NONE', *, *, #318, .F. ) ;
#6996 = EDGE_CURVE ( 'NONE', #4404, #5784, #1980, .T. ) ;
#6997 = CARTESIAN_POINT ( 'NONE',  ( -1.475880243922336854, 95.92998909243814865, 30.39339015613882466 ) ) ;
#6998 = DIRECTION ( 'NONE',  ( 8.145007187700838718E-17, -1.000000000000000000, 0.000000000000000000 ) ) ;
#6999 = VECTOR ( 'NONE', #4490, 1000.000000000000000 ) ;
#7000 = CARTESIAN_POINT ( 'NONE',  ( -3.207931051491222707, 94.92998909243814865, 25.59339015613882395 ) ) ;
#7001 = DIRECTION ( 'NONE',  ( -1.000000000000000000, 0.000000000000000000, 0.000000000000000000 ) ) ;
#7002 = CARTESIAN_POINT ( 'NONE',  ( -8.341905647706761684, 92.96588747730038449, 30.39339015613882466 ) ) ;
#7003 = ORIENTED_EDGE ( 'NONE', *, *, #6018, .F. ) ;
#7004 = AXIS2_PLACEMENT_3D ( 'NONE', #5349, #354, #2573 ) ;
#7005 = DIRECTION ( 'NONE',  ( -3.330669073875469621E-15, 1.000000000000000000, 7.657177843178876991E-19 ) ) ;
#7006 = ADVANCED_FACE ( 'NONE', ( #5919 ), #2640, .T. ) ;
#7007 = VERTEX_POINT ( 'NONE', #269 ) ;
#7008 = LINE ( 'NONE', #1506, #618 ) ;
#7009 = AXIS2_PLACEMENT_3D ( 'NONE', #5706, #6753, #719 ) ;
#7010 = LINE ( 'NONE', #4264, #3077 ) ;
#7011 = LINE ( 'NONE', #7056, #4845 ) ;
#7012 = VERTEX_POINT ( 'NONE', #921 ) ;
#7013 = CARTESIAN_POINT ( 'NONE',  ( -9.475880243922304658, 95.92998909243814865, 25.59339015613882395 ) ) ;
#7014 = VECTOR ( 'NONE', #3465, 1000.000000000000000 ) ;
#7015 = ORIENTED_EDGE ( 'NONE', *, *, #2869, .T. ) ;
#7016 = VECTOR ( 'NONE', #6512, 1000.000000000000000 ) ;
#7017 = CARTESIAN_POINT ( 'NONE',  ( 9.100377905245542465, 79.96588747730039870, 8.118300022510947400 ) ) ;
#7018 = CARTESIAN_POINT ( 'NONE',  ( 4.792068948508746651, 95.92998909243814865, 30.39339015613882466 ) ) ;
#7019 = LINE ( 'NONE', #1966, #6217 ) ;
#7020 = AXIS2_PLACEMENT_3D ( 'NONE', #2759, #6540, #2098 ) ;
#7021 = VECTOR ( 'NONE', #6158, 1000.000000000000114 ) ;
#7022 = CARTESIAN_POINT ( 'NONE',  ( 6.625764905806940774, 2.386298900080696672, 50.00000000000000000 ) ) ;
#7023 = VERTEX_POINT ( 'NONE', #4872 ) ;
#7024 = ADVANCED_FACE ( 'NONE', ( #1428 ), #4834, .T. ) ;
#7025 = ORIENTED_EDGE ( 'NONE', *, *, #202, .F. ) ;
#7026 = CARTESIAN_POINT ( 'NONE',  ( -17.40193782918061061, 18.68429699879670380, 21.59338103584048341 ) ) ;
#7027 = DIRECTION ( 'NONE',  ( -0.8660254037844369313, -0.5000000000000029976, -3.828588921589461125E-19 ) ) ;
#7028 = EDGE_CURVE ( 'NONE', #4160, #2831, #1055, .T. ) ;
#7029 = VECTOR ( 'NONE', #5983, 1000.000000000000114 ) ;
#7030 = AXIS2_PLACEMENT_3D ( 'NONE', #1048, #1628, #5503 ) ;
#7031 = CARTESIAN_POINT ( 'NONE',  ( -9.935860308997902735, 83.96588747730039870, -3.455171577881253508 ) ) ;
#7032 = EDGE_CURVE ( 'NONE', #3882, #5084, #590, .T. ) ;
#7033 = DIRECTION ( 'NONE',  ( 0.000000000000000000, -7.657177843178876028E-19, 1.000000000000000000 ) ) ;
#7034 = DIRECTION ( 'NONE',  ( 0.000000000000000000, -7.657177843178876028E-19, 1.000000000000000000 ) ) ;
#7035 = AXIS2_PLACEMENT_3D ( 'NONE', #5821, #4776, #5857 ) ;
#7036 = AXIS2_PLACEMENT_3D ( 'NONE', #2902, #6722, #2431 ) ;
#7037 = ORIENTED_EDGE ( 'NONE', *, *, #328, .F. ) ;
#7038 = ADVANCED_FACE ( 'NONE', ( #3292 ), #7149, .F. ) ;
#7039 = DIRECTION ( 'NONE',  ( 0.8660254037844404840, -0.4999999999999968359, -3.828588921589414421E-19 ) ) ;
#7040 = ORIENTED_EDGE ( 'NONE', *, *, #1261, .T. ) ;
#7041 = VECTOR ( 'NONE', #524, 1000.000000000000000 ) ;
#7042 = CARTESIAN_POINT ( 'NONE',  ( -1.475880243922335966, 88.00178586216262033, -3.455201181230785235 ) ) ;
#7043 = LINE ( 'NONE', #892, #416 ) ;
#7044 = EDGE_CURVE ( 'NONE', #4897, #2753, #2814, .T. ) ;
#7045 = CARTESIAN_POINT ( 'NONE',  ( -4.341905647706770566, 90.96588747730038449, -3.455201181230785235 ) ) ;
#7046 = CARTESIAN_POINT ( 'NONE',  ( -1.207931051491223373, 91.46588747730038449, 30.39339015613882466 ) ) ;
#7047 = EDGE_CURVE ( 'NONE', #3468, #4364, #4973, .T. ) ;
#7048 = ORIENTED_EDGE ( 'NONE', *, *, #1061, .F. ) ;
#7049 = VECTOR ( 'NONE', #1152, 1000.000000000000114 ) ;
#7050 = PLANE ( 'NONE',  #7106 ) ;
#7051 = VERTEX_POINT ( 'NONE', #5445 ) ;
#7052 = EDGE_CURVE ( 'NONE', #3429, #793, #4321, .T. ) ;
#7053 = CARTESIAN_POINT ( 'NONE',  ( 4.624758211226102311, 23.68429699879670736, 47.45564548093039292 ) ) ;
#7054 = FACE_OUTER_BOUND ( 'NONE', #7080, .T. ) ;
#7055 = EDGE_CURVE ( 'NONE', #6360, #5405, #6471, .T. ) ;
#7056 = CARTESIAN_POINT ( 'NONE',  ( -9.935860308997886747, -14.07277949271606943, -3.455171577881253508 ) ) ;
#7057 = ORIENTED_EDGE ( 'NONE', *, *, #769, .T. ) ;
#7058 = CARTESIAN_POINT ( 'NONE',  ( -9.975241788773896445, 23.68429699879670736, 48.80917232196426880 ) ) ;
#7059 = VERTEX_POINT ( 'NONE', #2192 ) ;
#7060 = DIRECTION ( 'NONE',  ( -0.5000000000000032196, 0.8660254037844368202, 6.631310533488228364E-19 ) ) ;
#7061 = LINE ( 'NONE', #1997, #4241 ) ;
#7062 = CARTESIAN_POINT ( 'NONE',  ( 8.792068948508729775, 95.92998909243814865, -3.455201181230785235 ) ) ;
#7063 = LINE ( 'NONE', #1412, #3781 ) ;
#7064 = ORIENTED_EDGE ( 'NONE', *, *, #1446, .F. ) ;
#7065 = ORIENTED_EDGE ( 'NONE', *, *, #1646, .T. ) ;
#7066 = CARTESIAN_POINT ( 'NONE',  ( -5.207931051491215158, 92.46588747730038449, 25.59339015613882395 ) ) ;
#7067 = CARTESIAN_POINT ( 'NONE',  ( 33.29346034719072378, 68.92769771233788845, 25.59339015613882395 ) ) ;
#7068 = DIRECTION ( 'NONE',  ( -1.172497940839745224E-06, 0.000000000000000000, -0.9999999999993126609 ) ) ;
#7069 = DIRECTION ( 'NONE',  ( -1.637162635542180433E-16, 1.000000000000000000, 7.657177843178876991E-19 ) ) ;
#7070 = CARTESIAN_POINT ( 'NONE',  ( 11.71812588477828498, 52.40086587357522063, 21.59338565332864235 ) ) ;
#7071 = VERTEX_POINT ( 'NONE', #6088 ) ;
#7072 = VERTEX_POINT ( 'NONE', #1025 ) ;
#7073 = CARTESIAN_POINT ( 'NONE',  ( -5.475880243922321533, 89.00178586216263454, 25.59339015613882395 ) ) ;
#7074 = ADVANCED_FACE ( 'NONE', ( #3262 ), #5511, .F. ) ;
#7075 = CARTESIAN_POINT ( 'NONE',  ( -6.341905647706769678, 96.42998909243814865, -3.455201181230785235 ) ) ;
#7076 = FACE_OUTER_BOUND ( 'NONE', #6716, .T. ) ;
#7077 = DIRECTION ( 'NONE',  ( -1.637162635542180433E-16, 1.000000000000000000, 7.657177843178875065E-19 ) ) ;
#7078 = VERTEX_POINT ( 'NONE', #4359 ) ;
#7079 = DIRECTION ( 'NONE',  ( 0.5000000000000029976, -0.8660254037844369313, -6.631310533488230290E-19 ) ) ;
#7080 = EDGE_LOOP ( 'NONE', ( #2044, #2376, #4880, #6846 ) ) ;
#7081 = LINE ( 'NONE', #7118, #3764 ) ;
#7082 = CARTESIAN_POINT ( 'NONE',  ( -17.72124990694749869, 83.24131946764701695, 25.59339015613882395 ) ) ;
#7083 = ORIENTED_EDGE ( 'NONE', *, *, #1641, .F. ) ;
#7084 = EDGE_CURVE ( 'NONE', #3289, #5677, #429, .T. ) ;
#7085 = DIRECTION ( 'NONE',  ( 1.000000000000000000, 0.000000000000000000, 0.000000000000000000 ) ) ;
#7086 = ADVANCED_FACE ( 'NONE', ( #2707 ), #3364, .T. ) ;
#7087 = ORIENTED_EDGE ( 'NONE', *, *, #616, .F. ) ;
#7088 = LINE ( 'NONE', #2103, #1524 ) ;
#7089 = EDGE_CURVE ( 'NONE', #2433, #3942, #5037, .T. ) ;
#7090 = ADVANCED_FACE ( 'NONE', ( #523 ), #3810, .T. ) ;
#7091 = CARTESIAN_POINT ( 'NONE',  ( -8.341905647706754579, 90.96588747730038449, 30.39339015613882466 ) ) ;
#7092 = CARTESIAN_POINT ( 'NONE',  ( 1.658094352293199458, 89.50178586216263454, 30.39339015613882466 ) ) ;
#7093 = DIRECTION ( 'NONE',  ( 0.9999999999978174126, 0.000000000000000000, 2.089265978175831005E-06 ) ) ;
#7094 = ORIENTED_EDGE ( 'NONE', *, *, #3275, .F. ) ;
#7095 = VERTEX_POINT ( 'NONE', #5578 ) ;
#7096 = CARTESIAN_POINT ( 'NONE',  ( -7.475880243922313539, 92.46588747730038449, -3.455201181230785235 ) ) ;
#7097 = CARTESIAN_POINT ( 'NONE',  ( 11.01811894508612077, -14.07277949271606943, -3.455169374861251086 ) ) ;
#7098 = EDGE_CURVE ( 'NONE', #5703, #6317, #2782, .T. ) ;
#7099 = LINE ( 'NONE', #6658, #6228 ) ;
#7100 = AXIS2_PLACEMENT_3D ( 'NONE', #4347, #510, #2803 ) ;
#7101 = FACE_OUTER_BOUND ( 'NONE', #3029, .T. ) ;
#7102 = FACE_OUTER_BOUND ( 'NONE', #3381, .T. ) ;
#7103 = VERTEX_POINT ( 'NONE', #2750 ) ;
#7104 = ORIENTED_EDGE ( 'NONE', *, *, #3402, .F. ) ;
#7105 = ORIENTED_EDGE ( 'NONE', *, *, #1552, .F. ) ;
#7106 = AXIS2_PLACEMENT_3D ( 'NONE', #3601, #3123, #4805 ) ;
#7107 = LINE ( 'NONE', #5509, #3861 ) ;
#7108 = LINE ( 'NONE', #2222, #6119 ) ;
#7109 = DIRECTION ( 'NONE',  ( 0.5000000000000029976, -0.8660254037844369313, -6.631310533488230290E-19 ) ) ;
#7110 = CARTESIAN_POINT ( 'NONE',  ( 1.174758211226104354, 9.386298900080694452, 43.35000000000000853 ) ) ;
#7111 = VECTOR ( 'NONE', #5653, 1000.000000000000000 ) ;
#7112 = ORIENTED_EDGE ( 'NONE', *, *, #5575, .F. ) ;
#7113 = EDGE_CURVE ( 'NONE', #6343, #390, #7108, .T. ) ;
#7114 = DIRECTION ( 'NONE',  ( 0.8660254037844369313, 0.5000000000000029976, 3.828588921589461125E-19 ) ) ;
#7115 = VERTEX_POINT ( 'NONE', #2672 ) ;
#7116 = VECTOR ( 'NONE', #5872, 1000.000000000000114 ) ;
#7117 = EDGE_CURVE ( 'NONE', #2239, #3012, #4900, .T. ) ;
#7118 = CARTESIAN_POINT ( 'NONE',  ( 34.42743494340629695, 70.89179932747570945, 25.59339015613882395 ) ) ;
#7119 = EDGE_CURVE ( 'NONE', #1309, #1995, #5991, .T. ) ;
#7120 = CARTESIAN_POINT ( 'NONE',  ( 4.792068948508746651, 89.00178586216263454, 30.39339015613882466 ) ) ;
#7121 = CIRCLE ( 'NONE', #383, 4.000000000000000000 ) ;
#7122 = ORIENTED_EDGE ( 'NONE', *, *, #3939, .T. ) ;
#7123 =( NAMED_UNIT ( * ) SI_UNIT ( $, .STERADIAN. ) SOLID_ANGLE_UNIT ( ) );
#7124 = ORIENTED_EDGE ( 'NONE', *, *, #3987, .F. ) ;
#7125 = LINE ( 'NONE', #1144, #1999 ) ;
#7126 = CARTESIAN_POINT ( 'NONE',  ( 10.25809121122610712, 79.96588747730039870, 8.108345979228746003 ) ) ;
#7127 = DIRECTION ( 'NONE',  ( 0.8660254037844404840, -0.4999999999999968914, 0.000000000000000000 ) ) ;
#7128 = CARTESIAN_POINT ( 'NONE',  ( -17.40190320228618859, 31.90447354320630780, 30.39339015613882466 ) ) ;
#7129 = ORIENTED_EDGE ( 'NONE', *, *, #3789, .T. ) ;
#7130 = EDGE_CURVE ( 'NONE', #697, #5145, #6773, .T. ) ;
#7131 = VECTOR ( 'NONE', #600, 1000.000000000000000 ) ;
#7132 = ORIENTED_EDGE ( 'NONE', *, *, #5617, .T. ) ;
#7133 = DIRECTION ( 'NONE',  ( 0.000000000000000000, -7.657177843178876028E-19, 1.000000000000000000 ) ) ;
#7134 = FACE_OUTER_BOUND ( 'NONE', #6662, .T. ) ;
#7135 = AXIS2_PLACEMENT_3D ( 'NONE', #6643, #1005, #3846 ) ;
#7136 = VECTOR ( 'NONE', #958, 1000.000000000000114 ) ;
#7137 = DIRECTION ( 'NONE',  ( 1.350588481258428162E-09, 0.000000000000000000, 1.000000000000000000 ) ) ;
#7138 = LINE ( 'NONE', #1669, #867 ) ;
#7139 = CARTESIAN_POINT ( 'NONE',  ( 6.458087725431290949, 79.96588747730039870, -0.3285337734732340365 ) ) ;
#7140 = EDGE_CURVE ( 'NONE', #5668, #5519, #6234, .T. ) ;
#7141 = EDGE_CURVE ( 'NONE', #3609, #4734, #3978, .T. ) ;
#7142 = ORIENTED_EDGE ( 'NONE', *, *, #4107, .T. ) ;
#7143 = ORIENTED_EDGE ( 'NONE', *, *, #1375, .T. ) ;
#7144 = CIRCLE ( 'NONE', #4942, 0.9999999999999974465 ) ;
#7145 = ORIENTED_EDGE ( 'NONE', *, *, #1930, .T. ) ;
#7146 = VECTOR ( 'NONE', #617, 1000.000000000000000 ) ;
#7147 = LINE ( 'NONE', #6021, #6992 ) ;
#7148 = ADVANCED_FACE ( 'NONE', ( #1276 ), #1785, .T. ) ;
#7149 = PLANE ( 'NONE',  #2281 ) ;
#7150 = DIRECTION ( 'NONE',  ( 0.8660254037844407060, -0.4999999999999965583, -3.828588921589411533E-19 ) ) ;
#7151 = AXIS2_PLACEMENT_3D ( 'NONE', #2973, #165, #4626 ) ;
#7152 = LINE ( 'NONE', #1097, #6559 ) ;
#7153 = VECTOR ( 'NONE', #1039, 1000.000000000000000 ) ;
#7154 = ORIENTED_EDGE ( 'NONE', *, *, #1936, .F. ) ;
#7155 = DIRECTION ( 'NONE',  ( -0.9999999999990444310, 0.000000000000000000, -1.382390865693872338E-06 ) ) ;
#7156 = VECTOR ( 'NONE', #6345, 1000.000000000000114 ) ;
#7157 = ORIENTED_EDGE ( 'NONE', *, *, #664, .T. ) ;
#7158 = DIRECTION ( 'NONE',  ( 0.8660254037844407060, -0.4999999999999965583, -3.828588921589411533E-19 ) ) ;
#7159 = DIRECTION ( 'NONE',  ( -0.8660254037844407060, 0.4999999999999965583, 0.000000000000000000 ) ) ;
#7160 = AXIS2_PLACEMENT_3D ( 'NONE', #1237, #5645, #6181 ) ;
#7161 = ORIENTED_EDGE ( 'NONE', *, *, #6847, .T. ) ;
#7162 = DIRECTION ( 'NONE',  ( 1.000000000000000000, 0.000000000000000000, 0.000000000000000000 ) ) ;
#7163 = ORIENTED_EDGE ( 'NONE', *, *, #2684, .T. ) ;
#7164 = DIRECTION ( 'NONE',  ( -0.000000000000000000, -0.000000000000000000, -1.000000000000000000 ) ) ;
#7165 = VECTOR ( 'NONE', #2960, 1000.000000000000000 ) ;
#7166 = EDGE_CURVE ( 'NONE', #4607, #6410, #4649, .T. ) ;
#7167 = CARTESIAN_POINT ( 'NONE',  ( 8.524119756077624288, 92.46588747730038449, 30.39339015613882466 ) ) ;
#7168 = DIRECTION ( 'NONE',  ( -0.000000000000000000, -0.000000000000000000, -1.000000000000000000 ) ) ;
#7169 = ORIENTED_EDGE ( 'NONE', *, *, #3417, .T. ) ;
#7170 = ORIENTED_EDGE ( 'NONE', *, *, #914, .F. ) ;
#7171 = PLANE ( 'NONE',  #5261 ) ;
#7172 = DIRECTION ( 'NONE',  ( -8.145007187700838718E-17, 1.000000000000000000, -0.000000000000000000 ) ) ;
#7173 = CARTESIAN_POINT ( 'NONE',  ( -9.207931051491199170, 92.46588747730038449, 25.59339015613882395 ) ) ;
#7174 = LINE ( 'NONE', #2186, #3434 ) ;
#7175 = ORIENTED_EDGE ( 'NONE', *, *, #6538, .F. ) ;
#7176 = VERTEX_POINT ( 'NONE', #2997 ) ;
#7177 = EDGE_LOOP ( 'NONE', ( #2915, #2118, #4513, #4414 ) ) ;
#7178 = CARTESIAN_POINT ( 'NONE',  ( 11.91809190687492048, 79.96588747730039870, 25.59339015613882395 ) ) ;
#7179 = EDGE_CURVE ( 'NONE', #5964, #4238, #663, .T. ) ;
#7180 = CARTESIAN_POINT ( 'NONE',  ( -7.374235094193059226, 2.386298900080692231, 0.000000000000000000 ) ) ;
#7181 = CARTESIAN_POINT ( 'NONE',  ( -9.784195482811934852, 82.06588747730039302, 20.48643130160573023 ) ) ;
#7182 = EDGE_CURVE ( 'NONE', #1934, #314, #2262, .T. ) ;
#7183 = CARTESIAN_POINT ( 'NONE',  ( -1.925241788773896845, 9.386298900080694452, 50.00000000000000000 ) ) ;
#7184 = ORIENTED_EDGE ( 'NONE', *, *, #3789, .F. ) ;
#7185 = CARTESIAN_POINT ( 'NONE',  ( -15.58727531073192196, 79.54516704494039914, 25.59339015613882395 ) ) ;
#7186 = ORIENTED_EDGE ( 'NONE', *, *, #3523, .F. ) ;
#7187 = LINE ( 'NONE', #3406, #169 ) ;
#7188 = CARTESIAN_POINT ( 'NONE',  ( 4.792068948508746651, 88.00178586216263454, 30.39339015613882466 ) ) ;
#7189 = CARTESIAN_POINT ( 'NONE',  ( 2.792068948508754200, 91.46588747730038449, -3.455201181230785235 ) ) ;
#7190 = ORIENTED_EDGE ( 'NONE', *, *, #3587, .F. ) ;
#7191 = DIRECTION ( 'NONE',  ( 0.8660254037844404840, -0.4999999999999968359, -3.828588921589414421E-19 ) ) ;
#7192 = VERTEX_POINT ( 'NONE', #4613 ) ;
#7193 = CARTESIAN_POINT ( 'NONE',  ( 5.075764905806941840, 2.386298900080696672, 43.35000000000000853 ) ) ;
#7194 = DIRECTION ( 'NONE',  ( -0.000000000000000000, -0.000000000000000000, -1.000000000000000000 ) ) ;
#7195 = LINE ( 'NONE', #6549, #1451 ) ;
#7196 = DIRECTION ( 'NONE',  ( 1.000000000000000000, 1.637162635531886538E-16, 1.344313544308534555E-09 ) ) ;
#7197 = EDGE_CURVE ( 'NONE', #6780, #3203, #1854, .T. ) ;
#7198 = ORIENTED_EDGE ( 'NONE', *, *, #42, .T. ) ;
#7199 = CARTESIAN_POINT ( 'NONE',  ( -0.3419056477067787259, 90.96588747730038449, 30.39339015613882466 ) ) ;
#7200 = DIRECTION ( 'NONE',  ( 0.000000000000000000, -7.657177843178876991E-19, 1.000000000000000000 ) ) ;
ENDSEC;
END-ISO-10303-21;
