ISO-10303-21;
HEADER;
FILE_DESCRIPTION (( 'STEP AP203' ),
    '1' );
FILE_NAME ('gello_teleop_flexiv_l1.STEP',
    '2025-11-18T09:25:15',
    ( '' ),
    ( '' ),
    'SwSTEP 2.0',
    'SolidWorks 2025',
    '' );
FILE_SCHEMA (( 'CONFIG_CONTROL_DESIGN' ));
ENDSEC;

DATA;
#1 = EDGE_CURVE ( 'NONE', #2757, #6724, #1586, .T. ) ;
#2 = CARTESIAN_POINT ( 'NONE',  ( 11.25123708785944743, 0.000000000000000000, 6.712411177962621878 ) ) ;
#3 = ORIENTED_EDGE ( 'NONE', *, *, #4499, .F. ) ;
#4 = CARTESIAN_POINT ( 'NONE',  ( 11.25123708785945098, 5.500000000000000000, 13.92482235592524020 ) ) ;
#5 = DIRECTION ( 'NONE',  ( -1.000000000000000000, 0.000000000000000000, 3.330669073875469621E-15 ) ) ;
#6 = VECTOR ( 'NONE', #8976, 1000.000000000000000 ) ;
#7 = CARTESIAN_POINT ( 'NONE',  ( -5.405113052552405151, 0.000000000000000000, -13.92482235592523310 ) ) ;
#8 = CARTESIAN_POINT ( 'NONE',  ( -7.837149780086489770, 53.58999999999999631, -13.92482235592524020 ) ) ;
#9 = ADVANCED_FACE ( 'NONE', ( #5037 ), #8519, .T. ) ;
#10 = ORIENTED_EDGE ( 'NONE', *, *, #2547, .F. ) ;
#11 = AXIS2_PLACEMENT_3D ( 'NONE', #7726, #7612, #1483 ) ;
#12 = VECTOR ( 'NONE', #3367, 1000.000000000000000 ) ;
#13 = ORIENTED_EDGE ( 'NONE', *, *, #4435, .T. ) ;
#14 = ADVANCED_FACE ( 'NONE', ( #727 ), #7488, .F. ) ;
#15 = CARTESIAN_POINT ( 'NONE',  ( -12.00123731518945647, 0.000000000000000000, -7.712411177962622766 ) ) ;
#16 = ORIENTED_EDGE ( 'NONE', *, *, #494, .F. ) ;
#17 = DIRECTION ( 'NONE',  ( -0.000000000000000000, -1.000000000000000000, -0.000000000000000000 ) ) ;
#18 = PLANE ( 'NONE',  #11163 ) ;
#19 = ORIENTED_EDGE ( 'NONE', *, *, #858, .F. ) ;
#20 = ORIENTED_EDGE ( 'NONE', *, *, #3048, .T. ) ;
#21 = DIRECTION ( 'NONE',  ( 0.000000000000000000, -1.000000000000000000, 0.000000000000000000 ) ) ;
#22 = CARTESIAN_POINT ( 'NONE',  ( 0.000000000000000000, 15.50000000000000000, 5.449998126899999740 ) ) ;
#23 = ORIENTED_EDGE ( 'NONE', *, *, #8201, .T. ) ;
#24 = DIRECTION ( 'NONE',  ( 0.000000000000000000, 1.000000000000000000, 0.000000000000000000 ) ) ;
#25 = DIRECTION ( 'NONE',  ( -0.000000000000000000, 1.000000000000000000, -0.000000000000000000 ) ) ;
#26 = VECTOR ( 'NONE', #5127, 1000.000000000000000 ) ;
#27 = EDGE_LOOP ( 'NONE', ( #1274, #5804, #5758, #574, #7454, #7616 ) ) ;
#28 = AXIS2_PLACEMENT_3D ( 'NONE', #6035, #3355, #9539 ) ;
#29 = DIRECTION ( 'NONE',  ( 3.330669073875469621E-15, 0.000000000000000000, 1.000000000000000000 ) ) ;
#30 = AXIS2_PLACEMENT_3D ( 'NONE', #3042, #6535, #1320 ) ;
#31 = EDGE_CURVE ( 'NONE', #10735, #7604, #2286, .T. ) ;
#32 = ADVANCED_FACE ( 'NONE', ( #8397 ), #1871, .T. ) ;
#33 = ADVANCED_FACE ( 'NONE', ( #6220 ), #52, .T. ) ;
#34 = CARTESIAN_POINT ( 'NONE',  ( -3.673062244983528846, 0.000000000000000000, -13.92482235592524020 ) ) ;
#35 = LOCAL_TIME ( 17, 25, 15.00000000000000000, #9275 ) ;
#36 = EDGE_CURVE ( 'NONE', #1639, #5534, #4332, .T. ) ;
#37 = LINE ( 'NONE', #6106, #6800 ) ;
#38 = VECTOR ( 'NONE', #5414, 999.9999999999998863 ) ;
#39 = AXIS2_PLACEMENT_3D ( 'NONE', #6081, #7052, #1723 ) ;
#40 = ORIENTED_EDGE ( 'NONE', *, *, #350, .T. ) ;
#41 = AXIS2_PLACEMENT_3D ( 'NONE', #10870, #2104, #5601 ) ;
#42 = ORIENTED_EDGE ( 'NONE', *, *, #4928, .F. ) ;
#43 = DIRECTION ( 'NONE',  ( 0.8660254037844407060, 0.000000000000000000, 0.4999999999999966138 ) ) ;
#44 = LINE ( 'NONE', #1003, #1368 ) ;
#45 = VERTEX_POINT ( 'NONE', #2724 ) ;
#46 = LINE ( 'NONE', #7078, #9526 ) ;
#47 = CARTESIAN_POINT ( 'NONE',  ( -17.90000022732999696, 53.58999999999999631, 9.299999999999995381 ) ) ;
#48 = LINE ( 'NONE', #4330, #3514 ) ;
#49 = VECTOR ( 'NONE', #9623, 1000.000000000000114 ) ;
#50 = AXIS2_PLACEMENT_3D ( 'NONE', #3175, #2259, #8430 ) ;
#51 = EDGE_CURVE ( 'NONE', #6263, #302, #106, .T. ) ;
#52 = PLANE ( 'NONE',  #8740 ) ;
#53 = CARTESIAN_POINT ( 'NONE',  ( -13.73328812275833144, 0.000000000000000000, -13.92482235592523310 ) ) ;
#54 = CARTESIAN_POINT ( 'NONE',  ( -10.78521895142240794, 0.000000000000000000, -9.818616766943927487 ) ) ;
#55 = VECTOR ( 'NONE', #5480, 1000.000000000000000 ) ;
#56 = FACE_OUTER_BOUND ( 'NONE', #7749, .T. ) ;
#57 = VECTOR ( 'NONE', #5818, 1000.000000000000000 ) ;
#58 = CARTESIAN_POINT ( 'NONE',  ( -7.837149780086489770, 0.000000000000000000, 14.92482235592523665 ) ) ;
#59 = PLANE ( 'NONE',  #3706 ) ;
#60 = DIRECTION ( 'NONE',  ( -0.8660254037844404840, -0.000000000000000000, -0.4999999999999968359 ) ) ;
#61 = CARTESIAN_POINT ( 'NONE',  ( 20.95000000000000284, 59.69999999999997442, 9.200000000000001066 ) ) ;
#62 = VERTEX_POINT ( 'NONE', #3474 ) ;
#63 = VECTOR ( 'NONE', #3075, 1000.000000000000000 ) ;
#64 = ORIENTED_EDGE ( 'NONE', *, *, #3310, .T. ) ;
#65 = CARTESIAN_POINT ( 'NONE',  ( 0.4910252901194303021, 53.58999999999999631, -14.92482235592524198 ) ) ;
#66 = VERTEX_POINT ( 'NONE', #6058 ) ;
#67 = LINE ( 'NONE', #1146, #7324 ) ;
#68 = CARTESIAN_POINT ( 'NONE',  ( -13.73328812275833144, 5.500000000000000000, 0.5000000000000035527 ) ) ;
#69 = CARTESIAN_POINT ( 'NONE',  ( -9.569200587655371848, 0.000000000000000000, 13.92482235592524198 ) ) ;
#70 = DIRECTION ( 'NONE',  ( -1.000000000000000000, 0.000000000000000000, 3.330669073875469621E-15 ) ) ;
#71 = VERTEX_POINT ( 'NONE', #6000 ) ;
#72 = AXIS2_PLACEMENT_3D ( 'NONE', #10733, #9872, #7287 ) ;
#73 = CC_DESIGN_PERSON_AND_ORGANIZATION_ASSIGNMENT ( #2568, #4226, ( #7886 ) ) ;
#74 = VERTEX_POINT ( 'NONE', #1701 ) ;
#75 = EDGE_CURVE ( 'NONE', #10696, #4769, #9501, .T. ) ;
#76 = DIRECTION ( 'NONE',  ( -0.8660254037844368202, 0.000000000000000000, 0.5000000000000032196 ) ) ;
#77 = EDGE_LOOP ( 'NONE', ( #10781, #4893, #5062, #5122 ) ) ;
#78 = CARTESIAN_POINT ( 'NONE',  ( 1.200153863164406542E-15, 15.69999999999999929, 9.800000000000002487 ) ) ;
#79 = DIRECTION ( 'NONE',  ( 0.8660254037844368202, -0.000000000000000000, -0.5000000000000032196 ) ) ;
#80 = ORIENTED_EDGE ( 'NONE', *, *, #314, .F. ) ;
#81 = ORIENTED_EDGE ( 'NONE', *, *, #4070, .T. ) ;
#82 = FACE_OUTER_BOUND ( 'NONE', #8824, .T. ) ;
#83 = CARTESIAN_POINT ( 'NONE',  ( -5.405113052552404262, 5.500000000000000000, 14.92482235592524376 ) ) ;
#84 = ORIENTED_EDGE ( 'NONE', *, *, #5339, .F. ) ;
#85 = PLANE ( 'NONE',  #6423 ) ;
#86 = LINE ( 'NONE', #9648, #2335 ) ;
#87 = VERTEX_POINT ( 'NONE', #11325 ) ;
#88 = VECTOR ( 'NONE', #1098, 1000.000000000000000 ) ;
#89 = CARTESIAN_POINT ( 'NONE',  ( 7.953174956540914664, 53.58999999999999631, -15.42482235592523843 ) ) ;
#90 = EDGE_CURVE ( 'NONE', #5461, #2403, #7034, .T. ) ;
#91 = CARTESIAN_POINT ( 'NONE',  ( -13.73328812275830657, 5.500000000000000000, 5.031514183640163724E-14 ) ) ;
#92 = DIRECTION ( 'NONE',  ( 1.000000000000000000, 0.000000000000000000, 0.000000000000000000 ) ) ;
#93 = VECTOR ( 'NONE', #10907, 1000.000000000000000 ) ;
#94 = ORIENTED_EDGE ( 'NONE', *, *, #1011, .T. ) ;
#95 = ORIENTED_EDGE ( 'NONE', *, *, #4722, .F. ) ;
#96 = PLANE ( 'NONE',  #4454 ) ;
#97 = FACE_OUTER_BOUND ( 'NONE', #7524, .T. ) ;
#98 = EDGE_CURVE ( 'NONE', #9178, #4242, #5258, .T. ) ;
#99 = ORIENTED_EDGE ( 'NONE', *, *, #3624, .T. ) ;
#100 = DIRECTION ( 'NONE',  ( 3.330669073875469621E-15, 0.000000000000000000, 1.000000000000000000 ) ) ;
#101 = EDGE_CURVE ( 'NONE', #10743, #11068, #4453, .T. ) ;
#102 = LINE ( 'NONE', #326, #5590 ) ;
#103 = ADVANCED_FACE ( 'NONE', ( #10581, #4389, #155, #955, #8859 ), #1012, .T. ) ;
#104 = DIRECTION ( 'NONE',  ( 3.330669073875469621E-15, 0.000000000000000000, 1.000000000000000000 ) ) ;
#105 = VECTOR ( 'NONE', #5201, 1000.000000000000000 ) ;
#106 = LINE ( 'NONE', #1756, #1795 ) ;
#107 = ORIENTED_EDGE ( 'NONE', *, *, #7484, .T. ) ;
#108 = DIRECTION ( 'NONE',  ( -1.000000000000000000, 0.000000000000000000, 3.330669073875469621E-15 ) ) ;
#109 = DIRECTION ( 'NONE',  ( -0.000000000000000000, 1.000000000000000000, -0.000000000000000000 ) ) ;
#110 = EDGE_CURVE ( 'NONE', #3097, #1820, #786, .T. ) ;
#111 = PLANE ( 'NONE',  #386 ) ;
#112 = DIRECTION ( 'NONE',  ( 0.8660254037844368202, 0.000000000000000000, -0.5000000000000032196 ) ) ;
#113 = EDGE_CURVE ( 'NONE', #3197, #7172, #8741, .T. ) ;
#114 = VERTEX_POINT ( 'NONE', #7136 ) ;
#115 = LINE ( 'NONE', #9573, #9003 ) ;
#116 = LINE ( 'NONE', #5385, #8075 ) ;
#117 = VERTEX_POINT ( 'NONE', #7772 ) ;
#118 = EDGE_CURVE ( 'NONE', #6803, #8186, #6973, .T. ) ;
#119 = ORIENTED_EDGE ( 'NONE', *, *, #1704, .F. ) ;
#120 = DIRECTION ( 'NONE',  ( 0.8660254037844369313, 0.000000000000000000, -0.5000000000000029976 ) ) ;
#121 = ORIENTED_EDGE ( 'NONE', *, *, #241, .T. ) ;
#122 = DIRECTION ( 'NONE',  ( 0.000000000000000000, 0.000000000000000000, 1.000000000000000000 ) ) ;
#123 = CARTESIAN_POINT ( 'NONE',  ( -8.703175183870927256, 53.58999999999999631, -13.42482235592523665 ) ) ;
#124 = DIRECTION ( 'NONE',  ( 0.000000000000000000, 0.000000000000000000, -1.000000000000000000 ) ) ;
#125 = CARTESIAN_POINT ( 'NONE',  ( 13.33328085541092989, 5.500000000000000000, 3.106205588981312271 ) ) ;
#126 = DIRECTION ( 'NONE',  ( 0.000000000000000000, 0.000000000000000000, -1.000000000000000000 ) ) ;
#127 = VERTEX_POINT ( 'NONE', #1808 ) ;
#128 = ADVANCED_FACE ( 'NONE', ( #5312 ), #4506, .T. ) ;
#129 = EDGE_LOOP ( 'NONE', ( #6543, #6480, #9696, #1226, #3618, #5259 ) ) ;
#130 = LINE ( 'NONE', #2696, #8089 ) ;
#131 = ORIENTED_EDGE ( 'NONE', *, *, #3750, .F. ) ;
#132 = DIRECTION ( 'NONE',  ( -0.000000000000000000, 1.000000000000000000, -0.000000000000000000 ) ) ;
#133 = FACE_OUTER_BOUND ( 'NONE', #4864, .T. ) ;
#134 = ORIENTED_EDGE ( 'NONE', *, *, #8420, .T. ) ;
#135 = ORIENTED_EDGE ( 'NONE', *, *, #5782, .F. ) ;
#136 = PLANE ( 'NONE',  #7924 ) ;
#137 = DIRECTION ( 'NONE',  ( 3.330669073875469621E-15, 0.000000000000000000, 1.000000000000000000 ) ) ;
#138 = VERTEX_POINT ( 'NONE', #6913 ) ;
#139 = DIRECTION ( 'NONE',  ( 0.8660254037844404840, 0.000000000000000000, 0.4999999999999968359 ) ) ;
#140 = CARTESIAN_POINT ( 'NONE',  ( -12.00123731518945291, 0.000000000000000000, 14.92482235592523665 ) ) ;
#141 = ORIENTED_EDGE ( 'NONE', *, *, #2966, .F. ) ;
#142 = FACE_BOUND ( 'NONE', #6447, .T. ) ;
#143 = ADVANCED_FACE ( 'NONE', ( #10415 ), #8692, .T. ) ;
#144 = LINE ( 'NONE', #3807, #10651 ) ;
#145 = VERTEX_POINT ( 'NONE', #276 ) ;
#146 = EDGE_CURVE ( 'NONE', #1886, #8925, #3936, .T. ) ;
#147 = VERTEX_POINT ( 'NONE', #4737 ) ;
#148 = DIRECTION ( 'NONE',  ( -0.000000000000000000, 1.000000000000000000, 0.000000000000000000 ) ) ;
#149 = CARTESIAN_POINT ( 'NONE',  ( 8.819200360325362809, 53.58999999999999631, 13.92482235592523310 ) ) ;
#150 = ORIENTED_EDGE ( 'NONE', *, *, #2343, .F. ) ;
#151 = CARTESIAN_POINT ( 'NONE',  ( 0.4910252901194303021, 53.58999999999999631, -14.92482235592524198 ) ) ;
#152 = CARTESIAN_POINT ( 'NONE',  ( 1.898202538678398445E-16, 15.50000000000000000, 8.549998126899998496 ) ) ;
#153 = CARTESIAN_POINT ( 'NONE',  ( 12.41159141466340543, 52.28232689208745398, -20.80716441682348972 ) ) ;
#154 = EDGE_CURVE ( 'NONE', #4516, #945, #10014, .T. ) ;
#155 = FACE_BOUND ( 'NONE', #4538, .T. ) ;
#156 = CARTESIAN_POINT ( 'NONE',  ( -5.755106012535009974, 0.000000000000000000, -10.31861676694393104 ) ) ;
#157 = ORIENTED_EDGE ( 'NONE', *, *, #8060, .F. ) ;
#158 = DIRECTION ( 'NONE',  ( -3.663735981263016583E-15, 0.000000000000000000, -1.000000000000000000 ) ) ;
#159 = LINE ( 'NONE', #2728, #10671 ) ;
#160 = EDGE_LOOP ( 'NONE', ( #11245, #6574, #10466, #9817, #6872, #360 ) ) ;
#161 = CARTESIAN_POINT ( 'NONE',  ( 12.11726249164388491, 53.58999999999999631, -13.42482235592523665 ) ) ;
#162 = LINE ( 'NONE', #223, #5221 ) ;
#163 = ORIENTED_EDGE ( 'NONE', *, *, #4868, .F. ) ;
#164 = CARTESIAN_POINT ( 'NONE',  ( -16.87712202027644182, 51.99940408041244666, 13.10972900890570791 ) ) ;
#165 = VECTOR ( 'NONE', #235, 1000.000000000000000 ) ;
#166 = DIRECTION ( 'NONE',  ( -1.000000000000000000, 0.000000000000000000, 3.330669073875469621E-15 ) ) ;
#167 = ORIENTED_EDGE ( 'NONE', *, *, #8146, .T. ) ;
#168 = EDGE_CURVE ( 'NONE', #4859, #3862, #7258, .T. ) ;
#169 = ADVANCED_FACE ( 'NONE', ( #5482 ), #4801, .T. ) ;
#170 = ORIENTED_EDGE ( 'NONE', *, *, #11095, .T. ) ;
#171 = EDGE_CURVE ( 'NONE', #744, #6251, #3707, .T. ) ;
#172 = EDGE_CURVE ( 'NONE', #4534, #8095, #1123, .T. ) ;
#173 = AXIS2_PLACEMENT_3D ( 'NONE', #8973, #4894, #1127 ) ;
#174 = FACE_OUTER_BOUND ( 'NONE', #306, .T. ) ;
#175 = ORIENTED_EDGE ( 'NONE', *, *, #7323, .F. ) ;
#176 = DIRECTION ( 'NONE',  ( -0.8660254037844404840, 0.000000000000000000, -0.4999999999999968359 ) ) ;
#177 = PLANE ( 'NONE',  #10695 ) ;
#178 = DIRECTION ( 'NONE',  ( 1.000000000000000000, 0.000000000000000000, -3.663735981263016583E-15 ) ) ;
#179 = DIRECTION ( 'NONE',  ( 0.000000000000000000, 0.000000000000000000, 1.000000000000000000 ) ) ;
#180 = LINE ( 'NONE', #9636, #212 ) ;
#181 = VERTEX_POINT ( 'NONE', #10639 ) ;
#182 = AXIS2_PLACEMENT_3D ( 'NONE', #925, #8605, #6771 ) ;
#183 = ORIENTED_EDGE ( 'NONE', *, *, #5331, .F. ) ;
#184 = CARTESIAN_POINT ( 'NONE',  ( -4.539087648767965000, 5.500000000000000000, -13.42482235592523665 ) ) ;
#185 = ORIENTED_EDGE ( 'NONE', *, *, #469, .F. ) ;
#186 = DIRECTION ( 'NONE',  ( -0.8660254037844368202, 0.000000000000000000, 0.5000000000000032196 ) ) ;
#187 = DIRECTION ( 'NONE',  ( -0.000000000000000000, 1.000000000000000000, -0.000000000000000000 ) ) ;
#188 = AXIS2_PLACEMENT_3D ( 'NONE', #6300, #5392, #1027 ) ;
#189 = ORIENTED_EDGE ( 'NONE', *, *, #2062, .F. ) ;
#190 = ORIENTED_EDGE ( 'NONE', *, *, #7511, .F. ) ;
#191 = DIRECTION ( 'NONE',  ( -3.663735981263016583E-15, -0.000000000000000000, -1.000000000000000000 ) ) ;
#192 = CARTESIAN_POINT ( 'NONE',  ( -2.608806497859900819, 5.500000000000000000, 4.518585401409213276 ) ) ;
#193 = VERTEX_POINT ( 'NONE', #6282 ) ;
#194 = CARTESIAN_POINT ( 'NONE',  ( 16.90222591453325407, 67.84000000000000341, 12.59999999999999432 ) ) ;
#195 = LINE ( 'NONE', #7120, #868 ) ;
#196 = ORIENTED_EDGE ( 'NONE', *, *, #5950, .F. ) ;
#197 = DIRECTION ( 'NONE',  ( -0.8660254037844368202, 0.000000000000000000, 0.5000000000000032196 ) ) ;
#198 = VECTOR ( 'NONE', #682, 1000.000000000000114 ) ;
#199 = VECTOR ( 'NONE', #4408, 1000.000000000000000 ) ;
#200 = ORIENTED_EDGE ( 'NONE', *, *, #3159, .T. ) ;
#201 = CARTESIAN_POINT ( 'NONE',  ( 1.555281037243039011, 5.500000000000000000, 2.693825776553344653 ) ) ;
#202 = ORIENTED_EDGE ( 'NONE', *, *, #1826, .F. ) ;
#203 = VECTOR ( 'NONE', #2661, 1000.000000000000114 ) ;
#204 = EDGE_CURVE ( 'NONE', #5724, #71, #9034, .T. ) ;
#205 = ORIENTED_EDGE ( 'NONE', *, *, #7907, .T. ) ;
#206 = LINE ( 'NONE', #8960, #7761 ) ;
#207 = ORIENTED_EDGE ( 'NONE', *, *, #7081, .T. ) ;
#208 = LINE ( 'NONE', #2840, #1835 ) ;
#209 = AXIS2_PLACEMENT_3D ( 'NONE', #2329, #5828, #1463 ) ;
#210 = DIRECTION ( 'NONE',  ( -0.000000000000000000, 1.000000000000000000, -0.000000000000000000 ) ) ;
#211 = FACE_OUTER_BOUND ( 'NONE', #9847, .T. ) ;
#212 = VECTOR ( 'NONE', #3667, 1000.000000000000000 ) ;
#213 = VECTOR ( 'NONE', #5959, 1000.000000000000000 ) ;
#214 = VECTOR ( 'NONE', #3709, 1000.000000000000000 ) ;
#215 = CARTESIAN_POINT ( 'NONE',  ( 0.4910252901194391839, 53.58999999999999631, 14.92482235592523487 ) ) ;
#216 = FACE_OUTER_BOUND ( 'NONE', #244, .T. ) ;
#217 = ORIENTED_EDGE ( 'NONE', *, *, #8174, .F. ) ;
#218 = DIRECTION ( 'NONE',  ( 1.000000000000000000, 0.000000000000000000, -3.663735981263016583E-15 ) ) ;
#219 = EDGE_CURVE ( 'NONE', #8868, #8550, #8107, .T. ) ;
#220 = CARTESIAN_POINT ( 'NONE',  ( -10.78521895142241505, 5.500000000000000000, 9.818616766943931040 ) ) ;
#221 = VERTEX_POINT ( 'NONE', #3766 ) ;
#222 = LINE ( 'NONE', #898, #7332 ) ;
#223 = CARTESIAN_POINT ( 'NONE',  ( -6.999998126900004891, 53.58999999999999631, -1.550000000000002931 ) ) ;
#224 = VECTOR ( 'NONE', #8750, 999.9999999999998863 ) ;
#225 = AXIS2_PLACEMENT_3D ( 'NONE', #4912, #5887, #7547 ) ;
#226 = ORIENTED_EDGE ( 'NONE', *, *, #9388, .F. ) ;
#227 = CIRCLE ( 'NONE', #8806, 1.050000000000000488 ) ;
#228 = CARTESIAN_POINT ( 'NONE',  ( 12.11726249164388491, 0.000000000000000000, 6.212411177962618325 ) ) ;
#229 = CARTESIAN_POINT ( 'NONE',  ( 8.819200360325316623, 5.500000000000000000, -2.937383789644693148E-14 ) ) ;
#230 = EDGE_LOOP ( 'NONE', ( #8228, #10526, #1270, #3285, #10079, #1800 ) ) ;
#231 = ADVANCED_FACE ( 'NONE', ( #9786 ), #3818, .T. ) ;
#232 = ORIENTED_EDGE ( 'NONE', *, *, #7095, .F. ) ;
#233 = AXIS2_PLACEMENT_3D ( 'NONE', #6745, #11328, #6916 ) ;
#234 = VECTOR ( 'NONE', #10368, 1000.000000000000000 ) ;
#235 = DIRECTION ( 'NONE',  ( -0.000000000000000000, 1.000000000000000000, -0.000000000000000000 ) ) ;
#236 = VERTEX_POINT ( 'NONE', #6458 ) ;
#237 = CARTESIAN_POINT ( 'NONE',  ( 6.737156592773882124, 0.000000000000000000, 11.31861676694392749 ) ) ;
#238 = LINE ( 'NONE', #7274, #5198 ) ;
#239 = CARTESIAN_POINT ( 'NONE',  ( -7.487156820103929356, 5.500000000000000000, 2.743096583917355704E-14 ) ) ;
#240 = ADVANCED_FACE ( 'NONE', ( #5655 ), #9091, .T. ) ;
#241 = EDGE_CURVE ( 'NONE', #9542, #5980, #1060, .T. ) ;
#242 = DIRECTION ( 'NONE',  ( 0.8660254037844407060, 0.000000000000000000, 0.4999999999999965583 ) ) ;
#243 = LINE ( 'NONE', #6934, #7535 ) ;
#244 = EDGE_LOOP ( 'NONE', ( #674, #421, #2697, #700 ) ) ;
#245 = VECTOR ( 'NONE', #4740, 1000.000000000000000 ) ;
#246 = DIRECTION ( 'NONE',  ( -0.8660254037844369313, 0.000000000000000000, 0.5000000000000029976 ) ) ;
#247 = VECTOR ( 'NONE', #10562, 1000.000000000000000 ) ;
#248 = VERTEX_POINT ( 'NONE', #10702 ) ;
#249 = PLANE ( 'NONE',  #3157 ) ;
#250 = LINE ( 'NONE', #8019, #5117 ) ;
#251 = ORIENTED_EDGE ( 'NONE', *, *, #2721, .F. ) ;
#252 = ORIENTED_EDGE ( 'NONE', *, *, #6477, .F. ) ;
#253 = LINE ( 'NONE', #3743, #5566 ) ;
#254 = CARTESIAN_POINT ( 'NONE',  ( -9.569200587655371848, 53.58999999999999631, 13.92482235592524198 ) ) ;
#255 = ORIENTED_EDGE ( 'NONE', *, *, #8904, .F. ) ;
#256 = CARTESIAN_POINT ( 'NONE',  ( -12.86726271897389751, 0.000000000000000000, -15.42482235592523843 ) ) ;
#257 = CARTESIAN_POINT ( 'NONE',  ( 0.000000000000000000, 67.84000000000000341, 18.49999999999999645 ) ) ;
#258 = ORIENTED_EDGE ( 'NONE', *, *, #7449, .T. ) ;
#259 = EDGE_CURVE ( 'NONE', #1758, #4534, #10756, .T. ) ;
#260 = DIRECTION ( 'NONE',  ( -0.8660254037844368202, 0.000000000000000000, 0.5000000000000032196 ) ) ;
#261 = VECTOR ( 'NONE', #2302, 999.9999999999998863 ) ;
#262 = ADVANCED_FACE ( 'NONE', ( #9895 ), #1235, .T. ) ;
#263 = ORIENTED_EDGE ( 'NONE', *, *, #1743, .T. ) ;
#264 = DIRECTION ( 'NONE',  ( 0.8660254037844369313, 0.000000000000000000, -0.5000000000000029976 ) ) ;
#265 = VERTEX_POINT ( 'NONE', #1293 ) ;
#266 = EDGE_LOOP ( 'NONE', ( #11249, #5021, #4553, #2694, #2902, #496 ) ) ;
#267 = DIRECTION ( 'NONE',  ( 0.000000000000000000, 0.000000000000000000, 1.000000000000000000 ) ) ;
#268 = FACE_OUTER_BOUND ( 'NONE', #6023, .T. ) ;
#269 = AXIS2_PLACEMENT_3D ( 'NONE', #7857, #990, #137 ) ;
#270 = EDGE_LOOP ( 'NONE', ( #10987, #475, #3282, #3787, #4388, #930 ) ) ;
#271 = LINE ( 'NONE', #4731, #8067 ) ;
#272 = LINE ( 'NONE', #4229, #5353 ) ;
#273 = CARTESIAN_POINT ( 'NONE',  ( -8.703175183870927256, 0.000000000000000000, 15.42482235592523843 ) ) ;
#274 = CARTESIAN_POINT ( 'NONE',  ( 6.737156592773876795, 0.000000000000000000, -10.31861676694393104 ) ) ;
#275 = VECTOR ( 'NONE', #2822, 1000.000000000000000 ) ;
#276 = CARTESIAN_POINT ( 'NONE',  ( 0.4910252901194339659, 53.58999999999999631, -13.92482235592524020 ) ) ;
#277 = DIRECTION ( 'NONE',  ( -3.663735981263016583E-15, -0.000000000000000000, -1.000000000000000000 ) ) ;
#278 = ORIENTED_EDGE ( 'NONE', *, *, #6305, .T. ) ;
#279 = LINE ( 'NONE', #8375, #1628 ) ;
#280 = DIRECTION ( 'NONE',  ( -0.5000000000000029976, 0.000000000000000000, -0.8660254037844369313 ) ) ;
#281 = EDGE_LOOP ( 'NONE', ( #10061, #2888, #9684, #7269 ) ) ;
#282 = DIRECTION ( 'NONE',  ( 0.8660254037844407060, 0.000000000000000000, 0.4999999999999965583 ) ) ;
#283 = DIRECTION ( 'NONE',  ( -0.000000000000000000, 1.000000000000000000, -0.000000000000000000 ) ) ;
#284 = VECTOR ( 'NONE', #3943, 1000.000000000000000 ) ;
#285 = ORIENTED_EDGE ( 'NONE', *, *, #10682, .T. ) ;
#286 = CARTESIAN_POINT ( 'NONE',  ( 14.19930625919536382, 0.000000000000000000, -4.606205588981308274 ) ) ;
#287 = CARTESIAN_POINT ( 'NONE',  ( -12.00123731518944936, 52.28232689208745398, -12.59999999999990550 ) ) ;
#288 = ORIENTED_EDGE ( 'NONE', *, *, #922, .F. ) ;
#289 = EDGE_CURVE ( 'NONE', #3253, #7260, #9959, .T. ) ;
#290 = ORIENTED_EDGE ( 'NONE', *, *, #3816, .T. ) ;
#291 = DIRECTION ( 'NONE',  ( -3.663735981263016583E-15, -0.000000000000000000, -1.000000000000000000 ) ) ;
#292 = VERTEX_POINT ( 'NONE', #2846 ) ;
#293 = LINE ( 'NONE', #237, #3847 ) ;
#294 = EDGE_CURVE ( 'NONE', #7286, #10642, #5654, .T. ) ;
#295 = DIRECTION ( 'NONE',  ( -0.000000000000000000, 1.000000000000000000, -0.000000000000000000 ) ) ;
#296 = DIRECTION ( 'NONE',  ( 0.000000000000000000, 0.000000000000000000, -1.000000000000000000 ) ) ;
#297 = CARTESIAN_POINT ( 'NONE',  ( 0.000000000000000000, 15.50000000000000000, -6.999998126900001338 ) ) ;
#298 = FACE_BOUND ( 'NONE', #10007, .T. ) ;
#299 = ORIENTED_EDGE ( 'NONE', *, *, #10257, .F. ) ;
#300 = EDGE_CURVE ( 'NONE', #11068, #7297, #8968, .T. ) ;
#301 = PLANE ( 'NONE',  #6638 ) ;
#302 = VERTEX_POINT ( 'NONE', #610 ) ;
#303 = PLANE ( 'NONE',  #782 ) ;
#304 = PLANE ( 'NONE',  #9512 ) ;
#305 = VERTEX_POINT ( 'NONE', #6684 ) ;
#306 = EDGE_LOOP ( 'NONE', ( #6158, #10903, #4007, #4331, #7295, #6670 ) ) ;
#307 = CARTESIAN_POINT ( 'NONE',  ( 12.98328789542831707, 0.000000000000000000, -14.92482235592524198 ) ) ;
#308 = DIRECTION ( 'NONE',  ( -0.8660254037844369313, 0.000000000000000000, 0.5000000000000029976 ) ) ;
#309 = ORIENTED_EDGE ( 'NONE', *, *, #9736, .T. ) ;
#310 = CYLINDRICAL_SURFACE ( 'NONE', #2611, 1.550000000000000266 ) ;
#311 = FACE_OUTER_BOUND ( 'NONE', #3757, .T. ) ;
#312 = VERTEX_POINT ( 'NONE', #7538 ) ;
#313 = FACE_BOUND ( 'NONE', #3034, .T. ) ;
#314 = EDGE_CURVE ( 'NONE', #1020, #5363, #8449, .T. ) ;
#315 = ORIENTED_EDGE ( 'NONE', *, *, #8236, .T. ) ;
#316 = EDGE_CURVE ( 'NONE', #4137, #6632, #9311, .T. ) ;
#317 = PLANE ( 'NONE',  #5163 ) ;
#318 = VERTEX_POINT ( 'NONE', #3071 ) ;
#319 = ADVANCED_FACE ( 'NONE', ( #8386 ), #8509, .F. ) ;
#320 = ORIENTED_EDGE ( 'NONE', *, *, #1900, .F. ) ;
#321 = DIRECTION ( 'NONE',  ( -1.000000000000000000, 0.000000000000000000, 3.330669073875469621E-15 ) ) ;
#322 = LINE ( 'NONE', #5536, #2284 ) ;
#323 = VERTEX_POINT ( 'NONE', #4103 ) ;
#324 = DIRECTION ( 'NONE',  ( -0.8660254037844404840, 0.000000000000000000, -0.4999999999999968359 ) ) ;
#325 = LINE ( 'NONE', #9143, #10824 ) ;
#326 = CARTESIAN_POINT ( 'NONE',  ( -9.569200587655316781, 5.500000000000000000, 3.505902450491598538E-14 ) ) ;
#327 = DIRECTION ( 'NONE',  ( 3.330669073875469621E-15, 0.000000000000000000, 1.000000000000000000 ) ) ;
#328 = DIRECTION ( 'NONE',  ( 0.8660254037844404840, 0.000000000000000000, 0.4999999999999968359 ) ) ;
#329 = PLANE ( 'NONE',  #2582 ) ;
#330 = ORIENTED_EDGE ( 'NONE', *, *, #3080, .F. ) ;
#331 = CARTESIAN_POINT ( 'NONE',  ( 7.087149552756485171, 0.000000000000000000, 13.92482235592524020 ) ) ;
#332 = VERTEX_POINT ( 'NONE', #493 ) ;
#333 = LINE ( 'NONE', #6465, #9168 ) ;
#334 = DIRECTION ( 'NONE',  ( 0.5000000000000032196, 0.000000000000000000, 0.8660254037844368202 ) ) ;
#335 = ORIENTED_EDGE ( 'NONE', *, *, #9841, .T. ) ;
#336 = CARTESIAN_POINT ( 'NONE',  ( -16.00000102328300500, 67.84000000000000341, 9.299999999999995381 ) ) ;
#337 = CARTESIAN_POINT ( 'NONE',  ( 4.655112825222397888, 0.000000000000000000, 13.92482235592523487 ) ) ;
#338 = ORIENTED_EDGE ( 'NONE', *, *, #5541, .T. ) ;
#339 = ORIENTED_EDGE ( 'NONE', *, *, #2897, .T. ) ;
#340 = DIRECTION ( 'NONE',  ( 0.8660254037844368202, 0.000000000000000000, -0.5000000000000032196 ) ) ;
#341 = ORIENTED_EDGE ( 'NONE', *, *, #6997, .T. ) ;
#342 = PLANE ( 'NONE',  #1829 ) ;
#343 = EDGE_CURVE ( 'NONE', #2848, #5189, #546, .T. ) ;
#344 = CARTESIAN_POINT ( 'NONE',  ( -13.73328812275833499, 0.000000000000000000, -0.4999999999999963363 ) ) ;
#345 = CARTESIAN_POINT ( 'NONE',  ( 12.11726249164388491, 53.58999999999999631, 6.212411177962618325 ) ) ;
#346 = FACE_OUTER_BOUND ( 'NONE', #2753, .T. ) ;
#347 = DIRECTION ( 'NONE',  ( -3.663735981263016583E-15, -0.000000000000000000, -1.000000000000000000 ) ) ;
#348 = VERTEX_POINT ( 'NONE', #5877 ) ;
#349 = AXIS2_PLACEMENT_3D ( 'NONE', #7492, #3087, #10144 ) ;
#350 = EDGE_CURVE ( 'NONE', #1889, #6884, #1576, .T. ) ;
#351 = DIRECTION ( 'NONE',  ( -0.8660254037844368202, 0.000000000000000000, 0.5000000000000032196 ) ) ;
#352 = ORIENTED_EDGE ( 'NONE', *, *, #920, .F. ) ;
#353 = DIRECTION ( 'NONE',  ( 3.330669073875469621E-15, 0.000000000000000000, 1.000000000000000000 ) ) ;
#354 = LINE ( 'NONE', #10041, #1456 ) ;
#355 = VERTEX_POINT ( 'NONE', #5822 ) ;
#356 = EDGE_CURVE ( 'NONE', #11254, #4119, #1405, .T. ) ;
#357 = ORIENTED_EDGE ( 'NONE', *, *, #5079, .F. ) ;
#358 = LINE ( 'NONE', #10906, #5375 ) ;
#359 = DIRECTION ( 'NONE',  ( -0.5000000000000029976, 0.000000000000000000, -0.8660254037844369313 ) ) ;
#360 = ORIENTED_EDGE ( 'NONE', *, *, #4310, .T. ) ;
#361 = CIRCLE ( 'NONE', #7667, 1.549999999999999378 ) ;
#362 = FACE_OUTER_BOUND ( 'NONE', #7409, .T. ) ;
#363 = CARTESIAN_POINT ( 'NONE',  ( 9.169193320307966744, 53.58999999999999631, 10.31861676694393104 ) ) ;
#364 = ORIENTED_EDGE ( 'NONE', *, *, #9744, .T. ) ;
#365 = DIRECTION ( 'NONE',  ( -0.8660254037844369313, 0.000000000000000000, 0.5000000000000029976 ) ) ;
#366 = VECTOR ( 'NONE', #7455, 1000.000000000000000 ) ;
#367 = EDGE_LOOP ( 'NONE', ( #4883, #2948, #3063, #1897, #1565, #7371 ) ) ;
#368 = PLANE ( 'NONE',  #3516 ) ;
#369 = ORIENTED_EDGE ( 'NONE', *, *, #6022, .T. ) ;
#370 = ORIENTED_EDGE ( 'NONE', *, *, #8768, .F. ) ;
#371 = LINE ( 'NONE', #5766, #629 ) ;
#372 = ORIENTED_EDGE ( 'NONE', *, *, #5467, .T. ) ;
#373 = DIRECTION ( 'NONE',  ( -0.8660254037844404840, 0.000000000000000000, -0.4999999999999968359 ) ) ;
#374 = PLANE ( 'NONE',  #2063 ) ;
#375 = FACE_OUTER_BOUND ( 'NONE', #1549, .T. ) ;
#376 = EDGE_CURVE ( 'NONE', #5635, #7054, #4960, .T. ) ;
#377 = CIRCLE ( 'NONE', #1290, 9.800000000000002487 ) ;
#378 = EDGE_CURVE ( 'NONE', #5864, #6491, #9374, .T. ) ;
#379 = EDGE_CURVE ( 'NONE', #7383, #3515, #2441, .T. ) ;
#380 = EDGE_CURVE ( 'NONE', #8135, #3552, #6730, .T. ) ;
#381 = EDGE_CURVE ( 'NONE', #1246, #6093, #7642, .T. ) ;
#382 = DIRECTION ( 'NONE',  ( 0.4999999999999968359, 0.000000000000000000, -0.8660254037844404840 ) ) ;
#383 = VECTOR ( 'NONE', #7694, 1000.000000000000000 ) ;
#384 = PLANE ( 'NONE',  #9368 ) ;
#385 = VERTEX_POINT ( 'NONE', #6567 ) ;
#386 = AXIS2_PLACEMENT_3D ( 'NONE', #3648, #6172, #9621 ) ;
#387 = CARTESIAN_POINT ( 'NONE',  ( 7.953174956540914664, 53.58999999999999631, -15.42482235592523843 ) ) ;
#388 = ORIENTED_EDGE ( 'NONE', *, *, #9407, .F. ) ;
#389 = CARTESIAN_POINT ( 'NONE',  ( 5.871131188989433092, 53.58999999999999631, -11.81861676694392926 ) ) ;
#390 = CARTESIAN_POINT ( 'NONE',  ( -9.569200587655368295, 0.000000000000000000, 14.92482235592524376 ) ) ;
#391 = ORIENTED_EDGE ( 'NONE', *, *, #3310, .F. ) ;
#392 = CARTESIAN_POINT ( 'NONE',  ( 8.819200360325368138, 0.000000000000000000, 14.92482235592523487 ) ) ;
#393 = DIRECTION ( 'NONE',  ( 0.8660254037844407060, 0.000000000000000000, 0.4999999999999966138 ) ) ;
#394 = ORIENTED_EDGE ( 'NONE', *, *, #9956, .F. ) ;
#395 = ADVANCED_FACE ( 'NONE', ( #10295 ), #9435, .T. ) ;
#396 = VECTOR ( 'NONE', #11310, 1000.000000000000000 ) ;
#397 = VECTOR ( 'NONE', #8212, 1000.000000000000000 ) ;
#398 = ORIENTED_EDGE ( 'NONE', *, *, #6815, .T. ) ;
#399 = EDGE_LOOP ( 'NONE', ( #2306, #2299, #1431, #8353 ) ) ;
#400 = CARTESIAN_POINT ( 'NONE',  ( 4.655112825222396111, 0.000000000000000000, -13.92482235592524020 ) ) ;
#401 = VECTOR ( 'NONE', #8485, 1000.000000000000000 ) ;
#402 = DATE_TIME_ROLE ( 'creation_date' ) ;
#403 = ORIENTED_EDGE ( 'NONE', *, *, #2984, .F. ) ;
#404 = VECTOR ( 'NONE', #10497, 1000.000000000000000 ) ;
#405 = CARTESIAN_POINT ( 'NONE',  ( 8.819200360325355703, 53.58999999999999631, -14.92482235592524198 ) ) ;
#406 = VECTOR ( 'NONE', #6517, 1000.000000000000000 ) ;
#407 = CARTESIAN_POINT ( 'NONE',  ( -7.837149780086489770, 0.000000000000000000, 14.92482235592523665 ) ) ;
#408 = FACE_OUTER_BOUND ( 'NONE', #7064, .T. ) ;
#409 = PLANE ( 'NONE',  #7157 ) ;
#410 = CARTESIAN_POINT ( 'NONE',  ( 2.596302921018799115, 5.500000000000000000, -4.496928571044083611 ) ) ;
#411 = ORIENTED_EDGE ( 'NONE', *, *, #2386, .F. ) ;
#412 = VECTOR ( 'NONE', #7877, 1000.000000000000000 ) ;
#413 = VECTOR ( 'NONE', #6387, 999.9999999999998863 ) ;
#414 = LINE ( 'NONE', #11067, #10414 ) ;
#415 = ORIENTED_EDGE ( 'NONE', *, *, #5078, .T. ) ;
#416 = DIRECTION ( 'NONE',  ( 1.865294060190115224E-16, 0.000000000000000000, 1.000000000000000000 ) ) ;
#417 = ORIENTED_EDGE ( 'NONE', *, *, #1916, .T. ) ;
#418 = DIRECTION ( 'NONE',  ( -0.8660254037844369313, -0.000000000000000000, 0.5000000000000029976 ) ) ;
#419 = LINE ( 'NONE', #6547, #11066 ) ;
#420 = AXIS2_PLACEMENT_3D ( 'NONE', #6941, #5287, #4422 ) ;
#421 = ORIENTED_EDGE ( 'NONE', *, *, #10048, .F. ) ;
#422 = CARTESIAN_POINT ( 'NONE',  ( -0.3750001136650048528, 53.58999999999999631, 13.42482235592523665 ) ) ;
#423 = DIRECTION ( 'NONE',  ( -0.000000000000000000, 1.000000000000000000, -0.000000000000000000 ) ) ;
#424 = ORIENTED_EDGE ( 'NONE', *, *, #5571, .F. ) ;
#425 = CARTESIAN_POINT ( 'NONE',  ( 10.03521872409240423, 0.000000000000000000, 9.818616766943927487 ) ) ;
#426 = ADVANCED_FACE ( 'NONE', ( #5081 ), #9259, .T. ) ;
#427 = AXIS2_PLACEMENT_3D ( 'NONE', #8788, #9829, #1972 ) ;
#428 = ORIENTED_EDGE ( 'NONE', *, *, #7217, .T. ) ;
#429 = CARTESIAN_POINT ( 'NONE',  ( 0.000000000000000000, 1.000000000000000888, 0.000000000000000000 ) ) ;
#430 = EDGE_LOOP ( 'NONE', ( #1224, #9356, #4700, #8954 ) ) ;
#431 = ORIENTED_EDGE ( 'NONE', *, *, #6888, .T. ) ;
#432 = DIRECTION ( 'NONE',  ( 0.000000000000000000, 0.000000000000000000, -1.000000000000000000 ) ) ;
#433 = DIRECTION ( 'NONE',  ( -0.000000000000000000, 0.000000000000000000, 1.000000000000000000 ) ) ;
#434 = ORIENTED_EDGE ( 'NONE', *, *, #7994, .F. ) ;
#435 = DIRECTION ( 'NONE',  ( 0.000000000000000000, -1.000000000000000000, 0.000000000000000000 ) ) ;
#436 = LINE ( 'NONE', #3932, #4964 ) ;
#437 = PLANE ( 'NONE',  #2845 ) ;
#438 = EDGE_CURVE ( 'NONE', #7313, #1810, #6630, .T. ) ;
#439 = VECTOR ( 'NONE', #4664, 1000.000000000000000 ) ;
#440 = CARTESIAN_POINT ( 'NONE',  ( -0.3750001136649978029, 53.58999999999999631, 15.42482235592523843 ) ) ;
#441 = DIRECTION ( 'NONE',  ( -0.000000000000000000, 1.000000000000000000, -0.000000000000000000 ) ) ;
#442 = VECTOR ( 'NONE', #8932, 1000.000000000000000 ) ;
#443 = ORIENTED_EDGE ( 'NONE', *, *, #9755, .T. ) ;
#444 = ADVANCED_FACE ( 'NONE', ( #1353 ), #4853, .T. ) ;
#445 = ADVANCED_FACE ( 'NONE', ( #7813 ), #10519, .T. ) ;
#446 = CARTESIAN_POINT ( 'NONE',  ( -20.95100000000000406, 59.69999999999997442, 10.25000000000000178 ) ) ;
#447 = EDGE_CURVE ( 'NONE', #6308, #7702, #2612, .T. ) ;
#448 = ORIENTED_EDGE ( 'NONE', *, *, #9899, .F. ) ;
#449 = CARTESIAN_POINT ( 'NONE',  ( -14.08328108274093360, 0.000000000000000000, -3.106205588981312271 ) ) ;
#450 = LINE ( 'NONE', #5781, #9794 ) ;
#451 = VERTEX_POINT ( 'NONE', #5130 ) ;
#452 = FACE_OUTER_BOUND ( 'NONE', #4034, .T. ) ;
#453 = ORIENTED_EDGE ( 'NONE', *, *, #2386, .T. ) ;
#454 = VECTOR ( 'NONE', #6510, 1000.000000000000000 ) ;
#455 = EDGE_LOOP ( 'NONE', ( #2258, #6180, #800, #3061 ) ) ;
#456 = VERTEX_POINT ( 'NONE', #10402 ) ;
#457 = ADVANCED_FACE ( 'NONE', ( #7759 ), #11314, .T. ) ;
#458 = CARTESIAN_POINT ( 'NONE',  ( 2.923062017653524247, 53.58999999999999631, 14.92482235592524553 ) ) ;
#459 = DIRECTION ( 'NONE',  ( 0.000000000000000000, 0.000000000000000000, 1.000000000000000000 ) ) ;
#460 = VECTOR ( 'NONE', #8170, 1000.000000000000000 ) ;
#461 = VERTEX_POINT ( 'NONE', #2709 ) ;
#462 = EDGE_CURVE ( 'NONE', #4572, #1889, #8729, .T. ) ;
#463 = EDGE_CURVE ( 'NONE', #193, #7762, #1796, .T. ) ;
#464 = CARTESIAN_POINT ( 'NONE',  ( -7.487156820103891164, 53.58999999999999631, 10.31861676694393282 ) ) ;
#465 = DIRECTION ( 'NONE',  ( -0.8660254037844368202, 0.000000000000000000, 0.5000000000000032196 ) ) ;
#466 = CARTESIAN_POINT ( 'NONE',  ( -0.3750001136650048528, 0.000000000000000000, 13.42482235592523665 ) ) ;
#467 = DIRECTION ( 'NONE',  ( -3.663735981263016583E-15, 0.000000000000000000, -1.000000000000000000 ) ) ;
#468 = FACE_BOUND ( 'NONE', #7121, .T. ) ;
#469 = EDGE_CURVE ( 'NONE', #6259, #5626, #5193, .T. ) ;
#470 = ORIENTED_EDGE ( 'NONE', *, *, #10549, .F. ) ;
#471 = VECTOR ( 'NONE', #5140, 1000.000000000000114 ) ;
#472 = FACE_OUTER_BOUND ( 'NONE', #9190, .T. ) ;
#473 = ORIENTED_EDGE ( 'NONE', *, *, #3396, .T. ) ;
#474 = LINE ( 'NONE', #8254, #7491 ) ;
#475 = ORIENTED_EDGE ( 'NONE', *, *, #5993, .T. ) ;
#476 = CARTESIAN_POINT ( 'NONE',  ( 7.953174956540914664, 52.28232689208745398, -15.42482235592523843 ) ) ;
#477 = PLANE ( 'NONE',  #634 ) ;
#478 = CARTESIAN_POINT ( 'NONE',  ( -13.73328812275832966, 53.58999999999999631, -13.92482235592523310 ) ) ;
#479 = LINE ( 'NONE', #6550, #6798 ) ;
#480 = ORIENTED_EDGE ( 'NONE', *, *, #3103, .T. ) ;
#481 = LINE ( 'NONE', #4023, #3671 ) ;
#482 = EDGE_LOOP ( 'NONE', ( #5199, #424, #9944, #824 ) ) ;
#483 = FACE_OUTER_BOUND ( 'NONE', #2202, .T. ) ;
#484 = ORIENTED_EDGE ( 'NONE', *, *, #7231, .T. ) ;
#485 = CARTESIAN_POINT ( 'NONE',  ( 0.4910252901194803732, 5.500000000000000000, -1.635442748291683553E-15 ) ) ;
#486 = ORIENTED_EDGE ( 'NONE', *, *, #7845, .F. ) ;
#487 = ORIENTED_EDGE ( 'NONE', *, *, #5078, .F. ) ;
#488 = CARTESIAN_POINT ( 'NONE',  ( 5.005105785205000934, 0.000000000000000000, 10.31861676694393282 ) ) ;
#489 = CARTESIAN_POINT ( 'NONE',  ( 4.655112825222392559, 53.58999999999999631, -14.92482235592524198 ) ) ;
#490 = FACE_OUTER_BOUND ( 'NONE', #6974, .T. ) ;
#491 = DIRECTION ( 'NONE',  ( 0.8660254037844407060, 0.000000000000000000, 0.4999999999999966138 ) ) ;
#492 = EDGE_CURVE ( 'NONE', #9323, #969, #9707, .T. ) ;
#493 = CARTESIAN_POINT ( 'NONE',  ( -9.569200587655368295, 52.28232689208745398, -13.92482235592523310 ) ) ;
#494 = EDGE_CURVE ( 'NONE', #9300, #2482, #7864, .T. ) ;
#495 = DIRECTION ( 'NONE',  ( 0.000000000000000000, 1.000000000000000000, -0.000000000000000000 ) ) ;
#496 = ORIENTED_EDGE ( 'NONE', *, *, #7577, .T. ) ;
#497 = FACE_OUTER_BOUND ( 'NONE', #1001, .T. ) ;
#498 = ORIENTED_EDGE ( 'NONE', *, *, #8405, .T. ) ;
#499 = DIRECTION ( 'NONE',  ( -0.4999999999999966138, 0.000000000000000000, 0.8660254037844407060 ) ) ;
#500 = CARTESIAN_POINT ( 'NONE',  ( 0.000000000000000000, 5.000000000000000000, -3.500000000000000000 ) ) ;
#501 = EDGE_CURVE ( 'NONE', #649, #3362, #5360, .T. ) ;
#502 = AXIS2_PLACEMENT_3D ( 'NONE', #1739, #10399, #2496 ) ;
#503 = DIRECTION ( 'NONE',  ( -0.000000000000000000, 1.000000000000000000, -0.000000000000000000 ) ) ;
#504 = EDGE_LOOP ( 'NONE', ( #583, #3059, #957, #8453 ) ) ;
#505 = VERTEX_POINT ( 'NONE', #6105 ) ;
#506 = ORIENTED_EDGE ( 'NONE', *, *, #6552, .F. ) ;
#507 = CARTESIAN_POINT ( 'NONE',  ( -13.73328812275833499, 53.58999999999999631, 13.92482235592524198 ) ) ;
#508 = MECHANICAL_CONTEXT ( 'NONE', #843, 'mechanical' ) ;
#509 = VERTEX_POINT ( 'NONE', #4440 ) ;
#510 = LINE ( 'NONE', #10031, #5496 ) ;
#511 = CARTESIAN_POINT ( 'NONE',  ( 17.15000000000000213, 67.84000000000000341, -12.60000000000000142 ) ) ;
#512 = LINE ( 'NONE', #681, #10838 ) ;
#513 = LINE ( 'NONE', #2402, #9525 ) ;
#514 = EDGE_LOOP ( 'NONE', ( #2640, #9408, #8882, #8598 ) ) ;
#515 = EDGE_CURVE ( 'NONE', #3253, #8199, #7925, .T. ) ;
#516 = EDGE_CURVE ( 'NONE', #9854, #11319, #3577, .T. ) ;
#517 = EDGE_CURVE ( 'NONE', #117, #6311, #4207, .T. ) ;
#518 = ADVANCED_FACE ( 'NONE', ( #7070 ), #3523, .T. ) ;
#519 = EDGE_CURVE ( 'NONE', #7582, #1267, #3360, .T. ) ;
#520 = AXIS2_PLACEMENT_3D ( 'NONE', #7311, #6516, #10809 ) ;
#521 = DIRECTION ( 'NONE',  ( -0.000000000000000000, 1.000000000000000000, 0.000000000000000000 ) ) ;
#522 = ORIENTED_EDGE ( 'NONE', *, *, #4399, .F. ) ;
#523 = CARTESIAN_POINT ( 'NONE',  ( -12.00123731518945291, 5.500000000000000000, 0.4999999999999975020 ) ) ;
#524 = VERTEX_POINT ( 'NONE', #2500 ) ;
#525 = FACE_OUTER_BOUND ( 'NONE', #10104, .T. ) ;
#526 = PLANE ( 'NONE',  #5036 ) ;
#527 = DIRECTION ( 'NONE',  ( -0.000000000000000000, -1.000000000000000000, -0.000000000000000000 ) ) ;
#528 = DIRECTION ( 'NONE',  ( 0.000000000000000000, 0.000000000000000000, 1.000000000000000000 ) ) ;
#529 = VERTEX_POINT ( 'NONE', #5991 ) ;
#530 = DIRECTION ( 'NONE',  ( -0.000000000000000000, 1.000000000000000000, -0.000000000000000000 ) ) ;
#531 = VECTOR ( 'NONE', #6542, 1000.000000000000000 ) ;
#532 = EDGE_LOOP ( 'NONE', ( #205, #9511, #1783, #3117 ) ) ;
#533 = FACE_OUTER_BOUND ( 'NONE', #3798, .T. ) ;
#534 = ORIENTED_EDGE ( 'NONE', *, *, #573, .F. ) ;
#535 = LINE ( 'NONE', #7522, #4561 ) ;
#536 = CIRCLE ( 'NONE', #2365, 2.000000000000001776 ) ;
#537 = ORIENTED_EDGE ( 'NONE', *, *, #9680, .F. ) ;
#538 = ORIENTED_EDGE ( 'NONE', *, *, #11248, .F. ) ;
#539 = DIRECTION ( 'NONE',  ( -0.8660254037844369313, 0.000000000000000000, 0.5000000000000029976 ) ) ;
#540 = FACE_OUTER_BOUND ( 'NONE', #8461, .T. ) ;
#541 = ORIENTED_EDGE ( 'NONE', *, *, #632, .F. ) ;
#542 = LINE ( 'NONE', #5018, #10825 ) ;
#543 = CARTESIAN_POINT ( 'NONE',  ( 12.98328789542832595, 53.58999999999999631, 0.4999999999999983902 ) ) ;
#544 = DIRECTION ( 'NONE',  ( 0.8660254037844368202, 0.000000000000000000, -0.5000000000000032196 ) ) ;
#545 = VECTOR ( 'NONE', #7965, 1000.000000000000000 ) ;
#546 = LINE ( 'NONE', #2377, #5651 ) ;
#547 = ADVANCED_FACE ( 'NONE', ( #9490 ), #8680, .T. ) ;
#548 = DIRECTION ( 'NONE',  ( 0.8660254037844368202, 0.000000000000000000, -0.5000000000000032196 ) ) ;
#549 = ORIENTED_EDGE ( 'NONE', *, *, #3029, .T. ) ;
#550 = PLANE ( 'NONE',  #2799 ) ;
#551 = ORIENTED_EDGE ( 'NONE', *, *, #4560, .F. ) ;
#552 = LINE ( 'NONE', #6736, #9900 ) ;
#553 = VECTOR ( 'NONE', #10831, 1000.000000000000000 ) ;
#554 = LINE ( 'NONE', #9318, #9988 ) ;
#555 = FACE_BOUND ( 'NONE', #6583, .T. ) ;
#556 = ORIENTED_EDGE ( 'NONE', *, *, #11095, .F. ) ;
#557 = VECTOR ( 'NONE', #7321, 1000.000000000000000 ) ;
#558 = CIRCLE ( 'NONE', #3311, 1.550000000000000266 ) ;
#559 = ORIENTED_EDGE ( 'NONE', *, *, #865, .F. ) ;
#560 = EDGE_CURVE ( 'NONE', #9874, #3598, #2552, .T. ) ;
#561 = VERTEX_POINT ( 'NONE', #2074 ) ;
#562 = LINE ( 'NONE', #5092, #11330 ) ;
#563 = CARTESIAN_POINT ( 'NONE',  ( -17.90000022733000051, 67.84000000000000341, -9.300000000000002487 ) ) ;
#564 = CARTESIAN_POINT ( 'NONE',  ( 12.98328789542831707, 53.58999999999999631, -14.92482235592524198 ) ) ;
#565 = ORIENTED_EDGE ( 'NONE', *, *, #9688, .T. ) ;
#566 = CARTESIAN_POINT ( 'NONE',  ( 9.169193320307959638, 53.58999999999999631, -11.31861676694392571 ) ) ;
#567 = AXIS2_PLACEMENT_3D ( 'NONE', #5938, #2498, #3521 ) ;
#568 = LINE ( 'NONE', #10252, #8678 ) ;
#569 = VECTOR ( 'NONE', #5413, 1000.000000000000000 ) ;
#570 = AXIS2_PLACEMENT_3D ( 'NONE', #4526, #1148, #8010 ) ;
#571 = DIRECTION ( 'NONE',  ( -0.8660254037844368202, 0.000000000000000000, 0.5000000000000032196 ) ) ;
#572 = PLANE ( 'NONE',  #10473 ) ;
#573 = EDGE_CURVE ( 'NONE', #10222, #10785, #9117, .T. ) ;
#574 = ORIENTED_EDGE ( 'NONE', *, *, #8321, .T. ) ;
#575 = AXIS2_PLACEMENT_3D ( 'NONE', #4472, #4529, #3610 ) ;
#576 = AXIS2_PLACEMENT_3D ( 'NONE', #4352, #976, #10552 ) ;
#577 = VECTOR ( 'NONE', #5701, 1000.000000000000000 ) ;
#578 = DIRECTION ( 'NONE',  ( -0.8660254037844369313, -0.000000000000000000, 0.5000000000000029976 ) ) ;
#579 = ORIENTED_EDGE ( 'NONE', *, *, #9556, .F. ) ;
#580 = EDGE_CURVE ( 'NONE', #4548, #758, #9284, .T. ) ;
#581 = DIRECTION ( 'NONE',  ( 0.8660254037844368202, -0.000000000000000000, -0.5000000000000032196 ) ) ;
#582 = EDGE_CURVE ( 'NONE', #7178, #3994, #8251, .T. ) ;
#583 = ORIENTED_EDGE ( 'NONE', *, *, #4089, .T. ) ;
#584 = CARTESIAN_POINT ( 'NONE',  ( 7.087149552756477178, 53.58999999999999631, -14.92482235592523487 ) ) ;
#585 = DIRECTION ( 'NONE',  ( -0.000000000000000000, 1.000000000000000000, -0.000000000000000000 ) ) ;
#586 = EDGE_CURVE ( 'NONE', #7762, #7608, #7399, .T. ) ;
#587 = PLANE ( 'NONE',  #4416 ) ;
#588 = CARTESIAN_POINT ( 'NONE',  ( 12.98328789542832418, 53.58999999999999631, 6.712411177962614772 ) ) ;
#589 = EDGE_LOOP ( 'NONE', ( #4824, #10056, #1052, #4318, #7027, #2091 ) ) ;
#590 = VECTOR ( 'NONE', #5320, 1000.000000000000227 ) ;
#591 = VECTOR ( 'NONE', #5783, 1000.000000000000114 ) ;
#592 = DIRECTION ( 'NONE',  ( -0.8660254037844407060, 0.000000000000000000, -0.4999999999999966138 ) ) ;
#593 = AXIS2_PLACEMENT_3D ( 'NONE', #3062, #8323, #8269 ) ;
#594 = VERTEX_POINT ( 'NONE', #8310 ) ;
#595 = CARTESIAN_POINT ( 'NONE',  ( -12.86726271897389751, 51.99940408041244666, 13.42482235592524020 ) ) ;
#596 = ORIENTED_EDGE ( 'NONE', *, *, #9783, .T. ) ;
#597 = VECTOR ( 'NONE', #1605, 1000.000000000000227 ) ;
#598 = ORIENTED_EDGE ( 'NONE', *, *, #582, .F. ) ;
#599 = VERTEX_POINT ( 'NONE', #9063 ) ;
#600 = LINE ( 'NONE', #5868, #8297 ) ;
#601 = LINE ( 'NONE', #4096, #5767 ) ;
#602 = EDGE_CURVE ( 'NONE', #8120, #5846, #414, .T. ) ;
#603 = EDGE_LOOP ( 'NONE', ( #448, #135, #3134, #5785 ) ) ;
#604 = DIRECTION ( 'NONE',  ( 0.8660254037844368202, 0.000000000000000000, -0.5000000000000032196 ) ) ;
#605 = FACE_OUTER_BOUND ( 'NONE', #4698, .T. ) ;
#606 = CARTESIAN_POINT ( 'NONE',  ( 0.4910252901194379627, 52.28232689208745398, -12.59999999999994635 ) ) ;
#607 = LINE ( 'NONE', #4102, #6627 ) ;
#608 = EDGE_CURVE ( 'NONE', #4516, #6640, #7502, .T. ) ;
#609 = VECTOR ( 'NONE', #6396, 1000.000000000000000 ) ;
#610 = CARTESIAN_POINT ( 'NONE',  ( 13.33328085541092634, 53.58999999999999631, -4.106205588981305610 ) ) ;
#611 = LINE ( 'NONE', #3241, #8442 ) ;
#612 = ORIENTED_EDGE ( 'NONE', *, *, #6236, .F. ) ;
#613 = CARTESIAN_POINT ( 'NONE',  ( -13.73328812275833499, 53.58999999999999631, 6.712411177962623654 ) ) ;
#614 = AXIS2_PLACEMENT_3D ( 'NONE', #7115, #6316, #1960 ) ;
#615 = ORIENTED_EDGE ( 'NONE', *, *, #6831, .T. ) ;
#616 = CARTESIAN_POINT ( 'NONE',  ( -12.86726271897389040, 0.000000000000000000, -13.42482235592523665 ) ) ;
#617 = PLANE ( 'NONE',  #8125 ) ;
#618 = FACE_OUTER_BOUND ( 'NONE', #8694, .T. ) ;
#619 = ORIENTED_EDGE ( 'NONE', *, *, #8294, .F. ) ;
#620 = VECTOR ( 'NONE', #7789, 1000.000000000000114 ) ;
#621 = ORIENTED_EDGE ( 'NONE', *, *, #1688, .F. ) ;
#622 = EDGE_LOOP ( 'NONE', ( #3601, #7976, #906, #9968, #1562, #1926, #853, #6294, #2502, #9996 ) ) ;
#623 = DIRECTION ( 'NONE',  ( -0.000000000000000000, 1.000000000000000000, -0.000000000000000000 ) ) ;
#624 = CARTESIAN_POINT ( 'NONE',  ( -10.78521895142241505, 0.000000000000000000, 9.818616766943931040 ) ) ;
#625 = CARTESIAN_POINT ( 'NONE',  ( 10.90124412787683816, 5.500000000000000000, -11.31861676694393282 ) ) ;
#626 = ORIENTED_EDGE ( 'NONE', *, *, #4296, .T. ) ;
#627 = DIRECTION ( 'NONE',  ( 0.8660254037844369313, 0.000000000000000000, -0.5000000000000029976 ) ) ;
#628 = FACE_BOUND ( 'NONE', #9085, .T. ) ;
#629 = VECTOR ( 'NONE', #9198, 999.9999999999998863 ) ;
#630 = DIRECTION ( 'NONE',  ( 0.8660254037844404840, 0.000000000000000000, 0.4999999999999968359 ) ) ;
#631 = CARTESIAN_POINT ( 'NONE',  ( -1.241025517449442006, 53.58999999999999631, 13.92482235592524020 ) ) ;
#632 = EDGE_CURVE ( 'NONE', #9360, #1631, #4932, .T. ) ;
#633 = EDGE_LOOP ( 'NONE', ( #4508, #2786, #2245, #99 ) ) ;
#634 = AXIS2_PLACEMENT_3D ( 'NONE', #3968, #5518, #2250 ) ;
#635 = EDGE_CURVE ( 'NONE', #2725, #11004, #3050, .T. ) ;
#636 = DIRECTION ( 'NONE',  ( -0.000000000000000000, 1.000000000000000000, -0.000000000000000000 ) ) ;
#637 = ORIENTED_EDGE ( 'NONE', *, *, #3535, .F. ) ;
#638 = LINE ( 'NONE', #9516, #7853 ) ;
#639 = VERTEX_POINT ( 'NONE', #10038 ) ;
#640 = FACE_OUTER_BOUND ( 'NONE', #2079, .T. ) ;
#641 = CARTESIAN_POINT ( 'NONE',  ( -8.703175183870934362, 53.58999999999999631, -15.42482235592523843 ) ) ;
#642 = CARTESIAN_POINT ( 'NONE',  ( -11.65124435520685076, 53.58999999999999631, -10.31861676694392393 ) ) ;
#643 = DIRECTION ( 'NONE',  ( -0.8660254037844368202, 0.000000000000000000, 0.5000000000000032196 ) ) ;
#644 = ORIENTED_EDGE ( 'NONE', *, *, #10549, .T. ) ;
#645 = VECTOR ( 'NONE', #9257, 1000.000000000000000 ) ;
#646 = CARTESIAN_POINT ( 'NONE',  ( -0.3750001136649978029, 0.000000000000000000, 15.42482235592523843 ) ) ;
#647 = ADVANCED_FACE ( 'NONE', ( #2186 ), #5683, .F. ) ;
#648 = LINE ( 'NONE', #11250, #3342 ) ;
#649 = VERTEX_POINT ( 'NONE', #2992 ) ;
#650 = CARTESIAN_POINT ( 'NONE',  ( 8.819200360325368138, 53.58999999999999631, 14.92482235592523487 ) ) ;
#651 = EDGE_LOOP ( 'NONE', ( #3557, #1303, #8592, #7209 ) ) ;
#652 = EDGE_LOOP ( 'NONE', ( #8665, #6079, #9825, #5247, #3076, #121 ) ) ;
#653 = CARTESIAN_POINT ( 'NONE',  ( 3.789087421437957293, 53.58999999999999631, 13.42482235592524020 ) ) ;
#654 = PLANE ( 'NONE',  #8857 ) ;
#655 = VERTEX_POINT ( 'NONE', #6425 ) ;
#656 = CARTESIAN_POINT ( 'NONE',  ( -13.38973221509119682, 51.99940408041244666, 18.13060731947281567 ) ) ;
#657 = DIRECTION ( 'NONE',  ( -0.8660254037844404840, 0.000000000000000000, -0.4999999999999968359 ) ) ;
#658 = FACE_OUTER_BOUND ( 'NONE', #504, .T. ) ;
#659 = ORIENTED_EDGE ( 'NONE', *, *, #8292, .T. ) ;
#660 = DIRECTION ( 'NONE',  ( -0.8660254037844369313, 0.000000000000000000, 0.5000000000000029976 ) ) ;
#661 = ADVANCED_FACE ( 'NONE', ( #1207 ), #9175, .T. ) ;
#662 = ADVANCED_FACE ( 'NONE', ( #472 ), #1382, .T. ) ;
#663 = EDGE_CURVE ( 'NONE', #694, #4783, #7453, .T. ) ;
#664 = CARTESIAN_POINT ( 'NONE',  ( -13.73328812275833499, 0.000000000000000000, 13.92482235592524198 ) ) ;
#665 = DIRECTION ( 'NONE',  ( -0.8660254037844368202, 0.000000000000000000, 0.5000000000000032196 ) ) ;
#666 = ORIENTED_EDGE ( 'NONE', *, *, #11301, .T. ) ;
#667 = CARTESIAN_POINT ( 'NONE',  ( -3.673062244983531954, 53.58999999999999631, -14.92482235592524198 ) ) ;
#668 = EDGE_LOOP ( 'NONE', ( #8318, #7734, #7657, #10356 ) ) ;
#669 = DIRECTION ( 'NONE',  ( -0.8660254037844368202, 0.000000000000000000, 0.5000000000000032196 ) ) ;
#670 = DIRECTION ( 'NONE',  ( 0.8660254037844407060, 0.000000000000000000, 0.4999999999999966138 ) ) ;
#671 = FACE_OUTER_BOUND ( 'NONE', #2826, .T. ) ;
#672 = VERTEX_POINT ( 'NONE', #2244 ) ;
#673 = ORIENTED_EDGE ( 'NONE', *, *, #3465, .F. ) ;
#674 = ORIENTED_EDGE ( 'NONE', *, *, #3049, .T. ) ;
#675 = CARTESIAN_POINT ( 'NONE',  ( 6.737156592773873243, 53.58999999999999631, -11.31861676694393282 ) ) ;
#676 = LINE ( 'NONE', #6863, #8087 ) ;
#677 = COORDINATED_UNIVERSAL_TIME_OFFSET ( 8, 0, .AHEAD. ) ;
#678 = EDGE_LOOP ( 'NONE', ( #9072, #7094, #10322, #11150 ) ) ;
#679 = DIRECTION ( 'NONE',  ( -3.663735981263016583E-15, 0.000000000000000000, -1.000000000000000000 ) ) ;
#680 = CARTESIAN_POINT ( 'NONE',  ( -5.731872149187223542, 5.500000000000000000, -9.927893784881202777 ) ) ;
#681 = CARTESIAN_POINT ( 'NONE',  ( -0.3750001136649978029, 0.000000000000000000, 15.42482235592523843 ) ) ;
#682 = DIRECTION ( 'NONE',  ( -0.8660254037844407060, 0.000000000000000000, -0.4999999999999966138 ) ) ;
#683 = EDGE_LOOP ( 'NONE', ( #9093, #11308, #9643, #10307 ) ) ;
#684 = VECTOR ( 'NONE', #1532, 1000.000000000000114 ) ;
#685 = EDGE_CURVE ( 'NONE', #6366, #509, #5745, .T. ) ;
#686 = CARTESIAN_POINT ( 'NONE',  ( 16.00000000000000000, 67.84000000000000341, 0.000000000000000000 ) ) ;
#687 = EDGE_LOOP ( 'NONE', ( #1923, #10650, #8141, #9210, #4888, #1096 ) ) ;
#688 = LINE ( 'NONE', #6876, #6400 ) ;
#689 = ORIENTED_EDGE ( 'NONE', *, *, #9901, .F. ) ;
#690 = LINE ( 'NONE', #4182, #2811 ) ;
#691 = CARTESIAN_POINT ( 'NONE',  ( -16.58282983977096947, 51.99940408041244666, 12.59999999999999432 ) ) ;
#692 = LINE ( 'NONE', #5169, #4608 ) ;
#693 = CARTESIAN_POINT ( 'NONE',  ( -6.772894032962981647, 5.500000000000000000, -11.73099657937186535 ) ) ;
#694 = VERTEX_POINT ( 'NONE', #10155 ) ;
#695 = CARTESIAN_POINT ( 'NONE',  ( -9.919193547637936703, 5.500000000000000000, 3.303755118690278494E-14 ) ) ;
#696 = VECTOR ( 'NONE', #4040, 1000.000000000000000 ) ;
#697 = ORIENTED_EDGE ( 'NONE', *, *, #4436, .F. ) ;
#698 = EDGE_CURVE ( 'NONE', #2459, #8135, #4709, .T. ) ;
#699 = PLANE ( 'NONE',  #1325 ) ;
#700 = ORIENTED_EDGE ( 'NONE', *, *, #378, .F. ) ;
#701 = DIRECTION ( 'NONE',  ( -0.5000000000000029976, 0.000000000000000000, -0.8660254037844369313 ) ) ;
#702 = ORIENTED_EDGE ( 'NONE', *, *, #5485, .F. ) ;
#703 = ORIENTED_EDGE ( 'NONE', *, *, #7031, .T. ) ;
#704 = CARTESIAN_POINT ( 'NONE',  ( -3.824824861627026173, 5.500000000000000000, 6.624790990390670764 ) ) ;
#705 = LINE ( 'NONE', #2369, #5027 ) ;
#706 = ORIENTED_EDGE ( 'NONE', *, *, #2127, .F. ) ;
#707 = DIRECTION ( 'NONE',  ( -0.8660254037844368202, 0.000000000000000000, 0.5000000000000032196 ) ) ;
#708 = AXIS2_PLACEMENT_3D ( 'NONE', #4645, #2858, #1025 ) ;
#709 = DIRECTION ( 'NONE',  ( 0.8660254037844368202, 0.000000000000000000, -0.5000000000000032196 ) ) ;
#710 = DIRECTION ( 'NONE',  ( -0.5000000000000029976, 0.000000000000000000, -0.8660254037844369313 ) ) ;
#711 = VERTEX_POINT ( 'NONE', #3843 ) ;
#712 = LINE ( 'NONE', #9601, #1477 ) ;
#713 = VECTOR ( 'NONE', #7565, 1000.000000000000000 ) ;
#714 = DIRECTION ( 'NONE',  ( 1.000000000000000000, 0.000000000000000000, -3.663735981263016583E-15 ) ) ;
#715 = CARTESIAN_POINT ( 'NONE',  ( -7.837149780086493323, 5.500000000000000000, -14.92482235592524198 ) ) ;
#716 = VERTEX_POINT ( 'NONE', #7339 ) ;
#717 = DIRECTION ( 'NONE',  ( 3.330669073875469621E-15, 0.000000000000000000, 1.000000000000000000 ) ) ;
#718 = EDGE_CURVE ( 'NONE', #8712, #3256, #9310, .T. ) ;
#719 = VERTEX_POINT ( 'NONE', #2131 ) ;
#720 = CARTESIAN_POINT ( 'NONE',  ( -9.919193547637975783, 5.500000000000000000, 10.31861676694392571 ) ) ;
#721 = ADVANCED_FACE ( 'NONE', ( #4125 ), #8706, .T. ) ;
#722 = LINE ( 'NONE', #2449, #10900 ) ;
#723 = CARTESIAN_POINT ( 'NONE',  ( -5.405113052552409592, 0.000000000000000000, -14.92482235592523487 ) ) ;
#724 = AXIS2_PLACEMENT_3D ( 'NONE', #5260, #7036, #6121 ) ;
#725 = ADVANCED_FACE ( 'NONE', ( #6705 ), #2579, .T. ) ;
#726 = ORIENTED_EDGE ( 'NONE', *, *, #5962, .T. ) ;
#727 = FACE_OUTER_BOUND ( 'NONE', #678, .T. ) ;
#728 = ORIENTED_EDGE ( 'NONE', *, *, #608, .F. ) ;
#729 = VECTOR ( 'NONE', #2486, 1000.000000000000000 ) ;
#730 = CARTESIAN_POINT ( 'NONE',  ( 16.00000000000000000, 67.84000000000000341, -7.100000000000002309 ) ) ;
#731 = CARTESIAN_POINT ( 'NONE',  ( 7.087149552756485171, 51.99940408041244666, 13.92482235592524020 ) ) ;
#732 = FACE_OUTER_BOUND ( 'NONE', #5327, .T. ) ;
#733 = FACE_OUTER_BOUND ( 'NONE', #5408, .T. ) ;
#734 = EDGE_CURVE ( 'NONE', #1505, #7666, #11118, .T. ) ;
#735 = PLANE ( 'NONE',  #10649 ) ;
#736 = CARTESIAN_POINT ( 'NONE',  ( -11.65124435520685253, 53.58999999999999631, -11.31861676694392571 ) ) ;
#737 = ORIENTED_EDGE ( 'NONE', *, *, #904, .F. ) ;
#738 = VECTOR ( 'NONE', #7556, 1000.000000000000000 ) ;
#739 = VECTOR ( 'NONE', #4942, 1000.000000000000000 ) ;
#740 = CARTESIAN_POINT ( 'NONE',  ( -7.487156820103886723, 0.000000000000000000, -10.31861676694392393 ) ) ;
#741 = ORIENTED_EDGE ( 'NONE', *, *, #6441, .F. ) ;
#742 = CARTESIAN_POINT ( 'NONE',  ( -8.703175183870934362, 53.58999999999999631, 13.42482235592524020 ) ) ;
#743 = AXIS2_PLACEMENT_3D ( 'NONE', #10708, #6346, #8051 ) ;
#744 = VERTEX_POINT ( 'NONE', #1597 ) ;
#745 = CARTESIAN_POINT ( 'NONE',  ( 5.871131188989445526, 53.58999999999999631, 11.81861676694392926 ) ) ;
#746 = CARTESIAN_POINT ( 'NONE',  ( 7.087149552756481619, 53.58999999999999631, -13.92482235592523310 ) ) ;
#747 = DIRECTION ( 'NONE',  ( -0.8660254037844404840, -0.000000000000000000, -0.4999999999999968359 ) ) ;
#748 = PLANE ( 'NONE',  #10636 ) ;
#749 = EDGE_LOOP ( 'NONE', ( #1680, #8486, #9614, #6322 ) ) ;
#750 = CARTESIAN_POINT ( 'NONE',  ( 11.25123708785945098, 53.58999999999999631, 7.712411177962621878 ) ) ;
#751 = VECTOR ( 'NONE', #2644, 1000.000000000000000 ) ;
#752 = VECTOR ( 'NONE', #2128, 999.9999999999998863 ) ;
#753 = AXIS2_PLACEMENT_3D ( 'NONE', #3068, #8277, #3762 ) ;
#754 = EDGE_LOOP ( 'NONE', ( #8178, #9079, #6929, #10920 ) ) ;
#755 = CARTESIAN_POINT ( 'NONE',  ( 11.25123708785945098, 0.000000000000000000, 13.92482235592524020 ) ) ;
#756 = ORIENTED_EDGE ( 'NONE', *, *, #7246, .T. ) ;
#757 = DIRECTION ( 'NONE',  ( -0.000000000000000000, 1.000000000000000000, -0.000000000000000000 ) ) ;
#758 = VERTEX_POINT ( 'NONE', #8589 ) ;
#759 = ORIENTED_EDGE ( 'NONE', *, *, #2742, .F. ) ;
#760 = DIRECTION ( 'NONE',  ( -1.000000000000000000, 0.000000000000000000, 0.000000000000000000 ) ) ;
#761 = AXIS2_PLACEMENT_3D ( 'NONE', #4760, #4706, #4877 ) ;
#762 = CARTESIAN_POINT ( 'NONE',  ( -10.78521895142241505, 53.58999999999999631, 9.818616766943931040 ) ) ;
#763 = VECTOR ( 'NONE', #3545, 1000.000000000000114 ) ;
#764 = ORIENTED_EDGE ( 'NONE', *, *, #10109, .T. ) ;
#765 = CARTESIAN_POINT ( 'NONE',  ( 0.000000000000000000, 15.69999999999999929, 0.000000000000000000 ) ) ;
#766 = VECTOR ( 'NONE', #441, 1000.000000000000000 ) ;
#767 = CARTESIAN_POINT ( 'NONE',  ( -7.837149780086489770, 0.000000000000000000, -13.92482235592524020 ) ) ;
#768 = PLANE ( 'NONE',  #4892 ) ;
#769 = ORIENTED_EDGE ( 'NONE', *, *, #5558, .T. ) ;
#770 = FACE_OUTER_BOUND ( 'NONE', #7143, .T. ) ;
#771 = EDGE_CURVE ( 'NONE', #1126, #6577, #9578, .T. ) ;
#772 = CIRCLE ( 'NONE', #9939, 1.050000000000000488 ) ;
#773 = CIRCLE ( 'NONE', #4627, 1.549999999999999600 ) ;
#774 = CARTESIAN_POINT ( 'NONE',  ( 3.789087421437959069, 0.000000000000000000, -13.42482235592523665 ) ) ;
#775 = CARTESIAN_POINT ( 'NONE',  ( -12.00123731518945647, 53.58999999999999631, 13.92482235592523487 ) ) ;
#776 = VERTEX_POINT ( 'NONE', #8652 ) ;
#777 = ADVANCED_FACE ( 'NONE', ( #7785 ), #4239, .T. ) ;
#778 = DIRECTION ( 'NONE',  ( -3.330669073875469621E-15, 0.000000000000000000, -1.000000000000000000 ) ) ;
#779 = ORIENTED_EDGE ( 'NONE', *, *, #4838, .T. ) ;
#780 = LINE ( 'NONE', #4275, #12 ) ;
#781 = FACE_OUTER_BOUND ( 'NONE', #2887, .T. ) ;
#782 = AXIS2_PLACEMENT_3D ( 'NONE', #7553, #4766, #10673 ) ;
#783 = LINE ( 'NONE', #1008, #2421 ) ;
#784 = ORIENTED_EDGE ( 'NONE', *, *, #7081, .F. ) ;
#785 = ADVANCED_FACE ( 'NONE', ( #6873 ), #1655, .T. ) ;
#786 = LINE ( 'NONE', #2675, #4177 ) ;
#787 = VECTOR ( 'NONE', #8113, 1000.000000000000000 ) ;
#788 = ORIENTED_EDGE ( 'NONE', *, *, #3190, .T. ) ;
#789 = CARTESIAN_POINT ( 'NONE',  ( -0.3750001136650100153, 53.58999999999999631, -15.42482235592523843 ) ) ;
#790 = CARTESIAN_POINT ( 'NONE',  ( -12.00123731518945291, 53.58999999999999631, 14.92482235592523665 ) ) ;
#791 = COORDINATED_UNIVERSAL_TIME_OFFSET ( 8, 0, .AHEAD. ) ;
#792 = CARTESIAN_POINT ( 'NONE',  ( -13.73328812275833144, 0.000000000000000000, -6.712411177962615660 ) ) ;
#793 = DIRECTION ( 'NONE',  ( 3.330669073875469621E-15, 0.000000000000000000, 1.000000000000000000 ) ) ;
#794 = FACE_OUTER_BOUND ( 'NONE', #3602, .T. ) ;
#795 = CARTESIAN_POINT ( 'NONE',  ( -16.58282983977096947, 67.84000000000000341, 18.49999999999999645 ) ) ;
#796 = ORIENTED_EDGE ( 'NONE', *, *, #9901, .T. ) ;
#797 = CIRCLE ( 'NONE', #8657, 3.500000000000000000 ) ;
#798 = EDGE_CURVE ( 'NONE', #348, #5340, #4178, .T. ) ;
#799 = EDGE_CURVE ( 'NONE', #4730, #5827, #10373, .T. ) ;
#800 = ORIENTED_EDGE ( 'NONE', *, *, #951, .F. ) ;
#801 = EDGE_CURVE ( 'NONE', #4841, #9041, #3330, .T. ) ;
#802 = CARTESIAN_POINT ( 'NONE',  ( -5.755106012535013527, 53.58999999999999631, -11.31861676694393282 ) ) ;
#803 = VECTOR ( 'NONE', #2986, 1000.000000000000114 ) ;
#804 = ORIENTED_EDGE ( 'NONE', *, *, #10962, .F. ) ;
#805 = LINE ( 'NONE', #4241, #2198 ) ;
#806 = VERTEX_POINT ( 'NONE', #6928 ) ;
#807 = CARTESIAN_POINT ( 'NONE',  ( 20.95000000000000284, 59.69999999999997442, -11.30000000000000071 ) ) ;
#808 = EDGE_CURVE ( 'NONE', #6154, #11277, #4347, .T. ) ;
#809 = DIRECTION ( 'NONE',  ( 0.000000000000000000, 1.000000000000000000, -0.000000000000000000 ) ) ;
#810 = LINE ( 'NONE', #3338, #5336 ) ;
#811 = ORIENTED_EDGE ( 'NONE', *, *, #2178, .F. ) ;
#812 = DIRECTION ( 'NONE',  ( -0.8660254037844404840, -0.000000000000000000, -0.4999999999999968359 ) ) ;
#813 = VECTOR ( 'NONE', #7011, 1000.000000000000000 ) ;
#814 = ORIENTED_EDGE ( 'NONE', *, *, #7646, .F. ) ;
#815 = DIRECTION ( 'NONE',  ( 0.8660254037844407060, 0.000000000000000000, 0.4999999999999965583 ) ) ;
#816 = VERTEX_POINT ( 'NONE', #1546 ) ;
#817 = DIRECTION ( 'NONE',  ( 0.8660254037844368202, -0.000000000000000000, -0.5000000000000032196 ) ) ;
#818 = CARTESIAN_POINT ( 'NONE',  ( -13.73328812275833499, 0.000000000000000000, 13.92482235592524198 ) ) ;
#819 = ORIENTED_EDGE ( 'NONE', *, *, #4996, .F. ) ;
#820 = EDGE_LOOP ( 'NONE', ( #11099, #1032, #2997, #6739 ) ) ;
#821 = LINE ( 'NONE', #10044, #10319 ) ;
#822 = DIRECTION ( 'NONE',  ( 0.8660254037844407060, 0.000000000000000000, 0.4999999999999965583 ) ) ;
#823 = CIRCLE ( 'NONE', #7230, 8.800000000000002487 ) ;
#824 = ORIENTED_EDGE ( 'NONE', *, *, #5282, .F. ) ;
#825 = CARTESIAN_POINT ( 'NONE',  ( -9.919193547637970454, 0.000000000000000000, 11.31861676694392749 ) ) ;
#826 = CARTESIAN_POINT ( 'NONE',  ( -8.703175183870934362, 0.000000000000000000, 13.42482235592524020 ) ) ;
#827 = FACE_BOUND ( 'NONE', #1448, .T. ) ;
#828 = ORIENTED_EDGE ( 'NONE', *, *, #4580, .F. ) ;
#829 = PLANE ( 'NONE',  #6970 ) ;
#830 = DIRECTION ( 'NONE',  ( -0.5000000000000029976, 0.000000000000000000, -0.8660254037844369313 ) ) ;
#831 = DIRECTION ( 'NONE',  ( 0.000000000000000000, 0.000000000000000000, -1.000000000000000000 ) ) ;
#832 = ORIENTED_EDGE ( 'NONE', *, *, #3750, .T. ) ;
#833 = ADVANCED_FACE ( 'NONE', ( #10260, #3215 ), #7615, .T. ) ;
#834 = DIRECTION ( 'NONE',  ( 3.663735981263016583E-15, 0.000000000000000000, 1.000000000000000000 ) ) ;
#835 = VERTEX_POINT ( 'NONE', #2350 ) ;
#836 = LINE ( 'NONE', #5308, #1105 ) ;
#837 = CARTESIAN_POINT ( 'NONE',  ( -11.65124435520681168, 5.500000000000000000, 4.268708317065881131E-14 ) ) ;
#838 = CARTESIAN_POINT ( 'NONE',  ( 4.655112825222392559, 0.000000000000000000, -14.92482235592524198 ) ) ;
#839 = EDGE_LOOP ( 'NONE', ( #4479, #11098, #6215, #537 ) ) ;
#840 = EDGE_CURVE ( 'NONE', #9542, #5363, #10320, .T. ) ;
#841 = DIRECTION ( 'NONE',  ( -1.000000000000000000, 0.000000000000000000, 3.330669073875469621E-15 ) ) ;
#842 = ORIENTED_EDGE ( 'NONE', *, *, #3656, .F. ) ;
#843 = APPLICATION_CONTEXT ( 'configuration controlled 3d designs of mechanical parts and assemblies' ) ;
#844 = CARTESIAN_POINT ( 'NONE',  ( -12.00123731518945291, 5.500000000000000000, 14.92482235592523665 ) ) ;
#845 = EDGE_CURVE ( 'NONE', #10396, #10121, #6756, .T. ) ;
#846 = CARTESIAN_POINT ( 'NONE',  ( -12.00123731518945647, 5.500000000000000000, -7.712411177962622766 ) ) ;
#847 = APPROVAL_STATUS ( 'not_yet_approved' ) ;
#848 = PLANE ( 'NONE',  #3305 ) ;
#849 = DIRECTION ( 'NONE',  ( -0.5000000000000029976, 0.000000000000000000, -0.8660254037844369313 ) ) ;
#850 = CARTESIAN_POINT ( 'NONE',  ( 11.25123708785944388, 53.58999999999999631, -13.92482235592523310 ) ) ;
#851 = LINE ( 'NONE', #7044, #8632 ) ;
#852 = VERTEX_POINT ( 'NONE', #1489 ) ;
#853 = ORIENTED_EDGE ( 'NONE', *, *, #5780, .F. ) ;
#854 = CARTESIAN_POINT ( 'NONE',  ( 12.11726249164388847, 53.58999999999999631, 13.42482235592523665 ) ) ;
#855 = VERTEX_POINT ( 'NONE', #2520 ) ;
#856 = CARTESIAN_POINT ( 'NONE',  ( -7.837149780086493323, 0.000000000000000000, 13.92482235592523487 ) ) ;
#857 = FACE_OUTER_BOUND ( 'NONE', #4142, .T. ) ;
#858 = EDGE_CURVE ( 'NONE', #8496, #6308, #4994, .T. ) ;
#859 = EDGE_CURVE ( 'NONE', #4242, #7300, #5050, .T. ) ;
#860 = CARTESIAN_POINT ( 'NONE',  ( 14.19930625919536737, 53.58999999999999631, 2.606205588981309162 ) ) ;
#861 = LINE ( 'NONE', #2693, #2600 ) ;
#862 = EDGE_LOOP ( 'NONE', ( #339, #2130, #2456, #6247 ) ) ;
#863 = ADVANCED_FACE ( 'NONE', ( #1079 ), #970, .T. ) ;
#864 = EDGE_CURVE ( 'NONE', #561, #997, #11324, .T. ) ;
#865 = EDGE_CURVE ( 'NONE', #138, #5919, #8815, .T. ) ;
#866 = VERTEX_POINT ( 'NONE', #4522 ) ;
#867 = CARTESIAN_POINT ( 'NONE',  ( 16.00000000000000000, 67.84000000000000341, -18.50000000000000355 ) ) ;
#868 = VECTOR ( 'NONE', #3572, 1000.000000000000000 ) ;
#869 = ORIENTED_EDGE ( 'NONE', *, *, #8222, .T. ) ;
#870 = DIRECTION ( 'NONE',  ( 0.8660254037844369313, 0.000000000000000000, -0.5000000000000029976 ) ) ;
#871 = PLANE ( 'NONE',  #6943 ) ;
#872 = ORIENTED_EDGE ( 'NONE', *, *, #3952, .F. ) ;
#873 = ORIENTED_EDGE ( 'NONE', *, *, #376, .F. ) ;
#874 = DIRECTION ( 'NONE',  ( -0.000000000000000000, 1.000000000000000000, -0.000000000000000000 ) ) ;
#875 = LINE ( 'NONE', #8023, #275 ) ;
#876 = ORIENTED_EDGE ( 'NONE', *, *, #259, .T. ) ;
#877 = CARTESIAN_POINT ( 'NONE',  ( 0.000000000000000000, 15.50000000000000000, 0.000000000000000000 ) ) ;
#878 = DIRECTION ( 'NONE',  ( 1.000000000000000000, -0.000000000000000000, 0.000000000000000000 ) ) ;
#879 = ORIENTED_EDGE ( 'NONE', *, *, #2744, .T. ) ;
#880 = EDGE_CURVE ( 'NONE', #10277, #7669, #2688, .T. ) ;
#881 = DIRECTION ( 'NONE',  ( -0.5000000000000029976, 0.000000000000000000, -0.8660254037844369313 ) ) ;
#882 = CARTESIAN_POINT ( 'NONE',  ( -1.241025517449438009, 0.000000000000000000, 14.92482235592524198 ) ) ;
#883 = DIRECTION ( 'NONE',  ( -0.000000000000000000, 1.000000000000000000, -0.000000000000000000 ) ) ;
#884 = EDGE_LOOP ( 'NONE', ( #3434, #3811, #741, #4490 ) ) ;
#885 = VERTEX_POINT ( 'NONE', #3550 ) ;
#886 = DIRECTION ( 'NONE',  ( 3.330669073875469621E-15, 0.000000000000000000, 1.000000000000000000 ) ) ;
#887 = VERTEX_POINT ( 'NONE', #1945 ) ;
#888 = DIRECTION ( 'NONE',  ( 3.330669073875469621E-15, 0.000000000000000000, 1.000000000000000000 ) ) ;
#889 = PLANE ( 'NONE',  #3944 ) ;
#890 = CARTESIAN_POINT ( 'NONE',  ( -5.906868629178535279, 5.500000000000000000, -10.23099657937186713 ) ) ;
#891 = ORIENTED_EDGE ( 'NONE', *, *, #3952, .T. ) ;
#892 = AXIS2_PLACEMENT_3D ( 'NONE', #9402, #7836, #9514 ) ;
#893 = CARTESIAN_POINT ( 'NONE',  ( -20.95000000000000639, 67.84000000000000341, 0.000000000000000000 ) ) ;
#894 = ORIENTED_EDGE ( 'NONE', *, *, #1262, .F. ) ;
#895 = CARTESIAN_POINT ( 'NONE',  ( 17.11499958361571316, 52.28232689208745398, -12.53937750053634836 ) ) ;
#896 = DIRECTION ( 'NONE',  ( -0.000000000000000000, 1.000000000000000000, -0.000000000000000000 ) ) ;
#897 = ADVANCED_FACE ( 'NONE', ( #2638 ), #4582, .F. ) ;
#898 = CARTESIAN_POINT ( 'NONE',  ( 2.923062017653524247, 53.58999999999999631, 14.92482235592524376 ) ) ;
#899 = AXIS2_PLACEMENT_3D ( 'NONE', #6060, #5895, #5953 ) ;
#900 = DIRECTION ( 'NONE',  ( -3.663735981263016583E-15, 0.000000000000000000, -1.000000000000000000 ) ) ;
#901 = PLANE ( 'NONE',  #6808 ) ;
#902 = DIRECTION ( 'NONE',  ( -0.000000000000000000, 1.000000000000000000, -0.000000000000000000 ) ) ;
#903 = VERTEX_POINT ( 'NONE', #10492 ) ;
#904 = EDGE_CURVE ( 'NONE', #10243, #9971, #1888, .T. ) ;
#905 = VECTOR ( 'NONE', #6930, 1000.000000000000000 ) ;
#906 = ORIENTED_EDGE ( 'NONE', *, *, #75, .T. ) ;
#907 = DIRECTION ( 'NONE',  ( 1.000000000000000000, -0.000000000000000000, 0.000000000000000000 ) ) ;
#908 = EDGE_LOOP ( 'NONE', ( #9148, #6945, #5048, #9788 ) ) ;
#909 = DIRECTION ( 'NONE',  ( 0.4999999999999968359, 0.000000000000000000, -0.8660254037844404840 ) ) ;
#910 = EDGE_CURVE ( 'NONE', #5340, #6014, #10717, .T. ) ;
#911 = DIRECTION ( 'NONE',  ( 3.663735981263016583E-15, 0.000000000000000000, 1.000000000000000000 ) ) ;
#912 = VECTOR ( 'NONE', #6013, 1000.000000000000000 ) ;
#913 = CARTESIAN_POINT ( 'NONE',  ( -7.837149780086486217, 52.28232689208745398, -12.59999999999991793 ) ) ;
#914 = CARTESIAN_POINT ( 'NONE',  ( -2.608806497859986084, 5.500000000000000000, -4.518585401409286106 ) ) ;
#915 = ORIENTED_EDGE ( 'NONE', *, *, #1990, .T. ) ;
#916 = VECTOR ( 'NONE', #6553, 999.9999999999998863 ) ;
#917 = EDGE_CURVE ( 'NONE', #2367, #6530, #8928, .T. ) ;
#918 = VECTOR ( 'NONE', #10631, 1000.000000000000000 ) ;
#919 = ORIENTED_EDGE ( 'NONE', *, *, #4872, .F. ) ;
#920 = EDGE_CURVE ( 'NONE', #8885, #4935, #7897, .T. ) ;
#921 = CARTESIAN_POINT ( 'NONE',  ( 12.11726249164388491, 0.000000000000000000, -13.42482235592523665 ) ) ;
#922 = EDGE_CURVE ( 'NONE', #6308, #3118, #7953, .T. ) ;
#923 = VERTEX_POINT ( 'NONE', #6133 ) ;
#924 = CARTESIAN_POINT ( 'NONE',  ( -18.26838979568740129, 53.58999999999999631, 9.605637215151624275 ) ) ;
#925 = CARTESIAN_POINT ( 'NONE',  ( -18.95000000000000995, 53.58999999999999631, -16.50000000000000000 ) ) ;
#926 = VERTEX_POINT ( 'NONE', #8004 ) ;
#927 = ORIENTED_EDGE ( 'NONE', *, *, #8218, .T. ) ;
#928 = PLANE ( 'NONE',  #1352 ) ;
#929 = CARTESIAN_POINT ( 'NONE',  ( -14.94930648652537108, 0.000000000000000000, -2.606205588981309162 ) ) ;
#930 = ORIENTED_EDGE ( 'NONE', *, *, #6616, .T. ) ;
#931 = CARTESIAN_POINT ( 'NONE',  ( -13.73328812275833499, 0.000000000000000000, 6.712411177962623654 ) ) ;
#932 = DIRECTION ( 'NONE',  ( -0.000000000000000000, 1.000000000000000000, -0.000000000000000000 ) ) ;
#933 = EDGE_LOOP ( 'NONE', ( #3229, #6874, #2262, #4603 ) ) ;
#934 = AXIS2_PLACEMENT_3D ( 'NONE', #10975, #10123, #8333 ) ;
#935 = LINE ( 'NONE', #9704, #2029 ) ;
#936 = AXIS2_PLACEMENT_3D ( 'NONE', #10921, #5650, #324 ) ;
#937 = EDGE_CURVE ( 'NONE', #969, #8473, #5389, .T. ) ;
#938 = CARTESIAN_POINT ( 'NONE',  ( -12.86726271897389751, 0.000000000000000000, -15.42482235592523843 ) ) ;
#939 = DIRECTION ( 'NONE',  ( 0.8660254037844368202, -0.000000000000000000, -0.5000000000000032196 ) ) ;
#940 = VECTOR ( 'NONE', #423, 1000.000000000000000 ) ;
#941 = ADVANCED_FACE ( 'NONE', ( #174 ), #8062, .F. ) ;
#942 = CIRCLE ( 'NONE', #4975, 1.550000000000000266 ) ;
#943 = EDGE_LOOP ( 'NONE', ( #8341, #1766, #255, #5964 ) ) ;
#944 = CIRCLE ( 'NONE', #4238, 1.050000000000000488 ) ;
#945 = VERTEX_POINT ( 'NONE', #1771 ) ;
#946 = CARTESIAN_POINT ( 'NONE',  ( -12.00123731518945291, 53.58999999999999631, 14.92482235592523665 ) ) ;
#947 = PLANE ( 'NONE',  #1913 ) ;
#948 = ORIENTED_EDGE ( 'NONE', *, *, #6052, .T. ) ;
#949 = LINE ( 'NONE', #9781, #4779 ) ;
#950 = DIRECTION ( 'NONE',  ( 3.330669073875469621E-15, 0.000000000000000000, 1.000000000000000000 ) ) ;
#951 = EDGE_CURVE ( 'NONE', #8186, #9178, #3725, .T. ) ;
#952 = FACE_OUTER_BOUND ( 'NONE', #1997, .T. ) ;
#953 = VECTOR ( 'NONE', #11171, 1000.000000000000000 ) ;
#954 = VECTOR ( 'NONE', #10670, 1000.000000000000114 ) ;
#955 = FACE_BOUND ( 'NONE', #2533, .T. ) ;
#956 = PERSON ( '未', '未', '未', ('未'), ('未'), ('未') ) ;
#957 = ORIENTED_EDGE ( 'NONE', *, *, #8615, .F. ) ;
#958 = LINE ( 'NONE', #5435, #9145 ) ;
#959 = CARTESIAN_POINT ( 'NONE',  ( 12.98328789542832773, 5.500000000000000000, 13.92482235592523310 ) ) ;
#960 = VECTOR ( 'NONE', #10389, 1000.000000000000227 ) ;
#961 = CARTESIAN_POINT ( 'NONE',  ( -12.86726271897389751, 5.500000000000000000, 13.42482235592524020 ) ) ;
#962 = CARTESIAN_POINT ( 'NONE',  ( -14.08328108274092294, 5.500000000000000000, 4.690674876098062731E-14 ) ) ;
#963 = ADVANCED_FACE ( 'NONE', ( #2801 ), #2737, .T. ) ;
#964 = VERTEX_POINT ( 'NONE', #65 ) ;
#965 = DIRECTION ( 'NONE',  ( -0.8660254037844369313, 0.000000000000000000, 0.5000000000000029976 ) ) ;
#966 = LINE ( 'NONE', #10590, #6415 ) ;
#967 = ORIENTED_EDGE ( 'NONE', *, *, #9489, .F. ) ;
#968 = AXIS2_PLACEMENT_3D ( 'NONE', #10134, #8285, #2278 ) ;
#969 = VERTEX_POINT ( 'NONE', #7048 ) ;
#970 = PLANE ( 'NONE',  #8385 ) ;
#971 = ORIENTED_EDGE ( 'NONE', *, *, #438, .T. ) ;
#972 = LINE ( 'NONE', #3781, #1644 ) ;
#973 = EDGE_CURVE ( 'NONE', #5104, #7427, #6297, .T. ) ;
#974 = PLANE ( 'NONE',  #3372 ) ;
#975 = AXIS2_PLACEMENT_3D ( 'NONE', #9123, #8256, #1268 ) ;
#976 = DIRECTION ( 'NONE',  ( 0.000000000000000000, -1.000000000000000000, 0.000000000000000000 ) ) ;
#977 = LINE ( 'NONE', #6139, #5524 ) ;
#978 = EDGE_LOOP ( 'NONE', ( #6656, #10523, #1755, #9287 ) ) ;
#979 = ADVANCED_FACE ( 'NONE', ( #5498 ), #9676, .T. ) ;
#980 = VECTOR ( 'NONE', #3782, 1000.000000000000000 ) ;
#981 = ORIENTED_EDGE ( 'NONE', *, *, #1778, .T. ) ;
#982 = DIRECTION ( 'NONE',  ( 3.330669073875469621E-15, 0.000000000000000000, 1.000000000000000000 ) ) ;
#983 = ORIENTED_EDGE ( 'NONE', *, *, #9688, .F. ) ;
#984 = DIRECTION ( 'NONE',  ( -0.000000000000000000, -0.000000000000000000, 1.000000000000000000 ) ) ;
#985 = DIRECTION ( 'NONE',  ( 0.000000000000000000, 0.000000000000000000, -1.000000000000000000 ) ) ;
#986 = ORIENTED_EDGE ( 'NONE', *, *, #6264, .F. ) ;
#987 = EDGE_CURVE ( 'NONE', #4579, #5461, #6582, .T. ) ;
#988 = ORIENTED_EDGE ( 'NONE', *, *, #5135, .F. ) ;
#989 = DIRECTION ( 'NONE',  ( -0.8660254037844369313, -0.000000000000000000, 0.5000000000000029976 ) ) ;
#990 = DIRECTION ( 'NONE',  ( -1.000000000000000000, 0.000000000000000000, 3.330669073875469621E-15 ) ) ;
#991 = ORIENTED_EDGE ( 'NONE', *, *, #1326, .F. ) ;
#992 = CARTESIAN_POINT ( 'NONE',  ( -2.783802977851279170, 5.500000000000000000, 4.821688195899997531 ) ) ;
#993 = CARTESIAN_POINT ( 'NONE',  ( 13.33328085541092989, 0.000000000000000000, -3.106205588981305610 ) ) ;
#994 = EDGE_LOOP ( 'NONE', ( #2325, #4204, #4311, #6824 ) ) ;
#995 = VECTOR ( 'NONE', #6673, 1000.000000000000114 ) ;
#996 = FACE_BOUND ( 'NONE', #9394, .T. ) ;
#997 = VERTEX_POINT ( 'NONE', #1250 ) ;
#998 = DIRECTION ( 'NONE',  ( 3.663735981263016583E-15, 0.000000000000000000, 1.000000000000000000 ) ) ;
#999 = AXIS2_PLACEMENT_3D ( 'NONE', #3248, #2281, #3028 ) ;
#1000 = ORIENTED_EDGE ( 'NONE', *, *, #9203, .F. ) ;
#1001 = EDGE_LOOP ( 'NONE', ( #7005, #2431, #11057, #290, #4583, #2819 ) ) ;
#1002 = LINE ( 'NONE', #8035, #4634 ) ;
#1003 = CARTESIAN_POINT ( 'NONE',  ( -5.405113052552405151, 53.58999999999999631, -13.92482235592523310 ) ) ;
#1004 = EDGE_LOOP ( 'NONE', ( #3104, #391, #5519, #2717 ) ) ;
#1005 = DIRECTION ( 'NONE',  ( -0.000000000000000000, 1.000000000000000000, -0.000000000000000000 ) ) ;
#1006 = CARTESIAN_POINT ( 'NONE',  ( -5.405113052552407815, 5.500000000000000000, 13.92482235592524198 ) ) ;
#1007 = ADVANCED_FACE ( 'NONE', ( #2289 ), #9916, .T. ) ;
#1008 = CARTESIAN_POINT ( 'NONE',  ( 11.25123708785944388, 53.58999999999999631, -13.92482235592523310 ) ) ;
#1009 = EDGE_CURVE ( 'NONE', #10388, #4175, #1198, .T. ) ;
#1010 = AXIS2_PLACEMENT_3D ( 'NONE', #390, #3886, #7379 ) ;
#1011 = EDGE_CURVE ( 'NONE', #6251, #716, #9105, .T. ) ;
#1012 = PLANE ( 'NONE',  #2899 ) ;
#1013 = LINE ( 'NONE', #3767, #4610 ) ;
#1014 = ORIENTED_EDGE ( 'NONE', *, *, #6461, .T. ) ;
#1015 = CARTESIAN_POINT ( 'NONE',  ( -9.919193547637975783, 0.000000000000000000, 10.31861676694392571 ) ) ;
#1016 = DIRECTION ( 'NONE',  ( 0.8660254037844369313, 0.000000000000000000, -0.5000000000000029976 ) ) ;
#1017 = ORIENTED_EDGE ( 'NONE', *, *, #10514, .T. ) ;
#1018 = DIRECTION ( 'NONE',  ( -0.000000000000000000, 1.000000000000000000, -0.000000000000000000 ) ) ;
#1019 = CARTESIAN_POINT ( 'NONE',  ( -13.73328812275833499, 52.28232689208745398, -14.92482235592523487 ) ) ;
#1020 = VERTEX_POINT ( 'NONE', #458 ) ;
#1021 = DIRECTION ( 'NONE',  ( -0.000000000000000000, 1.000000000000000000, -0.000000000000000000 ) ) ;
#1022 = LINE ( 'NONE', #10653, #9928 ) ;
#1023 = ORIENTED_EDGE ( 'NONE', *, *, #3110, .T. ) ;
#1024 = ORIENTED_EDGE ( 'NONE', *, *, #2197, .F. ) ;
#1025 = DIRECTION ( 'NONE',  ( 0.000000000000000000, 0.000000000000000000, -1.000000000000000000 ) ) ;
#1026 = ORIENTED_EDGE ( 'NONE', *, *, #7796, .T. ) ;
#1027 = DIRECTION ( 'NONE',  ( 0.000000000000000000, 0.000000000000000000, -1.000000000000000000 ) ) ;
#1028 = CARTESIAN_POINT ( 'NONE',  ( -9.919193547637975783, 53.58999999999999631, -11.31861676694393282 ) ) ;
#1029 = CARTESIAN_POINT ( 'NONE',  ( 18.95000000000000284, 67.84000000000000341, 16.49999999999999289 ) ) ;
#1030 = DIRECTION ( 'NONE',  ( 0.8660254037844368202, -0.000000000000000000, -0.5000000000000032196 ) ) ;
#1031 = CARTESIAN_POINT ( 'NONE',  ( -3.673062244983528846, 53.58999999999999631, -13.92482235592524020 ) ) ;
#1032 = ORIENTED_EDGE ( 'NONE', *, *, #4856, .F. ) ;
#1033 = EDGE_CURVE ( 'NONE', #10163, #4980, #2981, .T. ) ;
#1034 = ORIENTED_EDGE ( 'NONE', *, *, #6477, .T. ) ;
#1035 = LINE ( 'NONE', #9811, #954 ) ;
#1036 = ORIENTED_EDGE ( 'NONE', *, *, #2321, .T. ) ;
#1037 = CARTESIAN_POINT ( 'NONE',  ( 7.953174956540921769, 0.000000000000000000, -13.42482235592523665 ) ) ;
#1038 = DIRECTION ( 'NONE',  ( -0.000000000000000000, 0.000000000000000000, -1.000000000000000000 ) ) ;
#1039 = EDGE_LOOP ( 'NONE', ( #4635, #3614, #8785, #11135, #398, #10731 ) ) ;
#1040 = ORIENTED_EDGE ( 'NONE', *, *, #4724, .T. ) ;
#1041 = CARTESIAN_POINT ( 'NONE',  ( 16.00000000000000355, 53.58999999999999631, 7.099999999999995204 ) ) ;
#1042 = DIRECTION ( 'NONE',  ( 0.8660254037844368202, 0.000000000000000000, -0.5000000000000032196 ) ) ;
#1043 = EDGE_CURVE ( 'NONE', #8925, #7055, #10993, .T. ) ;
#1044 = EDGE_LOOP ( 'NONE', ( #8431, #7932, #5850, #7238 ) ) ;
#1045 = DIRECTION ( 'NONE',  ( -0.8660254037844369313, -0.000000000000000000, 0.5000000000000029976 ) ) ;
#1046 = LINE ( 'NONE', #7860, #8262 ) ;
#1047 = ORIENTED_EDGE ( 'NONE', *, *, #6040, .F. ) ;
#1048 = FACE_BOUND ( 'NONE', #8276, .T. ) ;
#1049 = EDGE_CURVE ( 'NONE', #6259, #3393, #9050, .T. ) ;
#1050 = DIRECTION ( 'NONE',  ( -0.000000000000000000, 1.000000000000000000, -0.000000000000000000 ) ) ;
#1051 = VERTEX_POINT ( 'NONE', #2173 ) ;
#1052 = ORIENTED_EDGE ( 'NONE', *, *, #937, .T. ) ;
#1053 = CARTESIAN_POINT ( 'NONE',  ( 20.95000000000000284, 59.69999999999997442, -9.199999999999999289 ) ) ;
#1054 = LINE ( 'NONE', #1802, #9972 ) ;
#1055 = VERTEX_POINT ( 'NONE', #6478 ) ;
#1056 = LINE ( 'NONE', #2718, #918 ) ;
#1057 = DIRECTION ( 'NONE',  ( -3.330669073875469621E-15, 0.000000000000000000, -1.000000000000000000 ) ) ;
#1058 = EDGE_CURVE ( 'NONE', #5189, #9293, #9224, .T. ) ;
#1059 = PLANE ( 'NONE',  #2789 ) ;
#1060 = LINE ( 'NONE', #4562, #6007 ) ;
#1061 = CARTESIAN_POINT ( 'NONE',  ( 2.923062017653520250, 53.58999999999999631, 13.92482235592524198 ) ) ;
#1062 = EDGE_LOOP ( 'NONE', ( #4714, #9831, #4295, #3001 ) ) ;
#1063 = ADVANCED_FACE ( 'NONE', ( #1311, #2230 ), #8300, .T. ) ;
#1064 = EDGE_CURVE ( 'NONE', #3721, #4913, #7439, .T. ) ;
#1065 = CARTESIAN_POINT ( 'NONE',  ( -3.673062244983531954, 0.000000000000000000, -14.92482235592524198 ) ) ;
#1066 = CARTESIAN_POINT ( 'NONE',  ( -3.673062244983527069, 0.000000000000000000, 14.92482235592523665 ) ) ;
#1067 = EDGE_CURVE ( 'NONE', #62, #10511, #5788, .T. ) ;
#1068 = ORIENTED_EDGE ( 'NONE', *, *, #3803, .F. ) ;
#1069 = CARTESIAN_POINT ( 'NONE',  ( -14.94930648652537108, 0.000000000000000000, 4.606205588981310051 ) ) ;
#1070 = CARTESIAN_POINT ( 'NONE',  ( -16.58282983977096947, 51.99940408041244666, 18.49999999999999645 ) ) ;
#1071 = EDGE_CURVE ( 'NONE', #5560, #5703, #4869, .T. ) ;
#1072 = ORIENTED_EDGE ( 'NONE', *, *, #9090, .F. ) ;
#1073 = CARTESIAN_POINT ( 'NONE',  ( 12.11726249164388491, 5.500000000000000000, -13.42482235592523665 ) ) ;
#1074 = AXIS2_PLACEMENT_3D ( 'NONE', #2000, #8874, #6237 ) ;
#1075 = CARTESIAN_POINT ( 'NONE',  ( 9.169193320307963191, 5.500000000000000000, -10.31861676694392393 ) ) ;
#1076 = ORIENTED_EDGE ( 'NONE', *, *, #9960, .T. ) ;
#1077 = VERTEX_POINT ( 'NONE', #10939 ) ;
#1078 = VECTOR ( 'NONE', #7326, 1000.000000000000000 ) ;
#1079 = FACE_OUTER_BOUND ( 'NONE', #4315, .T. ) ;
#1080 = ORIENTED_EDGE ( 'NONE', *, *, #4294, .T. ) ;
#1081 = EDGE_CURVE ( 'NONE', #6408, #3746, #5669, .T. ) ;
#1082 = FACE_OUTER_BOUND ( 'NONE', #1746, .T. ) ;
#1083 = CARTESIAN_POINT ( 'NONE',  ( -7.487156820103891164, 5.500000000000000000, -11.31861676694392571 ) ) ;
#1084 = LINE ( 'NONE', #2806, #7518 ) ;
#1085 = LINE ( 'NONE', #2921, #2041 ) ;
#1086 = DIRECTION ( 'NONE',  ( -0.8660254037844368202, 0.000000000000000000, 0.5000000000000032196 ) ) ;
#1087 = EDGE_CURVE ( 'NONE', #4761, #62, #10770, .T. ) ;
#1088 = ORIENTED_EDGE ( 'NONE', *, *, #9804, .F. ) ;
#1089 = VECTOR ( 'NONE', #9008, 1000.000000000000227 ) ;
#1090 = CARTESIAN_POINT ( 'NONE',  ( -6.772894032962976318, 5.500000000000000000, -11.73099657937185647 ) ) ;
#1091 = ORIENTED_EDGE ( 'NONE', *, *, #6902, .T. ) ;
#1092 = DIRECTION ( 'NONE',  ( 0.000000000000000000, 0.000000000000000000, 1.000000000000000000 ) ) ;
#1093 = CARTESIAN_POINT ( 'NONE',  ( 0.4910252901194355202, 53.58999999999999631, 13.92482235592523310 ) ) ;
#1094 = AXIS2_PLACEMENT_3D ( 'NONE', #6700, #4701, #8179 ) ;
#1095 = ORIENTED_EDGE ( 'NONE', *, *, #6879, .T. ) ;
#1096 = ORIENTED_EDGE ( 'NONE', *, *, #6820, .T. ) ;
#1097 = DIRECTION ( 'NONE',  ( 0.000000000000000000, 0.000000000000000000, 1.000000000000000000 ) ) ;
#1098 = DIRECTION ( 'NONE',  ( 3.663735981263016583E-15, 0.000000000000000000, 1.000000000000000000 ) ) ;
#1099 = ORIENTED_EDGE ( 'NONE', *, *, #7308, .T. ) ;
#1100 = LINE ( 'NONE', #194, #1143 ) ;
#1101 = CARTESIAN_POINT ( 'NONE',  ( 20.95000000000000284, 5.499999999999998224, -16.50000000000000000 ) ) ;
#1102 = EDGE_LOOP ( 'NONE', ( #7693, #3491, #4021, #1099, #3504, #207 ) ) ;
#1103 = DIRECTION ( 'NONE',  ( 0.8660254037844404840, 0.000000000000000000, 0.4999999999999968359 ) ) ;
#1104 = AXIS2_PLACEMENT_3D ( 'NONE', #6469, #4958, #10880 ) ;
#1105 = VECTOR ( 'NONE', #8686, 1000.000000000000000 ) ;
#1106 = ORIENTED_EDGE ( 'NONE', *, *, #1848, .F. ) ;
#1107 = CARTESIAN_POINT ( 'NONE',  ( -1.241025517449447113, 5.500000000000000000, -14.92482235592523487 ) ) ;
#1108 = ORIENTED_EDGE ( 'NONE', *, *, #2200, .F. ) ;
#1109 = VECTOR ( 'NONE', #8487, 999.9999999999998863 ) ;
#1110 = ORIENTED_EDGE ( 'NONE', *, *, #5362, .T. ) ;
#1111 = PLANE ( 'NONE',  #5746 ) ;
#1112 = DIRECTION ( 'NONE',  ( -0.8660254037844404840, -0.000000000000000000, -0.4999999999999968359 ) ) ;
#1113 = EDGE_LOOP ( 'NONE', ( #8950, #1367, #453, #415, #10885, #3161 ) ) ;
#1114 = FACE_OUTER_BOUND ( 'NONE', #3751, .T. ) ;
#1115 = AXIS2_PLACEMENT_3D ( 'NONE', #765, #7636, #11139 ) ;
#1116 = DIRECTION ( 'NONE',  ( -0.8660254037844404840, -0.000000000000000000, -0.4999999999999968359 ) ) ;
#1117 = LINE ( 'NONE', #10578, #6506 ) ;
#1118 = EDGE_CURVE ( 'NONE', #1810, #5249, #3833, .T. ) ;
#1119 = LINE ( 'NONE', #8215, #5907 ) ;
#1120 = VECTOR ( 'NONE', #9464, 1000.000000000000000 ) ;
#1121 = AXIS2_PLACEMENT_3D ( 'NONE', #6827, #809, #4132 ) ;
#1122 = VECTOR ( 'NONE', #665, 999.9999999999998863 ) ;
#1123 = LINE ( 'NONE', #440, #2530 ) ;
#1124 = EDGE_CURVE ( 'NONE', #6640, #11111, #3898, .T. ) ;
#1125 = LINE ( 'NONE', #7370, #1667 ) ;
#1126 = VERTEX_POINT ( 'NONE', #8235 ) ;
#1127 = DIRECTION ( 'NONE',  ( 0.8660254037844368202, 0.000000000000000000, -0.5000000000000032196 ) ) ;
#1128 = CARTESIAN_POINT ( 'NONE',  ( -18.26838979568740129, 58.58999999999999631, 9.605637215151624275 ) ) ;
#1129 = EDGE_LOOP ( 'NONE', ( #1091, #6413, #8072, #1968, #7060, #3499 ) ) ;
#1130 = PLANE ( 'NONE',  #2390 ) ;
#1131 = CARTESIAN_POINT ( 'NONE',  ( -12.86726271897389040, 5.500000000000000000, -6.212411177962618325 ) ) ;
#1132 = VECTOR ( 'NONE', #9333, 1000.000000000000000 ) ;
#1133 = VECTOR ( 'NONE', #1021, 1000.000000000000000 ) ;
#1134 = ORIENTED_EDGE ( 'NONE', *, *, #7449, .F. ) ;
#1135 = VECTOR ( 'NONE', #2362, 1000.000000000000114 ) ;
#1136 = DIRECTION ( 'NONE',  ( -0.8660254037844404840, 0.000000000000000000, -0.4999999999999968359 ) ) ;
#1137 = LINE ( 'NONE', #229, #10988 ) ;
#1138 = VERTEX_POINT ( 'NONE', #10890 ) ;
#1139 = EDGE_CURVE ( 'NONE', #7684, #2066, #3037, .T. ) ;
#1140 = EDGE_CURVE ( 'NONE', #7348, #855, #9503, .T. ) ;
#1141 = EDGE_LOOP ( 'NONE', ( #1536, #4879, #991, #2353 ) ) ;
#1142 = AXIS2_PLACEMENT_3D ( 'NONE', #7134, #2895, #6390 ) ;
#1143 = VECTOR ( 'NONE', #8778, 1000.000000000000000 ) ;
#1144 = CARTESIAN_POINT ( 'NONE',  ( -16.58282983977096947, 67.84000000000000341, 12.59999999999999432 ) ) ;
#1145 = VERTEX_POINT ( 'NONE', #6002 ) ;
#1146 = CARTESIAN_POINT ( 'NONE',  ( 11.25123708785945098, 53.58999999999999631, 13.92482235592524020 ) ) ;
#1147 = DIRECTION ( 'NONE',  ( -0.8660254037844404840, -0.000000000000000000, -0.4999999999999968359 ) ) ;
#1148 = DIRECTION ( 'NONE',  ( -0.4999999999999966138, 0.000000000000000000, 0.8660254037844407060 ) ) ;
#1149 = CARTESIAN_POINT ( 'NONE',  ( 14.49363518221491098, 52.28232689208745398, -17.20095882784218588 ) ) ;
#1150 = FACE_BOUND ( 'NONE', #2890, .T. ) ;
#1151 = ORIENTED_EDGE ( 'NONE', *, *, #9057, .T. ) ;
#1152 = VECTOR ( 'NONE', #4046, 1000.000000000000000 ) ;
#1153 = EDGE_CURVE ( 'NONE', #8284, #1077, #3205, .T. ) ;
#1154 = EDGE_CURVE ( 'NONE', #4126, #3695, #4284, .T. ) ;
#1155 = DIRECTION ( 'NONE',  ( -0.000000000000000000, 1.000000000000000000, -0.000000000000000000 ) ) ;
#1156 = AXIS2_PLACEMENT_3D ( 'NONE', #2368, #6893, #7686 ) ;
#1157 = ORIENTED_EDGE ( 'NONE', *, *, #9681, .F. ) ;
#1158 = CARTESIAN_POINT ( 'NONE',  ( -13.73328812275833144, 53.58999999999999631, -13.92482235592523310 ) ) ;
#1159 = CARTESIAN_POINT ( 'NONE',  ( 16.00000000000000000, 53.58999999999999631, 0.000000000000000000 ) ) ;
#1160 = ORIENTED_EDGE ( 'NONE', *, *, #519, .F. ) ;
#1161 = EDGE_LOOP ( 'NONE', ( #5548, #9242, #5065, #10711 ) ) ;
#1162 = CARTESIAN_POINT ( 'NONE',  ( 3.789087421437959069, 5.500000000000000000, -13.42482235592523665 ) ) ;
#1163 = CARTESIAN_POINT ( 'NONE',  ( 15.99999999999999289, 59.69999999999997442, 11.30000000000000249 ) ) ;
#1164 = ORIENTED_EDGE ( 'NONE', *, *, #2713, .T. ) ;
#1165 = PLANE ( 'NONE',  #6999 ) ;
#1166 = LINE ( 'NONE', #7513, #8063 ) ;
#1167 = EDGE_LOOP ( 'NONE', ( #5307, #42, #8478, #6444 ) ) ;
#1168 = DIRECTION ( 'NONE',  ( -0.000000000000000000, 1.000000000000000000, -0.000000000000000000 ) ) ;
#1169 = AXIS2_PLACEMENT_3D ( 'NONE', #511, #5901, #1425 ) ;
#1170 = ORIENTED_EDGE ( 'NONE', *, *, #1826, .T. ) ;
#1171 = CARTESIAN_POINT ( 'NONE',  ( -16.58282983977096947, 67.84000000000000341, 12.59999999999999432 ) ) ;
#1172 = ORIENTED_EDGE ( 'NONE', *, *, #9335, .T. ) ;
#1173 = ORIENTED_EDGE ( 'NONE', *, *, #6305, .F. ) ;
#1174 = DIRECTION ( 'NONE',  ( -0.000000000000000000, 1.000000000000000000, -0.000000000000000000 ) ) ;
#1175 = LINE ( 'NONE', #5594, #9233 ) ;
#1176 = VECTOR ( 'NONE', #3119, 999.9999999999998863 ) ;
#1177 = ORIENTED_EDGE ( 'NONE', *, *, #9558, .F. ) ;
#1178 = FACE_OUTER_BOUND ( 'NONE', #7832, .T. ) ;
#1179 = DIRECTION ( 'NONE',  ( -0.000000000000000000, 1.000000000000000000, -0.000000000000000000 ) ) ;
#1180 = CARTESIAN_POINT ( 'NONE',  ( -15.81533189030981390, 53.58999999999999631, -4.106205588981306498 ) ) ;
#1181 = DIRECTION ( 'NONE',  ( 0.8660254037844407060, 0.000000000000000000, 0.4999999999999966138 ) ) ;
#1182 = VECTOR ( 'NONE', #9267, 1000.000000000000000 ) ;
#1183 = CARTESIAN_POINT ( 'NONE',  ( -4.539087648767965000, 0.000000000000000000, -13.42482235592523665 ) ) ;
#1184 = EDGE_CURVE ( 'NONE', #6494, #7941, #7774, .T. ) ;
#1185 = CARTESIAN_POINT ( 'NONE',  ( 10.03521872409241134, 53.58999999999999631, 11.81861676694392926 ) ) ;
#1186 = ORIENTED_EDGE ( 'NONE', *, *, #2884, .T. ) ;
#1187 = LINE ( 'NONE', #10929, #245 ) ;
#1188 = ORIENTED_EDGE ( 'NONE', *, *, #8646, .F. ) ;
#1189 = CARTESIAN_POINT ( 'NONE',  ( -3.673062244983531954, 0.000000000000000000, -14.92482235592524198 ) ) ;
#1190 = PLANE ( 'NONE',  #7410 ) ;
#1191 = VECTOR ( 'NONE', #4900, 1000.000000000000000 ) ;
#1192 = DIRECTION ( 'NONE',  ( -0.8660254037844369313, 0.000000000000000000, 0.5000000000000029976 ) ) ;
#1193 = PLANE ( 'NONE',  #8411 ) ;
#1194 = EDGE_CURVE ( 'NONE', #1613, #3695, #10310, .T. ) ;
#1195 = EDGE_LOOP ( 'NONE', ( #498, #6169, #8520, #9437 ) ) ;
#1196 = VERTEX_POINT ( 'NONE', #6744 ) ;
#1197 = EDGE_CURVE ( 'NONE', #5578, #4842, #1446, .T. ) ;
#1198 = LINE ( 'NONE', #2120, #11147 ) ;
#1199 = EDGE_LOOP ( 'NONE', ( #9001, #6360, #4044, #10992 ) ) ;
#1200 = LINE ( 'NONE', #1317, #5138 ) ;
#1201 = CARTESIAN_POINT ( 'NONE',  ( 16.00000000000000355, 34.89320891234596900, 7.099999999999995204 ) ) ;
#1202 = DIRECTION ( 'NONE',  ( -0.000000000000000000, 1.000000000000000000, -0.000000000000000000 ) ) ;
#1203 = LINE ( 'NONE', #10034, #10830 ) ;
#1204 = DIRECTION ( 'NONE',  ( 0.8660254037844368202, 0.000000000000000000, -0.5000000000000032196 ) ) ;
#1205 = ADVANCED_FACE ( 'NONE', ( #3316 ), #8579, .T. ) ;
#1206 = ORIENTED_EDGE ( 'NONE', *, *, #1500, .T. ) ;
#1207 = FACE_OUTER_BOUND ( 'NONE', #1062, .T. ) ;
#1208 = EDGE_LOOP ( 'NONE', ( #8780, #10672, #3604, #11085 ) ) ;
#1209 = DIRECTION ( 'NONE',  ( -0.5000000000000029976, 0.000000000000000000, -0.8660254037844369313 ) ) ;
#1210 = EDGE_CURVE ( 'NONE', #4908, #2066, #9326, .T. ) ;
#1211 = LINE ( 'NONE', #1904, #1089 ) ;
#1212 = EDGE_CURVE ( 'NONE', #3488, #9492, #3257, .T. ) ;
#1213 = VERTEX_POINT ( 'NONE', #789 ) ;
#1214 = ORIENTED_EDGE ( 'NONE', *, *, #8146, .F. ) ;
#1215 = DIRECTION ( 'NONE',  ( -0.8660254037844407060, 0.000000000000000000, -0.4999999999999966138 ) ) ;
#1216 = CARTESIAN_POINT ( 'NONE',  ( -13.73328812275833144, 52.28232689208745398, -13.92482235592523310 ) ) ;
#1217 = ORIENTED_EDGE ( 'NONE', *, *, #8915, .F. ) ;
#1218 = EDGE_CURVE ( 'NONE', #1886, #4108, #9447, .T. ) ;
#1219 = LINE ( 'NONE', #3108, #6971 ) ;
#1220 = CARTESIAN_POINT ( 'NONE',  ( -15.81533189030981035, 5.500000000000000000, -3.106205588981306498 ) ) ;
#1221 = EDGE_CURVE ( 'NONE', #7435, #62, #8464, .T. ) ;
#1222 = ORIENTED_EDGE ( 'NONE', *, *, #6455, .T. ) ;
#1223 = PLANE ( 'NONE',  #11175 ) ;
#1224 = ORIENTED_EDGE ( 'NONE', *, *, #1278, .T. ) ;
#1225 = DIRECTION ( 'NONE',  ( -0.8660254037844407060, 0.000000000000000000, -0.4999999999999966138 ) ) ;
#1226 = ORIENTED_EDGE ( 'NONE', *, *, #6612, .T. ) ;
#1227 = VERTEX_POINT ( 'NONE', #9391 ) ;
#1228 = CARTESIAN_POINT ( 'NONE',  ( -11.65124435520685253, 53.58999999999999631, 10.31861676694393282 ) ) ;
#1229 = EDGE_CURVE ( 'NONE', #4953, #4383, #3284, .T. ) ;
#1230 = VERTEX_POINT ( 'NONE', #730 ) ;
#1231 = DIRECTION ( 'NONE',  ( 0.000000000000000000, -1.000000000000000000, 0.000000000000000000 ) ) ;
#1232 = DIRECTION ( 'NONE',  ( -0.8660254037844404840, 0.000000000000000000, -0.4999999999999968359 ) ) ;
#1233 = PLANE ( 'NONE',  #8873 ) ;
#1234 = DIRECTION ( 'NONE',  ( 1.000000000000000000, 0.000000000000000000, -3.663735981263016583E-15 ) ) ;
#1235 = PLANE ( 'NONE',  #520 ) ;
#1236 = CARTESIAN_POINT ( 'NONE',  ( -13.73328812275833499, 53.58999999999999631, 13.92482235592524198 ) ) ;
#1237 = VERTEX_POINT ( 'NONE', #4224 ) ;
#1238 = LINE ( 'NONE', #2218, #5002 ) ;
#1239 = ORIENTED_EDGE ( 'NONE', *, *, #219, .T. ) ;
#1240 = LINE ( 'NONE', #6635, #6234 ) ;
#1241 = DIRECTION ( 'NONE',  ( -0.4999999999999966138, 0.000000000000000000, 0.8660254037844407060 ) ) ;
#1242 = EDGE_LOOP ( 'NONE', ( #6590, #4074, #3955, #3074 ) ) ;
#1243 = CARTESIAN_POINT ( 'NONE',  ( -6.621131416319453677, 53.58999999999999631, -11.81861676694392926 ) ) ;
#1244 = CARTESIAN_POINT ( 'NONE',  ( -7.837149780086489770, 53.58999999999999631, -13.92482235592524020 ) ) ;
#1245 = APPROVAL ( #7720, '未' ) ;
#1246 = VERTEX_POINT ( 'NONE', #4917 ) ;
#1247 = ORIENTED_EDGE ( 'NONE', *, *, #1883, .T. ) ;
#1248 = EDGE_CURVE ( 'NONE', #7941, #9360, #562, .T. ) ;
#1249 = VERTEX_POINT ( 'NONE', #2393 ) ;
#1250 = CARTESIAN_POINT ( 'NONE',  ( 6.999998126899990680, 0.000000000000000000, -1.550000000000003597 ) ) ;
#1251 = ORIENTED_EDGE ( 'NONE', *, *, #3188, .T. ) ;
#1252 = CARTESIAN_POINT ( 'NONE',  ( 13.12590852850409462, 52.28232689208745398, -5.630069117064426365 ) ) ;
#1253 = VECTOR ( 'NONE', #8164, 1000.000000000000000 ) ;
#1254 = LINE ( 'NONE', #1201, #442 ) ;
#1255 = CARTESIAN_POINT ( 'NONE',  ( 4.655112825222402329, 52.28232689208745398, -12.59999999999996056 ) ) ;
#1256 = EDGE_CURVE ( 'NONE', #5512, #3915, #361, .T. ) ;
#1257 = DIRECTION ( 'NONE',  ( 0.000000000000000000, 0.000000000000000000, -1.000000000000000000 ) ) ;
#1258 = FACE_BOUND ( 'NONE', #3668, .T. ) ;
#1259 = EDGE_CURVE ( 'NONE', #655, #7783, #1473, .T. ) ;
#1260 = ORIENTED_EDGE ( 'NONE', *, *, #11233, .F. ) ;
#1261 = VECTOR ( 'NONE', #4377, 1000.000000000000000 ) ;
#1262 = EDGE_CURVE ( 'NONE', #3421, #6527, #11225, .T. ) ;
#1263 = CARTESIAN_POINT ( 'NONE',  ( -16.00000000000000355, 67.84000000000000341, 18.49999999999999645 ) ) ;
#1264 = ORIENTED_EDGE ( 'NONE', *, *, #8108, .T. ) ;
#1265 = DIRECTION ( 'NONE',  ( -1.000000000000000000, -0.000000000000000000, -0.000000000000000000 ) ) ;
#1266 = CARTESIAN_POINT ( 'NONE',  ( -8.703175183870934362, 53.58999999999999631, -15.42482235592523843 ) ) ;
#1267 = VERTEX_POINT ( 'NONE', #5039 ) ;
#1268 = DIRECTION ( 'NONE',  ( 0.8660254037844368202, 0.000000000000000000, -0.5000000000000032196 ) ) ;
#1269 = DIRECTION ( 'NONE',  ( -0.000000000000000000, 1.000000000000000000, -0.000000000000000000 ) ) ;
#1270 = ORIENTED_EDGE ( 'NONE', *, *, #11234, .T. ) ;
#1271 = VECTOR ( 'NONE', #6915, 1000.000000000000000 ) ;
#1272 = DIRECTION ( 'NONE',  ( -0.8660254037844369313, 0.000000000000000000, 0.5000000000000029976 ) ) ;
#1273 = CARTESIAN_POINT ( 'NONE',  ( 16.00000000000000000, 67.84000000000000341, 18.49999999999999645 ) ) ;
#1274 = ORIENTED_EDGE ( 'NONE', *, *, #1797, .T. ) ;
#1275 = CARTESIAN_POINT ( 'NONE',  ( 3.789087421437964398, 0.000000000000000000, 15.42482235592523843 ) ) ;
#1276 = ADVANCED_FACE ( 'NONE', ( #4168 ), #10364, .T. ) ;
#1277 = ADVANCED_FACE ( 'NONE', ( #1935 ), #7883, .T. ) ;
#1278 = EDGE_CURVE ( 'NONE', #8753, #6961, #9789, .T. ) ;
#1279 = VECTOR ( 'NONE', #5116, 1000.000000000000114 ) ;
#1280 = VERTEX_POINT ( 'NONE', #3645 ) ;
#1281 = DIRECTION ( 'NONE',  ( -0.000000000000000000, -1.000000000000000000, -0.000000000000000000 ) ) ;
#1282 = VERTEX_POINT ( 'NONE', #6170 ) ;
#1283 = EDGE_LOOP ( 'NONE', ( #9216, #5775, #10829, #8848 ) ) ;
#1284 = DIRECTION ( 'NONE',  ( -3.663735981263016583E-15, 0.000000000000000000, -1.000000000000000000 ) ) ;
#1285 = DIRECTION ( 'NONE',  ( -0.8660254037844368202, 0.000000000000000000, 0.5000000000000032196 ) ) ;
#1286 = VERTEX_POINT ( 'NONE', #4335 ) ;
#1287 = DIRECTION ( 'NONE',  ( 0.8660254037844407060, 0.000000000000000000, 0.4999999999999965583 ) ) ;
#1288 = DIRECTION ( 'NONE',  ( 0.8660254037844404840, 0.000000000000000000, 0.4999999999999968359 ) ) ;
#1289 = FACE_OUTER_BOUND ( 'NONE', #10446, .T. ) ;
#1290 = AXIS2_PLACEMENT_3D ( 'NONE', #6533, #4874, #7328 ) ;
#1291 = ADVANCED_FACE ( 'NONE', ( #6342 ), #8862, .T. ) ;
#1292 = EDGE_CURVE ( 'NONE', #7415, #4606, #1706, .T. ) ;
#1293 = CARTESIAN_POINT ( 'NONE',  ( -16.58282983977096947, 67.84000000000000341, 18.49999999999999645 ) ) ;
#1294 = AXIS2_PLACEMENT_3D ( 'NONE', #6783, #881, #660 ) ;
#1295 = CARTESIAN_POINT ( 'NONE',  ( 16.90222591453325407, 67.84000000000000341, 12.59999999999999432 ) ) ;
#1296 = EDGE_LOOP ( 'NONE', ( #315, #8993, #1675, #1533 ) ) ;
#1297 = AXIS2_PLACEMENT_3D ( 'NONE', #10817, #2164, #3942 ) ;
#1298 = EDGE_CURVE ( 'NONE', #10172, #7523, #958, .T. ) ;
#1299 = PLANE ( 'NONE',  #11041 ) ;
#1300 = ORIENTED_EDGE ( 'NONE', *, *, #6257, .F. ) ;
#1301 = CARTESIAN_POINT ( 'NONE',  ( -4.539087648767965000, 53.58999999999999631, -13.42482235592523665 ) ) ;
#1302 = DIRECTION ( 'NONE',  ( 3.663735981263016583E-15, 0.000000000000000000, 1.000000000000000000 ) ) ;
#1303 = ORIENTED_EDGE ( 'NONE', *, *, #7246, .F. ) ;
#1304 = PLANE ( 'NONE',  #7721 ) ;
#1305 = ORIENTED_EDGE ( 'NONE', *, *, #1435, .T. ) ;
#1306 = AXIS2_PLACEMENT_3D ( 'NONE', #9074, #4020, #8369 ) ;
#1307 = VECTOR ( 'NONE', #10909, 1000.000000000000000 ) ;
#1308 = VECTOR ( 'NONE', #6302, 1000.000000000000000 ) ;
#1309 = VERTEX_POINT ( 'NONE', #2849 ) ;
#1310 = VERTEX_POINT ( 'NONE', #844 ) ;
#1311 = FACE_BOUND ( 'NONE', #2869, .T. ) ;
#1312 = ADVANCED_FACE ( 'NONE', ( #3592 ), #4456, .T. ) ;
#1313 = VECTOR ( 'NONE', #7622, 1000.000000000000000 ) ;
#1314 =( NAMED_UNIT ( * ) SI_UNIT ( $, .STERADIAN. ) SOLID_ANGLE_UNIT ( ) );
#1315 = ORIENTED_EDGE ( 'NONE', *, *, #8562, .T. ) ;
#1316 = VECTOR ( 'NONE', #571, 999.9999999999998863 ) ;
#1317 = CARTESIAN_POINT ( 'NONE',  ( -12.00123731518945291, 0.000000000000000000, -13.92482235592524020 ) ) ;
#1318 = VECTOR ( 'NONE', #9948, 1000.000000000000000 ) ;
#1319 = CARTESIAN_POINT ( 'NONE',  ( 0.4910252901194303021, 53.58999999999999631, -14.92482235592524198 ) ) ;
#1320 = DIRECTION ( 'NONE',  ( -0.8660254037844404840, 0.000000000000000000, -0.4999999999999968359 ) ) ;
#1321 = CARTESIAN_POINT ( 'NONE',  ( 10.86886828096135460, 52.28232689208745398, -1.720760733592525238 ) ) ;
#1322 = FACE_BOUND ( 'NONE', #1113, .T. ) ;
#1323 = ORIENTED_EDGE ( 'NONE', *, *, #560, .T. ) ;
#1324 = VECTOR ( 'NONE', #6069, 1000.000000000000000 ) ;
#1325 = AXIS2_PLACEMENT_3D ( 'NONE', #5232, #4252, #4309 ) ;
#1326 = EDGE_CURVE ( 'NONE', #5286, #6906, #5209, .T. ) ;
#1327 = CARTESIAN_POINT ( 'NONE',  ( -7.837149780086489770, 0.000000000000000000, 14.92482235592523665 ) ) ;
#1328 = ORIENTED_EDGE ( 'NONE', *, *, #4282, .F. ) ;
#1329 = CARTESIAN_POINT ( 'NONE',  ( -17.90000022732999696, 67.84000000000000341, 9.299999999999995381 ) ) ;
#1330 = VERTEX_POINT ( 'NONE', #7825 ) ;
#1331 = FACE_OUTER_BOUND ( 'NONE', #2736, .T. ) ;
#1332 = CARTESIAN_POINT ( 'NONE',  ( 9.169193320307959638, 0.000000000000000000, -11.31861676694392571 ) ) ;
#1333 = VECTOR ( 'NONE', #186, 999.9999999999998863 ) ;
#1334 = LINE ( 'NONE', #8259, #4072 ) ;
#1335 = CARTESIAN_POINT ( 'NONE',  ( -10.78521895142240794, 5.500000000000000000, 11.81861676694392926 ) ) ;
#1336 = ORIENTED_EDGE ( 'NONE', *, *, #9681, .T. ) ;
#1337 = FACE_OUTER_BOUND ( 'NONE', #6797, .T. ) ;
#1338 = EDGE_CURVE ( 'NONE', #5104, #11082, #10643, .T. ) ;
#1339 = VECTOR ( 'NONE', #4619, 1000.000000000000114 ) ;
#1340 = ORIENTED_EDGE ( 'NONE', *, *, #6177, .T. ) ;
#1341 = EDGE_CURVE ( 'NONE', #8502, #9742, #536, .T. ) ;
#1342 = DIRECTION ( 'NONE',  ( -0.000000000000000000, 1.000000000000000000, -0.000000000000000000 ) ) ;
#1343 = ORIENTED_EDGE ( 'NONE', *, *, #1550, .T. ) ;
#1344 = ORIENTED_EDGE ( 'NONE', *, *, #259, .F. ) ;
#1345 = ORIENTED_EDGE ( 'NONE', *, *, #9136, .T. ) ;
#1346 = CARTESIAN_POINT ( 'NONE',  ( -12.86726271897389751, 53.58999999999999631, 6.212411177962620101 ) ) ;
#1347 = CARTESIAN_POINT ( 'NONE',  ( -16.94829350482982022, 67.84000000000000341, -12.60000000000000142 ) ) ;
#1348 = VERTEX_POINT ( 'NONE', #3477 ) ;
#1349 = CARTESIAN_POINT ( 'NONE',  ( 16.90222591453325407, 67.84000000000000341, 12.59999999999999432 ) ) ;
#1350 = CARTESIAN_POINT ( 'NONE',  ( -16.58282983977096947, 67.84000000000000341, 12.59999999999999432 ) ) ;
#1351 = PLANE ( 'NONE',  #1381 ) ;
#1352 = AXIS2_PLACEMENT_3D ( 'NONE', #3681, #10679, #4426 ) ;
#1353 = FACE_OUTER_BOUND ( 'NONE', #11130, .T. ) ;
#1354 = DIRECTION ( 'NONE',  ( -0.000000000000000000, 1.000000000000000000, -0.000000000000000000 ) ) ;
#1355 = AXIS2_PLACEMENT_3D ( 'NONE', #7443, #2237, #8526 ) ;
#1356 = VERTEX_POINT ( 'NONE', #6975 ) ;
#1357 = CARTESIAN_POINT ( 'NONE',  ( 14.19930625919537093, 53.58999999999999631, -2.606205588981308274 ) ) ;
#1358 = ADVANCED_FACE ( 'NONE', ( #1759 ), #8744, .F. ) ;
#1359 = VERTEX_POINT ( 'NONE', #9724 ) ;
#1360 = FACE_OUTER_BOUND ( 'NONE', #9023, .T. ) ;
#1361 = EDGE_CURVE ( 'NONE', #1196, #10172, #8799, .T. ) ;
#1362 = LINE ( 'NONE', #3992, #1182 ) ;
#1363 = ADVANCED_FACE ( 'NONE', ( #8048 ), #7207, .T. ) ;
#1364 = ADVANCED_FACE ( 'NONE', ( #7140 ), #1874, .T. ) ;
#1365 = FACE_OUTER_BOUND ( 'NONE', #8936, .T. ) ;
#1366 = EDGE_CURVE ( 'NONE', #1447, #11080, #2787, .T. ) ;
#1367 = ORIENTED_EDGE ( 'NONE', *, *, #1840, .T. ) ;
#1368 = VECTOR ( 'NONE', #1112, 1000.000000000000114 ) ;
#1369 = ORIENTED_EDGE ( 'NONE', *, *, #7975, .F. ) ;
#1370 = VERTEX_POINT ( 'NONE', #11083 ) ;
#1371 = DIRECTION ( 'NONE',  ( 0.8660254037844368202, -0.000000000000000000, -0.5000000000000032196 ) ) ;
#1372 = APPLICATION_PROTOCOL_DEFINITION ( 'international standard', 'config_control_design', 1994, #843 ) ;
#1373 = VECTOR ( 'NONE', #3055, 1000.000000000000227 ) ;
#1374 = ORIENTED_EDGE ( 'NONE', *, *, #8986, .T. ) ;
#1375 = DIRECTION ( 'NONE',  ( -0.8660254037844369313, 0.000000000000000000, 0.5000000000000029976 ) ) ;
#1376 = FACE_BOUND ( 'NONE', #5443, .T. ) ;
#1377 = CARTESIAN_POINT ( 'NONE',  ( -8.703175183870934362, 53.58999999999999631, 13.42482235592524020 ) ) ;
#1378 = DIRECTION ( 'NONE',  ( -3.663735981263016583E-15, 0.000000000000000000, -1.000000000000000000 ) ) ;
#1379 = FACE_BOUND ( 'NONE', #230, .T. ) ;
#1380 = ORIENTED_EDGE ( 'NONE', *, *, #1538, .T. ) ;
#1381 = AXIS2_PLACEMENT_3D ( 'NONE', #10064, #3984, #3814 ) ;
#1382 = PLANE ( 'NONE',  #6926 ) ;
#1383 = ORIENTED_EDGE ( 'NONE', *, *, #7279, .F. ) ;
#1384 = PLANE ( 'NONE',  #6581 ) ;
#1385 = VERTEX_POINT ( 'NONE', #2312 ) ;
#1386 = CARTESIAN_POINT ( 'NONE',  ( 11.25123708785945098, 0.000000000000000000, 13.92482235592524020 ) ) ;
#1387 = LINE ( 'NONE', #8086, #9051 ) ;
#1388 = LINE ( 'NONE', #9876, #7546 ) ;
#1389 = CARTESIAN_POINT ( 'NONE',  ( 12.11726249164389557, 53.58999999999999631, 15.42482235592523843 ) ) ;
#1390 = ORIENTED_EDGE ( 'NONE', *, *, #8883, .F. ) ;
#1391 = PLANE ( 'NONE',  #4778 ) ;
#1392 = EDGE_CURVE ( 'NONE', #5472, #3930, #7261, .T. ) ;
#1393 = VERTEX_POINT ( 'NONE', #3230 ) ;
#1394 = CARTESIAN_POINT ( 'NONE',  ( -8.703175183870927256, 53.58999999999999631, 15.42482235592523843 ) ) ;
#1395 = VERTEX_POINT ( 'NONE', #9249 ) ;
#1396 = PLANE ( 'NONE',  #173 ) ;
#1397 = VERTEX_POINT ( 'NONE', #4689 ) ;
#1398 = VERTEX_POINT ( 'NONE', #8326 ) ;
#1399 = DIRECTION ( 'NONE',  ( -0.000000000000000000, 1.000000000000000000, -0.000000000000000000 ) ) ;
#1400 = ORIENTED_EDGE ( 'NONE', *, *, #8216, .F. ) ;
#1401 = FACE_OUTER_BOUND ( 'NONE', #4055, .T. ) ;
#1402 = DIRECTION ( 'NONE',  ( 0.000000000000000000, 0.000000000000000000, 1.000000000000000000 ) ) ;
#1403 = DIRECTION ( 'NONE',  ( 0.8660254037844368202, 0.000000000000000000, -0.5000000000000032196 ) ) ;
#1404 = EDGE_CURVE ( 'NONE', #305, #7824, #7466, .T. ) ;
#1405 = LINE ( 'NONE', #1457, #3083 ) ;
#1406 = DIRECTION ( 'NONE',  ( 0.000000000000000000, 0.000000000000000000, 1.000000000000000000 ) ) ;
#1407 = EDGE_LOOP ( 'NONE', ( #8224, #5068, #7416, #5115 ) ) ;
#1408 = ADVANCED_FACE ( 'NONE', ( #11031 ), #1985, .T. ) ;
#1409 = DIRECTION ( 'NONE',  ( 1.000000000000000000, 0.000000000000000000, -3.663735981263016583E-15 ) ) ;
#1410 = EDGE_LOOP ( 'NONE', ( #10765, #784, #8714, #5421 ) ) ;
#1411 = LINE ( 'NONE', #3884, #8047 ) ;
#1412 = CARTESIAN_POINT ( 'NONE',  ( 20.95000000000000284, 53.58999999999999631, 16.49999999999999289 ) ) ;
#1413 = AXIS2_PLACEMENT_3D ( 'NONE', #5597, #9088, #11142 ) ;
#1414 = CARTESIAN_POINT ( 'NONE',  ( 11.25123708785949717, 5.500000000000000000, -4.122156215251176274E-14 ) ) ;
#1415 = ORIENTED_EDGE ( 'NONE', *, *, #801, .F. ) ;
#1416 = ADVANCED_FACE ( 'NONE', ( #5811 ), #7123, .T. ) ;
#1417 = EDGE_CURVE ( 'NONE', #5749, #11224, #6613, .T. ) ;
#1418 = VERTEX_POINT ( 'NONE', #10116 ) ;
#1419 = EDGE_CURVE ( 'NONE', #5252, #1370, #8112, .T. ) ;
#1420 = ORIENTED_EDGE ( 'NONE', *, *, #7641, .F. ) ;
#1421 = CARTESIAN_POINT ( 'NONE',  ( -8.703175183870934362, 0.000000000000000000, 13.42482235592524020 ) ) ;
#1422 = DIRECTION ( 'NONE',  ( -0.8660254037844407060, 0.000000000000000000, -0.4999999999999966138 ) ) ;
#1423 = EDGE_LOOP ( 'NONE', ( #10745, #4945, #10002, #5451 ) ) ;
#1424 = LINE ( 'NONE', #4920, #10623 ) ;
#1425 = DIRECTION ( 'NONE',  ( 0.000000000000000000, -0.000000000000000000, 1.000000000000000000 ) ) ;
#1426 = FACE_OUTER_BOUND ( 'NONE', #8345, .T. ) ;
#1427 = CARTESIAN_POINT ( 'NONE',  ( -13.73328812275833499, 53.58999999999999631, 13.92482235592524198 ) ) ;
#1428 = ORIENTED_EDGE ( 'NONE', *, *, #3948, .T. ) ;
#1429 = ADVANCED_FACE ( 'NONE', ( #3177 ), #7580, .T. ) ;
#1430 = DIRECTION ( 'NONE',  ( -0.8660254037844407060, 0.000000000000000000, -0.4999999999999966138 ) ) ;
#1431 = ORIENTED_EDGE ( 'NONE', *, *, #5218, .F. ) ;
#1432 = LINE ( 'NONE', #4829, #6762 ) ;
#1433 = ORIENTED_EDGE ( 'NONE', *, *, #356, .T. ) ;
#1434 = CARTESIAN_POINT ( 'NONE',  ( 4.655112825222401440, 0.000000000000000000, 14.92482235592523665 ) ) ;
#1435 = EDGE_CURVE ( 'NONE', #9269, #6882, #9038, .T. ) ;
#1436 = PLANE ( 'NONE',  #3202 ) ;
#1437 = PLANE ( 'NONE',  #7712 ) ;
#1438 = CARTESIAN_POINT ( 'NONE',  ( 0.4910252901194303021, 0.000000000000000000, -14.92482235592524198 ) ) ;
#1439 = ORIENTED_EDGE ( 'NONE', *, *, #635, .F. ) ;
#1440 = DIRECTION ( 'NONE',  ( 3.330669073875469621E-15, 0.000000000000000000, 1.000000000000000000 ) ) ;
#1441 = VECTOR ( 'NONE', #5625, 1000.000000000000114 ) ;
#1442 = ORIENTED_EDGE ( 'NONE', *, *, #632, .T. ) ;
#1443 = LINE ( 'NONE', #9247, #9563 ) ;
#1444 = EDGE_LOOP ( 'NONE', ( #1514, #3676, #2076, #299 ) ) ;
#1445 = DIRECTION ( 'NONE',  ( -0.000000000000000000, 1.000000000000000000, -0.000000000000000000 ) ) ;
#1446 = CIRCLE ( 'NONE', #899, 9.800000000000002487 ) ;
#1447 = VERTEX_POINT ( 'NONE', #2903 ) ;
#1448 = EDGE_LOOP ( 'NONE', ( #8098, #8978 ) ) ;
#1449 = FACE_OUTER_BOUND ( 'NONE', #8206, .T. ) ;
#1450 = CARTESIAN_POINT ( 'NONE',  ( -14.94930648652537819, 0.000000000000000000, -4.606205588981309162 ) ) ;
#1451 = ORIENTED_EDGE ( 'NONE', *, *, #586, .F. ) ;
#1452 = CARTESIAN_POINT ( 'NONE',  ( -13.73328812275833499, 5.500000000000000000, -7.712411177962615660 ) ) ;
#1453 = DIRECTION ( 'NONE',  ( -3.663735981263016583E-15, 0.000000000000000000, -1.000000000000000000 ) ) ;
#1454 = DIRECTION ( 'NONE',  ( 3.330669073875469621E-15, 0.000000000000000000, 1.000000000000000000 ) ) ;
#1455 = LINE ( 'NONE', #6350, #7711 ) ;
#1456 = VECTOR ( 'NONE', #1491, 1000.000000000000000 ) ;
#1457 = CARTESIAN_POINT ( 'NONE',  ( -14.94930648652537819, 0.000000000000000000, -4.606205588981309162 ) ) ;
#1458 = CARTESIAN_POINT ( 'NONE',  ( -6.621131416319446572, 53.58999999999999631, -9.818616766943927487 ) ) ;
#1459 = VERTEX_POINT ( 'NONE', #6719 ) ;
#1460 = ADVANCED_FACE ( 'NONE', ( #4140 ), #1396, .T. ) ;
#1461 = FACE_OUTER_BOUND ( 'NONE', #7542, .T. ) ;
#1462 = ORIENTED_EDGE ( 'NONE', *, *, #7017, .F. ) ;
#1463 = DIRECTION ( 'NONE',  ( 0.000000000000000000, -0.000000000000000000, -1.000000000000000000 ) ) ;
#1464 = VECTOR ( 'NONE', #282, 1000.000000000000114 ) ;
#1465 = DIRECTION ( 'NONE',  ( -0.000000000000000000, -1.000000000000000000, -0.000000000000000000 ) ) ;
#1466 = LINE ( 'NONE', #3081, #591 ) ;
#1467 = EDGE_LOOP ( 'NONE', ( #4556, #10872, #7671, #6668 ) ) ;
#1469 = EDGE_CURVE ( 'NONE', #3148, #8810, #279, .T. ) ;
#1468 = AXIS2_PLACEMENT_3D ( 'NONE', #7334, #7277, #1204 ) ;
#1470 = VECTOR ( 'NONE', #6047, 1000.000000000000000 ) ;
#1471 = EDGE_LOOP ( 'NONE', ( #5862, #6205, #2830, #6143 ) ) ;
#1472 = ORIENTED_EDGE ( 'NONE', *, *, #7900, .F. ) ;
#1473 = LINE ( 'NONE', #1534, #8217 ) ;
#1474 = LINE ( 'NONE', #4982, #1333 ) ;
#1475 = ORIENTED_EDGE ( 'NONE', *, *, #3250, .T. ) ;
#1476 = DIRECTION ( 'NONE',  ( 1.000000000000000000, 0.000000000000000000, -3.663735981263016583E-15 ) ) ;
#1477 = VECTOR ( 'NONE', #29, 1000.000000000000000 ) ;
#1478 = FACE_BOUND ( 'NONE', #9798, .T. ) ;
#1479 = VECTOR ( 'NONE', #1849, 1000.000000000000000 ) ;
#1480 = EDGE_CURVE ( 'NONE', #4348, #117, #535, .T. ) ;
#1481 = VECTOR ( 'NONE', #1202, 1000.000000000000000 ) ;
#1482 = CARTESIAN_POINT ( 'NONE',  ( -8.703175183870927256, 5.500000000000000000, -13.42482235592523665 ) ) ;
#1483 = DIRECTION ( 'NONE',  ( -3.663735981263016583E-15, 0.000000000000000000, -1.000000000000000000 ) ) ;
#1484 = VERTEX_POINT ( 'NONE', #11133 ) ;
#1485 = APPROVAL_PERSON_ORGANIZATION ( #3147, #2925, #6645 ) ;
#1486 = VECTOR ( 'NONE', #4372, 1000.000000000000000 ) ;
#1487 = AXIS2_PLACEMENT_3D ( 'NONE', #11243, #2356, #9412 ) ;
#1488 = AXIS2_PLACEMENT_3D ( 'NONE', #4042, #8387, #548 ) ;
#1489 = CARTESIAN_POINT ( 'NONE',  ( -5.405113052552405151, 52.28232689208745398, -13.92482235592523310 ) ) ;
#1490 = ORIENTED_EDGE ( 'NONE', *, *, #380, .T. ) ;
#1491 = DIRECTION ( 'NONE',  ( -0.000000000000000000, 1.000000000000000000, -0.000000000000000000 ) ) ;
#1492 = EDGE_LOOP ( 'NONE', ( #2143, #5532, #2014, #7084 ) ) ;
#1493 = DIRECTION ( 'NONE',  ( -0.000000000000000000, -0.000000000000000000, -1.000000000000000000 ) ) ;
#1494 = CARTESIAN_POINT ( 'NONE',  ( 7.953174956540923546, 0.000000000000000000, 13.42482235592523665 ) ) ;
#1495 = EDGE_CURVE ( 'NONE', #9999, #10645, #9902, .T. ) ;
#1496 = EDGE_CURVE ( 'NONE', #3930, #3026, #6669, .T. ) ;
#1497 = CARTESIAN_POINT ( 'NONE',  ( 6.585393976130391458, 5.500000000000000000, -11.40623695451596831 ) ) ;
#1498 = CARTESIAN_POINT ( 'NONE',  ( 16.00000000000000000, 67.84000000000000341, 18.49999999999999645 ) ) ;
#1499 = EDGE_LOOP ( 'NONE', ( #1601, #64, #9025, #981, #9625, #6991 ) ) ;
#1500 = EDGE_CURVE ( 'NONE', #8050, #10908, #4948, .T. ) ;
#1501 = VECTOR ( 'NONE', #5608, 1000.000000000000114 ) ;
#1502 = CARTESIAN_POINT ( 'NONE',  ( -16.00000102328300855, 67.84000000000000341, -9.300000000000002487 ) ) ;
#1503 = ADVANCED_FACE ( 'NONE', ( #5180 ), #7747, .T. ) ;
#1504 = TOROIDAL_SURFACE ( 'NONE', #11030, 8.800000000000002487, 1.000000000000000000 ) ;
#1505 = VERTEX_POINT ( 'NONE', #2596 ) ;
#1506 = CARTESIAN_POINT ( 'NONE',  ( 4.655112825222397888, 53.58999999999999631, 13.92482235592523487 ) ) ;
#1507 = ORIENTED_EDGE ( 'NONE', *, *, #5196, .F. ) ;
#1508 = AXIS2_PLACEMENT_3D ( 'NONE', #6549, #9126, #1272 ) ;
#1509 = CARTESIAN_POINT ( 'NONE',  ( 17.15000000000000213, 67.84000000000000341, -18.50000000000000355 ) ) ;
#1510 = ORIENTED_EDGE ( 'NONE', *, *, #8713, .T. ) ;
#1511 = ORIENTED_EDGE ( 'NONE', *, *, #462, .T. ) ;
#1512 = DIRECTION ( 'NONE',  ( 0.8660254037844368202, -0.000000000000000000, -0.5000000000000032196 ) ) ;
#1513 = CARTESIAN_POINT ( 'NONE',  ( 5.005105785205005375, 5.500000000000000000, 11.31861676694393459 ) ) ;
#1514 = ORIENTED_EDGE ( 'NONE', *, *, #2861, .T. ) ;
#1515 = CARTESIAN_POINT ( 'NONE',  ( -9.569200587655368295, 53.58999999999999631, -13.92482235592523310 ) ) ;
#1516 = PLANE ( 'NONE',  #8248 ) ;
#1517 = PLANE ( 'NONE',  #2331 ) ;
#1518 = VERTEX_POINT ( 'NONE', #1614 ) ;
#1519 = FACE_OUTER_BOUND ( 'NONE', #1444, .T. ) ;
#1520 = AXIS2_PLACEMENT_3D ( 'NONE', #6791, #10299, #6045 ) ;
#1521 = CARTESIAN_POINT ( 'NONE',  ( 5.719368572346033908, 5.500000000000000000, 9.906236954515923898 ) ) ;
#1522 = DIRECTION ( 'NONE',  ( -0.000000000000000000, 1.000000000000000000, -0.000000000000000000 ) ) ;
#1523 = ORIENTED_EDGE ( 'NONE', *, *, #5558, .F. ) ;
#1524 = VECTOR ( 'NONE', #5983, 1000.000000000000000 ) ;
#1525 = ORIENTED_EDGE ( 'NONE', *, *, #10989, .T. ) ;
#1526 = PLANE ( 'NONE',  #6597 ) ;
#1527 = CARTESIAN_POINT ( 'NONE',  ( -3.673062244983531954, 0.000000000000000000, -14.92482235592524198 ) ) ;
#1528 = FACE_BOUND ( 'NONE', #5617, .T. ) ;
#1529 = VERTEX_POINT ( 'NONE', #10339 ) ;
#1530 = EDGE_CURVE ( 'NONE', #3697, #10121, #7913, .T. ) ;
#1531 = VECTOR ( 'NONE', #911, 1000.000000000000000 ) ;
#1532 = DIRECTION ( 'NONE',  ( -0.8660254037844407060, 0.000000000000000000, -0.4999999999999966138 ) ) ;
#1533 = ORIENTED_EDGE ( 'NONE', *, *, #10015, .F. ) ;
#1534 = CARTESIAN_POINT ( 'NONE',  ( 7.626415859906140682, 5.500000000000000000, -13.20933974900664332 ) ) ;
#1535 = LINE ( 'NONE', #10481, #4626 ) ;
#1536 = ORIENTED_EDGE ( 'NONE', *, *, #517, .T. ) ;
#1537 = PLANE ( 'NONE',  #9519 ) ;
#1538 = EDGE_CURVE ( 'NONE', #5388, #2171, #9474, .T. ) ;
#1539 = DIRECTION ( 'NONE',  ( -0.8660254037844369313, -0.000000000000000000, 0.5000000000000029976 ) ) ;
#1540 = VECTOR ( 'NONE', #3620, 1000.000000000000227 ) ;
#1541 = DIRECTION ( 'NONE',  ( -1.000000000000000000, 0.000000000000000000, 0.000000000000000000 ) ) ;
#1542 = DIRECTION ( 'NONE',  ( -0.8660254037844369313, -0.000000000000000000, 0.5000000000000029976 ) ) ;
#1543 = EDGE_LOOP ( 'NONE', ( #3218, #357, #6829, #3308 ) ) ;
#1544 = ADVANCED_FACE ( 'NONE', ( #4423 ), #2535, .T. ) ;
#1545 = VECTOR ( 'NONE', #9873, 1000.000000000000000 ) ;
#1546 = CARTESIAN_POINT ( 'NONE',  ( 17.15000000000000213, 52.28232689208745398, -12.60000000000000142 ) ) ;
#1547 = ORIENTED_EDGE ( 'NONE', *, *, #447, .F. ) ;
#1548 = FACE_OUTER_BOUND ( 'NONE', #651, .T. ) ;
#1549 = EDGE_LOOP ( 'NONE', ( #9550, #4710, #9329, #5398 ) ) ;
#1550 = EDGE_CURVE ( 'NONE', #66, #7194, #6027, .T. ) ;
#1551 = CARTESIAN_POINT ( 'NONE',  ( -0.3750001136650100153, 5.500000000000000000, -15.42482235592523843 ) ) ;
#1552 = CARTESIAN_POINT ( 'NONE',  ( 11.25123708785945453, 53.58999999999999631, 14.92482235592524198 ) ) ;
#1553 = DIRECTION ( 'NONE',  ( -0.5000000000000029976, 0.000000000000000000, -0.8660254037844369313 ) ) ;
#1554 = DIRECTION ( 'NONE',  ( -0.000000000000000000, 1.000000000000000000, -0.000000000000000000 ) ) ;
#1555 = ORIENTED_EDGE ( 'NONE', *, *, #10229, .T. ) ;
#1556 = AXIS2_PLACEMENT_3D ( 'NONE', #8907, #8964, #3703 ) ;
#1557 = CARTESIAN_POINT ( 'NONE',  ( -12.00123731518950265, 5.500000000000000000, 3.997214997394194594E-14 ) ) ;
#1558 = ADVANCED_FACE ( 'NONE', ( #2429 ), #10506, .T. ) ;
#1559 = ORIENTED_EDGE ( 'NONE', *, *, #11217, .F. ) ;
#1560 = EDGE_CURVE ( 'NONE', #8712, #4209, #11192, .T. ) ;
#1561 = CARTESIAN_POINT ( 'NONE',  ( 11.25123708785944743, 0.000000000000000000, 6.712411177962621878 ) ) ;
#1562 = ORIENTED_EDGE ( 'NONE', *, *, #9753, .T. ) ;
#1563 = ADVANCED_FACE ( 'NONE', ( #2651 ), #871, .T. ) ;
#1564 = DIRECTION ( 'NONE',  ( -0.4999999999999966138, 0.000000000000000000, 0.8660254037844407060 ) ) ;
#1565 = ORIENTED_EDGE ( 'NONE', *, *, #378, .T. ) ;
#1566 = ADVANCED_FACE ( 'NONE', ( #6092 ), #8769, .T. ) ;
#1567 = ORIENTED_EDGE ( 'NONE', *, *, #6548, .F. ) ;
#1568 = DIRECTION ( 'NONE',  ( 0.8660254037844368202, -0.000000000000000000, -0.5000000000000032196 ) ) ;
#1569 = CARTESIAN_POINT ( 'NONE',  ( -5.405113052552404262, 53.58999999999999631, 14.92482235592524376 ) ) ;
#1570 = EDGE_LOOP ( 'NONE', ( #7363, #1014, #8176, #6354 ) ) ;
#1571 = CARTESIAN_POINT ( 'NONE',  ( -17.90000022732999696, 34.89320891234596900, 9.299999999999995381 ) ) ;
#1572 = DIRECTION ( 'NONE',  ( 0.5000000000000032196, 0.000000000000000000, 0.8660254037844368202 ) ) ;
#1573 = CARTESIAN_POINT ( 'NONE',  ( -6.621131416319446572, 0.000000000000000000, -9.818616766943927487 ) ) ;
#1574 = VERTEX_POINT ( 'NONE', #4255 ) ;
#1575 = DIRECTION ( 'NONE',  ( -3.663735981263016583E-15, -0.000000000000000000, -1.000000000000000000 ) ) ;
#1576 = LINE ( 'NONE', #10978, #1609 ) ;
#1577 = DIRECTION ( 'NONE',  ( 0.4999999999999968359, 0.000000000000000000, -0.8660254037844404840 ) ) ;
#1578 = ADVANCED_FACE ( 'NONE', ( #11253 ), #18, .T. ) ;
#1579 = VERTEX_POINT ( 'NONE', #9421 ) ;
#1580 = CARTESIAN_POINT ( 'NONE',  ( -14.94930648652537819, 53.58999999999999631, 2.606205588981310051 ) ) ;
#1581 = ORIENTED_EDGE ( 'NONE', *, *, #3882, .F. ) ;
#1582 = DIRECTION ( 'NONE',  ( 3.663735981263016583E-15, 0.000000000000000000, 1.000000000000000000 ) ) ;
#1583 = CARTESIAN_POINT ( 'NONE',  ( 2.923062017653514921, 0.000000000000000000, -14.92482235592523487 ) ) ;
#1584 = DIRECTION ( 'NONE',  ( 0.000000000000000000, -1.000000000000000000, 0.000000000000000000 ) ) ;
#1585 = EDGE_LOOP ( 'NONE', ( #170, #4495, #3466, #4314 ) ) ;
#1586 = LINE ( 'NONE', #8576, #684 ) ;
#1587 = VERTEX_POINT ( 'NONE', #6889 ) ;
#1588 = CARTESIAN_POINT ( 'NONE',  ( 2.923062017653514921, 0.000000000000000000, -14.92482235592523487 ) ) ;
#1589 = CARTESIAN_POINT ( 'NONE',  ( 3.789087421437959069, 0.000000000000000000, -13.42482235592523665 ) ) ;
#1590 = APPROVAL_DATE_TIME ( #6917, #7336 ) ;
#1591 = PLANE ( 'NONE',  #3113 ) ;
#1592 = CARTESIAN_POINT ( 'NONE',  ( 15.06533166297981197, 53.58999999999999631, 4.106205588981306498 ) ) ;
#1593 = CARTESIAN_POINT ( 'NONE',  ( 8.819200360325355703, 53.58999999999999631, -14.92482235592524198 ) ) ;
#1594 = DIRECTION ( 'NONE',  ( 0.5000000000000032196, 0.000000000000000000, 0.8660254037844368202 ) ) ;
#1595 = VERTEX_POINT ( 'NONE', #10390 ) ;
#1596 = AXIS2_PLACEMENT_3D ( 'NONE', #7656, #5951, #5732 ) ;
#1597 = CARTESIAN_POINT ( 'NONE',  ( 10.90124412787684882, 5.500000000000000000, 11.31861676694392571 ) ) ;
#1598 = EDGE_LOOP ( 'NONE', ( #10479, #3082, #7660, #8602 ) ) ;
#1599 = PLANE ( 'NONE',  #5681 ) ;
#1600 = EDGE_CURVE ( 'NONE', #302, #6464, #6942, .T. ) ;
#1601 = ORIENTED_EDGE ( 'NONE', *, *, #9308, .T. ) ;
#1602 = EDGE_CURVE ( 'NONE', #5424, #2232, #8549, .T. ) ;
#1603 = CARTESIAN_POINT ( 'NONE',  ( -1.241025517449447113, 53.58999999999999631, -14.92482235592523487 ) ) ;
#1604 = CARTESIAN_POINT ( 'NONE',  ( 12.11726249164388847, 5.500000000000000000, -6.212411177962620101 ) ) ;
#1605 = DIRECTION ( 'NONE',  ( 0.8660254037844404840, 0.000000000000000000, 0.4999999999999968359 ) ) ;
#1606 = CARTESIAN_POINT ( 'NONE',  ( -12.00123731518945647, 0.000000000000000000, 13.92482235592523487 ) ) ;
#1607 = VERTEX_POINT ( 'NONE', #5979 ) ;
#1608 = CARTESIAN_POINT ( 'NONE',  ( 17.15000000000000213, 52.28232689208745398, -12.60000000000000142 ) ) ;
#1609 = VECTOR ( 'NONE', #2323, 1000.000000000000000 ) ;
#1610 = ADVANCED_FACE ( 'NONE', ( #1673 ), #8667, .T. ) ;
#1611 = ORIENTED_EDGE ( 'NONE', *, *, #9465, .F. ) ;
#1612 = LINE ( 'NONE', #7109, #2973 ) ;
#1613 = VERTEX_POINT ( 'NONE', #5235 ) ;
#1614 = CARTESIAN_POINT ( 'NONE',  ( 4.655112825222401440, 51.99940408041244666, 14.92482235592523665 ) ) ;
#1615 = VERTEX_POINT ( 'NONE', #8719 ) ;
#1616 = ORIENTED_EDGE ( 'NONE', *, *, #7489, .T. ) ;
#1617 = CARTESIAN_POINT ( 'NONE',  ( -13.73328812275833499, 5.500000000000000000, 6.712411177962623654 ) ) ;
#1618 = CARTESIAN_POINT ( 'NONE',  ( -16.94829350482982022, 67.84000000000000341, -18.50000000000000355 ) ) ;
#1619 = ORIENTED_EDGE ( 'NONE', *, *, #6956, .T. ) ;
#1620 = PLANE ( 'NONE',  #6790 ) ;
#1621 = VECTOR ( 'NONE', #6208, 1000.000000000000000 ) ;
#1622 = FACE_OUTER_BOUND ( 'NONE', #8490, .T. ) ;
#1623 = DIRECTION ( 'NONE',  ( -0.5000000000000029976, 0.000000000000000000, -0.8660254037844369313 ) ) ;
#1624 = ORIENTED_EDGE ( 'NONE', *, *, #5784, .F. ) ;
#1625 = ADVANCED_FACE ( 'NONE', ( #9814 ), #7059, .T. ) ;
#1626 = CARTESIAN_POINT ( 'NONE',  ( 9.169193320307966744, 0.000000000000000000, 10.31861676694393104 ) ) ;
#1627 = EDGE_CURVE ( 'NONE', #5812, #594, #9759, .T. ) ;
#1628 = VECTOR ( 'NONE', #6395, 1000.000000000000000 ) ;
#1629 = DIRECTION ( 'NONE',  ( -3.330669073875469621E-15, 0.000000000000000000, -1.000000000000000000 ) ) ;
#1630 = CARTESIAN_POINT ( 'NONE',  ( 20.95000000000000284, 59.69999999999997442, -10.25000000000000000 ) ) ;
#1631 = VERTEX_POINT ( 'NONE', #9869 ) ;
#1632 = DIRECTION ( 'NONE',  ( 0.8660254037844407060, 0.000000000000000000, 0.4999999999999965583 ) ) ;
#1633 = ORIENTED_EDGE ( 'NONE', *, *, #1480, .T. ) ;
#1634 = DIRECTION ( 'NONE',  ( -0.8660254037844369313, -0.000000000000000000, 0.5000000000000029976 ) ) ;
#1635 = CARTESIAN_POINT ( 'NONE',  ( -13.73328812275833499, 53.58999999999999631, 13.92482235592524198 ) ) ;
#1636 = ADVANCED_FACE ( 'NONE', ( #3678 ), #304, .T. ) ;
#1637 = DIRECTION ( 'NONE',  ( -0.000000000000000000, 1.000000000000000000, -0.000000000000000000 ) ) ;
#1638 = VECTOR ( 'NONE', #10783, 1000.000000000000114 ) ;
#1639 = VERTEX_POINT ( 'NONE', #5514 ) ;
#1640 = EDGE_CURVE ( 'NONE', #7618, #8493, #4481, .T. ) ;
#1641 = DIRECTION ( 'NONE',  ( 0.000000000000000000, 0.000000000000000000, 1.000000000000000000 ) ) ;
#1642 = EDGE_CURVE ( 'NONE', #744, #9432, #4598, .T. ) ;
#1643 = ORIENTED_EDGE ( 'NONE', *, *, #1896, .F. ) ;
#1644 = VECTOR ( 'NONE', #2739, 999.9999999999998863 ) ;
#1645 = DIRECTION ( 'NONE',  ( 0.8660254037844407060, 0.000000000000000000, 0.4999999999999965583 ) ) ;
#1646 = DIRECTION ( 'NONE',  ( -0.8660254037844368202, 0.000000000000000000, 0.5000000000000032196 ) ) ;
#1647 = DIRECTION ( 'NONE',  ( -0.8660254037844404840, 0.000000000000000000, -0.4999999999999968359 ) ) ;
#1648 = CARTESIAN_POINT ( 'NONE',  ( -9.919193547637970454, 5.500000000000000000, 11.31861676694392749 ) ) ;
#1649 = LINE ( 'NONE', #11332, #1133 ) ;
#1650 = LINE ( 'NONE', #4006, #198 ) ;
#1651 = VECTOR ( 'NONE', #8808, 1000.000000000000000 ) ;
#1652 = EDGE_LOOP ( 'NONE', ( #486, #3011 ) ) ;
#1653 = VECTOR ( 'NONE', #3715, 1000.000000000000000 ) ;
#1654 = AXIS2_PLACEMENT_3D ( 'NONE', #646, #6883, #10383 ) ;
#1655 = PLANE ( 'NONE',  #8937 ) ;
#1656 = EDGE_LOOP ( 'NONE', ( #10463, #10823, #8296, #9695 ) ) ;
#1657 = DIRECTION ( 'NONE',  ( -0.5000000000000029976, 0.000000000000000000, -0.8660254037844369313 ) ) ;
#1658 = VECTOR ( 'NONE', #10409, 1000.000000000000000 ) ;
#1659 = ORIENTED_EDGE ( 'NONE', *, *, #5628, .F. ) ;
#1660 = DIRECTION ( 'NONE',  ( 3.330669073875469621E-15, 0.000000000000000000, 1.000000000000000000 ) ) ;
#1661 = LINE ( 'NONE', #2525, #2766 ) ;
#1662 = CARTESIAN_POINT ( 'NONE',  ( 5.871131188989438421, 53.58999999999999631, 9.818616766943931040 ) ) ;
#1663 = ORIENTED_EDGE ( 'NONE', *, *, #1256, .F. ) ;
#1664 = CARTESIAN_POINT ( 'NONE',  ( 5.719368572345961077, 5.500000000000000000, -9.906236954515961202 ) ) ;
#1665 = VECTOR ( 'NONE', #9183, 1000.000000000000000 ) ;
#1666 = AXIS2_PLACEMENT_3D ( 'NONE', #3731, #3094, #6588 ) ;
#1667 = VECTOR ( 'NONE', #7204, 1000.000000000000000 ) ;
#1668 = EDGE_CURVE ( 'NONE', #8020, #9809, #1211, .T. ) ;
#1669 = EDGE_LOOP ( 'NONE', ( #1264, #7110, #9974, #10052 ) ) ;
#1670 = LINE ( 'NONE', #8492, #9373 ) ;
#1671 = ORIENTED_EDGE ( 'NONE', *, *, #1139, .T. ) ;
#1672 = PLANE ( 'NONE',  #4071 ) ;
#1673 = FACE_OUTER_BOUND ( 'NONE', #10841, .T. ) ;
#1674 = ORIENTED_EDGE ( 'NONE', *, *, #1419, .T. ) ;
#1675 = ORIENTED_EDGE ( 'NONE', *, *, #9685, .F. ) ;
#1676 = DIRECTION ( 'NONE',  ( 0.000000000000000000, 0.000000000000000000, 1.000000000000000000 ) ) ;
#1677 = VECTOR ( 'NONE', #6129, 999.9999999999998863 ) ;
#1678 = DIRECTION ( 'NONE',  ( -0.4999999999999966138, 0.000000000000000000, 0.8660254037844407060 ) ) ;
#1679 = VECTOR ( 'NONE', #5793, 1000.000000000000114 ) ;
#1680 = ORIENTED_EDGE ( 'NONE', *, *, #4344, .T. ) ;
#1681 = CARTESIAN_POINT ( 'NONE',  ( -8.703175183870934362, 5.500000000000000000, 13.42482235592524020 ) ) ;
#1682 = VECTOR ( 'NONE', #2310, 1000.000000000000000 ) ;
#1683 = CARTESIAN_POINT ( 'NONE',  ( -12.86726271897389751, 0.000000000000000000, -15.42482235592523843 ) ) ;
#1684 = LINE ( 'NONE', #5020, #9283 ) ;
#1685 = EDGE_CURVE ( 'NONE', #7292, #6083, #2012, .T. ) ;
#1686 = ORIENTED_EDGE ( 'NONE', *, *, #7591, .T. ) ;
#1687 = CARTESIAN_POINT ( 'NONE',  ( 10.90124412787683816, 53.58999999999999631, -11.31861676694393282 ) ) ;
#1688 = EDGE_CURVE ( 'NONE', #3515, #4196, #4661, .T. ) ;
#1689 = VECTOR ( 'NONE', #984, 1000.000000000000000 ) ;
#1690 = AXIS2_PLACEMENT_3D ( 'NONE', #8647, #3184, #3872 ) ;
#1691 = CARTESIAN_POINT ( 'NONE',  ( -12.86726271897389751, 0.000000000000000000, -8.212411177962620101 ) ) ;
#1692 = DIRECTION ( 'NONE',  ( -0.000000000000000000, 1.000000000000000000, 0.000000000000000000 ) ) ;
#1693 = ORIENTED_EDGE ( 'NONE', *, *, #2343, .T. ) ;
#1694 = LINE ( 'NONE', #8567, #6280 ) ;
#1695 = VERTEX_POINT ( 'NONE', #5405 ) ;
#1696 = DIRECTION ( 'NONE',  ( 3.330669073875469621E-15, 0.000000000000000000, 1.000000000000000000 ) ) ;
#1697 = CARTESIAN_POINT ( 'NONE',  ( 7.626415859906118477, 5.500000000000000000, -13.20933974900660779 ) ) ;
#1698 = VECTOR ( 'NONE', #3632, 999.9999999999998863 ) ;
#1699 = CARTESIAN_POINT ( 'NONE',  ( -5.755106012535009974, 53.58999999999999631, -10.31861676694393104 ) ) ;
#1700 = ORIENTED_EDGE ( 'NONE', *, *, #8139, .F. ) ;
#1701 = CARTESIAN_POINT ( 'NONE',  ( -17.90000022733000051, 67.84000000000000341, -9.300000000000002487 ) ) ;
#1702 = AXIS2_PLACEMENT_3D ( 'NONE', #9069, #3850, #4831 ) ;
#1703 = EDGE_LOOP ( 'NONE', ( #7091, #1959, #5203, #11189 ) ) ;
#1704 = EDGE_CURVE ( 'NONE', #1820, #1020, #8082, .T. ) ;
#1705 = EDGE_CURVE ( 'NONE', #7435, #5687, #250, .T. ) ;
#1706 = LINE ( 'NONE', #895, #10239 ) ;
#1707 = CARTESIAN_POINT ( 'NONE',  ( 12.11726249164388491, 53.58999999999999631, -13.42482235592523665 ) ) ;
#1708 = ADVANCED_FACE ( 'NONE', ( #133 ), #5577, .T. ) ;
#1709 = EDGE_CURVE ( 'NONE', #964, #3981, #3793, .T. ) ;
#1710 = PLANE ( 'NONE',  #10433 ) ;
#1711 = EDGE_CURVE ( 'NONE', #5846, #7574, #1841, .T. ) ;
#1712 = CARTESIAN_POINT ( 'NONE',  ( -5.731872149187126730, 5.500000000000000000, 9.927893784881201000 ) ) ;
#1713 = FACE_OUTER_BOUND ( 'NONE', #2645, .T. ) ;
#1714 = CARTESIAN_POINT ( 'NONE',  ( -12.86726271897389751, 53.58999999999999631, 6.212411177962620101 ) ) ;
#1715 = ORIENTED_EDGE ( 'NONE', *, *, #7839, .T. ) ;
#1716 = CIRCLE ( 'NONE', #9779, 1.550000000000000266 ) ;
#1717 = ORIENTED_EDGE ( 'NONE', *, *, #8988, .T. ) ;
#1718 = DIRECTION ( 'NONE',  ( -0.8660254037844369313, -0.000000000000000000, 0.5000000000000029976 ) ) ;
#1719 = CIRCLE ( 'NONE', #3194, 11.20031366318018584 ) ;
#1720 = ORIENTED_EDGE ( 'NONE', *, *, #5630, .T. ) ;
#1721 = DIRECTION ( 'NONE',  ( 0.8660254037844368202, -0.000000000000000000, -0.5000000000000032196 ) ) ;
#1722 = DIRECTION ( 'NONE',  ( -1.000000000000000000, 0.000000000000000000, 3.330669073875469621E-15 ) ) ;
#1723 = DIRECTION ( 'NONE',  ( 0.8660254037844407060, 0.000000000000000000, 0.4999999999999966138 ) ) ;
#1724 = CARTESIAN_POINT ( 'NONE',  ( -13.73328812275833499, 0.000000000000000000, -14.92482235592523487 ) ) ;
#1725 = VERTEX_POINT ( 'NONE', #2871 ) ;
#1726 = VECTOR ( 'NONE', #5726, 1000.000000000000000 ) ;
#1727 = ORIENTED_EDGE ( 'NONE', *, *, #5698, .F. ) ;
#1728 = DIRECTION ( 'NONE',  ( -0.000000000000000000, 1.000000000000000000, -0.000000000000000000 ) ) ;
#1729 = ORIENTED_EDGE ( 'NONE', *, *, #381, .F. ) ;
#1730 = LINE ( 'NONE', #9758, #9013 ) ;
#1731 = CARTESIAN_POINT ( 'NONE',  ( 10.90124412787683816, 0.000000000000000000, -11.31861676694393282 ) ) ;
#1732 = ORIENTED_EDGE ( 'NONE', *, *, #4904, .F. ) ;
#1733 = ORIENTED_EDGE ( 'NONE', *, *, #8809, .T. ) ;
#1734 = DIRECTION ( 'NONE',  ( 0.8660254037844407060, 0.000000000000000000, 0.4999999999999965583 ) ) ;
#1735 = FACE_OUTER_BOUND ( 'NONE', #10270, .T. ) ;
#1736 = VECTOR ( 'NONE', #4861, 1000.000000000000000 ) ;
#1737 = ORIENTED_EDGE ( 'NONE', *, *, #5154, .T. ) ;
#1738 = LINE ( 'NONE', #8090, #6056 ) ;
#1739 = CARTESIAN_POINT ( 'NONE',  ( -12.86726271897389040, 0.000000000000000000, 8.212411177962620101 ) ) ;
#1740 = EDGE_CURVE ( 'NONE', #7008, #7807, #9694, .T. ) ;
#1741 = ORIENTED_EDGE ( 'NONE', *, *, #1011, .F. ) ;
#1742 = CARTESIAN_POINT ( 'NONE',  ( 12.98328789542832595, 5.500000000000000000, 0.4999999999999983902 ) ) ;
#1743 = EDGE_CURVE ( 'NONE', #10167, #10360, #2818, .T. ) ;
#1744 = CARTESIAN_POINT ( 'NONE',  ( 10.90124412787687724, 5.500000000000000000, -3.630843668348607986E-14 ) ) ;
#1745 = CARTESIAN_POINT ( 'NONE',  ( 12.98328789542833306, 0.000000000000000000, 14.92482235592523487 ) ) ;
#1746 = EDGE_LOOP ( 'NONE', ( #6198, #11214, #5924, #10610 ) ) ;
#1747 = ORIENTED_EDGE ( 'NONE', *, *, #501, .F. ) ;
#1748 = DIRECTION ( 'NONE',  ( 0.000000000000000000, -1.000000000000000000, 0.000000000000000000 ) ) ;
#1749 = LINE ( 'NONE', #7981, #4105 ) ;
#1750 = ORIENTED_EDGE ( 'NONE', *, *, #3296, .F. ) ;
#1751 = PLANE ( 'NONE',  #10439 ) ;
#1752 = DIRECTION ( 'NONE',  ( -0.000000000000000000, 1.000000000000000000, -0.000000000000000000 ) ) ;
#1753 = ADVANCED_FACE ( 'NONE', ( #8941 ), #3616, .T. ) ;
#1754 = LINE ( 'NONE', #3369, #8812 ) ;
#1755 = ORIENTED_EDGE ( 'NONE', *, *, #3934, .F. ) ;
#1756 = CARTESIAN_POINT ( 'NONE',  ( 13.33328085541092634, 53.58999999999999631, -4.106205588981305610 ) ) ;
#1757 = EDGE_CURVE ( 'NONE', #6746, #776, #7176, .T. ) ;
#1758 = VERTEX_POINT ( 'NONE', #1093 ) ;
#1759 = FACE_OUTER_BOUND ( 'NONE', #9940, .T. ) ;
#1760 = PLANE ( 'NONE',  #3907 ) ;
#1761 = PERSON_AND_ORGANIZATION ( #956, #7698 ) ;
#1762 = PLANE ( 'NONE',  #743 ) ;
#1763 = DIRECTION ( 'NONE',  ( -0.8660254037844407060, 0.000000000000000000, -0.4999999999999966138 ) ) ;
#1764 = CARTESIAN_POINT ( 'NONE',  ( 12.11726249164387781, 53.58999999999999631, -15.42482235592523843 ) ) ;
#1765 = CARTESIAN_POINT ( 'NONE',  ( 0.000000000000000000, 0.000000000000000000, -3.500000000000000000 ) ) ;
#1766 = ORIENTED_EDGE ( 'NONE', *, *, #9056, .T. ) ;
#1767 = ADVANCED_FACE ( 'NONE', ( #5685 ), #1384, .T. ) ;
#1768 = EDGE_CURVE ( 'NONE', #926, #2229, #1432, .T. ) ;
#1769 = EDGE_CURVE ( 'NONE', #1459, #1886, #9177, .T. ) ;
#1770 = EDGE_LOOP ( 'NONE', ( #175, #10010 ) ) ;
#1771 = CARTESIAN_POINT ( 'NONE',  ( -16.00000102328300500, 67.84000000000000341, 9.299999999999995381 ) ) ;
#1772 = VERTEX_POINT ( 'NONE', #9286 ) ;
#1773 = LINE ( 'NONE', #6758, #6041 ) ;
#1774 = LINE ( 'NONE', #8180, #3186 ) ;
#1775 = CARTESIAN_POINT ( 'NONE',  ( 0.000000000000000000, 0.000000000000000000, 0.000000000000000000 ) ) ;
#1776 = DIRECTION ( 'NONE',  ( -0.000000000000000000, -1.000000000000000000, -0.000000000000000000 ) ) ;
#1777 = ORIENTED_EDGE ( 'NONE', *, *, #4726, .F. ) ;
#1778 = EDGE_CURVE ( 'NONE', #7666, #1213, #4075, .T. ) ;
#1779 = EDGE_CURVE ( 'NONE', #5053, #4674, #3217, .T. ) ;
#1780 = VERTEX_POINT ( 'NONE', #1329 ) ;
#1781 = LINE ( 'NONE', #7173, #7360 ) ;
#1782 = EDGE_CURVE ( 'NONE', #9884, #5632, #354, .T. ) ;
#1783 = ORIENTED_EDGE ( 'NONE', *, *, #4176, .F. ) ;
#1784 = LINE ( 'NONE', #2595, #4438 ) ;
#1785 = DIRECTION ( 'NONE',  ( 0.8660254037844407060, 0.000000000000000000, 0.4999999999999966138 ) ) ;
#1786 = EDGE_LOOP ( 'NONE', ( #5795, #5352, #6341, #8514, #3143, #8956 ) ) ;
#1787 = EDGE_LOOP ( 'NONE', ( #8743, #5579, #2623, #8832 ) ) ;
#1788 = LINE ( 'NONE', #2702, #4827 ) ;
#1789 = LINE ( 'NONE', #3914, #4113 ) ;
#1790 = ORIENTED_EDGE ( 'NONE', *, *, #3447, .F. ) ;
#1791 = LINE ( 'NONE', #9647, #11000 ) ;
#1792 = DIRECTION ( 'NONE',  ( 1.000000000000000000, -0.000000000000000000, -0.000000000000000000 ) ) ;
#1793 = ORIENTED_EDGE ( 'NONE', *, *, #5950, .T. ) ;
#1794 = PLANE ( 'NONE',  #10997 ) ;
#1795 = VECTOR ( 'NONE', #7083, 1000.000000000000000 ) ;
#1796 = LINE ( 'NONE', #938, #1621 ) ;
#1797 = EDGE_CURVE ( 'NONE', #10215, #1772, #6707, .T. ) ;
#1798 = DIRECTION ( 'NONE',  ( 0.000000000000000000, 0.000000000000000000, 1.000000000000000000 ) ) ;
#1799 = EDGE_LOOP ( 'NONE', ( #6404, #217, #7629, #3889 ) ) ;
#1800 = ORIENTED_EDGE ( 'NONE', *, *, #9264, .T. ) ;
#1801 = CARTESIAN_POINT ( 'NONE',  ( -13.73328812275833144, 53.58999999999999631, -13.92482235592523310 ) ) ;
#1802 = CARTESIAN_POINT ( 'NONE',  ( 5.719368572345943313, 5.500000000000000000, -9.906236954515931004 ) ) ;
#1803 = ORIENTED_EDGE ( 'NONE', *, *, #5722, .T. ) ;
#1804 = FACE_OUTER_BOUND ( 'NONE', #2839, .T. ) ;
#1805 = LINE ( 'NONE', #10633, #3030 ) ;
#1806 = CARTESIAN_POINT ( 'NONE',  ( -13.73328812275833499, 53.58999999999999631, -14.92482235592523487 ) ) ;
#1807 = AXIS2_PLACEMENT_3D ( 'NONE', #5615, #6644, #340 ) ;
#1808 = CARTESIAN_POINT ( 'NONE',  ( 8.819200360325362809, 51.99940408041244666, 13.92482235592523310 ) ) ;
#1809 = EDGE_CURVE ( 'NONE', #6530, #10667, #2352, .T. ) ;
#1810 = VERTEX_POINT ( 'NONE', #3846 ) ;
#1811 = DIRECTION ( 'NONE',  ( 0.000000000000000000, 0.000000000000000000, -1.000000000000000000 ) ) ;
#1812 = CARTESIAN_POINT ( 'NONE',  ( -16.00000000000000355, 53.58999999999999631, 18.49999999999999645 ) ) ;
#1813 = LINE ( 'NONE', #1939, #10984 ) ;
#1814 = VECTOR ( 'NONE', #4029, 1000.000000000000000 ) ;
#1815 = CARTESIAN_POINT ( 'NONE',  ( 4.655112825222396111, 53.58999999999999631, -13.92482235592524020 ) ) ;
#1816 = EDGE_LOOP ( 'NONE', ( #10382, #6319, #4855, #4468 ) ) ;
#1817 = LINE ( 'NONE', #2632, #2233 ) ;
#1818 = CARTESIAN_POINT ( 'NONE',  ( 3.789087421437952408, 53.58999999999999631, -15.42482235592523843 ) ) ;
#1819 = EDGE_CURVE ( 'NONE', #5846, #3293, #9994, .T. ) ;
#1820 = VERTEX_POINT ( 'NONE', #9236 ) ;
#1821 = VECTOR ( 'NONE', #2188, 1000.000000000000000 ) ;
#1822 = ORIENTED_EDGE ( 'NONE', *, *, #4437, .F. ) ;
#1823 = EDGE_CURVE ( 'NONE', #11177, #2932, #9343, .T. ) ;
#1824 = DIRECTION ( 'NONE',  ( 0.000000000000000000, 1.000000000000000000, 0.000000000000000000 ) ) ;
#1825 = ORIENTED_EDGE ( 'NONE', *, *, #8216, .T. ) ;
#1826 = EDGE_CURVE ( 'NONE', #4606, #3978, #2134, .T. ) ;
#1827 = DIRECTION ( 'NONE',  ( 0.4999999999999968359, 0.000000000000000000, -0.8660254037844404840 ) ) ;
#1828 = CARTESIAN_POINT ( 'NONE',  ( 0.4910252901194391839, 51.99940408041244666, 14.92482235592523487 ) ) ;
#1829 = AXIS2_PLACEMENT_3D ( 'NONE', #10942, #3835, #10083 ) ;
#1830 = CARTESIAN_POINT ( 'NONE',  ( -5.755106012535013527, 53.58999999999999631, 10.31861676694392571 ) ) ;
#1831 = DIRECTION ( 'NONE',  ( -0.8660254037844368202, 0.000000000000000000, 0.5000000000000032196 ) ) ;
#1832 = EDGE_CURVE ( 'NONE', #852, #9269, #474, .T. ) ;
#1833 = EDGE_LOOP ( 'NONE', ( #6059, #3691, #7035, #2859, #167, #3806 ) ) ;
#1834 = VECTOR ( 'NONE', #2939, 1000.000000000000000 ) ;
#1835 = VECTOR ( 'NONE', #4448, 1000.000000000000000 ) ;
#1836 = ORIENTED_EDGE ( 'NONE', *, *, #937, .F. ) ;
#1837 = DIRECTION ( 'NONE',  ( 0.8660254037844368202, -0.000000000000000000, -0.5000000000000032196 ) ) ;
#1838 = VERTEX_POINT ( 'NONE', #1266 ) ;
#1839 = DIRECTION ( 'NONE',  ( -0.000000000000000000, 1.000000000000000000, -0.000000000000000000 ) ) ;
#1840 = EDGE_CURVE ( 'NONE', #10203, #3421, #10904, .T. ) ;
#1841 = LINE ( 'NONE', #8887, #8030 ) ;
#1842 = EDGE_CURVE ( 'NONE', #5980, #1020, #2300, .T. ) ;
#1843 = EDGE_LOOP ( 'NONE', ( #7057, #1344, #8872, #10732 ) ) ;
#1844 = ORIENTED_EDGE ( 'NONE', *, *, #4223, .F. ) ;
#1845 = DIRECTION ( 'NONE',  ( -0.4999999999999966138, 0.000000000000000000, 0.8660254037844407060 ) ) ;
#1846 = CARTESIAN_POINT ( 'NONE',  ( -12.17371385132413053, 51.99940408041244666, 20.23681290845412306 ) ) ;
#1847 = ORIENTED_EDGE ( 'NONE', *, *, #10964, .F. ) ;
#1848 = EDGE_CURVE ( 'NONE', #8092, #10716, #10157, .T. ) ;
#1849 = DIRECTION ( 'NONE',  ( -0.000000000000000000, 1.000000000000000000, -0.000000000000000000 ) ) ;
#1850 = CARTESIAN_POINT ( 'NONE',  ( -14.08328108274093360, 0.000000000000000000, 4.106205588981307386 ) ) ;
#1851 = VECTOR ( 'NONE', #3088, 1000.000000000000000 ) ;
#1852 = EDGE_LOOP ( 'NONE', ( #10111, #1998, #894, #7327 ) ) ;
#1853 = VECTOR ( 'NONE', #9256, 1000.000000000000000 ) ;
#1854 = FACE_OUTER_BOUND ( 'NONE', #3659, .T. ) ;
#1855 = CIRCLE ( 'NONE', #8796, 1.550000000000000266 ) ;
#1856 = DIRECTION ( 'NONE',  ( -0.8660254037844369313, -0.000000000000000000, 0.5000000000000029976 ) ) ;
#1857 = CARTESIAN_POINT ( 'NONE',  ( -8.184622796212426721, 51.99940408041244666, 27.14612129192608236 ) ) ;
#1858 = VECTOR ( 'NONE', #643, 999.9999999999998863 ) ;
#1859 = VECTOR ( 'NONE', #7333, 1000.000000000000000 ) ;
#1860 = ORIENTED_EDGE ( 'NONE', *, *, #5648, .F. ) ;
#1861 = VECTOR ( 'NONE', #3464, 1000.000000000000000 ) ;
#1862 = ORIENTED_EDGE ( 'NONE', *, *, #4004, .F. ) ;
#1863 = DIRECTION ( 'NONE',  ( -0.8660254037844404840, 0.000000000000000000, -0.4999999999999968359 ) ) ;
#1864 = DIRECTION ( 'NONE',  ( -3.663735981263016583E-15, -0.000000000000000000, -1.000000000000000000 ) ) ;
#1865 = EDGE_LOOP ( 'NONE', ( #1173, #7124, #4906, #8506 ) ) ;
#1866 = DIRECTION ( 'NONE',  ( 0.8660254037844368202, -0.000000000000000000, -0.5000000000000032196 ) ) ;
#1867 = LINE ( 'NONE', #1180, #5411 ) ;
#1868 = CARTESIAN_POINT ( 'NONE',  ( 7.087149552756481619, 53.58999999999999631, -13.92482235592523310 ) ) ;
#1869 = AXIS2_PLACEMENT_3D ( 'NONE', #2854, #4811, #3774 ) ;
#1870 = VECTOR ( 'NONE', #4357, 1000.000000000000114 ) ;
#1871 = PLANE ( 'NONE',  #11121 ) ;
#1872 = CARTESIAN_POINT ( 'NONE',  ( -8.703175183870927256, 0.000000000000000000, -13.42482235592523665 ) ) ;
#1873 = ORIENTED_EDGE ( 'NONE', *, *, #1292, .T. ) ;
#1874 = PLANE ( 'NONE',  #6937 ) ;
#1875 = CARTESIAN_POINT ( 'NONE',  ( -9.569200587655371848, 53.58999999999999631, -14.92482235592523487 ) ) ;
#1876 = VECTOR ( 'NONE', #9933, 1000.000000000000114 ) ;
#1877 = VERTEX_POINT ( 'NONE', #5798 ) ;
#1878 = CARTESIAN_POINT ( 'NONE',  ( 5.005105785205005375, 53.58999999999999631, 11.31861676694393459 ) ) ;
#1879 = LINE ( 'NONE', #7145, #10710 ) ;
#1880 = ORIENTED_EDGE ( 'NONE', *, *, #5825, .F. ) ;
#1881 = LINE ( 'NONE', #7781, #49 ) ;
#1882 = DIRECTION ( 'NONE',  ( -0.000000000000000000, 1.000000000000000000, -0.000000000000000000 ) ) ;
#1883 = EDGE_CURVE ( 'NONE', #5768, #1138, #10843, .T. ) ;
#1884 = ORIENTED_EDGE ( 'NONE', *, *, #1705, .T. ) ;
#1885 = VECTOR ( 'NONE', #10537, 1000.000000000000000 ) ;
#1886 = VERTEX_POINT ( 'NONE', #2996 ) ;
#1887 = EDGE_CURVE ( 'NONE', #3213, #9248, #8363, .T. ) ;
#1888 = LINE ( 'NONE', #6181, #165 ) ;
#1889 = VERTEX_POINT ( 'NONE', #523 ) ;
#1890 = FACE_OUTER_BOUND ( 'NONE', #6557, .T. ) ;
#1891 = DIRECTION ( 'NONE',  ( 0.000000000000000000, 0.000000000000000000, -1.000000000000000000 ) ) ;
#1892 = DIRECTION ( 'NONE',  ( -3.663735981263016583E-15, 0.000000000000000000, -1.000000000000000000 ) ) ;
#1893 = VECTOR ( 'NONE', #6546, 1000.000000000000000 ) ;
#1894 = LINE ( 'NONE', #10665, #8994 ) ;
#1895 = PLANE ( 'NONE',  #575 ) ;
#1896 = EDGE_CURVE ( 'NONE', #3915, #5512, #4938, .T. ) ;
#1897 = ORIENTED_EDGE ( 'NONE', *, *, #4851, .T. ) ;
#1898 = AXIS2_PLACEMENT_3D ( 'NONE', #3496, #8818, #5168 ) ;
#1899 = ORIENTED_EDGE ( 'NONE', *, *, #5806, .T. ) ;
#1900 = EDGE_CURVE ( 'NONE', #3293, #10908, #688, .T. ) ;
#1901 = DIRECTION ( 'NONE',  ( -0.8660254037844369313, 0.000000000000000000, 0.5000000000000029976 ) ) ;
#1902 = ORIENTED_EDGE ( 'NONE', *, *, #4991, .T. ) ;
#1903 = CARTESIAN_POINT ( 'NONE',  ( 11.25123708785944032, 53.58999999999999631, -14.92482235592523487 ) ) ;
#1904 = CARTESIAN_POINT ( 'NONE',  ( 5.719368572345982393, 5.500000000000000000, -9.906236954515998505 ) ) ;
#1905 = ORIENTED_EDGE ( 'NONE', *, *, #6221, .T. ) ;
#1906 = ORIENTED_EDGE ( 'NONE', *, *, #8858, .T. ) ;
#1907 = LINE ( 'NONE', #9594, #7205 ) ;
#1908 = CARTESIAN_POINT ( 'NONE',  ( 7.087149552756477178, 0.000000000000000000, -14.92482235592523487 ) ) ;
#1909 = ORIENTED_EDGE ( 'NONE', *, *, #11143, .F. ) ;
#1910 = DIRECTION ( 'NONE',  ( -3.663735981263016583E-15, 0.000000000000000000, -1.000000000000000000 ) ) ;
#1911 = LINE ( 'NONE', #3623, #9917 ) ;
#1912 = VERTEX_POINT ( 'NONE', #5965 ) ;
#1913 = AXIS2_PLACEMENT_3D ( 'NONE', #9609, #10629, #9778 ) ;
#1914 = CARTESIAN_POINT ( 'NONE',  ( 17.15000000000000213, 52.28232689208745398, -12.60000000000000142 ) ) ;
#1915 = ADVANCED_FACE ( 'NONE', ( #11178 ), #3332, .T. ) ;
#1916 = EDGE_CURVE ( 'NONE', #6782, #2187, #6823, .T. ) ;
#1917 = EDGE_CURVE ( 'NONE', #8885, #236, #638, .T. ) ;
#1918 = EDGE_LOOP ( 'NONE', ( #10091, #2348, #10533, #6721, #10146, #6273 ) ) ;
#1919 = EDGE_CURVE ( 'NONE', #7313, #1196, #805, .T. ) ;
#1920 = LINE ( 'NONE', #201, #6981 ) ;
#1921 = VECTOR ( 'NONE', #1302, 1000.000000000000000 ) ;
#1922 = ORIENTED_EDGE ( 'NONE', *, *, #6120, .T. ) ;
#1923 = ORIENTED_EDGE ( 'NONE', *, *, #2271, .T. ) ;
#1924 = CARTESIAN_POINT ( 'NONE',  ( 7.087149552756477178, 5.500000000000000000, -14.92482235592523487 ) ) ;
#1925 = CARTESIAN_POINT ( 'NONE',  ( 0.000000000000000000, 53.58999999999999631, 0.000000000000000000 ) ) ;
#1926 = ORIENTED_EDGE ( 'NONE', *, *, #154, .T. ) ;
#1927 = DIRECTION ( 'NONE',  ( -0.8660254037844404840, -0.000000000000000000, -0.4999999999999968359 ) ) ;
#1928 = DIRECTION ( 'NONE',  ( -0.000000000000000000, 1.000000000000000000, -0.000000000000000000 ) ) ;
#1929 = DIRECTION ( 'NONE',  ( -1.000000000000000000, 0.000000000000000000, -0.000000000000000000 ) ) ;
#1930 = VECTOR ( 'NONE', #10358, 1000.000000000000000 ) ;
#1931 = ADVANCED_FACE ( 'NONE', ( #1548 ), #8708, .F. ) ;
#1932 = DIRECTION ( 'NONE',  ( 0.8660254037844407060, 0.000000000000000000, 0.4999999999999966138 ) ) ;
#1933 = CARTESIAN_POINT ( 'NONE',  ( -3.649828381635732200, 5.500000000000000000, 6.321688195900030394 ) ) ;
#1934 = ORIENTED_EDGE ( 'NONE', *, *, #6935, .T. ) ;
#1935 = FACE_OUTER_BOUND ( 'NONE', #908, .T. ) ;
#1936 = EDGE_CURVE ( 'NONE', #8864, #5512, #4127, .T. ) ;
#1937 = PLANE ( 'NONE',  #3532 ) ;
#1938 = EDGE_LOOP ( 'NONE', ( #4500, #726, #8971, #2311, #7467, #7049 ) ) ;
#1939 = CARTESIAN_POINT ( 'NONE',  ( -12.00123731518945647, 53.58999999999999631, 6.712411177962616549 ) ) ;
#1940 = DIRECTION ( 'NONE',  ( 0.8660254037844407060, 0.000000000000000000, 0.4999999999999966138 ) ) ;
#1941 = LINE ( 'NONE', #10821, #1501 ) ;
#1942 = LINE ( 'NONE', #8870, #590 ) ;
#1943 = ORIENTED_EDGE ( 'NONE', *, *, #4367, .F. ) ;
#1944 = ORIENTED_EDGE ( 'NONE', *, *, #602, .T. ) ;
#1945 = CARTESIAN_POINT ( 'NONE',  ( 11.25123708785944388, 53.58999999999999631, -0.4999999999999954481 ) ) ;
#1946 = ORIENTED_EDGE ( 'NONE', *, *, #1990, .F. ) ;
#1947 = CARTESIAN_POINT ( 'NONE',  ( -7.487156820103891164, 5.500000000000000000, 10.31861676694393282 ) ) ;
#1948 = FACE_OUTER_BOUND ( 'NONE', #7928, .T. ) ;
#1949 = PLANE ( 'NONE',  #3494 ) ;
#1950 = DIRECTION ( 'NONE',  ( -0.000000000000000000, 1.000000000000000000, -0.000000000000000000 ) ) ;
#1951 = FACE_OUTER_BOUND ( 'NONE', #281, .T. ) ;
#1952 = ORIENTED_EDGE ( 'NONE', *, *, #9607, .T. ) ;
#1953 = ADVANCED_FACE ( 'NONE', ( #3437 ), #1599, .T. ) ;
#1954 = DIRECTION ( 'NONE',  ( -0.5000000000000029976, 0.000000000000000000, -0.8660254037844369313 ) ) ;
#1955 = ORIENTED_EDGE ( 'NONE', *, *, #8688, .T. ) ;
#1956 = LINE ( 'NONE', #8190, #11218 ) ;
#1957 = DIRECTION ( 'NONE',  ( 3.663735981263016583E-15, 0.000000000000000000, 1.000000000000000000 ) ) ;
#1958 = EDGE_LOOP ( 'NONE', ( #1034, #6235, #8707, #9936 ) ) ;
#1959 = ORIENTED_EDGE ( 'NONE', *, *, #5362, .F. ) ;
#1960 = DIRECTION ( 'NONE',  ( -0.8660254037844369313, 0.000000000000000000, 0.5000000000000029976 ) ) ;
#1961 = CARTESIAN_POINT ( 'NONE',  ( 0.000000000000000000, 5.499999999999998224, 0.000000000000000000 ) ) ;
#1962 = ORIENTED_EDGE ( 'NONE', *, *, #6293, .T. ) ;
#1963 = DIRECTION ( 'NONE',  ( -0.8660254037844368202, 0.000000000000000000, 0.5000000000000032196 ) ) ;
#1964 = CARTESIAN_POINT ( 'NONE',  ( -1.241025517449442006, 0.000000000000000000, 13.92482235592524020 ) ) ;
#1965 = ORIENTED_EDGE ( 'NONE', *, *, #1496, .F. ) ;
#1966 = DIRECTION ( 'NONE',  ( -0.000000000000000000, 1.000000000000000000, -0.000000000000000000 ) ) ;
#1967 = EDGE_CURVE ( 'NONE', #8868, #5972, #7617, .T. ) ;
#1968 = ORIENTED_EDGE ( 'NONE', *, *, #8844, .T. ) ;
#1969 = LINE ( 'NONE', #5469, #10464 ) ;
#1970 = ORIENTED_EDGE ( 'NONE', *, *, #8006, .T. ) ;
#1971 = VERTEX_POINT ( 'NONE', #4300 ) ;
#1972 = DIRECTION ( 'NONE',  ( 0.000000000000000000, 0.000000000000000000, -1.000000000000000000 ) ) ;
#1973 = LINE ( 'NONE', #7252, #6850 ) ;
#1974 = EDGE_CURVE ( 'NONE', #8766, #3393, #7733, .T. ) ;
#1975 = ORIENTED_EDGE ( 'NONE', *, *, #1221, .T. ) ;
#1976 = CARTESIAN_POINT ( 'NONE',  ( 12.98328789542832773, 52.28232689208745398, -12.59999999999998721 ) ) ;
#1977 = DIRECTION ( 'NONE',  ( -0.000000000000000000, 1.000000000000000000, -0.000000000000000000 ) ) ;
#1978 = PLANE ( 'NONE',  #1556 ) ;
#1979 = EDGE_CURVE ( 'NONE', #7229, #3697, #11240, .T. ) ;
#1980 = LINE ( 'NONE', #153, #55 ) ;
#1981 = AXIS2_PLACEMENT_3D ( 'NONE', #3128, #4154, #9208 ) ;
#1982 = DIRECTION ( 'NONE',  ( 0.000000000000000000, 0.000000000000000000, 1.000000000000000000 ) ) ;
#1983 = CARTESIAN_POINT ( 'NONE',  ( 5.871131188989438421, 0.000000000000000000, 9.818616766943931040 ) ) ;
#1984 = ORIENTED_EDGE ( 'NONE', *, *, #8988, .F. ) ;
#1985 = PLANE ( 'NONE',  #10789 ) ;
#1986 = CARTESIAN_POINT ( 'NONE',  ( -16.00000000000000355, 67.84000000000000341, -18.50000000000000355 ) ) ;
#1987 = EDGE_CURVE ( 'NONE', #2066, #6527, #3387, .T. ) ;
#1988 = VERTEX_POINT ( 'NONE', #2414 ) ;
#1989 = FACE_OUTER_BOUND ( 'NONE', #749, .T. ) ;
#1990 = EDGE_CURVE ( 'NONE', #7055, #4108, #4180, .T. ) ;
#1991 = CARTESIAN_POINT ( 'NONE',  ( -20.95000000000000639, 53.58999999999999631, -18.50000000000000355 ) ) ;
#1992 = ORIENTED_EDGE ( 'NONE', *, *, #356, .F. ) ;
#1993 = ADVANCED_FACE ( 'NONE', ( #11290 ), #5226, .T. ) ;
#1994 = DIRECTION ( 'NONE',  ( -0.000000000000000000, 1.000000000000000000, -0.000000000000000000 ) ) ;
#1995 = VECTOR ( 'NONE', #5164, 1000.000000000000000 ) ;
#1996 = DIRECTION ( 'NONE',  ( -0.000000000000000000, 1.000000000000000000, -0.000000000000000000 ) ) ;
#1997 = EDGE_LOOP ( 'NONE', ( #10489, #2216, #6732, #6110 ) ) ;
#1998 = ORIENTED_EDGE ( 'NONE', *, *, #6403, .F. ) ;
#1999 = VECTOR ( 'NONE', #4116, 1000.000000000000000 ) ;
#2000 = CARTESIAN_POINT ( 'NONE',  ( 0.000000000000000000, 67.84000000000000341, 0.000000000000000000 ) ) ;
#2001 = EDGE_LOOP ( 'NONE', ( #10970, #4781, #703, #1206, #6107, #9046 ) ) ;
#2002 = DIRECTION ( 'NONE',  ( 0.4999999999999968359, 0.000000000000000000, -0.8660254037844404840 ) ) ;
#2003 = LINE ( 'NONE', #9054, #5757 ) ;
#2004 = PLANE ( 'NONE',  #5330 ) ;
#2005 = CARTESIAN_POINT ( 'NONE',  ( -9.895959684290236424, 5.500000000000000000, -17.14030496284381400 ) ) ;
#2006 = DIRECTION ( 'NONE',  ( -0.000000000000000000, 1.000000000000000000, -0.000000000000000000 ) ) ;
#2007 = ORIENTED_EDGE ( 'NONE', *, *, #3874, .T. ) ;
#2008 = VECTOR ( 'NONE', #7802, 1000.000000000000227 ) ;
#2009 = LINE ( 'NONE', #3735, #2423 ) ;
#2010 = EDGE_LOOP ( 'NONE', ( #2072, #872, #5836, #8731 ) ) ;
#2011 = CARTESIAN_POINT ( 'NONE',  ( 12.11726249164389380, 51.99940408041244666, 15.42482235592523843 ) ) ;
#2012 = LINE ( 'NONE', #1159, #4017 ) ;
#2013 = AXIS2_PLACEMENT_3D ( 'NONE', #856, #4350, #7838 ) ;
#2014 = ORIENTED_EDGE ( 'NONE', *, *, #3949, .F. ) ;
#2015 = ORIENTED_EDGE ( 'NONE', *, *, #4492, .T. ) ;
#2016 = CARTESIAN_POINT ( 'NONE',  ( -13.73328812275838473, 5.500000000000000000, 5.031514183640192123E-14 ) ) ;
#2017 = CARTESIAN_POINT ( 'NONE',  ( -12.00123731518945291, 53.58999999999999631, 14.92482235592523665 ) ) ;
#2018 = ORIENTED_EDGE ( 'NONE', *, *, #172, .F. ) ;
#2019 = CARTESIAN_POINT ( 'NONE',  ( -5.405113052552404262, 0.000000000000000000, 14.92482235592524376 ) ) ;
#2020 = CARTESIAN_POINT ( 'NONE',  ( -0.3750001136650048528, 53.58999999999999631, 13.42482235592523665 ) ) ;
#2021 = VERTEX_POINT ( 'NONE', #4 ) ;
#2022 = DIRECTION ( 'NONE',  ( -0.000000000000000000, 1.000000000000000000, -0.000000000000000000 ) ) ;
#2023 = VECTOR ( 'NONE', #10544, 1000.000000000000114 ) ;
#2024 = EDGE_CURVE ( 'NONE', #1395, #4865, #10494, .T. ) ;
#2025 = VECTOR ( 'NONE', #10236, 999.9999999999998863 ) ;
#2026 = ORIENTED_EDGE ( 'NONE', *, *, #516, .F. ) ;
#2027 = CARTESIAN_POINT ( 'NONE',  ( -11.65124435520689161, 5.500000000000000000, 4.268708317065910161E-14 ) ) ;
#2028 = ORIENTED_EDGE ( 'NONE', *, *, #5205, .T. ) ;
#2030 = EDGE_CURVE ( 'NONE', #6115, #6299, #1773, .T. ) ;
#2029 = VECTOR ( 'NONE', #2767, 1000.000000000000000 ) ;
#2031 = ORIENTED_EDGE ( 'NONE', *, *, #9338, .F. ) ;
#2032 = DIRECTION ( 'NONE',  ( -0.8660254037844368202, 0.000000000000000000, 0.5000000000000032196 ) ) ;
#2033 = VECTOR ( 'NONE', #1179, 1000.000000000000000 ) ;
#2034 = VERTEX_POINT ( 'NONE', #5052 ) ;
#2035 = LINE ( 'NONE', #7420, #7159 ) ;
#2036 = AXIS2_PLACEMENT_3D ( 'NONE', #4563, #9843, #8911 ) ;
#2037 = DIRECTION ( 'NONE',  ( 0.5000000000000032196, 0.000000000000000000, 0.8660254037844368202 ) ) ;
#2038 = CARTESIAN_POINT ( 'NONE',  ( 12.11726249164387781, 53.58999999999999631, -15.42482235592523843 ) ) ;
#2039 = FACE_OUTER_BOUND ( 'NONE', #6569, .T. ) ;
#2040 = ADVANCED_FACE ( 'NONE', ( #5910 ), #9406, .F. ) ;
#2041 = VECTOR ( 'NONE', #5740, 1000.000000000000000 ) ;
#2042 = VECTOR ( 'NONE', #6210, 1000.000000000000000 ) ;
#2043 = DIRECTION ( 'NONE',  ( -0.5000000000000029976, 0.000000000000000000, -0.8660254037844369313 ) ) ;
#2044 = DIRECTION ( 'NONE',  ( 1.000000000000000000, -0.000000000000000000, -0.000000000000000000 ) ) ;
#2045 = EDGE_LOOP ( 'NONE', ( #8440, #196, #5552, #9867 ) ) ;
#2046 = EDGE_CURVE ( 'NONE', #11004, #926, #9857, .T. ) ;
#2047 = DIRECTION ( 'NONE',  ( 3.330669073875469621E-15, 0.000000000000000000, 1.000000000000000000 ) ) ;
#2048 = CARTESIAN_POINT ( 'NONE',  ( 10.03521872409240423, 0.000000000000000000, -9.818616766943927487 ) ) ;
#2049 = EDGE_LOOP ( 'NONE', ( #3182, #3625, #2700, #7954, #10749, #4741 ) ) ;
#2050 = DIRECTION ( 'NONE',  ( 0.4999999999999968359, 0.000000000000000000, -0.8660254037844404840 ) ) ;
#2051 = LINE ( 'NONE', #3773, #8133 ) ;
#2052 = VECTOR ( 'NONE', #5441, 1000.000000000000114 ) ;
#2053 = AXIS2_PLACEMENT_3D ( 'NONE', #8648, #7891, #965 ) ;
#2054 = AXIS2_PLACEMENT_3D ( 'NONE', #3344, #10503, #6142 ) ;
#2055 = CARTESIAN_POINT ( 'NONE',  ( 12.11726249164389202, 53.58999999999999631, 14.42482235592523665 ) ) ;
#2056 = DIRECTION ( 'NONE',  ( -0.4999999999999966138, 0.000000000000000000, 0.8660254037844407060 ) ) ;
#2057 = ORIENTED_EDGE ( 'NONE', *, *, #10818, .T. ) ;
#2058 = EDGE_CURVE ( 'NONE', #4519, #4568, #9743, .T. ) ;
#2059 = ADVANCED_FACE ( 'NONE', ( #1082 ), #9803, .T. ) ;
#2060 = ORIENTED_EDGE ( 'NONE', *, *, #2619, .T. ) ;
#2061 = EDGE_CURVE ( 'NONE', #11111, #7351, #3662, .T. ) ;
#2062 = EDGE_CURVE ( 'NONE', #4674, #4094, #67, .T. ) ;
#2063 = AXIS2_PLACEMENT_3D ( 'NONE', #4792, #8278, #1232 ) ;
#2064 = EDGE_CURVE ( 'NONE', #7604, #221, #10662, .T. ) ;
#2065 = CARTESIAN_POINT ( 'NONE',  ( -6.999998126900004891, 0.000000000000000000, -3.469446951953614189E-15 ) ) ;
#2066 = VERTEX_POINT ( 'NONE', #8930 ) ;
#2067 = CARTESIAN_POINT ( 'NONE',  ( 8.819200360325359256, 53.58999999999999631, -13.92482235592524020 ) ) ;
#2068 = DIRECTION ( 'NONE',  ( -0.000000000000000000, 1.000000000000000000, -0.000000000000000000 ) ) ;
#2069 = LINE ( 'NONE', #10397, #6424 ) ;
#2070 = CARTESIAN_POINT ( 'NONE',  ( 14.19930625919537093, 0.000000000000000000, -2.606205588981308274 ) ) ;
#2071 = LINE ( 'NONE', #2182, #10437 ) ;
#2072 = ORIENTED_EDGE ( 'NONE', *, *, #10873, .T. ) ;
#2073 = ADVANCED_FACE ( 'NONE', ( #6414 ), #7955, .T. ) ;
#2074 = CARTESIAN_POINT ( 'NONE',  ( 6.999998126899990680, 0.000000000000000000, 1.549999999999996714 ) ) ;
#2075 = VECTOR ( 'NONE', #6560, 1000.000000000000114 ) ;
#2076 = ORIENTED_EDGE ( 'NONE', *, *, #2272, .F. ) ;
#2077 = DIRECTION ( 'NONE',  ( 1.000000000000000000, -0.000000000000000000, -0.000000000000000000 ) ) ;
#2078 = DIRECTION ( 'NONE',  ( -1.000000000000000000, 0.000000000000000000, 0.000000000000000000 ) ) ;
#2079 = EDGE_LOOP ( 'NONE', ( #2425, #6094, #4271, #3990 ) ) ;
#2080 = ORIENTED_EDGE ( 'NONE', *, *, #8149, .F. ) ;
#2081 = DIRECTION ( 'NONE',  ( 0.8660254037844369313, 0.000000000000000000, -0.5000000000000029976 ) ) ;
#2082 = CARTESIAN_POINT ( 'NONE',  ( 11.04386476095264236, 52.28232689208745398, -2.023863528083150953 ) ) ;
#2083 = ORIENTED_EDGE ( 'NONE', *, *, #6519, .F. ) ;
#2084 = FACE_OUTER_BOUND ( 'NONE', #11212, .T. ) ;
#2085 = CARTESIAN_POINT ( 'NONE',  ( 12.98328789542832418, 53.58999999999999631, 6.712411177962614772 ) ) ;
#2086 = ORIENTED_EDGE ( 'NONE', *, *, #8990, .T. ) ;
#2087 = LINE ( 'NONE', #5755, #7149 ) ;
#2088 = VECTOR ( 'NONE', #10432, 1000.000000000000114 ) ;
#2089 = VERTEX_POINT ( 'NONE', #3553 ) ;
#2090 = CARTESIAN_POINT ( 'NONE',  ( -13.75405636894925543, 51.99940408041244666, 7.700420625433789468 ) ) ;
#2091 = ORIENTED_EDGE ( 'NONE', *, *, #2548, .T. ) ;
#2092 = EDGE_CURVE ( 'NONE', #9767, #5252, #2690, .T. ) ;
#2093 = ORIENTED_EDGE ( 'NONE', *, *, #2146, .F. ) ;
#2094 = LINE ( 'NONE', #8156, #8662 ) ;
#2095 = LINE ( 'NONE', #4845, #2462 ) ;
#2096 = VECTOR ( 'NONE', #4787, 1000.000000000000000 ) ;
#2097 = ORIENTED_EDGE ( 'NONE', *, *, #11094, .T. ) ;
#2098 = FACE_OUTER_BOUND ( 'NONE', #7817, .T. ) ;
#2099 = CARTESIAN_POINT ( 'NONE',  ( -18.95000000000000995, 67.84000000000000341, 16.49999999999999289 ) ) ;
#2100 = CARTESIAN_POINT ( 'NONE',  ( -9.919193547637970454, 5.500000000000000000, -10.31861676694393104 ) ) ;
#2101 = CARTESIAN_POINT ( 'NONE',  ( 7.087149552756485171, 53.58999999999999631, 13.92482235592524020 ) ) ;
#2102 = VECTOR ( 'NONE', #8723, 999.9999999999998863 ) ;
#2103 = CARTESIAN_POINT ( 'NONE',  ( -13.73328812275833499, 0.000000000000000000, -7.712411177962615660 ) ) ;
#2104 = DIRECTION ( 'NONE',  ( 0.000000000000000000, -1.000000000000000000, 0.000000000000000000 ) ) ;
#2105 = VERTEX_POINT ( 'NONE', #5501 ) ;
#2106 = ADVANCED_FACE ( 'NONE', ( #7050 ), #8876, .T. ) ;
#2107 = ADVANCED_FACE ( 'NONE', ( #1890 ), #9921, .T. ) ;
#2108 = CARTESIAN_POINT ( 'NONE',  ( 12.98328789542833306, 53.58999999999999631, 14.92482235592523487 ) ) ;
#2109 = ORIENTED_EDGE ( 'NONE', *, *, #10384, .F. ) ;
#2110 = DIRECTION ( 'NONE',  ( 0.8660254037844407060, 0.000000000000000000, 0.4999999999999966138 ) ) ;
#2111 = FACE_OUTER_BOUND ( 'NONE', #5731, .T. ) ;
#2112 = VECTOR ( 'NONE', #6855, 1000.000000000000000 ) ;
#2113 = ORIENTED_EDGE ( 'NONE', *, *, #3046, .F. ) ;
#2114 = LINE ( 'NONE', #336, #3888 ) ;
#2115 = FACE_OUTER_BOUND ( 'NONE', #5840, .T. ) ;
#2116 = ORIENTED_EDGE ( 'NONE', *, *, #4868, .T. ) ;
#2117 = EDGE_CURVE ( 'NONE', #3118, #3973, #293, .T. ) ;
#2118 = VERTEX_POINT ( 'NONE', #10550 ) ;
#2119 = EDGE_LOOP ( 'NONE', ( #5067, #7872, #3612, #10250 ) ) ;
#2120 = CARTESIAN_POINT ( 'NONE',  ( -18.26838979568740129, 58.58999999999999631, -9.747069910344318799 ) ) ;
#2121 = PERSON_AND_ORGANIZATION_ROLE ( 'creator' ) ;
#2122 = ORIENTED_EDGE ( 'NONE', *, *, #6748, .F. ) ;
#2123 = FACE_OUTER_BOUND ( 'NONE', #6258, .T. ) ;
#2124 = CARTESIAN_POINT ( 'NONE',  ( 11.90989016473708162, 52.28232689208745398, -3.523863528083158947 ) ) ;
#2125 = DIRECTION ( 'NONE',  ( -0.8660254037844404840, 0.000000000000000000, -0.4999999999999968359 ) ) ;
#2126 = EDGE_CURVE ( 'NONE', #323, #10143, #5273, .T. ) ;
#2127 = EDGE_CURVE ( 'NONE', #4094, #8064, #972, .T. ) ;
#2128 = DIRECTION ( 'NONE',  ( -0.8660254037844368202, 0.000000000000000000, 0.5000000000000032196 ) ) ;
#2129 = CARTESIAN_POINT ( 'NONE',  ( 2.923062017653520250, 53.58999999999999631, 13.92482235592524198 ) ) ;
#2130 = ORIENTED_EDGE ( 'NONE', *, *, #9205, .F. ) ;
#2131 = CARTESIAN_POINT ( 'NONE',  ( 12.98328789542832062, 53.58999999999999631, -0.5000000000000022204 ) ) ;
#2132 = ORIENTED_EDGE ( 'NONE', *, *, #3103, .F. ) ;
#2133 = CARTESIAN_POINT ( 'NONE',  ( 7.953174956540929763, 5.500000000000000000, 15.42482235592523843 ) ) ;
#2134 = LINE ( 'NONE', #7401, #6219 ) ;
#2135 = ORIENTED_EDGE ( 'NONE', *, *, #11029, .T. ) ;
#2136 = ORIENTED_EDGE ( 'NONE', *, *, #10334, .T. ) ;
#2137 = DIRECTION ( 'NONE',  ( 3.663735981263016583E-15, 0.000000000000000000, 1.000000000000000000 ) ) ;
#2138 = DIRECTION ( 'NONE',  ( -0.000000000000000000, 1.000000000000000000, -0.000000000000000000 ) ) ;
#2139 = ADVANCED_FACE ( 'NONE', ( #7272 ), #2803, .F. ) ;
#2140 = VERTEX_POINT ( 'NONE', #1947 ) ;
#2141 = LINE ( 'NONE', #3853, #3322 ) ;
#2142 = FACE_OUTER_BOUND ( 'NONE', #1656, .T. ) ;
#2143 = ORIENTED_EDGE ( 'NONE', *, *, #6681, .T. ) ;
#2144 = EDGE_CURVE ( 'NONE', #10746, #4599, #8007, .T. ) ;
#2145 = LINE ( 'NONE', #5693, #6422 ) ;
#2146 = EDGE_CURVE ( 'NONE', #8660, #2597, #8066, .T. ) ;
#2147 = ORIENTED_EDGE ( 'NONE', *, *, #4873, .T. ) ;
#2148 = DIRECTION ( 'NONE',  ( 0.8660254037844369313, 0.000000000000000000, -0.5000000000000029976 ) ) ;
#2149 = EDGE_LOOP ( 'NONE', ( #7131, #3300, #10318, #11231 ) ) ;
#2150 = ORIENTED_EDGE ( 'NONE', *, *, #9033, .T. ) ;
#2151 = PLANE ( 'NONE',  #10135 ) ;
#2152 = CARTESIAN_POINT ( 'NONE',  ( 12.11726249164388847, 51.99940408041244666, 13.42482235592523665 ) ) ;
#2153 = VERTEX_POINT ( 'NONE', #8239 ) ;
#2154 = LINE ( 'NONE', #7364, #397 ) ;
#2155 = DIRECTION ( 'NONE',  ( -3.330669073875469621E-15, 0.000000000000000000, -1.000000000000000000 ) ) ;
#2156 = CARTESIAN_POINT ( 'NONE',  ( 7.953174956540919993, 52.28232689208745398, -13.42482235592523665 ) ) ;
#2157 = VECTOR ( 'NONE', #9955, 1000.000000000000000 ) ;
#2158 = EDGE_CURVE ( 'NONE', #2665, #2994, #3956, .T. ) ;
#2159 = DIRECTION ( 'NONE',  ( -3.663735981263016583E-15, -0.000000000000000000, -1.000000000000000000 ) ) ;
#2160 = LINE ( 'NONE', #3986, #4800 ) ;
#2161 = ORIENTED_EDGE ( 'NONE', *, *, #7704, .F. ) ;
#2162 = CARTESIAN_POINT ( 'NONE',  ( 4.655112825222397888, 51.99940408041244666, 13.92482235592523487 ) ) ;
#2163 = ORIENTED_EDGE ( 'NONE', *, *, #2058, .T. ) ;
#2164 = DIRECTION ( 'NONE',  ( 0.5000000000000032196, 0.000000000000000000, 0.8660254037844368202 ) ) ;
#2165 = PLANE ( 'NONE',  #10344 ) ;
#2166 = ORIENTED_EDGE ( 'NONE', *, *, #2338, .F. ) ;
#2167 = CARTESIAN_POINT ( 'NONE',  ( 11.25123708785944032, 0.000000000000000000, -14.92482235592523487 ) ) ;
#2168 = VERTEX_POINT ( 'NONE', #9163 ) ;
#2169 = VECTOR ( 'NONE', #3240, 999.9999999999998863 ) ;
#2170 = EDGE_CURVE ( 'NONE', #8606, #9184, #9980, .T. ) ;
#2171 = VERTEX_POINT ( 'NONE', #3040 ) ;
#2172 = ORIENTED_EDGE ( 'NONE', *, *, #7504, .F. ) ;
#2173 = CARTESIAN_POINT ( 'NONE',  ( 20.95000000000000284, 67.84000000000000341, 16.49999999999999289 ) ) ;
#2174 = CARTESIAN_POINT ( 'NONE',  ( 0.4910252901194355202, 53.58999999999999631, 13.92482235592523310 ) ) ;
#2175 = VERTEX_POINT ( 'NONE', #8354 ) ;
#2176 = DIRECTION ( 'NONE',  ( -0.8660254037844369313, -0.000000000000000000, 0.5000000000000029976 ) ) ;
#2177 = VECTOR ( 'NONE', #6904, 1000.000000000000000 ) ;
#2178 = EDGE_CURVE ( 'NONE', #11084, #1820, #5673, .T. ) ;
#2179 = LINE ( 'NONE', #1319, #11052 ) ;
#2180 = DIRECTION ( 'NONE',  ( 0.8660254037844368202, 0.000000000000000000, -0.5000000000000032196 ) ) ;
#2181 = DIRECTION ( 'NONE',  ( -0.8660254037844407060, 0.000000000000000000, -0.4999999999999966138 ) ) ;
#2182 = CARTESIAN_POINT ( 'NONE',  ( -1.241025517449443338, 0.000000000000000000, -13.92482235592523310 ) ) ;
#2183 = ORIENTED_EDGE ( 'NONE', *, *, #6324, .T. ) ;
#2184 = EDGE_CURVE ( 'NONE', #6025, #3697, #10996, .T. ) ;
#2185 = AXIS2_PLACEMENT_3D ( 'NONE', #5865, #8495, #3769 ) ;
#2186 = FACE_OUTER_BOUND ( 'NONE', #687, .T. ) ;
#2187 = VERTEX_POINT ( 'NONE', #405 ) ;
#2188 = DIRECTION ( 'NONE',  ( -0.8660254037844369313, -0.000000000000000000, 0.5000000000000029976 ) ) ;
#2189 = EDGE_LOOP ( 'NONE', ( #4069, #5185, #9479, #1260 ) ) ;
#2190 = FACE_OUTER_BOUND ( 'NONE', #3809, .T. ) ;
#2191 = CARTESIAN_POINT ( 'NONE',  ( -10.80598719761337101, 51.99940408041244666, 2.594215036452511391 ) ) ;
#2192 = VECTOR ( 'NONE', #3976, 1000.000000000000114 ) ;
#2193 = DIRECTION ( 'NONE',  ( -1.000000000000000000, 0.000000000000000000, 3.330669073875469621E-15 ) ) ;
#2194 = CARTESIAN_POINT ( 'NONE',  ( -18.26838979568740129, 58.58999999999999631, -9.747069910344318799 ) ) ;
#2195 = ORIENTED_EDGE ( 'NONE', *, *, #5160, .F. ) ;
#2196 = PLANE ( 'NONE',  #6231 ) ;
#2197 = EDGE_CURVE ( 'NONE', #816, #1370, #7391, .T. ) ;
#2198 = VECTOR ( 'NONE', #10375, 1000.000000000000000 ) ;
#2199 = ORIENTED_EDGE ( 'NONE', *, *, #7425, .F. ) ;
#2200 = EDGE_CURVE ( 'NONE', #2153, #7468, #6647, .T. ) ;
#2201 = LINE ( 'NONE', #4723, #7183 ) ;
#2202 = EDGE_LOOP ( 'NONE', ( #4476, #7950, #6197, #9820 ) ) ;
#2203 = EDGE_CURVE ( 'NONE', #8939, #8753, #9278, .T. ) ;
#2204 = EDGE_LOOP ( 'NONE', ( #3417, #8003, #3116, #10217, #10656, #2057 ) ) ;
#2205 = VERTEX_POINT ( 'NONE', #5737 ) ;
#2206 = DIRECTION ( 'NONE',  ( -0.000000000000000000, 1.000000000000000000, -0.000000000000000000 ) ) ;
#2207 = CARTESIAN_POINT ( 'NONE',  ( -1.742781094075550818, 5.500000000000000000, 3.018585401409357161 ) ) ;
#2208 = ORIENTED_EDGE ( 'NONE', *, *, #11146, .T. ) ;
#2209 = LINE ( 'NONE', #8332, #8428 ) ;
#2210 = CARTESIAN_POINT ( 'NONE',  ( 7.087149552756477178, 0.000000000000000000, -14.92482235592523487 ) ) ;
#2211 = LINE ( 'NONE', #10866, #5955 ) ;
#2212 = VECTOR ( 'NONE', #8758, 1000.000000000000114 ) ;
#2213 = CARTESIAN_POINT ( 'NONE',  ( 10.50454412710320362, 52.28232689208745398, -24.11026721131414163 ) ) ;
#2214 = VECTOR ( 'NONE', #5006, 1000.000000000000000 ) ;
#2215 = DIRECTION ( 'NONE',  ( -0.8660254037844404840, 0.000000000000000000, -0.4999999999999968359 ) ) ;
#2216 = ORIENTED_EDGE ( 'NONE', *, *, #6612, .F. ) ;
#2217 = VECTOR ( 'NONE', #9848, 1000.000000000000000 ) ;
#2218 = CARTESIAN_POINT ( 'NONE',  ( 12.11726249164388491, 53.58999999999999631, -13.42482235592523665 ) ) ;
#2219 = ORIENTED_EDGE ( 'NONE', *, *, #8389, .F. ) ;
#2220 = DIRECTION ( 'NONE',  ( 3.330669073875469621E-15, 0.000000000000000000, 1.000000000000000000 ) ) ;
#2221 = LINE ( 'NONE', #8291, #284 ) ;
#2222 = EDGE_LOOP ( 'NONE', ( #11205, #7438, #9027, #8916, #10374, #7456 ) ) ;
#2223 = FACE_BOUND ( 'NONE', #1039, .T. ) ;
#2224 = ORIENTED_EDGE ( 'NONE', *, *, #3925, .T. ) ;
#2225 = VECTOR ( 'NONE', #1086, 999.9999999999998863 ) ;
#2226 = VECTOR ( 'NONE', #6763, 1000.000000000000114 ) ;
#2227 = VECTOR ( 'NONE', #707, 999.9999999999998863 ) ;
#2228 = ORIENTED_EDGE ( 'NONE', *, *, #10724, .F. ) ;
#2229 = VERTEX_POINT ( 'NONE', #464 ) ;
#2230 = FACE_OUTER_BOUND ( 'NONE', #8554, .T. ) ;
#2231 = VECTOR ( 'NONE', #9398, 1000.000000000000000 ) ;
#2232 = VERTEX_POINT ( 'NONE', #566 ) ;
#2233 = VECTOR ( 'NONE', #10543, 1000.000000000000000 ) ;
#2234 = LINE ( 'NONE', #8468, #8601 ) ;
#2235 = VECTOR ( 'NONE', #939, 999.9999999999998863 ) ;
#2236 = EDGE_CURVE ( 'NONE', #4842, #5578, #377, .T. ) ;
#2237 = DIRECTION ( 'NONE',  ( 0.000000000000000000, 0.000000000000000000, 1.000000000000000000 ) ) ;
#2238 = CARTESIAN_POINT ( 'NONE',  ( -5.755106012535009974, 5.500000000000000000, 11.31861676694392749 ) ) ;
#2239 = LINE ( 'NONE', #2005, #6799 ) ;
#2240 = PLANE ( 'NONE',  #5502 ) ;
#2241 = ORIENTED_EDGE ( 'NONE', *, *, #10657, .F. ) ;
#2242 = VECTOR ( 'NONE', #1646, 999.9999999999998863 ) ;
#2243 = AXIS2_PLACEMENT_3D ( 'NONE', #921, #4420, #7056 ) ;
#2244 = CARTESIAN_POINT ( 'NONE',  ( -14.94930648652537819, 5.500000000000000000, 2.606205588981310051 ) ) ;
#2245 = ORIENTED_EDGE ( 'NONE', *, *, #4813, .T. ) ;
#2246 = DIRECTION ( 'NONE',  ( -0.000000000000000000, 1.000000000000000000, -0.000000000000000000 ) ) ;
#2247 = VERTEX_POINT ( 'NONE', #6584 ) ;
#2248 = ADVANCED_FACE ( 'NONE', ( #7442 ), #9053, .T. ) ;
#2249 = CARTESIAN_POINT ( 'NONE',  ( 6.737156592773873243, 5.500000000000000000, -11.31861676694393282 ) ) ;
#2250 = DIRECTION ( 'NONE',  ( 3.330669073875469621E-15, 0.000000000000000000, 1.000000000000000000 ) ) ;
#2251 = VECTOR ( 'NONE', #9149, 999.9999999999998863 ) ;
#2252 = DIRECTION ( 'NONE',  ( -0.000000000000000000, -1.000000000000000000, -0.000000000000000000 ) ) ;
#2253 = PLANE ( 'NONE',  #4607 ) ;
#2254 = ORIENTED_EDGE ( 'NONE', *, *, #6324, .F. ) ;
#2255 = PLANE ( 'NONE',  #2947 ) ;
#2256 = EDGE_CURVE ( 'NONE', #10856, #6494, #510, .T. ) ;
#2257 = VECTOR ( 'NONE', #7993, 1000.000000000000000 ) ;
#2258 = ORIENTED_EDGE ( 'NONE', *, *, #3949, .T. ) ;
#2259 = DIRECTION ( 'NONE',  ( 1.000000000000000000, 0.000000000000000000, -3.663735981263016583E-15 ) ) ;
#2260 = ORIENTED_EDGE ( 'NONE', *, *, #10242, .T. ) ;
#2261 = CARTESIAN_POINT ( 'NONE',  ( -5.405113052552355413, 5.500000000000000000, 1.980290717343044396E-14 ) ) ;
#2262 = ORIENTED_EDGE ( 'NONE', *, *, #8922, .F. ) ;
#2263 = ORIENTED_EDGE ( 'NONE', *, *, #6609, .F. ) ;
#2264 = CARTESIAN_POINT ( 'NONE',  ( 3.789087421437952408, 53.58999999999999631, -15.42482235592523843 ) ) ;
#2265 = CARTESIAN_POINT ( 'NONE',  ( 9.463522243327449956, 52.28232689208745398, -25.91337000580479710 ) ) ;
#2266 = ORIENTED_EDGE ( 'NONE', *, *, #5431, .F. ) ;
#2267 = DIRECTION ( 'NONE',  ( -0.8660254037844407060, 0.000000000000000000, -0.4999999999999966138 ) ) ;
#2268 = DIRECTION ( 'NONE',  ( 3.663735981263016583E-15, 0.000000000000000000, 1.000000000000000000 ) ) ;
#2269 = CARTESIAN_POINT ( 'NONE',  ( 14.19930625919536737, 0.000000000000000000, 2.606205588981309162 ) ) ;
#2270 = VECTOR ( 'NONE', #9644, 999.9999999999998863 ) ;
#2271 = EDGE_CURVE ( 'NONE', #2931, #147, #1424, .T. ) ;
#2272 = EDGE_CURVE ( 'NONE', #3343, #2778, #1200, .T. ) ;
#2273 = EDGE_CURVE ( 'NONE', #1348, #3045, #5686, .T. ) ;
#2274 = DIRECTION ( 'NONE',  ( -1.000000000000000000, 0.000000000000000000, 3.330669073875469621E-15 ) ) ;
#2275 = DIRECTION ( 'NONE',  ( 3.663735981263016583E-15, 0.000000000000000000, 1.000000000000000000 ) ) ;
#2276 = VECTOR ( 'NONE', #1539, 1000.000000000000000 ) ;
#2277 = EDGE_LOOP ( 'NONE', ( #1803, #8480, #8308, #6033 ) ) ;
#2278 = DIRECTION ( 'NONE',  ( 3.330669073875469621E-15, 0.000000000000000000, 1.000000000000000000 ) ) ;
#2279 = ORIENTED_EDGE ( 'NONE', *, *, #9353, .T. ) ;
#2280 = DIRECTION ( 'NONE',  ( -0.5000000000000029976, 0.000000000000000000, -0.8660254037844369313 ) ) ;
#2281 = DIRECTION ( 'NONE',  ( -0.000000000000000000, 1.000000000000000000, 0.000000000000000000 ) ) ;
#2282 = CARTESIAN_POINT ( 'NONE',  ( 11.25123708785945098, 53.58999999999999631, 7.712411177962620989 ) ) ;
#2283 = ORIENTED_EDGE ( 'NONE', *, *, #1, .F. ) ;
#2284 = VECTOR ( 'NONE', #9026, 1000.000000000000000 ) ;
#2285 = EDGE_CURVE ( 'NONE', #1889, #9360, #8403, .T. ) ;
#2286 = LINE ( 'NONE', #5786, #4902 ) ;
#2287 = EDGE_CURVE ( 'NONE', #5534, #1126, #3209, .T. ) ;
#2288 = VERTEX_POINT ( 'NONE', #8302 ) ;
#2289 = FACE_OUTER_BOUND ( 'NONE', #1044, .T. ) ;
#2290 = DIRECTION ( 'NONE',  ( -1.000000000000000000, 0.000000000000000000, 0.000000000000000000 ) ) ;
#2291 = AXIS2_PLACEMENT_3D ( 'NONE', #9410, #3273, #8538 ) ;
#2292 = ORIENTED_EDGE ( 'NONE', *, *, #2064, .F. ) ;
#2293 = DIRECTION ( 'NONE',  ( -0.000000000000000000, 1.000000000000000000, -0.000000000000000000 ) ) ;
#2294 = LINE ( 'NONE', #2461, #3548 ) ;
#2295 = CARTESIAN_POINT ( 'NONE',  ( -7.487156820103891164, 0.000000000000000000, 10.31861676694393282 ) ) ;
#2296 = LINE ( 'NONE', #5794, #2231 ) ;
#2297 = ORIENTED_EDGE ( 'NONE', *, *, #8704, .F. ) ;
#2298 = DIRECTION ( 'NONE',  ( -0.8660254037844369313, -0.000000000000000000, 0.5000000000000029976 ) ) ;
#2299 = ORIENTED_EDGE ( 'NONE', *, *, #7088, .F. ) ;
#2300 = LINE ( 'NONE', #3052, #3107 ) ;
#2301 = ORIENTED_EDGE ( 'NONE', *, *, #9973, .F. ) ;
#2302 = DIRECTION ( 'NONE',  ( -0.8660254037844368202, 0.000000000000000000, 0.5000000000000032196 ) ) ;
#2303 = DIRECTION ( 'NONE',  ( 0.8660254037844368202, -0.000000000000000000, -0.5000000000000032196 ) ) ;
#2304 = CARTESIAN_POINT ( 'NONE',  ( 9.169193320307970296, 0.000000000000000000, 11.31861676694393282 ) ) ;
#2305 = CARTESIAN_POINT ( 'NONE',  ( -20.95100000000000406, 59.69999999999997442, 10.25000000000000178 ) ) ;
#2306 = ORIENTED_EDGE ( 'NONE', *, *, #10191, .T. ) ;
#2307 = CARTESIAN_POINT ( 'NONE',  ( -1.241025517449443338, 53.58999999999999631, -13.92482235592523310 ) ) ;
#2308 = ADVANCED_FACE ( 'NONE', ( #2123 ), #342, .T. ) ;
#2309 = ORIENTED_EDGE ( 'NONE', *, *, #6923, .F. ) ;
#2310 = DIRECTION ( 'NONE',  ( -0.000000000000000000, 1.000000000000000000, -0.000000000000000000 ) ) ;
#2311 = ORIENTED_EDGE ( 'NONE', *, *, #3988, .T. ) ;
#2312 = CARTESIAN_POINT ( 'NONE',  ( 20.95000000000000284, 67.84000000000000341, -16.50000000000000000 ) ) ;
#2313 = EDGE_LOOP ( 'NONE', ( #6579, #2122, #9476, #2756 ) ) ;
#2314 = ORIENTED_EDGE ( 'NONE', *, *, #2519, .F. ) ;
#2315 = LINE ( 'NONE', #6031, #9957 ) ;
#2316 = CARTESIAN_POINT ( 'NONE',  ( -1.241025517449442006, 53.58999999999999631, 13.92482235592524020 ) ) ;
#2317 = ORIENTED_EDGE ( 'NONE', *, *, #2061, .F. ) ;
#2318 = CARTESIAN_POINT ( 'NONE',  ( 15.99999999999999289, 59.69999999999997442, 9.200000000000001066 ) ) ;
#2319 = DIRECTION ( 'NONE',  ( 1.000000000000000000, -0.000000000000000000, -0.000000000000000000 ) ) ;
#2320 = CARTESIAN_POINT ( 'NONE',  ( 5.871131188989440197, 53.58999999999999631, -9.818616766943927487 ) ) ;
#2321 = EDGE_CURVE ( 'NONE', #9018, #1484, #2234, .T. ) ;
#2322 = DIRECTION ( 'NONE',  ( 0.8660254037844407060, 0.000000000000000000, 0.4999999999999966138 ) ) ;
#2323 = DIRECTION ( 'NONE',  ( -3.330669073875469621E-15, 0.000000000000000000, -1.000000000000000000 ) ) ;
#2324 = CARTESIAN_POINT ( 'NONE',  ( -5.405113052552413144, 51.99940408041244666, 12.59999999999995346 ) ) ;
#2325 = ORIENTED_EDGE ( 'NONE', *, *, #2117, .T. ) ;
#2326 = EDGE_CURVE ( 'NONE', #1613, #8120, #5957, .T. ) ;
#2327 = LINE ( 'NONE', #5883, #7376 ) ;
#2328 = ORIENTED_EDGE ( 'NONE', *, *, #5135, .T. ) ;
#2329 = CARTESIAN_POINT ( 'NONE',  ( 0.000000000000000000, 5.000000000000000000, 0.000000000000000000 ) ) ;
#2330 = DIRECTION ( 'NONE',  ( 0.8660254037844368202, 0.000000000000000000, -0.5000000000000032196 ) ) ;
#2331 = AXIS2_PLACEMENT_3D ( 'NONE', #9370, #1623, #3292 ) ;
#2332 = CARTESIAN_POINT ( 'NONE',  ( -7.837149780086493323, 5.500000000000000000, 13.92482235592523487 ) ) ;
#2333 = VERTEX_POINT ( 'NONE', #11227 ) ;
#2334 = ORIENTED_EDGE ( 'NONE', *, *, #4436, .T. ) ;
#2335 = VECTOR ( 'NONE', #6152, 1000.000000000000114 ) ;
#2336 = ORIENTED_EDGE ( 'NONE', *, *, #2378, .T. ) ;
#2337 = ADVANCED_FACE ( 'NONE', ( #3261 ), #848, .T. ) ;
#2338 = EDGE_CURVE ( 'NONE', #3761, #3148, #7779, .T. ) ;
#2339 = DIRECTION ( 'NONE',  ( -0.000000000000000000, 1.000000000000000000, -0.000000000000000000 ) ) ;
#2340 = CARTESIAN_POINT ( 'NONE',  ( 7.953174956540929763, 51.99940408041244666, 15.42482235592523665 ) ) ;
#2341 = CARTESIAN_POINT ( 'NONE',  ( 13.99193393228853388, 52.28232689208745398, -7.130069117064435247 ) ) ;
#2342 = ORIENTED_EDGE ( 'NONE', *, *, #7452, .F. ) ;
#2343 = EDGE_CURVE ( 'NONE', #6093, #1230, #2344, .T. ) ;
#2344 = LINE ( 'NONE', #6809, #3665 ) ;
#2345 = CARTESIAN_POINT ( 'NONE',  ( 10.03521872409241134, 0.000000000000000000, 11.81861676694392926 ) ) ;
#2346 = LINE ( 'NONE', #8471, #1679 ) ;
#2347 = DIRECTION ( 'NONE',  ( 0.5000000000000032196, 0.000000000000000000, 0.8660254037844368202 ) ) ;
#2348 = ORIENTED_EDGE ( 'NONE', *, *, #7994, .T. ) ;
#2349 = AXIS2_PLACEMENT_3D ( 'NONE', #2563, #841, #2784 ) ;
#2350 = CARTESIAN_POINT ( 'NONE',  ( -11.65124435520685076, 5.500000000000000000, -10.31861676694392393 ) ) ;
#2351 = VERTEX_POINT ( 'NONE', #10419 ) ;
#2352 = LINE ( 'NONE', #5851, #366 ) ;
#2353 = ORIENTED_EDGE ( 'NONE', *, *, #10110, .F. ) ;
#2354 = DIRECTION ( 'NONE',  ( -0.000000000000000000, 1.000000000000000000, -0.000000000000000000 ) ) ;
#2355 = DIRECTION ( 'NONE',  ( -0.5000000000000029976, 0.000000000000000000, -0.8660254037844369313 ) ) ;
#2356 = DIRECTION ( 'NONE',  ( 1.000000000000000000, -0.000000000000000000, -0.000000000000000000 ) ) ;
#2357 = FACE_OUTER_BOUND ( 'NONE', #8311, .T. ) ;
#2358 = VERTEX_POINT ( 'NONE', #6749 ) ;
#2359 = CARTESIAN_POINT ( 'NONE',  ( -14.94930648652537819, 53.58999999999999631, -4.606205588981309162 ) ) ;
#2360 = VECTOR ( 'NONE', #5444, 1000.000000000000000 ) ;
#2361 = ORIENTED_EDGE ( 'NONE', *, *, #4901, .T. ) ;
#2362 = DIRECTION ( 'NONE',  ( 0.8660254037844407060, 0.000000000000000000, 0.4999999999999965583 ) ) ;
#2363 = ORIENTED_EDGE ( 'NONE', *, *, #4085, .T. ) ;
#2364 = DIRECTION ( 'NONE',  ( 0.5000000000000032196, 0.000000000000000000, 0.8660254037844368202 ) ) ;
#2365 = AXIS2_PLACEMENT_3D ( 'NONE', #9665, #11327, #1811 ) ;
#2366 = EDGE_LOOP ( 'NONE', ( #6735, #1383, #4190, #7012 ) ) ;
#2367 = VERTEX_POINT ( 'NONE', #8524 ) ;
#2368 = CARTESIAN_POINT ( 'NONE',  ( 0.000000000000000000, 15.50000000000000000, -6.999998126900001338 ) ) ;
#2369 = CARTESIAN_POINT ( 'NONE',  ( 15.06533166297980841, 53.58999999999999631, 3.106205588981306054 ) ) ;
#2370 = ORIENTED_EDGE ( 'NONE', *, *, #11204, .F. ) ;
#2371 = LINE ( 'NONE', #10223, #8249 ) ;
#2372 = DIRECTION ( 'NONE',  ( -0.000000000000000000, 1.000000000000000000, -0.000000000000000000 ) ) ;
#2373 = LINE ( 'NONE', #5873, #9288 ) ;
#2374 = ADVANCED_FACE ( 'NONE', ( #4120 ), #10251, .T. ) ;
#2375 = CARTESIAN_POINT ( 'NONE',  ( -14.08328108274093893, 53.58999999999999631, -4.106205588981313603 ) ) ;
#2376 = AXIS2_PLACEMENT_3D ( 'NONE', #8138, #3739, #7236 ) ;
#2377 = CARTESIAN_POINT ( 'NONE',  ( -13.73328812275833144, 0.000000000000000000, 14.92482235592524376 ) ) ;
#2378 = EDGE_CURVE ( 'NONE', #6746, #8895, #8644, .T. ) ;
#2379 = CARTESIAN_POINT ( 'NONE',  ( 7.087149552756481619, 5.500000000000000000, -13.92482235592523310 ) ) ;
#2380 = ORIENTED_EDGE ( 'NONE', *, *, #10592, .T. ) ;
#2381 = CARTESIAN_POINT ( 'NONE',  ( -12.00123731518945647, 5.500000000000000000, -0.5000000000000029976 ) ) ;
#2382 = EDGE_LOOP ( 'NONE', ( #832, #3860, #4379, #157 ) ) ;
#2383 = CARTESIAN_POINT ( 'NONE',  ( -12.00123731518945291, 53.58999999999999631, -13.92482235592524020 ) ) ;
#2384 = AXIS2_PLACEMENT_3D ( 'NONE', #6355, #1827, #9678 ) ;
#2385 = PLANE ( 'NONE',  #7047 ) ;
#2386 = EDGE_CURVE ( 'NONE', #3421, #7684, #10367, .T. ) ;
#2387 = CARTESIAN_POINT ( 'NONE',  ( 11.25123708785944743, 53.58999999999999631, 6.712411177962621878 ) ) ;
#2388 = ORIENTED_EDGE ( 'NONE', *, *, #3724, .T. ) ;
#2389 = VECTOR ( 'NONE', #9351, 1000.000000000000000 ) ;
#2390 = AXIS2_PLACEMENT_3D ( 'NONE', #7378, #2050, #7430 ) ;
#2391 = ORIENTED_EDGE ( 'NONE', *, *, #6819, .F. ) ;
#2392 = ORIENTED_EDGE ( 'NONE', *, *, #10726, .F. ) ;
#2393 = CARTESIAN_POINT ( 'NONE',  ( 5.005105785204995605, 5.500000000000000000, -11.31861676694392571 ) ) ;
#2394 = CARTESIAN_POINT ( 'NONE',  ( 7.953174956540921769, 53.58999999999999631, -13.42482235592523665 ) ) ;
#2395 = ORIENTED_EDGE ( 'NONE', *, *, #5400, .T. ) ;
#2396 = CARTESIAN_POINT ( 'NONE',  ( -9.569200587655371848, 0.000000000000000000, 13.92482235592524198 ) ) ;
#2397 = VECTOR ( 'NONE', #4870, 1000.000000000000114 ) ;
#2398 = FACE_BOUND ( 'NONE', #4789, .T. ) ;
#2399 = AXIS2_PLACEMENT_3D ( 'NONE', #767, #5019, #7637 ) ;
#2400 = AXIS2_PLACEMENT_3D ( 'NONE', #8673, #178, #3664 ) ;
#2401 = DIRECTION ( 'NONE',  ( -3.663735981263016583E-15, 0.000000000000000000, -1.000000000000000000 ) ) ;
#2402 = CARTESIAN_POINT ( 'NONE',  ( -12.86726271897389751, 0.000000000000000000, -8.212411177962620101 ) ) ;
#2403 = VERTEX_POINT ( 'NONE', #7827 ) ;
#2404 = ADVANCED_FACE ( 'NONE', ( #6004 ), #11329, .T. ) ;
#2405 = ADVANCED_FACE ( 'NONE', ( #732 ), #6063, .T. ) ;
#2406 = ADVANCED_FACE ( 'NONE', ( #7609 ), #1591, .T. ) ;
#2407 = EDGE_CURVE ( 'NONE', #1877, #5499, #9569, .T. ) ;
#2408 = ADVANCED_FACE ( 'NONE', ( #4986 ), #1710, .T. ) ;
#2409 = VECTOR ( 'NONE', #932, 1000.000000000000000 ) ;
#2410 = AXIS2_PLACEMENT_3D ( 'NONE', #4822, #8130, #9169 ) ;
#2411 = VECTOR ( 'NONE', #5774, 1000.000000000000114 ) ;
#2412 = CARTESIAN_POINT ( 'NONE',  ( -3.649828381635713104, 5.500000000000000000, 6.321688195899997531 ) ) ;
#2413 = EDGE_LOOP ( 'NONE', ( #4279, #11122, #621, #2537 ) ) ;
#2414 = CARTESIAN_POINT ( 'NONE',  ( -5.405113052552407815, 51.99940408041244666, 13.92482235592524198 ) ) ;
#2415 = ORIENTED_EDGE ( 'NONE', *, *, #5974, .T. ) ;
#2416 = CARTESIAN_POINT ( 'NONE',  ( -7.837149780086493323, 0.000000000000000000, -14.92482235592524198 ) ) ;
#2417 = CARTESIAN_POINT ( 'NONE',  ( -20.95000000000000639, 53.58999999999999631, 18.49999999999999645 ) ) ;
#2418 = CARTESIAN_POINT ( 'NONE',  ( 3.789087421437964398, 0.000000000000000000, 15.42482235592523843 ) ) ;
#2419 = LINE ( 'NONE', #5004, #4230 ) ;
#2420 = ORIENTED_EDGE ( 'NONE', *, *, #4726, .T. ) ;
#2421 = VECTOR ( 'NONE', #9559, 1000.000000000000114 ) ;
#2422 = CARTESIAN_POINT ( 'NONE',  ( -8.703175183870934362, 52.28232689208745398, -15.42482235592523843 ) ) ;
#2423 = VECTOR ( 'NONE', #7232, 1000.000000000000000 ) ;
#2424 = EDGE_CURVE ( 'NONE', #5768, #9445, #5212, .T. ) ;
#2425 = ORIENTED_EDGE ( 'NONE', *, *, #3227, .T. ) ;
#2426 = CARTESIAN_POINT ( 'NONE',  ( -3.649828381635720653, 5.500000000000000000, -6.321688195899906049 ) ) ;
#2427 = VECTOR ( 'NONE', #132, 1000.000000000000000 ) ;
#2428 = VERTEX_POINT ( 'NONE', #10198 ) ;
#2429 = FACE_OUTER_BOUND ( 'NONE', #1852, .T. ) ;
#2430 = ORIENTED_EDGE ( 'NONE', *, *, #840, .T. ) ;
#2431 = ORIENTED_EDGE ( 'NONE', *, *, #2984, .T. ) ;
#2432 = DIRECTION ( 'NONE',  ( -0.8660254037844404840, -0.000000000000000000, -0.4999999999999968359 ) ) ;
#2433 = DIRECTION ( 'NONE',  ( -0.4999999999999966138, 0.000000000000000000, 0.8660254037844407060 ) ) ;
#2434 = ORIENTED_EDGE ( 'NONE', *, *, #2896, .T. ) ;
#2435 = DIRECTION ( 'NONE',  ( -0.000000000000000000, 1.000000000000000000, -0.000000000000000000 ) ) ;
#2436 = LINE ( 'NONE', #8612, #9941 ) ;
#2437 = LINE ( 'NONE', #2544, #8359 ) ;
#2438 = ORIENTED_EDGE ( 'NONE', *, *, #4991, .F. ) ;
#2439 = DIRECTION ( 'NONE',  ( -0.000000000000000000, 1.000000000000000000, -0.000000000000000000 ) ) ;
#2440 = AXIS2_PLACEMENT_3D ( 'NONE', #6226, #10761, #2904 ) ;
#2441 = LINE ( 'NONE', #5025, #8749 ) ;
#2442 = ADVANCED_FACE ( 'NONE', ( #9395 ), #1537, .T. ) ;
#2443 = CARTESIAN_POINT ( 'NONE',  ( 11.25123708785944388, 53.58999999999999631, -13.92482235592523310 ) ) ;
#2444 = ORIENTED_EDGE ( 'NONE', *, *, #4296, .F. ) ;
#2445 = LINE ( 'NONE', #4157, #9756 ) ;
#2446 = VECTOR ( 'NONE', #8890, 1000.000000000000000 ) ;
#2447 = EDGE_LOOP ( 'NONE', ( #4301, #8961, #11299, #9914 ) ) ;
#2448 = LINE ( 'NONE', #11100, #4959 ) ;
#2449 = CARTESIAN_POINT ( 'NONE',  ( -5.755106012535009974, 0.000000000000000000, 11.31861676694392749 ) ) ;
#2450 = DIRECTION ( 'NONE',  ( -0.000000000000000000, 1.000000000000000000, -0.000000000000000000 ) ) ;
#2451 = ORIENTED_EDGE ( 'NONE', *, *, #6733, .F. ) ;
#2452 = VECTOR ( 'NONE', #2068, 1000.000000000000000 ) ;
#2453 = EDGE_CURVE ( 'NONE', #7702, #694, #8115, .T. ) ;
#2454 = ORIENTED_EDGE ( 'NONE', *, *, #9775, .F. ) ;
#2455 = EDGE_CURVE ( 'NONE', #7172, #1227, #1813, .T. ) ;
#2456 = ORIENTED_EDGE ( 'NONE', *, *, #8405, .F. ) ;
#2457 = CARTESIAN_POINT ( 'NONE',  ( -12.00123731518945647, 0.000000000000000000, 13.92482235592523487 ) ) ;
#2458 = PLANE ( 'NONE',  #9946 ) ;
#2459 = VERTEX_POINT ( 'NONE', #961 ) ;
#2460 = DIRECTION ( 'NONE',  ( 0.8660254037844369313, 0.000000000000000000, -0.5000000000000029976 ) ) ;
#2461 = CARTESIAN_POINT ( 'NONE',  ( 12.98328789542828332, 5.500000000000000000, -4.324303547052471075E-14 ) ) ;
#2462 = VECTOR ( 'NONE', #6620, 1000.000000000000000 ) ;
#2463 = LINE ( 'NONE', #11114, #8263 ) ;
#2464 = CARTESIAN_POINT ( 'NONE',  ( 2.923062017653518918, 0.000000000000000000, -13.92482235592523310 ) ) ;
#2465 = ADVANCED_FACE ( 'NONE', ( #8917 ), #5317, .T. ) ;
#2466 = ORIENTED_EDGE ( 'NONE', *, *, #3171, .F. ) ;
#2467 = VECTOR ( 'NONE', #9793, 1000.000000000000000 ) ;
#2468 = DIRECTION ( 'NONE',  ( -0.8660254037844404840, 0.000000000000000000, -0.4999999999999968359 ) ) ;
#2469 = EDGE_LOOP ( 'NONE', ( #5437, #612 ) ) ;
#2470 = EDGE_CURVE ( 'NONE', #11177, #7100, #4394, .T. ) ;
#2471 = CARTESIAN_POINT ( 'NONE',  ( 1.898202538678397459E-16, 53.58999999999999631, -5.449998126900001516 ) ) ;
#2472 = EDGE_CURVE ( 'NONE', #3404, #461, #6124, .T. ) ;
#2473 = EDGE_LOOP ( 'NONE', ( #689, #183, #9632, #6385 ) ) ;
#2474 = DIRECTION ( 'NONE',  ( 0.000000000000000000, 0.000000000000000000, 1.000000000000000000 ) ) ;
#2475 = CARTESIAN_POINT ( 'NONE',  ( 7.953174956540921769, 0.000000000000000000, -13.42482235592523665 ) ) ;
#2476 = EDGE_CURVE ( 'NONE', #4646, #599, #7996, .T. ) ;
#2477 = LINE ( 'NONE', #642, #6980 ) ;
#2478 = PLANE ( 'NONE',  #2764 ) ;
#2479 = ORIENTED_EDGE ( 'NONE', *, *, #608, .T. ) ;
#2480 = AXIS2_PLACEMENT_3D ( 'NONE', #10976, #3933, #1454 ) ;
#2481 = LINE ( 'NONE', #5973, #10626 ) ;
#2482 = VERTEX_POINT ( 'NONE', #161 ) ;
#2483 = CARTESIAN_POINT ( 'NONE',  ( 1.898202538678398445E-16, 0.000000000000000000, 8.549998126899998496 ) ) ;
#2484 = ORIENTED_EDGE ( 'NONE', *, *, #2812, .F. ) ;
#2485 = EDGE_CURVE ( 'NONE', #4659, #10735, #7944, .T. ) ;
#2486 = DIRECTION ( 'NONE',  ( -3.663735981263016583E-15, -0.000000000000000000, -1.000000000000000000 ) ) ;
#2487 = EDGE_LOOP ( 'NONE', ( #10803, #6851, #10281, #9049, #7635, #6352 ) ) ;
#2488 = EDGE_LOOP ( 'NONE', ( #263, #6330, #3629, #11134 ) ) ;
#2489 = CARTESIAN_POINT ( 'NONE',  ( -3.649828381635650487, 5.500000000000000000, 6.321688195899890061 ) ) ;
#2490 = PLANE ( 'NONE',  #7939 ) ;
#2491 = ADVANCED_FACE ( 'NONE', ( #8865 ), #10646, .T. ) ;
#2492 = ORIENTED_EDGE ( 'NONE', *, *, #3376, .T. ) ;
#2493 = DIRECTION ( 'NONE',  ( 1.000000000000000000, 0.000000000000000000, -2.443272501375785452E-16 ) ) ;
#2494 = ADVANCED_FACE ( 'NONE', ( #56 ), #111, .T. ) ;
#2495 = CARTESIAN_POINT ( 'NONE',  ( -9.569200587655368295, 0.000000000000000000, -13.92482235592523310 ) ) ;
#2496 = DIRECTION ( 'NONE',  ( -0.8660254037844369313, 0.000000000000000000, 0.5000000000000029976 ) ) ;
#2497 = ORIENTED_EDGE ( 'NONE', *, *, #343, .F. ) ;
#2498 = DIRECTION ( 'NONE',  ( 0.4999999999999968359, 0.000000000000000000, -0.8660254037844404840 ) ) ;
#2499 = ADVANCED_FACE ( 'NONE', ( #1989 ), #1762, .T. ) ;
#2500 = CARTESIAN_POINT ( 'NONE',  ( 4.655112825222396111, 53.58999999999999631, -13.92482235592524020 ) ) ;
#2501 = CARTESIAN_POINT ( 'NONE',  ( -9.029934280505660382, 5.500000000000000000, 15.64030496284386018 ) ) ;
#2502 = ORIENTED_EDGE ( 'NONE', *, *, #9420, .F. ) ;
#2503 = DIRECTION ( 'NONE',  ( 3.330669073875469621E-15, 0.000000000000000000, 1.000000000000000000 ) ) ;
#2504 = EDGE_LOOP ( 'NONE', ( #5880, #7241, #3386, #983 ) ) ;
#2505 = LINE ( 'NONE', #9440, #7506 ) ;
#2506 = CARTESIAN_POINT ( 'NONE',  ( -12.00123731518945647, 53.58999999999999631, 13.92482235592523487 ) ) ;
#2507 = CARTESIAN_POINT ( 'NONE',  ( -3.673062244983531954, 52.28232689208745398, -14.92482235592524198 ) ) ;
#2508 = ORIENTED_EDGE ( 'NONE', *, *, #2236, .F. ) ;
#2509 = DIRECTION ( 'NONE',  ( -0.5000000000000029976, 0.000000000000000000, -0.8660254037844369313 ) ) ;
#2510 = VERTEX_POINT ( 'NONE', #5264 ) ;
#2511 = DIRECTION ( 'NONE',  ( 0.8660254037844407060, 0.000000000000000000, 0.4999999999999965583 ) ) ;
#2512 = CARTESIAN_POINT ( 'NONE',  ( 10.90124412787684527, 0.000000000000000000, 10.31861676694392393 ) ) ;
#2513 = DIRECTION ( 'NONE',  ( 0.8660254037844368202, 0.000000000000000000, -0.5000000000000032196 ) ) ;
#2514 = FACE_OUTER_BOUND ( 'NONE', #3008, .T. ) ;
#2515 = DIRECTION ( 'NONE',  ( 0.000000000000000000, 0.000000000000000000, -1.000000000000000000 ) ) ;
#2516 = DIRECTION ( 'NONE',  ( -0.000000000000000000, 1.000000000000000000, -0.000000000000000000 ) ) ;
#2517 = EDGE_CURVE ( 'NONE', #7108, #3111, #10586, .T. ) ;
#2518 = EDGE_LOOP ( 'NONE', ( #9655, #11285, #6201, #10039 ) ) ;
#2519 = EDGE_CURVE ( 'NONE', #1615, #9422, #6289, .T. ) ;
#2520 = CARTESIAN_POINT ( 'NONE',  ( -12.00123731518945291, 53.58999999999999631, 14.92482235592523665 ) ) ;
#2521 = EDGE_LOOP ( 'NONE', ( #2851, #8155, #4414, #8565 ) ) ;
#2522 = CARTESIAN_POINT ( 'NONE',  ( -6.621131416319446572, 0.000000000000000000, -9.818616766943927487 ) ) ;
#2523 = EDGE_LOOP ( 'NONE', ( #10784, #7989, #3830, #370 ) ) ;
#2524 = CARTESIAN_POINT ( 'NONE',  ( -3.673062244983528846, 0.000000000000000000, -13.92482235592524020 ) ) ;
#2525 = CARTESIAN_POINT ( 'NONE',  ( -15.81533189030981035, 53.58999999999999631, 4.106205588981313603 ) ) ;
#2526 = LINE ( 'NONE', #7573, #7700 ) ;
#2527 = EDGE_CURVE ( 'NONE', #2428, #7427, #222, .T. ) ;
#2528 = ORIENTED_EDGE ( 'NONE', *, *, #2831, .T. ) ;
#2529 = CARTESIAN_POINT ( 'NONE',  ( -15.81533189030981035, 5.500000000000000000, 4.106205588981313603 ) ) ;
#2530 = VECTOR ( 'NONE', #8219, 1000.000000000000000 ) ;
#2531 = ORIENTED_EDGE ( 'NONE', *, *, #3890, .F. ) ;
#2532 = CARTESIAN_POINT ( 'NONE',  ( 0.4910252901194339659, 0.000000000000000000, -13.92482235592524020 ) ) ;
#2533 = EDGE_LOOP ( 'NONE', ( #756, #7639 ) ) ;
#2534 = CARTESIAN_POINT ( 'NONE',  ( 10.90124412787684527, 5.500000000000000000, 10.31861676694392393 ) ) ;
#2535 = CYLINDRICAL_SURFACE ( 'NONE', #182, 2.000000000000001776 ) ;
#2536 = ORIENTED_EDGE ( 'NONE', *, *, #3720, .T. ) ;
#2537 = ORIENTED_EDGE ( 'NONE', *, *, #379, .F. ) ;
#2538 = CARTESIAN_POINT ( 'NONE',  ( 4.655112825222401440, 53.58999999999999631, 14.92482235592523665 ) ) ;
#2539 = LINE ( 'NONE', #11197, #995 ) ;
#2540 = ORIENTED_EDGE ( 'NONE', *, *, #9773, .T. ) ;
#2541 = DIRECTION ( 'NONE',  ( 3.663735981263016583E-15, 0.000000000000000000, 1.000000000000000000 ) ) ;
#2542 = AXIS2_PLACEMENT_3D ( 'NONE', #7019, #10569, #11210 ) ;
#2543 = CYLINDRICAL_SURFACE ( 'NONE', #28, 3.500000000000000000 ) ;
#2544 = CARTESIAN_POINT ( 'NONE',  ( 4.678346688570254486, 5.500000000000000000, -8.103134160025360799 ) ) ;
#2545 = ORIENTED_EDGE ( 'NONE', *, *, #10469, .F. ) ;
#2546 = CARTESIAN_POINT ( 'NONE',  ( -9.569200587655371848, 53.58999999999999631, -14.92482235592523487 ) ) ;
#2547 = EDGE_CURVE ( 'NONE', #3695, #4400, #6227, .T. ) ;
#2548 = EDGE_CURVE ( 'NONE', #4865, #3723, #7144, .T. ) ;
#2549 = EDGE_CURVE ( 'NONE', #7344, #8849, #7210, .T. ) ;
#2550 = EDGE_CURVE ( 'NONE', #7191, #1213, #2852, .T. ) ;
#2551 = VECTOR ( 'NONE', #1445, 1000.000000000000000 ) ;
#2552 = LINE ( 'NONE', #9931, #3630 ) ;
#2553 = ADVANCED_FACE ( 'NONE', ( #5490 ), #1130, .T. ) ;
#2554 = DIRECTION ( 'NONE',  ( 3.330669073875469621E-15, 0.000000000000000000, 1.000000000000000000 ) ) ;
#2555 = ORIENTED_EDGE ( 'NONE', *, *, #10458, .F. ) ;
#2556 = CARTESIAN_POINT ( 'NONE',  ( 2.923062017653518918, 0.000000000000000000, -13.92482235592523310 ) ) ;
#2557 = ORIENTED_EDGE ( 'NONE', *, *, #10241, .F. ) ;
#2558 = CARTESIAN_POINT ( 'NONE',  ( -13.73328812275827815, 5.500000000000000000, 5.031514183640152996E-14 ) ) ;
#2559 = CARTESIAN_POINT ( 'NONE',  ( 8.819200360325355703, 0.000000000000000000, -14.92482235592524198 ) ) ;
#2560 = DIRECTION ( 'NONE',  ( 3.330669073875469621E-15, 0.000000000000000000, 1.000000000000000000 ) ) ;
#2561 = VECTOR ( 'NONE', #11069, 1000.000000000000000 ) ;
#2562 = ORIENTED_EDGE ( 'NONE', *, *, #6022, .F. ) ;
#2563 = CARTESIAN_POINT ( 'NONE',  ( 0.4910252901194391839, 0.000000000000000000, 14.92482235592523487 ) ) ;
#2564 = ORIENTED_EDGE ( 'NONE', *, *, #11303, .T. ) ;
#2565 = VECTOR ( 'NONE', #5899, 1000.000000000000000 ) ;
#2566 = DIRECTION ( 'NONE',  ( -0.000000000000000000, 1.000000000000000000, -0.000000000000000000 ) ) ;
#2567 = DIRECTION ( 'NONE',  ( -0.000000000000000000, 1.000000000000000000, -0.000000000000000000 ) ) ;
#2568 = PERSON_AND_ORGANIZATION ( #956, #7698 ) ;
#2569 = DIRECTION ( 'NONE',  ( -1.000000000000000000, -0.000000000000000000, -0.000000000000000000 ) ) ;
#2570 = DIRECTION ( 'NONE',  ( 3.663735981263016583E-15, 0.000000000000000000, 1.000000000000000000 ) ) ;
#2571 = FACE_OUTER_BOUND ( 'NONE', #4818, .T. ) ;
#2572 = DIRECTION ( 'NONE',  ( 0.5000000000000032196, 0.000000000000000000, 0.8660254037844368202 ) ) ;
#2573 = VECTOR ( 'NONE', #4291, 1000.000000000000000 ) ;
#2574 = ORIENTED_EDGE ( 'NONE', *, *, #4293, .F. ) ;
#2575 = VECTOR ( 'NONE', #6278, 1000.000000000000000 ) ;
#2576 = EDGE_LOOP ( 'NONE', ( #9815, #8636, #20, #7803 ) ) ;
#2577 = VECTOR ( 'NONE', #5023, 1000.000000000000114 ) ;
#2578 = ADVANCED_FACE ( 'NONE', ( #4742 ), #9214, .T. ) ;
#2579 = PLANE ( 'NONE',  #9675 ) ;
#2580 = EDGE_LOOP ( 'NONE', ( #8034, #8790, #11335, #7212 ) ) ;
#2581 = DIRECTION ( 'NONE',  ( -0.000000000000000000, 1.000000000000000000, -0.000000000000000000 ) ) ;
#2582 = AXIS2_PLACEMENT_3D ( 'NONE', #1872, #9897, #9787 ) ;
#2583 = VERTEX_POINT ( 'NONE', #10763 ) ;
#2584 = LINE ( 'NONE', #2524, #3921 ) ;
#2585 = CARTESIAN_POINT ( 'NONE',  ( 5.871131188989433092, 5.500000000000000000, -11.81861676694392926 ) ) ;
#2586 = LINE ( 'NONE', #10498, #8622 ) ;
#2587 = ORIENTED_EDGE ( 'NONE', *, *, #5916, .T. ) ;
#2588 = VECTOR ( 'NONE', #6267, 1000.000000000000000 ) ;
#2589 = VECTOR ( 'NONE', #7621, 1000.000000000000000 ) ;
#2590 = VECTOR ( 'NONE', #2554, 1000.000000000000000 ) ;
#2591 = ORIENTED_EDGE ( 'NONE', *, *, #2046, .F. ) ;
#2592 = EDGE_CURVE ( 'NONE', #10222, #332, #8225, .T. ) ;
#2593 = LINE ( 'NONE', #10276, #7896 ) ;
#2594 = ORIENTED_EDGE ( 'NONE', *, *, #8123, .T. ) ;
#2595 = CARTESIAN_POINT ( 'NONE',  ( 0.4910252901194391839, 0.000000000000000000, 14.92482235592523487 ) ) ;
#2596 = CARTESIAN_POINT ( 'NONE',  ( -1.241025517449447113, 52.28232689208745398, -14.92482235592523487 ) ) ;
#2597 = VERTEX_POINT ( 'NONE', #5553 ) ;
#2598 = ORIENTED_EDGE ( 'NONE', *, *, #7304, .F. ) ;
#2599 = LINE ( 'NONE', #11306, #3909 ) ;
#2600 = VECTOR ( 'NONE', #4353, 1000.000000000000000 ) ;
#2601 = LINE ( 'NONE', #10680, #8121 ) ;
#2602 = CIRCLE ( 'NONE', #6074, 3.500000000000000000 ) ;
#2603 = EDGE_LOOP ( 'NONE', ( #1737, #3, #190, #8776 ) ) ;
#2604 = VECTOR ( 'NONE', #9866, 1000.000000000000000 ) ;
#2605 = CARTESIAN_POINT ( 'NONE',  ( -7.837149780086493323, 53.58999999999999631, 13.92482235592523487 ) ) ;
#2606 = DIRECTION ( 'NONE',  ( -1.000000000000000000, 0.000000000000000000, 0.000000000000000000 ) ) ;
#2607 = ORIENTED_EDGE ( 'NONE', *, *, #8846, .T. ) ;
#2608 = CARTESIAN_POINT ( 'NONE',  ( 11.25123708785944743, 53.58999999999999631, 6.712411177962621878 ) ) ;
#2609 = EDGE_CURVE ( 'NONE', #2175, #4908, #10137, .T. ) ;
#2610 = AXIS2_PLACEMENT_3D ( 'NONE', #4735, #1234, #7257 ) ;
#2611 = AXIS2_PLACEMENT_3D ( 'NONE', #8197, #527, #6601 ) ;
#2612 = LINE ( 'NONE', #2663, #6375 ) ;
#2613 = CARTESIAN_POINT ( 'NONE',  ( -1.241025517449438009, 0.000000000000000000, 14.92482235592524198 ) ) ;
#2614 = EDGE_LOOP ( 'NONE', ( #9121, #11312, #2492, #9361 ) ) ;
#2615 = LINE ( 'NONE', #5365, #6642 ) ;
#2616 = ADVANCED_FACE ( 'NONE', ( #1360 ), #3772, .T. ) ;
#2617 = EDGE_LOOP ( 'NONE', ( #5412, #8391, #3260, #9237 ) ) ;
#2618 = DIRECTION ( 'NONE',  ( 0.8660254037844407060, 0.000000000000000000, 0.4999999999999965583 ) ) ;
#2619 = EDGE_CURVE ( 'NONE', #9809, #5472, #3824, .T. ) ;
#2620 = LINE ( 'NONE', #837, #2112 ) ;
#2621 = VECTOR ( 'NONE', #717, 1000.000000000000000 ) ;
#2622 = CARTESIAN_POINT ( 'NONE',  ( 1.371642827705998229E-15, 53.58999999999999631, -11.20031366318018584 ) ) ;
#2623 = ORIENTED_EDGE ( 'NONE', *, *, #560, .F. ) ;
#2624 = CARTESIAN_POINT ( 'NONE',  ( -7.988912396730038168, 5.500000000000000000, -13.83720216835316563 ) ) ;
#2625 = AXIS2_PLACEMENT_3D ( 'NONE', #10008, #8209, #432 ) ;
#2626 = EDGE_LOOP ( 'NONE', ( #5936, #3065, #3383, #7465 ) ) ;
#2627 = CARTESIAN_POINT ( 'NONE',  ( -15.81533189030981390, 0.000000000000000000, -4.106205588981306498 ) ) ;
#2628 = DIRECTION ( 'NONE',  ( -0.000000000000000000, 1.000000000000000000, -0.000000000000000000 ) ) ;
#2629 = DIRECTION ( 'NONE',  ( -0.4999999999999966138, 0.000000000000000000, 0.8660254037844407060 ) ) ;
#2630 = LINE ( 'NONE', #6919, #4987 ) ;
#2631 = ADVANCED_FACE ( 'NONE', ( #4860 ), #8289, .T. ) ;
#2632 = CARTESIAN_POINT ( 'NONE',  ( -9.919193547637970454, 53.58999999999999631, 11.31861676694392749 ) ) ;
#2633 = CARTESIAN_POINT ( 'NONE',  ( -14.08328108274093893, 0.000000000000000000, -4.106205588981313603 ) ) ;
#2634 = ORIENTED_EDGE ( 'NONE', *, *, #4277, .T. ) ;
#2635 = VECTOR ( 'NONE', #8366, 1000.000000000000000 ) ;
#2636 = ADVANCED_FACE ( 'NONE', ( #7316 ), #3027, .T. ) ;
#2637 = ORIENTED_EDGE ( 'NONE', *, *, #5196, .T. ) ;
#2638 = FACE_OUTER_BOUND ( 'NONE', #9593, .T. ) ;
#2639 = VECTOR ( 'NONE', #3866, 1000.000000000000000 ) ;
#2640 = ORIENTED_EDGE ( 'NONE', *, *, #5257, .T. ) ;
#2641 = CARTESIAN_POINT ( 'NONE',  ( 11.25123708785944743, 0.000000000000000000, 0.5000000000000044409 ) ) ;
#2642 = LINE ( 'NONE', #123, #10871 ) ;
#2643 = CARTESIAN_POINT ( 'NONE',  ( 20.95000000000000284, 5.499999999999998224, 16.49999999999999289 ) ) ;
#2644 = DIRECTION ( 'NONE',  ( 3.330669073875469621E-15, 0.000000000000000000, 1.000000000000000000 ) ) ;
#2645 = EDGE_LOOP ( 'NONE', ( #5464, #5484, #6859, #9995 ) ) ;
#2646 = AXIS2_PLACEMENT_3D ( 'NONE', #5581, #359, #308 ) ;
#2647 = VERTEX_POINT ( 'NONE', #9096 ) ;
#2648 = DIRECTION ( 'NONE',  ( 0.8660254037844404840, 0.000000000000000000, 0.4999999999999968359 ) ) ;
#2649 = ORIENTED_EDGE ( 'NONE', *, *, #6376, .F. ) ;
#2650 = CYLINDRICAL_SURFACE ( 'NONE', #420, 1.549999999999999600 ) ;
#2651 = FACE_OUTER_BOUND ( 'NONE', #7385, .T. ) ;
#2652 = VERTEX_POINT ( 'NONE', #10931 ) ;
#2653 = ORIENTED_EDGE ( 'NONE', *, *, #10110, .T. ) ;
#2654 = CARTESIAN_POINT ( 'NONE',  ( -0.3750001136649978029, 53.58999999999999631, 15.42482235592523843 ) ) ;
#2655 = CARTESIAN_POINT ( 'NONE',  ( -12.86726271897389751, 0.000000000000000000, 13.42482235592524020 ) ) ;
#2656 = VECTOR ( 'NONE', #11216, 1000.000000000000000 ) ;
#2657 = VERTEX_POINT ( 'NONE', #6399 ) ;
#2658 = LINE ( 'NONE', #7919, #5328 ) ;
#2659 = CARTESIAN_POINT ( 'NONE',  ( 3.789087421437957293, 0.000000000000000000, 13.42482235592524020 ) ) ;
#2660 = ORIENTED_EDGE ( 'NONE', *, *, #8339, .T. ) ;
#2661 = DIRECTION ( 'NONE',  ( -0.8660254037844407060, 0.000000000000000000, -0.4999999999999966138 ) ) ;
#2662 = EDGE_CURVE ( 'NONE', #138, #4730, #5779, .T. ) ;
#2663 = CARTESIAN_POINT ( 'NONE',  ( 5.871131188989445526, 0.000000000000000000, 11.81861676694392926 ) ) ;
#2664 = LINE ( 'NONE', #9652, #2590 ) ;
#2665 = VERTEX_POINT ( 'NONE', #5725 ) ;
#2666 = EDGE_CURVE ( 'NONE', #6030, #8293, #8342, .T. ) ;
#2667 = ORIENTED_EDGE ( 'NONE', *, *, #4656, .F. ) ;
#2668 = CARTESIAN_POINT ( 'NONE',  ( 3.789087421437957293, 53.58999999999999631, 13.42482235592524020 ) ) ;
#2669 = FACE_OUTER_BOUND ( 'NONE', #7748, .T. ) ;
#2670 = ORIENTED_EDGE ( 'NONE', *, *, #1140, .F. ) ;
#2671 = PLANE ( 'NONE',  #6784 ) ;
#2672 = LINE ( 'NONE', #8855, #7414 ) ;
#2673 = CARTESIAN_POINT ( 'NONE',  ( 11.25123708785944743, 53.58999999999999631, 0.5000000000000038858 ) ) ;
#2674 = ADVANCED_FACE ( 'NONE', ( #9966 ), #8169, .T. ) ;
#2675 = CARTESIAN_POINT ( 'NONE',  ( 3.789087421437964398, 0.000000000000000000, 15.42482235592523843 ) ) ;
#2676 = EDGE_LOOP ( 'NONE', ( #4247, #3407, #10297, #9791 ) ) ;
#2677 = DIRECTION ( 'NONE',  ( -0.000000000000000000, 1.000000000000000000, -0.000000000000000000 ) ) ;
#2678 = DIRECTION ( 'NONE',  ( -0.5000000000000029976, 0.000000000000000000, -0.8660254037844369313 ) ) ;
#2679 = CARTESIAN_POINT ( 'NONE',  ( 11.25123708785945453, 53.58999999999999631, 14.92482235592524198 ) ) ;
#2680 = DIRECTION ( 'NONE',  ( 0.8660254037844368202, -0.000000000000000000, -0.5000000000000032196 ) ) ;
#2681 = CARTESIAN_POINT ( 'NONE',  ( -9.569200587655371848, 51.99940408041244666, 13.92482235592524198 ) ) ;
#2682 = CARTESIAN_POINT ( 'NONE',  ( 8.667437743681867701, 5.500000000000000000, -15.01244254349728102 ) ) ;
#2683 = ORIENTED_EDGE ( 'NONE', *, *, #5848, .F. ) ;
#2684 = EDGE_CURVE ( 'NONE', #6640, #10704, #3991, .T. ) ;
#2685 = EDGE_CURVE ( 'NONE', #8811, #11064, #1240, .T. ) ;
#2686 = ORIENTED_EDGE ( 'NONE', *, *, #1366, .T. ) ;
#2687 = EDGE_CURVE ( 'NONE', #5240, #5797, #1411, .T. ) ;
#2688 = LINE ( 'NONE', #3490, #8754 ) ;
#2689 = ORIENTED_EDGE ( 'NONE', *, *, #9443, .F. ) ;
#2690 = LINE ( 'NONE', #3606, #2930 ) ;
#2691 = FACE_OUTER_BOUND ( 'NONE', #10771, .T. ) ;
#2692 = DIRECTION ( 'NONE',  ( -0.000000000000000000, 1.000000000000000000, -0.000000000000000000 ) ) ;
#2693 = CARTESIAN_POINT ( 'NONE',  ( 9.288525763336146213, 52.28232689208745398, -26.21647280029544547 ) ) ;
#2694 = ORIENTED_EDGE ( 'NONE', *, *, #7528, .T. ) ;
#2695 = ORIENTED_EDGE ( 'NONE', *, *, #7504, .T. ) ;
#2696 = CARTESIAN_POINT ( 'NONE',  ( 12.11726249164387781, 0.000000000000000000, -15.42482235592523843 ) ) ;
#2697 = ORIENTED_EDGE ( 'NONE', *, *, #8266, .F. ) ;
#2698 = LINE ( 'NONE', #4480, #8823 ) ;
#2699 = DIRECTION ( 'NONE',  ( -0.000000000000000000, 1.000000000000000000, -0.000000000000000000 ) ) ;
#2700 = ORIENTED_EDGE ( 'NONE', *, *, #8481, .T. ) ;
#2701 = EDGE_LOOP ( 'NONE', ( #549, #7861, #10893, #9232 ) ) ;
#2702 = CARTESIAN_POINT ( 'NONE',  ( 8.819200360325359256, 0.000000000000000000, -13.92482235592524020 ) ) ;
#2703 = CARTESIAN_POINT ( 'NONE',  ( -12.00123731518945647, 0.000000000000000000, 6.712411177962616549 ) ) ;
#2704 = EDGE_LOOP ( 'NONE', ( #9642, #7218, #3840, #5376 ) ) ;
#2705 = DIRECTION ( 'NONE',  ( -0.8660254037844404840, -0.000000000000000000, -0.4999999999999968359 ) ) ;
#2706 = LINE ( 'NONE', #7243, #7352 ) ;
#2707 = VERTEX_POINT ( 'NONE', #4692 ) ;
#2708 = DIRECTION ( 'NONE',  ( 3.330669073875469621E-15, 0.000000000000000000, 1.000000000000000000 ) ) ;
#2709 = CARTESIAN_POINT ( 'NONE',  ( -16.94829350482982022, 52.28232689208745398, -18.50000000000000355 ) ) ;
#2710 = CARTESIAN_POINT ( 'NONE',  ( 12.98328789542833306, 0.000000000000000000, 14.92482235592523487 ) ) ;
#2711 = ORIENTED_EDGE ( 'NONE', *, *, #6309, .T. ) ;
#2712 = VECTOR ( 'NONE', #2900, 1000.000000000000000 ) ;
#2713 = EDGE_CURVE ( 'NONE', #3631, #8502, #333, .T. ) ;
#2714 = ORIENTED_EDGE ( 'NONE', *, *, #8360, .T. ) ;
#2715 = CARTESIAN_POINT ( 'NONE',  ( -9.569200587655371848, 53.58999999999999631, 13.92482235592524198 ) ) ;
#2716 = PLANE ( 'NONE',  #6298 ) ;
#2717 = ORIENTED_EDGE ( 'NONE', *, *, #2158, .F. ) ;
#2718 = CARTESIAN_POINT ( 'NONE',  ( 12.11726249164388136, 0.000000000000000000, -8.212411177962620101 ) ) ;
#2719 = LINE ( 'NONE', #9717, #9434 ) ;
#2720 = DIRECTION ( 'NONE',  ( 0.000000000000000000, 0.000000000000000000, -1.000000000000000000 ) ) ;
#2721 = EDGE_CURVE ( 'NONE', #6311, #5684, #9151, .T. ) ;
#2722 = VECTOR ( 'NONE', #1718, 1000.000000000000000 ) ;
#2723 = EDGE_CURVE ( 'NONE', #2944, #6030, #552, .T. ) ;
#2724 = CARTESIAN_POINT ( 'NONE',  ( 12.11726249164387781, 53.58999999999999631, -15.42482235592523843 ) ) ;
#2725 = VERTEX_POINT ( 'NONE', #5031 ) ;
#2726 = DIRECTION ( 'NONE',  ( -3.663735981263016583E-15, 0.000000000000000000, -1.000000000000000000 ) ) ;
#2727 = EDGE_CURVE ( 'NONE', #4221, #6083, #6854, .T. ) ;
#2728 = CARTESIAN_POINT ( 'NONE',  ( 16.24897417983127923, 52.28232689208745398, -11.03937750053634126 ) ) ;
#2729 = CARTESIAN_POINT ( 'NONE',  ( -8.703175183870927256, 0.000000000000000000, 15.42482235592523843 ) ) ;
#2730 = VECTOR ( 'NONE', #9566, 1000.000000000000000 ) ;
#2731 = CARTESIAN_POINT ( 'NONE',  ( 7.801412339897535908, 5.500000000000000000, 13.51244254349721885 ) ) ;
#2732 = CARTESIAN_POINT ( 'NONE',  ( 8.819200360325359256, 53.58999999999999631, -13.92482235592524020 ) ) ;
#2733 = DIRECTION ( 'NONE',  ( 0.8660254037844369313, 0.000000000000000000, -0.5000000000000029976 ) ) ;
#2734 = ORIENTED_EDGE ( 'NONE', *, *, #5782, .T. ) ;
#2735 = VECTOR ( 'NONE', #9580, 1000.000000000000114 ) ;
#2736 = EDGE_LOOP ( 'NONE', ( #8764, #10728, #8900, #5030 ) ) ;
#2737 = PLANE ( 'NONE',  #1074 ) ;
#2738 = ORIENTED_EDGE ( 'NONE', *, *, #8250, .F. ) ;
#2739 = DIRECTION ( 'NONE',  ( 0.8660254037844368202, -0.000000000000000000, -0.5000000000000032196 ) ) ;
#2740 = LINE ( 'NONE', #6243, #620 ) ;
#2741 = LINE ( 'NONE', #8933, #10457 ) ;
#2742 = EDGE_CURVE ( 'NONE', #2964, #6984, #9380, .T. ) ;
#2743 = VECTOR ( 'NONE', #10599, 1000.000000000000000 ) ;
#2744 = EDGE_CURVE ( 'NONE', #1055, #1725, #8569, .T. ) ;
#2745 = DIRECTION ( 'NONE',  ( -3.663735981263016583E-15, -0.000000000000000000, -1.000000000000000000 ) ) ;
#2746 = DIRECTION ( 'NONE',  ( -0.8660254037844407060, 0.000000000000000000, -0.4999999999999966138 ) ) ;
#2747 = VERTEX_POINT ( 'NONE', #11154 ) ;
#2748 = EDGE_CURVE ( 'NONE', #10360, #3973, #4212, .T. ) ;
#2749 = VECTOR ( 'NONE', #7923, 1000.000000000000000 ) ;
#2750 = AXIS2_PLACEMENT_3D ( 'NONE', #7482, #2280, #9042 ) ;
#2751 = EDGE_LOOP ( 'NONE', ( #5403, #3460, #1157, #3279 ) ) ;
#2752 = DIRECTION ( 'NONE',  ( -0.000000000000000000, 1.000000000000000000, -0.000000000000000000 ) ) ;
#2753 = EDGE_LOOP ( 'NONE', ( #6348, #1880, #6545, #5810 ) ) ;
#2754 = DIRECTION ( 'NONE',  ( -0.000000000000000000, -0.000000000000000000, -1.000000000000000000 ) ) ;
#2755 = DIRECTION ( 'NONE',  ( -0.000000000000000000, 0.000000000000000000, 1.000000000000000000 ) ) ;
#2756 = ORIENTED_EDGE ( 'NONE', *, *, #9057, .F. ) ;
#2757 = VERTEX_POINT ( 'NONE', #720 ) ;
#2758 = CARTESIAN_POINT ( 'NONE',  ( -12.00123731518945291, 51.99940408041244666, 14.92482235592523665 ) ) ;
#2759 = FACE_OUTER_BOUND ( 'NONE', #2413, .T. ) ;
#2760 = VERTEX_POINT ( 'NONE', #9496 ) ;
#2761 = CARTESIAN_POINT ( 'NONE',  ( 11.25123708785944388, 0.000000000000000000, -13.92482235592523310 ) ) ;
#2762 = DIRECTION ( 'NONE',  ( 3.330669073875469621E-15, 0.000000000000000000, 1.000000000000000000 ) ) ;
#2763 = EDGE_LOOP ( 'NONE', ( #4145, #7548, #1790, #759 ) ) ;
#2764 = AXIS2_PLACEMENT_3D ( 'NONE', #1606, #10162, #8659 ) ;
#2765 = EDGE_CURVE ( 'NONE', #6964, #8092, #3304, .T. ) ;
#2766 = VECTOR ( 'NONE', #5003, 1000.000000000000114 ) ;
#2767 = DIRECTION ( 'NONE',  ( -3.663735981263016583E-15, -0.000000000000000000, -1.000000000000000000 ) ) ;
#2768 = AXIS2_PLACEMENT_3D ( 'NONE', #9200, #435, #3931 ) ;
#2769 = ORIENTED_EDGE ( 'NONE', *, *, #9115, .T. ) ;
#2770 = LINE ( 'NONE', #3755, #7713 ) ;
#2771 = VECTOR ( 'NONE', #10713, 1000.000000000000000 ) ;
#2772 = VECTOR ( 'NONE', #2864, 1000.000000000000000 ) ;
#2773 = ORIENTED_EDGE ( 'NONE', *, *, #10676, .T. ) ;
#2774 = VECTOR ( 'NONE', #7071, 1000.000000000000000 ) ;
#2775 = ORIENTED_EDGE ( 'NONE', *, *, #9545, .F. ) ;
#2776 = CARTESIAN_POINT ( 'NONE',  ( -5.405113052552404262, 51.99940408041244666, 14.92482235592524376 ) ) ;
#2777 = DIRECTION ( 'NONE',  ( -1.000000000000000000, 0.000000000000000000, 0.000000000000000000 ) ) ;
#2778 = VERTEX_POINT ( 'NONE', #2383 ) ;
#2779 = LINE ( 'NONE', #10527, #9344 ) ;
#2780 = CARTESIAN_POINT ( 'NONE',  ( -16.00000102328300855, 67.84000000000000341, -9.300000000000002487 ) ) ;
#2781 = PLANE ( 'NONE',  #6637 ) ;
#2782 = VECTOR ( 'NONE', #1994, 1000.000000000000000 ) ;
#2783 = VECTOR ( 'NONE', #5213, 1000.000000000000000 ) ;
#2784 = DIRECTION ( 'NONE',  ( 3.330669073875469621E-15, 0.000000000000000000, 1.000000000000000000 ) ) ;
#2785 = DIRECTION ( 'NONE',  ( 0.000000000000000000, 0.000000000000000000, 1.000000000000000000 ) ) ;
#2786 = ORIENTED_EDGE ( 'NONE', *, *, #3349, .F. ) ;
#2787 = LINE ( 'NONE', #6286, #2192 ) ;
#2788 = DIRECTION ( 'NONE',  ( 0.4999999999999968359, 0.000000000000000000, -0.8660254037844404840 ) ) ;
#2789 = AXIS2_PLACEMENT_3D ( 'NONE', #5598, #4559, #2958 ) ;
#2790 = ORIENTED_EDGE ( 'NONE', *, *, #2170, .F. ) ;
#2791 = DIRECTION ( 'NONE',  ( 0.4999999999999968359, 0.000000000000000000, -0.8660254037844404840 ) ) ;
#2792 = CARTESIAN_POINT ( 'NONE',  ( 2.923062017653518918, 5.500000000000000000, -13.92482235592523310 ) ) ;
#2793 = ORIENTED_EDGE ( 'NONE', *, *, #300, .T. ) ;
#2794 = LINE ( 'NONE', #8295, #5531 ) ;
#2795 = LINE ( 'NONE', #795, #1651 ) ;
#2796 = ORIENTED_EDGE ( 'NONE', *, *, #6715, .F. ) ;
#2797 = EDGE_CURVE ( 'NONE', #1447, #4744, #2448, .T. ) ;
#2798 = ADVANCED_FACE ( 'NONE', ( #5885 ), #1526, .T. ) ;
#2799 = AXIS2_PLACEMENT_3D ( 'NONE', #331, #1409, #8340 ) ;
#2800 = ORIENTED_EDGE ( 'NONE', *, *, #10334, .F. ) ;
#2801 = FACE_OUTER_BOUND ( 'NONE', #6914, .T. ) ;
#2802 = ORIENTED_EDGE ( 'NONE', *, *, #8846, .F. ) ;
#2803 = CYLINDRICAL_SURFACE ( 'NONE', #188, 1.050000000000000488 ) ;
#2804 = EDGE_CURVE ( 'NONE', #806, #7074, #2505, .T. ) ;
#2805 = CARTESIAN_POINT ( 'NONE',  ( 7.087149552756477178, 0.000000000000000000, -14.92482235592523487 ) ) ;
#2806 = CARTESIAN_POINT ( 'NONE',  ( 17.15000000000000213, 67.84000000000000341, -12.60000000000000142 ) ) ;
#2807 = VECTOR ( 'NONE', #1215, 1000.000000000000114 ) ;
#2808 = DIRECTION ( 'NONE',  ( 0.8660254037844368202, -0.000000000000000000, -0.5000000000000032196 ) ) ;
#2809 = DIRECTION ( 'NONE',  ( -0.000000000000000000, -1.000000000000000000, -0.000000000000000000 ) ) ;
#2810 = ORIENTED_EDGE ( 'NONE', *, *, #4901, .F. ) ;
#2811 = VECTOR ( 'NONE', #3334, 1000.000000000000114 ) ;
#2812 = EDGE_CURVE ( 'NONE', #10345, #8358, #4159, .T. ) ;
#2813 = ORIENTED_EDGE ( 'NONE', *, *, #8693, .T. ) ;
#2814 = DIRECTION ( 'NONE',  ( 3.330669073875469621E-15, 0.000000000000000000, 1.000000000000000000 ) ) ;
#2815 = EDGE_CURVE ( 'NONE', #9458, #3862, #7648, .T. ) ;
#2816 = ORIENTED_EDGE ( 'NONE', *, *, #6609, .T. ) ;
#2817 = DIRECTION ( 'NONE',  ( -0.000000000000000000, 1.000000000000000000, -0.000000000000000000 ) ) ;
#2818 = LINE ( 'NONE', #8830, #4762 ) ;
#2819 = ORIENTED_EDGE ( 'NONE', *, *, #1298, .T. ) ;
#2820 = ORIENTED_EDGE ( 'NONE', *, *, #2913, .T. ) ;
#2821 = CARTESIAN_POINT ( 'NONE',  ( 2.923062017653524247, 53.58999999999999631, 14.92482235592524376 ) ) ;
#2822 = DIRECTION ( 'NONE',  ( -0.000000000000000000, 1.000000000000000000, -0.000000000000000000 ) ) ;
#2823 = EDGE_LOOP ( 'NONE', ( #10193, #10881, #10982, #5764, #10738, #3777 ) ) ;
#2824 = CARTESIAN_POINT ( 'NONE',  ( 14.19930625919537270, 0.000000000000000000, 4.606205588981309162 ) ) ;
#2825 = DIRECTION ( 'NONE',  ( 0.8660254037844368202, 0.000000000000000000, -0.5000000000000032196 ) ) ;
#2826 = EDGE_LOOP ( 'NONE', ( #6474, #6617, #7315, #10354 ) ) ;
#2827 = VECTOR ( 'NONE', #1399, 1000.000000000000000 ) ;
#2828 = CARTESIAN_POINT ( 'NONE',  ( -4.539087648767965000, 53.58999999999999631, -13.42482235592523665 ) ) ;
#2829 = EDGE_CURVE ( 'NONE', #8199, #9018, #11271, .T. ) ;
#2830 = ORIENTED_EDGE ( 'NONE', *, *, #7641, .T. ) ;
#2831 = EDGE_CURVE ( 'NONE', #3808, #11047, #780, .T. ) ;
#2832 = DIRECTION ( 'NONE',  ( -0.8660254037844407060, 0.000000000000000000, -0.4999999999999966138 ) ) ;
#2833 = AXIS2_PLACEMENT_3D ( 'NONE', #1332, #4832, #8315 ) ;
#2834 = EDGE_LOOP ( 'NONE', ( #1343, #3611, #7644, #5614 ) ) ;
#2835 = EDGE_CURVE ( 'NONE', #8208, #5607, #558, .T. ) ;
#2836 = ORIENTED_EDGE ( 'NONE', *, *, #3708, .T. ) ;
#2837 = FACE_OUTER_BOUND ( 'NONE', #9533, .T. ) ;
#2838 = CARTESIAN_POINT ( 'NONE',  ( 0.000000000000000000, -31.67927097060420394, 11.20031366318018584 ) ) ;
#2839 = EDGE_LOOP ( 'NONE', ( #9423, #7174, #5569, #3010 ) ) ;
#2840 = CARTESIAN_POINT ( 'NONE',  ( -13.73328812275833144, 0.000000000000000000, -6.712411177962615660 ) ) ;
#2841 = DIRECTION ( 'NONE',  ( 0.8660254037844404840, 0.000000000000000000, 0.4999999999999968359 ) ) ;
#2842 = CARTESIAN_POINT ( 'NONE',  ( -1.241025517449438009, 51.99940408041244666, 14.92482235592524198 ) ) ;
#2843 = EDGE_CURVE ( 'NONE', #10305, #2089, #6909, .T. ) ;
#2844 = FACE_OUTER_BOUND ( 'NONE', #1471, .T. ) ;
#2845 = AXIS2_PLACEMENT_3D ( 'NONE', #7533, #5771, #7303 ) ;
#2846 = CARTESIAN_POINT ( 'NONE',  ( -6.999998126900004891, 15.50000000000000000, 1.549999999999996048 ) ) ;
#2847 = CARTESIAN_POINT ( 'NONE',  ( -12.88803096516482682, 51.99940408041244666, 6.200420625433788580 ) ) ;
#2848 = VERTEX_POINT ( 'NONE', #11048 ) ;
#2849 = CARTESIAN_POINT ( 'NONE',  ( 12.98328789542831707, 53.58999999999999631, -14.92482235592524198 ) ) ;
#2850 = LINE ( 'NONE', #8800, #9020 ) ;
#2851 = ORIENTED_EDGE ( 'NONE', *, *, #7833, .T. ) ;
#2852 = LINE ( 'NONE', #7039, #2217 ) ;
#2853 = LINE ( 'NONE', #10764, #4474 ) ;
#2854 = CARTESIAN_POINT ( 'NONE',  ( 0.000000000000000000, 1.000000000000000888, 8.800000000000002487 ) ) ;
#2855 = CARTESIAN_POINT ( 'NONE',  ( -12.00123731518945291, 0.000000000000000000, 7.712411177962617437 ) ) ;
#2856 = ORIENTED_EDGE ( 'NONE', *, *, #10200, .T. ) ;
#2857 = ORIENTED_EDGE ( 'NONE', *, *, #3439, .T. ) ;
#2858 = DIRECTION ( 'NONE',  ( 0.000000000000000000, -1.000000000000000000, 0.000000000000000000 ) ) ;
#2859 = ORIENTED_EDGE ( 'NONE', *, *, #808, .T. ) ;
#2860 = DIRECTION ( 'NONE',  ( 1.000000000000000000, -0.000000000000000000, -0.000000000000000000 ) ) ;
#2861 = EDGE_CURVE ( 'NONE', #3864, #8159, #3198, .T. ) ;
#2862 = LINE ( 'NONE', #2805, #5937 ) ;
#2863 = CARTESIAN_POINT ( 'NONE',  ( 10.90124412787684172, 0.000000000000000000, -10.31861676694393104 ) ) ;
#2864 = DIRECTION ( 'NONE',  ( -0.000000000000000000, 1.000000000000000000, -0.000000000000000000 ) ) ;
#2865 = PLANE ( 'NONE',  #9561 ) ;
#2866 = ORIENTED_EDGE ( 'NONE', *, *, #9339, .T. ) ;
#2867 = ADVANCED_FACE ( 'NONE', ( #10186 ), #9317, .T. ) ;
#2868 = DIRECTION ( 'NONE',  ( -0.000000000000000000, 1.000000000000000000, -0.000000000000000000 ) ) ;
#2869 = EDGE_LOOP ( 'NONE', ( #4919, #4978 ) ) ;
#2870 = LINE ( 'NONE', #5576, #8456 ) ;
#2871 = CARTESIAN_POINT ( 'NONE',  ( -13.73328812275833499, 5.500000000000000000, -0.4999999999999963363 ) ) ;
#2872 = ORIENTED_EDGE ( 'NONE', *, *, #1979, .F. ) ;
#2873 = EDGE_CURVE ( 'NONE', #4265, #524, #4969, .T. ) ;
#2874 = AXIS2_PLACEMENT_3D ( 'NONE', #1573, #710, #4321 ) ;
#2875 = ORIENTED_EDGE ( 'NONE', *, *, #2030, .F. ) ;
#2876 = DIRECTION ( 'NONE',  ( -3.663735981263016583E-15, -0.000000000000000000, -1.000000000000000000 ) ) ;
#2877 = CARTESIAN_POINT ( 'NONE',  ( 7.087149552756531357, 5.500000000000000000, -2.596544482102619923E-14 ) ) ;
#2878 = ORIENTED_EDGE ( 'NONE', *, *, #7127, .F. ) ;
#2879 = DIRECTION ( 'NONE',  ( 3.330669073875469621E-15, 0.000000000000000000, 1.000000000000000000 ) ) ;
#2880 = DIRECTION ( 'NONE',  ( 0.5000000000000032196, 0.000000000000000000, 0.8660254037844368202 ) ) ;
#2881 = ORIENTED_EDGE ( 'NONE', *, *, #6537, .T. ) ;
#2882 = DIRECTION ( 'NONE',  ( 0.8660254037844368202, -0.000000000000000000, -0.5000000000000032196 ) ) ;
#2883 = CLOSED_SHELL ( 'NONE', ( #897, #3740, #6682, #8040, #6135, #5610 ) ) ;
#2884 = EDGE_CURVE ( 'NONE', #5635, #302, #7132, .T. ) ;
#2885 = ORIENTED_EDGE ( 'NONE', *, *, #5276, .F. ) ;
#2886 = CARTESIAN_POINT ( 'NONE',  ( 0.4910252901194339659, 53.58999999999999631, -13.92482235592524020 ) ) ;
#2887 = EDGE_LOOP ( 'NONE', ( #10192, #5604, #8140, #10911 ) ) ;
#2888 = ORIENTED_EDGE ( 'NONE', *, *, #8809, .F. ) ;
#2889 = CARTESIAN_POINT ( 'NONE',  ( -12.86726271897389040, 53.58999999999999631, -13.42482235592523665 ) ) ;
#2890 = EDGE_LOOP ( 'NONE', ( #5575, #1036, #8982, #6131, #8388, #7632 ) ) ;
#2891 = DIRECTION ( 'NONE',  ( -0.000000000000000000, 1.000000000000000000, -0.000000000000000000 ) ) ;
#2892 = CARTESIAN_POINT ( 'NONE',  ( -12.00123731518945647, 5.500000000000000000, -14.92482235592524198 ) ) ;
#2893 = CARTESIAN_POINT ( 'NONE',  ( -16.94829350482982022, 67.84000000000000341, -12.60000000000000142 ) ) ;
#2894 = EDGE_CURVE ( 'NONE', #11305, #9971, #46, .T. ) ;
#2895 = DIRECTION ( 'NONE',  ( 0.5000000000000032196, 0.000000000000000000, 0.8660254037844368202 ) ) ;
#2896 = EDGE_CURVE ( 'NONE', #5499, #7415, #8038, .T. ) ;
#2897 = EDGE_CURVE ( 'NONE', #7951, #5961, #1056, .T. ) ;
#2898 = EDGE_CURVE ( 'NONE', #8199, #6363, #208, .T. ) ;
#2899 = AXIS2_PLACEMENT_3D ( 'NONE', #6167, #5146, #7881 ) ;
#2900 = DIRECTION ( 'NONE',  ( 3.330669073875469621E-15, 0.000000000000000000, 1.000000000000000000 ) ) ;
#2901 = DIRECTION ( 'NONE',  ( 1.000000000000000000, -0.000000000000000000, 0.000000000000000000 ) ) ;
#2902 = ORIENTED_EDGE ( 'NONE', *, *, #8268, .T. ) ;
#2903 = CARTESIAN_POINT ( 'NONE',  ( 15.06533166297980486, 5.500000000000000000, -4.106205588981311827 ) ) ;
#2904 = DIRECTION ( 'NONE',  ( 0.000000000000000000, 0.000000000000000000, 1.000000000000000000 ) ) ;
#2905 = ORIENTED_EDGE ( 'NONE', *, *, #3503, .F. ) ;
#2906 = CARTESIAN_POINT ( 'NONE',  ( -9.569200587655364743, 52.28232689208745398, -12.59999999999990550 ) ) ;
#2907 = PLANE ( 'NONE',  #5949 ) ;
#2908 = ORIENTED_EDGE ( 'NONE', *, *, #4404, .F. ) ;
#2909 = PLANE ( 'NONE',  #8076 ) ;
#2910 = VECTOR ( 'NONE', #578, 1000.000000000000000 ) ;
#2911 = CARTESIAN_POINT ( 'NONE',  ( -7.837149780086493323, 53.58999999999999631, -14.92482235592524198 ) ) ;
#2912 = VERTEX_POINT ( 'NONE', #4557 ) ;
#2913 = EDGE_CURVE ( 'NONE', #9780, #6857, #6162, .T. ) ;
#2914 = ORIENTED_EDGE ( 'NONE', *, *, #3882, .T. ) ;
#2915 = VECTOR ( 'NONE', #5561, 1000.000000000000000 ) ;
#2916 = CARTESIAN_POINT ( 'NONE',  ( 2.923062017653514921, 53.58999999999999631, -14.92482235592523487 ) ) ;
#2917 = ORIENTED_EDGE ( 'NONE', *, *, #5100, .T. ) ;
#2918 = DIRECTION ( 'NONE',  ( -0.8660254037844369313, -0.000000000000000000, 0.5000000000000029976 ) ) ;
#2919 = DIRECTION ( 'NONE',  ( 0.8660254037844407060, 0.000000000000000000, 0.4999999999999965583 ) ) ;
#2920 = LINE ( 'NONE', #6417, #5510 ) ;
#2921 = CARTESIAN_POINT ( 'NONE',  ( -5.405113052552409592, 53.58999999999999631, -14.92482235592523487 ) ) ;
#2922 = FACE_BOUND ( 'NONE', #4443, .T. ) ;
#2923 = ORIENTED_EDGE ( 'NONE', *, *, #7935, .F. ) ;
#2924 = VECTOR ( 'NONE', #3493, 1000.000000000000000 ) ;
#2925 = APPROVAL ( #5789, '未' ) ;
#2926 = PLANE ( 'NONE',  #7537 ) ;
#2927 = EDGE_LOOP ( 'NONE', ( #4493, #819, #6072, #8126 ) ) ;
#2928 = CARTESIAN_POINT ( 'NONE',  ( 15.06533166297980841, 0.000000000000000000, -3.106205588981311383 ) ) ;
#2929 = DIRECTION ( 'NONE',  ( -0.000000000000000000, 1.000000000000000000, -0.000000000000000000 ) ) ;
#2930 = VECTOR ( 'NONE', #2860, 1000.000000000000000 ) ;
#2931 = VERTEX_POINT ( 'NONE', #5368 ) ;
#2932 = VERTEX_POINT ( 'NONE', #8906 ) ;
#2933 = LINE ( 'NONE', #4771, #6832 ) ;
#2934 = CARTESIAN_POINT ( 'NONE',  ( 8.819200360325362809, 0.000000000000000000, 13.92482235592523310 ) ) ;
#2935 = ORIENTED_EDGE ( 'NONE', *, *, #9744, .F. ) ;
#2936 = CARTESIAN_POINT ( 'NONE',  ( 13.33328085541092989, 53.58999999999999631, 3.106205588981312271 ) ) ;
#2937 = LINE ( 'NONE', #1389, #1665 ) ;
#2938 = ORIENTED_EDGE ( 'NONE', *, *, #8074, .T. ) ;
#2939 = DIRECTION ( 'NONE',  ( 3.330669073875469621E-15, 0.000000000000000000, 1.000000000000000000 ) ) ;
#2940 = VECTOR ( 'NONE', #10370, 1000.000000000000000 ) ;
#2941 = CC_DESIGN_PERSON_AND_ORGANIZATION_ASSIGNMENT ( #1761, #4339, ( #10459 ) ) ;
#2942 = VECTOR ( 'NONE', #3530, 1000.000000000000000 ) ;
#2943 = EDGE_CURVE ( 'NONE', #7177, #4865, #2779, .T. ) ;
#2944 = VERTEX_POINT ( 'NONE', #7028 ) ;
#2945 = DIRECTION ( 'NONE',  ( 0.8660254037844369313, 0.000000000000000000, -0.5000000000000029976 ) ) ;
#2946 = ORIENTED_EDGE ( 'NONE', *, *, #31, .F. ) ;
#2947 = AXIS2_PLACEMENT_3D ( 'NONE', #9294, #3972, #7293 ) ;
#2948 = ORIENTED_EDGE ( 'NONE', *, *, #922, .T. ) ;
#2949 = DIRECTION ( 'NONE',  ( -0.8660254037844369313, -0.000000000000000000, 0.5000000000000029976 ) ) ;
#2950 = CARTESIAN_POINT ( 'NONE',  ( 11.25123708785944032, 0.000000000000000000, -14.92482235592523487 ) ) ;
#2951 = AXIS2_PLACEMENT_3D ( 'NONE', #11039, #11261, #1453 ) ;
#2952 = ORIENTED_EDGE ( 'NONE', *, *, #8742, .F. ) ;
#2953 = DIRECTION ( 'NONE',  ( -0.000000000000000000, 1.000000000000000000, -0.000000000000000000 ) ) ;
#2954 = VECTOR ( 'NONE', #1287, 1000.000000000000114 ) ;
#2955 = CARTESIAN_POINT ( 'NONE',  ( -5.755106012534975335, 5.500000000000000000, 1.916835361282501513E-14 ) ) ;
#2956 = FACE_OUTER_BOUND ( 'NONE', #1816, .T. ) ;
#2957 = EDGE_CURVE ( 'NONE', #4196, #7603, #949, .T. ) ;
#2958 = DIRECTION ( 'NONE',  ( 0.8660254037844368202, 0.000000000000000000, -0.5000000000000032196 ) ) ;
#2959 = VECTOR ( 'NONE', #4775, 1000.000000000000000 ) ;
#2960 = VECTOR ( 'NONE', #7902, 1000.000000000000000 ) ;
#2961 = AXIS2_PLACEMENT_3D ( 'NONE', #4155, #4104, #2215 ) ;
#2962 = CARTESIAN_POINT ( 'NONE',  ( -5.405113052552409592, 53.58999999999999631, -14.92482235592523487 ) ) ;
#2963 = LINE ( 'NONE', #156, #214 ) ;
#2964 = VERTEX_POINT ( 'NONE', #6334 ) ;
#2965 = EDGE_CURVE ( 'NONE', #2105, #5256, #9659, .T. ) ;
#2966 = EDGE_CURVE ( 'NONE', #8493, #5534, #4501, .T. ) ;
#2967 = LINE ( 'NONE', #3133, #2251 ) ;
#2968 = ADVANCED_FACE ( 'NONE', ( #9611 ), #2671, .T. ) ;
#2969 = VERTEX_POINT ( 'NONE', #7933 ) ;
#2970 = DIRECTION ( 'NONE',  ( 3.663735981263016583E-15, 0.000000000000000000, 1.000000000000000000 ) ) ;
#2971 = LINE ( 'NONE', #2731, #5772 ) ;
#2972 = VECTOR ( 'NONE', #7032, 1000.000000000000000 ) ;
#2973 = VECTOR ( 'NONE', #2752, 1000.000000000000000 ) ;
#2974 = DIRECTION ( 'NONE',  ( -0.000000000000000000, 1.000000000000000000, -0.000000000000000000 ) ) ;
#2975 = LINE ( 'NONE', #287, #6986 ) ;
#2976 = EDGE_LOOP ( 'NONE', ( #3880, #6765, #8721, #4429 ) ) ;
#2977 = VERTEX_POINT ( 'NONE', #6965 ) ;
#2978 = VECTOR ( 'NONE', #870, 1000.000000000000000 ) ;
#2979 = EDGE_CURVE ( 'NONE', #8358, #6154, #836, .T. ) ;
#2980 = AXIS2_PLACEMENT_3D ( 'NONE', #2495, #7754, #657 ) ;
#2981 = LINE ( 'NONE', #400, #5847 ) ;
#2982 = PERSON_AND_ORGANIZATION_ROLE ( 'design_owner' ) ;
#2983 = ORIENTED_EDGE ( 'NONE', *, *, #5967, .T. ) ;
#2984 = EDGE_CURVE ( 'NONE', #7677, #9495, #8736, .T. ) ;
#2985 = DIRECTION ( 'NONE',  ( 0.000000000000000000, 0.000000000000000000, -1.000000000000000000 ) ) ;
#2986 = DIRECTION ( 'NONE',  ( -0.8660254037844407060, 0.000000000000000000, -0.4999999999999966138 ) ) ;
#2987 = FACE_OUTER_BOUND ( 'NONE', #2518, .T. ) ;
#2988 = CARTESIAN_POINT ( 'NONE',  ( 11.25123708785944032, 0.000000000000000000, -14.92482235592523487 ) ) ;
#2989 = CARTESIAN_POINT ( 'NONE',  ( 12.11726249164389557, 5.500000000000000000, 15.42482235592523843 ) ) ;
#2990 = ORIENTED_EDGE ( 'NONE', *, *, #1685, .T. ) ;
#2991 = AXIS2_PLACEMENT_3D ( 'NONE', #6344, #2678, #8745 ) ;
#2992 = CARTESIAN_POINT ( 'NONE',  ( 12.11726249164388491, 5.500000000000000000, 6.212411177962618325 ) ) ;
#2993 = VECTOR ( 'NONE', #5535, 1000.000000000000000 ) ;
#2994 = VERTEX_POINT ( 'NONE', #10467 ) ;
#2995 = PLANE ( 'NONE',  #5727 ) ;
#2996 = CARTESIAN_POINT ( 'NONE',  ( 4.655112825222397888, 5.500000000000000000, 13.92482235592523487 ) ) ;
#2997 = ORIENTED_EDGE ( 'NONE', *, *, #8757, .F. ) ;
#2998 = ORIENTED_EDGE ( 'NONE', *, *, #9816, .F. ) ;
#2999 = DIRECTION ( 'NONE',  ( 0.000000000000000000, 0.000000000000000000, -1.000000000000000000 ) ) ;
#3000 = DIRECTION ( 'NONE',  ( -0.8660254037844407060, 0.000000000000000000, -0.4999999999999966138 ) ) ;
#3001 = ORIENTED_EDGE ( 'NONE', *, *, #10593, .F. ) ;
#3002 = DIRECTION ( 'NONE',  ( 3.330669073875469621E-15, 0.000000000000000000, 1.000000000000000000 ) ) ;
#3003 = CARTESIAN_POINT ( 'NONE',  ( 2.923062017653524247, 0.000000000000000000, 14.92482235592524376 ) ) ;
#3004 = EDGE_CURVE ( 'NONE', #3566, #1695, #5425, .T. ) ;
#3005 = ORIENTED_EDGE ( 'NONE', *, *, #6554, .T. ) ;
#3006 = DIRECTION ( 'NONE',  ( 0.8660254037844404840, 0.000000000000000000, 0.4999999999999968359 ) ) ;
#3007 = VECTOR ( 'NONE', #8593, 1000.000000000000000 ) ;
#3008 = EDGE_LOOP ( 'NONE', ( #2309, #2301, #4217, #95 ) ) ;
#3009 = FACE_OUTER_BOUND ( 'NONE', #1296, .T. ) ;
#3010 = ORIENTED_EDGE ( 'NONE', *, *, #350, .F. ) ;
#3011 = ORIENTED_EDGE ( 'NONE', *, *, #6100, .F. ) ;
#3012 = CARTESIAN_POINT ( 'NONE',  ( 8.819200360325368138, 0.000000000000000000, 14.92482235592523487 ) ) ;
#3013 = LINE ( 'NONE', #2950, #2639 ) ;
#3014 = VECTOR ( 'NONE', #8671, 1000.000000000000000 ) ;
#3015 = ORIENTED_EDGE ( 'NONE', *, *, #6890, .T. ) ;
#3016 = LINE ( 'NONE', #9142, #2954 ) ;
#3017 = PLANE ( 'NONE',  #7906 ) ;
#3018 = CARTESIAN_POINT ( 'NONE',  ( 9.169193320307929440, 5.500000000000000000, -3.359350348676866544E-14 ) ) ;
#3019 = ADVANCED_FACE ( 'NONE', ( #1804 ), #1751, .T. ) ;
#3020 = VECTOR ( 'NONE', #4937, 1000.000000000000000 ) ;
#3021 = DIRECTION ( 'NONE',  ( -0.8660254037844404840, 0.000000000000000000, -0.4999999999999968359 ) ) ;
#3022 = EDGE_CURVE ( 'NONE', #9795, #10627, #4384, .T. ) ;
#3023 = CARTESIAN_POINT ( 'NONE',  ( -7.837149780086493323, 51.99940408041244666, 13.92482235592523487 ) ) ;
#3024 = ORIENTED_EDGE ( 'NONE', *, *, #10048, .T. ) ;
#3025 = CARTESIAN_POINT ( 'NONE',  ( 3.789087421437952408, 0.000000000000000000, -15.42482235592523843 ) ) ;
#3026 = VERTEX_POINT ( 'NONE', #151 ) ;
#3027 = PLANE ( 'NONE',  #1297 ) ;
#3028 = DIRECTION ( 'NONE',  ( 0.000000000000000000, 0.000000000000000000, 1.000000000000000000 ) ) ;
#3029 = EDGE_CURVE ( 'NONE', #5626, #8766, #10576, .T. ) ;
#3030 = VECTOR ( 'NONE', #9834, 1000.000000000000000 ) ;
#3031 = ORIENTED_EDGE ( 'NONE', *, *, #11284, .F. ) ;
#3032 = LINE ( 'NONE', #392, #4614 ) ;
#3033 = ORIENTED_EDGE ( 'NONE', *, *, #5806, .F. ) ;
#3034 = EDGE_LOOP ( 'NONE', ( #341, #7397, #8189, #9282, #9114, #4011 ) ) ;
#3035 = ADVANCED_FACE ( 'NONE', ( #2098 ), #10804, .T. ) ;
#3036 = ORIENTED_EDGE ( 'NONE', *, *, #294, .T. ) ;
#3037 = LINE ( 'NONE', #4057, #8947 ) ;
#3038 = CARTESIAN_POINT ( 'NONE',  ( -12.86726271897389040, 0.000000000000000000, -13.42482235592523665 ) ) ;
#3039 = ORIENTED_EDGE ( 'NONE', *, *, #8347, .T. ) ;
#3040 = CARTESIAN_POINT ( 'NONE',  ( -12.86726271897389040, 5.500000000000000000, 15.42482235592523843 ) ) ;
#3041 = CARTESIAN_POINT ( 'NONE',  ( -18.95000000000000995, 5.499999999999998224, 16.49999999999999289 ) ) ;
#3042 = CARTESIAN_POINT ( 'NONE',  ( 2.923062017653518918, 0.000000000000000000, -13.92482235592523310 ) ) ;
#3043 = PLANE ( 'NONE',  #2410 ) ;
#3044 = FACE_BOUND ( 'NONE', #7597, .T. ) ;
#3045 = VERTEX_POINT ( 'NONE', #6512 ) ;
#3046 = EDGE_CURVE ( 'NONE', #11224, #10345, #9953, .T. ) ;
#3047 = ADVANCED_FACE ( 'NONE', ( #9086 ), #4682, .T. ) ;
#3048 = EDGE_CURVE ( 'NONE', #1282, #7893, #271, .T. ) ;
#3049 = EDGE_CURVE ( 'NONE', #5864, #7894, #2154, .T. ) ;
#3050 = LINE ( 'NONE', #4764, #10963 ) ;
#3051 = VERTEX_POINT ( 'NONE', #1349 ) ;
#3052 = CARTESIAN_POINT ( 'NONE',  ( 2.923062017653524247, 0.000000000000000000, 14.92482235592524376 ) ) ;
#3053 = EDGE_LOOP ( 'NONE', ( #6509, #11191 ) ) ;
#3054 = LINE ( 'NONE', #8142, #2807 ) ;
#3055 = DIRECTION ( 'NONE',  ( 0.8660254037844404840, 0.000000000000000000, 0.4999999999999968359 ) ) ;
#3056 = ORIENTED_EDGE ( 'NONE', *, *, #6802, .F. ) ;
#3057 = CARTESIAN_POINT ( 'NONE',  ( 6.999998126899990680, 53.58999999999999631, 1.549999999999996714 ) ) ;
#3058 = PLANE ( 'NONE',  #9729 ) ;
#3059 = ORIENTED_EDGE ( 'NONE', *, *, #6052, .F. ) ;
#3060 = DIRECTION ( 'NONE',  ( -0.000000000000000000, 1.000000000000000000, -0.000000000000000000 ) ) ;
#3061 = ORIENTED_EDGE ( 'NONE', *, *, #118, .F. ) ;
#3062 = CARTESIAN_POINT ( 'NONE',  ( -1.241025517449438009, 0.000000000000000000, 14.92482235592524198 ) ) ;
#3063 = ORIENTED_EDGE ( 'NONE', *, *, #9990, .T. ) ;
#3064 = EDGE_LOOP ( 'NONE', ( #4418, #4170, #7598, #8672 ) ) ;
#3065 = ORIENTED_EDGE ( 'NONE', *, *, #4070, .F. ) ;
#3066 = CARTESIAN_POINT ( 'NONE',  ( 12.11726249164388491, 53.58999999999999631, 6.212411177962618325 ) ) ;
#3067 = ORIENTED_EDGE ( 'NONE', *, *, #7907, .F. ) ;
#3068 = CARTESIAN_POINT ( 'NONE',  ( 11.25123708785945453, 0.000000000000000000, 14.92482235592524198 ) ) ;
#3069 = DIRECTION ( 'NONE',  ( 0.000000000000000000, 1.000000000000000000, -0.000000000000000000 ) ) ;
#3070 = PLANE ( 'NONE',  #6132 ) ;
#3071 = CARTESIAN_POINT ( 'NONE',  ( -11.65124435520685076, 53.58999999999999631, 11.31861676694393282 ) ) ;
#3072 = ADVANCED_FACE ( 'NONE', ( #10062 ), #8160, .T. ) ;
#3073 = DIRECTION ( 'NONE',  ( -0.000000000000000000, 1.000000000000000000, -0.000000000000000000 ) ) ;
#3074 = ORIENTED_EDGE ( 'NONE', *, *, #4878, .F. ) ;
#3075 = DIRECTION ( 'NONE',  ( -0.000000000000000000, 1.000000000000000000, -0.000000000000000000 ) ) ;
#3076 = ORIENTED_EDGE ( 'NONE', *, *, #11065, .T. ) ;
#3077 = CARTESIAN_POINT ( 'NONE',  ( 11.25123708785942434, 5.500000000000000000, -4.122156215251149137E-14 ) ) ;
#3078 = CARTESIAN_POINT ( 'NONE',  ( -1.241025517449440674, 52.28232689208745398, -12.59999999999993392 ) ) ;
#3079 = EDGE_LOOP ( 'NONE', ( #4973, #4925, #6187, #11104 ) ) ;
#3080 = EDGE_CURVE ( 'NONE', #866, #1397, #2035, .T. ) ;
#3081 = CARTESIAN_POINT ( 'NONE',  ( -5.906868629178480212, 5.500000000000000000, 10.23099657937194529 ) ) ;
#3082 = ORIENTED_EDGE ( 'NONE', *, *, #2765, .F. ) ;
#3083 = VECTOR ( 'NONE', #3985, 1000.000000000000000 ) ;
#3084 = EDGE_LOOP ( 'NONE', ( #4669, #4274, #131, #6029 ) ) ;
#3085 = ADVANCED_FACE ( 'NONE', ( #4848 ), #10864, .T. ) ;
#3086 = EDGE_LOOP ( 'NONE', ( #1017, #10068, #8512, #7357 ) ) ;
#3087 = DIRECTION ( 'NONE',  ( 1.000000000000000000, 0.000000000000000000, -3.663735981263016583E-15 ) ) ;
#3088 = DIRECTION ( 'NONE',  ( -0.000000000000000000, 1.000000000000000000, -0.000000000000000000 ) ) ;
#3089 = EDGE_LOOP ( 'NONE', ( #94, #3201, #7150, #2738 ) ) ;
#3090 = CARTESIAN_POINT ( 'NONE',  ( 17.15000000000000213, 52.28232689208745398, -12.60000000000000142 ) ) ;
#3091 = AXIS2_PLACEMENT_3D ( 'NONE', #9631, #10660, #6353 ) ;
#3092 = FACE_BOUND ( 'NONE', #5005, .T. ) ;
#3093 = CARTESIAN_POINT ( 'NONE',  ( 3.789087421437957293, 0.000000000000000000, 13.42482235592524020 ) ) ;
#3094 = DIRECTION ( 'NONE',  ( 1.000000000000000000, 0.000000000000000000, -3.663735981263016583E-15 ) ) ;
#3095 = FACE_BOUND ( 'NONE', #367, .T. ) ;
#3096 = EDGE_CURVE ( 'NONE', #7894, #10360, #3016, .T. ) ;
#3097 = VERTEX_POINT ( 'NONE', #6623 ) ;
#3098 = AXIS2_PLACEMENT_3D ( 'NONE', #5487, #9298, #5549 ) ;
#3099 = DIRECTION ( 'NONE',  ( -0.8660254037844404840, 0.000000000000000000, -0.4999999999999968359 ) ) ;
#3100 = ORIENTED_EDGE ( 'NONE', *, *, #5714, .F. ) ;
#3101 = ADVANCED_FACE ( 'NONE', ( #1114 ), #4790, .T. ) ;
#3102 = DIRECTION ( 'NONE',  ( 0.8660254037844369313, 0.000000000000000000, -0.5000000000000029976 ) ) ;
#3103 = EDGE_CURVE ( 'NONE', #5231, #10837, #7703, .T. ) ;
#3104 = ORIENTED_EDGE ( 'NONE', *, *, #10266, .T. ) ;
#3105 = LINE ( 'NONE', #3796, #5923 ) ;
#3106 = CARTESIAN_POINT ( 'NONE',  ( 7.953174956540929763, 0.000000000000000000, 15.42482235592523843 ) ) ;
#3107 = VECTOR ( 'NONE', #2246, 1000.000000000000000 ) ;
#3108 = CARTESIAN_POINT ( 'NONE',  ( 5.544372092354731940, 5.500000000000000000, 9.603134160025284416 ) ) ;
#3109 = LINE ( 'NONE', #10001, #10092 ) ;
#3110 = EDGE_CURVE ( 'NONE', #11193, #1838, #2209, .T. ) ;
#3111 = VERTEX_POINT ( 'NONE', #489 ) ;
#3112 = DIRECTION ( 'NONE',  ( -0.8660254037844368202, 0.000000000000000000, 0.5000000000000032196 ) ) ;
#3113 = AXIS2_PLACEMENT_3D ( 'NONE', #2396, #1476, #679 ) ;
#3114 = ORIENTED_EDGE ( 'NONE', *, *, #5648, .T. ) ;
#3115 = DIRECTION ( 'NONE',  ( 3.330669073875469621E-15, 0.000000000000000000, 1.000000000000000000 ) ) ;
#3116 = ORIENTED_EDGE ( 'NONE', *, *, #9904, .T. ) ;
#3117 = ORIENTED_EDGE ( 'NONE', *, *, #4998, .F. ) ;
#3118 = VERTEX_POINT ( 'NONE', #3982 ) ;
#3119 = DIRECTION ( 'NONE',  ( 0.8660254037844368202, -0.000000000000000000, -0.5000000000000032196 ) ) ;
#3120 = ADVANCED_FACE ( 'NONE', ( #8962 ), #7471, .T. ) ;
#3121 = EDGE_LOOP ( 'NONE', ( #3922, #1860, #2263, #4897 ) ) ;
#3122 = DIRECTION ( 'NONE',  ( 0.5000000000000032196, 0.000000000000000000, 0.8660254037844368202 ) ) ;
#3123 = CARTESIAN_POINT ( 'NONE',  ( -12.86726271897389040, 5.500000000000000000, 1.000000000000000444 ) ) ;
#3124 = DIRECTION ( 'NONE',  ( 0.5000000000000032196, 0.000000000000000000, 0.8660254037844368202 ) ) ;
#3125 = VECTOR ( 'NONE', #7497, 1000.000000000000000 ) ;
#3126 = VECTOR ( 'NONE', #10301, 1000.000000000000114 ) ;
#3127 = ADVANCED_FACE ( 'NONE', ( #5476 ), #4622, .T. ) ;
#3128 = CARTESIAN_POINT ( 'NONE',  ( 0.000000000000000000, 53.58999999999999631, -6.999998126900001338 ) ) ;
#3129 = VECTOR ( 'NONE', #5173, 1000.000000000000227 ) ;
#3130 = PLANE ( 'NONE',  #2961 ) ;
#3131 = EDGE_LOOP ( 'NONE', ( #8037, #1164, #9735, #2734, #3178, #5475, #5089, #7746 ) ) ;
#3132 = VECTOR ( 'NONE', #10033, 999.9999999999998863 ) ;
#3133 = CARTESIAN_POINT ( 'NONE',  ( -11.13269196754837509, 51.99940408041244666, 22.03991570294477853 ) ) ;
#3134 = ORIENTED_EDGE ( 'NONE', *, *, #2273, .F. ) ;
#3135 = DIRECTION ( 'NONE',  ( 0.8660254037844407060, 0.000000000000000000, 0.4999999999999966138 ) ) ;
#3136 = CARTESIAN_POINT ( 'NONE',  ( -11.65124435520685253, 5.500000000000000000, 10.31861676694393282 ) ) ;
#3137 = DIRECTION ( 'NONE',  ( 0.8660254037844407060, 0.000000000000000000, 0.4999999999999966138 ) ) ;
#3138 = LOCAL_TIME ( 17, 25, 15.00000000000000000, #10482 ) ;
#3139 = ORIENTED_EDGE ( 'NONE', *, *, #10989, .F. ) ;
#3140 = VECTOR ( 'NONE', #25, 1000.000000000000000 ) ;
#3141 = VECTOR ( 'NONE', #3221, 1000.000000000000000 ) ;
#3142 = VECTOR ( 'NONE', #124, 1000.000000000000000 ) ;
#3143 = ORIENTED_EDGE ( 'NONE', *, *, #11156, .T. ) ;
#3144 = EDGE_LOOP ( 'NONE', ( #8655, #6925, #2667, #3700 ) ) ;
#3145 = CARTESIAN_POINT ( 'NONE',  ( 3.789087421437957293, 0.000000000000000000, 13.42482235592524020 ) ) ;
#3146 = VECTOR ( 'NONE', #10254, 1000.000000000000000 ) ;
#3147 = PERSON_AND_ORGANIZATION ( #956, #7698 ) ;
#3148 = VERTEX_POINT ( 'NONE', #5538 ) ;
#3149 = VECTOR ( 'NONE', #9509, 1000.000000000000227 ) ;
#3150 = DIRECTION ( 'NONE',  ( -0.000000000000000000, 1.000000000000000000, -0.000000000000000000 ) ) ;
#3151 = VECTOR ( 'NONE', #7520, 1000.000000000000000 ) ;
#3152 = CARTESIAN_POINT ( 'NONE',  ( -13.73328812275833499, 5.500000000000000000, 13.92482235592524198 ) ) ;
#3153 = CARTESIAN_POINT ( 'NONE',  ( -9.569200587655371848, 0.000000000000000000, -14.92482235592523487 ) ) ;
#3154 = FACE_OUTER_BOUND ( 'NONE', #3350, .T. ) ;
#3155 = ADVANCED_FACE ( 'NONE', ( #1178 ), #1620, .T. ) ;
#3156 = VERTEX_POINT ( 'NONE', #1515 ) ;
#3157 = AXIS2_PLACEMENT_3D ( 'NONE', #4597, #7282, #3737 ) ;
#3158 = VECTOR ( 'NONE', #2868, 1000.000000000000000 ) ;
#3159 = EDGE_CURVE ( 'NONE', #1615, #312, #5817, .T. ) ;
#3160 = DIRECTION ( 'NONE',  ( 0.000000000000000000, 0.000000000000000000, 1.000000000000000000 ) ) ;
#3161 = ORIENTED_EDGE ( 'NONE', *, *, #3745, .T. ) ;
#3162 = CARTESIAN_POINT ( 'NONE',  ( -2.783802977851276506, 5.500000000000000000, -4.821688195899911378 ) ) ;
#3163 = VERTEX_POINT ( 'NONE', #5072 ) ;
#3164 = DIRECTION ( 'NONE',  ( 1.000000000000000000, 0.000000000000000000, -0.000000000000000000 ) ) ;
#3165 = PLANE ( 'NONE',  #2291 ) ;
#3166 = VECTOR ( 'NONE', #10418, 1000.000000000000000 ) ;
#3167 = DIRECTION ( 'NONE',  ( -0.8660254037844404840, 0.000000000000000000, -0.4999999999999968359 ) ) ;
#3168 = DIRECTION ( 'NONE',  ( 0.4999999999999968359, 0.000000000000000000, -0.8660254037844404840 ) ) ;
#3169 = ORIENTED_EDGE ( 'NONE', *, *, #8469, .F. ) ;
#3170 = CARTESIAN_POINT ( 'NONE',  ( 4.655112825222401440, 53.58999999999999631, 14.92482235592523665 ) ) ;
#3171 = EDGE_CURVE ( 'NONE', #9723, #9377, #3290, .T. ) ;
#3172 = EDGE_CURVE ( 'NONE', #11270, #9323, #11089, .T. ) ;
#3173 = VECTOR ( 'NONE', #4715, 1000.000000000000114 ) ;
#3174 = ORIENTED_EDGE ( 'NONE', *, *, #1538, .F. ) ;
#3175 = CARTESIAN_POINT ( 'NONE',  ( -1.241025517449442006, 0.000000000000000000, 13.92482235592524020 ) ) ;
#3176 = VERTEX_POINT ( 'NONE', #9480 ) ;
#3177 = FACE_OUTER_BOUND ( 'NONE', #1195, .T. ) ;
#3178 = ORIENTED_EDGE ( 'NONE', *, *, #8489, .F. ) ;
#3179 = ORIENTED_EDGE ( 'NONE', *, *, #5630, .F. ) ;
#3180 = CARTESIAN_POINT ( 'NONE',  ( 16.00000000000000000, 53.58999999999999631, -7.100000000000002309 ) ) ;
#3181 = DIRECTION ( 'NONE',  ( 0.8660254037844407060, 0.000000000000000000, 0.4999999999999966138 ) ) ;
#3182 = ORIENTED_EDGE ( 'NONE', *, *, #9102, .T. ) ;
#3183 = DIRECTION ( 'NONE',  ( 3.330669073875469621E-15, 0.000000000000000000, 1.000000000000000000 ) ) ;
#3184 = DIRECTION ( 'NONE',  ( -1.000000000000000000, 0.000000000000000000, 0.000000000000000000 ) ) ;
#3185 = CARTESIAN_POINT ( 'NONE',  ( 11.25123708785944920, 51.99940408041244666, 12.59999999999989306 ) ) ;
#3186 = VECTOR ( 'NONE', #7225, 1000.000000000000000 ) ;
#3187 = DIRECTION ( 'NONE',  ( -0.000000000000000000, 1.000000000000000000, -0.000000000000000000 ) ) ;
#3188 = EDGE_CURVE ( 'NONE', #4548, #10735, #542, .T. ) ;
#3189 = EDGE_CURVE ( 'NONE', #8895, #3339, #3236, .T. ) ;
#3190 = EDGE_CURVE ( 'NONE', #5607, #8208, #1855, .T. ) ;
#3191 = EDGE_CURVE ( 'NONE', #181, #4568, #2371, .T. ) ;
#3192 = CARTESIAN_POINT ( 'NONE',  ( -12.86726271897389751, 0.000000000000000000, 13.42482235592524020 ) ) ;
#3193 = LINE ( 'NONE', #1295, #6440 ) ;
#3194 = AXIS2_PLACEMENT_3D ( 'NONE', #1961, #3455, #10617 ) ;
#3195 = ORIENTED_EDGE ( 'NONE', *, *, #864, .F. ) ;
#3196 = FACE_OUTER_BOUND ( 'NONE', #7429, .T. ) ;
#3197 = VERTEX_POINT ( 'NONE', #10176 ) ;
#3198 = LINE ( 'NONE', #616, #10087 ) ;
#3199 = PLANE ( 'NONE',  #999 ) ;
#3200 = CARTESIAN_POINT ( 'NONE',  ( 4.655112825222442297, 5.500000000000000000, -1.550464032236945198E-14 ) ) ;
#3201 = ORIENTED_EDGE ( 'NONE', *, *, #10779, .F. ) ;
#3202 = AXIS2_PLACEMENT_3D ( 'NONE', #2475, #2355, #3544 ) ;
#3203 = ORIENTED_EDGE ( 'NONE', *, *, #865, .T. ) ;
#3204 = ORIENTED_EDGE ( 'NONE', *, *, #1218, .F. ) ;
#3205 = LINE ( 'NONE', #8521, #9321 ) ;
#3206 = CARTESIAN_POINT ( 'NONE',  ( -13.73328812275833144, 53.58999999999999631, -6.712411177962614772 ) ) ;
#3207 = VECTOR ( 'NONE', #10178, 1000.000000000000227 ) ;
#3208 = ORIENTED_EDGE ( 'NONE', *, *, #8757, .T. ) ;
#3209 = LINE ( 'NONE', #2067, #738 ) ;
#3210 = FACE_BOUND ( 'NONE', #11291, .T. ) ;
#3211 = CARTESIAN_POINT ( 'NONE',  ( -12.00123731518945291, 0.000000000000000000, 7.712411177962617437 ) ) ;
#3212 = CARTESIAN_POINT ( 'NONE',  ( 17.15000000000000213, 67.84000000000000341, -12.60000000000000142 ) ) ;
#3213 = VERTEX_POINT ( 'NONE', #4146 ) ;
#3214 = ADVANCED_FACE ( 'NONE', ( #8611 ), #5871, .T. ) ;
#3215 = FACE_OUTER_BOUND ( 'NONE', #8881, .T. ) ;
#3216 = ORIENTED_EDGE ( 'NONE', *, *, #10214, .F. ) ;
#3217 = LINE ( 'NONE', #6657, #5856 ) ;
#3218 = ORIENTED_EDGE ( 'NONE', *, *, #3638, .T. ) ;
#3219 = CARTESIAN_POINT ( 'NONE',  ( 4.655112825222392559, 53.58999999999999631, -14.92482235592524198 ) ) ;
#3220 = CARTESIAN_POINT ( 'NONE',  ( -6.999998126900004891, 53.58999999999999631, 1.549999999999996048 ) ) ;
#3221 = DIRECTION ( 'NONE',  ( -3.663735981263016583E-15, -0.000000000000000000, -1.000000000000000000 ) ) ;
#3222 = LINE ( 'NONE', #9413, #1858 ) ;
#3223 = ORIENTED_EDGE ( 'NONE', *, *, #1326, .T. ) ;
#3224 = CARTESIAN_POINT ( 'NONE',  ( -1.241025517449442006, 51.99940408041244666, 13.92482235592524020 ) ) ;
#3225 = ADVANCED_FACE ( 'NONE', ( #1401 ), #6777, .T. ) ;
#3226 = VERTEX_POINT ( 'NONE', #10287 ) ;
#3227 = EDGE_CURVE ( 'NONE', #9248, #1780, #7587, .T. ) ;
#3228 = DIRECTION ( 'NONE',  ( 0.000000000000000000, 1.000000000000000000, 0.000000000000000000 ) ) ;
#3229 = ORIENTED_EDGE ( 'NONE', *, *, #3657, .T. ) ;
#3230 = CARTESIAN_POINT ( 'NONE',  ( 0.000000000000000000, 15.50000000000000000, -8.549998126900000273 ) ) ;
#3231 = VERTEX_POINT ( 'NONE', #4098 ) ;
#3232 = ORIENTED_EDGE ( 'NONE', *, *, #3048, .F. ) ;
#3233 = DIRECTION ( 'NONE',  ( 3.663735981263016583E-15, 0.000000000000000000, 1.000000000000000000 ) ) ;
#3234 = CARTESIAN_POINT ( 'NONE',  ( 8.819200360325362809, 0.000000000000000000, 13.92482235592523310 ) ) ;
#3235 = ORIENTED_EDGE ( 'NONE', *, *, #5010, .T. ) ;
#3236 = LINE ( 'NONE', #3408, #7880 ) ;
#3237 = PLANE ( 'NONE',  #9383 ) ;
#3238 = DIRECTION ( 'NONE',  ( 3.330669073875469621E-15, 0.000000000000000000, 1.000000000000000000 ) ) ;
#3239 = CARTESIAN_POINT ( 'NONE',  ( 7.087149552756485171, 53.58999999999999631, 13.92482235592524020 ) ) ;
#3240 = DIRECTION ( 'NONE',  ( -0.8660254037844368202, 0.000000000000000000, 0.5000000000000032196 ) ) ;
#3241 = CARTESIAN_POINT ( 'NONE',  ( -7.837149780086493323, 0.000000000000000000, -14.92482235592524198 ) ) ;
#3242 = EDGE_LOOP ( 'NONE', ( #4115, #1720, #7784, #5051, #9014, #10887 ) ) ;
#3243 = CARTESIAN_POINT ( 'NONE',  ( -14.94930648652537108, 0.000000000000000000, -2.606205588981309162 ) ) ;
#3244 = EDGE_CURVE ( 'NONE', #2247, #10598, #11260, .T. ) ;
#3245 = ORIENTED_EDGE ( 'NONE', *, *, #9773, .F. ) ;
#3246 = CARTESIAN_POINT ( 'NONE',  ( 9.169193320307970296, 0.000000000000000000, 11.31861676694393282 ) ) ;
#3247 = ADVANCED_FACE ( 'NONE', ( #9429 ), #8555, .F. ) ;
#3248 = CARTESIAN_POINT ( 'NONE',  ( -0.3750001136650064626, 53.58999999999999631, -14.42482235592523665 ) ) ;
#3249 = AXIS2_PLACEMENT_3D ( 'NONE', #8557, #9482, #9431 ) ;
#3250 = EDGE_CURVE ( 'NONE', #11047, #2647, #11038, .T. ) ;
#3251 = CARTESIAN_POINT ( 'NONE',  ( 18.94999999999999929, 53.58999999999999631, 18.49999999999999645 ) ) ;
#3252 = ADVANCED_FACE ( 'NONE', ( #7530 ), #4898, .T. ) ;
#3253 = VERTEX_POINT ( 'NONE', #1452 ) ;
#3254 = AXIS2_PLACEMENT_3D ( 'NONE', #4220, #7716, #10991 ) ;
#3255 = VERTEX_POINT ( 'NONE', #6676 ) ;
#3256 = VERTEX_POINT ( 'NONE', #2318 ) ;
#3257 = LINE ( 'NONE', #2457, #2730 ) ;
#3258 = DIRECTION ( 'NONE',  ( 0.8660254037844404840, 0.000000000000000000, 0.4999999999999968359 ) ) ;
#3259 = DATE_TIME_ROLE ( 'classification_date' ) ;
#3260 = ORIENTED_EDGE ( 'NONE', *, *, #9130, .F. ) ;
#3261 = FACE_OUTER_BOUND ( 'NONE', #4421, .T. ) ;
#3262 = FACE_BOUND ( 'NONE', #2487, .T. ) ;
#3263 = EDGE_CURVE ( 'NONE', #4803, #1051, #10094, .T. ) ;
#3264 = CARTESIAN_POINT ( 'NONE',  ( 8.819200360325362809, 5.500000000000000000, 13.92482235592523310 ) ) ;
#3265 = VECTOR ( 'NONE', #1641, 1000.000000000000000 ) ;
#3266 = LINE ( 'NONE', #6753, #3146 ) ;
#3267 = ORIENTED_EDGE ( 'NONE', *, *, #4796, .F. ) ;
#3268 = CARTESIAN_POINT ( 'NONE',  ( -1.241025517449447113, 0.000000000000000000, -14.92482235592523487 ) ) ;
#3269 = ORIENTED_EDGE ( 'NONE', *, *, #51, .F. ) ;
#3270 = DIRECTION ( 'NONE',  ( 0.8660254037844369313, 0.000000000000000000, -0.5000000000000029976 ) ) ;
#3271 = ORIENTED_EDGE ( 'NONE', *, *, #4547, .T. ) ;
#3272 = CARTESIAN_POINT ( 'NONE',  ( 11.54556601087895729, 52.28232689208745398, -22.30716441682348972 ) ) ;
#3273 = DIRECTION ( 'NONE',  ( 0.5000000000000032196, 0.000000000000000000, 0.8660254037844368202 ) ) ;
#3274 = CARTESIAN_POINT ( 'NONE',  ( -13.73328812275833499, 53.58999999999999631, -7.712411177962615660 ) ) ;
#3275 = DIRECTION ( 'NONE',  ( -0.8660254037844368202, 0.000000000000000000, 0.5000000000000032196 ) ) ;
#3276 = ORIENTED_EDGE ( 'NONE', *, *, #10714, .F. ) ;
#3277 = DIRECTION ( 'NONE',  ( -3.663735981263016583E-15, 0.000000000000000000, -1.000000000000000000 ) ) ;
#3278 = VECTOR ( 'NONE', #9603, 1000.000000000000000 ) ;
#3279 = ORIENTED_EDGE ( 'NONE', *, *, #3675, .F. ) ;
#3280 = LINE ( 'NONE', #6769, #6445 ) ;
#3281 = EDGE_CURVE ( 'NONE', #4544, #6837, #4319, .T. ) ;
#3282 = ORIENTED_EDGE ( 'NONE', *, *, #4024, .T. ) ;
#3283 = CARTESIAN_POINT ( 'NONE',  ( -7.837149780086489770, 53.58999999999999631, -13.92482235592524020 ) ) ;
#3284 = CIRCLE ( 'NONE', #3462, 3.500000000000000000 ) ;
#3285 = ORIENTED_EDGE ( 'NONE', *, *, #10015, .T. ) ;
#3286 = ORIENTED_EDGE ( 'NONE', *, *, #9753, .F. ) ;
#3287 = CARTESIAN_POINT ( 'NONE',  ( 17.15000000000000213, 52.28232689208745398, -18.50000000000000355 ) ) ;
#3288 = LINE ( 'NONE', #9302, #8682 ) ;
#3289 = EDGE_LOOP ( 'NONE', ( #6351, #10661, #3276, #5642 ) ) ;
#3290 = LINE ( 'NONE', #8503, #2227 ) ;
#3291 = FACE_OUTER_BOUND ( 'NONE', #8548, .T. ) ;
#3292 = DIRECTION ( 'NONE',  ( -0.8660254037844369313, 0.000000000000000000, 0.5000000000000029976 ) ) ;
#3293 = VERTEX_POINT ( 'NONE', #1681 ) ;
#3294 = DIRECTION ( 'NONE',  ( 1.865294060190115224E-16, 0.000000000000000000, 1.000000000000000000 ) ) ;
#3295 = EDGE_CURVE ( 'NONE', #9502, #318, #5186, .T. ) ;
#3296 = EDGE_CURVE ( 'NONE', #2140, #8284, #9924, .T. ) ;
#3297 = VECTOR ( 'NONE', #3102, 1000.000000000000000 ) ;
#3298 = DIRECTION ( 'NONE',  ( -3.663735981263016583E-15, -0.000000000000000000, -1.000000000000000000 ) ) ;
#3299 = PLANE ( 'NONE',  #10832 ) ;
#3300 = ORIENTED_EDGE ( 'NONE', *, *, #7367, .F. ) ;
#3301 = EDGE_CURVE ( 'NONE', #7893, #5252, #1084, .T. ) ;
#3302 = FACE_OUTER_BOUND ( 'NONE', #1141, .T. ) ;
#3303 = EDGE_LOOP ( 'NONE', ( #4530, #11138, #1741, #5454 ) ) ;
#3304 = LINE ( 'NONE', #10357, #3672 ) ;
#3305 = AXIS2_PLACEMENT_3D ( 'NONE', #792, #3378, #6867 ) ;
#3306 = PLANE ( 'NONE',  #7952 ) ;
#3307 = DIRECTION ( 'NONE',  ( 0.000000000000000000, -1.000000000000000000, 0.000000000000000000 ) ) ;
#3308 = ORIENTED_EDGE ( 'NONE', *, *, #4492, .F. ) ;
#3309 = VECTOR ( 'NONE', #10687, 1000.000000000000000 ) ;
#3310 = EDGE_CURVE ( 'NONE', #885, #923, #2741, .T. ) ;
#3311 = AXIS2_PLACEMENT_3D ( 'NONE', #7766, #3418, #8454 ) ;
#3312 = ADVANCED_FACE ( 'NONE', ( #6244 ), #8998, .T. ) ;
#3313 = EDGE_LOOP ( 'NONE', ( #5994, #811, #3714, #1822 ) ) ;
#3314 = EDGE_CURVE ( 'NONE', #866, #7834, #2069, .T. ) ;
#3315 = VERTEX_POINT ( 'NONE', #7275 ) ;
#3316 = FACE_OUTER_BOUND ( 'NONE', #978, .T. ) ;
#3317 = CARTESIAN_POINT ( 'NONE',  ( -7.813915916738729095, 5.500000000000000000, -13.53409937386250839 ) ) ;
#3318 = VERTEX_POINT ( 'NONE', #3729 ) ;
#3319 = CARTESIAN_POINT ( 'NONE',  ( -12.34871033131544316, 51.99940408041244666, 19.93371011396347114 ) ) ;
#3320 = AXIS2_PLACEMENT_3D ( 'NONE', #6479, #7554, #8352 ) ;
#3321 = DIRECTION ( 'NONE',  ( -3.330669073875469621E-15, 0.000000000000000000, -1.000000000000000000 ) ) ;
#3322 = VECTOR ( 'NONE', #3002, 1000.000000000000000 ) ;
#3323 = DIRECTION ( 'NONE',  ( -0.5000000000000029976, 0.000000000000000000, -0.8660254037844369313 ) ) ;
#3324 = PLANE ( 'NONE',  #7501 ) ;
#3325 = ORIENTED_EDGE ( 'NONE', *, *, #5486, .F. ) ;
#3326 = EDGE_CURVE ( 'NONE', #1518, #6803, #9055, .T. ) ;
#3327 = VECTOR ( 'NONE', #4543, 1000.000000000000000 ) ;
#3328 = ADVANCED_FACE ( 'NONE', ( #9538 ), #6034, .T. ) ;
#3329 = VECTOR ( 'NONE', #264, 1000.000000000000000 ) ;
#3330 = LINE ( 'NONE', #802, #4746 ) ;
#3331 = EDGE_LOOP ( 'NONE', ( #9606, #3245, #8518, #9246 ) ) ;
#3332 = PLANE ( 'NONE',  #4387 ) ;
#3333 = EDGE_LOOP ( 'NONE', ( #4327, #23, #8111, #6274, #9949, #8192 ) ) ;
#3334 = DIRECTION ( 'NONE',  ( -0.8660254037844404840, -0.000000000000000000, -0.4999999999999968359 ) ) ;
#3335 = ADVANCED_FACE ( 'NONE', ( #8878 ), #3783, .T. ) ;
#3336 = CARTESIAN_POINT ( 'NONE',  ( -1.241025517449447113, 0.000000000000000000, -14.92482235592523487 ) ) ;
#3337 = LINE ( 'NONE', #7792, #7353 ) ;
#3338 = CARTESIAN_POINT ( 'NONE',  ( -3.673062244983576807, 5.500000000000000000, 1.223375482578640160E-14 ) ) ;
#3339 = VERTEX_POINT ( 'NONE', #7226 ) ;
#3340 = VECTOR ( 'NONE', #503, 1000.000000000000000 ) ;
#3341 = LINE ( 'NONE', #750, #8614 ) ;
#3342 = VECTOR ( 'NONE', #5977, 1000.000000000000114 ) ;
#3343 = VERTEX_POINT ( 'NONE', #10774 ) ;
#3344 = CARTESIAN_POINT ( 'NONE',  ( -9.569200587655371848, 0.000000000000000000, -14.92482235592523487 ) ) ;
#3345 = VECTOR ( 'NONE', #9119, 1000.000000000000000 ) ;
#3346 = ORIENTED_EDGE ( 'NONE', *, *, #3675, .T. ) ;
#3347 = DIRECTION ( 'NONE',  ( 0.8660254037844407060, 0.000000000000000000, 0.4999999999999966138 ) ) ;
#3348 = EDGE_LOOP ( 'NONE', ( #3519, #6370, #6861, #4465 ) ) ;
#3349 = EDGE_CURVE ( 'NONE', #1579, #6271, #2920, .T. ) ;
#3350 = EDGE_LOOP ( 'NONE', ( #4165, #3741, #6285, #10076 ) ) ;
#3351 = CARTESIAN_POINT ( 'NONE',  ( -7.487156820103849419, 5.500000000000000000, 2.743096583917326358E-14 ) ) ;
#3352 = FACE_OUTER_BOUND ( 'NONE', #9844, .T. ) ;
#3353 = EDGE_LOOP ( 'NONE', ( #7166, #2914, #9905, #9856, #9927, #8831 ) ) ;
#3354 = DIRECTION ( 'NONE',  ( -0.000000000000000000, 1.000000000000000000, -0.000000000000000000 ) ) ;
#3355 = DIRECTION ( 'NONE',  ( -0.000000000000000000, -1.000000000000000000, -0.000000000000000000 ) ) ;
#3356 = CARTESIAN_POINT ( 'NONE',  ( -20.95000000000000639, 53.58999999999999631, -16.50000000000000000 ) ) ;
#3357 = EDGE_LOOP ( 'NONE', ( #8912, #697, #1160, #6908 ) ) ;
#3358 = DIRECTION ( 'NONE',  ( -0.8660254037844369313, 0.000000000000000000, 0.5000000000000029976 ) ) ;
#3359 = VECTOR ( 'NONE', #1016, 1000.000000000000000 ) ;
#3360 = LINE ( 'NONE', #774, #5842 ) ;
#3361 = PLANE ( 'NONE',  #5891 ) ;
#3362 = VERTEX_POINT ( 'NONE', #345 ) ;
#3363 = EDGE_CURVE ( 'NONE', #1051, #1385, #7808, .T. ) ;
#3364 = CARTESIAN_POINT ( 'NONE',  ( -10.78521895142240794, 53.58999999999999631, -9.818616766943927487 ) ) ;
#3365 = AXIS2_PLACEMENT_3D ( 'NONE', #11256, #3405, #539 ) ;
#3366 = ORIENTED_EDGE ( 'NONE', *, *, #3172, .T. ) ;
#3367 = DIRECTION ( 'NONE',  ( -3.330669073875469621E-15, 0.000000000000000000, -1.000000000000000000 ) ) ;
#3368 = DIRECTION ( 'NONE',  ( -3.330669073875469621E-15, 0.000000000000000000, -1.000000000000000000 ) ) ;
#3369 = CARTESIAN_POINT ( 'NONE',  ( 12.98328789542832062, 53.58999999999999631, -7.712411177962624542 ) ) ;
#3370 = ORIENTED_EDGE ( 'NONE', *, *, #3314, .T. ) ;
#3371 = EDGE_CURVE ( 'NONE', #6299, #5667, #3608, .T. ) ;
#3372 = AXIS2_PLACEMENT_3D ( 'NONE', #7901, #8759, #6993 ) ;
#3373 = ORIENTED_EDGE ( 'NONE', *, *, #4215, .T. ) ;
#3374 = ORIENTED_EDGE ( 'NONE', *, *, #5063, .T. ) ;
#3375 = DIRECTION ( 'NONE',  ( -0.000000000000000000, 1.000000000000000000, -0.000000000000000000 ) ) ;
#3376 = EDGE_CURVE ( 'NONE', #3256, #10572, #10601, .T. ) ;
#3377 = DIRECTION ( 'NONE',  ( 0.4999999999999968359, 0.000000000000000000, -0.8660254037844404840 ) ) ;
#3378 = DIRECTION ( 'NONE',  ( 0.4999999999999968359, 0.000000000000000000, -0.8660254037844404840 ) ) ;
#3379 = CARTESIAN_POINT ( 'NONE',  ( 0.4910252901194391839, 53.58999999999999631, 14.92482235592523487 ) ) ;
#3380 = VECTOR ( 'NONE', #11257, 1000.000000000000000 ) ;
#3381 = CARTESIAN_POINT ( 'NONE',  ( 6.999998126899990680, 53.58999999999999631, -3.469446951953614189E-15 ) ) ;
#3382 = PLANE ( 'NONE',  #10105 ) ;
#3383 = ORIENTED_EDGE ( 'NONE', *, *, #7876, .F. ) ;
#3384 = VECTOR ( 'NONE', #5554, 1000.000000000000000 ) ;
#3385 = DIRECTION ( 'NONE',  ( 0.8660254037844368202, -0.000000000000000000, -0.5000000000000032196 ) ) ;
#3386 = ORIENTED_EDGE ( 'NONE', *, *, #1049, .F. ) ;
#3387 = LINE ( 'NONE', #10429, #912 ) ;
#3388 = EDGE_LOOP ( 'NONE', ( #7237, #7979, #6688, #7918 ) ) ;
#3389 = ADVANCED_FACE ( 'NONE', ( #9806 ), #1949, .T. ) ;
#3390 = ADVANCED_FACE ( 'NONE', ( #9860 ), #2004, .T. ) ;
#3391 = CARTESIAN_POINT ( 'NONE',  ( -7.487156820103886723, 0.000000000000000000, -10.31861676694392393 ) ) ;
#3392 = LINE ( 'NONE', #693, #6248 ) ;
#3393 = VERTEX_POINT ( 'NONE', #1377 ) ;
#3394 = AXIS2_PLACEMENT_3D ( 'NONE', #273, #8104, #4503 ) ;
#3395 = LINE ( 'NONE', #1557, #2214 ) ;
#3396 = EDGE_CURVE ( 'NONE', #10785, #1838, #5675, .T. ) ;
#3397 = ADVANCED_FACE ( 'NONE', ( #5620 ), #6483, .T. ) ;
#3398 = ORIENTED_EDGE ( 'NONE', *, *, #6054, .F. ) ;
#3399 = DIRECTION ( 'NONE',  ( -0.000000000000000000, 1.000000000000000000, -0.000000000000000000 ) ) ;
#3400 = ORIENTED_EDGE ( 'NONE', *, *, #7564, .T. ) ;
#3401 = CARTESIAN_POINT ( 'NONE',  ( 13.33328085541092989, 53.58999999999999631, -3.106205588981305610 ) ) ;
#3402 = DIRECTION ( 'NONE',  ( 1.000000000000000000, 0.000000000000000000, -3.663735981263016583E-15 ) ) ;
#3403 = ORIENTED_EDGE ( 'NONE', *, *, #2061, .T. ) ;
#3404 = VERTEX_POINT ( 'NONE', #6587 ) ;
#3405 = DIRECTION ( 'NONE',  ( -0.5000000000000029976, 0.000000000000000000, -0.8660254037844369313 ) ) ;
#3406 = CARTESIAN_POINT ( 'NONE',  ( 0.000000000000000000, 67.84000000000000341, -18.50000000000000355 ) ) ;
#3407 = ORIENTED_EDGE ( 'NONE', *, *, #10518, .F. ) ;
#3408 = CARTESIAN_POINT ( 'NONE',  ( -3.673062244983534619, 51.99940408041244666, 12.59999999999995168 ) ) ;
#3409 = PLANE ( 'NONE',  #2980 ) ;
#3410 = CARTESIAN_POINT ( 'NONE',  ( -9.919193547637970454, 53.58999999999999631, -10.31861676694393104 ) ) ;
#3411 = EDGE_LOOP ( 'NONE', ( #5165, #10954, #6558, #8021 ) ) ;
#3412 = CARTESIAN_POINT ( 'NONE',  ( 11.25123708785944032, 5.500000000000000000, -14.92482235592523487 ) ) ;
#3413 = DIRECTION ( 'NONE',  ( -0.8660254037844369313, 0.000000000000000000, 0.5000000000000029976 ) ) ;
#3414 = PLANE ( 'NONE',  #7890 ) ;
#3415 = ORIENTED_EDGE ( 'NONE', *, *, #5962, .F. ) ;
#3416 = DIRECTION ( 'NONE',  ( -0.8660254037844369313, 0.000000000000000000, 0.5000000000000029976 ) ) ;
#3417 = ORIENTED_EDGE ( 'NONE', *, *, #8185, .T. ) ;
#3418 = DIRECTION ( 'NONE',  ( -0.000000000000000000, -1.000000000000000000, -0.000000000000000000 ) ) ;
#3419 = CARTESIAN_POINT ( 'NONE',  ( -0.3750001136650029654, 53.58999999999999631, -13.42482235592523665 ) ) ;
#3420 = DIRECTION ( 'NONE',  ( 0.8660254037844407060, 0.000000000000000000, 0.4999999999999965583 ) ) ;
#3421 = VERTEX_POINT ( 'NONE', #7331 ) ;
#3422 = ADVANCED_FACE ( 'NONE', ( #8242 ), #10896, .T. ) ;
#3423 = DIRECTION ( 'NONE',  ( -0.8660254037844369313, 0.000000000000000000, 0.5000000000000029976 ) ) ;
#3424 = VERTEX_POINT ( 'NONE', #2238 ) ;
#3425 = CARTESIAN_POINT ( 'NONE',  ( 2.923062017653514921, 0.000000000000000000, -14.92482235592523487 ) ) ;
#3426 = LINE ( 'NONE', #1589, #8642 ) ;
#3427 = APPROVAL_ROLE ( '' ) ;
#3428 = CARTESIAN_POINT ( 'NONE',  ( 6.737156592773911434, 5.500000000000000000, -2.243923910940830059E-14 ) ) ;
#3429 = LINE ( 'NONE', #4395, #3891 ) ;
#3430 = LINE ( 'NONE', #6006, #4248 ) ;
#3431 = FACE_OUTER_BOUND ( 'NONE', #2704, .T. ) ;
#3432 = EDGE_LOOP ( 'NONE', ( #4776, #5085, #7508, #9731 ) ) ;
#3433 = ADVANCED_FACE ( 'NONE', ( #2987 ), #9167, .T. ) ;
#3434 = ORIENTED_EDGE ( 'NONE', *, *, #8266, .T. ) ;
#3435 = CARTESIAN_POINT ( 'NONE',  ( 2.923062017653520250, 0.000000000000000000, 13.92482235592524198 ) ) ;
#3436 = ORIENTED_EDGE ( 'NONE', *, *, #9427, .T. ) ;
#3437 = FACE_OUTER_BOUND ( 'NONE', #8204, .T. ) ;
#3438 = ORIENTED_EDGE ( 'NONE', *, *, #1124, .F. ) ;
#3439 = EDGE_CURVE ( 'NONE', #10163, #2707, #9111, .T. ) ;
#3440 = CARTESIAN_POINT ( 'NONE',  ( -5.405113052552459330, 5.500000000000000000, 1.980290717343082262E-14 ) ) ;
#3441 = CARTESIAN_POINT ( 'NONE',  ( 12.98328789542832951, 5.500000000000000000, 7.712411177962615660 ) ) ;
#3442 = CARTESIAN_POINT ( 'NONE',  ( -16.00000102328300500, 34.89320891234596900, 9.299999999999995381 ) ) ;
#3443 = ORIENTED_EDGE ( 'NONE', *, *, #1067, .T. ) ;
#3444 = AXIS2_PLACEMENT_3D ( 'NONE', #5301, #9546, #3463 ) ;
#3445 = ADVANCED_FACE ( 'NONE', ( #408 ), #3903, .T. ) ;
#3446 = ORIENTED_EDGE ( 'NONE', *, *, #9203, .T. ) ;
#3447 = EDGE_CURVE ( 'NONE', #6984, #4941, #4821, .T. ) ;
#3448 = CARTESIAN_POINT ( 'NONE',  ( -18.26838979568740129, 53.58999999999999631, -9.747069910344318799 ) ) ;
#3449 = EDGE_LOOP ( 'NONE', ( #5728, #10788, #3742, #2856, #10849, #5966 ) ) ;
#3450 = CARTESIAN_POINT ( 'NONE',  ( 0.000000000000000000, 53.58999999999999631, 0.000000000000000000 ) ) ;
#3451 = CARTESIAN_POINT ( 'NONE',  ( -5.405113052552407815, 0.000000000000000000, 13.92482235592524198 ) ) ;
#3452 = ORIENTED_EDGE ( 'NONE', *, *, #5639, .F. ) ;
#3453 = ORIENTED_EDGE ( 'NONE', *, *, #11092, .F. ) ;
#3454 = CARTESIAN_POINT ( 'NONE',  ( 2.596302921018787124, 5.500000000000000000, 4.496928571043987688 ) ) ;
#3455 = DIRECTION ( 'NONE',  ( 0.000000000000000000, -1.000000000000000000, 0.000000000000000000 ) ) ;
#3456 = ORIENTED_EDGE ( 'NONE', *, *, #4222, .T. ) ;
#3457 = VECTOR ( 'NONE', #636, 1000.000000000000000 ) ;
#3458 = CARTESIAN_POINT ( 'NONE',  ( -8.703175183870934362, 0.000000000000000000, -15.42482235592523843 ) ) ;
#3459 = LINE ( 'NONE', #8505, #7450 ) ;
#3460 = ORIENTED_EDGE ( 'NONE', *, *, #1184, .F. ) ;
#3461 = DIRECTION ( 'NONE',  ( -3.663735981263016583E-15, 0.000000000000000000, -1.000000000000000000 ) ) ;
#3462 = AXIS2_PLACEMENT_3D ( 'NONE', #7605, #6696, #10247 ) ;
#3463 = DIRECTION ( 'NONE',  ( -0.8660254037844404840, 0.000000000000000000, -0.4999999999999968359 ) ) ;
#3464 = DIRECTION ( 'NONE',  ( 3.663735981263016583E-15, 0.000000000000000000, 1.000000000000000000 ) ) ;
#3465 = EDGE_CURVE ( 'NONE', #6757, #6025, #2963, .T. ) ;
#3466 = ORIENTED_EDGE ( 'NONE', *, *, #6325, .F. ) ;
#3467 = CARTESIAN_POINT ( 'NONE',  ( -3.673062244983528846, 52.28232689208745398, -13.92482235592524020 ) ) ;
#3468 = ORIENTED_EDGE ( 'NONE', *, *, #10040, .F. ) ;
#3469 = DIRECTION ( 'NONE',  ( -0.000000000000000000, 1.000000000000000000, -0.000000000000000000 ) ) ;
#3470 = CARTESIAN_POINT ( 'NONE',  ( 12.98328789542832595, 0.000000000000000000, -6.712411177962623654 ) ) ;
#3471 = EDGE_CURVE ( 'NONE', #3318, #10305, #7312, .T. ) ;
#3472 = DIRECTION ( 'NONE',  ( -0.8660254037844404840, -0.000000000000000000, -0.4999999999999968359 ) ) ;
#3473 = ORIENTED_EDGE ( 'NONE', *, *, #1153, .F. ) ;
#3474 = CARTESIAN_POINT ( 'NONE',  ( 2.923062017653514921, 53.58999999999999631, -14.92482235592523487 ) ) ;
#3475 = ORIENTED_EDGE ( 'NONE', *, *, #4161, .F. ) ;
#3476 = AXIS2_PLACEMENT_3D ( 'NONE', #4584, #8995, #8127 ) ;
#3477 = CARTESIAN_POINT ( 'NONE',  ( -20.95000000000000639, 5.499999999999998224, -16.50000000000000000 ) ) ;
#3478 = FACE_OUTER_BOUND ( 'NONE', #6518, .T. ) ;
#3479 = PRODUCT_DEFINITION_SHAPE ( 'NONE', 'NONE',  #6153 ) ;
#3480 = PERSON_AND_ORGANIZATION ( #956, #7698 ) ;
#3481 = DIRECTION ( 'NONE',  ( 0.8660254037844369313, 0.000000000000000000, -0.5000000000000029976 ) ) ;
#3482 = CARTESIAN_POINT ( 'NONE',  ( -13.73328812275833499, 0.000000000000000000, -14.92482235592523487 ) ) ;
#3483 = LINE ( 'NONE', #7043, #1324 ) ;
#3484 = DIRECTION ( 'NONE',  ( -0.000000000000000000, 1.000000000000000000, -0.000000000000000000 ) ) ;
#3485 = AXIS2_PLACEMENT_3D ( 'NONE', #6922, #166, #3600 ) ;
#3486 = ORIENTED_EDGE ( 'NONE', *, *, #8073, .T. ) ;
#3487 = VECTOR ( 'NONE', #1634, 1000.000000000000000 ) ;
#3488 = VERTEX_POINT ( 'NONE', #10703 ) ;
#3489 = VECTOR ( 'NONE', #7411, 1000.000000000000000 ) ;
#3490 = CARTESIAN_POINT ( 'NONE',  ( 10.03521872409240423, 53.58999999999999631, 9.818616766943927487 ) ) ;
#3491 = ORIENTED_EDGE ( 'NONE', *, *, #4367, .T. ) ;
#3492 = AXIS2_PLACEMENT_3D ( 'NONE', #6098, #3571, #9597 ) ;
#3493 = DIRECTION ( 'NONE',  ( -0.000000000000000000, -1.000000000000000000, -0.000000000000000000 ) ) ;
#3494 = AXIS2_PLACEMENT_3D ( 'NONE', #2863, #8069, #6357 ) ;
#3495 = ADVANCED_FACE ( 'NONE', ( #7259 ), #329, .T. ) ;
#3496 = CARTESIAN_POINT ( 'NONE',  ( -18.95000000000000995, 53.58999999999999631, 16.49999999999999289 ) ) ;
#3497 = LINE ( 'NONE', #7, #11007 ) ;
#3498 = LINE ( 'NONE', #5334, #6437 ) ;
#3499 = ORIENTED_EDGE ( 'NONE', *, *, #9572, .T. ) ;
#3500 = APPROVAL_PERSON_ORGANIZATION ( #3480, #7336, #3427 ) ;
#3501 = VECTOR ( 'NONE', #3556, 1000.000000000000000 ) ;
#3502 = VECTOR ( 'NONE', #3784, 1000.000000000000000 ) ;
#3503 = EDGE_CURVE ( 'NONE', #7300, #2428, #1125, .T. ) ;
#3504 = ORIENTED_EDGE ( 'NONE', *, *, #3803, .T. ) ;
#3505 = PLANE ( 'NONE',  #9740 ) ;
#3506 = ORIENTED_EDGE ( 'NONE', *, *, #7990, .T. ) ;
#3507 = DIRECTION ( 'NONE',  ( 0.000000000000000000, 1.000000000000000000, 0.000000000000000000 ) ) ;
#3508 = CARTESIAN_POINT ( 'NONE',  ( 11.25123708785944032, 0.000000000000000000, -14.92482235592523487 ) ) ;
#3509 = EDGE_LOOP ( 'NONE', ( #4181, #1511, #40, #3346, #879, #1151 ) ) ;
#3510 = ORIENTED_EDGE ( 'NONE', *, *, #10886, .F. ) ;
#3511 = CARTESIAN_POINT ( 'NONE',  ( -1.241025517449392490, 5.500000000000000000, 4.546789841944893866E-15 ) ) ;
#3512 = VECTOR ( 'NONE', #347, 1000.000000000000000 ) ;
#3513 = LINE ( 'NONE', #1846, #9785 ) ;
#3514 = VECTOR ( 'NONE', #8738, 1000.000000000000000 ) ;
#3515 = VERTEX_POINT ( 'NONE', #8165 ) ;
#3516 = AXIS2_PLACEMENT_3D ( 'NONE', #10053, #9296, #7464 ) ;
#3517 = CARTESIAN_POINT ( 'NONE',  ( 20.95000000000000284, 5.500000000000000000, 0.000000000000000000 ) ) ;
#3518 = DIRECTION ( 'NONE',  ( -0.000000000000000000, 1.000000000000000000, -0.000000000000000000 ) ) ;
#3519 = ORIENTED_EDGE ( 'NONE', *, *, #2170, .T. ) ;
#3520 = ADVANCED_FACE ( 'NONE', ( #10757 ), #5433, .T. ) ;
#3521 = DIRECTION ( 'NONE',  ( -0.8660254037844404840, 0.000000000000000000, -0.4999999999999968359 ) ) ;
#3522 = AXIS2_PLACEMENT_3D ( 'NONE', #2099, #3069, #1402 ) ;
#3523 = PLANE ( 'NONE',  #2542 ) ;
#3524 = PLANE ( 'NONE',  #7171 ) ;
#3525 = ORIENTED_EDGE ( 'NONE', *, *, #4166, .F. ) ;
#3526 = ORIENTED_EDGE ( 'NONE', *, *, #10815, .F. ) ;
#3527 = DIRECTION ( 'NONE',  ( -0.000000000000000000, 1.000000000000000000, -0.000000000000000000 ) ) ;
#3528 = DIRECTION ( 'NONE',  ( -0.000000000000000000, 0.000000000000000000, -1.000000000000000000 ) ) ;
#3529 = EDGE_LOOP ( 'NONE', ( #10508, #1134, #10362, #7461 ) ) ;
#3530 = DIRECTION ( 'NONE',  ( -3.330669073875469621E-15, 0.000000000000000000, -1.000000000000000000 ) ) ;
#3531 = CARTESIAN_POINT ( 'NONE',  ( 12.98328789542832240, 53.58999999999999631, -13.92482235592524020 ) ) ;
#3532 = AXIS2_PLACEMENT_3D ( 'NONE', #54, #280, #7087 ) ;
#3533 = EDGE_CURVE ( 'NONE', #7177, #2288, #5483, .T. ) ;
#3534 = CARTESIAN_POINT ( 'NONE',  ( 8.819200360325368138, 0.000000000000000000, 14.92482235592523487 ) ) ;
#3535 = EDGE_CURVE ( 'NONE', #7427, #10291, #10811, .T. ) ;
#3536 = ADVANCED_FACE ( 'NONE', ( #8970 ), #9961, .T. ) ;
#3537 = EDGE_CURVE ( 'NONE', #997, #561, #4594, .T. ) ;
#3538 = DIRECTION ( 'NONE',  ( -0.000000000000000000, 1.000000000000000000, -0.000000000000000000 ) ) ;
#3539 = VECTOR ( 'NONE', #2432, 1000.000000000000114 ) ;
#3540 = ORIENTED_EDGE ( 'NONE', *, *, #2256, .F. ) ;
#3541 = DIRECTION ( 'NONE',  ( 3.330669073875469621E-15, 0.000000000000000000, 1.000000000000000000 ) ) ;
#3542 = CARTESIAN_POINT ( 'NONE',  ( 12.98328789542832773, 53.58999999999999631, 13.92482235592523310 ) ) ;
#3543 = DIRECTION ( 'NONE',  ( -0.8660254037844404840, -0.000000000000000000, -0.4999999999999968359 ) ) ;
#3544 = DIRECTION ( 'NONE',  ( -0.8660254037844369313, 0.000000000000000000, 0.5000000000000029976 ) ) ;
#3545 = DIRECTION ( 'NONE',  ( 0.8660254037844407060, 0.000000000000000000, 0.4999999999999965583 ) ) ;
#3546 = LINE ( 'NONE', #2633, #10648 ) ;
#3547 = EDGE_LOOP ( 'NONE', ( #4051, #1088, #5952, #2885 ) ) ;
#3548 = VECTOR ( 'NONE', #3321, 1000.000000000000000 ) ;
#3549 = ORIENTED_EDGE ( 'NONE', *, *, #8751, .T. ) ;
#3550 = CARTESIAN_POINT ( 'NONE',  ( -0.3750001136650029654, 53.58999999999999631, -13.42482235592523665 ) ) ;
#3551 = VECTOR ( 'NONE', #10221, 1000.000000000000000 ) ;
#3552 = VERTEX_POINT ( 'NONE', #1236 ) ;
#3553 = CARTESIAN_POINT ( 'NONE',  ( 12.98328789542833306, 5.500000000000000000, 14.92482235592523487 ) ) ;
#3554 = CARTESIAN_POINT ( 'NONE',  ( -3.673062244983530178, 53.58999999999999631, 13.92482235592523487 ) ) ;
#3555 = CARTESIAN_POINT ( 'NONE',  ( -0.3750001136650100153, 53.58999999999999631, -15.42482235592523843 ) ) ;
#3556 = DIRECTION ( 'NONE',  ( -0.000000000000000000, 1.000000000000000000, -0.000000000000000000 ) ) ;
#3557 = ORIENTED_EDGE ( 'NONE', *, *, #1936, .F. ) ;
#3558 = VECTOR ( 'NONE', #2138, 1000.000000000000000 ) ;
#3559 = EDGE_CURVE ( 'NONE', #1810, #852, #4507, .T. ) ;
#3560 = ORIENTED_EDGE ( 'NONE', *, *, #4293, .T. ) ;
#3561 = CARTESIAN_POINT ( 'NONE',  ( 0.000000000000000000, 5.000000000000000000, -3.500000000000000000 ) ) ;
#3562 = EDGE_LOOP ( 'NONE', ( #4026, #251, #9560, #5112 ) ) ;
#3563 = LINE ( 'NONE', #7006, #9206 ) ;
#3564 = DIRECTION ( 'NONE',  ( 0.8660254037844368202, -0.000000000000000000, -0.5000000000000032196 ) ) ;
#3565 = ORIENTED_EDGE ( 'NONE', *, *, #3590, .F. ) ;
#3566 = VERTEX_POINT ( 'NONE', #1185 ) ;
#3567 = CARTESIAN_POINT ( 'NONE',  ( 2.923062017653514921, 52.28232689208745398, -14.92482235592523487 ) ) ;
#3568 = DIRECTION ( 'NONE',  ( -0.000000000000000000, 1.000000000000000000, -0.000000000000000000 ) ) ;
#3569 = AXIS2_PLACEMENT_3D ( 'NONE', #8629, #6112, #9381 ) ;
#3570 = ORIENTED_EDGE ( 'NONE', *, *, #3172, .F. ) ;
#3571 = DIRECTION ( 'NONE',  ( 0.4999999999999968359, 0.000000000000000000, -0.8660254037844404840 ) ) ;
#3572 = DIRECTION ( 'NONE',  ( -0.000000000000000000, 1.000000000000000000, -0.000000000000000000 ) ) ;
#3573 = ADVANCED_FACE ( 'NONE', ( #216 ), #384, .T. ) ;
#3574 = VERTEX_POINT ( 'NONE', #8109 ) ;
#3575 = LINE ( 'NONE', #5416, #5694 ) ;
#3576 = EDGE_CURVE ( 'NONE', #4568, #6951, #3879, .T. ) ;
#3577 = LINE ( 'NONE', #1744, #9864 ) ;
#3578 = LINE ( 'NONE', #10624, #1318 ) ;
#3579 = ORIENTED_EDGE ( 'NONE', *, *, #6189, .F. ) ;
#3580 = VERTEX_POINT ( 'NONE', #9722 ) ;
#3581 = CARTESIAN_POINT ( 'NONE',  ( 0.000000000000000000, 5.499999999999998224, 0.000000000000000000 ) ) ;
#3582 = PLANE ( 'NONE',  #7033 ) ;
#3583 = VERTEX_POINT ( 'NONE', #5374 ) ;
#3584 = DIRECTION ( 'NONE',  ( 3.330669073875469621E-15, 0.000000000000000000, 1.000000000000000000 ) ) ;
#3585 = FACE_OUTER_BOUND ( 'NONE', #5523, .T. ) ;
#3586 = EDGE_CURVE ( 'NONE', #1587, #1280, #4687, .T. ) ;
#3587 = CARTESIAN_POINT ( 'NONE',  ( 10.03521872409240423, 0.000000000000000000, -9.818616766943927487 ) ) ;
#3588 = DIRECTION ( 'NONE',  ( -1.000000000000000000, 0.000000000000000000, 3.330669073875469621E-15 ) ) ;
#3589 = ORIENTED_EDGE ( 'NONE', *, *, #9262, .T. ) ;
#3590 = EDGE_CURVE ( 'NONE', #10022, #4803, #1013, .T. ) ;
#3591 = EDGE_CURVE ( 'NONE', #3256, #8712, #944, .T. ) ;
#3592 = FACE_OUTER_BOUND ( 'NONE', #10681, .T. ) ;
#3593 = DIRECTION ( 'NONE',  ( 3.663735981263016583E-15, 0.000000000000000000, 1.000000000000000000 ) ) ;
#3594 = ADVANCED_FACE ( 'NONE', ( #5547 ), #6283, .T. ) ;
#3595 = DIRECTION ( 'NONE',  ( 0.8660254037844407060, 0.000000000000000000, 0.4999999999999965583 ) ) ;
#3596 = CARTESIAN_POINT ( 'NONE',  ( -13.73328812275833322, 5.500000000000000000, 5.031514183640173191E-14 ) ) ;
#3597 = EDGE_CURVE ( 'NONE', #9628, #4769, #8337, .T. ) ;
#3598 = VERTEX_POINT ( 'NONE', #7643 ) ;
#3599 = DIRECTION ( 'NONE',  ( 1.000000000000000000, 0.000000000000000000, -3.663735981263016583E-15 ) ) ;
#3600 = DIRECTION ( 'NONE',  ( 3.330669073875469621E-15, 0.000000000000000000, 1.000000000000000000 ) ) ;
#3601 = ORIENTED_EDGE ( 'NONE', *, *, #8489, .T. ) ;
#3602 = EDGE_LOOP ( 'NONE', ( #7717, #7253, #10621, #6522 ) ) ;
#3603 = CARTESIAN_POINT ( 'NONE',  ( -1.241025517449442006, 53.58999999999999631, 13.92482235592524020 ) ) ;
#3604 = ORIENTED_EDGE ( 'NONE', *, *, #1341, .F. ) ;
#3605 = ADVANCED_FACE ( 'NONE', ( #5026 ), #3130, .T. ) ;
#3606 = CARTESIAN_POINT ( 'NONE',  ( 17.15000000000000213, 67.84000000000000341, -18.50000000000000355 ) ) ;
#3607 = CARTESIAN_POINT ( 'NONE',  ( 12.11726249164388136, 0.000000000000000000, -0.9999999999999986677 ) ) ;
#3608 = LINE ( 'NONE', #7161, #10274 ) ;
#3609 = LINE ( 'NONE', #6138, #9730 ) ;
#3610 = DIRECTION ( 'NONE',  ( -0.8660254037844404840, 0.000000000000000000, -0.4999999999999968359 ) ) ;
#3611 = ORIENTED_EDGE ( 'NONE', *, *, #8280, .F. ) ;
#3612 = ORIENTED_EDGE ( 'NONE', *, *, #1256, .T. ) ;
#3613 = DIRECTION ( 'NONE',  ( -1.000000000000000000, 0.000000000000000000, 3.330669073875469621E-15 ) ) ;
#3614 = ORIENTED_EDGE ( 'NONE', *, *, #11208, .T. ) ;
#3615 = CARTESIAN_POINT ( 'NONE',  ( -8.703175183870934362, 51.99940408041244666, 13.42482235592524020 ) ) ;
#3616 = PLANE ( 'NONE',  #3841 ) ;
#3617 = ORIENTED_EDGE ( 'NONE', *, *, #3576, .T. ) ;
#3618 = ORIENTED_EDGE ( 'NONE', *, *, #10802, .T. ) ;
#3619 = DIRECTION ( 'NONE',  ( -0.8660254037844369313, -0.000000000000000000, 0.5000000000000029976 ) ) ;
#3620 = DIRECTION ( 'NONE',  ( 0.8660254037844404840, 0.000000000000000000, 0.4999999999999968359 ) ) ;
#3621 = VERTEX_POINT ( 'NONE', #6631 ) ;
#3622 = DIRECTION ( 'NONE',  ( 1.000000000000000000, 0.000000000000000000, -3.663735981263016583E-15 ) ) ;
#3623 = CARTESIAN_POINT ( 'NONE',  ( -4.539087648767970329, 0.000000000000000000, 13.42482235592524020 ) ) ;
#3624 = EDGE_CURVE ( 'NONE', #3051, #3583, #3193, .T. ) ;
#3625 = ORIENTED_EDGE ( 'NONE', *, *, #6592, .T. ) ;
#3626 = CARTESIAN_POINT ( 'NONE',  ( 4.678346688570290901, 5.500000000000000000, 8.103134160025287969 ) ) ;
#3627 = VECTOR ( 'NONE', #3298, 1000.000000000000000 ) ;
#3628 = LINE ( 'NONE', #9883, #5527 ) ;
#3629 = ORIENTED_EDGE ( 'NONE', *, *, #3049, .F. ) ;
#3630 = VECTOR ( 'NONE', #10902, 1000.000000000000000 ) ;
#3631 = VERTEX_POINT ( 'NONE', #4854 ) ;
#3632 = DIRECTION ( 'NONE',  ( 0.8660254037844368202, -0.000000000000000000, -0.5000000000000032196 ) ) ;
#3633 = CARTESIAN_POINT ( 'NONE',  ( 10.03521872409241134, 53.58999999999999631, 11.81861676694392926 ) ) ;
#3634 = VERTEX_POINT ( 'NONE', #2379 ) ;
#3635 = CARTESIAN_POINT ( 'NONE',  ( 13.33328085541092634, 0.000000000000000000, -4.106205588981305610 ) ) ;
#3636 = ADVANCED_FACE ( 'NONE', ( #9313 ), #4905, .T. ) ;
#3637 = LINE ( 'NONE', #5426, #6318 ) ;
#3638 = EDGE_CURVE ( 'NONE', #11241, #2247, #2160, .T. ) ;
#3639 = LINE ( 'NONE', #3765, #10113 ) ;
#3640 = AXIS2_PLACEMENT_3D ( 'NONE', #2065, #8351, #7270 ) ;
#3641 = CARTESIAN_POINT ( 'NONE',  ( -12.86726271897389751, 0.000000000000000000, 6.212411177962620101 ) ) ;
#3642 = EDGE_CURVE ( 'NONE', #8550, #114, #10131, .T. ) ;
#3643 = DIRECTION ( 'NONE',  ( 0.5000000000000032196, 0.000000000000000000, 0.8660254037844368202 ) ) ;
#3644 = ORIENTED_EDGE ( 'NONE', *, *, #7233, .T. ) ;
#3645 = CARTESIAN_POINT ( 'NONE',  ( -14.08328108274093893, 53.58999999999999631, 3.106205588981306942 ) ) ;
#3646 = DIRECTION ( 'NONE',  ( -0.8660254037844404840, 0.000000000000000000, -0.4999999999999968359 ) ) ;
#3647 = ORIENTED_EDGE ( 'NONE', *, *, #8858, .F. ) ;
#3648 = CARTESIAN_POINT ( 'NONE',  ( -14.08328108274093893, 0.000000000000000000, 3.106205588981306942 ) ) ;
#3649 = AXIS2_PLACEMENT_3D ( 'NONE', #4012, #7505, #11012 ) ;
#3650 = CARTESIAN_POINT ( 'NONE',  ( -5.755106012535013527, 0.000000000000000000, 10.31861676694392571 ) ) ;
#3651 = ORIENTED_EDGE ( 'NONE', *, *, #8339, .F. ) ;
#3652 = CARTESIAN_POINT ( 'NONE',  ( -11.65124435520685253, 0.000000000000000000, 10.31861676694393282 ) ) ;
#3653 = FACE_OUTER_BOUND ( 'NONE', #3121, .T. ) ;
#3654 = ORIENTED_EDGE ( 'NONE', *, *, #4206, .F. ) ;
#3655 = EDGE_CURVE ( 'NONE', #7514, #6782, #10232, .T. ) ;
#3656 = EDGE_CURVE ( 'NONE', #5797, #649, #7426, .T. ) ;
#3657 = EDGE_CURVE ( 'NONE', #7186, #2232, #6685, .T. ) ;
#3658 = AXIS2_PLACEMENT_3D ( 'NONE', #818, #4313, #9591 ) ;
#3659 = EDGE_LOOP ( 'NONE', ( #3589, #10235, #1108, #2555 ) ) ;
#3660 = CARTESIAN_POINT ( 'NONE',  ( -18.26838979568740129, 58.58999999999999631, 9.605637215151624275 ) ) ;
#3661 = EDGE_LOOP ( 'NONE', ( #4537, #6315, #7343, #4390 ) ) ;
#3662 = LINE ( 'NONE', #7899, #199 ) ;
#3663 = LINE ( 'NONE', #1028, #2088 ) ;
#3664 = DIRECTION ( 'NONE',  ( -3.663735981263016583E-15, 0.000000000000000000, -1.000000000000000000 ) ) ;
#3665 = VECTOR ( 'NONE', #2569, 1000.000000000000000 ) ;
#3666 = CARTESIAN_POINT ( 'NONE',  ( 11.25123708785944032, 53.58999999999999631, -14.92482235592523487 ) ) ;
#3667 = DIRECTION ( 'NONE',  ( 0.000000000000000000, 0.000000000000000000, 1.000000000000000000 ) ) ;
#3668 = EDGE_LOOP ( 'NONE', ( #431, #3235, #9064, #8231, #6314, #1616 ) ) ;
#3669 = EDGE_CURVE ( 'NONE', #6271, #3583, #10181, .T. ) ;
#3670 = EDGE_CURVE ( 'NONE', #1988, #7072, #10979, .T. ) ;
#3671 = VECTOR ( 'NONE', #1440, 1000.000000000000000 ) ;
#3672 = VECTOR ( 'NONE', #1696, 1000.000000000000000 ) ;
#3673 = ORIENTED_EDGE ( 'NONE', *, *, #1435, .F. ) ;
#3674 = LINE ( 'NONE', #8884, #9930 ) ;
#3675 = EDGE_CURVE ( 'NONE', #6884, #1055, #11097, .T. ) ;
#3676 = ORIENTED_EDGE ( 'NONE', *, *, #10332, .F. ) ;
#3677 = LINE ( 'NONE', #1158, #1876 ) ;
#3678 = FACE_OUTER_BOUND ( 'NONE', #4688, .T. ) ;
#3679 = ORIENTED_EDGE ( 'NONE', *, *, #7224, .F. ) ;
#3680 = VERTEX_POINT ( 'NONE', #4802 ) ;
#3681 = CARTESIAN_POINT ( 'NONE',  ( 0.000000000000000000, 0.000000000000000000, 0.000000000000000000 ) ) ;
#3682 = CARTESIAN_POINT ( 'NONE',  ( 12.11726249164388847, 5.500000000000000000, 1.000000000000001332 ) ) ;
#3683 = ORIENTED_EDGE ( 'NONE', *, *, #1704, .T. ) ;
#3684 = CARTESIAN_POINT ( 'NONE',  ( 0.4910252901194355202, 53.58999999999999631, 13.92482235592523310 ) ) ;
#3685 = FACE_OUTER_BOUND ( 'NONE', #10385, .T. ) ;
#3686 = EDGE_LOOP ( 'NONE', ( #1934, #6838, #4433, #10715 ) ) ;
#3687 = VECTOR ( 'NONE', #878, 1000.000000000000000 ) ;
#3688 = AXIS2_PLACEMENT_3D ( 'NONE', #6303, #9583, #4471 ) ;
#3689 = CARTESIAN_POINT ( 'NONE',  ( -16.01109661649200433, 51.99940408041244666, 11.60972900890570436 ) ) ;
#3690 = VECTOR ( 'NONE', #9092, 1000.000000000000000 ) ;
#3691 = ORIENTED_EDGE ( 'NONE', *, *, #2812, .T. ) ;
#3692 = DIRECTION ( 'NONE',  ( 0.8660254037844404840, 0.000000000000000000, 0.4999999999999968359 ) ) ;
#3693 = VECTOR ( 'NONE', #4412, 1000.000000000000000 ) ;
#3694 = VECTOR ( 'NONE', #9268, 1000.000000000000000 ) ;
#3695 = VERTEX_POINT ( 'NONE', #5823 ) ;
#3696 = VECTOR ( 'NONE', #6905, 1000.000000000000114 ) ;
#3697 = VERTEX_POINT ( 'NONE', #1458 ) ;
#3698 = FACE_OUTER_BOUND ( 'NONE', #7493, .T. ) ;
#3699 = FACE_BOUND ( 'NONE', #27, .T. ) ;
#3700 = ORIENTED_EDGE ( 'NONE', *, *, #7937, .F. ) ;
#3701 = CARTESIAN_POINT ( 'NONE',  ( -5.755106012535013527, 0.000000000000000000, 10.31861676694392571 ) ) ;
#3702 = CARTESIAN_POINT ( 'NONE',  ( 13.62760977843046462, 52.28232689208745398, -18.70095882784218233 ) ) ;
#3703 = DIRECTION ( 'NONE',  ( 0.000000000000000000, 0.000000000000000000, -1.000000000000000000 ) ) ;
#3704 = CARTESIAN_POINT ( 'NONE',  ( 12.98328789542832062, 0.000000000000000000, -7.712411177962624542 ) ) ;
#3705 = AXIS2_PLACEMENT_3D ( 'NONE', #11166, #7826, #10312 ) ;
#3706 = AXIS2_PLACEMENT_3D ( 'NONE', #5265, #2037, #10698 ) ;
#3707 = LINE ( 'NONE', #4628, #11317 ) ;
#3708 = EDGE_CURVE ( 'NONE', #9052, #1758, #5878, .T. ) ;
#3709 = DIRECTION ( 'NONE',  ( -0.000000000000000000, 1.000000000000000000, -0.000000000000000000 ) ) ;
#3710 = ORIENTED_EDGE ( 'NONE', *, *, #11065, .F. ) ;
#3711 = CARTESIAN_POINT ( 'NONE',  ( 0.000000000000000000, -31.67927097060420394, 0.000000000000000000 ) ) ;
#3712 = LINE ( 'NONE', #3542, #6089 ) ;
#3713 = AXIS2_PLACEMENT_3D ( 'NONE', #2048, #4690, #8167 ) ;
#3714 = ORIENTED_EDGE ( 'NONE', *, *, #9960, .F. ) ;
#3715 = DIRECTION ( 'NONE',  ( 3.330669073875469621E-15, 0.000000000000000000, 1.000000000000000000 ) ) ;
#3716 = CARTESIAN_POINT ( 'NONE',  ( 0.000000000000000000, 0.000000000000000000, 0.000000000000000000 ) ) ;
#3717 = ORIENTED_EDGE ( 'NONE', *, *, #1229, .F. ) ;
#3718 = DIRECTION ( 'NONE',  ( -0.000000000000000000, 1.000000000000000000, -0.000000000000000000 ) ) ;
#3719 = CARTESIAN_POINT ( 'NONE',  ( -12.00123731518945647, 53.58999999999999631, -14.92482235592524198 ) ) ;
#3720 = EDGE_CURVE ( 'NONE', #639, #7114, #611, .T. ) ;
#3721 = VERTEX_POINT ( 'NONE', #3023 ) ;
#3722 = VECTOR ( 'NONE', #6159, 1000.000000000000000 ) ;
#3723 = VERTEX_POINT ( 'NONE', #6731 ) ;
#3724 = EDGE_CURVE ( 'NONE', #66, #1988, #9376, .T. ) ;
#3725 = LINE ( 'NONE', #8755, #4551 ) ;
#3726 = ORIENTED_EDGE ( 'NONE', *, *, #5228, .T. ) ;
#3727 = CARTESIAN_POINT ( 'NONE',  ( 0.000000000000000000, 53.58999999999999631, 5.449998126899999740 ) ) ;
#3728 = LINE ( 'NONE', #7392, #4837 ) ;
#3729 = CARTESIAN_POINT ( 'NONE',  ( 11.25123708785945453, 5.500000000000000000, 14.92482235592524198 ) ) ;
#3730 = VECTOR ( 'NONE', #1568, 999.9999999999998863 ) ;
#3731 = CARTESIAN_POINT ( 'NONE',  ( 2.923062017653514921, 0.000000000000000000, -14.92482235592523487 ) ) ;
#3732 = FACE_BOUND ( 'NONE', #5233, .T. ) ;
#3733 = EDGE_LOOP ( 'NONE', ( #9870, #2292, #9878, #551 ) ) ;
#3734 = VECTOR ( 'NONE', #9279, 999.9999999999998863 ) ;
#3735 = CARTESIAN_POINT ( 'NONE',  ( -5.405113052552407815, 53.58999999999999631, 13.92482235592524198 ) ) ;
#3736 = ORIENTED_EDGE ( 'NONE', *, *, #5219, .T. ) ;
#3737 = DIRECTION ( 'NONE',  ( 3.330669073875469621E-15, 0.000000000000000000, 1.000000000000000000 ) ) ;
#3738 = EDGE_CURVE ( 'NONE', #7978, #355, #9147, .T. ) ;
#3739 = DIRECTION ( 'NONE',  ( 0.5000000000000032196, 0.000000000000000000, 0.8660254037844368202 ) ) ;
#3740 = ADVANCED_FACE ( 'NONE', ( #6568 ), #3524, .F. ) ;
#3741 = ORIENTED_EDGE ( 'NONE', *, *, #8187, .F. ) ;
#3742 = ORIENTED_EDGE ( 'NONE', *, *, #10042, .T. ) ;
#3743 = CARTESIAN_POINT ( 'NONE',  ( -13.73328812275835809, 5.500000000000000000, 5.031514183640182657E-14 ) ) ;
#3744 = CARTESIAN_POINT ( 'NONE',  ( 2.923062017653520250, 0.000000000000000000, 13.92482235592524198 ) ) ;
#3745 = EDGE_CURVE ( 'NONE', #1249, #4859, #37, .T. ) ;
#3746 = VERTEX_POINT ( 'NONE', #11315 ) ;
#3747 = ADVANCED_FACE ( 'NONE', ( #11211 ), #3414, .T. ) ;
#3748 = DIRECTION ( 'NONE',  ( 0.5000000000000032196, 0.000000000000000000, 0.8660254037844368202 ) ) ;
#3749 = LINE ( 'NONE', #257, #3687 ) ;
#3750 = EDGE_CURVE ( 'NONE', #2089, #2118, #7699, .T. ) ;
#3751 = EDGE_LOOP ( 'NONE', ( #8372, #522, #9400, #7752 ) ) ;
#3752 = VECTOR ( 'NONE', #9887, 1000.000000000000000 ) ;
#3753 = CARTESIAN_POINT ( 'NONE',  ( 12.98328789542832595, 0.000000000000000000, -6.712411177962623654 ) ) ;
#3754 = ORIENTED_EDGE ( 'NONE', *, *, #11071, .F. ) ;
#3755 = CARTESIAN_POINT ( 'NONE',  ( 0.000000000000000000, 5.500000000000000000, 18.49999999999999645 ) ) ;
#3756 = VECTOR ( 'NONE', #7510, 1000.000000000000000 ) ;
#3757 = EDGE_LOOP ( 'NONE', ( #6658, #3475, #8370, #7908 ) ) ;
#3758 = ORIENTED_EDGE ( 'NONE', *, *, #10529, .F. ) ;
#3759 = FACE_OUTER_BOUND ( 'NONE', #1543, .T. ) ;
#3760 = LINE ( 'NONE', #4620, #9047 ) ;
#3761 = VERTEX_POINT ( 'NONE', #7020 ) ;
#3762 = DIRECTION ( 'NONE',  ( -0.8660254037844404840, 0.000000000000000000, -0.4999999999999968359 ) ) ;
#3763 = DIRECTION ( 'NONE',  ( -0.000000000000000000, 1.000000000000000000, -0.000000000000000000 ) ) ;
#3764 = DIRECTION ( 'NONE',  ( 0.000000000000000000, 0.000000000000000000, -1.000000000000000000 ) ) ;
#3765 = CARTESIAN_POINT ( 'NONE',  ( 5.005105785204995605, 0.000000000000000000, -11.31861676694392571 ) ) ;
#3766 = CARTESIAN_POINT ( 'NONE',  ( -12.86726271897389040, 53.58999999999999631, -13.42482235592523665 ) ) ;
#3767 = CARTESIAN_POINT ( 'NONE',  ( 0.000000000000000000, 67.84000000000000341, 18.49999999999999645 ) ) ;
#3768 = ORIENTED_EDGE ( 'NONE', *, *, #11092, .T. ) ;
#3769 = DIRECTION ( 'NONE',  ( 0.000000000000000000, 0.000000000000000000, 1.000000000000000000 ) ) ;
#3770 = DIRECTION ( 'NONE',  ( 0.8660254037844368202, -0.000000000000000000, -0.5000000000000032196 ) ) ;
#3771 = ORIENTED_EDGE ( 'NONE', *, *, #376, .T. ) ;
#3772 = PLANE ( 'NONE',  #8415 ) ;
#3773 = CARTESIAN_POINT ( 'NONE',  ( 5.005105785204962743, 5.500000000000000000, -1.833738615528310509E-14 ) ) ;
#3774 = DIRECTION ( 'NONE',  ( 0.000000000000000000, 0.000000000000000000, 1.000000000000000000 ) ) ;
#3775 = LINE ( 'NONE', #2911, #6962 ) ;
#3776 = MANIFOLD_SOLID_BREP ( '\X2\586b514596355217\X0\1[2]', #8540 ) ;
#3777 = ORIENTED_EDGE ( 'NONE', *, *, #379, .T. ) ;
#3778 = ORIENTED_EDGE ( 'NONE', *, *, #4093, .F. ) ;
#3779 = CARTESIAN_POINT ( 'NONE',  ( 8.842434223673164340, 5.500000000000000000, -15.31554533798791162 ) ) ;
#3780 = ORIENTED_EDGE ( 'NONE', *, *, #7029, .F. ) ;
#3781 = CARTESIAN_POINT ( 'NONE',  ( 12.11726249164388847, 53.58999999999999631, 13.42482235592523665 ) ) ;
#3782 = DIRECTION ( 'NONE',  ( -0.000000000000000000, 1.000000000000000000, -0.000000000000000000 ) ) ;
#3783 = PLANE ( 'NONE',  #2400 ) ;
#3784 = DIRECTION ( 'NONE',  ( -0.000000000000000000, 1.000000000000000000, -0.000000000000000000 ) ) ;
#3785 = FACE_BOUND ( 'NONE', #3509, .T. ) ;
#3786 = ADVANCED_FACE ( 'NONE', ( #5131 ), #3299, .F. ) ;
#3787 = ORIENTED_EDGE ( 'NONE', *, *, #9399, .T. ) ;
#3788 = MANIFOLD_SOLID_BREP ( '\X2\51f853f0\X0\-\X2\62c94f38\X0\1', #2883 ) ;
#3789 = ADVANCED_FACE ( 'NONE', ( #5302 ), #3361, .T. ) ;
#3790 = DIRECTION ( 'NONE',  ( -0.5000000000000029976, 0.000000000000000000, -0.8660254037844369313 ) ) ;
#3791 = ORIENTED_EDGE ( 'NONE', *, *, #1184, .T. ) ;
#3792 = DIRECTION ( 'NONE',  ( -0.8660254037844404840, -0.000000000000000000, -0.4999999999999968359 ) ) ;
#3793 = LINE ( 'NONE', #7283, #10425 ) ;
#3794 = ORIENTED_EDGE ( 'NONE', *, *, #4671, .F. ) ;
#3795 = ORIENTED_EDGE ( 'NONE', *, *, #9165, .F. ) ;
#3796 = CARTESIAN_POINT ( 'NONE',  ( -16.00000102328300855, 53.58999999999999631, -9.300000000000002487 ) ) ;
#3797 = CARTESIAN_POINT ( 'NONE',  ( 17.15000000000000213, 34.89320891234596900, -7.100000000000002309 ) ) ;
#3798 = EDGE_LOOP ( 'NONE', ( #7786, #3169, #330, #2531 ) ) ;
#3799 = CARTESIAN_POINT ( 'NONE',  ( 7.087149552756434545, 5.500000000000000000, -2.596544482102584582E-14 ) ) ;
#3800 = PLANE ( 'NONE',  #10283 ) ;
#3801 = ORIENTED_EDGE ( 'NONE', *, *, #10998, .F. ) ;
#3802 = DIRECTION ( 'NONE',  ( -0.8660254037844369313, -0.000000000000000000, 0.5000000000000029976 ) ) ;
#3803 = EDGE_CURVE ( 'NONE', #6632, #9492, #5246, .T. ) ;
#3804 = EDGE_CURVE ( 'NONE', #1912, #2459, #6156, .T. ) ;
#3805 = EDGE_CURVE ( 'NONE', #1227, #505, #2664, .T. ) ;
#3806 = ORIENTED_EDGE ( 'NONE', *, *, #1417, .T. ) ;
#3807 = CARTESIAN_POINT ( 'NONE',  ( 3.462328324803212176, 5.500000000000000000, -5.996928571044056078 ) ) ;
#3808 = VERTEX_POINT ( 'NONE', #8784 ) ;
#3809 = EDGE_LOOP ( 'NONE', ( #1080, #8927, #10341, #11304 ) ) ;
#3810 = LINE ( 'NONE', #488, #10701 ) ;
#3811 = ORIENTED_EDGE ( 'NONE', *, *, #663, .F. ) ;
#3812 = CARTESIAN_POINT ( 'NONE',  ( 18.94999999999999929, 53.58999999999999631, -16.50000000000000000 ) ) ;
#3813 = CARTESIAN_POINT ( 'NONE',  ( -9.569200587655368295, 5.500000000000000000, -13.92482235592523310 ) ) ;
#3814 = DIRECTION ( 'NONE',  ( 0.8660254037844407060, 0.000000000000000000, 0.4999999999999966138 ) ) ;
#3815 = CARTESIAN_POINT ( 'NONE',  ( 16.00000000000000000, 34.89320891234596900, -7.100000000000002309 ) ) ;
#3816 = EDGE_CURVE ( 'NONE', #5249, #1196, #4270, .T. ) ;
#3817 = VECTOR ( 'NONE', #6117, 1000.000000000000000 ) ;
#3818 = PLANE ( 'NONE',  #7472 ) ;
#3819 = DIRECTION ( 'NONE',  ( -0.8660254037844407060, 0.000000000000000000, -0.4999999999999966138 ) ) ;
#3820 = ORIENTED_EDGE ( 'NONE', *, *, #6343, .F. ) ;
#3821 = EDGE_CURVE ( 'NONE', #6559, #6115, #7865, .T. ) ;
#3822 = CARTESIAN_POINT ( 'NONE',  ( -9.569200587655368295, 53.58999999999999631, -13.92482235592523310 ) ) ;
#3823 = ORIENTED_EDGE ( 'NONE', *, *, #9109, .T. ) ;
#3824 = LINE ( 'NONE', #7264, #11179 ) ;
#3825 = DIRECTION ( 'NONE',  ( 0.4999999999999968359, 0.000000000000000000, -0.8660254037844404840 ) ) ;
#3826 = ORIENTED_EDGE ( 'NONE', *, *, #5282, .T. ) ;
#3827 = CARTESIAN_POINT ( 'NONE',  ( 8.819200360325362809, 53.58999999999999631, 13.92482235592523310 ) ) ;
#3828 = VECTOR ( 'NONE', #7154, 999.9999999999998863 ) ;
#3829 = CARTESIAN_POINT ( 'NONE',  ( 15.99999999999999289, 59.69999999999997442, -11.30000000000000071 ) ) ;
#3830 = ORIENTED_EDGE ( 'NONE', *, *, #8908, .F. ) ;
#3831 = EDGE_LOOP ( 'NONE', ( #3286, #7843, #5528, #1899, #3565, #10499, #3438, #728 ) ) ;
#3832 = VECTOR ( 'NONE', #9618, 1000.000000000000227 ) ;
#3833 = LINE ( 'NONE', #7388, #1078 ) ;
#3834 = EDGE_LOOP ( 'NONE', ( #9888, #10554, #8299, #5159 ) ) ;
#3835 = DIRECTION ( 'NONE',  ( -0.5000000000000029976, 0.000000000000000000, -0.8660254037844369313 ) ) ;
#3836 = CARTESIAN_POINT ( 'NONE',  ( 5.871131188989438421, 53.58999999999999631, 9.818616766943931040 ) ) ;
#3837 = CARTESIAN_POINT ( 'NONE',  ( -11.65124435520685253, 0.000000000000000000, -11.31861676694392571 ) ) ;
#3838 = FACE_OUTER_BOUND ( 'NONE', #5909, .T. ) ;
#3839 = PLANE ( 'NONE',  #761 ) ;
#3840 = ORIENTED_EDGE ( 'NONE', *, *, #3738, .F. ) ;
#3841 = AXIS2_PLACEMENT_3D ( 'NONE', #10612, #2755, #6365 ) ;
#3842 = ADVANCED_FACE ( 'NONE', ( #5194 ), #4208, .T. ) ;
#3843 = CARTESIAN_POINT ( 'NONE',  ( -18.95000000000000995, 67.84000000000000341, -18.50000000000000355 ) ) ;
#3844 = VERTEX_POINT ( 'NONE', #715 ) ;
#3845 = CARTESIAN_POINT ( 'NONE',  ( 14.19930625919537093, 53.58999999999999631, -2.606205588981308274 ) ) ;
#3846 = CARTESIAN_POINT ( 'NONE',  ( -5.405113052552409592, 52.28232689208745398, -14.92482235592523487 ) ) ;
#3847 = VECTOR ( 'NONE', #4524, 1000.000000000000000 ) ;
#3848 = ORIENTED_EDGE ( 'NONE', *, *, #10184, .F. ) ;
#3849 = VERTEX_POINT ( 'NONE', #9491 ) ;
#3850 = DIRECTION ( 'NONE',  ( -0.5000000000000029976, 0.000000000000000000, -0.8660254037844369313 ) ) ;
#3851 = CARTESIAN_POINT ( 'NONE',  ( 7.953174956540923546, 53.58999999999999631, 13.42482235592523665 ) ) ;
#3852 = ORIENTED_EDGE ( 'NONE', *, *, #7082, .F. ) ;
#3853 = CARTESIAN_POINT ( 'NONE',  ( -14.08328108274093360, 53.58999999999999631, -3.106205588981312271 ) ) ;
#3854 = DIRECTION ( 'NONE',  ( -0.8660254037844404840, 0.000000000000000000, -0.4999999999999968359 ) ) ;
#3855 = ORIENTED_EDGE ( 'NONE', *, *, #10640, .T. ) ;
#3856 = CARTESIAN_POINT ( 'NONE',  ( 8.842434223673290461, 5.500000000000000000, 15.31554533798787254 ) ) ;
#3858 = EDGE_CURVE ( 'NONE', #7807, #7008, #227, .T. ) ;
#3857 = VECTOR ( 'NONE', #8543, 1000.000000000000227 ) ;
#3859 = VECTOR ( 'NONE', #4048, 1000.000000000000227 ) ;
#3860 = ORIENTED_EDGE ( 'NONE', *, *, #8544, .F. ) ;
#3861 = DIRECTION ( 'NONE',  ( -0.8660254037844369313, -0.000000000000000000, 0.5000000000000029976 ) ) ;
#3862 = VERTEX_POINT ( 'NONE', #5940 ) ;
#3863 = APPROVAL_PERSON_ORGANIZATION ( #6062, #1245, #6806 ) ;
#3864 = VERTEX_POINT ( 'NONE', #8681 ) ;
#3865 = FACE_OUTER_BOUND ( 'NONE', #8724, .T. ) ;
#3866 = DIRECTION ( 'NONE',  ( -0.000000000000000000, 1.000000000000000000, -0.000000000000000000 ) ) ;
#3867 = VECTOR ( 'NONE', #7013, 1000.000000000000000 ) ;
#3868 = ADVANCED_FACE ( 'NONE', ( #9436 ), #7760, .T. ) ;
#3869 = ORIENTED_EDGE ( 'NONE', *, *, #9470, .F. ) ;
#3870 = CARTESIAN_POINT ( 'NONE',  ( 10.03521872409240423, 0.000000000000000000, 9.818616766943927487 ) ) ;
#3871 = VECTOR ( 'NONE', #2541, 1000.000000000000000 ) ;
#3872 = DIRECTION ( 'NONE',  ( 0.000000000000000000, 0.000000000000000000, 1.000000000000000000 ) ) ;
#3873 = FACE_OUTER_BOUND ( 'NONE', #9565, .T. ) ;
#3874 = EDGE_CURVE ( 'NONE', #5626, #2034, #7814, .T. ) ;
#3875 = VECTOR ( 'NONE', #9241, 1000.000000000000114 ) ;
#3876 = VECTOR ( 'NONE', #4411, 1000.000000000000000 ) ;
#3877 = AXIS2_PLACEMENT_3D ( 'NONE', #2613, #1577, #11267 ) ;
#3878 = CARTESIAN_POINT ( 'NONE',  ( -3.673062244983530178, 0.000000000000000000, 13.92482235592523487 ) ) ;
#3879 = LINE ( 'NONE', #6222, #5718 ) ;
#3880 = ORIENTED_EDGE ( 'NONE', *, *, #8536, .T. ) ;
#3881 = DIRECTION ( 'NONE',  ( 0.000000000000000000, 0.000000000000000000, -1.000000000000000000 ) ) ;
#3882 = EDGE_CURVE ( 'NONE', #6436, #8084, #6960, .T. ) ;
#3883 = EDGE_LOOP ( 'NONE', ( #7193, #5136, #5644, #7602 ) ) ;
#3884 = CARTESIAN_POINT ( 'NONE',  ( 12.98328789542830464, 5.500000000000000000, -4.324303547052478648E-14 ) ) ;
#3885 = EDGE_CURVE ( 'NONE', #11080, #5635, #1920, .T. ) ;
#3886 = DIRECTION ( 'NONE',  ( 0.4999999999999968359, 0.000000000000000000, -0.8660254037844404840 ) ) ;
#3887 = EDGE_CURVE ( 'NONE', #5401, #5978, #4612, .T. ) ;
#3888 = VECTOR ( 'NONE', #9155, 1000.000000000000000 ) ;
#3889 = ORIENTED_EDGE ( 'NONE', *, *, #8559, .F. ) ;
#3890 = EDGE_CURVE ( 'NONE', #9323, #866, #10797, .T. ) ;
#3891 = VECTOR ( 'NONE', #1763, 1000.000000000000114 ) ;
#3892 = CARTESIAN_POINT ( 'NONE',  ( -4.539087648767965000, 53.58999999999999631, -13.42482235592523665 ) ) ;
#3893 = CARTESIAN_POINT ( 'NONE',  ( 10.03521872409240423, 5.500000000000000000, 9.818616766943927487 ) ) ;
#3894 = ORIENTED_EDGE ( 'NONE', *, *, #9465, .T. ) ;
#3895 = VERTEX_POINT ( 'NONE', #1107 ) ;
#3896 = VECTOR ( 'NONE', #10807, 1000.000000000000000 ) ;
#3897 = ORIENTED_EDGE ( 'NONE', *, *, #10471, .T. ) ;
#3898 = LINE ( 'NONE', #10827, #8395 ) ;
#3899 = CARTESIAN_POINT ( 'NONE',  ( -9.919193547637975783, 53.58999999999999631, 10.31861676694392571 ) ) ;
#3900 = ORIENTED_EDGE ( 'NONE', *, *, #10928, .T. ) ;
#3901 = CARTESIAN_POINT ( 'NONE',  ( 12.98328789542832062, 0.000000000000000000, -7.712411177962624542 ) ) ;
#3902 = LINE ( 'NONE', #344, #2452 ) ;
#3903 = PLANE ( 'NONE',  #30 ) ;
#3904 = DIRECTION ( 'NONE',  ( 1.000000000000000000, 0.000000000000000000, -3.663735981263016583E-15 ) ) ;
#3905 = FACE_OUTER_BOUND ( 'NONE', #6296, .T. ) ;
#3906 = ORIENTED_EDGE ( 'NONE', *, *, #2898, .T. ) ;
#3907 = AXIS2_PLACEMENT_3D ( 'NONE', #7208, #2788, #3646 ) ;
#3908 = CARTESIAN_POINT ( 'NONE',  ( 10.03521872409239712, 0.000000000000000000, -11.81861676694392926 ) ) ;
#3909 = VECTOR ( 'NONE', #6946, 1000.000000000000000 ) ;
#3910 = ORIENTED_EDGE ( 'NONE', *, *, #2685, .F. ) ;
#3911 = CARTESIAN_POINT ( 'NONE',  ( -7.988912396729934251, 5.500000000000000000, 13.83720216835322425 ) ) ;
#3912 = ORIENTED_EDGE ( 'NONE', *, *, #6397, .F. ) ;
#3913 = CARTESIAN_POINT ( 'NONE',  ( 4.655112825222401440, 53.58999999999999631, 14.92482235592523665 ) ) ;
#3914 = CARTESIAN_POINT ( 'NONE',  ( -9.764965313837643990, 51.99940408041244666, 0.7911122419618742407 ) ) ;
#3915 = VERTEX_POINT ( 'NONE', #8096 ) ;
#3916 = CARTESIAN_POINT ( 'NONE',  ( -18.26838979568740129, 58.58999999999999631, 9.605637215151624275 ) ) ;
#3917 = CARTESIAN_POINT ( 'NONE',  ( 4.655112825222401440, 0.000000000000000000, 14.92482235592523665 ) ) ;
#3918 = ORIENTED_EDGE ( 'NONE', *, *, #9319, .T. ) ;
#3919 = DIRECTION ( 'NONE',  ( -0.000000000000000000, 1.000000000000000000, -0.000000000000000000 ) ) ;
#3920 = ADVANCED_FACE ( 'NONE', ( #7192 ), #6272, .T. ) ;
#3921 = VECTOR ( 'NONE', #10495, 1000.000000000000000 ) ;
#3922 = ORIENTED_EDGE ( 'NONE', *, *, #3281, .T. ) ;
#3923 = PLANE ( 'NONE',  #593 ) ;
#3924 = ORIENTED_EDGE ( 'NONE', *, *, #8814, .F. ) ;
#3925 = EDGE_CURVE ( 'NONE', #9101, #9502, #5361, .T. ) ;
#3926 = EDGE_LOOP ( 'NONE', ( #1336, #3540, #10173, #6891 ) ) ;
#3927 = LINE ( 'NONE', #9886, #2075 ) ;
#3928 = DIRECTION ( 'NONE',  ( -0.000000000000000000, 1.000000000000000000, -0.000000000000000000 ) ) ;
#3929 = VECTOR ( 'NONE', #5366, 1000.000000000000000 ) ;
#3930 = VERTEX_POINT ( 'NONE', #9022 ) ;
#3931 = DIRECTION ( 'NONE',  ( 0.000000000000000000, 0.000000000000000000, -1.000000000000000000 ) ) ;
#3932 = CARTESIAN_POINT ( 'NONE',  ( 11.25123708785940124, 5.500000000000000000, -4.122156215251140933E-14 ) ) ;
#3933 = DIRECTION ( 'NONE',  ( -1.000000000000000000, 0.000000000000000000, 3.330669073875469621E-15 ) ) ;
#3934 = EDGE_CURVE ( 'NONE', #9010, #2205, #3578, .T. ) ;
#3935 = VECTOR ( 'NONE', #9181, 1000.000000000000114 ) ;
#3936 = LINE ( 'NONE', #10869, #5466 ) ;
#3937 = CARTESIAN_POINT ( 'NONE',  ( -7.487156820103891164, 0.000000000000000000, -11.31861676694392571 ) ) ;
#3938 = ORIENTED_EDGE ( 'NONE', *, *, #10883, .F. ) ;
#3939 = EDGE_CURVE ( 'NONE', #8871, #10837, #2770, .T. ) ;
#3940 = DIRECTION ( 'NONE',  ( 3.330669073875469621E-15, 0.000000000000000000, 1.000000000000000000 ) ) ;
#3941 = ORIENTED_EDGE ( 'NONE', *, *, #11059, .F. ) ;
#3942 = DIRECTION ( 'NONE',  ( 0.8660254037844368202, 0.000000000000000000, -0.5000000000000032196 ) ) ;
#3943 = DIRECTION ( 'NONE',  ( 0.8660254037844369313, 0.000000000000000000, -0.5000000000000029976 ) ) ;
#3944 = AXIS2_PLACEMENT_3D ( 'NONE', #1527, #5032, #670 ) ;
#3945 = ORIENTED_EDGE ( 'NONE', *, *, #8926, .F. ) ;
#3946 = LINE ( 'NONE', #10023, #10475 ) ;
#3947 = ORIENTED_EDGE ( 'NONE', *, *, #799, .F. ) ;
#3948 = EDGE_CURVE ( 'NONE', #3680, #8861, #9772, .T. ) ;
#3949 = EDGE_CURVE ( 'NONE', #6803, #4242, #5419, .T. ) ;
#3950 = ORIENTED_EDGE ( 'NONE', *, *, #9337, .F. ) ;
#3951 = EDGE_LOOP ( 'NONE', ( #2536, #10019, #4156, #1472 ) ) ;
#3952 = EDGE_CURVE ( 'NONE', #8653, #8377, #4549, .T. ) ;
#3953 = CARTESIAN_POINT ( 'NONE',  ( 16.00000000000000000, 67.84000000000000341, 0.000000000000000000 ) ) ;
#3954 = LINE ( 'NONE', #7607, #4784 ) ;
#3955 = ORIENTED_EDGE ( 'NONE', *, *, #4085, .F. ) ;
#3956 = LINE ( 'NONE', #1252, #9894 ) ;
#3957 = LINE ( 'NONE', #680, #3734 ) ;
#3958 = DIRECTION ( 'NONE',  ( -0.4999999999999966138, 0.000000000000000000, 0.8660254037844407060 ) ) ;
#3959 = CARTESIAN_POINT ( 'NONE',  ( -13.73328812275833144, 5.500000000000000000, 14.92482235592524376 ) ) ;
#3960 = FACE_BOUND ( 'NONE', #7153, .T. ) ;
#3961 = ORIENTED_EDGE ( 'NONE', *, *, #11334, .F. ) ;
#3962 = EDGE_CURVE ( 'NONE', #9653, #6577, #10570, .T. ) ;
#3963 = CARTESIAN_POINT ( 'NONE',  ( 11.25123708785944388, 0.000000000000000000, -13.92482235592523310 ) ) ;
#3964 = VERTEX_POINT ( 'NONE', #10744 ) ;
#3965 = DIRECTION ( 'NONE',  ( 0.8660254037844404840, 0.000000000000000000, 0.4999999999999968359 ) ) ;
#3966 = VERTEX_POINT ( 'NONE', #10690 ) ;
#3967 = DIRECTION ( 'NONE',  ( 3.330669073875469621E-15, 0.000000000000000000, 1.000000000000000000 ) ) ;
#3968 = CARTESIAN_POINT ( 'NONE',  ( 12.98328789542832240, 0.000000000000000000, -13.92482235592524020 ) ) ;
#3969 = FACE_OUTER_BOUND ( 'NONE', #3348, .T. ) ;
#3970 = CARTESIAN_POINT ( 'NONE',  ( 10.90124412787684172, 5.500000000000000000, -10.31861676694393104 ) ) ;
#3971 = EDGE_LOOP ( 'NONE', ( #7463, #10595, #5013, #5118, #372, #8061 ) ) ;
#3972 = DIRECTION ( 'NONE',  ( -0.5000000000000029976, 0.000000000000000000, -0.8660254037844369313 ) ) ;
#3973 = VERTEX_POINT ( 'NONE', #4675 ) ;
#3974 = LINE ( 'NONE', #10169, #8078 ) ;
#3975 = ORIENTED_EDGE ( 'NONE', *, *, #492, .F. ) ;
#3976 = DIRECTION ( 'NONE',  ( -0.8660254037844407060, 0.000000000000000000, -0.4999999999999966138 ) ) ;
#3977 = ORIENTED_EDGE ( 'NONE', *, *, #2046, .T. ) ;
#3978 = VERTEX_POINT ( 'NONE', #9708 ) ;
#3979 = CYLINDRICAL_SURFACE ( 'NONE', #2625, 1.549999999999999600 ) ;
#3980 = LINE ( 'NONE', #10919, #10335 ) ;
#3981 = VERTEX_POINT ( 'NONE', #2886 ) ;
#3982 = CARTESIAN_POINT ( 'NONE',  ( 6.737156592773882124, 5.500000000000000000, 11.31861676694392749 ) ) ;
#3983 = LINE ( 'NONE', #7302, #5879 ) ;
#3984 = DIRECTION ( 'NONE',  ( -0.4999999999999966138, 0.000000000000000000, 0.8660254037844407060 ) ) ;
#3985 = DIRECTION ( 'NONE',  ( -0.000000000000000000, 1.000000000000000000, -0.000000000000000000 ) ) ;
#3986 = CARTESIAN_POINT ( 'NONE',  ( -15.81533189030981035, 0.000000000000000000, 4.106205588981313603 ) ) ;
#3987 = ORIENTED_EDGE ( 'NONE', *, *, #6681, .F. ) ;
#3988 = EDGE_CURVE ( 'NONE', #10561, #5418, #144, .T. ) ;
#3989 = LINE ( 'NONE', #3025, #7550 ) ;
#3990 = ORIENTED_EDGE ( 'NONE', *, *, #8222, .F. ) ;
#3991 = LINE ( 'NONE', #10983, #6966 ) ;
#3992 = CARTESIAN_POINT ( 'NONE',  ( -16.58282983977096947, 67.84000000000000341, 12.59999999999999432 ) ) ;
#3993 = FACE_OUTER_BOUND ( 'NONE', #9285, .T. ) ;
#3994 = VERTEX_POINT ( 'NONE', #6378 ) ;
#3995 = VECTOR ( 'NONE', #6785, 1000.000000000000000 ) ;
#3996 = EDGE_CURVE ( 'NONE', #3844, #456, #3628, .T. ) ;
#3997 = EDGE_LOOP ( 'NONE', ( #2607, #5415, #2796, #11054 ) ) ;
#3998 = ORIENTED_EDGE ( 'NONE', *, *, #10582, .F. ) ;
#3999 = DIRECTION ( 'NONE',  ( -0.000000000000000000, 1.000000000000000000, -0.000000000000000000 ) ) ;
#4000 = ORIENTED_EDGE ( 'NONE', *, *, #3188, .F. ) ;
#4001 = CARTESIAN_POINT ( 'NONE',  ( -5.405113052552404262, 0.000000000000000000, 14.92482235592524376 ) ) ;
#4002 = AXIS2_PLACEMENT_3D ( 'NONE', #4269, #830, #3413 ) ;
#4003 = CARTESIAN_POINT ( 'NONE',  ( -12.86726271897389040, 53.58999999999999631, 15.42482235592523843 ) ) ;
#4004 = EDGE_CURVE ( 'NONE', #9677, #4809, #1969, .T. ) ;
#4005 = DIRECTION ( 'NONE',  ( -1.000000000000000000, 0.000000000000000000, 3.330669073875469621E-15 ) ) ;
#4006 = CARTESIAN_POINT ( 'NONE',  ( -5.906868629178459784, 5.500000000000000000, 10.23099657937191154 ) ) ;
#4007 = ORIENTED_EDGE ( 'NONE', *, *, #2030, .T. ) ;
#4008 = ADVANCED_FACE ( 'NONE', ( #7125 ), #317, .T. ) ;
#4009 = VECTOR ( 'NONE', #4817, 1000.000000000000000 ) ;
#4010 = DIRECTION ( 'NONE',  ( -3.330669073875469621E-15, 0.000000000000000000, -1.000000000000000000 ) ) ;
#4011 = ORIENTED_EDGE ( 'NONE', *, *, #2203, .T. ) ;
#4012 = CARTESIAN_POINT ( 'NONE',  ( 0.000000000000000000, 0.000000000000000000, -6.999998126900001338 ) ) ;
#4013 = ORIENTED_EDGE ( 'NONE', *, *, #1, .T. ) ;
#4014 = PLANE ( 'NONE',  #10149 ) ;
#4015 = CARTESIAN_POINT ( 'NONE',  ( 17.15000000000000568, 34.89320891234596900, 7.099999999999995204 ) ) ;
#4016 = EDGE_CURVE ( 'NONE', #6845, #4935, #5589, .T. ) ;
#4017 = VECTOR ( 'NONE', #985, 1000.000000000000000 ) ;
#4018 = EDGE_CURVE ( 'NONE', #6366, #147, #7977, .T. ) ;
#4019 = CARTESIAN_POINT ( 'NONE',  ( 12.11726249164388136, 5.500000000000000000, -0.9999999999999986677 ) ) ;
#4020 = DIRECTION ( 'NONE',  ( 0.000000000000000000, 1.000000000000000000, -0.000000000000000000 ) ) ;
#4021 = ORIENTED_EDGE ( 'NONE', *, *, #1058, .T. ) ;
#4022 = EDGE_CURVE ( 'NONE', #719, #4599, #3974, .T. ) ;
#4023 = CARTESIAN_POINT ( 'NONE',  ( 8.819200360325359256, 53.58999999999999631, -13.92482235592524020 ) ) ;
#4024 = EDGE_CURVE ( 'NONE', #5562, #5178, #5760, .T. ) ;
#4025 = VECTOR ( 'NONE', #10772, 1000.000000000000000 ) ;
#4026 = ORIENTED_EDGE ( 'NONE', *, *, #9528, .T. ) ;
#4027 = CARTESIAN_POINT ( 'NONE',  ( -7.837149780086489770, 53.58999999999999631, 14.92482235592523665 ) ) ;
#4028 = VERTEX_POINT ( 'NONE', #9191 ) ;
#4029 = DIRECTION ( 'NONE',  ( 0.8660254037844369313, 0.000000000000000000, -0.5000000000000029976 ) ) ;
#4030 = ORIENTED_EDGE ( 'NONE', *, *, #8280, .T. ) ;
#4031 = ORIENTED_EDGE ( 'NONE', *, *, #4161, .T. ) ;
#4032 = CARTESIAN_POINT ( 'NONE',  ( 9.169193320307959638, 5.500000000000000000, -11.31861676694392571 ) ) ;
#4033 = PLANE ( 'NONE',  #5941 ) ;
#4034 = EDGE_LOOP ( 'NONE', ( #6394, #6948, #559, #9342 ) ) ;
#4035 = DIRECTION ( 'NONE',  ( -1.000000000000000000, 0.000000000000000000, 3.330669073875469621E-15 ) ) ;
#4036 = CARTESIAN_POINT ( 'NONE',  ( 12.11726249164387781, 52.28232689208745398, -15.42482235592523843 ) ) ;
#4037 = CARTESIAN_POINT ( 'NONE',  ( 2.923062017653520250, 5.500000000000000000, 13.92482235592524198 ) ) ;
#4038 = VECTOR ( 'NONE', #7892, 1000.000000000000000 ) ;
#4039 = VECTOR ( 'NONE', #11320, 1000.000000000000114 ) ;
#4040 = DIRECTION ( 'NONE',  ( 3.663735981263016583E-15, 0.000000000000000000, 1.000000000000000000 ) ) ;
#4041 = VECTOR ( 'NONE', #1966, 1000.000000000000000 ) ;
#4042 = CARTESIAN_POINT ( 'NONE',  ( -12.86726271897389751, 0.000000000000000000, 6.212411177962620101 ) ) ;
#4043 = VECTOR ( 'NONE', #2372, 1000.000000000000000 ) ;
#4044 = ORIENTED_EDGE ( 'NONE', *, *, #168, .F. ) ;
#4045 = VECTOR ( 'NONE', #11200, 1000.000000000000000 ) ;
#4046 = DIRECTION ( 'NONE',  ( -0.000000000000000000, -1.000000000000000000, -0.000000000000000000 ) ) ;
#4047 = ORIENTED_EDGE ( 'NONE', *, *, #1916, .F. ) ;
#4048 = DIRECTION ( 'NONE',  ( 0.8660254037844404840, 0.000000000000000000, 0.4999999999999968359 ) ) ;
#4049 = DIRECTION ( 'NONE',  ( 0.5000000000000032196, 0.000000000000000000, 0.8660254037844368202 ) ) ;
#4050 = CARTESIAN_POINT ( 'NONE',  ( -16.00000102328300855, 53.58999999999999631, -9.300000000000002487 ) ) ;
#4051 = ORIENTED_EDGE ( 'NONE', *, *, #10469, .T. ) ;
#4052 = VECTOR ( 'NONE', #1950, 1000.000000000000000 ) ;
#4053 = VECTOR ( 'NONE', #5656, 1000.000000000000000 ) ;
#4054 = EDGE_CURVE ( 'NONE', #7348, #3488, #1443, .T. ) ;
#4055 = EDGE_LOOP ( 'NONE', ( #4406, #4866, #7361, #1732 ) ) ;
#4056 = ORIENTED_EDGE ( 'NONE', *, *, #910, .F. ) ;
#4057 = CARTESIAN_POINT ( 'NONE',  ( 6.737156592773873243, 0.000000000000000000, -11.31861676694393282 ) ) ;
#4058 = LINE ( 'NONE', #10782, #10303 ) ;
#4059 = VECTOR ( 'NONE', #6651, 1000.000000000000000 ) ;
#4060 = DIRECTION ( 'NONE',  ( 0.8660254037844407060, 0.000000000000000000, 0.4999999999999965583 ) ) ;
#4061 = ORIENTED_EDGE ( 'NONE', *, *, #8287, .T. ) ;
#4062 = VECTOR ( 'NONE', #3718, 1000.000000000000000 ) ;
#4063 = CARTESIAN_POINT ( 'NONE',  ( -12.00123731518945291, 0.000000000000000000, 0.4999999999999975020 ) ) ;
#4064 = VECTOR ( 'NONE', #6088, 1000.000000000000000 ) ;
#4065 = EDGE_CURVE ( 'NONE', #3973, #7702, #4840, .T. ) ;
#4066 = CARTESIAN_POINT ( 'NONE',  ( 12.98328789542832418, 0.000000000000000000, 6.712411177962614772 ) ) ;
#4067 = DIRECTION ( 'NONE',  ( -0.000000000000000000, -1.000000000000000000, -0.000000000000000000 ) ) ;
#4068 = DIRECTION ( 'NONE',  ( 0.8660254037844407060, 0.000000000000000000, 0.4999999999999966138 ) ) ;
#4069 = ORIENTED_EDGE ( 'NONE', *, *, #8920, .T. ) ;
#4070 = EDGE_CURVE ( 'NONE', #9639, #9422, #10216, .T. ) ;
#4071 = AXIS2_PLACEMENT_3D ( 'NONE', #5179, #1209, #11056 ) ;
#4072 = VECTOR ( 'NONE', #8316, 1000.000000000000000 ) ;
#4073 = DIRECTION ( 'NONE',  ( -0.000000000000000000, -1.000000000000000000, -0.000000000000000000 ) ) ;
#4074 = ORIENTED_EDGE ( 'NONE', *, *, #11129, .F. ) ;
#4075 = LINE ( 'NONE', #4934, #5311 ) ;
#4076 = ORIENTED_EDGE ( 'NONE', *, *, #2236, .T. ) ;
#4077 = CARTESIAN_POINT ( 'NONE',  ( 5.871131188989433092, 0.000000000000000000, -11.81861676694392926 ) ) ;
#4078 = CARTESIAN_POINT ( 'NONE',  ( 11.25123708785944743, 5.500000000000000000, 0.5000000000000044409 ) ) ;
#4079 = VECTOR ( 'NONE', #6122, 1000.000000000000000 ) ;
#4080 = CARTESIAN_POINT ( 'NONE',  ( -9.569200587655371848, 0.000000000000000000, -14.92482235592523487 ) ) ;
#4081 = DIRECTION ( 'NONE',  ( -0.000000000000000000, 1.000000000000000000, -0.000000000000000000 ) ) ;
#4082 = ORIENTED_EDGE ( 'NONE', *, *, #602, .F. ) ;
#4083 = DIRECTION ( 'NONE',  ( -0.8660254037844404840, -0.000000000000000000, -0.4999999999999968359 ) ) ;
#4084 = VECTOR ( 'NONE', #3233, 1000.000000000000000 ) ;
#4085 = EDGE_CURVE ( 'NONE', #9444, #4086, #5643, .T. ) ;
#4086 = VERTEX_POINT ( 'NONE', #9357 ) ;
#4087 = ADVANCED_FACE ( 'NONE', ( #533 ), #3923, .T. ) ;
#4088 = DIRECTION ( 'NONE',  ( 0.000000000000000000, 1.000000000000000000, 0.000000000000000000 ) ) ;
#4089 = EDGE_CURVE ( 'NONE', #5461, #3231, #2201, .T. ) ;
#4090 = EDGE_LOOP ( 'NONE', ( #1975, #4895, #2800, #11144 ) ) ;
#4091 = ADVANCED_FACE ( 'NONE', ( #483 ), #1504, .T. ) ;
#4092 = ORIENTED_EDGE ( 'NONE', *, *, #2470, .T. ) ;
#4093 = EDGE_CURVE ( 'NONE', #8669, #292, #773, .T. ) ;
#4094 = VERTEX_POINT ( 'NONE', #8205 ) ;
#4095 = DIRECTION ( 'NONE',  ( 0.8660254037844407060, 0.000000000000000000, 0.4999999999999966138 ) ) ;
#4096 = CARTESIAN_POINT ( 'NONE',  ( -0.3750001136650029654, 0.000000000000000000, -13.42482235592523665 ) ) ;
#4097 = ORIENTED_EDGE ( 'NONE', *, *, #9973, .T. ) ;
#4098 = CARTESIAN_POINT ( 'NONE',  ( -8.703175183870927256, 53.58999999999999631, -13.42482235592523665 ) ) ;
#4099 = LINE ( 'NONE', #9430, #8427 ) ;
#4100 = DIRECTION ( 'NONE',  ( -3.330669073875469621E-15, 0.000000000000000000, -1.000000000000000000 ) ) ;
#4101 = VECTOR ( 'NONE', #7495, 1000.000000000000000 ) ;
#4102 = CARTESIAN_POINT ( 'NONE',  ( -0.5267627303085070656, 5.500000000000000000, 0.9123798124280440014 ) ) ;
#4103 = CARTESIAN_POINT ( 'NONE',  ( -16.00000102328300855, 58.58999999999999631, 9.605637215151624275 ) ) ;
#4104 = DIRECTION ( 'NONE',  ( 0.4999999999999968359, 0.000000000000000000, -0.8660254037844404840 ) ) ;
#4105 = VECTOR ( 'NONE', #8734, 999.9999999999998863 ) ;
#4106 = ADVANCED_FACE ( 'NONE', ( #3009 ), #368, .T. ) ;
#4107 = ORIENTED_EDGE ( 'NONE', *, *, #2765, .T. ) ;
#4108 = VERTEX_POINT ( 'NONE', #11025 ) ;
#4109 = DIRECTION ( 'NONE',  ( 3.663735981263016583E-15, 0.000000000000000000, 1.000000000000000000 ) ) ;
#4110 = LINE ( 'NONE', #500, #10164 ) ;
#4111 = DIRECTION ( 'NONE',  ( -3.330669073875469621E-15, 0.000000000000000000, -1.000000000000000000 ) ) ;
#4112 = ORIENTED_EDGE ( 'NONE', *, *, #3948, .F. ) ;
#4113 = VECTOR ( 'NONE', #3000, 1000.000000000000114 ) ;
#4114 = ORIENTED_EDGE ( 'NONE', *, *, #4502, .F. ) ;
#4115 = ORIENTED_EDGE ( 'NONE', *, *, #4016, .T. ) ;
#4116 = DIRECTION ( 'NONE',  ( -0.000000000000000000, 1.000000000000000000, -0.000000000000000000 ) ) ;
#4117 = DIRECTION ( 'NONE',  ( 0.8660254037844368202, 0.000000000000000000, -0.5000000000000032196 ) ) ;
#4118 = VECTOR ( 'NONE', #5540, 1000.000000000000000 ) ;
#4119 = VERTEX_POINT ( 'NONE', #7413 ) ;
#4120 = FACE_OUTER_BOUND ( 'NONE', #10655, .T. ) ;
#4121 = FACE_BOUND ( 'NONE', #1129, .T. ) ;
#4122 = PLANE ( 'NONE',  #6249 ) ;
#4123 = DIRECTION ( 'NONE',  ( -0.8660254037844404840, -0.000000000000000000, -0.4999999999999968359 ) ) ;
#4124 = EDGE_LOOP ( 'NONE', ( #7271, #10430, #1300, #6450 ) ) ;
#4125 = FACE_OUTER_BOUND ( 'NONE', #8631, .T. ) ;
#4126 = VERTEX_POINT ( 'NONE', #4027 ) ;
#4127 = LINE ( 'NONE', #2471, #2924 ) ;
#4128 = VERTEX_POINT ( 'NONE', #10966 ) ;
#4129 = EDGE_CURVE ( 'NONE', #599, #744, #10005, .T. ) ;
#4130 = DIRECTION ( 'NONE',  ( 1.000000000000000000, 0.000000000000000000, -3.663735981263016583E-15 ) ) ;
#4131 = CARTESIAN_POINT ( 'NONE',  ( -3.673062244983527069, 0.000000000000000000, 14.92482235592523665 ) ) ;
#4132 = DIRECTION ( 'NONE',  ( 0.000000000000000000, 0.000000000000000000, 1.000000000000000000 ) ) ;
#4133 = CARTESIAN_POINT ( 'NONE',  ( -3.673062244983482216, 5.500000000000000000, 1.223375482578608763E-14 ) ) ;
#4134 = ORIENTED_EDGE ( 'NONE', *, *, #11251, .F. ) ;
#4135 = LINE ( 'NONE', #1608, #7692 ) ;
#4136 = ADVANCED_FACE ( 'NONE', ( #6610 ), #10112, .T. ) ;
#4137 = VERTEX_POINT ( 'NONE', #595 ) ;
#4138 = FACE_OUTER_BOUND ( 'NONE', #430, .T. ) ;
#4139 = VERTEX_POINT ( 'NONE', #7578 ) ;
#4140 = FACE_OUTER_BOUND ( 'NONE', #862, .T. ) ;
#4141 = EDGE_LOOP ( 'NONE', ( #5889, #8114, #5457, #3726, #4031, #4373 ) ) ;
#4142 = EDGE_LOOP ( 'NONE', ( #9674, #828, #7215, #3941 ) ) ;
#4143 = PLANE ( 'NONE',  #5192 ) ;
#4144 = DIRECTION ( 'NONE',  ( 0.000000000000000000, -1.000000000000000000, 0.000000000000000000 ) ) ;
#4145 = ORIENTED_EDGE ( 'NONE', *, *, #10244, .T. ) ;
#4146 = CARTESIAN_POINT ( 'NONE',  ( -17.90000022733000051, 53.58999999999999631, -9.300000000000002487 ) ) ;
#4147 = FACE_OUTER_BOUND ( 'NONE', #8083, .T. ) ;
#4148 = CARTESIAN_POINT ( 'NONE',  ( -20.95000000000000639, 5.499999999999998224, 16.49999999999999289 ) ) ;
#4149 = ORIENTED_EDGE ( 'NONE', *, *, #3590, .T. ) ;
#4150 = EDGE_CURVE ( 'NONE', #8234, #5985, #6988, .T. ) ;
#4151 = CARTESIAN_POINT ( 'NONE',  ( -10.78521895142241505, 0.000000000000000000, 9.818616766943931040 ) ) ;
#4152 = EDGE_CURVE ( 'NONE', #6464, #4744, #4782, .T. ) ;
#4153 = EDGE_CURVE ( 'NONE', #9502, #9884, #2593, .T. ) ;
#4154 = DIRECTION ( 'NONE',  ( -0.000000000000000000, -1.000000000000000000, -0.000000000000000000 ) ) ;
#4155 = CARTESIAN_POINT ( 'NONE',  ( -5.405113052552405151, 0.000000000000000000, -13.92482235592523310 ) ) ;
#4156 = ORIENTED_EDGE ( 'NONE', *, *, #3110, .F. ) ;
#4157 = CARTESIAN_POINT ( 'NONE',  ( -16.00000000000000355, 67.84000000000000341, 0.000000000000000000 ) ) ;
#4158 = VERTEX_POINT ( 'NONE', #2483 ) ;
#4159 = LINE ( 'NONE', #8628, #6418 ) ;
#4160 = DIRECTION ( 'NONE',  ( 1.000000000000000000, 0.000000000000000000, -3.663735981263016583E-15 ) ) ;
#4161 = EDGE_CURVE ( 'NONE', #4028, #9270, #1670, .T. ) ;
#4162 = DIRECTION ( 'NONE',  ( 0.000000000000000000, -0.000000000000000000, -1.000000000000000000 ) ) ;
#4163 = EDGE_LOOP ( 'NONE', ( #4235, #1909, #9515, #4082 ) ) ;
#4164 = EDGE_CURVE ( 'NONE', #3849, #3981, #9588, .T. ) ;
#4165 = ORIENTED_EDGE ( 'NONE', *, *, #1496, .T. ) ;
#4166 = EDGE_CURVE ( 'NONE', #5208, #1249, #5114, .T. ) ;
#4167 = ORIENTED_EDGE ( 'NONE', *, *, #1530, .F. ) ;
#4168 = FACE_OUTER_BOUND ( 'NONE', #6097, .T. ) ;
#4169 = CARTESIAN_POINT ( 'NONE',  ( -14.08328108274093360, 53.58999999999999631, 4.106205588981307386 ) ) ;
#4170 = ORIENTED_EDGE ( 'NONE', *, *, #4152, .F. ) ;
#4171 = CARTESIAN_POINT ( 'NONE',  ( 14.19930625919536382, 0.000000000000000000, -4.606205588981308274 ) ) ;
#4172 = FACE_BOUND ( 'NONE', #10054, .T. ) ;
#4173 = FACE_OUTER_BOUND ( 'NONE', #10614, .T. ) ;
#4174 = LINE ( 'NONE', #736, #2940 ) ;
#4175 = VERTEX_POINT ( 'NONE', #3448 ) ;
#4176 = EDGE_CURVE ( 'NONE', #4575, #8358, #8664, .T. ) ;
#4177 = VECTOR ( 'NONE', #5206, 1000.000000000000000 ) ;
#4178 = LINE ( 'NONE', #854, #5099 ) ;
#4179 = ORIENTED_EDGE ( 'NONE', *, *, #6679, .F. ) ;
#4180 = LINE ( 'NONE', #8479, #7500 ) ;
#4181 = ORIENTED_EDGE ( 'NONE', *, *, #7189, .T. ) ;
#4182 = CARTESIAN_POINT ( 'NONE',  ( 13.33328085541093166, 53.58999999999999631, 4.106205588981312715 ) ) ;
#4183 = CARTESIAN_POINT ( 'NONE',  ( 1.898202538678397212E-16, 15.50000000000000000, -5.449998126900001516 ) ) ;
#4184 = CYLINDRICAL_SURFACE ( 'NONE', #1487, 1.050000000000000488 ) ;
#4185 = DIRECTION ( 'NONE',  ( -3.663735981263016583E-15, 0.000000000000000000, -1.000000000000000000 ) ) ;
#4186 = ORIENTED_EDGE ( 'NONE', *, *, #7511, .T. ) ;
#4187 = LINE ( 'NONE', #5060, #3857 ) ;
#4188 = AXIS2_PLACEMENT_3D ( 'NONE', #10951, #521, #3160 ) ;
#4189 = ADVANCED_FACE ( 'NONE', ( #5925 ), #3505, .T. ) ;
#4190 = ORIENTED_EDGE ( 'NONE', *, *, #9109, .F. ) ;
#4191 = FACE_OUTER_BOUND ( 'NONE', #10769, .T. ) ;
#4192 = ORIENTED_EDGE ( 'NONE', *, *, #7248, .F. ) ;
#4193 = DIRECTION ( 'NONE',  ( 1.000000000000000000, 0.000000000000000000, -3.663735981263016583E-15 ) ) ;
#4194 = AXIS2_PLACEMENT_3D ( 'NONE', #7942, #108, #10584 ) ;
#4195 = ORIENTED_EDGE ( 'NONE', *, *, #10676, .F. ) ;
#4196 = VERTEX_POINT ( 'NONE', #10441 ) ;
#4197 = LINE ( 'NONE', #10174, #8474 ) ;
#4198 = LINE ( 'NONE', #7634, #6666 ) ;
#4199 = ORIENTED_EDGE ( 'NONE', *, *, #1627, .F. ) ;
#4200 = CARTESIAN_POINT ( 'NONE',  ( 17.15000000000000213, 34.89320891234596900, -7.100000000000002309 ) ) ;
#4201 = DIRECTION ( 'NONE',  ( 0.8660254037844368202, 0.000000000000000000, -0.5000000000000032196 ) ) ;
#4202 = CARTESIAN_POINT ( 'NONE',  ( -5.405113052552407815, 0.000000000000000000, 13.92482235592524198 ) ) ;
#4203 = ADVANCED_FACE ( 'NONE', ( #4138 ), #699, .T. ) ;
#4204 = ORIENTED_EDGE ( 'NONE', *, *, #2748, .F. ) ;
#4205 = CARTESIAN_POINT ( 'NONE',  ( 10.90124412787684882, 53.58999999999999631, 11.31861676694392571 ) ) ;
#4206 = EDGE_CURVE ( 'NONE', #2021, #348, #6885, .T. ) ;
#4207 = LINE ( 'NONE', #34, #2177 ) ;
#4208 = CYLINDRICAL_SURFACE ( 'NONE', #8265, 9.800000000000002487 ) ;
#4209 = VERTEX_POINT ( 'NONE', #5008 ) ;
#4210 = PLANE ( 'NONE',  #1520 ) ;
#4211 = ORIENTED_EDGE ( 'NONE', *, *, #4152, .T. ) ;
#4212 = LINE ( 'NONE', #5137, #1658 ) ;
#4213 = VECTOR ( 'NONE', #3150, 1000.000000000000000 ) ;
#4214 = DIRECTION ( 'NONE',  ( 0.000000000000000000, 0.000000000000000000, 1.000000000000000000 ) ) ;
#4215 = EDGE_CURVE ( 'NONE', #1574, #7108, #7799, .T. ) ;
#4216 = DIRECTION ( 'NONE',  ( -3.663735981263016583E-15, 0.000000000000000000, -1.000000000000000000 ) ) ;
#4217 = ORIENTED_EDGE ( 'NONE', *, *, #1627, .T. ) ;
#4218 = VECTOR ( 'NONE', #2439, 1000.000000000000000 ) ;
#4219 = VECTOR ( 'NONE', #3543, 1000.000000000000114 ) ;
#4220 = CARTESIAN_POINT ( 'NONE',  ( 6.999998126899990680, 53.58999999999999631, -3.469446951953614189E-15 ) ) ;
#4221 = VERTEX_POINT ( 'NONE', #867 ) ;
#4222 = EDGE_CURVE ( 'NONE', #3393, #4913, #8546, .T. ) ;
#4223 = EDGE_CURVE ( 'NONE', #6555, #6807, #7848, .T. ) ;
#4224 = CARTESIAN_POINT ( 'NONE',  ( -1.241025517449437121, 53.58999999999999631, 14.92482235592524198 ) ) ;
#4225 = CARTESIAN_POINT ( 'NONE',  ( -6.621131416319453677, 0.000000000000000000, -11.81861676694392926 ) ) ;
#4226 = PERSON_AND_ORGANIZATION_ROLE ( 'classification_officer' ) ;
#4227 = ADVANCED_FACE ( 'NONE', ( #10387 ), #7003, .T. ) ;
#4228 = CARTESIAN_POINT ( 'NONE',  ( -6.947890512954288056, 5.500000000000000000, -12.03409937386252082 ) ) ;
#4229 = CARTESIAN_POINT ( 'NONE',  ( 2.923062017653518030, 51.99940408041244666, 12.59999999999992326 ) ) ;
#4230 = VECTOR ( 'NONE', #9521, 999.9999999999998863 ) ;
#4231 = AXIS2_PLACEMENT_3D ( 'NONE', #1775, #8934, #179 ) ;
#4232 = AXIS2_PLACEMENT_3D ( 'NONE', #4200, #2493, #5986 ) ;
#4233 = CARTESIAN_POINT ( 'NONE',  ( -13.73328812275833499, 53.58999999999999631, -14.92482235592523487 ) ) ;
#4234 = PLANE ( 'NONE',  #11 ) ;
#4235 = ORIENTED_EDGE ( 'NONE', *, *, #5976, .T. ) ;
#4236 = VECTOR ( 'NONE', #1996, 1000.000000000000000 ) ;
#4237 = VECTOR ( 'NONE', #10139, 1000.000000000000000 ) ;
#4238 = AXIS2_PLACEMENT_3D ( 'NONE', #6393, #2044, #2785 ) ;
#4239 = PLANE ( 'NONE',  #7107 ) ;
#4240 = ORIENTED_EDGE ( 'NONE', *, *, #4129, .T. ) ;
#4241 = CARTESIAN_POINT ( 'NONE',  ( -4.539087648767972105, 0.000000000000000000, -15.42482235592523843 ) ) ;
#4242 = VERTEX_POINT ( 'NONE', #1506 ) ;
#4243 = DIRECTION ( 'NONE',  ( 0.8660254037844368202, -0.000000000000000000, -0.5000000000000032196 ) ) ;
#4244 = CARTESIAN_POINT ( 'NONE',  ( -3.673062244983527069, 51.99940408041244666, 14.92482235592523665 ) ) ;
#4245 = CARTESIAN_POINT ( 'NONE',  ( -13.73328812275833144, 53.58999999999999631, -6.712411177962615660 ) ) ;
#4246 = CARTESIAN_POINT ( 'NONE',  ( -7.487156820103885835, 53.58999999999999631, -10.31861676694392393 ) ) ;
#4247 = ORIENTED_EDGE ( 'NONE', *, *, #7127, .T. ) ;
#4248 = VECTOR ( 'NONE', #4342, 999.9999999999998863 ) ;
#4249 = FACE_OUTER_BOUND ( 'NONE', #11132, .T. ) ;
#4250 = AXIS2_PLACEMENT_3D ( 'NONE', #3482, #6978, #900 ) ;
#4251 = ORIENTED_EDGE ( 'NONE', *, *, #8491, .F. ) ;
#4252 = DIRECTION ( 'NONE',  ( 0.4999999999999968359, 0.000000000000000000, -0.8660254037844404840 ) ) ;
#4253 = VECTOR ( 'NONE', #9392, 1000.000000000000000 ) ;
#4254 = ORIENTED_EDGE ( 'NONE', *, *, #5835, .T. ) ;
#4255 = CARTESIAN_POINT ( 'NONE',  ( 2.923062017653514921, 53.58999999999999631, -14.92482235592523487 ) ) ;
#4256 = ORIENTED_EDGE ( 'NONE', *, *, #11029, .F. ) ;
#4257 = ORIENTED_EDGE ( 'NONE', *, *, #2527, .T. ) ;
#4258 = PLANE ( 'NONE',  #3365 ) ;
#4259 = LINE ( 'NONE', #6723, #8488 ) ;
#4260 = ORIENTED_EDGE ( 'NONE', *, *, #2913, .F. ) ;
#4261 = CARTESIAN_POINT ( 'NONE',  ( -1.241025517449447557, 51.99940408041244666, 12.59999999999993925 ) ) ;
#4262 = DIRECTION ( 'NONE',  ( 3.330669073875469621E-15, 0.000000000000000000, 1.000000000000000000 ) ) ;
#4263 = DIRECTION ( 'NONE',  ( -0.4999999999999966138, 0.000000000000000000, 0.8660254037844407060 ) ) ;
#4264 = EDGE_CURVE ( 'NONE', #7567, #7514, #648, .T. ) ;
#4265 = VERTEX_POINT ( 'NONE', #7628 ) ;
#4266 = CARTESIAN_POINT ( 'NONE',  ( 13.33328085541092634, 0.000000000000000000, -4.106205588981305610 ) ) ;
#4267 = AXIS2_PLACEMENT_3D ( 'NONE', #624, #8640, #4117 ) ;
#4268 = ADVANCED_FACE ( 'NONE', ( #4191 ), #9418, .T. ) ;
#4269 = CARTESIAN_POINT ( 'NONE',  ( -14.94930648652537108, 0.000000000000000000, 4.606205588981310051 ) ) ;
#4270 = LINE ( 'NONE', #8564, #2235 ) ;
#4271 = ORIENTED_EDGE ( 'NONE', *, *, #10128, .F. ) ;
#4272 = LINE ( 'NONE', #7764, #5371 ) ;
#4273 = VECTOR ( 'NONE', #886, 1000.000000000000000 ) ;
#4274 = ORIENTED_EDGE ( 'NONE', *, *, #9880, .F. ) ;
#4275 = CARTESIAN_POINT ( 'NONE',  ( 12.98328789542837036, 5.500000000000000000, -4.324303547052500105E-14 ) ) ;
#4276 = CARTESIAN_POINT ( 'NONE',  ( -7.487156820103891164, 0.000000000000000000, -11.31861676694392571 ) ) ;
#4277 = EDGE_CURVE ( 'NONE', #4980, #10604, #3280, .T. ) ;
#4278 = CARTESIAN_POINT ( 'NONE',  ( 12.11726249164388136, 53.58999999999999631, -8.212411177962620101 ) ) ;
#4279 = ORIENTED_EDGE ( 'NONE', *, *, #4565, .T. ) ;
#4280 = AXIS2_PLACEMENT_3D ( 'NONE', #2416, #10159, #5054 ) ;
#4281 = DIRECTION ( 'NONE',  ( 0.5000000000000032196, 0.000000000000000000, 0.8660254037844368202 ) ) ;
#4282 = EDGE_CURVE ( 'NONE', #147, #11064, #11190, .T. ) ;
#4283 = EDGE_LOOP ( 'NONE', ( #6150, #1733, #927, #891, #2564, #3114 ) ) ;
#4284 = LINE ( 'NONE', #11165, #1271 ) ;
#4285 = DIRECTION ( 'NONE',  ( 3.330669073875469621E-15, 0.000000000000000000, 1.000000000000000000 ) ) ;
#4286 = SECURITY_CLASSIFICATION_LEVEL ( 'unclassified' ) ;
#4287 = CARTESIAN_POINT ( 'NONE',  ( -4.539087648767972105, 0.000000000000000000, -15.42482235592523843 ) ) ;
#4288 = DIRECTION ( 'NONE',  ( 0.5000000000000032196, 0.000000000000000000, 0.8660254037844368202 ) ) ;
#4289 = VECTOR ( 'NONE', #8553, 1000.000000000000000 ) ;
#4290 = DIRECTION ( 'NONE',  ( -0.000000000000000000, 1.000000000000000000, -0.000000000000000000 ) ) ;
#4291 = DIRECTION ( 'NONE',  ( -3.330669073875469621E-15, 0.000000000000000000, -1.000000000000000000 ) ) ;
#4292 = ORIENTED_EDGE ( 'NONE', *, *, #9627, .F. ) ;
#4293 = EDGE_CURVE ( 'NONE', #3318, #8849, #1612, .T. ) ;
#4294 = EDGE_CURVE ( 'NONE', #2647, #45, #130, .T. ) ;
#4295 = ORIENTED_EDGE ( 'NONE', *, *, #1064, .F. ) ;
#4296 = EDGE_CURVE ( 'NONE', #248, #2333, #7962, .T. ) ;
#4297 = VECTOR ( 'NONE', #2680, 999.9999999999998863 ) ;
#4298 = CARTESIAN_POINT ( 'NONE',  ( 11.25123708785945453, 0.000000000000000000, 14.92482235592524198 ) ) ;
#4299 = ORIENTED_EDGE ( 'NONE', *, *, #10802, .F. ) ;
#4300 = CARTESIAN_POINT ( 'NONE',  ( -9.919193547637975783, 53.58999999999999631, -11.31861676694393282 ) ) ;
#4301 = ORIENTED_EDGE ( 'NONE', *, *, #10714, .T. ) ;
#4302 = CARTESIAN_POINT ( 'NONE',  ( -5.405113052552405151, 5.500000000000000000, -13.92482235592523310 ) ) ;
#4303 = FACE_OUTER_BOUND ( 'NONE', #10074, .T. ) ;
#4304 = CARTESIAN_POINT ( 'NONE',  ( 6.737156592773844821, 5.500000000000000000, -2.243923910940807655E-14 ) ) ;
#4305 = ORIENTED_EDGE ( 'NONE', *, *, #1081, .F. ) ;
#4306 = LINE ( 'NONE', #8661, #9541 ) ;
#4307 = ADVANCED_FACE ( 'NONE', ( #4478 ), #5342, .T. ) ;
#4308 = ORIENTED_EDGE ( 'NONE', *, *, #10949, .F. ) ;
#4309 = DIRECTION ( 'NONE',  ( -0.8660254037844404840, 0.000000000000000000, -0.4999999999999968359 ) ) ;
#4310 = EDGE_CURVE ( 'NONE', #6807, #3964, #4595, .T. ) ;
#4311 = ORIENTED_EDGE ( 'NONE', *, *, #1743, .F. ) ;
#4312 = FACE_OUTER_BOUND ( 'NONE', #5582, .T. ) ;
#4313 = DIRECTION ( 'NONE',  ( 1.000000000000000000, 0.000000000000000000, -3.663735981263016583E-15 ) ) ;
#4314 = ORIENTED_EDGE ( 'NONE', *, *, #2321, .F. ) ;
#4315 = EDGE_LOOP ( 'NONE', ( #988, #7412, #6429, #1555 ) ) ;
#4316 = DIRECTION ( 'NONE',  ( 0.000000000000000000, 0.000000000000000000, -1.000000000000000000 ) ) ;
#4317 = DIRECTION ( 'NONE',  ( 0.8660254037844407060, 0.000000000000000000, 0.4999999999999966138 ) ) ;
#4318 = ORIENTED_EDGE ( 'NONE', *, *, #4931, .T. ) ;
#4319 = LINE ( 'NONE', #825, #1481 ) ;
#4320 = CARTESIAN_POINT ( 'NONE',  ( -13.73328812275833499, 0.000000000000000000, 13.92482235592524198 ) ) ;
#4321 = DIRECTION ( 'NONE',  ( -0.8660254037844369313, 0.000000000000000000, 0.5000000000000029976 ) ) ;
#4322 = ORIENTED_EDGE ( 'NONE', *, *, #7477, .T. ) ;
#4323 = CARTESIAN_POINT ( 'NONE',  ( 18.94999999999999929, 5.499999999999998224, 18.49999999999999645 ) ) ;
#4324 = DIRECTION ( 'NONE',  ( 0.5000000000000032196, 0.000000000000000000, 0.8660254037844368202 ) ) ;
#4325 = DIRECTION ( 'NONE',  ( -0.000000000000000000, -1.000000000000000000, -0.000000000000000000 ) ) ;
#4326 = EDGE_LOOP ( 'NONE', ( #1462, #10905 ) ) ;
#4327 = ORIENTED_EDGE ( 'NONE', *, *, #2721, .T. ) ;
#4328 = CARTESIAN_POINT ( 'NONE',  ( -5.405113052552405151, 53.58999999999999631, -13.92482235592523310 ) ) ;
#4329 = DIRECTION ( 'NONE',  ( 3.330669073875469621E-15, 0.000000000000000000, 1.000000000000000000 ) ) ;
#4330 = CARTESIAN_POINT ( 'NONE',  ( 2.923062017653514921, 53.58999999999999631, -14.92482235592523487 ) ) ;
#4331 = ORIENTED_EDGE ( 'NONE', *, *, #3371, .T. ) ;
#4332 = LINE ( 'NONE', #8797, #9485 ) ;
#4333 = ADVANCED_FACE ( 'NONE', ( #8016 ), #5402, .T. ) ;
#4334 = EDGE_LOOP ( 'NONE', ( #6191, #1943, #1862, #1659 ) ) ;
#4335 = CARTESIAN_POINT ( 'NONE',  ( -16.00000102328300855, 58.58999999999999631, -9.747069910344318799 ) ) ;
#4336 = AXIS2_PLACEMENT_3D ( 'NONE', #10451, #2606, #6099 ) ;
#4337 = FACE_OUTER_BOUND ( 'NONE', #10313, .T. ) ;
#4338 = DESIGN_CONTEXT ( 'detailed design', #5906, 'design' ) ;
#4339 = PERSON_AND_ORGANIZATION_ROLE ( 'design_supplier' ) ;
#4340 = DIRECTION ( 'NONE',  ( 0.4999999999999968359, 0.000000000000000000, -0.8660254037844404840 ) ) ;
#4341 = DIRECTION ( 'NONE',  ( -0.8660254037844369313, 0.000000000000000000, 0.5000000000000029976 ) ) ;
#4342 = DIRECTION ( 'NONE',  ( 0.8660254037844368202, -0.000000000000000000, -0.5000000000000032196 ) ) ;
#4343 = DIRECTION ( 'NONE',  ( 0.8660254037844368202, 0.000000000000000000, -0.5000000000000032196 ) ) ;
#4344 = EDGE_CURVE ( 'NONE', #7834, #3723, #4533, .T. ) ;
#4345 = EDGE_LOOP ( 'NONE', ( #7319, #3139, #6938, #7999 ) ) ;
#4346 = ORIENTED_EDGE ( 'NONE', *, *, #9116, .F. ) ;
#4347 = LINE ( 'NONE', #11176, #5664 ) ;
#4348 = VERTEX_POINT ( 'NONE', #184 ) ;
#4349 = EDGE_CURVE ( 'NONE', #7951, #2944, #3674, .T. ) ;
#4350 = DIRECTION ( 'NONE',  ( -0.4999999999999966138, 0.000000000000000000, 0.8660254037844407060 ) ) ;
#4351 = DIRECTION ( 'NONE',  ( -0.4999999999999966138, 0.000000000000000000, 0.8660254037844407060 ) ) ;
#4352 = CARTESIAN_POINT ( 'NONE',  ( -6.999998126900004891, 0.000000000000000000, -3.469446951953614189E-15 ) ) ;
#4353 = DIRECTION ( 'NONE',  ( 0.8660254037844369313, 0.000000000000000000, -0.5000000000000029976 ) ) ;
#4354 = EDGE_LOOP ( 'NONE', ( #7487, #10391, #2545, #2392 ) ) ;
#4355 = VECTOR ( 'NONE', #5432, 1000.000000000000000 ) ;
#4356 = ORIENTED_EDGE ( 'NONE', *, *, #10518, .T. ) ;
#4357 = DIRECTION ( 'NONE',  ( 0.8660254037844407060, 0.000000000000000000, 0.4999999999999965583 ) ) ;
#4358 = ORIENTED_EDGE ( 'NONE', *, *, #2144, .T. ) ;
#4359 = LINE ( 'NONE', #8718, #2978 ) ;
#4360 = EDGE_CURVE ( 'NONE', #7682, #3895, #8826, .T. ) ;
#4361 = DIRECTION ( 'NONE',  ( 1.000000000000000000, -0.000000000000000000, -0.000000000000000000 ) ) ;
#4362 = ADVANCED_FACE ( 'NONE', ( #10780 ), #2926, .T. ) ;
#4363 = ORIENTED_EDGE ( 'NONE', *, *, #10883, .T. ) ;
#4364 = EDGE_LOOP ( 'NONE', ( #5975, #6718, #10331, #5995 ) ) ;
#4365 = CARTESIAN_POINT ( 'NONE',  ( 12.11726249164388847, 53.58999999999999631, 1.000000000000001332 ) ) ;
#4366 = FACE_OUTER_BOUND ( 'NONE', #3303, .T. ) ;
#4367 = EDGE_CURVE ( 'NONE', #4809, #5189, #9638, .T. ) ;
#4368 = ORIENTED_EDGE ( 'NONE', *, *, #9388, .T. ) ;
#4369 = ADVANCED_FACE ( 'NONE', ( #4658 ), #301, .T. ) ;
#4370 = VECTOR ( 'NONE', #4073, 1000.000000000000000 ) ;
#4371 = FACE_OUTER_BOUND ( 'NONE', #2447, .T. ) ;
#4372 = DIRECTION ( 'NONE',  ( -0.000000000000000000, 1.000000000000000000, -0.000000000000000000 ) ) ;
#4373 = ORIENTED_EDGE ( 'NONE', *, *, #6536, .T. ) ;
#4374 = DIRECTION ( 'NONE',  ( 0.8660254037844407060, 0.000000000000000000, 0.4999999999999965583 ) ) ;
#4375 = EDGE_CURVE ( 'NONE', #2153, #7951, #1035, .T. ) ;
#4376 = VECTOR ( 'NONE', #7086, 1000.000000000000114 ) ;
#4377 = DIRECTION ( 'NONE',  ( -0.000000000000000000, 1.000000000000000000, -0.000000000000000000 ) ) ;
#4378 = DIRECTION ( 'NONE',  ( 0.000000000000000000, 0.000000000000000000, -1.000000000000000000 ) ) ;
#4379 = ORIENTED_EDGE ( 'NONE', *, *, #4943, .F. ) ;
#4380 = ORIENTED_EDGE ( 'NONE', *, *, #10377, .F. ) ;
#4381 = PLANE ( 'NONE',  #6103 ) ;
#4382 = DIRECTION ( 'NONE',  ( 0.8660254037844407060, 0.000000000000000000, 0.4999999999999965583 ) ) ;
#4383 = VERTEX_POINT ( 'NONE', #3561 ) ;
#4384 = LINE ( 'NONE', #7873, #5876 ) ;
#4385 = LINE ( 'NONE', #3419, #9062 ) ;
#4386 = LINE ( 'NONE', #1806, #6987 ) ;
#4387 = AXIS2_PLACEMENT_3D ( 'NONE', #7670, #1657, #6078 ) ;
#4388 = ORIENTED_EDGE ( 'NONE', *, *, #10859, .T. ) ;
#4389 = FACE_BOUND ( 'NONE', #4949, .T. ) ;
#4390 = ORIENTED_EDGE ( 'NONE', *, *, #6879, .F. ) ;
#4391 = VECTOR ( 'NONE', #3481, 1000.000000000000000 ) ;
#4392 = DIRECTION ( 'NONE',  ( -0.8660254037844407060, 0.000000000000000000, -0.4999999999999966138 ) ) ;
#4393 = LINE ( 'NONE', #10585, #5551 ) ;
#4394 = LINE ( 'NONE', #1069, #4944 ) ;
#4395 = CARTESIAN_POINT ( 'NONE',  ( -2.783802977851299154, 5.500000000000000000, 4.821688195900031282 ) ) ;
#4396 = DIRECTION ( 'NONE',  ( -3.663735981263016583E-15, 0.000000000000000000, -1.000000000000000000 ) ) ;
#4397 = LINE ( 'NONE', #7782, #6593 ) ;
#4398 = VECTOR ( 'NONE', #2022, 1000.000000000000000 ) ;
#4399 = EDGE_CURVE ( 'NONE', #2760, #4674, #1781, .T. ) ;
#4400 = VERTEX_POINT ( 'NONE', #5285 ) ;
#4401 = AXIS2_PLACEMENT_3D ( 'NONE', #1189, #499, #2110 ) ;
#4402 = VERTEX_POINT ( 'NONE', #8938 ) ;
#4404 = EDGE_CURVE ( 'NONE', #8380, #3621, #2009, .T. ) ;
#4403 = VECTOR ( 'NONE', #3060, 1000.000000000000000 ) ;
#4405 = CARTESIAN_POINT ( 'NONE',  ( 12.11726249164388847, 0.000000000000000000, -6.212411177962620101 ) ) ;
#4406 = ORIENTED_EDGE ( 'NONE', *, *, #1900, .T. ) ;
#4407 = AXIS2_PLACEMENT_3D ( 'NONE', #256, #3748, #7242 ) ;
#4408 = DIRECTION ( 'NONE',  ( 0.000000000000000000, 0.000000000000000000, -1.000000000000000000 ) ) ;
#4409 = AXIS2_PLACEMENT_3D ( 'NONE', #3837, #9746, #1892 ) ;
#4410 = LINE ( 'NONE', #5227, #8852 ) ;
#4411 = DIRECTION ( 'NONE',  ( -3.330669073875469621E-15, 0.000000000000000000, -1.000000000000000000 ) ) ;
#4412 = DIRECTION ( 'NONE',  ( -0.000000000000000000, 1.000000000000000000, -0.000000000000000000 ) ) ;
#4413 = EDGE_CURVE ( 'NONE', #2351, #1237, #8765, .T. ) ;
#4414 = ORIENTED_EDGE ( 'NONE', *, *, #6817, .F. ) ;
#4415 = VECTOR ( 'NONE', #5521, 1000.000000000000000 ) ;
#4416 = AXIS2_PLACEMENT_3D ( 'NONE', #3391, #7739, #3167 ) ;
#4417 = AXIS2_PLACEMENT_3D ( 'NONE', #9035, #10067, #5720 ) ;
#4418 = ORIENTED_EDGE ( 'NONE', *, *, #2797, .T. ) ;
#4419 = ADVANCED_FACE ( 'NONE', ( #9690 ), #5511, .T. ) ;
#4420 = DIRECTION ( 'NONE',  ( -0.5000000000000029976, 0.000000000000000000, -0.8660254037844369313 ) ) ;
#4421 = EDGE_LOOP ( 'NONE', ( #3906, #7015, #556, #9760 ) ) ;
#4422 = DIRECTION ( 'NONE',  ( 0.000000000000000000, 0.000000000000000000, -1.000000000000000000 ) ) ;
#4423 = FACE_OUTER_BOUND ( 'NONE', #603, .T. ) ;
#4424 = ORIENTED_EDGE ( 'NONE', *, *, #2609, .F. ) ;
#4425 = ORIENTED_EDGE ( 'NONE', *, *, #1987, .T. ) ;
#4426 = DIRECTION ( 'NONE',  ( 0.000000000000000000, -0.000000000000000000, 1.000000000000000000 ) ) ;
#4427 = DIRECTION ( 'NONE',  ( -1.000000000000000000, 0.000000000000000000, 3.330669073875469621E-15 ) ) ;
#4428 = VECTOR ( 'NONE', #3472, 1000.000000000000114 ) ;
#4429 = ORIENTED_EDGE ( 'NONE', *, *, #2619, .F. ) ;
#4430 = VECTOR ( 'NONE', #10337, 999.9999999999998863 ) ;
#4431 = CARTESIAN_POINT ( 'NONE',  ( -6.621131416319453677, 53.58999999999999631, -11.81861676694392926 ) ) ;
#4432 = FACE_OUTER_BOUND ( 'NONE', #10349, .T. ) ;
#4433 = ORIENTED_EDGE ( 'NONE', *, *, #8920, .F. ) ;
#4434 = CARTESIAN_POINT ( 'NONE',  ( 9.169193320308002271, 5.500000000000000000, -3.359350348676893681E-14 ) ) ;
#4435 = EDGE_CURVE ( 'NONE', #6634, #7867, #3429, .T. ) ;
#4436 = EDGE_CURVE ( 'NONE', #1267, #2205, #2630, .T. ) ;
#4437 = EDGE_CURVE ( 'NONE', #3097, #1459, #7887, .T. ) ;
#4438 = VECTOR ( 'NONE', #5345, 1000.000000000000000 ) ;
#4439 = EDGE_CURVE ( 'NONE', #2358, #11254, #5539, .T. ) ;
#4440 = CARTESIAN_POINT ( 'NONE',  ( 8.819200360325368138, 51.99940408041244666, 14.92482235592523487 ) ) ;
#4441 = ADVANCED_FACE ( 'NONE', ( #733 ), #59, .T. ) ;
#4442 = DIRECTION ( 'NONE',  ( -1.000000000000000000, 0.000000000000000000, -0.000000000000000000 ) ) ;
#4443 = EDGE_LOOP ( 'NONE', ( #9131, #1633, #2653, #4933, #11259, #5591 ) ) ;
#4444 = ORIENTED_EDGE ( 'NONE', *, *, #2326, .F. ) ;
#4445 = CARTESIAN_POINT ( 'NONE',  ( -15.81533189030981390, 0.000000000000000000, 3.106205588981313159 ) ) ;
#4446 = CARTESIAN_POINT ( 'NONE',  ( 6.999998126899990680, 15.50000000000000000, 1.549999999999996714 ) ) ;
#4447 = EDGE_LOOP ( 'NONE', ( #1955, #6511, #3736, #8838, #5640, #10449 ) ) ;
#4448 = DIRECTION ( 'NONE',  ( -0.000000000000000000, 1.000000000000000000, -0.000000000000000000 ) ) ;
#4449 = PLANE ( 'NONE',  #3394 ) ;
#4450 = AXIS2_PLACEMENT_3D ( 'NONE', #9438, #10183, #2503 ) ;
#4451 = CARTESIAN_POINT ( 'NONE',  ( 2.923062017653524247, 5.500000000000000000, 14.92482235592524376 ) ) ;
#4452 = EDGE_CURVE ( 'NONE', #10545, #5104, #272, .T. ) ;
#4453 = LINE ( 'NONE', #7940, #6190 ) ;
#4454 = AXIS2_PLACEMENT_3D ( 'NONE', #6108, #7929, #9608 ) ;
#4455 = ORIENTED_EDGE ( 'NONE', *, *, #580, .T. ) ;
#4456 = PLANE ( 'NONE',  #724 ) ;
#4457 = LINE ( 'NONE', #5262, #7201 ) ;
#4458 = DIRECTION ( 'NONE',  ( 0.8660254037844404840, 0.000000000000000000, 0.4999999999999968359 ) ) ;
#4459 = FACE_OUTER_BOUND ( 'NONE', #5859, .T. ) ;
#4460 = ORIENTED_EDGE ( 'NONE', *, *, #6728, .T. ) ;
#4461 = FACE_OUTER_BOUND ( 'NONE', #2523, .T. ) ;
#4462 = DIRECTION ( 'NONE',  ( 1.000000000000000000, 0.000000000000000000, 0.000000000000000000 ) ) ;
#4463 = ORIENTED_EDGE ( 'NONE', *, *, #10529, .T. ) ;
#4464 = VECTOR ( 'NONE', #6878, 1000.000000000000227 ) ;
#4465 = ORIENTED_EDGE ( 'NONE', *, *, #10901, .F. ) ;
#4466 = DIRECTION ( 'NONE',  ( 0.8660254037844407060, 0.000000000000000000, 0.4999999999999965583 ) ) ;
#4467 = VECTOR ( 'NONE', #8438, 1000.000000000000000 ) ;
#4468 = ORIENTED_EDGE ( 'NONE', *, *, #7649, .F. ) ;
#4469 = CARTESIAN_POINT ( 'NONE',  ( -12.86726271897389040, 53.58999999999999631, -13.42482235592523665 ) ) ;
#4470 = FACE_OUTER_BOUND ( 'NONE', #8942, .T. ) ;
#4471 = DIRECTION ( 'NONE',  ( -0.000000000000000000, 0.000000000000000000, -1.000000000000000000 ) ) ;
#4472 = CARTESIAN_POINT ( 'NONE',  ( -11.65124435520685076, 0.000000000000000000, 11.31861676694393459 ) ) ;
#4473 = ORIENTED_EDGE ( 'NONE', *, *, #8335, .T. ) ;
#4474 = VECTOR ( 'NONE', #4571, 1000.000000000000114 ) ;
#4475 = EDGE_CURVE ( 'NONE', #7514, #7383, #8747, .T. ) ;
#4476 = ORIENTED_EDGE ( 'NONE', *, *, #8073, .F. ) ;
#4477 = ADVANCED_FACE ( 'NONE', ( #6335 ), #9571, .T. ) ;
#4478 = FACE_OUTER_BOUND ( 'NONE', #9128, .T. ) ;
#4479 = ORIENTED_EDGE ( 'NONE', *, *, #4164, .T. ) ;
#4480 = CARTESIAN_POINT ( 'NONE',  ( 13.33328085541093166, 0.000000000000000000, 4.106205588981312715 ) ) ;
#4481 = LINE ( 'NONE', #10559, #5491 ) ;
#4482 = ORIENTED_EDGE ( 'NONE', *, *, #5223, .F. ) ;
#4483 = ORIENTED_EDGE ( 'NONE', *, *, #8144, .F. ) ;
#4484 = CARTESIAN_POINT ( 'NONE',  ( -7.837149780086493323, 0.000000000000000000, -14.92482235592524198 ) ) ;
#4485 = LINE ( 'NONE', #6317, #1540 ) ;
#4486 = VECTOR ( 'NONE', #950, 1000.000000000000000 ) ;
#4487 = EDGE_LOOP ( 'NONE', ( #3506, #10, #4785, #506 ) ) ;
#4488 = CARTESIAN_POINT ( 'NONE',  ( 13.33328085541092989, 53.58999999999999631, -3.106205588981305610 ) ) ;
#4489 = DIRECTION ( 'NONE',  ( -0.000000000000000000, 1.000000000000000000, -0.000000000000000000 ) ) ;
#4490 = ORIENTED_EDGE ( 'NONE', *, *, #8967, .F. ) ;
#4491 = CARTESIAN_POINT ( 'NONE',  ( 4.655112825222401440, 0.000000000000000000, 14.92482235592523665 ) ) ;
#4492 = EDGE_CURVE ( 'NONE', #11241, #11177, #9890, .T. ) ;
#4493 = ORIENTED_EDGE ( 'NONE', *, *, #1782, .T. ) ;
#4494 = DIRECTION ( 'NONE',  ( -0.8660254037844369313, -0.000000000000000000, 0.5000000000000029976 ) ) ;
#4495 = ORIENTED_EDGE ( 'NONE', *, *, #5882, .F. ) ;
#4496 = ORIENTED_EDGE ( 'NONE', *, *, #10298, .T. ) ;
#4497 = CARTESIAN_POINT ( 'NONE',  ( 15.06533166297981197, 0.000000000000000000, 4.106205588981306498 ) ) ;
#4498 = DIRECTION ( 'NONE',  ( 0.8660254037844407060, 0.000000000000000000, 0.4999999999999966138 ) ) ;
#4499 = EDGE_CURVE ( 'NONE', #1145, #9439, #6126, .T. ) ;
#4500 = ORIENTED_EDGE ( 'NONE', *, *, #5359, .T. ) ;
#4501 = LINE ( 'NONE', #7198, #6048 ) ;
#4502 = EDGE_CURVE ( 'NONE', #11064, #10667, #8963, .T. ) ;
#4503 = DIRECTION ( 'NONE',  ( -0.8660254037844369313, 0.000000000000000000, 0.5000000000000029976 ) ) ;
#4504 = ADVANCED_FACE ( 'NONE', ( #9833 ), #7199, .T. ) ;
#4505 = LINE ( 'NONE', #9893, #3896 ) ;
#4506 = PLANE ( 'NONE',  #9305 ) ;
#4507 = LINE ( 'NONE', #8220, #9551 ) ;
#4508 = ORIENTED_EDGE ( 'NONE', *, *, #3669, .F. ) ;
#4509 = DIRECTION ( 'NONE',  ( -0.4999999999999966138, 0.000000000000000000, 0.8660254037844407060 ) ) ;
#4510 = CARTESIAN_POINT ( 'NONE',  ( -16.00000102328300855, 58.58999999999999631, 9.605637215151624275 ) ) ;
#4511 = ADVANCED_FACE ( 'NONE', ( #7828 ), #11331, .T. ) ;
#4512 = ORIENTED_EDGE ( 'NONE', *, *, #9835, .T. ) ;
#4513 = CARTESIAN_POINT ( 'NONE',  ( -9.569200587655368295, 53.58999999999999631, 14.92482235592524376 ) ) ;
#4514 = DIRECTION ( 'NONE',  ( 3.663735981263016583E-15, 0.000000000000000000, 1.000000000000000000 ) ) ;
#4515 = EDGE_CURVE ( 'NONE', #4950, #4890, #10486, .T. ) ;
#4516 = VERTEX_POINT ( 'NONE', #5477 ) ;
#4517 = CARTESIAN_POINT ( 'NONE',  ( 1.200153863164406345E-15, 1.000000000000000888, -9.800000000000002487 ) ) ;
#4518 = DIRECTION ( 'NONE',  ( 0.000000000000000000, 0.000000000000000000, -1.000000000000000000 ) ) ;
#4519 = VERTEX_POINT ( 'NONE', #7780 ) ;
#4520 = ORIENTED_EDGE ( 'NONE', *, *, #8294, .T. ) ;
#4521 = VECTOR ( 'NONE', #6899, 1000.000000000000000 ) ;
#4522 = CARTESIAN_POINT ( 'NONE',  ( -0.3750001136649978584, 51.99940408041244666, 15.42482235592523843 ) ) ;
#4523 = EDGE_LOOP ( 'NONE', ( #1380, #4564, #6253, #7244, #9455, #5989 ) ) ;
#4524 = DIRECTION ( 'NONE',  ( -0.000000000000000000, 1.000000000000000000, -0.000000000000000000 ) ) ;
#4525 = DIRECTION ( 'NONE',  ( -3.663735981263016583E-15, 0.000000000000000000, -1.000000000000000000 ) ) ;
#4526 = CARTESIAN_POINT ( 'NONE',  ( -3.673062244983530178, 0.000000000000000000, 13.92482235592523487 ) ) ;
#4527 = CARTESIAN_POINT ( 'NONE',  ( 17.15000000000000213, 67.84000000000000341, -18.50000000000000355 ) ) ;
#4528 = CLOSED_SHELL ( 'NONE', ( #1358, #6781, #5061, #8137, #10311, #4552, #1063, #9673, #9039, #10605, #8825, #9456, #777, #833, #963, #5077, #3247, #6113, #8203, #10854, #7625, #2139, #10133, #3047, #1544, #7730, #6959, #9840, #11102, #6816, #4333, #1708, #7627, #785, #2968, #444, #9987, #3120, #7797, #2106, #4794, #4979, #8989, #11309, #5479, #445, #5324, #3127, #3328, #8821, #1566, #5001, #4962, #32, #6875, #3573, #5452, #4797, #9629, #5429, #5821, #3636, #4858, #2404, #9615, #6927, #9454, #10594, #9277, #5058, #6607, #3252, #4106, #9071, #3312, #3072, #5695, #8638, #6528, #3035, #426, #2798, #6871, #2631, #7960, #8497, #1291, #4651, #547, #10095, #2494, #4576, #721, #7096, #9375, #8897, #4008, #3225, #2406, #9179, #5142, #7729, #1578, #9751, #3594, #9837, #2308, #4929, #7307, #6178, #1625, #262, #4369, #4307, #2465, #457, #979, #2337, #6585, #3019, #6472, #518, #4673, #6541, #1312, #6384, #5269, #9513, #2107, #8985, #7285, #10168, #3789, #2442, #10760, #3085, #5613, #11024, #6119, #1460, #1429, #9, #2578, #9986, #10685, #7498, #1503, #725, #8842, #9487, #9488, #6123, #6515, #3433, #8716, #1277, #7042, #1007, #1205, #6957, #6338, #7771, #10411, #10258, #11168, #6508, #1915, #6897, #9312, #2374, #10126, #231, #4504, #143, #1767, #2636, #4136, #3868, #6860, #3389, #1563, #5981, #8771, #3536, #1558, #6104, #3397, #33, #11162, #8202, #2408, #10535, #1364, #6520, #5623, #10189, #7073, #1953, #7847, #7791, #6165, #2059, #3520, #7534, #8460, #5700, #4268, #2405, #4362, #1363, #7038, #4911, #7162, #5546, #9602, #4756, #7375, #4708, #5034, #2491 ) ) ;
#4529 = DIRECTION ( 'NONE',  ( 0.4999999999999968359, 0.000000000000000000, -0.8660254037844404840 ) ) ;
#4530 = ORIENTED_EDGE ( 'NONE', *, *, #1642, .T. ) ;
#4531 = EDGE_CURVE ( 'NONE', #1356, #1126, #4623, .T. ) ;
#4532 = ORIENTED_EDGE ( 'NONE', *, *, #1768, .T. ) ;
#4533 = LINE ( 'NONE', #8079, #3158 ) ;
#4534 = VERTEX_POINT ( 'NONE', #3379 ) ;
#4535 = DIRECTION ( 'NONE',  ( -0.8660254037844369313, 0.000000000000000000, 0.5000000000000029976 ) ) ;
#4536 = DIRECTION ( 'NONE',  ( 1.000000000000000000, 0.000000000000000000, -3.663735981263016583E-15 ) ) ;
#4537 = ORIENTED_EDGE ( 'NONE', *, *, #6168, .T. ) ;
#4538 = EDGE_LOOP ( 'NONE', ( #6886, #1686 ) ) ;
#4539 = LINE ( 'NONE', #6095, #6653 ) ;
#4540 = PLANE ( 'NONE',  #4846 ) ;
#4541 = ORIENTED_EDGE ( 'NONE', *, *, #11276, .F. ) ;
#4542 = CARTESIAN_POINT ( 'NONE',  ( 3.637324804794520805, 5.500000000000000000, 6.300031365534605854 ) ) ;
#4543 = DIRECTION ( 'NONE',  ( -0.000000000000000000, 1.000000000000000000, -0.000000000000000000 ) ) ;
#4544 = VERTEX_POINT ( 'NONE', #1648 ) ;
#4545 = LINE ( 'NONE', #9768, #3309 ) ;
#4546 = VECTOR ( 'NONE', #10231, 1000.000000000000000 ) ;
#4547 = EDGE_CURVE ( 'NONE', #6754, #10785, #7255, .T. ) ;
#4548 = VERTEX_POINT ( 'NONE', #2892 ) ;
#4549 = LINE ( 'NONE', #5529, #9188 ) ;
#4550 = ORIENTED_EDGE ( 'NONE', *, *, #7026, .T. ) ;
#4551 = VECTOR ( 'NONE', #7219, 1000.000000000000000 ) ;
#4552 = ADVANCED_FACE ( 'NONE', ( #2514 ), #5152, .F. ) ;
#4553 = ORIENTED_EDGE ( 'NONE', *, *, #1469, .T. ) ;
#4554 = LINE ( 'NONE', #7075, #1698 ) ;
#4555 = CARTESIAN_POINT ( 'NONE',  ( -16.00000102328300855, 34.89320891234596900, -9.300000000000002487 ) ) ;
#4556 = ORIENTED_EDGE ( 'NONE', *, *, #6475, .T. ) ;
#4557 = CARTESIAN_POINT ( 'NONE',  ( -16.58282983977096947, 51.99940408041244666, 18.49999999999999645 ) ) ;
#4558 = CARTESIAN_POINT ( 'NONE',  ( 7.087149552756484283, 51.99940408041244666, 12.59999999999990727 ) ) ;
#4559 = DIRECTION ( 'NONE',  ( 0.5000000000000032196, 0.000000000000000000, 0.8660254037844368202 ) ) ;
#4560 = EDGE_CURVE ( 'NONE', #3574, #8604, #6513, .T. ) ;
#4561 = VECTOR ( 'NONE', #7630, 1000.000000000000000 ) ;
#4562 = CARTESIAN_POINT ( 'NONE',  ( 2.923062017653469180, 5.500000000000000000, -1.070932748954028547E-14 ) ) ;
#4563 = CARTESIAN_POINT ( 'NONE',  ( 12.11726249164389202, 0.000000000000000000, 8.212411177962620101 ) ) ;
#4564 = ORIENTED_EDGE ( 'NONE', *, *, #10090, .T. ) ;
#4565 = EDGE_CURVE ( 'NONE', #7383, #7603, #8383, .T. ) ;
#4566 = CARTESIAN_POINT ( 'NONE',  ( -3.673062244983531954, 53.58999999999999631, -14.92482235592524198 ) ) ;
#4567 = LINE ( 'NONE', #5378, #3359 ) ;
#4568 = VERTEX_POINT ( 'NONE', #6677 ) ;
#4569 = CARTESIAN_POINT ( 'NONE',  ( -12.00123731518945647, 53.58999999999999631, -14.92482235592524198 ) ) ;
#4570 = AXIS2_PLACEMENT_3D ( 'NONE', #5288, #701, #11302 ) ;
#4571 = DIRECTION ( 'NONE',  ( 0.8660254037844407060, 0.000000000000000000, 0.4999999999999965583 ) ) ;
#4572 = VERTEX_POINT ( 'NONE', #3123 ) ;
#4573 = CARTESIAN_POINT ( 'NONE',  ( -5.405113052552406039, 53.58999999999999631, -13.92482235592523310 ) ) ;
#4574 = LINE ( 'NONE', #7267, #2052 ) ;
#4575 = VERTEX_POINT ( 'NONE', #9201 ) ;
#4576 = ADVANCED_FACE ( 'NONE', ( #4683 ), #10177, .T. ) ;
#4577 = VECTOR ( 'NONE', #4636, 1000.000000000000114 ) ;
#4578 = ADVANCED_FACE ( 'NONE', ( #7473 ), #3017, .T. ) ;
#4579 = VERTEX_POINT ( 'NONE', #3813 ) ;
#4580 = EDGE_CURVE ( 'NONE', #4890, #719, #325, .T. ) ;
#4581 = EDGE_CURVE ( 'NONE', #6757, #10561, #5770, .T. ) ;
#4582 = PLANE ( 'NONE',  #6010 ) ;
#4583 = ORIENTED_EDGE ( 'NONE', *, *, #1361, .T. ) ;
#4584 = CARTESIAN_POINT ( 'NONE',  ( 13.33328085541092989, 0.000000000000000000, 3.106205588981312271 ) ) ;
#4585 = VECTOR ( 'NONE', #8118, 1000.000000000000000 ) ;
#4586 = CARTESIAN_POINT ( 'NONE',  ( 7.953174956540914664, 0.000000000000000000, -15.42482235592523843 ) ) ;
#4587 = CARTESIAN_POINT ( 'NONE',  ( 4.655112825222393447, 51.99940408041244666, 12.59999999999992326 ) ) ;
#4588 = VECTOR ( 'NONE', #888, 1000.000000000000000 ) ;
#4589 = CARTESIAN_POINT ( 'NONE',  ( 12.11726249164388847, 53.58999999999999631, 13.42482235592523665 ) ) ;
#4590 = DIRECTION ( 'NONE',  ( -0.000000000000000000, 1.000000000000000000, -0.000000000000000000 ) ) ;
#4591 = VERTEX_POINT ( 'NONE', #5596 ) ;
#4592 = AXIS2_PLACEMENT_3D ( 'NONE', #3753, #5299, #7245 ) ;
#4593 = VECTOR ( 'NONE', #2319, 1000.000000000000000 ) ;
#4594 = CIRCLE ( 'NONE', #41, 1.550000000000000266 ) ;
#4595 = LINE ( 'NONE', #10609, #4810 ) ;
#4596 = ORIENTED_EDGE ( 'NONE', *, *, #7866, .T. ) ;
#4597 = CARTESIAN_POINT ( 'NONE',  ( 15.06533166297981197, 0.000000000000000000, 4.106205588981306498 ) ) ;
#4598 = LINE ( 'NONE', #9934, #8399 ) ;
#4599 = VERTEX_POINT ( 'NONE', #543 ) ;
#4600 = VERTEX_POINT ( 'NONE', #5652 ) ;
#4601 = CARTESIAN_POINT ( 'NONE',  ( 8.819200360325355703, 52.28232689208745398, -14.92482235592524198 ) ) ;
#4602 = DIRECTION ( 'NONE',  ( -0.8660254037844368202, 0.000000000000000000, 0.5000000000000032196 ) ) ;
#4603 = ORIENTED_EDGE ( 'NONE', *, *, #11033, .F. ) ;
#4604 = PLANE ( 'NONE',  #4407 ) ;
#4605 = LINE ( 'NONE', #1850, #11006 ) ;
#4606 = VERTEX_POINT ( 'NONE', #4036 ) ;
#4607 = AXIS2_PLACEMENT_3D ( 'NONE', #9017, #10910, #4668 ) ;
#4608 = VECTOR ( 'NONE', #10161, 1000.000000000000000 ) ;
#4609 = CARTESIAN_POINT ( 'NONE',  ( 12.58658789465471095, 52.28232689208745398, -20.50406162233283425 ) ) ;
#4610 = VECTOR ( 'NONE', #2901, 1000.000000000000000 ) ;
#4611 = ORIENTED_EDGE ( 'NONE', *, *, #7088, .T. ) ;
#4612 = LINE ( 'NONE', #8032, #9732 ) ;
#4613 = AXIS2_PLACEMENT_3D ( 'NONE', #6175, #8001, #11283 ) ;
#4614 = VECTOR ( 'NONE', #2974, 1000.000000000000000 ) ;
#4615 = EDGE_LOOP ( 'NONE', ( #4460, #9579, #8787, #8701 ) ) ;
#4616 = VECTOR ( 'NONE', #1522, 1000.000000000000000 ) ;
#4617 = EDGE_CURVE ( 'NONE', #7286, #7008, #4849, .T. ) ;
#4618 = ORIENTED_EDGE ( 'NONE', *, *, #7168, .T. ) ;
#4619 = DIRECTION ( 'NONE',  ( -0.8660254037844404840, -0.000000000000000000, -0.4999999999999968359 ) ) ;
#4620 = CARTESIAN_POINT ( 'NONE',  ( 0.4910252901194303021, 53.58999999999999631, -14.92482235592524198 ) ) ;
#4621 = VERTEX_POINT ( 'NONE', #9029 ) ;
#4622 = PLANE ( 'NONE',  #6057 ) ;
#4623 = LINE ( 'NONE', #11228, #10115 ) ;
#4624 = CARTESIAN_POINT ( 'NONE',  ( 8.819200360325359256, 51.99940408041244666, 12.59999999999990905 ) ) ;
#4625 = DIRECTION ( 'NONE',  ( 0.000000000000000000, -0.000000000000000000, -1.000000000000000000 ) ) ;
#4626 = VECTOR ( 'NONE', #10248, 1000.000000000000227 ) ;
#4627 = AXIS2_PLACEMENT_3D ( 'NONE', #6556, #1281, #6667 ) ;
#4628 = CARTESIAN_POINT ( 'NONE',  ( 10.90124412787681152, 5.500000000000000000, -3.630843668348585898E-14 ) ) ;
#4629 = DIRECTION ( 'NONE',  ( 0.8660254037844368202, 0.000000000000000000, -0.5000000000000032196 ) ) ;
#4630 = EDGE_LOOP ( 'NONE', ( #10852, #10812, #9221, #6430, #10969, #10917 ) ) ;
#4631 = CARTESIAN_POINT ( 'NONE',  ( 7.953174956540923546, 0.000000000000000000, 13.42482235592523665 ) ) ;
#4632 = EDGE_CURVE ( 'NONE', #181, #3761, #3983, .T. ) ;
#4633 = LINE ( 'NONE', #6287, #9389 ) ;
#4634 = VECTOR ( 'NONE', #3527, 1000.000000000000000 ) ;
#4635 = ORIENTED_EDGE ( 'NONE', *, *, #1338, .T. ) ;
#4636 = DIRECTION ( 'NONE',  ( -0.8660254037844404840, -0.000000000000000000, -0.4999999999999968359 ) ) ;
#4637 = CARTESIAN_POINT ( 'NONE',  ( -11.65124435520685076, 0.000000000000000000, -10.31861676694392393 ) ) ;
#4638 = ORIENTED_EDGE ( 'NONE', *, *, #9024, .T. ) ;
#4639 = PLANE ( 'NONE',  #10658 ) ;
#4640 = CARTESIAN_POINT ( 'NONE',  ( 2.421306441027462508, 5.500000000000000000, 4.193825776553307350 ) ) ;
#4641 = VERTEX_POINT ( 'NONE', #8213 ) ;
#4642 = ADVANCED_FACE ( 'NONE', ( #10805 ), #9087, .F. ) ;
#4643 = VECTOR ( 'NONE', #9083, 1000.000000000000000 ) ;
#4644 = ORIENTED_EDGE ( 'NONE', *, *, #1917, .T. ) ;
#4645 = CARTESIAN_POINT ( 'NONE',  ( 6.999998126899990680, 0.000000000000000000, -3.469446951953614189E-15 ) ) ;
#4646 = VERTEX_POINT ( 'NONE', #6452 ) ;
#4647 = DIRECTION ( 'NONE',  ( -3.663735981263016583E-15, -0.000000000000000000, -1.000000000000000000 ) ) ;
#4648 = CARTESIAN_POINT ( 'NONE',  ( -14.08328108274093893, 0.000000000000000000, -4.106205588981313603 ) ) ;
#4649 = DIRECTION ( 'NONE',  ( -0.8660254037844404840, -0.000000000000000000, -0.4999999999999968359 ) ) ;
#4650 = CIRCLE ( 'NONE', #10321, 2.000000000000000000 ) ;
#4651 = ADVANCED_FACE ( 'NONE', ( #490 ), #374, .T. ) ;
#4652 = EDGE_CURVE ( 'NONE', #2021, #3318, #436, .T. ) ;
#4653 = DIRECTION ( 'NONE',  ( 0.8660254037844369313, 0.000000000000000000, -0.5000000000000029976 ) ) ;
#4654 = FACE_BOUND ( 'NONE', #3449, .T. ) ;
#4655 = EDGE_LOOP ( 'NONE', ( #2395, #9499, #5905, #9596 ) ) ;
#4656 = EDGE_CURVE ( 'NONE', #9350, #11305, #9954, .T. ) ;
#4657 = AXIS2_PLACEMENT_3D ( 'NONE', #4555, #3528, #2777 ) ;
#4658 = FACE_OUTER_BOUND ( 'NONE', #1585, .T. ) ;
#4659 = VERTEX_POINT ( 'NONE', #7421 ) ;
#4660 = CARTESIAN_POINT ( 'NONE',  ( 14.19930625919536382, 53.58999999999999631, -4.606205588981308274 ) ) ;
#4661 = LINE ( 'NONE', #7112, #545 ) ;
#4662 = EDGE_LOOP ( 'NONE', ( #11119, #11221, #9322, #1581 ) ) ;
#4663 = ORIENTED_EDGE ( 'NONE', *, *, #10191, .F. ) ;
#4664 = DIRECTION ( 'NONE',  ( 3.330669073875469621E-15, 0.000000000000000000, 1.000000000000000000 ) ) ;
#4665 = PLANE ( 'NONE',  #2833 ) ;
#4666 = EDGE_LOOP ( 'NONE', ( #7340, #16, #3801, #9649 ) ) ;
#4667 = LINE ( 'NONE', #6371, #6240 ) ;
#4668 = DIRECTION ( 'NONE',  ( 3.330669073875469621E-15, 0.000000000000000000, 1.000000000000000000 ) ) ;
#4669 = ORIENTED_EDGE ( 'NONE', *, *, #9892, .T. ) ;
#4670 = VECTOR ( 'NONE', #1269, 1000.000000000000000 ) ;
#4671 = EDGE_CURVE ( 'NONE', #4769, #9176, #8795, .T. ) ;
#4672 = LINE ( 'NONE', #9824, #4041 ) ;
#4673 = ADVANCED_FACE ( 'NONE', ( #6564 ), #4899, .T. ) ;
#4674 = VERTEX_POINT ( 'NONE', #7809 ) ;
#4675 = CARTESIAN_POINT ( 'NONE',  ( 6.737156592773882124, 53.58999999999999631, 11.31861676694392749 ) ) ;
#4676 = AXIS2_PLACEMENT_3D ( 'NONE', #5713, #6626, #544 ) ;
#4677 = ORIENTED_EDGE ( 'NONE', *, *, #101, .T. ) ;
#4678 = EDGE_LOOP ( 'NONE', ( #9324, #3179, #352, #1400 ) ) ;
#4679 = DIRECTION ( 'NONE',  ( 0.8660254037844368202, -0.000000000000000000, -0.5000000000000032196 ) ) ;
#4680 = CARTESIAN_POINT ( 'NONE',  ( -16.00000102328300500, 53.58999999999999631, 9.299999999999995381 ) ) ;
#4681 = ORIENTED_EDGE ( 'NONE', *, *, #110, .F. ) ;
#4682 = CYLINDRICAL_SURFACE ( 'NONE', #8984, 2.000000000000001776 ) ;
#4683 = FACE_OUTER_BOUND ( 'NONE', #8171, .T. ) ;
#4684 = LINE ( 'NONE', #4558, #11265 ) ;
#4685 = DIRECTION ( 'NONE',  ( -1.000000000000000000, 0.000000000000000000, 3.330669073875469621E-15 ) ) ;
#4686 = DIRECTION ( 'NONE',  ( -0.8660254037844407060, 0.000000000000000000, -0.4999999999999966138 ) ) ;
#4687 = LINE ( 'NONE', #8860, #9922 ) ;
#4688 = EDGE_LOOP ( 'NONE', ( #1674, #428, #134, #9107 ) ) ;
#4689 = CARTESIAN_POINT ( 'NONE',  ( -0.3750001136649978029, 53.58999999999999631, 15.42482235592523843 ) ) ;
#4690 = DIRECTION ( 'NONE',  ( -0.5000000000000029976, 0.000000000000000000, -0.8660254037844369313 ) ) ;
#4691 = ORIENTED_EDGE ( 'NONE', *, *, #10534, .T. ) ;
#4692 = CARTESIAN_POINT ( 'NONE',  ( 4.655112825222392559, 52.28232689208745398, -14.92482235592524198 ) ) ;
#4693 = LINE ( 'NONE', #7090, #8867 ) ;
#4694 = DIRECTION ( 'NONE',  ( -0.000000000000000000, 1.000000000000000000, -0.000000000000000000 ) ) ;
#4695 = DIRECTION ( 'NONE',  ( -3.330669073875469621E-15, 0.000000000000000000, -1.000000000000000000 ) ) ;
#4696 = ORIENTED_EDGE ( 'NONE', *, *, #1218, .T. ) ;
#4697 = ADVANCED_FACE ( 'NONE', ( #6843 ), #3409, .T. ) ;
#4698 = EDGE_LOOP ( 'NONE', ( #8946, #1217, #702, #10669 ) ) ;
#4699 = DIRECTION ( 'NONE',  ( -0.000000000000000000, -1.000000000000000000, -0.000000000000000000 ) ) ;
#4700 = ORIENTED_EDGE ( 'NONE', *, *, #2861, .F. ) ;
#4701 = DIRECTION ( 'NONE',  ( 0.000000000000000000, -1.000000000000000000, 0.000000000000000000 ) ) ;
#4702 = ADVANCED_FACE ( 'NONE', ( #4147 ), #8674, .T. ) ;
#4703 = DIRECTION ( 'NONE',  ( -0.8660254037844368202, 0.000000000000000000, 0.5000000000000032196 ) ) ;
#4704 = DIRECTION ( 'NONE',  ( -3.330669073875469621E-15, 0.000000000000000000, -1.000000000000000000 ) ) ;
#4705 = CARTESIAN_POINT ( 'NONE',  ( 12.11726249164388847, 0.000000000000000000, 13.42482235592523665 ) ) ;
#4706 = DIRECTION ( 'NONE',  ( -0.000000000000000000, 1.000000000000000000, 0.000000000000000000 ) ) ;
#4707 = EDGE_LOOP ( 'NONE', ( #8720, #2905, #3987, #10571 ) ) ;
#4708 = ADVANCED_FACE ( 'NONE', ( #605 ), #3237, .T. ) ;
#4709 = LINE ( 'NONE', #8188, #10778 ) ;
#4710 = ORIENTED_EDGE ( 'NONE', *, *, #2287, .F. ) ;
#4711 = LINE ( 'NONE', #9868, #3345 ) ;
#4712 = DIRECTION ( 'NONE',  ( -3.663735981263016583E-15, 0.000000000000000000, -1.000000000000000000 ) ) ;
#4713 = EDGE_LOOP ( 'NONE', ( #1490, #5948, #226, #8408 ) ) ;
#4714 = ORIENTED_EDGE ( 'NONE', *, *, #7876, .T. ) ;
#4715 = DIRECTION ( 'NONE',  ( -0.8660254037844407060, 0.000000000000000000, -0.4999999999999966138 ) ) ;
#4716 = ORIENTED_EDGE ( 'NONE', *, *, #9319, .F. ) ;
#4717 = DIRECTION ( 'NONE',  ( -0.8660254037844404840, 0.000000000000000000, -0.4999999999999968359 ) ) ;
#4718 = LINE ( 'NONE', #363, #9548 ) ;
#4719 = ORIENTED_EDGE ( 'NONE', *, *, #6405, .T. ) ;
#4720 = DIRECTION ( 'NONE',  ( 1.000000000000000000, 0.000000000000000000, -3.663735981263016583E-15 ) ) ;
#4721 = EDGE_CURVE ( 'NONE', #9269, #7677, #4099, .T. ) ;
#4722 = EDGE_CURVE ( 'NONE', #6614, #594, #5187, .T. ) ;
#4723 = CARTESIAN_POINT ( 'NONE',  ( -8.703175183870927256, 0.000000000000000000, -13.42482235592523665 ) ) ;
#4724 = EDGE_CURVE ( 'NONE', #451, #2657, #9306, .T. ) ;
#4725 = ORIENTED_EDGE ( 'NONE', *, *, #7356, .F. ) ;
#4726 = EDGE_CURVE ( 'NONE', #8690, #9293, #6949, .T. ) ;
#4727 = ORIENTED_EDGE ( 'NONE', *, *, #10234, .F. ) ;
#4728 = LINE ( 'NONE', #7298, #5007 ) ;
#4729 = DIRECTION ( 'NONE',  ( -0.8660254037844407060, 0.000000000000000000, -0.4999999999999966138 ) ) ;
#4730 = VERTEX_POINT ( 'NONE', #10450 ) ;
#4731 = CARTESIAN_POINT ( 'NONE',  ( 17.15000000000000213, 67.84000000000000341, -12.60000000000000142 ) ) ;
#4732 = CARTESIAN_POINT ( 'NONE',  ( -1.241025517449442006, 0.000000000000000000, 13.92482235592524020 ) ) ;
#4733 = DIRECTION ( 'NONE',  ( 3.663735981263016583E-15, 0.000000000000000000, 1.000000000000000000 ) ) ;
#4734 = EDGE_CURVE ( 'NONE', #8084, #6857, #7588, .T. ) ;
#4735 = CARTESIAN_POINT ( 'NONE',  ( 11.25123708785944388, 0.000000000000000000, -0.4999999999999954481 ) ) ;
#4736 = VECTOR ( 'NONE', #9721, 1000.000000000000000 ) ;
#4737 = CARTESIAN_POINT ( 'NONE',  ( 7.953174956540929763, 53.58999999999999631, 15.42482235592523843 ) ) ;
#4738 = DIRECTION ( 'NONE',  ( -0.8660254037844404840, 0.000000000000000000, -0.4999999999999968359 ) ) ;
#4739 = ORIENTED_EDGE ( 'NONE', *, *, #8713, .F. ) ;
#4740 = DIRECTION ( 'NONE',  ( -0.000000000000000000, 1.000000000000000000, -0.000000000000000000 ) ) ;
#4741 = ORIENTED_EDGE ( 'NONE', *, *, #8814, .T. ) ;
#4742 = FACE_OUTER_BOUND ( 'NONE', #4666, .T. ) ;
#4743 = DIRECTION ( 'NONE',  ( 0.000000000000000000, -1.000000000000000000, 0.000000000000000000 ) ) ;
#4744 = VERTEX_POINT ( 'NONE', #11090 ) ;
#4745 = CARTESIAN_POINT ( 'NONE',  ( 13.33328085541093166, 5.500000000000000000, 4.106205588981312715 ) ) ;
#4746 = VECTOR ( 'NONE', #5849, 1000.000000000000114 ) ;
#4747 = FACE_OUTER_BOUND ( 'NONE', #455, .T. ) ;
#4748 = EDGE_LOOP ( 'NONE', ( #4368, #9193, #8568, #3174 ) ) ;
#4749 = ORIENTED_EDGE ( 'NONE', *, *, #7985, .F. ) ;
#4750 = EDGE_LOOP ( 'NONE', ( #8535, #3977, #4532, #7727, #1110, #4363 ) ) ;
#4751 = AXIS2_PLACEMENT_3D ( 'NONE', #7658, #5377, #158 ) ;
#4752 = DIRECTION ( 'NONE',  ( 1.000000000000000000, 0.000000000000000000, 0.000000000000000000 ) ) ;
#4753 = CALENDAR_DATE ( 2025, 18, 11 ) ;
#4754 = ORIENTED_EDGE ( 'NONE', *, *, #4581, .F. ) ;
#4755 = DIRECTION ( 'NONE',  ( 0.8660254037844368202, -0.000000000000000000, -0.5000000000000032196 ) ) ;
#4756 = ADVANCED_FACE ( 'NONE', ( #6726 ), #5073, .T. ) ;
#4757 = LINE ( 'NONE', #5564, #6484 ) ;
#4758 = DIRECTION ( 'NONE',  ( -3.330669073875469621E-15, 0.000000000000000000, -1.000000000000000000 ) ) ;
#4759 = LINE ( 'NONE', #1321, #5155 ) ;
#4760 = CARTESIAN_POINT ( 'NONE',  ( -12.86726271897389395, 53.58999999999999631, -14.42482235592523665 ) ) ;
#4761 = VERTEX_POINT ( 'NONE', #10398 ) ;
#4762 = VECTOR ( 'NONE', #187, 1000.000000000000000 ) ;
#4763 = ADVANCED_FACE ( 'NONE', ( #3291 ), #2543, .F. ) ;
#4764 = CARTESIAN_POINT ( 'NONE',  ( -6.621131416319446572, 53.58999999999999631, 11.81861676694392926 ) ) ;
#4765 = ORIENTED_EDGE ( 'NONE', *, *, #2549, .F. ) ;
#4766 = DIRECTION ( 'NONE',  ( -0.5000000000000029976, 0.000000000000000000, -0.8660254037844369313 ) ) ;
#4767 = CARTESIAN_POINT ( 'NONE',  ( -17.90000022733000051, 53.58999999999999631, -9.300000000000002487 ) ) ;
#4768 = AXIS2_PLACEMENT_3D ( 'NONE', #10719, #2002, #176 ) ;
#4769 = VERTEX_POINT ( 'NONE', #6778 ) ;
#4770 = EDGE_CURVE ( 'NONE', #758, #4659, #10225, .T. ) ;
#4771 = CARTESIAN_POINT ( 'NONE',  ( -16.94829350482982022, 67.84000000000000341, -12.60000000000000142 ) ) ;
#4772 = FACE_OUTER_BOUND ( 'NONE', #2603, .T. ) ;
#4773 = ORIENTED_EDGE ( 'NONE', *, *, #4176, .T. ) ;
#4774 = CARTESIAN_POINT ( 'NONE',  ( -5.755106012535009974, 0.000000000000000000, 11.31861676694392749 ) ) ;
#4775 = DIRECTION ( 'NONE',  ( -0.000000000000000000, -1.000000000000000000, -0.000000000000000000 ) ) ;
#4776 = ORIENTED_EDGE ( 'NONE', *, *, #6050, .T. ) ;
#4777 = CARTESIAN_POINT ( 'NONE',  ( 3.789087421437967951, 51.99940408041244666, 15.42482235592524020 ) ) ;
#4778 = AXIS2_PLACEMENT_3D ( 'NONE', #4836, #4720, #8371 ) ;
#4779 = VECTOR ( 'NONE', #8791, 1000.000000000000000 ) ;
#4780 = ADVANCED_FACE ( 'NONE', ( #8556 ), #9481, .F. ) ;
#4781 = ORIENTED_EDGE ( 'NONE', *, *, #2547, .T. ) ;
#4782 = LINE ( 'NONE', #6717, #1135 ) ;
#4783 = VERTEX_POINT ( 'NONE', #5987 ) ;
#4784 = VECTOR ( 'NONE', #2290, 1000.000000000000000 ) ;
#4785 = ORIENTED_EDGE ( 'NONE', *, *, #1194, .F. ) ;
#4786 = LINE ( 'NONE', #5593, #4643 ) ;
#4787 = DIRECTION ( 'NONE',  ( 1.000000000000000000, 0.000000000000000000, -0.000000000000000000 ) ) ;
#4788 = VECTOR ( 'NONE', #8725, 1000.000000000000227 ) ;
#4789 = EDGE_LOOP ( 'NONE', ( #9764, #6713, #7045, #9691, #9589, #11263 ) ) ;
#4790 = PLANE ( 'NONE',  #753 ) ;
#4791 = VECTOR ( 'NONE', #5933, 1000.000000000000000 ) ;
#4792 = CARTESIAN_POINT ( 'NONE',  ( -15.81533189030981035, 0.000000000000000000, -3.106205588981306498 ) ) ;
#4793 = CARTESIAN_POINT ( 'NONE',  ( -5.405113052552405151, 53.58999999999999631, -13.92482235592523310 ) ) ;
#4794 = ADVANCED_FACE ( 'NONE', ( #1622 ), #1516, .T. ) ;
#4795 = EDGE_CURVE ( 'NONE', #7804, #10336, #2436, .T. ) ;
#4796 = EDGE_CURVE ( 'NONE', #5231, #9742, #6203, .T. ) ;
#4797 = ADVANCED_FACE ( 'NONE', ( #7184 ), #7065, .T. ) ;
#4798 = AXIS2_PLACEMENT_3D ( 'NONE', #5691, #6435, #528 ) ;
#4799 = AXIS2_PLACEMENT_3D ( 'NONE', #3211, #4005, #6702 ) ;
#4800 = VECTOR ( 'NONE', #10016, 1000.000000000000000 ) ;
#4801 = PLANE ( 'NONE',  #9493 ) ;
#4802 = CARTESIAN_POINT ( 'NONE',  ( -16.58282983977096947, 67.84000000000000341, 12.59999999999999432 ) ) ;
#4803 = VERTEX_POINT ( 'NONE', #7859 ) ;
#4804 = LINE ( 'NONE', #6521, #4825 ) ;
#4805 = ORIENTED_EDGE ( 'NONE', *, *, #8561, .T. ) ;
#4806 = DIRECTION ( 'NONE',  ( -0.4999999999999966138, 0.000000000000000000, 0.8660254037844407060 ) ) ;
#4807 = DIRECTION ( 'NONE',  ( 0.8660254037844368202, 0.000000000000000000, -0.5000000000000032196 ) ) ;
#4808 = AXIS2_PLACEMENT_3D ( 'NONE', #5830, #3307, #4162 ) ;
#4809 = VERTEX_POINT ( 'NONE', #10565 ) ;
#4810 = VECTOR ( 'NONE', #982, 1000.000000000000000 ) ;
#4811 = DIRECTION ( 'NONE',  ( -1.000000000000000000, 0.000000000000000000, 0.000000000000000000 ) ) ;
#4812 = ORIENTED_EDGE ( 'NONE', *, *, #10458, .T. ) ;
#4813 = EDGE_CURVE ( 'NONE', #1579, #3051, #1100, .T. ) ;
#4814 = ORIENTED_EDGE ( 'NONE', *, *, #5160, .T. ) ;
#4815 = VECTOR ( 'NONE', #6364, 1000.000000000000000 ) ;
#4816 = EDGE_LOOP ( 'NONE', ( #5747, #1328, #7433, #1611 ) ) ;
#4817 = DIRECTION ( 'NONE',  ( -0.000000000000000000, 1.000000000000000000, -0.000000000000000000 ) ) ;
#4818 = EDGE_LOOP ( 'NONE', ( #986, #5489, #3579, #2802 ) ) ;
#4819 = DIRECTION ( 'NONE',  ( -0.000000000000000000, 1.000000000000000000, -0.000000000000000000 ) ) ;
#4820 = LINE ( 'NONE', #10663, #7394 ) ;
#4821 = LINE ( 'NONE', #8304, #3690 ) ;
#4822 = CARTESIAN_POINT ( 'NONE',  ( -4.539087648767963223, 0.000000000000000000, 15.42482235592523843 ) ) ;
#4823 = DIRECTION ( 'NONE',  ( 0.8660254037844404840, 0.000000000000000000, 0.4999999999999968359 ) ) ;
#4824 = ORIENTED_EDGE ( 'NONE', *, *, #7408, .T. ) ;
#4825 = VECTOR ( 'NONE', #5658, 1000.000000000000000 ) ;
#4826 = DIRECTION ( 'NONE',  ( 3.330669073875469621E-15, 0.000000000000000000, 1.000000000000000000 ) ) ;
#4827 = VECTOR ( 'NONE', #874, 1000.000000000000000 ) ;
#4828 = ORIENTED_EDGE ( 'NONE', *, *, #10579, .F. ) ;
#4829 = CARTESIAN_POINT ( 'NONE',  ( -7.487156820103891164, 53.58999999999999631, 10.31861676694393282 ) ) ;
#4830 = ORIENTED_EDGE ( 'NONE', *, *, #9783, .F. ) ;
#4831 = DIRECTION ( 'NONE',  ( -0.8660254037844369313, 0.000000000000000000, 0.5000000000000029976 ) ) ;
#4832 = DIRECTION ( 'NONE',  ( 1.000000000000000000, 0.000000000000000000, -3.663735981263016583E-15 ) ) ;
#4833 = CARTESIAN_POINT ( 'NONE',  ( 4.655112825222396111, 53.58999999999999631, -13.92482235592524020 ) ) ;
#4834 = LINE ( 'NONE', #2085, #3875 ) ;
#4835 = VERTEX_POINT ( 'NONE', #7971 ) ;
#4836 = CARTESIAN_POINT ( 'NONE',  ( -1.241025517449447113, 0.000000000000000000, -14.92482235592523487 ) ) ;
#4837 = VECTOR ( 'NONE', #1147, 1000.000000000000114 ) ;
#4838 = EDGE_CURVE ( 'NONE', #6822, #6263, #5241, .T. ) ;
#4839 = ORIENTED_EDGE ( 'NONE', *, *, #9420, .T. ) ;
#4840 = LINE ( 'NONE', #10857, #577 ) ;
#4841 = VERTEX_POINT ( 'NONE', #4431 ) ;
#4842 = VERTEX_POINT ( 'NONE', #6266 ) ;
#4843 = VERTEX_POINT ( 'NONE', #9765 ) ;
#4844 = LINE ( 'NONE', #10800, #11232 ) ;
#4845 = CARTESIAN_POINT ( 'NONE',  ( 20.95000000000000284, 53.58999999999999631, -16.50000000000000000 ) ) ;
#4846 = AXIS2_PLACEMENT_3D ( 'NONE', #10563, #4427, #9819 ) ;
#4847 = VERTEX_POINT ( 'NONE', #10512 ) ;
#4848 = FACE_OUTER_BOUND ( 'NONE', #77, .T. ) ;
#4849 = LINE ( 'NONE', #7532, #4593 ) ;
#4850 = CARTESIAN_POINT ( 'NONE',  ( 15.06533166297981197, 5.500000000000000000, 4.106205588981306498 ) ) ;
#4851 = EDGE_CURVE ( 'NONE', #10167, #5864, #8026, .T. ) ;
#4852 = VECTOR ( 'NONE', #10073, 1000.000000000000000 ) ;
#4853 = PLANE ( 'NONE',  #5283 ) ;
#4854 = CARTESIAN_POINT ( 'NONE',  ( 18.94999999999999929, 67.84000000000000341, -18.50000000000000355 ) ) ;
#4855 = ORIENTED_EDGE ( 'NONE', *, *, #734, .F. ) ;
#4856 = EDGE_CURVE ( 'NONE', #10291, #9178, #2658, .T. ) ;
#4857 = LINE ( 'NONE', #9263, #1152 ) ;
#4858 = ADVANCED_FACE ( 'NONE', ( #4371 ), #85, .T. ) ;
#4859 = VERTEX_POINT ( 'NONE', #10683 ) ;
#4860 = FACE_OUTER_BOUND ( 'NONE', #1167, .T. ) ;
#4861 = DIRECTION ( 'NONE',  ( 3.663735981263016583E-15, 0.000000000000000000, 1.000000000000000000 ) ) ;
#4862 = VECTOR ( 'NONE', #1057, 1000.000000000000000 ) ;
#4863 = PLANE ( 'NONE',  #225 ) ;
#4864 = EDGE_LOOP ( 'NONE', ( #2135, #5624, #3654, #3754 ) ) ;
#4865 = VERTEX_POINT ( 'NONE', #3684 ) ;
#4866 = ORIENTED_EDGE ( 'NONE', *, *, #1500, .F. ) ;
#4867 = EDGE_CURVE ( 'NONE', #4575, #6398, #1791, .T. ) ;
#4868 = EDGE_CURVE ( 'NONE', #7970, #10716, #9700, .T. ) ;
#4869 = LINE ( 'NONE', #3779, #8763 ) ;
#4870 = DIRECTION ( 'NONE',  ( 0.8660254037844407060, 0.000000000000000000, 0.4999999999999965583 ) ) ;
#4871 = ORIENTED_EDGE ( 'NONE', *, *, #1987, .F. ) ;
#4872 = EDGE_CURVE ( 'NONE', #855, #4809, #1738, .T. ) ;
#4873 = EDGE_CURVE ( 'NONE', #3176, #9159, #10454, .T. ) ;
#4874 = DIRECTION ( 'NONE',  ( 0.000000000000000000, 1.000000000000000000, 0.000000000000000000 ) ) ;
#4875 = FACE_BOUND ( 'NONE', #2222, .T. ) ;
#4876 = CARTESIAN_POINT ( 'NONE',  ( -15.29677950265139152, 51.99940408041244666, 14.82750452498216731 ) ) ;
#4877 = DIRECTION ( 'NONE',  ( 0.000000000000000000, 0.000000000000000000, 1.000000000000000000 ) ) ;
#4878 = EDGE_CURVE ( 'NONE', #3515, #9444, #6320, .T. ) ;
#4879 = ORIENTED_EDGE ( 'NONE', *, *, #10166, .F. ) ;
#4880 = CARTESIAN_POINT ( 'NONE',  ( -9.569200587655371848, 0.000000000000000000, -14.92482235592523487 ) ) ;
#4881 = VERTEX_POINT ( 'NONE', #8836 ) ;
#4882 = DIRECTION ( 'NONE',  ( -0.8660254037844369313, -0.000000000000000000, 0.5000000000000029976 ) ) ;
#4883 = ORIENTED_EDGE ( 'NONE', *, *, #858, .T. ) ;
#4884 = LINE ( 'NONE', #9461, #2635 ) ;
#4885 = LINE ( 'NONE', #4015, #5399 ) ;
#4886 = LINE ( 'NONE', #3799, #5544 ) ;
#4887 = CARTESIAN_POINT ( 'NONE',  ( 12.11726249164389557, 0.000000000000000000, 15.42482235592523843 ) ) ;
#4888 = ORIENTED_EDGE ( 'NONE', *, *, #5572, .T. ) ;
#4889 = CARTESIAN_POINT ( 'NONE',  ( 16.00000000000000355, 53.58999999999999631, 7.099999999999995204 ) ) ;
#4890 = VERTEX_POINT ( 'NONE', #7119 ) ;
#4891 = CARTESIAN_POINT ( 'NONE',  ( 7.953174956540921769, 0.000000000000000000, -13.42482235592523665 ) ) ;
#4892 = AXIS2_PLACEMENT_3D ( 'NONE', #5935, #4263, #7755 ) ;
#4893 = ORIENTED_EDGE ( 'NONE', *, *, #4838, .F. ) ;
#4894 = DIRECTION ( 'NONE',  ( 0.5000000000000032196, 0.000000000000000000, 0.8660254037844368202 ) ) ;
#4895 = ORIENTED_EDGE ( 'NONE', *, *, #1087, .F. ) ;
#4896 = ORIENTED_EDGE ( 'NONE', *, *, #3029, .F. ) ;
#4897 = ORIENTED_EDGE ( 'NONE', *, *, #10742, .F. ) ;
#4898 = PLANE ( 'NONE',  #11188 ) ;
#4899 = PLANE ( 'NONE',  #2951 ) ;
#4900 = DIRECTION ( 'NONE',  ( -0.000000000000000000, 1.000000000000000000, -0.000000000000000000 ) ) ;
#4901 = EDGE_CURVE ( 'NONE', #5560, #5562, #10619, .T. ) ;
#4902 = VECTOR ( 'NONE', #4915, 1000.000000000000000 ) ;
#4903 = DIRECTION ( 'NONE',  ( 3.330669073875469621E-15, 0.000000000000000000, 1.000000000000000000 ) ) ;
#4904 = EDGE_CURVE ( 'NONE', #3293, #10615, #6151, .T. ) ;
#4905 = PLANE ( 'NONE',  #1488 ) ;
#4906 = ORIENTED_EDGE ( 'NONE', *, *, #9165, .T. ) ;
#4907 = DIRECTION ( 'NONE',  ( 0.000000000000000000, 0.000000000000000000, 1.000000000000000000 ) ) ;
#4908 = VERTEX_POINT ( 'NONE', #5462 ) ;
#4909 = CARTESIAN_POINT ( 'NONE',  ( 12.98328789542831707, 0.000000000000000000, -14.92482235592524198 ) ) ;
#4910 = CARTESIAN_POINT ( 'NONE',  ( -6.621131416319453677, 5.500000000000000000, 9.818616766943931040 ) ) ;
#4911 = ADVANCED_FACE ( 'NONE', ( #8948 ), #4604, .T. ) ;
#4912 = CARTESIAN_POINT ( 'NONE',  ( 0.000000000000000000, 0.000000000000000000, -12.60000000000000142 ) ) ;
#4913 = VERTEX_POINT ( 'NONE', #2605 ) ;
#4914 = VECTOR ( 'NONE', #9663, 1000.000000000000114 ) ;
#4915 = DIRECTION ( 'NONE',  ( 3.330669073875469621E-15, 0.000000000000000000, 1.000000000000000000 ) ) ;
#4916 = ORIENTED_EDGE ( 'NONE', *, *, #2684, .F. ) ;
#4917 = CARTESIAN_POINT ( 'NONE',  ( 17.15000000000000568, 67.84000000000000341, 7.099999999999995204 ) ) ;
#4918 = LINE ( 'NONE', #2174, #2397 ) ;
#4919 = ORIENTED_EDGE ( 'NONE', *, *, #3591, .T. ) ;
#4920 = CARTESIAN_POINT ( 'NONE',  ( 7.953174956540929763, 53.58999999999999631, 15.42482235592523843 ) ) ;
#4921 = VECTOR ( 'NONE', #1856, 1000.000000000000000 ) ;
#4922 = FACE_BOUND ( 'NONE', #9711, .T. ) ;
#4923 = DIRECTION ( 'NONE',  ( -0.000000000000000000, 1.000000000000000000, -0.000000000000000000 ) ) ;
#4924 = FACE_OUTER_BOUND ( 'NONE', #2701, .T. ) ;
#4925 = ORIENTED_EDGE ( 'NONE', *, *, #10026, .F. ) ;
#4926 = EDGE_CURVE ( 'NONE', #8208, #561, #9240, .T. ) ;
#4927 = ADVANCED_FACE ( 'NONE', ( #2084 ), #310, .F. ) ;
#4928 = EDGE_CURVE ( 'NONE', #903, #8101, #2141, .T. ) ;
#4929 = ADVANCED_FACE ( 'NONE', ( #5637 ), #7406, .T. ) ;
#4930 = VECTOR ( 'NONE', #2339, 1000.000000000000000 ) ;
#4931 = EDGE_CURVE ( 'NONE', #8473, #1395, #10850, .T. ) ;
#4932 = LINE ( 'NONE', #8412, #2910 ) ;
#4933 = ORIENTED_EDGE ( 'NONE', *, *, #6054, .T. ) ;
#4934 = CARTESIAN_POINT ( 'NONE',  ( -0.3750001136650100153, 53.58999999999999631, -15.42482235592523843 ) ) ;
#4935 = VERTEX_POINT ( 'NONE', #6499 ) ;
#4936 = CARTESIAN_POINT ( 'NONE',  ( -6.621131416319453677, 53.58999999999999631, 9.818616766943931040 ) ) ;
#4937 = DIRECTION ( 'NONE',  ( 1.000000000000000000, -0.000000000000000000, -0.000000000000000000 ) ) ;
#4938 = CIRCLE ( 'NONE', #3649, 1.549999999999999378 ) ;
#4939 = LINE ( 'NONE', #1497, #5525 ) ;
#4940 = DIRECTION ( 'NONE',  ( 1.000000000000000000, -0.000000000000000000, -0.000000000000000000 ) ) ;
#4941 = VERTEX_POINT ( 'NONE', #478 ) ;
#4942 = DIRECTION ( 'NONE',  ( 3.663735981263016583E-15, 0.000000000000000000, 1.000000000000000000 ) ) ;
#4943 = EDGE_CURVE ( 'NONE', #6634, #6014, #4667, .T. ) ;
#4944 = VECTOR ( 'NONE', #7885, 1000.000000000000000 ) ;
#4945 = ORIENTED_EDGE ( 'NONE', *, *, #8641, .T. ) ;
#4946 = DIRECTION ( 'NONE',  ( -3.330669073875469621E-15, 0.000000000000000000, -1.000000000000000000 ) ) ;
#4947 = EDGE_LOOP ( 'NONE', ( #11185, #3453, #10933, #1390 ) ) ;
#4948 = LINE ( 'NONE', #8432, #10977 ) ;
#4949 = EDGE_LOOP ( 'NONE', ( #7377, #8756 ) ) ;
#4950 = VERTEX_POINT ( 'NONE', #4019 ) ;
#4951 = PLANE ( 'NONE',  #6471 ) ;
#4952 = LINE ( 'NONE', #5984, #4467 ) ;
#4953 = VERTEX_POINT ( 'NONE', #10000 ) ;
#4954 = DIRECTION ( 'NONE',  ( 0.8660254037844407060, 0.000000000000000000, 0.4999999999999966138 ) ) ;
#4955 = CARTESIAN_POINT ( 'NONE',  ( 12.98328789542833306, 0.000000000000000000, 14.92482235592523487 ) ) ;
#4956 = LINE ( 'NONE', #6565, #1191 ) ;
#4957 = VECTOR ( 'NONE', #9852, 1000.000000000000000 ) ;
#4958 = DIRECTION ( 'NONE',  ( 1.000000000000000000, -0.000000000000000000, 0.000000000000000000 ) ) ;
#4959 = VECTOR ( 'NONE', #9555, 1000.000000000000000 ) ;
#4960 = LINE ( 'NONE', #11096, #696 ) ;
#4961 = VECTOR ( 'NONE', #7862, 1000.000000000000000 ) ;
#4962 = ADVANCED_FACE ( 'NONE', ( #7290 ), #5752, .T. ) ;
#4963 = CARTESIAN_POINT ( 'NONE',  ( 12.11726249164388847, 0.000000000000000000, 1.000000000000001332 ) ) ;
#4964 = VECTOR ( 'NONE', #2268, 1000.000000000000000 ) ;
#4965 = ORIENTED_EDGE ( 'NONE', *, *, #1071, .T. ) ;
#4966 = AXIS2_PLACEMENT_3D ( 'NONE', #7988, #6340, #4738 ) ;
#4967 = LINE ( 'NONE', #11213, #10855 ) ;
#4968 = ORIENTED_EDGE ( 'NONE', *, *, #5993, .F. ) ;
#4969 = LINE ( 'NONE', #7599, #2575 ) ;
#4970 = LINE ( 'NONE', #3078, #1736 ) ;
#4971 = LINE ( 'NONE', #10190, #9562 ) ;
#4972 = CC_DESIGN_SECURITY_CLASSIFICATION ( #7886, ( #10459 ) ) ;
#4973 = ORIENTED_EDGE ( 'NONE', *, *, #8908, .T. ) ;
#4974 = VECTOR ( 'NONE', #4489, 1000.000000000000000 ) ;
#4975 = AXIS2_PLACEMENT_3D ( 'NONE', #297, #10775, #8183 ) ;
#4976 = VECTOR ( 'NONE', #1354, 1000.000000000000000 ) ;
#4977 = EDGE_CURVE ( 'NONE', #10388, #10677, #9073, .T. ) ;
#4978 = ORIENTED_EDGE ( 'NONE', *, *, #718, .T. ) ;
#4979 = ADVANCED_FACE ( 'NONE', ( #362 ), #10046, .T. ) ;
#4980 = VERTEX_POINT ( 'NONE', #4833 ) ;
#4981 = DIRECTION ( 'NONE',  ( -0.8660254037844407060, 0.000000000000000000, -0.4999999999999966138 ) ) ;
#4982 = CARTESIAN_POINT ( 'NONE',  ( 8.422500359551698068, 52.28232689208745398, -27.71647280029544547 ) ) ;
#4983 = DATE_AND_TIME ( #4753, #35 ) ;
#4984 = ORIENTED_EDGE ( 'NONE', *, *, #11071, .T. ) ;
#4985 = VECTOR ( 'NONE', #630, 1000.000000000000227 ) ;
#4986 = FACE_OUTER_BOUND ( 'NONE', #2927, .T. ) ;
#4987 = VECTOR ( 'NONE', #1116, 1000.000000000000114 ) ;
#4988 = DIRECTION ( 'NONE',  ( -0.000000000000000000, 1.000000000000000000, -0.000000000000000000 ) ) ;
#4989 = CYLINDRICAL_SURFACE ( 'NONE', #8623, 1.550000000000000266 ) ;
#4990 = LINE ( 'NONE', #6703, #7169 ) ;
#4991 = EDGE_CURVE ( 'NONE', #8095, #1237, #1388, .T. ) ;
#4992 = ORIENTED_EDGE ( 'NONE', *, *, #1212, .T. ) ;
#4993 = VECTOR ( 'NONE', #2252, 1000.000000000000000 ) ;
#4994 = LINE ( 'NONE', #2412, #9137 ) ;
#4995 = ORIENTED_EDGE ( 'NONE', *, *, #10577, .T. ) ;
#4996 = EDGE_CURVE ( 'NONE', #6837, #5632, #1334, .T. ) ;
#4997 = CARTESIAN_POINT ( 'NONE',  ( -1.742781094075540826, 5.500000000000000000, -3.018585401409287883 ) ) ;
#4998 = EDGE_CURVE ( 'NONE', #385, #4575, #4886, .T. ) ;
#4999 = ORIENTED_EDGE ( 'NONE', *, *, #316, .F. ) ;
#5000 = LINE ( 'NONE', #5853, #7757 ) ;
#5001 = ADVANCED_FACE ( 'NONE', ( #3969 ), #9942, .T. ) ;
#5002 = VECTOR ( 'NONE', #7374, 1000.000000000000000 ) ;
#5003 = DIRECTION ( 'NONE',  ( -0.8660254037844404840, -0.000000000000000000, -0.4999999999999968359 ) ) ;
#5004 = CARTESIAN_POINT ( 'NONE',  ( 7.953174956540923546, 53.58999999999999631, 13.42482235592523665 ) ) ;
#5005 = EDGE_LOOP ( 'NONE', ( #10117, #1902, #11106, #9587, #5742, #876 ) ) ;
#5006 = DIRECTION ( 'NONE',  ( -3.330669073875469621E-15, 0.000000000000000000, -1.000000000000000000 ) ) ;
#5007 = VECTOR ( 'NONE', #2206, 1000.000000000000000 ) ;
#5008 = CARTESIAN_POINT ( 'NONE',  ( 20.95000000000000284, 59.69999999999997442, 11.30000000000000249 ) ) ;
#5009 = ORIENTED_EDGE ( 'NONE', *, *, #7591, .F. ) ;
#5010 = EDGE_CURVE ( 'NONE', #7970, #9467, #1219, .T. ) ;
#5011 = DIRECTION ( 'NONE',  ( 0.000000000000000000, -1.000000000000000000, 0.000000000000000000 ) ) ;
#5012 = ORIENTED_EDGE ( 'NONE', *, *, #3996, .F. ) ;
#5013 = ORIENTED_EDGE ( 'NONE', *, *, #4054, .T. ) ;
#5014 = CARTESIAN_POINT ( 'NONE',  ( 0.000000000000000000, 5.500000000000000000, -18.50000000000000355 ) ) ;
#5015 = DIRECTION ( 'NONE',  ( 0.8660254037844368202, 0.000000000000000000, -0.5000000000000032196 ) ) ;
#5016 = ADVANCED_FACE ( 'NONE', ( #5520 ), #1165, .T. ) ;
#5017 = VERTEX_POINT ( 'NONE', #2936 ) ;
#5018 = CARTESIAN_POINT ( 'NONE',  ( -12.00123731518945647, 0.000000000000000000, -14.92482235592524198 ) ) ;
#5019 = DIRECTION ( 'NONE',  ( -1.000000000000000000, 0.000000000000000000, 3.330669073875469621E-15 ) ) ;
#5020 = CARTESIAN_POINT ( 'NONE',  ( -12.00123731518945291, 53.58999999999999631, -13.92482235592524020 ) ) ;
#5021 = ORIENTED_EDGE ( 'NONE', *, *, #2338, .T. ) ;
#5022 = VECTOR ( 'NONE', #6599, 1000.000000000000000 ) ;
#5023 = DIRECTION ( 'NONE',  ( 0.8660254037844407060, 0.000000000000000000, 0.4999999999999965583 ) ) ;
#5024 = EDGE_CURVE ( 'NONE', #5980, #3097, #6434, .T. ) ;
#5025 = CARTESIAN_POINT ( 'NONE',  ( 7.087149552756485171, 52.28232689208745398, -12.59999999999996589 ) ) ;
#5026 = FACE_OUTER_BOUND ( 'NONE', #7022, .T. ) ;
#5027 = VECTOR ( 'NONE', #822, 1000.000000000000114 ) ;
#5028 = VERTEX_POINT ( 'NONE', #9463 ) ;
#5029 = FACE_OUTER_BOUND ( 'NONE', #2488, .T. ) ;
#5030 = ORIENTED_EDGE ( 'NONE', *, *, #2687, .F. ) ;
#5031 = CARTESIAN_POINT ( 'NONE',  ( -5.755106012535009974, 53.58999999999999631, 11.31861676694392749 ) ) ;
#5032 = DIRECTION ( 'NONE',  ( -0.4999999999999966138, 0.000000000000000000, 0.8660254037844407060 ) ) ;
#5033 = PLANE ( 'NONE',  #10106 ) ;
#5034 = ADVANCED_FACE ( 'NONE', ( #6711 ), #5857, .T. ) ;
#5035 = ORIENTED_EDGE ( 'NONE', *, *, #7594, .F. ) ;
#5036 = AXIS2_PLACEMENT_3D ( 'NONE', #58, #7040, #10541 ) ;
#5037 = FACE_OUTER_BOUND ( 'NONE', #4678, .T. ) ;
#5038 = ORIENTED_EDGE ( 'NONE', *, *, #5205, .F. ) ;
#5039 = CARTESIAN_POINT ( 'NONE',  ( 3.789087421437959069, 53.58999999999999631, -13.42482235592523665 ) ) ;
#5040 = CARTESIAN_POINT ( 'NONE',  ( 6.737156592773876795, 53.58999999999999631, -10.31861676694393104 ) ) ;
#5041 = VECTOR ( 'NONE', #5087, 999.9999999999998863 ) ;
#5042 = ORIENTED_EDGE ( 'NONE', *, *, #9810, .T. ) ;
#5043 = DIRECTION ( 'NONE',  ( 0.8660254037844369313, 0.000000000000000000, -0.5000000000000029976 ) ) ;
#5044 = CARTESIAN_POINT ( 'NONE',  ( -0.3750001136649978029, 53.58999999999999631, 15.42482235592523843 ) ) ;
#5045 = DIRECTION ( 'NONE',  ( 0.4999999999999968359, 0.000000000000000000, -0.8660254037844404840 ) ) ;
#5046 = CARTESIAN_POINT ( 'NONE',  ( 3.789087421437952408, 0.000000000000000000, -15.42482235592523843 ) ) ;
#5047 = EDGE_CURVE ( 'NONE', #1138, #5182, #2477, .T. ) ;
#5048 = ORIENTED_EDGE ( 'NONE', *, *, #6050, .F. ) ;
#5049 = EDGE_CURVE ( 'NONE', #6641, #6363, #10329, .T. ) ;
#5050 = LINE ( 'NONE', #6011, #1995 ) ;
#5051 = ORIENTED_EDGE ( 'NONE', *, *, #9205, .T. ) ;
#5052 = CARTESIAN_POINT ( 'NONE',  ( -9.569200587655368295, 51.99940408041244666, 14.92482235592524376 ) ) ;
#5053 = VERTEX_POINT ( 'NONE', #10268 ) ;
#5054 = DIRECTION ( 'NONE',  ( 0.8660254037844407060, 0.000000000000000000, 0.4999999999999966138 ) ) ;
#5055 = DIRECTION ( 'NONE',  ( -0.000000000000000000, 1.000000000000000000, 0.000000000000000000 ) ) ;
#5056 = DIRECTION ( 'NONE',  ( -0.8660254037844369313, 0.000000000000000000, 0.5000000000000029976 ) ) ;
#5057 = DIRECTION ( 'NONE',  ( -1.000000000000000000, 0.000000000000000000, 3.330669073875469621E-15 ) ) ;
#5058 = ADVANCED_FACE ( 'NONE', ( #11074 ), #587, .T. ) ;
#5059 = ORIENTED_EDGE ( 'NONE', *, *, #10372, .T. ) ;
#5060 = CARTESIAN_POINT ( 'NONE',  ( 1.555281037243051001, 5.500000000000000000, -2.693825776553409934 ) ) ;
#5061 = ADVANCED_FACE ( 'NONE', ( #6017 ), #4184, .F. ) ;
#5062 = ORIENTED_EDGE ( 'NONE', *, *, #5341, .F. ) ;
#5063 = EDGE_CURVE ( 'NONE', #6083, #594, #9348, .T. ) ;
#5064 = DIRECTION ( 'NONE',  ( -3.663735981263016583E-15, 0.000000000000000000, -1.000000000000000000 ) ) ;
#5065 = ORIENTED_EDGE ( 'NONE', *, *, #1033, .F. ) ;
#5066 = DIRECTION ( 'NONE',  ( 0.8660254037844368202, -0.000000000000000000, -0.5000000000000032196 ) ) ;
#5067 = ORIENTED_EDGE ( 'NONE', *, *, #5281, .F. ) ;
#5068 = ORIENTED_EDGE ( 'NONE', *, *, #771, .F. ) ;
#5069 = LINE ( 'NONE', #2489, #7384 ) ;
#5070 = DIRECTION ( 'NONE',  ( -0.000000000000000000, 1.000000000000000000, -0.000000000000000000 ) ) ;
#5071 = ORIENTED_EDGE ( 'NONE', *, *, #36, .T. ) ;
#5072 = CARTESIAN_POINT ( 'NONE',  ( -15.81533189030981390, 5.500000000000000000, -4.106205588981306498 ) ) ;
#5073 = PLANE ( 'NONE',  #2399 ) ;
#5074 = CARTESIAN_POINT ( 'NONE',  ( -7.837149780086489770, 53.58999999999999631, 14.92482235592523665 ) ) ;
#5075 = ORIENTED_EDGE ( 'NONE', *, *, #8904, .T. ) ;
#5076 = CARTESIAN_POINT ( 'NONE',  ( 10.90124412787684527, 53.58999999999999631, 10.31861676694392393 ) ) ;
#5077 = ADVANCED_FACE ( 'NONE', ( #8484 ), #8539, .F. ) ;
#5078 = EDGE_CURVE ( 'NONE', #7684, #5208, #4939, .T. ) ;
#5079 = EDGE_CURVE ( 'NONE', #7100, #2247, #1661, .T. ) ;
#5080 = EDGE_CURVE ( 'NONE', #6436, #2760, #692, .T. ) ;
#5081 = FACE_OUTER_BOUND ( 'NONE', #5434, .T. ) ;
#5082 = CARTESIAN_POINT ( 'NONE',  ( -9.569200587655377177, 51.99940408041244666, 12.59999999999996945 ) ) ;
#5083 = ORIENTED_EDGE ( 'NONE', *, *, #5417, .T. ) ;
#5084 = CARTESIAN_POINT ( 'NONE',  ( 11.25123708785944388, 53.58999999999999631, -7.712411177962617437 ) ) ;
#5085 = ORIENTED_EDGE ( 'NONE', *, *, #2517, .F. ) ;
#5086 = CARTESIAN_POINT ( 'NONE',  ( -3.649828381635735308, 5.500000000000000000, -6.321688195899931806 ) ) ;
#5087 = DIRECTION ( 'NONE',  ( 0.8660254037844368202, -0.000000000000000000, -0.5000000000000032196 ) ) ;
#5088 = CARTESIAN_POINT ( 'NONE',  ( -9.569200587655368295, 0.000000000000000000, -13.92482235592523310 ) ) ;
#5089 = ORIENTED_EDGE ( 'NONE', *, *, #5063, .F. ) ;
#5090 = ORIENTED_EDGE ( 'NONE', *, *, #5600, .F. ) ;
#5091 = EDGE_LOOP ( 'NONE', ( #5367, #1905, #10583, #6646, #11323, #5884 ) ) ;
#5092 = CARTESIAN_POINT ( 'NONE',  ( -12.00123731518945291, 53.58999999999999631, 0.4999999999999975020 ) ) ;
#5093 = FACE_OUTER_BOUND ( 'NONE', #2010, .T. ) ;
#5094 = CARTESIAN_POINT ( 'NONE',  ( 15.53465706599066465, 52.28232689208745398, -15.39785603335153041 ) ) ;
#5095 = CARTESIAN_POINT ( 'NONE',  ( -14.08328108274093360, 53.58999999999999631, -3.106205588981312271 ) ) ;
#5096 = CARTESIAN_POINT ( 'NONE',  ( -0.3750001136650029654, 0.000000000000000000, -13.42482235592523665 ) ) ;
#5097 = LINE ( 'NONE', #1427, #4059 ) ;
#5098 = ORIENTED_EDGE ( 'NONE', *, *, #5154, .F. ) ;
#5099 = VECTOR ( 'NONE', #5224, 999.9999999999998863 ) ;
#5100 = EDGE_CURVE ( 'NONE', #1385, #3631, #6621, .T. ) ;
#5101 = CARTESIAN_POINT ( 'NONE',  ( 11.25123708785944388, 0.000000000000000000, -13.92482235592523310 ) ) ;
#5102 = ORIENTED_EDGE ( 'NONE', *, *, #1842, .F. ) ;
#5103 = DIRECTION ( 'NONE',  ( 3.330669073875469621E-15, 0.000000000000000000, 1.000000000000000000 ) ) ;
#5104 = VERTEX_POINT ( 'NONE', #7512 ) ;
#5105 = CARTESIAN_POINT ( 'NONE',  ( -16.58282983977096947, 51.99940408041244666, 12.59999999999999432 ) ) ;
#5106 = PLANE ( 'NONE',  #9243 ) ;
#5107 = DIRECTION ( 'NONE',  ( 1.000000000000000000, 0.000000000000000000, -3.663735981263016583E-15 ) ) ;
#5108 = DIRECTION ( 'NONE',  ( -3.330669073875469621E-15, 0.000000000000000000, -1.000000000000000000 ) ) ;
#5109 = ORIENTED_EDGE ( 'NONE', *, *, #4770, .F. ) ;
#5110 = LINE ( 'NONE', #695, #10259 ) ;
#5111 = VECTOR ( 'NONE', #2047, 1000.000000000000000 ) ;
#5112 = ORIENTED_EDGE ( 'NONE', *, *, #1480, .F. ) ;
#5113 = EDGE_CURVE ( 'NONE', #8402, #8766, #7572, .T. ) ;
#5114 = LINE ( 'NONE', #2426, #5900 ) ;
#5115 = ORIENTED_EDGE ( 'NONE', *, *, #6592, .F. ) ;
#5116 = DIRECTION ( 'NONE',  ( -0.8660254037844404840, -0.000000000000000000, -0.4999999999999968359 ) ) ;
#5117 = VECTOR ( 'NONE', #1957, 1000.000000000000000 ) ;
#5118 = ORIENTED_EDGE ( 'NONE', *, *, #10936, .T. ) ;
#5119 = ORIENTED_EDGE ( 'NONE', *, *, #1361, .F. ) ;
#5120 = CARTESIAN_POINT ( 'NONE',  ( -13.73328812275833499, 53.58999999999999631, -7.712411177962615660 ) ) ;
#5121 = LINE ( 'NONE', #1618, #4289 ) ;
#5122 = ORIENTED_EDGE ( 'NONE', *, *, #6209, .F. ) ;
#5123 = DIRECTION ( 'NONE',  ( -3.330669073875469621E-15, 0.000000000000000000, -1.000000000000000000 ) ) ;
#5124 = DIRECTION ( 'NONE',  ( -0.8660254037844369313, 0.000000000000000000, 0.5000000000000029976 ) ) ;
#5125 = LINE ( 'NONE', #3356, #4521 ) ;
#5126 = ORIENTED_EDGE ( 'NONE', *, *, #113, .F. ) ;
#5127 = DIRECTION ( 'NONE',  ( -0.000000000000000000, 1.000000000000000000, -0.000000000000000000 ) ) ;
#5128 = EDGE_CURVE ( 'NONE', #4646, #1695, #7675, .T. ) ;
#5129 = VECTOR ( 'NONE', #10314, 1000.000000000000000 ) ;
#5130 = CARTESIAN_POINT ( 'NONE',  ( -14.94930648652537108, 5.500000000000000000, -2.606205588981309162 ) ) ;
#5131 = FACE_OUTER_BOUND ( 'NONE', #1102, .T. ) ;
#5132 = ORIENTED_EDGE ( 'NONE', *, *, #8420, .F. ) ;
#5133 = VECTOR ( 'NONE', #9453, 1000.000000000000000 ) ;
#5134 = LINE ( 'NONE', #8626, #10308 ) ;
#5135 = EDGE_CURVE ( 'NONE', #3583, #265, #6662, .T. ) ;
#5136 = ORIENTED_EDGE ( 'NONE', *, *, #101, .F. ) ;
#5137 = CARTESIAN_POINT ( 'NONE',  ( 6.737156592773882124, 53.58999999999999631, 11.31861676694392749 ) ) ;
#5138 = VECTOR ( 'NONE', #4819, 1000.000000000000000 ) ;
#5139 = EDGE_CURVE ( 'NONE', #6363, #7260, #5802, .T. ) ;
#5140 = DIRECTION ( 'NONE',  ( -0.8660254037844407060, 0.000000000000000000, -0.4999999999999966138 ) ) ;
#5141 = CARTESIAN_POINT ( 'NONE',  ( 17.15000000000000213, 67.84000000000000341, -7.100000000000002309 ) ) ;
#5142 = ADVANCED_FACE ( 'NONE', ( #9291 ), #1437, .T. ) ;
#5143 = ORIENTED_EDGE ( 'NONE', *, *, #11117, .T. ) ;
#5144 = VECTOR ( 'NONE', #10350, 1000.000000000000000 ) ;
#5145 = VECTOR ( 'NONE', #1018, 1000.000000000000000 ) ;
#5146 = DIRECTION ( 'NONE',  ( 0.000000000000000000, 1.000000000000000000, 0.000000000000000000 ) ) ;
#5147 = ORIENTED_EDGE ( 'NONE', *, *, #4435, .F. ) ;
#5148 = CARTESIAN_POINT ( 'NONE',  ( -8.703175183870927256, 0.000000000000000000, 15.42482235592523843 ) ) ;
#5149 = CARTESIAN_POINT ( 'NONE',  ( -12.86726271897389751, 53.58999999999999631, -0.9999999999999995559 ) ) ;
#5150 = CARTESIAN_POINT ( 'NONE',  ( -10.78521895142240794, 0.000000000000000000, 11.81861676694392926 ) ) ;
#5151 =( GEOMETRIC_REPRESENTATION_CONTEXT ( 3 ) GLOBAL_UNCERTAINTY_ASSIGNED_CONTEXT ( ( #6864 ) ) GLOBAL_UNIT_ASSIGNED_CONTEXT ( ( #9161, #10081, #1314 ) ) REPRESENTATION_CONTEXT ( 'NONE', 'WORKASPACE' ) );
#5152 = PLANE ( 'NONE',  #1690 ) ;
#5153 = VECTOR ( 'NONE', #7350, 999.9999999999998863 ) ;
#5154 = EDGE_CURVE ( 'NONE', #5499, #9439, #3337, .T. ) ;
#5155 = VECTOR ( 'NONE', #9925, 1000.000000000000114 ) ;
#5156 = AXIS2_PLACEMENT_3D ( 'NONE', #7444, #3958, #10944 ) ;
#5157 = CARTESIAN_POINT ( 'NONE',  ( 3.789087421437964398, 0.000000000000000000, 15.42482235592523843 ) ) ;
#5158 = CARTESIAN_POINT ( 'NONE',  ( 0.4910252901194303021, 0.000000000000000000, -14.92482235592524198 ) ) ;
#5159 = ORIENTED_EDGE ( 'NONE', *, *, #1469, .F. ) ;
#5160 = EDGE_CURVE ( 'NONE', #2140, #2229, #5449, .T. ) ;
#5161 = VECTOR ( 'NONE', #11115, 1000.000000000000000 ) ;
#5162 = VECTOR ( 'NONE', #4111, 1000.000000000000000 ) ;
#5163 = AXIS2_PLACEMENT_3D ( 'NONE', #7926, #7294, #6442 ) ;
#5164 = DIRECTION ( 'NONE',  ( 3.330669073875469621E-15, 0.000000000000000000, 1.000000000000000000 ) ) ;
#5165 = ORIENTED_EDGE ( 'NONE', *, *, #10040, .T. ) ;
#5166 = DIRECTION ( 'NONE',  ( -1.000000000000000000, 0.000000000000000000, 3.330669073875469621E-15 ) ) ;
#5167 = ORIENTED_EDGE ( 'NONE', *, *, #8409, .T. ) ;
#5168 = DIRECTION ( 'NONE',  ( 0.000000000000000000, 0.000000000000000000, -1.000000000000000000 ) ) ;
#5169 = CARTESIAN_POINT ( 'NONE',  ( 12.11726249164389557, 0.000000000000000000, 15.42482235592523843 ) ) ;
#5170 = LINE ( 'NONE', #3442, #8992 ) ;
#5171 = ORIENTED_EDGE ( 'NONE', *, *, #6831, .F. ) ;
#5172 = VECTOR ( 'NONE', #1265, 1000.000000000000000 ) ;
#5173 = DIRECTION ( 'NONE',  ( 0.8660254037844404840, 0.000000000000000000, 0.4999999999999968359 ) ) ;
#5174 = AXIS2_PLACEMENT_3D ( 'NONE', #9005, #3613, #2814 ) ;
#5175 = EDGE_LOOP ( 'NONE', ( #10175, #4257, #5894, #9118, #10275, #11053 ) ) ;
#5176 = DIRECTION ( 'NONE',  ( -0.8660254037844368202, 0.000000000000000000, 0.5000000000000032196 ) ) ;
#5177 = VECTOR ( 'NONE', #4285, 1000.000000000000000 ) ;
#5178 = VERTEX_POINT ( 'NONE', #3666 ) ;
#5179 = CARTESIAN_POINT ( 'NONE',  ( -0.3750001136650029654, 0.000000000000000000, -13.42482235592523665 ) ) ;
#5180 = FACE_OUTER_BOUND ( 'NONE', #7097, .T. ) ;
#5181 = EDGE_LOOP ( 'NONE', ( #3560, #4765, #5834, #8459 ) ) ;
#5182 = VERTEX_POINT ( 'NONE', #9635 ) ;
#5183 = DIRECTION ( 'NONE',  ( 3.663735981263016583E-15, 0.000000000000000000, 1.000000000000000000 ) ) ;
#5184 = LINE ( 'NONE', #3406, #3014 ) ;
#5185 = ORIENTED_EDGE ( 'NONE', *, *, #5047, .F. ) ;
#5186 = LINE ( 'NONE', #5565, #7338 ) ;
#5187 = LINE ( 'NONE', #7690, #396 ) ;
#5188 = FACE_BOUND ( 'NONE', #5588, .T. ) ;
#5189 = VERTEX_POINT ( 'NONE', #8760 ) ;
#5190 = LINE ( 'NONE', #4205, #4961 ) ;
#5191 = EDGE_CURVE ( 'NONE', #9422, #8402, #6245, .T. ) ;
#5192 = AXIS2_PLACEMENT_3D ( 'NONE', #11136, #6774, #7179 ) ;
#5193 = LINE ( 'NONE', #6958, #9500 ) ;
#5194 = FACE_OUTER_BOUND ( 'NONE', #1865, .T. ) ;
#5195 = VERTEX_POINT ( 'NONE', #125 ) ;
#5196 = EDGE_CURVE ( 'NONE', #4835, #9428, #10093, .T. ) ;
#5197 = DIRECTION ( 'NONE',  ( 0.4999999999999968359, 0.000000000000000000, -0.8660254037844404840 ) ) ;
#5198 = VECTOR ( 'NONE', #10773, 999.9999999999998863 ) ;
#5199 = ORIENTED_EDGE ( 'NONE', *, *, #4770, .T. ) ;
#5200 = CARTESIAN_POINT ( 'NONE',  ( 9.708459627457735053, 5.500000000000000000, 16.81554533798787432 ) ) ;
#5201 = DIRECTION ( 'NONE',  ( -0.000000000000000000, 1.000000000000000000, -0.000000000000000000 ) ) ;
#5202 = CARTESIAN_POINT ( 'NONE',  ( 0.000000000000000000, 0.000000000000000000, 6.999998126899999562 ) ) ;
#5203 = ORIENTED_EDGE ( 'NONE', *, *, #8182, .F. ) ;
#5204 = AXIS2_PLACEMENT_3D ( 'NONE', #9518, #1722, #1660 ) ;
#5205 = EDGE_CURVE ( 'NONE', #887, #4890, #3609, .T. ) ;
#5206 = DIRECTION ( 'NONE',  ( -0.000000000000000000, 1.000000000000000000, -0.000000000000000000 ) ) ;
#5207 = ADVANCED_FACE ( 'NONE', ( #7104 ), #7164, .T. ) ;
#5208 = VERTEX_POINT ( 'NONE', #2585 ) ;
#5209 = LINE ( 'NONE', #1065, #9875 ) ;
#5210 = CARTESIAN_POINT ( 'NONE',  ( -13.73328812275833144, 0.000000000000000000, 0.5000000000000035527 ) ) ;
#5211 = CALENDAR_DATE ( 2025, 18, 11 ) ;
#5212 = LINE ( 'NONE', #4228, #4391 ) ;
#5213 = DIRECTION ( 'NONE',  ( -3.663735981263016583E-15, -0.000000000000000000, -1.000000000000000000 ) ) ;
#5214 = VECTOR ( 'NONE', #1864, 1000.000000000000000 ) ;
#5215 = CARTESIAN_POINT ( 'NONE',  ( 0.000000000000000000, 53.58999999999999631, 0.000000000000000000 ) ) ;
#5216 = DIRECTION ( 'NONE',  ( -0.8660254037844407060, 0.000000000000000000, -0.4999999999999966138 ) ) ;
#5217 = ORIENTED_EDGE ( 'NONE', *, *, #808, .F. ) ;
#5218 = EDGE_CURVE ( 'NONE', #5195, #5017, #11294, .T. ) ;
#5219 = EDGE_CURVE ( 'NONE', #4139, #639, #6185, .T. ) ;
#5220 = ORIENTED_EDGE ( 'NONE', *, *, #4024, .F. ) ;
#5221 = VECTOR ( 'NONE', #6347, 1000.000000000000000 ) ;
#5222 = EDGE_CURVE ( 'NONE', #7824, #5724, #3497, .T. ) ;
#5223 = EDGE_CURVE ( 'NONE', #10203, #9458, #6994, .T. ) ;
#5224 = DIRECTION ( 'NONE',  ( 0.8660254037844368202, -0.000000000000000000, -0.5000000000000032196 ) ) ;
#5225 = ORIENTED_EDGE ( 'NONE', *, *, #7408, .F. ) ;
#5226 = PLANE ( 'NONE',  #2013 ) ;
#5227 = CARTESIAN_POINT ( 'NONE',  ( 17.15000000000000213, 53.58999999999999631, -7.100000000000002309 ) ) ;
#5228 = EDGE_CURVE ( 'NONE', #3552, #4028, #8819, .T. ) ;
#5229 = CARTESIAN_POINT ( 'NONE',  ( -7.487156820103891164, 0.000000000000000000, 10.31861676694393282 ) ) ;
#5230 = CARTESIAN_POINT ( 'NONE',  ( -7.813915916738734424, 5.500000000000000000, -13.53409937386251727 ) ) ;
#5231 = VERTEX_POINT ( 'NONE', #2643 ) ;
#5232 = CARTESIAN_POINT ( 'NONE',  ( -13.73328812275833144, 0.000000000000000000, -13.92482235592523310 ) ) ;
#5233 = EDGE_LOOP ( 'NONE', ( #8150, #3855, #5956, #4013, #1970, #2224 ) ) ;
#5234 = CARTESIAN_POINT ( 'NONE',  ( 16.90222591453325407, 51.99940408041244666, 18.49999999999999645 ) ) ;
#5235 = CARTESIAN_POINT ( 'NONE',  ( -8.703175183870927256, 5.500000000000000000, 15.42482235592523843 ) ) ;
#5236 = ORIENTED_EDGE ( 'NONE', *, *, #7217, .F. ) ;
#5237 = ORIENTED_EDGE ( 'NONE', *, *, #4652, .F. ) ;
#5238 = CARTESIAN_POINT ( 'NONE',  ( 11.25123708785944388, 53.58999999999999631, -0.4999999999999954481 ) ) ;
#5239 = CARTESIAN_POINT ( 'NONE',  ( -11.65124435520685253, 53.58999999999999631, 10.31861676694393282 ) ) ;
#5240 = VERTEX_POINT ( 'NONE', #3441 ) ;
#5241 = LINE ( 'NONE', #4488, #10273 ) ;
#5242 = LINE ( 'NONE', #8726, #1486 ) ;
#5243 = ORIENTED_EDGE ( 'NONE', *, *, #1974, .T. ) ;
#5244 = LINE ( 'NONE', #1687, #2577 ) ;
#5245 = DIRECTION ( 'NONE',  ( 0.8660254037844368202, 0.000000000000000000, -0.5000000000000032196 ) ) ;
#5246 = LINE ( 'NONE', #775, #7355 ) ;
#5247 = ORIENTED_EDGE ( 'NONE', *, *, #146, .T. ) ;
#5248 = EDGE_CURVE ( 'NONE', #8293, #6877, #1894, .T. ) ;
#5249 = VERTEX_POINT ( 'NONE', #5396 ) ;
#5250 = CARTESIAN_POINT ( 'NONE',  ( -4.539087648767966776, 53.58999999999999631, 14.42482235592523843 ) ) ;
#5251 = FACE_BOUND ( 'NONE', #4283, .T. ) ;
#5252 = VERTEX_POINT ( 'NONE', #4527 ) ;
#5253 = CARTESIAN_POINT ( 'NONE',  ( -12.00123731518945291, 0.000000000000000000, 0.4999999999999975020 ) ) ;
#5254 = DIRECTION ( 'NONE',  ( -0.8660254037844369313, -0.000000000000000000, 0.5000000000000029976 ) ) ;
#5255 = DIRECTION ( 'NONE',  ( -0.000000000000000000, 1.000000000000000000, -0.000000000000000000 ) ) ;
#5256 = VERTEX_POINT ( 'NONE', #1830 ) ;
#5257 = EDGE_CURVE ( 'NONE', #10615, #8050, #5333, .T. ) ;
#5258 = LINE ( 'NONE', #11275, #11140 ) ;
#5259 = ORIENTED_EDGE ( 'NONE', *, *, #3022, .T. ) ;
#5260 = CARTESIAN_POINT ( 'NONE',  ( 14.19930625919537270, 0.000000000000000000, 4.606205588981309162 ) ) ;
#5261 = EDGE_CURVE ( 'NONE', #11047, #1309, #9807, .T. ) ;
#5262 = CARTESIAN_POINT ( 'NONE',  ( -13.73328812275834032, 51.99940408041244666, 12.59999999999998366 ) ) ;
#5263 = APPROVAL_DATE_TIME ( #10249, #1245 ) ;
#5264 = CARTESIAN_POINT ( 'NONE',  ( 9.169193320307966744, 5.500000000000000000, 10.31861676694393104 ) ) ;
#5265 = CARTESIAN_POINT ( 'NONE',  ( -8.703175183870934362, 0.000000000000000000, -15.42482235592523843 ) ) ;
#5266 = CARTESIAN_POINT ( 'NONE',  ( -14.08328108274093893, 53.58999999999999631, 3.106205588981306942 ) ) ;
#5267 = CARTESIAN_POINT ( 'NONE',  ( 5.719368572346038349, 5.500000000000000000, 9.906236954515931004 ) ) ;
#5268 = VERTEX_POINT ( 'NONE', #3555 ) ;
#5269 = ADVANCED_FACE ( 'NONE', ( #4303 ), #10434, .T. ) ;
#5270 = VERTEX_POINT ( 'NONE', #860 ) ;
#5271 = CARTESIAN_POINT ( 'NONE',  ( -10.09167008377262142, 51.99940408041244666, 23.84301849743543400 ) ) ;
#5272 = ORIENTED_EDGE ( 'NONE', *, *, #10214, .T. ) ;
#5273 = LINE ( 'NONE', #8817, #2743 ) ;
#5274 = CARTESIAN_POINT ( 'NONE',  ( 0.000000000000000000, 0.000000000000000000, 6.999998126899999562 ) ) ;
#5275 = EDGE_CURVE ( 'NONE', #3746, #6408, #10462, .T. ) ;
#5276 = EDGE_CURVE ( 'NONE', #2168, #3253, #7841, .T. ) ;
#5277 = CARTESIAN_POINT ( 'NONE',  ( 13.33328085541092989, 0.000000000000000000, 3.106205588981312271 ) ) ;
#5278 = CARTESIAN_POINT ( 'NONE',  ( -8.703175183870934362, 0.000000000000000000, -15.42482235592523843 ) ) ;
#5279 = ORIENTED_EDGE ( 'NONE', *, *, #3537, .F. ) ;
#5280 = ADVANCED_FACE ( 'NONE', ( #3838 ), #5677, .T. ) ;
#5281 = EDGE_CURVE ( 'NONE', #8864, #1393, #942, .T. ) ;
#5282 = EDGE_CURVE ( 'NONE', #758, #2964, #2239, .T. ) ;
#5283 = AXIS2_PLACEMENT_3D ( 'NONE', #10130, #2274, #4903 ) ;
#5284 = EDGE_LOOP ( 'NONE', ( #4696, #1946, #6525, #7106 ) ) ;
#5285 = CARTESIAN_POINT ( 'NONE',  ( -9.569200587655368295, 53.58999999999999631, 14.92482235592524553 ) ) ;
#5286 = VERTEX_POINT ( 'NONE', #8070 ) ;
#5287 = DIRECTION ( 'NONE',  ( -0.000000000000000000, -1.000000000000000000, -0.000000000000000000 ) ) ;
#5288 = CARTESIAN_POINT ( 'NONE',  ( 5.871131188989440197, 0.000000000000000000, -9.818616766943927487 ) ) ;
#5289 = ORIENTED_EDGE ( 'NONE', *, *, #2804, .F. ) ;
#5290 = ORIENTED_EDGE ( 'NONE', *, *, #4360, .F. ) ;
#5291 = FACE_BOUND ( 'NONE', #8196, .T. ) ;
#5292 = DIRECTION ( 'NONE',  ( 3.330669073875469621E-15, 0.000000000000000000, 1.000000000000000000 ) ) ;
#5293 = ORIENTED_EDGE ( 'NONE', *, *, #7085, .T. ) ;
#5294 = VECTOR ( 'NONE', #120, 1000.000000000000000 ) ;
#5295 = DIRECTION ( 'NONE',  ( -0.8660254037844407060, 0.000000000000000000, -0.4999999999999966138 ) ) ;
#5296 = LINE ( 'NONE', #140, #2588 ) ;
#5297 = ORIENTED_EDGE ( 'NONE', *, *, #2815, .F. ) ;
#5298 = EDGE_CURVE ( 'NONE', #9495, #5249, #1085, .T. ) ;
#5299 = DIRECTION ( 'NONE',  ( -1.000000000000000000, 0.000000000000000000, 3.330669073875469621E-15 ) ) ;
#5300 = VECTOR ( 'NONE', #5011, 1000.000000000000000 ) ;
#5301 = CARTESIAN_POINT ( 'NONE',  ( -7.487156820103886723, 0.000000000000000000, 11.31861676694393459 ) ) ;
#5302 = FACE_OUTER_BOUND ( 'NONE', #3064, .T. ) ;
#5303 = ORIENTED_EDGE ( 'NONE', *, *, #5010, .F. ) ;
#5304 = VERTEX_POINT ( 'NONE', #6419 ) ;
#5305 = LINE ( 'NONE', #4445, #9031 ) ;
#5306 = DIRECTION ( 'NONE',  ( -0.000000000000000000, 1.000000000000000000, -0.000000000000000000 ) ) ;
#5307 = ORIENTED_EDGE ( 'NONE', *, *, #10945, .T. ) ;
#5308 = CARTESIAN_POINT ( 'NONE',  ( 7.087149552756485171, 53.58999999999999631, 13.92482235592524020 ) ) ;
#5309 = DIRECTION ( 'NONE',  ( 0.8660254037844368202, -0.000000000000000000, -0.5000000000000032196 ) ) ;
#5310 = CARTESIAN_POINT ( 'NONE',  ( 5.544372092354687531, 5.500000000000000000, -9.603134160025371457 ) ) ;
#5311 = VECTOR ( 'NONE', #581, 999.9999999999998863 ) ;
#5312 = FACE_OUTER_BOUND ( 'NONE', #2149, .T. ) ;
#5313 = ORIENTED_EDGE ( 'NONE', *, *, #1974, .F. ) ;
#5314 = VECTOR ( 'NONE', #2293, 1000.000000000000000 ) ;
#5315 = DIRECTION ( 'NONE',  ( 0.000000000000000000, 0.000000000000000000, 1.000000000000000000 ) ) ;
#5316 = CARTESIAN_POINT ( 'NONE',  ( -12.86726271897389040, 53.58999999999999631, -6.212411177962618325 ) ) ;
#5317 = PLANE ( 'NONE',  #8966 ) ;
#5318 = DIRECTION ( 'NONE',  ( 1.000000000000000000, 0.000000000000000000, 0.000000000000000000 ) ) ;
#5319 = CARTESIAN_POINT ( 'NONE',  ( 2.923062017653524247, 0.000000000000000000, 14.92482235592524376 ) ) ;
#5320 = DIRECTION ( 'NONE',  ( 0.8660254037844404840, 0.000000000000000000, 0.4999999999999968359 ) ) ;
#5321 = AXIS2_PLACEMENT_3D ( 'NONE', #6847, #5875, #3358 ) ;
#5322 = ORIENTED_EDGE ( 'NONE', *, *, #9339, .F. ) ;
#5323 = VECTOR ( 'NONE', #2953, 1000.000000000000000 ) ;
#5324 = ADVANCED_FACE ( 'NONE', ( #346 ), #3043, .T. ) ;
#5325 = ORIENTED_EDGE ( 'NONE', *, *, #9273, .F. ) ;
#5326 = CARTESIAN_POINT ( 'NONE',  ( 6.585393976130476723, 5.500000000000000000, 11.40623695451592212 ) ) ;
#5327 = EDGE_LOOP ( 'NONE', ( #10798, #10502, #2598, #2228 ) ) ;
#5328 = VECTOR ( 'NONE', #8893, 999.9999999999998863 ) ;
#5329 = CARTESIAN_POINT ( 'NONE',  ( -13.73328812275833144, 0.000000000000000000, 14.92482235592524376 ) ) ;
#5330 = AXIS2_PLACEMENT_3D ( 'NONE', #466, #5739, #2180 ) ;
#5331 = EDGE_CURVE ( 'NONE', #4383, #4953, #10285, .T. ) ;
#5332 = FACE_OUTER_BOUND ( 'NONE', #1410, .T. ) ;
#5333 = LINE ( 'NONE', #69, #4052 ) ;
#5334 = CARTESIAN_POINT ( 'NONE',  ( -6.947890512954209008, 5.500000000000000000, 12.03409937386258655 ) ) ;
#5335 = ORIENTED_EDGE ( 'NONE', *, *, #11251, .T. ) ;
#5336 = VECTOR ( 'NONE', #6828, 1000.000000000000000 ) ;
#5337 = VECTOR ( 'NONE', #242, 1000.000000000000114 ) ;
#5338 = VECTOR ( 'NONE', #2275, 1000.000000000000000 ) ;
#5339 = EDGE_CURVE ( 'NONE', #1359, #529, #1203, .T. ) ;
#5340 = VERTEX_POINT ( 'NONE', #4589 ) ;
#5341 = EDGE_CURVE ( 'NONE', #5401, #6822, #10897, .T. ) ;
#5342 = PLANE ( 'NONE',  #5174 ) ;
#5343 = EDGE_CURVE ( 'NONE', #7626, #193, #4759, .T. ) ;
#5344 = ORIENTED_EDGE ( 'NONE', *, *, #2527, .F. ) ;
#5345 = DIRECTION ( 'NONE',  ( -0.000000000000000000, 1.000000000000000000, -0.000000000000000000 ) ) ;
#5346 = CARTESIAN_POINT ( 'NONE',  ( 0.000000000000000000, 0.000000000000000000, -18.50000000000000355 ) ) ;
#5347 = ORIENTED_EDGE ( 'NONE', *, *, #1262, .T. ) ;
#5348 = ORIENTED_EDGE ( 'NONE', *, *, #1797, .F. ) ;
#5349 = FACE_BOUND ( 'NONE', #1770, .T. ) ;
#5350 = LINE ( 'NONE', #192, #10882 ) ;
#5351 = AXIS2_PLACEMENT_3D ( 'NONE', #2055, #9969, #5555 ) ;
#5352 = ORIENTED_EDGE ( 'NONE', *, *, #90, .T. ) ;
#5353 = VECTOR ( 'NONE', #2570, 1000.000000000000000 ) ;
#5354 = DIRECTION ( 'NONE',  ( 0.000000000000000000, 0.000000000000000000, 1.000000000000000000 ) ) ;
#5355 = DIRECTION ( 'NONE',  ( -0.000000000000000000, 1.000000000000000000, -0.000000000000000000 ) ) ;
#5356 = ORIENTED_EDGE ( 'NONE', *, *, #469, .T. ) ;
#5357 = LINE ( 'NONE', #3689, #203 ) ;
#5358 = VECTOR ( 'NONE', #2817, 1000.000000000000000 ) ;
#5359 = EDGE_CURVE ( 'NONE', #10396, #7229, #8244, .T. ) ;
#5360 = LINE ( 'NONE', #11266, #7662 ) ;
#5361 = LINE ( 'NONE', #2027, #10108 ) ;
#5362 = EDGE_CURVE ( 'NONE', #1607, #5256, #8306, .T. ) ;
#5363 = VERTEX_POINT ( 'NONE', #9058 ) ;
#5364 = ORIENTED_EDGE ( 'NONE', *, *, #4652, .T. ) ;
#5365 = CARTESIAN_POINT ( 'NONE',  ( 10.00284287717691178, 52.28232689208745398, -0.2207607335925135250 ) ) ;
#5366 = DIRECTION ( 'NONE',  ( -0.8660254037844369313, -0.000000000000000000, 0.5000000000000029976 ) ) ;
#5367 = ORIENTED_EDGE ( 'NONE', *, *, #10724, .T. ) ;
#5368 = CARTESIAN_POINT ( 'NONE',  ( 8.819200360325368138, 53.58999999999999631, 14.92482235592523487 ) ) ;
#5369 = CARTESIAN_POINT ( 'NONE',  ( -1.241025517449442006, 5.500000000000000000, 13.92482235592524020 ) ) ;
#5370 = EDGE_CURVE ( 'NONE', #6884, #7941, #7395, .T. ) ;
#5371 = VECTOR ( 'NONE', #11269, 1000.000000000000000 ) ;
#5372 = LINE ( 'NONE', #3587, #9739 ) ;
#5373 = DIRECTION ( 'NONE',  ( 0.8660254037844407060, 0.000000000000000000, 0.4999999999999965583 ) ) ;
#5374 = CARTESIAN_POINT ( 'NONE',  ( 16.90222591453325407, 67.84000000000000341, 18.49999999999999645 ) ) ;
#5375 = VECTOR ( 'NONE', #2137, 1000.000000000000000 ) ;
#5376 = ORIENTED_EDGE ( 'NONE', *, *, #10036, .F. ) ;
#5377 = DIRECTION ( 'NONE',  ( 1.000000000000000000, 0.000000000000000000, -3.663735981263016583E-15 ) ) ;
#5378 = CARTESIAN_POINT ( 'NONE',  ( 3.462328324803229940, 5.500000000000000000, 5.996928571043985023 ) ) ;
#5379 = ORIENTED_EDGE ( 'NONE', *, *, #4867, .F. ) ;
#5380 = DIRECTION ( 'NONE',  ( 0.8660254037844407060, 0.000000000000000000, 0.4999999999999966138 ) ) ;
#5381 = CARTESIAN_POINT ( 'NONE',  ( 3.789087421437957293, 5.500000000000000000, 13.42482235592524020 ) ) ;
#5382 = ADVANCED_FACE ( 'NONE', ( #5621 ), #409, .T. ) ;
#5383 = ORIENTED_EDGE ( 'NONE', *, *, #5341, .T. ) ;
#5384 = PLANE ( 'NONE',  #6262 ) ;
#5385 = CARTESIAN_POINT ( 'NONE',  ( -14.08328108274093360, 53.58999999999999631, 4.106205588981307386 ) ) ;
#5386 = ORIENTED_EDGE ( 'NONE', *, *, #11303, .F. ) ;
#5387 = CIRCLE ( 'NONE', #72, 1.549999999999999600 ) ;
#5388 = VERTEX_POINT ( 'NONE', #3959 ) ;
#5389 = LINE ( 'NONE', #3603, #6566 ) ;
#5390 = VECTOR ( 'NONE', #3928, 1000.000000000000000 ) ;
#5391 = ORIENTED_EDGE ( 'NONE', *, *, #6125, .F. ) ;
#5392 = DIRECTION ( 'NONE',  ( 1.000000000000000000, -0.000000000000000000, -0.000000000000000000 ) ) ;
#5393 = ADVANCED_FACE ( 'NONE', ( #7445 ), #10946, .T. ) ;
#5394 = CYLINDRICAL_SURFACE ( 'NONE', #1898, 2.000000000000000000 ) ;
#5395 = DIRECTION ( 'NONE',  ( 0.8660254037844369313, 0.000000000000000000, -0.5000000000000029976 ) ) ;
#5396 = CARTESIAN_POINT ( 'NONE',  ( -5.405113052552409592, 53.58999999999999631, -14.92482235592523487 ) ) ;
#5397 = LINE ( 'NONE', #10603, #3501 ) ;
#5398 = ORIENTED_EDGE ( 'NONE', *, *, #8481, .F. ) ;
#5399 = VECTOR ( 'NONE', #10209, 1000.000000000000000 ) ;
#5400 = EDGE_CURVE ( 'NONE', #2171, #7540, #7227, .T. ) ;
#5401 = VERTEX_POINT ( 'NONE', #6358 ) ;
#5402 = PLANE ( 'NONE',  #10294 ) ;
#5403 = ORIENTED_EDGE ( 'NONE', *, *, #5370, .T. ) ;
#5404 = PLANE ( 'NONE',  #11027 ) ;
#5405 = CARTESIAN_POINT ( 'NONE',  ( 9.169193320307970296, 53.58999999999999631, 11.31861676694393104 ) ) ;
#5406 = ORIENTED_EDGE ( 'NONE', *, *, #8475, .F. ) ;
#5407 = EDGE_CURVE ( 'NONE', #9444, #5633, #8999, .T. ) ;
#5408 = EDGE_LOOP ( 'NONE', ( #1023, #5778, #534, #8365 ) ) ;
#5409 = FACE_OUTER_BOUND ( 'NONE', #6675, .T. ) ;
#5410 = CARTESIAN_POINT ( 'NONE',  ( 14.16693041227982341, 52.28232689208745398, -7.433171911555064959 ) ) ;
#5411 = VECTOR ( 'NONE', #7079, 1000.000000000000000 ) ;
#5412 = ORIENTED_EDGE ( 'NONE', *, *, #2943, .T. ) ;
#5413 = DIRECTION ( 'NONE',  ( -0.000000000000000000, 1.000000000000000000, -0.000000000000000000 ) ) ;
#5414 = DIRECTION ( 'NONE',  ( 0.8660254037844368202, -0.000000000000000000, -0.5000000000000032196 ) ) ;
#5415 = ORIENTED_EDGE ( 'NONE', *, *, #2126, .F. ) ;
#5416 = CARTESIAN_POINT ( 'NONE',  ( 12.11726249164388491, 0.000000000000000000, -13.42482235592523665 ) ) ;
#5417 = EDGE_CURVE ( 'NONE', #11254, #3163, #2463, .T. ) ;
#5418 = VERTEX_POINT ( 'NONE', #10150 ) ;
#5419 = LINE ( 'NONE', #8899, #8996 ) ;
#5420 = EDGE_LOOP ( 'NONE', ( #11316, #5557, #10453, #6773 ) ) ;
#5421 = ORIENTED_EDGE ( 'NONE', *, *, #4054, .F. ) ;
#5422 = LINE ( 'NONE', #946, #4273 ) ;
#5423 = LINE ( 'NONE', #2838, #6674 ) ;
#5424 = VERTEX_POINT ( 'NONE', #11062 ) ;
#5425 = LINE ( 'NONE', #9715, #4039 ) ;
#5426 = CARTESIAN_POINT ( 'NONE',  ( -13.73328812275833144, 0.000000000000000000, 14.92482235592524376 ) ) ;
#5427 = ADVANCED_FACE ( 'NONE', ( #6869 ), #4989, .F. ) ;
#5428 = DIRECTION ( 'NONE',  ( 0.000000000000000000, 0.000000000000000000, -1.000000000000000000 ) ) ;
#5429 = ADVANCED_FACE ( 'NONE', ( #10201 ), #11002, .T. ) ;
#5430 = ADVANCED_FACE ( 'NONE', ( #9230 ), #10369, .T. ) ;
#5431 = EDGE_CURVE ( 'NONE', #10185, #7292, #10253, .T. ) ;
#5432 = DIRECTION ( 'NONE',  ( 0.000000000000000000, 0.000000000000000000, -1.000000000000000000 ) ) ;
#5433 = PLANE ( 'NONE',  #2036 ) ;
#5434 = EDGE_LOOP ( 'NONE', ( #8624, #10564, #11297, #967 ) ) ;
#5435 = CARTESIAN_POINT ( 'NONE',  ( -3.673062244983528846, 53.58999999999999631, -13.92482235592524020 ) ) ;
#5436 = LINE ( 'NONE', #1066, #7190 ) ;
#5437 = ORIENTED_EDGE ( 'NONE', *, *, #4150, .F. ) ;
#5438 = DIRECTION ( 'NONE',  ( 0.8660254037844407060, 0.000000000000000000, 0.4999999999999965583 ) ) ;
#5439 = PLANE ( 'NONE',  #5586 ) ;
#5440 = CARTESIAN_POINT ( 'NONE',  ( 12.98328789542832418, 5.500000000000000000, 6.712411177962614772 ) ) ;
#5441 = DIRECTION ( 'NONE',  ( -0.8660254037844407060, 0.000000000000000000, -0.4999999999999966138 ) ) ;
#5442 = ORIENTED_EDGE ( 'NONE', *, *, #11164, .T. ) ;
#5443 = EDGE_LOOP ( 'NONE', ( #4618, #8423, #11288, #5167, #7959, #2380 ) ) ;
#5444 = DIRECTION ( 'NONE',  ( -0.000000000000000000, 1.000000000000000000, -0.000000000000000000 ) ) ;
#5445 = EDGE_LOOP ( 'NONE', ( #258, #2334, #2415, #3373, #5516, #10618 ) ) ;
#5446 = CARTESIAN_POINT ( 'NONE',  ( 12.98328789542832595, 0.000000000000000000, 0.4999999999999983902 ) ) ;
#5447 = LINE ( 'NONE', #2124, #803 ) ;
#5448 = DIRECTION ( 'NONE',  ( 0.000000000000000000, 1.000000000000000000, -0.000000000000000000 ) ) ;
#5449 = LINE ( 'NONE', #5229, #404 ) ;
#5450 = CARTESIAN_POINT ( 'NONE',  ( 6.737156592773878572, 5.500000000000000000, 10.31861676694392571 ) ) ;
#5451 = ORIENTED_EDGE ( 'NONE', *, *, #4150, .T. ) ;
#5452 = ADVANCED_FACE ( 'NONE', ( #6650 ), #4122, .T. ) ;
#5453 = DIRECTION ( 'NONE',  ( -0.8660254037844404840, -0.000000000000000000, -0.4999999999999968359 ) ) ;
#5454 = ORIENTED_EDGE ( 'NONE', *, *, #171, .F. ) ;
#5455 = LINE ( 'NONE', #9504, #4253 ) ;
#5456 = DIRECTION ( 'NONE',  ( 1.000000000000000000, 0.000000000000000000, 0.000000000000000000 ) ) ;
#5457 = ORIENTED_EDGE ( 'NONE', *, *, #10328, .T. ) ;
#5458 = VERTEX_POINT ( 'NONE', #3264 ) ;
#5459 = CARTESIAN_POINT ( 'NONE',  ( -20.95000000000000639, 5.500000000000000000, 0.000000000000000000 ) ) ;
#5460 = DIRECTION ( 'NONE',  ( 1.000000000000000000, 0.000000000000000000, -3.663735981263016583E-15 ) ) ;
#5461 = VERTEX_POINT ( 'NONE', #1482 ) ;
#5462 = CARTESIAN_POINT ( 'NONE',  ( 5.871131188989433092, 53.58999999999999631, -11.81861676694392926 ) ) ;
#5463 = LINE ( 'NONE', #10566, #3327 ) ;
#5464 = ORIENTED_EDGE ( 'NONE', *, *, #920, .T. ) ;
#5465 = CARTESIAN_POINT ( 'NONE',  ( -14.08328108274093360, 0.000000000000000000, -3.106205588981312271 ) ) ;
#5466 = VECTOR ( 'NONE', #4686, 1000.000000000000114 ) ;
#5467 = EDGE_CURVE ( 'NONE', #4137, #8690, #8584, .T. ) ;
#5468 = ORIENTED_EDGE ( 'NONE', *, *, #4515, .T. ) ;
#5469 = CARTESIAN_POINT ( 'NONE',  ( -12.86726271897389040, 0.000000000000000000, 15.42482235592523843 ) ) ;
#5470 = ORIENTED_EDGE ( 'NONE', *, *, #10431, .F. ) ;
#5471 = VECTOR ( 'NONE', #6821, 1000.000000000000000 ) ;
#5472 = VERTEX_POINT ( 'NONE', #7725 ) ;
#5473 = CYLINDRICAL_SURFACE ( 'NONE', #427, 2.000000000000000000 ) ;
#5474 = FACE_BOUND ( 'NONE', #6529, .T. ) ;
#5475 = ORIENTED_EDGE ( 'NONE', *, *, #4722, .T. ) ;
#5476 = FACE_OUTER_BOUND ( 'NONE', #6157, .T. ) ;
#5477 = CARTESIAN_POINT ( 'NONE',  ( -16.00000000000000355, 67.84000000000000341, 18.49999999999999645 ) ) ;
#5478 = LINE ( 'NONE', #4624, #4862 ) ;
#5479 = ADVANCED_FACE ( 'NONE', ( #1426 ), #7559, .T. ) ;
#5480 = DIRECTION ( 'NONE',  ( 0.8660254037844369313, 0.000000000000000000, -0.5000000000000029976 ) ) ;
#5481 = VECTOR ( 'NONE', #3375, 1000.000000000000000 ) ;
#5482 = FACE_OUTER_BOUND ( 'NONE', #8433, .T. ) ;
#5483 = LINE ( 'NONE', #2847, #8059 ) ;
#5484 = ORIENTED_EDGE ( 'NONE', *, *, #4016, .F. ) ;
#5485 = EDGE_CURVE ( 'NONE', #2583, #6686, #9397, .T. ) ;
#5486 = EDGE_CURVE ( 'NONE', #8892, #7618, #8356, .T. ) ;
#5487 = CARTESIAN_POINT ( 'NONE',  ( 11.25123708785944388, 0.000000000000000000, -7.712411177962617437 ) ) ;
#5488 = LINE ( 'NONE', #6171, #609 ) ;
#5489 = ORIENTED_EDGE ( 'NONE', *, *, #6401, .F. ) ;
#5490 = FACE_OUTER_BOUND ( 'NONE', #4334, .T. ) ;
#5491 = VECTOR ( 'NONE', #3564, 999.9999999999998863 ) ;
#5492 = PLANE ( 'NONE',  #9426 ) ;
#5493 = DIRECTION ( 'NONE',  ( -0.000000000000000000, 1.000000000000000000, -0.000000000000000000 ) ) ;
#5494 = LINE ( 'NONE', #8980, #383 ) ;
#5495 = ORIENTED_EDGE ( 'NONE', *, *, #4375, .F. ) ;
#5496 = VECTOR ( 'NONE', #4755, 999.9999999999998863 ) ;
#5497 = ORIENTED_EDGE ( 'NONE', *, *, #4310, .F. ) ;
#5498 = FACE_OUTER_BOUND ( 'NONE', #7788, .T. ) ;
#5499 = VERTEX_POINT ( 'NONE', #8406 ) ;
#5500 = EDGE_CURVE ( 'NONE', #10511, #7710, #2346, .T. ) ;
#5501 = CARTESIAN_POINT ( 'NONE',  ( -5.755106012535013527, 5.500000000000000000, 10.31861676694392571 ) ) ;
#5502 = AXIS2_PLACEMENT_3D ( 'NONE', #5741, #9231, #7228 ) ;
#5503 = CARTESIAN_POINT ( 'NONE',  ( -12.00123731518945647, 53.58999999999999631, -0.5000000000000029976 ) ) ;
#5504 = DIRECTION ( 'NONE',  ( -0.000000000000000000, 1.000000000000000000, -0.000000000000000000 ) ) ;
#5505 = CARTESIAN_POINT ( 'NONE',  ( -5.755106012535013527, 53.58999999999999631, 10.31861676694392571 ) ) ;
#5506 = FACE_BOUND ( 'NONE', #2049, .T. ) ;
#5507 = EDGE_LOOP ( 'NONE', ( #8015, #2438, #1523, #2083 ) ) ;
#5508 = VECTOR ( 'NONE', #2882, 999.9999999999998863 ) ;
#5509 = VECTOR ( 'NONE', #2155, 1000.000000000000000 ) ;
#5510 = VECTOR ( 'NONE', #8181, 1000.000000000000000 ) ;
#5511 = PLANE ( 'NONE',  #2243 ) ;
#5512 = VERTEX_POINT ( 'NONE', #9452 ) ;
#5513 = FACE_OUTER_BOUND ( 'NONE', #4662, .T. ) ;
#5514 = CARTESIAN_POINT ( 'NONE',  ( 8.819200360325355703, 5.500000000000000000, -14.92482235592524198 ) ) ;
#5515 = ORIENTED_EDGE ( 'NONE', *, *, #9338, .T. ) ;
#5516 = ORIENTED_EDGE ( 'NONE', *, *, #2517, .T. ) ;
#5517 = LINE ( 'NONE', #10786, #7743 ) ;
#5518 = DIRECTION ( 'NONE',  ( -1.000000000000000000, 0.000000000000000000, 3.330669073875469621E-15 ) ) ;
#5519 = ORIENTED_EDGE ( 'NONE', *, *, #10868, .F. ) ;
#5520 = FACE_OUTER_BOUND ( 'NONE', #4816, .T. ) ;
#5521 = DIRECTION ( 'NONE',  ( -0.000000000000000000, 1.000000000000000000, -0.000000000000000000 ) ) ;
#5522 = AXIS2_PLACEMENT_3D ( 'NONE', #10029, #459, #6698 ) ;
#5523 = EDGE_LOOP ( 'NONE', ( #10408, #8853, #8943, #4444 ) ) ;
#5524 = VECTOR ( 'NONE', #4590, 1000.000000000000000 ) ;
#5525 = VECTOR ( 'NONE', #10379, 1000.000000000000114 ) ;
#5526 = LINE ( 'NONE', #4434, #739 ) ;
#5527 = VECTOR ( 'NONE', #1225, 1000.000000000000114 ) ;
#5528 = ORIENTED_EDGE ( 'NONE', *, *, #3939, .T. ) ;
#5529 = CARTESIAN_POINT ( 'NONE',  ( -10.78521895142241505, 53.58999999999999631, 9.818616766943931040 ) ) ;
#5530 = CIRCLE ( 'NONE', #4613, 9.800000000000002487 ) ;
#5531 = VECTOR ( 'NONE', #7320, 1000.000000000000000 ) ;
#5532 = ORIENTED_EDGE ( 'NONE', *, *, #859, .F. ) ;
#5533 = VECTOR ( 'NONE', #76, 999.9999999999998863 ) ;
#5534 = VERTEX_POINT ( 'NONE', #1593 ) ;
#5535 = DIRECTION ( 'NONE',  ( -0.000000000000000000, 1.000000000000000000, -0.000000000000000000 ) ) ;
#5536 = CARTESIAN_POINT ( 'NONE',  ( -0.3750001136650100153, 0.000000000000000000, -15.42482235592523843 ) ) ;
#5537 = VERTEX_POINT ( 'NONE', #4233 ) ;
#5538 = CARTESIAN_POINT ( 'NONE',  ( -12.00123731518945291, 5.500000000000000000, 7.712411177962617437 ) ) ;
#5539 = LINE ( 'NONE', #11281, #7723 ) ;
#5540 = DIRECTION ( 'NONE',  ( -1.000000000000000000, 0.000000000000000000, 0.000000000000000000 ) ) ;
#5541 = EDGE_CURVE ( 'NONE', #9010, #7582, #5844, .T. ) ;
#5542 = DIRECTION ( 'NONE',  ( -0.000000000000000000, 1.000000000000000000, 0.000000000000000000 ) ) ;
#5543 = AXIS2_PLACEMENT_3D ( 'NONE', #5202, #7820, #2720 ) ;
#5544 = VECTOR ( 'NONE', #8368, 1000.000000000000000 ) ;
#5545 = DIRECTION ( 'NONE',  ( -0.8660254037844369313, 0.000000000000000000, 0.5000000000000029976 ) ) ;
#5546 = ADVANCED_FACE ( 'NONE', ( #4173 ), #735, .T. ) ;
#5547 = FACE_OUTER_BOUND ( 'NONE', #6768, .T. ) ;
#5548 = ORIENTED_EDGE ( 'NONE', *, *, #6489, .T. ) ;
#5549 = DIRECTION ( 'NONE',  ( -3.663735981263016583E-15, 0.000000000000000000, -1.000000000000000000 ) ) ;
#5550 = CARTESIAN_POINT ( 'NONE',  ( 12.98328789542833306, 0.000000000000000000, 14.92482235592523487 ) ) ;
#5551 = VECTOR ( 'NONE', #3770, 999.9999999999998863 ) ;
#5552 = ORIENTED_EDGE ( 'NONE', *, *, #1278, .F. ) ;
#5553 = CARTESIAN_POINT ( 'NONE',  ( 0.000000000000000000, 0.000000000000000000, 5.449998126899999740 ) ) ;
#5554 = DIRECTION ( 'NONE',  ( 3.330669073875469621E-15, 0.000000000000000000, 1.000000000000000000 ) ) ;
#5555 = DIRECTION ( 'NONE',  ( 0.000000000000000000, 0.000000000000000000, 1.000000000000000000 ) ) ;
#5556 = CARTESIAN_POINT ( 'NONE',  ( -1.241025517449447113, 53.58999999999999631, -14.92482235592523487 ) ) ;
#5557 = ORIENTED_EDGE ( 'NONE', *, *, #6309, .F. ) ;
#5558 = EDGE_CURVE ( 'NONE', #7441, #8095, #512, .T. ) ;
#5559 = AXIS2_PLACEMENT_3D ( 'NONE', #5705, #10971, #1284 ) ;
#5560 = VERTEX_POINT ( 'NONE', #7664 ) ;
#5561 = DIRECTION ( 'NONE',  ( -3.663735981263016583E-15, -0.000000000000000000, -1.000000000000000000 ) ) ;
#5562 = VERTEX_POINT ( 'NONE', #850 ) ;
#5563 = DIRECTION ( 'NONE',  ( -0.8660254037844369313, -0.000000000000000000, 0.5000000000000029976 ) ) ;
#5564 = CARTESIAN_POINT ( 'NONE',  ( 7.087149552756485171, 0.000000000000000000, 13.92482235592524020 ) ) ;
#5565 = CARTESIAN_POINT ( 'NONE',  ( -11.65124435520685076, 0.000000000000000000, 11.31861676694393459 ) ) ;
#5566 = VECTOR ( 'NONE', #7239, 1000.000000000000000 ) ;
#5567 = DIRECTION ( 'NONE',  ( 0.8660254037844404840, 0.000000000000000000, 0.4999999999999968359 ) ) ;
#5568 = FACE_BOUND ( 'NONE', #4523, .T. ) ;
#5569 = ORIENTED_EDGE ( 'NONE', *, *, #5370, .F. ) ;
#5570 = EDGE_CURVE ( 'NONE', #4606, #5667, #1649, .T. ) ;
#5571 = EDGE_CURVE ( 'NONE', #5537, #4659, #3430, .T. ) ;
#5572 = EDGE_CURVE ( 'NONE', #8805, #4843, #115, .T. ) ;
#5573 = VECTOR ( 'NONE', #8500, 1000.000000000000000 ) ;
#5574 = CARTESIAN_POINT ( 'NONE',  ( -12.00123731518945647, 53.58999999999999631, -14.92482235592524198 ) ) ;
#5575 = ORIENTED_EDGE ( 'NONE', *, *, #2829, .T. ) ;
#5576 = CARTESIAN_POINT ( 'NONE',  ( -9.569200587655368295, 0.000000000000000000, 14.92482235592524376 ) ) ;
#5577 = PLANE ( 'NONE',  #2376 ) ;
#5578 = VERTEX_POINT ( 'NONE', #4517 ) ;
#5579 = ORIENTED_EDGE ( 'NONE', *, *, #9336, .F. ) ;
#5580 = LINE ( 'NONE', #3913, #439 ) ;
#5581 = CARTESIAN_POINT ( 'NONE',  ( 3.789087421437959069, 0.000000000000000000, -13.42482235592523665 ) ) ;
#5582 = EDGE_LOOP ( 'NONE', ( #3647, #3778, #1717, #10507 ) ) ;
#5583 = CARTESIAN_POINT ( 'NONE',  ( 8.819200360325368138, 0.000000000000000000, 14.92482235592523487 ) ) ;
#5584 = CARTESIAN_POINT ( 'NONE',  ( 16.00000000000000355, 67.84000000000000341, 7.099999999999995204 ) ) ;
#5585 = ORIENTED_EDGE ( 'NONE', *, *, #9219, .F. ) ;
#5586 = AXIS2_PLACEMENT_3D ( 'NONE', #3650, #8866, #1940 ) ;
#5587 = FACE_OUTER_BOUND ( 'NONE', #4707, .T. ) ;
#5588 = EDGE_LOOP ( 'NONE', ( #579, #3998 ) ) ;
#5589 = LINE ( 'NONE', #9080, #6629 ) ;
#5590 = VECTOR ( 'NONE', #4733, 1000.000000000000000 ) ;
#5591 = ORIENTED_EDGE ( 'NONE', *, *, #1404, .T. ) ;
#5592 = ORIENTED_EDGE ( 'NONE', *, *, #10514, .F. ) ;
#5593 = CARTESIAN_POINT ( 'NONE',  ( 12.98328789542832951, 53.58999999999999631, 7.712411177962615660 ) ) ;
#5594 = CARTESIAN_POINT ( 'NONE',  ( 15.03295581606426090, 52.28232689208745398, -8.933171911555072953 ) ) ;
#5595 = DIRECTION ( 'NONE',  ( -0.8660254037844369313, -0.000000000000000000, 0.5000000000000029976 ) ) ;
#5596 = CARTESIAN_POINT ( 'NONE',  ( -4.539087648767972105, 5.500000000000000000, -15.42482235592523843 ) ) ;
#5597 = CARTESIAN_POINT ( 'NONE',  ( 20.95000000000000284, 59.69999999999997442, 10.25000000000000178 ) ) ;
#5598 = CARTESIAN_POINT ( 'NONE',  ( 7.953174956540914664, 0.000000000000000000, -15.42482235592523843 ) ) ;
#5599 = CARTESIAN_POINT ( 'NONE',  ( 2.596302921018716070, 5.500000000000000000, -4.496928571043940615 ) ) ;
#5600 = EDGE_CURVE ( 'NONE', #11082, #2428, #11282, .T. ) ;
#5601 = DIRECTION ( 'NONE',  ( 0.000000000000000000, 0.000000000000000000, -1.000000000000000000 ) ) ;
#5602 = ORIENTED_EDGE ( 'NONE', *, *, #6343, .T. ) ;
#5603 = DIRECTION ( 'NONE',  ( -0.000000000000000000, 1.000000000000000000, 0.000000000000000000 ) ) ;
#5604 = ORIENTED_EDGE ( 'NONE', *, *, #11005, .F. ) ;
#5605 = DIRECTION ( 'NONE',  ( 0.000000000000000000, 0.000000000000000000, -1.000000000000000000 ) ) ;
#5606 = LINE ( 'NONE', #5829, #1726 ) ;
#5607 = VERTEX_POINT ( 'NONE', #7092 ) ;
#5608 = DIRECTION ( 'NONE',  ( 0.8660254037844407060, 0.000000000000000000, 0.4999999999999965583 ) ) ;
#5609 = CARTESIAN_POINT ( 'NONE',  ( -18.26838979568740129, 58.58999999999999631, 9.605637215151624275 ) ) ;
#5610 = ADVANCED_FACE ( 'NONE', ( #2571 ), #5384, .T. ) ;
#5611 = ORIENTED_EDGE ( 'NONE', *, *, #5500, .F. ) ;
#5612 = ORIENTED_EDGE ( 'NONE', *, *, #8425, .F. ) ;
#5613 = ADVANCED_FACE ( 'NONE', ( #1713 ), #9670, .T. ) ;
#5614 = ORIENTED_EDGE ( 'NONE', *, *, #3724, .F. ) ;
#5615 = CARTESIAN_POINT ( 'NONE',  ( 3.789087421437952408, 0.000000000000000000, -15.42482235592523843 ) ) ;
#5616 = COORDINATED_UNIVERSAL_TIME_OFFSET ( 8, 0, .AHEAD. ) ;
#5617 = EDGE_LOOP ( 'NONE', ( #2208, #2336, #8002, #10504, #2388, #5929 ) ) ;
#5618 = DIRECTION ( 'NONE',  ( -0.5000000000000029976, 0.000000000000000000, -0.8660254037844369313 ) ) ;
#5619 = CARTESIAN_POINT ( 'NONE',  ( 5.719368572346026802, 5.500000000000000000, 9.906236954515911464 ) ) ;
#5620 = FACE_OUTER_BOUND ( 'NONE', #6940, .T. ) ;
#5621 = FACE_OUTER_BOUND ( 'NONE', #11159, .T. ) ;
#5622 = CARTESIAN_POINT ( 'NONE',  ( 5.005105785204995605, 53.58999999999999631, -11.31861676694392571 ) ) ;
#5623 = ADVANCED_FACE ( 'NONE', ( #794 ), #10422, .T. ) ;
#5624 = ORIENTED_EDGE ( 'NONE', *, *, #798, .F. ) ;
#5625 = DIRECTION ( 'NONE',  ( 0.8660254037844407060, 0.000000000000000000, 0.4999999999999965583 ) ) ;
#5626 = VERTEX_POINT ( 'NONE', #2681 ) ;
#5627 = CARTESIAN_POINT ( 'NONE',  ( 5.871131188989440197, 53.58999999999999631, -9.818616766943927487 ) ) ;
#5628 = EDGE_CURVE ( 'NONE', #2848, #9677, #8000, .T. ) ;
#5629 = DIRECTION ( 'NONE',  ( -0.8660254037844368202, 0.000000000000000000, 0.5000000000000032196 ) ) ;
#5630 = EDGE_CURVE ( 'NONE', #4935, #8293, #7948, .T. ) ;
#5631 = CLOSED_SHELL ( 'NONE', ( #4763, #3214, #1416, #319, #7141, #10154, #5427, #14, #4927, #6193, #7432, #1931, #4091, #3842, #103, #9411, #2867 ) ) ;
#5632 = VERTEX_POINT ( 'NONE', #7829 ) ;
#5633 = VERTEX_POINT ( 'NONE', #7147 ) ;
#5634 = PLANE ( 'NONE',  #1702 ) ;
#5635 = VERTEX_POINT ( 'NONE', #10652 ) ;
#5636 = EDGE_CURVE ( 'NONE', #3930, #7682, #1881, .T. ) ;
#5637 = FACE_OUTER_BOUND ( 'NONE', #8271, .T. ) ;
#5638 = LINE ( 'NONE', #1273, #2959 ) ;
#5639 = EDGE_CURVE ( 'NONE', #1230, #4221, #3483, .T. ) ;
#5640 = ORIENTED_EDGE ( 'NONE', *, *, #8346, .T. ) ;
#5641 = CARTESIAN_POINT ( 'NONE',  ( 16.00000000000000355, 53.58999999999999631, 18.49999999999999645 ) ) ;
#5642 = ORIENTED_EDGE ( 'NONE', *, *, #8268, .F. ) ;
#5643 = LINE ( 'NONE', #4891, #9004 ) ;
#5644 = ORIENTED_EDGE ( 'NONE', *, *, #8536, .F. ) ;
#5645 = ORIENTED_EDGE ( 'NONE', *, *, #6552, .T. ) ;
#5646 = DIRECTION ( 'NONE',  ( 3.330669073875469621E-15, 0.000000000000000000, 1.000000000000000000 ) ) ;
#5647 = LINE ( 'NONE', #7469, #5390 ) ;
#5648 = EDGE_CURVE ( 'NONE', #10472, #6837, #1817, .T. ) ;
#5649 = ORIENTED_EDGE ( 'NONE', *, *, #7991, .F. ) ;
#5650 = DIRECTION ( 'NONE',  ( 0.4999999999999968359, 0.000000000000000000, -0.8660254037844404840 ) ) ;
#5651 = VECTOR ( 'NONE', #7595, 1000.000000000000000 ) ;
#5652 = CARTESIAN_POINT ( 'NONE',  ( -11.65124435520685253, 53.58999999999999631, -11.31861676694392571 ) ) ;
#5653 = CARTESIAN_POINT ( 'NONE',  ( -11.67201260139779784, 51.99940408041244666, 4.094215036452513168 ) ) ;
#5654 = CIRCLE ( 'NONE', #9858, 1.050000000000000488 ) ;
#5655 = FACE_OUTER_BOUND ( 'NONE', #1467, .T. ) ;
#5656 = DIRECTION ( 'NONE',  ( -0.000000000000000000, 1.000000000000000000, -0.000000000000000000 ) ) ;
#5657 = ORIENTED_EDGE ( 'NONE', *, *, #5417, .F. ) ;
#5658 = DIRECTION ( 'NONE',  ( -3.663735981263016583E-15, -0.000000000000000000, -1.000000000000000000 ) ) ;
#5659 = ORIENTED_EDGE ( 'NONE', *, *, #1640, .F. ) ;
#5660 = DIRECTION ( 'NONE',  ( -3.330669073875469621E-15, 0.000000000000000000, -1.000000000000000000 ) ) ;
#5661 = FACE_OUTER_BOUND ( 'NONE', #7846, .T. ) ;
#5662 = ORIENTED_EDGE ( 'NONE', *, *, #8751, .F. ) ;
#5663 = PLANE ( 'NONE',  #5351 ) ;
#5664 = VECTOR ( 'NONE', #3385, 999.9999999999998863 ) ;
#5665 = ADVANCED_FACE ( 'NONE', ( #4461 ), #10588, .T. ) ;
#5666 = ORIENTED_EDGE ( 'NONE', *, *, #2407, .T. ) ;
#5667 = VERTEX_POINT ( 'NONE', #1764 ) ;
#5668 = VERTEX_POINT ( 'NONE', #2732 ) ;
#5669 = CIRCLE ( 'NONE', #3640, 1.549999999999999600 ) ;
#5670 = CARTESIAN_POINT ( 'NONE',  ( 3.789087421437952408, 53.58999999999999631, -15.42482235592523843 ) ) ;
#5671 = DIRECTION ( 'NONE',  ( 0.8660254037844407060, 0.000000000000000000, 0.4999999999999965583 ) ) ;
#5672 = ORIENTED_EDGE ( 'NONE', *, *, #7423, .T. ) ;
#5673 = LINE ( 'NONE', #7494, #10256 ) ;
#5674 = DIRECTION ( 'NONE',  ( -0.000000000000000000, 1.000000000000000000, -0.000000000000000000 ) ) ;
#5675 = LINE ( 'NONE', #7393, #3132 ) ;
#5676 = EDGE_CURVE ( 'NONE', #6936, #1280, #6174, .T. ) ;
#5677 = PLANE ( 'NONE',  #9920 ) ;
#5678 = FACE_BOUND ( 'NONE', #8727, .T. ) ;
#5679 = ADVANCED_FACE ( 'NONE', ( #6229 ), #901, .T. ) ;
#5680 = VERTEX_POINT ( 'NONE', #10766 ) ;
#5681 = AXIS2_PLACEMENT_3D ( 'NONE', #8591, #5166, #5103 ) ;
#5682 = EDGE_CURVE ( 'NONE', #2652, #11224, #3032, .T. ) ;
#5683 = PLANE ( 'NONE',  #4188 ) ;
#5684 = VERTEX_POINT ( 'NONE', #3892 ) ;
#5685 = FACE_OUTER_BOUND ( 'NONE', #8551, .T. ) ;
#5686 = CIRCLE ( 'NONE', #1094, 2.000000000000001776 ) ;
#5687 = VERTEX_POINT ( 'NONE', #6526 ) ;
#5688 = CARTESIAN_POINT ( 'NONE',  ( -3.673062244983528846, 53.58999999999999631, -13.92482235592524020 ) ) ;
#5689 = CARTESIAN_POINT ( 'NONE',  ( -13.73328812275833499, 51.99940408041244666, 13.92482235592524198 ) ) ;
#5690 = DIRECTION ( 'NONE',  ( -0.8660254037844404840, -0.000000000000000000, -0.4999999999999968359 ) ) ;
#5691 = CARTESIAN_POINT ( 'NONE',  ( 0.000000000000000000, -31.67927097060420394, 0.000000000000000000 ) ) ;
#5692 = ORIENTED_EDGE ( 'NONE', *, *, #9134, .F. ) ;
#5693 = CARTESIAN_POINT ( 'NONE',  ( 3.462328324803146007, 5.500000000000000000, -5.996928571043940615 ) ) ;
#5694 = VECTOR ( 'NONE', #7188, 1000.000000000000000 ) ;
#5695 = ADVANCED_FACE ( 'NONE', ( #6468 ), #2909, .T. ) ;
#5696 = VECTOR ( 'NONE', #4109, 1000.000000000000000 ) ;
#5697 = ADVANCED_FACE ( 'NONE', ( #8979 ), #4639, .T. ) ;
#5698 = EDGE_CURVE ( 'NONE', #3978, #6299, #8923, .T. ) ;
#5699 = ORIENTED_EDGE ( 'NONE', *, *, #9841, .F. ) ;
#5700 = ADVANCED_FACE ( 'NONE', ( #452 ), #1304, .T. ) ;
#5701 = DIRECTION ( 'NONE',  ( -0.8660254037844369313, -0.000000000000000000, 0.5000000000000029976 ) ) ;
#5702 = ORIENTED_EDGE ( 'NONE', *, *, #1043, .T. ) ;
#5703 = VERTEX_POINT ( 'NONE', #1073 ) ;
#5704 = ORIENTED_EDGE ( 'NONE', *, *, #9630, .T. ) ;
#5705 = CARTESIAN_POINT ( 'NONE',  ( -13.73328812275833499, 0.000000000000000000, -14.92482235592523487 ) ) ;
#5706 = AXIS2_PLACEMENT_3D ( 'NONE', #2305, #4940, #8422 ) ;
#5707 = DIRECTION ( 'NONE',  ( 0.8660254037844404840, 0.000000000000000000, 0.4999999999999968359 ) ) ;
#5708 = VECTOR ( 'NONE', #4653, 1000.000000000000000 ) ;
#5709 = ORIENTED_EDGE ( 'NONE', *, *, #9489, .T. ) ;
#5710 = DIRECTION ( 'NONE',  ( 0.4999999999999968359, 0.000000000000000000, -0.8660254037844404840 ) ) ;
#5711 = VECTOR ( 'NONE', #4758, 1000.000000000000000 ) ;
#5712 = CARTESIAN_POINT ( 'NONE',  ( -9.029934280505790056, 5.500000000000000000, -15.64030496284381933 ) ) ;
#5713 = CARTESIAN_POINT ( 'NONE',  ( -0.3750001136650100153, 0.000000000000000000, -15.42482235592523843 ) ) ;
#5714 = EDGE_CURVE ( 'NONE', #1912, #9270, #8229, .T. ) ;
#5715 = VECTOR ( 'NONE', #8711, 1000.000000000000000 ) ;
#5716 = AXIS2_PLACEMENT_3D ( 'NONE', #6982, #10487, #6128 ) ;
#5717 = EDGE_CURVE ( 'NONE', #1330, #719, #10879, .T. ) ;
#5718 = VECTOR ( 'NONE', #277, 1000.000000000000000 ) ;
#5719 = DIRECTION ( 'NONE',  ( -0.8660254037844368202, 0.000000000000000000, 0.5000000000000032196 ) ) ;
#5720 = DIRECTION ( 'NONE',  ( -3.663735981263016583E-15, 0.000000000000000000, -1.000000000000000000 ) ) ;
#5721 = ORIENTED_EDGE ( 'NONE', *, *, #7849, .F. ) ;
#5722 = EDGE_CURVE ( 'NONE', #11080, #6464, #7213, .T. ) ;
#5723 = CARTESIAN_POINT ( 'NONE',  ( -4.539087648767965000, 51.99940408041244666, 15.42482235592523843 ) ) ;
#5724 = VERTEX_POINT ( 'NONE', #4573 ) ;
#5725 = CARTESIAN_POINT ( 'NONE',  ( -1.241025517449443338, 52.28232689208745398, -13.92482235592523310 ) ) ;
#5726 = DIRECTION ( 'NONE',  ( -0.000000000000000000, 1.000000000000000000, -0.000000000000000000 ) ) ;
#5727 = AXIS2_PLACEMENT_3D ( 'NONE', #5838, #9327, #6312 ) ;
#5728 = ORIENTED_EDGE ( 'NONE', *, *, #10901, .T. ) ;
#5729 = VECTOR ( 'NONE', #1837, 999.9999999999998863 ) ;
#5730 = CARTESIAN_POINT ( 'NONE',  ( 5.871131188989438421, 5.500000000000000000, 9.818616766943931040 ) ) ;
#5731 = EDGE_LOOP ( 'NONE', ( #10030, #7551, #9932, #3848 ) ) ;
#5732 = DIRECTION ( 'NONE',  ( -0.8660254037844404840, 0.000000000000000000, -0.4999999999999968359 ) ) ;
#5733 = VECTOR ( 'NONE', #3792, 1000.000000000000114 ) ;
#5734 = EDGE_LOOP ( 'NONE', ( #6985, #4305 ) ) ;
#5735 = DIRECTION ( 'NONE',  ( -0.000000000000000000, 1.000000000000000000, -0.000000000000000000 ) ) ;
#5736 = VERTEX_POINT ( 'NONE', #4745 ) ;
#5737 = CARTESIAN_POINT ( 'NONE',  ( 2.923062017653518918, 53.58999999999999631, -13.92482235592523487 ) ) ;
#5738 = FACE_BOUND ( 'NONE', #8590, .T. ) ;
#5739 = DIRECTION ( 'NONE',  ( 0.5000000000000032196, 0.000000000000000000, 0.8660254037844368202 ) ) ;
#5740 = DIRECTION ( 'NONE',  ( -3.663735981263016583E-15, -0.000000000000000000, -1.000000000000000000 ) ) ;
#5741 = CARTESIAN_POINT ( 'NONE',  ( 0.000000000000000000, 5.500000000000000000, 0.000000000000000000 ) ) ;
#5742 = ORIENTED_EDGE ( 'NONE', *, *, #11289, .T. ) ;
#5743 = CIRCLE ( 'NONE', #7738, 11.20031366318018584 ) ;
#5744 = EDGE_CURVE ( 'NONE', #4881, #4094, #3946, .T. ) ;
#5745 = LINE ( 'NONE', #9234, #10596 ) ;
#5746 = AXIS2_PLACEMENT_3D ( 'NONE', #10693, #6963, #43 ) ;
#5747 = ORIENTED_EDGE ( 'NONE', *, *, #2685, .T. ) ;
#5748 = DIRECTION ( 'NONE',  ( 0.8660254037844407060, 0.000000000000000000, 0.4999999999999966138 ) ) ;
#5749 = VERTEX_POINT ( 'NONE', #3827 ) ;
#5750 = LINE ( 'NONE', #9409, #8305 ) ;
#5751 = CARTESIAN_POINT ( 'NONE',  ( -4.539087648767972105, 53.58999999999999631, -15.42482235592523843 ) ) ;
#5752 = PLANE ( 'NONE',  #1508 ) ;
#5753 = LINE ( 'NONE', #2194, #7888 ) ;
#5754 = ORIENTED_EDGE ( 'NONE', *, *, #3004, .F. ) ;
#5755 = CARTESIAN_POINT ( 'NONE',  ( 7.087149552756481619, 53.58999999999999631, -13.92482235592523310 ) ) ;
#5756 = EDGE_CURVE ( 'NONE', #9428, #4842, #7358, .T. ) ;
#5757 = VECTOR ( 'NONE', #465, 999.9999999999998863 ) ;
#5758 = ORIENTED_EDGE ( 'NONE', *, *, #10815, .T. ) ;
#5759 = EDGE_CURVE ( 'NONE', #355, #4841, #6406, .T. ) ;
#5760 = LINE ( 'NONE', #5808, #3151 ) ;
#5761 = VERTEX_POINT ( 'NONE', #8054 ) ;
#5762 = CARTESIAN_POINT ( 'NONE',  ( 11.37056953088765354, 52.28232689208745398, -22.61026721131414163 ) ) ;
#5763 = ORIENTED_EDGE ( 'NONE', *, *, #1848, .T. ) ;
#5764 = ORIENTED_EDGE ( 'NONE', *, *, #4264, .T. ) ;
#5765 = CARTESIAN_POINT ( 'NONE',  ( 15.06533166297980841, 0.000000000000000000, 3.106205588981306054 ) ) ;
#5766 = CARTESIAN_POINT ( 'NONE',  ( -4.539087648767970329, 53.58999999999999631, 13.42482235592524020 ) ) ;
#5767 = VECTOR ( 'NONE', #3568, 1000.000000000000000 ) ;
#5768 = VERTEX_POINT ( 'NONE', #9851 ) ;
#5769 = DIRECTION ( 'NONE',  ( -0.4999999999999966138, 0.000000000000000000, 0.8660254037844407060 ) ) ;
#5770 = LINE ( 'NONE', #2955, #5509 ) ;
#5771 = DIRECTION ( 'NONE',  ( -1.000000000000000000, 0.000000000000000000, 0.000000000000000000 ) ) ;
#5772 = VECTOR ( 'NONE', #7997, 999.9999999999998863 ) ;
#5773 = DIRECTION ( 'NONE',  ( 3.663735981263016583E-15, 0.000000000000000000, 1.000000000000000000 ) ) ;
#5774 = DIRECTION ( 'NONE',  ( -0.8660254037844407060, 0.000000000000000000, -0.4999999999999966138 ) ) ;
#5775 = ORIENTED_EDGE ( 'NONE', *, *, #4926, .T. ) ;
#5776 = CARTESIAN_POINT ( 'NONE',  ( 8.819200360325368138, 53.58999999999999631, 14.92482235592523487 ) ) ;
#5777 = ADVANCED_FACE ( 'NONE', ( #9908 ), #5663, .F. ) ;
#5778 = ORIENTED_EDGE ( 'NONE', *, *, #3396, .F. ) ;
#5779 = LINE ( 'NONE', #3077, #7695 ) ;
#5780 = EDGE_CURVE ( 'NONE', #1780, #945, #2114, .T. ) ;
#5781 = CARTESIAN_POINT ( 'NONE',  ( 7.801412339897437320, 5.500000000000000000, -13.51244254349727392 ) ) ;
#5782 = EDGE_CURVE ( 'NONE', #3045, #711, #2794, .T. ) ;
#5783 = DIRECTION ( 'NONE',  ( -0.8660254037844407060, 0.000000000000000000, -0.4999999999999966138 ) ) ;
#5784 = EDGE_CURVE ( 'NONE', #10908, #7574, #1941, .T. ) ;
#5785 = ORIENTED_EDGE ( 'NONE', *, *, #9626, .F. ) ;
#5786 = CARTESIAN_POINT ( 'NONE',  ( -12.00123731518945291, 53.58999999999999631, -13.92482235592524020 ) ) ;
#5787 = ORIENTED_EDGE ( 'NONE', *, *, #463, .F. ) ;
#5788 = LINE ( 'NONE', #5670, #7844 ) ;
#5789 = APPROVAL_STATUS ( 'not_yet_approved' ) ;
#5790 = ORIENTED_EDGE ( 'NONE', *, *, #586, .T. ) ;
#5791 = DIRECTION ( 'NONE',  ( -0.000000000000000000, -1.000000000000000000, -0.000000000000000000 ) ) ;
#5792 = FACE_OUTER_BOUND ( 'NONE', #8261, .T. ) ;
#5793 = DIRECTION ( 'NONE',  ( 0.8660254037844407060, 0.000000000000000000, 0.4999999999999965583 ) ) ;
#5794 = CARTESIAN_POINT ( 'NONE',  ( -5.405113052552407815, 0.000000000000000000, 13.92482235592524198 ) ) ;
#5795 = ORIENTED_EDGE ( 'NONE', *, *, #987, .T. ) ;
#5796 = CARTESIAN_POINT ( 'NONE',  ( 3.462328324803234825, 5.500000000000000000, -5.996928571044095158 ) ) ;
#5797 = VERTEX_POINT ( 'NONE', #5440 ) ;
#5798 = CARTESIAN_POINT ( 'NONE',  ( 12.11726249164388491, 52.28232689208745398, -13.42482235592523487 ) ) ;
#5799 = ORIENTED_EDGE ( 'NONE', *, *, #2062, .T. ) ;
#5800 = LINE ( 'NONE', #4077, #8110 ) ;
#5801 = LINE ( 'NONE', #4131, #7946 ) ;
#5802 = LINE ( 'NONE', #3274, #3141 ) ;
#5803 = CARTESIAN_POINT ( 'NONE',  ( 2.421306441027486045, 5.500000000000000000, -4.193825776553418372 ) ) ;
#5804 = ORIENTED_EDGE ( 'NONE', *, *, #11235, .T. ) ;
#5805 = FACE_OUTER_BOUND ( 'NONE', #3084, .T. ) ;
#5806 = EDGE_CURVE ( 'NONE', #10837, #4803, #9099, .T. ) ;
#5807 = ORIENTED_EDGE ( 'NONE', *, *, #11284, .T. ) ;
#5808 = CARTESIAN_POINT ( 'NONE',  ( 11.25123708785944032, 53.58999999999999631, -14.92482235592523487 ) ) ;
#5809 = VECTOR ( 'NONE', #10226, 1000.000000000000000 ) ;
#5810 = ORIENTED_EDGE ( 'NONE', *, *, #10476, .F. ) ;
#5811 = FACE_OUTER_BOUND ( 'NONE', #7732, .T. ) ;
#5812 = VERTEX_POINT ( 'NONE', #4050 ) ;
#5813 = ORIENTED_EDGE ( 'NONE', *, *, #1642, .F. ) ;
#5814 = DIRECTION ( 'NONE',  ( -0.000000000000000000, 1.000000000000000000, -0.000000000000000000 ) ) ;
#5815 = LINE ( 'NONE', #3234, #3380 ) ;
#5816 = EDGE_LOOP ( 'NONE', ( #10405, #5171, #1420, #9664 ) ) ;
#5817 = LINE ( 'NONE', #656, #4045 ) ;
#5818 = DIRECTION ( 'NONE',  ( -0.000000000000000000, 1.000000000000000000, -0.000000000000000000 ) ) ;
#5819 = LINE ( 'NONE', #6453, #2157 ) ;
#5820 = CARTESIAN_POINT ( 'NONE',  ( 12.98328789542831707, 0.000000000000000000, -14.92482235592524198 ) ) ;
#5821 = ADVANCED_FACE ( 'NONE', ( #618 ), #5033, .T. ) ;
#5822 = CARTESIAN_POINT ( 'NONE',  ( -7.487156820103891164, 53.58999999999999631, -11.31861676694392571 ) ) ;
#5823 = CARTESIAN_POINT ( 'NONE',  ( -8.703175183870927256, 53.58999999999999631, 15.42482235592523843 ) ) ;
#5824 = VERTEX_POINT ( 'NONE', #10934 ) ;
#5825 = EDGE_CURVE ( 'NONE', #10336, #9379, #11157, .T. ) ;
#5826 = DIRECTION ( 'NONE',  ( 0.8660254037844404840, 0.000000000000000000, 0.4999999999999968359 ) ) ;
#5827 = VERTEX_POINT ( 'NONE', #2282 ) ;
#5828 = DIRECTION ( 'NONE',  ( 0.000000000000000000, -1.000000000000000000, 0.000000000000000000 ) ) ;
#5829 = CARTESIAN_POINT ( 'NONE',  ( -0.3750001136650048528, 0.000000000000000000, 13.42482235592523665 ) ) ;
#5830 = CARTESIAN_POINT ( 'NONE',  ( -16.58282983977096947, 51.99940408041244666, 12.59999999999999432 ) ) ;
#5831 = EDGE_LOOP ( 'NONE', ( #7794, #10916, #10118, #2166 ) ) ;
#5832 = ADVANCED_FACE ( 'NONE', ( #671, #9320, #6639, #1528, #555, #2223, #10075, #10304 ), #6691, .T. ) ;
#5833 = EDGE_CURVE ( 'NONE', #5680, #6807, #4971, .T. ) ;
#5834 = ORIENTED_EDGE ( 'NONE', *, *, #9892, .F. ) ;
#5835 = EDGE_CURVE ( 'NONE', #9387, #4158, #11050, .T. ) ;
#5836 = ORIENTED_EDGE ( 'NONE', *, *, #9553, .F. ) ;
#5837 = DIRECTION ( 'NONE',  ( 0.000000000000000000, 0.000000000000000000, -1.000000000000000000 ) ) ;
#5838 = CARTESIAN_POINT ( 'NONE',  ( -12.00123731518945647, 0.000000000000000000, -0.5000000000000029976 ) ) ;
#5839 = PERSON_AND_ORGANIZATION ( #956, #7698 ) ;
#5840 = EDGE_LOOP ( 'NONE', ( #10718, #6759, #3400, #10493 ) ) ;
#5841 = DIRECTION ( 'NONE',  ( 0.4999999999999968359, 0.000000000000000000, -0.8660254037844404840 ) ) ;
#5842 = VECTOR ( 'NONE', #6848, 1000.000000000000000 ) ;
#5843 = CARTESIAN_POINT ( 'NONE',  ( -9.569200587655371848, 53.58999999999999631, 13.92482235592524198 ) ) ;
#5844 = LINE ( 'NONE', #6752, #4985 ) ;
#5845 = CARTESIAN_POINT ( 'NONE',  ( -5.405113052552405151, 0.000000000000000000, -13.92482235592523310 ) ) ;
#5846 = VERTEX_POINT ( 'NONE', #2332 ) ;
#5847 = VECTOR ( 'NONE', #3999, 1000.000000000000000 ) ;
#5848 = EDGE_CURVE ( 'NONE', #3978, #4621, #8517, .T. ) ;
#5849 = DIRECTION ( 'NONE',  ( 0.8660254037844407060, 0.000000000000000000, 0.4999999999999965583 ) ) ;
#5850 = ORIENTED_EDGE ( 'NONE', *, *, #9204, .F. ) ;
#5851 = CARTESIAN_POINT ( 'NONE',  ( 7.087149552756485171, 0.000000000000000000, 13.92482235592524020 ) ) ;
#5852 = ORIENTED_EDGE ( 'NONE', *, *, #1058, .F. ) ;
#5853 = CARTESIAN_POINT ( 'NONE',  ( -16.00000102328300855, 58.58999999999999631, -9.747069910344318799 ) ) ;
#5854 = EDGE_CURVE ( 'NONE', #9052, #10243, #1466, .T. ) ;
#5855 = CARTESIAN_POINT ( 'NONE',  ( -8.703175183870930809, 53.58999999999999631, 14.42482235592523843 ) ) ;
#5856 = VECTOR ( 'NONE', #10953, 1000.000000000000000 ) ;
#5857 = PLANE ( 'NONE',  #6457 ) ;
#5858 = FACE_OUTER_BOUND ( 'NONE', #7741, .T. ) ;
#5859 = EDGE_LOOP ( 'NONE', ( #2183, #2161, #163, #6551 ) ) ;
#5860 = CARTESIAN_POINT ( 'NONE',  ( -1.241025517449447113, 0.000000000000000000, -14.92482235592523487 ) ) ;
#5861 = VECTOR ( 'NONE', #6241, 1000.000000000000114 ) ;
#5862 = ORIENTED_EDGE ( 'NONE', *, *, #4977, .T. ) ;
#5863 = CARTESIAN_POINT ( 'NONE',  ( 7.953174956540929763, 0.000000000000000000, 15.42482235592523843 ) ) ;
#5864 = VERTEX_POINT ( 'NONE', #5730 ) ;
#5865 = CARTESIAN_POINT ( 'NONE',  ( 0.000000000000000000, 1.000000000000000888, 0.000000000000000000 ) ) ;
#5866 = ORIENTED_EDGE ( 'NONE', *, *, #5222, .T. ) ;
#5867 = EDGE_LOOP ( 'NONE', ( #9276, #2649, #7389, #11051 ) ) ;
#5868 = CARTESIAN_POINT ( 'NONE',  ( 15.06533166297979776, 5.500000000000000000, -5.017763425756370767E-14 ) ) ;
#5869 = LINE ( 'NONE', #9425, #7576 ) ;
#5870 = ORIENTED_EDGE ( 'NONE', *, *, #7373, .F. ) ;
#5871 = CYLINDRICAL_SURFACE ( 'NONE', #1115, 9.800000000000002487 ) ;
#5872 = DIRECTION ( 'NONE',  ( -0.000000000000000000, 1.000000000000000000, 0.000000000000000000 ) ) ;
#5873 = CARTESIAN_POINT ( 'NONE',  ( -10.78521895142241505, 0.000000000000000000, -11.81861676694392926 ) ) ;
#5874 = AXIS2_PLACEMENT_3D ( 'NONE', #4491, #8839, #2708 ) ;
#5875 = DIRECTION ( 'NONE',  ( -0.5000000000000029976, 0.000000000000000000, -0.8660254037844369313 ) ) ;
#5876 = VECTOR ( 'NONE', #3584, 1000.000000000000000 ) ;
#5877 = CARTESIAN_POINT ( 'NONE',  ( 11.25123708785945098, 53.58999999999999631, 13.92482235592524020 ) ) ;
#5878 = LINE ( 'NONE', #8450, #406 ) ;
#5879 = VECTOR ( 'NONE', #1288, 1000.000000000000227 ) ;
#5880 = ORIENTED_EDGE ( 'NONE', *, *, #1064, .T. ) ;
#5881 = VECTOR ( 'NONE', #2267, 1000.000000000000114 ) ;
#5882 = EDGE_CURVE ( 'NONE', #3964, #6641, #5947, .T. ) ;
#5883 = CARTESIAN_POINT ( 'NONE',  ( 1.555281037242968845, 5.500000000000000000, -2.693825776553267826 ) ) ;
#5884 = ORIENTED_EDGE ( 'NONE', *, *, #2662, .T. ) ;
#5885 = FACE_OUTER_BOUND ( 'NONE', #6792, .T. ) ;
#5886 = CARTESIAN_POINT ( 'NONE',  ( -4.539087648767966776, 52.28232689208745398, -13.42482235592523487 ) ) ;
#5887 = DIRECTION ( 'NONE',  ( -0.000000000000000000, 0.000000000000000000, -1.000000000000000000 ) ) ;
#5888 = LOCAL_TIME ( 17, 25, 15.00000000000000000, #677 ) ;
#5889 = ORIENTED_EDGE ( 'NONE', *, *, #8077, .T. ) ;
#5890 = VECTOR ( 'NONE', #5567, 1000.000000000000227 ) ;
#5891 = AXIS2_PLACEMENT_3D ( 'NONE', #10460, #9604, #8621 ) ;
#5892 = EDGE_CURVE ( 'NONE', #4641, #10548, #2602, .T. ) ;
#5893 = ORIENTED_EDGE ( 'NONE', *, *, #3471, .T. ) ;
#5894 = ORIENTED_EDGE ( 'NONE', *, *, #3535, .T. ) ;
#5895 = DIRECTION ( 'NONE',  ( 0.000000000000000000, 1.000000000000000000, 0.000000000000000000 ) ) ;
#5896 = PLANE ( 'NONE',  #4267 ) ;
#5897 = EDGE_LOOP ( 'NONE', ( #5911, #8057, #6924, #7854 ) ) ;
#5898 = VECTOR ( 'NONE', #4290, 1000.000000000000000 ) ;
#5899 = DIRECTION ( 'NONE',  ( 0.8660254037844369313, 0.000000000000000000, -0.5000000000000029976 ) ) ;
#5900 = VECTOR ( 'NONE', #5176, 999.9999999999998863 ) ;
#5901 = DIRECTION ( 'NONE',  ( 0.000000000000000000, 1.000000000000000000, 0.000000000000000000 ) ) ;
#5902 = EDGE_CURVE ( 'NONE', #332, #6754, #8344, .T. ) ;
#5903 = DIRECTION ( 'NONE',  ( -0.8660254037844369313, 0.000000000000000000, 0.5000000000000029976 ) ) ;
#5904 = CARTESIAN_POINT ( 'NONE',  ( 7.953174956540929763, 53.58999999999999631, 15.42482235592523843 ) ) ;
#5905 = ORIENTED_EDGE ( 'NONE', *, *, #9755, .F. ) ;
#5906 = APPLICATION_CONTEXT ( 'configuration controlled 3d designs of mechanical parts and assemblies' ) ;
#5907 = VECTOR ( 'NONE', #10753, 1000.000000000000000 ) ;
#5908 = DIRECTION ( 'NONE',  ( 0.8660254037844404840, 0.000000000000000000, 0.4999999999999968359 ) ) ;
#5909 = EDGE_LOOP ( 'NONE', ( #1172, #706, #7278, #4483 ) ) ;
#5910 = FACE_OUTER_BOUND ( 'NONE', #589, .T. ) ;
#5911 = ORIENTED_EDGE ( 'NONE', *, *, #1033, .T. ) ;
#5912 = PLANE ( 'NONE',  #7931 ) ;
#5913 = FACE_OUTER_BOUND ( 'NONE', #9213, .T. ) ;
#5914 = AXIS2_PLACEMENT_3D ( 'NONE', #5210, #3377, #8696 ) ;
#5915 = ADVANCED_FACE ( 'NONE', ( #3993 ), #8572, .T. ) ;
#5916 = EDGE_CURVE ( 'NONE', #4265, #655, #9217, .T. ) ;
#5917 = CARTESIAN_POINT ( 'NONE',  ( 16.00000000000000355, 34.89320891234596900, 7.099999999999995204 ) ) ;
#5918 = LINE ( 'NONE', #1662, #10828 ) ;
#5919 = VERTEX_POINT ( 'NONE', #2387 ) ;
#5920 = ADVANCED_FACE ( 'NONE', ( #1365 ), #4863, .F. ) ;
#5921 = LINE ( 'NONE', #10333, #2389 ) ;
#5922 = EDGE_CURVE ( 'NONE', #10758, #5560, #7485, .T. ) ;
#5923 = VECTOR ( 'NONE', #7403, 1000.000000000000000 ) ;
#5924 = ORIENTED_EDGE ( 'NONE', *, *, #3642, .F. ) ;
#5925 = FACE_OUTER_BOUND ( 'NONE', #4947, .T. ) ;
#5926 = VERTEX_POINT ( 'NONE', #2507 ) ;
#5927 = DIRECTION ( 'NONE',  ( -0.4999999999999966138, 0.000000000000000000, 0.8660254037844407060 ) ) ;
#5928 = ORIENTED_EDGE ( 'NONE', *, *, #2146, .T. ) ;
#5929 = ORIENTED_EDGE ( 'NONE', *, *, #3670, .T. ) ;
#5930 = CARTESIAN_POINT ( 'NONE',  ( -4.539087648767970329, 53.58999999999999631, 13.42482235592524020 ) ) ;
#5931 = LINE ( 'NONE', #11087, #5573 ) ;
#5932 = ORIENTED_EDGE ( 'NONE', *, *, #5359, .F. ) ;
#5933 = DIRECTION ( 'NONE',  ( -3.663735981263016583E-15, -0.000000000000000000, -1.000000000000000000 ) ) ;
#5934 = CARTESIAN_POINT ( 'NONE',  ( -4.865846745402791385, 5.500000000000000000, -8.427893784881229422 ) ) ;
#5935 = CARTESIAN_POINT ( 'NONE',  ( 8.819200360325355703, 0.000000000000000000, -14.92482235592524198 ) ) ;
#5936 = ORIENTED_EDGE ( 'NONE', *, *, #2519, .T. ) ;
#5937 = VECTOR ( 'NONE', #295, 1000.000000000000000 ) ;
#5938 = CARTESIAN_POINT ( 'NONE',  ( -1.241025517449443338, 0.000000000000000000, -13.92482235592523310 ) ) ;
#5939 = CARTESIAN_POINT ( 'NONE',  ( -7.837149780086489770, 0.000000000000000000, -13.92482235592524020 ) ) ;
#5940 = CARTESIAN_POINT ( 'NONE',  ( 5.005105785205000046, 53.58999999999999631, -10.31861676694392393 ) ) ;
#5941 = AXIS2_PLACEMENT_3D ( 'NONE', #1347, #11036, #433 ) ;
#5942 = ORIENTED_EDGE ( 'NONE', *, *, #9630, .F. ) ;
#5943 = PLANE ( 'NONE',  #10125 ) ;
#5944 = ORIENTED_EDGE ( 'NONE', *, *, #2273, .T. ) ;
#5945 = DIRECTION ( 'NONE',  ( -0.8660254037844404840, 0.000000000000000000, -0.4999999999999968359 ) ) ;
#5946 = CARTESIAN_POINT ( 'NONE',  ( -5.405113052552403374, 53.58999999999999631, 14.92482235592524376 ) ) ;
#5947 = LINE ( 'NONE', #7652, #3694 ) ;
#5948 = ORIENTED_EDGE ( 'NONE', *, *, #10328, .F. ) ;
#5949 = AXIS2_PLACEMENT_3D ( 'NONE', #1991, #6402, #8052 ) ;
#5950 = EDGE_CURVE ( 'NONE', #6961, #4402, #4386, .T. ) ;
#5951 = DIRECTION ( 'NONE',  ( 0.4999999999999968359, 0.000000000000000000, -0.8660254037844404840 ) ) ;
#5952 = ORIENTED_EDGE ( 'NONE', *, *, #289, .F. ) ;
#5953 = DIRECTION ( 'NONE',  ( 0.000000000000000000, 0.000000000000000000, 1.000000000000000000 ) ) ;
#5954 = DIRECTION ( 'NONE',  ( 0.8660254037844407060, 0.000000000000000000, 0.4999999999999966138 ) ) ;
#5955 = VECTOR ( 'NONE', #9307, 1000.000000000000000 ) ;
#5956 = ORIENTED_EDGE ( 'NONE', *, *, #10742, .T. ) ;
#5957 = LINE ( 'NONE', #9330, #8232 ) ;
#5958 = CARTESIAN_POINT ( 'NONE',  ( -14.94930648652537108, 53.58999999999999631, -2.606205588981309162 ) ) ;
#5959 = DIRECTION ( 'NONE',  ( -0.000000000000000000, 1.000000000000000000, -0.000000000000000000 ) ) ;
#5960 = FACE_OUTER_BOUND ( 'NONE', #3086, .T. ) ;
#5961 = VERTEX_POINT ( 'NONE', #4278 ) ;
#5962 = EDGE_CURVE ( 'NONE', #7229, #6757, #9718, .T. ) ;
#5963 = DIRECTION ( 'NONE',  ( -0.000000000000000000, 1.000000000000000000, -0.000000000000000000 ) ) ;
#5964 = ORIENTED_EDGE ( 'NONE', *, *, #11107, .F. ) ;
#5965 = CARTESIAN_POINT ( 'NONE',  ( -12.00123731518945647, 5.500000000000000000, 13.92482235592523487 ) ) ;
#5966 = ORIENTED_EDGE ( 'NONE', *, *, #7763, .T. ) ;
#5967 = EDGE_CURVE ( 'NONE', #509, #2931, #6911, .T. ) ;
#5968 = CARTESIAN_POINT ( 'NONE',  ( -12.00123731518945647, 52.28232689208745398, -14.92482235592524198 ) ) ;
#5969 = DIRECTION ( 'NONE',  ( -0.000000000000000000, -1.000000000000000000, -0.000000000000000000 ) ) ;
#5970 = DIRECTION ( 'NONE',  ( 1.000000000000000000, 0.000000000000000000, 0.000000000000000000 ) ) ;
#5971 = DIRECTION ( 'NONE',  ( -0.000000000000000000, 1.000000000000000000, -0.000000000000000000 ) ) ;
#5972 = VERTEX_POINT ( 'NONE', #2673 ) ;
#5973 = CARTESIAN_POINT ( 'NONE',  ( -1.241025517449442006, 0.000000000000000000, 13.92482235592524020 ) ) ;
#5974 = EDGE_CURVE ( 'NONE', #2205, #1574, #48, .T. ) ;
#5975 = ORIENTED_EDGE ( 'NONE', *, *, #8574, .T. ) ;
#5976 = EDGE_CURVE ( 'NONE', #8120, #4126, #6218, .T. ) ;
#5977 = DIRECTION ( 'NONE',  ( -0.8660254037844407060, 0.000000000000000000, -0.4999999999999966138 ) ) ;
#5978 = VERTEX_POINT ( 'NONE', #7709 ) ;
#5979 = CARTESIAN_POINT ( 'NONE',  ( -6.621131416319453677, 53.58999999999999631, 9.818616766943931040 ) ) ;
#5980 = VERTEX_POINT ( 'NONE', #4451 ) ;
#5981 = ADVANCED_FACE ( 'NONE', ( #952 ), #10412, .T. ) ;
#5982 = ORIENTED_EDGE ( 'NONE', *, *, #1832, .T. ) ;
#5983 = DIRECTION ( 'NONE',  ( -1.000000000000000000, 0.000000000000000000, 0.000000000000000000 ) ) ;
#5984 = CARTESIAN_POINT ( 'NONE',  ( -1.241025517449443338, 0.000000000000000000, -13.92482235592523310 ) ) ;
#5985 = VERTEX_POINT ( 'NONE', #2622 ) ;
#5986 = DIRECTION ( 'NONE',  ( -2.443272501375785452E-16, 0.000000000000000000, -1.000000000000000000 ) ) ;
#5987 = CARTESIAN_POINT ( 'NONE',  ( 5.005105785205000934, 53.58999999999999631, 10.31861676694393282 ) ) ;
#5988 = FACE_OUTER_BOUND ( 'NONE', #7117, .T. ) ;
#5989 = ORIENTED_EDGE ( 'NONE', *, *, #7561, .T. ) ;
#5990 = CARTESIAN_POINT ( 'NONE',  ( -17.90000022733000051, 34.89320891234596900, -9.300000000000002487 ) ) ;
#5991 = CARTESIAN_POINT ( 'NONE',  ( 14.19930625919536737, 5.500000000000000000, 2.606205588981309162 ) ) ;
#5992 = DIRECTION ( 'NONE',  ( -0.8660254037844404840, -0.000000000000000000, -0.4999999999999968359 ) ) ;
#5993 = EDGE_CURVE ( 'NONE', #2482, #5562, #783, .T. ) ;
#5994 = ORIENTED_EDGE ( 'NONE', *, *, #110, .T. ) ;
#5995 = ORIENTED_EDGE ( 'NONE', *, *, #4724, .F. ) ;
#5996 = DIRECTION ( 'NONE',  ( -0.000000000000000000, -1.000000000000000000, -0.000000000000000000 ) ) ;
#5997 = PLANE ( 'NONE',  #3569 ) ;
#5998 = LINE ( 'NONE', #9498, #9382 ) ;
#5999 = ORIENTED_EDGE ( 'NONE', *, *, #7168, .F. ) ;
#6000 = CARTESIAN_POINT ( 'NONE',  ( -5.405113052552409592, 53.58999999999999631, -14.92482235592523487 ) ) ;
#6001 = ORIENTED_EDGE ( 'NONE', *, *, #1685, .F. ) ;
#6002 = CARTESIAN_POINT ( 'NONE',  ( 12.98328789542831707, 53.58999999999999631, -14.92482235592524198 ) ) ;
#6003 = LINE ( 'NONE', #8580, #4079 ) ;
#6004 = FACE_OUTER_BOUND ( 'NONE', #4124, .T. ) ;
#6005 = DIRECTION ( 'NONE',  ( 0.8660254037844369313, 0.000000000000000000, -0.5000000000000029976 ) ) ;
#6006 = CARTESIAN_POINT ( 'NONE',  ( -12.86726271897389751, 53.58999999999999631, -15.42482235592523843 ) ) ;
#6007 = VECTOR ( 'NONE', #8043, 1000.000000000000000 ) ;
#6008 = LINE ( 'NONE', #3212, #1132 ) ;
#6009 = ORIENTED_EDGE ( 'NONE', *, *, #6441, .T. ) ;
#6010 = AXIS2_PLACEMENT_3D ( 'NONE', #3660, #907, #9855 ) ;
#6011 = CARTESIAN_POINT ( 'NONE',  ( 4.655112825222401440, 53.58999999999999631, 14.92482235592523665 ) ) ;
#6012 = ORIENTED_EDGE ( 'NONE', *, *, #10740, .T. ) ;
#6013 = DIRECTION ( 'NONE',  ( 3.330669073875469621E-15, 0.000000000000000000, 1.000000000000000000 ) ) ;
#6014 = VERTEX_POINT ( 'NONE', #9613 ) ;
#6015 = EDGE_CURVE ( 'NONE', #8017, #3226, #5372, .T. ) ;
#6016 = CARTESIAN_POINT ( 'NONE',  ( -12.86726271897389751, 53.58999999999999631, -15.42482235592523843 ) ) ;
#6017 = FACE_OUTER_BOUND ( 'NONE', #2580, .T. ) ;
#6018 = DIRECTION ( 'NONE',  ( 0.8660254037844368202, -0.000000000000000000, -0.5000000000000032196 ) ) ;
#6019 = ORIENTED_EDGE ( 'NONE', *, *, #7163, .T. ) ;
#6020 = CARTESIAN_POINT ( 'NONE',  ( -10.26666656376393583, 51.99940408041244666, 23.53991570294477498 ) ) ;
#6021 = VECTOR ( 'NONE', #10759, 1000.000000000000000 ) ;
#6022 = EDGE_CURVE ( 'NONE', #4744, #3315, #7768, .T. ) ;
#6023 = EDGE_LOOP ( 'NONE', ( #7911, #5649, #8958, #3031 ) ) ;
#6024 = DIRECTION ( 'NONE',  ( -1.000000000000000000, 0.000000000000000000, 3.330669073875469621E-15 ) ) ;
#6025 = VERTEX_POINT ( 'NONE', #1699 ) ;
#6026 = FACE_OUTER_BOUND ( 'NONE', #10792, .T. ) ;
#6027 = LINE ( 'NONE', #10278, #10795 ) ;
#6028 = VECTOR ( 'NONE', #4361, 1000.000000000000000 ) ;
#6029 = ORIENTED_EDGE ( 'NONE', *, *, #2843, .F. ) ;
#6030 = VERTEX_POINT ( 'NONE', #6051 ) ;
#6031 = CARTESIAN_POINT ( 'NONE',  ( 12.11726249164389202, 0.000000000000000000, 8.212411177962620101 ) ) ;
#6032 = CARTESIAN_POINT ( 'NONE',  ( 18.94999999999999929, 5.499999999999998224, -18.50000000000000355 ) ) ;
#6033 = ORIENTED_EDGE ( 'NONE', *, *, #3885, .F. ) ;
#6034 = PLANE ( 'NONE',  #570 ) ;
#6035 = CARTESIAN_POINT ( 'NONE',  ( 0.000000000000000000, 5.000000000000000000, 0.000000000000000000 ) ) ;
#6036 = DIRECTION ( 'NONE',  ( -0.000000000000000000, 1.000000000000000000, -0.000000000000000000 ) ) ;
#6037 = EDGE_LOOP ( 'NONE', ( #10218, #3036 ) ) ;
#6038 = EDGE_CURVE ( 'NONE', #6577, #8892, #10580, .T. ) ;
#6039 = CARTESIAN_POINT ( 'NONE',  ( -0.3750001136650029654, 53.58999999999999631, -13.42482235592523665 ) ) ;
#6040 = EDGE_CURVE ( 'NONE', #5961, #7468, #1754, .T. ) ;
#6041 = VECTOR ( 'NONE', #10262, 1000.000000000000000 ) ;
#6042 = DIRECTION ( 'NONE',  ( 1.000000000000000000, 0.000000000000000000, 0.000000000000000000 ) ) ;
#6043 = ORIENTED_EDGE ( 'NONE', *, *, #3301, .F. ) ;
#6044 = VECTOR ( 'NONE', #4823, 1000.000000000000227 ) ;
#6045 = DIRECTION ( 'NONE',  ( 3.330669073875469621E-15, 0.000000000000000000, 1.000000000000000000 ) ) ;
#6046 = ORIENTED_EDGE ( 'NONE', *, *, #8574, .F. ) ;
#6047 = DIRECTION ( 'NONE',  ( 0.8660254037844369313, 0.000000000000000000, -0.5000000000000029976 ) ) ;
#6048 = VECTOR ( 'NONE', #2618, 1000.000000000000114 ) ;
#6049 = LINE ( 'NONE', #9441, #6866 ) ;
#6050 = EDGE_CURVE ( 'NONE', #655, #3111, #10530, .T. ) ;
#6051 = CARTESIAN_POINT ( 'NONE',  ( 11.25123708785944743, 5.500000000000000000, -6.712411177962617437 ) ) ;
#6052 = EDGE_CURVE ( 'NONE', #10645, #3231, #6856, .T. ) ;
#6053 = EDGE_LOOP ( 'NONE', ( #4992, #1068, #4999, #9950 ) ) ;
#6054 = EDGE_CURVE ( 'NONE', #5286, #4591, #7080, .T. ) ;
#6055 = VECTOR ( 'NONE', #1103, 1000.000000000000227 ) ;
#6056 = VECTOR ( 'NONE', #1045, 1000.000000000000000 ) ;
#6057 = AXIS2_PLACEMENT_3D ( 'NONE', #7254, #10750, #9889 ) ;
#6058 = CARTESIAN_POINT ( 'NONE',  ( -4.539087648767970329, 51.99940408041244666, 13.42482235592524020 ) ) ;
#6059 = ORIENTED_EDGE ( 'NONE', *, *, #3046, .T. ) ;
#6060 = CARTESIAN_POINT ( 'NONE',  ( 0.000000000000000000, 1.000000000000000888, 0.000000000000000000 ) ) ;
#6061 = DIRECTION ( 'NONE',  ( -0.000000000000000000, 1.000000000000000000, -0.000000000000000000 ) ) ;
#6062 = PERSON_AND_ORGANIZATION ( #956, #7698 ) ;
#6063 = PLANE ( 'NONE',  #10077 ) ;
#6064 = LOCAL_TIME ( 17, 25, 15.00000000000000000, #791 ) ;
#6065 = DIRECTION ( 'NONE',  ( 0.8660254037844368202, 0.000000000000000000, -0.5000000000000032196 ) ) ;
#6066 = VECTOR ( 'NONE', #5108, 1000.000000000000000 ) ;
#6067 = VECTOR ( 'NONE', #6880, 1000.000000000000000 ) ;
#6068 = VECTOR ( 'NONE', #3073, 1000.000000000000000 ) ;
#6069 = DIRECTION ( 'NONE',  ( 0.000000000000000000, 0.000000000000000000, -1.000000000000000000 ) ) ;
#6070 = LINE ( 'NONE', #5267, #1677 ) ;
#6071 = EDGE_LOOP ( 'NONE', ( #10070, #10941, #2370, #9390 ) ) ;
#6072 = ORIENTED_EDGE ( 'NONE', *, *, #3281, .F. ) ;
#6073 = AXIS2_PLACEMENT_3D ( 'NONE', #10423, #2572, #4343 ) ;
#6074 = AXIS2_PLACEMENT_3D ( 'NONE', #9442, #1584, #8458 ) ;
#6075 = VECTOR ( 'NONE', #9471, 1000.000000000000114 ) ;
#6076 = DIRECTION ( 'NONE',  ( 0.4999999999999968359, 0.000000000000000000, -0.8660254037844404840 ) ) ;
#6077 = ORIENTED_EDGE ( 'NONE', *, *, #10438, .F. ) ;
#6078 = DIRECTION ( 'NONE',  ( -0.8660254037844369313, 0.000000000000000000, 0.5000000000000029976 ) ) ;
#6079 = ORIENTED_EDGE ( 'NONE', *, *, #4437, .T. ) ;
#6080 = DIRECTION ( 'NONE',  ( 0.8660254037844368202, 0.000000000000000000, -0.5000000000000032196 ) ) ;
#6081 = CARTESIAN_POINT ( 'NONE',  ( 15.06533166297980841, 0.000000000000000000, 3.106205588981306054 ) ) ;
#6082 = CARTESIAN_POINT ( 'NONE',  ( -0.3750001136650048528, 5.500000000000000000, 13.42482235592523665 ) ) ;
#6083 = VERTEX_POINT ( 'NONE', #8794 ) ;
#6084 = VECTOR ( 'NONE', #6195, 1000.000000000000000 ) ;
#6085 = VECTOR ( 'NONE', #1728, 1000.000000000000000 ) ;
#6086 = EDGE_CURVE ( 'NONE', #9041, #6025, #5998, .T. ) ;
#6087 = ORIENTED_EDGE ( 'NONE', *, *, #3586, .T. ) ;
#6088 = DIRECTION ( 'NONE',  ( -0.000000000000000000, 1.000000000000000000, -0.000000000000000000 ) ) ;
#6089 = VECTOR ( 'NONE', #7037, 1000.000000000000114 ) ;
#6090 = ORIENTED_EDGE ( 'NONE', *, *, #2684, .T. ) ;
#6091 = LINE ( 'NONE', #10443, #7545 ) ;
#6092 = FACE_OUTER_BOUND ( 'NONE', #7555, .T. ) ;
#6093 = VERTEX_POINT ( 'NONE', #5141 ) ;
#6094 = ORIENTED_EDGE ( 'NONE', *, *, #5780, .T. ) ;
#6095 = CARTESIAN_POINT ( 'NONE',  ( -7.837149780086493323, 53.58999999999999631, -14.92482235592524198 ) ) ;
#6096 = CARTESIAN_POINT ( 'NONE',  ( -9.569200587655423362, 5.500000000000000000, 3.505902450491637666E-14 ) ) ;
#6097 = EDGE_LOOP ( 'NONE', ( #10844, #189, #10440, #2775 ) ) ;
#6098 = CARTESIAN_POINT ( 'NONE',  ( 5.005105785205005375, 0.000000000000000000, 11.31861676694393459 ) ) ;
#6099 = DIRECTION ( 'NONE',  ( 0.000000000000000000, 0.000000000000000000, 1.000000000000000000 ) ) ;
#6100 = EDGE_CURVE ( 'NONE', #4158, #2597, #7181, .T. ) ;
#6101 = VERTEX_POINT ( 'NONE', #11322 ) ;
#6102 = LINE ( 'NONE', #11264, #5144 ) ;
#6103 = AXIS2_PLACEMENT_3D ( 'NONE', #5250, #148, #267 ) ;
#6104 = ADVANCED_FACE ( 'NONE', ( #6968 ), #9089, .T. ) ;
#6105 = CARTESIAN_POINT ( 'NONE',  ( -12.00123731518945291, 53.58999999999999631, 7.712411177962617437 ) ) ;
#6106 = CARTESIAN_POINT ( 'NONE',  ( 5.005105785205037350, 5.500000000000000000, -1.833738615528337961E-14 ) ) ;
#6107 = ORIENTED_EDGE ( 'NONE', *, *, #5784, .T. ) ;
#6108 = CARTESIAN_POINT ( 'NONE',  ( -12.00123731518945647, 0.000000000000000000, -14.92482235592524198 ) ) ;
#6109 = AXIS2_PLACEMENT_3D ( 'NONE', #7051, #8656, #4525 ) ;
#6110 = ORIENTED_EDGE ( 'NONE', *, *, #10109, .F. ) ;
#6111 = DIRECTION ( 'NONE',  ( -0.000000000000000000, 1.000000000000000000, -0.000000000000000000 ) ) ;
#6112 = DIRECTION ( 'NONE',  ( -0.000000000000000000, 1.000000000000000000, 0.000000000000000000 ) ) ;
#6113 = ADVANCED_FACE ( 'NONE', ( #211 ), #8041, .F. ) ;
#6114 = DIRECTION ( 'NONE',  ( -3.663735981263016583E-15, -0.000000000000000000, -1.000000000000000000 ) ) ;
#6115 = VERTEX_POINT ( 'NONE', #8106 ) ;
#6116 = VECTOR ( 'NONE', #6947, 1000.000000000000000 ) ;
#6117 = DIRECTION ( 'NONE',  ( -0.000000000000000000, 1.000000000000000000, -0.000000000000000000 ) ) ;
#6118 = EDGE_LOOP ( 'NONE', ( #7289, #6019, #8046, #4030, #2150, #3436 ) ) ;
#6119 = ADVANCED_FACE ( 'NONE', ( #8163 ), #7305, .T. ) ;
#6120 = EDGE_CURVE ( 'NONE', #8604, #7604, #4505, .T. ) ;
#6121 = DIRECTION ( 'NONE',  ( -0.8660254037844369313, 0.000000000000000000, 0.5000000000000029976 ) ) ;
#6122 = DIRECTION ( 'NONE',  ( -3.330669073875469621E-15, 0.000000000000000000, -1.000000000000000000 ) ) ;
#6123 = ADVANCED_FACE ( 'NONE', ( #7202 ), #1059, .T. ) ;
#6124 = LINE ( 'NONE', #9668, #6 ) ;
#6125 = EDGE_CURVE ( 'NONE', #1249, #2175, #3639, .T. ) ;
#6126 = LINE ( 'NONE', #7724, #11209 ) ;
#6127 = VECTOR ( 'NONE', #8343, 1000.000000000000000 ) ;
#6128 = DIRECTION ( 'NONE',  ( 0.8660254037844407060, 0.000000000000000000, 0.4999999999999966138 ) ) ;
#6129 = DIRECTION ( 'NONE',  ( -0.8660254037844368202, 0.000000000000000000, 0.5000000000000032196 ) ) ;
#6130 = ORIENTED_EDGE ( 'NONE', *, *, #2326, .T. ) ;
#6131 = ORIENTED_EDGE ( 'NONE', *, *, #10726, .T. ) ;
#6132 = AXIS2_PLACEMENT_3D ( 'NONE', #2269, #3124, #1403 ) ;
#6133 = CARTESIAN_POINT ( 'NONE',  ( -1.241025517449443338, 53.58999999999999631, -13.92482235592523310 ) ) ;
#6134 = ORIENTED_EDGE ( 'NONE', *, *, #314, .T. ) ;
#6135 = ADVANCED_FACE ( 'NONE', ( #2844 ), #9958, .F. ) ;
#6136 = CARTESIAN_POINT ( 'NONE',  ( 0.4910252901194355202, 53.58999999999999631, 13.92482235592523310 ) ) ;
#6137 = DIRECTION ( 'NONE',  ( 0.8660254037844407060, 0.000000000000000000, 0.4999999999999966138 ) ) ;
#6138 = CARTESIAN_POINT ( 'NONE',  ( 12.11726249164388136, 53.58999999999999631, -0.9999999999999986677 ) ) ;
#6139 = CARTESIAN_POINT ( 'NONE',  ( -3.673062244983530178, 0.000000000000000000, 13.92482235592523487 ) ) ;
#6140 = EDGE_LOOP ( 'NONE', ( #10935, #10049, #10255, #8663 ) ) ;
#6141 = ORIENTED_EDGE ( 'NONE', *, *, #1809, .T. ) ;
#6142 = DIRECTION ( 'NONE',  ( -3.663735981263016583E-15, 0.000000000000000000, -1.000000000000000000 ) ) ;
#6143 = ORIENTED_EDGE ( 'NONE', *, *, #9865, .T. ) ;
#6144 = CARTESIAN_POINT ( 'NONE',  ( -12.86726271897389040, 0.000000000000000000, 8.212411177962620101 ) ) ;
#6145 = DIRECTION ( 'NONE',  ( -3.663735981263016583E-15, 0.000000000000000000, -1.000000000000000000 ) ) ;
#6146 = EDGE_LOOP ( 'NONE', ( #1222, #779, #11268, #8987, #4211, #369 ) ) ;
#6147 = ORIENTED_EDGE ( 'NONE', *, *, #3821, .F. ) ;
#6148 = FACE_BOUND ( 'NONE', #1652, .T. ) ;
#6149 = PLANE ( 'NONE',  #269 ) ;
#6150 = ORIENTED_EDGE ( 'NONE', *, *, #4996, .T. ) ;
#6151 = LINE ( 'NONE', #4542, #9354 ) ;
#6152 = DIRECTION ( 'NONE',  ( -0.8660254037844407060, 0.000000000000000000, -0.4999999999999966138 ) ) ;
#6153 = PRODUCT_DEFINITION ( '�', '', #10459, #4338 ) ;
#6154 = VERTEX_POINT ( 'NONE', #2101 ) ;
#6155 = LINE ( 'NONE', #10568, #6055 ) ;
#6156 = LINE ( 'NONE', #2501, #3696 ) ;
#6157 = EDGE_LOOP ( 'NONE', ( #7146, #6367, #9345, #8542 ) ) ;
#6158 = ORIENTED_EDGE ( 'NONE', *, *, #6802, .T. ) ;
#6159 = DIRECTION ( 'NONE',  ( -0.000000000000000000, 1.000000000000000000, -0.000000000000000000 ) ) ;
#6160 = FACE_BOUND ( 'NONE', #5445, .T. ) ;
#6161 = ORIENTED_EDGE ( 'NONE', *, *, #11217, .T. ) ;
#6162 = LINE ( 'NONE', #10697, #4588 ) ;
#6163 = CC_DESIGN_PERSON_AND_ORGANIZATION_ASSIGNMENT ( #9977, #2121, ( #6153 ) ) ;
#6164 = LINE ( 'NONE', #2780, #4118 ) ;
#6165 = ADVANCED_FACE ( 'NONE', ( #10634 ), #9836, .T. ) ;
#6166 = DIRECTION ( 'NONE',  ( -0.8660254037844407060, 0.000000000000000000, -0.4999999999999966138 ) ) ;
#6167 = CARTESIAN_POINT ( 'NONE',  ( 0.000000000000000000, 15.50000000000000000, 0.000000000000000000 ) ) ;
#6168 = EDGE_CURVE ( 'NONE', #5824, #887, #1119, .T. ) ;
#6169 = ORIENTED_EDGE ( 'NONE', *, *, #5248, .F. ) ;
#6170 = CARTESIAN_POINT ( 'NONE',  ( -16.94829350482982022, 67.84000000000000341, -12.60000000000000142 ) ) ;
#6171 = CARTESIAN_POINT ( 'NONE',  ( 12.98328789542832240, 53.58999999999999631, -13.92482235592524020 ) ) ;
#6172 = DIRECTION ( 'NONE',  ( -0.4999999999999966138, 0.000000000000000000, 0.8660254037844407060 ) ) ;
#6173 = LINE ( 'NONE', #11124, #4297 ) ;
#6174 = LINE ( 'NONE', #5266, #763 ) ;
#6175 = CARTESIAN_POINT ( 'NONE',  ( 0.000000000000000000, 15.50000000000000000, 0.000000000000000000 ) ) ;
#6176 = EDGE_LOOP ( 'NONE', ( #5763, #9082, #10279, #4611, #10878, #4107 ) ) ;
#6177 = EDGE_CURVE ( 'NONE', #2994, #3849, #1980, .T. ) ;
#6178 = ADVANCED_FACE ( 'NONE', ( #7986 ), #8965, .T. ) ;
#6179 = ADVANCED_FACE ( 'NONE', ( #2039 ), #2781, .F. ) ;
#6180 = ORIENTED_EDGE ( 'NONE', *, *, #98, .F. ) ;
#6181 = CARTESIAN_POINT ( 'NONE',  ( -0.3750001136650048528, 0.000000000000000000, 13.42482235592523665 ) ) ;
#6182 = VERTEX_POINT ( 'NONE', #9032 ) ;
#6183 = CARTESIAN_POINT ( 'NONE',  ( -7.487156820103886723, 53.58999999999999631, 11.31861676694393459 ) ) ;
#6184 = DIRECTION ( 'NONE',  ( -0.8660254037844407060, 0.000000000000000000, -0.4999999999999966138 ) ) ;
#6185 = LINE ( 'NONE', #913, #3876 ) ;
#6186 = FACE_OUTER_BOUND ( 'NONE', #9947, .T. ) ;
#6187 = ORIENTED_EDGE ( 'NONE', *, *, #1809, .F. ) ;
#6188 = EDGE_CURVE ( 'NONE', #10300, #4534, #1784, .T. ) ;
#6189 = EDGE_CURVE ( 'NONE', #10143, #9799, #1730, .T. ) ;
#6190 = VECTOR ( 'NONE', #10532, 1000.000000000000114 ) ;
#6191 = ORIENTED_EDGE ( 'NONE', *, *, #343, .T. ) ;
#6192 = DIRECTION ( 'NONE',  ( -0.8660254037844404840, -0.000000000000000000, -0.4999999999999968359 ) ) ;
#6193 = ADVANCED_FACE ( 'NONE', ( #4312 ), #2650, .F. ) ;
#6194 = ORIENTED_EDGE ( 'NONE', *, *, #4452, .F. ) ;
#6195 = DIRECTION ( 'NONE',  ( -0.000000000000000000, 1.000000000000000000, -0.000000000000000000 ) ) ;
#6196 = CARTESIAN_POINT ( 'NONE',  ( 2.923062017653524247, 53.58999999999999631, 14.92482235592524376 ) ) ;
#6197 = ORIENTED_EDGE ( 'NONE', *, *, #5756, .T. ) ;
#6198 = ORIENTED_EDGE ( 'NONE', *, *, #1967, .T. ) ;
#6199 = LINE ( 'NONE', #5238, #10867 ) ;
#6200 = PLANE ( 'NONE',  #7220 ) ;
#6201 = ORIENTED_EDGE ( 'NONE', *, *, #3962, .F. ) ;
#6202 = VECTOR ( 'NONE', #5735, 1000.000000000000000 ) ;
#6203 = LINE ( 'NONE', #3517, #3867 ) ;
#6204 = DIRECTION ( 'NONE',  ( -3.663735981263016583E-15, 0.000000000000000000, -1.000000000000000000 ) ) ;
#6205 = ORIENTED_EDGE ( 'NONE', *, *, #6715, .T. ) ;
#6206 = LINE ( 'NONE', #2828, #6780 ) ;
#6207 = AXIS2_PLACEMENT_3D ( 'NONE', #2627, #218, #2726 ) ;
#6208 = DIRECTION ( 'NONE',  ( -0.000000000000000000, 1.000000000000000000, -0.000000000000000000 ) ) ;
#6209 = EDGE_CURVE ( 'NONE', #7054, #5401, #6887, .T. ) ;
#6210 = DIRECTION ( 'NONE',  ( -0.000000000000000000, 1.000000000000000000, -0.000000000000000000 ) ) ;
#6211 = ORIENTED_EDGE ( 'NONE', *, *, #516, .T. ) ;
#6212 = ORIENTED_EDGE ( 'NONE', *, *, #3096, .T. ) ;
#6213 = CARTESIAN_POINT ( 'NONE',  ( 15.06533166297980841, 53.58999999999999631, 3.106205588981306054 ) ) ;
#6214 = CARTESIAN_POINT ( 'NONE',  ( 0.4910252901194303021, 0.000000000000000000, -14.92482235592524198 ) ) ;
#6215 = ORIENTED_EDGE ( 'NONE', *, *, #10127, .F. ) ;
#6216 = CARTESIAN_POINT ( 'NONE',  ( -9.569200587655371848, 0.000000000000000000, 13.92482235592524198 ) ) ;
#6217 = CARTESIAN_POINT ( 'NONE',  ( -12.00123731518945291, 53.58999999999999631, 0.4999999999999975020 ) ) ;
#6218 = LINE ( 'NONE', #11219, #2972 ) ;
#6219 = VECTOR ( 'NONE', #5629, 999.9999999999998863 ) ;
#6220 = FACE_OUTER_BOUND ( 'NONE', #11296, .T. ) ;
#6221 = EDGE_CURVE ( 'NONE', #8145, #5240, #6091, .T. ) ;
#6222 = CARTESIAN_POINT ( 'NONE',  ( -13.73328812275833499, 53.58999999999999631, 6.712411177962623654 ) ) ;
#6223 = ORIENTED_EDGE ( 'NONE', *, *, #3597, .F. ) ;
#6224 = AXIS2_PLACEMENT_3D ( 'NONE', #4287, #11280, #2513 ) ;
#6225 = DIRECTION ( 'NONE',  ( -0.000000000000000000, 1.000000000000000000, -0.000000000000000000 ) ) ;
#6226 = CARTESIAN_POINT ( 'NONE',  ( -16.00000102328300855, 58.58999999999999631, -9.747069910344318799 ) ) ;
#6227 = LINE ( 'NONE', #4513, #7151 ) ;
#6228 = CARTESIAN_POINT ( 'NONE',  ( 12.11726249164387781, 0.000000000000000000, -15.42482235592523843 ) ) ;
#6229 = FACE_OUTER_BOUND ( 'NONE', #6801, .T. ) ;
#6230 = CARTESIAN_POINT ( 'NONE',  ( -9.919193547637975783, 53.58999999999999631, 10.31861676694392571 ) ) ;
#6232 = ADVANCED_FACE ( 'NONE', ( #6254 ), #9590, .T. ) ;
#6231 = AXIS2_PLACEMENT_3D ( 'NONE', #9468, #10271, #3277 ) ;
#6233 = ORIENTED_EDGE ( 'NONE', *, *, #11094, .F. ) ;
#6234 = VECTOR ( 'NONE', #9266, 1000.000000000000000 ) ;
#6235 = ORIENTED_EDGE ( 'NONE', *, *, #7163, .F. ) ;
#6236 = EDGE_CURVE ( 'NONE', #5985, #8234, #6456, .T. ) ;
#6237 = DIRECTION ( 'NONE',  ( 0.000000000000000000, 0.000000000000000000, 1.000000000000000000 ) ) ;
#6238 = VECTOR ( 'NONE', #5971, 1000.000000000000000 ) ;
#6239 = ORIENTED_EDGE ( 'NONE', *, *, #8702, .T. ) ;
#6240 = VECTOR ( 'NONE', #9016, 1000.000000000000000 ) ;
#6241 = DIRECTION ( 'NONE',  ( -0.8660254037844404840, -0.000000000000000000, -0.4999999999999968359 ) ) ;
#6242 = VECTOR ( 'NONE', #2435, 1000.000000000000000 ) ;
#6243 = CARTESIAN_POINT ( 'NONE',  ( -13.73328812275833144, 53.58999999999999631, 14.92482235592524376 ) ) ;
#6244 = FACE_OUTER_BOUND ( 'NONE', #3686, .T. ) ;
#6245 = LINE ( 'NONE', #8011, #8065 ) ;
#6246 = LINE ( 'NONE', #914, #2225 ) ;
#6247 = ORIENTED_EDGE ( 'NONE', *, *, #4349, .F. ) ;
#6248 = VECTOR ( 'NONE', #3275, 999.9999999999998863 ) ;
#6249 = AXIS2_PLACEMENT_3D ( 'NONE', #11229, #10316, #1378 ) ;
#6250 = AXIS2_PLACEMENT_3D ( 'NONE', #2710, #8955, #6328 ) ;
#6251 = VERTEX_POINT ( 'NONE', #2534 ) ;
#6252 = CARTESIAN_POINT ( 'NONE',  ( 12.98328789542832773, 0.000000000000000000, 13.92482235592523310 ) ) ;
#6253 = ORIENTED_EDGE ( 'NONE', *, *, #11222, .T. ) ;
#6254 = FACE_OUTER_BOUND ( 'NONE', #5897, .T. ) ;
#6255 = EDGE_CURVE ( 'NONE', #4621, #6115, #7912, .T. ) ;
#6256 = CARTESIAN_POINT ( 'NONE',  ( 7.087149552756485171, 0.000000000000000000, 13.92482235592524020 ) ) ;
#6257 = EDGE_CURVE ( 'NONE', #3761, #4519, #10505, .T. ) ;
#6258 = EDGE_LOOP ( 'NONE', ( #3549, #2113, #8152, #5322 ) ) ;
#6259 = VERTEX_POINT ( 'NONE', #3615 ) ;
#6260 = LINE ( 'NONE', #7856, #247 ) ;
#6261 = DIRECTION ( 'NONE',  ( -0.000000000000000000, 1.000000000000000000, -0.000000000000000000 ) ) ;
#6262 = AXIS2_PLACEMENT_3D ( 'NONE', #5215, #9733, #8748 ) ;
#6263 = VERTEX_POINT ( 'NONE', #3401 ) ;
#6264 = EDGE_CURVE ( 'NONE', #4175, #9419, #7801, .T. ) ;
#6265 = VECTOR ( 'NONE', #2148, 1000.000000000000000 ) ;
#6266 = CARTESIAN_POINT ( 'NONE',  ( 0.000000000000000000, 1.000000000000000888, 9.800000000000002487 ) ) ;
#6267 = DIRECTION ( 'NONE',  ( -0.000000000000000000, 1.000000000000000000, -0.000000000000000000 ) ) ;
#6268 = ORIENTED_EDGE ( 'NONE', *, *, #10888, .F. ) ;
#6269 = FACE_BOUND ( 'NONE', #4447, .T. ) ;
#6270 = VECTOR ( 'NONE', #7341, 1000.000000000000000 ) ;
#6271 = VERTEX_POINT ( 'NONE', #5234 ) ;
#6272 = PLANE ( 'NONE',  #6250 ) ;
#6273 = ORIENTED_EDGE ( 'NONE', *, *, #9078, .T. ) ;
#6274 = ORIENTED_EDGE ( 'NONE', *, *, #9956, .T. ) ;
#6275 = PLANE ( 'NONE',  #10496 ) ;
#6276 = LINE ( 'NONE', #3633, #3929 ) ;
#6277 = ORIENTED_EDGE ( 'NONE', *, *, #2117, .F. ) ;
#6278 = DIRECTION ( 'NONE',  ( -0.000000000000000000, 1.000000000000000000, -0.000000000000000000 ) ) ;
#6279 = CARTESIAN_POINT ( 'NONE',  ( 0.000000000000000000, 0.000000000000000000, 8.800000000000002487 ) ) ;
#6280 = VECTOR ( 'NONE', #834, 1000.000000000000000 ) ;
#6281 = CARTESIAN_POINT ( 'NONE',  ( -8.703175183870930809, 53.58999999999999631, -14.42482235592523665 ) ) ;
#6282 = CARTESIAN_POINT ( 'NONE',  ( -12.86726271897389751, 52.28232689208745398, -15.42482235592523843 ) ) ;
#6283 = PLANE ( 'NONE',  #4417 ) ;
#6284 = VECTOR ( 'NONE', #3619, 1000.000000000000000 ) ;
#6285 = ORIENTED_EDGE ( 'NONE', *, *, #8347, .F. ) ;
#6286 = CARTESIAN_POINT ( 'NONE',  ( 5.544372092354620918, 5.500000000000000000, -9.603134160025254218 ) ) ;
#6287 = CARTESIAN_POINT ( 'NONE',  ( -9.919193547637975783, 0.000000000000000000, 10.31861676694392571 ) ) ;
#6288 = ORIENTED_EDGE ( 'NONE', *, *, #9189, .F. ) ;
#6289 = LINE ( 'NONE', #2729, #5145 ) ;
#6290 = LINE ( 'NONE', #962, #2467 ) ;
#6291 = CARTESIAN_POINT ( 'NONE',  ( 12.98328789542832062, 0.000000000000000000, -0.5000000000000022204 ) ) ;
#6292 = DIRECTION ( 'NONE',  ( -0.000000000000000000, 1.000000000000000000, -0.000000000000000000 ) ) ;
#6293 = EDGE_CURVE ( 'NONE', #1077, #3424, #4359, .T. ) ;
#6294 = ORIENTED_EDGE ( 'NONE', *, *, #6461, .F. ) ;
#6295 = VECTOR ( 'NONE', #4703, 999.9999999999998863 ) ;
#6296 = EDGE_LOOP ( 'NONE', ( #3679, #9469, #3267, #480, #8053, #10024, #8252, #5944 ) ) ;
#6297 = LINE ( 'NONE', #9801, #7475 ) ;
#6298 = AXIS2_PLACEMENT_3D ( 'NONE', #6214, #9830, #4498 ) ;
#6299 = VERTEX_POINT ( 'NONE', #1903 ) ;
#6300 = CARTESIAN_POINT ( 'NONE',  ( -20.95100000000000406, 59.69999999999997442, -10.25000000000000000 ) ) ;
#6301 = DIRECTION ( 'NONE',  ( 0.000000000000000000, -1.000000000000000000, 0.000000000000000000 ) ) ;
#6302 = DIRECTION ( 'NONE',  ( 1.000000000000000000, -0.000000000000000000, -0.000000000000000000 ) ) ;
#6303 = CARTESIAN_POINT ( 'NONE',  ( 16.90222591453325407, 67.84000000000000341, 12.59999999999999432 ) ) ;
#6304 = CARTESIAN_POINT ( 'NONE',  ( 4.655112825222396111, 52.28232689208745398, -13.92482235592524020 ) ) ;
#6305 = EDGE_CURVE ( 'NONE', #9159, #4842, #7851, .T. ) ;
#6306 = ORIENTED_EDGE ( 'NONE', *, *, #4867, .T. ) ;
#6307 = AXIS2_PLACEMENT_3D ( 'NONE', #1908, #5460, #8945 ) ;
#6308 = VERTEX_POINT ( 'NONE', #8829 ) ;
#6309 = EDGE_CURVE ( 'NONE', #4402, #7762, #3563, .T. ) ;
#6310 = DIRECTION ( 'NONE',  ( -0.8660254037844368202, 0.000000000000000000, 0.5000000000000032196 ) ) ;
#6311 = VERTEX_POINT ( 'NONE', #8886 ) ;
#6312 = DIRECTION ( 'NONE',  ( 0.8660254037844407060, 0.000000000000000000, 0.4999999999999966138 ) ) ;
#6313 = DIRECTION ( 'NONE',  ( -0.000000000000000000, 1.000000000000000000, -0.000000000000000000 ) ) ;
#6314 = ORIENTED_EDGE ( 'NONE', *, *, #10889, .T. ) ;
#6315 = ORIENTED_EDGE ( 'NONE', *, *, #7423, .F. ) ;
#6316 = DIRECTION ( 'NONE',  ( -0.5000000000000029976, 0.000000000000000000, -0.8660254037844369313 ) ) ;
#6317 = CARTESIAN_POINT ( 'NONE',  ( 6.760390456121688985, 5.500000000000000000, -11.70933974900660068 ) ) ;
#6318 = VECTOR ( 'NONE', #210, 1000.000000000000000 ) ;
#6319 = ORIENTED_EDGE ( 'NONE', *, *, #1778, .F. ) ;
#6320 = LINE ( 'NONE', #9821, #4788 ) ;
#6321 = LINE ( 'NONE', #7066, #9172 ) ;
#6322 = ORIENTED_EDGE ( 'NONE', *, *, #8990, .F. ) ;
#6323 = LINE ( 'NONE', #5465, #10810 ) ;
#6324 = EDGE_CURVE ( 'NONE', #5736, #1398, #2698, .T. ) ;
#6325 = EDGE_CURVE ( 'NONE', #1484, #3964, #10611, .T. ) ;
#6326 = EDGE_LOOP ( 'NONE', ( #9517, #1040, #4638, #8752, #5083, #2813 ) ) ;
#6327 = ADVANCED_FACE ( 'NONE', ( #6026 ), #5404, .T. ) ;
#6328 = DIRECTION ( 'NONE',  ( 3.330669073875469621E-15, 0.000000000000000000, 1.000000000000000000 ) ) ;
#6329 = ORIENTED_EDGE ( 'NONE', *, *, #7985, .T. ) ;
#6330 = ORIENTED_EDGE ( 'NONE', *, *, #3096, .F. ) ;
#6331 = DIRECTION ( 'NONE',  ( -0.5000000000000029976, 0.000000000000000000, -0.8660254037844369313 ) ) ;
#6332 = LINE ( 'NONE', #149, #10153 ) ;
#6333 = ORIENTED_EDGE ( 'NONE', *, *, #663, .T. ) ;
#6334 = CARTESIAN_POINT ( 'NONE',  ( -13.73328812275833499, 5.500000000000000000, -14.92482235592523487 ) ) ;
#6335 = FACE_OUTER_BOUND ( 'NONE', #2834, .T. ) ;
#6336 = CARTESIAN_POINT ( 'NONE',  ( -18.26838979568740129, 53.58999999999999631, 9.605637215151624275 ) ) ;
#6337 = CARTESIAN_POINT ( 'NONE',  ( 0.000000000000000000, 58.58999999999999631, 0.000000000000000000 ) ) ;
#6338 = ADVANCED_FACE ( 'NONE', ( #9531 ), #1672, .T. ) ;
#6339 = CARTESIAN_POINT ( 'NONE',  ( 15.99999999999999289, 59.69999999999997442, -10.25000000000000000 ) ) ;
#6340 = DIRECTION ( 'NONE',  ( 0.4999999999999968359, 0.000000000000000000, -0.8660254037844404840 ) ) ;
#6341 = ORIENTED_EDGE ( 'NONE', *, *, #6733, .T. ) ;
#6342 = FACE_OUTER_BOUND ( 'NONE', #1787, .T. ) ;
#6343 = EDGE_CURVE ( 'NONE', #221, #4941, #10729, .T. ) ;
#6344 = CARTESIAN_POINT ( 'NONE',  ( -12.86726271897389040, 0.000000000000000000, 1.000000000000000444 ) ) ;
#6345 = ORIENTED_EDGE ( 'NONE', *, *, #9353, .F. ) ;
#6346 = DIRECTION ( 'NONE',  ( -1.000000000000000000, 0.000000000000000000, 3.330669073875469621E-15 ) ) ;
#6347 = DIRECTION ( 'NONE',  ( -0.000000000000000000, -1.000000000000000000, -0.000000000000000000 ) ) ;
#6348 = ORIENTED_EDGE ( 'NONE', *, *, #10474, .T. ) ;
#6349 = CARTESIAN_POINT ( 'NONE',  ( -12.00123731518945647, 0.000000000000000000, 13.92482235592523487 ) ) ;
#6350 = CARTESIAN_POINT ( 'NONE',  ( -13.73328812275833499, 0.000000000000000000, 6.712411177962623654 ) ) ;
#6351 = ORIENTED_EDGE ( 'NONE', *, *, #113, .T. ) ;
#6352 = ORIENTED_EDGE ( 'NONE', *, *, #4928, .T. ) ;
#6353 = DIRECTION ( 'NONE',  ( 0.000000000000000000, 0.000000000000000000, 1.000000000000000000 ) ) ;
#6354 = ORIENTED_EDGE ( 'NONE', *, *, #1887, .F. ) ;
#6355 = CARTESIAN_POINT ( 'NONE',  ( -5.405113052552404262, 0.000000000000000000, 14.92482235592524376 ) ) ;
#6356 = LINE ( 'NONE', #10032, #980 ) ;
#6357 = DIRECTION ( 'NONE',  ( 3.330669073875469621E-15, 0.000000000000000000, 1.000000000000000000 ) ) ;
#6358 = CARTESIAN_POINT ( 'NONE',  ( 14.19930625919537093, 5.500000000000000000, -2.606205588981308274 ) ) ;
#6359 = CARTESIAN_POINT ( 'NONE',  ( 2.923062017653520250, 0.000000000000000000, 13.92482235592524198 ) ) ;
#6360 = ORIENTED_EDGE ( 'NONE', *, *, #10298, .F. ) ;
#6361 = EDGE_CURVE ( 'NONE', #2034, #8402, #2870, .T. ) ;
#6362 = DIRECTION ( 'NONE',  ( -0.4999999999999966138, 0.000000000000000000, 0.8660254037844407060 ) ) ;
#6363 = VERTEX_POINT ( 'NONE', #3206 ) ;
#6364 = DIRECTION ( 'NONE',  ( -0.8660254037844369313, -0.000000000000000000, 0.5000000000000029976 ) ) ;
#6365 = DIRECTION ( 'NONE',  ( 1.000000000000000000, 0.000000000000000000, 0.000000000000000000 ) ) ;
#6366 = VERTEX_POINT ( 'NONE', #2340 ) ;
#6367 = ORIENTED_EDGE ( 'NONE', *, *, #4795, .F. ) ;
#6368 = LINE ( 'NONE', #307, #1893 ) ;
#6369 = FACE_OUTER_BOUND ( 'NONE', #933, .T. ) ;
#6370 = ORIENTED_EDGE ( 'NONE', *, *, #7002, .F. ) ;
#6371 = CARTESIAN_POINT ( 'NONE',  ( 12.98328789542832773, 0.000000000000000000, 13.92482235592523310 ) ) ;
#6372 = CARTESIAN_POINT ( 'NONE',  ( -12.86726271897389751, 53.58999999999999631, -8.212411177962620101 ) ) ;
#6373 = ORIENTED_EDGE ( 'NONE', *, *, #8074, .F. ) ;
#6374 = LINE ( 'NONE', #9879, #4398 ) ;
#6375 = VECTOR ( 'NONE', #8783, 1000.000000000000000 ) ;
#6376 = EDGE_CURVE ( 'NONE', #10642, #7286, #772, .T. ) ;
#6377 = VERTEX_POINT ( 'NONE', #7175 ) ;
#6378 = CARTESIAN_POINT ( 'NONE',  ( 10.03521872409239712, 53.58999999999999631, -11.81861676694392926 ) ) ;
#6379 = ORIENTED_EDGE ( 'NONE', *, *, #4734, .T. ) ;
#6380 = VECTOR ( 'NONE', #9741, 1000.000000000000000 ) ;
#6381 = ORIENTED_EDGE ( 'NONE', *, *, #6264, .T. ) ;
#6382 = FACE_OUTER_BOUND ( 'NONE', #2763, .T. ) ;
#6383 = LINE ( 'NONE', #1228, #9416 ) ;
#6384 = ADVANCED_FACE ( 'NONE', ( #6697 ), #249, .T. ) ;
#6385 = ORIENTED_EDGE ( 'NONE', *, *, #7323, .T. ) ;
#6386 = DIRECTION ( 'NONE',  ( 0.5000000000000032196, 0.000000000000000000, 0.8660254037844368202 ) ) ;
#6387 = DIRECTION ( 'NONE',  ( -0.8660254037844368202, 0.000000000000000000, 0.5000000000000032196 ) ) ;
#6388 = FACE_OUTER_BOUND ( 'NONE', #8031, .T. ) ;
#6389 = EDGE_CURVE ( 'NONE', #3111, #524, #4058, .T. ) ;
#6390 = DIRECTION ( 'NONE',  ( 0.8660254037844368202, 0.000000000000000000, -0.5000000000000032196 ) ) ;
#6391 = AXIS2_PLACEMENT_3D ( 'NONE', #10480, #8913, #10536 ) ;
#6392 = CARTESIAN_POINT ( 'NONE',  ( -5.405113052552405151, 0.000000000000000000, -13.92482235592523310 ) ) ;
#6393 = CARTESIAN_POINT ( 'NONE',  ( 15.99999999999999289, 59.69999999999997442, 10.25000000000000178 ) ) ;
#6394 = ORIENTED_EDGE ( 'NONE', *, *, #501, .T. ) ;
#6395 = DIRECTION ( 'NONE',  ( -3.330669073875469621E-15, 0.000000000000000000, -1.000000000000000000 ) ) ;
#6396 = DIRECTION ( 'NONE',  ( 3.330669073875469621E-15, 0.000000000000000000, 1.000000000000000000 ) ) ;
#6397 = EDGE_CURVE ( 'NONE', #5978, #3315, #9813, .T. ) ;
#6398 = VERTEX_POINT ( 'NONE', #2133 ) ;
#6399 = CARTESIAN_POINT ( 'NONE',  ( -14.08328108274093360, 5.500000000000000000, -3.106205588981312271 ) ) ;
#6400 = VECTOR ( 'NONE', #2581, 1000.000000000000000 ) ;
#6401 = EDGE_CURVE ( 'NONE', #9799, #4175, #9065, .T. ) ;
#6402 = DIRECTION ( 'NONE',  ( 0.000000000000000000, 0.000000000000000000, 1.000000000000000000 ) ) ;
#6403 = EDGE_CURVE ( 'NONE', #6527, #9458, #7235, .T. ) ;
#6404 = ORIENTED_EDGE ( 'NONE', *, *, #8922, .T. ) ;
#6405 = EDGE_CURVE ( 'NONE', #8159, #6961, #3677, .T. ) ;
#6406 = LINE ( 'NONE', #1243, #6443 ) ;
#6407 = CARTESIAN_POINT ( 'NONE',  ( 10.90124412787684172, 53.58999999999999631, -10.31861676694393104 ) ) ;
#6408 = VERTEX_POINT ( 'NONE', #10196 ) ;
#6409 = EDGE_CURVE ( 'NONE', #1077, #11004, #4711, .T. ) ;
#6410 = VECTOR ( 'NONE', #4458, 1000.000000000000227 ) ;
#6411 = ORIENTED_EDGE ( 'NONE', *, *, #6693, .F. ) ;
#6412 = CARTESIAN_POINT ( 'NONE',  ( -7.837149780086493323, 0.000000000000000000, 13.92482235592523487 ) ) ;
#6413 = ORIENTED_EDGE ( 'NONE', *, *, #5047, .T. ) ;
#6414 = FACE_OUTER_BOUND ( 'NONE', #1958, .T. ) ;
#6415 = VECTOR ( 'NONE', #1882, 1000.000000000000000 ) ;
#6416 = CARTESIAN_POINT ( 'NONE',  ( 10.03521872409240423, 5.500000000000000000, -9.818616766943927487 ) ) ;
#6417 = CARTESIAN_POINT ( 'NONE',  ( 16.90222591453325407, 51.99940408041244666, 12.59999999999999432 ) ) ;
#6418 = VECTOR ( 'NONE', #7543, 1000.000000000000114 ) ;
#6419 = CARTESIAN_POINT ( 'NONE',  ( -3.673062244983527069, 53.58999999999999631, 14.92482235592523665 ) ) ;
#6420 = FACE_BOUND ( 'NONE', #9473, .T. ) ;
#6421 = ORIENTED_EDGE ( 'NONE', *, *, #5431, .T. ) ;
#6422 = VECTOR ( 'NONE', #592, 1000.000000000000114 ) ;
#6423 = AXIS2_PLACEMENT_3D ( 'NONE', #931, #3622, #1910 ) ;
#6424 = VECTOR ( 'NONE', #5395, 1000.000000000000000 ) ;
#6425 = CARTESIAN_POINT ( 'NONE',  ( 4.655112825222392559, 5.500000000000000000, -14.92482235592524198 ) ) ;
#6426 = ORIENTED_EDGE ( 'NONE', *, *, #9865, .F. ) ;
#6427 = CARTESIAN_POINT ( 'NONE',  ( -18.26838979568740129, 53.58999999999999631, -9.747069910344318799 ) ) ;
#6428 = CARTESIAN_POINT ( 'NONE',  ( 20.95000000000000284, 59.69999999999997442, -10.25000000000000000 ) ) ;
#6429 = ORIENTED_EDGE ( 'NONE', *, *, #9134, .T. ) ;
#6430 = ORIENTED_EDGE ( 'NONE', *, *, #1640, .T. ) ;
#6431 = CARTESIAN_POINT ( 'NONE',  ( -5.906868629178436692, 5.500000000000000000, 10.23099657937187068 ) ) ;
#6432 = DIRECTION ( 'NONE',  ( 3.663735981263016583E-15, 0.000000000000000000, 1.000000000000000000 ) ) ;
#6433 = ORIENTED_EDGE ( 'NONE', *, *, #6100, .T. ) ;
#6434 = LINE ( 'NONE', #9520, #597 ) ;
#6435 = DIRECTION ( 'NONE',  ( -0.000000000000000000, 1.000000000000000000, -0.000000000000000000 ) ) ;
#6436 = VERTEX_POINT ( 'NONE', #2011 ) ;
#6437 = VECTOR ( 'NONE', #2746, 1000.000000000000114 ) ;
#6438 = VECTOR ( 'NONE', #11015, 1000.000000000000000 ) ;
#6439 = DIRECTION ( 'NONE',  ( -0.8660254037844404840, -0.000000000000000000, -0.4999999999999968359 ) ) ;
#6440 = VECTOR ( 'NONE', #1406, 1000.000000000000000 ) ;
#6441 = EDGE_CURVE ( 'NONE', #8496, #694, #1956, .T. ) ;
#6442 = DIRECTION ( 'NONE',  ( 0.8660254037844407060, 0.000000000000000000, 0.4999999999999966138 ) ) ;
#6443 = VECTOR ( 'NONE', #7266, 999.9999999999998863 ) ;
#6444 = ORIENTED_EDGE ( 'NONE', *, *, #9024, .F. ) ;
#6445 = VECTOR ( 'NONE', #7681, 1000.000000000000000 ) ;
#6446 = ADVANCED_FACE ( 'NONE', ( #5513 ), #303, .T. ) ;
#6447 = EDGE_LOOP ( 'NONE', ( #4805, #9254, #2857, #9812, #3900, #1884 ) ) ;
#6448 = DIRECTION ( 'NONE',  ( -0.8660254037844407060, 0.000000000000000000, -0.4999999999999966138 ) ) ;
#6449 = LINE ( 'NONE', #2265, #9600 ) ;
#6450 = ORIENTED_EDGE ( 'NONE', *, *, #4632, .F. ) ;
#6451 = DIRECTION ( 'NONE',  ( 0.8660254037844368202, 0.000000000000000000, -0.5000000000000032196 ) ) ;
#6452 = CARTESIAN_POINT ( 'NONE',  ( 9.169193320307970296, 5.500000000000000000, 11.31861676694393282 ) ) ;
#6453 = CARTESIAN_POINT ( 'NONE',  ( -11.65124435520685253, 0.000000000000000000, 10.31861676694393282 ) ) ;
#6454 = DIRECTION ( 'NONE',  ( 0.000000000000000000, -1.000000000000000000, 0.000000000000000000 ) ) ;
#6455 = EDGE_CURVE ( 'NONE', #3315, #6822, #8253, .T. ) ;
#6456 = CIRCLE ( 'NONE', #6998, 11.20031366318018584 ) ;
#6457 = AXIS2_PLACEMENT_3D ( 'NONE', #4080, #5107, #8596 ) ;
#6458 = CARTESIAN_POINT ( 'NONE',  ( 12.98328789542832595, 5.500000000000000000, -6.712411177962623654 ) ) ;
#6459 = DIRECTION ( 'NONE',  ( -3.663735981263016583E-15, -0.000000000000000000, -1.000000000000000000 ) ) ;
#6460 = ORIENTED_EDGE ( 'NONE', *, *, #10187, .T. ) ;
#6461 = EDGE_CURVE ( 'NONE', #74, #1780, #10842, .T. ) ;
#6462 = CARTESIAN_POINT ( 'NONE',  ( -14.94930648652537819, 0.000000000000000000, 2.606205588981310051 ) ) ;
#6463 = VECTOR ( 'NONE', #9211, 1000.000000000000000 ) ;
#6464 = VERTEX_POINT ( 'NONE', #4660 ) ;
#6465 = CARTESIAN_POINT ( 'NONE',  ( 18.94999999999999929, 53.58999999999999631, -18.50000000000000355 ) ) ;
#6466 = FACE_OUTER_BOUND ( 'NONE', #3131, .T. ) ;
#6467 = ORIENTED_EDGE ( 'NONE', *, *, #6221, .F. ) ;
#6468 = FACE_OUTER_BOUND ( 'NONE', #10197, .T. ) ;
#6469 = CARTESIAN_POINT ( 'NONE',  ( -20.95000000000000639, 53.58999999999999631, 18.49999999999999645 ) ) ;
#6470 = ORIENTED_EDGE ( 'NONE', *, *, #1210, .F. ) ;
#6471 = AXIS2_PLACEMENT_3D ( 'NONE', #9424, #8436, #4095 ) ;
#6472 = ADVANCED_FACE ( 'NONE', ( #8136 ), #2995, .T. ) ;
#6473 = EDGE_CURVE ( 'NONE', #193, #8939, #1474, .T. ) ;
#6474 = ORIENTED_EDGE ( 'NONE', *, *, #8986, .F. ) ;
#6475 = EDGE_CURVE ( 'NONE', #3339, #9334, #5455, .T. ) ;
#6476 = EDGE_CURVE ( 'NONE', #4591, #305, #8465, .T. ) ;
#6477 = EDGE_CURVE ( 'NONE', #7072, #8380, #676, .T. ) ;
#6478 = CARTESIAN_POINT ( 'NONE',  ( -12.86726271897389751, 5.500000000000000000, -0.9999999999999995559 ) ) ;
#6479 = CARTESIAN_POINT ( 'NONE',  ( -6.621131416319453677, 0.000000000000000000, 9.818616766943931040 ) ) ;
#6480 = ORIENTED_EDGE ( 'NONE', *, *, #8174, .T. ) ;
#6481 = DIRECTION ( 'NONE',  ( 3.663735981263016583E-15, 0.000000000000000000, 1.000000000000000000 ) ) ;
#6482 = CARTESIAN_POINT ( 'NONE',  ( 12.11726249164388136, 5.500000000000000000, -8.212411177962620101 ) ) ;
#6483 = PLANE ( 'NONE',  #5156 ) ;
#6484 = VECTOR ( 'NONE', #8241, 1000.000000000000000 ) ;
#6485 = CARTESIAN_POINT ( 'NONE',  ( 0.000000000000000000, 5.000000000000000000, 0.000000000000000000 ) ) ;
#6486 = FACE_BOUND ( 'NONE', #8762, .T. ) ;
#6487 = ORIENTED_EDGE ( 'NONE', *, *, #2424, .F. ) ;
#6488 = VECTOR ( 'NONE', #9140, 1000.000000000000000 ) ;
#6489 = EDGE_CURVE ( 'NONE', #5028, #10604, #3426, .T. ) ;
#6490 = DIRECTION ( 'NONE',  ( 1.000000000000000000, -0.000000000000000000, -0.000000000000000000 ) ) ;
#6491 = VERTEX_POINT ( 'NONE', #10365 ) ;
#6492 = DIRECTION ( 'NONE',  ( -0.000000000000000000, 1.000000000000000000, -0.000000000000000000 ) ) ;
#6493 = DIRECTION ( 'NONE',  ( -0.8660254037844407060, 0.000000000000000000, -0.4999999999999966138 ) ) ;
#6494 = VERTEX_POINT ( 'NONE', #5149 ) ;
#6495 = EDGE_LOOP ( 'NONE', ( #6141, #4114, #3910, #4716 ) ) ;
#6496 = LINE ( 'NONE', #9011, #8105 ) ;
#6497 = LINE ( 'NONE', #9239, #7770 ) ;
#6498 = VERTEX_POINT ( 'NONE', #4169 ) ;
#6499 = CARTESIAN_POINT ( 'NONE',  ( 12.11726249164388847, 53.58999999999999631, -6.212411177962620101 ) ) ;
#6500 = DIRECTION ( 'NONE',  ( -0.4999999999999966138, 0.000000000000000000, 0.8660254037844407060 ) ) ;
#6501 = ORIENTED_EDGE ( 'NONE', *, *, #1210, .T. ) ;
#6502 = VECTOR ( 'NONE', #2303, 999.9999999999998863 ) ;
#6503 = CARTESIAN_POINT ( 'NONE',  ( 1.371642827705998229E-15, -31.67927097060420394, -11.20031366318018584 ) ) ;
#6504 = ORIENTED_EDGE ( 'NONE', *, *, #5848, .T. ) ;
#6505 = CARTESIAN_POINT ( 'NONE',  ( 7.626415859906230388, 5.500000000000000000, 13.20933974900657404 ) ) ;
#6506 = VECTOR ( 'NONE', #7934, 1000.000000000000000 ) ;
#6507 = ORIENTED_EDGE ( 'NONE', *, *, #10229, .F. ) ;
#6508 = ADVANCED_FACE ( 'NONE', ( #7659 ), #6805, .T. ) ;
#6509 = ORIENTED_EDGE ( 'NONE', *, *, #5331, .T. ) ;
#6510 = DIRECTION ( 'NONE',  ( -3.330669073875469621E-15, 0.000000000000000000, -1.000000000000000000 ) ) ;
#6511 = ORIENTED_EDGE ( 'NONE', *, *, #7448, .T. ) ;
#6512 = CARTESIAN_POINT ( 'NONE',  ( -18.95000000000000995, 5.499999999999998224, -18.50000000000000355 ) ) ;
#6513 = LINE ( 'NONE', #5712, #7517 ) ;
#6514 = FACE_OUTER_BOUND ( 'NONE', #9199, .T. ) ;
#6515 = ADVANCED_FACE ( 'NONE', ( #3478 ), #6976, .T. ) ;
#6516 = DIRECTION ( 'NONE',  ( 0.4999999999999968359, 0.000000000000000000, -0.8660254037844404840 ) ) ;
#6517 = DIRECTION ( 'NONE',  ( -0.000000000000000000, 1.000000000000000000, -0.000000000000000000 ) ) ;
#6518 = EDGE_LOOP ( 'NONE', ( #6329, #3325, #4308, #3924 ) ) ;
#6519 = EDGE_CURVE ( 'NONE', #2351, #7441, #1535, .T. ) ;
#6520 = ADVANCED_FACE ( 'NONE', ( #5093 ), #5896, .T. ) ;
#6521 = CARTESIAN_POINT ( 'NONE',  ( -13.73328812275833499, 53.58999999999999631, -0.4999999999999963363 ) ) ;
#6522 = ORIENTED_EDGE ( 'NONE', *, *, #3925, .F. ) ;
#6523 = DIRECTION ( 'NONE',  ( -0.000000000000000000, 1.000000000000000000, -0.000000000000000000 ) ) ;
#6524 = PLANE ( 'NONE',  #6858 ) ;
#6525 = ORIENTED_EDGE ( 'NONE', *, *, #1043, .F. ) ;
#6526 = CARTESIAN_POINT ( 'NONE',  ( 2.923062017653518918, 52.28232689208745398, -13.92482235592523310 ) ) ;
#6527 = VERTEX_POINT ( 'NONE', #5040 ) ;
#6528 = ADVANCED_FACE ( 'NONE', ( #7606 ), #2458, .T. ) ;
#6529 = EDGE_LOOP ( 'NONE', ( #1442, #4596, #8677, #9965, #3791, #9853 ) ) ;
#6530 = VERTEX_POINT ( 'NONE', #731 ) ;
#6531 = DIRECTION ( 'NONE',  ( -0.000000000000000000, 1.000000000000000000, -0.000000000000000000 ) ) ;
#6532 = ORIENTED_EDGE ( 'NONE', *, *, #7390, .F. ) ;
#6533 = CARTESIAN_POINT ( 'NONE',  ( 0.000000000000000000, 1.000000000000000888, 0.000000000000000000 ) ) ;
#6534 = DIRECTION ( 'NONE',  ( 0.000000000000000000, 0.000000000000000000, -1.000000000000000000 ) ) ;
#6535 = DIRECTION ( 'NONE',  ( 0.4999999999999968359, 0.000000000000000000, -0.8660254037844404840 ) ) ;
#6536 = EDGE_CURVE ( 'NONE', #9270, #8816, #9448, .T. ) ;
#6537 = EDGE_CURVE ( 'NONE', #10746, #1330, #6003, .T. ) ;
#6538 = DIRECTION ( 'NONE',  ( 0.000000000000000000, -1.000000000000000000, 0.000000000000000000 ) ) ;
#6539 = FACE_BOUND ( 'NONE', #9802, .T. ) ;
#6540 = EDGE_LOOP ( 'NONE', ( #769, #2018, #9522, #434 ) ) ;
#6541 = ADVANCED_FACE ( 'NONE', ( #7776 ), #9567, .T. ) ;
#6542 = DIRECTION ( 'NONE',  ( -0.000000000000000000, 1.000000000000000000, -0.000000000000000000 ) ) ;
#6543 = ORIENTED_EDGE ( 'NONE', *, *, #10228, .T. ) ;
#6544 = CARTESIAN_POINT ( 'NONE',  ( 4.655112825222351702, 5.500000000000000000, -1.550464032236915221E-14 ) ) ;
#6545 = ORIENTED_EDGE ( 'NONE', *, *, #8918, .F. ) ;
#6546 = DIRECTION ( 'NONE',  ( -0.000000000000000000, 1.000000000000000000, -0.000000000000000000 ) ) ;
#6547 = CARTESIAN_POINT ( 'NONE',  ( -5.755106012535013527, 0.000000000000000000, -11.31861676694393282 ) ) ;
#6548 = EDGE_CURVE ( 'NONE', #5418, #4841, #11110, .T. ) ;
#6549 = CARTESIAN_POINT ( 'NONE',  ( 5.871131188989445526, 0.000000000000000000, 11.81861676694392926 ) ) ;
#6550 = CARTESIAN_POINT ( 'NONE',  ( 11.25123708785945098, 53.58999999999999631, 13.92482235592524020 ) ) ;
#6551 = ORIENTED_EDGE ( 'NONE', *, *, #6888, .F. ) ;
#6552 = EDGE_CURVE ( 'NONE', #3580, #1613, #9619, .T. ) ;
#6553 = DIRECTION ( 'NONE',  ( -0.8660254037844368202, 0.000000000000000000, 0.5000000000000032196 ) ) ;
#6554 = EDGE_CURVE ( 'NONE', #6857, #2760, #7719, .T. ) ;
#6555 = VERTEX_POINT ( 'NONE', #846 ) ;
#6556 = CARTESIAN_POINT ( 'NONE',  ( -6.999998126900004891, 15.50000000000000000, -3.469446951953614189E-15 ) ) ;
#6557 = EDGE_LOOP ( 'NONE', ( #10960, #1847, #2254, #8627 ) ) ;
#6558 = ORIENTED_EDGE ( 'NONE', *, *, #5222, .F. ) ;
#6559 = VERTEX_POINT ( 'NONE', #1707 ) ;
#6560 = DIRECTION ( 'NONE',  ( -0.8660254037844404840, -0.000000000000000000, -0.4999999999999968359 ) ) ;
#6561 = LINE ( 'NONE', #4680, #2096 ) ;
#6562 = EDGE_LOOP ( 'NONE', ( #10413, #5348, #8573, #6467 ) ) ;
#6563 = DIRECTION ( 'NONE',  ( -0.000000000000000000, 1.000000000000000000, -0.000000000000000000 ) ) ;
#6564 = FACE_OUTER_BOUND ( 'NONE', #2313, .T. ) ;
#6565 = CARTESIAN_POINT ( 'NONE',  ( -4.539087648767965000, 0.000000000000000000, -13.42482235592523665 ) ) ;
#6566 = VECTOR ( 'NONE', #10597, 1000.000000000000000 ) ;
#6567 = CARTESIAN_POINT ( 'NONE',  ( 7.087149552756485171, 5.500000000000000000, 13.92482235592524020 ) ) ;
#6568 = FACE_OUTER_BOUND ( 'NONE', #3997, .T. ) ;
#6569 = EDGE_LOOP ( 'NONE', ( #10424, #7400, #3271, #473, #10212, #2540 ) ) ;
#6570 = LINE ( 'NONE', #5776, #6463 ) ;
#6571 = ORIENTED_EDGE ( 'NONE', *, *, #1668, .T. ) ;
#6572 = DIRECTION ( 'NONE',  ( 3.663735981263016583E-15, 0.000000000000000000, 1.000000000000000000 ) ) ;
#6573 = DIRECTION ( 'NONE',  ( 3.663735981263016583E-15, 0.000000000000000000, 1.000000000000000000 ) ) ;
#6574 = ORIENTED_EDGE ( 'NONE', *, *, #5049, .T. ) ;
#6575 = CARTESIAN_POINT ( 'NONE',  ( -12.00123731518945647, 0.000000000000000000, 6.712411177962616549 ) ) ;
#6576 = AXIS2_PLACEMENT_3D ( 'NONE', #3425, #8639, #10417 ) ;
#6577 = VERTEX_POINT ( 'NONE', #2394 ) ;
#6578 = ADVANCED_FACE ( 'NONE', ( #4337 ), #1760, .T. ) ;
#6579 = ORIENTED_EDGE ( 'NONE', *, *, #7938, .T. ) ;
#6580 = ORIENTED_EDGE ( 'NONE', *, *, #1979, .T. ) ;
#6581 = AXIS2_PLACEMENT_3D ( 'NONE', #8312, #7568, #5748 ) ;
#6582 = LINE ( 'NONE', #10028, #6750 ) ;
#6583 = EDGE_LOOP ( 'NONE', ( #7322, #200, #9918, #565, #5356, #2007 ) ) ;
#6584 = CARTESIAN_POINT ( 'NONE',  ( -15.81533189030981390, 53.58999999999999631, 4.106205588981314492 ) ) ;
#6585 = ADVANCED_FACE ( 'NONE', ( #10706 ), #8863, .T. ) ;
#6586 = FACE_BOUND ( 'NONE', #10692, .T. ) ;
#6587 = CARTESIAN_POINT ( 'NONE',  ( -16.94829350482982022, 52.28232689208745398, -12.60000000000000142 ) ) ;
#6588 = DIRECTION ( 'NONE',  ( -3.663735981263016583E-15, 0.000000000000000000, -1.000000000000000000 ) ) ;
#6589 = FACE_BOUND ( 'NONE', #9095, .T. ) ;
#6590 = ORIENTED_EDGE ( 'NONE', *, *, #1688, .T. ) ;
#6591 = VECTOR ( 'NONE', #8581, 1000.000000000000000 ) ;
#6592 = EDGE_CURVE ( 'NONE', #9653, #1356, #2850, .T. ) ;
#6593 = VECTOR ( 'NONE', #3484, 1000.000000000000000 ) ;
#6594 = CARTESIAN_POINT ( 'NONE',  ( 5.005105785205000934, 53.58999999999999631, 10.31861676694393282 ) ) ;
#6595 = ORIENTED_EDGE ( 'NONE', *, *, #7017, .T. ) ;
#6596 = DIRECTION ( 'NONE',  ( -0.000000000000000000, 1.000000000000000000, -0.000000000000000000 ) ) ;
#6597 = AXIS2_PLACEMENT_3D ( 'NONE', #3246, #11215, #5945 ) ;
#6598 = ORIENTED_EDGE ( 'NONE', *, *, #8742, .T. ) ;
#6599 = DIRECTION ( 'NONE',  ( 3.663735981263016583E-15, 0.000000000000000000, 1.000000000000000000 ) ) ;
#6600 = LINE ( 'NONE', #3106, #10892 ) ;
#6601 = DIRECTION ( 'NONE',  ( 0.000000000000000000, 0.000000000000000000, -1.000000000000000000 ) ) ;
#6602 = CARTESIAN_POINT ( 'NONE',  ( -4.539087648767972105, 53.58999999999999631, -15.42482235592523843 ) ) ;
#6603 = ORIENTED_EDGE ( 'NONE', *, *, #4931, .F. ) ;
#6604 = LINE ( 'NONE', #10003, #7878 ) ;
#6605 = VECTOR ( 'NONE', #3006, 1000.000000000000227 ) ;
#6606 = VECTOR ( 'NONE', #10020, 999.9999999999998863 ) ;
#6607 = ADVANCED_FACE ( 'NONE', ( #9846 ), #1937, .T. ) ;
#6608 = ORIENTED_EDGE ( 'NONE', *, *, #5139, .F. ) ;
#6609 = EDGE_CURVE ( 'NONE', #2757, #10472, #4633, .T. ) ;
#6610 = FACE_OUTER_BOUND ( 'NONE', #6695, .T. ) ;
#6611 = ORIENTED_EDGE ( 'NONE', *, *, #8494, .T. ) ;
#6612 = EDGE_CURVE ( 'NONE', #2232, #3994, #4393, .T. ) ;
#6613 = LINE ( 'NONE', #650, #5111 ) ;
#6614 = VERTEX_POINT ( 'NONE', #1986 ) ;
#6615 = CC_DESIGN_APPROVAL ( #1245, ( #7886 ) ) ;
#6616 = EDGE_CURVE ( 'NONE', #1309, #9300, #5488, .T. ) ;
#6617 = ORIENTED_EDGE ( 'NONE', *, *, #7233, .F. ) ;
#6618 = LINE ( 'NONE', #8378, #7018 ) ;
#6619 = AXIS2_PLACEMENT_3D ( 'NONE', #2659, #2880, #2825 ) ;
#6620 = DIRECTION ( 'NONE',  ( -0.000000000000000000, 1.000000000000000000, -0.000000000000000000 ) ) ;
#6621 = CIRCLE ( 'NONE', #1121, 2.000000000000000000 ) ;
#6622 = ORIENTED_EDGE ( 'NONE', *, *, #5298, .F. ) ;
#6623 = CARTESIAN_POINT ( 'NONE',  ( 3.789087421437964398, 5.500000000000000000, 15.42482235592523843 ) ) ;
#6624 = VECTOR ( 'NONE', #7137, 1000.000000000000227 ) ;
#6625 = CARTESIAN_POINT ( 'NONE',  ( -14.94930648652537819, 0.000000000000000000, 2.606205588981310051 ) ) ;
#6626 = DIRECTION ( 'NONE',  ( 0.5000000000000032196, 0.000000000000000000, 0.8660254037844368202 ) ) ;
#6627 = VECTOR ( 'NONE', #7590, 1000.000000000000227 ) ;
#6628 = VECTOR ( 'NONE', #2450, 1000.000000000000000 ) ;
#6629 = VECTOR ( 'NONE', #4494, 1000.000000000000000 ) ;
#6630 = LINE ( 'NONE', #2213, #8382 ) ;
#6631 = CARTESIAN_POINT ( 'NONE',  ( -5.405113052552407815, 53.58999999999999631, 13.92482235592524198 ) ) ;
#6632 = VERTEX_POINT ( 'NONE', #7142 ) ;
#6633 = CARTESIAN_POINT ( 'NONE',  ( -5.755106012535009974, 5.500000000000000000, -10.31861676694393104 ) ) ;
#6634 = VERTEX_POINT ( 'NONE', #959 ) ;
#6635 = CARTESIAN_POINT ( 'NONE',  ( 7.087149552756489612, 0.000000000000000000, 14.92482235592524198 ) ) ;
#6636 = LINE ( 'NONE', #7544, #6127 ) ;
#6637 = AXIS2_PLACEMENT_3D ( 'NONE', #6281, #5542, #9784 ) ;
#6638 = AXIS2_PLACEMENT_3D ( 'NONE', #7909, #3790, #246 ) ;
#6639 = FACE_BOUND ( 'NONE', #3971, .T. ) ;
#6640 = VERTEX_POINT ( 'NONE', #1812 ) ;
#6641 = VERTEX_POINT ( 'NONE', #5316 ) ;
#6642 = VECTOR ( 'NONE', #10524, 1000.000000000000227 ) ;
#6643 = ORIENTED_EDGE ( 'NONE', *, *, #7248, .T. ) ;
#6644 = DIRECTION ( 'NONE',  ( 0.5000000000000032196, 0.000000000000000000, 0.8660254037844368202 ) ) ;
#6645 = APPROVAL_ROLE ( '' ) ;
#6646 = ORIENTED_EDGE ( 'NONE', *, *, #3656, .T. ) ;
#6647 = LINE ( 'NONE', #3901, #5314 ) ;
#6648 = EDGE_CURVE ( 'NONE', #4621, #1877, #159, .T. ) ;
#6649 = CARTESIAN_POINT ( 'NONE',  ( 12.98328789542833306, 51.99940408041244666, 14.92482235592523487 ) ) ;
#6650 = FACE_OUTER_BOUND ( 'NONE', #884, .T. ) ;
#6651 = DIRECTION ( 'NONE',  ( -3.663735981263016583E-15, -0.000000000000000000, -1.000000000000000000 ) ) ;
#6652 = ORIENTED_EDGE ( 'NONE', *, *, #1495, .T. ) ;
#6653 = VECTOR ( 'NONE', #1734, 1000.000000000000114 ) ;
#6654 = DIRECTION ( 'NONE',  ( 0.4999999999999968359, 0.000000000000000000, -0.8660254037844404840 ) ) ;
#6655 = VECTOR ( 'NONE', #11072, 1000.000000000000000 ) ;
#6656 = ORIENTED_EDGE ( 'NONE', *, *, #9204, .T. ) ;
#6657 = CARTESIAN_POINT ( 'NONE',  ( 11.25123708785945453, 0.000000000000000000, 14.92482235592524198 ) ) ;
#6658 = ORIENTED_EDGE ( 'NONE', *, *, #5714, .T. ) ;
#6659 = EDGE_CURVE ( 'NONE', #8690, #2848, #4457, .T. ) ;
#6660 = LINE ( 'NONE', #3272, #261 ) ;
#6661 = LINE ( 'NONE', #641, #6502 ) ;
#6662 = LINE ( 'NONE', #11125, #7889 ) ;
#6663 = CYLINDRICAL_SURFACE ( 'NONE', #4798, 11.20031366318018584 ) ;
#6664 = ORIENTED_EDGE ( 'NONE', *, *, #8250, .T. ) ;
#6665 = CARTESIAN_POINT ( 'NONE',  ( -7.837149780086489770, 53.58999999999999631, 14.92482235592523665 ) ) ;
#6666 = VECTOR ( 'NONE', #5070, 1000.000000000000000 ) ;
#6667 = DIRECTION ( 'NONE',  ( 0.000000000000000000, 0.000000000000000000, 1.000000000000000000 ) ) ;
#6668 = ORIENTED_EDGE ( 'NONE', *, *, #7507, .F. ) ;
#6669 = LINE ( 'NONE', #10171, #2551 ) ;
#6670 = ORIENTED_EDGE ( 'NONE', *, *, #4499, .T. ) ;
#6671 = ORIENTED_EDGE ( 'NONE', *, *, #8185, .F. ) ;
#6672 = LINE ( 'NONE', #653, #3730 ) ;
#6673 = DIRECTION ( 'NONE',  ( -0.8660254037844404840, -0.000000000000000000, -0.4999999999999968359 ) ) ;
#6674 = VECTOR ( 'NONE', #8100, 1000.000000000000000 ) ;
#6675 = EDGE_LOOP ( 'NONE', ( #2260, #7744, #4727, #5012 ) ) ;
#6676 = CARTESIAN_POINT ( 'NONE',  ( -15.81533189030981390, 5.500000000000000000, 3.106205588981313159 ) ) ;
#6677 = CARTESIAN_POINT ( 'NONE',  ( -13.73328812275833144, 53.58999999999999631, 7.712411177962624542 ) ) ;
#6678 = DIRECTION ( 'NONE',  ( 3.663735981263016583E-15, 0.000000000000000000, 1.000000000000000000 ) ) ;
#6679 = EDGE_CURVE ( 'NONE', #10677, #9419, #9725, .T. ) ;
#6680 = CARTESIAN_POINT ( 'NONE',  ( 14.19930625919537270, 53.58999999999999631, 4.606205588981309162 ) ) ;
#6681 = EDGE_CURVE ( 'NONE', #1518, #7300, #7943, .T. ) ;
#6682 = ADVANCED_FACE ( 'NONE', ( #8914 ), #7262, .F. ) ;
#6683 = VECTOR ( 'NONE', #6432, 1000.000000000000000 ) ;
#6684 = CARTESIAN_POINT ( 'NONE',  ( -5.405113052552409592, 5.500000000000000000, -14.92482235592523487 ) ) ;
#6685 = LINE ( 'NONE', #7539, #4976 ) ;
#6686 = VERTEX_POINT ( 'NONE', #1875 ) ;
#6687 = PLANE ( 'NONE',  #3713 ) ;
#6688 = ORIENTED_EDGE ( 'NONE', *, *, #10582, .T. ) ;
#6689 = DIRECTION ( 'NONE',  ( -0.000000000000000000, 1.000000000000000000, -0.000000000000000000 ) ) ;
#6690 = CARTESIAN_POINT ( 'NONE',  ( -1.241025517449492854, 5.500000000000000000, 4.546789841945260686E-15 ) ) ;
#6691 = PLANE ( 'NONE',  #4808 ) ;
#6692 = EDGE_LOOP ( 'NONE', ( #10261, #919, #2670, #4725 ) ) ;
#6693 = EDGE_CURVE ( 'NONE', #8550, #10746, #4567, .T. ) ;
#6694 = ORIENTED_EDGE ( 'NONE', *, *, #3559, .T. ) ;
#6695 = EDGE_LOOP ( 'NONE', ( #8258, #6077, #9554, #10371 ) ) ;
#6696 = DIRECTION ( 'NONE',  ( 0.000000000000000000, -1.000000000000000000, 0.000000000000000000 ) ) ;
#6697 = FACE_OUTER_BOUND ( 'NONE', #1598, .T. ) ;
#6698 = DIRECTION ( 'NONE',  ( 1.000000000000000000, 0.000000000000000000, 0.000000000000000000 ) ) ;
#6699 = EDGE_LOOP ( 'NONE', ( #3897, #2908, #252, #9195 ) ) ;
#6700 = CARTESIAN_POINT ( 'NONE',  ( -18.95000000000000995, 5.499999999999998224, -16.50000000000000000 ) ) ;
#6701 = FACE_BOUND ( 'NONE', #4750, .T. ) ;
#6702 = DIRECTION ( 'NONE',  ( 3.330669073875469621E-15, 0.000000000000000000, 1.000000000000000000 ) ) ;
#6703 = CARTESIAN_POINT ( 'NONE',  ( -12.86726271897389040, 53.58999999999999631, -13.42482235592523665 ) ) ;
#6704 = EDGE_LOOP ( 'NONE', ( #3208, #637, #10689, #6194 ) ) ;
#6705 = FACE_OUTER_BOUND ( 'NONE', #9261, .T. ) ;
#6706 = EDGE_LOOP ( 'NONE', ( #4092, #5999, #4830, #9963 ) ) ;
#6707 = LINE ( 'NONE', #10206, #1821 ) ;
#6708 = ORIENTED_EDGE ( 'NONE', *, *, #2965, .F. ) ;
#6709 = DIRECTION ( 'NONE',  ( -0.8660254037844369313, -0.000000000000000000, 0.5000000000000029976 ) ) ;
#6710 = DIRECTION ( 'NONE',  ( -3.330669073875469621E-15, 0.000000000000000000, -1.000000000000000000 ) ) ;
#6711 = FACE_OUTER_BOUND ( 'NONE', #9823, .T. ) ;
#6712 = CARTESIAN_POINT ( 'NONE',  ( -16.00000102328300855, 53.58999999999999631, 9.605637215151624275 ) ) ;
#6713 = ORIENTED_EDGE ( 'NONE', *, *, #2549, .T. ) ;
#6714 = LINE ( 'NONE', #6020, #8786 ) ;
#6715 = EDGE_CURVE ( 'NONE', #10677, #323, #9790, .T. ) ;
#6716 = ORIENTED_EDGE ( 'NONE', *, *, #7390, .T. ) ;
#6717 = CARTESIAN_POINT ( 'NONE',  ( 15.06533166297980486, 53.58999999999999631, -4.106205588981311827 ) ) ;
#6718 = ORIENTED_EDGE ( 'NONE', *, *, #7715, .F. ) ;
#6719 = CARTESIAN_POINT ( 'NONE',  ( 4.655112825222401440, 5.500000000000000000, 14.92482235592523665 ) ) ;
#6720 = ORIENTED_EDGE ( 'NONE', *, *, #1087, .T. ) ;
#6721 = ORIENTED_EDGE ( 'NONE', *, *, #5854, .T. ) ;
#6722 = CARTESIAN_POINT ( 'NONE',  ( -9.569200587655368295, 53.58999999999999631, -13.92482235592523310 ) ) ;
#6723 = CARTESIAN_POINT ( 'NONE',  ( -14.94930648652537819, 53.58999999999999631, 2.606205588981310051 ) ) ;
#6724 = VERTEX_POINT ( 'NONE', #220 ) ;
#6725 = DIRECTION ( 'NONE',  ( -0.000000000000000000, -1.000000000000000000, -0.000000000000000000 ) ) ;
#6726 = FACE_OUTER_BOUND ( 'NONE', #10082, .T. ) ;
#6727 = CARTESIAN_POINT ( 'NONE',  ( -12.86726271897389751, 0.000000000000000000, -0.9999999999999995559 ) ) ;
#6728 = EDGE_CURVE ( 'NONE', #8895, #5304, #5436, .T. ) ;
#6729 = CARTESIAN_POINT ( 'NONE',  ( -16.00000102328300500, 53.58999999999999631, 9.299999999999995381 ) ) ;
#6730 = LINE ( 'NONE', #664, #4546 ) ;
#6731 = CARTESIAN_POINT ( 'NONE',  ( 0.4910252901194391839, 53.58999999999999631, 14.92482235592523487 ) ) ;
#6732 = ORIENTED_EDGE ( 'NONE', *, *, #3657, .F. ) ;
#6733 = EDGE_CURVE ( 'NONE', #2403, #3844, #9903, .T. ) ;
#6734 = CARTESIAN_POINT ( 'NONE',  ( 6.737156592773878572, 0.000000000000000000, 10.31861676694392571 ) ) ;
#6735 = ORIENTED_EDGE ( 'NONE', *, *, #5902, .T. ) ;
#6736 = CARTESIAN_POINT ( 'NONE',  ( 11.25123708785947230, 5.500000000000000000, -4.122156215251166807E-14 ) ) ;
#6737 = LINE ( 'NONE', #10468, #5041 ) ;
#6738 = DIRECTION ( 'NONE',  ( -0.4999999999999966138, 0.000000000000000000, 0.8660254037844407060 ) ) ;
#6739 = ORIENTED_EDGE ( 'NONE', *, *, #6815, .F. ) ;
#6740 = EDGE_LOOP ( 'NONE', ( #8578, #3370, #2086, #9757, #1315, #3366 ) ) ;
#6741 = ORIENTED_EDGE ( 'NONE', *, *, #2723, .T. ) ;
#6742 = EDGE_CURVE ( 'NONE', #8064, #9780, #3712, .T. ) ;
#6743 = ADVANCED_FACE ( 'NONE', ( #8390 ), #550, .T. ) ;
#6744 = CARTESIAN_POINT ( 'NONE',  ( -4.539087648767972105, 53.58999999999999631, -15.42482235592523843 ) ) ;
#6745 = CARTESIAN_POINT ( 'NONE',  ( 7.087149552756477178, 0.000000000000000000, -14.92482235592523487 ) ) ;
#6746 = VERTEX_POINT ( 'NONE', #5723 ) ;
#6747 = ADVANCED_FACE ( 'NONE', ( #497 ), #9040, .F. ) ;
#6748 = EDGE_CURVE ( 'NONE', #4847, #10856, #4804, .T. ) ;
#6749 = CARTESIAN_POINT ( 'NONE',  ( -14.08328108274093893, 5.500000000000000000, -4.106205588981313603 ) ) ;
#6750 = VECTOR ( 'NONE', #9976, 1000.000000000000227 ) ;
#6751 = FACE_BOUND ( 'NONE', #2001, .T. ) ;
#6752 = CARTESIAN_POINT ( 'NONE',  ( 6.760390456121709413, 5.500000000000000000, -11.70933974900663799 ) ) ;
#6753 = CARTESIAN_POINT ( 'NONE',  ( 12.98328789542834905, 5.500000000000000000, -4.324303547052493163E-14 ) ) ;
#6754 = VERTEX_POINT ( 'NONE', #3822 ) ;
#6755 = VECTOR ( 'NONE', #10968, 1000.000000000000000 ) ;
#6756 = LINE ( 'NONE', #740, #3457 ) ;
#6757 = VERTEX_POINT ( 'NONE', #6633 ) ;
#6758 = CARTESIAN_POINT ( 'NONE',  ( 11.25123708785944032, 53.58999999999999631, -14.92482235592523487 ) ) ;
#6759 = ORIENTED_EDGE ( 'NONE', *, *, #9626, .T. ) ;
#6760 = LINE ( 'NONE', #10325, #4464 ) ;
#6761 = DIRECTION ( 'NONE',  ( 0.000000000000000000, 0.000000000000000000, -1.000000000000000000 ) ) ;
#6762 = VECTOR ( 'NONE', #8414, 1000.000000000000000 ) ;
#6763 = DIRECTION ( 'NONE',  ( -0.8660254037844404840, -0.000000000000000000, -0.4999999999999968359 ) ) ;
#6764 = PLANE ( 'NONE',  #9363 ) ;
#6765 = ORIENTED_EDGE ( 'NONE', *, *, #7592, .F. ) ;
#6766 = CARTESIAN_POINT ( 'NONE',  ( -14.94930648652537108, 5.500000000000000000, 4.606205588981310051 ) ) ;
#6767 = AXIS2_PLACEMENT_3D ( 'NONE', #9227, #5618, #1375 ) ;
#6768 = EDGE_LOOP ( 'NONE', ( #2430, #80, #5102, #7156 ) ) ;
#6769 = CARTESIAN_POINT ( 'NONE',  ( 3.789087421437959069, 53.58999999999999631, -13.42482235592523665 ) ) ;
#6770 = ORIENTED_EDGE ( 'NONE', *, *, #8957, .T. ) ;
#6771 = DIRECTION ( 'NONE',  ( 0.000000000000000000, 0.000000000000000000, -1.000000000000000000 ) ) ;
#6772 = ORIENTED_EDGE ( 'NONE', *, *, #1049, .T. ) ;
#6773 = ORIENTED_EDGE ( 'NONE', *, *, #6473, .F. ) ;
#6774 = DIRECTION ( 'NONE',  ( -1.000000000000000000, 0.000000000000000000, 3.330669073875469621E-15 ) ) ;
#6775 = CARTESIAN_POINT ( 'NONE',  ( -12.00123731518942982, 5.500000000000000000, 3.997214997394170613E-14 ) ) ;
#6776 = ORIENTED_EDGE ( 'NONE', *, *, #7796, .F. ) ;
#6777 = PLANE ( 'NONE',  #9720 ) ;
#6778 = CARTESIAN_POINT ( 'NONE',  ( -20.95000000000000639, 67.84000000000000341, 16.49999999999999289 ) ) ;
#6779 = PLANE ( 'NONE',  #502 ) ;
#6780 = VECTOR ( 'NONE', #3802, 1000.000000000000000 ) ;
#6781 = ADVANCED_FACE ( 'NONE', ( #10018 ), #7314, .F. ) ;
#6782 = VERTEX_POINT ( 'NONE', #387 ) ;
#6783 = CARTESIAN_POINT ( 'NONE',  ( -8.703175183870927256, 0.000000000000000000, 15.42482235592523843 ) ) ;
#6784 = AXIS2_PLACEMENT_3D ( 'NONE', #8854, #9832, #7818 ) ;
#6785 = DIRECTION ( 'NONE',  ( -2.443272501375785452E-16, -0.000000000000000000, -1.000000000000000000 ) ) ;
#6786 = EDGE_CURVE ( 'NONE', #7783, #7108, #3989, .T. ) ;
#6787 = CARTESIAN_POINT ( 'NONE',  ( -12.86726271897389395, 53.58999999999999631, 14.42482235592523843 ) ) ;
#6788 = AXIS2_PLACEMENT_3D ( 'NONE', #877, #24, #5354 ) ;
#6789 = ORIENTED_EDGE ( 'NONE', *, *, #2178, .T. ) ;
#6790 = AXIS2_PLACEMENT_3D ( 'NONE', #7689, #5769, #4954 ) ;
#6791 = CARTESIAN_POINT ( 'NONE',  ( -3.673062244983528846, 0.000000000000000000, -13.92482235592524020 ) ) ;
#6792 = EDGE_LOOP ( 'NONE', ( #9226, #5754, #6373, #7128 ) ) ;
#6793 = CARTESIAN_POINT ( 'NONE',  ( 5.005105785205000046, 53.58999999999999631, -10.31861676694392393 ) ) ;
#6794 = CARTESIAN_POINT ( 'NONE',  ( -13.73328812275833144, 0.000000000000000000, 0.5000000000000035527 ) ) ;
#6795 = ADVANCED_FACE ( 'NONE', ( #10069 ), #7480, .T. ) ;
#6796 = CARTESIAN_POINT ( 'NONE',  ( 11.25123708785944920, 52.28232689208745398, -12.59999999999998188 ) ) ;
#6797 = EDGE_LOOP ( 'NONE', ( #10608, #10027, #7800, #4346 ) ) ;
#6798 = VECTOR ( 'NONE', #10047, 1000.000000000000000 ) ;
#6799 = VECTOR ( 'NONE', #7276, 999.9999999999998863 ) ;
#6800 = VECTOR ( 'NONE', #10403, 1000.000000000000000 ) ;
#6801 = EDGE_LOOP ( 'NONE', ( #7756, #5344, #5090, #10899 ) ) ;
#6802 = EDGE_CURVE ( 'NONE', #9439, #6559, #1238, .T. ) ;
#6803 = VERTEX_POINT ( 'NONE', #2162 ) ;
#6804 = CARTESIAN_POINT ( 'NONE',  ( -12.00123731518945291, 0.000000000000000000, 14.92482235592523665 ) ) ;
#6805 = PLANE ( 'NONE',  #3705 ) ;
#6806 = APPROVAL_ROLE ( '' ) ;
#6807 = VERTEX_POINT ( 'NONE', #10874 ) ;
#6808 = AXIS2_PLACEMENT_3D ( 'NONE', #5319, #8807, #8869 ) ;
#6809 = CARTESIAN_POINT ( 'NONE',  ( 16.00000000000000000, 67.84000000000000341, -7.100000000000002309 ) ) ;
#6810 = AXIS2_PLACEMENT_3D ( 'NONE', #10751, #4288, #6065 ) ;
#6811 = FACE_BOUND ( 'NONE', #2204, .T. ) ;
#6812 = CARTESIAN_POINT ( 'NONE',  ( 16.00000000000000000, 53.58999999999999631, -7.100000000000002309 ) ) ;
#6813 = CARTESIAN_POINT ( 'NONE',  ( 12.98328789542832773, 0.000000000000000000, 13.92482235592523310 ) ) ;
#6814 = ORIENTED_EDGE ( 'NONE', *, *, #3314, .F. ) ;
#6815 = EDGE_CURVE ( 'NONE', #8186, #10545, #2967, .T. ) ;
#6816 = ADVANCED_FACE ( 'NONE', ( #7428 ), #1299, .T. ) ;
#6817 = EDGE_CURVE ( 'NONE', #5926, #10172, #1187, .T. ) ;
#6818 = VECTOR ( 'NONE', #17, 1000.000000000000000 ) ;
#6819 = EDGE_CURVE ( 'NONE', #672, #6936, #9964, .T. ) ;
#6820 = EDGE_CURVE ( 'NONE', #4843, #2931, #6570, .T. ) ;
#6821 = DIRECTION ( 'NONE',  ( -0.000000000000000000, 1.000000000000000000, -0.000000000000000000 ) ) ;
#6822 = VERTEX_POINT ( 'NONE', #1357 ) ;
#6823 = LINE ( 'NONE', #11120, #2735 ) ;
#6824 = ORIENTED_EDGE ( 'NONE', *, *, #9990, .F. ) ;
#6825 = DIRECTION ( 'NONE',  ( -0.8660254037844404840, -0.000000000000000000, -0.4999999999999968359 ) ) ;
#6826 = PLANE ( 'NONE',  #11258 ) ;
#6827 = CARTESIAN_POINT ( 'NONE',  ( 18.94999999999999929, 67.84000000000000341, -16.50000000000000000 ) ) ;
#6828 = DIRECTION ( 'NONE',  ( -3.330669073875469621E-15, 0.000000000000000000, -1.000000000000000000 ) ) ;
#6829 = ORIENTED_EDGE ( 'NONE', *, *, #2470, .F. ) ;
#6830 = DIRECTION ( 'NONE',  ( -3.663735981263016583E-15, 0.000000000000000000, -1.000000000000000000 ) ) ;
#6831 = EDGE_CURVE ( 'NONE', #1286, #9799, #4857, .T. ) ;
#6832 = VECTOR ( 'NONE', #2999, 1000.000000000000000 ) ;
#6833 = ORIENTED_EDGE ( 'NONE', *, *, #2742, .T. ) ;
#6834 = CARTESIAN_POINT ( 'NONE',  ( 7.087149552756489612, 53.58999999999999631, 14.92482235592524198 ) ) ;
#6835 = EDGE_LOOP ( 'NONE', ( #3223, #4292, #6996, #3398 ) ) ;
#6836 = CARTESIAN_POINT ( 'NONE',  ( 9.169193320307959638, 53.58999999999999631, -11.31861676694392571 ) ) ;
#6837 = VERTEX_POINT ( 'NONE', #7541 ) ;
#6838 = ORIENTED_EDGE ( 'NONE', *, *, #10361, .F. ) ;
#6839 = DIRECTION ( 'NONE',  ( -3.330669073875469621E-15, 0.000000000000000000, -1.000000000000000000 ) ) ;
#6840 = DIRECTION ( 'NONE',  ( 0.8660254037844369313, 0.000000000000000000, -0.5000000000000029976 ) ) ;
#6841 = ORIENTED_EDGE ( 'NONE', *, *, #4998, .T. ) ;
#6842 = DIRECTION ( 'NONE',  ( -0.000000000000000000, 1.000000000000000000, -0.000000000000000000 ) ) ;
#6843 = FACE_OUTER_BOUND ( 'NONE', #2366, .T. ) ;
#6844 = PLANE ( 'NONE',  #2874 ) ;
#6845 = VERTEX_POINT ( 'NONE', #11045 ) ;
#6846 = AXIS2_PLACEMENT_3D ( 'NONE', #4586, #7160, #8068 ) ;
#6847 = CARTESIAN_POINT ( 'NONE',  ( -12.86726271897389040, 0.000000000000000000, -13.42482235592523665 ) ) ;
#6848 = DIRECTION ( 'NONE',  ( -0.000000000000000000, 1.000000000000000000, -0.000000000000000000 ) ) ;
#6849 = CARTESIAN_POINT ( 'NONE',  ( -16.00000102328300855, 58.58999999999999631, 9.605637215151624275 ) ) ;
#6850 = VECTOR ( 'NONE', #9657, 1000.000000000000114 ) ;
#6851 = ORIENTED_EDGE ( 'NONE', *, *, #7646, .T. ) ;
#6852 = DIRECTION ( 'NONE',  ( -0.8660254037844369313, -0.000000000000000000, 0.5000000000000029976 ) ) ;
#6853 = ORIENTED_EDGE ( 'NONE', *, *, #6293, .F. ) ;
#6854 = LINE ( 'NONE', #8515, #10813 ) ;
#6855 = DIRECTION ( 'NONE',  ( 3.663735981263016583E-15, 0.000000000000000000, 1.000000000000000000 ) ) ;
#6856 = LINE ( 'NONE', #9661, #10483 ) ;
#6857 = VERTEX_POINT ( 'NONE', #2108 ) ;
#6858 = AXIS2_PLACEMENT_3D ( 'NONE', #10877, #10985, #4807 ) ;
#6859 = ORIENTED_EDGE ( 'NONE', *, *, #9262, .F. ) ;
#6860 = ADVANCED_FACE ( 'NONE', ( #3196 ), #6687, .T. ) ;
#6861 = ORIENTED_EDGE ( 'NONE', *, *, #10474, .F. ) ;
#6862 = CARTESIAN_POINT ( 'NONE',  ( 6.737156592773876795, 0.000000000000000000, -10.31861676694393104 ) ) ;
#6863 = CARTESIAN_POINT ( 'NONE',  ( -5.405113052552404262, 0.000000000000000000, 14.92482235592524376 ) ) ;
#6864 = UNCERTAINTY_MEASURE_WITH_UNIT (LENGTH_MEASURE( 1.000000000000000082E-05 ), #9161, 'distance_accuracy_value', 'NONE');
#6865 = PERSON_AND_ORGANIZATION_ROLE ( 'creator' ) ;
#6866 = VECTOR ( 'NONE', #3368, 1000.000000000000000 ) ;
#6867 = DIRECTION ( 'NONE',  ( -0.8660254037844404840, 0.000000000000000000, -0.4999999999999968359 ) ) ;
#6868 = CARTESIAN_POINT ( 'NONE',  ( -9.569200587655371848, 53.58999999999999631, -14.92482235592523487 ) ) ;
#6869 = FACE_OUTER_BOUND ( 'NONE', #1283, .T. ) ;
#6870 = DIRECTION ( 'NONE',  ( -0.4999999999999966138, 0.000000000000000000, 0.8660254037844407060 ) ) ;
#6871 = ADVANCED_FACE ( 'NONE', ( #10355 ), #5943, .T. ) ;
#6872 = ORIENTED_EDGE ( 'NONE', *, *, #5833, .T. ) ;
#6873 = FACE_OUTER_BOUND ( 'NONE', #5181, .T. ) ;
#6874 = ORIENTED_EDGE ( 'NONE', *, *, #1602, .F. ) ;
#6875 = ADVANCED_FACE ( 'NONE', ( #5029 ), #8513, .T. ) ;
#6876 = CARTESIAN_POINT ( 'NONE',  ( -8.703175183870934362, 0.000000000000000000, 13.42482235592524020 ) ) ;
#6877 = VERTEX_POINT ( 'NONE', #5084 ) ;
#6878 = DIRECTION ( 'NONE',  ( 0.8660254037844404840, 0.000000000000000000, 0.4999999999999968359 ) ) ;
#6879 = EDGE_CURVE ( 'NONE', #5824, #8868, #1694, .T. ) ;
#6880 = DIRECTION ( 'NONE',  ( -1.000000000000000000, -0.000000000000000000, -0.000000000000000000 ) ) ;
#6881 = CARTESIAN_POINT ( 'NONE',  ( -14.08328108274093360, 0.000000000000000000, 4.106205588981307386 ) ) ;
#6882 = VERTEX_POINT ( 'NONE', #3467 ) ;
#6883 = DIRECTION ( 'NONE',  ( -0.5000000000000029976, 0.000000000000000000, -0.8660254037844369313 ) ) ;
#6884 = VERTEX_POINT ( 'NONE', #2381 ) ;
#6885 = LINE ( 'NONE', #755, #4064 ) ;
#6886 = ORIENTED_EDGE ( 'NONE', *, *, #4093, .T. ) ;
#6887 = LINE ( 'NONE', #8666, #960 ) ;
#6888 = EDGE_CURVE ( 'NONE', #5736, #7970, #2327, .T. ) ;
#6889 = CARTESIAN_POINT ( 'NONE',  ( -14.08328108274093893, 5.500000000000000000, 3.106205588981306942 ) ) ;
#6890 = EDGE_CURVE ( 'NONE', #4913, #9639, #9315, .T. ) ;
#6891 = ORIENTED_EDGE ( 'NONE', *, *, #2744, .F. ) ;
#6892 = ORIENTED_EDGE ( 'NONE', *, *, #6693, .T. ) ;
#6893 = DIRECTION ( 'NONE',  ( -0.000000000000000000, -1.000000000000000000, -0.000000000000000000 ) ) ;
#6894 = DIRECTION ( 'NONE',  ( -3.330669073875469621E-15, 0.000000000000000000, -1.000000000000000000 ) ) ;
#6895 = ORIENTED_EDGE ( 'NONE', *, *, #2127, .T. ) ;
#6896 = CARTESIAN_POINT ( 'NONE',  ( 9.708459627457594721, 5.500000000000000000, -16.81554533798792050 ) ) ;
#6897 = ADVANCED_FACE ( 'NONE', ( #3302 ), #4210, .T. ) ;
#6898 = DIRECTION ( 'NONE',  ( 0.5000000000000032196, 0.000000000000000000, 0.8660254037844368202 ) ) ;
#6899 = DIRECTION ( 'NONE',  ( -0.000000000000000000, -1.000000000000000000, 0.000000000000000000 ) ) ;
#6900 = ORIENTED_EDGE ( 'NONE', *, *, #10332, .T. ) ;
#6901 = CARTESIAN_POINT ( 'NONE',  ( 12.98328789542831707, 53.58999999999999631, -14.92482235592524198 ) ) ;
#6902 = EDGE_CURVE ( 'NONE', #1529, #1138, #7816, .T. ) ;
#6903 = VECTOR ( 'NONE', #6036, 1000.000000000000000 ) ;
#6904 = DIRECTION ( 'NONE',  ( -0.000000000000000000, 1.000000000000000000, -0.000000000000000000 ) ) ;
#6905 = DIRECTION ( 'NONE',  ( -0.8660254037844407060, 0.000000000000000000, -0.4999999999999966138 ) ) ;
#6906 = VERTEX_POINT ( 'NONE', #667 ) ;
#6907 = DIRECTION ( 'NONE',  ( -0.5000000000000029976, 0.000000000000000000, -0.8660254037844369313 ) ) ;
#6908 = ORIENTED_EDGE ( 'NONE', *, *, #5541, .F. ) ;
#6909 = LINE ( 'NONE', #5200, #1470 ) ;
#6910 = LINE ( 'NONE', #3470, #2656 ) ;
#6911 = LINE ( 'NONE', #3534, #8447 ) ;
#6912 = ORIENTED_EDGE ( 'NONE', *, *, #1392, .F. ) ;
#6913 = CARTESIAN_POINT ( 'NONE',  ( 11.25123708785944743, 5.500000000000000000, 6.712411177962621878 ) ) ;
#6914 = EDGE_LOOP ( 'NONE', ( #7197, #2917, #666, #3452, #150, #1729, #10400, #2031, #4149, #10980 ) ) ;
#6915 = DIRECTION ( 'NONE',  ( -0.8660254037844369313, -0.000000000000000000, 0.5000000000000029976 ) ) ;
#6916 = DIRECTION ( 'NONE',  ( -3.663735981263016583E-15, 0.000000000000000000, -1.000000000000000000 ) ) ;
#6917 = DATE_AND_TIME ( #9620, #5888 ) ;
#6918 = CARTESIAN_POINT ( 'NONE',  ( 11.25123708785945098, 0.000000000000000000, 7.712411177962621878 ) ) ;
#6919 = CARTESIAN_POINT ( 'NONE',  ( 2.923062017653518918, 53.58999999999999631, -13.92482235592523310 ) ) ;
#6920 = DIRECTION ( 'NONE',  ( 0.8660254037844407060, 0.000000000000000000, 0.4999999999999965583 ) ) ;
#6921 = AXIS2_PLACEMENT_3D ( 'NONE', #3878, #7369, #1932 ) ;
#6922 = CARTESIAN_POINT ( 'NONE',  ( -9.919193547637970454, 0.000000000000000000, 11.31861676694392749 ) ) ;
#6923 = EDGE_CURVE ( 'NONE', #11194, #6614, #2445, .T. ) ;
#6924 = ORIENTED_EDGE ( 'NONE', *, *, #9736, .F. ) ;
#6925 = ORIENTED_EDGE ( 'NONE', *, *, #2894, .F. ) ;
#6926 = AXIS2_PLACEMENT_3D ( 'NONE', #3963, #6654, #3099 ) ;
#6927 = ADVANCED_FACE ( 'NONE', ( #1461 ), #11318, .T. ) ;
#6928 = CARTESIAN_POINT ( 'NONE',  ( 7.953174956540914664, 5.500000000000000000, -15.42482235592523843 ) ) ;
#6929 = ORIENTED_EDGE ( 'NONE', *, *, #4164, .F. ) ;
#6930 = DIRECTION ( 'NONE',  ( -0.000000000000000000, 1.000000000000000000, -0.000000000000000000 ) ) ;
#6931 = ORIENTED_EDGE ( 'NONE', *, *, #381, .T. ) ;
#6932 = LINE ( 'NONE', #3440, #1531 ) ;
#6933 = CARTESIAN_POINT ( 'NONE',  ( 12.98328789542831707, 0.000000000000000000, -14.92482235592524198 ) ) ;
#6934 = CARTESIAN_POINT ( 'NONE',  ( -7.837149780086493323, 0.000000000000000000, -14.92482235592524198 ) ) ;
#6935 = EDGE_CURVE ( 'NONE', #6101, #4600, #4967, .T. ) ;
#6936 = VERTEX_POINT ( 'NONE', #1580 ) ;
#6937 = AXIS2_PLACEMENT_3D ( 'NONE', #1015, #4509, #7992 ) ;
#6938 = ORIENTED_EDGE ( 'NONE', *, *, #4565, .F. ) ;
#6939 = CARTESIAN_POINT ( 'NONE',  ( 8.819200360325359256, 0.000000000000000000, -13.92482235592524020 ) ) ;
#6940 = EDGE_LOOP ( 'NONE', ( #1671, #6470, #8875, #487 ) ) ;
#6941 = CARTESIAN_POINT ( 'NONE',  ( -6.999998126900004891, 53.58999999999999631, -3.469446951953614189E-15 ) ) ;
#6942 = LINE ( 'NONE', #7007, #9325 ) ;
#6943 = AXIS2_PLACEMENT_3D ( 'NONE', #1731, #1564, #1785 ) ;
#6944 = ORIENTED_EDGE ( 'NONE', *, *, #1124, .T. ) ;
#6945 = ORIENTED_EDGE ( 'NONE', *, *, #6389, .F. ) ;
#6946 = DIRECTION ( 'NONE',  ( 0.8660254037844369313, 0.000000000000000000, -0.5000000000000029976 ) ) ;
#6947 = DIRECTION ( 'NONE',  ( -0.000000000000000000, 1.000000000000000000, -0.000000000000000000 ) ) ;
#6948 = ORIENTED_EDGE ( 'NONE', *, *, #8321, .F. ) ;
#6949 = LINE ( 'NONE', #4320, #57 ) ;
#6950 = FACE_OUTER_BOUND ( 'NONE', #5831, .T. ) ;
#6951 = VERTEX_POINT ( 'NONE', #613 ) ;
#6952 = FACE_OUTER_BOUND ( 'NONE', #2626, .T. ) ;
#6953 = EDGE_CURVE ( 'NONE', #2333, #7804, #7705, .T. ) ;
#6954 = AXIS2_PLACEMENT_3D ( 'NONE', #8533, #7222, #122 ) ;
#6955 = EDGE_CURVE ( 'NONE', #6882, #5926, #5134, .T. ) ;
#6956 = EDGE_CURVE ( 'NONE', #8017, #9854, #4272, .T. ) ;
#6957 = ADVANCED_FACE ( 'NONE', ( #8684 ), #10407, .T. ) ;
#6958 = CARTESIAN_POINT ( 'NONE',  ( -14.25575761887563786, 51.99940408041244666, 16.63060731947282278 ) ) ;
#6959 = ADVANCED_FACE ( 'NONE', ( #10573 ), #5473, .T. ) ;
#6960 = LINE ( 'NONE', #1857, #3329 ) ;
#6961 = VERTEX_POINT ( 'NONE', #1801 ) ;
#6962 = VECTOR ( 'NONE', #8445, 1000.000000000000114 ) ;
#6963 = DIRECTION ( 'NONE',  ( -0.4999999999999966138, 0.000000000000000000, 0.8660254037844407060 ) ) ;
#6964 = VERTEX_POINT ( 'NONE', #6213 ) ;
#6965 = CARTESIAN_POINT ( 'NONE',  ( -10.78521895142241505, 53.58999999999999631, -11.81861676694392926 ) ) ;
#6966 = VECTOR ( 'NONE', #5605, 1000.000000000000000 ) ;
#6967 = DIRECTION ( 'NONE',  ( -3.663735981263016583E-15, 0.000000000000000000, -1.000000000000000000 ) ) ;
#6968 = FACE_OUTER_BOUND ( 'NONE', #11161, .T. ) ;
#6969 = ORIENTED_EDGE ( 'NONE', *, *, #2843, .T. ) ;
#6970 = AXIS2_PLACEMENT_3D ( 'NONE', #5990, #8560, #3294 ) ;
#6971 = VECTOR ( 'NONE', #10736, 1000.000000000000000 ) ;
#6972 = AXIS2_PLACEMENT_3D ( 'NONE', #3093, #10086, #9229 ) ;
#6973 = LINE ( 'NONE', #7823, #4914 ) ;
#6974 = EDGE_LOOP ( 'NONE', ( #1323, #814, #6046, #9417 ) ) ;
#6975 = CARTESIAN_POINT ( 'NONE',  ( 8.819200360325359256, 5.500000000000000000, -13.92482235592524020 ) ) ;
#6976 = PLANE ( 'NONE',  #233 ) ;
#6977 = DIRECTION ( 'NONE',  ( -0.8660254037844404840, -0.000000000000000000, -0.4999999999999968359 ) ) ;
#6978 = DIRECTION ( 'NONE',  ( 1.000000000000000000, 0.000000000000000000, -3.663735981263016583E-15 ) ) ;
#6979 = VECTOR ( 'NONE', #9349, 1000.000000000000114 ) ;
#6980 = VECTOR ( 'NONE', #747, 1000.000000000000114 ) ;
#6981 = VECTOR ( 'NONE', #8847, 999.9999999999998863 ) ;
#6982 = CARTESIAN_POINT ( 'NONE',  ( 8.819200360325362809, 0.000000000000000000, 13.92482235592523310 ) ) ;
#6983 = CARTESIAN_POINT ( 'NONE',  ( -9.569200587655368295, 53.58999999999999631, -13.92482235592523310 ) ) ;
#6984 = VERTEX_POINT ( 'NONE', #10465 ) ;
#6985 = ORIENTED_EDGE ( 'NONE', *, *, #5275, .F. ) ;
#6986 = VECTOR ( 'NONE', #9970, 1000.000000000000000 ) ;
#6987 = VECTOR ( 'NONE', #6114, 1000.000000000000000 ) ;
#6988 = CIRCLE ( 'NONE', #11021, 11.20031366318018584 ) ;
#6989 = CC_DESIGN_PERSON_AND_ORGANIZATION_ASSIGNMENT ( #5839, #2982, ( #9523 ) ) ;
#6990 = DIRECTION ( 'NONE',  ( 0.8660254037844368202, -0.000000000000000000, -0.5000000000000032196 ) ) ;
#6991 = ORIENTED_EDGE ( 'NONE', *, *, #1709, .T. ) ;
#6992 = DIRECTION ( 'NONE',  ( -0.000000000000000000, 1.000000000000000000, -0.000000000000000000 ) ) ;
#6993 = DIRECTION ( 'NONE',  ( 3.330669073875469621E-15, 0.000000000000000000, 1.000000000000000000 ) ) ;
#6994 = LINE ( 'NONE', #8879, #2960 ) ;
#6995 = CARTESIAN_POINT ( 'NONE',  ( -9.569200587655371848, 52.28232689208745398, -14.92482235592523487 ) ) ;
#6996 = ORIENTED_EDGE ( 'NONE', *, *, #8360, .F. ) ;
#6997 = EDGE_CURVE ( 'NONE', #8753, #3864, #2615, .T. ) ;
#6998 = AXIS2_PLACEMENT_3D ( 'NONE', #3450, #3507, #9692 ) ;
#6999 = AXIS2_PLACEMENT_3D ( 'NONE', #8147, #10790, #4717 ) ;
#7000 = EDGE_CURVE ( 'NONE', #5703, #2482, #1002, .T. ) ;
#7001 = ORIENTED_EDGE ( 'NONE', *, *, #7167, .T. ) ;
#7002 = EDGE_CURVE ( 'NONE', #9379, #9184, #8099, .T. ) ;
#7003 = PLANE ( 'NONE',  #2054 ) ;
#7004 = AXIS2_PLACEMENT_3D ( 'NONE', #8223, #5603, #4907 ) ;
#7005 = ORIENTED_EDGE ( 'NONE', *, *, #10962, .T. ) ;
#7006 = CARTESIAN_POINT ( 'NONE',  ( -12.86726271897389751, 53.58999999999999631, -15.42482235592523843 ) ) ;
#7007 = CARTESIAN_POINT ( 'NONE',  ( 14.19930625919536382, 53.58999999999999631, -4.606205588981308274 ) ) ;
#7008 = VERTEX_POINT ( 'NONE', #1053 ) ;
#7009 = ORIENTED_EDGE ( 'NONE', *, *, #10579, .T. ) ;
#7010 = FACE_BOUND ( 'NONE', #9098, .T. ) ;
#7011 = DIRECTION ( 'NONE',  ( -0.000000000000000000, 1.000000000000000000, -0.000000000000000000 ) ) ;
#7012 = ORIENTED_EDGE ( 'NONE', *, *, #8688, .F. ) ;
#7013 = DIRECTION ( 'NONE',  ( 0.000000000000000000, 0.000000000000000000, -1.000000000000000000 ) ) ;
#7014 = LINE ( 'NONE', #10513, #4974 ) ;
#7015 = ORIENTED_EDGE ( 'NONE', *, *, #5049, .F. ) ;
#7016 = LINE ( 'NONE', #2375, #9910 ) ;
#7017 = EDGE_CURVE ( 'NONE', #87, #1418, #5743, .T. ) ;
#7018 = VECTOR ( 'NONE', #6448, 1000.000000000000114 ) ;
#7019 = CARTESIAN_POINT ( 'NONE',  ( -12.86726271897389751, 0.000000000000000000, -0.9999999999999995559 ) ) ;
#7020 = CARTESIAN_POINT ( 'NONE',  ( -12.86726271897389040, 5.500000000000000000, 8.212411177962620101 ) ) ;
#7021 = ORIENTED_EDGE ( 'NONE', *, *, #1009, .F. ) ;
#7022 = EDGE_LOOP ( 'NONE', ( #8267, #403, #9475, #9158 ) ) ;
#7023 = DIRECTION ( 'NONE',  ( -0.000000000000000000, 1.000000000000000000, -0.000000000000000000 ) ) ;
#7024 = CARTESIAN_POINT ( 'NONE',  ( -9.569200587655371848, 53.58999999999999631, -14.92482235592523487 ) ) ;
#7025 = VECTOR ( 'NONE', #4988, 1000.000000000000000 ) ;
#7026 = EDGE_CURVE ( 'NONE', #7297, #5268, #4554, .T. ) ;
#7027 = ORIENTED_EDGE ( 'NONE', *, *, #2024, .T. ) ;
#7028 = CARTESIAN_POINT ( 'NONE',  ( 11.25123708785944388, 5.500000000000000000, -7.712411177962617437 ) ) ;
#7029 = EDGE_CURVE ( 'NONE', #9467, #8092, #9656, .T. ) ;
#7030 = CARTESIAN_POINT ( 'NONE',  ( 10.90124412787684882, 53.58999999999999631, 11.31861676694392571 ) ) ;
#7031 = EDGE_CURVE ( 'NONE', #4400, #8050, #7129, .T. ) ;
#7032 = DIRECTION ( 'NONE',  ( -0.000000000000000000, 1.000000000000000000, -0.000000000000000000 ) ) ;
#7033 = AXIS2_PLACEMENT_3D ( 'NONE', #1925, #7076, #7930 ) ;
#7034 = LINE ( 'NONE', #2624, #4736 ) ;
#7035 = ORIENTED_EDGE ( 'NONE', *, *, #2979, .T. ) ;
#7036 = DIRECTION ( 'NONE',  ( -0.5000000000000029976, 0.000000000000000000, -0.8660254037844369313 ) ) ;
#7037 = DIRECTION ( 'NONE',  ( 0.8660254037844407060, 0.000000000000000000, 0.4999999999999965583 ) ) ;
#7038 = ADVANCED_FACE ( 'NONE', ( #3698 ), #96, .T. ) ;
#7039 = CARTESIAN_POINT ( 'NONE',  ( -0.3750001136650100153, 0.000000000000000000, -15.42482235592523843 ) ) ;
#7040 = DIRECTION ( 'NONE',  ( -1.000000000000000000, 0.000000000000000000, 3.330669073875469621E-15 ) ) ;
#7041 = VECTOR ( 'NONE', #9849, 1000.000000000000000 ) ;
#7042 = ADVANCED_FACE ( 'NONE', ( #7195 ), #1111, .T. ) ;
#7043 = CARTESIAN_POINT ( 'NONE',  ( 16.00000000000000000, 67.84000000000000341, 0.000000000000000000 ) ) ;
#7044 = CARTESIAN_POINT ( 'NONE',  ( 5.544372092354717729, 5.500000000000000000, 9.603134160025257771 ) ) ;
#7045 = ORIENTED_EDGE ( 'NONE', *, *, #9839, .T. ) ;
#7046 = EDGE_LOOP ( 'NONE', ( #10426, #4473, #10522, #1345 ) ) ;
#7047 = AXIS2_PLACEMENT_3D ( 'NONE', #11155, #7875, #4329 ) ;
#7048 = CARTESIAN_POINT ( 'NONE',  ( -1.241025517449438009, 53.58999999999999631, 14.92482235592524198 ) ) ;
#7049 = ORIENTED_EDGE ( 'NONE', *, *, #7273, .T. ) ;
#7050 = FACE_OUTER_BOUND ( 'NONE', #4748, .T. ) ;
#7051 = CARTESIAN_POINT ( 'NONE',  ( -13.73328812275833499, 0.000000000000000000, 13.92482235592524198 ) ) ;
#7052 = DIRECTION ( 'NONE',  ( -0.4999999999999966138, 0.000000000000000000, 0.8660254037844407060 ) ) ;
#7053 = CARTESIAN_POINT ( 'NONE',  ( 0.000000000000000000, 15.50000000000000000, 6.999998126899999562 ) ) ;
#7054 = VERTEX_POINT ( 'NONE', #9712 ) ;
#7055 = VERTEX_POINT ( 'NONE', #2668 ) ;
#7056 = DIRECTION ( 'NONE',  ( -0.8660254037844369313, 0.000000000000000000, 0.5000000000000029976 ) ) ;
#7057 = ORIENTED_EDGE ( 'NONE', *, *, #6188, .T. ) ;
#7058 = DIRECTION ( 'NONE',  ( 3.330669073875469621E-15, 0.000000000000000000, 1.000000000000000000 ) ) ;
#7059 = PLANE ( 'NONE',  #10246 ) ;
#7060 = ORIENTED_EDGE ( 'NONE', *, *, #7775, .T. ) ;
#7061 = EDGE_LOOP ( 'NONE', ( #9251, #7335, #2574, #5237 ) ) ;
#7062 = LINE ( 'NONE', #3511, #2446 ) ;
#7063 = LINE ( 'NONE', #5410, #7398 ) ;
#7064 = EDGE_LOOP ( 'NONE', ( #2136, #4134, #8398, #10114 ) ) ;
#7065 = PLANE ( 'NONE',  #3492 ) ;
#7066 = CARTESIAN_POINT ( 'NONE',  ( -7.837149780086489770, 53.58999999999999631, -13.92482235592524020 ) ) ;
#7067 = ORIENTED_EDGE ( 'NONE', *, *, #5825, .T. ) ;
#7068 = LINE ( 'NONE', #4609, #8426 ) ;
#7069 = ADVANCED_FACE ( 'NONE', ( #7980 ), #4381, .F. ) ;
#7070 = FACE_OUTER_BOUND ( 'NONE', #3926, .T. ) ;
#7071 = DIRECTION ( 'NONE',  ( 0.000000000000000000, -1.000000000000000000, 0.000000000000000000 ) ) ;
#7072 = VERTEX_POINT ( 'NONE', #2776 ) ;
#7073 = ADVANCED_FACE ( 'NONE', ( #2837 ), #6275, .T. ) ;
#7074 = VERTEX_POINT ( 'NONE', #1924 ) ;
#7075 = CARTESIAN_POINT ( 'NONE',  ( -0.3750001136650100153, 53.58999999999999631, -15.42482235592523843 ) ) ;
#7076 = DIRECTION ( 'NONE',  ( 0.000000000000000000, -1.000000000000000000, 0.000000000000000000 ) ) ;
#7077 = ORIENTED_EDGE ( 'NONE', *, *, #6659, .F. ) ;
#7078 = CARTESIAN_POINT ( 'NONE',  ( -0.3750001136650048528, 53.58999999999999631, 13.42482235592523665 ) ) ;
#7079 = DIRECTION ( 'NONE',  ( -3.663735981263016583E-15, -0.000000000000000000, -1.000000000000000000 ) ) ;
#7080 = LINE ( 'NONE', #5310, #10848 ) ;
#7081 = EDGE_CURVE ( 'NONE', #9492, #855, #5422, .T. ) ;
#7082 = EDGE_CURVE ( 'NONE', #6182, #11277, #8902, .T. ) ;
#7083 = DIRECTION ( 'NONE',  ( -3.663735981263016583E-15, -0.000000000000000000, -1.000000000000000000 ) ) ;
#7084 = ORIENTED_EDGE ( 'NONE', *, *, #3326, .F. ) ;
#7085 = EDGE_CURVE ( 'NONE', #3255, #10598, #5305, .T. ) ;
#7086 = DIRECTION ( 'NONE',  ( 0.8660254037844407060, 0.000000000000000000, 0.4999999999999965583 ) ) ;
#7087 = DIRECTION ( 'NONE',  ( -0.8660254037844369313, 0.000000000000000000, 0.5000000000000029976 ) ) ;
#7088 = EDGE_CURVE ( 'NONE', #5017, #5270, #2094, .T. ) ;
#7089 = DIRECTION ( 'NONE',  ( -0.8660254037844404840, 0.000000000000000000, -0.4999999999999968359 ) ) ;
#7090 = CARTESIAN_POINT ( 'NONE',  ( 16.00000000000000355, 67.84000000000000341, 7.099999999999995204 ) ) ;
#7091 = ORIENTED_EDGE ( 'NONE', *, *, #2965, .T. ) ;
#7092 = CARTESIAN_POINT ( 'NONE',  ( 6.999998126899990680, 15.50000000000000000, -1.550000000000003597 ) ) ;
#7093 = CARTESIAN_POINT ( 'NONE',  ( 2.923062017653520250, 51.99940408041244666, 13.92482235592524198 ) ) ;
#7094 = ORIENTED_EDGE ( 'NONE', *, *, #3190, .F. ) ;
#7095 = EDGE_CURVE ( 'NONE', #5926, #7313, #6618, .T. ) ;
#7096 = ADVANCED_FACE ( 'NONE', ( #3759 ), #2151, .T. ) ;
#7097 = EDGE_LOOP ( 'NONE', ( #4061, #5220, #2810, #8396 ) ) ;
#7098 = EDGE_CURVE ( 'NONE', #10140, #10215, #4786, .T. ) ;
#7099 = CARTESIAN_POINT ( 'NONE',  ( 12.98328789542832773, 53.58999999999999631, 13.92482235592523310 ) ) ;
#7100 = VERTEX_POINT ( 'NONE', #10918 ) ;
#7101 = DIRECTION ( 'NONE',  ( -0.8660254037844404840, 0.000000000000000000, -0.4999999999999968359 ) ) ;
#7102 = DIRECTION ( 'NONE',  ( -2.443272501375785452E-16, 0.000000000000000000, -1.000000000000000000 ) ) ;
#7103 = DIRECTION ( 'NONE',  ( 0.8660254037844368202, -0.000000000000000000, -0.5000000000000032196 ) ) ;
#7104 = FACE_OUTER_BOUND ( 'NONE', #633, .T. ) ;
#7105 = DIRECTION ( 'NONE',  ( 3.330669073875469621E-15, 0.000000000000000000, 1.000000000000000000 ) ) ;
#7106 = ORIENTED_EDGE ( 'NONE', *, *, #146, .F. ) ;
#7107 = AXIS2_PLACEMENT_3D ( 'NONE', #7731, #7668, #9341 ) ;
#7108 = VERTEX_POINT ( 'NONE', #2264 ) ;
#7109 = CARTESIAN_POINT ( 'NONE',  ( 11.25123708785945453, 0.000000000000000000, 14.92482235592524198 ) ) ;
#7110 = ORIENTED_EDGE ( 'NONE', *, *, #9572, .F. ) ;
#7111 = DIRECTION ( 'NONE',  ( -0.000000000000000000, 1.000000000000000000, -0.000000000000000000 ) ) ;
#7112 = CARTESIAN_POINT ( 'NONE',  ( 7.087149552756481619, 0.000000000000000000, -13.92482235592523310 ) ) ;
#7113 = ORIENTED_EDGE ( 'NONE', *, *, #1711, .T. ) ;
#7114 = VERTEX_POINT ( 'NONE', #8274 ) ;
#7115 = CARTESIAN_POINT ( 'NONE',  ( -12.86726271897389040, 0.000000000000000000, 15.42482235592523843 ) ) ;
#7116 = LINE ( 'NONE', #6096, #88 ) ;
#7117 = EDGE_LOOP ( 'NONE', ( #10952, #4047, #8901, #7138 ) ) ;
#7118 = AXIS2_PLACEMENT_3D ( 'NONE', #1327, #11010, #4826 ) ;
#7119 = CARTESIAN_POINT ( 'NONE',  ( 12.11726249164388136, 53.58999999999999631, -0.9999999999999986677 ) ) ;
#7120 = CARTESIAN_POINT ( 'NONE',  ( 0.4910252901194339659, 0.000000000000000000, -13.92482235592524020 ) ) ;
#7121 = EDGE_LOOP ( 'NONE', ( #1239, #6892, #2881, #10555, #11160, #1095 ) ) ;
#7122 = PLANE ( 'NONE',  #4592 ) ;
#7123 = TOROIDAL_SURFACE ( 'NONE', #2185, 8.800000000000002487, 1.000000000000000000 ) ;
#7124 = ORIENTED_EDGE ( 'NONE', *, *, #4873, .F. ) ;
#7125 = FACE_OUTER_BOUND ( 'NONE', #8835, .T. ) ;
#7126 = ORIENTED_EDGE ( 'NONE', *, *, #2897, .F. ) ;
#7127 = EDGE_CURVE ( 'NONE', #4579, #3156, #4728, .T. ) ;
#7128 = ORIENTED_EDGE ( 'NONE', *, *, #2476, .F. ) ;
#7129 = LINE ( 'NONE', #2715, #9576 ) ;
#7130 = CARTESIAN_POINT ( 'NONE',  ( 3.789087421437957293, 51.99940408041244666, 13.42482235592524020 ) ) ;
#7131 = ORIENTED_EDGE ( 'NONE', *, *, #1757, .T. ) ;
#7132 = LINE ( 'NONE', #3635, #7874 ) ;
#7133 = LINE ( 'NONE', #2038, #9800 ) ;
#7134 = CARTESIAN_POINT ( 'NONE',  ( 7.953174956540923546, 0.000000000000000000, 13.42482235592523665 ) ) ;
#7135 = VECTOR ( 'NONE', #1721, 999.9999999999998863 ) ;
#7136 = CARTESIAN_POINT ( 'NONE',  ( 12.11726249164388847, 53.58999999999999631, 1.000000000000001332 ) ) ;
#7137 = DIRECTION ( 'NONE',  ( 0.8660254037844404840, 0.000000000000000000, 0.4999999999999968359 ) ) ;
#7138 = ORIENTED_EDGE ( 'NONE', *, *, #4264, .F. ) ;
#7139 = VECTOR ( 'NONE', #2985, 1000.000000000000000 ) ;
#7140 = FACE_OUTER_BOUND ( 'NONE', #7479, .T. ) ;
#7141 = ADVANCED_FACE ( 'NONE', ( #10747 ), #3979, .F. ) ;
#7142 = CARTESIAN_POINT ( 'NONE',  ( -12.86726271897389751, 53.58999999999999631, 13.42482235592524020 ) ) ;
#7143 = EDGE_LOOP ( 'NONE', ( #1186, #3269, #2998, #873 ) ) ;
#7144 = LINE ( 'NONE', #9727, #1653 ) ;
#7145 = CARTESIAN_POINT ( 'NONE',  ( 9.169193320307963191, 0.000000000000000000, -10.31861676694392393 ) ) ;
#7146 = ORIENTED_EDGE ( 'NONE', *, *, #8918, .T. ) ;
#7147 = CARTESIAN_POINT ( 'NONE',  ( 8.819200360325359256, 52.28232689208745398, -13.92482235592524020 ) ) ;
#7148 = PLANE ( 'NONE',  #3485 ) ;
#7149 = VECTOR ( 'NONE', #6439, 1000.000000000000114 ) ;
#7150 = ORIENTED_EDGE ( 'NONE', *, *, #11105, .F. ) ;
#7151 = VECTOR ( 'NONE', #6977, 1000.000000000000114 ) ;
#7152 = ADVANCED_FACE ( 'NONE', ( #3865 ), #10861, .T. ) ;
#7153 = EDGE_LOOP ( 'NONE', ( #5893, #6969, #11088, #13, #4984, #5364 ) ) ;
#7154 = DIRECTION ( 'NONE',  ( -0.8660254037844368202, 0.000000000000000000, 0.5000000000000032196 ) ) ;
#7155 = VECTOR ( 'NONE', #1831, 999.9999999999998863 ) ;
#7156 = ORIENTED_EDGE ( 'NONE', *, *, #241, .F. ) ;
#7157 = AXIS2_PLACEMENT_3D ( 'NONE', #2988, #3904, #467 ) ;
#7158 = CARTESIAN_POINT ( 'NONE',  ( -13.73328812275833144, 53.58999999999999631, 7.712411177962623654 ) ) ;
#7159 = VECTOR ( 'NONE', #6563, 1000.000000000000000 ) ;
#7160 = DIRECTION ( 'NONE',  ( 0.5000000000000032196, 0.000000000000000000, 0.8660254037844368202 ) ) ;
#7161 = CARTESIAN_POINT ( 'NONE',  ( 12.11726249164387781, 53.58999999999999631, -15.42482235592523843 ) ) ;
#7162 = ADVANCED_FACE ( 'NONE', ( #6382 ), #9139, .T. ) ;
#7163 = EDGE_CURVE ( 'NONE', #776, #8380, #3927, .T. ) ;
#7164 = PLANE ( 'NONE',  #3688 ) ;
#7165 = CARTESIAN_POINT ( 'NONE',  ( 15.06533166297980841, 0.000000000000000000, -3.106205588981311383 ) ) ;
#7166 = ORIENTED_EDGE ( 'NONE', *, *, #10538, .T. ) ;
#7167 = EDGE_CURVE ( 'NONE', #1359, #6964, #9197, .T. ) ;
#7168 = EDGE_CURVE ( 'NONE', #6498, #7100, #4844, .T. ) ;
#7169 = VECTOR ( 'NONE', #1542, 1000.000000000000000 ) ;
#7170 = VECTOR ( 'NONE', #60, 1000.000000000000114 ) ;
#7171 = AXIS2_PLACEMENT_3D ( 'NONE', #6849, #4378, #4442 ) ;
#7172 = VERTEX_POINT ( 'NONE', #1346 ) ;
#7173 = CARTESIAN_POINT ( 'NONE',  ( 11.25123708785945453, 53.58999999999999631, 14.92482235592524198 ) ) ;
#7174 = ORIENTED_EDGE ( 'NONE', *, *, #1248, .F. ) ;
#7175 = CARTESIAN_POINT ( 'NONE',  ( -15.81533189030981390, 53.58999999999999631, -4.106205588981306498 ) ) ;
#7176 = LINE ( 'NONE', #10675, #10072 ) ;
#7177 = VERTEX_POINT ( 'NONE', #8329 ) ;
#7178 = VERTEX_POINT ( 'NONE', #9252 ) ;
#7179 = DIRECTION ( 'NONE',  ( 3.330669073875469621E-15, 0.000000000000000000, 1.000000000000000000 ) ) ;
#7180 = LINE ( 'NONE', #7969, #6116 ) ;
#7181 = CIRCLE ( 'NONE', #5543, 1.550000000000000266 ) ;
#7182 = ORIENTED_EDGE ( 'NONE', *, *, #5682, .T. ) ;
#7183 = VECTOR ( 'NONE', #1342, 1000.000000000000000 ) ;
#7184 = FACE_OUTER_BOUND ( 'NONE', #9992, .T. ) ;
#7185 = LINE ( 'NONE', #10684, #2409 ) ;
#7186 = VERTEX_POINT ( 'NONE', #4032 ) ;
#7187 = EDGE_CURVE ( 'NONE', #9467, #1359, #600, .T. ) ;
#7188 = DIRECTION ( 'NONE',  ( -0.000000000000000000, 1.000000000000000000, -0.000000000000000000 ) ) ;
#7189 = EDGE_CURVE ( 'NONE', #7837, #4572, #5069, .T. ) ;
#7190 = VECTOR ( 'NONE', #8049, 1000.000000000000000 ) ;
#7191 = VERTEX_POINT ( 'NONE', #8552 ) ;
#7192 = FACE_OUTER_BOUND ( 'NONE', #9646, .T. ) ;
#7193 = ORIENTED_EDGE ( 'NONE', *, *, #8511, .T. ) ;
#7194 = VERTEX_POINT ( 'NONE', #5930 ) ;
#7195 = FACE_OUTER_BOUND ( 'NONE', #3432, .T. ) ;
#7196 = FACE_BOUND ( 'NONE', #1833, .T. ) ;
#7197 = ORIENTED_EDGE ( 'NONE', *, *, #3363, .T. ) ;
#7198 = CARTESIAN_POINT ( 'NONE',  ( 8.819200360325355703, 53.58999999999999631, -14.92482235592524198 ) ) ;
#7199 = PLANE ( 'NONE',  #9194 ) ;
#7200 = CYLINDRICAL_SURFACE ( 'NONE', #7778, 3.500000000000000000 ) ;
#7201 = VECTOR ( 'NONE', #3593, 1000.000000000000000 ) ;
#7202 = FACE_OUTER_BOUND ( 'NONE', #8616, .T. ) ;
#7203 = DIRECTION ( 'NONE',  ( -3.330669073875469621E-15, 0.000000000000000000, -1.000000000000000000 ) ) ;
#7204 = DIRECTION ( 'NONE',  ( -0.8660254037844369313, -0.000000000000000000, 0.5000000000000029976 ) ) ;
#7205 = VECTOR ( 'NONE', #989, 1000.000000000000000 ) ;
#7206 = VERTEX_POINT ( 'NONE', #9362 ) ;
#7207 = PLANE ( 'NONE',  #4194 ) ;
#7208 = CARTESIAN_POINT ( 'NONE',  ( -9.569200587655368295, 0.000000000000000000, 14.92482235592524376 ) ) ;
#7209 = ORIENTED_EDGE ( 'NONE', *, *, #1896, .T. ) ;
#7210 = LINE ( 'NONE', #2679, #4219 ) ;
#7211 = DIRECTION ( 'NONE',  ( -0.8660254037844404840, 0.000000000000000000, -0.4999999999999968359 ) ) ;
#7212 = ORIENTED_EDGE ( 'NONE', *, *, #9703, .F. ) ;
#7213 = LINE ( 'NONE', #286, #2782 ) ;
#7214 = CARTESIAN_POINT ( 'NONE',  ( -15.81533189030981390, 53.58999999999999631, 3.106205588981313159 ) ) ;
#7215 = ORIENTED_EDGE ( 'NONE', *, *, #4515, .F. ) ;
#7216 = CIRCLE ( 'NONE', #7566, 1.000000000000000888 ) ;
#7217 = EDGE_CURVE ( 'NONE', #1370, #461, #7633, .T. ) ;
#7218 = ORIENTED_EDGE ( 'NONE', *, *, #5759, .F. ) ;
#7219 = DIRECTION ( 'NONE',  ( -0.000000000000000000, 1.000000000000000000, -0.000000000000000000 ) ) ;
#7220 = AXIS2_PLACEMENT_3D ( 'NONE', #2655, #8834, #1042 ) ;
#7221 = ORIENTED_EDGE ( 'NONE', *, *, #289, .T. ) ;
#7222 = DIRECTION ( 'NONE',  ( -0.000000000000000000, 1.000000000000000000, 0.000000000000000000 ) ) ;
#7223 = MANIFOLD_SOLID_BREP ( '\X2\52079664\X0\-\X2\62c94f38\X0\4', #5631 ) ;
#7224 = EDGE_CURVE ( 'NONE', #8502, #3045, #10342, .T. ) ;
#7225 = DIRECTION ( 'NONE',  ( -3.330669073875469621E-15, 0.000000000000000000, -1.000000000000000000 ) ) ;
#7226 = CARTESIAN_POINT ( 'NONE',  ( -3.673062244983530178, 51.99940408041244666, 13.92482235592523487 ) ) ;
#7227 = LINE ( 'NONE', #10088, #2772 ) ;
#7228 = DIRECTION ( 'NONE',  ( 0.000000000000000000, -0.000000000000000000, -1.000000000000000000 ) ) ;
#7229 = VERTEX_POINT ( 'NONE', #7525 ) ;
#7230 = AXIS2_PLACEMENT_3D ( 'NONE', #3716, #10587, #10819 ) ;
#7231 = EDGE_CURVE ( 'NONE', #5363, #7055, #6672, .T. ) ;
#7232 = DIRECTION ( 'NONE',  ( -3.663735981263016583E-15, -0.000000000000000000, -1.000000000000000000 ) ) ;
#7233 = EDGE_CURVE ( 'NONE', #8861, #2912, #4197, .T. ) ;
#7234 = ORIENTED_EDGE ( 'NONE', *, *, #917, .T. ) ;
#7235 = LINE ( 'NONE', #5627, #4815 ) ;
#7236 = DIRECTION ( 'NONE',  ( 0.8660254037844368202, 0.000000000000000000, -0.5000000000000032196 ) ) ;
#7237 = ORIENTED_EDGE ( 'NONE', *, *, #718, .F. ) ;
#7238 = ORIENTED_EDGE ( 'NONE', *, *, #8123, .F. ) ;
#7239 = DIRECTION ( 'NONE',  ( 3.663735981263016583E-15, 0.000000000000000000, 1.000000000000000000 ) ) ;
#7240 = CARTESIAN_POINT ( 'NONE',  ( 7.087149552756489612, 51.99940408041244666, 14.92482235592524198 ) ) ;
#7241 = ORIENTED_EDGE ( 'NONE', *, *, #4222, .F. ) ;
#7242 = DIRECTION ( 'NONE',  ( 0.8660254037844368202, 0.000000000000000000, -0.5000000000000032196 ) ) ;
#7243 = CARTESIAN_POINT ( 'NONE',  ( 7.953174956540921769, 53.58999999999999631, -13.42482235592523665 ) ) ;
#7244 = ORIENTED_EDGE ( 'NONE', *, *, #3804, .T. ) ;
#7245 = DIRECTION ( 'NONE',  ( 3.330669073875469621E-15, 0.000000000000000000, 1.000000000000000000 ) ) ;
#7246 = EDGE_CURVE ( 'NONE', #1393, #8864, #10688, .T. ) ;
#7247 = ORIENTED_EDGE ( 'NONE', *, *, #6401, .T. ) ;
#7248 = EDGE_CURVE ( 'NONE', #5458, #6182, #9477, .T. ) ;
#7249 = DIRECTION ( 'NONE',  ( 0.8660254037844368202, -0.000000000000000000, -0.5000000000000032196 ) ) ;
#7250 = ORIENTED_EDGE ( 'NONE', *, *, #5191, .T. ) ;
#7251 = VERTEX_POINT ( 'NONE', #1617 ) ;
#7252 = CARTESIAN_POINT ( 'NONE',  ( 9.169193320307963191, 53.58999999999999631, -10.31861676694392393 ) ) ;
#7253 = ORIENTED_EDGE ( 'NONE', *, *, #8218, .F. ) ;
#7254 = CARTESIAN_POINT ( 'NONE',  ( -3.673062244983527069, 0.000000000000000000, 14.92482235592523665 ) ) ;
#7255 = LINE ( 'NONE', #6868, #234 ) ;
#7256 = FACE_OUTER_BOUND ( 'NONE', #2473, .T. ) ;
#7257 = DIRECTION ( 'NONE',  ( -3.663735981263016583E-15, 0.000000000000000000, -1.000000000000000000 ) ) ;
#7258 = LINE ( 'NONE', #8910, #1253 ) ;
#7259 = FACE_OUTER_BOUND ( 'NONE', #8325, .T. ) ;
#7260 = VERTEX_POINT ( 'NONE', #5120 ) ;
#7261 = LINE ( 'NONE', #485, #6755 ) ;
#7262 = PLANE ( 'NONE',  #2440 ) ;
#7263 = ORIENTED_EDGE ( 'NONE', *, *, #3642, .T. ) ;
#7264 = CARTESIAN_POINT ( 'NONE',  ( -5.906868629178531727, 5.500000000000000000, -10.23099657937186002 ) ) ;
#7265 = CARTESIAN_POINT ( 'NONE',  ( 13.33328085541093166, 0.000000000000000000, 4.106205588981312715 ) ) ;
#7266 = DIRECTION ( 'NONE',  ( 0.8660254037844368202, -0.000000000000000000, -0.5000000000000032196 ) ) ;
#7267 = CARTESIAN_POINT ( 'NONE',  ( 0.3392626734760108009, 5.500000000000000000, -0.5876201875721061008 ) ) ;
#7268 = ORIENTED_EDGE ( 'NONE', *, *, #3887, .T. ) ;
#7269 = ORIENTED_EDGE ( 'NONE', *, *, #4153, .F. ) ;
#7270 = DIRECTION ( 'NONE',  ( 0.000000000000000000, 0.000000000000000000, -1.000000000000000000 ) ) ;
#7271 = ORIENTED_EDGE ( 'NONE', *, *, #3191, .T. ) ;
#7272 = FACE_OUTER_BOUND ( 'NONE', #5867, .T. ) ;
#7273 = EDGE_CURVE ( 'NONE', #7978, #10396, #7583, .T. ) ;
#7274 = CARTESIAN_POINT ( 'NONE',  ( 1.555281037243018805, 5.500000000000000000, 2.693825776553309126 ) ) ;
#7275 = CARTESIAN_POINT ( 'NONE',  ( 15.06533166297980841, 53.58999999999999631, -3.106205588981311383 ) ) ;
#7276 = DIRECTION ( 'NONE',  ( -0.8660254037844368202, 0.000000000000000000, 0.5000000000000032196 ) ) ;
#7277 = DIRECTION ( 'NONE',  ( 0.5000000000000032196, 0.000000000000000000, 0.8660254037844368202 ) ) ;
#7278 = ORIENTED_EDGE ( 'NONE', *, *, #5744, .F. ) ;
#7279 = EDGE_CURVE ( 'NONE', #8327, #6754, #10282, .T. ) ;
#7280 = CARTESIAN_POINT ( 'NONE',  ( -4.539087648767970329, 53.58999999999999631, 13.42482235592524020 ) ) ;
#7281 = ORIENTED_EDGE ( 'NONE', *, *, #8841, .T. ) ;
#7282 = DIRECTION ( 'NONE',  ( -1.000000000000000000, 0.000000000000000000, 3.330669073875469621E-15 ) ) ;
#7283 = CARTESIAN_POINT ( 'NONE',  ( 0.4910252901194339659, 53.58999999999999631, -13.92482235592524020 ) ) ;
#7284 = ORIENTED_EDGE ( 'NONE', *, *, #9116, .T. ) ;
#7285 = ADVANCED_FACE ( 'NONE', ( #7750 ), #4258, .T. ) ;
#7286 = VERTEX_POINT ( 'NONE', #10394 ) ;
#7287 = DIRECTION ( 'NONE',  ( 0.000000000000000000, 0.000000000000000000, 1.000000000000000000 ) ) ;
#7288 = LINE ( 'NONE', #3797, #3558 ) ;
#7289 = ORIENTED_EDGE ( 'NONE', *, *, #7367, .T. ) ;
#7290 = FACE_OUTER_BOUND ( 'NONE', #7688, .T. ) ;
#7291 = CARTESIAN_POINT ( 'NONE',  ( -12.00123731518945647, 0.000000000000000000, 13.92482235592523487 ) ) ;
#7292 = VERTEX_POINT ( 'NONE', #3180 ) ;
#7293 = DIRECTION ( 'NONE',  ( -0.8660254037844369313, 0.000000000000000000, 0.5000000000000029976 ) ) ;
#7294 = DIRECTION ( 'NONE',  ( -0.4999999999999966138, 0.000000000000000000, 0.8660254037844407060 ) ) ;
#7295 = ORIENTED_EDGE ( 'NONE', *, *, #11293, .T. ) ;
#7296 = VECTOR ( 'NONE', #5963, 1000.000000000000000 ) ;
#7297 = VERTEX_POINT ( 'NONE', #11035 ) ;
#7298 = CARTESIAN_POINT ( 'NONE',  ( -9.569200587655368295, 0.000000000000000000, -13.92482235592523310 ) ) ;
#7299 = DIRECTION ( 'NONE',  ( -0.000000000000000000, 1.000000000000000000, -0.000000000000000000 ) ) ;
#7300 = VERTEX_POINT ( 'NONE', #2538 ) ;
#7301 = CARTESIAN_POINT ( 'NONE',  ( 7.953174956540929763, 53.58999999999999631, 15.42482235592523843 ) ) ;
#7302 = CARTESIAN_POINT ( 'NONE',  ( -6.772894032962875066, 5.500000000000000000, 11.73099657937187779 ) ) ;
#7303 = DIRECTION ( 'NONE',  ( 0.000000000000000000, 0.000000000000000000, 1.000000000000000000 ) ) ;
#7304 = EDGE_CURVE ( 'NONE', #8145, #1772, #2315, .T. ) ;
#7305 = PLANE ( 'NONE',  #10668 ) ;
#7306 = EDGE_CURVE ( 'NONE', #4128, #9010, #9535, .T. ) ;
#7307 = ADVANCED_FACE ( 'NONE', ( #1449 ), #4951, .T. ) ;
#7308 = EDGE_CURVE ( 'NONE', #9293, #6632, #11086, .T. ) ;
#7309 = VECTOR ( 'NONE', #623, 1000.000000000000000 ) ;
#7310 = ADVANCED_FACE ( 'NONE', ( #8499 ), #4143, .T. ) ;
#7311 = CARTESIAN_POINT ( 'NONE',  ( 7.087149552756489612, 0.000000000000000000, 14.92482235592524198 ) ) ;
#7312 = LINE ( 'NONE', #1933, #6624 ) ;
#7313 = VERTEX_POINT ( 'NONE', #10616 ) ;
#7314 = CYLINDRICAL_SURFACE ( 'NONE', #8651, 1.050000000000000488 ) ;
#7315 = ORIENTED_EDGE ( 'NONE', *, *, #7714, .T. ) ;
#7316 = FACE_OUTER_BOUND ( 'NONE', #3144, .T. ) ;
#7317 = VECTOR ( 'NONE', #9693, 1000.000000000000000 ) ;
#7318 = CARTESIAN_POINT ( 'NONE',  ( 0.4910252901194310793, 51.99940408041244666, 12.59999999999993747 ) ) ;
#7319 = ORIENTED_EDGE ( 'NONE', *, *, #3655, .T. ) ;
#7320 = DIRECTION ( 'NONE',  ( -0.000000000000000000, 1.000000000000000000, -0.000000000000000000 ) ) ;
#7321 = DIRECTION ( 'NONE',  ( -3.663735981263016583E-15, -0.000000000000000000, -1.000000000000000000 ) ) ;
#7322 = ORIENTED_EDGE ( 'NONE', *, *, #7594, .T. ) ;
#7323 = EDGE_CURVE ( 'NONE', #10548, #4641, #797, .T. ) ;
#7324 = VECTOR ( 'NONE', #4647, 1000.000000000000000 ) ;
#7325 = ORIENTED_EDGE ( 'NONE', *, *, #2200, .T. ) ;
#7326 = DIRECTION ( 'NONE',  ( -0.000000000000000000, 1.000000000000000000, -0.000000000000000000 ) ) ;
#7327 = ORIENTED_EDGE ( 'NONE', *, *, #1840, .F. ) ;
#7328 = DIRECTION ( 'NONE',  ( 0.000000000000000000, 0.000000000000000000, 1.000000000000000000 ) ) ;
#7329 = AXIS2_PLACEMENT_3D ( 'NONE', #5860, #7575, #6830 ) ;
#7330 = PLANE ( 'NONE',  #9586 ) ;
#7331 = CARTESIAN_POINT ( 'NONE',  ( 6.737156592773876795, 5.500000000000000000, -10.31861676694393104 ) ) ;
#7332 = VECTOR ( 'NONE', #9792, 1000.000000000000114 ) ;
#7333 = DIRECTION ( 'NONE',  ( -0.000000000000000000, 1.000000000000000000, -0.000000000000000000 ) ) ;
#7334 = CARTESIAN_POINT ( 'NONE',  ( -0.3750001136650100153, 0.000000000000000000, -15.42482235592523843 ) ) ;
#7335 = ORIENTED_EDGE ( 'NONE', *, *, #9839, .F. ) ;
#7336 = APPROVAL ( #847, '未' ) ;
#7337 = VECTOR ( 'NONE', #11202, 1000.000000000000000 ) ;
#7338 = VECTOR ( 'NONE', #5504, 1000.000000000000000 ) ;
#7339 = CARTESIAN_POINT ( 'NONE',  ( 10.90124412787684527, 53.58999999999999631, 10.31861676694392393 ) ) ;
#7340 = ORIENTED_EDGE ( 'NONE', *, *, #7000, .T. ) ;
#7341 = DIRECTION ( 'NONE',  ( -0.8660254037844369313, -0.000000000000000000, 0.5000000000000029976 ) ) ;
#7342 = CARTESIAN_POINT ( 'NONE',  ( 14.19930625919537270, 53.58999999999999631, 4.606205588981309162 ) ) ;
#7343 = ORIENTED_EDGE ( 'NONE', *, *, #1967, .F. ) ;
#7344 = VERTEX_POINT ( 'NONE', #9697 ) ;
#7345 = LINE ( 'NONE', #6431, #3173 ) ;
#7346 = EDGE_CURVE ( 'NONE', #5633, #5668, #1788, .T. ) ;
#7347 = DIRECTION ( 'NONE',  ( -0.8660254037844404840, -0.000000000000000000, -0.4999999999999968359 ) ) ;
#7348 = VERTEX_POINT ( 'NONE', #2758 ) ;
#7349 = DIRECTION ( 'NONE',  ( -1.000000000000000000, 0.000000000000000000, 3.330669073875469621E-15 ) ) ;
#7350 = DIRECTION ( 'NONE',  ( 0.8660254037844368202, -0.000000000000000000, -0.5000000000000032196 ) ) ;
#7351 = VERTEX_POINT ( 'NONE', #1041 ) ;
#7352 = VECTOR ( 'NONE', #8779, 1000.000000000000000 ) ;
#7353 = VECTOR ( 'NONE', #10602, 1000.000000000000000 ) ;
#7354 = LINE ( 'NONE', #10853, #916 ) ;
#7355 = VECTOR ( 'NONE', #10353, 1000.000000000000114 ) ;
#7356 = EDGE_CURVE ( 'NONE', #9677, #7348, #2599, .T. ) ;
#7357 = ORIENTED_EDGE ( 'NONE', *, *, #10928, .F. ) ;
#7358 = CIRCLE ( 'NONE', #1869, 1.000000000000000888 ) ;
#7359 = ORIENTED_EDGE ( 'NONE', *, *, #11222, .F. ) ;
#7360 = VECTOR ( 'NONE', #5453, 1000.000000000000114 ) ;
#7361 = ORIENTED_EDGE ( 'NONE', *, *, #5257, .F. ) ;
#7362 = CARTESIAN_POINT ( 'NONE',  ( 7.087149552756488724, 53.58999999999999631, 14.92482235592524198 ) ) ;
#7363 = ORIENTED_EDGE ( 'NONE', *, *, #9337, .T. ) ;
#7364 = CARTESIAN_POINT ( 'NONE',  ( 5.871131188989438421, 0.000000000000000000, 9.818616766943931040 ) ) ;
#7365 = DIRECTION ( 'NONE',  ( 0.5000000000000032196, 0.000000000000000000, 0.8660254037844368202 ) ) ;
#7366 = PLANE ( 'NONE',  #2480 ) ;
#7367 = EDGE_CURVE ( 'NONE', #5304, #776, #6260, .T. ) ;
#7368 = AXIS2_PLACEMENT_3D ( 'NONE', #7964, #8018, #7058 ) ;
#7369 = DIRECTION ( 'NONE',  ( -0.4999999999999966138, 0.000000000000000000, 0.8660254037844407060 ) ) ;
#7370 = CARTESIAN_POINT ( 'NONE',  ( 3.789087421437964398, 53.58999999999999631, 15.42482235592523843 ) ) ;
#7371 = ORIENTED_EDGE ( 'NONE', *, *, #8967, .T. ) ;
#7372 = EDGE_CURVE ( 'NONE', #505, #4519, #1907, .T. ) ;
#7373 = EDGE_CURVE ( 'NONE', #4599, #114, #9762, .T. ) ;
#7374 = DIRECTION ( 'NONE',  ( -0.8660254037844369313, -0.000000000000000000, 0.5000000000000029976 ) ) ;
#7375 = ADVANCED_FACE ( 'NONE', ( #5409 ), #136, .T. ) ;
#7376 = VECTOR ( 'NONE', #5826, 1000.000000000000227 ) ;
#7377 = ORIENTED_EDGE ( 'NONE', *, *, #10241, .T. ) ;
#7378 = CARTESIAN_POINT ( 'NONE',  ( -13.73328812275833144, 0.000000000000000000, 14.92482235592524376 ) ) ;
#7379 = DIRECTION ( 'NONE',  ( -0.8660254037844404840, 0.000000000000000000, -0.4999999999999968359 ) ) ;
#7380 = EDGE_LOOP ( 'NONE', ( #5645, #6130, #1944, #7898, #9138, #7419 ) ) ;
#7381 = DIRECTION ( 'NONE',  ( 0.4999999999999968359, 0.000000000000000000, -0.8660254037844404840 ) ) ;
#7382 = CARTESIAN_POINT ( 'NONE',  ( -20.95000000000000639, 67.84000000000000341, -16.50000000000000000 ) ) ;
#7383 = VERTEX_POINT ( 'NONE', #7916 ) ;
#7384 = VECTOR ( 'NONE', #8608, 1000.000000000000227 ) ;
#7385 = EDGE_LOOP ( 'NONE', ( #659, #4299, #598, #6288 ) ) ;
#7386 = ORIENTED_EDGE ( 'NONE', *, *, #9528, .F. ) ;
#7387 = EDGE_CURVE ( 'NONE', #1838, #7114, #4539, .T. ) ;
#7388 = CARTESIAN_POINT ( 'NONE',  ( -5.405113052552409592, 0.000000000000000000, -14.92482235592523487 ) ) ;
#7389 = ORIENTED_EDGE ( 'NONE', *, *, #9703, .T. ) ;
#7390 = EDGE_CURVE ( 'NONE', #3895, #8020, #7062, .T. ) ;
#7391 = LINE ( 'NONE', #3090, #7139 ) ;
#7392 = CARTESIAN_POINT ( 'NONE',  ( -13.73328812275833144, 53.58999999999999631, 0.5000000000000035527 ) ) ;
#7393 = CARTESIAN_POINT ( 'NONE',  ( -8.703175183870934362, 53.58999999999999631, -15.42482235592523843 ) ) ;
#7394 = VECTOR ( 'NONE', #9859, 1000.000000000000000 ) ;
#7395 = LINE ( 'NONE', #9983, #1859 ) ;
#7396 = FACE_BOUND ( 'NONE', #6326, .T. ) ;
#7397 = ORIENTED_EDGE ( 'NONE', *, *, #10257, .T. ) ;
#7398 = VECTOR ( 'NONE', #8775, 1000.000000000000227 ) ;
#7399 = LINE ( 'NONE', #5574, #1441 ) ;
#7400 = ORIENTED_EDGE ( 'NONE', *, *, #7279, .T. ) ;
#7401 = CARTESIAN_POINT ( 'NONE',  ( 14.66863166220621828, 52.28232689208745398, -16.89785603335153041 ) ) ;
#7402 = ORIENTED_EDGE ( 'NONE', *, *, #4813, .F. ) ;
#7403 = DIRECTION ( 'NONE',  ( -1.000000000000000000, 0.000000000000000000, 0.000000000000000000 ) ) ;
#7404 = LINE ( 'NONE', #3744, #93 ) ;
#7405 = ORIENTED_EDGE ( 'NONE', *, *, #5467, .F. ) ;
#7406 = PLANE ( 'NONE',  #9912 ) ;
#7407 = DIRECTION ( 'NONE',  ( -3.663735981263016583E-15, -0.000000000000000000, -1.000000000000000000 ) ) ;
#7408 = EDGE_CURVE ( 'NONE', #3723, #1397, #8722, .T. ) ;
#7409 = EDGE_LOOP ( 'NONE', ( #8154, #3938, #6708, #7915 ) ) ;
#7410 = AXIS2_PLACEMENT_3D ( 'NONE', #7265, #3825, #7211 ) ;
#7411 = DIRECTION ( 'NONE',  ( -0.000000000000000000, 1.000000000000000000, -0.000000000000000000 ) ) ;
#7412 = ORIENTED_EDGE ( 'NONE', *, *, #3624, .F. ) ;
#7413 = CARTESIAN_POINT ( 'NONE',  ( -14.94930648652537819, 53.58999999999999631, -4.606205588981309162 ) ) ;
#7414 = VECTOR ( 'NONE', #10528, 1000.000000000000000 ) ;
#7415 = VERTEX_POINT ( 'NONE', #9818 ) ;
#7416 = ORIENTED_EDGE ( 'NONE', *, *, #4531, .F. ) ;
#7417 = CARTESIAN_POINT ( 'NONE',  ( -15.81533189030981035, 0.000000000000000000, 4.106205588981313603 ) ) ;
#7418 = CARTESIAN_POINT ( 'NONE',  ( -14.08328108274094781, 5.500000000000000000, 4.690674876098070936E-14 ) ) ;
#7419 = ORIENTED_EDGE ( 'NONE', *, *, #8571, .T. ) ;
#7420 = CARTESIAN_POINT ( 'NONE',  ( -0.3750001136649978029, 0.000000000000000000, 15.42482235592523843 ) ) ;
#7421 = CARTESIAN_POINT ( 'NONE',  ( -12.86726271897389751, 53.58999999999999631, -15.42482235592523843 ) ) ;
#7422 = CARTESIAN_POINT ( 'NONE',  ( -13.73328812275833499, 0.000000000000000000, -14.92482235592523487 ) ) ;
#7423 = EDGE_CURVE ( 'NONE', #5972, #887, #6199, .T. ) ;
#7424 = DIRECTION ( 'NONE',  ( -1.000000000000000000, 0.000000000000000000, 3.330669073875469621E-15 ) ) ;
#7425 = EDGE_CURVE ( 'NONE', #4950, #5824, #8774, .T. ) ;
#7426 = LINE ( 'NONE', #7478, #10288 ) ;
#7427 = VERTEX_POINT ( 'NONE', #2821 ) ;
#7428 = FACE_OUTER_BOUND ( 'NONE', #2382, .T. ) ;
#7429 = EDGE_LOOP ( 'NONE', ( #9828, #7947, #10967, #9460 ) ) ;
#7430 = DIRECTION ( 'NONE',  ( -0.8660254037844404840, 0.000000000000000000, -0.4999999999999968359 ) ) ;
#7431 = CARTESIAN_POINT ( 'NONE',  ( -10.78521895142241505, 0.000000000000000000, -11.81861676694392926 ) ) ;
#7432 = ADVANCED_FACE ( 'NONE', ( #5349, #7010, #10509, #6148, #5291, #82 ), #928, .F. ) ;
#7433 = ORIENTED_EDGE ( 'NONE', *, *, #4018, .F. ) ;
#7434 = DIRECTION ( 'NONE',  ( -0.000000000000000000, 1.000000000000000000, -0.000000000000000000 ) ) ;
#7435 = VERTEX_POINT ( 'NONE', #3567 ) ;
#7436 = ORIENTED_EDGE ( 'NONE', *, *, #3805, .T. ) ;
#7437 = ADVANCED_FACE ( 'NONE', ( #8833 ), #7968, .T. ) ;
#7438 = ORIENTED_EDGE ( 'NONE', *, *, #1530, .T. ) ;
#7439 = LINE ( 'NONE', #6412, #10420 ) ;
#7440 = FACE_OUTER_BOUND ( 'NONE', #10930, .T. ) ;
#7441 = VERTEX_POINT ( 'NONE', #8670 ) ;
#7442 = FACE_OUTER_BOUND ( 'NONE', #668, .T. ) ;
#7443 = CARTESIAN_POINT ( 'NONE',  ( -18.26838979568740129, 58.58999999999999631, -9.747069910344318799 ) ) ;
#7444 = CARTESIAN_POINT ( 'NONE',  ( 6.737156592773873243, 0.000000000000000000, -11.31861676694393282 ) ) ;
#7445 = FACE_OUTER_BOUND ( 'NONE', #4090, .T. ) ;
#7446 = FACE_BOUND ( 'NONE', #10557, .T. ) ;
#7447 = ORIENTED_EDGE ( 'NONE', *, *, #580, .F. ) ;
#7448 = EDGE_CURVE ( 'NONE', #7490, #4139, #821, .T. ) ;
#7449 = EDGE_CURVE ( 'NONE', #524, #1267, #5517, .T. ) ;
#7450 = VECTOR ( 'NONE', #11091, 1000.000000000000114 ) ;
#7451 = ADVANCED_FACE ( 'NONE', ( #9997 ), #5634, .T. ) ;
#7452 = EDGE_CURVE ( 'NONE', #5812, #3213, #3105, .T. ) ;
#7453 = LINE ( 'NONE', #6594, #8014 ) ;
#7454 = ORIENTED_EDGE ( 'NONE', *, *, #9919, .T. ) ;
#7455 = DIRECTION ( 'NONE',  ( -0.000000000000000000, 1.000000000000000000, -0.000000000000000000 ) ) ;
#7456 = ORIENTED_EDGE ( 'NONE', *, *, #6086, .T. ) ;
#7457 = CARTESIAN_POINT ( 'NONE',  ( -12.86726271897389040, 53.58999999999999631, 15.42482235592523843 ) ) ;
#7458 = CARTESIAN_POINT ( 'NONE',  ( -3.649828381635715768, 5.500000000000000000, -6.321688195899898055 ) ) ;
#7459 = DIRECTION ( 'NONE',  ( -0.8660254037844404840, 0.000000000000000000, -0.4999999999999968359 ) ) ;
#7460 = DIRECTION ( 'NONE',  ( -1.000000000000000000, -0.000000000000000000, -0.000000000000000000 ) ) ;
#7461 = ORIENTED_EDGE ( 'NONE', *, *, #9115, .F. ) ;
#7462 = LINE ( 'NONE', #425, #9352 ) ;
#7463 = ORIENTED_EDGE ( 'NONE', *, *, #5628, .T. ) ;
#7464 = DIRECTION ( 'NONE',  ( 0.8660254037844407060, 0.000000000000000000, 0.4999999999999966138 ) ) ;
#7465 = ORIENTED_EDGE ( 'NONE', *, *, #3159, .F. ) ;
#7466 = LINE ( 'NONE', #2261, #6021 ) ;
#7467 = ORIENTED_EDGE ( 'NONE', *, *, #10036, .T. ) ;
#7468 = VERTEX_POINT ( 'NONE', #8944 ) ;
#7469 = CARTESIAN_POINT ( 'NONE',  ( 10.90124412787683816, 0.000000000000000000, -11.31861676694393282 ) ) ;
#7470 = ORIENTED_EDGE ( 'NONE', *, *, #10242, .F. ) ;
#7471 = PLANE ( 'NONE',  #11001 ) ;
#7472 = AXIS2_PLACEMENT_3D ( 'NONE', #6392, #382, #3021 ) ;
#7473 = FACE_OUTER_BOUND ( 'NONE', #9295, .T. ) ;
#7474 = LINE ( 'NONE', #5653, #3207 ) ;
#7475 = VECTOR ( 'NONE', #10547, 1000.000000000000000 ) ;
#7476 = DIRECTION ( 'NONE',  ( 3.330669073875469621E-15, 0.000000000000000000, 1.000000000000000000 ) ) ;
#7477 = EDGE_CURVE ( 'NONE', #1282, #9767, #2933, .T. ) ;
#7478 = CARTESIAN_POINT ( 'NONE',  ( 0.3392626734759236484, 5.500000000000000000, -0.5876201875719552215 ) ) ;
#7479 = EDGE_LOOP ( 'NONE', ( #2816, #5386, #10004, #2283 ) ) ;
#7480 = PLANE ( 'NONE',  #968 ) ;
#7481 = ORIENTED_EDGE ( 'NONE', *, *, #462, .F. ) ;
#7482 = CARTESIAN_POINT ( 'NONE',  ( 12.11726249164388491, 0.000000000000000000, -13.42482235592523665 ) ) ;
#7483 = LINE ( 'NONE', #1412, #7585 ) ;
#7484 = EDGE_CURVE ( 'NONE', #4941, #5537, #6496, .T. ) ;
#7485 = LINE ( 'NONE', #1414, #8270 ) ;
#7486 = VECTOR ( 'NONE', #9845, 1000.000000000000000 ) ;
#7487 = ORIENTED_EDGE ( 'NONE', *, *, #4223, .T. ) ;
#7488 = CYLINDRICAL_SURFACE ( 'NONE', #3254, 1.550000000000000266 ) ;
#7489 = EDGE_CURVE ( 'NONE', #5195, #5736, #358, .T. ) ;
#7490 = VERTEX_POINT ( 'NONE', #9937 ) ;
#7491 = VECTOR ( 'NONE', #3965, 1000.000000000000227 ) ;
#7492 = CARTESIAN_POINT ( 'NONE',  ( -13.73328812275833499, 0.000000000000000000, -7.712411177962615660 ) ) ;
#7493 = EDGE_LOOP ( 'NONE', ( #1251, #10142, #5109, #7447 ) ) ;
#7494 = CARTESIAN_POINT ( 'NONE',  ( 3.789087421437964398, 53.58999999999999631, 15.42482235592523843 ) ) ;
#7495 = DIRECTION ( 'NONE',  ( -0.000000000000000000, 1.000000000000000000, -0.000000000000000000 ) ) ;
#7496 = DIRECTION ( 'NONE',  ( -0.8660254037844368202, 0.000000000000000000, 0.5000000000000032196 ) ) ;
#7497 = DIRECTION ( 'NONE',  ( -0.000000000000000000, 1.000000000000000000, -0.000000000000000000 ) ) ;
#7498 = ADVANCED_FACE ( 'NONE', ( #2190 ), #10955, .T. ) ;
#7499 = ORIENTED_EDGE ( 'NONE', *, *, #8559, .T. ) ;
#7500 = VECTOR ( 'NONE', #8654, 1000.000000000000114 ) ;
#7501 = AXIS2_PLACEMENT_3D ( 'NONE', #10317, #1594, #8472 ) ;
#7502 = LINE ( 'NONE', #1263, #4370 ) ;
#7503 = EDGE_LOOP ( 'NONE', ( #11286, #5119, #7882, #232 ) ) ;
#7504 = EDGE_CURVE ( 'NONE', #4108, #11084, #5580, .T. ) ;
#7505 = DIRECTION ( 'NONE',  ( 0.000000000000000000, -1.000000000000000000, 0.000000000000000000 ) ) ;
#7506 = VECTOR ( 'NONE', #669, 999.9999999999998863 ) ;
#7507 = EDGE_CURVE ( 'NONE', #3339, #66, #3054, .T. ) ;
#7508 = ORIENTED_EDGE ( 'NONE', *, *, #6786, .F. ) ;
#7509 = CARTESIAN_POINT ( 'NONE',  ( -12.00123731518945647, 53.58999999999999631, -14.92482235592524198 ) ) ;
#7510 = DIRECTION ( 'NONE',  ( -0.000000000000000000, 1.000000000000000000, -0.000000000000000000 ) ) ;
#7511 = EDGE_CURVE ( 'NONE', #7415, #1145, #6368, .T. ) ;
#7512 = CARTESIAN_POINT ( 'NONE',  ( 2.923062017653524247, 51.99940408041244666, 14.92482235592524376 ) ) ;
#7513 = CARTESIAN_POINT ( 'NONE',  ( 0.4910252901194339659, 53.58999999999999631, -13.92482235592524020 ) ) ;
#7514 = VERTEX_POINT ( 'NONE', #476 ) ;
#7515 = DIRECTION ( 'NONE',  ( 1.000000000000000000, 0.000000000000000000, 0.000000000000000000 ) ) ;
#7516 = VECTOR ( 'NONE', #1422, 1000.000000000000114 ) ;
#7517 = VECTOR ( 'NONE', #10063, 1000.000000000000000 ) ;
#7518 = VECTOR ( 'NONE', #296, 1000.000000000000000 ) ;
#7519 = ORIENTED_EDGE ( 'NONE', *, *, #7373, .T. ) ;
#7520 = DIRECTION ( 'NONE',  ( -3.663735981263016583E-15, -0.000000000000000000, -1.000000000000000000 ) ) ;
#7521 = ORIENTED_EDGE ( 'NONE', *, *, #6409, .F. ) ;
#7522 = CARTESIAN_POINT ( 'NONE',  ( -6.947890512954283615, 5.500000000000000000, -12.03409937386251372 ) ) ;
#7523 = VERTEX_POINT ( 'NONE', #5688 ) ;
#7524 = EDGE_LOOP ( 'NONE', ( #4097, #4839, #3950, #2342 ) ) ;
#7525 = CARTESIAN_POINT ( 'NONE',  ( -6.621131416319446572, 5.500000000000000000, -9.818616766943927487 ) ) ;
#7526 = CIRCLE ( 'NONE', #1306, 2.000000000000000000 ) ;
#7527 = DIRECTION ( 'NONE',  ( -3.663735981263016583E-15, -0.000000000000000000, -1.000000000000000000 ) ) ;
#7528 = EDGE_CURVE ( 'NONE', #8810, #3197, #7345, .T. ) ;
#7529 = ORIENTED_EDGE ( 'NONE', *, *, #2158, .T. ) ;
#7530 = FACE_OUTER_BOUND ( 'NONE', #1669, .T. ) ;
#7531 = VECTOR ( 'NONE', #5992, 1000.000000000000114 ) ;
#7532 = CARTESIAN_POINT ( 'NONE',  ( -20.95100000000000406, 59.69999999999997442, -9.199999999999999289 ) ) ;
#7533 = CARTESIAN_POINT ( 'NONE',  ( -16.00000000000000355, 67.84000000000000341, 0.000000000000000000 ) ) ;
#7534 = ADVANCED_FACE ( 'NONE', ( #1331 ), #9180, .T. ) ;
#7535 = VECTOR ( 'NONE', #10435, 1000.000000000000000 ) ;
#7536 = AXIS2_PLACEMENT_3D ( 'NONE', #3652, #3599, #4396 ) ;
#7537 = AXIS2_PLACEMENT_3D ( 'NONE', #9754, #1954, #1901 ) ;
#7538 = CARTESIAN_POINT ( 'NONE',  ( -7.837149780086489770, 51.99940408041244666, 14.92482235592523665 ) ) ;
#7539 = CARTESIAN_POINT ( 'NONE',  ( 9.169193320307959638, 0.000000000000000000, -11.31861676694392571 ) ) ;
#7540 = VERTEX_POINT ( 'NONE', #7457 ) ;
#7541 = CARTESIAN_POINT ( 'NONE',  ( -9.919193547637970454, 53.58999999999999631, 11.31861676694392749 ) ) ;
#7542 = EDGE_LOOP ( 'NONE', ( #9774, #7765, #8362, #4754 ) ) ;
#7543 = DIRECTION ( 'NONE',  ( -0.8660254037844404840, -0.000000000000000000, -0.4999999999999968359 ) ) ;
#7544 = CARTESIAN_POINT ( 'NONE',  ( -8.703175183870927256, 0.000000000000000000, -13.42482235592523665 ) ) ;
#7545 = VECTOR ( 'NONE', #8767, 1000.000000000000000 ) ;
#7546 = VECTOR ( 'NONE', #5690, 1000.000000000000114 ) ;
#7547 = DIRECTION ( 'NONE',  ( -1.000000000000000000, 0.000000000000000000, 0.000000000000000000 ) ) ;
#7548 = ORIENTED_EDGE ( 'NONE', *, *, #7484, .F. ) ;
#7549 = EDGE_LOOP ( 'NONE', ( #6460, #8739, #10860, #8451 ) ) ;
#7550 = VECTOR ( 'NONE', #9094, 1000.000000000000000 ) ;
#7551 = ORIENTED_EDGE ( 'NONE', *, *, #8844, .F. ) ;
#7552 = DIRECTION ( 'NONE',  ( 0.8660254037844404840, 0.000000000000000000, 0.4999999999999968359 ) ) ;
#7553 = CARTESIAN_POINT ( 'NONE',  ( 12.11726249164389557, 0.000000000000000000, 15.42482235592523843 ) ) ;
#7554 = DIRECTION ( 'NONE',  ( 0.5000000000000032196, 0.000000000000000000, 0.8660254037844368202 ) ) ;
#7555 = EDGE_LOOP ( 'NONE', ( #5704, #5325, #2790, #9752 ) ) ;
#7556 = DIRECTION ( 'NONE',  ( 3.330669073875469621E-15, 0.000000000000000000, 1.000000000000000000 ) ) ;
#7557 = MANIFOLD_SOLID_BREP ( '\X2\79fb52a89762\X0\2', #4528 ) ;
#7558 = FACE_OUTER_BOUND ( 'NONE', #2576, .T. ) ;
#7559 = PLANE ( 'NONE',  #9186 ) ;
#7560 = CARTESIAN_POINT ( 'NONE',  ( -18.26838979568740129, 58.58999999999999631, -9.747069910344318799 ) ) ;
#7561 = EDGE_CURVE ( 'NONE', #8135, #5388, #10846, .T. ) ;
#7562 = ORIENTED_EDGE ( 'NONE', *, *, #6455, .F. ) ;
#7563 = VECTOR ( 'NONE', #5183, 1000.000000000000000 ) ;
#7564 = EDGE_CURVE ( 'NONE', #1348, #9628, #10100, .T. ) ;
#7565 = DIRECTION ( 'NONE',  ( -0.000000000000000000, 1.000000000000000000, -0.000000000000000000 ) ) ;
#7566 = AXIS2_PLACEMENT_3D ( 'NONE', #9451, #10148, #8583 ) ;
#7567 = VERTEX_POINT ( 'NONE', #4601 ) ;
#7568 = DIRECTION ( 'NONE',  ( -0.4999999999999966138, 0.000000000000000000, 0.8660254037844407060 ) ) ;
#7569 = ORIENTED_EDGE ( 'NONE', *, *, #3447, .T. ) ;
#7570 = LINE ( 'NONE', #8417, #6655 ) ;
#7571 = FACE_OUTER_BOUND ( 'NONE', #9827, .T. ) ;
#7572 = LINE ( 'NONE', #8421, #2589 ) ;
#7573 = CARTESIAN_POINT ( 'NONE',  ( -5.405113052552409592, 0.000000000000000000, -14.92482235592523487 ) ) ;
#7574 = VERTEX_POINT ( 'NONE', #8085 ) ;
#7575 = DIRECTION ( 'NONE',  ( 1.000000000000000000, 0.000000000000000000, -3.663735981263016583E-15 ) ) ;
#7576 = VECTOR ( 'NONE', #6894, 1000.000000000000000 ) ;
#7577 = EDGE_CURVE ( 'NONE', #7251, #181, #253, .T. ) ;
#7578 = CARTESIAN_POINT ( 'NONE',  ( -7.837149780086489770, 52.28232689208745398, -13.92482235592524020 ) ) ;
#7579 = ORIENTED_EDGE ( 'NONE', *, *, #2797, .F. ) ;
#7580 = PLANE ( 'NONE',  #3098 ) ;
#7581 = EDGE_LOOP ( 'NONE', ( #9067, #10194, #9702, #9771 ) ) ;
#7582 = VERTEX_POINT ( 'NONE', #1162 ) ;
#7583 = LINE ( 'NONE', #3351, #7563 ) ;
#7584 = DIRECTION ( 'NONE',  ( 0.8660254037844368202, -0.000000000000000000, -0.5000000000000032196 ) ) ;
#7585 = VECTOR ( 'NONE', #4743, 1000.000000000000000 ) ;
#7586 = ORIENTED_EDGE ( 'NONE', *, *, #1009, .T. ) ;
#7587 = LINE ( 'NONE', #1571, #6242 ) ;
#7588 = LINE ( 'NONE', #4955, #9015 ) ;
#7589 = LINE ( 'NONE', #6727, #5809 ) ;
#7590 = DIRECTION ( 'NONE',  ( 0.8660254037844404840, 0.000000000000000000, 0.4999999999999968359 ) ) ;
#7591 = EDGE_CURVE ( 'NONE', #292, #8669, #5387, .T. ) ;
#7592 = EDGE_CURVE ( 'NONE', #145, #10743, #11123, .T. ) ;
#7593 = VECTOR ( 'NONE', #6678, 1000.000000000000000 ) ;
#7594 = EDGE_CURVE ( 'NONE', #2034, #1615, #6760, .T. ) ;
#7595 = DIRECTION ( 'NONE',  ( -0.000000000000000000, 1.000000000000000000, -0.000000000000000000 ) ) ;
#7596 = CARTESIAN_POINT ( 'NONE',  ( 16.90222591453325407, 67.84000000000000341, 18.49999999999999645 ) ) ;
#7597 = EDGE_LOOP ( 'NONE', ( #8429, #7268, #2660, #2686, #9617, #3771 ) ) ;
#7598 = ORIENTED_EDGE ( 'NONE', *, *, #5722, .F. ) ;
#7599 = CARTESIAN_POINT ( 'NONE',  ( 4.655112825222396111, 0.000000000000000000, -13.92482235592524020 ) ) ;
#7600 = CARTESIAN_POINT ( 'NONE',  ( 3.789087421437957293, 53.58999999999999631, 13.42482235592524020 ) ) ;
#7601 = DIRECTION ( 'NONE',  ( 0.8660254037844407060, 0.000000000000000000, 0.4999999999999965583 ) ) ;
#7602 = ORIENTED_EDGE ( 'NONE', *, *, #1668, .F. ) ;
#7603 = VERTEX_POINT ( 'NONE', #584 ) ;
#7604 = VERTEX_POINT ( 'NONE', #11014 ) ;
#7605 = CARTESIAN_POINT ( 'NONE',  ( 0.000000000000000000, 5.000000000000000000, 0.000000000000000000 ) ) ;
#7606 = FACE_OUTER_BOUND ( 'NONE', #3089, .T. ) ;
#7607 = CARTESIAN_POINT ( 'NONE',  ( 0.000000000000000000, 67.84000000000000341, -18.50000000000000355 ) ) ;
#7608 = VERTEX_POINT ( 'NONE', #7509 ) ;
#7609 = FACE_OUTER_BOUND ( 'NONE', #514, .T. ) ;
#7610 = DIRECTION ( 'NONE',  ( -0.000000000000000000, 1.000000000000000000, -0.000000000000000000 ) ) ;
#7611 = CARTESIAN_POINT ( 'NONE',  ( -13.73328812275833144, 0.000000000000000000, -13.92482235592523310 ) ) ;
#7612 = DIRECTION ( 'NONE',  ( 1.000000000000000000, 0.000000000000000000, -3.663735981263016583E-15 ) ) ;
#7613 = EDGE_LOOP ( 'NONE', ( #10132, #119, #4681, #7982 ) ) ;
#7614 = EDGE_CURVE ( 'NONE', #5208, #4908, #5800, .T. ) ;
#7615 = PLANE ( 'NONE',  #8575 ) ;
#7616 = ORIENTED_EDGE ( 'NONE', *, *, #7098, .T. ) ;
#7617 = LINE ( 'NONE', #2641, #905 ) ;
#7618 = VERTEX_POINT ( 'NONE', #7619 ) ;
#7619 = CARTESIAN_POINT ( 'NONE',  ( 7.087149552756477178, 53.58999999999999631, -14.92482235592523487 ) ) ;
#7620 = LINE ( 'NONE', #4637, #8319 ) ;
#7621 = DIRECTION ( 'NONE',  ( -3.663735981263016583E-15, -0.000000000000000000, -1.000000000000000000 ) ) ;
#7622 = DIRECTION ( 'NONE',  ( -3.330669073875469621E-15, 0.000000000000000000, -1.000000000000000000 ) ) ;
#7623 = ORIENTED_EDGE ( 'NONE', *, *, #1769, .F. ) ;
#7624 = CARTESIAN_POINT ( 'NONE',  ( 8.819200360325368138, 53.58999999999999631, 14.92482235592523487 ) ) ;
#7625 = ADVANCED_FACE ( 'NONE', ( #640 ), #9346, .F. ) ;
#7626 = VERTEX_POINT ( 'NONE', #5968 ) ;
#7627 = ADVANCED_FACE ( 'NONE', ( #9289 ), #5912, .T. ) ;
#7628 = CARTESIAN_POINT ( 'NONE',  ( 4.655112825222396111, 5.500000000000000000, -13.92482235592524020 ) ) ;
#7629 = ORIENTED_EDGE ( 'NONE', *, *, #6015, .F. ) ;
#7630 = DIRECTION ( 'NONE',  ( 0.8660254037844369313, 0.000000000000000000, -0.5000000000000029976 ) ) ;
#7631 = ORIENTED_EDGE ( 'NONE', *, *, #316, .T. ) ;
#7632 = ORIENTED_EDGE ( 'NONE', *, *, #515, .T. ) ;
#7633 = LINE ( 'NONE', #3287, #8840 ) ;
#7634 = CARTESIAN_POINT ( 'NONE',  ( 11.25123708785944388, 0.000000000000000000, -7.712411177962617437 ) ) ;
#7635 = ORIENTED_EDGE ( 'NONE', *, *, #10886, .T. ) ;
#7636 = DIRECTION ( 'NONE',  ( -0.000000000000000000, -1.000000000000000000, -0.000000000000000000 ) ) ;
#7637 = DIRECTION ( 'NONE',  ( 3.330669073875469621E-15, 0.000000000000000000, 1.000000000000000000 ) ) ;
#7638 = LINE ( 'NONE', #4202, #6903 ) ;
#7639 = ORIENTED_EDGE ( 'NONE', *, *, #5281, .T. ) ;
#7640 = DIRECTION ( 'NONE',  ( 0.8660254037844407060, 0.000000000000000000, 0.4999999999999965583 ) ) ;
#7641 = EDGE_CURVE ( 'NONE', #323, #1286, #5000, .T. ) ;
#7642 = LINE ( 'NONE', #11148, #3995 ) ;
#7643 = CARTESIAN_POINT ( 'NONE',  ( -15.81533189030981035, 53.58999999999999631, -3.106205588981306498 ) ) ;
#7644 = ORIENTED_EDGE ( 'NONE', *, *, #10471, .F. ) ;
#7645 = DIRECTION ( 'NONE',  ( 0.000000000000000000, 0.000000000000000000, -1.000000000000000000 ) ) ;
#7646 = EDGE_CURVE ( 'NONE', #8088, #3598, #5750, .T. ) ;
#7647 = EDGE_LOOP ( 'NONE', ( #7631, #11032, #1777, #7405 ) ) ;
#7648 = LINE ( 'NONE', #6793, #3126 ) ;
#7649 = EDGE_CURVE ( 'NONE', #7191, #1505, #6660, .T. ) ;
#7650 = CARTESIAN_POINT ( 'NONE',  ( 7.953174956540918217, 53.58999999999999631, -14.42482235592523665 ) ) ;
#7651 = EDGE_CURVE ( 'NONE', #2229, #1607, #9238, .T. ) ;
#7652 = CARTESIAN_POINT ( 'NONE',  ( -12.86726271897389040, 53.58999999999999631, -6.212411177962618325 ) ) ;
#7653 = EDGE_CURVE ( 'NONE', #7468, #6845, #7570, .T. ) ;
#7654 = ORIENTED_EDGE ( 'NONE', *, *, #6742, .T. ) ;
#7655 = VECTOR ( 'NONE', #2159, 1000.000000000000000 ) ;
#7656 = CARTESIAN_POINT ( 'NONE',  ( 11.25123708785944743, 0.000000000000000000, -6.712411177962617437 ) ) ;
#7657 = ORIENTED_EDGE ( 'NONE', *, *, #5967, .F. ) ;
#7658 = CARTESIAN_POINT ( 'NONE',  ( 11.25123708785945098, 0.000000000000000000, 13.92482235592524020 ) ) ;
#7659 = FACE_OUTER_BOUND ( 'NONE', #3883, .T. ) ;
#7660 = ORIENTED_EDGE ( 'NONE', *, *, #7167, .F. ) ;
#7661 = DIRECTION ( 'NONE',  ( 0.5000000000000032196, 0.000000000000000000, 0.8660254037844368202 ) ) ;
#7662 = VECTOR ( 'NONE', #8845, 1000.000000000000000 ) ;
#7663 = FACE_BOUND ( 'NONE', #11337, .T. ) ;
#7664 = CARTESIAN_POINT ( 'NONE',  ( 11.25123708785944388, 5.500000000000000000, -13.92482235592523310 ) ) ;
#7665 = LINE ( 'NONE', #6813, #9185 ) ;
#7666 = VERTEX_POINT ( 'NONE', #1603 ) ;
#7667 = AXIS2_PLACEMENT_3D ( 'NONE', #10195, #7718, #5837 ) ;
#7668 = DIRECTION ( 'NONE',  ( 0.000000000000000000, 1.000000000000000000, -0.000000000000000000 ) ) ;
#7669 = VERTEX_POINT ( 'NONE', #8482 ) ;
#7670 = CARTESIAN_POINT ( 'NONE',  ( -4.539087648767965000, 0.000000000000000000, -13.42482235592523665 ) ) ;
#7671 = ORIENTED_EDGE ( 'NONE', *, *, #1550, .F. ) ;
#7672 = CARTESIAN_POINT ( 'NONE',  ( -4.539087648767965000, 53.58999999999999631, -13.42482235592523665 ) ) ;
#7673 = CARTESIAN_POINT ( 'NONE',  ( -18.95000000000000995, 5.499999999999998224, 18.49999999999999645 ) ) ;
#7674 = VECTOR ( 'NONE', #4882, 1000.000000000000000 ) ;
#7675 = LINE ( 'NONE', #2304, #6438 ) ;
#7676 = DIRECTION ( 'NONE',  ( 3.330669073875469621E-15, 0.000000000000000000, 1.000000000000000000 ) ) ;
#7677 = VERTEX_POINT ( 'NONE', #7672 ) ;
#7678 = DIRECTION ( 'NONE',  ( 0.8660254037844369313, 0.000000000000000000, -0.5000000000000029976 ) ) ;
#7679 = VECTOR ( 'NONE', #5563, 1000.000000000000000 ) ;
#7680 = ORIENTED_EDGE ( 'NONE', *, *, #7592, .T. ) ;
#7681 = DIRECTION ( 'NONE',  ( -0.8660254037844369313, -0.000000000000000000, 0.5000000000000029976 ) ) ;
#7682 = VERTEX_POINT ( 'NONE', #1551 ) ;
#7683 = CARTESIAN_POINT ( 'NONE',  ( -7.487156820103886723, 53.58999999999999631, -10.31861676694392393 ) ) ;
#7684 = VERTEX_POINT ( 'NONE', #2249 ) ;
#7685 = EDGE_LOOP ( 'NONE', ( #948, #4356, #8523, #10858, #285, #6652 ) ) ;
#7686 = DIRECTION ( 'NONE',  ( 0.000000000000000000, 0.000000000000000000, 1.000000000000000000 ) ) ;
#7687 = CARTESIAN_POINT ( 'NONE',  ( 12.98328789542832418, 0.000000000000000000, 6.712411177962614772 ) ) ;
#7688 = EDGE_LOOP ( 'NONE', ( #10338, #8532, #6277, #288 ) ) ;
#7689 = CARTESIAN_POINT ( 'NONE',  ( 4.655112825222392559, 0.000000000000000000, -14.92482235592524198 ) ) ;
#7690 = CARTESIAN_POINT ( 'NONE',  ( -16.00000000000000355, 67.84000000000000341, -18.50000000000000355 ) ) ;
#7691 = DIRECTION ( 'NONE',  ( 3.330669073875469621E-15, 0.000000000000000000, 1.000000000000000000 ) ) ;
#7692 = VECTOR ( 'NONE', #7795, 1000.000000000000000 ) ;
#7693 = ORIENTED_EDGE ( 'NONE', *, *, #4872, .T. ) ;
#7694 = DIRECTION ( 'NONE',  ( -3.330669073875469621E-15, 0.000000000000000000, -1.000000000000000000 ) ) ;
#7695 = VECTOR ( 'NONE', #6572, 1000.000000000000000 ) ;
#7696 = ADVANCED_FACE ( 'NONE', ( #10265 ), #11242, .T. ) ;
#7697 = CARTESIAN_POINT ( 'NONE',  ( 12.11726249164388491, 53.58999999999999631, -13.42482235592523665 ) ) ;
#7698 = ORGANIZATION ( '未', '未', '' ) ;
#7699 = LINE ( 'NONE', #1745, #8634 ) ;
#7700 = VECTOR ( 'NONE', #4081, 1000.000000000000000 ) ;
#7701 = AXIS2_PLACEMENT_3D ( 'NONE', #4774, #2193, #9182 ) ;
#7702 = VERTEX_POINT ( 'NONE', #745 ) ;
#7703 = CIRCLE ( 'NONE', #2768, 2.000000000000000000 ) ;
#7704 = EDGE_CURVE ( 'NONE', #10716, #1398, #690, .T. ) ;
#7705 = LINE ( 'NONE', #9494, #8827 ) ;
#7706 = ORIENTED_EDGE ( 'NONE', *, *, #4129, .F. ) ;
#7707 = CARTESIAN_POINT ( 'NONE',  ( -0.5267627303084251311, 5.500000000000000000, 0.9123798124279021149 ) ) ;
#7708 = LINE ( 'NONE', #6794, #105 ) ;
#7709 = CARTESIAN_POINT ( 'NONE',  ( 15.06533166297980841, 5.500000000000000000, -3.106205588981311383 ) ) ;
#7710 = VERTEX_POINT ( 'NONE', #3219 ) ;
#7711 = VECTOR ( 'NONE', #3187, 1000.000000000000000 ) ;
#7712 = AXIS2_PLACEMENT_3D ( 'NONE', #2418, #1553, #5056 ) ;
#7713 = VECTOR ( 'NONE', #92, 1000.000000000000000 ) ;
#7714 = EDGE_CURVE ( 'NONE', #8861, #1579, #7735, .T. ) ;
#7715 = EDGE_CURVE ( 'NONE', #8101, #8088, #4884, .T. ) ;
#7716 = DIRECTION ( 'NONE',  ( -0.000000000000000000, -1.000000000000000000, -0.000000000000000000 ) ) ;
#7717 = ORIENTED_EDGE ( 'NONE', *, *, #9553, .T. ) ;
#7718 = DIRECTION ( 'NONE',  ( 0.000000000000000000, -1.000000000000000000, 0.000000000000000000 ) ) ;
#7719 = LINE ( 'NONE', #11226, #3166 ) ;
#7720 = APPROVAL_STATUS ( 'not_yet_approved' ) ;
#7721 = AXIS2_PLACEMENT_3D ( 'NONE', #228, #9796, #8172 ) ;
#7722 = DIRECTION ( 'NONE',  ( 0.8660254037844368202, 0.000000000000000000, -0.5000000000000032196 ) ) ;
#7723 = VECTOR ( 'NONE', #10421, 1000.000000000000114 ) ;
#7724 = CARTESIAN_POINT ( 'NONE',  ( 12.98328789542832240, 53.58999999999999631, -13.92482235592524020 ) ) ;
#7725 = CARTESIAN_POINT ( 'NONE',  ( 0.4910252901194339659, 5.500000000000000000, -13.92482235592524020 ) ) ;
#7726 = CARTESIAN_POINT ( 'NONE',  ( -9.569200587655371848, 0.000000000000000000, 13.92482235592524198 ) ) ;
#7727 = ORIENTED_EDGE ( 'NONE', *, *, #7651, .T. ) ;
#7728 = AXIS2_PLACEMENT_3D ( 'NONE', #6337, #6454, #4625 ) ;
#7729 = ADVANCED_FACE ( 'NONE', ( #525 ), #4014, .T. ) ;
#7730 = ADVANCED_FACE ( 'NONE', ( #4470 ), #5394, .T. ) ;
#7731 = CARTESIAN_POINT ( 'NONE',  ( 0.000000000000000000, 67.84000000000000341, 0.000000000000000000 ) ) ;
#7732 = EDGE_LOOP ( 'NONE', ( #1507, #3486, #2508, #9898 ) ) ;
#7733 = LINE ( 'NONE', #742, #7135 ) ;
#7734 = ORIENTED_EDGE ( 'NONE', *, *, #2271, .F. ) ;
#7735 = LINE ( 'NONE', #5105, #3007 ) ;
#7736 = ADVANCED_FACE ( 'NONE', ( #5332 ), #974, .T. ) ;
#7737 = FACE_OUTER_BOUND ( 'NONE', #4163, .T. ) ;
#7738 = AXIS2_PLACEMENT_3D ( 'NONE', #3581, #1748, #10628 ) ;
#7739 = DIRECTION ( 'NONE',  ( 0.4999999999999968359, 0.000000000000000000, -0.8660254037844404840 ) ) ;
#7740 = CARTESIAN_POINT ( 'NONE',  ( -5.405113052552409592, 0.000000000000000000, -14.92482235592523487 ) ) ;
#7741 = EDGE_LOOP ( 'NONE', ( #1177, #4254, #6433, #2093 ) ) ;
#7742 = PLANE ( 'NONE',  #1654 ) ;
#7743 = VECTOR ( 'NONE', #418, 1000.000000000000000 ) ;
#7744 = ORIENTED_EDGE ( 'NONE', *, *, #10682, .F. ) ;
#7745 = DIRECTION ( 'NONE',  ( -0.000000000000000000, 1.000000000000000000, -0.000000000000000000 ) ) ;
#7746 = ORIENTED_EDGE ( 'NONE', *, *, #2727, .F. ) ;
#7747 = PLANE ( 'NONE',  #11336 ) ;
#7748 = EDGE_LOOP ( 'NONE', ( #8028, #5297, #4482, #538 ) ) ;
#7749 = EDGE_LOOP ( 'NONE', ( #6087, #11173, #2391, #10820 ) ) ;
#7750 = FACE_OUTER_BOUND ( 'NONE', #10376, .T. ) ;
#7751 = CARTESIAN_POINT ( 'NONE',  ( -9.569200587655368295, 53.58999999999999631, 14.92482235592524376 ) ) ;
#7752 = ORIENTED_EDGE ( 'NONE', *, *, #10538, .F. ) ;
#7753 = DIRECTION ( 'NONE',  ( 0.5000000000000032196, 0.000000000000000000, 0.8660254037844368202 ) ) ;
#7754 = DIRECTION ( 'NONE',  ( 0.4999999999999968359, 0.000000000000000000, -0.8660254037844404840 ) ) ;
#7755 = DIRECTION ( 'NONE',  ( 0.8660254037844407060, 0.000000000000000000, 0.4999999999999966138 ) ) ;
#7756 = ORIENTED_EDGE ( 'NONE', *, *, #973, .T. ) ;
#7757 = VECTOR ( 'NONE', #1493, 1000.000000000000000 ) ;
#7758 = LINE ( 'NONE', #2608, #9164 ) ;
#7759 = FACE_OUTER_BOUND ( 'NONE', #3547, .T. ) ;
#7760 = PLANE ( 'NONE',  #3877 ) ;
#7761 = VECTOR ( 'NONE', #5306, 1000.000000000000000 ) ;
#7762 = VERTEX_POINT ( 'NONE', #6016 ) ;
#7763 = EDGE_CURVE ( 'NONE', #9377, #8606, #6932, .T. ) ;
#7764 = CARTESIAN_POINT ( 'NONE',  ( -1.742781094075523063, 5.500000000000000000, -3.018585401409257241 ) ) ;
#7765 = ORIENTED_EDGE ( 'NONE', *, *, #6086, .F. ) ;
#7766 = CARTESIAN_POINT ( 'NONE',  ( 6.999998126899990680, 15.50000000000000000, -3.469446951953614189E-15 ) ) ;
#7767 = DIRECTION ( 'NONE',  ( -0.000000000000000000, 1.000000000000000000, 0.000000000000000000 ) ) ;
#7768 = LINE ( 'NONE', #11273, #9372 ) ;
#7769 = ORIENTED_EDGE ( 'NONE', *, *, #3080, .T. ) ;
#7770 = VECTOR ( 'NONE', #9070, 1000.000000000000000 ) ;
#7771 = ADVANCED_FACE ( 'NONE', ( #8877 ), #9745, .T. ) ;
#7772 = CARTESIAN_POINT ( 'NONE',  ( -3.673062244983528846, 5.500000000000000000, -13.92482235592524020 ) ) ;
#7773 = ORIENTED_EDGE ( 'NONE', *, *, #10431, .T. ) ;
#7774 = LINE ( 'NONE', #11278, #8025 ) ;
#7775 = EDGE_CURVE ( 'NONE', #2977, #1971, #3663, .T. ) ;
#7776 = FACE_OUTER_BOUND ( 'NONE', #6071, .T. ) ;
#7777 = SHAPE_DEFINITION_REPRESENTATION ( #3479, #9705 ) ;
#7778 = AXIS2_PLACEMENT_3D ( 'NONE', #10699, #8162, #10752 ) ;
#7779 = LINE ( 'NONE', #11169, #9706 ) ;
#7780 = CARTESIAN_POINT ( 'NONE',  ( -12.86726271897389040, 53.58999999999999631, 8.212411177962620101 ) ) ;
#7781 = CARTESIAN_POINT ( 'NONE',  ( 6.585393976130413662, 5.500000000000000000, -11.40623695451600561 ) ) ;
#7782 = CARTESIAN_POINT ( 'NONE',  ( 3.789087421437952408, 0.000000000000000000, -15.42482235592523843 ) ) ;
#7783 = VERTEX_POINT ( 'NONE', #7956 ) ;
#7784 = ORIENTED_EDGE ( 'NONE', *, *, #5248, .T. ) ;
#7785 = FACE_OUTER_BOUND ( 'NONE', #622, .T. ) ;
#7786 = ORIENTED_EDGE ( 'NONE', *, *, #492, .T. ) ;
#7787 = DIRECTION ( 'NONE',  ( 0.000000000000000000, 0.000000000000000000, -1.000000000000000000 ) ) ;
#7788 = EDGE_LOOP ( 'NONE', ( #7221, #6608, #10863, #10136 ) ) ;
#7789 = DIRECTION ( 'NONE',  ( -0.8660254037844404840, -0.000000000000000000, -0.4999999999999968359 ) ) ;
#7790 = EDGE_CURVE ( 'NONE', #10158, #8327, #2642, .T. ) ;
#7791 = ADVANCED_FACE ( 'NONE', ( #2691 ), #177, .T. ) ;
#7792 = CARTESIAN_POINT ( 'NONE',  ( 12.98328789542832240, 0.000000000000000000, -13.92482235592524020 ) ) ;
#7793 = FACE_OUTER_BOUND ( 'NONE', #2614, .T. ) ;
#7794 = ORIENTED_EDGE ( 'NONE', *, *, #6257, .T. ) ;
#7795 = DIRECTION ( 'NONE',  ( -1.000000000000000000, 0.000000000000000000, 0.000000000000000000 ) ) ;
#7796 = EDGE_CURVE ( 'NONE', #2747, #10185, #4410, .T. ) ;
#7797 = ADVANCED_FACE ( 'NONE', ( #8709 ), #10600, .T. ) ;
#7798 = ORIENTED_EDGE ( 'NONE', *, *, #2407, .F. ) ;
#7799 = LINE ( 'NONE', #8715, #4430 ) ;
#7800 = ORIENTED_EDGE ( 'NONE', *, *, #10266, .F. ) ;
#7801 = LINE ( 'NONE', #924, #1689 ) ;
#7802 = DIRECTION ( 'NONE',  ( 0.8660254037844404840, 0.000000000000000000, 0.4999999999999968359 ) ) ;
#7803 = ORIENTED_EDGE ( 'NONE', *, *, #3301, .T. ) ;
#7804 = VERTEX_POINT ( 'NONE', #3554 ) ;
#7805 = CARTESIAN_POINT ( 'NONE',  ( 0.000000000000000000, 0.000000000000000000, 0.000000000000000000 ) ) ;
#7806 = FACE_OUTER_BOUND ( 'NONE', #9299, .T. ) ;
#7807 = VERTEX_POINT ( 'NONE', #807 ) ;
#7808 = LINE ( 'NONE', #10721, #3142 ) ;
#7809 = CARTESIAN_POINT ( 'NONE',  ( 11.25123708785945453, 53.58999999999999631, 14.92482235592524198 ) ) ;
#7810 = FACE_OUTER_BOUND ( 'NONE', #7046, .T. ) ;
#7811 = ORIENTED_EDGE ( 'NONE', *, *, #4943, .T. ) ;
#7812 = PLANE ( 'NONE',  #8240 ) ;
#7813 = FACE_OUTER_BOUND ( 'NONE', #9156, .T. ) ;
#7814 = LINE ( 'NONE', #5082, #1861 ) ;
#7815 = ORIENTED_EDGE ( 'NONE', *, *, #2455, .T. ) ;
#7816 = LINE ( 'NONE', #3364, #8286 ) ;
#7817 = EDGE_LOOP ( 'NONE', ( #10965, #10973, #6268, #1188 ) ) ;
#7818 = DIRECTION ( 'NONE',  ( -0.8660254037844369313, 0.000000000000000000, 0.5000000000000029976 ) ) ;
#7819 = FACE_OUTER_BOUND ( 'NONE', #5175, .T. ) ;
#7820 = DIRECTION ( 'NONE',  ( 0.000000000000000000, -1.000000000000000000, 0.000000000000000000 ) ) ;
#7821 = ORIENTED_EDGE ( 'NONE', *, *, #2609, .T. ) ;
#7822 = EDGE_CURVE ( 'NONE', #7540, #8828, #2740, .T. ) ;
#7823 = CARTESIAN_POINT ( 'NONE',  ( -11.84700908138909980, 51.99940408041244666, 4.397317830943152650 ) ) ;
#7824 = VERTEX_POINT ( 'NONE', #4302 ) ;
#7825 = CARTESIAN_POINT ( 'NONE',  ( 12.98328789542832062, 5.500000000000000000, -0.5000000000000022204 ) ) ;
#7826 = DIRECTION ( 'NONE',  ( 0.4999999999999968359, 0.000000000000000000, -0.8660254037844404840 ) ) ;
#7827 = CARTESIAN_POINT ( 'NONE',  ( -7.837149780086489770, 5.500000000000000000, -13.92482235592524020 ) ) ;
#7828 = FACE_OUTER_BOUND ( 'NONE', #2045, .T. ) ;
#7829 = CARTESIAN_POINT ( 'NONE',  ( -10.78521895142240794, 53.58999999999999631, 11.81861676694392926 ) ) ;
#7830 = AXIS2_PLACEMENT_3D ( 'NONE', #1691, #4324, #5245 ) ;
#7831 = PLANE ( 'NONE',  #6073 ) ;
#7832 = EDGE_LOOP ( 'NONE', ( #309, #5611, #5592, #8376 ) ) ;
#7833 = EDGE_CURVE ( 'NONE', #6882, #7523, #2584, .T. ) ;
#7834 = VERTEX_POINT ( 'NONE', #1828 ) ;
#7835 = VECTOR ( 'NONE', #1430, 1000.000000000000114 ) ;
#7836 = DIRECTION ( 'NONE',  ( 1.000000000000000000, 0.000000000000000000, -3.663735981263016583E-15 ) ) ;
#7837 = VERTEX_POINT ( 'NONE', #68 ) ;
#7838 = DIRECTION ( 'NONE',  ( 0.8660254037844407060, 0.000000000000000000, 0.4999999999999966138 ) ) ;
#7839 = EDGE_CURVE ( 'NONE', #1587, #672, #10551, .T. ) ;
#7840 = DIRECTION ( 'NONE',  ( -0.8660254037844369313, -0.000000000000000000, 0.5000000000000029976 ) ) ;
#7841 = LINE ( 'NONE', #9112, #752 ) ;
#7842 = CYLINDRICAL_SURFACE ( 'NONE', #10461, 1.550000000000000266 ) ;
#7843 = ORIENTED_EDGE ( 'NONE', *, *, #8389, .T. ) ;
#7844 = VECTOR ( 'NONE', #1371, 999.9999999999998863 ) ;
#7845 = EDGE_CURVE ( 'NONE', #2597, #4158, #1716, .T. ) ;
#7846 = EDGE_LOOP ( 'NONE', ( #10937, #8435, #8772, #8683 ) ) ;
#7847 = ADVANCED_FACE ( 'NONE', ( #857 ), #11292, .T. ) ;
#7848 = LINE ( 'NONE', #15, #10477 ) ;
#7849 = EDGE_CURVE ( 'NONE', #8084, #10875, #1774, .T. ) ;
#7850 = ORIENTED_EDGE ( 'NONE', *, *, #7372, .T. ) ;
#7851 = LINE ( 'NONE', #78, #6818 ) ;
#7852 = DIRECTION ( 'NONE',  ( -3.663735981263016583E-15, 0.000000000000000000, -1.000000000000000000 ) ) ;
#7853 = VECTOR ( 'NONE', #3270, 1000.000000000000000 ) ;
#7854 = ORIENTED_EDGE ( 'NONE', *, *, #3439, .F. ) ;
#7855 = ORIENTED_EDGE ( 'NONE', *, *, #11033, .T. ) ;
#7856 = CARTESIAN_POINT ( 'NONE',  ( -4.539087648767963223, 53.58999999999999631, 15.42482235592523843 ) ) ;
#7857 = CARTESIAN_POINT ( 'NONE',  ( 10.90124412787684882, 0.000000000000000000, 11.31861676694392571 ) ) ;
#7858 = ORIENTED_EDGE ( 'NONE', *, *, #3371, .F. ) ;
#7859 = CARTESIAN_POINT ( 'NONE',  ( 18.95000000000000284, 67.84000000000000341, 18.49999999999999645 ) ) ;
#7860 = CARTESIAN_POINT ( 'NONE',  ( -20.95100000000000406, 59.69999999999997442, -11.30000000000000071 ) ) ;
#7861 = ORIENTED_EDGE ( 'NONE', *, *, #5113, .F. ) ;
#7862 = DIRECTION ( 'NONE',  ( 3.330669073875469621E-15, 0.000000000000000000, 1.000000000000000000 ) ) ;
#7863 = VECTOR ( 'NONE', #9633, 1000.000000000000114 ) ;
#7864 = LINE ( 'NONE', #7697, #4921 ) ;
#7865 = LINE ( 'NONE', #2443, #7531 ) ;
#7866 = EDGE_CURVE ( 'NONE', #1631, #4847, #3728, .T. ) ;
#7867 = VERTEX_POINT ( 'NONE', #8997 ) ;
#7868 = VECTOR ( 'NONE', #4123, 1000.000000000000114 ) ;
#7869 = ORIENTED_EDGE ( 'NONE', *, *, #5698, .T. ) ;
#7870 = CARTESIAN_POINT ( 'NONE',  ( 7.953174956540923546, 0.000000000000000000, 13.42482235592523665 ) ) ;
#7871 = FACE_BOUND ( 'NONE', #6146, .T. ) ;
#7872 = ORIENTED_EDGE ( 'NONE', *, *, #1936, .T. ) ;
#7873 = CARTESIAN_POINT ( 'NONE',  ( 10.90124412787684172, 53.58999999999999631, -10.31861676694393104 ) ) ;
#7874 = VECTOR ( 'NONE', #6111, 1000.000000000000000 ) ;
#7875 = DIRECTION ( 'NONE',  ( -1.000000000000000000, 0.000000000000000000, 3.330669073875469621E-15 ) ) ;
#7876 = EDGE_CURVE ( 'NONE', #312, #9639, #10833, .T. ) ;
#7877 = DIRECTION ( 'NONE',  ( 0.8660254037844369313, 0.000000000000000000, -0.5000000000000029976 ) ) ;
#7878 = VECTOR ( 'NONE', #3919, 1000.000000000000000 ) ;
#7879 = VECTOR ( 'NONE', #5295, 1000.000000000000114 ) ;
#7880 = VECTOR ( 'NONE', #5123, 1000.000000000000000 ) ;
#7881 = DIRECTION ( 'NONE',  ( 0.000000000000000000, -0.000000000000000000, 1.000000000000000000 ) ) ;
#7882 = ORIENTED_EDGE ( 'NONE', *, *, #1919, .F. ) ;
#7883 = PLANE ( 'NONE',  #6391 ) ;
#7884 = CARTESIAN_POINT ( 'NONE',  ( -7.837149780086443585, 5.500000000000000000, 2.610295239986385428E-14 ) ) ;
#7885 = DIRECTION ( 'NONE',  ( -0.000000000000000000, 1.000000000000000000, -0.000000000000000000 ) ) ;
#7886 = SECURITY_CLASSIFICATION ( '', '', #4286 ) ;
#7887 = LINE ( 'NONE', #8103, #8645 ) ;
#7888 = VECTOR ( 'NONE', #7460, 1000.000000000000000 ) ;
#7889 = VECTOR ( 'NONE', #10210, 1000.000000000000000 ) ;
#7890 = AXIS2_PLACEMENT_3D ( 'NONE', #9547, #10520, #10296 ) ;
#7891 = DIRECTION ( 'NONE',  ( -0.5000000000000029976, 0.000000000000000000, -0.8660254037844369313 ) ) ;
#7892 = DIRECTION ( 'NONE',  ( -0.000000000000000000, -1.000000000000000000, -0.000000000000000000 ) ) ;
#7893 = VERTEX_POINT ( 'NONE', #10895 ) ;
#7894 = VERTEX_POINT ( 'NONE', #3836 ) ;
#7895 = VECTOR ( 'NONE', #10986, 1000.000000000000000 ) ;
#7896 = VECTOR ( 'NONE', #2648, 1000.000000000000227 ) ;
#7897 = LINE ( 'NONE', #4405, #6380 ) ;
#7898 = ORIENTED_EDGE ( 'NONE', *, *, #1819, .T. ) ;
#7899 = CARTESIAN_POINT ( 'NONE',  ( 16.00000000000000000, 53.58999999999999631, 0.000000000000000000 ) ) ;
#7900 = EDGE_CURVE ( 'NONE', #639, #11193, #5447, .T. ) ;
#7901 = CARTESIAN_POINT ( 'NONE',  ( -12.00123731518945291, 0.000000000000000000, 14.92482235592523665 ) ) ;
#7902 = DIRECTION ( 'NONE',  ( -0.000000000000000000, 1.000000000000000000, -0.000000000000000000 ) ) ;
#7903 = FACE_OUTER_BOUND ( 'NONE', #9689, .T. ) ;
#7904 = ORIENTED_EDGE ( 'NONE', *, *, #2453, .F. ) ;
#7905 = AXIS2_PLACEMENT_3D ( 'NONE', #3815, #5428, #1929 ) ;
#7906 = AXIS2_PLACEMENT_3D ( 'NONE', #1350, #10012, #10865 ) ;
#7907 = EDGE_CURVE ( 'NONE', #385, #6154, #4757, .T. ) ;
#7908 = ORIENTED_EDGE ( 'NONE', *, *, #3804, .F. ) ;
#7909 = CARTESIAN_POINT ( 'NONE',  ( -12.86726271897389040, 0.000000000000000000, -6.212411177962618325 ) ) ;
#7910 = VECTOR ( 'NONE', #3258, 1000.000000000000227 ) ;
#7911 = ORIENTED_EDGE ( 'NONE', *, *, #10127, .T. ) ;
#7912 = LINE ( 'NONE', #9640, #9750 ) ;
#7913 = LINE ( 'NONE', #7683, #1279 ) ;
#7914 = ORIENTED_EDGE ( 'NONE', *, *, #8419, .T. ) ;
#7915 = ORIENTED_EDGE ( 'NONE', *, *, #8494, .F. ) ;
#7916 = CARTESIAN_POINT ( 'NONE',  ( 7.087149552756477178, 52.28232689208745398, -14.92482235592523487 ) ) ;
#7917 = CARTESIAN_POINT ( 'NONE',  ( -12.00123731518945291, 5.500000000000000000, -13.92482235592524020 ) ) ;
#7918 = ORIENTED_EDGE ( 'NONE', *, *, #3376, .F. ) ;
#7919 = CARTESIAN_POINT ( 'NONE',  ( 3.789087421437957293, 53.58999999999999631, 13.42482235592524020 ) ) ;
#7920 = PLANE ( 'NONE',  #8803 ) ;
#7921 = VERTEX_POINT ( 'NONE', #10720 ) ;
#7922 = EDGE_CURVE ( 'NONE', #9150, #2140, #2003, .T. ) ;
#7923 = DIRECTION ( 'NONE',  ( -0.000000000000000000, 1.000000000000000000, -0.000000000000000000 ) ) ;
#7924 = AXIS2_PLACEMENT_3D ( 'NONE', #4484, #1845, #8022 ) ;
#7925 = LINE ( 'NONE', #91, #3278 ) ;
#7926 = CARTESIAN_POINT ( 'NONE',  ( -7.837149780086493323, 0.000000000000000000, 13.92482235592523487 ) ) ;
#7927 = ORIENTED_EDGE ( 'NONE', *, *, #11164, .F. ) ;
#7928 = EDGE_LOOP ( 'NONE', ( #4995, #3510, #1992, #9135 ) ) ;
#7929 = DIRECTION ( 'NONE',  ( -0.4999999999999966138, 0.000000000000000000, 0.8660254037844407060 ) ) ;
#7930 = DIRECTION ( 'NONE',  ( 0.000000000000000000, -0.000000000000000000, -1.000000000000000000 ) ) ;
#7931 = AXIS2_PLACEMENT_3D ( 'NONE', #1386, #4130, #8537 ) ;
#7932 = ORIENTED_EDGE ( 'NONE', *, *, #4215, .F. ) ;
#7933 = CARTESIAN_POINT ( 'NONE',  ( 3.789087421437952408, 52.28232689208745398, -15.42482235592523843 ) ) ;
#7934 = DIRECTION ( 'NONE',  ( -0.000000000000000000, 1.000000000000000000, -0.000000000000000000 ) ) ;
#7935 = EDGE_CURVE ( 'NONE', #7351, #9985, #1254, .T. ) ;
#7936 = DIRECTION ( 'NONE',  ( 0.5000000000000032196, 0.000000000000000000, 0.8660254037844368202 ) ) ;
#7937 = EDGE_CURVE ( 'NONE', #10243, #9350, #9110, .T. ) ;
#7938 = EDGE_CURVE ( 'NONE', #1725, #10856, #3902, .T. ) ;
#7939 = AXIS2_PLACEMENT_3D ( 'NONE', #1450, #9536, #5015 ) ;
#7940 = CARTESIAN_POINT ( 'NONE',  ( -1.241025517449443338, 53.58999999999999631, -13.92482235592523310 ) ) ;
#7941 = VERTEX_POINT ( 'NONE', #5503 ) ;
#7942 = CARTESIAN_POINT ( 'NONE',  ( -12.00123731518945291, 0.000000000000000000, -13.92482235592524020 ) ) ;
#7943 = LINE ( 'NONE', #10644, #8462 ) ;
#7944 = LINE ( 'NONE', #4569, #1464 ) ;
#7945 = LINE ( 'NONE', #3596, #8691 ) ;
#7946 = VECTOR ( 'NONE', #9290, 1000.000000000000000 ) ;
#7947 = ORIENTED_EDGE ( 'NONE', *, *, #10228, .F. ) ;
#7948 = LINE ( 'NONE', #8699, #7170 ) ;
#7949 = LINE ( 'NONE', #10488, #4038 ) ;
#7950 = ORIENTED_EDGE ( 'NONE', *, *, #8957, .F. ) ;
#7951 = VERTEX_POINT ( 'NONE', #6482 ) ;
#7952 = AXIS2_PLACEMENT_3D ( 'NONE', #7650, #7767, #4214 ) ;
#7953 = LINE ( 'NONE', #5326, #5294 ) ;
#7954 = ORIENTED_EDGE ( 'NONE', *, *, #10500, .T. ) ;
#7955 = PLANE ( 'NONE',  #2384 ) ;
#7956 = CARTESIAN_POINT ( 'NONE',  ( 3.789087421437952408, 5.500000000000000000, -15.42482235592523843 ) ) ;
#7957 = DIRECTION ( 'NONE',  ( -0.8660254037844404840, -0.000000000000000000, -0.4999999999999968359 ) ) ;
#7958 = CARTESIAN_POINT ( 'NONE',  ( 0.000000000000000000, 53.58999999999999631, 6.999998126899999562 ) ) ;
#7959 = ORIENTED_EDGE ( 'NONE', *, *, #5676, .T. ) ;
#7960 = ADVANCED_FACE ( 'NONE', ( #1948 ), #7330, .T. ) ;
#7961 = ORIENTED_EDGE ( 'NONE', *, *, #10455, .T. ) ;
#7962 = LINE ( 'NONE', #7280, #5729 ) ;
#7963 = ORIENTED_EDGE ( 'NONE', *, *, #9989, .F. ) ;
#7964 = CARTESIAN_POINT ( 'NONE',  ( 4.655112825222396111, 0.000000000000000000, -13.92482235592524020 ) ) ;
#7965 = DIRECTION ( 'NONE',  ( -0.000000000000000000, 1.000000000000000000, -0.000000000000000000 ) ) ;
#7966 = ORIENTED_EDGE ( 'NONE', *, *, #9607, .F. ) ;
#7967 = ORIENTED_EDGE ( 'NONE', *, *, #7714, .F. ) ;
#7968 = PLANE ( 'NONE',  #614 ) ;
#7969 = CARTESIAN_POINT ( 'NONE',  ( -7.837149780086489770, 0.000000000000000000, -13.92482235592524020 ) ) ;
#7970 = VERTEX_POINT ( 'NONE', #9166 ) ;
#7971 = CARTESIAN_POINT ( 'NONE',  ( 1.138921523207038771E-15, 0.000000000000000000, -8.800000000000002487 ) ) ;
#7972 = FACE_OUTER_BOUND ( 'NONE', #7613, .T. ) ;
#7973 = ORIENTED_EDGE ( 'NONE', *, *, #11204, .T. ) ;
#7974 = LINE ( 'NONE', #89, #5508 ) ;
#7975 = EDGE_CURVE ( 'NONE', #8871, #9628, #4650, .T. ) ;
#7976 = ORIENTED_EDGE ( 'NONE', *, *, #9899, .T. ) ;
#7977 = LINE ( 'NONE', #5863, #1682 ) ;
#7978 = VERTEX_POINT ( 'NONE', #1083 ) ;
#7979 = ORIENTED_EDGE ( 'NONE', *, *, #1560, .T. ) ;
#7980 = FACE_OUTER_BOUND ( 'NONE', #6118, .T. ) ;
#7981 = CARTESIAN_POINT ( 'NONE',  ( -9.050648199996867760, 51.99940408041244666, 25.64612129192608947 ) ) ;
#7982 = ORIENTED_EDGE ( 'NONE', *, *, #5024, .F. ) ;
#7983 = DIRECTION ( 'NONE',  ( -1.000000000000000000, 0.000000000000000000, 3.330669073875469621E-15 ) ) ;
#7984 = CARTESIAN_POINT ( 'NONE',  ( -4.539087648767963223, 53.58999999999999631, 15.42482235592523843 ) ) ;
#7985 = EDGE_CURVE ( 'NONE', #7074, #7618, #2862, .T. ) ;
#7986 = FACE_OUTER_BOUND ( 'NONE', #9699, .T. ) ;
#7987 = CARTESIAN_POINT ( 'NONE',  ( -4.539087648767963223, 0.000000000000000000, 15.42482235592523843 ) ) ;
#7988 = CARTESIAN_POINT ( 'NONE',  ( 9.169193320307963191, 0.000000000000000000, -10.31861676694392393 ) ) ;
#7989 = ORIENTED_EDGE ( 'NONE', *, *, #5572, .F. ) ;
#7990 = EDGE_CURVE ( 'NONE', #3580, #4400, #6356, .T. ) ;
#7991 = EDGE_CURVE ( 'NONE', #1213, #964, #2179, .T. ) ;
#7992 = DIRECTION ( 'NONE',  ( 0.8660254037844407060, 0.000000000000000000, 0.4999999999999966138 ) ) ;
#7993 = DIRECTION ( 'NONE',  ( 1.000000000000000000, -0.000000000000000000, -0.000000000000000000 ) ) ;
#7994 = EDGE_CURVE ( 'NONE', #7441, #10300, #4820, .T. ) ;
#7995 = EDGE_LOOP ( 'NONE', ( #8322, #11116, #1747, #842 ) ) ;
#7996 = LINE ( 'NONE', #8801, #6410 ) ;
#7997 = DIRECTION ( 'NONE',  ( -0.8660254037844368202, 0.000000000000000000, 0.5000000000000032196 ) ) ;
#7998 = ADVANCED_FACE ( 'NONE', ( #8303 ), #9805, .T. ) ;
#7999 = ORIENTED_EDGE ( 'NONE', *, *, #4475, .F. ) ;
#8000 = LINE ( 'NONE', #164, #3149 ) ;
#8001 = DIRECTION ( 'NONE',  ( 0.000000000000000000, 1.000000000000000000, 0.000000000000000000 ) ) ;
#8002 = ORIENTED_EDGE ( 'NONE', *, *, #3189, .T. ) ;
#8003 = ORIENTED_EDGE ( 'NONE', *, *, #3004, .T. ) ;
#8004 = CARTESIAN_POINT ( 'NONE',  ( -7.487156820103886723, 53.58999999999999631, 11.31861676694393282 ) ) ;
#8005 = EDGE_LOOP ( 'NONE', ( #6306, #2866, #2773, #6643, #8298, #6841 ) ) ;
#8006 = EDGE_CURVE ( 'NONE', #6724, #9101, #238, .T. ) ;
#8007 = LINE ( 'NONE', #5446, #4025 ) ;
#8008 = VECTOR ( 'NONE', #8336, 1000.000000000000000 ) ;
#8009 = DIRECTION ( 'NONE',  ( 0.000000000000000000, -1.000000000000000000, 0.000000000000000000 ) ) ;
#8010 = DIRECTION ( 'NONE',  ( 0.8660254037844407060, 0.000000000000000000, 0.4999999999999966138 ) ) ;
#8011 = CARTESIAN_POINT ( 'NONE',  ( -9.569200587655368295, 53.58999999999999631, 14.92482235592524376 ) ) ;
#8012 = DIRECTION ( 'NONE',  ( -0.8660254037844369313, -0.000000000000000000, 0.5000000000000029976 ) ) ;
#8013 = ORIENTED_EDGE ( 'NONE', *, *, #6955, .T. ) ;
#8014 = VECTOR ( 'NONE', #10096, 1000.000000000000000 ) ;
#8015 = ORIENTED_EDGE ( 'NONE', *, *, #4413, .T. ) ;
#8016 = FACE_OUTER_BOUND ( 'NONE', #10686, .T. ) ;
#8017 = VERTEX_POINT ( 'NONE', #6416 ) ;
#8018 = DIRECTION ( 'NONE',  ( -1.000000000000000000, 0.000000000000000000, 3.330669073875469621E-15 ) ) ;
#8019 = CARTESIAN_POINT ( 'NONE',  ( 2.923062017653523359, 52.28232689208745398, -12.59999999999994991 ) ) ;
#8020 = VERTEX_POINT ( 'NONE', #9923 ) ;
#8021 = ORIENTED_EDGE ( 'NONE', *, *, #1404, .F. ) ;
#8022 = DIRECTION ( 'NONE',  ( 0.8660254037844407060, 0.000000000000000000, 0.4999999999999966138 ) ) ;
#8023 = CARTESIAN_POINT ( 'NONE',  ( 12.98328789542832951, 0.000000000000000000, 7.712411177962615660 ) ) ;
#8024 = ORIENTED_EDGE ( 'NONE', *, *, #1153, .T. ) ;
#8025 = VECTOR ( 'NONE', #1645, 1000.000000000000114 ) ;
#8026 = LINE ( 'NONE', #992, #7879 ) ;
#8027 = LINE ( 'NONE', #993, #3140 ) ;
#8028 = ORIENTED_EDGE ( 'NONE', *, *, #168, .T. ) ;
#8029 = DIRECTION ( 'NONE',  ( 0.000000000000000000, -1.000000000000000000, -0.000000000000000000 ) ) ;
#8030 = VECTOR ( 'NONE', #2929, 1000.000000000000000 ) ;
#8031 = EDGE_LOOP ( 'NONE', ( #9103, #6043, #7773, #10219 ) ) ;
#8032 = CARTESIAN_POINT ( 'NONE',  ( 2.421306441027481160, 5.500000000000000000, 4.193825776553340212 ) ) ;
#8033 = ORIENTED_EDGE ( 'NONE', *, *, #7649, .T. ) ;
#8034 = ORIENTED_EDGE ( 'NONE', *, *, #294, .F. ) ;
#8035 = CARTESIAN_POINT ( 'NONE',  ( 12.11726249164388491, 0.000000000000000000, -13.42482235592523665 ) ) ;
#8036 = FACE_BOUND ( 'NONE', #7685, .T. ) ;
#8037 = ORIENTED_EDGE ( 'NONE', *, *, #11301, .F. ) ;
#8038 = LINE ( 'NONE', #1976, #2942 ) ;
#8039 = CARTESIAN_POINT ( 'NONE',  ( -3.673062244983530178, 53.58999999999999631, 13.92482235592523487 ) ) ;
#8040 = ADVANCED_FACE ( 'NONE', ( #5792 ), #9396, .F. ) ;
#8041 = PLANE ( 'NONE',  #7905 ) ;
#8042 = AXIS2_PLACEMENT_3D ( 'NONE', #9450, #4340, #9506 ) ;
#8043 = DIRECTION ( 'NONE',  ( 3.663735981263016583E-15, 0.000000000000000000, 1.000000000000000000 ) ) ;
#8044 = CIRCLE ( 'NONE', #11018, 1.050000000000000488 ) ;
#8045 = DIRECTION ( 'NONE',  ( 3.663735981263016583E-15, 0.000000000000000000, 1.000000000000000000 ) ) ;
#8046 = ORIENTED_EDGE ( 'NONE', *, *, #4404, .T. ) ;
#8047 = VECTOR ( 'NONE', #5660, 1000.000000000000000 ) ;
#8048 = FACE_OUTER_BOUND ( 'NONE', #9935, .T. ) ;
#8049 = DIRECTION ( 'NONE',  ( -0.000000000000000000, 1.000000000000000000, -0.000000000000000000 ) ) ;
#8050 = VERTEX_POINT ( 'NONE', #5843 ) ;
#8051 = DIRECTION ( 'NONE',  ( 3.330669073875469621E-15, 0.000000000000000000, 1.000000000000000000 ) ) ;
#8052 = DIRECTION ( 'NONE',  ( 1.000000000000000000, 0.000000000000000000, -0.000000000000000000 ) ) ;
#8053 = ORIENTED_EDGE ( 'NONE', *, *, #3939, .F. ) ;
#8054 = CARTESIAN_POINT ( 'NONE',  ( -10.78521895142241505, 5.500000000000000000, -11.81861676694392926 ) ) ;
#8055 = PLANE ( 'NONE',  #9896 ) ;
#8056 = VECTOR ( 'NONE', #7515, 1000.000000000000000 ) ;
#8057 = ORIENTED_EDGE ( 'NONE', *, *, #9048, .F. ) ;
#8058 = ADVANCED_FACE ( 'NONE', ( #7558 ), #10315, .T. ) ;
#8059 = VECTOR ( 'NONE', #3819, 1000.000000000000114 ) ;
#8060 = EDGE_CURVE ( 'NONE', #2089, #6634, #2294, .T. ) ;
#8061 = ORIENTED_EDGE ( 'NONE', *, *, #6659, .T. ) ;
#8062 = PLANE ( 'NONE',  #3091 ) ;
#8063 = VECTOR ( 'NONE', #8317, 1000.000000000000000 ) ;
#8064 = VERTEX_POINT ( 'NONE', #8355 ) ;
#8065 = VECTOR ( 'NONE', #7957, 1000.000000000000114 ) ;
#8066 = LINE ( 'NONE', #3727, #11174 ) ;
#8067 = VECTOR ( 'NONE', #10011, 1000.000000000000000 ) ;
#8068 = DIRECTION ( 'NONE',  ( 0.8660254037844368202, 0.000000000000000000, -0.5000000000000032196 ) ) ;
#8069 = DIRECTION ( 'NONE',  ( -1.000000000000000000, 0.000000000000000000, 3.330669073875469621E-15 ) ) ;
#8070 = CARTESIAN_POINT ( 'NONE',  ( -3.673062244983531954, 5.500000000000000000, -14.92482235592524198 ) ) ;
#8071 = DIRECTION ( 'NONE',  ( 0.000000000000000000, 0.000000000000000000, 1.000000000000000000 ) ) ;
#8072 = ORIENTED_EDGE ( 'NONE', *, *, #10361, .T. ) ;
#8073 = EDGE_CURVE ( 'NONE', #4835, #5578, #7216, .T. ) ;
#8074 = EDGE_CURVE ( 'NONE', #599, #3566, #10943, .T. ) ;
#8075 = VECTOR ( 'NONE', #9624, 1000.000000000000000 ) ;
#8076 = AXIS2_PLACEMENT_3D ( 'NONE', #10712, #8117, #1192 ) ;
#8077 = EDGE_CURVE ( 'NONE', #8816, #7540, #9331, .T. ) ;
#8078 = VECTOR ( 'NONE', #3115, 1000.000000000000000 ) ;
#8079 = CARTESIAN_POINT ( 'NONE',  ( 0.4910252901194391839, 0.000000000000000000, 14.92482235592523487 ) ) ;
#8080 = ORIENTED_EDGE ( 'NONE', *, *, #9835, .F. ) ;
#8081 = DIRECTION ( 'NONE',  ( -0.000000000000000000, 1.000000000000000000, -0.000000000000000000 ) ) ;
#8082 = LINE ( 'NONE', #6196, #1638 ) ;
#8083 = EDGE_LOOP ( 'NONE', ( #6772, #5313, #4896, #185 ) ) ;
#8084 = VERTEX_POINT ( 'NONE', #6649 ) ;
#8085 = CARTESIAN_POINT ( 'NONE',  ( -7.837149780086493323, 53.58999999999999631, 13.92482235592523487 ) ) ;
#8086 = CARTESIAN_POINT ( 'NONE',  ( -11.65124435520685076, 53.58999999999999631, 11.31861676694393459 ) ) ;
#8087 = VECTOR ( 'NONE', #2567, 1000.000000000000000 ) ;
#8088 = VERTEX_POINT ( 'NONE', #5958 ) ;
#8089 = VECTOR ( 'NONE', #1155, 1000.000000000000000 ) ;
#8090 = CARTESIAN_POINT ( 'NONE',  ( -12.86726271897389040, 53.58999999999999631, 15.42482235592523843 ) ) ;
#8091 = CARTESIAN_POINT ( 'NONE',  ( 10.90124412787683816, 53.58999999999999631, -11.31861676694393282 ) ) ;
#8092 = VERTEX_POINT ( 'NONE', #1592 ) ;
#8093 = PLANE ( 'NONE',  #5874 ) ;
#8094 = VECTOR ( 'NONE', #7023, 1000.000000000000000 ) ;
#8095 = VERTEX_POINT ( 'NONE', #5044 ) ;
#8096 = CARTESIAN_POINT ( 'NONE',  ( 0.000000000000000000, 0.000000000000000000, -8.549998126900000273 ) ) ;
#8097 = ORIENTED_EDGE ( 'NONE', *, *, #845, .T. ) ;
#8098 = ORIENTED_EDGE ( 'NONE', *, *, #3858, .F. ) ;
#8099 = LINE ( 'NONE', #8850, #1339 ) ;
#8100 = DIRECTION ( 'NONE',  ( -0.000000000000000000, 1.000000000000000000, -0.000000000000000000 ) ) ;
#8101 = VERTEX_POINT ( 'NONE', #5095 ) ;
#8102 = CARTESIAN_POINT ( 'NONE',  ( -11.65124435520685076, 0.000000000000000000, -10.31861676694392393 ) ) ;
#8103 = CARTESIAN_POINT ( 'NONE',  ( 7.626415859906224171, 5.500000000000000000, 13.20933974900656338 ) ) ;
#8104 = DIRECTION ( 'NONE',  ( -0.5000000000000029976, 0.000000000000000000, -0.8660254037844369313 ) ) ;
#8105 = VECTOR ( 'NONE', #2876, 1000.000000000000000 ) ;
#8106 = CARTESIAN_POINT ( 'NONE',  ( 11.25123708785944388, 53.58999999999999631, -13.92482235592523310 ) ) ;
#8107 = LINE ( 'NONE', #5599, #8566 ) ;
#8108 = EDGE_CURVE ( 'NONE', #9445, #1529, #568, .T. ) ;
#8109 = CARTESIAN_POINT ( 'NONE',  ( -12.86726271897389040, 5.500000000000000000, -13.42482235592523665 ) ) ;
#8110 = VECTOR ( 'NONE', #2354, 1000.000000000000000 ) ;
#8111 = ORIENTED_EDGE ( 'NONE', *, *, #204, .T. ) ;
#8112 = LINE ( 'NONE', #1509, #5300 ) ;
#8113 = DIRECTION ( 'NONE',  ( -0.000000000000000000, -1.000000000000000000, -0.000000000000000000 ) ) ;
#8114 = ORIENTED_EDGE ( 'NONE', *, *, #7822, .T. ) ;
#8115 = LINE ( 'NONE', #1878, #4577 ) ;
#8116 = DIRECTION ( 'NONE',  ( -0.000000000000000000, 1.000000000000000000, -0.000000000000000000 ) ) ;
#8117 = DIRECTION ( 'NONE',  ( -0.5000000000000029976, 0.000000000000000000, -0.8660254037844369313 ) ) ;
#8118 = DIRECTION ( 'NONE',  ( 0.8660254037844369313, 0.000000000000000000, -0.5000000000000029976 ) ) ;
#8119 = EDGE_CURVE ( 'NONE', #5797, #10140, #10085, .T. ) ;
#8120 = VERTEX_POINT ( 'NONE', #10999 ) ;
#8121 = VECTOR ( 'NONE', #5292, 1000.000000000000000 ) ;
#8122 = ORIENTED_EDGE ( 'NONE', *, *, #9136, .F. ) ;
#8123 = EDGE_CURVE ( 'NONE', #7783, #4128, #3957, .T. ) ;
#8124 = DIRECTION ( 'NONE',  ( -1.000000000000000000, 0.000000000000000000, 0.000000000000000000 ) ) ;
#8125 = AXIS2_PLACEMENT_3D ( 'NONE', #10188, #1241, #9215 ) ;
#8126 = ORIENTED_EDGE ( 'NONE', *, *, #10640, .F. ) ;
#8127 = DIRECTION ( 'NONE',  ( -3.663735981263016583E-15, 0.000000000000000000, -1.000000000000000000 ) ) ;
#8128 = DIRECTION ( 'NONE',  ( 0.8660254037844407060, 0.000000000000000000, 0.4999999999999966138 ) ) ;
#8129 = DIRECTION ( 'NONE',  ( 0.000000000000000000, 0.000000000000000000, 1.000000000000000000 ) ) ;
#8130 = DIRECTION ( 'NONE',  ( -0.5000000000000029976, 0.000000000000000000, -0.8660254037844369313 ) ) ;
#8131 = FACE_BOUND ( 'NONE', #4326, .T. ) ;
#8132 = ORIENTED_EDGE ( 'NONE', *, *, #1495, .F. ) ;
#8133 = VECTOR ( 'NONE', #4514, 1000.000000000000000 ) ;
#8134 = CARTESIAN_POINT ( 'NONE',  ( -13.73328812275833144, 53.58999999999999631, 14.92482235592524376 ) ) ;
#8135 = VERTEX_POINT ( 'NONE', #3152 ) ;
#8136 = FACE_OUTER_BOUND ( 'NONE', #2751, .T. ) ;
#8137 = ADVANCED_FACE ( 'NONE', ( #4172, #6586, #5738, #3092, #4922, #11113, #11060, #9228, #8404, #7663, #1376, #6811, #4875, #3210, #6701, #2398, #8470, #11170, #10199, #1478, #628, #4121, #3262, #6751, #7196, #5474, #7871, #10748, #6160, #10694, #10525, #5251, #3699, #8036 ), #3582, .F. ) ;
#8138 = CARTESIAN_POINT ( 'NONE',  ( 12.11726249164388847, 0.000000000000000000, 13.42482235592523665 ) ) ;
#8139 = EDGE_CURVE ( 'NONE', #87, #8234, #5423, .T. ) ;
#8140 = ORIENTED_EDGE ( 'NONE', *, *, #845, .F. ) ;
#8141 = ORIENTED_EDGE ( 'NONE', *, *, #4502, .T. ) ;
#8142 = CARTESIAN_POINT ( 'NONE',  ( -13.92905284894055384, 51.99940408041244666, 8.003523419924428950 ) ) ;
#8143 = LINE ( 'NONE', #2082, #1373 ) ;
#8144 = EDGE_CURVE ( 'NONE', #8331, #4881, #1749, .T. ) ;
#8145 = VERTEX_POINT ( 'NONE', #9713 ) ;
#8146 = EDGE_CURVE ( 'NONE', #11277, #5749, #6332, .T. ) ;
#8147 = CARTESIAN_POINT ( 'NONE',  ( 7.087149552756489612, 0.000000000000000000, 14.92482235592524198 ) ) ;
#8148 = LINE ( 'NONE', #4887, #940 ) ;
#8149 = EDGE_CURVE ( 'NONE', #3156, #6686, #8789, .T. ) ;
#8150 = ORIENTED_EDGE ( 'NONE', *, *, #4153, .T. ) ;
#8151 = CARTESIAN_POINT ( 'NONE',  ( 7.087149552756481619, 0.000000000000000000, -13.92482235592523310 ) ) ;
#8152 = ORIENTED_EDGE ( 'NONE', *, *, #5682, .F. ) ;
#8153 = DIRECTION ( 'NONE',  ( -0.000000000000000000, 1.000000000000000000, -0.000000000000000000 ) ) ;
#8154 = ORIENTED_EDGE ( 'NONE', *, *, #9219, .T. ) ;
#8155 = ORIENTED_EDGE ( 'NONE', *, *, #1298, .F. ) ;
#8156 = CARTESIAN_POINT ( 'NONE',  ( 14.19930625919536737, 53.58999999999999631, 2.606205588981309162 ) ) ;
#8157 = CARTESIAN_POINT ( 'NONE',  ( -9.919193547637975783, 0.000000000000000000, -11.31861676694393282 ) ) ;
#8158 = ADVANCED_FACE ( 'NONE', ( #268 ), #2716, .T. ) ;
#8159 = VERTEX_POINT ( 'NONE', #2889 ) ;
#8160 = PLANE ( 'NONE',  #9913 ) ;
#8161 = DIRECTION ( 'NONE',  ( 0.8660254037844368202, 0.000000000000000000, -0.5000000000000032196 ) ) ;
#8162 = DIRECTION ( 'NONE',  ( -0.000000000000000000, -1.000000000000000000, -0.000000000000000000 ) ) ;
#8163 = FACE_OUTER_BOUND ( 'NONE', #11239, .T. ) ;
#8164 = DIRECTION ( 'NONE',  ( -0.000000000000000000, 1.000000000000000000, -0.000000000000000000 ) ) ;
#8165 = CARTESIAN_POINT ( 'NONE',  ( 7.087149552756481619, 52.28232689208745398, -13.92482235592523310 ) ) ;
#8166 = ORIENTED_EDGE ( 'NONE', *, *, #2485, .T. ) ;
#8167 = DIRECTION ( 'NONE',  ( -0.8660254037844369313, 0.000000000000000000, 0.5000000000000029976 ) ) ;
#8168 = ORIENTED_EDGE ( 'NONE', *, *, #2285, .F. ) ;
#8169 = PLANE ( 'NONE',  #4401 ) ;
#8170 = DIRECTION ( 'NONE',  ( -3.330669073875469621E-15, 0.000000000000000000, -1.000000000000000000 ) ) ;
#8171 = EDGE_LOOP ( 'NONE', ( #8255, #9776, #10097, #3216 ) ) ;
#8172 = DIRECTION ( 'NONE',  ( 0.8660254037844368202, 0.000000000000000000, -0.5000000000000032196 ) ) ;
#8173 = LINE ( 'NONE', #2855, #4236 ) ;
#8174 = EDGE_CURVE ( 'NONE', #3226, #5424, #1973, .T. ) ;
#8175 = EDGE_LOOP ( 'NONE', ( #1825, #4644, #4812, #8498, #10445, #6741 ) ) ;
#8176 = ORIENTED_EDGE ( 'NONE', *, *, #3227, .F. ) ;
#8177 = DIRECTION ( 'NONE',  ( 0.8660254037844404840, 0.000000000000000000, 0.4999999999999968359 ) ) ;
#8178 = ORIENTED_EDGE ( 'NONE', *, *, #10868, .T. ) ;
#8179 = DIRECTION ( 'NONE',  ( 0.000000000000000000, 0.000000000000000000, -1.000000000000000000 ) ) ;
#8180 = CARTESIAN_POINT ( 'NONE',  ( 12.98328789542832418, 51.99940408041244666, 12.59999999999989662 ) ) ;
#8181 = DIRECTION ( 'NONE',  ( 0.000000000000000000, 0.000000000000000000, 1.000000000000000000 ) ) ;
#8182 = EDGE_CURVE ( 'NONE', #9150, #1607, #206, .T. ) ;
#8183 = DIRECTION ( 'NONE',  ( 0.000000000000000000, 0.000000000000000000, 1.000000000000000000 ) ) ;
#8184 = LINE ( 'NONE', #5622, #3512 ) ;
#8185 = EDGE_CURVE ( 'NONE', #9432, #3566, #6276, .T. ) ;
#8186 = VERTEX_POINT ( 'NONE', #7130 ) ;
#8187 = EDGE_CURVE ( 'NONE', #5268, #3026, #3760, .T. ) ;
#8188 = CARTESIAN_POINT ( 'NONE',  ( 2.596302921018767140, 5.500000000000000000, 4.496928571043953049 ) ) ;
#8189 = ORIENTED_EDGE ( 'NONE', *, *, #10657, .T. ) ;
#8190 = CARTESIAN_POINT ( 'NONE',  ( 5.005105785205005375, 0.000000000000000000, 11.31861676694393459 ) ) ;
#8191 = CARTESIAN_POINT ( 'NONE',  ( -16.00000000000000355, 53.58999999999999631, -0.000000000000000000 ) ) ;
#8192 = ORIENTED_EDGE ( 'NONE', *, *, #10166, .T. ) ;
#8193 = EDGE_LOOP ( 'NONE', ( #8097, #4167, #2872, #5932 ) ) ;
#8194 = DIRECTION ( 'NONE',  ( -1.000000000000000000, 0.000000000000000000, 3.330669073875469621E-15 ) ) ;
#8195 = LINE ( 'NONE', #2191, #3935 ) ;
#8196 = EDGE_LOOP ( 'NONE', ( #5279, #3195 ) ) ;
#8197 = CARTESIAN_POINT ( 'NONE',  ( 0.000000000000000000, 53.58999999999999631, 6.999998126899999562 ) ) ;
#8198 = FACE_OUTER_BOUND ( 'NONE', #1423, .T. ) ;
#8199 = VERTEX_POINT ( 'NONE', #8851 ) ;
#8200 = DIRECTION ( 'NONE',  ( -0.5000000000000029976, 0.000000000000000000, -0.8660254037844369313 ) ) ;
#8201 = EDGE_CURVE ( 'NONE', #5684, #5724, #44, .T. ) ;
#8202 = ADVANCED_FACE ( 'NONE', ( #2669 ), #947, .T. ) ;
#8203 = ADVANCED_FACE ( 'NONE', ( #97 ), #8903, .F. ) ;
#8204 = EDGE_LOOP ( 'NONE', ( #4358, #10816, #10182, #9006 ) ) ;
#8205 = CARTESIAN_POINT ( 'NONE',  ( 11.25123708785945098, 53.58999999999999631, 13.92482235592524020 ) ) ;
#8206 = EDGE_LOOP ( 'NONE', ( #6598, #1214, #3852, #4192 ) ) ;
#8207 = VECTOR ( 'NONE', #4466, 1000.000000000000114 ) ;
#8208 = VERTEX_POINT ( 'NONE', #4446 ) ;
#8209 = DIRECTION ( 'NONE',  ( -0.000000000000000000, -1.000000000000000000, -0.000000000000000000 ) ) ;
#8210 = DIRECTION ( 'NONE',  ( -0.8660254037844407060, 0.000000000000000000, -0.4999999999999966138 ) ) ;
#8211 = ORIENTED_EDGE ( 'NONE', *, *, #6953, .T. ) ;
#8212 = DIRECTION ( 'NONE',  ( -0.000000000000000000, 1.000000000000000000, -0.000000000000000000 ) ) ;
#8213 = CARTESIAN_POINT ( 'NONE',  ( 4.286263797015736595E-16, 0.000000000000000000, 3.500000000000000000 ) ) ;
#8214 = LINE ( 'NONE', #7422, #645 ) ;
#8215 = CARTESIAN_POINT ( 'NONE',  ( 11.25123708785944388, 0.000000000000000000, -0.4999999999999954481 ) ) ;
#8216 = EDGE_CURVE ( 'NONE', #6030, #8885, #1054, .T. ) ;
#8217 = VECTOR ( 'NONE', #4981, 1000.000000000000114 ) ;
#8218 = EDGE_CURVE ( 'NONE', #318, #8653, #6383, .T. ) ;
#8219 = DIRECTION ( 'NONE',  ( -0.8660254037844369313, -0.000000000000000000, 0.5000000000000029976 ) ) ;
#8220 = CARTESIAN_POINT ( 'NONE',  ( -5.405113052552403374, 52.28232689208745398, -12.59999999999991793 ) ) ;
#8221 = ORIENTED_EDGE ( 'NONE', *, *, #11293, .F. ) ;
#8222 = EDGE_CURVE ( 'NONE', #9248, #10704, #6561, .T. ) ;
#8223 = CARTESIAN_POINT ( 'NONE',  ( -4.539087648767968552, 53.58999999999999631, -14.42482235592523665 ) ) ;
#8224 = ORIENTED_EDGE ( 'NONE', *, *, #3962, .T. ) ;
#8225 = LINE ( 'NONE', #2906, #8792 ) ;
#8226 = VECTOR ( 'NONE', #6493, 1000.000000000000114 ) ;
#8227 = PLANE ( 'NONE',  #1010 ) ;
#8228 = ORIENTED_EDGE ( 'NONE', *, *, #11233, .T. ) ;
#8229 = LINE ( 'NONE', #6349, #4062 ) ;
#8230 = CARTESIAN_POINT ( 'NONE',  ( -12.00123731518945647, 0.000000000000000000, -14.92482235592524198 ) ) ;
#8231 = ORIENTED_EDGE ( 'NONE', *, *, #5339, .T. ) ;
#8232 = VECTOR ( 'NONE', #5043, 1000.000000000000000 ) ;
#8233 = ORIENTED_EDGE ( 'NONE', *, *, #6648, .T. ) ;
#8234 = VERTEX_POINT ( 'NONE', #9253 ) ;
#8235 = CARTESIAN_POINT ( 'NONE',  ( 8.819200360325359256, 53.58999999999999631, -13.92482235592524020 ) ) ;
#8236 = EDGE_CURVE ( 'NONE', #9009, #1971, #10059, .T. ) ;
#8237 = DATE_AND_TIME ( #9106, #10635 ) ;
#8238 = ORIENTED_EDGE ( 'NONE', *, *, #6820, .F. ) ;
#8239 = CARTESIAN_POINT ( 'NONE',  ( 12.98328789542832062, 5.500000000000000000, -7.712411177962624542 ) ) ;
#8240 = AXIS2_PLACEMENT_3D ( 'NONE', #4266, #11145, #3461 ) ;
#8241 = DIRECTION ( 'NONE',  ( -0.000000000000000000, 1.000000000000000000, -0.000000000000000000 ) ) ;
#8242 = FACE_OUTER_BOUND ( 'NONE', #820, .T. ) ;
#8243 = AXIS2_PLACEMENT_3D ( 'NONE', #3870, #6386, #6451 ) ;
#8244 = LINE ( 'NONE', #10835, #5890 ) ;
#8245 = LINE ( 'NONE', #410, #6044 ) ;
#8246 = ORIENTED_EDGE ( 'NONE', *, *, #9407, .T. ) ;
#8247 = CC_DESIGN_APPROVAL ( #7336, ( #10459 ) ) ;
#8248 = AXIS2_PLACEMENT_3D ( 'NONE', #8504, #10289, #5124 ) ;
#8249 = VECTOR ( 'NONE', #6842, 1000.000000000000000 ) ;
#8250 = EDGE_CURVE ( 'NONE', #6251, #10691, #8275, .T. ) ;
#8251 = LINE ( 'NONE', #3908, #531 ) ;
#8252 = ORIENTED_EDGE ( 'NONE', *, *, #7564, .F. ) ;
#8253 = LINE ( 'NONE', #3845, #6270 ) ;
#8254 = CARTESIAN_POINT ( 'NONE',  ( 12.08488664472836760, 52.28232689208745398, -3.826966322573788215 ) ) ;
#8255 = ORIENTED_EDGE ( 'NONE', *, *, #6819, .T. ) ;
#8256 = DIRECTION ( 'NONE',  ( 0.5000000000000032196, 0.000000000000000000, 0.8660254037844368202 ) ) ;
#8257 = DIRECTION ( 'NONE',  ( -0.8660254037844368202, 0.000000000000000000, 0.5000000000000032196 ) ) ;
#8258 = ORIENTED_EDGE ( 'NONE', *, *, #4656, .T. ) ;
#8259 = CARTESIAN_POINT ( 'NONE',  ( -10.78521895142240794, 53.58999999999999631, 11.81861676694392926 ) ) ;
#8260 = LINE ( 'NONE', #4304, #6066 ) ;
#8261 = EDGE_LOOP ( 'NONE', ( #7247, #7021, #6426, #615 ) ) ;
#8262 = VECTOR ( 'NONE', #1792, 1000.000000000000000 ) ;
#8263 = VECTOR ( 'NONE', #7496, 999.9999999999998863 ) ;
#8264 = CARTESIAN_POINT ( 'NONE',  ( 7.953174956540914664, 0.000000000000000000, -15.42482235592523843 ) ) ;
#8265 = AXIS2_PLACEMENT_3D ( 'NONE', #8730, #4325, #831 ) ;
#8266 = EDGE_CURVE ( 'NONE', #6491, #4783, #3810, .T. ) ;
#8267 = ORIENTED_EDGE ( 'NONE', *, *, #10384, .T. ) ;
#8268 = EDGE_CURVE ( 'NONE', #3197, #7251, #3980, .T. ) ;
#8269 = DIRECTION ( 'NONE',  ( -0.8660254037844404840, 0.000000000000000000, -0.4999999999999968359 ) ) ;
#8270 = VECTOR ( 'NONE', #8630, 1000.000000000000000 ) ;
#8271 = EDGE_LOOP ( 'NONE', ( #7182, #8338, #2952, #4195 ) ) ;
#8272 = VECTOR ( 'NONE', #2841, 1000.000000000000227 ) ;
#8273 = ORIENTED_EDGE ( 'NONE', *, *, #5854, .F. ) ;
#8274 = CARTESIAN_POINT ( 'NONE',  ( -7.837149780086493323, 53.58999999999999631, -14.92482235592524198 ) ) ;
#8275 = LINE ( 'NONE', #2207, #10516 ) ;
#8276 = EDGE_LOOP ( 'NONE', ( #5982, #1305, #8013, #9599, #971, #6694 ) ) ;
#8277 = DIRECTION ( 'NONE',  ( 0.4999999999999968359, 0.000000000000000000, -0.8660254037844404840 ) ) ;
#8278 = DIRECTION ( 'NONE',  ( 0.4999999999999968359, 0.000000000000000000, -0.8660254037844404840 ) ) ;
#8279 = CARTESIAN_POINT ( 'NONE',  ( -11.65124435520685076, 5.500000000000000000, 11.31861676694393459 ) ) ;
#8280 = EDGE_CURVE ( 'NONE', #3621, #7194, #371, .T. ) ;
#8281 = AXIS2_PLACEMENT_3D ( 'NONE', #274, #4685, #327 ) ;
#8282 = DIRECTION ( 'NONE',  ( -0.000000000000000000, 1.000000000000000000, -0.000000000000000000 ) ) ;
#8283 = CARTESIAN_POINT ( 'NONE',  ( -2.783802977851213445, 5.500000000000000000, 4.821688195899882956 ) ) ;
#8284 = VERTEX_POINT ( 'NONE', #8379 ) ;
#8285 = DIRECTION ( 'NONE',  ( -1.000000000000000000, 0.000000000000000000, 3.330669073875469621E-15 ) ) ;
#8286 = VECTOR ( 'NONE', #6852, 1000.000000000000000 ) ;
#8287 = EDGE_CURVE ( 'NONE', #10758, #5178, #3013, .T. ) ;
#8288 = ORIENTED_EDGE ( 'NONE', *, *, #2184, .F. ) ;
#8289 = PLANE ( 'NONE',  #10632 ) ;
#8290 = ADVANCED_FACE ( 'NONE', ( #540 ), #4033, .T. ) ;
#8291 = CARTESIAN_POINT ( 'NONE',  ( 13.45261329843915732, 52.28232689208745398, -19.00406162233283780 ) ) ;
#8292 = EDGE_CURVE ( 'NONE', #11319, #9795, #5647, .T. ) ;
#8293 = VERTEX_POINT ( 'NONE', #10972 ) ;
#8294 = EDGE_CURVE ( 'NONE', #2932, #1587, #8330, .T. ) ;
#8295 = CARTESIAN_POINT ( 'NONE',  ( -18.95000000000000995, 53.58999999999999631, -18.50000000000000355 ) ) ;
#8296 = ORIENTED_EDGE ( 'NONE', *, *, #5261, .F. ) ;
#8297 = VECTOR ( 'NONE', #6839, 1000.000000000000000 ) ;
#8298 = ORIENTED_EDGE ( 'NONE', *, *, #8926, .T. ) ;
#8299 = ORIENTED_EDGE ( 'NONE', *, *, #8600, .F. ) ;
#8300 = PLANE ( 'NONE',  #11158 ) ;
#8301 = ORIENTED_EDGE ( 'NONE', *, *, #2472, .T. ) ;
#8302 = CARTESIAN_POINT ( 'NONE',  ( -0.3750001136650048528, 51.99940408041244666, 13.42482235592523665 ) ) ;
#8303 = FACE_OUTER_BOUND ( 'NONE', #4345, .T. ) ;
#8304 = CARTESIAN_POINT ( 'NONE',  ( -13.73328812275833144, 0.000000000000000000, -13.92482235592523310 ) ) ;
#8305 = VECTOR ( 'NONE', #6825, 1000.000000000000114 ) ;
#8306 = LINE ( 'NONE', #5505, #5337 ) ;
#8307 = FACE_BOUND ( 'NONE', #8463, .T. ) ;
#8308 = ORIENTED_EDGE ( 'NONE', *, *, #2884, .F. ) ;
#8309 = VECTOR ( 'NONE', #6840, 1000.000000000000000 ) ;
#8310 = CARTESIAN_POINT ( 'NONE',  ( -16.00000000000000355, 53.58999999999999631, -18.50000000000000355 ) ) ;
#8311 = EDGE_LOOP ( 'NONE', ( #596, #8529, #9537, #619 ) ) ;
#8312 = CARTESIAN_POINT ( 'NONE',  ( 0.4910252901194355202, 0.000000000000000000, 13.92482235592523310 ) ) ;
#8313 = ORIENTED_EDGE ( 'NONE', *, *, #7346, .F. ) ;
#8314 = CARTESIAN_POINT ( 'NONE',  ( 12.98328789542832951, 0.000000000000000000, 7.712411177962615660 ) ) ;
#8315 = DIRECTION ( 'NONE',  ( -3.663735981263016583E-15, 0.000000000000000000, -1.000000000000000000 ) ) ;
#8316 = DIRECTION ( 'NONE',  ( -0.8660254037844369313, -0.000000000000000000, 0.5000000000000029976 ) ) ;
#8317 = DIRECTION ( 'NONE',  ( 3.330669073875469621E-15, 0.000000000000000000, 1.000000000000000000 ) ) ;
#8318 = ORIENTED_EDGE ( 'NONE', *, *, #4018, .T. ) ;
#8319 = VECTOR ( 'NONE', #283, 1000.000000000000000 ) ;
#8320 = LINE ( 'NONE', #8264, #3489 ) ;
#8321 = EDGE_CURVE ( 'NONE', #5919, #3362, #9951, .T. ) ;
#8322 = ORIENTED_EDGE ( 'NONE', *, *, #8119, .T. ) ;
#8323 = DIRECTION ( 'NONE',  ( 0.4999999999999968359, 0.000000000000000000, -0.8660254037844404840 ) ) ;
#8324 = VECTOR ( 'NONE', #1928, 1000.000000000000000 ) ;
#8325 = EDGE_LOOP ( 'NONE', ( #3823, #10245, #3869, #11326 ) ) ;
#8326 = CARTESIAN_POINT ( 'NONE',  ( 13.33328085541093166, 53.58999999999999631, 4.106205588981311827 ) ) ;
#8327 = VERTEX_POINT ( 'NONE', #10801 ) ;
#8328 = ORIENTED_EDGE ( 'NONE', *, *, #6168, .F. ) ;
#8329 = CARTESIAN_POINT ( 'NONE',  ( 0.4910252901194355202, 51.99940408041244666, 13.92482235592523310 ) ) ;
#8330 = LINE ( 'NONE', #7418, #3752 ) ;
#8331 = VERTEX_POINT ( 'NONE', #2152 ) ;
#8332 = CARTESIAN_POINT ( 'NONE',  ( -8.703175183870934362, 0.000000000000000000, -15.42482235592523843 ) ) ;
#8333 = DIRECTION ( 'NONE',  ( 1.000000000000000000, 0.000000000000000000, 0.000000000000000000 ) ) ;
#8334 = CARTESIAN_POINT ( 'NONE',  ( 8.819200360325355703, 0.000000000000000000, -14.92482235592524198 ) ) ;
#8335 = EDGE_CURVE ( 'NONE', #9742, #1385, #2095, .T. ) ;
#8336 = DIRECTION ( 'NONE',  ( -3.663735981263016583E-15, -0.000000000000000000, -1.000000000000000000 ) ) ;
#8337 = LINE ( 'NONE', #9209, #11008 ) ;
#8338 = ORIENTED_EDGE ( 'NONE', *, *, #1417, .F. ) ;
#8339 = EDGE_CURVE ( 'NONE', #5978, #1447, #9084, .T. ) ;
#8340 = DIRECTION ( 'NONE',  ( -3.663735981263016583E-15, 0.000000000000000000, -1.000000000000000000 ) ) ;
#8341 = ORIENTED_EDGE ( 'NONE', *, *, #7935, .T. ) ;
#8342 = LINE ( 'NONE', #9906, #10990 ) ;
#8343 = DIRECTION ( 'NONE',  ( -0.000000000000000000, 1.000000000000000000, -0.000000000000000000 ) ) ;
#8344 = LINE ( 'NONE', #5088, #3340 ) ;
#8345 = EDGE_LOOP ( 'NONE', ( #4814, #9081, #4828, #1750 ) ) ;
#8346 = EDGE_CURVE ( 'NONE', #11193, #10222, #6449, .T. ) ;
#8347 = EDGE_CURVE ( 'NONE', #7682, #5268, #322, .T. ) ;
#8348 = EDGE_LOOP ( 'NONE', ( #1247, #10913, #10560, #6487 ) ) ;
#8349 = ORIENTED_EDGE ( 'NONE', *, *, #6476, .F. ) ;
#8350 = EDGE_CURVE ( 'NONE', #2707, #2969, #1175, .T. ) ;
#8351 = DIRECTION ( 'NONE',  ( 0.000000000000000000, -1.000000000000000000, 0.000000000000000000 ) ) ;
#8352 = DIRECTION ( 'NONE',  ( 0.8660254037844368202, 0.000000000000000000, -0.5000000000000032196 ) ) ;
#8353 = ORIENTED_EDGE ( 'NONE', *, *, #10889, .F. ) ;
#8354 = CARTESIAN_POINT ( 'NONE',  ( 5.005105785204995605, 53.58999999999999631, -11.31861676694392571 ) ) ;
#8355 = CARTESIAN_POINT ( 'NONE',  ( 12.11726249164388847, 53.58999999999999631, 13.42482235592523665 ) ) ;
#8356 = LINE ( 'NONE', #9280, #953 ) ;
#8357 = FACE_BOUND ( 'NONE', #1786, .T. ) ;
#8358 = VERTEX_POINT ( 'NONE', #7362 ) ;
#8359 = VECTOR ( 'NONE', #9540, 1000.000000000000227 ) ;
#8360 = EDGE_CURVE ( 'NONE', #4591, #8798, #10862, .T. ) ;
#8361 = DIRECTION ( 'NONE',  ( 0.8660254037844369313, 0.000000000000000000, -0.5000000000000029976 ) ) ;
#8362 = ORIENTED_EDGE ( 'NONE', *, *, #8703, .F. ) ;
#8363 = LINE ( 'NONE', #4767, #9152 ) ;
#8364 = CLOSED_SHELL ( 'NONE', ( #5832, #4578, #863, #5207, #4642, #1753, #6446, #3920, #9132, #5280, #1276, #3101, #5777, #7437, #7736, #10129, #8619, #1610, #2553, #3786, #128, #7310, #240, #4477, #3335, #2073, #7069, #10755, #661, #1993, #4702, #10386, #6578, #8843, #11151, #11022, #10654, #3422, #10327, #5679, #9272, #2248, #7152, #5665, #1408, #6743, #5016, #647, #11236, #2499, #3747, #3390, #9770, #4087, #2040 ) ) ;
#8365 = ORIENTED_EDGE ( 'NONE', *, *, #8346, .F. ) ;
#8366 = DIRECTION ( 'NONE',  ( -0.8660254037844369313, -0.000000000000000000, 0.5000000000000029976 ) ) ;
#8367 = LINE ( 'NONE', #1494, #3756 ) ;
#8368 = DIRECTION ( 'NONE',  ( 3.663735981263016583E-15, 0.000000000000000000, 1.000000000000000000 ) ) ;
#8369 = DIRECTION ( 'NONE',  ( 0.000000000000000000, 0.000000000000000000, 1.000000000000000000 ) ) ;
#8370 = ORIENTED_EDGE ( 'NONE', *, *, #9810, .F. ) ;
#8371 = DIRECTION ( 'NONE',  ( -3.663735981263016583E-15, 0.000000000000000000, -1.000000000000000000 ) ) ;
#8372 = ORIENTED_EDGE ( 'NONE', *, *, #1779, .T. ) ;
#8373 = DIRECTION ( 'NONE',  ( -0.000000000000000000, 1.000000000000000000, -0.000000000000000000 ) ) ;
#8374 = ORIENTED_EDGE ( 'NONE', *, *, #3669, .T. ) ;
#8375 = CARTESIAN_POINT ( 'NONE',  ( -12.00123731518947778, 5.500000000000000000, 3.997214997394186390E-14 ) ) ;
#8376 = ORIENTED_EDGE ( 'NONE', *, *, #8350, .F. ) ;
#8377 = VERTEX_POINT ( 'NONE', #762 ) ;
#8378 = CARTESIAN_POINT ( 'NONE',  ( 12.95091204851280686, 52.28232689208745398, -5.326966322573799317 ) ) ;
#8379 = CARTESIAN_POINT ( 'NONE',  ( -7.487156820103886723, 5.500000000000000000, 11.31861676694393459 ) ) ;
#8380 = VERTEX_POINT ( 'NONE', #1569 ) ;
#8381 = CARTESIAN_POINT ( 'NONE',  ( -9.919193547637970454, 0.000000000000000000, -10.31861676694393104 ) ) ;
#8382 = VECTOR ( 'NONE', #5719, 999.9999999999998863 ) ;
#8383 = LINE ( 'NONE', #2210, #2033 ) ;
#8384 = CARTESIAN_POINT ( 'NONE',  ( -8.703175183870934362, 53.58999999999999631, -15.42482235592523843 ) ) ;
#8385 = AXIS2_PLACEMENT_3D ( 'NONE', #1144, #1824, #8991 ) ;
#8386 = FACE_OUTER_BOUND ( 'NONE', #2119, .T. ) ;
#8387 = DIRECTION ( 'NONE',  ( 0.5000000000000032196, 0.000000000000000000, 0.8660254037844368202 ) ) ;
#8388 = ORIENTED_EDGE ( 'NONE', *, *, #5276, .T. ) ;
#8389 = EDGE_CURVE ( 'NONE', #9176, #8871, #3288, .T. ) ;
#8390 = FACE_OUTER_BOUND ( 'NONE', #6495, .T. ) ;
#8391 = ORIENTED_EDGE ( 'NONE', *, *, #2024, .F. ) ;
#8392 = DIRECTION ( 'NONE',  ( -1.000000000000000000, 0.000000000000000000, 3.330669073875469621E-15 ) ) ;
#8393 = CARTESIAN_POINT ( 'NONE',  ( 1.200153863164406542E-15, 15.50000000000000000, 9.800000000000002487 ) ) ;
#8394 = CARTESIAN_POINT ( 'NONE',  ( 1.898202538678397459E-16, 53.58999999999999631, 8.549998126899998496 ) ) ;
#8395 = VECTOR ( 'NONE', #4752, 1000.000000000000000 ) ;
#8396 = ORIENTED_EDGE ( 'NONE', *, *, #5922, .F. ) ;
#8397 = FACE_OUTER_BOUND ( 'NONE', #994, .T. ) ;
#8398 = ORIENTED_EDGE ( 'NONE', *, *, #6489, .F. ) ;
#8399 = VECTOR ( 'NONE', #2699, 1000.000000000000000 ) ;
#8400 = CARTESIAN_POINT ( 'NONE',  ( 4.655112825222397888, 0.000000000000000000, 13.92482235592523487 ) ) ;
#8401 = LINE ( 'NONE', #2341, #7516 ) ;
#8402 = VERTEX_POINT ( 'NONE', #7751 ) ;
#8403 = LINE ( 'NONE', #4063, #553 ) ;
#8404 = FACE_BOUND ( 'NONE', #160, .T. ) ;
#8405 = EDGE_CURVE ( 'NONE', #2944, #6877, #4198, .T. ) ;
#8406 = CARTESIAN_POINT ( 'NONE',  ( 12.98328789542832240, 52.28232689208745398, -13.92482235592524020 ) ) ;
#8407 = CARTESIAN_POINT ( 'NONE',  ( -3.673062244983527069, 53.58999999999999631, 14.92482235592523665 ) ) ;
#8408 = ORIENTED_EDGE ( 'NONE', *, *, #7561, .F. ) ;
#8409 = EDGE_CURVE ( 'NONE', #10598, #6936, #4259, .T. ) ;
#8410 = VECTOR ( 'NONE', #2918, 1000.000000000000000 ) ;
#8411 = AXIS2_PLACEMENT_3D ( 'NONE', #337, #9309, #2322 ) ;
#8412 = CARTESIAN_POINT ( 'NONE',  ( -12.86726271897389040, 53.58999999999999631, 1.000000000000000444 ) ) ;
#8413 = ORIENTED_EDGE ( 'NONE', *, *, #8615, .T. ) ;
#8414 = DIRECTION ( 'NONE',  ( -3.663735981263016583E-15, -0.000000000000000000, -1.000000000000000000 ) ) ;
#8415 = AXIS2_PLACEMENT_3D ( 'NONE', #4909, #4806, #3135 ) ;
#8416 = ORIENTED_EDGE ( 'NONE', *, *, #5892, .T. ) ;
#8417 = CARTESIAN_POINT ( 'NONE',  ( 12.98328789542832595, 53.58999999999999631, -6.712411177962623654 ) ) ;
#8418 = FACE_OUTER_BOUND ( 'NONE', #1407, .T. ) ;
#8419 = EDGE_CURVE ( 'NONE', #5703, #3808, #11137, .T. ) ;
#8420 = EDGE_CURVE ( 'NONE', #461, #9767, #5121, .T. ) ;
#8421 = CARTESIAN_POINT ( 'NONE',  ( -9.569200587655371848, 53.58999999999999631, 13.92482235592524198 ) ) ;
#8422 = DIRECTION ( 'NONE',  ( 0.000000000000000000, 0.000000000000000000, -1.000000000000000000 ) ) ;
#8423 = ORIENTED_EDGE ( 'NONE', *, *, #5079, .T. ) ;
#8424 = CARTESIAN_POINT ( 'NONE',  ( 14.19930625919536382, 5.500000000000000000, -4.606205588981308274 ) ) ;
#8425 = EDGE_CURVE ( 'NONE', #1484, #6555, #8609, .T. ) ;
#8426 = VECTOR ( 'NONE', #260, 999.9999999999998863 ) ;
#8427 = VECTOR ( 'NONE', #8443, 1000.000000000000000 ) ;
#8428 = VECTOR ( 'NONE', #2891, 1000.000000000000000 ) ;
#8429 = ORIENTED_EDGE ( 'NONE', *, *, #6209, .T. ) ;
#8430 = DIRECTION ( 'NONE',  ( -3.663735981263016583E-15, 0.000000000000000000, -1.000000000000000000 ) ) ;
#8431 = ORIENTED_EDGE ( 'NONE', *, *, #6786, .T. ) ;
#8432 = CARTESIAN_POINT ( 'NONE',  ( -8.703175183870934362, 53.58999999999999631, 13.42482235592524020 ) ) ;
#8433 = EDGE_LOOP ( 'NONE', ( #9483, #804, #10707, #3673 ) ) ;
#8434 = CC_DESIGN_APPROVAL ( #2925, ( #6153 ) ) ;
#8435 = ORIENTED_EDGE ( 'NONE', *, *, #3816, .F. ) ;
#8436 = DIRECTION ( 'NONE',  ( -0.4999999999999966138, 0.000000000000000000, 0.8660254037844407060 ) ) ;
#8437 = AXIS2_PLACEMENT_3D ( 'NONE', #7165, #70, #7105 ) ;
#8438 = DIRECTION ( 'NONE',  ( -0.000000000000000000, 1.000000000000000000, -0.000000000000000000 ) ) ;
#8439 = AXIS2_PLACEMENT_3D ( 'NONE', #6485, #6538, #1257 ) ;
#8440 = ORIENTED_EDGE ( 'NONE', *, *, #9472, .T. ) ;
#8441 = CARTESIAN_POINT ( 'NONE',  ( 6.999998126899990680, 15.50000000000000000, -3.469446951953614189E-15 ) ) ;
#8442 = VECTOR ( 'NONE', #9260, 1000.000000000000000 ) ;
#8443 = DIRECTION ( 'NONE',  ( -0.000000000000000000, 1.000000000000000000, -0.000000000000000000 ) ) ;
#8444 = LINE ( 'NONE', #606, #10754 ) ;
#8445 = DIRECTION ( 'NONE',  ( 0.8660254037844407060, 0.000000000000000000, 0.4999999999999965583 ) ) ;
#8446 = AXIS2_PLACEMENT_3D ( 'NONE', #7053, #2809, #8071 ) ;
#8447 = VECTOR ( 'NONE', #10470, 1000.000000000000000 ) ;
#8448 = AXIS2_PLACEMENT_3D ( 'NONE', #1561, #11131, #5064 ) ;
#8449 = LINE ( 'NONE', #10924, #3627 ) ;
#8450 = CARTESIAN_POINT ( 'NONE',  ( 0.4910252901194355202, 0.000000000000000000, 13.92482235592523310 ) ) ;
#8451 = ORIENTED_EDGE ( 'NONE', *, *, #10200, .F. ) ;
#8452 = DIRECTION ( 'NONE',  ( -0.000000000000000000, 1.000000000000000000, -0.000000000000000000 ) ) ;
#8453 = ORIENTED_EDGE ( 'NONE', *, *, #90, .F. ) ;
#8454 = DIRECTION ( 'NONE',  ( 0.000000000000000000, 0.000000000000000000, 1.000000000000000000 ) ) ;
#8455 = CARTESIAN_POINT ( 'NONE',  ( -18.95000000000000995, 67.84000000000000341, 18.49999999999999645 ) ) ;
#8456 = VECTOR ( 'NONE', #8081, 1000.000000000000000 ) ;
#8457 = AXIS2_PLACEMENT_3D ( 'NONE', #6625, #7365, #8161 ) ;
#8458 = DIRECTION ( 'NONE',  ( 0.000000000000000000, 0.000000000000000000, -1.000000000000000000 ) ) ;
#8459 = ORIENTED_EDGE ( 'NONE', *, *, #3471, .F. ) ;
#8460 = ADVANCED_FACE ( 'NONE', ( #9364 ), #10284, .T. ) ;
#8461 = EDGE_LOOP ( 'NONE', ( #5132, #9271, #2279, #4322 ) ) ;
#8462 = VECTOR ( 'NONE', #109, 1000.000000000000000 ) ;
#8463 = EDGE_LOOP ( 'NONE', ( #8905, #4240, #9585, #6664, #11076, #5709 ) ) ;
#8464 = LINE ( 'NONE', #1588, #4930 ) ;
#8465 = LINE ( 'NONE', #3317, #2242 ) ;
#8466 = APPROVAL_DATE_TIME ( #4983, #2925 ) ;
#8467 = ORIENTED_EDGE ( 'NONE', *, *, #8703, .T. ) ;
#8468 = CARTESIAN_POINT ( 'NONE',  ( -5.906868629178540608, 5.500000000000000000, -10.23099657937187779 ) ) ;
#8469 = EDGE_CURVE ( 'NONE', #1397, #969, #2539, .T. ) ;
#8470 = FACE_BOUND ( 'NONE', #2469, .T. ) ;
#8471 = CARTESIAN_POINT ( 'NONE',  ( 4.655112825222392559, 53.58999999999999631, -14.92482235592524198 ) ) ;
#8472 = DIRECTION ( 'NONE',  ( 0.8660254037844368202, 0.000000000000000000, -0.5000000000000032196 ) ) ;
#8473 = VERTEX_POINT ( 'NONE', #2316 ) ;
#8474 = VECTOR ( 'NONE', #1676, 1000.000000000000000 ) ;
#8475 = EDGE_CURVE ( 'NONE', #127, #4843, #5815, .T. ) ;
#8476 = DIRECTION ( 'NONE',  ( -0.8660254037844404840, 0.000000000000000000, -0.4999999999999968359 ) ) ;
#8477 = AXIS2_PLACEMENT_3D ( 'NONE', #9679, #4351, #6137 ) ;
#8478 = ORIENTED_EDGE ( 'NONE', *, *, #10577, .F. ) ;
#8479 = CARTESIAN_POINT ( 'NONE',  ( 4.655112825222397888, 53.58999999999999631, 13.92482235592523487 ) ) ;
#8480 = ORIENTED_EDGE ( 'NONE', *, *, #1600, .F. ) ;
#8481 = EDGE_CURVE ( 'NONE', #1356, #1639, #5931, .T. ) ;
#8482 = CARTESIAN_POINT ( 'NONE',  ( 10.03521872409240423, 53.58999999999999631, 9.818616766943927487 ) ) ;
#8483 = DIRECTION ( 'NONE',  ( 0.000000000000000000, 0.000000000000000000, 1.000000000000000000 ) ) ;
#8484 = FACE_OUTER_BOUND ( 'NONE', #943, .T. ) ;
#8485 = DIRECTION ( 'NONE',  ( 0.8660254037844369313, 0.000000000000000000, -0.5000000000000029976 ) ) ;
#8486 = ORIENTED_EDGE ( 'NONE', *, *, #2548, .F. ) ;
#8487 = DIRECTION ( 'NONE',  ( 0.8660254037844368202, -0.000000000000000000, -0.5000000000000032196 ) ) ;
#8488 = VECTOR ( 'NONE', #7584, 999.9999999999998863 ) ;
#8489 = EDGE_CURVE ( 'NONE', #6614, #711, #5184, .T. ) ;
#8490 = EDGE_LOOP ( 'NONE', ( #8610, #1439, #5585, #6853 ) ) ;
#8491 = EDGE_CURVE ( 'NONE', #5270, #6964, #705, .T. ) ;
#8492 = CARTESIAN_POINT ( 'NONE',  ( -12.00123731518945647, 53.58999999999999631, 13.92482235592523487 ) ) ;
#8493 = VERTEX_POINT ( 'NONE', #10343 ) ;
#8494 = EDGE_CURVE ( 'NONE', #3424, #2105, #5869, .T. ) ;
#8495 = DIRECTION ( 'NONE',  ( 0.000000000000000000, 1.000000000000000000, 0.000000000000000000 ) ) ;
#8496 = VERTEX_POINT ( 'NONE', #1513 ) ;
#8497 = ADVANCED_FACE ( 'NONE', ( #3352 ), #2490, .T. ) ;
#8498 = ORIENTED_EDGE ( 'NONE', *, *, #4375, .T. ) ;
#8499 = FACE_OUTER_BOUND ( 'NONE', #4615, .T. ) ;
#8500 = DIRECTION ( 'NONE',  ( -3.330669073875469621E-15, 0.000000000000000000, -1.000000000000000000 ) ) ;
#8501 = VECTOR ( 'NONE', #8257, 999.9999999999998863 ) ;
#8502 = VERTEX_POINT ( 'NONE', #6032 ) ;
#8503 = CARTESIAN_POINT ( 'NONE',  ( 4.678346688570274914, 5.500000000000000000, 8.103134160025259547 ) ) ;
#8504 = CARTESIAN_POINT ( 'NONE',  ( -6.621131416319446572, 0.000000000000000000, 11.81861676694392926 ) ) ;
#8505 = CARTESIAN_POINT ( 'NONE',  ( -3.673062244983531954, 53.58999999999999631, -14.92482235592524198 ) ) ;
#8506 = ORIENTED_EDGE ( 'NONE', *, *, #1197, .T. ) ;
#8507 = DIRECTION ( 'NONE',  ( 0.8660254037844407060, 0.000000000000000000, 0.4999999999999965583 ) ) ;
#8508 = VECTOR ( 'NONE', #1752, 1000.000000000000000 ) ;
#8509 = CYLINDRICAL_SURFACE ( 'NONE', #1981, 1.549999999999999378 ) ;
#8510 = CARTESIAN_POINT ( 'NONE',  ( -13.21473573509988420, 51.99940408041244666, 18.43371011396347470 ) ) ;
#8511 = EDGE_CURVE ( 'NONE', #8020, #11068, #4952, .T. ) ;
#8512 = ORIENTED_EDGE ( 'NONE', *, *, #1221, .F. ) ;
#8513 = PLANE ( 'NONE',  #9212 ) ;
#8514 = ORIENTED_EDGE ( 'NONE', *, *, #3996, .T. ) ;
#8515 = CARTESIAN_POINT ( 'NONE',  ( 16.00000000000000000, 67.84000000000000341, -18.50000000000000355 ) ) ;
#8516 = LINE ( 'NONE', #1583, #1930 ) ;
#8517 = LINE ( 'NONE', #6796, #11019 ) ;
#8518 = ORIENTED_EDGE ( 'NONE', *, *, #3720, .F. ) ;
#8519 = PLANE ( 'NONE',  #1596 ) ;
#8520 = ORIENTED_EDGE ( 'NONE', *, *, #2666, .F. ) ;
#8521 = CARTESIAN_POINT ( 'NONE',  ( -6.772894032962896382, 5.500000000000000000, 11.73099657937191154 ) ) ;
#8522 = DIRECTION ( 'NONE',  ( -0.4999999999999966138, 0.000000000000000000, 0.8660254037844407060 ) ) ;
#8523 = ORIENTED_EDGE ( 'NONE', *, *, #8149, .T. ) ;
#8524 = CARTESIAN_POINT ( 'NONE',  ( 7.953174956540923546, 51.99940408041244666, 13.42482235592523665 ) ) ;
#8525 = CC_DESIGN_DATE_AND_TIME_ASSIGNMENT ( #8237, #402, ( #6153 ) ) ;
#8526 = DIRECTION ( 'NONE',  ( 1.000000000000000000, 0.000000000000000000, -0.000000000000000000 ) ) ;
#8527 = DIRECTION ( 'NONE',  ( -0.8660254037844404840, 0.000000000000000000, -0.4999999999999968359 ) ) ;
#8528 = DIRECTION ( 'NONE',  ( 0.8660254037844368202, 0.000000000000000000, -0.5000000000000032196 ) ) ;
#8529 = ORIENTED_EDGE ( 'NONE', *, *, #10592, .F. ) ;
#8530 = ADVANCED_FACE ( 'NONE', ( #7806 ), #654, .T. ) ;
#8531 = DIRECTION ( 'NONE',  ( 0.4999999999999968359, 0.000000000000000000, -0.8660254037844404840 ) ) ;
#8532 = ORIENTED_EDGE ( 'NONE', *, *, #4065, .F. ) ;
#8533 = CARTESIAN_POINT ( 'NONE',  ( -0.3750001136650012445, 53.58999999999999631, 14.42482235592523665 ) ) ;
#8534 = PRODUCT_RELATED_PRODUCT_CATEGORY ( 'detail', '', ( #9523 ) ) ;
#8535 = ORIENTED_EDGE ( 'NONE', *, *, #635, .T. ) ;
#8536 = EDGE_CURVE ( 'NONE', #9809, #10743, #601, .T. ) ;
#8537 = DIRECTION ( 'NONE',  ( -3.663735981263016583E-15, 0.000000000000000000, -1.000000000000000000 ) ) ;
#8538 = DIRECTION ( 'NONE',  ( 0.8660254037844368202, 0.000000000000000000, -0.5000000000000032196 ) ) ;
#8539 = PLANE ( 'NONE',  #8804 ) ;
#8540 = CLOSED_SHELL ( 'NONE', ( #11026, #9405, #8058, #8290, #5920, #1636, #4419, #8777, #2616, #8952, #5382, #662, #941, #6327, #4189, #9666, #7998, #8643, #5697, #9258, #7451, #6232, #3155, #10404, #5393, #3445, #4780, #5430, #9222, #8158, #9486, #11079, #10884, #9061, #169, #6795, #2674, #9076, #5915, #3605, #6747, #10794, #8577, #8530, #10392, #4511, #4203, #10280, #3495, #395, #7696, #4441, #4227, #4697, #6179 ) ) ;
#8541 = LINE ( 'NONE', #4133, #1313 ) ;
#8542 = ORIENTED_EDGE ( 'NONE', *, *, #10042, .F. ) ;
#8543 = DIRECTION ( 'NONE',  ( 0.8660254037844404840, 0.000000000000000000, 0.4999999999999968359 ) ) ;
#8544 = EDGE_CURVE ( 'NONE', #6014, #2118, #2601, .T. ) ;
#8545 = ORIENTED_EDGE ( 'NONE', *, *, #5570, .F. ) ;
#8546 = LINE ( 'NONE', #11298, #1870 ) ;
#8547 = CIRCLE ( 'NONE', #1413, 1.050000000000000488 ) ;
#8548 = EDGE_LOOP ( 'NONE', ( #3717, #796, #8416, #1072 ) ) ;
#8549 = LINE ( 'NONE', #6836, #729 ) ;
#8550 = VERTEX_POINT ( 'NONE', #3682 ) ;
#8551 = EDGE_LOOP ( 'NONE', ( #2836, #10845, #737, #8273 ) ) ;
#8552 = CARTESIAN_POINT ( 'NONE',  ( -0.3750001136650100153, 52.28232689208745398, -15.42482235592523843 ) ) ;
#8553 = DIRECTION ( 'NONE',  ( -0.000000000000000000, 1.000000000000000000, -0.000000000000000000 ) ) ;
#8554 = EDGE_LOOP ( 'NONE', ( #2923, #2317, #7963, #5515 ) ) ;
#8555 = PLANE ( 'NONE',  #4232 ) ;
#8556 = FACE_OUTER_BOUND ( 'NONE', #10043, .T. ) ;
#8557 = CARTESIAN_POINT ( 'NONE',  ( 0.000000000000000000, 15.50000000000000000, 6.999998126899999562 ) ) ;
#8558 = EDGE_LOOP ( 'NONE', ( #6900, #4719, #1793, #2711, #5790, #1952 ) ) ;
#8559 = EDGE_CURVE ( 'NONE', #10625, #8017, #4485, .T. ) ;
#8560 = DIRECTION ( 'NONE',  ( -1.000000000000000000, 0.000000000000000000, 1.865294060190115224E-16 ) ) ;
#8561 = EDGE_CURVE ( 'NONE', #5687, #5028, #7063, .T. ) ;
#8562 = EDGE_CURVE ( 'NONE', #2288, #11270, #3513, .T. ) ;
#8563 = CARTESIAN_POINT ( 'NONE',  ( 9.169193320307966744, 0.000000000000000000, 10.31861676694393104 ) ) ;
#8564 = CARTESIAN_POINT ( 'NONE',  ( -4.539087648767972105, 53.58999999999999631, -15.42482235592523843 ) ) ;
#8565 = ORIENTED_EDGE ( 'NONE', *, *, #6955, .F. ) ;
#8566 = VECTOR ( 'NONE', #328, 1000.000000000000227 ) ;
#8567 = CARTESIAN_POINT ( 'NONE',  ( 11.25123708785944565, 5.500000000000000000, -4.122156215251157341E-14 ) ) ;
#8568 = ORIENTED_EDGE ( 'NONE', *, *, #5400, .F. ) ;
#8569 = LINE ( 'NONE', #5086, #2025 ) ;
#8570 = LINE ( 'NONE', #2559, #8508 ) ;
#8571 = EDGE_CURVE ( 'NONE', #10615, #3580, #7116, .T. ) ;
#8572 = PLANE ( 'NONE',  #11207 ) ;
#8573 = ORIENTED_EDGE ( 'NONE', *, *, #8637, .F. ) ;
#8574 = EDGE_CURVE ( 'NONE', #451, #8088, #8891, .T. ) ;
#8575 = AXIS2_PLACEMENT_3D ( 'NONE', #686, #10204, #10427 ) ;
#8576 = CARTESIAN_POINT ( 'NONE',  ( -6.947890512954186804, 5.500000000000000000, 12.03409937386254747 ) ) ;
#8577 = ADVANCED_FACE ( 'NONE', ( #1735 ), #4540, .T. ) ;
#8578 = ORIENTED_EDGE ( 'NONE', *, *, #3890, .T. ) ;
#8579 = PLANE ( 'NONE',  #6576 ) ;
#8580 = CARTESIAN_POINT ( 'NONE',  ( 12.98328789542832418, 5.500000000000000000, -4.324303547052485590E-14 ) ) ;
#8581 = DIRECTION ( 'NONE',  ( -3.330669073875469621E-15, 0.000000000000000000, -1.000000000000000000 ) ) ;
#8582 = VECTOR ( 'NONE', #9160, 1000.000000000000000 ) ;
#8583 = DIRECTION ( 'NONE',  ( 1.224646799147351482E-16, 0.000000000000000000, -1.000000000000000000 ) ) ;
#8584 = LINE ( 'NONE', #4876, #1316 ) ;
#8585 = CARTESIAN_POINT ( 'NONE',  ( 6.737156592773878572, 53.58999999999999631, 10.31861676694392571 ) ) ;
#8586 = EDGE_LOOP ( 'NONE', ( #788, #9672 ) ) ;
#8587 = AXIS2_PLACEMENT_3D ( 'NONE', #3711, #6225, #5315 ) ;
#8588 = EDGE_CURVE ( 'NONE', #9874, #451, #5350, .T. ) ;
#8589 = CARTESIAN_POINT ( 'NONE',  ( -12.86726271897389751, 5.500000000000000000, -15.42482235592523843 ) ) ;
#8590 = EDGE_LOOP ( 'NONE', ( #9871, #9761, #4496, #7821, #6501, #4425 ) ) ;
#8591 = CARTESIAN_POINT ( 'NONE',  ( 12.98328789542832595, 0.000000000000000000, 0.4999999999999983902 ) ) ;
#8592 = ORIENTED_EDGE ( 'NONE', *, *, #10542, .T. ) ;
#8593 = DIRECTION ( 'NONE',  ( 1.000000000000000000, 0.000000000000000000, 0.000000000000000000 ) ) ;
#8594 = LINE ( 'NONE', #3336, #9978 ) ;
#8595 = VECTOR ( 'NONE', #6992, 1000.000000000000000 ) ;
#8596 = DIRECTION ( 'NONE',  ( -3.663735981263016583E-15, 0.000000000000000000, -1.000000000000000000 ) ) ;
#8597 = CARTESIAN_POINT ( 'NONE',  ( -7.837149780086493323, 53.58999999999999631, -14.92482235592524198 ) ) ;
#8598 = ORIENTED_EDGE ( 'NONE', *, *, #8571, .F. ) ;
#8599 = FACE_OUTER_BOUND ( 'NONE', #9141, .T. ) ;
#8600 = EDGE_CURVE ( 'NONE', #8810, #1227, #9595, .T. ) ;
#8601 = VECTOR ( 'NONE', #2460, 1000.000000000000000 ) ;
#8602 = ORIENTED_EDGE ( 'NONE', *, *, #7187, .F. ) ;
#8603 = CARTESIAN_POINT ( 'NONE',  ( 7.087149552756489612, 0.000000000000000000, 14.92482235592524198 ) ) ;
#8604 = VERTEX_POINT ( 'NONE', #7917 ) ;
#8605 = DIRECTION ( 'NONE',  ( -0.000000000000000000, -1.000000000000000000, 0.000000000000000000 ) ) ;
#8606 = VERTEX_POINT ( 'NONE', #83 ) ;
#8607 = ORIENTED_EDGE ( 'NONE', *, *, #31, .T. ) ;
#8608 = DIRECTION ( 'NONE',  ( 0.8660254037844404840, 0.000000000000000000, 0.4999999999999968359 ) ) ;
#8609 = LINE ( 'NONE', #6775, #3551 ) ;
#8610 = ORIENTED_EDGE ( 'NONE', *, *, #6409, .T. ) ;
#8611 = FACE_OUTER_BOUND ( 'NONE', #10264, .T. ) ;
#8612 = CARTESIAN_POINT ( 'NONE',  ( -3.673062244983527069, 53.58999999999999631, 14.92482235592523665 ) ) ;
#8613 = LINE ( 'NONE', #11203, #9838 ) ;
#8615 = EDGE_CURVE ( 'NONE', #2403, #10645, #7180, .T. ) ;
#8614 = VECTOR ( 'NONE', #812, 1000.000000000000114 ) ;
#8616 = EDGE_LOOP ( 'NONE', ( #2097, #5659, #4749, #5289 ) ) ;
#8617 = LINE ( 'NONE', #3626, #8981 ) ;
#8618 = VECTOR ( 'NONE', #3595, 1000.000000000000114 ) ;
#8619 = ADVANCED_FACE ( 'NONE', ( #9698 ), #6200, .T. ) ;
#8620 = DIRECTION ( 'NONE',  ( -0.8660254037844368202, 0.000000000000000000, 0.5000000000000032196 ) ) ;
#8621 = DIRECTION ( 'NONE',  ( 0.8660254037844407060, 0.000000000000000000, 0.4999999999999966138 ) ) ;
#8622 = VECTOR ( 'NONE', #8012, 1000.000000000000000 ) ;
#8623 = AXIS2_PLACEMENT_3D ( 'NONE', #3381, #4067, #2515 ) ;
#8624 = ORIENTED_EDGE ( 'NONE', *, *, #10888, .T. ) ;
#8625 = VECTOR ( 'NONE', #4704, 1000.000000000000000 ) ;
#8626 = CARTESIAN_POINT ( 'NONE',  ( -3.673062244983524405, 52.28232689208745398, -12.59999999999993214 ) ) ;
#8627 = ORIENTED_EDGE ( 'NONE', *, *, #7489, .F. ) ;
#8628 = CARTESIAN_POINT ( 'NONE',  ( 7.087149552756489612, 53.58999999999999631, 14.92482235592524198 ) ) ;
#8629 = CARTESIAN_POINT ( 'NONE',  ( 3.789087421437960845, 53.58999999999999631, 14.42482235592523843 ) ) ;
#8630 = DIRECTION ( 'NONE',  ( 3.663735981263016583E-15, 0.000000000000000000, 1.000000000000000000 ) ) ;
#8631 = EDGE_LOOP ( 'NONE', ( #5293, #9037, #9850, #4739 ) ) ;
#8632 = VECTOR ( 'NONE', #2733, 1000.000000000000000 ) ;
#8633 = VECTOR ( 'NONE', #5493, 1000.000000000000000 ) ;
#8634 = VECTOR ( 'NONE', #883, 1000.000000000000000 ) ;
#8635 = CARTESIAN_POINT ( 'NONE',  ( 5.871131188989433092, 0.000000000000000000, -11.81861676694392926 ) ) ;
#8636 = ORIENTED_EDGE ( 'NONE', *, *, #7477, .F. ) ;
#8637 = EDGE_CURVE ( 'NONE', #5240, #10215, #875, .T. ) ;
#8638 = ADVANCED_FACE ( 'NONE', ( #4366 ), #6149, .T. ) ;
#8639 = DIRECTION ( 'NONE',  ( 1.000000000000000000, 0.000000000000000000, -3.663735981263016583E-15 ) ) ;
#8640 = DIRECTION ( 'NONE',  ( 0.5000000000000032196, 0.000000000000000000, 0.8660254037844368202 ) ) ;
#8641 = EDGE_CURVE ( 'NONE', #1418, #87, #1719, .T. ) ;
#8642 = VECTOR ( 'NONE', #6061, 1000.000000000000000 ) ;
#8643 = ADVANCED_FACE ( 'NONE', ( #2759 ), #9763, .T. ) ;
#8644 = LINE ( 'NONE', #3319, #5129 ) ;
#8645 = VECTOR ( 'NONE', #6005, 1000.000000000000000 ) ;
#8646 = EDGE_CURVE ( 'NONE', #10691, #2510, #11307, .T. ) ;
#8647 = CARTESIAN_POINT ( 'NONE',  ( -16.00000000000000355, 67.84000000000000341, 0.000000000000000000 ) ) ;
#8648 = CARTESIAN_POINT ( 'NONE',  ( 12.11726249164388847, 0.000000000000000000, -6.212411177962620101 ) ) ;
#8649 = CARTESIAN_POINT ( 'NONE',  ( -7.837149780086496875, 51.99940408041244666, 12.59999999999996589 ) ) ;
#8650 = ORIENTED_EDGE ( 'NONE', *, *, #5485, .T. ) ;
#8651 = AXIS2_PLACEMENT_3D ( 'NONE', #446, #10814, #3881 ) ;
#8652 = CARTESIAN_POINT ( 'NONE',  ( -4.539087648767963223, 53.58999999999999631, 15.42482235592523843 ) ) ;
#8653 = VERTEX_POINT ( 'NONE', #5239 ) ;
#8654 = DIRECTION ( 'NONE',  ( 0.8660254037844407060, 0.000000000000000000, 0.4999999999999965583 ) ) ;
#8655 = ORIENTED_EDGE ( 'NONE', *, *, #904, .T. ) ;
#8656 = DIRECTION ( 'NONE',  ( 1.000000000000000000, 0.000000000000000000, -3.663735981263016583E-15 ) ) ;
#8657 = AXIS2_PLACEMENT_3D ( 'NONE', #7805, #21, #4316 ) ;
#8658 = CARTESIAN_POINT ( 'NONE',  ( -20.95000000000000639, 53.58999999999999631, -18.50000000000000355 ) ) ;
#8659 = DIRECTION ( 'NONE',  ( 0.8660254037844407060, 0.000000000000000000, 0.4999999999999966138 ) ) ;
#8660 = VERTEX_POINT ( 'NONE', #22 ) ;
#8661 = CARTESIAN_POINT ( 'NONE',  ( 2.923062017653518918, 53.58999999999999631, -13.92482235592523310 ) ) ;
#8662 = VECTOR ( 'NONE', #4679, 999.9999999999998863 ) ;
#8663 = ORIENTED_EDGE ( 'NONE', *, *, #2592, .F. ) ;
#8664 = LINE ( 'NONE', #8603, #9570 ) ;
#8665 = ORIENTED_EDGE ( 'NONE', *, *, #5024, .T. ) ;
#8666 = CARTESIAN_POINT ( 'NONE',  ( 4.678346688570193201, 5.500000000000000000, -8.103134160025252442 ) ) ;
#8667 = PLANE ( 'NONE',  #3658 ) ;
#8668 = EDGE_LOOP ( 'NONE', ( #5866, #9975, #7386, #9637 ) ) ;
#8669 = VERTEX_POINT ( 'NONE', #9645 ) ;
#8670 = CARTESIAN_POINT ( 'NONE',  ( -0.3750001136649978029, 5.500000000000000000, 15.42482235592523843 ) ) ;
#8671 = DIRECTION ( 'NONE',  ( -1.000000000000000000, 0.000000000000000000, 0.000000000000000000 ) ) ;
#8672 = ORIENTED_EDGE ( 'NONE', *, *, #1366, .F. ) ;
#8673 = CARTESIAN_POINT ( 'NONE',  ( -5.405113052552407815, 0.000000000000000000, 13.92482235592524198 ) ) ;
#8674 = PLANE ( 'NONE',  #9719 ) ;
#8675 = LINE ( 'NONE', #3410, #9466 ) ;
#8676 = EDGE_CURVE ( 'NONE', #10875, #8331, #1789, .T. ) ;
#8677 = ORIENTED_EDGE ( 'NONE', *, *, #6748, .T. ) ;
#8678 = VECTOR ( 'NONE', #7610, 1000.000000000000000 ) ;
#8679 = FACE_OUTER_BOUND ( 'NONE', #1570, .T. ) ;
#8680 = PLANE ( 'NONE',  #4002 ) ;
#8681 = CARTESIAN_POINT ( 'NONE',  ( -12.86726271897389218, 52.28232689208745398, -13.42482235592523665 ) ) ;
#8682 = VECTOR ( 'NONE', #4144, 1000.000000000000000 ) ;
#8683 = ORIENTED_EDGE ( 'NONE', *, *, #438, .F. ) ;
#8684 = FACE_OUTER_BOUND ( 'NONE', #3357, .T. ) ;
#8685 = ORIENTED_EDGE ( 'NONE', *, *, #6236, .T. ) ;
#8686 = DIRECTION ( 'NONE',  ( -3.663735981263016583E-15, -0.000000000000000000, -1.000000000000000000 ) ) ;
#8687 = LINE ( 'NONE', #1697, #471 ) ;
#8688 = EDGE_CURVE ( 'NONE', #332, #7490, #8143, .T. ) ;
#8689 = DIRECTION ( 'NONE',  ( 0.8660254037844368202, 0.000000000000000000, -0.5000000000000032196 ) ) ;
#8690 = VERTEX_POINT ( 'NONE', #5689 ) ;
#8691 = VECTOR ( 'NONE', #6573, 1000.000000000000000 ) ;
#8692 = PLANE ( 'NONE',  #2349 ) ;
#8693 = EDGE_CURVE ( 'NONE', #3163, #9874, #6497, .T. ) ;
#8694 = EDGE_LOOP ( 'NONE', ( #10546, #9125, #5126, #9592 ) ) ;
#8695 = DIRECTION ( 'NONE',  ( -0.000000000000000000, 1.000000000000000000, -0.000000000000000000 ) ) ;
#8696 = DIRECTION ( 'NONE',  ( -0.8660254037844404840, 0.000000000000000000, -0.4999999999999968359 ) ) ;
#8697 = DIRECTION ( 'NONE',  ( -0.8660254037844369313, 0.000000000000000000, 0.5000000000000029976 ) ) ;
#8698 = CARTESIAN_POINT ( 'NONE',  ( -0.3750001136649978029, 0.000000000000000000, 15.42482235592523843 ) ) ;
#8699 = CARTESIAN_POINT ( 'NONE',  ( 11.25123708785944743, 53.58999999999999631, -6.712411177962617437 ) ) ;
#8700 = CARTESIAN_POINT ( 'NONE',  ( -5.755106012535013527, 5.500000000000000000, -11.31861676694393282 ) ) ;
#8701 = ORIENTED_EDGE ( 'NONE', *, *, #3189, .F. ) ;
#8702 = EDGE_CURVE ( 'NONE', #2647, #10758, #9012, .T. ) ;
#8703 = EDGE_CURVE ( 'NONE', #10561, #9041, #419, .T. ) ;
#8704 = EDGE_CURVE ( 'NONE', #10185, #6093, #7288, .T. ) ;
#8705 = ORIENTED_EDGE ( 'NONE', *, *, #10674, .F. ) ;
#8706 = PLANE ( 'NONE',  #892 ) ;
#8707 = ORIENTED_EDGE ( 'NONE', *, *, #1757, .F. ) ;
#8708 = CYLINDRICAL_SURFACE ( 'NONE', #10613, 1.549999999999999378 ) ;
#8709 = FACE_OUTER_BOUND ( 'NONE', #4713, .T. ) ;
#8710 = DIRECTION ( 'NONE',  ( -0.000000000000000000, 1.000000000000000000, -0.000000000000000000 ) ) ;
#8711 = DIRECTION ( 'NONE',  ( -0.000000000000000000, 1.000000000000000000, -0.000000000000000000 ) ) ;
#8712 = VERTEX_POINT ( 'NONE', #1163 ) ;
#8713 = EDGE_CURVE ( 'NONE', #3255, #11241, #9998, .T. ) ;
#8714 = ORIENTED_EDGE ( 'NONE', *, *, #1212, .F. ) ;
#8715 = CARTESIAN_POINT ( 'NONE',  ( 3.789087421437952408, 53.58999999999999631, -15.42482235592523843 ) ) ;
#8716 = ADVANCED_FACE ( 'NONE', ( #9124 ), #10787, .T. ) ;
#8717 = ORIENTED_EDGE ( 'NONE', *, *, #2144, .F. ) ;
#8718 = CARTESIAN_POINT ( 'NONE',  ( 3.462328324803215729, 5.500000000000000000, 5.996928571043960154 ) ) ;
#8719 = CARTESIAN_POINT ( 'NONE',  ( -8.703175183870929033, 51.99940408041244666, 15.42482235592523843 ) ) ;
#8720 = ORIENTED_EDGE ( 'NONE', *, *, #5600, .T. ) ;
#8721 = ORIENTED_EDGE ( 'NONE', *, *, #9686, .F. ) ;
#8722 = LINE ( 'NONE', #2654, #6284 ) ;
#8723 = DIRECTION ( 'NONE',  ( -0.8660254037844368202, 0.000000000000000000, 0.5000000000000032196 ) ) ;
#8724 = EDGE_LOOP ( 'NONE', ( #2983, #8238, #5406, #388 ) ) ;
#8725 = DIRECTION ( 'NONE',  ( 0.8660254037844404840, 0.000000000000000000, 0.4999999999999968359 ) ) ;
#8726 = CARTESIAN_POINT ( 'NONE',  ( -12.86726271897389751, 0.000000000000000000, 13.42482235592524020 ) ) ;
#8727 = EDGE_LOOP ( 'NONE', ( #7499, #1619, #6211, #10017, #764, #7855 ) ) ;
#8728 = LINE ( 'NONE', #6901, #10084 ) ;
#8729 = LINE ( 'NONE', #10352, #10224 ) ;
#8730 = CARTESIAN_POINT ( 'NONE',  ( 0.000000000000000000, 15.69999999999999929, 0.000000000000000000 ) ) ;
#8731 = ORIENTED_EDGE ( 'NONE', *, *, #8006, .F. ) ;
#8732 = ORIENTED_EDGE ( 'NONE', *, *, #8182, .T. ) ;
#8733 = DIRECTION ( 'NONE',  ( -0.8660254037844369313, 0.000000000000000000, 0.5000000000000029976 ) ) ;
#8734 = DIRECTION ( 'NONE',  ( -0.8660254037844368202, 0.000000000000000000, 0.5000000000000032196 ) ) ;
#8735 = ORIENTED_EDGE ( 'NONE', *, *, #2453, .T. ) ;
#8736 = LINE ( 'NONE', #4328, #8972 ) ;
#8737 = FACE_OUTER_BOUND ( 'NONE', #6835, .T. ) ;
#8738 = DIRECTION ( 'NONE',  ( -3.663735981263016583E-15, -0.000000000000000000, -1.000000000000000000 ) ) ;
#8739 = ORIENTED_EDGE ( 'NONE', *, *, #6953, .F. ) ;
#8740 = AXIS2_PLACEMENT_3D ( 'NONE', #8635, #4281, #10478 ) ;
#8741 = LINE ( 'NONE', #3641, #3817 ) ;
#8742 = EDGE_CURVE ( 'NONE', #5458, #5749, #10045, .T. ) ;
#8743 = ORIENTED_EDGE ( 'NONE', *, *, #9775, .T. ) ;
#8744 = CYLINDRICAL_SURFACE ( 'NONE', #8587, 11.20031366318018584 ) ;
#8745 = DIRECTION ( 'NONE',  ( -0.8660254037844369313, 0.000000000000000000, 0.5000000000000029976 ) ) ;
#8746 = CARTESIAN_POINT ( 'NONE',  ( 4.655112825222392559, 53.58999999999999631, -14.92482235592524198 ) ) ;
#8747 = LINE ( 'NONE', #3702, #413 ) ;
#8748 = DIRECTION ( 'NONE',  ( 0.000000000000000000, -0.000000000000000000, -1.000000000000000000 ) ) ;
#8749 = VECTOR ( 'NONE', #5773, 1000.000000000000000 ) ;
#8750 = DIRECTION ( 'NONE',  ( 0.8660254037844368202, -0.000000000000000000, -0.5000000000000032196 ) ) ;
#8751 = EDGE_CURVE ( 'NONE', #6398, #10345, #6600, .T. ) ;
#8752 = ORIENTED_EDGE ( 'NONE', *, *, #4439, .T. ) ;
#8753 = VERTEX_POINT ( 'NONE', #1216 ) ;
#8754 = VECTOR ( 'NONE', #6990, 999.9999999999998863 ) ;
#8755 = CARTESIAN_POINT ( 'NONE',  ( 3.789087421437957293, 0.000000000000000000, 13.42482235592524020 ) ) ;
#8756 = ORIENTED_EDGE ( 'NONE', *, *, #9558, .T. ) ;
#8757 = EDGE_CURVE ( 'NONE', #10545, #10291, #7404, .T. ) ;
#8758 = DIRECTION ( 'NONE',  ( -0.8660254037844404840, -0.000000000000000000, -0.4999999999999968359 ) ) ;
#8759 = DIRECTION ( 'NONE',  ( -1.000000000000000000, 0.000000000000000000, 3.330669073875469621E-15 ) ) ;
#8760 = CARTESIAN_POINT ( 'NONE',  ( -13.73328812275833144, 53.58999999999999631, 14.92482235592524376 ) ) ;
#8761 = CARTESIAN_POINT ( 'NONE',  ( -3.673062244983531954, 53.58999999999999631, -14.92482235592524198 ) ) ;
#8762 = EDGE_LOOP ( 'NONE', ( #2015, #10428, #4520, #1715, #5272, #1510 ) ) ;
#8763 = VECTOR ( 'NONE', #8177, 1000.000000000000227 ) ;
#8764 = ORIENTED_EDGE ( 'NONE', *, *, #8637, .T. ) ;
#8765 = LINE ( 'NONE', #10727, #2604 ) ;
#8766 = VERTEX_POINT ( 'NONE', #254 ) ;
#8767 = DIRECTION ( 'NONE',  ( 0.8660254037844369313, 0.000000000000000000, -0.5000000000000029976 ) ) ;
#8768 = EDGE_CURVE ( 'NONE', #127, #2367, #8195, .T. ) ;
#8769 = PLANE ( 'NONE',  #10065 ) ;
#8770 = AXIS2_PLACEMENT_3D ( 'NONE', #6428, #5456, #9066 ) ;
#8771 = ADVANCED_FACE ( 'NONE', ( #6369 ), #4665, .T. ) ;
#8772 = ORIENTED_EDGE ( 'NONE', *, *, #1118, .F. ) ;
#8773 = ORIENTED_EDGE ( 'NONE', *, *, #9130, .T. ) ;
#8774 = LINE ( 'NONE', #3454, #2270 ) ;
#8775 = DIRECTION ( 'NONE',  ( 0.8660254037844404840, 0.000000000000000000, 0.4999999999999968359 ) ) ;
#8776 = ORIENTED_EDGE ( 'NONE', *, *, #2896, .F. ) ;
#8777 = ADVANCED_FACE ( 'NONE', ( #4772 ), #477, .T. ) ;
#8778 = DIRECTION ( 'NONE',  ( -0.000000000000000000, 1.000000000000000000, -0.000000000000000000 ) ) ;
#8779 = DIRECTION ( 'NONE',  ( -0.8660254037844369313, -0.000000000000000000, 0.5000000000000029976 ) ) ;
#8780 = ORIENTED_EDGE ( 'NONE', *, *, #5100, .F. ) ;
#8781 = DIRECTION ( 'NONE',  ( 0.000000000000000000, 0.000000000000000000, -1.000000000000000000 ) ) ;
#8782 = AXIS2_PLACEMENT_3D ( 'NONE', #5329, #909, #7101 ) ;
#8783 = DIRECTION ( 'NONE',  ( -0.000000000000000000, 1.000000000000000000, -0.000000000000000000 ) ) ;
#8784 = CARTESIAN_POINT ( 'NONE',  ( 12.98328789542832240, 5.500000000000000000, -13.92482235592524020 ) ) ;
#8785 = ORIENTED_EDGE ( 'NONE', *, *, #3326, .T. ) ;
#8786 = VECTOR ( 'NONE', #7678, 1000.000000000000000 ) ;
#8787 = ORIENTED_EDGE ( 'NONE', *, *, #6475, .F. ) ;
#8788 = CARTESIAN_POINT ( 'NONE',  ( 18.95000000000000284, 53.58999999999999631, 16.49999999999999289 ) ) ;
#8789 = LINE ( 'NONE', #7024, #5214 ) ;
#8790 = ORIENTED_EDGE ( 'NONE', *, *, #4617, .T. ) ;
#8791 = DIRECTION ( 'NONE',  ( -3.663735981263016583E-15, -0.000000000000000000, -1.000000000000000000 ) ) ;
#8792 = VECTOR ( 'NONE', #2970, 1000.000000000000000 ) ;
#8793 = LINE ( 'NONE', #9030, #4486 ) ;
#8794 = CARTESIAN_POINT ( 'NONE',  ( 16.00000000000000355, 53.58999999999999631, -18.50000000000000355 ) ) ;
#8795 = CIRCLE ( 'NONE', #3522, 2.000000000000001776 ) ;
#8796 = AXIS2_PLACEMENT_3D ( 'NONE', #8441, #6725, #9255 ) ;
#8797 = CARTESIAN_POINT ( 'NONE',  ( 8.819200360325355703, 0.000000000000000000, -14.92482235592524198 ) ) ;
#8798 = VERTEX_POINT ( 'NONE', #5751 ) ;
#8799 = LINE ( 'NONE', #4566, #4376 ) ;
#8800 = CARTESIAN_POINT ( 'NONE',  ( -3.824824861627025285, 5.500000000000000000, -6.624790990390556189 ) ) ;
#8801 = CARTESIAN_POINT ( 'NONE',  ( -2.608806497859983420, 5.500000000000000000, 4.518585401409356272 ) ) ;
#8802 = FACE_OUTER_BOUND ( 'NONE', #10205, .T. ) ;
#8803 = AXIS2_PLACEMENT_3D ( 'NONE', #1964, #9822, #6204 ) ;
#8804 = AXIS2_PLACEMENT_3D ( 'NONE', #5917, #11183, #5970 ) ;
#8805 = VERTEX_POINT ( 'NONE', #3851 ) ;
#8806 = AXIS2_PLACEMENT_3D ( 'NONE', #1630, #6042, #11149 ) ;
#8807 = DIRECTION ( 'NONE',  ( 0.4999999999999968359, 0.000000000000000000, -0.8660254037844404840 ) ) ;
#8808 = DIRECTION ( 'NONE',  ( 0.000000000000000000, -1.000000000000000000, 0.000000000000000000 ) ) ;
#8809 = EDGE_CURVE ( 'NONE', #5632, #318, #1387, .T. ) ;
#8810 = VERTEX_POINT ( 'NONE', #10847 ) ;
#8811 = VERTEX_POINT ( 'NONE', #7240 ) ;
#8812 = VECTOR ( 'NONE', #3420, 1000.000000000000114 ) ;
#8813 = VECTOR ( 'NONE', #3861, 1000.000000000000000 ) ;
#8814 = EDGE_CURVE ( 'NONE', #7074, #3634, #10734, .T. ) ;
#8815 = LINE ( 'NONE', #2, #2360 ) ;
#8816 = VERTEX_POINT ( 'NONE', #2017 ) ;
#8817 = CARTESIAN_POINT ( 'NONE',  ( -16.00000102328300855, 58.58999999999999631, 9.605637215151624275 ) ) ;
#8818 = DIRECTION ( 'NONE',  ( 0.000000000000000000, -1.000000000000000000, 0.000000000000000000 ) ) ;
#8819 = LINE ( 'NONE', #9747, #9365 ) ;
#8820 = CARTESIAN_POINT ( 'NONE',  ( 17.15000000000000213, 53.58999999999999631, -7.100000000000002309 ) ) ;
#8821 = ADVANCED_FACE ( 'NONE', ( #5913 ), #3165, .T. ) ;
#8822 = EDGE_LOOP ( 'NONE', ( #9235, #5699, #1965, #6912 ) ) ;
#8823 = VECTOR ( 'NONE', #7111, 1000.000000000000000 ) ;
#8824 = EDGE_LOOP ( 'NONE', ( #6770, #2637 ) ) ;
#8825 = ADVANCED_FACE ( 'NONE', ( #11182 ), #6826, .F. ) ;
#8826 = LINE ( 'NONE', #1090, #5533 ) ;
#8827 = VECTOR ( 'NONE', #1632, 1000.000000000000114 ) ;
#8828 = VERTEX_POINT ( 'NONE', #10326 ) ;
#8829 = CARTESIAN_POINT ( 'NONE',  ( 5.871131188989445526, 5.500000000000000000, 11.81861676694392926 ) ) ;
#8830 = CARTESIAN_POINT ( 'NONE',  ( 6.737156592773878572, 0.000000000000000000, 10.31861676694392571 ) ) ;
#8831 = ORIENTED_EDGE ( 'NONE', *, *, #9545, .T. ) ;
#8832 = ORIENTED_EDGE ( 'NONE', *, *, #8693, .F. ) ;
#8833 = FACE_OUTER_BOUND ( 'NONE', #6692, .T. ) ;
#8834 = DIRECTION ( 'NONE',  ( 0.5000000000000032196, 0.000000000000000000, 0.8660254037844368202 ) ) ;
#8835 = EDGE_LOOP ( 'NONE', ( #7113, #1624, #320, #11180 ) ) ;
#8836 = CARTESIAN_POINT ( 'NONE',  ( 11.25123708785945098, 51.99940408041244666, 13.92482235592524020 ) ) ;
#8837 = CARTESIAN_POINT ( 'NONE',  ( -0.3750001136650029654, 5.500000000000000000, -13.42482235592523665 ) ) ;
#8838 = ORIENTED_EDGE ( 'NONE', *, *, #7900, .T. ) ;
#8839 = DIRECTION ( 'NONE',  ( -1.000000000000000000, 0.000000000000000000, 3.330669073875469621E-15 ) ) ;
#8840 = VECTOR ( 'NONE', #760, 1000.000000000000000 ) ;
#8841 = EDGE_CURVE ( 'NONE', #3895, #7297, #8594, .T. ) ;
#8842 = ADVANCED_FACE ( 'NONE', ( #8418 ), #1436, .T. ) ;
#8843 = ADVANCED_FACE ( 'NONE', ( #7571 ), #5106, .F. ) ;
#8844 = EDGE_CURVE ( 'NONE', #4600, #2977, #6173, .T. ) ;
#8845 = DIRECTION ( 'NONE',  ( -0.000000000000000000, 1.000000000000000000, -0.000000000000000000 ) ) ;
#8846 = EDGE_CURVE ( 'NONE', #9419, #10143, #11073, .T. ) ;
#8847 = DIRECTION ( 'NONE',  ( -0.8660254037844368202, 0.000000000000000000, 0.5000000000000032196 ) ) ;
#8848 = ORIENTED_EDGE ( 'NONE', *, *, #10060, .F. ) ;
#8849 = VERTEX_POINT ( 'NONE', #1552 ) ;
#8850 = CARTESIAN_POINT ( 'NONE',  ( -5.405113052552404262, 53.58999999999999631, 14.92482235592524376 ) ) ;
#8851 = CARTESIAN_POINT ( 'NONE',  ( -13.73328812275833144, 5.500000000000000000, -6.712411177962615660 ) ) ;
#8852 = VECTOR ( 'NONE', #7102, 1000.000000000000000 ) ;
#8853 = ORIENTED_EDGE ( 'NONE', *, *, #1154, .F. ) ;
#8854 = CARTESIAN_POINT ( 'NONE',  ( -12.86726271897389040, 0.000000000000000000, 15.42482235592523843 ) ) ;
#8855 = CARTESIAN_POINT ( 'NONE',  ( 8.667437743681979612, 5.500000000000000000, 15.01244254349721885 ) ) ;
#8856 = DIRECTION ( 'NONE',  ( -0.8660254037844369313, -0.000000000000000000, 0.5000000000000029976 ) ) ;
#8857 = AXIS2_PLACEMENT_3D ( 'NONE', #10395, #1678, #3181 ) ;
#8858 = EDGE_CURVE ( 'NONE', #292, #6408, #9669, .T. ) ;
#8859 = FACE_OUTER_BOUND ( 'NONE', #11028, .T. ) ;
#8860 = CARTESIAN_POINT ( 'NONE',  ( -14.08328108274093893, 0.000000000000000000, 3.106205588981306942 ) ) ;
#8861 = VERTEX_POINT ( 'NONE', #691 ) ;
#8862 = PLANE ( 'NONE',  #6207 ) ;
#8863 = PLANE ( 'NONE',  #2991 ) ;
#8864 = VERTEX_POINT ( 'NONE', #4183 ) ;
#8865 = FACE_OUTER_BOUND ( 'NONE', #2676, .T. ) ;
#8866 = DIRECTION ( 'NONE',  ( -0.4999999999999966138, 0.000000000000000000, 0.8660254037844407060 ) ) ;
#8867 = VECTOR ( 'NONE', #5318, 1000.000000000000000 ) ;
#8868 = VERTEX_POINT ( 'NONE', #4078 ) ;
#8869 = DIRECTION ( 'NONE',  ( -0.8660254037844404840, 0.000000000000000000, -0.4999999999999968359 ) ) ;
#8870 = CARTESIAN_POINT ( 'NONE',  ( -10.63099071762207082, 51.99940408041244666, 2.291112241961873686 ) ) ;
#8871 = VERTEX_POINT ( 'NONE', #7673 ) ;
#8872 = ORIENTED_EDGE ( 'NONE', *, *, #3708, .F. ) ;
#8873 = AXIS2_PLACEMENT_3D ( 'NONE', #8334, #10013, #491 ) ;
#8874 = DIRECTION ( 'NONE',  ( 0.000000000000000000, 1.000000000000000000, -0.000000000000000000 ) ) ;
#8875 = ORIENTED_EDGE ( 'NONE', *, *, #7614, .F. ) ;
#8876 = PLANE ( 'NONE',  #8782 ) ;
#8877 = FACE_OUTER_BOUND ( 'NONE', #8822, .T. ) ;
#8878 = FACE_OUTER_BOUND ( 'NONE', #6699, .T. ) ;
#8879 = CARTESIAN_POINT ( 'NONE',  ( 5.871131188989440197, 0.000000000000000000, -9.818616766943927487 ) ) ;
#8880 = LINE ( 'NONE', #1031, #751 ) ;
#8881 = EDGE_LOOP ( 'NONE', ( #4512, #9749, #10491, #6001 ) ) ;
#8882 = ORIENTED_EDGE ( 'NONE', *, *, #7990, .F. ) ;
#8883 = EDGE_CURVE ( 'NONE', #5633, #7567, #10160, .T. ) ;
#8884 = CARTESIAN_POINT ( 'NONE',  ( -0.5267627303084642110, 5.500000000000000000, -0.9123798124279545174 ) ) ;
#8885 = VERTEX_POINT ( 'NONE', #1604 ) ;
#8886 = CARTESIAN_POINT ( 'NONE',  ( -3.673062244983528846, 53.58999999999999631, -13.92482235592524020 ) ) ;
#8887 = CARTESIAN_POINT ( 'NONE',  ( -7.837149780086493323, 0.000000000000000000, 13.92482235592523487 ) ) ;
#8888 = EDGE_LOOP ( 'NONE', ( #6580, #8288, #673, #3415 ) ) ;
#8889 = ORIENTED_EDGE ( 'NONE', *, *, #4560, .T. ) ;
#8890 = DIRECTION ( 'NONE',  ( 3.663735981263016583E-15, 0.000000000000000000, 1.000000000000000000 ) ) ;
#8891 = LINE ( 'NONE', #929, #813 ) ;
#8892 = VERTEX_POINT ( 'NONE', #746 ) ;
#8893 = DIRECTION ( 'NONE',  ( 0.8660254037844368202, -0.000000000000000000, -0.5000000000000032196 ) ) ;
#8894 = CARTESIAN_POINT ( 'NONE',  ( -16.94829350482982022, 67.84000000000000341, -18.50000000000000355 ) ) ;
#8895 = VERTEX_POINT ( 'NONE', #4244 ) ;
#8896 = FACE_BOUND ( 'NONE', #2823, .T. ) ;
#8897 = ADVANCED_FACE ( 'NONE', ( #7737 ), #526, .T. ) ;
#8898 = ORIENTED_EDGE ( 'NONE', *, *, #3988, .F. ) ;
#8899 = CARTESIAN_POINT ( 'NONE',  ( 4.655112825222397888, 0.000000000000000000, 13.92482235592523487 ) ) ;
#8900 = ORIENTED_EDGE ( 'NONE', *, *, #8119, .F. ) ;
#8901 = ORIENTED_EDGE ( 'NONE', *, *, #3655, .F. ) ;
#8902 = LINE ( 'NONE', #7870, #3722 ) ;
#8903 = PLANE ( 'NONE',  #4657 ) ;
#8904 = EDGE_CURVE ( 'NONE', #2747, #1246, #4885, .T. ) ;
#8905 = ORIENTED_EDGE ( 'NONE', *, *, #2476, .T. ) ;
#8906 = CARTESIAN_POINT ( 'NONE',  ( -14.08328108274093360, 5.500000000000000000, 4.106205588981307386 ) ) ;
#8907 = CARTESIAN_POINT ( 'NONE',  ( 17.15000000000000213, 67.84000000000000341, -12.60000000000000142 ) ) ;
#8908 = EDGE_CURVE ( 'NONE', #2367, #8805, #8367, .T. ) ;
#8909 = DIRECTION ( 'NONE',  ( -0.4999999999999966138, 0.000000000000000000, 0.8660254037844407060 ) ) ;
#8910 = CARTESIAN_POINT ( 'NONE',  ( 5.005105785205000046, 0.000000000000000000, -10.31861676694392393 ) ) ;
#8911 = DIRECTION ( 'NONE',  ( -0.8660254037844369313, 0.000000000000000000, 0.5000000000000029976 ) ) ;
#8912 = ORIENTED_EDGE ( 'NONE', *, *, #3934, .T. ) ;
#8913 = DIRECTION ( 'NONE',  ( -1.000000000000000000, 0.000000000000000000, 3.330669073875469621E-15 ) ) ;
#8914 = FACE_OUTER_BOUND ( 'NONE', #5816, .T. ) ;
#8915 = EDGE_CURVE ( 'NONE', #6686, #9534, #6661, .T. ) ;
#8916 = ORIENTED_EDGE ( 'NONE', *, *, #5759, .T. ) ;
#8917 = FACE_OUTER_BOUND ( 'NONE', #4354, .T. ) ;
#8918 = EDGE_CURVE ( 'NONE', #7921, #10336, #5801, .T. ) ;
#8919 = LINE ( 'NONE', #7318, #460 ) ;
#8920 = EDGE_CURVE ( 'NONE', #835, #5182, #7620, .T. ) ;
#8921 = ORIENTED_EDGE ( 'NONE', *, *, #4399, .T. ) ;
#8922 = EDGE_CURVE ( 'NONE', #10625, #5424, #1879, .T. ) ;
#8923 = LINE ( 'NONE', #2167, #10293 ) ;
#8924 = LINE ( 'NONE', #5556, #557 ) ;
#8925 = VERTEX_POINT ( 'NONE', #5381 ) ;
#8926 = EDGE_CURVE ( 'NONE', #6182, #385, #2971, .T. ) ;
#8927 = ORIENTED_EDGE ( 'NONE', *, *, #9399, .F. ) ;
#8928 = LINE ( 'NONE', #5271, #3828 ) ;
#8929 = ORIENTED_EDGE ( 'NONE', *, *, #10500, .F. ) ;
#8930 = CARTESIAN_POINT ( 'NONE',  ( 6.737156592773873243, 53.58999999999999631, -11.31861676694393282 ) ) ;
#8931 = VECTOR ( 'NONE', #10180, 1000.000000000000000 ) ;
#8932 = DIRECTION ( 'NONE',  ( -0.000000000000000000, 1.000000000000000000, -0.000000000000000000 ) ) ;
#8933 = CARTESIAN_POINT ( 'NONE',  ( -1.241025517449443338, 53.58999999999999631, -13.92482235592523310 ) ) ;
#8934 = DIRECTION ( 'NONE',  ( -0.000000000000000000, -1.000000000000000000, -0.000000000000000000 ) ) ;
#8935 = CARTESIAN_POINT ( 'NONE',  ( 5.871131188989440197, 5.500000000000000000, -9.818616766943927487 ) ) ;
#8936 = EDGE_LOOP ( 'NONE', ( #5470, #3232, #6345, #7927 ) ) ;
#8937 = AXIS2_PLACEMENT_3D ( 'NONE', #4298, #8531, #2468 ) ;
#8938 = CARTESIAN_POINT ( 'NONE',  ( -13.73328812275833499, 53.58999999999999631, -14.92482235592523487 ) ) ;
#8939 = VERTEX_POINT ( 'NONE', #1019 ) ;
#8940 = CARTESIAN_POINT ( 'NONE',  ( -13.73328812275833144, 53.58999999999999631, -13.92482235592523310 ) ) ;
#8941 = FACE_OUTER_BOUND ( 'NONE', #11023, .T. ) ;
#8942 = EDGE_LOOP ( 'NONE', ( #3794, #6223, #1369, #2219 ) ) ;
#8943 = ORIENTED_EDGE ( 'NONE', *, *, #5976, .F. ) ;
#8944 = CARTESIAN_POINT ( 'NONE',  ( 12.98328789542832062, 53.58999999999999631, -7.712411177962624542 ) ) ;
#8945 = DIRECTION ( 'NONE',  ( -3.663735981263016583E-15, 0.000000000000000000, -1.000000000000000000 ) ) ;
#8946 = ORIENTED_EDGE ( 'NONE', *, *, #10234, .T. ) ;
#8947 = VECTOR ( 'NONE', #2566, 1000.000000000000000 ) ;
#8948 = FACE_OUTER_BOUND ( 'NONE', #482, .T. ) ;
#8949 = CARTESIAN_POINT ( 'NONE',  ( 12.98328789542832773, 53.58999999999999631, 13.92482235592523310 ) ) ;
#8950 = ORIENTED_EDGE ( 'NONE', *, *, #11248, .T. ) ;
#8951 = CARTESIAN_POINT ( 'NONE',  ( -6.621131416319446572, 53.58999999999999631, 11.81861676694392926 ) ) ;
#8952 = ADVANCED_FACE ( 'NONE', ( #8802 ), #5492, .T. ) ;
#8953 = VECTOR ( 'NONE', #9120, 1000.000000000000000 ) ;
#8954 = ORIENTED_EDGE ( 'NONE', *, *, #6997, .F. ) ;
#8955 = DIRECTION ( 'NONE',  ( -1.000000000000000000, 0.000000000000000000, 3.330669073875469621E-15 ) ) ;
#8956 = ORIENTED_EDGE ( 'NONE', *, *, #9443, .T. ) ;
#8957 = EDGE_CURVE ( 'NONE', #9428, #4835, #823, .T. ) ;
#8958 = ORIENTED_EDGE ( 'NONE', *, *, #2550, .F. ) ;
#8959 = DIRECTION ( 'NONE',  ( -3.663735981263016583E-15, -0.000000000000000000, -1.000000000000000000 ) ) ;
#8960 = CARTESIAN_POINT ( 'NONE',  ( -6.621131416319453677, 0.000000000000000000, 9.818616766943931040 ) ) ;
#8961 = ORIENTED_EDGE ( 'NONE', *, *, #3576, .F. ) ;
#8962 = FACE_OUTER_BOUND ( 'NONE', #11153, .T. ) ;
#8963 = LINE ( 'NONE', #9508, #2783 ) ;
#8964 = DIRECTION ( 'NONE',  ( 1.000000000000000000, 0.000000000000000000, 0.000000000000000000 ) ) ;
#8965 = PLANE ( 'NONE',  #1142 ) ;
#8966 = AXIS2_PLACEMENT_3D ( 'NONE', #10484, #2629, #5380 ) ;
#8967 = EDGE_CURVE ( 'NONE', #6491, #8496, #2051, .T. ) ;
#8968 = LINE ( 'NONE', #11042, #8008 ) ;
#8969 = CIRCLE ( 'NONE', #8446, 1.549999999999999378 ) ;
#8970 = FACE_OUTER_BOUND ( 'NONE', #1799, .T. ) ;
#8971 = ORIENTED_EDGE ( 'NONE', *, *, #4581, .T. ) ;
#8972 = VECTOR ( 'NONE', #1927, 1000.000000000000114 ) ;
#8973 = CARTESIAN_POINT ( 'NONE',  ( 12.11726249164388136, 0.000000000000000000, -8.212411177962620101 ) ) ;
#8974 = DIRECTION ( 'NONE',  ( 0.8660254037844404840, 0.000000000000000000, 0.4999999999999968359 ) ) ;
#8975 = ORIENTED_EDGE ( 'NONE', *, *, #7651, .F. ) ;
#8976 = DIRECTION ( 'NONE',  ( 0.000000000000000000, 0.000000000000000000, -1.000000000000000000 ) ) ;
#8977 = CARTESIAN_POINT ( 'NONE',  ( -5.755106012535013527, 53.58999999999999631, -11.31861676694393282 ) ) ;
#8978 = ORIENTED_EDGE ( 'NONE', *, *, #1740, .F. ) ;
#8979 = FACE_OUTER_BOUND ( 'NONE', #1242, .T. ) ;
#8980 = CARTESIAN_POINT ( 'NONE',  ( -9.919193547638009534, 5.500000000000000000, 3.303755118690302475E-14 ) ) ;
#8981 = VECTOR ( 'NONE', #197, 999.9999999999998863 ) ;
#8982 = ORIENTED_EDGE ( 'NONE', *, *, #8425, .T. ) ;
#8983 = AXIS2_PLACEMENT_3D ( 'NONE', #2019, #10958, #7459 ) ;
#8984 = AXIS2_PLACEMENT_3D ( 'NONE', #3812, #1231, #9028 ) ;
#8985 = ADVANCED_FACE ( 'NONE', ( #4459 ), #1190, .T. ) ;
#8986 = EDGE_CURVE ( 'NONE', #2912, #6271, #10709, .T. ) ;
#8987 = ORIENTED_EDGE ( 'NONE', *, *, #1600, .T. ) ;
#8988 = EDGE_CURVE ( 'NONE', #8669, #3746, #162, .T. ) ;
#8989 = ADVANCED_FACE ( 'NONE', ( #9728 ), #5439, .T. ) ;
#8990 = EDGE_CURVE ( 'NONE', #7834, #7177, #8919, .T. ) ;
#8991 = DIRECTION ( 'NONE',  ( 0.000000000000000000, -0.000000000000000000, 1.000000000000000000 ) ) ;
#8992 = VECTOR ( 'NONE', #1554, 1000.000000000000000 ) ;
#8993 = ORIENTED_EDGE ( 'NONE', *, *, #7775, .F. ) ;
#8994 = VECTOR ( 'NONE', #2745, 1000.000000000000000 ) ;
#8995 = DIRECTION ( 'NONE',  ( 1.000000000000000000, 0.000000000000000000, -3.663735981263016583E-15 ) ) ;
#8996 = VECTOR ( 'NONE', #1050, 1000.000000000000000 ) ;
#8997 = CARTESIAN_POINT ( 'NONE',  ( 12.11726249164388847, 5.500000000000000000, 13.42482235592523665 ) ) ;
#8998 = PLANE ( 'NONE',  #4409 ) ;
#8999 = LINE ( 'NONE', #1149, #5708 ) ;
#9000 = DIRECTION ( 'NONE',  ( -3.663735981263016583E-15, 0.000000000000000000, -1.000000000000000000 ) ) ;
#9001 = ORIENTED_EDGE ( 'NONE', *, *, #6125, .T. ) ;
#9002 = VECTOR ( 'NONE', #5216, 1000.000000000000114 ) ;
#9003 = VECTOR ( 'NONE', #6920, 1000.000000000000114 ) ;
#9004 = VECTOR ( 'NONE', #8373, 1000.000000000000000 ) ;
#9005 = CARTESIAN_POINT ( 'NONE',  ( -12.00123731518945291, 0.000000000000000000, -6.712411177962621878 ) ) ;
#9006 = ORIENTED_EDGE ( 'NONE', *, *, #6537, .F. ) ;
#9007 = DIRECTION ( 'NONE',  ( 1.865294060190115224E-16, 0.000000000000000000, 1.000000000000000000 ) ) ;
#9008 = DIRECTION ( 'NONE',  ( 0.8660254037844404840, 0.000000000000000000, 0.4999999999999968359 ) ) ;
#9009 = VERTEX_POINT ( 'NONE', #10647 ) ;
#9010 = VERTEX_POINT ( 'NONE', #2792 ) ;
#9011 = CARTESIAN_POINT ( 'NONE',  ( -13.73328812275833499, 53.58999999999999631, -14.92482235592523487 ) ) ;
#9012 = LINE ( 'NONE', #7458, #8501 ) ;
#9013 = VECTOR ( 'NONE', #2754, 1000.000000000000000 ) ;
#9014 = ORIENTED_EDGE ( 'NONE', *, *, #6040, .T. ) ;
#9015 = VECTOR ( 'NONE', #11141, 1000.000000000000000 ) ;
#9016 = DIRECTION ( 'NONE',  ( -0.000000000000000000, 1.000000000000000000, -0.000000000000000000 ) ) ;
#9017 = CARTESIAN_POINT ( 'NONE',  ( 12.98328789542832240, 0.000000000000000000, -13.92482235592524020 ) ) ;
#9018 = VERTEX_POINT ( 'NONE', #1131 ) ;
#9019 = CARTESIAN_POINT ( 'NONE',  ( -8.703175183870934362, 53.58999999999999631, 13.42482235592524020 ) ) ;
#9020 = VECTOR ( 'NONE', #9667, 1000.000000000000000 ) ;
#9021 = ORIENTED_EDGE ( 'NONE', *, *, #1071, .F. ) ;
#9022 = CARTESIAN_POINT ( 'NONE',  ( 0.4910252901194303021, 5.500000000000000000, -14.92482235592524198 ) ) ;
#9023 = EDGE_LOOP ( 'NONE', ( #4186, #8221, #8545, #9297 ) ) ;
#9024 = EDGE_CURVE ( 'NONE', #2657, #2358, #6290, .T. ) ;
#9025 = ORIENTED_EDGE ( 'NONE', *, *, #10607, .T. ) ;
#9026 = DIRECTION ( 'NONE',  ( -0.000000000000000000, 1.000000000000000000, -0.000000000000000000 ) ) ;
#9027 = ORIENTED_EDGE ( 'NONE', *, *, #11005, .T. ) ;
#9028 = DIRECTION ( 'NONE',  ( 0.000000000000000000, 0.000000000000000000, -1.000000000000000000 ) ) ;
#9029 = CARTESIAN_POINT ( 'NONE',  ( 11.25123708785944388, 52.28232689208745398, -13.92482235592523310 ) ) ;
#9030 = CARTESIAN_POINT ( 'NONE',  ( -3.673062244983527069, 53.58999999999999631, 14.92482235592523665 ) ) ;
#9031 = VECTOR ( 'NONE', #1174, 1000.000000000000000 ) ;
#9032 = CARTESIAN_POINT ( 'NONE',  ( 7.953174956540923546, 5.500000000000000000, 13.42482235592523665 ) ) ;
#9033 = EDGE_CURVE ( 'NONE', #7194, #9334, #2853, .T. ) ;
#9034 = LINE ( 'NONE', #2962, #7655 ) ;
#9035 = CARTESIAN_POINT ( 'NONE',  ( 2.923062017653520250, 0.000000000000000000, 13.92482235592524198 ) ) ;
#9036 = VECTOR ( 'NONE', #6184, 1000.000000000000114 ) ;
#9037 = ORIENTED_EDGE ( 'NONE', *, *, #3244, .F. ) ;
#9038 = LINE ( 'NONE', #5762, #1814 ) ;
#9039 = ADVANCED_FACE ( 'NONE', ( #6466 ), #2907, .F. ) ;
#9040 = PLANE ( 'NONE',  #7004 ) ;
#9041 = VERTEX_POINT ( 'NONE', #8977 ) ;
#9042 = DIRECTION ( 'NONE',  ( -0.8660254037844369313, 0.000000000000000000, 0.5000000000000029976 ) ) ;
#9043 = CARTESIAN_POINT ( 'NONE',  ( 0.4910252901194355202, 5.500000000000000000, 13.92482235592523310 ) ) ;
#9044 = CARTESIAN_POINT ( 'NONE',  ( 7.087149552756481619, 0.000000000000000000, -13.92482235592523310 ) ) ;
#9045 = LINE ( 'NONE', #10767, #2771 ) ;
#9046 = ORIENTED_EDGE ( 'NONE', *, *, #11143, .T. ) ;
#9047 = VECTOR ( 'NONE', #4382, 1000.000000000000114 ) ;
#9048 = EDGE_CURVE ( 'NONE', #7710, #4980, #9907, .T. ) ;
#9049 = ORIENTED_EDGE ( 'NONE', *, *, #11276, .T. ) ;
#9050 = LINE ( 'NONE', #1421, #8582 ) ;
#9051 = VECTOR ( 'NONE', #7347, 1000.000000000000114 ) ;
#9052 = VERTEX_POINT ( 'NONE', #9043 ) ;
#9053 = PLANE ( 'NONE',  #6767 ) ;
#9054 = CARTESIAN_POINT ( 'NONE',  ( 2.596302921018772025, 5.500000000000000000, 4.496928571043961931 ) ) ;
#9055 = LINE ( 'NONE', #4587, #8625 ) ;
#9056 = EDGE_CURVE ( 'NONE', #9985, #1246, #4693, .T. ) ;
#9057 = EDGE_CURVE ( 'NONE', #1725, #7837, #7945, .T. ) ;
#9058 = CARTESIAN_POINT ( 'NONE',  ( 2.923062017653520250, 53.58999999999999631, 13.92482235592524198 ) ) ;
#9059 = FACE_BOUND ( 'NONE', #266, .T. ) ;
#9060 = ORIENTED_EDGE ( 'NONE', *, *, #10674, .T. ) ;
#9061 = ADVANCED_FACE ( 'NONE', ( #9097 ), #3199, .F. ) ;
#9062 = VECTOR ( 'NONE', #5254, 1000.000000000000000 ) ;
#9063 = CARTESIAN_POINT ( 'NONE',  ( 10.03521872409241134, 5.500000000000000000, 11.81861676694392926 ) ) ;
#9064 = ORIENTED_EDGE ( 'NONE', *, *, #7187, .T. ) ;
#9065 = LINE ( 'NONE', #6427, #5172 ) ;
#9066 = DIRECTION ( 'NONE',  ( 0.000000000000000000, 0.000000000000000000, -1.000000000000000000 ) ) ;
#9067 = ORIENTED_EDGE ( 'NONE', *, *, #5261, .T. ) ;
#9068 = EDGE_LOOP ( 'NONE', ( #364, #11274, #10630, #1525, #417, #3768 ) ) ;
#9069 = CARTESIAN_POINT ( 'NONE',  ( 3.789087421437959069, 0.000000000000000000, -13.42482235592523665 ) ) ;
#9070 = DIRECTION ( 'NONE',  ( 3.663735981263016583E-15, 0.000000000000000000, 1.000000000000000000 ) ) ;
#9071 = ADVANCED_FACE ( 'NONE', ( #2111 ), #2165, .T. ) ;
#9072 = ORIENTED_EDGE ( 'NONE', *, *, #4926, .F. ) ;
#9073 = LINE ( 'NONE', #3916, #1307 ) ;
#9074 = CARTESIAN_POINT ( 'NONE',  ( -18.95000000000000995, 67.84000000000000341, -16.50000000000000000 ) ) ;
#9075 = ORIENTED_EDGE ( 'NONE', *, *, #300, .F. ) ;
#9076 = ADVANCED_FACE ( 'NONE', ( #5661 ), #6524, .T. ) ;
#9077 = LINE ( 'NONE', #6503, #4403 ) ;
#9078 = EDGE_CURVE ( 'NONE', #9350, #2351, #10138, .T. ) ;
#9079 = ORIENTED_EDGE ( 'NONE', *, *, #9308, .F. ) ;
#9080 = CARTESIAN_POINT ( 'NONE',  ( 12.11726249164388847, 53.58999999999999631, -6.212411177962620101 ) ) ;
#9081 = ORIENTED_EDGE ( 'NONE', *, *, #1768, .F. ) ;
#9082 = ORIENTED_EDGE ( 'NONE', *, *, #7704, .T. ) ;
#9083 = DIRECTION ( 'NONE',  ( 3.330669073875469621E-15, 0.000000000000000000, 1.000000000000000000 ) ) ;
#9084 = LINE ( 'NONE', #10120, #454 ) ;
#9085 = EDGE_LOOP ( 'NONE', ( #7850, #2163, #3617, #4691, #7815, #7436 ) ) ;
#9086 = FACE_OUTER_BOUND ( 'NONE', #1208, .T. ) ;
#9087 = PLANE ( 'NONE',  #934 ) ;
#9088 = DIRECTION ( 'NONE',  ( 1.000000000000000000, 0.000000000000000000, 0.000000000000000000 ) ) ;
#9089 = PLANE ( 'NONE',  #8281 ) ;
#9090 = EDGE_CURVE ( 'NONE', #4383, #10548, #4110, .T. ) ;
#9091 = PLANE ( 'NONE',  #6921 ) ;
#9092 = DIRECTION ( 'NONE',  ( -0.000000000000000000, 1.000000000000000000, -0.000000000000000000 ) ) ;
#9093 = ORIENTED_EDGE ( 'NONE', *, *, #10377, .T. ) ;
#9094 = DIRECTION ( 'NONE',  ( -0.000000000000000000, 1.000000000000000000, -0.000000000000000000 ) ) ;
#9095 = EDGE_LOOP ( 'NONE', ( #9414, #8889, #3446, #4455, #3826, #6833 ) ) ;
#9096 = CARTESIAN_POINT ( 'NONE',  ( 12.11726249164387781, 5.500000000000000000, -15.42482235592523843 ) ) ;
#9097 = FACE_OUTER_BOUND ( 'NONE', #1499, .T. ) ;
#9098 = EDGE_LOOP ( 'NONE', ( #1643, #1663 ) ) ;
#9099 = LINE ( 'NONE', #3251, #6628 ) ;
#9100 = PLANE ( 'NONE',  #1104 ) ;
#9101 = VERTEX_POINT ( 'NONE', #3136 ) ;
#9102 = EDGE_CURVE ( 'NONE', #3634, #9653, #450, .T. ) ;
#9103 = ORIENTED_EDGE ( 'NONE', *, *, #1419, .F. ) ;
#9104 = EDGE_LOOP ( 'NONE', ( #8773, #6603, #1559, #10006 ) ) ;
#9105 = LINE ( 'NONE', #9274, #6202 ) ;
#9106 = CALENDAR_DATE ( 2025, 18, 11 ) ;
#9107 = ORIENTED_EDGE ( 'NONE', *, *, #2092, .T. ) ;
#9108 = CARTESIAN_POINT ( 'NONE',  ( -13.73328812275832789, 52.28232689208745398, -12.59999999999988951 ) ) ;
#9109 = EDGE_CURVE ( 'NONE', #7490, #8327, #6636, .T. ) ;
#9110 = LINE ( 'NONE', #5619, #6295 ) ;
#9111 = LINE ( 'NONE', #1255, #5711 ) ;
#9112 = CARTESIAN_POINT ( 'NONE',  ( -6.772894032962986977, 5.500000000000000000, -11.73099657937187423 ) ) ;
#9113 = FACE_BOUND ( 'NONE', #7380, .T. ) ;
#9114 = ORIENTED_EDGE ( 'NONE', *, *, #6473, .T. ) ;
#9115 = EDGE_CURVE ( 'NONE', #7582, #4265, #10021, .T. ) ;
#9116 = EDGE_CURVE ( 'NONE', #1505, #2665, #4970, .T. ) ;
#9117 = LINE ( 'NONE', #4880, #713 ) ;
#9118 = ORIENTED_EDGE ( 'NONE', *, *, #4856, .T. ) ;
#9119 = DIRECTION ( 'NONE',  ( -0.000000000000000000, 1.000000000000000000, -0.000000000000000000 ) ) ;
#9120 = DIRECTION ( 'NONE',  ( 0.8660254037844369313, 0.000000000000000000, -0.5000000000000029976 ) ) ;
#9121 = ORIENTED_EDGE ( 'NONE', *, *, #1560, .F. ) ;
#9122 = EDGE_CURVE ( 'NONE', #5028, #10163, #2221, .T. ) ;
#9123 = CARTESIAN_POINT ( 'NONE',  ( 12.11726249164387781, 0.000000000000000000, -15.42482235592523843 ) ) ;
#9124 = FACE_OUTER_BOUND ( 'NONE', #3529, .T. ) ;
#9125 = ORIENTED_EDGE ( 'NONE', *, *, #2455, .F. ) ;
#9126 = DIRECTION ( 'NONE',  ( -0.5000000000000029976, 0.000000000000000000, -0.8660254037844369313 ) ) ;
#9127 = LINE ( 'NONE', #11016, #4415 ) ;
#9128 = EDGE_LOOP ( 'NONE', ( #11252, #5497, #1844, #5612 ) ) ;
#9129 = CARTESIAN_POINT ( 'NONE',  ( 7.087149552756489612, 53.58999999999999631, 14.92482235592524198 ) ) ;
#9130 = EDGE_CURVE ( 'NONE', #2288, #1395, #5606, .T. ) ;
#9131 = ORIENTED_EDGE ( 'NONE', *, *, #9654, .T. ) ;
#9132 = ADVANCED_FACE ( 'NONE', ( #11049 ), #617, .T. ) ;
#9133 = DIRECTION ( 'NONE',  ( 0.000000000000000000, 0.000000000000000000, 1.000000000000000000 ) ) ;
#9134 = EDGE_CURVE ( 'NONE', #3051, #3680, #1362, .T. ) ;
#9135 = ORIENTED_EDGE ( 'NONE', *, *, #4439, .F. ) ;
#9136 = EDGE_CURVE ( 'NONE', #1051, #5231, #7483, .T. ) ;
#9137 = VECTOR ( 'NONE', #5908, 1000.000000000000227 ) ;
#9138 = ORIENTED_EDGE ( 'NONE', *, *, #4904, .T. ) ;
#9139 = PLANE ( 'NONE',  #5559 ) ;
#9140 = DIRECTION ( 'NONE',  ( -0.000000000000000000, 1.000000000000000000, -0.000000000000000000 ) ) ;
#9141 = EDGE_LOOP ( 'NONE', ( #7281, #9075, #9316, #6532 ) ) ;
#9142 = CARTESIAN_POINT ( 'NONE',  ( 6.737156592773878572, 53.58999999999999631, 10.31861676694392571 ) ) ;
#9143 = CARTESIAN_POINT ( 'NONE',  ( 12.98328789542832062, 53.58999999999999631, -0.5000000000000022204 ) ) ;
#9144 = DIRECTION ( 'NONE',  ( 3.663735981263016583E-15, 0.000000000000000000, 1.000000000000000000 ) ) ;
#9145 = VECTOR ( 'NONE', #3541, 1000.000000000000000 ) ;
#9146 = CARTESIAN_POINT ( 'NONE',  ( -16.00000000000000355, 67.84000000000000341, 0.000000000000000000 ) ) ;
#9147 = LINE ( 'NONE', #3937, #6068 ) ;
#9148 = ORIENTED_EDGE ( 'NONE', *, *, #2873, .T. ) ;
#9149 = DIRECTION ( 'NONE',  ( -0.8660254037844368202, 0.000000000000000000, 0.5000000000000032196 ) ) ;
#9150 = VERTEX_POINT ( 'NONE', #4910 ) ;
#9151 = LINE ( 'NONE', #1301, #3487 ) ;
#9152 = VECTOR ( 'NONE', #416, 1000.000000000000000 ) ;
#9153 = CARTESIAN_POINT ( 'NONE',  ( -4.865846745402778950, 5.500000000000000000, -8.427893784881208106 ) ) ;
#9154 = ORIENTED_EDGE ( 'NONE', *, *, #4065, .T. ) ;
#9155 = DIRECTION ( 'NONE',  ( 1.000000000000000000, -0.000000000000000000, -0.000000000000000000 ) ) ;
#9156 = EDGE_LOOP ( 'NONE', ( #7009, #2591, #7521, #3473 ) ) ;
#9157 = VECTOR ( 'NONE', #6481, 1000.000000000000000 ) ;
#9158 = ORIENTED_EDGE ( 'NONE', *, *, #1832, .F. ) ;
#9159 = VERTEX_POINT ( 'NONE', #8393 ) ;
#9160 = DIRECTION ( 'NONE',  ( -0.000000000000000000, 1.000000000000000000, -0.000000000000000000 ) ) ;
#9161 =( LENGTH_UNIT ( ) NAMED_UNIT ( * ) SI_UNIT ( .MILLI., .METRE. ) );
#9162 = ORIENTED_EDGE ( 'NONE', *, *, #698, .F. ) ;
#9163 = CARTESIAN_POINT ( 'NONE',  ( -12.86726271897389751, 5.500000000000000000, -8.212411177962620101 ) ) ;
#9164 = VECTOR ( 'NONE', #1575, 1000.000000000000000 ) ;
#9165 = EDGE_CURVE ( 'NONE', #3176, #5578, #554, .T. ) ;
#9166 = CARTESIAN_POINT ( 'NONE',  ( 14.19930625919537270, 5.500000000000000000, 4.606205588981309162 ) ) ;
#9167 = PLANE ( 'NONE',  #10638 ) ;
#9168 = VECTOR ( 'NONE', #10876, 1000.000000000000000 ) ;
#9169 = DIRECTION ( 'NONE',  ( -0.8660254037844369313, 0.000000000000000000, 0.5000000000000029976 ) ) ;
#9170 = FACE_BOUND ( 'NONE', #8175, .T. ) ;
#9171 = ORIENTED_EDGE ( 'NONE', *, *, #380, .F. ) ;
#9172 = VECTOR ( 'NONE', #2762, 1000.000000000000000 ) ;
#9173 = VECTOR ( 'NONE', #1541, 1000.000000000000000 ) ;
#9174 = VECTOR ( 'NONE', #9304, 1000.000000000000000 ) ;
#9175 = PLANE ( 'NONE',  #7118 ) ;
#9176 = VERTEX_POINT ( 'NONE', #8455 ) ;
#9177 = LINE ( 'NONE', #6544, #2561 ) ;
#9178 = VERTEX_POINT ( 'NONE', #7600 ) ;
#9179 = ADVANCED_FACE ( 'NONE', ( #11101 ), #8227, .T. ) ;
#9180 = PLANE ( 'NONE',  #9582 ) ;
#9181 = DIRECTION ( 'NONE',  ( -0.8660254037844407060, 0.000000000000000000, -0.4999999999999966138 ) ) ;
#9182 = DIRECTION ( 'NONE',  ( 3.330669073875469621E-15, 0.000000000000000000, 1.000000000000000000 ) ) ;
#9183 = DIRECTION ( 'NONE',  ( -0.8660254037844369313, -0.000000000000000000, 0.5000000000000029976 ) ) ;
#9184 = VERTEX_POINT ( 'NONE', #5946 ) ;
#9185 = VECTOR ( 'NONE', #2516, 1000.000000000000000 ) ;
#9186 = AXIS2_PLACEMENT_3D ( 'NONE', #2295, #9332, #2401 ) ;
#9187 = CARTESIAN_POINT ( 'NONE',  ( 6.760390456121782243, 5.500000000000000000, 11.70933974900656693 ) ) ;
#9188 = VECTOR ( 'NONE', #7249, 999.9999999999998863 ) ;
#9189 = EDGE_CURVE ( 'NONE', #11319, #7178, #8687, .T. ) ;
#9190 = EDGE_LOOP ( 'NONE', ( #10575, #6147, #9610, #10152 ) ) ;
#9191 = CARTESIAN_POINT ( 'NONE',  ( -12.86726271897389751, 53.58999999999999631, 13.42482235592524020 ) ) ;
#9192 = VECTOR ( 'NONE', #5255, 1000.000000000000000 ) ;
#9193 = ORIENTED_EDGE ( 'NONE', *, *, #7822, .F. ) ;
#9194 = AXIS2_PLACEMENT_3D ( 'NONE', #8698, #849, #4341 ) ;
#9195 = ORIENTED_EDGE ( 'NONE', *, *, #3670, .F. ) ;
#9196 = EDGE_LOOP ( 'NONE', ( #6012, #11017, #10233, #2026 ) ) ;
#9197 = LINE ( 'NONE', #5765, #2993 ) ;
#9198 = DIRECTION ( 'NONE',  ( 0.8660254037844368202, -0.000000000000000000, -0.5000000000000032196 ) ) ;
#9199 = EDGE_LOOP ( 'NONE', ( #5071, #141, #6233, #8929 ) ) ;
#9200 = CARTESIAN_POINT ( 'NONE',  ( 18.95000000000000284, 5.499999999999998224, 16.49999999999999289 ) ) ;
#9201 = CARTESIAN_POINT ( 'NONE',  ( 7.087149552756489612, 5.500000000000000000, 14.92482235592524198 ) ) ;
#9202 = FACE_OUTER_BOUND ( 'NONE', #399, .T. ) ;
#9203 = EDGE_CURVE ( 'NONE', #8604, #4548, #6049, .T. ) ;
#9204 = EDGE_CURVE ( 'NONE', #4128, #1574, #8516, .T. ) ;
#9205 = EDGE_CURVE ( 'NONE', #6877, #5961, #6737, .T. ) ;
#9206 = VECTOR ( 'NONE', #817, 999.9999999999998863 ) ;
#9207 = EDGE_CURVE ( 'NONE', #7567, #2187, #8570, .T. ) ;
#9208 = DIRECTION ( 'NONE',  ( 0.000000000000000000, 0.000000000000000000, -1.000000000000000000 ) ) ;
#9209 = CARTESIAN_POINT ( 'NONE',  ( -20.95000000000000639, 53.58999999999999631, 16.49999999999999289 ) ) ;
#9210 = ORIENTED_EDGE ( 'NONE', *, *, #10026, .T. ) ;
#9211 = DIRECTION ( 'NONE',  ( 3.330669073875469621E-15, 0.000000000000000000, 1.000000000000000000 ) ) ;
#9212 = AXIS2_PLACEMENT_3D ( 'NONE', #6734, #9552, #9378 ) ;
#9213 = EDGE_LOOP ( 'NONE', ( #10436, #2444, #5942, #2466 ) ) ;
#9214 = PLANE ( 'NONE',  #2750 ) ;
#9215 = DIRECTION ( 'NONE',  ( 0.8660254037844407060, 0.000000000000000000, 0.4999999999999966138 ) ) ;
#9216 = ORIENTED_EDGE ( 'NONE', *, *, #2835, .F. ) ;
#9217 = LINE ( 'NONE', #3200, #5162 ) ;
#9218 = EDGE_LOOP ( 'NONE', ( #3005, #8921, #5799, #6895, #7654, #2820 ) ) ;
#9219 = EDGE_CURVE ( 'NONE', #3424, #2725, #722, .T. ) ;
#9220 = VECTOR ( 'NONE', #11195, 1000.000000000000114 ) ;
#9221 = ORIENTED_EDGE ( 'NONE', *, *, #5486, .T. ) ;
#9222 = ADVANCED_FACE ( 'NONE', ( #10237 ), #2385, .T. ) ;
#9223 = ORIENTED_EDGE ( 'NONE', *, *, #7922, .T. ) ;
#9224 = LINE ( 'NONE', #507, #10606 ) ;
#9225 = CARTESIAN_POINT ( 'NONE',  ( -1.241025517449442006, 53.58999999999999631, 13.92482235592524020 ) ) ;
#9226 = ORIENTED_EDGE ( 'NONE', *, *, #5128, .T. ) ;
#9227 = CARTESIAN_POINT ( 'NONE',  ( 7.953174956540929763, 0.000000000000000000, 15.42482235592523843 ) ) ;
#9228 = FACE_BOUND ( 'NONE', #6176, .T. ) ;
#9229 = DIRECTION ( 'NONE',  ( 0.8660254037844368202, 0.000000000000000000, -0.5000000000000032196 ) ) ;
#9230 = FACE_OUTER_BOUND ( 'NONE', #754, .T. ) ;
#9231 = DIRECTION ( 'NONE',  ( 0.000000000000000000, -1.000000000000000000, 0.000000000000000000 ) ) ;
#9232 = ORIENTED_EDGE ( 'NONE', *, *, #3874, .F. ) ;
#9233 = VECTOR ( 'NONE', #4729, 1000.000000000000114 ) ;
#9234 = CARTESIAN_POINT ( 'NONE',  ( -9.225644679988182162, 51.99940408041244666, 25.34301849743542689 ) ) ;
#9235 = ORIENTED_EDGE ( 'NONE', *, *, #9686, .T. ) ;
#9236 = CARTESIAN_POINT ( 'NONE',  ( 3.789087421437964398, 53.58999999999999631, 15.42482235592523843 ) ) ;
#9237 = ORIENTED_EDGE ( 'NONE', *, *, #3533, .F. ) ;
#9238 = LINE ( 'NONE', #4936, #10501 ) ;
#9239 = CARTESIAN_POINT ( 'NONE',  ( -15.81533189030979969, 5.500000000000000000, 5.794320050214445686E-14 ) ) ;
#9240 = LINE ( 'NONE', #3057, #4993 ) ;
#9241 = DIRECTION ( 'NONE',  ( 0.8660254037844407060, 0.000000000000000000, 0.4999999999999965583 ) ) ;
#9242 = ORIENTED_EDGE ( 'NONE', *, *, #4277, .F. ) ;
#9243 = AXIS2_PLACEMENT_3D ( 'NONE', #5855, #5055, #8483 ) ;
#9244 = CARTESIAN_POINT ( 'NONE',  ( 12.98328789542831707, 5.500000000000000000, -14.92482235592524198 ) ) ;
#9245 = EDGE_CURVE ( 'NONE', #7837, #4847, #7708, .T. ) ;
#9246 = ORIENTED_EDGE ( 'NONE', *, *, #5219, .F. ) ;
#9247 = CARTESIAN_POINT ( 'NONE',  ( -12.00123731518946002, 51.99940408041244666, 12.59999999999998010 ) ) ;
#9248 = VERTEX_POINT ( 'NONE', #47 ) ;
#9249 = CARTESIAN_POINT ( 'NONE',  ( -0.3750001136650048528, 53.58999999999999631, 13.42482235592523665 ) ) ;
#9250 = EDGE_LOOP ( 'NONE', ( #7973, #541, #8168, #7481 ) ) ;
#9251 = ORIENTED_EDGE ( 'NONE', *, *, #4206, .T. ) ;
#9252 = CARTESIAN_POINT ( 'NONE',  ( 10.03521872409239712, 5.500000000000000000, -11.81861676694392926 ) ) ;
#9253 = CARTESIAN_POINT ( 'NONE',  ( 0.000000000000000000, 53.58999999999999631, 11.20031366318018584 ) ) ;
#9254 = ORIENTED_EDGE ( 'NONE', *, *, #9122, .T. ) ;
#9255 = DIRECTION ( 'NONE',  ( 0.000000000000000000, 0.000000000000000000, 1.000000000000000000 ) ) ;
#9256 = DIRECTION ( 'NONE',  ( -0.000000000000000000, 1.000000000000000000, -0.000000000000000000 ) ) ;
#9257 = DIRECTION ( 'NONE',  ( -0.000000000000000000, 1.000000000000000000, -0.000000000000000000 ) ) ;
#9258 = ADVANCED_FACE ( 'NONE', ( #10302 ), #3306, .F. ) ;
#9259 = PLANE ( 'NONE',  #10406 ) ;
#9260 = DIRECTION ( 'NONE',  ( -0.000000000000000000, 1.000000000000000000, -0.000000000000000000 ) ) ;
#9261 = EDGE_LOOP ( 'NONE', ( #2361, #4968, #10762, #9021 ) ) ;
#9262 = EDGE_CURVE ( 'NONE', #236, #6845, #6910, .T. ) ;
#9263 = CARTESIAN_POINT ( 'NONE',  ( -16.00000102328300855, 58.58999999999999631, -9.747069910344318799 ) ) ;
#9264 = EDGE_CURVE ( 'NONE', #6101, #835, #2620, .T. ) ;
#9265 = ORIENTED_EDGE ( 'NONE', *, *, #10957, .T. ) ;
#9266 = DIRECTION ( 'NONE',  ( -0.000000000000000000, 1.000000000000000000, -0.000000000000000000 ) ) ;
#9267 = DIRECTION ( 'NONE',  ( -1.000000000000000000, -0.000000000000000000, -0.000000000000000000 ) ) ;
#9268 = DIRECTION ( 'NONE',  ( -0.8660254037844369313, -0.000000000000000000, 0.5000000000000029976 ) ) ;
#9269 = VERTEX_POINT ( 'NONE', #5886 ) ;
#9270 = VERTEX_POINT ( 'NONE', #2506 ) ;
#9271 = ORIENTED_EDGE ( 'NONE', *, *, #2472, .F. ) ;
#9272 = ADVANCED_FACE ( 'NONE', ( #7819 ), #5997, .F. ) ;
#9273 = EDGE_CURVE ( 'NONE', #9184, #248, #9557, .T. ) ;
#9274 = CARTESIAN_POINT ( 'NONE',  ( 10.90124412787684527, 0.000000000000000000, 10.31861676694392393 ) ) ;
#9275 = COORDINATED_UNIVERSAL_TIME_OFFSET ( 8, 0, .AHEAD. ) ;
#9276 = ORIENTED_EDGE ( 'NONE', *, *, #4617, .F. ) ;
#9277 = ADVANCED_FACE ( 'NONE', ( #781 ), #11321, .T. ) ;
#9278 = LINE ( 'NONE', #9108, #9157 ) ;
#9279 = DIRECTION ( 'NONE',  ( -0.8660254037844368202, 0.000000000000000000, 0.5000000000000032196 ) ) ;
#9280 = CARTESIAN_POINT ( 'NONE',  ( 7.087149552756477178, 53.58999999999999631, -14.92482235592523487 ) ) ;
#9281 = CARTESIAN_POINT ( 'NONE',  ( 11.25123708785944743, 53.58999999999999631, 0.5000000000000044409 ) ) ;
#9282 = ORIENTED_EDGE ( 'NONE', *, *, #5343, .T. ) ;
#9283 = VECTOR ( 'NONE', #3238, 1000.000000000000000 ) ;
#9284 = LINE ( 'NONE', #5796, #7835 ) ;
#9285 = EDGE_LOOP ( 'NONE', ( #10037, #6622, #2109, #9385 ) ) ;
#9286 = CARTESIAN_POINT ( 'NONE',  ( 12.11726249164389202, 53.58999999999999631, 8.212411177962620101 ) ) ;
#9287 = ORIENTED_EDGE ( 'NONE', *, *, #7306, .F. ) ;
#9288 = VECTOR ( 'NONE', #3518, 1000.000000000000000 ) ;
#9289 = FACE_OUTER_BOUND ( 'NONE', #7061, .T. ) ;
#9290 = DIRECTION ( 'NONE',  ( -0.000000000000000000, 1.000000000000000000, -0.000000000000000000 ) ) ;
#9291 = FACE_OUTER_BOUND ( 'NONE', #3313, .T. ) ;
#9292 = CARTESIAN_POINT ( 'NONE',  ( 6.999998126899990680, 53.58999999999999631, -1.550000000000003597 ) ) ;
#9293 = VERTEX_POINT ( 'NONE', #1635 ) ;
#9294 = CARTESIAN_POINT ( 'NONE',  ( 12.11726249164389557, 0.000000000000000000, 15.42482235592523843 ) ) ;
#9295 = EDGE_LOOP ( 'NONE', ( #470, #6507, #1428, #3644 ) ) ;
#9296 = DIRECTION ( 'NONE',  ( -0.4999999999999966138, 0.000000000000000000, 0.8660254037844407060 ) ) ;
#9297 = ORIENTED_EDGE ( 'NONE', *, *, #1292, .F. ) ;
#9298 = DIRECTION ( 'NONE',  ( 1.000000000000000000, 0.000000000000000000, -3.663735981263016583E-15 ) ) ;
#9299 = EDGE_LOOP ( 'NONE', ( #9060, #1451, #5787, #11034 ) ) ;
#9300 = VERTEX_POINT ( 'NONE', #11272 ) ;
#9301 = CARTESIAN_POINT ( 'NONE',  ( 2.923062017653569544, 5.500000000000000000, -1.070932748954065308E-14 ) ) ;
#9302 = CARTESIAN_POINT ( 'NONE',  ( -18.95000000000000995, 53.58999999999999631, 18.49999999999999645 ) ) ;
#9303 = ORIENTED_EDGE ( 'NONE', *, *, #5113, .T. ) ;
#9304 = DIRECTION ( 'NONE',  ( 3.663735981263016583E-15, 0.000000000000000000, 1.000000000000000000 ) ) ;
#9305 = AXIS2_PLACEMENT_3D ( 'NONE', #7987, #2509, #3423 ) ;
#9306 = LINE ( 'NONE', #5934, #7337 ) ;
#9307 = DIRECTION ( 'NONE',  ( -0.000000000000000000, 1.000000000000000000, -0.000000000000000000 ) ) ;
#9308 = EDGE_CURVE ( 'NONE', #3981, #885, #4385, .T. ) ;
#9309 = DIRECTION ( 'NONE',  ( -0.4999999999999966138, 0.000000000000000000, 0.8660254037844407060 ) ) ;
#9310 = CIRCLE ( 'NONE', #10051, 1.050000000000000488 ) ;
#9311 = LINE ( 'NONE', #3192, #8931 ) ;
#9312 = ADVANCED_FACE ( 'NONE', ( #8737 ), #889, .T. ) ;
#9313 = FACE_OUTER_BOUND ( 'NONE', #3289, .T. ) ;
#9314 = EDGE_LOOP ( 'NONE', ( #5009, #1906, #10099, #1984 ) ) ;
#9315 = LINE ( 'NONE', #11152, #2621 ) ;
#9316 = ORIENTED_EDGE ( 'NONE', *, *, #8511, .F. ) ;
#9317 = PLANE ( 'NONE',  #209 ) ;
#9318 = CARTESIAN_POINT ( 'NONE',  ( 0.000000000000000000, 15.69999999999999929, -9.800000000000002487 ) ) ;
#9319 = EDGE_CURVE ( 'NONE', #6530, #8811, #4684, .T. ) ;
#9320 = FACE_BOUND ( 'NONE', #3353, .T. ) ;
#9321 = VECTOR ( 'NONE', #7552, 1000.000000000000227 ) ;
#9322 = ORIENTED_EDGE ( 'NONE', *, *, #4734, .F. ) ;
#9323 = VERTEX_POINT ( 'NONE', #2842 ) ;
#9324 = ORIENTED_EDGE ( 'NONE', *, *, #2666, .T. ) ;
#9325 = VECTOR ( 'NONE', #5066, 999.9999999999998863 ) ;
#9326 = LINE ( 'NONE', #675, #9507 ) ;
#9327 = DIRECTION ( 'NONE',  ( -0.4999999999999966138, 0.000000000000000000, 0.8660254037844407060 ) ) ;
#9328 = LINE ( 'NONE', #3899, #10272 ) ;
#9329 = ORIENTED_EDGE ( 'NONE', *, *, #36, .F. ) ;
#9330 = CARTESIAN_POINT ( 'NONE',  ( 4.503350208578964065, 5.500000000000000000, 7.800031365534604078 ) ) ;
#9331 = LINE ( 'NONE', #4003, #2276 ) ;
#9332 = DIRECTION ( 'NONE',  ( 1.000000000000000000, 0.000000000000000000, -3.663735981263016583E-15 ) ) ;
#9333 = DIRECTION ( 'NONE',  ( 0.000000000000000000, -1.000000000000000000, 0.000000000000000000 ) ) ;
#9334 = VERTEX_POINT ( 'NONE', #8039 ) ;
#9335 = EDGE_CURVE ( 'NONE', #8331, #8064, #1805, .T. ) ;
#9336 = EDGE_CURVE ( 'NONE', #3598, #6377, #1867, .T. ) ;
#9337 = EDGE_CURVE ( 'NONE', #3213, #74, #1117, .T. ) ;
#9338 = EDGE_CURVE ( 'NONE', #10022, #9985, #2719, .T. ) ;
#9339 = EDGE_CURVE ( 'NONE', #6398, #2652, #2672, .T. ) ;
#9340 = VECTOR ( 'NONE', #3112, 999.9999999999998863 ) ;
#9341 = DIRECTION ( 'NONE',  ( 0.000000000000000000, 0.000000000000000000, 1.000000000000000000 ) ) ;
#9342 = ORIENTED_EDGE ( 'NONE', *, *, #10539, .F. ) ;
#9343 = LINE ( 'NONE', #4997, #3297 ) ;
#9344 = VECTOR ( 'NONE', #3469, 1000.000000000000000 ) ;
#9345 = ORIENTED_EDGE ( 'NONE', *, *, #10187, .F. ) ;
#9346 = PLANE ( 'NONE',  #9403 ) ;
#9347 = DIRECTION ( 'NONE',  ( -1.000000000000000000, 0.000000000000000000, -0.000000000000000000 ) ) ;
#9348 = LINE ( 'NONE', #8658, #6067 ) ;
#9349 = DIRECTION ( 'NONE',  ( -0.8660254037844407060, 0.000000000000000000, -0.4999999999999966138 ) ) ;
#9350 = VERTEX_POINT ( 'NONE', #5369 ) ;
#9351 = DIRECTION ( 'NONE',  ( -0.000000000000000000, 1.000000000000000000, -0.000000000000000000 ) ) ;
#9352 = VECTOR ( 'NONE', #530, 1000.000000000000000 ) ;
#9353 = EDGE_CURVE ( 'NONE', #3404, #1282, #9660, .T. ) ;
#9354 = VECTOR ( 'NONE', #1963, 999.9999999999998863 ) ;
#9355 = AXIS2_PLACEMENT_3D ( 'NONE', #1029, #5448, #8129 ) ;
#9356 = ORIENTED_EDGE ( 'NONE', *, *, #6405, .F. ) ;
#9357 = CARTESIAN_POINT ( 'NONE',  ( 7.953174956540921769, 53.58999999999999631, -13.42482235592523665 ) ) ;
#9358 = ORIENTED_EDGE ( 'NONE', *, *, #4022, .T. ) ;
#9359 = DIRECTION ( 'NONE',  ( 0.8660254037844368202, 0.000000000000000000, -0.5000000000000032196 ) ) ;
#9360 = VERTEX_POINT ( 'NONE', #6217 ) ;
#9361 = ORIENTED_EDGE ( 'NONE', *, *, #9556, .T. ) ;
#9362 = CARTESIAN_POINT ( 'NONE',  ( 0.4910252901194303021, 52.28232689208745398, -14.92482235592524198 ) ) ;
#9363 = AXIS2_PLACEMENT_3D ( 'NONE', #7740, #11184, #4185 ) ;
#9364 = FACE_OUTER_BOUND ( 'NONE', #7995, .T. ) ;
#9365 = VECTOR ( 'NONE', #1030, 999.9999999999998863 ) ;
#9366 = ORIENTED_EDGE ( 'NONE', *, *, #7002, .T. ) ;
#9367 = CARTESIAN_POINT ( 'NONE',  ( -8.703175183870934362, 0.000000000000000000, 13.42482235592524020 ) ) ;
#9368 = AXIS2_PLACEMENT_3D ( 'NONE', #1983, #3643, #4629 ) ;
#9369 = DIRECTION ( 'NONE',  ( 0.000000000000000000, 0.000000000000000000, 1.000000000000000000 ) ) ;
#9370 = CARTESIAN_POINT ( 'NONE',  ( -8.703175183870927256, 0.000000000000000000, -13.42482235592523665 ) ) ;
#9371 = LINE ( 'NONE', #5076, #9710 ) ;
#9372 = VECTOR ( 'NONE', #2560, 1000.000000000000000 ) ;
#9373 = VECTOR ( 'NONE', #815, 1000.000000000000114 ) ;
#9374 = LINE ( 'NONE', #1521, #2169 ) ;
#9375 = ADVANCED_FACE ( 'NONE', ( #3585 ), #4449, .T. ) ;
#9376 = LINE ( 'NONE', #8510, #1122 ) ;
#9377 = VERTEX_POINT ( 'NONE', #1006 ) ;
#9378 = DIRECTION ( 'NONE',  ( 0.8660254037844407060, 0.000000000000000000, 0.4999999999999966138 ) ) ;
#9379 = VERTEX_POINT ( 'NONE', #7984 ) ;
#9380 = LINE ( 'NONE', #2558, #5696 ) ;
#9381 = DIRECTION ( 'NONE',  ( 0.000000000000000000, 0.000000000000000000, 1.000000000000000000 ) ) ;
#9382 = VECTOR ( 'NONE', #104, 1000.000000000000000 ) ;
#9383 = AXIS2_PLACEMENT_3D ( 'NONE', #3458, #6898, #4201 ) ;
#9384 = CARTESIAN_POINT ( 'NONE',  ( -4.539087648767963223, 53.58999999999999631, 15.42482235592523843 ) ) ;
#9385 = ORIENTED_EDGE ( 'NONE', *, *, #3559, .F. ) ;
#9386 = CC_DESIGN_DATE_AND_TIME_ASSIGNMENT ( #9505, #3259, ( #7886 ) ) ;
#9387 = VERTEX_POINT ( 'NONE', #152 ) ;
#9388 = EDGE_CURVE ( 'NONE', #5388, #8828, #3637, .T. ) ;
#9389 = VECTOR ( 'NONE', #896, 1000.000000000000000 ) ;
#9390 = ORIENTED_EDGE ( 'NONE', *, *, #7189, .F. ) ;
#9391 = CARTESIAN_POINT ( 'NONE',  ( -12.00123731518945647, 53.58999999999999631, 6.712411177962616549 ) ) ;
#9392 = DIRECTION ( 'NONE',  ( -0.000000000000000000, 1.000000000000000000, -0.000000000000000000 ) ) ;
#9393 = PERSON_AND_ORGANIZATION ( #956, #7698 ) ;
#9394 = EDGE_LOOP ( 'NONE', ( #7529, #1340, #9863, #5807, #8033, #7284 ) ) ;
#9395 = FACE_OUTER_BOUND ( 'NONE', #2277, .T. ) ;
#9396 = PLANE ( 'NONE',  #1355 ) ;
#9397 = LINE ( 'NONE', #3153, #213 ) ;
#9398 = DIRECTION ( 'NONE',  ( -0.000000000000000000, 1.000000000000000000, -0.000000000000000000 ) ) ;
#9399 = EDGE_CURVE ( 'NONE', #5178, #45, #7133, .T. ) ;
#9400 = ORIENTED_EDGE ( 'NONE', *, *, #5080, .F. ) ;
#9401 = VECTOR ( 'NONE', #10447, 1000.000000000000000 ) ;
#9402 = CARTESIAN_POINT ( 'NONE',  ( -15.81533189030981390, 0.000000000000000000, 3.106205588981313159 ) ) ;
#9403 = AXIS2_PLACEMENT_3D ( 'NONE', #10208, #2474, #3164 ) ;
#9404 = EDGE_LOOP ( 'NONE', ( #3894, #9979, #8246, #10286, #7234, #3918 ) ) ;
#9405 = ADVANCED_FACE ( 'NONE', ( #6388 ), #1978, .T. ) ;
#9406 = PLANE ( 'NONE',  #6954 ) ;
#9407 = EDGE_CURVE ( 'NONE', #509, #127, #5478, .T. ) ;
#9408 = ORIENTED_EDGE ( 'NONE', *, *, #7031, .F. ) ;
#9409 = CARTESIAN_POINT ( 'NONE',  ( -15.81533189030981035, 53.58999999999999631, -3.106205588981306498 ) ) ;
#9410 = CARTESIAN_POINT ( 'NONE',  ( -4.539087648767970329, 0.000000000000000000, 13.42482235592524020 ) ) ;
#9411 = ADVANCED_FACE ( 'NONE', ( #7256 ), #7200, .F. ) ;
#9412 = DIRECTION ( 'NONE',  ( 0.000000000000000000, 0.000000000000000000, -1.000000000000000000 ) ) ;
#9413 = CARTESIAN_POINT ( 'NONE',  ( -2.608806497859966989, 5.500000000000000000, -4.518585401409252356 ) ) ;
#9414 = ORIENTED_EDGE ( 'NONE', *, *, #10306, .T. ) ;
#9415 = DIRECTION ( 'NONE',  ( -0.000000000000000000, 1.000000000000000000, -0.000000000000000000 ) ) ;
#9416 = VECTOR ( 'NONE', #7527, 1000.000000000000000 ) ;
#9417 = ORIENTED_EDGE ( 'NONE', *, *, #8588, .F. ) ;
#9418 = PLANE ( 'NONE',  #8448 ) ;
#9419 = VERTEX_POINT ( 'NONE', #6336 ) ;
#9420 = EDGE_CURVE ( 'NONE', #11194, #74, #6164, .T. ) ;
#9421 = CARTESIAN_POINT ( 'NONE',  ( 16.90222591453325407, 51.99940408041244666, 12.59999999999999432 ) ) ;
#9422 = VERTEX_POINT ( 'NONE', #9782 ) ;
#9423 = ORIENTED_EDGE ( 'NONE', *, *, #2285, .T. ) ;
#9424 = CARTESIAN_POINT ( 'NONE',  ( 8.819200360325362809, 0.000000000000000000, 13.92482235592523310 ) ) ;
#9425 = CARTESIAN_POINT ( 'NONE',  ( -5.755106012535047277, 5.500000000000000000, 1.916835361282525179E-14 ) ) ;
#9426 = AXIS2_PLACEMENT_3D ( 'NONE', #6228, #334, #112 ) ;
#9427 = EDGE_CURVE ( 'NONE', #9334, #5304, #8793, .T. ) ;
#9428 = VERTEX_POINT ( 'NONE', #6279 ) ;
#9429 = FACE_OUTER_BOUND ( 'NONE', #11037, .T. ) ;
#9430 = CARTESIAN_POINT ( 'NONE',  ( -4.539087648767965000, 0.000000000000000000, -13.42482235592523665 ) ) ;
#9431 = DIRECTION ( 'NONE',  ( 0.000000000000000000, 0.000000000000000000, 1.000000000000000000 ) ) ;
#9432 = VERTEX_POINT ( 'NONE', #7030 ) ;
#9433 = CARTESIAN_POINT ( 'NONE',  ( 12.98328789542832773, 51.99940408041244666, 13.92482235592523310 ) ) ;
#9434 = VECTOR ( 'NONE', #3764, 1000.000000000000000 ) ;
#9435 = PLANE ( 'NONE',  #10950 ) ;
#9436 = FACE_OUTER_BOUND ( 'NONE', #5507, .T. ) ;
#9437 = ORIENTED_EDGE ( 'NONE', *, *, #2723, .F. ) ;
#9438 = CARTESIAN_POINT ( 'NONE',  ( -5.755106012535009974, 0.000000000000000000, -10.31861676694393104 ) ) ;
#9439 = VERTEX_POINT ( 'NONE', #3531 ) ;
#9440 = CARTESIAN_POINT ( 'NONE',  ( -4.690850265411469877, 5.500000000000000000, -8.124790990390550860 ) ) ;
#9441 = CARTESIAN_POINT ( 'NONE',  ( -12.00123731518940495, 5.500000000000000000, 3.997214997394162408E-14 ) ) ;
#9442 = CARTESIAN_POINT ( 'NONE',  ( 0.000000000000000000, 0.000000000000000000, 0.000000000000000000 ) ) ;
#9443 = EDGE_CURVE ( 'NONE', #2583, #4579, #102, .T. ) ;
#9444 = VERTEX_POINT ( 'NONE', #2156 ) ;
#9445 = VERTEX_POINT ( 'NONE', #2100 ) ;
#9446 = ORIENTED_EDGE ( 'NONE', *, *, #5636, .T. ) ;
#9447 = LINE ( 'NONE', #8400, #5481 ) ;
#9448 = LINE ( 'NONE', #790, #5177 ) ;
#9449 = ORIENTED_EDGE ( 'NONE', *, *, #6255, .F. ) ;
#9450 = CARTESIAN_POINT ( 'NONE',  ( -13.73328812275833144, 0.000000000000000000, 7.712411177962623654 ) ) ;
#9451 = CARTESIAN_POINT ( 'NONE',  ( 1.077689183249671000E-15, 1.000000000000000888, -8.800000000000002487 ) ) ;
#9452 = CARTESIAN_POINT ( 'NONE',  ( 1.898202538678397212E-16, 0.000000000000000000, -5.449998126900001516 ) ) ;
#9453 = DIRECTION ( 'NONE',  ( -0.000000000000000000, 1.000000000000000000, -0.000000000000000000 ) ) ;
#9454 = ADVANCED_FACE ( 'NONE', ( #1289 ), #1351, .T. ) ;
#9455 = ORIENTED_EDGE ( 'NONE', *, *, #698, .T. ) ;
#9456 = ADVANCED_FACE ( 'NONE', ( #3873 ), #437, .F. ) ;
#9457 = DIRECTION ( 'NONE',  ( -0.000000000000000000, 1.000000000000000000, -0.000000000000000000 ) ) ;
#9458 = VERTEX_POINT ( 'NONE', #2320 ) ;
#9459 = CARTESIAN_POINT ( 'NONE',  ( 0.000000000000000000, 53.58999999999999631, -6.999998126900001338 ) ) ;
#9460 = ORIENTED_EDGE ( 'NONE', *, *, #6956, .F. ) ;
#9461 = CARTESIAN_POINT ( 'NONE',  ( -14.94930648652537108, 53.58999999999999631, -2.606205588981309162 ) ) ;
#9462 = CARTESIAN_POINT ( 'NONE',  ( 8.819200360325364585, 52.28232689208745398, -12.59999999999997478 ) ) ;
#9463 = CARTESIAN_POINT ( 'NONE',  ( 3.789087421437959069, 52.28232689208745398, -13.42482235592523665 ) ) ;
#9464 = DIRECTION ( 'NONE',  ( -0.000000000000000000, -1.000000000000000000, -0.000000000000000000 ) ) ;
#9465 = EDGE_CURVE ( 'NONE', #8811, #6366, #7474, .T. ) ;
#9466 = VECTOR ( 'NONE', #7691, 1000.000000000000000 ) ;
#9467 = VERTEX_POINT ( 'NONE', #4850 ) ;
#9468 = CARTESIAN_POINT ( 'NONE',  ( 5.005105785204995605, 0.000000000000000000, -11.31861676694392571 ) ) ;
#9469 = ORIENTED_EDGE ( 'NONE', *, *, #1341, .T. ) ;
#9470 = EDGE_CURVE ( 'NONE', #4139, #10158, #2211, .T. ) ;
#9471 = DIRECTION ( 'NONE',  ( -0.8660254037844404840, -0.000000000000000000, -0.4999999999999968359 ) ) ;
#9472 = EDGE_CURVE ( 'NONE', #8939, #4402, #8214, .T. ) ;
#9473 = EDGE_LOOP ( 'NONE', ( #8024, #1962, #6611, #7961, #9223, #10442 ) ) ;
#9474 = LINE ( 'NONE', #10444, #2008 ) ;
#9475 = ORIENTED_EDGE ( 'NONE', *, *, #4721, .F. ) ;
#9476 = ORIENTED_EDGE ( 'NONE', *, *, #9245, .F. ) ;
#9477 = LINE ( 'NONE', #704, #9220 ) ;
#9478 = CARTESIAN_POINT ( 'NONE',  ( -2.783802977851271621, 5.500000000000000000, -4.821688195899902496 ) ) ;
#9479 = ORIENTED_EDGE ( 'NONE', *, *, #1883, .F. ) ;
#9480 = CARTESIAN_POINT ( 'NONE',  ( 0.000000000000000000, 15.50000000000000000, -9.800000000000002487 ) ) ;
#9481 = PLANE ( 'NONE',  #10485 ) ;
#9482 = DIRECTION ( 'NONE',  ( -0.000000000000000000, -1.000000000000000000, -0.000000000000000000 ) ) ;
#9483 = ORIENTED_EDGE ( 'NONE', *, *, #4721, .T. ) ;
#9484 = LINE ( 'NONE', #1626, #26 ) ;
#9485 = VECTOR ( 'NONE', #3538, 1000.000000000000000 ) ;
#9486 = ADVANCED_FACE ( 'NONE', ( #2956 ), #10806, .T. ) ;
#9487 = ADVANCED_FACE ( 'NONE', ( #375 ), #7366, .T. ) ;
#9488 = ADVANCED_FACE ( 'NONE', ( #6514 ), #1233, .T. ) ;
#9489 = EDGE_CURVE ( 'NONE', #2510, #4646, #10923, .T. ) ;
#9490 = FACE_OUTER_BOUND ( 'NONE', #6706, .T. ) ;
#9491 = CARTESIAN_POINT ( 'NONE',  ( 0.4910252901194339659, 52.28232689208745398, -13.92482235592524020 ) ) ;
#9492 = VERTEX_POINT ( 'NONE', #10124 ) ;
#9493 = AXIS2_PLACEMENT_3D ( 'NONE', #1183, #2043, #5545 ) ;
#9494 = CARTESIAN_POINT ( 'NONE',  ( -3.673062244983530178, 53.58999999999999631, 13.92482235592523487 ) ) ;
#9495 = VERTEX_POINT ( 'NONE', #4793 ) ;
#9496 = CARTESIAN_POINT ( 'NONE',  ( 12.11726249164389557, 53.58999999999999631, 15.42482235592523843 ) ) ;
#9497 = CARTESIAN_POINT ( 'NONE',  ( -5.405113052552407815, 53.58999999999999631, 13.92482235592524198 ) ) ;
#9498 = CARTESIAN_POINT ( 'NONE',  ( -5.755106012535009974, 53.58999999999999631, -10.31861676694393104 ) ) ;
#9499 = ORIENTED_EDGE ( 'NONE', *, *, #8077, .F. ) ;
#9500 = VECTOR ( 'NONE', #8620, 999.9999999999998863 ) ;
#9501 = LINE ( 'NONE', #893, #3265 ) ;
#9502 = VERTEX_POINT ( 'NONE', #8279 ) ;
#9503 = LINE ( 'NONE', #6804, #9687 ) ;
#9504 = CARTESIAN_POINT ( 'NONE',  ( -3.673062244983530178, 0.000000000000000000, 13.92482235592523487 ) ) ;
#9505 = DATE_AND_TIME ( #5211, #3138 ) ;
#9506 = DIRECTION ( 'NONE',  ( -0.8660254037844404840, 0.000000000000000000, -0.4999999999999968359 ) ) ;
#9507 = VECTOR ( 'NONE', #2511, 1000.000000000000114 ) ;
#9508 = CARTESIAN_POINT ( 'NONE',  ( 7.087149552756485171, 53.58999999999999631, 13.92482235592524020 ) ) ;
#9509 = DIRECTION ( 'NONE',  ( 0.8660254037844404840, 0.000000000000000000, 0.4999999999999968359 ) ) ;
#9510 = LINE ( 'NONE', #631, #5161 ) ;
#9511 = ORIENTED_EDGE ( 'NONE', *, *, #2979, .F. ) ;
#9512 = AXIS2_PLACEMENT_3D ( 'NONE', #5346, #1038, #2078 ) ;
#9513 = ADVANCED_FACE ( 'NONE', ( #9202 ), #3070, .T. ) ;
#9514 = DIRECTION ( 'NONE',  ( -3.663735981263016583E-15, 0.000000000000000000, -1.000000000000000000 ) ) ;
#9515 = ORIENTED_EDGE ( 'NONE', *, *, #1711, .F. ) ;
#9516 = CARTESIAN_POINT ( 'NONE',  ( 0.3392626734759787710, 5.500000000000000000, 0.5876201875720405976 ) ) ;
#9517 = ORIENTED_EDGE ( 'NONE', *, *, #8588, .T. ) ;
#9518 = CARTESIAN_POINT ( 'NONE',  ( 0.4910252901194339659, 0.000000000000000000, -13.92482235592524020 ) ) ;
#9519 = AXIS2_PLACEMENT_3D ( 'NONE', #4171, #7661, #7722 ) ;
#9520 = CARTESIAN_POINT ( 'NONE',  ( -5.731872149187189791, 5.500000000000000000, 9.927893784881311134 ) ) ;
#9521 = DIRECTION ( 'NONE',  ( 0.8660254037844368202, -0.000000000000000000, -0.5000000000000032196 ) ) ;
#9522 = ORIENTED_EDGE ( 'NONE', *, *, #6188, .F. ) ;
#9523 = PRODUCT ( 'gello_teleop_flexiv_l1', 'gello_teleop_flexiv_l1', '', ( #508 ) ) ;
#9524 = LINE ( 'NONE', #1664, #3129 ) ;
#9525 = VECTOR ( 'NONE', #10151, 1000.000000000000000 ) ;
#9526 = VECTOR ( 'NONE', #1866, 999.9999999999998863 ) ;
#9527 = ORIENTED_EDGE ( 'NONE', *, *, #5570, .T. ) ;
#9528 = EDGE_CURVE ( 'NONE', #4348, #5684, #4956, .T. ) ;
#9529 = DIRECTION ( 'NONE',  ( 3.330669073875469621E-15, 0.000000000000000000, 1.000000000000000000 ) ) ;
#9530 = ORIENTED_EDGE ( 'NONE', *, *, #9048, .T. ) ;
#9531 = FACE_OUTER_BOUND ( 'NONE', #2976, .T. ) ;
#9532 = CARTESIAN_POINT ( 'NONE',  ( -20.95100000000000406, 59.69999999999997442, 11.30000000000000249 ) ) ;
#9533 = EDGE_LOOP ( 'NONE', ( #7263, #5870, #8717, #6411 ) ) ;
#9534 = VERTEX_POINT ( 'NONE', #8384 ) ;
#9535 = LINE ( 'NONE', #9301, #4084 ) ;
#9536 = DIRECTION ( 'NONE',  ( 0.5000000000000032196, 0.000000000000000000, 0.8660254037844368202 ) ) ;
#9537 = ORIENTED_EDGE ( 'NONE', *, *, #3586, .F. ) ;
#9538 = FACE_OUTER_BOUND ( 'NONE', #7549, .T. ) ;
#9539 = DIRECTION ( 'NONE',  ( 0.000000000000000000, 0.000000000000000000, -1.000000000000000000 ) ) ;
#9540 = DIRECTION ( 'NONE',  ( 0.8660254037844404840, 0.000000000000000000, 0.4999999999999968359 ) ) ;
#9541 = VECTOR ( 'NONE', #4083, 1000.000000000000114 ) ;
#9542 = VERTEX_POINT ( 'NONE', #4037 ) ;
#9543 = PLANE ( 'NONE',  #1294 ) ;
#9544 = VECTOR ( 'NONE', #6459, 1000.000000000000000 ) ;
#9545 = EDGE_CURVE ( 'NONE', #4881, #5053, #11040, .T. ) ;
#9546 = DIRECTION ( 'NONE',  ( 0.4999999999999968359, 0.000000000000000000, -0.8660254037844404840 ) ) ;
#9547 = CARTESIAN_POINT ( 'NONE',  ( 0.4910252901194355202, 0.000000000000000000, 13.92482235592523310 ) ) ;
#9548 = VECTOR ( 'NONE', #7407, 1000.000000000000000 ) ;
#9549 = VECTOR ( 'NONE', #2692, 1000.000000000000000 ) ;
#9550 = ORIENTED_EDGE ( 'NONE', *, *, #4531, .T. ) ;
#9551 = VECTOR ( 'NONE', #8045, 1000.000000000000000 ) ;
#9552 = DIRECTION ( 'NONE',  ( -0.4999999999999966138, 0.000000000000000000, 0.8660254037844407060 ) ) ;
#9553 = EDGE_CURVE ( 'NONE', #9101, #8653, #5819, .T. ) ;
#9554 = ORIENTED_EDGE ( 'NONE', *, *, #4413, .F. ) ;
#9555 = DIRECTION ( 'NONE',  ( -0.000000000000000000, 1.000000000000000000, -0.000000000000000000 ) ) ;
#9556 = EDGE_CURVE ( 'NONE', #10572, #4209, #8547, .T. ) ;
#9557 = LINE ( 'NONE', #9497, #10351 ) ;
#9558 = EDGE_CURVE ( 'NONE', #9387, #8660, #10381, .T. ) ;
#9559 = DIRECTION ( 'NONE',  ( -0.8660254037844404840, -0.000000000000000000, -0.4999999999999968359 ) ) ;
#9560 = ORIENTED_EDGE ( 'NONE', *, *, #517, .F. ) ;
#9561 = AXIS2_PLACEMENT_3D ( 'NONE', #6359, #9862, #9000 ) ;
#9562 = VECTOR ( 'NONE', #7601, 1000.000000000000114 ) ;
#9563 = VECTOR ( 'NONE', #4946, 1000.000000000000000 ) ;
#9564 = DIRECTION ( 'NONE',  ( 3.330669073875469621E-15, 0.000000000000000000, 1.000000000000000000 ) ) ;
#9565 = EDGE_LOOP ( 'NONE', ( #6090, #10057, #10926, #2479 ) ) ;
#9566 = DIRECTION ( 'NONE',  ( -0.000000000000000000, 1.000000000000000000, -0.000000000000000000 ) ) ;
#9567 = PLANE ( 'NONE',  #5914 ) ;
#9568 = VECTOR ( 'NONE', #9007, 1000.000000000000000 ) ;
#9569 = LINE ( 'NONE', #5094, #2565 ) ;
#9570 = VECTOR ( 'NONE', #3399, 1000.000000000000000 ) ;
#9571 = PLANE ( 'NONE',  #6810 ) ;
#9572 = EDGE_CURVE ( 'NONE', #1971, #1529, #8675, .T. ) ;
#9573 = CARTESIAN_POINT ( 'NONE',  ( 8.819200360325362809, 53.58999999999999631, 13.92482235592523310 ) ) ;
#9574 = LINE ( 'NONE', #1714, #224 ) ;
#9575 = EDGE_LOOP ( 'NONE', ( #6944, #3403, #9709, #1026, #6421, #2990, #3374, #4199, #9577, #9911, #869, #4916 ) ) ;
#9576 = VECTOR ( 'NONE', #8959, 1000.000000000000000 ) ;
#9577 = ORIENTED_EDGE ( 'NONE', *, *, #7452, .T. ) ;
#9578 = LINE ( 'NONE', #11287, #2722 ) ;
#9579 = ORIENTED_EDGE ( 'NONE', *, *, #9427, .F. ) ;
#9580 = DIRECTION ( 'NONE',  ( 0.8660254037844407060, 0.000000000000000000, 0.4999999999999965583 ) ) ;
#9581 = DIRECTION ( 'NONE',  ( 3.330669073875469621E-15, 0.000000000000000000, 1.000000000000000000 ) ) ;
#9582 = AXIS2_PLACEMENT_3D ( 'NONE', #8314, #8194, #3967 ) ;
#9583 = DIRECTION ( 'NONE',  ( 1.000000000000000000, 0.000000000000000000, -0.000000000000000000 ) ) ;
#9584 = PLANE ( 'NONE',  #8437 ) ;
#9585 = ORIENTED_EDGE ( 'NONE', *, *, #171, .T. ) ;
#9586 = AXIS2_PLACEMENT_3D ( 'NONE', #4648, #9981, #8128 ) ;
#9587 = ORIENTED_EDGE ( 'NONE', *, *, #2894, .T. ) ;
#9588 = LINE ( 'NONE', #2532, #6085 ) ;
#9589 = ORIENTED_EDGE ( 'NONE', *, *, #910, .T. ) ;
#9590 = PLANE ( 'NONE',  #7368 ) ;
#9591 = DIRECTION ( 'NONE',  ( -3.663735981263016583E-15, 0.000000000000000000, -1.000000000000000000 ) ) ;
#9592 = ORIENTED_EDGE ( 'NONE', *, *, #7528, .F. ) ;
#9593 = EDGE_LOOP ( 'NONE', ( #6381, #4179, #10591, #7586 ) ) ;
#9594 = CARTESIAN_POINT ( 'NONE',  ( -12.86726271897389040, 53.58999999999999631, 8.212411177962620101 ) ) ;
#9595 = LINE ( 'NONE', #2703, #11247 ) ;
#9596 = ORIENTED_EDGE ( 'NONE', *, *, #10090, .F. ) ;
#9597 = DIRECTION ( 'NONE',  ( -0.8660254037844404840, 0.000000000000000000, -0.4999999999999968359 ) ) ;
#9598 = CARTESIAN_POINT ( 'NONE',  ( -12.86726271897389040, 51.99940408041244666, 15.42482235592524198 ) ) ;
#9599 = ORIENTED_EDGE ( 'NONE', *, *, #7095, .T. ) ;
#9600 = VECTOR ( 'NONE', #2032, 999.9999999999998863 ) ;
#9601 = CARTESIAN_POINT ( 'NONE',  ( -5.755106012535009974, 53.58999999999999631, 11.31861676694392749 ) ) ;
#9602 = ADVANCED_FACE ( 'NONE', ( #658 ), #1517, .T. ) ;
#9603 = DIRECTION ( 'NONE',  ( 3.663735981263016583E-15, 0.000000000000000000, 1.000000000000000000 ) ) ;
#9604 = DIRECTION ( 'NONE',  ( -0.4999999999999966138, 0.000000000000000000, 0.8660254037844407060 ) ) ;
#9605 = VECTOR ( 'NONE', #6710, 1000.000000000000000 ) ;
#9606 = ORIENTED_EDGE ( 'NONE', *, *, #9470, .T. ) ;
#9607 = EDGE_CURVE ( 'NONE', #7608, #2778, #1684, .T. ) ;
#9608 = DIRECTION ( 'NONE',  ( 0.8660254037844407060, 0.000000000000000000, 0.4999999999999966138 ) ) ;
#9609 = CARTESIAN_POINT ( 'NONE',  ( 5.005105785205000046, 0.000000000000000000, -10.31861676694392393 ) ) ;
#9610 = ORIENTED_EDGE ( 'NONE', *, *, #10957, .F. ) ;
#9611 = FACE_OUTER_BOUND ( 'NONE', #4655, .T. ) ;
#9612 = DIRECTION ( 'NONE',  ( -3.663735981263016583E-15, -0.000000000000000000, -1.000000000000000000 ) ) ;
#9613 = CARTESIAN_POINT ( 'NONE',  ( 12.98328789542832773, 53.58999999999999631, 13.92482235592523310 ) ) ;
#9614 = ORIENTED_EDGE ( 'NONE', *, *, #2943, .F. ) ;
#9615 = ADVANCED_FACE ( 'NONE', ( #11262 ), #6844, .T. ) ;
#9616 = CARTESIAN_POINT ( 'NONE',  ( 6.737156592773882124, 0.000000000000000000, 11.31861676694392749 ) ) ;
#9617 = ORIENTED_EDGE ( 'NONE', *, *, #3885, .T. ) ;
#9618 = DIRECTION ( 'NONE',  ( 0.8660254037844404840, 0.000000000000000000, 0.4999999999999968359 ) ) ;
#9619 = LINE ( 'NONE', #11279, #7910 ) ;
#9620 = CALENDAR_DATE ( 2025, 18, 11 ) ;
#9621 = DIRECTION ( 'NONE',  ( 0.8660254037844407060, 0.000000000000000000, 0.4999999999999966138 ) ) ;
#9622 = CARTESIAN_POINT ( 'NONE',  ( 12.11726249164388136, 0.000000000000000000, -0.9999999999999986677 ) ) ;
#9623 = DIRECTION ( 'NONE',  ( -0.8660254037844407060, 0.000000000000000000, -0.4999999999999966138 ) ) ;
#9624 = DIRECTION ( 'NONE',  ( 3.330669073875469621E-15, 0.000000000000000000, 1.000000000000000000 ) ) ;
#9625 = ORIENTED_EDGE ( 'NONE', *, *, #7991, .T. ) ;
#9626 = EDGE_CURVE ( 'NONE', #10696, #1348, #5125, .T. ) ;
#9627 = EDGE_CURVE ( 'NONE', #8798, #6906, #3459, .T. ) ;
#9628 = VERTEX_POINT ( 'NONE', #4148 ) ;
#9629 = ADVANCED_FACE ( 'NONE', ( #6950 ), #6779, .T. ) ;
#9630 = EDGE_CURVE ( 'NONE', #9377, #248, #7638, .T. ) ;
#9631 = CARTESIAN_POINT ( 'NONE',  ( 12.11726249164388136, 53.58999999999999631, -14.42482235592523665 ) ) ;
#9632 = ORIENTED_EDGE ( 'NONE', *, *, #9090, .T. ) ;
#9633 = DIRECTION ( 'NONE',  ( 0.8660254037844407060, 0.000000000000000000, 0.4999999999999965583 ) ) ;
#9634 = CARTESIAN_POINT ( 'NONE',  ( -4.865846745402689244, 5.500000000000000000, 8.427893784881197448 ) ) ;
#9635 = CARTESIAN_POINT ( 'NONE',  ( -11.65124435520684898, 53.58999999999999631, -10.31861676694392393 ) ) ;
#9636 = CARTESIAN_POINT ( 'NONE',  ( -16.58282983977096947, 67.84000000000000341, 12.59999999999999432 ) ) ;
#9637 = ORIENTED_EDGE ( 'NONE', *, *, #9654, .F. ) ;
#9638 = LINE ( 'NONE', #8134, #10839 ) ;
#9639 = VERTEX_POINT ( 'NONE', #5074 ) ;
#9640 = CARTESIAN_POINT ( 'NONE',  ( 11.25123708785944388, 0.000000000000000000, -13.92482235592523310 ) ) ;
#9641 = CARTESIAN_POINT ( 'NONE',  ( 4.655112825222397888, 0.000000000000000000, 13.92482235592523487 ) ) ;
#9642 = ORIENTED_EDGE ( 'NONE', *, *, #6548, .T. ) ;
#9643 = ORIENTED_EDGE ( 'NONE', *, *, #9335, .F. ) ;
#9644 = DIRECTION ( 'NONE',  ( -0.8660254037844368202, 0.000000000000000000, 0.5000000000000032196 ) ) ;
#9645 = CARTESIAN_POINT ( 'NONE',  ( -6.999998126900004891, 15.50000000000000000, -1.550000000000002931 ) ) ;
#9646 = EDGE_LOOP ( 'NONE', ( #6379, #4260, #4380, #5721 ) ) ;
#9647 = CARTESIAN_POINT ( 'NONE',  ( -4.690850265411460107, 5.500000000000000000, 8.124790990390669876 ) ) ;
#9648 = CARTESIAN_POINT ( 'NONE',  ( -14.97007473271627909, 51.99940408041244666, 9.806626214415066656 ) ) ;
#9649 = ORIENTED_EDGE ( 'NONE', *, *, #8419, .F. ) ;
#9650 = FACE_OUTER_BOUND ( 'NONE', #10324, .T. ) ;
#9651 = DIRECTION ( 'NONE',  ( 0.8660254037844369313, 0.000000000000000000, -0.5000000000000029976 ) ) ;
#9652 = CARTESIAN_POINT ( 'NONE',  ( -12.00123731518945291, 53.58999999999999631, 7.712411177962617437 ) ) ;
#9653 = VERTEX_POINT ( 'NONE', #10290 ) ;
#9654 = EDGE_CURVE ( 'NONE', #7824, #4348, #2437, .T. ) ;
#9655 = ORIENTED_EDGE ( 'NONE', *, *, #10949, .T. ) ;
#9656 = LINE ( 'NONE', #4497, #8094 ) ;
#9657 = DIRECTION ( 'NONE',  ( -0.8660254037844404840, -0.000000000000000000, -0.4999999999999968359 ) ) ;
#9658 = ORIENTED_EDGE ( 'NONE', *, *, #5228, .F. ) ;
#9659 = LINE ( 'NONE', #3701, #10263 ) ;
#9660 = LINE ( 'NONE', #2893, #8324 ) ;
#9661 = CARTESIAN_POINT ( 'NONE',  ( -8.703175183870927256, 53.58999999999999631, -13.42482235592523665 ) ) ;
#9662 = EDGE_CURVE ( 'NONE', #10300, #9052, #8613, .T. ) ;
#9663 = DIRECTION ( 'NONE',  ( -0.8660254037844407060, 0.000000000000000000, -0.4999999999999966138 ) ) ;
#9664 = ORIENTED_EDGE ( 'NONE', *, *, #2126, .T. ) ;
#9665 = CARTESIAN_POINT ( 'NONE',  ( 18.94999999999999929, 5.499999999999998224, -16.50000000000000000 ) ) ;
#9666 = ADVANCED_FACE ( 'NONE', ( #5988 ), #768, .T. ) ;
#9667 = DIRECTION ( 'NONE',  ( 0.8660254037844369313, 0.000000000000000000, -0.5000000000000029976 ) ) ;
#9668 = CARTESIAN_POINT ( 'NONE',  ( -16.94829350482982022, 52.28232689208745398, -12.60000000000000142 ) ) ;
#9669 = LINE ( 'NONE', #3220, #10521 ) ;
#9670 = PLANE ( 'NONE',  #2053 ) ;
#9671 = LINE ( 'NONE', #6983, #2023 ) ;
#9672 = ORIENTED_EDGE ( 'NONE', *, *, #2835, .T. ) ;
#9673 = ADVANCED_FACE ( 'NONE', ( #5188, #827, #7810 ), #11311, .F. ) ;
#9674 = ORIENTED_EDGE ( 'NONE', *, *, #5717, .T. ) ;
#9675 = AXIS2_PLACEMENT_3D ( 'NONE', #5101, #6076, #8476 ) ;
#9676 = PLANE ( 'NONE',  #349 ) ;
#9677 = VERTEX_POINT ( 'NONE', #9598 ) ;
#9678 = DIRECTION ( 'NONE',  ( -0.8660254037844404840, 0.000000000000000000, -0.4999999999999968359 ) ) ;
#9679 = CARTESIAN_POINT ( 'NONE',  ( 12.98328789542832062, 0.000000000000000000, -0.5000000000000022204 ) ) ;
#9680 = EDGE_CURVE ( 'NONE', #3849, #7206, #8444, .T. ) ;
#9681 = EDGE_CURVE ( 'NONE', #1055, #6494, #7589, .T. ) ;
#9682 = DIRECTION ( 'NONE',  ( -0.000000000000000000, 1.000000000000000000, -0.000000000000000000 ) ) ;
#9683 = PLANE ( 'NONE',  #1468 ) ;
#9684 = ORIENTED_EDGE ( 'NONE', *, *, #1782, .F. ) ;
#9685 = EDGE_CURVE ( 'NONE', #5761, #2977, #2373, .T. ) ;
#9686 = EDGE_CURVE ( 'NONE', #5472, #145, #195, .T. ) ;
#9687 = VECTOR ( 'NONE', #11109, 1000.000000000000000 ) ;
#9688 = EDGE_CURVE ( 'NONE', #3721, #6259, #86, .T. ) ;
#9689 = EDGE_LOOP ( 'NONE', ( #10393, #2562, #7579, #3651 ) ) ;
#9690 = FACE_OUTER_BOUND ( 'NONE', #10915, .T. ) ;
#9691 = ORIENTED_EDGE ( 'NONE', *, *, #798, .T. ) ;
#9692 = DIRECTION ( 'NONE',  ( 0.000000000000000000, 0.000000000000000000, 1.000000000000000000 ) ) ;
#9693 = DIRECTION ( 'NONE',  ( 0.000000000000000000, 0.000000000000000000, -1.000000000000000000 ) ) ;
#9694 = CIRCLE ( 'NONE', #8770, 1.050000000000000488 ) ;
#9695 = ORIENTED_EDGE ( 'NONE', *, *, #2831, .F. ) ;
#9696 = ORIENTED_EDGE ( 'NONE', *, *, #1602, .T. ) ;
#9697 = CARTESIAN_POINT ( 'NONE',  ( 12.11726249164389557, 53.58999999999999631, 15.42482235592523843 ) ) ;
#9698 = FACE_OUTER_BOUND ( 'NONE', #7647, .T. ) ;
#9699 = EDGE_LOOP ( 'NONE', ( #10799, #5217, #3067, #3945 ) ) ;
#9700 = LINE ( 'NONE', #2824, #1479 ) ;
#9701 = DIRECTION ( 'NONE',  ( -0.000000000000000000, 1.000000000000000000, -0.000000000000000000 ) ) ;
#9702 = ORIENTED_EDGE ( 'NONE', *, *, #4294, .F. ) ;
#9703 = EDGE_CURVE ( 'NONE', #10642, #7807, #1046, .T. ) ;
#9704 = CARTESIAN_POINT ( 'NONE',  ( -7.487156820103891164, 53.58999999999999631, -11.31861676694392571 ) ) ;
#9705 = ADVANCED_BREP_SHAPE_REPRESENTATION ( 'gello_teleop_flexiv_l1', ( #3788, #11009, #7223, #3776, #7557, #5522 ), #5151 ) ;
#9706 = VECTOR ( 'NONE', #627, 1000.000000000000000 ) ;
#9707 = LINE ( 'NONE', #882, #1261 ) ;
#9708 = CARTESIAN_POINT ( 'NONE',  ( 11.25123708785944032, 52.28232689208745398, -14.92482235592523487 ) ) ;
#9709 = ORIENTED_EDGE ( 'NONE', *, *, #11107, .T. ) ;
#9710 = VECTOR ( 'NONE', #4374, 1000.000000000000114 ) ;
#9711 = EDGE_LOOP ( 'NONE', ( #7680, #4677, #2793, #4550, #11167, #335 ) ) ;
#9712 = CARTESIAN_POINT ( 'NONE',  ( 13.33328085541092989, 5.500000000000000000, -3.106205588981305610 ) ) ;
#9713 = CARTESIAN_POINT ( 'NONE',  ( 12.11726249164389202, 5.500000000000000000, 8.212411177962620101 ) ) ;
#9714 = ORIENTED_EDGE ( 'NONE', *, *, #3887, .F. ) ;
#9715 = CARTESIAN_POINT ( 'NONE',  ( 9.169193320307970296, 53.58999999999999631, 11.31861676694393282 ) ) ;
#9716 = VECTOR ( 'NONE', #5595, 1000.000000000000000 ) ;
#9717 = CARTESIAN_POINT ( 'NONE',  ( 16.00000000000000000, 67.84000000000000341, 0.000000000000000000 ) ) ;
#9718 = LINE ( 'NONE', #890, #412 ) ;
#9719 = AXIS2_PLACEMENT_3D ( 'NONE', #826, #1572, #709 ) ;
#9720 = AXIS2_PLACEMENT_3D ( 'NONE', #9367, #7753, #604 ) ;
#9721 = DIRECTION ( 'NONE',  ( 0.8660254037844369313, 0.000000000000000000, -0.5000000000000029976 ) ) ;
#9722 = CARTESIAN_POINT ( 'NONE',  ( -9.569200587655368295, 5.500000000000000000, 14.92482235592524376 ) ) ;
#9723 = VERTEX_POINT ( 'NONE', #9877 ) ;
#9724 = CARTESIAN_POINT ( 'NONE',  ( 15.06533166297980841, 5.500000000000000000, 3.106205588981306054 ) ) ;
#9725 = LINE ( 'NONE', #1128, #787 ) ;
#9726 = ORIENTED_EDGE ( 'NONE', *, *, #1139, .F. ) ;
#9727 = CARTESIAN_POINT ( 'NONE',  ( 0.4910252901194391839, 53.58999999999999631, 14.92482235592523487 ) ) ;
#9728 = FACE_OUTER_BOUND ( 'NONE', #1703, .T. ) ;
#9729 = AXIS2_PLACEMENT_3D ( 'NONE', #3003, #3168, #3854 ) ;
#9730 = VECTOR ( 'NONE', #2808, 999.9999999999998863 ) ;
#9731 = ORIENTED_EDGE ( 'NONE', *, *, #1259, .F. ) ;
#9732 = VECTOR ( 'NONE', #2945, 1000.000000000000000 ) ;
#9733 = DIRECTION ( 'NONE',  ( 0.000000000000000000, -1.000000000000000000, 0.000000000000000000 ) ) ;
#9734 = CARTESIAN_POINT ( 'NONE',  ( 20.95000000000000284, 59.69999999999997442, 10.25000000000000178 ) ) ;
#9735 = ORIENTED_EDGE ( 'NONE', *, *, #7224, .T. ) ;
#9736 = EDGE_CURVE ( 'NONE', #2707, #7710, #7185, .T. ) ;
#9737 = EDGE_CURVE ( 'NONE', #9723, #2333, #1911, .T. ) ;
#9738 = EDGE_LOOP ( 'NONE', ( #8233, #5666, #2434, #1873, #1170, #6504 ) ) ;
#9739 = VECTOR ( 'NONE', #1637, 1000.000000000000000 ) ;
#9740 = AXIS2_PLACEMENT_3D ( 'NONE', #6939, #6024, #9529 ) ;
#9741 = DIRECTION ( 'NONE',  ( -0.000000000000000000, 1.000000000000000000, -0.000000000000000000 ) ) ;
#9742 = VERTEX_POINT ( 'NONE', #1101 ) ;
#9743 = LINE ( 'NONE', #7158, #5861 ) ;
#9744 = EDGE_CURVE ( 'NONE', #5668, #4086, #2706, .T. ) ;
#9745 = PLANE ( 'NONE',  #5204 ) ;
#9746 = DIRECTION ( 'NONE',  ( 1.000000000000000000, 0.000000000000000000, -3.663735981263016583E-15 ) ) ;
#9747 = CARTESIAN_POINT ( 'NONE',  ( -12.86726271897389751, 53.58999999999999631, 13.42482235592524020 ) ) ;
#9748 = CARTESIAN_POINT ( 'NONE',  ( 12.98328789542832951, 53.58999999999999631, 7.712411177962615660 ) ) ;
#9749 = ORIENTED_EDGE ( 'NONE', *, *, #5639, .T. ) ;
#9750 = VECTOR ( 'NONE', #1839, 1000.000000000000000 ) ;
#9751 = ADVANCED_FACE ( 'NONE', ( #3685 ), #10620, .T. ) ;
#9752 = ORIENTED_EDGE ( 'NONE', *, *, #7763, .F. ) ;
#9753 = EDGE_CURVE ( 'NONE', #9176, #4516, #3749, .T. ) ;
#9754 = CARTESIAN_POINT ( 'NONE',  ( -12.86726271897389040, 0.000000000000000000, -13.42482235592523665 ) ) ;
#9755 = EDGE_CURVE ( 'NONE', #1310, #8816, #5296, .T. ) ;
#9756 = VECTOR ( 'NONE', #7645, 1000.000000000000000 ) ;
#9757 = ORIENTED_EDGE ( 'NONE', *, *, #3533, .T. ) ;
#9758 = CARTESIAN_POINT ( 'NONE',  ( -16.00000102328300855, 53.58999999999999631, -9.747069910344318799 ) ) ;
#9759 = LINE ( 'NONE', #8191, #7317 ) ;
#9760 = ORIENTED_EDGE ( 'NONE', *, *, #2829, .F. ) ;
#9761 = ORIENTED_EDGE ( 'NONE', *, *, #2815, .T. ) ;
#9762 = LINE ( 'NONE', #4365, #9401 ) ;
#9763 = PLANE ( 'NONE',  #6307 ) ;
#9764 = ORIENTED_EDGE ( 'NONE', *, *, #9880, .T. ) ;
#9765 = CARTESIAN_POINT ( 'NONE',  ( 8.819200360325362809, 53.58999999999999631, 13.92482235592523310 ) ) ;
#9766 = LINE ( 'NONE', #6372, #38 ) ;
#9767 = VERTEX_POINT ( 'NONE', #8894 ) ;
#9768 = CARTESIAN_POINT ( 'NONE',  ( 13.33328085541092989, 53.58999999999999631, 3.106205588981312271 ) ) ;
#9769 = VECTOR ( 'NONE', #1512, 999.9999999999998863 ) ;
#9770 = ADVANCED_FACE ( 'NONE', ( #4432 ), #7920, .T. ) ;
#9771 = ORIENTED_EDGE ( 'NONE', *, *, #3250, .F. ) ;
#9772 = LINE ( 'NONE', #1171, #2774 ) ;
#9773 = EDGE_CURVE ( 'NONE', #7114, #10158, #6321, .T. ) ;
#9774 = ORIENTED_EDGE ( 'NONE', *, *, #3465, .T. ) ;
#9775 = EDGE_CURVE ( 'NONE', #3163, #6377, #5463, .T. ) ;
#9776 = ORIENTED_EDGE ( 'NONE', *, *, #8409, .F. ) ;
#9777 = CARTESIAN_POINT ( 'NONE',  ( 12.11726249164388847, 0.000000000000000000, 1.000000000000001332 ) ) ;
#9778 = DIRECTION ( 'NONE',  ( -0.8660254037844404840, 0.000000000000000000, -0.4999999999999968359 ) ) ;
#9779 = AXIS2_PLACEMENT_3D ( 'NONE', #5274, #8009, #1891 ) ;
#9780 = VERTEX_POINT ( 'NONE', #8949 ) ;
#9781 = CARTESIAN_POINT ( 'NONE',  ( 7.087149552756477178, 53.58999999999999631, -14.92482235592523487 ) ) ;
#9782 = CARTESIAN_POINT ( 'NONE',  ( -8.703175183870927256, 53.58999999999999631, 15.42482235592523843 ) ) ;
#9783 = EDGE_CURVE ( 'NONE', #2932, #6498, #4605, .T. ) ;
#9784 = DIRECTION ( 'NONE',  ( 0.000000000000000000, 0.000000000000000000, 1.000000000000000000 ) ) ;
#9785 = VECTOR ( 'NONE', #4602, 999.9999999999998863 ) ;
#9786 = FACE_OUTER_BOUND ( 'NONE', #8668, .T. ) ;
#9787 = DIRECTION ( 'NONE',  ( -0.8660254037844369313, 0.000000000000000000, 0.5000000000000029976 ) ) ;
#9788 = ORIENTED_EDGE ( 'NONE', *, *, #5916, .F. ) ;
#9789 = LINE ( 'NONE', #53, #10055 ) ;
#9790 = LINE ( 'NONE', #4510, #2257 ) ;
#9791 = ORIENTED_EDGE ( 'NONE', *, *, #987, .F. ) ;
#9792 = DIRECTION ( 'NONE',  ( -0.8660254037844404840, -0.000000000000000000, -0.4999999999999968359 ) ) ;
#9793 = DIRECTION ( 'NONE',  ( -3.330669073875469621E-15, 0.000000000000000000, -1.000000000000000000 ) ) ;
#9794 = VECTOR ( 'NONE', #10932, 1000.000000000000227 ) ;
#9795 = VERTEX_POINT ( 'NONE', #8091 ) ;
#9796 = DIRECTION ( 'NONE',  ( 0.5000000000000032196, 0.000000000000000000, 0.8660254037844368202 ) ) ;
#9797 = LINE ( 'NONE', #8649, #2573 ) ;
#9798 = EDGE_LOOP ( 'NONE', ( #7067, #9366, #10363, #626, #8211, #10567 ) ) ;
#9799 = VERTEX_POINT ( 'NONE', #10737 ) ;
#9800 = VECTOR ( 'NONE', #5309, 999.9999999999998863 ) ;
#9801 = CARTESIAN_POINT ( 'NONE',  ( 2.923062017653524247, 0.000000000000000000, 14.92482235592524376 ) ) ;
#9802 = EDGE_LOOP ( 'NONE', ( #338, #2769, #2587, #9952, #2594, #10515 ) ) ;
#9803 = PLANE ( 'NONE',  #4768 ) ;
#9804 = EDGE_CURVE ( 'NONE', #7260, #5680, #9766, .T. ) ;
#9805 = PLANE ( 'NONE',  #6846 ) ;
#9806 = FACE_OUTER_BOUND ( 'NONE', #9196, .T. ) ;
#9807 = LINE ( 'NONE', #6933, #10637 ) ;
#9808 = LINE ( 'NONE', #5230, #7155 ) ;
#9809 = VERTEX_POINT ( 'NONE', #8837 ) ;
#9810 = EDGE_CURVE ( 'NONE', #2459, #4028, #5242, .T. ) ;
#9811 = CARTESIAN_POINT ( 'NONE',  ( 6.585393976130370142, 5.500000000000000000, -11.40623695451593100 ) ) ;
#9812 = ORIENTED_EDGE ( 'NONE', *, *, #8350, .T. ) ;
#9813 = LINE ( 'NONE', #2928, #5358 ) ;
#9814 = FACE_OUTER_BOUND ( 'NONE', #532, .T. ) ;
#9815 = ORIENTED_EDGE ( 'NONE', *, *, #2092, .F. ) ;
#9816 = EDGE_CURVE ( 'NONE', #7054, #6263, #8027, .T. ) ;
#9817 = ORIENTED_EDGE ( 'NONE', *, *, #9804, .T. ) ;
#9818 = CARTESIAN_POINT ( 'NONE',  ( 12.98328789542831707, 52.28232689208745398, -14.92482235592524198 ) ) ;
#9819 = DIRECTION ( 'NONE',  ( 3.330669073875469621E-15, 0.000000000000000000, 1.000000000000000000 ) ) ;
#9820 = ORIENTED_EDGE ( 'NONE', *, *, #1197, .F. ) ;
#9821 = CARTESIAN_POINT ( 'NONE',  ( 15.20795229605555043, 52.28232689208745398, -9.236274706045703553 ) ) ;
#9822 = DIRECTION ( 'NONE',  ( 1.000000000000000000, 0.000000000000000000, -3.663735981263016583E-15 ) ) ;
#9823 = EDGE_LOOP ( 'NONE', ( #8650, #2080, #2878, #2689 ) ) ;
#9824 = CARTESIAN_POINT ( 'NONE',  ( 12.98328789542832240, 0.000000000000000000, -13.92482235592524020 ) ) ;
#9825 = ORIENTED_EDGE ( 'NONE', *, *, #1769, .T. ) ;
#9826 = CARTESIAN_POINT ( 'NONE',  ( 7.953174956540921769, 0.000000000000000000, -13.42482235592523665 ) ) ;
#9827 = EDGE_LOOP ( 'NONE', ( #81, #7250, #9303, #5243, #3456, #3015 ) ) ;
#9828 = ORIENTED_EDGE ( 'NONE', *, *, #6015, .T. ) ;
#9829 = DIRECTION ( 'NONE',  ( 0.000000000000000000, -1.000000000000000000, 0.000000000000000000 ) ) ;
#9830 = DIRECTION ( 'NONE',  ( -0.4999999999999966138, 0.000000000000000000, 0.8660254037844407060 ) ) ;
#9831 = ORIENTED_EDGE ( 'NONE', *, *, #6890, .F. ) ;
#9832 = DIRECTION ( 'NONE',  ( -0.5000000000000029976, 0.000000000000000000, -0.8660254037844369313 ) ) ;
#9833 = FACE_OUTER_BOUND ( 'NONE', #6540, .T. ) ;
#9834 = DIRECTION ( 'NONE',  ( -0.000000000000000000, 1.000000000000000000, -0.000000000000000000 ) ) ;
#9835 = EDGE_CURVE ( 'NONE', #7292, #1230, #7014, .T. ) ;
#9836 = PLANE ( 'NONE',  #2610 ) ;
#9837 = ADVANCED_FACE ( 'NONE', ( #7972 ), #3058, .T. ) ;
#9838 = VECTOR ( 'NONE', #10348, 1000.000000000000000 ) ;
#9839 = EDGE_CURVE ( 'NONE', #8849, #348, #479, .T. ) ;
#9840 = ADVANCED_FACE ( 'NONE', ( #8198 ), #6663, .F. ) ;
#9841 = EDGE_CURVE ( 'NONE', #3026, #145, #1166, .T. ) ;
#9842 = DIRECTION ( 'NONE',  ( 1.000000000000000000, -0.000000000000000000, -0.000000000000000000 ) ) ;
#9843 = DIRECTION ( 'NONE',  ( -0.5000000000000029976, 0.000000000000000000, -0.8660254037844369313 ) ) ;
#9844 = EDGE_LOOP ( 'NONE', ( #1433, #4541, #2454, #5657 ) ) ;
#9845 = DIRECTION ( 'NONE',  ( 3.330669073875469621E-15, 0.000000000000000000, 1.000000000000000000 ) ) ;
#9846 = FACE_OUTER_BOUND ( 'NONE', #8348, .T. ) ;
#9847 = EDGE_LOOP ( 'NONE', ( #10025, #1693, #8080, #2266 ) ) ;
#9848 = DIRECTION ( 'NONE',  ( -0.000000000000000000, 1.000000000000000000, -0.000000000000000000 ) ) ;
#9849 = DIRECTION ( 'NONE',  ( 1.000000000000000000, 0.000000000000000000, 0.000000000000000000 ) ) ;
#9850 = ORIENTED_EDGE ( 'NONE', *, *, #3638, .F. ) ;
#9851 = CARTESIAN_POINT ( 'NONE',  ( -10.78521895142240794, 5.500000000000000000, -9.818616766943927487 ) ) ;
#9852 = DIRECTION ( 'NONE',  ( -0.000000000000000000, 1.000000000000000000, -0.000000000000000000 ) ) ;
#9853 = ORIENTED_EDGE ( 'NONE', *, *, #1248, .T. ) ;
#9854 = VERTEX_POINT ( 'NONE', #3970 ) ;
#9855 = DIRECTION ( 'NONE',  ( 0.000000000000000000, 0.000000000000000000, -1.000000000000000000 ) ) ;
#9856 = ORIENTED_EDGE ( 'NONE', *, *, #8676, .T. ) ;
#9857 = LINE ( 'NONE', #6183, #2212 ) ;
#9858 = AXIS2_PLACEMENT_3D ( 'NONE', #6339, #9842, #1982 ) ;
#9859 = DIRECTION ( 'NONE',  ( 0.8660254037844369313, 0.000000000000000000, -0.5000000000000029976 ) ) ;
#9860 = FACE_OUTER_BOUND ( 'NONE', #9104, .T. ) ;
#9861 = DIRECTION ( 'NONE',  ( 0.8660254037844368202, 0.000000000000000000, -0.5000000000000032196 ) ) ;
#9862 = DIRECTION ( 'NONE',  ( 1.000000000000000000, 0.000000000000000000, -3.663735981263016583E-15 ) ) ;
#9863 = ORIENTED_EDGE ( 'NONE', *, *, #9680, .T. ) ;
#9864 = VECTOR ( 'NONE', #1629, 1000.000000000000000 ) ;
#9865 = EDGE_CURVE ( 'NONE', #1286, #10388, #5753, .T. ) ;
#9866 = DIRECTION ( 'NONE',  ( -0.000000000000000000, 1.000000000000000000, -0.000000000000000000 ) ) ;
#9867 = ORIENTED_EDGE ( 'NONE', *, *, #2203, .F. ) ;
#9868 = CARTESIAN_POINT ( 'NONE',  ( -6.621131416319446572, 0.000000000000000000, 11.81861676694392926 ) ) ;
#9869 = CARTESIAN_POINT ( 'NONE',  ( -12.86726271897389040, 53.58999999999999631, 1.000000000000000444 ) ) ;
#9870 = ORIENTED_EDGE ( 'NONE', *, *, #11334, .T. ) ;
#9871 = ORIENTED_EDGE ( 'NONE', *, *, #6403, .T. ) ;
#9872 = DIRECTION ( 'NONE',  ( -0.000000000000000000, -1.000000000000000000, -0.000000000000000000 ) ) ;
#9873 = DIRECTION ( 'NONE',  ( 3.663735981263016583E-15, 0.000000000000000000, 1.000000000000000000 ) ) ;
#9874 = VERTEX_POINT ( 'NONE', #1220 ) ;
#9875 = VECTOR ( 'NONE', #8695, 1000.000000000000000 ) ;
#9876 = CARTESIAN_POINT ( 'NONE',  ( -1.241025517449438009, 53.58999999999999631, 14.92482235592524198 ) ) ;
#9877 = CARTESIAN_POINT ( 'NONE',  ( -4.539087648767970329, 5.500000000000000000, 13.42482235592524020 ) ) ;
#9878 = ORIENTED_EDGE ( 'NONE', *, *, #6120, .F. ) ;
#9879 = CARTESIAN_POINT ( 'NONE',  ( 12.11726249164388847, 0.000000000000000000, 13.42482235592523665 ) ) ;
#9880 = EDGE_CURVE ( 'NONE', #2118, #7344, #2937, .T. ) ;
#9881 = VECTOR ( 'NONE', #6596, 1000.000000000000000 ) ;
#9882 = ORIENTED_EDGE ( 'NONE', *, *, #7231, .F. ) ;
#9883 = CARTESIAN_POINT ( 'NONE',  ( 4.503350208578961400, 5.500000000000000000, -7.800031365534732863 ) ) ;
#9884 = VERTEX_POINT ( 'NONE', #1335 ) ;
#9885 = ORIENTED_EDGE ( 'NONE', *, *, #5500, .T. ) ;
#9886 = CARTESIAN_POINT ( 'NONE',  ( -5.405113052552404262, 53.58999999999999631, 14.92482235592524376 ) ) ;
#9887 = DIRECTION ( 'NONE',  ( -3.330669073875469621E-15, 0.000000000000000000, -1.000000000000000000 ) ) ;
#9888 = ORIENTED_EDGE ( 'NONE', *, *, #10741, .T. ) ;
#9889 = DIRECTION ( 'NONE',  ( 3.330669073875469621E-15, 0.000000000000000000, 1.000000000000000000 ) ) ;
#9890 = LINE ( 'NONE', #1712, #8272 ) ;
#9891 = DIRECTION ( 'NONE',  ( 3.663735981263016583E-15, 0.000000000000000000, 1.000000000000000000 ) ) ;
#9892 = EDGE_CURVE ( 'NONE', #10305, #7344, #8148, .T. ) ;
#9893 = CARTESIAN_POINT ( 'NONE',  ( -12.00123731518945291, 0.000000000000000000, -13.92482235592524020 ) ) ;
#9894 = VECTOR ( 'NONE', #11058, 1000.000000000000227 ) ;
#9895 = FACE_OUTER_BOUND ( 'NONE', #10170, .T. ) ;
#9896 = AXIS2_PLACEMENT_3D ( 'NONE', #5820, #2056, #393 ) ;
#9897 = DIRECTION ( 'NONE',  ( -0.5000000000000029976, 0.000000000000000000, -0.8660254037844369313 ) ) ;
#9898 = ORIENTED_EDGE ( 'NONE', *, *, #5756, .F. ) ;
#9899 = EDGE_CURVE ( 'NONE', #711, #10696, #7526, .T. ) ;
#9900 = VECTOR ( 'NONE', #1582, 1000.000000000000000 ) ;
#9901 = EDGE_CURVE ( 'NONE', #4953, #4641, #3109, .T. ) ;
#9902 = LINE ( 'NONE', #3283, #7486 ) ;
#9903 = LINE ( 'NONE', #7884, #1885 ) ;
#9904 = EDGE_CURVE ( 'NONE', #1695, #10277, #4718, .T. ) ;
#9905 = ORIENTED_EDGE ( 'NONE', *, *, #7849, .T. ) ;
#9906 = CARTESIAN_POINT ( 'NONE',  ( 11.25123708785944743, 0.000000000000000000, -6.712411177962617437 ) ) ;
#9907 = LINE ( 'NONE', #1815, #3384 ) ;
#9908 = FACE_OUTER_BOUND ( 'NONE', #9218, .T. ) ;
#9909 = FACE_OUTER_BOUND ( 'NONE', #7581, .T. ) ;
#9910 = VECTOR ( 'NONE', #7640, 1000.000000000000114 ) ;
#9911 = ORIENTED_EDGE ( 'NONE', *, *, #1887, .T. ) ;
#9912 = AXIS2_PLACEMENT_3D ( 'NONE', #5583, #7349, #2879 ) ;
#9913 = AXIS2_PLACEMENT_3D ( 'NONE', #8102, #5710, #373 ) ;
#9914 = ORIENTED_EDGE ( 'NONE', *, *, #7577, .F. ) ;
#9915 = VECTOR ( 'NONE', #4060, 1000.000000000000114 ) ;
#9916 = PLANE ( 'NONE',  #1807 ) ;
#9917 = VECTOR ( 'NONE', #9701, 1000.000000000000000 ) ;
#9918 = ORIENTED_EDGE ( 'NONE', *, *, #10593, .T. ) ;
#9919 = EDGE_CURVE ( 'NONE', #3362, #10140, #4834, .T. ) ;
#9920 = AXIS2_PLACEMENT_3D ( 'NONE', #4705, #10722, #9861 ) ;
#9921 = PLANE ( 'NONE',  #3476 ) ;
#9922 = VECTOR ( 'NONE', #10641, 1000.000000000000000 ) ;
#9923 = CARTESIAN_POINT ( 'NONE',  ( -1.241025517449443338, 5.500000000000000000, -13.92482235592523310 ) ) ;
#9924 = LINE ( 'NONE', #239, #3871 ) ;
#9925 = DIRECTION ( 'NONE',  ( -0.8660254037844407060, 0.000000000000000000, -0.4999999999999966138 ) ) ;
#9926 = FACE_OUTER_BOUND ( 'NONE', #8558, .T. ) ;
#9927 = ORIENTED_EDGE ( 'NONE', *, *, #8144, .T. ) ;
#9928 = VECTOR ( 'NONE', #902, 1000.000000000000000 ) ;
#9929 = AXIS2_PLACEMENT_3D ( 'NONE', #10359, #7936, #8689 ) ;
#9930 = VECTOR ( 'NONE', #6310, 999.9999999999998863 ) ;
#9931 = CARTESIAN_POINT ( 'NONE',  ( -15.81533189030981035, 0.000000000000000000, -3.106205588981306498 ) ) ;
#9932 = ORIENTED_EDGE ( 'NONE', *, *, #6935, .F. ) ;
#9933 = DIRECTION ( 'NONE',  ( -0.8660254037844404840, -0.000000000000000000, -0.4999999999999968359 ) ) ;
#9934 = CARTESIAN_POINT ( 'NONE',  ( 10.90124412787684882, 0.000000000000000000, 11.31861676694392571 ) ) ;
#9935 = EDGE_LOOP ( 'NONE', ( #1922, #2946, #4000, #1000 ) ) ;
#9936 = ORIENTED_EDGE ( 'NONE', *, *, #11146, .F. ) ;
#9937 = CARTESIAN_POINT ( 'NONE',  ( -8.703175183870929033, 52.28232689208745398, -13.42482235592523665 ) ) ;
#9938 = CARTESIAN_POINT ( 'NONE',  ( -15.81533189030982456, 5.500000000000000000, 5.794320050214454522E-14 ) ) ;
#9939 = AXIS2_PLACEMENT_3D ( 'NONE', #9993, #2077, #1092 ) ;
#9940 = EDGE_LOOP ( 'NONE', ( #6595, #5143, #8685, #1700 ) ) ;
#9941 = VECTOR ( 'NONE', #4262, 1000.000000000000000 ) ;
#9942 = PLANE ( 'NONE',  #8983 ) ;
#9943 = DIRECTION ( 'NONE',  ( -0.000000000000000000, -1.000000000000000000, -0.000000000000000000 ) ) ;
#9944 = ORIENTED_EDGE ( 'NONE', *, *, #10244, .F. ) ;
#9945 = LINE ( 'NONE', #10165, #6605 ) ;
#9946 = AXIS2_PLACEMENT_3D ( 'NONE', #2512, #8522, #5954 ) ;
#9947 = EDGE_LOOP ( 'NONE', ( #3039, #10777, #11199, #5290 ) ) ;
#9948 = DIRECTION ( 'NONE',  ( -0.000000000000000000, 1.000000000000000000, -0.000000000000000000 ) ) ;
#9949 = ORIENTED_EDGE ( 'NONE', *, *, #9627, .T. ) ;
#9950 = ORIENTED_EDGE ( 'NONE', *, *, #10936, .F. ) ;
#9951 = LINE ( 'NONE', #3066, #1176 ) ;
#9952 = ORIENTED_EDGE ( 'NONE', *, *, #1259, .T. ) ;
#9953 = LINE ( 'NONE', #7301, #9716 ) ;
#9954 = LINE ( 'NONE', #4732, #1853 ) ;
#9955 = DIRECTION ( 'NONE',  ( -0.000000000000000000, 1.000000000000000000, -0.000000000000000000 ) ) ;
#9956 = EDGE_CURVE ( 'NONE', #71, #8798, #10959, .T. ) ;
#9957 = VECTOR ( 'NONE', #5814, 1000.000000000000000 ) ;
#9958 = PLANE ( 'NONE',  #7728 ) ;
#9959 = LINE ( 'NONE', #2103, #10589 ) ;
#9960 = EDGE_CURVE ( 'NONE', #1459, #11084, #10851, .T. ) ;
#9961 = PLANE ( 'NONE',  #4966 ) ;
#9962 = VECTOR ( 'NONE', #6709, 1000.000000000000000 ) ;
#9963 = ORIENTED_EDGE ( 'NONE', *, *, #1823, .F. ) ;
#9964 = LINE ( 'NONE', #6462, #63 ) ;
#9965 = ORIENTED_EDGE ( 'NONE', *, *, #2256, .T. ) ;
#9966 = FACE_OUTER_BOUND ( 'NONE', #7503, .T. ) ;
#9967 = DIRECTION ( 'NONE',  ( -0.000000000000000000, -1.000000000000000000, -0.000000000000000000 ) ) ;
#9968 = ORIENTED_EDGE ( 'NONE', *, *, #4671, .T. ) ;
#9969 = DIRECTION ( 'NONE',  ( -0.000000000000000000, 1.000000000000000000, 0.000000000000000000 ) ) ;
#9970 = DIRECTION ( 'NONE',  ( -3.330669073875469621E-15, 0.000000000000000000, -1.000000000000000000 ) ) ;
#9971 = VERTEX_POINT ( 'NONE', #2020 ) ;
#9972 = VECTOR ( 'NONE', #5707, 1000.000000000000227 ) ;
#9973 = EDGE_CURVE ( 'NONE', #5812, #11194, #9127, .T. ) ;
#9974 = ORIENTED_EDGE ( 'NONE', *, *, #8236, .F. ) ;
#9975 = ORIENTED_EDGE ( 'NONE', *, *, #8201, .F. ) ;
#9976 = DIRECTION ( 'NONE',  ( 0.8660254037844404840, 0.000000000000000000, 0.4999999999999968359 ) ) ;
#9977 = PERSON_AND_ORGANIZATION ( #956, #7698 ) ;
#9978 = VECTOR ( 'NONE', #585, 1000.000000000000000 ) ;
#9979 = ORIENTED_EDGE ( 'NONE', *, *, #685, .T. ) ;
#9980 = LINE ( 'NONE', #4001, #4213 ) ;
#9981 = DIRECTION ( 'NONE',  ( -0.4999999999999966138, 0.000000000000000000, 0.8660254037844407060 ) ) ;
#9982 = DIRECTION ( 'NONE',  ( 0.4999999999999968359, 0.000000000000000000, -0.8660254037844404840 ) ) ;
#9983 = CARTESIAN_POINT ( 'NONE',  ( -12.00123731518945647, 0.000000000000000000, -0.5000000000000029976 ) ) ;
#9984 = FACE_BOUND ( 'NONE', #652, .T. ) ;
#9985 = VERTEX_POINT ( 'NONE', #5584 ) ;
#9986 = ADVANCED_FACE ( 'NONE', ( #2142 ), #2253, .T. ) ;
#9987 = ADVANCED_FACE ( 'NONE', ( #311 ), #3800, .T. ) ;
#9988 = VECTOR ( 'NONE', #1465, 1000.000000000000000 ) ;
#9989 = EDGE_CURVE ( 'NONE', #10022, #11111, #5638, .T. ) ;
#9990 = EDGE_CURVE ( 'NONE', #3118, #10167, #8260, .T. ) ;
#9991 = DIRECTION ( 'NONE',  ( 0.000000000000000000, 0.000000000000000000, 1.000000000000000000 ) ) ;
#9992 = EDGE_LOOP ( 'NONE', ( #6009, #7904, #1547, #19 ) ) ;
#9993 = CARTESIAN_POINT ( 'NONE',  ( 15.99999999999999289, 59.69999999999997442, -10.25000000000000000 ) ) ;
#9994 = LINE ( 'NONE', #3911, #8226 ) ;
#9995 = ORIENTED_EDGE ( 'NONE', *, *, #1917, .F. ) ;
#9996 = ORIENTED_EDGE ( 'NONE', *, *, #6923, .T. ) ;
#9997 = FACE_OUTER_BOUND ( 'NONE', #1161, .T. ) ;
#9998 = LINE ( 'NONE', #9938, #6683 ) ;
#9999 = VERTEX_POINT ( 'NONE', #8597 ) ;
#10000 = CARTESIAN_POINT ( 'NONE',  ( 4.286263797015736595E-16, 5.000000000000000000, 3.500000000000000000 ) ) ;
#10001 = CARTESIAN_POINT ( 'NONE',  ( 4.286263797015736595E-16, 5.000000000000000000, 3.500000000000000000 ) ) ;
#10002 = ORIENTED_EDGE ( 'NONE', *, *, #8139, .T. ) ;
#10003 = CARTESIAN_POINT ( 'NONE',  ( -12.86726271897389040, 0.000000000000000000, -6.212411177962618325 ) ) ;
#10004 = ORIENTED_EDGE ( 'NONE', *, *, #10873, .F. ) ;
#10005 = LINE ( 'NONE', #6505, #6265 ) ;
#10006 = ORIENTED_EDGE ( 'NONE', *, *, #8562, .F. ) ;
#10007 = EDGE_LOOP ( 'NONE', ( #6571, #2060, #10340, #9446, #10309, #6716 ) ) ;
#10008 = CARTESIAN_POINT ( 'NONE',  ( -6.999998126900004891, 53.58999999999999631, -3.469446951953614189E-15 ) ) ;
#10009 = CARTESIAN_POINT ( 'NONE',  ( -4.539087648767972105, 0.000000000000000000, -15.42482235592523843 ) ) ;
#10010 = ORIENTED_EDGE ( 'NONE', *, *, #5892, .F. ) ;
#10011 = DIRECTION ( 'NONE',  ( 1.000000000000000000, -0.000000000000000000, -0.000000000000000000 ) ) ;
#10012 = DIRECTION ( 'NONE',  ( -1.000000000000000000, 0.000000000000000000, 0.000000000000000000 ) ) ;
#10013 = DIRECTION ( 'NONE',  ( -0.4999999999999966138, 0.000000000000000000, 0.8660254037844407060 ) ) ;
#10014 = LINE ( 'NONE', #9146, #4355 ) ;
#10015 = EDGE_CURVE ( 'NONE', #9009, #5761, #11126, .T. ) ;
#10016 = DIRECTION ( 'NONE',  ( -0.000000000000000000, 1.000000000000000000, -0.000000000000000000 ) ) ;
#10017 = ORIENTED_EDGE ( 'NONE', *, *, #9189, .T. ) ;
#10018 = FACE_OUTER_BOUND ( 'NONE', #3388, .T. ) ;
#10019 = ORIENTED_EDGE ( 'NONE', *, *, #7387, .F. ) ;
#10020 = DIRECTION ( 'NONE',  ( 0.8660254037844368202, -0.000000000000000000, -0.5000000000000032196 ) ) ;
#10021 = LINE ( 'NONE', #9153, #4852 ) ;
#10022 = VERTEX_POINT ( 'NONE', #1498 ) ;
#10023 = CARTESIAN_POINT ( 'NONE',  ( 11.25123708785945098, 0.000000000000000000, 13.92482235592524020 ) ) ;
#10024 = ORIENTED_EDGE ( 'NONE', *, *, #7975, .T. ) ;
#10025 = ORIENTED_EDGE ( 'NONE', *, *, #8704, .T. ) ;
#10026 = EDGE_CURVE ( 'NONE', #10667, #8805, #2419, .T. ) ;
#10027 = ORIENTED_EDGE ( 'NONE', *, *, #10607, .F. ) ;
#10028 = CARTESIAN_POINT ( 'NONE',  ( 3.637324804794527022, 5.500000000000000000, -6.300031365534721317 ) ) ;
#10029 = CARTESIAN_POINT ( 'NONE',  ( 0.000000000000000000, 0.000000000000000000, 0.000000000000000000 ) ) ;
#10030 = ORIENTED_EDGE ( 'NONE', *, *, #9685, .T. ) ;
#10031 = CARTESIAN_POINT ( 'NONE',  ( -12.86726271897389751, 53.58999999999999631, -0.9999999999999995559 ) ) ;
#10032 = CARTESIAN_POINT ( 'NONE',  ( -9.569200587655368295, 0.000000000000000000, 14.92482235592524376 ) ) ;
#10033 = DIRECTION ( 'NONE',  ( 0.8660254037844368202, -0.000000000000000000, -0.5000000000000032196 ) ) ;
#10034 = CARTESIAN_POINT ( 'NONE',  ( 2.421306441027399448, 5.500000000000000000, -4.193825776553269158 ) ) ;
#10035 = FACE_BOUND ( 'NONE', #1918, .T. ) ;
#10036 = EDGE_CURVE ( 'NONE', #5418, #7978, #3392, .T. ) ;
#10037 = ORIENTED_EDGE ( 'NONE', *, *, #1118, .T. ) ;
#10038 = CARTESIAN_POINT ( 'NONE',  ( -7.837149780086493323, 52.28232689208745398, -14.92482235592524198 ) ) ;
#10039 = ORIENTED_EDGE ( 'NONE', *, *, #9102, .F. ) ;
#10040 = EDGE_CURVE ( 'NONE', #305, #71, #2526, .T. ) ;
#10041 = CARTESIAN_POINT ( 'NONE',  ( -10.78521895142240794, 0.000000000000000000, 11.81861676694392926 ) ) ;
#10042 = EDGE_CURVE ( 'NONE', #7921, #3966, #810, .T. ) ;
#10043 = EDGE_LOOP ( 'NONE', ( #2634, #5335, #6720, #3443, #9885, #9530 ) ) ;
#10044 = CARTESIAN_POINT ( 'NONE',  ( 10.32954764711189810, 52.28232689208745398, -24.41337000580479710 ) ) ;
#10045 = LINE ( 'NONE', #2934, #4670 ) ;
#10046 = PLANE ( 'NONE',  #7701 ) ;
#10047 = DIRECTION ( 'NONE',  ( -3.663735981263016583E-15, -0.000000000000000000, -1.000000000000000000 ) ) ;
#10048 = EDGE_CURVE ( 'NONE', #4783, #7894, #5918, .T. ) ;
#10049 = ORIENTED_EDGE ( 'NONE', *, *, #4547, .F. ) ;
#10050 = FACE_OUTER_BOUND ( 'NONE', #1199, .T. ) ;
#10051 = AXIS2_PLACEMENT_3D ( 'NONE', #10840, #6490, #9991 ) ;
#10052 = ORIENTED_EDGE ( 'NONE', *, *, #11234, .F. ) ;
#10053 = CARTESIAN_POINT ( 'NONE',  ( -9.919193547637975783, 0.000000000000000000, -11.31861676694393282 ) ) ;
#10054 = EDGE_LOOP ( 'NONE', ( #11070, #5602, #107, #10416, #8166, #8607 ) ) ;
#10055 = VECTOR ( 'NONE', #2677, 1000.000000000000000 ) ;
#10056 = ORIENTED_EDGE ( 'NONE', *, *, #8469, .T. ) ;
#10057 = ORIENTED_EDGE ( 'NONE', *, *, #10128, .T. ) ;
#10058 = DIRECTION ( 'NONE',  ( 0.4999999999999968359, 0.000000000000000000, -0.8660254037844404840 ) ) ;
#10059 = LINE ( 'NONE', #8157, #2827 ) ;
#10060 = EDGE_CURVE ( 'NONE', #5607, #997, #10330, .T. ) ;
#10061 = ORIENTED_EDGE ( 'NONE', *, *, #3295, .T. ) ;
#10062 = FACE_OUTER_BOUND ( 'NONE', #2189, .T. ) ;
#10063 = DIRECTION ( 'NONE',  ( 0.8660254037844369313, 0.000000000000000000, -0.5000000000000029976 ) ) ;
#10064 = CARTESIAN_POINT ( 'NONE',  ( -5.755106012535013527, 0.000000000000000000, -11.31861676694393282 ) ) ;
#10065 = AXIS2_PLACEMENT_3D ( 'NONE', #3451, #3402, #6145 ) ;
#10066 = DIRECTION ( 'NONE',  ( -3.663735981263016583E-15, 0.000000000000000000, -1.000000000000000000 ) ) ;
#10067 = DIRECTION ( 'NONE',  ( 1.000000000000000000, 0.000000000000000000, -3.663735981263016583E-15 ) ) ;
#10068 = ORIENTED_EDGE ( 'NONE', *, *, #1067, .F. ) ;
#10069 = FACE_OUTER_BOUND ( 'NONE', #2521, .T. ) ;
#10070 = ORIENTED_EDGE ( 'NONE', *, *, #9245, .T. ) ;
#10071 = DIRECTION ( 'NONE',  ( 0.8660254037844369313, 0.000000000000000000, -0.5000000000000029976 ) ) ;
#10072 = VECTOR ( 'NONE', #6313, 1000.000000000000000 ) ;
#10073 = DIRECTION ( 'NONE',  ( 0.8660254037844369313, 0.000000000000000000, -0.5000000000000029976 ) ) ;
#10074 = EDGE_LOOP ( 'NONE', ( #7001, #4251, #4663, #84 ) ) ;
#10075 = FACE_BOUND ( 'NONE', #9404, .T. ) ;
#10076 = ORIENTED_EDGE ( 'NONE', *, *, #5636, .F. ) ;
#10077 = AXIS2_PLACEMENT_3D ( 'NONE', #6918, #5841, #1647 ) ;
#10078 = ORIENTED_EDGE ( 'NONE', *, *, #6361, .T. ) ;
#10079 = ORIENTED_EDGE ( 'NONE', *, *, #10184, .T. ) ;
#10080 = DIRECTION ( 'NONE',  ( 0.000000000000000000, 0.000000000000000000, 1.000000000000000000 ) ) ;
#10081 =( NAMED_UNIT ( * ) PLANE_ANGLE_UNIT ( ) SI_UNIT ( $, .RADIAN. ) );
#10082 = EDGE_LOOP ( 'NONE', ( #8413, #8132, #7470, #2451 ) ) ;
#10083 = DIRECTION ( 'NONE',  ( -0.8660254037844369313, 0.000000000000000000, 0.5000000000000029976 ) ) ;
#10084 = VECTOR ( 'NONE', #8507, 1000.000000000000114 ) ;
#10085 = LINE ( 'NONE', #4066, #7025 ) ;
#10086 = DIRECTION ( 'NONE',  ( 0.5000000000000032196, 0.000000000000000000, 0.8660254037844368202 ) ) ;
#10087 = VECTOR ( 'NONE', #6689, 1000.000000000000000 ) ;
#10088 = CARTESIAN_POINT ( 'NONE',  ( -12.86726271897389040, 0.000000000000000000, 15.42482235592523843 ) ) ;
#10089 = FACE_BOUND ( 'NONE', #1938, .T. ) ;
#10090 = EDGE_CURVE ( 'NONE', #2171, #1310, #11075, .T. ) ;
#10091 = ORIENTED_EDGE ( 'NONE', *, *, #6519, .T. ) ;
#10092 = VECTOR ( 'NONE', #9943, 1000.000000000000000 ) ;
#10093 = CIRCLE ( 'NONE', #4231, 8.800000000000002487 ) ;
#10094 = CIRCLE ( 'NONE', #9355, 2.000000000000001776 ) ;
#10095 = ADVANCED_FACE ( 'NONE', ( #2357 ), #748, .T. ) ;
#10096 = DIRECTION ( 'NONE',  ( -3.663735981263016583E-15, -0.000000000000000000, -1.000000000000000000 ) ) ;
#10097 = ORIENTED_EDGE ( 'NONE', *, *, #7085, .F. ) ;
#10098 = CARTESIAN_POINT ( 'NONE',  ( -10.78521895142240794, 0.000000000000000000, -9.818616766943927487 ) ) ;
#10099 = ORIENTED_EDGE ( 'NONE', *, *, #1081, .T. ) ;
#10100 = LINE ( 'NONE', #5459, #11238 ) ;
#10101 = DIRECTION ( 'NONE',  ( -0.000000000000000000, 1.000000000000000000, -0.000000000000000000 ) ) ;
#10102 = DIRECTION ( 'NONE',  ( 0.8660254037844368202, -0.000000000000000000, -0.5000000000000032196 ) ) ;
#10103 = DIRECTION ( 'NONE',  ( -0.000000000000000000, 1.000000000000000000, -0.000000000000000000 ) ) ;
#10104 = EDGE_LOOP ( 'NONE', ( #1076, #2172, #3204, #7623 ) ) ;
#10105 = AXIS2_PLACEMENT_3D ( 'NONE', #5158, #6870, #4068 ) ;
#10106 = AXIS2_PLACEMENT_3D ( 'NONE', #6575, #6738, #3137 ) ;
#10107 = LINE ( 'NONE', #4889, #8056 ) ;
#10108 = VECTOR ( 'NONE', #998, 1000.000000000000000 ) ;
#10109 = EDGE_CURVE ( 'NONE', #7178, #7186, #3222, .T. ) ;
#10110 = EDGE_CURVE ( 'NONE', #117, #5286, #8541, .T. ) ;
#10111 = ORIENTED_EDGE ( 'NONE', *, *, #5223, .T. ) ;
#10112 = PLANE ( 'NONE',  #50 ) ;
#10113 = VECTOR ( 'NONE', #10700, 1000.000000000000000 ) ;
#10114 = ORIENTED_EDGE ( 'NONE', *, *, #8561, .F. ) ;
#10115 = VECTOR ( 'NONE', #3763, 1000.000000000000000 ) ;
#10116 = CARTESIAN_POINT ( 'NONE',  ( 1.371642827705998229E-15, 5.499999999999998224, -11.20031366318018584 ) ) ;
#10117 = ORIENTED_EDGE ( 'NONE', *, *, #172, .T. ) ;
#10118 = ORIENTED_EDGE ( 'NONE', *, *, #10741, .F. ) ;
#10119 = DIRECTION ( 'NONE',  ( -0.8660254037844404840, 0.000000000000000000, -0.4999999999999968359 ) ) ;
#10120 = CARTESIAN_POINT ( 'NONE',  ( 15.06533166297981730, 5.500000000000000000, -5.017763425756377709E-14 ) ) ;
#10121 = VERTEX_POINT ( 'NONE', #4246 ) ;
#10122 = DIRECTION ( 'NONE',  ( 0.8660254037844368202, 0.000000000000000000, -0.5000000000000032196 ) ) ;
#10123 = DIRECTION ( 'NONE',  ( -0.000000000000000000, 0.000000000000000000, 1.000000000000000000 ) ) ;
#10124 = CARTESIAN_POINT ( 'NONE',  ( -12.00123731518945647, 53.58999999999999631, 13.92482235592523487 ) ) ;
#10125 = AXIS2_PLACEMENT_3D ( 'NONE', #3243, #6907, #3416 ) ;
#10126 = ADVANCED_FACE ( 'NONE', ( #10380 ), #6764, .T. ) ;
#10127 = EDGE_CURVE ( 'NONE', #7206, #964, #11244, .T. ) ;
#10128 = EDGE_CURVE ( 'NONE', #10704, #945, #5170, .T. ) ;
#10129 = ADVANCED_FACE ( 'NONE', ( #11295 ), #2478, .T. ) ;
#10130 = CARTESIAN_POINT ( 'NONE',  ( -12.00123731518945291, 0.000000000000000000, 14.92482235592523665 ) ) ;
#10131 = LINE ( 'NONE', #4963, #766 ) ;
#10132 = ORIENTED_EDGE ( 'NONE', *, *, #1842, .T. ) ;
#10133 = ADVANCED_FACE ( 'NONE', ( #7793 ), #10211, .F. ) ;
#10134 = CARTESIAN_POINT ( 'NONE',  ( -3.673062244983528846, 0.000000000000000000, -13.92482235592524020 ) ) ;
#10135 = AXIS2_PLACEMENT_3D ( 'NONE', #7417, #10058, #10119 ) ;
#10136 = ORIENTED_EDGE ( 'NONE', *, *, #515, .F. ) ;
#10137 = LINE ( 'NONE', #389, #6606 ) ;
#10138 = LINE ( 'NONE', #6690, #1921 ) ;
#10139 = DIRECTION ( 'NONE',  ( -0.8660254037844369313, -0.000000000000000000, 0.5000000000000029976 ) ) ;
#10140 = VERTEX_POINT ( 'NONE', #588 ) ;
#10141 = VECTOR ( 'NONE', #5674, 1000.000000000000000 ) ;
#10142 = ORIENTED_EDGE ( 'NONE', *, *, #2485, .F. ) ;
#10143 = VERTEX_POINT ( 'NONE', #6712 ) ;
#10144 = DIRECTION ( 'NONE',  ( -3.663735981263016583E-15, 0.000000000000000000, -1.000000000000000000 ) ) ;
#10145 = LINE ( 'NONE', #3038, #1851 ) ;
#10146 = ORIENTED_EDGE ( 'NONE', *, *, #7937, .T. ) ;
#10147 = CARTESIAN_POINT ( 'NONE',  ( -6.621131416319446572, 53.58999999999999631, -9.818616766943927487 ) ) ;
#10148 = DIRECTION ( 'NONE',  ( 1.000000000000000000, -0.000000000000000000, 1.224646799147353207E-16 ) ) ;
#10149 = AXIS2_PLACEMENT_3D ( 'NONE', #1434, #5, #9581 ) ;
#10150 = CARTESIAN_POINT ( 'NONE',  ( -6.621131416319453677, 5.500000000000000000, -11.81861676694392926 ) ) ;
#10151 = DIRECTION ( 'NONE',  ( -0.000000000000000000, 1.000000000000000000, -0.000000000000000000 ) ) ;
#10152 = ORIENTED_EDGE ( 'NONE', *, *, #6648, .F. ) ;
#10153 = VECTOR ( 'NONE', #10574, 1000.000000000000114 ) ;
#10154 = ADVANCED_FACE ( 'NONE', ( #5858 ), #7842, .F. ) ;
#10155 = CARTESIAN_POINT ( 'NONE',  ( 5.005105785205004487, 53.58999999999999631, 11.31861676694393459 ) ) ;
#10156 = ORIENTED_EDGE ( 'NONE', *, *, #5407, .F. ) ;
#10157 = LINE ( 'NONE', #7342, #7674 ) ;
#10158 = VERTEX_POINT ( 'NONE', #8 ) ;
#10159 = DIRECTION ( 'NONE',  ( -0.4999999999999966138, 0.000000000000000000, 0.8660254037844407060 ) ) ;
#10160 = LINE ( 'NONE', #9462, #9605 ) ;
#10161 = DIRECTION ( 'NONE',  ( -0.000000000000000000, 1.000000000000000000, -0.000000000000000000 ) ) ;
#10162 = DIRECTION ( 'NONE',  ( -0.4999999999999966138, 0.000000000000000000, 0.8660254037844407060 ) ) ;
#10163 = VERTEX_POINT ( 'NONE', #6304 ) ;
#10164 = VECTOR ( 'NONE', #9967, 1000.000000000000000 ) ;
#10165 = CARTESIAN_POINT ( 'NONE',  ( -14.79507825272498422, 51.99940408041244666, 9.503523419924430726 ) ) ;
#10166 = EDGE_CURVE ( 'NONE', #6906, #6311, #8880, .T. ) ;
#10167 = VERTEX_POINT ( 'NONE', #5450 ) ;
#10168 = ADVANCED_FACE ( 'NONE', ( #7903 ), #9584, .T. ) ;
#10169 = CARTESIAN_POINT ( 'NONE',  ( 12.98328789542832595, 53.58999999999999631, 0.4999999999999983902 ) ) ;
#10170 = EDGE_LOOP ( 'NONE', ( #4773, #2484, #5662, #5379 ) ) ;
#10171 = CARTESIAN_POINT ( 'NONE',  ( 0.4910252901194303021, 0.000000000000000000, -14.92482235592524198 ) ) ;
#10172 = VERTEX_POINT ( 'NONE', #8761 ) ;
#10173 = ORIENTED_EDGE ( 'NONE', *, *, #7938, .F. ) ;
#10174 = CARTESIAN_POINT ( 'NONE',  ( -16.58282983977096947, 51.99940408041244666, 12.59999999999999432 ) ) ;
#10175 = ORIENTED_EDGE ( 'NONE', *, *, #3503, .T. ) ;
#10176 = CARTESIAN_POINT ( 'NONE',  ( -12.86726271897389751, 5.500000000000000000, 6.212411177962620101 ) ) ;
#10177 = PLANE ( 'NONE',  #8457 ) ;
#10178 = DIRECTION ( 'NONE',  ( 0.8660254037844404840, 0.000000000000000000, 0.4999999999999968359 ) ) ;
#10179 = CARTESIAN_POINT ( 'NONE',  ( 3.789087421437959069, 53.58999999999999631, -13.42482235592523665 ) ) ;
#10180 = DIRECTION ( 'NONE',  ( -0.000000000000000000, 1.000000000000000000, -0.000000000000000000 ) ) ;
#10181 = LINE ( 'NONE', #7596, #4616 ) ;
#10182 = ORIENTED_EDGE ( 'NONE', *, *, #5717, .F. ) ;
#10183 = DIRECTION ( 'NONE',  ( -1.000000000000000000, 0.000000000000000000, 3.330669073875469621E-15 ) ) ;
#10184 = EDGE_CURVE ( 'NONE', #5761, #6101, #9808, .T. ) ;
#10185 = VERTEX_POINT ( 'NONE', #8820 ) ;
#10186 = FACE_OUTER_BOUND ( 'NONE', #3053, .T. ) ;
#10187 = EDGE_CURVE ( 'NONE', #3966, #7804, #977, .T. ) ;
#10188 = CARTESIAN_POINT ( 'NONE',  ( 12.98328789542832773, 0.000000000000000000, 13.92482235592523310 ) ) ;
#10189 = ADVANCED_FACE ( 'NONE', ( #1951 ), #1895, .T. ) ;
#10190 = CARTESIAN_POINT ( 'NONE',  ( -12.00123731518945647, 53.58999999999999631, -7.712411177962622766 ) ) ;
#10191 = EDGE_CURVE ( 'NONE', #529, #5270, #5397, .T. ) ;
#10192 = ORIENTED_EDGE ( 'NONE', *, *, #3738, .T. ) ;
#10193 = ORIENTED_EDGE ( 'NONE', *, *, #4878, .T. ) ;
#10194 = ORIENTED_EDGE ( 'NONE', *, *, #10859, .F. ) ;
#10195 = CARTESIAN_POINT ( 'NONE',  ( 0.000000000000000000, 0.000000000000000000, -6.999998126900001338 ) ) ;
#10196 = CARTESIAN_POINT ( 'NONE',  ( -6.999998126900004891, 0.000000000000000000, 1.549999999999996048 ) ) ;
#10197 = EDGE_LOOP ( 'NONE', ( #2938, #6671, #5813, #7706 ) ) ;
#10198 = CARTESIAN_POINT ( 'NONE',  ( 3.789087421437964398, 53.58999999999999631, 15.42482235592523843 ) ) ;
#10199 = FACE_BOUND ( 'NONE', #4141, .T. ) ;
#10200 = EDGE_CURVE ( 'NONE', #3966, #9723, #3498, .T. ) ;
#10201 = FACE_OUTER_BOUND ( 'NONE', #3834, .T. ) ;
#10202 = FACE_OUTER_BOUND ( 'NONE', #5420, .T. ) ;
#10203 = VERTEX_POINT ( 'NONE', #8935 ) ;
#10204 = DIRECTION ( 'NONE',  ( -1.000000000000000000, 0.000000000000000000, 0.000000000000000000 ) ) ;
#10205 = EDGE_LOOP ( 'NONE', ( #9527, #7858, #1727, #202 ) ) ;
#10206 = CARTESIAN_POINT ( 'NONE',  ( 12.11726249164389202, 53.58999999999999631, 8.212411177962620101 ) ) ;
#10207 = ORIENTED_EDGE ( 'NONE', *, *, #6536, .F. ) ;
#10208 = CARTESIAN_POINT ( 'NONE',  ( -16.00000102328300500, 34.89320891234596900, 9.299999999999995381 ) ) ;
#10209 = DIRECTION ( 'NONE',  ( -0.000000000000000000, 1.000000000000000000, -0.000000000000000000 ) ) ;
#10210 = DIRECTION ( 'NONE',  ( -1.000000000000000000, -0.000000000000000000, -0.000000000000000000 ) ) ;
#10211 = CYLINDRICAL_SURFACE ( 'NONE', #5706, 1.050000000000000488 ) ;
#10212 = ORIENTED_EDGE ( 'NONE', *, *, #7387, .T. ) ;
#10213 = LINE ( 'NONE', #2359, #1109 ) ;
#10214 = EDGE_CURVE ( 'NONE', #672, #3255, #6246, .T. ) ;
#10215 = VERTEX_POINT ( 'NONE', #9748 ) ;
#10216 = LINE ( 'NONE', #1394, #8813 ) ;
#10217 = ORIENTED_EDGE ( 'NONE', *, *, #880, .T. ) ;
#10218 = ORIENTED_EDGE ( 'NONE', *, *, #6376, .T. ) ;
#10219 = ORIENTED_EDGE ( 'NONE', *, *, #2197, .T. ) ;
#10220 = CARTESIAN_POINT ( 'NONE',  ( -12.86726271897389751, 53.58999999999999631, 13.42482235592524020 ) ) ;
#10221 = DIRECTION ( 'NONE',  ( -3.330669073875469621E-15, 0.000000000000000000, -1.000000000000000000 ) ) ;
#10222 = VERTEX_POINT ( 'NONE', #6995 ) ;
#10223 = CARTESIAN_POINT ( 'NONE',  ( -13.73328812275833144, 0.000000000000000000, 7.712411177962623654 ) ) ;
#10224 = VECTOR ( 'NONE', #9651, 1000.000000000000000 ) ;
#10225 = LINE ( 'NONE', #1683, #4043 ) ;
#10226 = DIRECTION ( 'NONE',  ( -0.000000000000000000, 1.000000000000000000, -0.000000000000000000 ) ) ;
#10227 = LINE ( 'NONE', #4640, #4585 ) ;
#10228 = EDGE_CURVE ( 'NONE', #10627, #3226, #2586, .T. ) ;
#10229 = EDGE_CURVE ( 'NONE', #3680, #265, #180, .T. ) ;
#10230 = VECTOR ( 'NONE', #9457, 1000.000000000000000 ) ;
#10231 = DIRECTION ( 'NONE',  ( -0.000000000000000000, 1.000000000000000000, -0.000000000000000000 ) ) ;
#10232 = LINE ( 'NONE', #11043, #4053 ) ;
#10233 = ORIENTED_EDGE ( 'NONE', *, *, #8292, .F. ) ;
#10234 = EDGE_CURVE ( 'NONE', #456, #9534, #10666, .T. ) ;
#10235 = ORIENTED_EDGE ( 'NONE', *, *, #7653, .F. ) ;
#10236 = DIRECTION ( 'NONE',  ( -0.8660254037844368202, 0.000000000000000000, 0.5000000000000032196 ) ) ;
#10237 = FACE_OUTER_BOUND ( 'NONE', #839, .T. ) ;
#10238 = DIRECTION ( 'NONE',  ( 3.663735981263016583E-15, 0.000000000000000000, 1.000000000000000000 ) ) ;
#10239 = VECTOR ( 'NONE', #4392, 1000.000000000000114 ) ;
#10240 = ORIENTED_EDGE ( 'NONE', *, *, #2272, .T. ) ;
#10241 = EDGE_CURVE ( 'NONE', #8660, #9387, #8969, .T. ) ;
#10242 = EDGE_CURVE ( 'NONE', #3844, #9999, #243, .T. ) ;
#10243 = VERTEX_POINT ( 'NONE', #6082 ) ;
#10244 = EDGE_CURVE ( 'NONE', #2964, #5537, #10553, .T. ) ;
#10245 = ORIENTED_EDGE ( 'NONE', *, *, #7790, .F. ) ;
#10246 = AXIS2_PLACEMENT_3D ( 'NONE', #6256, #4536, #4712 ) ;
#10247 = DIRECTION ( 'NONE',  ( 0.000000000000000000, 0.000000000000000000, -1.000000000000000000 ) ) ;
#10248 = DIRECTION ( 'NONE',  ( 0.8660254037844404840, 0.000000000000000000, 0.4999999999999968359 ) ) ;
#10249 = DATE_AND_TIME ( #10366, #6064 ) ;
#10250 = ORIENTED_EDGE ( 'NONE', *, *, #10542, .F. ) ;
#10251 = PLANE ( 'NONE',  #6224 ) ;
#10252 = CARTESIAN_POINT ( 'NONE',  ( -9.919193547637970454, 0.000000000000000000, -10.31861676694393104 ) ) ;
#10253 = LINE ( 'NONE', #6812, #9173 ) ;
#10254 = DIRECTION ( 'NONE',  ( -3.330669073875469621E-15, 0.000000000000000000, -1.000000000000000000 ) ) ;
#10255 = ORIENTED_EDGE ( 'NONE', *, *, #5902, .F. ) ;
#10256 = VECTOR ( 'NONE', #10894, 1000.000000000000000 ) ;
#10257 = EDGE_CURVE ( 'NONE', #3864, #3343, #861, .T. ) ;
#10258 = ADVANCED_FACE ( 'NONE', ( #6186 ), #9683, .T. ) ;
#10259 = VECTOR ( 'NONE', #11186, 1000.000000000000000 ) ;
#10260 = FACE_BOUND ( 'NONE', #6037, .T. ) ;
#10261 = ORIENTED_EDGE ( 'NONE', *, *, #4004, .T. ) ;
#10262 = DIRECTION ( 'NONE',  ( -3.663735981263016583E-15, -0.000000000000000000, -1.000000000000000000 ) ) ;
#10263 = VECTOR ( 'NONE', #1005, 1000.000000000000000 ) ;
#10264 = EDGE_LOOP ( 'NONE', ( #3758, #278, #4076, #3795 ) ) ;
#10265 = FACE_OUTER_BOUND ( 'NONE', #3951, .T. ) ;
#10266 = EDGE_CURVE ( 'NONE', #2665, #923, #2071, .T. ) ;
#10267 = CARTESIAN_POINT ( 'NONE',  ( -16.00000102328300855, 53.58999999999999631, 9.605637215151624275 ) ) ;
#10268 = CARTESIAN_POINT ( 'NONE',  ( 11.25123708785945453, 51.99940408041244666, 14.92482235592524198 ) ) ;
#10269 = CARTESIAN_POINT ( 'NONE',  ( 3.462328324803211288, 5.500000000000000000, 5.996928571043953049 ) ) ;
#10270 = EDGE_LOOP ( 'NONE', ( #10240, #7966, #8705, #2241 ) ) ;
#10271 = DIRECTION ( 'NONE',  ( 1.000000000000000000, 0.000000000000000000, -3.663735981263016583E-15 ) ) ;
#10272 = VECTOR ( 'NONE', #5671, 1000.000000000000114 ) ;
#10273 = VECTOR ( 'NONE', #2705, 1000.000000000000114 ) ;
#10274 = VECTOR ( 'NONE', #7103, 999.9999999999998863 ) ;
#10275 = ORIENTED_EDGE ( 'NONE', *, *, #98, .T. ) ;
#10276 = CARTESIAN_POINT ( 'NONE',  ( -7.813915916738623402, 5.500000000000000000, 13.53409937386255102 ) ) ;
#10277 = VERTEX_POINT ( 'NONE', #10898 ) ;
#10278 = CARTESIAN_POINT ( 'NONE',  ( -4.539087648767970329, 0.000000000000000000, 13.42482235592524020 ) ) ;
#10279 = ORIENTED_EDGE ( 'NONE', *, *, #10964, .T. ) ;
#10280 = ADVANCED_FACE ( 'NONE', ( #9926 ), #3839, .F. ) ;
#10281 = ORIENTED_EDGE ( 'NONE', *, *, #9336, .T. ) ;
#10282 = LINE ( 'NONE', #6722, #3539 ) ;
#10283 = AXIS2_PLACEMENT_3D ( 'NONE', #7291, #6500, #10791 ) ;
#10284 = PLANE ( 'NONE',  #11061 ) ;
#10285 = CIRCLE ( 'NONE', #8439, 3.500000000000000000 ) ;
#10286 = ORIENTED_EDGE ( 'NONE', *, *, #8768, .T. ) ;
#10287 = CARTESIAN_POINT ( 'NONE',  ( 10.03521872409240423, 53.58999999999999631, -9.818616766943927487 ) ) ;
#10288 = VECTOR ( 'NONE', #10925, 1000.000000000000114 ) ;
#10289 = DIRECTION ( 'NONE',  ( -0.5000000000000029976, 0.000000000000000000, -0.8660254037844369313 ) ) ;
#10290 = CARTESIAN_POINT ( 'NONE',  ( 7.953174956540921769, 5.500000000000000000, -13.42482235592523665 ) ) ;
#10291 = VERTEX_POINT ( 'NONE', #2129 ) ;
#10292 = FACE_OUTER_BOUND ( 'NONE', #1004, .T. ) ;
#10293 = VECTOR ( 'NONE', #4694, 1000.000000000000000 ) ;
#10294 = AXIS2_PLACEMENT_3D ( 'NONE', #6252, #6362, #10556 ) ;
#10295 = FACE_OUTER_BOUND ( 'NONE', #3331, .T. ) ;
#10296 = DIRECTION ( 'NONE',  ( 0.8660254037844407060, 0.000000000000000000, 0.4999999999999966138 ) ) ;
#10297 = ORIENTED_EDGE ( 'NONE', *, *, #4089, .F. ) ;
#10298 = EDGE_CURVE ( 'NONE', #3862, #2175, #8184, .T. ) ;
#10299 = DIRECTION ( 'NONE',  ( -1.000000000000000000, 0.000000000000000000, 3.330669073875469621E-15 ) ) ;
#10300 = VERTEX_POINT ( 'NONE', #10836 ) ;
#10301 = DIRECTION ( 'NONE',  ( -0.8660254037844404840, -0.000000000000000000, -0.4999999999999968359 ) ) ;
#10302 = FACE_OUTER_BOUND ( 'NONE', #9068, .T. ) ;
#10303 = VECTOR ( 'NONE', #353, 1000.000000000000000 ) ;
#10304 = FACE_BOUND ( 'NONE', #6740, .T. ) ;
#10305 = VERTEX_POINT ( 'NONE', #2989 ) ;
#10306 = EDGE_CURVE ( 'NONE', #6984, #3574, #8245, .T. ) ;
#10307 = ORIENTED_EDGE ( 'NONE', *, *, #8676, .F. ) ;
#10308 = VECTOR ( 'NONE', #778, 1000.000000000000000 ) ;
#10309 = ORIENTED_EDGE ( 'NONE', *, *, #4360, .T. ) ;
#10310 = LINE ( 'NONE', #5148, #1999 ) ;
#10311 = ADVANCED_FACE ( 'NONE', ( #8131, #3905, #3960, #5568, #6420, #4654, #3095, #9059, #10089, #1379, #8307, #7396, #6486, #9113, #9984, #10776, #1150, #3785, #1258, #3044, #9170, #7446, #5506, #6539, #298, #2922, #10035, #5678, #1322, #3732, #468, #10947, #6589, #8357 ), #2240, .T. ) ;
#10312 = DIRECTION ( 'NONE',  ( -0.8660254037844404840, 0.000000000000000000, -0.4999999999999968359 ) ) ;
#10313 = EDGE_LOOP ( 'NONE', ( #10078, #10995, #2314, #5035 ) ) ;
#10314 = DIRECTION ( 'NONE',  ( 0.8660254037844369313, 0.000000000000000000, -0.5000000000000029976 ) ) ;
#10315 = PLANE ( 'NONE',  #1169 ) ;
#10316 = DIRECTION ( 'NONE',  ( 1.000000000000000000, 0.000000000000000000, -3.663735981263016583E-15 ) ) ;
#10317 = CARTESIAN_POINT ( 'NONE',  ( -12.86726271897389751, 0.000000000000000000, -15.42482235592523843 ) ) ;
#10318 = ORIENTED_EDGE ( 'NONE', *, *, #6728, .F. ) ;
#10319 = VECTOR ( 'NONE', #2081, 1000.000000000000000 ) ;
#10320 = LINE ( 'NONE', #3435, #10230 ) ;
#10321 = AXIS2_PLACEMENT_3D ( 'NONE', #3041, #6301, #6534 ) ;
#10322 = ORIENTED_EDGE ( 'NONE', *, *, #10060, .T. ) ;
#10323 = DIRECTION ( 'NONE',  ( -0.000000000000000000, -1.000000000000000000, -0.000000000000000000 ) ) ;
#10324 = EDGE_LOOP ( 'NONE', ( #5236, #1024, #5442, #8301 ) ) ;
#10325 = CARTESIAN_POINT ( 'NONE',  ( -15.83610013650071302, 51.99940408041244666, 11.30662621441506843 ) ) ;
#10326 = CARTESIAN_POINT ( 'NONE',  ( -13.73328812275833144, 53.58999999999999631, 14.92482235592524553 ) ) ;
#10327 = ADVANCED_FACE ( 'NONE', ( #10723 ), #2865, .T. ) ;
#10328 = EDGE_CURVE ( 'NONE', #8828, #3552, #5097, .T. ) ;
#10329 = LINE ( 'NONE', #4245, #2226 ) ;
#10330 = LINE ( 'NONE', #9292, #1120 ) ;
#10331 = ORIENTED_EDGE ( 'NONE', *, *, #10945, .F. ) ;
#10332 = EDGE_CURVE ( 'NONE', #2778, #8159, #4990, .T. ) ;
#10333 = CARTESIAN_POINT ( 'NONE',  ( -12.86726271897389040, 0.000000000000000000, 1.000000000000000444 ) ) ;
#10334 = EDGE_CURVE ( 'NONE', #5687, #4761, #11172, .T. ) ;
#10335 = VECTOR ( 'NONE', #1285, 999.9999999999998863 ) ;
#10336 = VERTEX_POINT ( 'NONE', #8407 ) ;
#10337 = DIRECTION ( 'NONE',  ( 0.8660254037844368202, -0.000000000000000000, -0.5000000000000032196 ) ) ;
#10338 = ORIENTED_EDGE ( 'NONE', *, *, #447, .T. ) ;
#10339 = CARTESIAN_POINT ( 'NONE',  ( -9.919193547637970454, 53.58999999999999631, -10.31861676694393104 ) ) ;
#10340 = ORIENTED_EDGE ( 'NONE', *, *, #1392, .T. ) ;
#10341 = ORIENTED_EDGE ( 'NONE', *, *, #8287, .F. ) ;
#10342 = LINE ( 'NONE', #5014, #1524 ) ;
#10343 = CARTESIAN_POINT ( 'NONE',  ( 7.953174956540914664, 53.58999999999999631, -15.42482235592523843 ) ) ;
#10344 = AXIS2_PLACEMENT_3D ( 'NONE', #7431, #4049, #2330 ) ;
#10345 = VERTEX_POINT ( 'NONE', #5904 ) ;
#10346 = CARTESIAN_POINT ( 'NONE',  ( -15.81533189030981390, 53.58999999999999631, 3.106205588981313159 ) ) ;
#10347 = CARTESIAN_POINT ( 'NONE',  ( 3.789087421437955516, 53.58999999999999631, -14.42482235592523665 ) ) ;
#10348 = DIRECTION ( 'NONE',  ( -3.330669073875469621E-15, 0.000000000000000000, -1.000000000000000000 ) ) ;
#10349 = EDGE_LOOP ( 'NONE', ( #6161, #1836, #3975, #3570 ) ) ;
#10350 = DIRECTION ( 'NONE',  ( -0.000000000000000000, 1.000000000000000000, -0.000000000000000000 ) ) ;
#10351 = VECTOR ( 'NONE', #9612, 1000.000000000000000 ) ;
#10352 = CARTESIAN_POINT ( 'NONE',  ( -2.783802977851289384, 5.500000000000000000, -4.821688195899932694 ) ) ;
#10353 = DIRECTION ( 'NONE',  ( 0.8660254037844407060, 0.000000000000000000, 0.4999999999999965583 ) ) ;
#10354 = ORIENTED_EDGE ( 'NONE', *, *, #3349, .T. ) ;
#10355 = FACE_OUTER_BOUND ( 'NONE', #4364, .T. ) ;
#10356 = ORIENTED_EDGE ( 'NONE', *, *, #685, .F. ) ;
#10357 = CARTESIAN_POINT ( 'NONE',  ( 15.06533166297981197, 53.58999999999999631, 4.106205588981306498 ) ) ;
#10358 = DIRECTION ( 'NONE',  ( -0.000000000000000000, 1.000000000000000000, -0.000000000000000000 ) ) ;
#10359 = CARTESIAN_POINT ( 'NONE',  ( 10.03521872409239712, 0.000000000000000000, -11.81861676694392926 ) ) ;
#10360 = VERTEX_POINT ( 'NONE', #8585 ) ;
#10361 = EDGE_CURVE ( 'NONE', #5182, #4600, #4174, .T. ) ;
#10362 = ORIENTED_EDGE ( 'NONE', *, *, #2873, .F. ) ;
#10363 = ORIENTED_EDGE ( 'NONE', *, *, #9273, .T. ) ;
#10364 = PLANE ( 'NONE',  #4751 ) ;
#10365 = CARTESIAN_POINT ( 'NONE',  ( 5.005105785205000934, 5.500000000000000000, 10.31861676694393282 ) ) ;
#10366 = CALENDAR_DATE ( 2025, 18, 11 ) ;
#10367 = LINE ( 'NONE', #3428, #6591 ) ;
#10368 = DIRECTION ( 'NONE',  ( -3.663735981263016583E-15, -0.000000000000000000, -1.000000000000000000 ) ) ;
#10369 = PLANE ( 'NONE',  #11198 ) ;
#10370 = DIRECTION ( 'NONE',  ( -3.663735981263016583E-15, -0.000000000000000000, -1.000000000000000000 ) ) ;
#10371 = ORIENTED_EDGE ( 'NONE', *, *, #9078, .F. ) ;
#10372 = EDGE_CURVE ( 'NONE', #114, #5972, #11063, .T. ) ;
#10373 = LINE ( 'NONE', #11237, #7296 ) ;
#10374 = ORIENTED_EDGE ( 'NONE', *, *, #801, .T. ) ;
#10375 = DIRECTION ( 'NONE',  ( -0.000000000000000000, 1.000000000000000000, -0.000000000000000000 ) ) ;
#10376 = EDGE_LOOP ( 'NONE', ( #5383, #7562, #3912, #9714 ) ) ;
#10377 = EDGE_CURVE ( 'NONE', #10875, #9780, #7665, .T. ) ;
#10378 = DIRECTION ( 'NONE',  ( 0.5000000000000032196, 0.000000000000000000, 0.8660254037844368202 ) ) ;
#10379 = DIRECTION ( 'NONE',  ( -0.8660254037844407060, 0.000000000000000000, -0.4999999999999966138 ) ) ;
#10380 = FACE_OUTER_BOUND ( 'NONE', #3411, .T. ) ;
#10381 = CIRCLE ( 'NONE', #3249, 1.549999999999999378 ) ;
#10382 = ORIENTED_EDGE ( 'NONE', *, *, #2550, .T. ) ;
#10383 = DIRECTION ( 'NONE',  ( -0.8660254037844369313, 0.000000000000000000, 0.5000000000000029976 ) ) ;
#10384 = EDGE_CURVE ( 'NONE', #852, #9495, #11003, .T. ) ;
#10385 = EDGE_LOOP ( 'NONE', ( #5702, #9882, #11044, #3710 ) ) ;
#10386 = ADVANCED_FACE ( 'NONE', ( #4924 ), #4234, .T. ) ;
#10387 = FACE_OUTER_BOUND ( 'NONE', #6140, .T. ) ;
#10388 = VERTEX_POINT ( 'NONE', #7560 ) ;
#10389 = DIRECTION ( 'NONE',  ( 0.8660254037844404840, 0.000000000000000000, 0.4999999999999968359 ) ) ;
#10390 = CARTESIAN_POINT ( 'NONE',  ( -4.539087648767963223, 5.500000000000000000, 15.42482235592523843 ) ) ;
#10391 = ORIENTED_EDGE ( 'NONE', *, *, #5833, .F. ) ;
#10392 = ADVANCED_FACE ( 'NONE', ( #10202 ), #3324, .T. ) ;
#10393 = ORIENTED_EDGE ( 'NONE', *, *, #6397, .T. ) ;
#10394 = CARTESIAN_POINT ( 'NONE',  ( 15.99999999999999289, 59.69999999999997442, -9.199999999999999289 ) ) ;
#10395 = CARTESIAN_POINT ( 'NONE',  ( -12.00123731518945647, 0.000000000000000000, -14.92482235592524198 ) ) ;
#10396 = VERTEX_POINT ( 'NONE', #11230 ) ;
#10397 = CARTESIAN_POINT ( 'NONE',  ( -11.30768844753968949, 51.99940408041244666, 21.73681290845412661 ) ) ;
#10398 = CARTESIAN_POINT ( 'NONE',  ( 2.923062017653518918, 53.58999999999999631, -13.92482235592523310 ) ) ;
#10399 = DIRECTION ( 'NONE',  ( -0.5000000000000029976, 0.000000000000000000, -0.8660254037844369313 ) ) ;
#10400 = ORIENTED_EDGE ( 'NONE', *, *, #9056, .F. ) ;
#10401 = LINE ( 'NONE', #4151, #4218 ) ;
#10402 = CARTESIAN_POINT ( 'NONE',  ( -8.703175183870934362, 5.500000000000000000, -15.42482235592523843 ) ) ;
#10403 = DIRECTION ( 'NONE',  ( 3.663735981263016583E-15, 0.000000000000000000, 1.000000000000000000 ) ) ;
#10404 = ADVANCED_FACE ( 'NONE', ( #5960 ), #572, .T. ) ;
#10405 = ORIENTED_EDGE ( 'NONE', *, *, #6189, .T. ) ;
#10406 = AXIS2_PLACEMENT_3D ( 'NONE', #8563, #714, #10066 ) ;
#10407 = PLANE ( 'NONE',  #11223 ) ;
#10408 = ORIENTED_EDGE ( 'NONE', *, *, #1194, .T. ) ;
#10409 = DIRECTION ( 'NONE',  ( 3.330669073875469621E-15, 0.000000000000000000, 1.000000000000000000 ) ) ;
#10410 = DIRECTION ( 'NONE',  ( -0.000000000000000000, 1.000000000000000000, -0.000000000000000000 ) ) ;
#10411 = ADVANCED_FACE ( 'NONE', ( #3154 ), #3382, .T. ) ;
#10412 = PLANE ( 'NONE',  #9929 ) ;
#10413 = ORIENTED_EDGE ( 'NONE', *, *, #7304, .T. ) ;
#10414 = VECTOR ( 'NONE', #4010, 1000.000000000000000 ) ;
#10415 = FACE_OUTER_BOUND ( 'NONE', #1843, .T. ) ;
#10416 = ORIENTED_EDGE ( 'NONE', *, *, #5571, .T. ) ;
#10417 = DIRECTION ( 'NONE',  ( -3.663735981263016583E-15, 0.000000000000000000, -1.000000000000000000 ) ) ;
#10418 = DIRECTION ( 'NONE',  ( -0.8660254037844369313, -0.000000000000000000, 0.5000000000000029976 ) ) ;
#10419 = CARTESIAN_POINT ( 'NONE',  ( -1.241025517449438009, 5.500000000000000000, 14.92482235592524198 ) ) ;
#10420 = VECTOR ( 'NONE', #6531, 1000.000000000000000 ) ;
#10421 = DIRECTION ( 'NONE',  ( -0.8660254037844407060, 0.000000000000000000, -0.4999999999999966138 ) ) ;
#10422 = PLANE ( 'NONE',  #7536 ) ;
#10423 = CARTESIAN_POINT ( 'NONE',  ( -6.621131416319453677, 0.000000000000000000, -11.81861676694392926 ) ) ;
#10424 = ORIENTED_EDGE ( 'NONE', *, *, #7790, .T. ) ;
#10425 = VECTOR ( 'NONE', #10730, 1000.000000000000000 ) ;
#10426 = ORIENTED_EDGE ( 'NONE', *, *, #4796, .T. ) ;
#10427 = DIRECTION ( 'NONE',  ( 0.000000000000000000, 0.000000000000000000, 1.000000000000000000 ) ) ;
#10428 = ORIENTED_EDGE ( 'NONE', *, *, #1823, .T. ) ;
#10429 = CARTESIAN_POINT ( 'NONE',  ( 6.737156592773876795, 53.58999999999999631, -10.31861676694393104 ) ) ;
#10430 = ORIENTED_EDGE ( 'NONE', *, *, #2058, .F. ) ;
#10431 = EDGE_CURVE ( 'NONE', #7893, #816, #6008, .T. ) ;
#10432 = DIRECTION ( 'NONE',  ( 0.8660254037844407060, 0.000000000000000000, 0.4999999999999965583 ) ) ;
#10433 = AXIS2_PLACEMENT_3D ( 'NONE', #5150, #11112, #8697 ) ;
#10434 = PLANE ( 'NONE',  #39 ) ;
#10435 = DIRECTION ( 'NONE',  ( -0.000000000000000000, 1.000000000000000000, -0.000000000000000000 ) ) ;
#10436 = ORIENTED_EDGE ( 'NONE', *, *, #9737, .T. ) ;
#10438 = EDGE_CURVE ( 'NONE', #1237, #11305, #9510, .T. ) ;
#10437 = VECTOR ( 'NONE', #2006, 1000.000000000000000 ) ;
#10439 = AXIS2_PLACEMENT_3D ( 'NONE', #5253, #7983, #100 ) ;
#10440 = ORIENTED_EDGE ( 'NONE', *, *, #1779, .F. ) ;
#10441 = CARTESIAN_POINT ( 'NONE',  ( 7.087149552756481619, 53.58999999999999631, -13.92482235592523310 ) ) ;
#10442 = ORIENTED_EDGE ( 'NONE', *, *, #3296, .T. ) ;
#10443 = CARTESIAN_POINT ( 'NONE',  ( 6.585393976130482052, 5.500000000000000000, 11.40623695451592923 ) ) ;
#10444 = CARTESIAN_POINT ( 'NONE',  ( -9.895959684290101421, 5.500000000000000000, 17.14030496284386729 ) ) ;
#10445 = ORIENTED_EDGE ( 'NONE', *, *, #4349, .T. ) ;
#10446 = EDGE_LOOP ( 'NONE', ( #8467, #1415, #1567, #8898 ) ) ;
#10447 = DIRECTION ( 'NONE',  ( -0.8660254037844369313, -0.000000000000000000, 0.5000000000000029976 ) ) ;
#10448 = CARTESIAN_POINT ( 'NONE',  ( 6.760390456121785796, 5.500000000000000000, 11.70933974900657226 ) ) ;
#10449 = ORIENTED_EDGE ( 'NONE', *, *, #2592, .T. ) ;
#10450 = CARTESIAN_POINT ( 'NONE',  ( 11.25123708785945098, 5.500000000000000000, 7.712411177962621878 ) ) ;
#10451 = CARTESIAN_POINT ( 'NONE',  ( 20.95000000000000284, 53.58999999999999631, 18.49999999999999645 ) ) ;
#10452 = VECTOR ( 'NONE', #11020, 999.9999999999998863 ) ;
#10453 = ORIENTED_EDGE ( 'NONE', *, *, #9472, .F. ) ;
#10454 = CIRCLE ( 'NONE', #6788, 9.800000000000002487 ) ;
#10455 = EDGE_CURVE ( 'NONE', #2105, #9150, #1650, .T. ) ;
#10456 = PLANE ( 'NONE',  #5321 ) ;
#10457 = VECTOR ( 'NONE', #4649, 1000.000000000000114 ) ;
#10458 = EDGE_CURVE ( 'NONE', #236, #2153, #3266, .T. ) ;
#10459 = PRODUCT_DEFINITION_FORMATION_WITH_SPECIFIED_SOURCE ( '�', '', #9523, .NOT_KNOWN. ) ;
#10460 = CARTESIAN_POINT ( 'NONE',  ( 15.06533166297980486, 0.000000000000000000, -4.106205588981311827 ) ) ;
#10461 = AXIS2_PLACEMENT_3D ( 'NONE', #7958, #1776, #126 ) ;
#10462 = CIRCLE ( 'NONE', #576, 1.549999999999999600 ) ;
#10463 = ORIENTED_EDGE ( 'NONE', *, *, #10998, .T. ) ;
#10464 = VECTOR ( 'NONE', #8153, 1000.000000000000000 ) ;
#10465 = CARTESIAN_POINT ( 'NONE',  ( -13.73328812275833144, 5.500000000000000000, -13.92482235592523310 ) ) ;
#10466 = ORIENTED_EDGE ( 'NONE', *, *, #5139, .T. ) ;
#10467 = CARTESIAN_POINT ( 'NONE',  ( -0.3750001136650030764, 52.28232689208745398, -13.42482235592523487 ) ) ;
#10468 = CARTESIAN_POINT ( 'NONE',  ( 12.11726249164388136, 53.58999999999999631, -8.212411177962620101 ) ) ;
#10469 = EDGE_CURVE ( 'NONE', #2168, #5680, #513, .T. ) ;
#10470 = DIRECTION ( 'NONE',  ( -0.000000000000000000, 1.000000000000000000, -0.000000000000000000 ) ) ;
#10471 = EDGE_CURVE ( 'NONE', #1988, #3621, #2296, .T. ) ;
#10472 = VERTEX_POINT ( 'NONE', #6230 ) ;
#10473 = AXIS2_PLACEMENT_3D ( 'NONE', #5046, #2347, #8528 ) ;
#10474 = EDGE_CURVE ( 'NONE', #1595, #9379, #1022, .T. ) ;
#10475 = VECTOR ( 'NONE', #7434, 1000.000000000000000 ) ;
#10476 = EDGE_CURVE ( 'NONE', #1595, #7921, #851, .T. ) ;
#10477 = VECTOR ( 'NONE', #7745, 1000.000000000000000 ) ;
#10478 = DIRECTION ( 'NONE',  ( 0.8660254037844368202, 0.000000000000000000, -0.5000000000000032196 ) ) ;
#10479 = ORIENTED_EDGE ( 'NONE', *, *, #7029, .T. ) ;
#10480 = CARTESIAN_POINT ( 'NONE',  ( 4.655112825222396111, 0.000000000000000000, -13.92482235592524020 ) ) ;
#10481 = CARTESIAN_POINT ( 'NONE',  ( -6.772894032962915922, 5.500000000000000000, 11.73099657937194706 ) ) ;
#10482 = COORDINATED_UNIVERSAL_TIME_OFFSET ( 8, 0, .AHEAD. ) ;
#10483 = VECTOR ( 'NONE', #8856, 1000.000000000000000 ) ;
#10484 = CARTESIAN_POINT ( 'NONE',  ( -12.00123731518945647, 0.000000000000000000, -7.712411177962622766 ) ) ;
#10485 = AXIS2_PLACEMENT_3D ( 'NONE', #10347, #5872, #9369 ) ;
#10486 = LINE ( 'NONE', #9622, #10659 ) ;
#10487 = DIRECTION ( 'NONE',  ( -0.4999999999999966138, 0.000000000000000000, 0.8660254037844407060 ) ) ;
#10488 = CARTESIAN_POINT ( 'NONE',  ( 0.000000000000000000, 53.58999999999999631, -8.549998126900000273 ) ) ;
#10489 = ORIENTED_EDGE ( 'NONE', *, *, #582, .T. ) ;
#10490 = VECTOR ( 'NONE', #2628, 1000.000000000000000 ) ;
#10491 = ORIENTED_EDGE ( 'NONE', *, *, #2727, .T. ) ;
#10492 = CARTESIAN_POINT ( 'NONE',  ( -14.08328108274093893, 53.58999999999999631, -4.106205588981313603 ) ) ;
#10493 = ORIENTED_EDGE ( 'NONE', *, *, #3597, .T. ) ;
#10494 = LINE ( 'NONE', #6136, #7863 ) ;
#10495 = DIRECTION ( 'NONE',  ( -0.000000000000000000, 1.000000000000000000, -0.000000000000000000 ) ) ;
#10496 = AXIS2_PLACEMENT_3D ( 'NONE', #9777, #6331, #8733 ) ;
#10497 = DIRECTION ( 'NONE',  ( -0.000000000000000000, 1.000000000000000000, -0.000000000000000000 ) ) ;
#10498 = CARTESIAN_POINT ( 'NONE',  ( 10.03521872409240423, 53.58999999999999631, -9.818616766943927487 ) ) ;
#10499 = ORIENTED_EDGE ( 'NONE', *, *, #9989, .T. ) ;
#10500 = EDGE_CURVE ( 'NONE', #1639, #806, #11333, .T. ) ;
#10501 = VECTOR ( 'NONE', #4243, 999.9999999999998863 ) ;
#10502 = ORIENTED_EDGE ( 'NONE', *, *, #11235, .F. ) ;
#10503 = DIRECTION ( 'NONE',  ( 1.000000000000000000, 0.000000000000000000, -3.663735981263016583E-15 ) ) ;
#10504 = ORIENTED_EDGE ( 'NONE', *, *, #7507, .T. ) ;
#10505 = LINE ( 'NONE', #6144, #2427 ) ;
#10506 = PLANE ( 'NONE',  #4570 ) ;
#10507 = ORIENTED_EDGE ( 'NONE', *, *, #5275, .T. ) ;
#10508 = ORIENTED_EDGE ( 'NONE', *, *, #519, .T. ) ;
#10509 = FACE_BOUND ( 'NONE', #5734, .T. ) ;
#10510 = DIRECTION ( 'NONE',  ( 0.8660254037844404840, 0.000000000000000000, 0.4999999999999968359 ) ) ;
#10511 = VERTEX_POINT ( 'NONE', #1818 ) ;
#10512 = CARTESIAN_POINT ( 'NONE',  ( -13.73328812275832966, 53.58999999999999631, 0.5000000000000056621 ) ) ;
#10513 = CARTESIAN_POINT ( 'NONE',  ( 16.00000000000000000, 34.89320891234596900, -7.100000000000002309 ) ) ;
#10514 = EDGE_CURVE ( 'NONE', #2969, #10511, #4397, .T. ) ;
#10515 = ORIENTED_EDGE ( 'NONE', *, *, #7306, .T. ) ;
#10516 = VECTOR ( 'NONE', #8210, 1000.000000000000114 ) ;
#10517 = FACE_OUTER_BOUND ( 'NONE', #1492, .T. ) ;
#10518 = EDGE_CURVE ( 'NONE', #3231, #3156, #9671, .T. ) ;
#10519 = PLANE ( 'NONE',  #3444 ) ;
#10520 = DIRECTION ( 'NONE',  ( -0.4999999999999966138, 0.000000000000000000, 0.8660254037844407060 ) ) ;
#10521 = VECTOR ( 'NONE', #5969, 1000.000000000000000 ) ;
#10522 = ORIENTED_EDGE ( 'NONE', *, *, #3363, .F. ) ;
#10523 = ORIENTED_EDGE ( 'NONE', *, *, #5974, .F. ) ;
#10524 = DIRECTION ( 'NONE',  ( 0.8660254037844404840, 0.000000000000000000, 0.4999999999999968359 ) ) ;
#10525 = FACE_BOUND ( 'NONE', #129, .T. ) ;
#10526 = ORIENTED_EDGE ( 'NONE', *, *, #2424, .T. ) ;
#10527 = CARTESIAN_POINT ( 'NONE',  ( 0.4910252901194355202, 0.000000000000000000, 13.92482235592523310 ) ) ;
#10528 = DIRECTION ( 'NONE',  ( 0.8660254037844369313, 0.000000000000000000, -0.5000000000000029976 ) ) ;
#10529 = EDGE_CURVE ( 'NONE', #9159, #3176, #5530, .T. ) ;
#10530 = LINE ( 'NONE', #838, #9192 ) ;
#10531 = AXIS2_PLACEMENT_3D ( 'NONE', #4276, #4160, #6967 ) ;
#10532 = DIRECTION ( 'NONE',  ( -0.8660254037844404840, -0.000000000000000000, -0.4999999999999968359 ) ) ;
#10533 = ORIENTED_EDGE ( 'NONE', *, *, #9662, .T. ) ;
#10534 = EDGE_CURVE ( 'NONE', #6951, #7172, #9574, .T. ) ;
#10535 = ADVANCED_FACE ( 'NONE', ( #3653 ), #7148, .T. ) ;
#10536 = DIRECTION ( 'NONE',  ( 3.330669073875469621E-15, 0.000000000000000000, 1.000000000000000000 ) ) ;
#10537 = DIRECTION ( 'NONE',  ( -3.330669073875469621E-15, 0.000000000000000000, -1.000000000000000000 ) ) ;
#10538 = EDGE_CURVE ( 'NONE', #5053, #6436, #1942, .T. ) ;
#10539 = EDGE_CURVE ( 'NONE', #649, #138, #6070, .T. ) ;
#10540 = CARTESIAN_POINT ( 'NONE',  ( -9.569200587655368295, 0.000000000000000000, -13.92482235592523310 ) ) ;
#10541 = DIRECTION ( 'NONE',  ( 3.330669073875469621E-15, 0.000000000000000000, 1.000000000000000000 ) ) ;
#10542 = EDGE_CURVE ( 'NONE', #1393, #3915, #7949, .T. ) ;
#10543 = DIRECTION ( 'NONE',  ( 3.330669073875469621E-15, 0.000000000000000000, 1.000000000000000000 ) ) ;
#10544 = DIRECTION ( 'NONE',  ( -0.8660254037844404840, -0.000000000000000000, -0.4999999999999968359 ) ) ;
#10545 = VERTEX_POINT ( 'NONE', #7093 ) ;
#10546 = ORIENTED_EDGE ( 'NONE', *, *, #8600, .T. ) ;
#10547 = DIRECTION ( 'NONE',  ( -0.000000000000000000, 1.000000000000000000, -0.000000000000000000 ) ) ;
#10548 = VERTEX_POINT ( 'NONE', #1765 ) ;
#10549 = EDGE_CURVE ( 'NONE', #265, #2912, #2795, .T. ) ;
#10550 = CARTESIAN_POINT ( 'NONE',  ( 12.98328789542833306, 53.58999999999999631, 14.92482235592523487 ) ) ;
#10551 = LINE ( 'NONE', #9634, #9036 ) ;
#10552 = DIRECTION ( 'NONE',  ( 0.000000000000000000, 0.000000000000000000, -1.000000000000000000 ) ) ;
#10553 = LINE ( 'NONE', #1724, #5715 ) ;
#10554 = ORIENTED_EDGE ( 'NONE', *, *, #3805, .F. ) ;
#10555 = ORIENTED_EDGE ( 'NONE', *, *, #11059, .T. ) ;
#10556 = DIRECTION ( 'NONE',  ( 0.8660254037844407060, 0.000000000000000000, 0.4999999999999966138 ) ) ;
#10557 = EDGE_LOOP ( 'NONE', ( #4965, #7914, #2528, #1475, #6239, #10796 ) ) ;
#10558 = CARTESIAN_POINT ( 'NONE',  ( -12.00123731518945291, 0.000000000000000000, -6.712411177962621878 ) ) ;
#10559 = CARTESIAN_POINT ( 'NONE',  ( 7.953174956540914664, 53.58999999999999631, -15.42482235592523843 ) ) ;
#10560 = ORIENTED_EDGE ( 'NONE', *, *, #8108, .F. ) ;
#10561 = VERTEX_POINT ( 'NONE', #8700 ) ;
#10562 = DIRECTION ( 'NONE',  ( -0.8660254037844369313, -0.000000000000000000, 0.5000000000000029976 ) ) ;
#10563 = CARTESIAN_POINT ( 'NONE',  ( -12.00123731518945291, 0.000000000000000000, -13.92482235592524020 ) ) ;
#10564 = ORIENTED_EDGE ( 'NONE', *, *, #9904, .F. ) ;
#10565 = CARTESIAN_POINT ( 'NONE',  ( -12.86726271897389040, 53.58999999999999631, 15.42482235592523843 ) ) ;
#10566 = CARTESIAN_POINT ( 'NONE',  ( -15.81533189030981390, 0.000000000000000000, -4.106205588981306498 ) ) ;
#10567 = ORIENTED_EDGE ( 'NONE', *, *, #4795, .T. ) ;
#10568 = CARTESIAN_POINT ( 'NONE',  ( -7.813915916738644718, 5.500000000000000000, 13.53409937386258832 ) ) ;
#10569 = DIRECTION ( 'NONE',  ( 0.5000000000000032196, 0.000000000000000000, 0.8660254037844368202 ) ) ;
#10570 = LINE ( 'NONE', #9826, #2042 ) ;
#10571 = ORIENTED_EDGE ( 'NONE', *, *, #11208, .F. ) ;
#10572 = VERTEX_POINT ( 'NONE', #61 ) ;
#10573 = FACE_OUTER_BOUND ( 'NONE', #11108, .T. ) ;
#10574 = DIRECTION ( 'NONE',  ( 0.8660254037844407060, 0.000000000000000000, 0.4999999999999965583 ) ) ;
#10575 = ORIENTED_EDGE ( 'NONE', *, *, #6255, .T. ) ;
#10576 = LINE ( 'NONE', #6216, #5323 ) ;
#10577 = EDGE_CURVE ( 'NONE', #2358, #903, #3546, .T. ) ;
#10578 = CARTESIAN_POINT ( 'NONE',  ( -17.90000022733000051, 34.89320891234596900, -9.300000000000002487 ) ) ;
#10579 = EDGE_CURVE ( 'NONE', #8284, #926, #966, .T. ) ;
#10580 = LINE ( 'NONE', #1868, #4428 ) ;
#10581 = FACE_BOUND ( 'NONE', #8586, .T. ) ;
#10582 = EDGE_CURVE ( 'NONE', #4209, #10572, #8044, .T. ) ;
#10583 = ORIENTED_EDGE ( 'NONE', *, *, #2687, .T. ) ;
#10584 = DIRECTION ( 'NONE',  ( 3.330669073875469621E-15, 0.000000000000000000, 1.000000000000000000 ) ) ;
#10585 = CARTESIAN_POINT ( 'NONE',  ( 10.03521872409239712, 53.58999999999999631, -11.81861676694392926 ) ) ;
#10586 = LINE ( 'NONE', #8746, #8618 ) ;
#10587 = DIRECTION ( 'NONE',  ( -0.000000000000000000, -1.000000000000000000, -0.000000000000000000 ) ) ;
#10588 = PLANE ( 'NONE',  #5716 ) ;
#10589 = VECTOR ( 'NONE', #8282, 1000.000000000000000 ) ;
#10590 = CARTESIAN_POINT ( 'NONE',  ( -7.487156820103886723, 0.000000000000000000, 11.31861676694393459 ) ) ;
#10591 = ORIENTED_EDGE ( 'NONE', *, *, #4977, .F. ) ;
#10592 = EDGE_CURVE ( 'NONE', #1280, #6498, #116, .T. ) ;
#10593 = EDGE_CURVE ( 'NONE', #312, #3721, #9797, .T. ) ;
#10594 = ADVANCED_FACE ( 'NONE', ( #3431 ), #7831, .T. ) ;
#10595 = ORIENTED_EDGE ( 'NONE', *, *, #7356, .T. ) ;
#10596 = VECTOR ( 'NONE', #8361, 1000.000000000000000 ) ;
#10597 = DIRECTION ( 'NONE',  ( -3.663735981263016583E-15, -0.000000000000000000, -1.000000000000000000 ) ) ;
#10598 = VERTEX_POINT ( 'NONE', #7214 ) ;
#10599 = DIRECTION ( 'NONE',  ( -0.000000000000000000, -1.000000000000000000, -0.000000000000000000 ) ) ;
#10600 = PLANE ( 'NONE',  #6109 ) ;
#10601 = LINE ( 'NONE', #10664, #1308 ) ;
#10602 = DIRECTION ( 'NONE',  ( -0.000000000000000000, 1.000000000000000000, -0.000000000000000000 ) ) ;
#10603 = CARTESIAN_POINT ( 'NONE',  ( 14.19930625919536737, 0.000000000000000000, 2.606205588981309162 ) ) ;
#10604 = VERTEX_POINT ( 'NONE', #10179 ) ;
#10605 = ADVANCED_FACE ( 'NONE', ( #2115 ), #9100, .F. ) ;
#10606 = VECTOR ( 'NONE', #291, 1000.000000000000000 ) ;
#10607 = EDGE_CURVE ( 'NONE', #923, #7666, #8924, .T. ) ;
#10608 = ORIENTED_EDGE ( 'NONE', *, *, #734, .T. ) ;
#10609 = CARTESIAN_POINT ( 'NONE',  ( -12.00123731518945291, 53.58999999999999631, -6.712411177962621878 ) ) ;
#10610 = ORIENTED_EDGE ( 'NONE', *, *, #219, .F. ) ;
#10611 = LINE ( 'NONE', #10558, #6084 ) ;
#10612 = CARTESIAN_POINT ( 'NONE',  ( 0.000000000000000000, 0.000000000000000000, 18.49999999999999645 ) ) ;
#10613 = AXIS2_PLACEMENT_3D ( 'NONE', #9459, #10323, #7787 ) ;
#10614 = EDGE_LOOP ( 'NONE', ( #7569, #3820, #3961, #11011 ) ) ;
#10615 = VERTEX_POINT ( 'NONE', #10822 ) ;
#10616 = CARTESIAN_POINT ( 'NONE',  ( -4.539087648767972105, 52.28232689208745398, -15.42482235592523843 ) ) ;
#10617 = DIRECTION ( 'NONE',  ( 0.000000000000000000, 0.000000000000000000, -1.000000000000000000 ) ) ;
#10618 = ORIENTED_EDGE ( 'NONE', *, *, #6389, .T. ) ;
#10619 = LINE ( 'NONE', #2761, #569 ) ;
#10620 = PLANE ( 'NONE',  #6619 ) ;
#10621 = ORIENTED_EDGE ( 'NONE', *, *, #3295, .F. ) ;
#10622 = LINE ( 'NONE', #8151, #2749 ) ;
#10623 = VECTOR ( 'NONE', #2176, 1000.000000000000000 ) ;
#10624 = CARTESIAN_POINT ( 'NONE',  ( 2.923062017653518918, 0.000000000000000000, -13.92482235592523310 ) ) ;
#10625 = VERTEX_POINT ( 'NONE', #1075 ) ;
#10626 = VECTOR ( 'NONE', #9415, 1000.000000000000000 ) ;
#10627 = VERTEX_POINT ( 'NONE', #6407 ) ;
#10628 = DIRECTION ( 'NONE',  ( 0.000000000000000000, 0.000000000000000000, -1.000000000000000000 ) ) ;
#10629 = DIRECTION ( 'NONE',  ( 0.4999999999999968359, 0.000000000000000000, -0.8660254037844404840 ) ) ;
#10630 = ORIENTED_EDGE ( 'NONE', *, *, #2957, .T. ) ;
#10631 = DIRECTION ( 'NONE',  ( -0.000000000000000000, 1.000000000000000000, -0.000000000000000000 ) ) ;
#10632 = AXIS2_PLACEMENT_3D ( 'NONE', #449, #8392, #2220 ) ;
#10633 = CARTESIAN_POINT ( 'NONE',  ( 12.11726249164388847, 0.000000000000000000, 13.42482235592523665 ) ) ;
#10634 = FACE_OUTER_BOUND ( 'NONE', #3661, .T. ) ;
#10635 = LOCAL_TIME ( 17, 25, 15.00000000000000000, #5616 ) ;
#10636 = AXIS2_PLACEMENT_3D ( 'NONE', #6881, #5057, #7676 ) ;
#10637 = VECTOR ( 'NONE', #8710, 1000.000000000000000 ) ;
#10638 = AXIS2_PLACEMENT_3D ( 'NONE', #10834, #9982, #2125 ) ;
#10639 = CARTESIAN_POINT ( 'NONE',  ( -13.73328812275833144, 5.500000000000000000, 7.712411177962623654 ) ) ;
#10640 = EDGE_CURVE ( 'NONE', #9884, #4544, #10227, .T. ) ;
#10641 = DIRECTION ( 'NONE',  ( -0.000000000000000000, 1.000000000000000000, -0.000000000000000000 ) ) ;
#10642 = VERTEX_POINT ( 'NONE', #3829 ) ;
#10643 = LINE ( 'NONE', #10705, #3832 ) ;
#10644 = CARTESIAN_POINT ( 'NONE',  ( 4.655112825222401440, 0.000000000000000000, 14.92482235592523665 ) ) ;
#10645 = VERTEX_POINT ( 'NONE', #1244 ) ;
#10646 = PLANE ( 'NONE',  #10808 ) ;
#10647 = CARTESIAN_POINT ( 'NONE',  ( -9.919193547637975783, 5.500000000000000000, -11.31861676694393282 ) ) ;
#10648 = VECTOR ( 'NONE', #6292, 1000.000000000000000 ) ;
#10649 = AXIS2_PLACEMENT_3D ( 'NONE', #7611, #5045, #8527 ) ;
#10650 = ORIENTED_EDGE ( 'NONE', *, *, #4282, .T. ) ;
#10651 = VECTOR ( 'NONE', #2832, 1000.000000000000114 ) ;
#10652 = CARTESIAN_POINT ( 'NONE',  ( 13.33328085541092634, 5.500000000000000000, -4.106205588981305610 ) ) ;
#10653 = CARTESIAN_POINT ( 'NONE',  ( -4.539087648767963223, 0.000000000000000000, 15.42482235592523843 ) ) ;
#10654 = ADVANCED_FACE ( 'NONE', ( #4747 ), #1193, .T. ) ;
#10655 = EDGE_LOOP ( 'NONE', ( #2714, #394, #3468, #8349 ) ) ;
#10656 = ORIENTED_EDGE ( 'NONE', *, *, #10779, .T. ) ;
#10657 = EDGE_CURVE ( 'NONE', #3343, #7626, #2975, .T. ) ;
#10658 = AXIS2_PLACEMENT_3D ( 'NONE', #9044, #7381, #1136 ) ;
#10659 = VECTOR ( 'NONE', #1977, 1000.000000000000000 ) ;
#10660 = DIRECTION ( 'NONE',  ( -0.000000000000000000, 1.000000000000000000, 0.000000000000000000 ) ) ;
#10661 = ORIENTED_EDGE ( 'NONE', *, *, #10534, .F. ) ;
#10662 = LINE ( 'NONE', #4469, #8410 ) ;
#10663 = CARTESIAN_POINT ( 'NONE',  ( 6.585393976130471394, 5.500000000000000000, 11.40623695451591146 ) ) ;
#10664 = CARTESIAN_POINT ( 'NONE',  ( -20.95100000000000406, 59.69999999999997442, 9.200000000000001066 ) ) ;
#10665 = CARTESIAN_POINT ( 'NONE',  ( 11.25123708785944388, 53.58999999999999631, -7.712411177962617437 ) ) ;
#10666 = LINE ( 'NONE', #5278, #3693 ) ;
#10667 = VERTEX_POINT ( 'NONE', #3239 ) ;
#10668 = AXIS2_PLACEMENT_3D ( 'NONE', #3704, #8909, #1181 ) ;
#10669 = ORIENTED_EDGE ( 'NONE', *, *, #11156, .F. ) ;
#10670 = DIRECTION ( 'NONE',  ( -0.8660254037844407060, 0.000000000000000000, -0.4999999999999966138 ) ) ;
#10671 = VECTOR ( 'NONE', #8974, 1000.000000000000227 ) ;
#10672 = ORIENTED_EDGE ( 'NONE', *, *, #8335, .F. ) ;
#10673 = DIRECTION ( 'NONE',  ( -0.8660254037844369313, 0.000000000000000000, 0.5000000000000029976 ) ) ;
#10674 = EDGE_CURVE ( 'NONE', #7626, #7608, #11093, .T. ) ;
#10675 = CARTESIAN_POINT ( 'NONE',  ( -4.539087648767963223, 0.000000000000000000, 15.42482235592523843 ) ) ;
#10676 = EDGE_CURVE ( 'NONE', #2652, #5458, #1137, .T. ) ;
#10677 = VERTEX_POINT ( 'NONE', #5609 ) ;
#10678 = ORIENTED_EDGE ( 'NONE', *, *, #2748, .T. ) ;
#10679 = DIRECTION ( 'NONE',  ( 0.000000000000000000, 1.000000000000000000, 0.000000000000000000 ) ) ;
#10680 = CARTESIAN_POINT ( 'NONE',  ( 12.98328789542833306, 53.58999999999999631, 14.92482235592523487 ) ) ;
#10681 = EDGE_LOOP ( 'NONE', ( #2116, #1106, #3780, #5303 ) ) ;
#10682 = EDGE_CURVE ( 'NONE', #9534, #9999, #3775, .T. ) ;
#10683 = CARTESIAN_POINT ( 'NONE',  ( 5.005105785205000046, 5.500000000000000000, -10.31861676694392393 ) ) ;
#10684 = CARTESIAN_POINT ( 'NONE',  ( 4.655112825222392559, 0.000000000000000000, -14.92482235592524198 ) ) ;
#10685 = ADVANCED_FACE ( 'NONE', ( #9909 ), #8055, .T. ) ;
#10686 = EDGE_LOOP ( 'NONE', ( #7811, #4056, #4256, #5147 ) ) ;
#10687 = DIRECTION ( 'NONE',  ( -3.663735981263016583E-15, -0.000000000000000000, -1.000000000000000000 ) ) ;
#10688 = CIRCLE ( 'NONE', #1156, 1.550000000000000266 ) ;
#10689 = ORIENTED_EDGE ( 'NONE', *, *, #973, .F. ) ;
#10690 = CARTESIAN_POINT ( 'NONE',  ( -3.673062244983530178, 5.500000000000000000, 13.92482235592523487 ) ) ;
#10691 = VERTEX_POINT ( 'NONE', #3893 ) ;
#10692 = EDGE_LOOP ( 'NONE', ( #7519, #5059, #5672, #2028, #10948, #9358 ) ) ;
#10693 = CARTESIAN_POINT ( 'NONE',  ( 4.655112825222392559, 0.000000000000000000, -14.92482235592524198 ) ) ;
#10694 = FACE_BOUND ( 'NONE', #3333, .T. ) ;
#10695 = AXIS2_PLACEMENT_3D ( 'NONE', #3607, #10378, #6080 ) ;
#10696 = VERTEX_POINT ( 'NONE', #7382 ) ;
#10697 = CARTESIAN_POINT ( 'NONE',  ( 12.98328789542833306, 53.58999999999999631, 14.92482235592523487 ) ) ;
#10698 = DIRECTION ( 'NONE',  ( 0.8660254037844368202, 0.000000000000000000, -0.5000000000000032196 ) ) ;
#10699 = CARTESIAN_POINT ( 'NONE',  ( 0.000000000000000000, 5.000000000000000000, 0.000000000000000000 ) ) ;
#10700 = DIRECTION ( 'NONE',  ( -0.000000000000000000, 1.000000000000000000, -0.000000000000000000 ) ) ;
#10701 = VECTOR ( 'NONE', #7299, 1000.000000000000000 ) ;
#10702 = CARTESIAN_POINT ( 'NONE',  ( -5.405113052552407815, 53.58999999999999631, 13.92482235592524198 ) ) ;
#10703 = CARTESIAN_POINT ( 'NONE',  ( -12.00123731518945647, 51.99940408041244666, 13.92482235592523487 ) ) ;
#10704 = VERTEX_POINT ( 'NONE', #6729 ) ;
#10705 = CARTESIAN_POINT ( 'NONE',  ( -12.71303448517352841, 51.99940408041244666, 5.897317830943153538 ) ) ;
#10706 = FACE_OUTER_BOUND ( 'NONE', #9250, .T. ) ;
#10707 = ORIENTED_EDGE ( 'NONE', *, *, #7833, .F. ) ;
#10708 = CARTESIAN_POINT ( 'NONE',  ( 0.4910252901194391839, 0.000000000000000000, 14.92482235592523487 ) ) ;
#10709 = LINE ( 'NONE', #1070, #7041 ) ;
#10710 = VECTOR ( 'NONE', #8116, 1000.000000000000000 ) ;
#10711 = ORIENTED_EDGE ( 'NONE', *, *, #9122, .F. ) ;
#10712 = CARTESIAN_POINT ( 'NONE',  ( 10.03521872409241134, 0.000000000000000000, 11.81861676694392926 ) ) ;
#10713 = DIRECTION ( 'NONE',  ( -0.000000000000000000, 1.000000000000000000, -0.000000000000000000 ) ) ;
#10714 = EDGE_CURVE ( 'NONE', #7251, #6951, #1455, .T. ) ;
#10715 = ORIENTED_EDGE ( 'NONE', *, *, #9264, .F. ) ;
#10716 = VERTEX_POINT ( 'NONE', #6680 ) ;
#10717 = LINE ( 'NONE', #7099, #8207 ) ;
#10718 = ORIENTED_EDGE ( 'NONE', *, *, #75, .F. ) ;
#10719 = CARTESIAN_POINT ( 'NONE',  ( 11.25123708785944743, 0.000000000000000000, 0.5000000000000044409 ) ) ;
#10720 = CARTESIAN_POINT ( 'NONE',  ( -3.673062244983527069, 5.500000000000000000, 14.92482235592523665 ) ) ;
#10721 = CARTESIAN_POINT ( 'NONE',  ( 20.95000000000000284, 67.84000000000000341, 0.000000000000000000 ) ) ;
#10722 = DIRECTION ( 'NONE',  ( 0.5000000000000032196, 0.000000000000000000, 0.8660254037844368202 ) ) ;
#10723 = FACE_OUTER_BOUND ( 'NONE', #6704, .T. ) ;
#10724 = EDGE_CURVE ( 'NONE', #4730, #8145, #607, .T. ) ;
#10725 = ORIENTED_EDGE ( 'NONE', *, *, #3263, .F. ) ;
#10726 = EDGE_CURVE ( 'NONE', #6555, #2168, #4574, .T. ) ;
#10727 = CARTESIAN_POINT ( 'NONE',  ( -1.241025517449438009, 0.000000000000000000, 14.92482235592524198 ) ) ;
#10728 = ORIENTED_EDGE ( 'NONE', *, *, #7098, .F. ) ;
#10729 = LINE ( 'NONE', #8940, #5733 ) ;
#10730 = DIRECTION ( 'NONE',  ( 3.330669073875469621E-15, 0.000000000000000000, 1.000000000000000000 ) ) ;
#10731 = ORIENTED_EDGE ( 'NONE', *, *, #4452, .T. ) ;
#10732 = ORIENTED_EDGE ( 'NONE', *, *, #9662, .F. ) ;
#10733 = CARTESIAN_POINT ( 'NONE',  ( -6.999998126900004891, 15.50000000000000000, -3.469446951953614189E-15 ) ) ;
#10734 = LINE ( 'NONE', #2877, #1545 ) ;
#10735 = VERTEX_POINT ( 'NONE', #3719 ) ;
#10736 = DIRECTION ( 'NONE',  ( 0.8660254037844369313, 0.000000000000000000, -0.5000000000000029976 ) ) ;
#10737 = CARTESIAN_POINT ( 'NONE',  ( -16.00000102328300855, 53.58999999999999631, -9.747069910344318799 ) ) ;
#10738 = ORIENTED_EDGE ( 'NONE', *, *, #4475, .T. ) ;
#10739 = FACE_BOUND ( 'NONE', #9738, .T. ) ;
#10740 = EDGE_CURVE ( 'NONE', #9854, #10627, #9045, .T. ) ;
#10741 = EDGE_CURVE ( 'NONE', #3148, #505, #8173, .T. ) ;
#10742 = EDGE_CURVE ( 'NONE', #4544, #2757, #5494, .T. ) ;
#10743 = VERTEX_POINT ( 'NONE', #6039 ) ;
#10744 = CARTESIAN_POINT ( 'NONE',  ( -12.00123731518945291, 53.58999999999999631, -6.712411177962621878 ) ) ;
#10745 = ORIENTED_EDGE ( 'NONE', *, *, #11117, .F. ) ;
#10746 = VERTEX_POINT ( 'NONE', #1742 ) ;
#10747 = FACE_OUTER_BOUND ( 'NONE', #9314, .T. ) ;
#10748 = FACE_BOUND ( 'NONE', #270, .T. ) ;
#10749 = ORIENTED_EDGE ( 'NONE', *, *, #2804, .T. ) ;
#10750 = DIRECTION ( 'NONE',  ( -1.000000000000000000, 0.000000000000000000, 3.330669073875469621E-15 ) ) ;
#10751 = CARTESIAN_POINT ( 'NONE',  ( -4.539087648767970329, 0.000000000000000000, 13.42482235592524020 ) ) ;
#10752 = DIRECTION ( 'NONE',  ( 0.000000000000000000, 0.000000000000000000, -1.000000000000000000 ) ) ;
#10753 = DIRECTION ( 'NONE',  ( -0.000000000000000000, 1.000000000000000000, -0.000000000000000000 ) ) ;
#10754 = VECTOR ( 'NONE', #4100, 1000.000000000000000 ) ;
#10755 = ADVANCED_FACE ( 'NONE', ( #6952 ), #9543, .T. ) ;
#10756 = LINE ( 'NONE', #215, #2712 ) ;
#10757 = FACE_OUTER_BOUND ( 'NONE', #6562, .T. ) ;
#10758 = VERTEX_POINT ( 'NONE', #3412 ) ;
#10759 = DIRECTION ( 'NONE',  ( 3.663735981263016583E-15, 0.000000000000000000, 1.000000000000000000 ) ) ;
#10760 = ADVANCED_FACE ( 'NONE', ( #770 ), #7812, .T. ) ;
#10761 = DIRECTION ( 'NONE',  ( -1.000000000000000000, 0.000000000000000000, 0.000000000000000000 ) ) ;
#10762 = ORIENTED_EDGE ( 'NONE', *, *, #7000, .F. ) ;
#10763 = CARTESIAN_POINT ( 'NONE',  ( -9.569200587655371848, 5.500000000000000000, -14.92482235592523487 ) ) ;
#10764 = CARTESIAN_POINT ( 'NONE',  ( -3.673062244983530178, 53.58999999999999631, 13.92482235592523487 ) ) ;
#10765 = ORIENTED_EDGE ( 'NONE', *, *, #1140, .T. ) ;
#10766 = CARTESIAN_POINT ( 'NONE',  ( -12.86726271897389751, 53.58999999999999631, -8.212411177962620101 ) ) ;
#10767 = CARTESIAN_POINT ( 'NONE',  ( 10.90124412787684172, 0.000000000000000000, -10.31861676694393104 ) ) ;
#10768 = ORIENTED_EDGE ( 'NONE', *, *, #7614, .T. ) ;
#10769 = EDGE_LOOP ( 'NONE', ( #3203, #3526, #3947, #11220 ) ) ;
#10770 = LINE ( 'NONE', #2916, #2915 ) ;
#10771 = EDGE_LOOP ( 'NONE', ( #5468, #5038, #8328, #2199 ) ) ;
#10772 = DIRECTION ( 'NONE',  ( -0.000000000000000000, 1.000000000000000000, -0.000000000000000000 ) ) ;
#10773 = DIRECTION ( 'NONE',  ( -0.8660254037844368202, 0.000000000000000000, 0.5000000000000032196 ) ) ;
#10774 = CARTESIAN_POINT ( 'NONE',  ( -12.00123731518945291, 52.28232689208745398, -13.92482235592524020 ) ) ;
#10775 = DIRECTION ( 'NONE',  ( -0.000000000000000000, -1.000000000000000000, -0.000000000000000000 ) ) ;
#10776 = FACE_BOUND ( 'NONE', #8005, .T. ) ;
#10777 = ORIENTED_EDGE ( 'NONE', *, *, #7026, .F. ) ;
#10778 = VECTOR ( 'NONE', #351, 999.9999999999998863 ) ;
#10779 = EDGE_CURVE ( 'NONE', #7669, #716, #9371, .T. ) ;
#10780 = FACE_OUTER_BOUND ( 'NONE', #3733, .T. ) ;
#10781 = ORIENTED_EDGE ( 'NONE', *, *, #9816, .T. ) ;
#10782 = CARTESIAN_POINT ( 'NONE',  ( 4.655112825222396111, 53.58999999999999631, -13.92482235592524020 ) ) ;
#10783 = DIRECTION ( 'NONE',  ( -0.8660254037844404840, -0.000000000000000000, -0.4999999999999968359 ) ) ;
#10784 = ORIENTED_EDGE ( 'NONE', *, *, #8475, .T. ) ;
#10785 = VERTEX_POINT ( 'NONE', #2546 ) ;
#10786 = CARTESIAN_POINT ( 'NONE',  ( 3.789087421437959069, 53.58999999999999631, -13.42482235592523665 ) ) ;
#10787 = PLANE ( 'NONE',  #2646 ) ;
#10788 = ORIENTED_EDGE ( 'NONE', *, *, #10476, .T. ) ;
#10789 = AXIS2_PLACEMENT_3D ( 'NONE', #4631, #2364, #9359 ) ;
#10790 = DIRECTION ( 'NONE',  ( 0.4999999999999968359, 0.000000000000000000, -0.8660254037844404840 ) ) ;
#10791 = DIRECTION ( 'NONE',  ( 0.8660254037844407060, 0.000000000000000000, 0.4999999999999966138 ) ) ;
#10792 = EDGE_LOOP ( 'NONE', ( #2363, #2935, #8313, #10156 ) ) ;
#10793 = LINE ( 'NONE', #6665, #1834 ) ;
#10794 = ADVANCED_FACE ( 'NONE', ( #1519 ), #10456, .T. ) ;
#10795 = VECTOR ( 'NONE', #757, 1000.000000000000000 ) ;
#10796 = ORIENTED_EDGE ( 'NONE', *, *, #5922, .T. ) ;
#10797 = LINE ( 'NONE', #2090, #11201 ) ;
#10798 = ORIENTED_EDGE ( 'NONE', *, *, #799, .T. ) ;
#10799 = ORIENTED_EDGE ( 'NONE', *, *, #7082, .T. ) ;
#10800 = CARTESIAN_POINT ( 'NONE',  ( -14.94930648652537108, 53.58999999999999631, 4.606205588981310051 ) ) ;
#10801 = CARTESIAN_POINT ( 'NONE',  ( -8.703175183870927256, 53.58999999999999631, -13.42482235592523665 ) ) ;
#10802 = EDGE_CURVE ( 'NONE', #3994, #9795, #5244, .T. ) ;
#10803 = ORIENTED_EDGE ( 'NONE', *, *, #7715, .T. ) ;
#10804 = PLANE ( 'NONE',  #8243 ) ;
#10805 = FACE_OUTER_BOUND ( 'NONE', #11255, .T. ) ;
#10806 = PLANE ( 'NONE',  #4676 ) ;
#10807 = DIRECTION ( 'NONE',  ( -0.000000000000000000, 1.000000000000000000, -0.000000000000000000 ) ) ;
#10808 = AXIS2_PLACEMENT_3D ( 'NONE', #10540, #2791, #7089 ) ;
#10809 = DIRECTION ( 'NONE',  ( -0.8660254037844404840, 0.000000000000000000, -0.4999999999999968359 ) ) ;
#10810 = VECTOR ( 'NONE', #1168, 1000.000000000000000 ) ;
#10811 = LINE ( 'NONE', #1061, #9544 ) ;
#10812 = ORIENTED_EDGE ( 'NONE', *, *, #6038, .T. ) ;
#10813 = VECTOR ( 'NONE', #5996, 1000.000000000000000 ) ;
#10814 = DIRECTION ( 'NONE',  ( 1.000000000000000000, -0.000000000000000000, -0.000000000000000000 ) ) ;
#10815 = EDGE_CURVE ( 'NONE', #5827, #5919, #7758, .T. ) ;
#10816 = ORIENTED_EDGE ( 'NONE', *, *, #4022, .F. ) ;
#10817 = CARTESIAN_POINT ( 'NONE',  ( -0.3750001136650048528, 0.000000000000000000, 13.42482235592523665 ) ) ;
#10818 = EDGE_CURVE ( 'NONE', #716, #9432, #5190, .T. ) ;
#10819 = DIRECTION ( 'NONE',  ( 0.000000000000000000, 0.000000000000000000, 1.000000000000000000 ) ) ;
#10820 = ORIENTED_EDGE ( 'NONE', *, *, #7839, .F. ) ;
#10821 = CARTESIAN_POINT ( 'NONE',  ( -7.837149780086493323, 53.58999999999999631, 13.92482235592523487 ) ) ;
#10822 = CARTESIAN_POINT ( 'NONE',  ( -9.569200587655371848, 5.500000000000000000, 13.92482235592524198 ) ) ;
#10823 = ORIENTED_EDGE ( 'NONE', *, *, #6616, .F. ) ;
#10824 = VECTOR ( 'NONE', #10922, 1000.000000000000114 ) ;
#10825 = VECTOR ( 'NONE', #3354, 1000.000000000000000 ) ;
#10826 = ORIENTED_EDGE ( 'NONE', *, *, #7922, .F. ) ;
#10827 = CARTESIAN_POINT ( 'NONE',  ( -20.95000000000000639, 53.58999999999999631, 18.49999999999999645 ) ) ;
#10828 = VECTOR ( 'NONE', #6018, 999.9999999999998863 ) ;
#10829 = ORIENTED_EDGE ( 'NONE', *, *, #864, .T. ) ;
#10830 = VECTOR ( 'NONE', #2181, 1000.000000000000114 ) ;
#10831 = DIRECTION ( 'NONE',  ( -0.000000000000000000, 1.000000000000000000, -0.000000000000000000 ) ) ;
#10832 = AXIS2_PLACEMENT_3D ( 'NONE', #6787, #1692, #1798 ) ;
#10833 = LINE ( 'NONE', #407, #10141 ) ;
#10834 = CARTESIAN_POINT ( 'NONE',  ( 7.087149552756481619, 0.000000000000000000, -13.92482235592523310 ) ) ;
#10835 = CARTESIAN_POINT ( 'NONE',  ( 2.596302921018778687, 5.500000000000000000, -4.496928571044048972 ) ) ;
#10836 = CARTESIAN_POINT ( 'NONE',  ( 0.4910252901194391839, 5.500000000000000000, 14.92482235592523487 ) ) ;
#10837 = VERTEX_POINT ( 'NONE', #4323 ) ;
#10838 = VECTOR ( 'NONE', #4923, 1000.000000000000000 ) ;
#10839 = VECTOR ( 'NONE', #6192, 1000.000000000000114 ) ;
#10840 = CARTESIAN_POINT ( 'NONE',  ( 15.99999999999999289, 59.69999999999997442, 10.25000000000000178 ) ) ;
#10841 = EDGE_LOOP ( 'NONE', ( #2420, #5852, #2497, #7077 ) ) ;
#10842 = LINE ( 'NONE', #563, #9568 ) ;
#10843 = LINE ( 'NONE', #10098, #9881 ) ;
#10844 = ORIENTED_EDGE ( 'NONE', *, *, #5744, .T. ) ;
#10845 = ORIENTED_EDGE ( 'NONE', *, *, #11289, .F. ) ;
#10846 = LINE ( 'NONE', #2016, #5022 ) ;
#10847 = CARTESIAN_POINT ( 'NONE',  ( -12.00123731518945647, 5.500000000000000000, 6.712411177962616549 ) ) ;
#10848 = VECTOR ( 'NONE', #6166, 1000.000000000000114 ) ;
#10849 = ORIENTED_EDGE ( 'NONE', *, *, #3171, .T. ) ;
#10850 = LINE ( 'NONE', #422, #11187 ) ;
#10851 = LINE ( 'NONE', #3917, #11196 ) ;
#10852 = ORIENTED_EDGE ( 'NONE', *, *, #771, .T. ) ;
#10853 = CARTESIAN_POINT ( 'NONE',  ( -8.854937800514484536, 5.500000000000000000, -15.33720216835316208 ) ) ;
#10854 = ADVANCED_FACE ( 'NONE', ( #8679 ), #829, .F. ) ;
#10855 = VECTOR ( 'NONE', #8452, 1000.000000000000000 ) ;
#10856 = VERTEX_POINT ( 'NONE', #11313 ) ;
#10857 = CARTESIAN_POINT ( 'NONE',  ( 5.871131188989445526, 53.58999999999999631, 11.81861676694392926 ) ) ;
#10858 = ORIENTED_EDGE ( 'NONE', *, *, #8915, .T. ) ;
#10859 = EDGE_CURVE ( 'NONE', #45, #1309, #8728, .T. ) ;
#10860 = ORIENTED_EDGE ( 'NONE', *, *, #9737, .F. ) ;
#10861 = PLANE ( 'NONE',  #11046 ) ;
#10862 = LINE ( 'NONE', #10009, #6488 ) ;
#10863 = ORIENTED_EDGE ( 'NONE', *, *, #2898, .F. ) ;
#10864 = PLANE ( 'NONE',  #936 ) ;
#10865 = DIRECTION ( 'NONE',  ( 0.000000000000000000, 0.000000000000000000, 1.000000000000000000 ) ) ;
#10866 = CARTESIAN_POINT ( 'NONE',  ( -7.837149780086489770, 0.000000000000000000, -13.92482235592524020 ) ) ;
#10867 = VECTOR ( 'NONE', #191, 1000.000000000000000 ) ;
#10868 = EDGE_CURVE ( 'NONE', #2994, #885, #6102, .T. ) ;
#10869 = CARTESIAN_POINT ( 'NONE',  ( -4.865846745402754969, 5.500000000000000000, 8.427893784881311134 ) ) ;
#10870 = CARTESIAN_POINT ( 'NONE',  ( 6.999998126899990680, 0.000000000000000000, -3.469446951953614189E-15 ) ) ;
#10871 = VECTOR ( 'NONE', #7840, 1000.000000000000000 ) ;
#10872 = ORIENTED_EDGE ( 'NONE', *, *, #9033, .F. ) ;
#10873 = EDGE_CURVE ( 'NONE', #6724, #8377, #10401, .T. ) ;
#10874 = CARTESIAN_POINT ( 'NONE',  ( -12.00123731518945647, 53.58999999999999631, -7.712411177962622766 ) ) ;
#10875 = VERTEX_POINT ( 'NONE', #9433 ) ;
#10876 = DIRECTION ( 'NONE',  ( 0.000000000000000000, -1.000000000000000000, 0.000000000000000000 ) ) ;
#10877 = CARTESIAN_POINT ( 'NONE',  ( -4.539087648767972105, 0.000000000000000000, -15.42482235592523843 ) ) ;
#10878 = ORIENTED_EDGE ( 'NONE', *, *, #8491, .T. ) ;
#10879 = LINE ( 'NONE', #6291, #8633 ) ;
#10880 = DIRECTION ( 'NONE',  ( 0.000000000000000000, 0.000000000000000000, -1.000000000000000000 ) ) ;
#10881 = ORIENTED_EDGE ( 'NONE', *, *, #5407, .T. ) ;
#10882 = VECTOR ( 'NONE', #10510, 1000.000000000000227 ) ;
#10883 = EDGE_CURVE ( 'NONE', #5256, #2725, #712, .T. ) ;
#10884 = ADVANCED_FACE ( 'NONE', ( #10292 ), #11206, .T. ) ;
#10885 = ORIENTED_EDGE ( 'NONE', *, *, #4166, .T. ) ;
#10886 = EDGE_CURVE ( 'NONE', #4119, #903, #7016, .T. ) ;
#10887 = ORIENTED_EDGE ( 'NONE', *, *, #7653, .T. ) ;
#10888 = EDGE_CURVE ( 'NONE', #2510, #10277, #9484, .T. ) ;
#10889 = EDGE_CURVE ( 'NONE', #529, #5195, #8617, .T. ) ;
#10890 = CARTESIAN_POINT ( 'NONE',  ( -10.78521895142240794, 53.58999999999999631, -9.818616766943927487 ) ) ;
#10891 = LINE ( 'NONE', #564, #9915 ) ;
#10892 = VECTOR ( 'NONE', #10101, 1000.000000000000000 ) ;
#10893 = ORIENTED_EDGE ( 'NONE', *, *, #6361, .F. ) ;
#10894 = DIRECTION ( 'NONE',  ( -0.8660254037844369313, -0.000000000000000000, 0.5000000000000029976 ) ) ;
#10895 = CARTESIAN_POINT ( 'NONE',  ( 17.15000000000000213, 67.84000000000000341, -12.60000000000000142 ) ) ;
#10896 = PLANE ( 'NONE',  #6972 ) ;
#10897 = LINE ( 'NONE', #2070, #3502 ) ;
#10898 = CARTESIAN_POINT ( 'NONE',  ( 9.169193320307966744, 53.58999999999999631, 10.31861676694393104 ) ) ;
#10899 = ORIENTED_EDGE ( 'NONE', *, *, #1338, .F. ) ;
#10900 = VECTOR ( 'NONE', #10410, 1000.000000000000000 ) ;
#10901 = EDGE_CURVE ( 'NONE', #8606, #1595, #6155, .T. ) ;
#10902 = DIRECTION ( 'NONE',  ( -0.000000000000000000, 1.000000000000000000, -0.000000000000000000 ) ) ;
#10903 = ORIENTED_EDGE ( 'NONE', *, *, #3821, .T. ) ;
#10904 = LINE ( 'NONE', #3162, #8953 ) ;
#10905 = ORIENTED_EDGE ( 'NONE', *, *, #8641, .F. ) ;
#10906 = CARTESIAN_POINT ( 'NONE',  ( 13.33328085541091745, 5.500000000000000000, -4.884962081825431099E-14 ) ) ;
#10907 = DIRECTION ( 'NONE',  ( -0.000000000000000000, 1.000000000000000000, -0.000000000000000000 ) ) ;
#10908 = VERTEX_POINT ( 'NONE', #9019 ) ;
#10909 = DIRECTION ( 'NONE',  ( -0.000000000000000000, -0.000000000000000000, 1.000000000000000000 ) ) ;
#10910 = DIRECTION ( 'NONE',  ( -1.000000000000000000, 0.000000000000000000, 3.330669073875469621E-15 ) ) ;
#10911 = ORIENTED_EDGE ( 'NONE', *, *, #7273, .F. ) ;
#10912 = LINE ( 'NONE', #9187, #9340 ) ;
#10913 = ORIENTED_EDGE ( 'NONE', *, *, #6902, .F. ) ;
#10914 = DIRECTION ( 'NONE',  ( 0.000000000000000000, 0.000000000000000000, 1.000000000000000000 ) ) ;
#10915 = EDGE_LOOP ( 'NONE', ( #9265, #3056, #5098, #7798 ) ) ;
#10916 = ORIENTED_EDGE ( 'NONE', *, *, #7372, .F. ) ;
#10917 = ORIENTED_EDGE ( 'NONE', *, *, #2287, .T. ) ;
#10918 = CARTESIAN_POINT ( 'NONE',  ( -14.94930648652537108, 53.58999999999999631, 4.606205588981310051 ) ) ;
#10919 = CARTESIAN_POINT ( 'NONE',  ( -0.5267627303084836399, 5.500000000000000000, -0.9123798124279883792 ) ) ;
#10920 = ORIENTED_EDGE ( 'NONE', *, *, #6177, .F. ) ;
#10921 = CARTESIAN_POINT ( 'NONE',  ( 13.33328085541092989, 0.000000000000000000, -3.106205588981305610 ) ) ;
#10922 = DIRECTION ( 'NONE',  ( 0.8660254037844407060, 0.000000000000000000, 0.4999999999999965583 ) ) ;
#10923 = LINE ( 'NONE', #3018, #11077 ) ;
#10924 = CARTESIAN_POINT ( 'NONE',  ( 2.923062017653520250, 53.58999999999999631, 13.92482235592524198 ) ) ;
#10925 = DIRECTION ( 'NONE',  ( -0.8660254037844407060, 0.000000000000000000, -0.4999999999999966138 ) ) ;
#10926 = ORIENTED_EDGE ( 'NONE', *, *, #154, .F. ) ;
#10927 = CC_DESIGN_PERSON_AND_ORGANIZATION_ASSIGNMENT ( #9393, #6865, ( #10459 ) ) ;
#10928 = EDGE_CURVE ( 'NONE', #2969, #7435, #7068, .T. ) ;
#10929 = CARTESIAN_POINT ( 'NONE',  ( -3.673062244983531954, 0.000000000000000000, -14.92482235592524198 ) ) ;
#10930 = EDGE_LOOP ( 'NONE', ( #8732, #8975, #2195, #10826 ) ) ;
#10931 = CARTESIAN_POINT ( 'NONE',  ( 8.819200360325368138, 5.500000000000000000, 14.92482235592523487 ) ) ;
#10932 = DIRECTION ( 'NONE',  ( 0.8660254037844404840, 0.000000000000000000, 0.4999999999999968359 ) ) ;
#10933 = ORIENTED_EDGE ( 'NONE', *, *, #9207, .F. ) ;
#10934 = CARTESIAN_POINT ( 'NONE',  ( 11.25123708785944388, 5.500000000000000000, -0.4999999999999954481 ) ) ;
#10935 = ORIENTED_EDGE ( 'NONE', *, *, #573, .T. ) ;
#10936 = EDGE_CURVE ( 'NONE', #3488, #4137, #5357, .T. ) ;
#10937 = ORIENTED_EDGE ( 'NONE', *, *, #1919, .T. ) ;
#10938 = ORIENTED_EDGE ( 'NONE', *, *, #7845, .T. ) ;
#10939 = CARTESIAN_POINT ( 'NONE',  ( -6.621131416319446572, 5.500000000000000000, 11.81861676694392926 ) ) ;
#10940 = PLANE ( 'NONE',  #3320 ) ;
#10941 = ORIENTED_EDGE ( 'NONE', *, *, #7866, .F. ) ;
#10942 = CARTESIAN_POINT ( 'NONE',  ( 7.953174956540929763, 0.000000000000000000, 15.42482235592523843 ) ) ;
#10943 = LINE ( 'NONE', #2345, #4101 ) ;
#10944 = DIRECTION ( 'NONE',  ( 0.8660254037844407060, 0.000000000000000000, 0.4999999999999966138 ) ) ;
#10945 = EDGE_CURVE ( 'NONE', #2657, #8101, #6323, .T. ) ;
#10946 = PLANE ( 'NONE',  #1666 ) ;
#10947 = FACE_BOUND ( 'NONE', #5091, .T. ) ;
#10948 = ORIENTED_EDGE ( 'NONE', *, *, #4580, .T. ) ;
#10949 = EDGE_CURVE ( 'NONE', #3634, #8892, #10622, .T. ) ;
#10950 = AXIS2_PLACEMENT_3D ( 'NONE', #5939, #7424, #7476 ) ;
#10951 = CARTESIAN_POINT ( 'NONE',  ( 7.953174956540927099, 53.58999999999999631, 14.42482235592523665 ) ) ;
#10952 = ORIENTED_EDGE ( 'NONE', *, *, #9207, .T. ) ;
#10953 = DIRECTION ( 'NONE',  ( -0.000000000000000000, 1.000000000000000000, -0.000000000000000000 ) ) ;
#10954 = ORIENTED_EDGE ( 'NONE', *, *, #204, .F. ) ;
#10955 = PLANE ( 'NONE',  #975 ) ;
#10956 = DIRECTION ( 'NONE',  ( -0.000000000000000000, 1.000000000000000000, -0.000000000000000000 ) ) ;
#10957 = EDGE_CURVE ( 'NONE', #1877, #6559, #3575, .T. ) ;
#10958 = DIRECTION ( 'NONE',  ( 0.4999999999999968359, 0.000000000000000000, -0.8660254037844404840 ) ) ;
#10959 = LINE ( 'NONE', #6602, #5153 ) ;
#10960 = ORIENTED_EDGE ( 'NONE', *, *, #5218, .T. ) ;
#10961 = LINE ( 'NONE', #3856, #10452 ) ;
#10962 = EDGE_CURVE ( 'NONE', #7523, #7677, #6206, .T. ) ;
#10963 = VECTOR ( 'NONE', #2298, 1000.000000000000000 ) ;
#10964 = EDGE_CURVE ( 'NONE', #1398, #5017, #4545, .T. ) ;
#10965 = ORIENTED_EDGE ( 'NONE', *, *, #11105, .T. ) ;
#10966 = CARTESIAN_POINT ( 'NONE',  ( 2.923062017653514921, 5.500000000000000000, -14.92482235592523487 ) ) ;
#10967 = ORIENTED_EDGE ( 'NONE', *, *, #10740, .F. ) ;
#10968 = DIRECTION ( 'NONE',  ( -3.330669073875469621E-15, 0.000000000000000000, -1.000000000000000000 ) ) ;
#10969 = ORIENTED_EDGE ( 'NONE', *, *, #2966, .T. ) ;
#10970 = ORIENTED_EDGE ( 'NONE', *, *, #1154, .T. ) ;
#10971 = DIRECTION ( 'NONE',  ( 1.000000000000000000, 0.000000000000000000, -3.663735981263016583E-15 ) ) ;
#10972 = CARTESIAN_POINT ( 'NONE',  ( 11.25123708785944920, 53.58999999999999631, -6.712411177962619213 ) ) ;
#10973 = ORIENTED_EDGE ( 'NONE', *, *, #880, .F. ) ;
#10974 = CARTESIAN_POINT ( 'NONE',  ( -12.86726271897389751, 0.000000000000000000, 13.42482235592524020 ) ) ;
#10975 = CARTESIAN_POINT ( 'NONE',  ( 0.000000000000000000, 0.000000000000000000, 12.59999999999999432 ) ) ;
#10976 = CARTESIAN_POINT ( 'NONE',  ( 8.819200360325359256, 0.000000000000000000, -13.92482235592524020 ) ) ;
#10977 = VECTOR ( 'NONE', #79, 999.9999999999998863 ) ;
#10978 = CARTESIAN_POINT ( 'NONE',  ( -12.00123731518945469, 5.500000000000000000, 3.997214997394178817E-14 ) ) ;
#10979 = LINE ( 'NONE', #2324, #5338 ) ;
#10980 = ORIENTED_EDGE ( 'NONE', *, *, #3263, .T. ) ;
#10981 = DIRECTION ( 'NONE',  ( -1.000000000000000000, 0.000000000000000000, 3.330669073875469621E-15 ) ) ;
#10982 = ORIENTED_EDGE ( 'NONE', *, *, #8883, .T. ) ;
#10983 = CARTESIAN_POINT ( 'NONE',  ( -16.00000000000000355, 53.58999999999999631, -0.000000000000000000 ) ) ;
#10984 = VECTOR ( 'NONE', #5438, 1000.000000000000114 ) ;
#10985 = DIRECTION ( 'NONE',  ( 0.5000000000000032196, 0.000000000000000000, 0.8660254037844368202 ) ) ;
#10986 = DIRECTION ( 'NONE',  ( -0.000000000000000000, -1.000000000000000000, -0.000000000000000000 ) ) ;
#10987 = ORIENTED_EDGE ( 'NONE', *, *, #494, .T. ) ;
#10988 = VECTOR ( 'NONE', #4695, 1000.000000000000000 ) ;
#10989 = EDGE_CURVE ( 'NONE', #7603, #6782, #7974, .T. ) ;
#10990 = VECTOR ( 'NONE', #6523, 1000.000000000000000 ) ;
#10991 = DIRECTION ( 'NONE',  ( 0.000000000000000000, 0.000000000000000000, -1.000000000000000000 ) ) ;
#10992 = ORIENTED_EDGE ( 'NONE', *, *, #3745, .F. ) ;
#10993 = LINE ( 'NONE', #3145, #4009 ) ;
#10994 = APPLICATION_PROTOCOL_DEFINITION ( 'international standard', 'config_control_design', 1994, #5906 ) ;
#10995 = ORIENTED_EDGE ( 'NONE', *, *, #5191, .F. ) ;
#10996 = LINE ( 'NONE', #10147, #7679 ) ;
#10998 = EDGE_CURVE ( 'NONE', #3808, #9300, #4672, .T. ) ;
#10997 = AXIS2_PLACEMENT_3D ( 'NONE', #1914, #8029, #8781 ) ;
#10999 = CARTESIAN_POINT ( 'NONE',  ( -7.837149780086489770, 5.500000000000000000, 14.92482235592523665 ) ) ;
#11000 = VECTOR ( 'NONE', #139, 1000.000000000000227 ) ;
#11001 = AXIS2_PLACEMENT_3D ( 'NONE', #10974, #3122, #10122 ) ;
#11002 = PLANE ( 'NONE',  #4799 ) ;
#11003 = LINE ( 'NONE', #5845, #3125 ) ;
#11004 = VERTEX_POINT ( 'NONE', #8951 ) ;
#11005 = EDGE_CURVE ( 'NONE', #10121, #355, #935, .T. ) ;
#11006 = VECTOR ( 'NONE', #5355, 1000.000000000000000 ) ;
#11007 = VECTOR ( 'NONE', #9682, 1000.000000000000000 ) ;
#11008 = VECTOR ( 'NONE', #495, 1000.000000000000000 ) ;
#11009 = MANIFOLD_SOLID_BREP ( '\X2\586b514596355217\X0\1[1]', #8364 ) ;
#11010 = DIRECTION ( 'NONE',  ( -1.000000000000000000, 0.000000000000000000, 3.330669073875469621E-15 ) ) ;
#11011 = ORIENTED_EDGE ( 'NONE', *, *, #10306, .F. ) ;
#11012 = DIRECTION ( 'NONE',  ( 0.000000000000000000, 0.000000000000000000, -1.000000000000000000 ) ) ;
#11013 = ORIENTED_EDGE ( 'NONE', *, *, #4344, .F. ) ;
#11014 = CARTESIAN_POINT ( 'NONE',  ( -12.00123731518945291, 53.58999999999999631, -13.92482235592524020 ) ) ;
#11015 = DIRECTION ( 'NONE',  ( -0.000000000000000000, 1.000000000000000000, -0.000000000000000000 ) ) ;
#11016 = CARTESIAN_POINT ( 'NONE',  ( -16.00000102328300855, 34.89320891234596900, -9.300000000000002487 ) ) ;
#11017 = ORIENTED_EDGE ( 'NONE', *, *, #3022, .F. ) ;
#11018 = AXIS2_PLACEMENT_3D ( 'NONE', #9734, #4462, #4518 ) ;
#11019 = VECTOR ( 'NONE', #10238, 1000.000000000000000 ) ;
#11020 = DIRECTION ( 'NONE',  ( -0.8660254037844368202, 0.000000000000000000, 0.5000000000000032196 ) ) ;
#11021 = AXIS2_PLACEMENT_3D ( 'NONE', #11081, #3228, #9133 ) ;
#11022 = ADVANCED_FACE ( 'NONE', ( #10517 ), #8093, .T. ) ;
#11023 = EDGE_LOOP ( 'NONE', ( #644, #1374, #8374, #2328 ) ) ;
#11024 = ADVANCED_FACE ( 'NONE', ( #1854 ), #7122, .T. ) ;
#11025 = CARTESIAN_POINT ( 'NONE',  ( 4.655112825222397888, 53.58999999999999631, 13.92482235592523487 ) ) ;
#11026 = ADVANCED_FACE ( 'NONE', ( #9650, #10739, #8896, #142, #996, #1048, #313, #6269 ), #1794, .T. ) ;
#11027 = AXIS2_PLACEMENT_3D ( 'NONE', #1037, #11300, #4535 ) ;
#11028 = EDGE_LOOP ( 'NONE', ( #2147, #4463 ) ) ;
#11029 = EDGE_CURVE ( 'NONE', #7867, #5340, #6374, .T. ) ;
#11030 = AXIS2_PLACEMENT_3D ( 'NONE', #429, #4088, #10914 ) ;
#11031 = FACE_OUTER_BOUND ( 'NONE', #3079, .T. ) ;
#11032 = ORIENTED_EDGE ( 'NONE', *, *, #7308, .F. ) ;
#11033 = EDGE_CURVE ( 'NONE', #7186, #10625, #5526, .T. ) ;
#11034 = ORIENTED_EDGE ( 'NONE', *, *, #5343, .F. ) ;
#11035 = CARTESIAN_POINT ( 'NONE',  ( -1.241025517449447113, 53.58999999999999631, -14.92482235592523487 ) ) ;
#11036 = DIRECTION ( 'NONE',  ( -1.000000000000000000, 0.000000000000000000, -0.000000000000000000 ) ) ;
#11037 = EDGE_LOOP ( 'NONE', ( #5075, #6931, #2297, #6776 ) ) ;
#11038 = LINE ( 'NONE', #6896, #5881 ) ;
#11039 = CARTESIAN_POINT ( 'NONE',  ( -13.73328812275833499, 0.000000000000000000, -0.4999999999999963363 ) ) ;
#11040 = LINE ( 'NONE', #3185, #7593 ) ;
#11041 = AXIS2_PLACEMENT_3D ( 'NONE', #5550, #10981, #3940 ) ;
#11042 = CARTESIAN_POINT ( 'NONE',  ( -1.241025517449447113, 53.58999999999999631, -14.92482235592523487 ) ) ;
#11043 = CARTESIAN_POINT ( 'NONE',  ( 7.953174956540914664, 0.000000000000000000, -15.42482235592523843 ) ) ;
#11044 = ORIENTED_EDGE ( 'NONE', *, *, #840, .F. ) ;
#11045 = CARTESIAN_POINT ( 'NONE',  ( 12.98328789542832595, 53.58999999999999631, -6.712411177962623654 ) ) ;
#11046 = AXIS2_PLACEMENT_3D ( 'NONE', #3012, #321, #5646 ) ;
#11047 = VERTEX_POINT ( 'NONE', #9244 ) ;
#11048 = CARTESIAN_POINT ( 'NONE',  ( -13.73328812275833144, 51.99940408041244666, 14.92482235592524376 ) ) ;
#11049 = FACE_OUTER_BOUND ( 'NONE', #683, .T. ) ;
#11050 = LINE ( 'NONE', #8394, #7895 ) ;
#11051 = ORIENTED_EDGE ( 'NONE', *, *, #3858, .T. ) ;
#11052 = VECTOR ( 'NONE', #2919, 1000.000000000000114 ) ;
#11053 = ORIENTED_EDGE ( 'NONE', *, *, #859, .T. ) ;
#11054 = ORIENTED_EDGE ( 'NONE', *, *, #6679, .T. ) ;
#11055 = DIRECTION ( 'NONE',  ( 3.330669073875469621E-15, 0.000000000000000000, 1.000000000000000000 ) ) ;
#11056 = DIRECTION ( 'NONE',  ( -0.8660254037844369313, 0.000000000000000000, 0.5000000000000029976 ) ) ;
#11057 = ORIENTED_EDGE ( 'NONE', *, *, #5298, .T. ) ;
#11058 = DIRECTION ( 'NONE',  ( 0.8660254037844404840, 0.000000000000000000, 0.4999999999999968359 ) ) ;
#11059 = EDGE_CURVE ( 'NONE', #1330, #4950, #2145, .T. ) ;
#11060 = FACE_BOUND ( 'NONE', #3242, .T. ) ;
#11061 = AXIS2_PLACEMENT_3D ( 'NONE', #7687, #2433, #4317 ) ;
#11062 = CARTESIAN_POINT ( 'NONE',  ( 9.169193320307963191, 53.58999999999999631, -10.31861676694392393 ) ) ;
#11063 = LINE ( 'NONE', #9281, #7868 ) ;
#11064 = VERTEX_POINT ( 'NONE', #9129 ) ;
#11065 = EDGE_CURVE ( 'NONE', #8925, #9542, #10912, .T. ) ;
#11066 = VECTOR ( 'NONE', #10956, 1000.000000000000000 ) ;
#11067 = CARTESIAN_POINT ( 'NONE',  ( -7.837149780086540396, 5.500000000000000000, 2.610295239986417929E-14 ) ) ;
#11068 = VERTEX_POINT ( 'NONE', #2307 ) ;
#11069 = DIRECTION ( 'NONE',  ( -3.330669073875469621E-15, 0.000000000000000000, -1.000000000000000000 ) ) ;
#11070 = ORIENTED_EDGE ( 'NONE', *, *, #2064, .T. ) ;
#11071 = EDGE_CURVE ( 'NONE', #7867, #2021, #10961, .T. ) ;
#11072 = DIRECTION ( 'NONE',  ( 3.330669073875469621E-15, 0.000000000000000000, 1.000000000000000000 ) ) ;
#11073 = LINE ( 'NONE', #10267, #3020 ) ;
#11074 = FACE_OUTER_BOUND ( 'NONE', #8193, .T. ) ;
#11075 = LINE ( 'NONE', #10269, #401 ) ;
#11076 = ORIENTED_EDGE ( 'NONE', *, *, #8646, .T. ) ;
#11077 = VECTOR ( 'NONE', #9144, 1000.000000000000000 ) ;
#11078 = CARTESIAN_POINT ( 'NONE',  ( -14.94930648652537819, 5.500000000000000000, -4.606205588981309162 ) ) ;
#11079 = ADVANCED_FACE ( 'NONE', ( #1337 ), #1391, .T. ) ;
#11080 = VERTEX_POINT ( 'NONE', #8424 ) ;
#11081 = CARTESIAN_POINT ( 'NONE',  ( 0.000000000000000000, 53.58999999999999631, 0.000000000000000000 ) ) ;
#11082 = VERTEX_POINT ( 'NONE', #4777 ) ;
#11083 = CARTESIAN_POINT ( 'NONE',  ( 17.15000000000000213, 52.28232689208745398, -18.50000000000000355 ) ) ;
#11084 = VERTEX_POINT ( 'NONE', #3170 ) ;
#11085 = ORIENTED_EDGE ( 'NONE', *, *, #2713, .F. ) ;
#11086 = LINE ( 'NONE', #10220, #9769 ) ;
#11087 = CARTESIAN_POINT ( 'NONE',  ( 8.819200360325405441, 5.500000000000000000, -2.937383789644722809E-14 ) ) ;
#11088 = ORIENTED_EDGE ( 'NONE', *, *, #8060, .T. ) ;
#11089 = LINE ( 'NONE', #4261, #9174 ) ;
#11090 = CARTESIAN_POINT ( 'NONE',  ( 15.06533166297980486, 53.58999999999999631, -4.106205588981311827 ) ) ;
#11091 = DIRECTION ( 'NONE',  ( 0.8660254037844407060, 0.000000000000000000, 0.4999999999999965583 ) ) ;
#11092 = EDGE_CURVE ( 'NONE', #2187, #5668, #481, .T. ) ;
#11093 = LINE ( 'NONE', #8230, #4957 ) ;
#11094 = EDGE_CURVE ( 'NONE', #806, #8493, #8320, .T. ) ;
#11095 = EDGE_CURVE ( 'NONE', #9018, #6641, #6604, .T. ) ;
#11096 = CARTESIAN_POINT ( 'NONE',  ( 13.33328085541094055, 5.500000000000000000, -4.884962081825439934E-14 ) ) ;
#11097 = LINE ( 'NONE', #8283, #2411 ) ;
#11098 = ORIENTED_EDGE ( 'NONE', *, *, #1709, .F. ) ;
#11099 = ORIENTED_EDGE ( 'NONE', *, *, #951, .T. ) ;
#11100 = CARTESIAN_POINT ( 'NONE',  ( 15.06533166297980486, 0.000000000000000000, -4.106205588981311827 ) ) ;
#11101 = FACE_OUTER_BOUND ( 'NONE', #4487, .T. ) ;
#11102 = ADVANCED_FACE ( 'NONE', ( #5805 ), #2255, .T. ) ;
#11103 = DIRECTION ( 'NONE',  ( 1.000000000000000000, 0.000000000000000000, -3.663735981263016583E-15 ) ) ;
#11104 = ORIENTED_EDGE ( 'NONE', *, *, #917, .F. ) ;
#11105 = EDGE_CURVE ( 'NONE', #10691, #7669, #7462, .T. ) ;
#11106 = ORIENTED_EDGE ( 'NONE', *, *, #10438, .T. ) ;
#11107 = EDGE_CURVE ( 'NONE', #7351, #2747, #10107, .T. ) ;
#11108 = EDGE_LOOP ( 'NONE', ( #10725, #3033, #2132, #8122 ) ) ;
#11109 = DIRECTION ( 'NONE',  ( -0.000000000000000000, 1.000000000000000000, -0.000000000000000000 ) ) ;
#11110 = LINE ( 'NONE', #4225, #10490 ) ;
#11111 = VERTEX_POINT ( 'NONE', #5641 ) ;
#11112 = DIRECTION ( 'NONE',  ( -0.5000000000000029976, 0.000000000000000000, -0.8660254037844369313 ) ) ;
#11113 = FACE_BOUND ( 'NONE', #4630, .T. ) ;
#11114 = CARTESIAN_POINT ( 'NONE',  ( -5.731872149187236865, 5.500000000000000000, -9.927893784881227646 ) ) ;
#11115 = DIRECTION ( 'NONE',  ( -3.663735981263016583E-15, -0.000000000000000000, -1.000000000000000000 ) ) ;
#11116 = ORIENTED_EDGE ( 'NONE', *, *, #9919, .F. ) ;
#11117 = EDGE_CURVE ( 'NONE', #1418, #5985, #9077, .T. ) ;
#11118 = LINE ( 'NONE', #3268, #5471 ) ;
#11119 = ORIENTED_EDGE ( 'NONE', *, *, #5080, .T. ) ;
#11120 = CARTESIAN_POINT ( 'NONE',  ( 8.819200360325355703, 53.58999999999999631, -14.92482235592524198 ) ) ;
#11121 = AXIS2_PLACEMENT_3D ( 'NONE', #9616, #3588, #9564 ) ;
#11122 = ORIENTED_EDGE ( 'NONE', *, *, #2957, .F. ) ;
#11123 = LINE ( 'NONE', #11181, #9962 ) ;
#11124 = CARTESIAN_POINT ( 'NONE',  ( -10.78521895142241505, 53.58999999999999631, -11.81861676694392926 ) ) ;
#11125 = CARTESIAN_POINT ( 'NONE',  ( -16.58282983977096947, 67.84000000000000341, 18.49999999999999645 ) ) ;
#11126 = LINE ( 'NONE', #5803, #6979 ) ;
#11127 = ORIENTED_EDGE ( 'NONE', *, *, #5835, .F. ) ;
#11128 = CARTESIAN_POINT ( 'NONE',  ( 7.953174956540923546, 53.58999999999999631, 13.42482235592523665 ) ) ;
#11129 = EDGE_CURVE ( 'NONE', #4086, #4196, #2087, .T. ) ;
#11130 = EDGE_LOOP ( 'NONE', ( #443, #10207, #3100, #7359 ) ) ;
#11131 = DIRECTION ( 'NONE',  ( 1.000000000000000000, 0.000000000000000000, -3.663735981263016583E-15 ) ) ;
#11132 = EDGE_LOOP ( 'NONE', ( #7769, #5225, #11013, #6814 ) ) ;
#11133 = CARTESIAN_POINT ( 'NONE',  ( -12.00123731518945291, 5.500000000000000000, -6.712411177962621878 ) ) ;
#11134 = ORIENTED_EDGE ( 'NONE', *, *, #4851, .F. ) ;
#11135 = ORIENTED_EDGE ( 'NONE', *, *, #118, .T. ) ;
#11136 = CARTESIAN_POINT ( 'NONE',  ( -3.673062244983527069, 0.000000000000000000, 14.92482235592523665 ) ) ;
#11137 = LINE ( 'NONE', #9478, #8309 ) ;
#11138 = ORIENTED_EDGE ( 'NONE', *, *, #10818, .F. ) ;
#11139 = DIRECTION ( 'NONE',  ( 0.000000000000000000, 0.000000000000000000, -1.000000000000000000 ) ) ;
#11140 = VECTOR ( 'NONE', #5373, 1000.000000000000114 ) ;
#11141 = DIRECTION ( 'NONE',  ( -0.000000000000000000, 1.000000000000000000, -0.000000000000000000 ) ) ;
#11142 = DIRECTION ( 'NONE',  ( 0.000000000000000000, 0.000000000000000000, -1.000000000000000000 ) ) ;
#11143 = EDGE_CURVE ( 'NONE', #7574, #4126, #10793, .T. ) ;
#11144 = ORIENTED_EDGE ( 'NONE', *, *, #1705, .F. ) ;
#11145 = DIRECTION ( 'NONE',  ( 1.000000000000000000, 0.000000000000000000, -3.663735981263016583E-15 ) ) ;
#11146 = EDGE_CURVE ( 'NONE', #7072, #6746, #9945, .T. ) ;
#11147 = VECTOR ( 'NONE', #4699, 1000.000000000000000 ) ;
#11148 = CARTESIAN_POINT ( 'NONE',  ( 17.15000000000000213, 67.84000000000000341, -7.100000000000002309 ) ) ;
#11149 = DIRECTION ( 'NONE',  ( 0.000000000000000000, 0.000000000000000000, -1.000000000000000000 ) ) ;
#11150 = ORIENTED_EDGE ( 'NONE', *, *, #3537, .T. ) ;
#11151 = ADVANCED_FACE ( 'NONE', ( #5587 ), #1223, .T. ) ;
#11152 = CARTESIAN_POINT ( 'NONE',  ( -7.837149780086489770, 53.58999999999999631, 14.92482235592523665 ) ) ;
#11153 = EDGE_LOOP ( 'NONE', ( #5042, #9658, #9171, #9162 ) ) ;
#11154 = CARTESIAN_POINT ( 'NONE',  ( 17.15000000000000568, 53.58999999999999631, 7.099999999999995204 ) ) ;
#11155 = CARTESIAN_POINT ( 'NONE',  ( 0.4910252901194339659, 0.000000000000000000, -13.92482235592524020 ) ) ;
#11156 = EDGE_CURVE ( 'NONE', #456, #2583, #7354, .T. ) ;
#11157 = LINE ( 'NONE', #9384, #4237 ) ;
#11158 = AXIS2_PLACEMENT_3D ( 'NONE', #3953, #8124, #10080 ) ;
#11159 = EDGE_LOOP ( 'NONE', ( #7869, #2875, #9449, #2683 ) ) ;
#11160 = ORIENTED_EDGE ( 'NONE', *, *, #7425, .T. ) ;
#11161 = EDGE_LOOP ( 'NONE', ( #5347, #4871, #9726, #411 ) ) ;
#11162 = ADVANCED_FACE ( 'NONE', ( #10050 ), #2196, .T. ) ;
#11163 = AXIS2_PLACEMENT_3D ( 'NONE', #9641, #5927, #3347 ) ;
#11164 = EDGE_CURVE ( 'NONE', #816, #3404, #4135, .T. ) ;
#11165 = CARTESIAN_POINT ( 'NONE',  ( -8.703175183870927256, 53.58999999999999631, 15.42482235592523843 ) ) ;
#11166 = CARTESIAN_POINT ( 'NONE',  ( -1.241025517449443338, 0.000000000000000000, -13.92482235592523310 ) ) ;
#11167 = ORIENTED_EDGE ( 'NONE', *, *, #8187, .T. ) ;
#11168 = ADVANCED_FACE ( 'NONE', ( #8599 ), #11246, .T. ) ;
#11169 = CARTESIAN_POINT ( 'NONE',  ( 0.3392626734759610074, 5.500000000000000000, 0.5876201875720098444 ) ) ;
#11170 = FACE_OUTER_BOUND ( 'NONE', #9575, .T. ) ;
#11171 = DIRECTION ( 'NONE',  ( -3.663735981263016583E-15, -0.000000000000000000, -1.000000000000000000 ) ) ;
#11172 = LINE ( 'NONE', #2464, #5133 ) ;
#11173 = ORIENTED_EDGE ( 'NONE', *, *, #5676, .F. ) ;
#11174 = VECTOR ( 'NONE', #5791, 1000.000000000000000 ) ;
#11175 = AXIS2_PLACEMENT_3D ( 'NONE', #1275, #8200, #365 ) ;
#11176 = CARTESIAN_POINT ( 'NONE',  ( 7.953174956540923546, 53.58999999999999631, 13.42482235592523665 ) ) ;
#11177 = VERTEX_POINT ( 'NONE', #6766 ) ;
#11178 = FACE_OUTER_BOUND ( 'NONE', #3562, .T. ) ;
#11179 = VECTOR ( 'NONE', #10071, 1000.000000000000000 ) ;
#11180 = ORIENTED_EDGE ( 'NONE', *, *, #1819, .F. ) ;
#11181 = CARTESIAN_POINT ( 'NONE',  ( -0.3750001136650029654, 53.58999999999999631, -13.42482235592523665 ) ) ;
#11182 = FACE_OUTER_BOUND ( 'NONE', #3831, .T. ) ;
#11183 = DIRECTION ( 'NONE',  ( -0.000000000000000000, 0.000000000000000000, 1.000000000000000000 ) ) ;
#11184 = DIRECTION ( 'NONE',  ( 1.000000000000000000, 0.000000000000000000, -3.663735981263016583E-15 ) ) ;
#11185 = ORIENTED_EDGE ( 'NONE', *, *, #7346, .T. ) ;
#11186 = DIRECTION ( 'NONE',  ( -3.330669073875469621E-15, 0.000000000000000000, -1.000000000000000000 ) ) ;
#11187 = VECTOR ( 'NONE', #10102, 999.9999999999998863 ) ;
#11188 = AXIS2_PLACEMENT_3D ( 'NONE', #8381, #4035, #3183 ) ;
#11189 = ORIENTED_EDGE ( 'NONE', *, *, #10455, .F. ) ;
#11190 = LINE ( 'NONE', #6834, #6075 ) ;
#11191 = ORIENTED_EDGE ( 'NONE', *, *, #1229, .T. ) ;
#11192 = LINE ( 'NONE', #9532, #6028 ) ;
#11193 = VERTEX_POINT ( 'NONE', #2422 ) ;
#11194 = VERTEX_POINT ( 'NONE', #1502 ) ;
#11195 = DIRECTION ( 'NONE',  ( -0.8660254037844407060, 0.000000000000000000, -0.4999999999999966138 ) ) ;
#11196 = VECTOR ( 'NONE', #10103, 1000.000000000000000 ) ;
#11197 = CARTESIAN_POINT ( 'NONE',  ( -1.241025517449438009, 53.58999999999999631, 14.92482235592524198 ) ) ;
#11198 = AXIS2_PLACEMENT_3D ( 'NONE', #5096, #3323, #5903 ) ;
#11199 = ORIENTED_EDGE ( 'NONE', *, *, #8841, .F. ) ;
#11200 = DIRECTION ( 'NONE',  ( 0.8660254037844369313, 0.000000000000000000, -0.5000000000000029976 ) ) ;
#11201 = VECTOR ( 'NONE', #3692, 1000.000000000000227 ) ;
#11202 = DIRECTION ( 'NONE',  ( 0.8660254037844369313, 0.000000000000000000, -0.5000000000000029976 ) ) ;
#11203 = CARTESIAN_POINT ( 'NONE',  ( 0.4910252901193895014, 5.500000000000000000, -1.635442748291380827E-15 ) ) ;
#11204 = EDGE_CURVE ( 'NONE', #4572, #1631, #5921, .T. ) ;
#11205 = ORIENTED_EDGE ( 'NONE', *, *, #2184, .T. ) ;
#11206 = PLANE ( 'NONE',  #567 ) ;
#11207 = AXIS2_PLACEMENT_3D ( 'NONE', #723, #11103, #4216 ) ;
#11208 = EDGE_CURVE ( 'NONE', #11082, #1518, #6714, .T. ) ;
#11209 = VECTOR ( 'NONE', #793, 1000.000000000000000 ) ;
#11210 = DIRECTION ( 'NONE',  ( 0.8660254037844368202, 0.000000000000000000, -0.5000000000000032196 ) ) ;
#11211 = FACE_OUTER_BOUND ( 'NONE', #2617, .T. ) ;
#11212 = EDGE_LOOP ( 'NONE', ( #11127, #2557, #5928, #10938 ) ) ;
#11213 = CARTESIAN_POINT ( 'NONE',  ( -11.65124435520685253, 0.000000000000000000, -11.31861676694392571 ) ) ;
#11214 = ORIENTED_EDGE ( 'NONE', *, *, #10372, .F. ) ;
#11215 = DIRECTION ( 'NONE',  ( 0.4999999999999968359, 0.000000000000000000, -0.8660254037844404840 ) ) ;
#11216 = DIRECTION ( 'NONE',  ( -0.000000000000000000, 1.000000000000000000, -0.000000000000000000 ) ) ;
#11217 = EDGE_CURVE ( 'NONE', #11270, #8473, #2481, .T. ) ;
#11218 = VECTOR ( 'NONE', #6492, 1000.000000000000000 ) ;
#11219 = CARTESIAN_POINT ( 'NONE',  ( -7.837149780086489770, 0.000000000000000000, 14.92482235592523665 ) ) ;
#11220 = ORIENTED_EDGE ( 'NONE', *, *, #2662, .F. ) ;
#11221 = ORIENTED_EDGE ( 'NONE', *, *, #6554, .F. ) ;
#11222 = EDGE_CURVE ( 'NONE', #1310, #1912, #3395, .T. ) ;
#11223 = AXIS2_PLACEMENT_3D ( 'NONE', #2556, #5197, #1863 ) ;
#11224 = VERTEX_POINT ( 'NONE', #7624 ) ;
#11225 = LINE ( 'NONE', #6862, #7309 ) ;
#11226 = CARTESIAN_POINT ( 'NONE',  ( 12.11726249164389557, 53.58999999999999631, 15.42482235592523843 ) ) ;
#11227 = CARTESIAN_POINT ( 'NONE',  ( -4.539087648767970329, 53.58999999999999631, 13.42482235592524020 ) ) ;
#11228 = CARTESIAN_POINT ( 'NONE',  ( 8.819200360325359256, 0.000000000000000000, -13.92482235592524020 ) ) ;
#11229 = CARTESIAN_POINT ( 'NONE',  ( 5.005105785205000934, 0.000000000000000000, 10.31861676694393282 ) ) ;
#11230 = CARTESIAN_POINT ( 'NONE',  ( -7.487156820103886723, 5.500000000000000000, -10.31861676694392393 ) ) ;
#11231 = ORIENTED_EDGE ( 'NONE', *, *, #2378, .F. ) ;
#11232 = VECTOR ( 'NONE', #2949, 1000.000000000000000 ) ;
#11233 = EDGE_CURVE ( 'NONE', #835, #5768, #4187, .T. ) ;
#11234 = EDGE_CURVE ( 'NONE', #9445, #9009, #5110, .T. ) ;
#11235 = EDGE_CURVE ( 'NONE', #1772, #5827, #3341, .T. ) ;
#11236 = ADVANCED_FACE ( 'NONE', ( #4249 ), #7742, .T. ) ;
#11237 = CARTESIAN_POINT ( 'NONE',  ( 11.25123708785945098, 0.000000000000000000, 7.712411177962621878 ) ) ;
#11238 = VECTOR ( 'NONE', #1097, 1000.000000000000000 ) ;
#11239 = EDGE_LOOP ( 'NONE', ( #7325, #1047, #7126, #5495 ) ) ;
#11240 = LINE ( 'NONE', #2522, #8595 ) ;
#11241 = VERTEX_POINT ( 'NONE', #2529 ) ;
#11242 = PLANE ( 'NONE',  #4280 ) ;
#11243 = CARTESIAN_POINT ( 'NONE',  ( -20.95100000000000406, 59.69999999999997442, -10.25000000000000000 ) ) ;
#11244 = LINE ( 'NONE', #1438, #6238 ) ;
#11245 = ORIENTED_EDGE ( 'NONE', *, *, #5882, .T. ) ;
#11246 = PLANE ( 'NONE',  #7329 ) ;
#11247 = VECTOR ( 'NONE', #6261, 1000.000000000000000 ) ;
#11248 = EDGE_CURVE ( 'NONE', #4859, #10203, #9524, .T. ) ;
#11249 = ORIENTED_EDGE ( 'NONE', *, *, #4632, .T. ) ;
#11250 = CARTESIAN_POINT ( 'NONE',  ( 16.07397769983998614, 52.28232689208745398, -10.73627470604571066 ) ) ;
#11251 = EDGE_CURVE ( 'NONE', #10604, #4761, #4306, .T. ) ;
#11252 = ORIENTED_EDGE ( 'NONE', *, *, #6325, .T. ) ;
#11253 = FACE_OUTER_BOUND ( 'NONE', #5284, .T. ) ;
#11254 = VERTEX_POINT ( 'NONE', #11078 ) ;
#11255 = EDGE_LOOP ( 'NONE', ( #4112, #5692, #7402, #7967 ) ) ;
#11256 = CARTESIAN_POINT ( 'NONE',  ( 14.19930625919537093, 0.000000000000000000, -2.606205588981308274 ) ) ;
#11257 = DIRECTION ( 'NONE',  ( -0.000000000000000000, 1.000000000000000000, -0.000000000000000000 ) ) ;
#11258 = AXIS2_PLACEMENT_3D ( 'NONE', #2417, #6761, #9347 ) ;
#11259 = ORIENTED_EDGE ( 'NONE', *, *, #6476, .T. ) ;
#11260 = LINE ( 'NONE', #10346, #4791 ) ;
#11261 = DIRECTION ( 'NONE',  ( 1.000000000000000000, 0.000000000000000000, -3.663735981263016583E-15 ) ) ;
#11262 = FACE_OUTER_BOUND ( 'NONE', #8888, .T. ) ;
#11263 = ORIENTED_EDGE ( 'NONE', *, *, #8544, .T. ) ;
#11264 = CARTESIAN_POINT ( 'NONE',  ( -0.3750001136650029654, 0.000000000000000000, -13.42482235592523665 ) ) ;
#11265 = VECTOR ( 'NONE', #9891, 1000.000000000000000 ) ;
#11266 = CARTESIAN_POINT ( 'NONE',  ( 12.11726249164388491, 0.000000000000000000, 6.212411177962618325 ) ) ;
#11267 = DIRECTION ( 'NONE',  ( -0.8660254037844404840, 0.000000000000000000, -0.4999999999999968359 ) ) ;
#11268 = ORIENTED_EDGE ( 'NONE', *, *, #51, .T. ) ;
#11269 = DIRECTION ( 'NONE',  ( 0.8660254037844369313, 0.000000000000000000, -0.5000000000000029976 ) ) ;
#11270 = VERTEX_POINT ( 'NONE', #3224 ) ;
#11271 = LINE ( 'NONE', #7707, #3859 ) ;
#11272 = CARTESIAN_POINT ( 'NONE',  ( 12.98328789542832240, 53.58999999999999631, -13.92482235592524020 ) ) ;
#11273 = CARTESIAN_POINT ( 'NONE',  ( 15.06533166297980841, 53.58999999999999631, -3.106205588981311383 ) ) ;
#11274 = ORIENTED_EDGE ( 'NONE', *, *, #11129, .T. ) ;
#11275 = CARTESIAN_POINT ( 'NONE',  ( 4.655112825222397888, 53.58999999999999631, 13.92482235592523487 ) ) ;
#11276 = EDGE_CURVE ( 'NONE', #6377, #4119, #10213, .T. ) ;
#11277 = VERTEX_POINT ( 'NONE', #11128 ) ;
#11278 = CARTESIAN_POINT ( 'NONE',  ( -12.00123731518945647, 53.58999999999999631, -0.5000000000000029976 ) ) ;
#11279 = CARTESIAN_POINT ( 'NONE',  ( -8.854937800514374402, 5.500000000000000000, 15.33720216835322603 ) ) ;
#11280 = DIRECTION ( 'NONE',  ( 0.5000000000000032196, 0.000000000000000000, 0.8660254037844368202 ) ) ;
#11281 = CARTESIAN_POINT ( 'NONE',  ( -1.742781094075464443, 5.500000000000000000, 3.018585401409207503 ) ) ;
#11282 = LINE ( 'NONE', #5157, #5898 ) ;
#11283 = DIRECTION ( 'NONE',  ( 0.000000000000000000, 0.000000000000000000, 1.000000000000000000 ) ) ;
#11284 = EDGE_CURVE ( 'NONE', #7206, #7191, #8401, .T. ) ;
#11285 = ORIENTED_EDGE ( 'NONE', *, *, #6038, .F. ) ;
#11286 = ORIENTED_EDGE ( 'NONE', *, *, #6817, .T. ) ;
#11287 = CARTESIAN_POINT ( 'NONE',  ( 7.953174956540921769, 53.58999999999999631, -13.42482235592523665 ) ) ;
#11288 = ORIENTED_EDGE ( 'NONE', *, *, #3244, .T. ) ;
#11289 = EDGE_CURVE ( 'NONE', #9971, #1758, #4918, .T. ) ;
#11290 = FACE_OUTER_BOUND ( 'NONE', #2504, .T. ) ;
#11291 = EDGE_LOOP ( 'NONE', ( #9154, #8735, #6333, #3024, #6212, #10678 ) ) ;
#11292 = PLANE ( 'NONE',  #8477 ) ;
#11293 = EDGE_CURVE ( 'NONE', #5667, #1145, #10891, .T. ) ;
#11294 = LINE ( 'NONE', #5277, #9549 ) ;
#11295 = FACE_OUTER_BOUND ( 'NONE', #6053, .T. ) ;
#11296 = EDGE_LOOP ( 'NONE', ( #10768, #4424, #5391, #3525 ) ) ;
#11297 = ORIENTED_EDGE ( 'NONE', *, *, #5128, .F. ) ;
#11298 = CARTESIAN_POINT ( 'NONE',  ( -7.837149780086493323, 53.58999999999999631, 13.92482235592523487 ) ) ;
#11299 = ORIENTED_EDGE ( 'NONE', *, *, #3191, .F. ) ;
#11300 = DIRECTION ( 'NONE',  ( -0.5000000000000029976, 0.000000000000000000, -0.8660254037844369313 ) ) ;
#11301 = EDGE_CURVE ( 'NONE', #3631, #4221, #3954, .T. ) ;
#11302 = DIRECTION ( 'NONE',  ( -0.8660254037844369313, 0.000000000000000000, 0.5000000000000029976 ) ) ;
#11303 = EDGE_CURVE ( 'NONE', #8377, #10472, #9328, .T. ) ;
#11304 = ORIENTED_EDGE ( 'NONE', *, *, #8702, .F. ) ;
#11305 = VERTEX_POINT ( 'NONE', #9225 ) ;
#11306 = CARTESIAN_POINT ( 'NONE',  ( -14.43075409886694871, 51.99940408041244666, 16.32750452498216021 ) ) ;
#11307 = LINE ( 'NONE', #10448, #2102 ) ;
#11308 = ORIENTED_EDGE ( 'NONE', *, *, #6742, .F. ) ;
#11309 = ADVANCED_FACE ( 'NONE', ( #7440 ), #10940, .T. ) ;
#11310 = DIRECTION ( 'NONE',  ( -0.000000000000000000, -1.000000000000000000, -0.000000000000000000 ) ) ;
#11311 = PLANE ( 'NONE',  #4336 ) ;
#11312 = ORIENTED_EDGE ( 'NONE', *, *, #3591, .F. ) ;
#11313 = CARTESIAN_POINT ( 'NONE',  ( -13.73328812275833499, 53.58999999999999631, -0.4999999999999963363 ) ) ;
#11314 = PLANE ( 'NONE',  #7830 ) ;
#11315 = CARTESIAN_POINT ( 'NONE',  ( -6.999998126900004891, 0.000000000000000000, -1.550000000000002931 ) ) ;
#11316 = ORIENTED_EDGE ( 'NONE', *, *, #463, .T. ) ;
#11317 = VECTOR ( 'NONE', #7203, 1000.000000000000000 ) ;
#11318 = PLANE ( 'NONE',  #4450 ) ;
#11319 = VERTEX_POINT ( 'NONE', #625 ) ;
#11320 = DIRECTION ( 'NONE',  ( -0.8660254037844404840, -0.000000000000000000, -0.4999999999999968359 ) ) ;
#11321 = PLANE ( 'NONE',  #10531 ) ;
#11322 = CARTESIAN_POINT ( 'NONE',  ( -11.65124435520685253, 5.500000000000000000, -11.31861676694392571 ) ) ;
#11323 = ORIENTED_EDGE ( 'NONE', *, *, #10539, .T. ) ;
#11324 = CIRCLE ( 'NONE', #708, 1.550000000000000266 ) ;
#11325 = CARTESIAN_POINT ( 'NONE',  ( 0.000000000000000000, 5.499999999999998224, 11.20031366318018584 ) ) ;
#11326 = ORIENTED_EDGE ( 'NONE', *, *, #7448, .F. ) ;
#11327 = DIRECTION ( 'NONE',  ( 0.000000000000000000, -1.000000000000000000, 0.000000000000000000 ) ) ;
#11328 = DIRECTION ( 'NONE',  ( 1.000000000000000000, 0.000000000000000000, -3.663735981263016583E-15 ) ) ;
#11329 = PLANE ( 'NONE',  #8042 ) ;
#11330 = VECTOR ( 'NONE', #11055, 1000.000000000000000 ) ;
#11331 = PLANE ( 'NONE',  #4250 ) ;
#11332 = CARTESIAN_POINT ( 'NONE',  ( 12.11726249164387781, 0.000000000000000000, -15.42482235592523843 ) ) ;
#11333 = LINE ( 'NONE', #2682, #9002 ) ;
#11334 = EDGE_CURVE ( 'NONE', #3574, #221, #10145, .T. ) ;
#11335 = ORIENTED_EDGE ( 'NONE', *, *, #1740, .T. ) ;
#11336 = AXIS2_PLACEMENT_3D ( 'NONE', #3508, #4193, #7852 ) ;
#11337 = EDGE_LOOP ( 'NONE', ( #6789, #3683, #6134, #484, #915, #2695 ) ) ;
ENDSEC;
END-ISO-10303-21;
