ISO-10303-21;
HEADER;
FILE_DESCRIPTION (( 'STEP AP214' ),
    '1' );
FILE_NAME ('gello_teleop_flexiv_l4.STEP',
    '2025-10-14T12:18:49',
    ( 'Windows User' ),
    ( '' ),
    'SwSTEP 2.0',
    'SolidWorks 2025',
    '' );
FILE_SCHEMA (( 'AUTOMOTIVE_DESIGN' ));
ENDSEC;

DATA;
#1 = VERTEX_POINT ( 'NONE', #2125 ) ;
#2 = ORIENTED_EDGE ( 'NONE', *, *, #4398, .T. ) ;
#3 = EDGE_CURVE ( 'NONE', #2204, #2986, #246, .T. ) ;
#4 = VECTOR ( 'NONE', #4134, 1000.000000000000227 ) ;
#5 = ADVANCED_FACE ( 'NONE', ( #4691 ), #578, .T. ) ;
#6 = VERTEX_POINT ( 'NONE', #1332 ) ;
#7 = ORIENTED_EDGE ( 'NONE', *, *, #996, .T. ) ;
#8 = VECTOR ( 'NONE', #1405, 1000.000000000000227 ) ;
#9 = AXIS2_PLACEMENT_3D ( 'NONE', #482, #1988, #3501 ) ;
#10 = CYLINDRICAL_SURFACE ( 'NONE', #4732, 0.9999999999999991118 ) ;
#11 = DIRECTION ( 'NONE',  ( 1.000000000000000000, 0.000000000000000000, 0.000000000000000000 ) ) ;
#12 = CARTESIAN_POINT ( 'NONE',  ( -1.983849072060328345, 93.88465243608212063, 28.77538651046046425 ) ) ;
#13 = AXIS2_PLACEMENT_3D ( 'NONE', #3979, #3612, #2777 ) ;
#14 = ORIENTED_EDGE ( 'NONE', *, *, #156, .T. ) ;
#15 = ORIENTED_EDGE ( 'NONE', *, *, #2562, .F. ) ;
#16 = CARTESIAN_POINT ( 'NONE',  ( -27.02932183081542306, -29.06326513399116607, 34.47824667424355738 ) ) ;
#17 = VECTOR ( 'NONE', #2200, 1000.000000000000114 ) ;
#18 = VECTOR ( 'NONE', #3603, 1000.000000000000000 ) ;
#19 = LINE ( 'NONE', #1527, #1369 ) ;
#20 = CARTESIAN_POINT ( 'NONE',  ( -9.975241788773896445, 18.68429699879670380, 50.00000000000000000 ) ) ;
#21 = DIRECTION ( 'NONE',  ( 0.7893721918334588583, 0.000000000000000000, 0.6139149312079331677 ) ) ;
#22 = EDGE_LOOP ( 'NONE', ( #1341, #2003, #593 ) ) ;
#23 = AXIS2_PLACEMENT_3D ( 'NONE', #3888, #507, #1660 ) ;
#24 = DIRECTION ( 'NONE',  ( 0.9999973318757247043, 0.002310030612744635656, -2.631734339882123007E-10 ) ) ;
#25 = EDGE_CURVE ( 'NONE', #715, #2991, #4342, .T. ) ;
#26 = PLANE ( 'NONE',  #3881 ) ;
#27 = AXIS2_PLACEMENT_3D ( 'NONE', #4726, #3607, #648 ) ;
#28 = CARTESIAN_POINT ( 'NONE',  ( -28.31323125302392540, 93.83813496533004184, 63.12688919022983924 ) ) ;
#29 = ORIENTED_EDGE ( 'NONE', *, *, #3652, .F. ) ;
#30 = ORIENTED_EDGE ( 'NONE', *, *, #4357, .T. ) ;
#31 = EDGE_CURVE ( 'NONE', #3001, #2324, #3484, .T. ) ;
#32 = EDGE_LOOP ( 'NONE', ( #2980, #1199, #1894, #3246 ) ) ;
#33 = ORIENTED_EDGE ( 'NONE', *, *, #3374, .F. ) ;
#34 = DIRECTION ( 'NONE',  ( 1.000000000000000000, 0.000000000000000000, 0.000000000000000000 ) ) ;
#35 = DIRECTION ( 'NONE',  ( 0.002310030612744635656, -0.9999973318757245933, 0.000000000000000000 ) ) ;
#36 = DIRECTION ( 'NONE',  ( -0.002310030612746873883, 0.9999973318757247043, 0.000000000000000000 ) ) ;
#37 = VERTEX_POINT ( 'NONE', #3660 ) ;
#38 = EDGE_LOOP ( 'NONE', ( #4572, #2665 ) ) ;
#39 = DIRECTION ( 'NONE',  ( -0.002310030612744635656, 0.9999973318757245933, 1.314654392323781413E-16 ) ) ;
#40 = LINE ( 'NONE', #1550, #1209 ) ;
#41 = DIRECTION ( 'NONE',  ( -0.000000000000000000, -0.000000000000000000, -1.000000000000000000 ) ) ;
#42 = LINE ( 'NONE', #1156, #1666 ) ;
#43 = EDGE_CURVE ( 'NONE', #2595, #4847, #1780, .T. ) ;
#44 = ORIENTED_EDGE ( 'NONE', *, *, #3799, .T. ) ;
#45 = FACE_BOUND ( 'NONE', #1809, .T. ) ;
#46 = CARTESIAN_POINT ( 'NONE',  ( -1.004817083788372756, 94.55417496838661862, 62.76666699981929298 ) ) ;
#47 = CARTESIAN_POINT ( 'NONE',  ( -19.46471105152138747, 75.51066902416856408, 47.34166692749962380 ) ) ;
#48 = DIRECTION ( 'NONE',  ( -0.000000000000000000, -0.000000000000000000, -1.000000000000000000 ) ) ;
#49 = EDGE_CURVE ( 'NONE', #3674, #3965, #813, .T. ) ;
#50 = ORIENTED_EDGE ( 'NONE', *, *, #1997, .T. ) ;
#51 = EDGE_LOOP ( 'NONE', ( #912, #1956, #191, #2054 ) ) ;
#52 = ADVANCED_FACE ( 'NONE', ( #4800 ), #3998, .F. ) ;
#53 = VERTEX_POINT ( 'NONE', #1044 ) ;
#54 = LINE ( 'NONE', #3837, #1511 ) ;
#55 = EDGE_CURVE ( 'NONE', #1539, #4847, #755, .T. ) ;
#56 = ORIENTED_EDGE ( 'NONE', *, *, #3702, .T. ) ;
#57 = CARTESIAN_POINT ( 'NONE',  ( -2.040147429043627003, 88.20256348773601474, 62.76666700000043164 ) ) ;
#58 = DIRECTION ( 'NONE',  ( 0.000000000000000000, 2.685676760931538762E-19, -1.000000000000000000 ) ) ;
#59 = ORIENTED_EDGE ( 'NONE', *, *, #827, .T. ) ;
#60 = ORIENTED_EDGE ( 'NONE', *, *, #1608, .T. ) ;
#61 = EDGE_CURVE ( 'NONE', #479, #2342, #2950, .T. ) ;
#62 = EDGE_CURVE ( 'NONE', #1026, #4542, #2558, .T. ) ;
#63 = DIRECTION ( 'NONE',  ( 8.145007187700838718E-17, -1.000000000000000000, -0.000000000000000000 ) ) ;
#64 = DIRECTION ( 'NONE',  ( 0.002310030612740221218, -0.9999973318757247043, 3.193368767321957486E-09 ) ) ;
#65 = DIRECTION ( 'NONE',  ( -1.000000000000000000, -2.497201896645818533E-21, -3.845403544317018837E-09 ) ) ;
#66 = LINE ( 'NONE', #2693, #2779 ) ;
#67 = ORIENTED_EDGE ( 'NONE', *, *, #330, .F. ) ;
#68 = PLANE ( 'NONE',  #3311 ) ;
#69 = EDGE_CURVE ( 'NONE', #53, #310, #681, .T. ) ;
#70 = DIRECTION ( 'NONE',  ( 1.000000000000000000, 0.000000000000000000, -0.000000000000000000 ) ) ;
#71 = DIRECTION ( 'NONE',  ( -0.002310030612744636089, 0.9999973318757245933, 1.314654392322525891E-16 ) ) ;
#72 = FACE_OUTER_BOUND ( 'NONE', #4545, .T. ) ;
#73 = ORIENTED_EDGE ( 'NONE', *, *, #4491, .T. ) ;
#74 = ORIENTED_EDGE ( 'NONE', *, *, #3069, .T. ) ;
#75 = ORIENTED_EDGE ( 'NONE', *, *, #2235, .F. ) ;
#76 = CARTESIAN_POINT ( 'NONE',  ( -21.49009553420068741, 88.15763339231772022, 62.76666700000041743 ) ) ;
#77 = ORIENTED_EDGE ( 'NONE', *, *, #3036, .F. ) ;
#78 = DIRECTION ( 'NONE',  ( 0.002310030612740221218, -0.9999973318757247043, 3.193368767321957486E-09 ) ) ;
#79 = ADVANCED_FACE ( 'NONE', ( #2177 ), #4069, .F. ) ;
#80 = AXIS2_PLACEMENT_3D ( 'NONE', #4795, #3326, #311 ) ;
#81 = DIRECTION ( 'NONE',  ( 0.000000000000000000, 0.7862689721268715237, -0.6178843771050965827 ) ) ;
#82 = VERTEX_POINT ( 'NONE', #277 ) ;
#83 = ORIENTED_EDGE ( 'NONE', *, *, #1807, .T. ) ;
#84 = AXIS2_PLACEMENT_3D ( 'NONE', #390, #2002, #3512 ) ;
#85 = VECTOR ( 'NONE', #4008, 1000.000000000000000 ) ;
#86 = DIRECTION ( 'NONE',  ( 0.6450555027400280972, 0.001490101934025989767, -0.7641342669852176916 ) ) ;
#87 = DIRECTION ( 'NONE',  ( -0.6139149312079333898, -5.000341527325485441E-17, 0.7893721918334584142 ) ) ;
#88 = CYLINDRICAL_SURFACE ( 'NONE', #1591, 0.9999999999999991118 ) ;
#89 = AXIS2_PLACEMENT_3D ( 'NONE', #2369, #3450, #1992 ) ;
#90 = CARTESIAN_POINT ( 'NONE',  ( 1.459108050000150758, 114.5031994777926059, 34.47824939404223699 ) ) ;
#91 = VECTOR ( 'NONE', #65, 1000.000000000000000 ) ;
#92 = VERTEX_POINT ( 'NONE', #1828 ) ;
#93 = VECTOR ( 'NONE', #4288, 1000.000000000000114 ) ;
#94 = CIRCLE ( 'NONE', #3488, 0.9999999999999991118 ) ;
#95 = CARTESIAN_POINT ( 'NONE',  ( 1.180453238582696462, 18.68429699879670736, 50.00000000000000000 ) ) ;
#96 = DIRECTION ( 'NONE',  ( 0.002310030612744635656, -0.9999973318757245933, -1.326573541478185148E-16 ) ) ;
#97 = LINE ( 'NONE', #496, #731 ) ;
#98 = FACE_OUTER_BOUND ( 'NONE', #315, .T. ) ;
#99 = CIRCLE ( 'NONE', #3410, 1.050000000000001155 ) ;
#100 = VERTEX_POINT ( 'NONE', #2876 ) ;
#101 = CARTESIAN_POINT ( 'NONE',  ( 1.019810864449977705, 88.22534317914865198, 47.41953824246409255 ) ) ;
#102 = DIRECTION ( 'NONE',  ( 0.000000000000000000, 0.000000000000000000, 1.000000000000000000 ) ) ;
#103 = VECTOR ( 'NONE', #282, 1000.000000000000000 ) ;
#104 = PLANE ( 'NONE',  #3950 ) ;
#105 = EDGE_CURVE ( 'NONE', #4262, #799, #2600, .T. ) ;
#106 = VECTOR ( 'NONE', #992, 1000.000000000000227 ) ;
#107 = ORIENTED_EDGE ( 'NONE', *, *, #1837, .F. ) ;
#108 = CYLINDRICAL_SURFACE ( 'NONE', #575, 1.000000000000000888 ) ;
#109 = EDGE_CURVE ( 'NONE', #4634, #4452, #3680, .T. ) ;
#110 = DIRECTION ( 'NONE',  ( -1.172494812350508611E-06, -2.708506908817201905E-09, -0.9999999999993126609 ) ) ;
#111 = CARTESIAN_POINT ( 'NONE',  ( -24.01460977909513161, 94.44430089015264684, 30.01664936071356493 ) ) ;
#112 = ORIENTED_EDGE ( 'NONE', *, *, #4871, .T. ) ;
#113 = VERTEX_POINT ( 'NONE', #4831 ) ;
#114 = EDGE_CURVE ( 'NONE', #2142, #1, #1463, .T. ) ;
#115 =( BOUNDED_CURVE ( )  B_SPLINE_CURVE ( 3, ( #4539, #1160, #2675, #1925 ),
 .UNSPECIFIED., .F., .T. ) 
 B_SPLINE_CURVE_WITH_KNOTS ( ( 4, 4 ),
 ( 1.570796326794900111, 3.141592653589779349 ),
 .UNSPECIFIED. ) 
 CURVE ( )  GEOMETRIC_REPRESENTATION_ITEM ( )  RATIONAL_B_SPLINE_CURVE ( ( 1.000000000000000000, 0.8047378541243690453, 0.8047378541243690453, 1.000000000000000000 ) ) 
 REPRESENTATION_ITEM ( '' )  );
#116 = ADVANCED_FACE ( 'NONE', ( #4760 ), #1089, .F. ) ;
#117 = LINE ( 'NONE', #3542, #394 ) ;
#118 = DIRECTION ( 'NONE',  ( 0.002310030612744637390, -0.9999973318757247043, 0.000000000000000000 ) ) ;
#119 = DIRECTION ( 'NONE',  ( 0.002310030612744637390, -0.9999973318757248153, -0.000000000000000000 ) ) ;
#120 = CARTESIAN_POINT ( 'NONE',  ( -9.975241788773892893, 2.386298900080692675, 0.000000000000000000 ) ) ;
#121 = CARTESIAN_POINT ( 'NONE',  ( -21.85463043600922362, 94.44929052187103480, 40.96666697590043071 ) ) ;
#122 = ORIENTED_EDGE ( 'NONE', *, *, #371, .T. ) ;
#123 = ORIENTED_EDGE ( 'NONE', *, *, #674, .T. ) ;
#124 = DIRECTION ( 'NONE',  ( 0.002310030612744635656, -0.9999973318757245933, 0.000000000000000000 ) ) ;
#125 = EDGE_CURVE ( 'NONE', #2159, #2554, #1018, .T. ) ;
#126 = CARTESIAN_POINT ( 'NONE',  ( -0.3752417887738960234, 9.386298900080694452, 6.649999999999995914 ) ) ;
#127 = CARTESIAN_POINT ( 'NONE',  ( -27.21681824921459025, 52.10272336027070850, 57.82671117685787721 ) ) ;
#128 = DIRECTION ( 'NONE',  ( 0.000000000000000000, 0.000000000000000000, 1.000000000000000000 ) ) ;
#129 = ORIENTED_EDGE ( 'NONE', *, *, #1737, .T. ) ;
#130 = DIRECTION ( 'NONE',  ( 1.000000000000000000, 0.000000000000000000, 0.000000000000000000 ) ) ;
#131 = EDGE_CURVE ( 'NONE', #1005, #1709, #4394, .T. ) ;
#132 = EDGE_CURVE ( 'NONE', #4154, #1127, #2126, .T. ) ;
#133 = CARTESIAN_POINT ( 'NONE',  ( 5.969872710294626295, 23.27008343642361154, 50.00000000000000000 ) ) ;
#134 = ORIENTED_EDGE ( 'NONE', *, *, #2781, .F. ) ;
#135 = CARTESIAN_POINT ( 'NONE',  ( 5.903262915459652760, 52.10503339088346308, 36.47824939404222278 ) ) ;
#136 = CARTESIAN_POINT ( 'NONE',  ( 3.624758211226107640, 2.386298900080693564, 3.649999999999996358 ) ) ;
#137 = EDGE_CURVE ( 'NONE', #566, #3451, #1386, .T. ) ;
#138 = ORIENTED_EDGE ( 'NONE', *, *, #3249, .F. ) ;
#139 = ORIENTED_EDGE ( 'NONE', *, *, #1461, .T. ) ;
#140 = CARTESIAN_POINT ( 'NONE',  ( -28.21913095412219263, 52.10272336027070850, 69.82671117685788431 ) ) ;
#141 = CYLINDRICAL_SURFACE ( 'NONE', #590, 1.050000000000001155 ) ;
#142 = DIRECTION ( 'NONE',  ( -0.9999973318757245933, -0.002310030612747839690, 0.000000000000000000 ) ) ;
#143 = ADVANCED_FACE ( 'NONE', ( #1946 ), #1923, .T. ) ;
#144 = DIRECTION ( 'NONE',  ( -0.9999973318757245933, -0.002310030612744559328, 0.000000000000000000 ) ) ;
#145 = LINE ( 'NONE', #2068, #3014 ) ;
#146 = ORIENTED_EDGE ( 'NONE', *, *, #3562, .F. ) ;
#147 = EDGE_LOOP ( 'NONE', ( #2531, #1211, #138, #289 ) ) ;
#148 = CARTESIAN_POINT ( 'NONE',  ( -0.9901865237162384981, 88.22070001126191130, 38.31666702004447700 ) ) ;
#149 = CARTESIAN_POINT ( 'NONE',  ( -27.35850182241501116, 113.4366270710534508, 69.82671117685788431 ) ) ;
#150 = DIRECTION ( 'NONE',  ( 1.000000000000000000, 0.000000000000000000, -0.000000000000000000 ) ) ;
#151 = ADVANCED_FACE ( 'NONE', ( #2674 ), #445, .F. ) ;
#152 = LINE ( 'NONE', #4113, #2541 ) ;
#153 = ORIENTED_EDGE ( 'NONE', *, *, #1444, .T. ) ;
#154 = CARTESIAN_POINT ( 'NONE',  ( -9.975241788773892893, 2.386298900080692675, 50.00000000000000000 ) ) ;
#155 = CARTESIAN_POINT ( 'NONE',  ( 1.174758211226108351, -4.613701099919306436, 0.000000000000000000 ) ) ;
#156 = EDGE_CURVE ( 'NONE', #872, #1, #4562, .T. ) ;
#157 = EDGE_LOOP ( 'NONE', ( #3847, #4254, #2153, #4178 ) ) ;
#158 = DIRECTION ( 'NONE',  ( 1.000000000000000000, 0.000000000000000000, 0.000000000000000000 ) ) ;
#159 = PLANE ( 'NONE',  #2157 ) ;
#160 = AXIS2_PLACEMENT_3D ( 'NONE', #3630, #607, #2104 ) ;
#161 = ORIENTED_EDGE ( 'NONE', *, *, #321, .F. ) ;
#162 = ORIENTED_EDGE ( 'NONE', *, *, #1822, .F. ) ;
#163 = VECTOR ( 'NONE', #1725, 1000.000000000000114 ) ;
#164 = CARTESIAN_POINT ( 'NONE',  ( 4.912747086917821804, 48.78451077974749239, 35.77815165332165748 ) ) ;
#165 = LINE ( 'NONE', #4678, #189 ) ;
#166 = CARTESIAN_POINT ( 'NONE',  ( -28.13962312344792238, 18.68429699879670380, 68.82671117685787010 ) ) ;
#167 = LINE ( 'NONE', #4148, #973 ) ;
#169 = VECTOR ( 'NONE', #320, 1000.000000000000000 ) ;
#168 = SURFACE_STYLE_USAGE ( .BOTH. , #2039 ) ;
#170 = CIRCLE ( 'NONE', #3638, 1.549999999999999378 ) ;
#171 = ORIENTED_EDGE ( 'NONE', *, *, #1564, .F. ) ;
#172 = VERTEX_POINT ( 'NONE', #3431 ) ;
#173 = CARTESIAN_POINT ( 'NONE',  ( -8.975241788773896445, 23.68429699879670736, 1.000000000000000888 ) ) ;
#174 = AXIS2_PLACEMENT_3D ( 'NONE', #2067, #2794, #2444 ) ;
#175 = LINE ( 'NONE', #2475, #106 ) ;
#176 = CARTESIAN_POINT ( 'NONE',  ( -4.203931501676063220, -14.05702092395350000, 40.96666720032041553 ) ) ;
#177 = DIRECTION ( 'NONE',  ( -1.000000000000000000, 3.469446951953610639E-15, 0.000000000000000000 ) ) ;
#178 = AXIS2_PLACEMENT_3D ( 'NONE', #4343, #526, #3535 ) ;
#179 = AXIS2_PLACEMENT_3D ( 'NONE', #2189, #2540, #3989 ) ;
#180 = ORIENTED_EDGE ( 'NONE', *, *, #714, .T. ) ;
#181 = DIRECTION ( 'NONE',  ( 0.000000000000000000, 0.000000000000000000, -1.000000000000000000 ) ) ;
#182 = VERTEX_POINT ( 'NONE', #1107 ) ;
#183 = AXIS2_PLACEMENT_3D ( 'NONE', #2048, #181, #3191 ) ;
#184 = CARTESIAN_POINT ( 'NONE',  ( -23.50013697067205598, 88.16870119789878402, 47.41953824246409965 ) ) ;
#185 = VECTOR ( 'NONE', #2436, 1000.000000000000000 ) ;
#186 = ORIENTED_EDGE ( 'NONE', *, *, #2378, .F. ) ;
#187 = DIRECTION ( 'NONE',  ( 0.000000000000000000, 0.000000000000000000, -1.000000000000000000 ) ) ;
#188 = LINE ( 'NONE', #4716, #340 ) ;
#189 = VECTOR ( 'NONE', #2812, 1000.000000000000227 ) ;
#190 = ORIENTED_EDGE ( 'NONE', *, *, #4366, .F. ) ;
#191 = ORIENTED_EDGE ( 'NONE', *, *, #585, .T. ) ;
#192 = CIRCLE ( 'NONE', #2485, 1.000000000000000888 ) ;
#193 = CARTESIAN_POINT ( 'NONE',  ( -27.21790166276566936, 52.57172597488837340, 35.77815165312661350 ) ) ;
#194 = CARTESIAN_POINT ( 'NONE',  ( -28.02931916269114510, -29.06557516460392421, 68.82671117685787010 ) ) ;
#195 = CARTESIAN_POINT ( 'NONE',  ( -9.975241788773882234, 18.68429699879670380, 37.55290071327490153 ) ) ;
#196 = CARTESIAN_POINT ( 'NONE',  ( -5.824235094193059403, 2.386298900080692231, 6.649999999999995914 ) ) ;
#197 = ORIENTED_EDGE ( 'NONE', *, *, #2848, .T. ) ;
#198 = ORIENTED_EDGE ( 'NONE', *, *, #4719, .T. ) ;
#199 = DIRECTION ( 'NONE',  ( 1.000000000000000000, 0.000000000000000000, 0.000000000000000000 ) ) ;
#200 = ADVANCED_FACE ( 'NONE', ( #822, #45 ), #68, .T. ) ;
#201 = DIRECTION ( 'NONE',  ( -0.7059739314045330172, 0.000000000000000000, -0.7082378189402396274 ) ) ;
#202 = DIRECTION ( 'NONE',  ( -0.000000000000000000, -0.000000000000000000, 1.000000000000000000 ) ) ;
#203 = EDGE_CURVE ( 'NONE', #1805, #3733, #4489, .T. ) ;
#204 = CARTESIAN_POINT ( 'NONE',  ( -2.012396674765882132, 94.49512681158165606, 59.71975232211426032 ) ) ;
#205 = ORIENTED_EDGE ( 'NONE', *, *, #2789, .T. ) ;
#206 = DIRECTION ( 'NONE',  ( -0.000000000000000000, -0.000000000000000000, -1.000000000000000000 ) ) ;
#207 = VERTEX_POINT ( 'NONE', #2222 ) ;
#208 = ADVANCED_FACE ( 'NONE', ( #1872 ), #720, .T. ) ;
#209 = ORIENTED_EDGE ( 'NONE', *, *, #4463, .F. ) ;
#210 = DIRECTION ( 'NONE',  ( 1.344310395371975972E-09, 3.105406720518125738E-12, -1.000000000000000000 ) ) ;
#211 = LINE ( 'NONE', #1337, #587 ) ;
#212 = EDGE_CURVE ( 'NONE', #4561, #2535, #2130, .T. ) ;
#213 = ORIENTED_EDGE ( 'NONE', *, *, #2107, .T. ) ;
#214 = ORIENTED_EDGE ( 'NONE', *, *, #3560, .F. ) ;
#215 = CARTESIAN_POINT ( 'NONE',  ( -28.02931916269114510, -29.06557516460392065, 35.47824667424356448 ) ) ;
#216 = CARTESIAN_POINT ( 'NONE',  ( 2.290600740333204932, -28.99784507135240474, 63.50648295097936824 ) ) ;
#217 = DIRECTION ( 'NONE',  ( 0.6450582287820091354, 0.000000000000000000, -0.7641334186387984673 ) ) ;
#218 = FACE_OUTER_BOUND ( 'NONE', #3914, .T. ) ;
#219 = VERTEX_POINT ( 'NONE', #3080 ) ;
#220 = ORIENTED_EDGE ( 'NONE', *, *, #1454, .T. ) ;
#221 = EDGE_CURVE ( 'NONE', #2755, #2787, #2696, .T. ) ;
#222 = ADVANCED_FACE ( 'NONE', ( #2987 ), #2248, .T. ) ;
#223 = LINE ( 'NONE', #1328, #163 ) ;
#224 = LINE ( 'NONE', #2099, #4753 ) ;
#225 = CARTESIAN_POINT ( 'NONE',  ( -28.13962312344792238, 18.68429699879670025, 36.77815165312661350 ) ) ;
#226 = CARTESIAN_POINT ( 'NONE',  ( -9.975241788773891116, 2.386298900080693564, 6.649999999999996803 ) ) ;
#227 = ORIENTED_EDGE ( 'NONE', *, *, #4778, .T. ) ;
#228 = DIRECTION ( 'NONE',  ( -1.142213142978212709E-16, 1.312019345627888205E-16, -1.000000000000000000 ) ) ;
#229 = CARTESIAN_POINT ( 'NONE',  ( -0.9901865237162384981, 88.22070001126191130, 38.31666702004447700 ) ) ;
#230 = CARTESIAN_POINT ( 'NONE',  ( -23.30190017009370607, 18.68429699879670025, 36.47824939404222988 ) ) ;
#231 = ORIENTED_EDGE ( 'NONE', *, *, #1654, .F. ) ;
#232 = CARTESIAN_POINT ( 'NONE',  ( -28.13962312344794015, 18.68429699879670025, 37.18130249073213633 ) ) ;
#233 = ORIENTED_EDGE ( 'NONE', *, *, #1399, .F. ) ;
#234 = ORIENTED_EDGE ( 'NONE', *, *, #1697, .T. ) ;
#235 = EDGE_CURVE ( 'NONE', #1027, #3992, #3729, .T. ) ;
#236 = DIRECTION ( 'NONE',  ( 0.002310030612744637390, -0.9999973318757248153, -0.000000000000000000 ) ) ;
#237 = CARTESIAN_POINT ( 'NONE',  ( -21.75582692013241370, 75.51066902416856408, 47.34166691868935573 ) ) ;
#238 = CARTESIAN_POINT ( 'NONE',  ( -28.31323125302392540, 88.14187169787817311, 68.82671117685788431 ) ) ;
#239 = ORIENTED_EDGE ( 'NONE', *, *, #674, .F. ) ;
#240 = VERTEX_POINT ( 'NONE', #4582 ) ;
#241 = DIRECTION ( 'NONE',  ( -0.002310030612744637390, 0.9999973318757247043, 0.000000000000000000 ) ) ;
#242 = CARTESIAN_POINT ( 'NONE',  ( -9.975241788773896445, 18.68429699879669670, 50.00000000000000000 ) ) ;
#243 = DIRECTION ( 'NONE',  ( -0.9999999868373526946, 0.0001622507146376712104, 0.000000000000000000 ) ) ;
#244 = AXIS2_PLACEMENT_3D ( 'NONE', #3209, #898, #1307 ) ;
#245 = EDGE_CURVE ( 'NONE', #458, #1637, #4138, .T. ) ;
#246 = LINE ( 'NONE', #3952, #1183 ) ;
#247 = AXIS2_PLACEMENT_3D ( 'NONE', #1168, #2591, #1492 ) ;
#248 = DIRECTION ( 'NONE',  ( 0.000000000000000000, 0.000000000000000000, 1.000000000000000000 ) ) ;
#249 = DIRECTION ( 'NONE',  ( 2.631707271538399749E-10, 6.078025923572550182E-13, 1.000000000000000000 ) ) ;
#250 = CARTESIAN_POINT ( 'NONE',  ( -24.05850791077937245, 113.4442501783506287, 35.47824667424358580 ) ) ;
#251 = VECTOR ( 'NONE', #1333, 1000.000000000000000 ) ;
#252 = AXIS2_PLACEMENT_3D ( 'NONE', #2409, #3211, #3905 ) ;
#253 = ORIENTED_EDGE ( 'NONE', *, *, #2774, .T. ) ;
#254 = VECTOR ( 'NONE', #3819, 1000.000000000000000 ) ;
#255 = AXIS2_PLACEMENT_3D ( 'NONE', #3968, #2813, #2094 ) ;
#256 = LINE ( 'NONE', #3709, #4117 ) ;
#257 = VECTOR ( 'NONE', #2183, 1000.000000000000000 ) ;
#258 = ORIENTED_EDGE ( 'NONE', *, *, #4232, .F. ) ;
#259 = ORIENTED_EDGE ( 'NONE', *, *, #1393, .T. ) ;
#260 = EDGE_CURVE ( 'NONE', #3446, #1934, #4087, .T. ) ;
#261 = PLANE ( 'NONE',  #2537 ) ;
#262 = VECTOR ( 'NONE', #3725, 1000.000000000000227 ) ;
#263 = DIRECTION ( 'NONE',  ( 2.631707271538399749E-10, 6.078025923572550182E-13, 1.000000000000000000 ) ) ;
#264 = CARTESIAN_POINT ( 'NONE',  ( -27.31323125302392540, 88.14418173465438144, 69.82671117685787010 ) ) ;
#265 = EDGE_CURVE ( 'NONE', #1364, #4543, #4115, .T. ) ;
#266 = VERTEX_POINT ( 'NONE', #750 ) ;
#267 = VERTEX_POINT ( 'NONE', #3406 ) ;
#268 = CARTESIAN_POINT ( 'NONE',  ( -0.3752417887738916935, -4.613701099919306436, 3.650000000000000355 ) ) ;
#269 = CARTESIAN_POINT ( 'NONE',  ( -22.55475958571025430, 94.50439380868208161, 62.76666699981927877 ) ) ;
#270 = CARTESIAN_POINT ( 'NONE',  ( 8.175764905806939709, 2.386298900080696672, 6.649999999999995914 ) ) ;
#271 = VECTOR ( 'NONE', #737, 1000.000000000000000 ) ;
#272 = DIRECTION ( 'NONE',  ( -9.606249644159273970E-17, 0.7862689721268713017, -0.6178843771050965827 ) ) ;
#273 = ORIENTED_EDGE ( 'NONE', *, *, #1184, .F. ) ;
#274 = ADVANCED_FACE ( 'NONE', ( #3380 ), #4873, .T. ) ;
#275 = EDGE_LOOP ( 'NONE', ( #1128, #775 ) ) ;
#276 = ADVANCED_FACE ( 'NONE', ( #465, #3157, #3943 ), #3475, .F. ) ;
#277 = CARTESIAN_POINT ( 'NONE',  ( 8.224758211226104621, 23.68429699879670736, 1.000000000000000888 ) ) ;
#278 = LINE ( 'NONE', #1781, #3095 ) ;
#279 = DIRECTION ( 'NONE',  ( -0.002310030612744635656, 0.9999973318757245933, 1.314654392323781413E-16 ) ) ;
#280 = ORIENTED_EDGE ( 'NONE', *, *, #2269, .F. ) ;
#281 = EDGE_CURVE ( 'NONE', #373, #4002, #722, .T. ) ;
#282 = DIRECTION ( 'NONE',  ( 1.361274163819719920E-06, 3.144593380927844726E-09, 0.9999999999990734079 ) ) ;
#283 = VERTEX_POINT ( 'NONE', #3112 ) ;
#284 = VERTEX_POINT ( 'NONE', #2798 ) ;
#285 = EDGE_CURVE ( 'NONE', #2142, #876, #4803, .T. ) ;
#286 = CARTESIAN_POINT ( 'NONE',  ( 1.019847157417860695, 88.20963218776573456, 34.47824939404222988 ) ) ;
#287 = CARTESIAN_POINT ( 'NONE',  ( 9.224758211226102844, 22.68429699879670736, 0.000000000000000000 ) ) ;
#288 = CARTESIAN_POINT ( 'NONE',  ( -1.925241788773896845, 9.386298900080694452, 50.00000000000000000 ) ) ;
#289 = ORIENTED_EDGE ( 'NONE', *, *, #4306, .F. ) ;
#290 = VERTEX_POINT ( 'NONE', #173 ) ;
#291 = CARTESIAN_POINT ( 'NONE',  ( -9.975241788773896445, 22.68429699879670736, 50.00000000000000000 ) ) ;
#292 = CARTESIAN_POINT ( 'NONE',  ( 5.903262915459652760, 52.10503339088345598, 68.82671117685787010 ) ) ;
#293 = LINE ( 'NONE', #2148, #4265 ) ;
#294 = DIRECTION ( 'NONE',  ( -1.139176251086765538E-16, -2.631539034595279436E-19, -1.000000000000000000 ) ) ;
#295 = DIRECTION ( 'NONE',  ( 0.9999973318757247043, 0.002310030612739932820, 0.000000000000000000 ) ) ;
#296 = EDGE_CURVE ( 'NONE', #3199, #3451, #4096, .T. ) ;
#297 = PLANE ( 'NONE',  #3643 ) ;
#298 = DIRECTION ( 'NONE',  ( 2.631707271538399232E-10, 0.000000000000000000, 1.000000000000000000 ) ) ;
#299 = VERTEX_POINT ( 'NONE', #95 ) ;
#300 = CARTESIAN_POINT ( 'NONE',  ( 1.102145888051779821, 52.58304326005715978, 47.41953824246409255 ) ) ;
#301 = ADVANCED_FACE ( 'NONE', ( #1680 ), #4264, .F. ) ;
#302 = ADVANCED_FACE ( 'NONE', ( #1281 ), #4293, .F. ) ;
#303 = ORIENTED_EDGE ( 'NONE', *, *, #1381, .T. ) ;
#304 = DIRECTION ( 'NONE',  ( -1.414331940081573279E-06, -3.267158795625207741E-09, 0.9999999999989999111 ) ) ;
#305 = LINE ( 'NONE', #1473, #1427 ) ;
#306 = DIRECTION ( 'NONE',  ( 0.9999973318757245933, 0.002310030612744636089, 0.000000000000000000 ) ) ;
#307 = FACE_OUTER_BOUND ( 'NONE', #1931, .T. ) ;
#308 = ADVANCED_FACE ( 'NONE', ( #1602 ), #2429, .F. ) ;
#309 = ORIENTED_EDGE ( 'NONE', *, *, #4074, .F. ) ;
#310 = VERTEX_POINT ( 'NONE', #3185 ) ;
#311 = DIRECTION ( 'NONE',  ( -0.9999973318757245933, -0.002310030612744535909, 0.000000000000000000 ) ) ;
#312 = DIRECTION ( 'NONE',  ( 0.9999973318757245933, 0.002310030612744636523, -1.139179290558685033E-16 ) ) ;
#313 = LINE ( 'NONE', #1750, #2543 ) ;
#314 = EDGE_CURVE ( 'NONE', #778, #352, #2133, .T. ) ;
#315 = EDGE_LOOP ( 'NONE', ( #374, #1566, #1228, #2704, #4209, #325, #4263, #1858 ) ) ;
#316 = DIRECTION ( 'NONE',  ( 0.9999973318757248153, 0.002310030612734636276, 0.000000000000000000 ) ) ;
#317 = CARTESIAN_POINT ( 'NONE',  ( -22.54012902563811238, 88.17091885155726061, 38.31666702004446989 ) ) ;
#318 = VECTOR ( 'NONE', #1153, 1000.000000000000000 ) ;
#319 = FACE_OUTER_BOUND ( 'NONE', #1349, .T. ) ;
#320 = DIRECTION ( 'NONE',  ( -0.9999973318757229279, -0.002310030612742738302, -5.929998404448713304E-08 ) ) ;
#321 = EDGE_CURVE ( 'NONE', #4563, #240, #2290, .T. ) ;
#322 = AXIS2_PLACEMENT_3D ( 'NONE', #2508, #2901, #631 ) ;
#323 = ORIENTED_EDGE ( 'NONE', *, *, #3836, .F. ) ;
#324 = AXIS2_PLACEMENT_3D ( 'NONE', #1790, #3670, #985 ) ;
#325 = ORIENTED_EDGE ( 'NONE', *, *, #2433, .T. ) ;
#326 = CARTESIAN_POINT ( 'NONE',  ( 3.624758211226108084, 2.386298900080694896, 43.35000000000000853 ) ) ;
#327 = VECTOR ( 'NONE', #4441, 1000.000000000000000 ) ;
#328 = CIRCLE ( 'NONE', #1667, 0.9999999999999990008 ) ;
#329 = ORIENTED_EDGE ( 'NONE', *, *, #3694, .F. ) ;
#330 = EDGE_CURVE ( 'NONE', #2206, #4456, #1893, .T. ) ;
#331 = ORIENTED_EDGE ( 'NONE', *, *, #265, .F. ) ;
#332 = VECTOR ( 'NONE', #916, 1000.000000000000000 ) ;
#333 = VECTOR ( 'NONE', #4576, 1000.000000000000227 ) ;
#334 = CARTESIAN_POINT ( 'NONE',  ( -28.35849915429073675, 113.4343170404407601, 35.47824667424357870 ) ) ;
#335 = LINE ( 'NONE', #4103, #2317 ) ;
#336 = CARTESIAN_POINT ( 'NONE',  ( -27.89901769065085801, 88.14282854644044107, 69.82671117685788431 ) ) ;
#337 = EDGE_CURVE ( 'NONE', #3439, #4093, #2726, .T. ) ;
#338 = EDGE_LOOP ( 'NONE', ( #3582, #3043, #540, #2992 ) ) ;
#339 = ORIENTED_EDGE ( 'NONE', *, *, #998, .T. ) ;
#340 = VECTOR ( 'NONE', #3615, 1000.000000000000000 ) ;
#341 = CARTESIAN_POINT ( 'NONE',  ( 1.790600740333201379, -28.99784507135240474, 34.47824939404221567 ) ) ;
#342 = CARTESIAN_POINT ( 'NONE',  ( -9.975241788773892893, 2.386298900080692675, 50.00000000000000000 ) ) ;
#343 = DIRECTION ( 'NONE',  ( -0.9999973318757245933, -0.002310030612744636523, 0.000000000000000000 ) ) ;
#344 = CARTESIAN_POINT ( 'NONE',  ( -28.21559163188976171, 51.57172864301321624, 42.68895153481192040 ) ) ;
#345 = VECTOR ( 'NONE', #2502, 1000.000000000000227 ) ;
#346 = CARTESIAN_POINT ( 'NONE',  ( -24.06076889667338037, 114.4442476235214485, -3.289583605755351997E-05 ) ) ;
#347 = FACE_OUTER_BOUND ( 'NONE', #4340, .T. ) ;
#348 = VECTOR ( 'NONE', #1099, 1000.000000000000114 ) ;
#349 = CARTESIAN_POINT ( 'NONE',  ( -27.35850182241501827, 113.4366270710534650, 35.47824667424358580 ) ) ;
#350 = LINE ( 'NONE', #4805, #3081 ) ;
#351 = ORIENTED_EDGE ( 'NONE', *, *, #2026, .F. ) ;
#352 = VERTEX_POINT ( 'NONE', #2350 ) ;
#353 = EDGE_CURVE ( 'NONE', #3773, #529, #3848, .T. ) ;
#354 = ORIENTED_EDGE ( 'NONE', *, *, #1961, .T. ) ;
#355 = EDGE_LOOP ( 'NONE', ( #360, #2544, #3548, #75 ) ) ;
#356 = DIRECTION ( 'NONE',  ( -0.9999973318757247043, -0.002310030612746873883, 0.000000000000000000 ) ) ;
#357 = ADVANCED_FACE ( 'NONE', ( #1966 ), #1230, .T. ) ;
#358 = CARTESIAN_POINT ( 'NONE',  ( -19.27016814707684844, 18.70478576597705000, 37.49575172906425991 ) ) ;
#359 = DIRECTION ( 'NONE',  ( 0.002310030612744635656, -0.9999973318757245933, 0.000000000000000000 ) ) ;
#360 = ORIENTED_EDGE ( 'NONE', *, *, #3902, .T. ) ;
#361 = ORIENTED_EDGE ( 'NONE', *, *, #2689, .T. ) ;
#362 = DIRECTION ( 'NONE',  ( -0.002310030612744635656, 0.9999973318757245933, 1.314654392323781413E-16 ) ) ;
#363 = CARTESIAN_POINT ( 'NONE',  ( -19.27016814707684844, 18.68429699879669670, 37.49575172906425991 ) ) ;
#364 = CARTESIAN_POINT ( 'NONE',  ( -8.975241788773896445, 22.68429699879670736, 50.00000000000000000 ) ) ;
#365 = CARTESIAN_POINT ( 'NONE',  ( -28.21559163188976171, 51.57172864301321624, 36.77584162251388733 ) ) ;
#366 = EDGE_CURVE ( 'NONE', #2419, #1646, #1312, .T. ) ;
#367 = CARTESIAN_POINT ( 'NONE',  ( 5.980466045613387571, 18.68429699879671446, 68.82671117685787010 ) ) ;
#368 = PLANE ( 'NONE',  #3557 ) ;
#369 = DIRECTION ( 'NONE',  ( 0.6139149312079333898, 5.000341527325484208E-17, -0.7893721918334584142 ) ) ;
#370 = FACE_OUTER_BOUND ( 'NONE', #2661, .T. ) ;
#371 = EDGE_CURVE ( 'NONE', #4174, #4082, #3875, .T. ) ;
#372 = ORIENTED_EDGE ( 'NONE', *, *, #131, .F. ) ;
#373 = VERTEX_POINT ( 'NONE', #4365 ) ;
#374 = ORIENTED_EDGE ( 'NONE', *, *, #105, .F. ) ;
#375 = ORIENTED_EDGE ( 'NONE', *, *, #1399, .T. ) ;
#376 = DIRECTION ( 'NONE',  ( 0.000000000000000000, -2.685676760931538762E-19, 1.000000000000000000 ) ) ;
#377 = DIRECTION ( 'NONE',  ( 0.000000000000000000, 0.000000000000000000, 1.000000000000000000 ) ) ;
#378 = CARTESIAN_POINT ( 'NONE',  ( -1.004686057790427078, 94.49745466016663897, 62.76666700000043164 ) ) ;
#379 = DIRECTION ( 'NONE',  ( -0.000000000000000000, 1.000000000000000000, -0.000000000000000000 ) ) ;
#380 = VERTEX_POINT ( 'NONE', #3256 ) ;
#381 = EDGE_LOOP ( 'NONE', ( #2525, #1793, #398, #4600, #323, #303, #2636, #1704 ) ) ;
#382 = DIRECTION ( 'NONE',  ( 1.203683937203171286E-18, -5.210670018760918348E-16, 1.000000000000000000 ) ) ;
#383 = DIRECTION ( 'NONE',  ( 0.002310030612744542848, -0.9999973318757247043, 0.000000000000000000 ) ) ;
#384 = LINE ( 'NONE', #1890, #3091 ) ;
#385 = LINE ( 'NONE', #1891, #654 ) ;
#386 = EDGE_LOOP ( 'NONE', ( #2492, #4078, #707, #3649 ) ) ;
#387 = ADVANCED_FACE ( 'NONE', ( #1422 ), #3993, .F. ) ;
#388 = CARTESIAN_POINT ( 'NONE',  ( -9.975241788773892893, 2.386298900080692675, 0.000000000000000000 ) ) ;
#389 = CARTESIAN_POINT ( 'NONE',  ( 5.980466045613387571, 18.68429699879670736, 36.47824939404222278 ) ) ;
#390 = CARTESIAN_POINT ( 'NONE',  ( -21.60388401527550428, -14.09721545416421584, 40.96666697590041650 ) ) ;
#391 = EDGE_CURVE ( 'NONE', #2755, #290, #2108, .T. ) ;
#392 = ORIENTED_EDGE ( 'NONE', *, *, #4089, .T. ) ;
#393 = ORIENTED_EDGE ( 'NONE', *, *, #4841, .T. ) ;
#394 = VECTOR ( 'NONE', #1222, 1000.000000000000000 ) ;
#395 = VECTOR ( 'NONE', #2561, 1000.000000000000227 ) ;
#396 = AXIS2_PLACEMENT_3D ( 'NONE', #3346, #4149, #3689 ) ;
#397 = ORIENTED_EDGE ( 'NONE', *, *, #1508, .T. ) ;
#398 = ORIENTED_EDGE ( 'NONE', *, *, #2433, .F. ) ;
#399 = DIRECTION ( 'NONE',  ( -1.000000000000000000, 1.086293913608650825E-16, -3.935942033589844618E-31 ) ) ;
#400 = VECTOR ( 'NONE', #4316, 1000.000000000000227 ) ;
#401 = AXIS2_PLACEMENT_3D ( 'NONE', #3136, #1650, #3625 ) ;
#402 = DIRECTION ( 'NONE',  ( 0.9999973318757248153, 0.002310030612744559762, -3.418525651287343639E-32 ) ) ;
#403 = DIRECTION ( 'NONE',  ( 1.000000000000000000, 1.629001437540167744E-16, -0.000000000000000000 ) ) ;
#404 = DIRECTION ( 'NONE',  ( 0.5960708565443469942, 0.001376945599845440325, 0.8029306557849834602 ) ) ;
#405 = EDGE_CURVE ( 'NONE', #2588, #459, #1186, .T. ) ;
#406 = CARTESIAN_POINT ( 'NONE',  ( -8.924235094193058160, 2.386298900080692231, 50.00000000000000000 ) ) ;
#407 = CIRCLE ( 'NONE', #4815, 1.550000000000000266 ) ;
#408 = CIRCLE ( 'NONE', #493, 1.049999999825789621 ) ;
#409 = ORIENTED_EDGE ( 'NONE', *, *, #2826, .T. ) ;
#410 = ORIENTED_EDGE ( 'NONE', *, *, #864, .T. ) ;
#411 = LINE ( 'NONE', #4551, #4490 ) ;
#412 = AXIS2_PLACEMENT_3D ( 'NONE', #4526, #78, #2340 ) ;
#413 = AXIS2_PLACEMENT_3D ( 'NONE', #2729, #4165, #825 ) ;
#414 = CARTESIAN_POINT ( 'NONE',  ( 9.367649908151285842, 52.65623994449506995, 42.68895153481192040 ) ) ;
#415 = DIRECTION ( 'NONE',  ( 0.000000000000000000, -1.000000000000000000, 6.039700452655045657E-13 ) ) ;
#416 = ADVANCED_FACE ( 'NONE', ( #1064 ), #1402, .T. ) ;
#417 = LINE ( 'NONE', #1620, #2300 ) ;
#418 = ORIENTED_EDGE ( 'NONE', *, *, #2689, .F. ) ;
#419 = AXIS2_PLACEMENT_3D ( 'NONE', #1785, #3636, #3666 ) ;
#420 = CARTESIAN_POINT ( 'NONE',  ( -0.3752417887738960234, 9.386298900080694452, 0.000000000000000000 ) ) ;
#421 = DIRECTION ( 'NONE',  ( 0.000000000000000000, -1.000000000000000000, -5.210670018760911445E-16 ) ) ;
#422 = DIRECTION ( 'NONE',  ( 1.000000000000000000, 0.000000000000000000, 0.000000000000000000 ) ) ;
#423 = CARTESIAN_POINT ( 'NONE',  ( 4.903265583583928056, 53.10272336027070850, 68.82671117685788431 ) ) ;
#424 = VECTOR ( 'NONE', #4329, 1000.000000000000000 ) ;
#425 = CARTESIAN_POINT ( 'NONE',  ( 5.806857916037369449, 88.22069035866626052, 68.82671117685788431 ) ) ;
#426 = EDGE_CURVE ( 'NONE', #566, #3599, #2614, .T. ) ;
#427 = EDGE_CURVE ( 'NONE', #1583, #4013, #623, .T. ) ;
#428 = EDGE_LOOP ( 'NONE', ( #1928, #504, #995, #1141 ) ) ;
#429 = EDGE_CURVE ( 'NONE', #1724, #1513, #3696, .T. ) ;
#430 = VERTEX_POINT ( 'NONE', #1380 ) ;
#431 = EDGE_LOOP ( 'NONE', ( #7, #3711, #770, #3079, #834 ) ) ;
#432 = DIRECTION ( 'NONE',  ( 0.000000000000000000, 0.000000000000000000, 1.000000000000000000 ) ) ;
#433 = ORIENTED_EDGE ( 'NONE', *, *, #2201, .T. ) ;
#434 =( BOUNDED_CURVE ( )  B_SPLINE_CURVE ( 3, ( #4057, #2934, #1814, #358 ),
 .UNSPECIFIED., .F., .T. ) 
 B_SPLINE_CURVE_WITH_KNOTS ( ( 4, 4 ),
 ( 3.880897715510581492, 3.897417370025053618 ),
 .UNSPECIFIED. ) 
 CURVE ( )  GEOMETRIC_REPRESENTATION_ITEM ( )  RATIONAL_B_SPLINE_CURVE ( ( 1.000000000000000000, 0.9999772585471881081, 0.9999772585471881081, 1.000000000000000000 ) ) 
 REPRESENTATION_ITEM ( '' )  );
#435 = CARTESIAN_POINT ( 'NONE',  ( 5.075764905806941840, 2.386298900080696672, 0.000000000000000000 ) ) ;
#436 = DIRECTION ( 'NONE',  ( 0.002310030612740220785, -0.9999973318757245933, 3.193368767321957072E-09 ) ) ;
#437 = ORIENTED_EDGE ( 'NONE', *, *, #2941, .F. ) ;
#438 = EDGE_CURVE ( 'NONE', #3383, #2439, #223, .T. ) ;
#439 = VERTEX_POINT ( 'NONE', #3231 ) ;
#440 = CARTESIAN_POINT ( 'NONE',  ( -23.55851196128725178, 113.4454051873819225, 34.47824667424357870 ) ) ;
#441 = LINE ( 'NONE', #4236, #2797 ) ;
#442 = DIRECTION ( 'NONE',  ( 0.002310030612740220785, -0.9999973318757245933, 3.193368767321957072E-09 ) ) ;
#443 = CARTESIAN_POINT ( 'NONE',  ( -23.41792176936259651, 52.58050406819095457, 43.68895291720279062 ) ) ;
#444 = ORIENTED_EDGE ( 'NONE', *, *, #697, .F. ) ;
#445 = PLANE ( 'NONE',  #556 ) ;
#446 = CARTESIAN_POINT ( 'NONE',  ( -1.925241788773891960, -4.613701099919306436, 50.00000000000000000 ) ) ;
#447 = CARTESIAN_POINT ( 'NONE',  ( -2.054683256259932644, 94.49502912802324772, 62.76666700000043164 ) ) ;
#448 = CARTESIAN_POINT ( 'NONE',  ( -8.924235094193058160, 2.386298900080692231, 50.00000000000000000 ) ) ;
#449 = EDGE_LOOP ( 'NONE', ( #4019, #3119, #4131, #4654 ) ) ;
#450 = EDGE_CURVE ( 'NONE', #2386, #2695, #3810, .T. ) ;
#451 = ORIENTED_EDGE ( 'NONE', *, *, #1233, .F. ) ;
#452 = VERTEX_POINT ( 'NONE', #4725 ) ;
#453 = DIRECTION ( 'NONE',  ( 0.9999784311125914371, 0.002309986951286700438, 0.006148273732108818120 ) ) ;
#454 = ORIENTED_EDGE ( 'NONE', *, *, #260, .T. ) ;
#455 = ADVANCED_FACE ( 'NONE', ( #2892 ), #2501, .T. ) ;
#456 = DIRECTION ( 'NONE',  ( -0.000000000000000000, -1.000000000000000000, -1.314650884662483754E-16 ) ) ;
#457 = CARTESIAN_POINT ( 'NONE',  ( 5.075764905806941840, 2.386298900080696672, 50.00000000000000000 ) ) ;
#458 = VERTEX_POINT ( 'NONE', #4475 ) ;
#459 = VERTEX_POINT ( 'NONE', #1479 ) ;
#460 = DIRECTION ( 'NONE',  ( -2.631707271538399232E-10, 0.000000000000000000, -1.000000000000000000 ) ) ;
#461 = CARTESIAN_POINT ( 'NONE',  ( 9.367649908151285842, 52.65623994449506995, 42.68895153481192040 ) ) ;
#462 = CARTESIAN_POINT ( 'NONE',  ( -0.6546869916338862172, 94.49826317088111693, 47.34166700000042738 ) ) ;
#463 = FACE_OUTER_BOUND ( 'NONE', #2563, .T. ) ;
#464 = ORIENTED_EDGE ( 'NONE', *, *, #4074, .T. ) ;
#465 = FACE_BOUND ( 'NONE', #2359, .T. ) ;
#466 = PRODUCT_DEFINITION_CONTEXT ( 'detailed design', #712, 'design' ) ;
#467 = CARTESIAN_POINT ( 'NONE',  ( 10.35728064616766275, 94.52370122110285422, 56.75600393457975912 ) ) ;
#468 = CARTESIAN_POINT ( 'NONE',  ( 0.03853715690678807121, -29.00073738427627390, 65.32670781691940931 ) ) ;
#469 = PLANE ( 'NONE',  #4667 ) ;
#470 = ORIENTED_EDGE ( 'NONE', *, *, #581, .T. ) ;
#471 = DIRECTION ( 'NONE',  ( -0.000000000000000000, -0.000000000000000000, -1.000000000000000000 ) ) ;
#472 = LINE ( 'NONE', #502, #4433 ) ;
#473 = EDGE_CURVE ( 'NONE', #4452, #2768, #1130, .T. ) ;
#474 = EDGE_LOOP ( 'NONE', ( #77, #3755 ) ) ;
#475 = DIRECTION ( 'NONE',  ( -0.002310030612744635656, 0.9999973318757248153, 1.314654392323781659E-16 ) ) ;
#476 = CARTESIAN_POINT ( 'NONE',  ( -21.84013089332503554, 88.17253587298618811, 47.34166700000142924 ) ) ;
#477 = CARTESIAN_POINT ( 'NONE',  ( -1.961028226400800989, 48.78451077437259897, 35.77815164648202284 ) ) ;
#478 = ORIENTED_EDGE ( 'NONE', *, *, #4786, .T. ) ;
#479 = VERTEX_POINT ( 'NONE', #2648 ) ;
#480 = EDGE_CURVE ( 'NONE', #2973, #4847, #1866, .T. ) ;
#481 = VECTOR ( 'NONE', #304, 999.9999999999998863 ) ;
#482 = CARTESIAN_POINT ( 'NONE',  ( -1.004817083608010364, 94.55417489030897116, 38.31666699981930435 ) ) ;
#483 = DIRECTION ( 'NONE',  ( 0.9999973318757245933, 0.002310030612744636957, 0.000000000000000000 ) ) ;
#484 = CARTESIAN_POINT ( 'NONE',  ( -20.95679284444563351, 88.17457641636492838, 34.47824667424357159 ) ) ;
#485 = VECTOR ( 'NONE', #4296, 1000.000000000000227 ) ;
#486 = CARTESIAN_POINT ( 'NONE',  ( -20.49933338875647237, 94.48948504650979885, 59.71975232697948144 ) ) ;
#487 = AXIS2_PLACEMENT_3D ( 'NONE', #4295, #1683, #3532 ) ;
#488 = PLANE ( 'NONE',  #2633 ) ;
#489 = ORIENTED_EDGE ( 'NONE', *, *, #4226, .F. ) ;
#490 = EDGE_CURVE ( 'NONE', #2386, #1709, #1549, .T. ) ;
#491 = VERTEX_POINT ( 'NONE', #2667 ) ;
#492 = EDGE_CURVE ( 'NONE', #3268, #3261, #3003, .T. ) ;
#493 = AXIS2_PLACEMENT_3D ( 'NONE', #1248, #562, #142 ) ;
#494 = DIRECTION ( 'NONE',  ( -8.145007187700838718E-17, 1.000000000000000000, -0.000000000000000000 ) ) ;
#495 = DIRECTION ( 'NONE',  ( -0.000000000000000000, 1.000000000000000000, -6.093149129227214677E-13 ) ) ;
#496 = CARTESIAN_POINT ( 'NONE',  ( -11.25465870951626357, 94.47377684638601636, 34.47824667424357159 ) ) ;
#497 = CARTESIAN_POINT ( 'NONE',  ( 1.290600740333201601, -28.99784507135240474, 36.47824939404222278 ) ) ;
#498 = VECTOR ( 'NONE', #517, 1000.000000000000000 ) ;
#499 = EDGE_CURVE ( 'NONE', #1055, #2739, #800, .T. ) ;
#500 = ORIENTED_EDGE ( 'NONE', *, *, #642, .F. ) ;
#501 = VECTOR ( 'NONE', #3686, 999.9999999999998863 ) ;
#502 = CARTESIAN_POINT ( 'NONE',  ( -21.75582692013241370, 75.51066902416856408, 30.14423030767164491 ) ) ;
#503 = VECTOR ( 'NONE', #837, 1000.000000000000000 ) ;
#504 = ORIENTED_EDGE ( 'NONE', *, *, #2781, .T. ) ;
#505 = DIRECTION ( 'NONE',  ( 1.203683937203171286E-18, -5.210670018760918348E-16, 1.000000000000000000 ) ) ;
#506 = EDGE_CURVE ( 'NONE', #1977, #2437, #744, .T. ) ;
#507 = DIRECTION ( 'NONE',  ( 0.000000000000000000, 0.000000000000000000, -1.000000000000000000 ) ) ;
#508 = AXIS2_PLACEMENT_3D ( 'NONE', #761, #2188, #1451 ) ;
#509 = DIRECTION ( 'NONE',  ( 0.000000000000000000, -1.000000000000000000, 2.631539034595277992E-19 ) ) ;
#510 = VERTEX_POINT ( 'NONE', #3767 ) ;
#511 = ORIENTED_EDGE ( 'NONE', *, *, #3269, .T. ) ;
#512 = EDGE_CURVE ( 'NONE', #715, #4174, #4867, .T. ) ;
#513 = DIRECTION ( 'NONE',  ( -1.091152692702142892E-32, 1.339658354568195596E-16, -1.000000000000000000 ) ) ;
#514 = DIRECTION ( 'NONE',  ( 0.000000000000000000, 0.000000000000000000, 1.000000000000000000 ) ) ;
#515 = CARTESIAN_POINT ( 'NONE',  ( -11.25465870951626357, 94.47377684638601636, 65.32670781691942352 ) ) ;
#516 = CARTESIAN_POINT ( 'NONE',  ( 1.180296779576429866, 18.75202709204821971, 50.00000000000000000 ) ) ;
#517 = DIRECTION ( 'NONE',  ( -0.000000000000000000, 1.000000000000000000, -0.000000000000000000 ) ) ;
#518 = ORIENTED_EDGE ( 'NONE', *, *, #3291, .T. ) ;
#519 = ORIENTED_EDGE ( 'NONE', *, *, #2045, .T. ) ;
#520 = CARTESIAN_POINT ( 'NONE',  ( 5.392644353664277190, 88.21973351010394992, 69.82671117685788431 ) ) ;
#521 = DIRECTION ( 'NONE',  ( 0.9999973318757245933, 0.002310030612744559328, -3.408896001565406913E-32 ) ) ;
#522 = FACE_OUTER_BOUND ( 'NONE', #694, .T. ) ;
#523 = CARTESIAN_POINT ( 'NONE',  ( -19.39585255503502381, 18.70449543037247864, 37.36017836553782701 ) ) ;
#524 = EDGE_CURVE ( 'NONE', #3261, #3358, #3746, .T. ) ;
#525 = ORIENTED_EDGE ( 'NONE', *, *, #1908, .F. ) ;
#526 = DIRECTION ( 'NONE',  ( -1.203683937203171286E-18, 5.210670018760918348E-16, -1.000000000000000000 ) ) ;
#527 = CARTESIAN_POINT ( 'NONE',  ( -27.02932183081542306, -29.06326513399118028, 68.82671117685787010 ) ) ;
#528 = EDGE_CURVE ( 'NONE', #510, #3706, #1498, .T. ) ;
#529 = VERTEX_POINT ( 'NONE', #2263 ) ;
#530 = DIRECTION ( 'NONE',  ( -1.000000000000000000, 0.000000000000000000, 0.000000000000000000 ) ) ;
#531 = LINE ( 'NONE', #929, #1365 ) ;
#532 = VERTEX_POINT ( 'NONE', #2965 ) ;
#533 = ORIENTED_EDGE ( 'NONE', *, *, #3033, .F. ) ;
#534 = LINE ( 'NONE', #2035, #1262 ) ;
#535 = CARTESIAN_POINT ( 'NONE',  ( -9.975241788773892893, 19.09851056116979962, 13.82552992589452501 ) ) ;
#536 = DIRECTION ( 'NONE',  ( 0.7059711029505690849, 0.001630819210757140838, 0.7082387607491268389 ) ) ;
#537 = DIRECTION ( 'NONE',  ( -0.000000000000000000, 1.000000000000000000, -0.000000000000000000 ) ) ;
#538 = EDGE_CURVE ( 'NONE', #1994, #3133, #3426, .T. ) ;
#539 =( NAMED_UNIT ( * ) PLANE_ANGLE_UNIT ( ) SI_UNIT ( $, .RADIAN. ) );
#540 = ORIENTED_EDGE ( 'NONE', *, *, #1944, .F. ) ;
#541 = EDGE_LOOP ( 'NONE', ( #3722, #2361, #3970, #233 ) ) ;
#542 = CARTESIAN_POINT ( 'NONE',  ( -0.3752417887738929148, 2.386298900080694452, 43.35000000000000853 ) ) ;
#543 = PLANE ( 'NONE',  #27 ) ;
#544 = CARTESIAN_POINT ( 'NONE',  ( -4.375241788773891471, 2.386298900080693564, 3.649999999999996803 ) ) ;
#545 = CARTESIAN_POINT ( 'NONE',  ( -24.50009285246563095, 88.15068018781624914, 43.68895153481192040 ) ) ;
#546 = ORIENTED_EDGE ( 'NONE', *, *, #2274, .T. ) ;
#547 = CYLINDRICAL_SURFACE ( 'NONE', #183, 1.000000000000000888 ) ;
#548 = ORIENTED_EDGE ( 'NONE', *, *, #3777, .T. ) ;
#549 = APPLICATION_CONTEXT ( 'automotive_design' ) ;
#550 = CARTESIAN_POINT ( 'NONE',  ( 8.175764905806939709, 2.386298900080696672, 50.00000000000000000 ) ) ;
#551 = EDGE_CURVE ( 'NONE', #1808, #2912, #1738, .T. ) ;
#552 = ORIENTED_EDGE ( 'NONE', *, *, #2905, .F. ) ;
#553 = CARTESIAN_POINT ( 'NONE',  ( -2.375241788773896356, 22.89802802666984149, 4.455562988888649656 ) ) ;
#554 = DIRECTION ( 'NONE',  ( -1.091152692702142892E-32, 1.339658354568195596E-16, -1.000000000000000000 ) ) ;
#555 = DIRECTION ( 'NONE',  ( 1.000000000000000000, 0.000000000000000000, 0.000000000000000000 ) ) ;
#556 = AXIS2_PLACEMENT_3D ( 'NONE', #4162, #24, #3803 ) ;
#557 = EDGE_LOOP ( 'NONE', ( #1593, #3721, #665, #3507 ) ) ;
#558 = VERTEX_POINT ( 'NONE', #1526 ) ;
#559 = AXIS2_PLACEMENT_3D ( 'NONE', #4628, #3584, #199 ) ;
#560 = DIRECTION ( 'NONE',  ( -1.000000000000000000, 0.000000000000000000, 3.720252439679263838E-14 ) ) ;
#561 = FACE_OUTER_BOUND ( 'NONE', #3229, .T. ) ;
#562 = DIRECTION ( 'NONE',  ( 0.002310030612744637390, -0.9999973318757248153, -0.000000000000000000 ) ) ;
#563 = CARTESIAN_POINT ( 'NONE',  ( -9.975241788773887563, 22.68429699879670736, 13.82552992589453034 ) ) ;
#564 = VECTOR ( 'NONE', #978, 1000.000000000000000 ) ;
#565 = VECTOR ( 'NONE', #3149, 1000.000000000000114 ) ;
#566 = VERTEX_POINT ( 'NONE', #2286 ) ;
#567 = EDGE_LOOP ( 'NONE', ( #866, #777, #3155, #4376 ) ) ;
#568 = DIRECTION ( 'NONE',  ( -1.000000000000000000, 0.000000000000000000, 0.000000000000000000 ) ) ;
#569 = EDGE_CURVE ( 'NONE', #2233, #4643, #3030, .T. ) ;
#570 = AXIS2_PLACEMENT_3D ( 'NONE', #3727, #2984, #1105 ) ;
#571 = VECTOR ( 'NONE', #4111, 1000.000000000000000 ) ;
#572 = LINE ( 'NONE', #1382, #3814 ) ;
#573 = DIRECTION ( 'NONE',  ( -0.9999973318757247043, -0.002310030612743404436, 0.000000000000000000 ) ) ;
#574 = FACE_OUTER_BOUND ( 'NONE', #2412, .T. ) ;
#575 = AXIS2_PLACEMENT_3D ( 'NONE', #1264, #505, #779 ) ;
#576 = AXIS2_PLACEMENT_3D ( 'NONE', #1031, #670, #2167 ) ;
#577 = ORIENTED_EDGE ( 'NONE', *, *, #1758, .T. ) ;
#578 = CYLINDRICAL_SURFACE ( 'NONE', #1415, 9.599999999999997868 ) ;
#579 = LINE ( 'NONE', #2435, #2709 ) ;
#580 = EDGE_LOOP ( 'NONE', ( #4626, #1304, #2731, #741, #784 ) ) ;
#581 = EDGE_CURVE ( 'NONE', #1326, #2630, #411, .T. ) ;
#582 = VECTOR ( 'NONE', #1387, 1000.000000000000000 ) ;
#583 = CARTESIAN_POINT ( 'NONE',  ( -0.4039405623301853820, -14.04824280513435042, 40.96666697601041562 ) ) ;
#584 = VECTOR ( 'NONE', #3166, 1000.000000000000000 ) ;
#585 = EDGE_CURVE ( 'NONE', #4847, #1539, #2490, .T. ) ;
#586 = ORIENTED_EDGE ( 'NONE', *, *, #3052, .T. ) ;
#587 = VECTOR ( 'NONE', #2855, 1000.000000000000000 ) ;
#588 = CARTESIAN_POINT ( 'NONE',  ( -23.50009552059086104, 88.15299021842896821, 43.68895291720279062 ) ) ;
#589 = LINE ( 'NONE', #4249, #1761 ) ;
#590 = AXIS2_PLACEMENT_3D ( 'NONE', #3895, #4257, #4212 ) ;
#591 = EDGE_CURVE ( 'NONE', #1637, #1371, #2596, .T. ) ;
#592 = EDGE_CURVE ( 'NONE', #4143, #3522, #2441, .T. ) ;
#593 = ORIENTED_EDGE ( 'NONE', *, *, #4632, .F. ) ;
#594 = ORIENTED_EDGE ( 'NONE', *, *, #1568, .T. ) ;
#595 = CIRCLE ( 'NONE', #3267, 1.049999999999995159 ) ;
#596 = LINE ( 'NONE', #2092, #3317 ) ;
#597 = DIRECTION ( 'NONE',  ( 1.000000000000000000, 0.000000000000000000, -2.631707271538399749E-10 ) ) ;
#598 = CYLINDRICAL_SURFACE ( 'NONE', #255, 4.000000000000000888 ) ;
#599 = DIRECTION ( 'NONE',  ( 0.6139149312079335008, 0.000000000000000000, -0.7893721918334585252 ) ) ;
#600 = ORIENTED_EDGE ( 'NONE', *, *, #2267, .T. ) ;
#601 = VERTEX_POINT ( 'NONE', #1567 ) ;
#602 = DIRECTION ( 'NONE',  ( -5.421010862427522786E-17, -4.415417243907649177E-33, -1.000000000000000000 ) ) ;
#603 = LINE ( 'NONE', #3944, #2001 ) ;
#604 = DIRECTION ( 'NONE',  ( -0.000000000000000000, -0.000000000000000000, -1.000000000000000000 ) ) ;
#605 = DIRECTION ( 'NONE',  ( -8.145007187700838718E-17, 1.000000000000000000, -0.000000000000000000 ) ) ;
#606 = VERTEX_POINT ( 'NONE', #164 ) ;
#607 = DIRECTION ( 'NONE',  ( 0.000000000000000000, -1.000000000000000000, 0.000000000000000000 ) ) ;
#608 = DIRECTION ( 'NONE',  ( 0.000000000000000000, 0.000000000000000000, 1.000000000000000000 ) ) ;
#609 = DIRECTION ( 'NONE',  ( 0.000000000000000000, 0.000000000000000000, 1.000000000000000000 ) ) ;
#610 = EDGE_CURVE ( 'NONE', #1293, #4704, #534, .T. ) ;
#611 = ORIENTED_EDGE ( 'NONE', *, *, #2330, .F. ) ;
#612 = DIRECTION ( 'NONE',  ( 0.9999973318757247043, 0.002310030612739934989, 0.000000000000000000 ) ) ;
#613 = LINE ( 'NONE', #232, #4516 ) ;
#614 = ORIENTED_EDGE ( 'NONE', *, *, #2162, .F. ) ;
#615 = ORIENTED_EDGE ( 'NONE', *, *, #3200, .F. ) ;
#616 = EDGE_CURVE ( 'NONE', #1358, #2912, #1272, .T. ) ;
#617 = DIRECTION ( 'NONE',  ( -0.000000000000000000, -0.000000000000000000, -1.000000000000000000 ) ) ;
#618 = FACE_OUTER_BOUND ( 'NONE', #147, .T. ) ;
#619 = DIRECTION ( 'NONE',  ( 1.382387176899654610E-06, 3.193365217867661880E-09, -0.9999999999990444310 ) ) ;
#620 = EDGE_CURVE ( 'NONE', #2086, #1358, #117, .T. ) ;
#621 = ORIENTED_EDGE ( 'NONE', *, *, #3122, .T. ) ;
#622 = VERTEX_POINT ( 'NONE', #4621 ) ;
#623 = LINE ( 'NONE', #3654, #879 ) ;
#624 = CARTESIAN_POINT ( 'NONE',  ( -27.04835685023606118, 22.68429699879670736, 35.77815165310016710 ) ) ;
#625 = CYLINDRICAL_SURFACE ( 'NONE', #3482, 1.549999999999999378 ) ;
#626 = CARTESIAN_POINT ( 'NONE',  ( -0.3752417887738929148, 22.68429699879670380, 49.00000000000000000 ) ) ;
#627 = EDGE_CURVE ( 'NONE', #3247, #1428, #3554, .T. ) ;
#628 = ORIENTED_EDGE ( 'NONE', *, *, #4339, .F. ) ;
#629 = DIRECTION ( 'NONE',  ( 0.9999973318757245933, 0.002310030612744636957, -2.631723147256120476E-10 ) ) ;
#630 = FACE_OUTER_BOUND ( 'NONE', #2395, .T. ) ;
#631 = DIRECTION ( 'NONE',  ( -1.000000000000000000, 0.000000000000000000, 0.000000000000000000 ) ) ;
#632 = EDGE_CURVE ( 'NONE', #3773, #4200, #2012, .T. ) ;
#633 = ORIENTED_EDGE ( 'NONE', *, *, #528, .F. ) ;
#634 = DIRECTION ( 'NONE',  ( 0.000000000000000000, 0.000000000000000000, 1.000000000000000000 ) ) ;
#635 = ADVANCED_FACE ( 'NONE', ( #2811 ), #886, .T. ) ;
#636 = EDGE_CURVE ( 'NONE', #4143, #3695, #3177, .T. ) ;
#637 = EDGE_LOOP ( 'NONE', ( #3254, #4555, #2355, #4799 ) ) ;
#638 = ORIENTED_EDGE ( 'NONE', *, *, #780, .T. ) ;
#639 = VECTOR ( 'NONE', #656, 1000.000000000000227 ) ;
#640 = LINE ( 'NONE', #3645, #4044 ) ;
#641 = FACE_OUTER_BOUND ( 'NONE', #2306, .T. ) ;
#642 = EDGE_CURVE ( 'NONE', #3413, #2810, #1618, .T. ) ;
#643 = EDGE_CURVE ( 'NONE', #4787, #4683, #1639, .T. ) ;
#644 = ORIENTED_EDGE ( 'NONE', *, *, #2299, .T. ) ;
#645 = ORIENTED_EDGE ( 'NONE', *, *, #4297, .F. ) ;
#646 = AXIS2_PLACEMENT_3D ( 'NONE', #1888, #4826, #3396 ) ;
#647 = DIRECTION ( 'NONE',  ( 0.9999973318747691353, 0.002310030612742428654, 1.382390865290281044E-06 ) ) ;
#648 = DIRECTION ( 'NONE',  ( 2.631707271538399749E-10, 0.000000000000000000, 1.000000000000000000 ) ) ;
#649 = SPHERICAL_SURFACE ( 'NONE', #2703, 1.000000000000000000 ) ;
#650 = CARTESIAN_POINT ( 'NONE',  ( -28.35849915429073675, 113.4343170404407459, 63.12688919022990319 ) ) ;
#651 = AXIS2_PLACEMENT_3D ( 'NONE', #3476, #3453, #421 ) ;
#652 = EDGE_CURVE ( 'NONE', #4168, #1157, #3126, .T. ) ;
#653 = ORIENTED_EDGE ( 'NONE', *, *, #221, .F. ) ;
#654 = VECTOR ( 'NONE', #4535, 1000.000000000000000 ) ;
#655 = VECTOR ( 'NONE', #869, 1000.000000000000227 ) ;
#656 = DIRECTION ( 'NONE',  ( -0.002310030612744636089, 0.9999973318757245933, 1.314654392323783878E-16 ) ) ;
#657 = CARTESIAN_POINT ( 'NONE',  ( -0.3752417887738929148, 2.386298900080694452, 6.649999999999995914 ) ) ;
#658 = LINE ( 'NONE', #3955, #2072 ) ;
#659 = AXIS2_PLACEMENT_3D ( 'NONE', #229, #1731, #1710 ) ;
#660 = ADVANCED_FACE ( 'NONE', ( #4307 ), #4646, .T. ) ;
#661 = ORIENTED_EDGE ( 'NONE', *, *, #1953, .T. ) ;
#662 = AXIS2_PLACEMENT_3D ( 'NONE', #3068, #1518, #1614 ) ;
#663 = CARTESIAN_POINT ( 'NONE',  ( 8.224758211226104621, 23.68429699879670736, 50.00000000000000000 ) ) ;
#664 = VECTOR ( 'NONE', #3479, 1000.000000000000000 ) ;
#665 = ORIENTED_EDGE ( 'NONE', *, *, #3392, .T. ) ;
#666 = ORIENTED_EDGE ( 'NONE', *, *, #2299, .F. ) ;
#667 = DIRECTION ( 'NONE',  ( -0.8029285134662095258, -0.001854794394774516349, 0.5960724469397125080 ) ) ;
#668 = AXIS2_PLACEMENT_3D ( 'NONE', #2172, #4460, #2650 ) ;
#669 = CARTESIAN_POINT ( 'NONE',  ( -4.203931501676063220, -14.05702092395350000, 40.96666720032041553 ) ) ;
#670 = DIRECTION ( 'NONE',  ( 0.000000000000000000, -0.000000000000000000, -1.000000000000000000 ) ) ;
#671 = ORIENTED_EDGE ( 'NONE', *, *, #3432, .T. ) ;
#672 = ORIENTED_EDGE ( 'NONE', *, *, #1243, .T. ) ;
#673 =( GEOMETRIC_REPRESENTATION_CONTEXT ( 3 ) GLOBAL_UNCERTAINTY_ASSIGNED_CONTEXT ( ( #2548 ) ) GLOBAL_UNIT_ASSIGNED_CONTEXT ( ( #2112, #955, #4743 ) ) REPRESENTATION_CONTEXT ( 'NONE', 'WORKASPACE' ) );
#674 = EDGE_CURVE ( 'NONE', #4303, #3541, #1114, .T. ) ;
#675 = DIRECTION ( 'NONE',  ( -1.000000000000000000, 0.000000000000000000, 0.000000000000000000 ) ) ;
#676 = FACE_OUTER_BOUND ( 'NONE', #4777, .T. ) ;
#677 = CARTESIAN_POINT ( 'NONE',  ( -4.375241788773893248, 2.386298900080694452, 50.00000000000000000 ) ) ;
#678 = CARTESIAN_POINT ( 'NONE',  ( 48.29692856710278903, 48.78451077974749950, 35.77815165332165748 ) ) ;
#679 = ORIENTED_EDGE ( 'NONE', *, *, #69, .F. ) ;
#680 = ORIENTED_EDGE ( 'NONE', *, *, #3224, .T. ) ;
#681 = LINE ( 'NONE', #4372, #1970 ) ;
#682 = CARTESIAN_POINT ( 'NONE',  ( -2.040183722185751503, 88.21827447911852005, 38.31666702004447700 ) ) ;
#683 = EDGE_CURVE ( 'NONE', #4643, #4291, #3447, .T. ) ;
#684 = CARTESIAN_POINT ( 'NONE',  ( -22.54009273267019964, 88.15520786017432897, 62.76666700000041743 ) ) ;
#685 = CARTESIAN_POINT ( 'NONE',  ( -1.983849072060328345, 93.88465243608212063, 28.77538651046046425 ) ) ;
#686 = ORIENTED_EDGE ( 'NONE', *, *, #551, .T. ) ;
#687 = FACE_OUTER_BOUND ( 'NONE', #4137, .T. ) ;
#688 = ORIENTED_EDGE ( 'NONE', *, *, #3756, .T. ) ;
#689 = ADVANCED_FACE ( 'NONE', ( #4211 ), #3106, .T. ) ;
#690 = DIRECTION ( 'NONE',  ( 0.9999973318757245933, 0.002310030612747860507, 0.000000000000000000 ) ) ;
#691 = FACE_OUTER_BOUND ( 'NONE', #2254, .T. ) ;
#692 = DIRECTION ( 'NONE',  ( 0.002310030612744635656, -0.9999973318757245933, 0.000000000000000000 ) ) ;
#693 = ORIENTED_EDGE ( 'NONE', *, *, #4112, .T. ) ;
#694 = EDGE_LOOP ( 'NONE', ( #1857, #1789, #4381, #331 ) ) ;
#695 = LINE ( 'NONE', #745, #4364 ) ;
#696 = DIRECTION ( 'NONE',  ( -0.000000000000000000, -0.000000000000000000, -1.000000000000000000 ) ) ;
#697 = EDGE_CURVE ( 'NONE', #53, #2890, #1962, .T. ) ;
#698 = DIRECTION ( 'NONE',  ( 1.900463126948074164E-32, -1.000000000000000000, -1.314650884662483754E-16 ) ) ;
#699 = VERTEX_POINT ( 'NONE', #4235 ) ;
#700 = DIRECTION ( 'NONE',  ( 0.002310030612740221218, -0.9999973318757247043, 3.193368767321957486E-09 ) ) ;
#701 = DIRECTION ( 'NONE',  ( 1.000000000000000000, 0.000000000000000000, 0.000000000000000000 ) ) ;
#702 = CARTESIAN_POINT ( 'NONE',  ( -5.824235094193059403, 2.386298900080692231, 50.00000000000000000 ) ) ;
#703 = FACE_OUTER_BOUND ( 'NONE', #2658, .T. ) ;
#704 = ORIENTED_EDGE ( 'NONE', *, *, #4292, .T. ) ;
#705 = ADVANCED_FACE ( 'NONE', ( #859 ), #3866, .F. ) ;
#706 = DIRECTION ( 'NONE',  ( 1.000000000000000000, 0.000000000000000000, 0.000000000000000000 ) ) ;
#707 = ORIENTED_EDGE ( 'NONE', *, *, #954, .T. ) ;
#708 = ORIENTED_EDGE ( 'NONE', *, *, #1942, .F. ) ;
#709 = CARTESIAN_POINT ( 'NONE',  ( 1.180453238582698017, 18.68429699879670736, 63.01053066435613204 ) ) ;
#710 = CARTESIAN_POINT ( 'NONE',  ( 5.806857916037371226, 93.83813496533005605, 57.82671117685787721 ) ) ;
#711 = DIRECTION ( 'NONE',  ( 0.000000000000000000, 1.000000000000000000, -0.000000000000000000 ) ) ;
#712 = APPLICATION_CONTEXT ( 'automotive_design' ) ;
#713 = ORIENTED_EDGE ( 'NONE', *, *, #3560, .T. ) ;
#714 = EDGE_CURVE ( 'NONE', #1522, #4698, #2466, .T. ) ;
#715 = VERTEX_POINT ( 'NONE', #2137 ) ;
#716 = DIRECTION ( 'NONE',  ( -1.000000000000000000, 0.000000000000000000, 0.000000000000000000 ) ) ;
#717 = DIRECTION ( 'NONE',  ( -0.002310030612744636523, 0.9999973318757247043, 2.685669595212177235E-19 ) ) ;
#718 = DIRECTION ( 'NONE',  ( 1.382387176899655034E-06, 3.193365217599097014E-09, -0.9999999999990444310 ) ) ;
#719 = EDGE_CURVE ( 'NONE', #1371, #3992, #2141, .T. ) ;
#720 = PLANE ( 'NONE',  #4251 ) ;
#721 = LINE ( 'NONE', #3360, #1595 ) ;
#722 = CIRCLE ( 'NONE', #2927, 4.000000000000000888 ) ;
#723 = CARTESIAN_POINT ( 'NONE',  ( 5.819834350421339231, 88.22072033470691110, 43.68895153481192040 ) ) ;
#724 = CARTESIAN_POINT ( 'NONE',  ( -20.45321490412765186, 93.83813496533004184, 64.86666699414547566 ) ) ;
#725 = AXIS2_PLACEMENT_3D ( 'NONE', #4863, #849, #1494 ) ;
#726 = ORIENTED_EDGE ( 'NONE', *, *, #3500, .T. ) ;
#727 = VECTOR ( 'NONE', #1057, 1000.000000000000000 ) ;
#728 = ORIENTED_EDGE ( 'NONE', *, *, #506, .F. ) ;
#729 = EDGE_CURVE ( 'NONE', #3684, #1539, #1769, .T. ) ;
#730 = VECTOR ( 'NONE', #1133, 1000.000000000000114 ) ;
#731 = VECTOR ( 'NONE', #4140, 1000.000000000000227 ) ;
#732 = ORIENTED_EDGE ( 'NONE', *, *, #2668, .T. ) ;
#733 = VERTEX_POINT ( 'NONE', #2063 ) ;
#734 = AXIS2_PLACEMENT_3D ( 'NONE', #3783, #399, #2460 ) ;
#735 = LINE ( 'NONE', #1881, #884 ) ;
#736 = ADVANCED_FACE ( 'NONE', ( #2165 ), #261, .T. ) ;
#737 = DIRECTION ( 'NONE',  ( 0.000000000000000000, -0.000000000000000000, 1.000000000000000000 ) ) ;
#738 = DIRECTION ( 'NONE',  ( -1.091152692702142892E-32, 1.339658354568195596E-16, -1.000000000000000000 ) ) ;
#739 = EDGE_CURVE ( 'NONE', #893, #3954, #4700, .T. ) ;
#740 = AXIS2_PLACEMENT_3D ( 'NONE', #3024, #377, #11 ) ;
#741 = ORIENTED_EDGE ( 'NONE', *, *, #1007, .F. ) ;
#742 = ORIENTED_EDGE ( 'NONE', *, *, #1737, .F. ) ;
#743 = AXIS2_PLACEMENT_3D ( 'NONE', #1806, #1469, #4163 ) ;
#744 = LINE ( 'NONE', #3375, #2852 ) ;
#745 = CARTESIAN_POINT ( 'NONE',  ( -1.997897141117223496, 88.21837216267594783, 47.34166699477945883 ) ) ;
#746 = CARTESIAN_POINT ( 'NONE',  ( -0.3752417887738929148, 2.386298900080694452, 43.35000000000000853 ) ) ;
#747 = CARTESIAN_POINT ( 'NONE',  ( -28.31323125302392540, 52.01245501325698228, 69.82671117685787010 ) ) ;
#748 = AXIS2_PLACEMENT_3D ( 'NONE', #1403, #1037, #201 ) ;
#749 = ORIENTED_EDGE ( 'NONE', *, *, #4587, .F. ) ;
#750 = CARTESIAN_POINT ( 'NONE',  ( -28.09359293464420304, 18.68429699879670380, 36.47824939404222988 ) ) ;
#751 = FACE_BOUND ( 'NONE', #1229, .T. ) ;
#752 = CARTESIAN_POINT ( 'NONE',  ( -0.2644974041634671758, 114.4992178858058196, 35.47824667424358580 ) ) ;
#753 = ORIENTED_EDGE ( 'NONE', *, *, #1008, .F. ) ;
#754 = VERTEX_POINT ( 'NONE', #2515 ) ;
#755 =( BOUNDED_CURVE ( )  B_SPLINE_CURVE ( 3, ( #2970, #1406, #4020, #2154 ),
 .UNSPECIFIED., .F., .F. ) 
 B_SPLINE_CURVE_WITH_KNOTS ( ( 4, 4 ),
 ( 1.997762988419693999E-09, 3.141592651577166162 ),
 .UNSPECIFIED. ) 
 CURVE ( )  GEOMETRIC_REPRESENTATION_ITEM ( )  RATIONAL_B_SPLINE_CURVE ( ( 1.000000000000000000, 0.3333333346701299882, 0.3333333346701299882, 1.000000000000000000 ) ) 
 REPRESENTATION_ITEM ( '' )  );
#756 = EDGE_CURVE ( 'NONE', #1101, #699, #3273, .T. ) ;
#757 = ORIENTED_EDGE ( 'NONE', *, *, #4332, .F. ) ;
#758 = ORIENTED_EDGE ( 'NONE', *, *, #1543, .T. ) ;
#759 = CARTESIAN_POINT ( 'NONE',  ( -21.50463136124279018, 94.45009903260537953, 38.31666700000042169 ) ) ;
#760 = CARTESIAN_POINT ( 'NONE',  ( 4.819837018545613638, 88.21841030409416362, 42.68895153481192040 ) ) ;
#761 = CARTESIAN_POINT ( 'NONE',  ( -1.527575226297887455E-29, 5.283522984910514547E-15, 36.47824939404222988 ) ) ;
#762 = CARTESIAN_POINT ( 'NONE',  ( 5.497690932826614585, 48.78451077284172044, 35.77815164451910590 ) ) ;
#763 = EDGE_LOOP ( 'NONE', ( #1880, #1495, #2955, #2959 ) ) ;
#764 = EDGE_LOOP ( 'NONE', ( #3651, #1189, #1269, #2566 ) ) ;
#765 = DIRECTION ( 'NONE',  ( 0.002310030612744635656, -0.9999973318757245933, -1.314654392325801390E-16 ) ) ;
#766 = ADVANCED_FACE ( 'NONE', ( #4768 ), #3574, .F. ) ;
#767 = CARTESIAN_POINT ( 'NONE',  ( 5.761407941737090255, 113.5131352806333922, 35.47824939404223699 ) ) ;
#768 = CARTESIAN_POINT ( 'NONE',  ( -17.80389307097763663, -14.08843733533363185, 40.96666720124041916 ) ) ;
#769 = CARTESIAN_POINT ( 'NONE',  ( -27.21681824921459381, 52.10272336027070850, 69.82671117685788431 ) ) ;
#770 = ORIENTED_EDGE ( 'NONE', *, *, #260, .F. ) ;
#771 = DIRECTION ( 'NONE',  ( -1.203683937203171286E-18, 5.210670018760918348E-16, -1.000000000000000000 ) ) ;
#772 = DIRECTION ( 'NONE',  ( -0.000000000000000000, -0.000000000000000000, -1.000000000000000000 ) ) ;
#773 = CARTESIAN_POINT ( 'NONE',  ( -26.52361887904622151, 18.68429699879670380, 35.77815165296449607 ) ) ;
#774 = ORIENTED_EDGE ( 'NONE', *, *, #1812, .T. ) ;
#775 = ORIENTED_EDGE ( 'NONE', *, *, #3304, .T. ) ;
#776 = EDGE_CURVE ( 'NONE', #3466, #4695, #4429, .T. ) ;
#777 = ORIENTED_EDGE ( 'NONE', *, *, #3040, .T. ) ;
#778 = VERTEX_POINT ( 'NONE', #1739 ) ;
#779 = DIRECTION ( 'NONE',  ( 0.000000000000000000, -1.000000000000000000, -5.210670018760911445E-16 ) ) ;
#780 = EDGE_CURVE ( 'NONE', #4531, #4106, #4403, .T. ) ;
#781 = CARTESIAN_POINT ( 'NONE',  ( -23.41791083357236758, 52.58050409345302967, 35.77815165212521720 ) ) ;
#782 = DIRECTION ( 'NONE',  ( -0.002310030612744635656, 0.9999973318757248153, 1.314654392323781659E-16 ) ) ;
#783 = CARTESIAN_POINT ( 'NONE',  ( -27.35850182241501827, 113.4366270710534650, 35.47824667424358580 ) ) ;
#784 = ORIENTED_EDGE ( 'NONE', *, *, #2754, .F. ) ;
#785 = ORIENTED_EDGE ( 'NONE', *, *, #353, .T. ) ;
#786 = DIRECTION ( 'NONE',  ( 0.000000000000000000, 0.000000000000000000, 1.000000000000000000 ) ) ;
#787 = DIRECTION ( 'NONE',  ( 1.000000000000000000, 0.000000000000000000, -3.036891891447373368E-19 ) ) ;
#788 = CARTESIAN_POINT ( 'NONE',  ( 1.459108050000146761, 114.5031994777926201, 5.167367340607811998E-14 ) ) ;
#789 = ADVANCED_FACE ( 'NONE', ( #4789 ), #1028, .T. ) ;
#790 = DIRECTION ( 'NONE',  ( -0.6139149312079335008, -5.000341527325484208E-17, 0.7893721918334585252 ) ) ;
#791 = EDGE_LOOP ( 'NONE', ( #614, #2833, #1773, #4865 ) ) ;
#792 = ADVANCED_FACE ( 'NONE', ( #959 ), #1698, .F. ) ;
#793 = DIRECTION ( 'NONE',  ( 1.000000000000000000, 0.000000000000000000, 0.000000000000000000 ) ) ;
#794 = FACE_OUTER_BOUND ( 'NONE', #4839, .T. ) ;
#795 = LINE ( 'NONE', #663, #257 ) ;
#796 = CARTESIAN_POINT ( 'NONE',  ( 5.904318132262342367, 51.64823685259316477, 35.77815137691118252 ) ) ;
#797 = DIRECTION ( 'NONE',  ( 0.002310030612740221218, -0.9999973318757247043, 3.193368767321957486E-09 ) ) ;
#798 = EDGE_CURVE ( 'NONE', #2578, #2017, #3714, .T. ) ;
#799 = VERTEX_POINT ( 'NONE', #286 ) ;
#800 = CIRCLE ( 'NONE', #1579, 1.550000000000000266 ) ;
#801 = EDGE_CURVE ( 'NONE', #4093, #622, #1414, .T. ) ;
#802 = AXIS2_PLACEMENT_3D ( 'NONE', #497, #3457, #1576 ) ;
#803 = VECTOR ( 'NONE', #2366, 1000.000000000000000 ) ;
#804 = ORIENTED_EDGE ( 'NONE', *, *, #109, .F. ) ;
#805 = ORIENTED_EDGE ( 'NONE', *, *, #2941, .T. ) ;
#806 = DIRECTION ( 'NONE',  ( 0.002310030612744635656, -0.9999973318757245933, -1.314654392323784371E-16 ) ) ;
#807 = ORIENTED_EDGE ( 'NONE', *, *, #1908, .T. ) ;
#808 = DIRECTION ( 'NONE',  ( 0.9999973318757245933, 0.002310030612747860507, 0.000000000000000000 ) ) ;
#809 = VECTOR ( 'NONE', #3919, 1000.000000000000000 ) ;
#810 = CIRCLE ( 'NONE', #3567, 0.9999999999999991118 ) ;
#811 = VERTEX_POINT ( 'NONE', #2932 ) ;
#812 = ORIENTED_EDGE ( 'NONE', *, *, #1564, .T. ) ;
#813 =( BOUNDED_CURVE ( )  B_SPLINE_CURVE ( 3, ( #2526, #1070, #4046, #2580 ),
 .UNSPECIFIED., .F., .F. ) 
 B_SPLINE_CURVE_WITH_KNOTS ( ( 4, 4 ),
 ( 6.282063646332580298, 7.851043666733353632 ),
 .UNSPECIFIED. ) 
 CURVE ( )  GEOMETRIC_REPRESENTATION_ITEM ( )  RATIONAL_B_SPLINE_CURVE ( ( 1.000000000000000000, 0.8051657671945898764, 0.8051657671945898764, 1.000000000000000000 ) ) 
 REPRESENTATION_ITEM ( '' )  );
#814 = CARTESIAN_POINT ( 'NONE',  ( 0.04683979755356424551, 93.83813496533007026, 62.15159124172952687 ) ) ;
#815 = VECTOR ( 'NONE', #1981, 1000.000000000000114 ) ;
#816 = VECTOR ( 'NONE', #2354, 1000.000000000000000 ) ;
#817 = DIRECTION ( 'NONE',  ( -0.000000000000000000, 1.000000000000000000, -0.000000000000000000 ) ) ;
#818 = CARTESIAN_POINT ( 'NONE',  ( -20.45476518859086212, 94.50924479489115981, 38.31666699981929725 ) ) ;
#819 = CARTESIAN_POINT ( 'NONE',  ( -23.50009552059086104, 88.15299021842899663, 43.68895291720277640 ) ) ;
#820 = ADVANCED_FACE ( 'NONE', ( #2568 ), #3601, .T. ) ;
#821 = ORIENTED_EDGE ( 'NONE', *, *, #3865, .F. ) ;
#822 = FACE_OUTER_BOUND ( 'NONE', #1951, .T. ) ;
#823 = CARTESIAN_POINT ( 'NONE',  ( -1.983849143455169495, 93.88465243609338984, 47.34166699488380914 ) ) ;
#824 = CARTESIAN_POINT ( 'NONE',  ( 8.175764905806939709, 2.386298900080696672, 50.00000000000000000 ) ) ;
#825 = DIRECTION ( 'NONE',  ( -2.631707271538399749E-10, 0.000000000000000000, -1.000000000000000000 ) ) ;
#826 = ORIENTED_EDGE ( 'NONE', *, *, #3200, .T. ) ;
#827 = EDGE_CURVE ( 'NONE', #182, #2654, #596, .T. ) ;
#828 = ORIENTED_EDGE ( 'NONE', *, *, #4850, .F. ) ;
#829 = ORIENTED_EDGE ( 'NONE', *, *, #2267, .F. ) ;
#830 = DIRECTION ( 'NONE',  ( -0.9999973318757245933, -0.002310030612747860507, 0.000000000000000000 ) ) ;
#831 = ORIENTED_EDGE ( 'NONE', *, *, #4423, .F. ) ;
#832 = LINE ( 'NONE', #4205, #254 ) ;
#833 = CARTESIAN_POINT ( 'NONE',  ( -2.375241788773899021, 47.51268136817443377, 35.77815164659180880 ) ) ;
#834 = ORIENTED_EDGE ( 'NONE', *, *, #4834, .F. ) ;
#835 = VERTEX_POINT ( 'NONE', #1913 ) ;
#836 = CARTESIAN_POINT ( 'NONE',  ( -21.84013090193500872, 88.17253587296630712, 40.96666697590041650 ) ) ;
#837 = DIRECTION ( 'NONE',  ( 0.000000000000000000, 0.000000000000000000, 1.000000000000000000 ) ) ;
#838 = CARTESIAN_POINT ( 'NONE',  ( -25.78152732349233389, 23.68429699879670380, 35.77815165276616227 ) ) ;
#839 = DIRECTION ( 'NONE',  ( 0.002310030612744635656, -0.9999973318757245933, -0.000000000000000000 ) ) ;
#840 = VERTEX_POINT ( 'NONE', #2607 ) ;
#841 = DIRECTION ( 'NONE',  ( 0.9999973318757245933, 0.002310030612747858338, 0.000000000000000000 ) ) ;
#842 = EDGE_CURVE ( 'NONE', #2973, #1145, #1581, .T. ) ;
#843 = CARTESIAN_POINT ( 'NONE',  ( -21.84013090193500872, 88.17253587296630712, 40.96666697590043071 ) ) ;
#844 = LINE ( 'NONE', #468, #4424 ) ;
#845 = ADVANCED_FACE ( 'NONE', ( #2637 ), #4861, .T. ) ;
#846 = CARTESIAN_POINT ( 'NONE',  ( 4.902010769773879062, 52.64592415385614288, 42.68895153481192040 ) ) ;
#847 = ORIENTED_EDGE ( 'NONE', *, *, #3683, .T. ) ;
#848 = DIRECTION ( 'NONE',  ( 0.9999973318757245933, 0.002310030612744635222, 0.000000000000000000 ) ) ;
#849 = DIRECTION ( 'NONE',  ( 0.000000000000000000, -0.000000000000000000, 1.000000000000000000 ) ) ;
#850 = EDGE_CURVE ( 'NONE', #3219, #2545, #735, .T. ) ;
#851 = ORIENTED_EDGE ( 'NONE', *, *, #2759, .T. ) ;
#852 = CARTESIAN_POINT ( 'NONE',  ( -1.004686057790426856, 94.49745466016663897, 38.31666700000042880 ) ) ;
#853 = EDGE_LOOP ( 'NONE', ( #1327, #60, #4550, #2448 ) ) ;
#854 = CARTESIAN_POINT ( 'NONE',  ( -21.49009553420068741, 88.15763339231772022, 62.76666700000041743 ) ) ;
#855 = FACE_OUTER_BOUND ( 'NONE', #3364, .T. ) ;
#856 = ADVANCED_FACE ( 'NONE', ( #2236 ), #10, .T. ) ;
#857 = ORIENTED_EDGE ( 'NONE', *, *, #1454, .F. ) ;
#858 = ORIENTED_EDGE ( 'NONE', *, *, #4124, .F. ) ;
#859 = FACE_OUTER_BOUND ( 'NONE', #3757, .T. ) ;
#860 = FACE_OUTER_BOUND ( 'NONE', #965, .T. ) ;
#861 = DIRECTION ( 'NONE',  ( -0.9999973318757245933, -0.002310030612744556292, 0.000000000000000000 ) ) ;
#862 = EDGE_CURVE ( 'NONE', #430, #2275, #1743, .T. ) ;
#863 = FACE_OUTER_BOUND ( 'NONE', #557, .T. ) ;
#864 = EDGE_CURVE ( 'NONE', #1766, #4705, #2620, .T. ) ;
#865 = LINE ( 'NONE', #3580, #2150 ) ;
#866 = ORIENTED_EDGE ( 'NONE', *, *, #4095, .F. ) ;
#867 = ORIENTED_EDGE ( 'NONE', *, *, #1800, .T. ) ;
#868 = FACE_OUTER_BOUND ( 'NONE', #2918, .T. ) ;
#869 = DIRECTION ( 'NONE',  ( -0.9999973318757245933, -0.002310030612744636957, -0.000000000000000000 ) ) ;
#870 = SPHERICAL_SURFACE ( 'NONE', #1679, 1.000000000000000000 ) ;
#871 = ADVANCED_FACE ( 'NONE', ( #4471 ), #4453, .T. ) ;
#872 = VERTEX_POINT ( 'NONE', #4079 ) ;
#873 = DIRECTION ( 'NONE',  ( 1.000000000000000000, 0.000000000000000000, 0.000000000000000000 ) ) ;
#874 = LINE ( 'NONE', #3764, #1051 ) ;
#875 = EDGE_CURVE ( 'NONE', #840, #4823, #3715, .T. ) ;
#876 = VERTEX_POINT ( 'NONE', #1810 ) ;
#877 = CARTESIAN_POINT ( 'NONE',  ( -27.31322858490677064, 93.83813497149348848, 69.82671117685788431 ) ) ;
#878 = CARTESIAN_POINT ( 'NONE',  ( -8.924235094193059936, 2.386298900080692231, 6.649999999999995914 ) ) ;
#879 = VECTOR ( 'NONE', #2171, 1000.000000000000000 ) ;
#880 = PLANE ( 'NONE',  #1768 ) ;
#881 = EDGE_LOOP ( 'NONE', ( #3072, #3365, #938, #3634, #2707, #3230, #180, #2472, #3222, #3366, #3941 ) ) ;
#882 = ORIENTED_EDGE ( 'NONE', *, *, #1757, .T. ) ;
#883 = VECTOR ( 'NONE', #2802, 1000.000000000000000 ) ;
#884 = VECTOR ( 'NONE', #3318, 1000.000000000000227 ) ;
#885 = EDGE_CURVE ( 'NONE', #4452, #1477, #4842, .T. ) ;
#886 = PLANE ( 'NONE',  #1421 ) ;
#887 = CYLINDRICAL_SURFACE ( 'NONE', #3416, 1.050000000000004485 ) ;
#888 = DIRECTION ( 'NONE',  ( 0.001427334180614324866, -0.6178837477021494884, -0.7862681712003121159 ) ) ;
#889 = VECTOR ( 'NONE', #1955, 1000.000000000000114 ) ;
#890 = DIRECTION ( 'NONE',  ( -0.002310030612744636089, 0.9999973318757248153, 1.314654392323781659E-16 ) ) ;
#891 = CIRCLE ( 'NONE', #401, 4.000000000000000888 ) ;
#892 = PLANE ( 'NONE',  #4353 ) ;
#893 = VERTEX_POINT ( 'NONE', #334 ) ;
#894 = ORIENTED_EDGE ( 'NONE', *, *, #1892, .F. ) ;
#895 = EDGE_CURVE ( 'NONE', #2810, #979, #2295, .T. ) ;
#896 = AXIS2_PLACEMENT_3D ( 'NONE', #4175, #782, #3098 ) ;
#897 = VECTOR ( 'NONE', #888, 1000.000000000000114 ) ;
#898 = DIRECTION ( 'NONE',  ( 0.000000000000000000, 0.000000000000000000, 1.000000000000000000 ) ) ;
#899 = ADVANCED_FACE ( 'NONE', ( #4524 ), #3368, .F. ) ;
#900 = FACE_BOUND ( 'NONE', #1745, .T. ) ;
#901 = CARTESIAN_POINT ( 'NONE',  ( -0.3752417887738929148, 2.386298900080694452, 50.00000000000000000 ) ) ;
#902 = CARTESIAN_POINT ( 'NONE',  ( 0.3560851351113899499, -14.04648711782238735, 35.77815164591041963 ) ) ;
#903 = AXIS2_PLACEMENT_3D ( 'NONE', #46, #1999, #1555 ) ;
#904 = VERTEX_POINT ( 'NONE', #709 ) ;
#905 = FACE_OUTER_BOUND ( 'NONE', #1995, .T. ) ;
#906 = AXIS2_PLACEMENT_3D ( 'NONE', #216, #2888, #2792 ) ;
#907 = LINE ( 'NONE', #1974, #2856 ) ;
#908 = ORIENTED_EDGE ( 'NONE', *, *, #1642, .T. ) ;
#909 = DIRECTION ( 'NONE',  ( 0.002310030612744635656, -0.9999973318757245933, -9.629649721926977471E-35 ) ) ;
#910 = PRODUCT_DEFINITION_FORMATION_WITH_SPECIFIED_SOURCE ( 'ไป', '', #2489, .NOT_KNOWN. ) ;
#911 = ORIENTED_EDGE ( 'NONE', *, *, #2483, .F. ) ;
#912 = ORIENTED_EDGE ( 'NONE', *, *, #1621, .T. ) ;
#913 = CARTESIAN_POINT ( 'NONE',  ( -4.375241788773891471, 2.386298900080693564, 3.649999999999996803 ) ) ;
#914 = FACE_OUTER_BOUND ( 'NONE', #3051, .T. ) ;
#915 = LINE ( 'NONE', #935, #18 ) ;
#916 = DIRECTION ( 'NONE',  ( -1.000000000000000000, -2.498855947666991322E-21, -3.845403544317018837E-09 ) ) ;
#917 = DIRECTION ( 'NONE',  ( -1.629001437540167744E-16, 1.000000000000000000, 0.000000000000000000 ) ) ;
#918 = VERTEX_POINT ( 'NONE', #781 ) ;
#919 = ORIENTED_EDGE ( 'NONE', *, *, #2334, .F. ) ;
#920 = EDGE_CURVE ( 'NONE', #240, #3057, #1472, .T. ) ;
#921 = DIRECTION ( 'NONE',  ( -0.000000000000000000, -0.000000000000000000, -1.000000000000000000 ) ) ;
#922 = LINE ( 'NONE', #3135, #2560 ) ;
#923 = CARTESIAN_POINT ( 'NONE',  ( -20.49933339201402305, 93.88465243608206379, 47.34166692368430063 ) ) ;
#924 = LINE ( 'NONE', #3235, #883 ) ;
#925 = ORIENTED_EDGE ( 'NONE', *, *, #2766, .F. ) ;
#926 = CARTESIAN_POINT ( 'NONE',  ( -20.97129237851985195, 94.45133106526969868, 34.47824667424357159 ) ) ;
#927 = LINE ( 'NONE', #1363, #564 ) ;
#928 = ORIENTED_EDGE ( 'NONE', *, *, #1121, .T. ) ;
#929 = CARTESIAN_POINT ( 'NONE',  ( -28.31323125302392540, 93.83813496533005605, 68.82671117685788431 ) ) ;
#930 = ORIENTED_EDGE ( 'NONE', *, *, #1501, .F. ) ;
#931 = ORIENTED_EDGE ( 'NONE', *, *, #2898, .T. ) ;
#932 = EDGE_CURVE ( 'NONE', #3045, #532, #3784, .T. ) ;
#933 = DIRECTION ( 'NONE',  ( 0.002310030612744635656, -0.9999973318757245933, -1.314654392323781413E-16 ) ) ;
#934 = CARTESIAN_POINT ( 'NONE',  ( 9.224758211226102844, 23.68429699879670736, 49.00000000000000000 ) ) ;
#935 = CARTESIAN_POINT ( 'NONE',  ( -28.13962312344792238, 18.68429699879670025, 63.12688919022983924 ) ) ;
#936 = CARTESIAN_POINT ( 'NONE',  ( -26.71628457603018703, 22.68429699879670736, 36.98006309645136724 ) ) ;
#937 = FILL_AREA_STYLE_COLOUR ( '', #3963 ) ;
#938 = ORIENTED_EDGE ( 'NONE', *, *, #4001, .T. ) ;
#939 = ORIENTED_EDGE ( 'NONE', *, *, #1418, .F. ) ;
#940 = EDGE_CURVE ( 'NONE', #1428, #3247, #170, .T. ) ;
#941 = CARTESIAN_POINT ( 'NONE',  ( 2.102018240521850601, 52.63945606814044709, 43.68895153481192040 ) ) ;
#942 = EDGE_CURVE ( 'NONE', #4561, #1095, #4101, .T. ) ;
#943 = FACE_OUTER_BOUND ( 'NONE', #2796, .T. ) ;
#944 = CARTESIAN_POINT ( 'NONE',  ( -28.13962312344792593, 18.68429699879670025, 36.67622712737346546 ) ) ;
#945 = DIRECTION ( 'NONE',  ( 2.631707271538399232E-10, 6.079337668643130215E-13, 1.000000000000000000 ) ) ;
#946 = ORIENTED_EDGE ( 'NONE', *, *, #427, .T. ) ;
#947 = DIRECTION ( 'NONE',  ( 0.000000000000000000, 0.000000000000000000, 1.000000000000000000 ) ) ;
#948 = ADVANCED_FACE ( 'NONE', ( #794 ), #368, .F. ) ;
#949 = ORIENTED_EDGE ( 'NONE', *, *, #581, .F. ) ;
#950 = ADVANCED_FACE ( 'NONE', ( #4191 ), #1505, .T. ) ;
#951 = CARTESIAN_POINT ( 'NONE',  ( -27.21681824921459025, 53.10272336027070850, 57.82671117685787721 ) ) ;
#952 = ORIENTED_EDGE ( 'NONE', *, *, #4059, .T. ) ;
#953 = CARTESIAN_POINT ( 'NONE',  ( 8.224758211226104621, 23.68429699879670736, 49.00000000000000000 ) ) ;
#954 = EDGE_CURVE ( 'NONE', #2545, #4542, #2611, .T. ) ;
#955 =( NAMED_UNIT ( * ) PLANE_ANGLE_UNIT ( ) SI_UNIT ( $, .RADIAN. ) );
#956 = EDGE_LOOP ( 'NONE', ( #3020, #2891, #666, #4682 ) ) ;
#957 = ORIENTED_EDGE ( 'NONE', *, *, #620, .T. ) ;
#958 = VECTOR ( 'NONE', #2624, 1000.000000000000227 ) ;
#959 = FACE_OUTER_BOUND ( 'NONE', #1296, .T. ) ;
#960 = LINE ( 'NONE', #1375, #3019 ) ;
#961 = LINE ( 'NONE', #1721, #2393 ) ;
#962 = CYLINDRICAL_SURFACE ( 'NONE', #4108, 0.9999999999999984457 ) ;
#963 = AXIS2_PLACEMENT_3D ( 'NONE', #1162, #797, #1927 ) ;
#964 = VECTOR ( 'NONE', #2345, 1000.000000000000000 ) ;
#965 = EDGE_LOOP ( 'NONE', ( #4234, #2769, #372, #1754, #1578 ) ) ;
#966 = ORIENTED_EDGE ( 'NONE', *, *, #114, .F. ) ;
#967 = VECTOR ( 'NONE', #3826, 1000.000000000000000 ) ;
#968 = AXIS2_PLACEMENT_3D ( 'NONE', #3850, #3012, #4609 ) ;
#969 = DIRECTION ( 'NONE',  ( 0.002310030612740220785, -0.9999973318757245933, 3.193368767321957072E-09 ) ) ;
#970 = CARTESIAN_POINT ( 'NONE',  ( -28.09359293464420304, 18.68429699879670380, 36.47824939404222988 ) ) ;
#971 = EDGE_CURVE ( 'NONE', #1371, #799, #1626, .T. ) ;
#972 = CARTESIAN_POINT ( 'NONE',  ( 69.61879287838389985, 18.91012253494495354, 63.01053066435613204 ) ) ;
#973 = VECTOR ( 'NONE', #2387, 1000.000000000000000 ) ;
#974 = VECTOR ( 'NONE', #3845, 1000.000000000000000 ) ;
#975 = ORIENTED_EDGE ( 'NONE', *, *, #499, .F. ) ;
#976 = FACE_OUTER_BOUND ( 'NONE', #1468, .T. ) ;
#977 = CIRCLE ( 'NONE', #896, 1.050000000000004707 ) ;
#978 = DIRECTION ( 'NONE',  ( 2.497804254744616474E-21, 1.000000000000000000, 8.883155072529956973E-12 ) ) ;
#979 = VERTEX_POINT ( 'NONE', #2281 ) ;
#980 = VECTOR ( 'NONE', #4400, 1000.000000000000000 ) ;
#981 = CARTESIAN_POINT ( 'NONE',  ( -23.41780194707026297, 52.52640127880727761, 47.41953824246409255 ) ) ;
#982 = ORIENTED_EDGE ( 'NONE', *, *, #1932, .F. ) ;
#983 = EDGE_LOOP ( 'NONE', ( #3490, #3688, #4344, #146 ) ) ;
#984 = CIRCLE ( 'NONE', #2880, 0.9999999999999991118 ) ;
#985 = DIRECTION ( 'NONE',  ( 1.000000000000000000, 0.000000000000000000, 0.000000000000000000 ) ) ;
#986 = CYLINDRICAL_SURFACE ( 'NONE', #3104, 1.000000000000000000 ) ;
#987 = DIRECTION ( 'NONE',  ( -0.002310030612744271798, 0.9999973318757247043, 0.000000000000000000 ) ) ;
#988 = VERTEX_POINT ( 'NONE', #4102 ) ;
#989 = ORIENTED_EDGE ( 'NONE', *, *, #203, .T. ) ;
#990 = CARTESIAN_POINT ( 'NONE',  ( 5.487795644449771970, 52.64727733845960955, 42.68895153481192750 ) ) ;
#991 = ADVANCED_FACE ( 'NONE', ( #1842 ), #3785, .F. ) ;
#992 = DIRECTION ( 'NONE',  ( 0.9999973318757245933, 0.002310030612744559328, 4.814824860968088564E-35 ) ) ;
#993 = CARTESIAN_POINT ( 'NONE',  ( 8.175764905806939709, 2.386298900080696672, 43.35000000000000853 ) ) ;
#994 = CARTESIAN_POINT ( 'NONE',  ( 5.806857916037380996, 93.83813496533004184, 68.82671117685788431 ) ) ;
#995 = ORIENTED_EDGE ( 'NONE', *, *, #2052, .T. ) ;
#996 = EDGE_CURVE ( 'NONE', #2708, #3358, #305, .T. ) ;
#997 = CARTESIAN_POINT ( 'NONE',  ( -54.89290318739411845, -7.213701099919307858, 43.35000000000000853 ) ) ;
#998 = EDGE_CURVE ( 'NONE', #4200, #4067, #4181, .T. ) ;
#999 = CARTESIAN_POINT ( 'NONE',  ( 1.174758211226104354, 9.386298900080694452, 6.649999999999995914 ) ) ;
#1000 = EDGE_LOOP ( 'NONE', ( #4031, #621, #4457 ) ) ;
#1001 = DIRECTION ( 'NONE',  ( -0.002310030612744635656, 0.9999973318757245933, -7.902444444380040964E-37 ) ) ;
#1002 = PLANE ( 'NONE',  #2232 ) ;
#1003 = EDGE_CURVE ( 'NONE', #532, #1054, #4855, .T. ) ;
#1004 = ORIENTED_EDGE ( 'NONE', *, *, #3443, .F. ) ;
#1005 = VERTEX_POINT ( 'NONE', #2179 ) ;
#1006 = CARTESIAN_POINT ( 'NONE',  ( -21.24336040151042582, -7.285085884453465610, 33.79518992291300350 ) ) ;
#1007 = EDGE_CURVE ( 'NONE', #4060, #2276, #2132, .T. ) ;
#1008 = EDGE_CURVE ( 'NONE', #3458, #283, #2952, .T. ) ;
#1009 = FACE_OUTER_BOUND ( 'NONE', #763, .T. ) ;
#1010 = LINE ( 'NONE', #2517, #1439 ) ;
#1011 = VERTEX_POINT ( 'NONE', #4781 ) ;
#1012 = ORIENTED_EDGE ( 'NONE', *, *, #49, .F. ) ;
#1013 = PLANE ( 'NONE',  #4830 ) ;
#1014 = CARTESIAN_POINT ( 'NONE',  ( 5.980466045613387571, 18.68429699879670736, 68.82671117685787010 ) ) ;
#1015 = ADVANCED_FACE ( 'NONE', ( #319 ), #1873, .F. ) ;
#1016 = LINE ( 'NONE', #4660, #4029 ) ;
#1017 = ORIENTED_EDGE ( 'NONE', *, *, #132, .F. ) ;
#1018 = LINE ( 'NONE', #1730, #2924 ) ;
#1019 = CARTESIAN_POINT ( 'NONE',  ( 9.224758211226104621, 2.386298900080695340, 50.00000000000000000 ) ) ;
#1020 = FACE_BOUND ( 'NONE', #4279, .T. ) ;
#1021 = DIRECTION ( 'NONE',  ( -5.902877342029538845E-08, -1.363585059896499140E-10, -0.9999999999999983347 ) ) ;
#1022 = ADVANCED_FACE ( 'NONE', ( #1465 ), #4396, .T. ) ;
#1023 = ORIENTED_EDGE ( 'NONE', *, *, #932, .F. ) ;
#1024 = DIRECTION ( 'NONE',  ( -0.9999999868373526946, 0.0001622507146376712104, 0.000000000000000000 ) ) ;
#1025 = ADVANCED_FACE ( 'NONE', ( #2202, #751, #1020, #4484 ), #2601, .F. ) ;
#1026 = VERTEX_POINT ( 'NONE', #684 ) ;
#1027 = VERTEX_POINT ( 'NONE', #723 ) ;
#1028 = CYLINDRICAL_SURFACE ( 'NONE', #2780, 1.000000000000000000 ) ;
#1029 = AXIS2_PLACEMENT_3D ( 'NONE', #1433, #2919, #4414 ) ;
#1030 = FACE_OUTER_BOUND ( 'NONE', #4715, .T. ) ;
#1031 = CARTESIAN_POINT ( 'NONE',  ( -27.21681824921459025, 52.10272336027070850, 57.82671117685787721 ) ) ;
#1032 = ORIENTED_EDGE ( 'NONE', *, *, #2766, .T. ) ;
#1033 = ADVANCED_FACE ( 'NONE', ( #1072, #2156 ), #297, .F. ) ;
#1034 = ORIENTED_EDGE ( 'NONE', *, *, #391, .T. ) ;
#1035 = EDGE_CURVE ( 'NONE', #4262, #4563, #3361, .T. ) ;
#1036 = AXIS2_PLACEMENT_3D ( 'NONE', #1200, #513, #2790 ) ;
#1037 = DIRECTION ( 'NONE',  ( 0.7082368710800965861, 0.001636053218462899840, -0.7059729865742321309 ) ) ;
#1038 = CARTESIAN_POINT ( 'NONE',  ( -1.983849143455169495, 93.88465243609338984, 47.34166699488380914 ) ) ;
#1039 = VECTOR ( 'NONE', #3705, 1000.000000000000000 ) ;
#1040 = CARTESIAN_POINT ( 'NONE',  ( 0.05984696754697495236, 88.20741455202197301, 62.76666700000043164 ) ) ;
#1041 = VECTOR ( 'NONE', #3644, 1000.000000000000227 ) ;
#1042 = EDGE_CURVE ( 'NONE', #4543, #2135, #1605, .T. ) ;
#1043 = CIRCLE ( 'NONE', #1352, 9.599999999999997868 ) ;
#1044 = CARTESIAN_POINT ( 'NONE',  ( -4.440181389418855318, 88.21273039624441026, 38.40709656862402710 ) ) ;
#1045 = DIRECTION ( 'NONE',  ( 0.000000000000000000, 1.000000000000000000, 0.000000000000000000 ) ) ;
#1046 = DIRECTION ( 'NONE',  ( -1.000000000000000000, 0.000000000000000000, 0.000000000000000000 ) ) ;
#1047 = CARTESIAN_POINT ( 'NONE',  ( 1.174758211226104354, 9.386298900080694452, 43.35000000000000853 ) ) ;
#1048 = AXIS2_PLACEMENT_3D ( 'NONE', #1294, #3911, #530 ) ;
#1049 = AXIS2_PLACEMENT_3D ( 'NONE', #1528, #2347, #861 ) ;
#1050 = ORIENTED_EDGE ( 'NONE', *, *, #1418, .T. ) ;
#1051 = VECTOR ( 'NONE', #4529, 1000.000000000000000 ) ;
#1052 = CARTESIAN_POINT ( 'NONE',  ( -9.975241788773896445, 53.56627942555826394, 13.82552992589453744 ) ) ;
#1053 = CIRCLE ( 'NONE', #3813, 1.549999999999999378 ) ;
#1054 = VERTEX_POINT ( 'NONE', #2676 ) ;
#1055 = VERTEX_POINT ( 'NONE', #3115 ) ;
#1056 = EDGE_CURVE ( 'NONE', #1513, #918, #1898, .T. ) ;
#1057 = DIRECTION ( 'NONE',  ( -1.000000000000000000, 0.000000000000000000, 0.000000000000000000 ) ) ;
#1058 = VECTOR ( 'NONE', #2837, 1000.000000000000000 ) ;
#1059 = CARTESIAN_POINT ( 'NONE',  ( -1.983849063916677258, 93.88465243610092159, 59.71975232210711937 ) ) ;
#1060 = CARTESIAN_POINT ( 'NONE',  ( -23.41780194714279517, 52.52640127880710708, 47.41959071568933126 ) ) ;
#1061 = VERTEX_POINT ( 'NONE', #796 ) ;
#1062 = ORIENTED_EDGE ( 'NONE', *, *, #4122, .F. ) ;
#1063 = VECTOR ( 'NONE', #3123, 1000.000000000000000 ) ;
#1064 = FACE_OUTER_BOUND ( 'NONE', #2589, .T. ) ;
#1065 = CARTESIAN_POINT ( 'NONE',  ( 4.759100579248623397, 114.5108225818963916, 34.47824939404223699 ) ) ;
#1066 = CARTESIAN_POINT ( 'NONE',  ( -28.09359293464420304, 18.68429699879670380, 36.47824939404222988 ) ) ;
#1067 = CYLINDRICAL_SURFACE ( 'NONE', #3956, 1.000000000000000888 ) ;
#1068 = ADVANCED_FACE ( 'NONE', ( #3407 ), #2353, .T. ) ;
#1069 = VERTEX_POINT ( 'NONE', #3456 ) ;
#1070 = CARTESIAN_POINT ( 'NONE',  ( 5.555673273038363114, 23.68429699879670736, 3.837678611783554850 ) ) ;
#1071 = DIRECTION ( 'NONE',  ( -0.9999973318757247043, -0.002310030612739932820, 0.000000000000000000 ) ) ;
#1072 = FACE_BOUND ( 'NONE', #1531, .T. ) ;
#1073 = LINE ( 'NONE', #2273, #1661 ) ;
#1074 = EDGE_LOOP ( 'NONE', ( #1886, #444, #3745, #2996 ) ) ;
#1075 = CARTESIAN_POINT ( 'NONE',  ( 5.968915861732339678, 23.68429699879670736, 5.453164828284465138 ) ) ;
#1076 = ORIENTED_EDGE ( 'NONE', *, *, #3321, .F. ) ;
#1077 = ORIENTED_EDGE ( 'NONE', *, *, #281, .F. ) ;
#1078 = DIRECTION ( 'NONE',  ( -0.002310030612744635656, 0.9999973318757248153, 1.314654392323781659E-16 ) ) ;
#1079 = PLANE ( 'NONE',  #508 ) ;
#1080 = DIRECTION ( 'NONE',  ( -0.9999973318757248153, -0.002310030612744559762, 3.418525651287343639E-32 ) ) ;
#1081 = ADVANCED_FACE ( 'NONE', ( #2297 ), #2327, .T. ) ;
#1082 = EDGE_LOOP ( 'NONE', ( #123, #713, #3017, #4510 ) ) ;
#1083 = EDGE_LOOP ( 'NONE', ( #2059, #134, #2841, #4620 ) ) ;
#1084 = CARTESIAN_POINT ( 'NONE',  ( -2.053165806586036535, 93.83813496533004184, 62.76666700209813854 ) ) ;
#1085 = FACE_OUTER_BOUND ( 'NONE', #3743, .T. ) ;
#1086 = CARTESIAN_POINT ( 'NONE',  ( -27.59257763155293830, 18.68421436084974729, 35.77815165324581415 ) ) ;
#1087 = DIRECTION ( 'NONE',  ( -0.000000000000000000, -0.000000000000000000, -1.000000000000000000 ) ) ;
#1088 = EDGE_CURVE ( 'NONE', #2572, #835, #3806, .T. ) ;
#1089 = PLANE ( 'NONE',  #160 ) ;
#1090 = CARTESIAN_POINT ( 'NONE',  ( 8.810544648853008809, 23.68429699879670380, 0.4142135623730958671 ) ) ;
#1091 = CARTESIAN_POINT ( 'NONE',  ( 9.224758211226102844, 22.68429699879670736, 50.00000000000000000 ) ) ;
#1092 = ORIENTED_EDGE ( 'NONE', *, *, #3980, .T. ) ;
#1093 = ORIENTED_EDGE ( 'NONE', *, *, #1056, .T. ) ;
#1094 = EDGE_CURVE ( 'NONE', #4354, #3935, #844, .T. ) ;
#1095 = VERTEX_POINT ( 'NONE', #3084 ) ;
#1096 = EDGE_CURVE ( 'NONE', #2708, #3310, #97, .T. ) ;
#1097 = ORIENTED_EDGE ( 'NONE', *, *, #1007, .T. ) ;
#1098 = DIRECTION ( 'NONE',  ( 0.000000000000000000, 1.000000000000000000, 0.000000000000000000 ) ) ;
#1099 = DIRECTION ( 'NONE',  ( -0.9999973318757245933, -0.002310030612744636523, -1.015928045664266776E-32 ) ) ;
#1100 = CARTESIAN_POINT ( 'NONE',  ( -1.761650254457717280, -14.05137916445457691, 47.34166699477944462 ) ) ;
#1101 = VERTEX_POINT ( 'NONE', #423 ) ;
#1102 = ORIENTED_EDGE ( 'NONE', *, *, #551, .F. ) ;
#1103 = DIRECTION ( 'NONE',  ( -0.000000000000000000, -0.000000000000000000, -1.000000000000000000 ) ) ;
#1104 = CARTESIAN_POINT ( 'NONE',  ( -9.561028226400804186, 23.68429699879670380, 13.96764227781899415 ) ) ;
#1105 = DIRECTION ( 'NONE',  ( 1.000000000000000000, 0.000000000000000000, 0.000000000000000000 ) ) ;
#1106 = ORIENTED_EDGE ( 'NONE', *, *, #405, .T. ) ;
#1107 = CARTESIAN_POINT ( 'NONE',  ( -19.46471098539030109, 88.17802318033244546, 47.34166692761215245 ) ) ;
#1108 = CARTESIAN_POINT ( 'NONE',  ( -20.45362508212048169, 92.35252129268627641, 47.34166699999996553 ) ) ;
#1109 = ADVANCED_FACE ( 'NONE', ( #4559 ), #26, .T. ) ;
#1110 = AXIS2_PLACEMENT_3D ( 'NONE', #268, #602, #675 ) ;
#1111 = CARTESIAN_POINT ( 'NONE',  ( -28.21559074251460331, 51.57018862140625970, 43.68818152375163066 ) ) ;
#1112 = LINE ( 'NONE', #4118, #169 ) ;
#1113 = ORIENTED_EDGE ( 'NONE', *, *, #1794, .F. ) ;
#1114 = CIRCLE ( 'NONE', #4266, 11.19100493810380570 ) ;
#1115 = ORIENTED_EDGE ( 'NONE', *, *, #4638, .T. ) ;
#1116 = CIRCLE ( 'NONE', #4350, 1.549999999999999378 ) ;
#1117 = CIRCLE ( 'NONE', #4105, 4.000000000000000888 ) ;
#1118 = EDGE_LOOP ( 'NONE', ( #4639, #2938 ) ) ;
#1119 = ORIENTED_EDGE ( 'NONE', *, *, #1674, .T. ) ;
#1120 = CIRCLE ( 'NONE', #4740, 1.550000000000000266 ) ;
#1121 = EDGE_CURVE ( 'NONE', #4002, #373, #3405, .T. ) ;
#1122 = VECTOR ( 'NONE', #1345, 1000.000000000000227 ) ;
#1123 = DIRECTION ( 'NONE',  ( -0.002310030612744635656, 0.9999973318757248153, 1.314654392323781659E-16 ) ) ;
#1124 = CARTESIAN_POINT ( 'NONE',  ( 4.970729503842551189, 23.68429699879670736, 3.837678611783551297 ) ) ;
#1125 = CARTESIAN_POINT ( 'NONE',  ( -28.02931916269114510, -29.06557516460392421, 57.82671117685787721 ) ) ;
#1126 = CIRCLE ( 'NONE', #1989, 1.549999999999999822 ) ;
#1127 = VERTEX_POINT ( 'NONE', #1181 ) ;
#1128 = ORIENTED_EDGE ( 'NONE', *, *, #3865, .T. ) ;
#1129 = CIRCLE ( 'NONE', #2405, 1.550000000000000933 ) ;
#1130 = LINE ( 'NONE', #341, #4176 ) ;
#1131 = CYLINDRICAL_SURFACE ( 'NONE', #668, 1.550000000000000266 ) ;
#1132 = DIRECTION ( 'NONE',  ( -2.498140228557581713E-21, -1.000000000000000000, -8.883155072529956973E-12 ) ) ;
#1133 = DIRECTION ( 'NONE',  ( 0.9999973318757245933, 0.002310030612744636089, -0.000000000000000000 ) ) ;
#1134 = VECTOR ( 'NONE', #4410, 1000.000000000000000 ) ;
#1135 = ORIENTED_EDGE ( 'NONE', *, *, #3417, .T. ) ;
#1136 = VECTOR ( 'NONE', #2910, 1000.000000000000000 ) ;
#1137 = CARTESIAN_POINT ( 'NONE',  ( -23.26387399110900844, -14.10105009205653026, 35.77815165212655302 ) ) ;
#1138 = FACE_OUTER_BOUND ( 'NONE', #2339, .T. ) ;
#1139 = EDGE_CURVE ( 'NONE', #778, #1311, #3480, .T. ) ;
#1140 = EDGE_LOOP ( 'NONE', ( #1400, #3198, #2118, #4713 ) ) ;
#1141 = ORIENTED_EDGE ( 'NONE', *, *, #642, .T. ) ;
#1142 = LINE ( 'NONE', #4144, #1747 ) ;
#1143 = ORIENTED_EDGE ( 'NONE', *, *, #2835, .T. ) ;
#1144 = ADVANCED_FACE ( 'NONE', ( #4540 ), #3434, .T. ) ;
#1145 = VERTEX_POINT ( 'NONE', #447 ) ;
#1146 = EDGE_CURVE ( 'NONE', #3261, #893, #328, .T. ) ;
#1147 = CARTESIAN_POINT ( 'NONE',  ( -19.27016814707684844, -19.94109839882208135, 37.49575172906425991 ) ) ;
#1148 = CARTESIAN_POINT ( 'NONE',  ( -21.47837256022738828, 94.45015969140146694, 33.79518992291301771 ) ) ;
#1149 = CARTESIAN_POINT ( 'NONE',  ( -8.975241788773896445, 23.68429699879670736, 14.16861949329129367 ) ) ;
#1150 = EDGE_LOOP ( 'NONE', ( #1652, #774, #3483, #3021 ) ) ;
#1151 = ORIENTED_EDGE ( 'NONE', *, *, #4605, .T. ) ;
#1152 = EDGE_CURVE ( 'NONE', #3779, #1808, #2272, .T. ) ;
#1153 = DIRECTION ( 'NONE',  ( 2.496733615849691124E-21, 1.000000000000000000, 8.883155072529956973E-12 ) ) ;
#1154 = LINE ( 'NONE', #291, #4121 ) ;
#1155 = DIRECTION ( 'NONE',  ( 0.000000000000000000, 0.000000000000000000, 1.000000000000000000 ) ) ;
#1156 = CARTESIAN_POINT ( 'NONE',  ( -0.4039405623301853820, -14.04824280513435042, 40.96666697601041562 ) ) ;
#1157 = VERTEX_POINT ( 'NONE', #2728 ) ;
#1158 = DIRECTION ( 'NONE',  ( -1.000000000000000000, 0.000000000000000000, 0.000000000000000000 ) ) ;
#1159 = EDGE_CURVE ( 'NONE', #2505, #3057, #4220, .T. ) ;
#1160 = CARTESIAN_POINT ( 'NONE',  ( -27.72636530446089154, 19.09851056116980317, 69.82671117685787010 ) ) ;
#1161 = DIRECTION ( 'NONE',  ( 0.002310030612744635656, -0.9999973318757245933, -0.000000000000000000 ) ) ;
#1162 = CARTESIAN_POINT ( 'NONE',  ( -21.50476238706037435, 94.50681926274778277, 38.31666699981929725 ) ) ;
#1163 = ORIENTED_EDGE ( 'NONE', *, *, #1648, .T. ) ;
#1164 = EDGE_CURVE ( 'NONE', #479, #4492, #2375, .T. ) ;
#1165 = ORIENTED_EDGE ( 'NONE', *, *, #366, .F. ) ;
#1166 = ORIENTED_EDGE ( 'NONE', *, *, #3756, .F. ) ;
#1167 = CYLINDRICAL_SURFACE ( 'NONE', #1984, 1.000000000000000888 ) ;
#1168 = CARTESIAN_POINT ( 'NONE',  ( -23.72936880842938123, -29.05448710276159474, 63.12688919785154695 ) ) ;
#1169 = CARTESIAN_POINT ( 'NONE',  ( -27.31323125302392540, 88.14187169787815890, 69.82671117685788431 ) ) ;
#1170 = ADVANCED_FACE ( 'NONE', ( #1556 ), #625, .F. ) ;
#1171 = CYLINDRICAL_SURFACE ( 'NONE', #1373, 1.000000000000000222 ) ;
#1172 = EDGE_LOOP ( 'NONE', ( #2875, #1945, #2962 ) ) ;
#1173 = ORIENTED_EDGE ( 'NONE', *, *, #1800, .F. ) ;
#1174 = DIRECTION ( 'NONE',  ( 2.631707271538399749E-10, 6.078025923572550182E-13, 1.000000000000000000 ) ) ;
#1175 = LINE ( 'NONE', #4869, #4037 ) ;
#1176 = CARTESIAN_POINT ( 'NONE',  ( -40.42273223499749690, 19.68429699879670380, 54.60382183045262394 ) ) ;
#1177 = EDGE_CURVE ( 'NONE', #835, #2437, #4659, .T. ) ;
#1178 = EDGE_LOOP ( 'NONE', ( #982, #2606, #1277, #1952 ) ) ;
#1179 = DIRECTION ( 'NONE',  ( 0.9999973318757245933, 0.002310030612744636089, 0.000000000000000000 ) ) ;
#1180 = CARTESIAN_POINT ( 'NONE',  ( -0.2644974041634671202, 114.4992178858057912, 68.82671117685788431 ) ) ;
#1181 = CARTESIAN_POINT ( 'NONE',  ( -22.30049703465255462, 114.4483139162587975, 65.32670781691942352 ) ) ;
#1182 = DIRECTION ( 'NONE',  ( 1.000000000000000000, 0.000000000000000000, -2.631716128528597699E-10 ) ) ;
#1183 = VECTOR ( 'NONE', #3190, 1000.000000000000227 ) ;
#1184 = EDGE_CURVE ( 'NONE', #1358, #3779, #891, .T. ) ;
#1185 = EDGE_LOOP ( 'NONE', ( #253, #671, #1471, #946, #4481, #680, #1788, #1818 ) ) ;
#1186 = CIRCLE ( 'NONE', #1110, 1.550000000000000266 ) ;
#1187 = VECTOR ( 'NONE', #2585, 1000.000000000000000 ) ;
#1188 = VECTOR ( 'NONE', #2256, 1000.000000000000227 ) ;
#1189 = ORIENTED_EDGE ( 'NONE', *, *, #4423, .T. ) ;
#1190 = ORIENTED_EDGE ( 'NONE', *, *, #1094, .F. ) ;
#1191 = LINE ( 'NONE', #1541, #3723 ) ;
#1192 = AXIS2_PLACEMENT_3D ( 'NONE', #678, #272, #2174 ) ;
#1193 = AXIS2_PLACEMENT_3D ( 'NONE', #4017, #696, #3698 ) ;
#1194 = ORIENTED_EDGE ( 'NONE', *, *, #683, .T. ) ;
#1195 = CARTESIAN_POINT ( 'NONE',  ( -7.374235094193059226, 2.386298900080692231, 0.000000000000000000 ) ) ;
#1196 = CARTESIAN_POINT ( 'NONE',  ( 0.04518011486150260575, 94.55660042245234820, 38.31666699981930435 ) ) ;
#1197 = VECTOR ( 'NONE', #1132, 1000.000000000000000 ) ;
#1198 = EDGE_LOOP ( 'NONE', ( #4751, #4837 ) ) ;
#1199 = ORIENTED_EDGE ( 'NONE', *, *, #3550, .F. ) ;
#1200 = CARTESIAN_POINT ( 'NONE',  ( 6.625764905806940774, 2.386298900080696672, 6.649999999999995914 ) ) ;
#1201 = CYLINDRICAL_SURFACE ( 'NONE', #1765, 11.19100493810380748 ) ;
#1202 = CARTESIAN_POINT ( 'NONE',  ( 1.177170966324088353, -19.94109839882208135, 49.79889336120990606 ) ) ;
#1203 = DIRECTION ( 'NONE',  ( 1.000000000000000000, 0.000000000000000000, 0.000000000000000000 ) ) ;
#1204 = ORIENTED_EDGE ( 'NONE', *, *, #2474, .F. ) ;
#1205 = VECTOR ( 'NONE', #909, 1000.000000000000227 ) ;
#1206 = CARTESIAN_POINT ( 'NONE',  ( 4.806857916037372114, 93.83813496533004184, 68.82671117685788431 ) ) ;
#1207 = DIRECTION ( 'NONE',  ( -0.000000000000000000, -0.000000000000000000, -1.000000000000000000 ) ) ;
#1208 = CARTESIAN_POINT ( 'NONE',  ( -27.02932183081542306, -29.06326513399117673, 36.77815165312660639 ) ) ;
#1209 = VECTOR ( 'NONE', #4552, 1000.000000000000000 ) ;
#1210 = FACE_OUTER_BOUND ( 'NONE', #637, .T. ) ;
#1211 = ORIENTED_EDGE ( 'NONE', *, *, #2162, .T. ) ;
#1212 = DIRECTION ( 'NONE',  ( 0.002310030612744635656, -0.9999973318757247043, -1.314654392323781659E-16 ) ) ;
#1213 = CARTESIAN_POINT ( 'NONE',  ( -0.6546869830639073795, 94.49826317090089844, 40.96666697601042983 ) ) ;
#1214 = EDGE_LOOP ( 'NONE', ( #1638, #4413, #3148, #749 ) ) ;
#1215 = DIRECTION ( 'NONE',  ( 0.000000000000000000, 0.000000000000000000, 1.000000000000000000 ) ) ;
#1216 = ADVANCED_FACE ( 'NONE', ( #522 ), #1628, .T. ) ;
#1217 = ORIENTED_EDGE ( 'NONE', *, *, #1152, .F. ) ;
#1218 = CYLINDRICAL_SURFACE ( 'NONE', #662, 1.549999999999999378 ) ;
#1219 = DIRECTION ( 'NONE',  ( -0.000000000000000000, -0.000000000000000000, -1.000000000000000000 ) ) ;
#1220 = ORIENTED_EDGE ( 'NONE', *, *, #4706, .T. ) ;
#1221 = ORIENTED_EDGE ( 'NONE', *, *, #1429, .F. ) ;
#1222 = DIRECTION ( 'NONE',  ( 0.000000000000000000, 0.000000000000000000, -1.000000000000000000 ) ) ;
#1223 = FACE_OUTER_BOUND ( 'NONE', #4814, .T. ) ;
#1224 = CARTESIAN_POINT ( 'NONE',  ( -27.35850182241502182, 113.4366270710534366, 68.82671117685788431 ) ) ;
#1225 = EDGE_CURVE ( 'NONE', #835, #53, #4315, .T. ) ;
#1226 = DIRECTION ( 'NONE',  ( -1.091152692702142892E-32, 1.339658354568195596E-16, -1.000000000000000000 ) ) ;
#1227 = CARTESIAN_POINT ( 'NONE',  ( -19.39585255503505934, 18.68429699879670380, 37.36017836553782701 ) ) ;
#1228 = ORIENTED_EDGE ( 'NONE', *, *, #4203, .F. ) ;
#1229 = EDGE_LOOP ( 'NONE', ( #4408, #1917 ) ) ;
#1230 = PLANE ( 'NONE',  #2213 ) ;
#1231 = CARTESIAN_POINT ( 'NONE',  ( 1.174758211226108351, -4.613701099919306436, 50.00000000000000000 ) ) ;
#1232 = DIRECTION ( 'NONE',  ( -0.002310030612712179847, 0.9999973318757248153, 0.000000000000000000 ) ) ;
#1233 = EDGE_CURVE ( 'NONE', #1101, #3413, #2145, .T. ) ;
#1234 = LINE ( 'NONE', #2773, #3477 ) ;
#1235 = EDGE_LOOP ( 'NONE', ( #1319, #3497, #2746, #672, #1903, #15, #4426, #1320, #3382, #4794, #4216, #205, #73, #2261, #2734, #33, #4171, #220 ) ) ;
#1236 = DIRECTION ( 'NONE',  ( -1.000000000000000000, 0.000000000000000000, 0.000000000000000000 ) ) ;
#1237 = CARTESIAN_POINT ( 'NONE',  ( 1.177188950984608518, 18.75201991284987812, 63.01053066435613204 ) ) ;
#1238 = EDGE_CURVE ( 'NONE', #2994, #558, #3552, .T. ) ;
#1239 = ORIENTED_EDGE ( 'NONE', *, *, #450, .T. ) ;
#1240 = CARTESIAN_POINT ( 'NONE',  ( -4.454680923493071987, 94.48948504514919478, 38.40709656862402710 ) ) ;
#1241 = PLANE ( 'NONE',  #4825 ) ;
#1242 = CARTESIAN_POINT ( 'NONE',  ( 0.04683979648988090272, 93.83813496533004184, 62.76666700211362837 ) ) ;
#1243 = EDGE_CURVE ( 'NONE', #4393, #1490, #1330, .T. ) ;
#1244 = ORIENTED_EDGE ( 'NONE', *, *, #1096, .T. ) ;
#1245 = ORIENTED_EDGE ( 'NONE', *, *, #524, .T. ) ;
#1246 = DIRECTION ( 'NONE',  ( -0.02045324204966165668, -1.665918035062792438E-18, 0.9997908105647190791 ) ) ;
#1247 = CARTESIAN_POINT ( 'NONE',  ( -2.012396675191439499, 94.49512681158067551, 47.34166699477945883 ) ) ;
#1248 = CARTESIAN_POINT ( 'NONE',  ( -0.9901502307483259768, 88.20498901987899387, 62.76666700000043164 ) ) ;
#1249 = DIRECTION ( 'NONE',  ( -1.000000000000000000, -8.145007187700838718E-17, 0.000000000000000000 ) ) ;
#1250 =( BOUNDED_CURVE ( )  B_SPLINE_CURVE ( 3, ( #4849, #4477, #1104, #4391 ),
 .UNSPECIFIED., .F., .F. ) 
 B_SPLINE_CURVE_WITH_KNOTS ( ( 4, 4 ),
 ( 0.000000000000000000, 1.570796326794896558 ),
 .UNSPECIFIED. ) 
 CURVE ( )  GEOMETRIC_REPRESENTATION_ITEM ( )  RATIONAL_B_SPLINE_CURVE ( ( 1.000000000000000000, 0.8047378541243649375, 0.8047378541243649375, 1.000000000000000000 ) ) 
 REPRESENTATION_ITEM ( '' )  );
#1251 = LINE ( 'NONE', #2767, #4589 ) ;
#1252 = ORIENTED_EDGE ( 'NONE', *, *, #2498, .T. ) ;
#1253 = VERTEX_POINT ( 'NONE', #3233 ) ;
#1254 = CARTESIAN_POINT ( 'NONE',  ( 5.806857916037369449, 88.22069035866626052, 68.82671117685788431 ) ) ;
#1255 = FACE_BOUND ( 'NONE', #1729, .T. ) ;
#1256 = DIRECTION ( 'NONE',  ( 0.000000000000000000, 0.000000000000000000, 1.000000000000000000 ) ) ;
#1257 = CYLINDRICAL_SURFACE ( 'NONE', #963, 1.050000000000001155 ) ;
#1258 = ORIENTED_EDGE ( 'NONE', *, *, #2969, .T. ) ;
#1259 = CARTESIAN_POINT ( 'NONE',  ( -23.50012239134471770, 88.15299015635656588, 63.12688919785154695 ) ) ;
#1260 = VECTOR ( 'NONE', #3359, 1000.000000000000000 ) ;
#1261 = DIRECTION ( 'NONE',  ( -0.002310030612744635656, 0.9999973318757245933, -0.000000000000000000 ) ) ;
#1262 = VECTOR ( 'NONE', #2397, 1000.000000000000000 ) ;
#1263 = ORIENTED_EDGE ( 'NONE', *, *, #2385, .F. ) ;
#1264 = CARTESIAN_POINT ( 'NONE',  ( -27.35850182241501827, 113.4366270710534792, 5.134895510166094877E-14 ) ) ;
#1265 = CARTESIAN_POINT ( 'NONE',  ( -2.375241788773896801, 23.68429699879670736, 5.456104383746236408 ) ) ;
#1266 = AXIS2_PLACEMENT_3D ( 'NONE', #3831, #1949, #2298 ) ;
#1267 = VECTOR ( 'NONE', #2638, 1000.000000000000227 ) ;
#1268 = EDGE_LOOP ( 'NONE', ( #4355, #857, #1194, #2302 ) ) ;
#1269 = ORIENTED_EDGE ( 'NONE', *, *, #652, .F. ) ;
#1270 = CIRCLE ( 'NONE', #3400, 1.000000000000000888 ) ;
#1271 = AXIS2_PLACEMENT_3D ( 'NONE', #3945, #1256, #4727 ) ;
#1272 = LINE ( 'NONE', #913, #3161 ) ;
#1273 = LINE ( 'NONE', #2793, #1516 ) ;
#1274 = DIRECTION ( 'NONE',  ( 0.000000000000000000, 0.000000000000000000, -1.000000000000000000 ) ) ;
#1275 = VECTOR ( 'NONE', #619, 1000.000000000000114 ) ;
#1276 = FACE_OUTER_BOUND ( 'NONE', #449, .T. ) ;
#1277 = ORIENTED_EDGE ( 'NONE', *, *, #1444, .F. ) ;
#1278 = ORIENTED_EDGE ( 'NONE', *, *, #4834, .T. ) ;
#1279 = CIRCLE ( 'NONE', #1752, 1.550000000000000266 ) ;
#1280 = CIRCLE ( 'NONE', #4033, 1.000000000000000888 ) ;
#1281 = FACE_OUTER_BOUND ( 'NONE', #3921, .T. ) ;
#1282 = ADVANCED_FACE ( 'NONE', ( #3975 ), #3995, .T. ) ;
#1283 = CARTESIAN_POINT ( 'NONE',  ( 6.625764905806940774, 2.386298900080696672, 43.35000000000000853 ) ) ;
#1284 = DIRECTION ( 'NONE',  ( 1.350584127442662669E-09, 3.119508996614092199E-12, 1.000000000000000000 ) ) ;
#1285 =( BOUNDED_CURVE ( )  B_SPLINE_CURVE ( 3, ( #4472, #3742, #762, #3193 ),
 .UNSPECIFIED., .F., .F. ) 
 B_SPLINE_CURVE_WITH_KNOTS ( ( 4, 4 ),
 ( 1.570796161085139531, 3.139776346785450922 ),
 .UNSPECIFIED. ) 
 CURVE ( )  GEOMETRIC_REPRESENTATION_ITEM ( )  RATIONAL_B_SPLINE_CURVE ( ( 1.000000000000000000, 0.8051657282685127370, 0.8051657282685127370, 1.000000000000000000 ) ) 
 REPRESENTATION_ITEM ( '' )  );
#1286 = EDGE_CURVE ( 'NONE', #4239, #1799, #1587, .T. ) ;
#1287 = CARTESIAN_POINT ( 'NONE',  ( 4.819837018545614526, 88.21841030409416362, 42.68895153481192040 ) ) ;
#1288 = CIRCLE ( 'NONE', #2874, 4.000000000000000888 ) ;
#1289 = ORIENTED_EDGE ( 'NONE', *, *, #1859, .T. ) ;
#1290 = CARTESIAN_POINT ( 'NONE',  ( -21.49013182716860015, 88.17334438370063765, 38.31666702004446989 ) ) ;
#1291 = AXIS2_PLACEMENT_3D ( 'NONE', #3967, #1344, #2516 ) ;
#1292 = EDGE_CURVE ( 'NONE', #4013, #100, #2772, .T. ) ;
#1293 = VERTEX_POINT ( 'NONE', #4268 ) ;
#1294 = CARTESIAN_POINT ( 'NONE',  ( -0.3752417887738929148, 2.386298900080694452, 69.82671117685788431 ) ) ;
#1295 = CARTESIAN_POINT ( 'NONE',  ( -5.824235094193059403, 2.386298900080692231, 50.00000000000000000 ) ) ;
#1296 = EDGE_LOOP ( 'NONE', ( #2949, #3430, #309, #2849 ) ) ;
#1297 = ORIENTED_EDGE ( 'NONE', *, *, #3678, .F. ) ;
#1298 = ADVANCED_FACE ( 'NONE', ( #2871 ), #1354, .T. ) ;
#1299 = DIRECTION ( 'NONE',  ( -0.002310030612744635222, 0.9999973318757245933, 1.314654392323781166E-16 ) ) ;
#1300 = EDGE_CURVE ( 'NONE', #3706, #266, #2653, .T. ) ;
#1301 = PLANE ( 'NONE',  #1291 ) ;
#1302 = CARTESIAN_POINT ( 'NONE',  ( 5.806857916037369449, 88.22069035866627473, 68.82671117685788431 ) ) ;
#1303 = DIRECTION ( 'NONE',  ( -0.002310030612744635656, 0.9999973318757245933, -1.290618766038719119E-16 ) ) ;
#1304 = ORIENTED_EDGE ( 'NONE', *, *, #1538, .F. ) ;
#1305 = ORIENTED_EDGE ( 'NONE', *, *, #1512, .F. ) ;
#1306 = EDGE_CURVE ( 'NONE', #1011, #1385, #1117, .T. ) ;
#1307 = DIRECTION ( 'NONE',  ( 1.000000000000000000, 0.000000000000000000, 0.000000000000000000 ) ) ;
#1308 = DIRECTION ( 'NONE',  ( 0.000000000000000000, 0.000000000000000000, -1.000000000000000000 ) ) ;
#1309 = CARTESIAN_POINT ( 'NONE',  ( -1.983849072060328345, 92.39518715451801256, 28.77538651046137019 ) ) ;
#1310 = EDGE_CURVE ( 'NONE', #4123, #4013, #2844, .T. ) ;
#1311 = VERTEX_POINT ( 'NONE', #993 ) ;
#1312 =( BOUNDED_CURVE ( )  B_SPLINE_CURVE ( 3, ( #1254, #3903, #520, #2019 ),
 .UNSPECIFIED., .F., .T. ) 
 B_SPLINE_CURVE_WITH_KNOTS ( ( 4, 4 ),
 ( 3.141592653589736273, 4.712388980384632831 ),
 .UNSPECIFIED. ) 
 CURVE ( )  GEOMETRIC_REPRESENTATION_ITEM ( )  RATIONAL_B_SPLINE_CURVE ( ( 1.000000000000000000, 0.8047378541243649375, 0.8047378541243649375, 1.000000000000000000 ) ) 
 REPRESENTATION_ITEM ( '' )  );
#1313 = DIRECTION ( 'NONE',  ( -0.000000000000000000, -0.000000000000000000, -1.000000000000000000 ) ) ;
#1314 = ORIENTED_EDGE ( 'NONE', *, *, #2378, .T. ) ;
#1315 = CARTESIAN_POINT ( 'NONE',  ( -29.63044924798114010, 53.10272336027070850, 57.82671117685787721 ) ) ;
#1316 = EDGE_LOOP ( 'NONE', ( #4746, #1062, #2885, #930 ) ) ;
#1317 = FACE_OUTER_BOUND ( 'NONE', #881, .T. ) ;
#1318 = APPLICATION_PROTOCOL_DEFINITION ( 'draft international standard', 'automotive_design', 1998, #549 ) ;
#1319 = ORIENTED_EDGE ( 'NONE', *, *, #2020, .T. ) ;
#1320 = ORIENTED_EDGE ( 'NONE', *, *, #1164, .T. ) ;
#1321 = EDGE_CURVE ( 'NONE', #3522, #4590, #3586, .T. ) ;
#1322 = DIRECTION ( 'NONE',  ( 0.000000000000000000, -1.000000000000000000, 0.000000000000000000 ) ) ;
#1323 = CARTESIAN_POINT ( 'NONE',  ( -9.975241788773892893, 18.68429699879670380, 14.50023832817770675 ) ) ;
#1324 = DIRECTION ( 'NONE',  ( 1.900463126948074164E-32, -1.000000000000000000, -1.314650884662483754E-16 ) ) ;
#1325 = CARTESIAN_POINT ( 'NONE',  ( 1.256057751109482590, -14.04440814798184967, 35.77815164567357442 ) ) ;
#1326 = VERTEX_POINT ( 'NONE', #923 ) ;
#1327 = ORIENTED_EDGE ( 'NONE', *, *, #43, .F. ) ;
#1328 = CARTESIAN_POINT ( 'NONE',  ( -3.012394006904781651, 94.49281678096829751, 59.71975232237743114 ) ) ;
#1329 = CARTESIAN_POINT ( 'NONE',  ( -28.21681824921459025, 52.10272336027070850, 57.82671117685787721 ) ) ;
#1330 = LINE ( 'NONE', #4709, #2062 ) ;
#1331 = CYLINDRICAL_SURFACE ( 'NONE', #4346, 1.000000000000000888 ) ;
#1332 = CARTESIAN_POINT ( 'NONE',  ( 5.913866081755294601, 47.51499118686039935, 35.77815137691118252 ) ) ;
#1333 = DIRECTION ( 'NONE',  ( 1.629001437540167497E-16, -1.000000000000000000, -0.000000000000000000 ) ) ;
#1334 = ORIENTED_EDGE ( 'NONE', *, *, #2774, .F. ) ;
#1335 = DIRECTION ( 'NONE',  ( 0.000000000000000000, 0.000000000000000000, -1.000000000000000000 ) ) ;
#1336 = ORIENTED_EDGE ( 'NONE', *, *, #114, .T. ) ;
#1337 = CARTESIAN_POINT ( 'NONE',  ( 5.904318132262349472, 51.64823685259317898, 36.47824939404222278 ) ) ;
#1338 = PRODUCT_CONTEXT ( 'NONE', #549, 'mechanical' ) ;
#1339 = VECTOR ( 'NONE', #4779, 1000.000000000000000 ) ;
#1340 = ORIENTED_EDGE ( 'NONE', *, *, #1392, .T. ) ;
#1341 = ORIENTED_EDGE ( 'NONE', *, *, #125, .F. ) ;
#1342 = VECTOR ( 'NONE', #1573, 1000.000000000000000 ) ;
#1343 = CARTESIAN_POINT ( 'NONE',  ( 0.3560851351113899499, 23.68429699879670380, 35.77815164588748331 ) ) ;
#1344 = DIRECTION ( 'NONE',  ( 0.002310030612744636957, -0.9999973318757247043, -2.685669595212177716E-19 ) ) ;
#1345 = DIRECTION ( 'NONE',  ( -0.002310030612744635656, 0.9999973318757245933, 1.314654392323781413E-16 ) ) ;
#1346 = ADVANCED_FACE ( 'NONE', ( #3927 ), #649, .T. ) ;
#1347 = CIRCLE ( 'NONE', #1975, 9.599999999999997868 ) ;
#1348 = VECTOR ( 'NONE', #4677, 1000.000000000000000 ) ;
#1349 = EDGE_LOOP ( 'NONE', ( #3971, #1336, #4793, #3856 ) ) ;
#1350 = EDGE_LOOP ( 'NONE', ( #4859, #2902, #4077, #1032, #3872, #2929, #4759, #122, #1143, #812 ) ) ;
#1351 = CIRCLE ( 'NONE', #174, 1.550000000000000266 ) ;
#1352 = AXIS2_PLACEMENT_3D ( 'NONE', #746, #2576, #4797 ) ;
#1353 = CARTESIAN_POINT ( 'NONE',  ( -1.925241788773896845, 9.386298900080694452, 50.00000000000000000 ) ) ;
#1354 = CYLINDRICAL_SURFACE ( 'NONE', #1748, 0.9999999999999991118 ) ;
#1355 = DIRECTION ( 'NONE',  ( -0.9999973318757247043, -0.002310030612726055033, 0.000000000000000000 ) ) ;
#1356 = CIRCLE ( 'NONE', #3566, 1.550000000000000488 ) ;
#1357 = VECTOR ( 'NONE', #4237, 1000.000000000000227 ) ;
#1358 = VERTEX_POINT ( 'NONE', #544 ) ;
#1359 = EDGE_CURVE ( 'NONE', #1, #872, #3720, .T. ) ;
#1360 = CARTESIAN_POINT ( 'NONE',  ( 0.2020482926480339225, 52.63506706768718146, 35.77815164591042674 ) ) ;
#1361 = LINE ( 'NONE', #1259, #2144 ) ;
#1362 = AXIS2_PLACEMENT_3D ( 'NONE', #4464, #4832, #295 ) ;
#1363 = CARTESIAN_POINT ( 'NONE',  ( -2.010713457441398511, 94.48948504632531353, 47.34166699478588214 ) ) ;
#1364 = VERTEX_POINT ( 'NONE', #292 ) ;
#1365 = VECTOR ( 'NONE', #4617, 1000.000000000000000 ) ;
#1366 = EDGE_CURVE ( 'NONE', #4543, #1069, #3833, .T. ) ;
#1367 = CARTESIAN_POINT ( 'NONE',  ( -27.36081185302776220, 114.4366244029291835, 68.82671117685788431 ) ) ;
#1368 = CARTESIAN_POINT ( 'NONE',  ( -0.2929528653055403220, 114.4991521526440579, 65.32670781691942352 ) ) ;
#1369 = VECTOR ( 'NONE', #3031, 1000.000000000000000 ) ;
#1370 = ORIENTED_EDGE ( 'NONE', *, *, #1359, .F. ) ;
#1371 = VERTEX_POINT ( 'NONE', #2895 ) ;
#1372 = EDGE_CURVE ( 'NONE', #715, #2439, #2551, .T. ) ;
#1373 = AXIS2_PLACEMENT_3D ( 'NONE', #3465, #4153, #81 ) ;
#1374 = DIRECTION ( 'NONE',  ( -0.002310030612744991274, 0.9999973318757247043, 0.000000000000000000 ) ) ;
#1375 = CARTESIAN_POINT ( 'NONE',  ( -20.49933339201402305, 93.88465243591643627, 47.34166692368430063 ) ) ;
#1376 = DIRECTION ( 'NONE',  ( -0.9999973318757245933, -0.002310030612744637390, 0.000000000000000000 ) ) ;
#1377 = PRODUCT_DEFINITION_SHAPE ( 'NONE', 'NONE',  #2673 ) ;
#1378 = ORIENTED_EDGE ( 'NONE', *, *, #3569, .F. ) ;
#1379 = ORIENTED_EDGE ( 'NONE', *, *, #137, .T. ) ;
#1380 = CARTESIAN_POINT ( 'NONE',  ( -20.45463416277327795, 94.45252456474875657, 38.31666700000042169 ) ) ;
#1381 = EDGE_CURVE ( 'NONE', #2103, #558, #313, .T. ) ;
#1382 = CARTESIAN_POINT ( 'NONE',  ( -4.375241788773893248, 2.386298900080694452, 69.82671117685788431 ) ) ;
#1383 = PLANE ( 'NONE',  #2465 ) ;
#1384 = LINE ( 'NONE', #1309, #3572 ) ;
#1385 = VERTEX_POINT ( 'NONE', #677 ) ;
#1386 = LINE ( 'NONE', #3037, #3384 ) ;
#1387 = DIRECTION ( 'NONE',  ( -1.000000000000000000, -8.145007187700838718E-17, 0.000000000000000000 ) ) ;
#1388 = EDGE_CURVE ( 'NONE', #380, #113, #4042, .T. ) ;
#1389 = LINE ( 'NONE', #4694, #4419 ) ;
#1390 = ORIENTED_EDGE ( 'NONE', *, *, #2457, .F. ) ;
#1391 = CARTESIAN_POINT ( 'NONE',  ( -23.30190017009370607, 18.68351819535616798, -60.15714925807217384 ) ) ;
#1392 = EDGE_CURVE ( 'NONE', #2439, #4393, #1424, .T. ) ;
#1393 = EDGE_CURVE ( 'NONE', #266, #3466, #4305, .T. ) ;
#1394 = EDGE_LOOP ( 'NONE', ( #3379, #190, #2881, #3147 ) ) ;
#1395 = VERTEX_POINT ( 'NONE', #242 ) ;
#1396 = DIRECTION ( 'NONE',  ( -1.000000000000000000, -8.145007187700838718E-17, 0.000000000000000000 ) ) ;
#1397 = CARTESIAN_POINT ( 'NONE',  ( 3.624758211226108973, -6.340670791627873726, 50.00000000000000000 ) ) ;
#1398 = LINE ( 'NONE', #1060, #1275 ) ;
#1399 = EDGE_CURVE ( 'NONE', #439, #1411, #1043, .T. ) ;
#1400 = ORIENTED_EDGE ( 'NONE', *, *, #3356, .T. ) ;
#1401 = ORIENTED_EDGE ( 'NONE', *, *, #1822, .T. ) ;
#1402 = PLANE ( 'NONE',  #1972 ) ;
#1403 = CARTESIAN_POINT ( 'NONE',  ( -22.03499271405981119, -49.05057303167087213, 65.21416394846779951 ) ) ;
#1404 = CARTESIAN_POINT ( 'NONE',  ( 6.625764905806940774, 2.386298900080696672, 0.000000000000000000 ) ) ;
#1405 = DIRECTION ( 'NONE',  ( -0.9999973318757245933, -0.002310030612744559328, 3.418525651287343092E-32 ) ) ;
#1406 = CARTESIAN_POINT ( 'NONE',  ( -2.053165802216395441, 93.83813496533005605, 64.86666699332789676 ) ) ;
#1407 = LINE ( 'NONE', #3661, #4195 ) ;
#1408 = FACE_OUTER_BOUND ( 'NONE', #4523, .T. ) ;
#1409 = ORIENTED_EDGE ( 'NONE', *, *, #739, .F. ) ;
#1410 = PLANE ( 'NONE',  #4592 ) ;
#1411 = VERTEX_POINT ( 'NONE', #3677 ) ;
#1412 = ADVANCED_FACE ( 'NONE', ( #1797 ), #3258, .F. ) ;
#1413 = ORIENTED_EDGE ( 'NONE', *, *, #1538, .T. ) ;
#1414 = LINE ( 'NONE', #3987, #727 ) ;
#1415 = AXIS2_PLACEMENT_3D ( 'NONE', #2080, #3215, #3590 ) ;
#1416 = CARTESIAN_POINT ( 'NONE',  ( -61.45834874803541226, 88.08101633273390973, 34.47824939404222988 ) ) ;
#1417 = DIRECTION ( 'NONE',  ( -0.000000000000000000, -0.000000000000000000, -1.000000000000000000 ) ) ;
#1418 = EDGE_CURVE ( 'NONE', #2159, #2853, #4828, .T. ) ;
#1419 = ORIENTED_EDGE ( 'NONE', *, *, #4757, .T. ) ;
#1420 = ORIENTED_EDGE ( 'NONE', *, *, #3234, .T. ) ;
#1421 = AXIS2_PLACEMENT_3D ( 'NONE', #3523, #1246, #3936 ) ;
#1422 = FACE_OUTER_BOUND ( 'NONE', #853, .T. ) ;
#1423 = SPHERICAL_SURFACE ( 'NONE', #2878, 1.000000000000000000 ) ;
#1424 = LINE ( 'NONE', #1851, #571 ) ;
#1425 = CIRCLE ( 'NONE', #1266, 0.9999999999999991118 ) ;
#1426 = CARTESIAN_POINT ( 'NONE',  ( -23.41794864011645316, 52.58050400611852382, 63.12688919785154695 ) ) ;
#1427 = VECTOR ( 'NONE', #2237, 1000.000000000000227 ) ;
#1428 = VERTEX_POINT ( 'NONE', #270 ) ;
#1429 = EDGE_CURVE ( 'NONE', #811, #3351, #3323, .T. ) ;
#1430 = ORIENTED_EDGE ( 'NONE', *, *, #429, .T. ) ;
#1431 = AXIS2_PLACEMENT_3D ( 'NONE', #3526, #2401, #144 ) ;
#1432 = VECTOR ( 'NONE', #2656, 1000.000000000000114 ) ;
#1433 = CARTESIAN_POINT ( 'NONE',  ( 9.285476156923021307, 88.22872609473310490, 42.68895153481192040 ) ) ;
#1434 = ADVANCED_FACE ( 'NONE', ( #2216 ), #1383, .T. ) ;
#1435 = DIRECTION ( 'NONE',  ( -1.091152692702142892E-32, 1.339658354568195596E-16, -1.000000000000000000 ) ) ;
#1436 = DIRECTION ( 'NONE',  ( -5.421010862427522786E-17, -4.415417243907649177E-33, -1.000000000000000000 ) ) ;
#1437 = CARTESIAN_POINT ( 'NONE',  ( -8.975241788773896445, 23.68429699879670736, 50.00000000000000000 ) ) ;
#1438 = VECTOR ( 'NONE', #4649, 1000.000000000000000 ) ;
#1439 = VECTOR ( 'NONE', #2593, 1000.000000000000000 ) ;
#1440 = ORIENTED_EDGE ( 'NONE', *, *, #4719, .F. ) ;
#1441 = AXIS2_PLACEMENT_3D ( 'NONE', #2454, #1313, #3999 ) ;
#1442 = VECTOR ( 'NONE', #2477, 1000.000000000000114 ) ;
#1443 = DIRECTION ( 'NONE',  ( 0.002310030612740220785, -0.9999973318757245933, 3.193368767321957072E-09 ) ) ;
#1444 = EDGE_CURVE ( 'NONE', #4822, #4840, #1250, .T. ) ;
#1445 =( BOUNDED_CURVE ( )  B_SPLINE_CURVE ( 3, ( #2414, #3141, #4276, #2733 ),
 .UNSPECIFIED., .F., .F. ) 
 B_SPLINE_CURVE_WITH_KNOTS ( ( 4, 4 ),
 ( 4.714699013051927068, 6.283185307179586232 ),
 .UNSPECIFIED. ) 
 CURVE ( )  GEOMETRIC_REPRESENTATION_ITEM ( )  RATIONAL_B_SPLINE_CURVE ( ( 1.000000000000000000, 0.8052820194829923839, 0.8052820194829923839, 1.000000000000000000 ) ) 
 REPRESENTATION_ITEM ( '' )  );
#1446 = VECTOR ( 'NONE', #110, 1000.000000000000000 ) ;
#1447 = ORIENTED_EDGE ( 'NONE', *, *, #1159, .T. ) ;
#1448 = ORIENTED_EDGE ( 'NONE', *, *, #2872, .F. ) ;
#1449 = DIRECTION ( 'NONE',  ( 0.9999973318757245933, 0.002310030612747873517, 0.000000000000000000 ) ) ;
#1450 = VECTOR ( 'NONE', #4062, 1000.000000000000114 ) ;
#1451 = DIRECTION ( 'NONE',  ( 0.000000000000000000, 1.000000000000000000, -1.448403657707718919E-16 ) ) ;
#1452 = CARTESIAN_POINT ( 'NONE',  ( -9.975241788773896445, 22.68429699879670736, 1.000000000000000888 ) ) ;
#1453 = EDGE_CURVE ( 'NONE', #3028, #3618, #4347, .T. ) ;
#1454 = EDGE_CURVE ( 'NONE', #4643, #3712, #4411, .T. ) ;
#1455 = ORIENTED_EDGE ( 'NONE', *, *, #1088, .F. ) ;
#1456 = ORIENTED_EDGE ( 'NONE', *, *, #1177, .F. ) ;
#1457 = CARTESIAN_POINT ( 'NONE',  ( -2.053165807640641827, 93.83813496533002763, 62.15159124171402993 ) ) ;
#1458 = CARTESIAN_POINT ( 'NONE',  ( -1.375241788773899465, 48.78451077974749239, 35.77815165332165748 ) ) ;
#1459 = CARTESIAN_POINT ( 'NONE',  ( -9.975241788773892893, 2.386298900080692675, 37.55290071327490864 ) ) ;
#1460 = FACE_OUTER_BOUND ( 'NONE', #3818, .T. ) ;
#1461 = EDGE_CURVE ( 'NONE', #2419, #1293, #3108, .T. ) ;
#1462 = EDGE_CURVE ( 'NONE', #430, #811, #3825, .T. ) ;
#1463 = LINE ( 'NONE', #2506, #4170 ) ;
#1464 = CYLINDRICAL_SURFACE ( 'NONE', #1362, 1.000000000000000000 ) ;
#1465 = FACE_OUTER_BOUND ( 'NONE', #3537, .T. ) ;
#1466 = CARTESIAN_POINT ( 'NONE',  ( 9.285476156923021307, 88.22872609473310490, 42.68895153481192040 ) ) ;
#1467 = ORIENTED_EDGE ( 'NONE', *, *, #221, .T. ) ;
#1468 = EDGE_LOOP ( 'NONE', ( #1547, #1163, #908, #2403, #3294, #2024, #1559, #2500, #2349, #4872, #2680, #2761, #594, #2867, #4611, #3861, #2069, #1665 ) ) ;
#1469 = DIRECTION ( 'NONE',  ( 0.002310030612744637390, -0.9999973318757248153, -0.000000000000000000 ) ) ;
#1470 = EDGE_LOOP ( 'NONE', ( #4247, #1119, #139, #1557 ) ) ;
#1471 = ORIENTED_EDGE ( 'NONE', *, *, #3417, .F. ) ;
#1472 = LINE ( 'NONE', #2280, #3245 ) ;
#1473 = CARTESIAN_POINT ( 'NONE',  ( -23.72932920491331998, -29.05448701127601296, 34.47824667424355738 ) ) ;
#1474 = DIRECTION ( 'NONE',  ( -0.000000000000000000, -0.000000000000000000, -1.000000000000000000 ) ) ;
#1475 = DIRECTION ( 'NONE',  ( 0.000000000000000000, 0.000000000000000000, 1.000000000000000000 ) ) ;
#1476 = ORIENTED_EDGE ( 'NONE', *, *, #4538, .F. ) ;
#1477 = VERTEX_POINT ( 'NONE', #3055 ) ;
#1478 = EDGE_CURVE ( 'NONE', #2588, #2578, #1941, .T. ) ;
#1479 = CARTESIAN_POINT ( 'NONE',  ( 1.174758211226108351, -4.613701099919306436, 3.650000000000000355 ) ) ;
#1480 = LINE ( 'NONE', #2944, #3499 ) ;
#1481 = DIRECTION ( 'NONE',  ( -0.002310030612744636957, 0.9999973318757247043, 2.685669595212177716E-19 ) ) ;
#1482 = DIRECTION ( 'NONE',  ( -0.9999973318757245933, -0.002310030612744636957, -0.000000000000000000 ) ) ;
#1483 = ORIENTED_EDGE ( 'NONE', *, *, #3594, .T. ) ;
#1484 = CARTESIAN_POINT ( 'NONE',  ( 69.61879287838389985, 18.91012253494495354, 35.77815137691118963 ) ) ;
#1485 = LINE ( 'NONE', #2527, #3571 ) ;
#1486 = DIRECTION ( 'NONE',  ( -1.629001437540167744E-16, 1.000000000000000000, 0.000000000000000000 ) ) ;
#1487 = EDGE_LOOP ( 'NONE', ( #4846, #4388, #4615, #3605 ) ) ;
#1488 = ORIENTED_EDGE ( 'NONE', *, *, #3432, .F. ) ;
#1489 = EDGE_LOOP ( 'NONE', ( #1938, #2760, #4382, #186, #4474, #1245, #4501, #1244 ) ) ;
#1490 = VERTEX_POINT ( 'NONE', #462 ) ;
#1491 = ADVANCED_FACE ( 'NONE', ( #2670 ), #4508, .F. ) ;
#1492 = DIRECTION ( 'NONE',  ( -0.002310030612744635656, 0.9999973318757245933, 0.000000000000000000 ) ) ;
#1493 = CARTESIAN_POINT ( 'NONE',  ( 1.174758211226108351, -4.613701099919306436, 50.00000000000000000 ) ) ;
#1494 = DIRECTION ( 'NONE',  ( 1.000000000000000000, 0.000000000000000000, 0.000000000000000000 ) ) ;
#1495 = ORIENTED_EDGE ( 'NONE', *, *, #756, .F. ) ;
#1496 = ORIENTED_EDGE ( 'NONE', *, *, #2900, .T. ) ;
#1497 = VECTOR ( 'NONE', #3978, 1000.000000000000000 ) ;
#1498 = LINE ( 'NONE', #4504, #3241 ) ;
#1499 = CARTESIAN_POINT ( 'NONE',  ( -1.983849063916677258, 93.88465243610092159, 59.71975232210711937 ) ) ;
#1500 = LINE ( 'NONE', #3005, #2152 ) ;
#1501 = EDGE_CURVE ( 'NONE', #4823, #2311, #1964, .T. ) ;
#1502 = LINE ( 'NONE', #4479, #4185 ) ;
#1503 = EDGE_CURVE ( 'NONE', #3518, #3693, #3449, .T. ) ;
#1504 = CARTESIAN_POINT ( 'NONE',  ( -27.21681824921459025, 52.10272336027070850, 57.82671117685787721 ) ) ;
#1505 = CYLINDRICAL_SURFACE ( 'NONE', #651, 1.000000000000000888 ) ;
#1506 = CARTESIAN_POINT ( 'NONE',  ( -2.375241788773896801, 23.68429699879670736, 3.837678611783551297 ) ) ;
#1507 = ADVANCED_FACE ( 'NONE', ( #2320 ), #3075, .F. ) ;
#1508 = EDGE_CURVE ( 'NONE', #4106, #2535, #1597, .T. ) ;
#1509 = EDGE_LOOP ( 'NONE', ( #1115, #1795, #3182, #437 ) ) ;
#1510 = ORIENTED_EDGE ( 'NONE', *, *, #3980, .F. ) ;
#1511 = VECTOR ( 'NONE', #453, 1000.000000000000227 ) ;
#1512 = EDGE_CURVE ( 'NONE', #4695, #754, #2691, .T. ) ;
#1513 = VERTEX_POINT ( 'NONE', #4213 ) ;
#1514 = ORIENTED_EDGE ( 'NONE', *, *, #538, .T. ) ;
#1515 = VECTOR ( 'NONE', #4802, 1000.000000000000000 ) ;
#1516 = VECTOR ( 'NONE', #2424, 1000.000000000000000 ) ;
#1517 = DIRECTION ( 'NONE',  ( 1.000000000000000000, 0.000000000000000000, 0.000000000000000000 ) ) ;
#1518 = DIRECTION ( 'NONE',  ( -0.000000000000000000, -0.000000000000000000, -1.000000000000000000 ) ) ;
#1519 = DIRECTION ( 'NONE',  ( 0.000000000000000000, 0.000000000000000000, 1.000000000000000000 ) ) ;
#1520 = CARTESIAN_POINT ( 'NONE',  ( -24.06081794139211993, 114.4442475102263330, 35.47824667424359291 ) ) ;
#1521 = AXIS2_PLACEMENT_3D ( 'NONE', #4302, #4281, #3520 ) ;
#1522 = VERTEX_POINT ( 'NONE', #838 ) ;
#1523 = ADVANCED_FACE ( 'NONE', ( #3749 ), #88, .T. ) ;
#1524 = ORIENTED_EDGE ( 'NONE', *, *, #3194, .T. ) ;
#1525 = AXIS2_PLACEMENT_3D ( 'NONE', #2495, #4384, #3988 ) ;
#1526 = CARTESIAN_POINT ( 'NONE',  ( -21.75582692013241370, 88.17273061826463731, 47.41953824246409255 ) ) ;
#1527 = CARTESIAN_POINT ( 'NONE',  ( 9.224758211226104621, -7.213701099919302528, 43.35000000000000853 ) ) ;
#1528 = CARTESIAN_POINT ( 'NONE',  ( -21.26961920252582772, -7.285146543249521045, 62.76666700000040322 ) ) ;
#1529 = CYLINDRICAL_SURFACE ( 'NONE', #4104, 1.550000000000000266 ) ;
#1530 = VECTOR ( 'NONE', #1546, 1000.000000000000000 ) ;
#1531 = EDGE_LOOP ( 'NONE', ( #1106, #519 ) ) ;
#1532 = EDGE_CURVE ( 'NONE', #3133, #4132, #94, .T. ) ;
#1533 = DIRECTION ( 'NONE',  ( 0.002310030612744635656, -0.9999973318757245933, -1.314654392323781413E-16 ) ) ;
#1534 = DIRECTION ( 'NONE',  ( -3.036891891447031997E-19, 1.314650884662483754E-16, -1.000000000000000000 ) ) ;
#1535 = PLANE ( 'NONE',  #413 ) ;
#1536 = ORIENTED_EDGE ( 'NONE', *, *, #2979, .F. ) ;
#1537 = EDGE_LOOP ( 'NONE', ( #1004, #2788, #3592, #2886 ) ) ;
#1538 = EDGE_CURVE ( 'NONE', #754, #4200, #3770, .T. ) ;
#1539 = VERTEX_POINT ( 'NONE', #1868 ) ;
#1540 = ORIENTED_EDGE ( 'NONE', *, *, #4292, .F. ) ;
#1541 = CARTESIAN_POINT ( 'NONE',  ( -20.50468478950206475, 92.35240334288458541, 28.77538651533552994 ) ) ;
#1542 = CARTESIAN_POINT ( 'NONE',  ( 0.3560851351113837326, 18.68429699879670736, 35.77815164589052443 ) ) ;
#1543 = EDGE_CURVE ( 'NONE', #1865, #1711, #1175, .T. ) ;
#1544 = LINE ( 'NONE', #1148, #1601 ) ;
#1545 = EDGE_CURVE ( 'NONE', #459, #2017, #1500, .T. ) ;
#1546 = DIRECTION ( 'NONE',  ( -0.000000000000000000, -0.000000000000000000, -1.000000000000000000 ) ) ;
#1547 = ORIENTED_EDGE ( 'NONE', *, *, #1042, .F. ) ;
#1548 = ORIENTED_EDGE ( 'NONE', *, *, #3033, .T. ) ;
#1549 = LINE ( 'NONE', #3352, #1819 ) ;
#1550 = CARTESIAN_POINT ( 'NONE',  ( -21.75582692013241370, 92.55480625409174422, 47.34166691884076528 ) ) ;
#1551 = DIRECTION ( 'NONE',  ( 0.9999973318757245933, 0.002310030612744636523, 1.006298395942330596E-32 ) ) ;
#1552 = CYLINDRICAL_SURFACE ( 'NONE', #2936, 0.9999999999999991118 ) ;
#1553 = ORIENTED_EDGE ( 'NONE', *, *, #3392, .F. ) ;
#1554 = DIRECTION ( 'NONE',  ( 0.000000000000000000, 0.000000000000000000, 1.000000000000000000 ) ) ;
#1555 = DIRECTION ( 'NONE',  ( 0.9999973318757245933, 0.002310030612734657093, 0.000000000000000000 ) ) ;
#1556 = FACE_OUTER_BOUND ( 'NONE', #3600, .T. ) ;
#1557 = ORIENTED_EDGE ( 'NONE', *, *, #610, .T. ) ;
#1558 = ORIENTED_EDGE ( 'NONE', *, *, #473, .T. ) ;
#1559 = ORIENTED_EDGE ( 'NONE', *, *, #932, .T. ) ;
#1560 = CARTESIAN_POINT ( 'NONE',  ( -0.3752417887738960234, 9.386298900080694452, 50.00000000000000000 ) ) ;
#1561 = ORIENTED_EDGE ( 'NONE', *, *, #2649, .T. ) ;
#1562 = CARTESIAN_POINT ( 'NONE',  ( -20.50468478461596078, 92.35240334288454278, 47.34166692365010931 ) ) ;
#1563 = CARTESIAN_POINT ( 'NONE',  ( -21.50463136124279373, 94.45009903260537953, 62.76666700000041743 ) ) ;
#1564 = EDGE_CURVE ( 'NONE', #4291, #2986, #384, .T. ) ;
#1565 = ORIENTED_EDGE ( 'NONE', *, *, #1243, .F. ) ;
#1566 = ORIENTED_EDGE ( 'NONE', *, *, #1035, .T. ) ;
#1567 = CARTESIAN_POINT ( 'NONE',  ( -28.21681558109031229, 52.10041332965798233, 57.82671117685787721 ) ) ;
#1568 = EDGE_CURVE ( 'NONE', #2613, #1395, #3398, .T. ) ;
#1569 = FACE_OUTER_BOUND ( 'NONE', #51, .T. ) ;
#1570 = DIRECTION ( 'NONE',  ( -0.9999999999990735189, 0.000000000000000000, 1.361274163819719920E-06 ) ) ;
#1571 = CARTESIAN_POINT ( 'NONE',  ( -24.01461594675004463, 94.44430087590512812, 34.47824667424357159 ) ) ;
#1572 = ORIENTED_EDGE ( 'NONE', *, *, #2421, .T. ) ;
#1573 = DIRECTION ( 'NONE',  ( 0.000000000000000000, 0.000000000000000000, -1.000000000000000000 ) ) ;
#1574 = DIRECTION ( 'NONE',  ( 0.000000000000000000, 0.000000000000000000, 1.000000000000000000 ) ) ;
#1575 = CARTESIAN_POINT ( 'NONE',  ( -0.6401874489896914877, 88.22150852199615656, 40.96666697601042983 ) ) ;
#1576 = DIRECTION ( 'NONE',  ( 0.002310030612744635656, -0.9999973318757245933, 0.000000000000000000 ) ) ;
#1577 = EDGE_CURVE ( 'NONE', #2768, #2736, #4157, .T. ) ;
#1578 = ORIENTED_EDGE ( 'NONE', *, *, #321, .T. ) ;
#1579 = AXIS2_PLACEMENT_3D ( 'NONE', #2615, #786, #1939 ) ;
#1580 = AXIS2_PLACEMENT_3D ( 'NONE', #2250, #3776, #3753 ) ;
#1581 = CIRCLE ( 'NONE', #1976, 1.049999999999995159 ) ;
#1582 = ORIENTED_EDGE ( 'NONE', *, *, #4059, .F. ) ;
#1583 = VERTEX_POINT ( 'NONE', #3795 ) ;
#1584 = CARTESIAN_POINT ( 'NONE',  ( 4.904320800386624768, 51.64592682198042439, 36.47824939404222278 ) ) ;
#1585 = ADVANCED_FACE ( 'NONE', ( #3577 ), #2443, .F. ) ;
#1586 = AXIS2_PLACEMENT_3D ( 'NONE', #3401, #2348, #2744 ) ;
#1587 = CIRCLE ( 'NONE', #1271, 1.550000000000000488 ) ;
#1588 = ORIENTED_EDGE ( 'NONE', *, *, #2058, .F. ) ;
#1589 = DIRECTION ( 'NONE',  ( 0.002310030612744637390, -0.9999973318757248153, -0.000000000000000000 ) ) ;
#1590 = DIRECTION ( 'NONE',  ( -1.203683937203171286E-18, 5.210670018760918348E-16, -1.000000000000000000 ) ) ;
#1591 = AXIS2_PLACEMENT_3D ( 'NONE', #364, #3032, #4603 ) ;
#1592 = EDGE_LOOP ( 'NONE', ( #44, #410 ) ) ;
#1593 = ORIENTED_EDGE ( 'NONE', *, *, #25, .T. ) ;
#1594 = CARTESIAN_POINT ( 'NONE',  ( -20.50468478950206475, 93.88465243608212063, 28.77538651533460268 ) ) ;
#1595 = VECTOR ( 'NONE', #4854, 1000.000000000000000 ) ;
#1596 = PLANE ( 'NONE',  #3265 ) ;
#1597 = LINE ( 'NONE', #2743, #333 ) ;
#1598 = CARTESIAN_POINT ( 'NONE',  ( -0.3752417887738929148, 2.386298900080694452, 6.650000000000003020 ) ) ;
#1599 = DIRECTION ( 'NONE',  ( -2.631707271538399749E-10, -6.078025923572550182E-13, -1.000000000000000000 ) ) ;
#1600 = EDGE_LOOP ( 'NONE', ( #3276, #239, #4298 ) ) ;
#1601 = VECTOR ( 'NONE', #404, 1000.000000000000000 ) ;
#1602 = FACE_OUTER_BOUND ( 'NONE', #2822, .T. ) ;
#1603 = CARTESIAN_POINT ( 'NONE',  ( -22.11829510325279102, 93.83813496533007026, 61.71666699999587280 ) ) ;
#1604 = CARTESIAN_POINT ( 'NONE',  ( -0.3752417887738929148, 2.386298900080694452, 50.00000000000000000 ) ) ;
#1605 = LINE ( 'NONE', #389, #1980 ) ;
#1606 = VECTOR ( 'NONE', #969, 1000.000000000000114 ) ;
#1607 = DIRECTION ( 'NONE',  ( 0.000000000000000000, -1.000000000000000000, -1.314650884662483754E-16 ) ) ;
#1608 = EDGE_CURVE ( 'NONE', #2595, #3684, #408, .T. ) ;
#1609 = EDGE_LOOP ( 'NONE', ( #1630, #4468, #3394, #2964 ) ) ;
#1610 = AXIS2_PLACEMENT_3D ( 'NONE', #1563, #2363, #3820 ) ;
#1611 = DIRECTION ( 'NONE',  ( -0.9999973318757247043, -0.002310030612744636089, 0.000000000000000000 ) ) ;
#1612 = ORIENTED_EDGE ( 'NONE', *, *, #4145, .F. ) ;
#1613 = DIRECTION ( 'NONE',  ( 1.000000000000000000, 0.000000000000000000, 0.000000000000000000 ) ) ;
#1614 = DIRECTION ( 'NONE',  ( -1.000000000000000000, 0.000000000000000000, 0.000000000000000000 ) ) ;
#1615 = DIRECTION ( 'NONE',  ( -1.382387176899351584E-06, -3.193365349064183144E-09, 0.9999999999990444310 ) ) ;
#1616 = ORIENTED_EDGE ( 'NONE', *, *, #1177, .T. ) ;
#1617 = ORIENTED_EDGE ( 'NONE', *, *, #132, .T. ) ;
#1618 = LINE ( 'NONE', #140, #964 ) ;
#1619 = CARTESIAN_POINT ( 'NONE',  ( 4.970731537430510549, 23.68341667170317422, 3.836558379739137159 ) ) ;
#1620 = CARTESIAN_POINT ( 'NONE',  ( -20.49692074411147047, 94.45242688119073193, 47.34166699964411151 ) ) ;
#1621 = EDGE_CURVE ( 'NONE', #3684, #2595, #4506, .T. ) ;
#1622 = DIRECTION ( 'NONE',  ( 1.139176251086765538E-16, 2.631539034595277992E-19, 1.000000000000000000 ) ) ;
#1623 = EDGE_LOOP ( 'NONE', ( #804, #3564, #2428, #3700 ) ) ;
#1624 = ORIENTED_EDGE ( 'NONE', *, *, #2032, .T. ) ;
#1625 = DIRECTION ( 'NONE',  ( 1.599556537501581790E-22, -1.000000000000000000, 6.078025923572550182E-13 ) ) ;
#1626 = LINE ( 'NONE', #4150, #1267 ) ;
#1627 = PLANE ( 'NONE',  #4670 ) ;
#1628 = CYLINDRICAL_SURFACE ( 'NONE', #487, 1.000000000000000000 ) ;
#1629 = CARTESIAN_POINT ( 'NONE',  ( -28.21559163188976171, 51.57172864301321624, 36.77584162251388733 ) ) ;
#1630 = ORIENTED_EDGE ( 'NONE', *, *, #1950, .F. ) ;
#1631 = LINE ( 'NONE', #2847, #2865 ) ;
#1632 = CARTESIAN_POINT ( 'NONE',  ( -27.36081185302776575, 114.4366244029291977, 35.47824667424358580 ) ) ;
#1633 = ADVANCED_FACE ( 'NONE', ( #3227 ), #2764, .F. ) ;
#1634 = ORIENTED_EDGE ( 'NONE', *, *, #2396, .F. ) ;
#1635 = FACE_OUTER_BOUND ( 'NONE', #3629, .T. ) ;
#1636 = FACE_OUTER_BOUND ( 'NONE', #3101, .T. ) ;
#1637 = VERTEX_POINT ( 'NONE', #4721 ) ;
#1638 = ORIENTED_EDGE ( 'NONE', *, *, #895, .T. ) ;
#1639 = LINE ( 'NONE', #4601, #565 ) ;
#1640 = DIRECTION ( 'NONE',  ( 0.002310030612744637390, -0.9999973318757247043, 0.000000000000000000 ) ) ;
#1641 = CARTESIAN_POINT ( 'NONE',  ( 4.806857916037372114, 88.21838032189005219, 69.82671117685787010 ) ) ;
#1642 = EDGE_CURVE ( 'NONE', #172, #3706, #915, .T. ) ;
#1643 = LINE ( 'NONE', #1325, #93 ) ;
#1644 = DIRECTION ( 'NONE',  ( 0.000000000000000000, 0.000000000000000000, -1.000000000000000000 ) ) ;
#1645 = ORIENTED_EDGE ( 'NONE', *, *, #2045, .F. ) ;
#1646 = VERTEX_POINT ( 'NONE', #1641 ) ;
#1647 = DIRECTION ( 'NONE',  ( -0.002310030612744637390, 0.9999973318757247043, 0.000000000000000000 ) ) ;
#1648 = EDGE_CURVE ( 'NONE', #4543, #172, #3151, .T. ) ;
#1649 = FACE_BOUND ( 'NONE', #4073, .T. ) ;
#1650 = DIRECTION ( 'NONE',  ( 5.421010862427522786E-17, 4.415417243907649177E-33, 1.000000000000000000 ) ) ;
#1651 = LINE ( 'NONE', #2046, #400 ) ;
#1652 = ORIENTED_EDGE ( 'NONE', *, *, #2583, .F. ) ;
#1653 = FACE_OUTER_BOUND ( 'NONE', #541, .T. ) ;
#1654 = EDGE_CURVE ( 'NONE', #3891, #3373, #3544, .T. ) ;
#1655 = CARTESIAN_POINT ( 'NONE',  ( 5.968915861732337902, 23.68429699879670380, 49.58578643762691485 ) ) ;
#1656 = EDGE_CURVE ( 'NONE', #1364, #3413, #2629, .T. ) ;
#1657 = VECTOR ( 'NONE', #1533, 1000.000000000000227 ) ;
#1658 = ORIENTED_EDGE ( 'NONE', *, *, #3213, .F. ) ;
#1659 = FACE_BOUND ( 'NONE', #3419, .T. ) ;
#1660 = DIRECTION ( 'NONE',  ( -1.000000000000000000, 0.000000000000000000, 0.000000000000000000 ) ) ;
#1661 = VECTOR ( 'NONE', #4072, 1000.000000000000000 ) ;
#1662 = AXIS2_PLACEMENT_3D ( 'NONE', #759, #1078, #690 ) ;
#1663 = EDGE_CURVE ( 'NONE', #4363, #4154, #4361, .T. ) ;
#1664 = ORIENTED_EDGE ( 'NONE', *, *, #4843, .T. ) ;
#1665 = ORIENTED_EDGE ( 'NONE', *, *, #3409, .F. ) ;
#1666 = VECTOR ( 'NONE', #2671, 1000.000000000000114 ) ;
#1667 = AXIS2_PLACEMENT_3D ( 'NONE', #3061, #1232, #3511 ) ;
#1668 = CARTESIAN_POINT ( 'NONE',  ( 9.285476156923021307, 88.22872609473310490, 42.68895153481192040 ) ) ;
#1669 = CARTESIAN_POINT ( 'NONE',  ( -9.975241788773892893, 19.68429699879670380, 13.82552992589453744 ) ) ;
#1670 = LINE ( 'NONE', #1302, #2226 ) ;
#1671 = VECTOR ( 'NONE', #2487, 1000.000000000000114 ) ;
#1672 = LINE ( 'NONE', #2095, #2942 ) ;
#1673 = CIRCLE ( 'NONE', #4428, 0.9999999999999991118 ) ;
#1674 = EDGE_CURVE ( 'NONE', #2535, #2419, #1670, .T. ) ;
#1675 = FILL_AREA_STYLE ('',( #937 ) ) ;
#1676 = ORIENTED_EDGE ( 'NONE', *, *, #4636, .F. ) ;
#1677 = ORIENTED_EDGE ( 'NONE', *, *, #3363, .T. ) ;
#1678 = AXIS2_PLACEMENT_3D ( 'NONE', #2899, #2582, #701 ) ;
#1679 = AXIS2_PLACEMENT_3D ( 'NONE', #2376, #4560, #3879 ) ;
#1680 = FACE_OUTER_BOUND ( 'NONE', #956, .T. ) ;
#1681 = CARTESIAN_POINT ( 'NONE',  ( -22.55322050441985837, 93.83813496533007026, 62.15159124153096570 ) ) ;
#1682 = DIRECTION ( 'NONE',  ( 3.036891891447031034E-19, -1.314650884662483754E-16, 1.000000000000000000 ) ) ;
#1683 = DIRECTION ( 'NONE',  ( 0.002310030612744636089, -0.9999973318757248153, -1.314654392323781659E-16 ) ) ;
#1684 = DIRECTION ( 'NONE',  ( -0.9999973318757247043, -0.002310030612739934989, 0.000000000000000000 ) ) ;
#1685 = VECTOR ( 'NONE', #521, 1000.000000000000227 ) ;
#1686 = ORIENTED_EDGE ( 'NONE', *, *, #620, .F. ) ;
#1687 = DIRECTION ( 'NONE',  ( 1.000000000000000000, -0.000000000000000000, -0.000000000000000000 ) ) ;
#1688 = AXIS2_PLACEMENT_3D ( 'NONE', #1850, #1103, #1820 ) ;
#1689 = ORIENTED_EDGE ( 'NONE', *, *, #528, .T. ) ;
#1690 = VECTOR ( 'NONE', #1615, 1000.000000000000227 ) ;
#1691 = ADVANCED_FACE ( 'NONE', ( #4258 ), #598, .F. ) ;
#1692 = ORIENTED_EDGE ( 'NONE', *, *, #862, .F. ) ;
#1693 = CARTESIAN_POINT ( 'NONE',  ( -7.374235094193059226, 2.386298900080692231, 0.000000000000000000 ) ) ;
#1694 = CARTESIAN_POINT ( 'NONE',  ( -0.3752417887738916935, -4.613701099919306436, 43.35000000000000853 ) ) ;
#1695 = ORIENTED_EDGE ( 'NONE', *, *, #652, .T. ) ;
#1696 = VERTEX_POINT ( 'NONE', #4330 ) ;
#1697 = EDGE_CURVE ( 'NONE', #207, #1646, #961, .T. ) ;
#1698 = PLANE ( 'NONE',  #3792 ) ;
#1699 = DIRECTION ( 'NONE',  ( -1.000000000000000000, -8.145007187700838718E-17, -4.069660464166545300E-31 ) ) ;
#1700 = DIRECTION ( 'NONE',  ( 1.000000000000000000, 1.231055726676221706E-16, -0.000000000000000000 ) ) ;
#1701 = DIRECTION ( 'NONE',  ( 0.6139149312079333898, -0.000000000000000000, -0.7893721918334584142 ) ) ;
#1702 = SURFACE_STYLE_FILL_AREA ( #1675 ) ;
#1703 = EDGE_LOOP ( 'NONE', ( #644, #2816 ) ) ;
#1704 = ORIENTED_EDGE ( 'NONE', *, *, #2612, .F. ) ;
#1705 = DIRECTION ( 'NONE',  ( -1.000000000000000000, 0.000000000000000000, 0.000000000000000000 ) ) ;
#1706 = CARTESIAN_POINT ( 'NONE',  ( 1.019847157417861583, 88.20963218776573456, 43.68895153481192040 ) ) ;
#1707 = CARTESIAN_POINT ( 'NONE',  ( -21.75582692013241370, 52.43871641364241043, 47.41953824246409255 ) ) ;
#1708 = CARTESIAN_POINT ( 'NONE',  ( -1.375241788773899687, 23.68429699879670736, 3.837678611783551297 ) ) ;
#1709 = VERTEX_POINT ( 'NONE', #4287 ) ;
#1710 = DIRECTION ( 'NONE',  ( 0.9999973318757245933, 0.002310030612747858338, 0.000000000000000000 ) ) ;
#1711 = VERTEX_POINT ( 'NONE', #484 ) ;
#1712 = DIRECTION ( 'NONE',  ( -0.002310030612744635222, 0.9999973318757245933, 1.314654392323781166E-16 ) ) ;
#1713 = ORIENTED_EDGE ( 'NONE', *, *, #1904, .F. ) ;
#1714 = CARTESIAN_POINT ( 'NONE',  ( -27.30007541373077018, 88.14421212512698389, 43.68895153481192040 ) ) ;
#1715 = CARTESIAN_POINT ( 'NONE',  ( -0.3752417887738929148, 2.386298900080694452, 6.649999999999995914 ) ) ;
#1716 = EDGE_CURVE ( 'NONE', #4695, #918, #3180, .T. ) ;
#1717 = ORIENTED_EDGE ( 'NONE', *, *, #4332, .T. ) ;
#1718 = ORIENTED_EDGE ( 'NONE', *, *, #4284, .F. ) ;
#1719 = DIRECTION ( 'NONE',  ( -0.9999973318757247043, -0.002310030612739932820, 0.000000000000000000 ) ) ;
#1720 = CYLINDRICAL_SURFACE ( 'NONE', #2482, 1.549999999999999378 ) ;
#1721 = CARTESIAN_POINT ( 'NONE',  ( 5.723216007123614446, 88.22049714278064414, 69.82671117685787010 ) ) ;
#1722 = CARTESIAN_POINT ( 'NONE',  ( -2.012383721940421921, 94.48948504650226710, 47.34166699477945883 ) ) ;
#1723 = EDGE_LOOP ( 'NONE', ( #966, #1736, #3617, #1370 ) ) ;
#1724 = VERTEX_POINT ( 'NONE', #1991 ) ;
#1725 = DIRECTION ( 'NONE',  ( 0.9999973318757245933, 0.002310030612756489021, -2.631714290242291010E-10 ) ) ;
#1726 = CARTESIAN_POINT ( 'NONE',  ( -61.37601372443361925, 52.43871641364241043, 47.41953824246409965 ) ) ;
#1727 = CARTESIAN_POINT ( 'NONE',  ( -4.440178388335568549, 88.21273040317700520, 40.96666720032041553 ) ) ;
#1728 = DIRECTION ( 'NONE',  ( 0.9999973318757247043, 0.002310030612746873883, 0.000000000000000000 ) ) ;
#1729 = EDGE_LOOP ( 'NONE', ( #2270, #2018 ) ) ;
#1730 = CARTESIAN_POINT ( 'NONE',  ( 69.54920448598815597, 18.90996178319932497, 39.17977378645738185 ) ) ;
#1731 = DIRECTION ( 'NONE',  ( -0.002310030612744636523, 0.9999973318757247043, 2.685669595212177235E-19 ) ) ;
#1732 = DIRECTION ( 'NONE',  ( 0.9999973318747691353, 0.002310030612742428654, 1.382390865290281044E-06 ) ) ;
#1733 = ORIENTED_EDGE ( 'NONE', *, *, #4045, .F. ) ;
#1734 = CARTESIAN_POINT ( 'NONE',  ( -9.975241788773896445, 23.68429699879670736, 50.00000000000000000 ) ) ;
#1735 = ORIENTED_EDGE ( 'NONE', *, *, #3142, .F. ) ;
#1736 = ORIENTED_EDGE ( 'NONE', *, *, #4075, .F. ) ;
#1737 = EDGE_CURVE ( 'NONE', #606, #3674, #3503, .T. ) ;
#1738 = CIRCLE ( 'NONE', #646, 9.599999999999997868 ) ;
#1739 = CARTESIAN_POINT ( 'NONE',  ( 8.175764905806939709, 2.386298900080696672, 50.00000000000000000 ) ) ;
#1740 = PLANE ( 'NONE',  #2160 ) ;
#1741 = CARTESIAN_POINT ( 'NONE',  ( -8.924235094193059936, 2.386298900080692231, 50.00000000000000000 ) ) ;
#1742 = AXIS2_PLACEMENT_3D ( 'NONE', #747, #4043, #2523 ) ;
#1743 = CIRCLE ( 'NONE', #1662, 1.050000000000001155 ) ;
#1744 = ORIENTED_EDGE ( 'NONE', *, *, #2644, .T. ) ;
#1745 = EDGE_LOOP ( 'NONE', ( #3094, #3811 ) ) ;
#1746 = EDGE_CURVE ( 'NONE', #4154, #4354, #3896, .T. ) ;
#1747 = VECTOR ( 'NONE', #1687, 1000.000000000000000 ) ;
#1748 = AXIS2_PLACEMENT_3D ( 'NONE', #2123, #4336, #573 ) ;
#1749 = LINE ( 'NONE', #3257, #1134 ) ;
#1750 = CARTESIAN_POINT ( 'NONE',  ( -61.45834874803541226, 88.08101633273390973, 47.41953824246409965 ) ) ;
#1751 = LINE ( 'NONE', #4688, #2702 ) ;
#1752 = AXIS2_PLACEMENT_3D ( 'NONE', #1195, #2362, #2713 ) ;
#1753 = VECTOR ( 'NONE', #41, 1000.000000000000000 ) ;
#1754 = ORIENTED_EDGE ( 'NONE', *, *, #4203, .T. ) ;
#1755 = CARTESIAN_POINT ( 'NONE',  ( -21.92280919157501273, -49.05031388360824707, 65.32670781691940931 ) ) ;
#1756 = CARTESIAN_POINT ( 'NONE',  ( -1.143974537512717271, 114.4971862612839146, 65.32670781691942352 ) ) ;
#1757 = EDGE_CURVE ( 'NONE', #3779, #4334, #2014, .T. ) ;
#1758 = EDGE_CURVE ( 'NONE', #1127, #3446, #1273, .T. ) ;
#1759 = DIRECTION ( 'NONE',  ( -0.002310030612743404436, 0.9999973318757247043, 0.000000000000000000 ) ) ;
#1760 = ORIENTED_EDGE ( 'NONE', *, *, #739, .T. ) ;
#1761 = VECTOR ( 'NONE', #2088, 1000.000000000000227 ) ;
#1762 = CARTESIAN_POINT ( 'NONE',  ( 5.806857916037380996, 93.83813496533004184, 36.47824939404222278 ) ) ;
#1763 = DIRECTION ( 'NONE',  ( 0.000000000000000000, 0.000000000000000000, 1.000000000000000000 ) ) ;
#1764 = ADVANCED_FACE ( 'NONE', ( #2037 ), #4750, .T. ) ;
#1765 = AXIS2_PLACEMENT_3D ( 'NONE', #1940, #817, #2720 ) ;
#1766 = VERTEX_POINT ( 'NONE', #3620 ) ;
#1767 = ORIENTED_EDGE ( 'NONE', *, *, #4778, .F. ) ;
#1768 = AXIS2_PLACEMENT_3D ( 'NONE', #12, #2390, #3889 ) ;
#1769 = LINE ( 'NONE', #4056, #1041 ) ;
#1770 = CARTESIAN_POINT ( 'NONE',  ( 5.761407941737090255, 113.5131352806333922, 35.47824939404223699 ) ) ;
#1771 = DIRECTION ( 'NONE',  ( -1.000000000000000000, 0.000000000000000000, 0.000000000000000000 ) ) ;
#1772 = ORIENTED_EDGE ( 'NONE', *, *, #2581, .T. ) ;
#1773 = ORIENTED_EDGE ( 'NONE', *, *, #4306, .T. ) ;
#1774 = CARTESIAN_POINT ( 'NONE',  ( -9.561028226400805963, 23.68429699879671091, 0.4142135623730927030 ) ) ;
#1775 = LINE ( 'NONE', #269, #1606 ) ;
#1776 = CARTESIAN_POINT ( 'NONE',  ( -27.35850182241501827, 113.4366270710534366, 68.82671117685788431 ) ) ;
#1777 = ADVANCED_FACE ( 'NONE', ( #307 ), #1845, .F. ) ;
#1778 = CARTESIAN_POINT ( 'NONE',  ( -28.21559074251459975, 51.57018862140626680, 36.77738164206634508 ) ) ;
#1779 = EDGE_LOOP ( 'NONE', ( #3117, #227, #2834, #1717 ) ) ;
#1780 = LINE ( 'NONE', #3307, #2456 ) ;
#1781 = CARTESIAN_POINT ( 'NONE',  ( -0.3752417887738941915, 18.68429699879670736, 50.00000000000000000 ) ) ;
#1782 = CARTESIAN_POINT ( 'NONE',  ( -28.39669108890419835, 88.14167890258795524, 57.82671117685787721 ) ) ;
#1783 = ORIENTED_EDGE ( 'NONE', *, *, #353, .F. ) ;
#1784 = ADVANCED_FACE ( 'NONE', ( #3275 ), #4455, .T. ) ;
#1785 = CARTESIAN_POINT ( 'NONE',  ( -0.3752417887738929148, 2.386298900080694452, 0.000000000000000000 ) ) ;
#1786 =( BOUNDED_CURVE ( )  B_SPLINE_CURVE ( 3, ( #2423, #1323, #535, #1669 ),
 .UNSPECIFIED., .F., .T. ) 
 B_SPLINE_CURVE_WITH_KNOTS ( ( 4, 4 ),
 ( 1.570796326794898778, 3.141592653589790007 ),
 .UNSPECIFIED. ) 
 CURVE ( )  GEOMETRIC_REPRESENTATION_ITEM ( )  RATIONAL_B_SPLINE_CURVE ( ( 1.000000000000000000, 0.8047378541243662697, 0.8047378541243662697, 1.000000000000000000 ) ) 
 REPRESENTATION_ITEM ( '' )  );
#1787 = PRODUCT_RELATED_PRODUCT_CATEGORY ( 'part', '', ( #2489 ) ) ;
#1788 = ORIENTED_EDGE ( 'NONE', *, *, #3737, .F. ) ;
#1789 = ORIENTED_EDGE ( 'NONE', *, *, #2052, .F. ) ;
#1790 = CARTESIAN_POINT ( 'NONE',  ( -0.3752417887738916935, -4.613701099919306436, 0.000000000000000000 ) ) ;
#1791 = CARTESIAN_POINT ( 'NONE',  ( -1.925241788773891960, -4.613701099919306436, 43.35000000000000853 ) ) ;
#1792 = DIRECTION ( 'NONE',  ( -0.000000000000000000, -0.000000000000000000, -1.000000000000000000 ) ) ;
#1793 = ORIENTED_EDGE ( 'NONE', *, *, #4374, .T. ) ;
#1794 = EDGE_CURVE ( 'NONE', #4787, #1513, #1398, .T. ) ;
#1795 = ORIENTED_EDGE ( 'NONE', *, *, #3780, .T. ) ;
#1796 = DIRECTION ( 'NONE',  ( 0.000000000000000000, 0.000000000000000000, -1.000000000000000000 ) ) ;
#1797 = FACE_OUTER_BOUND ( 'NONE', #2857, .T. ) ;
#1798 = DIRECTION ( 'NONE',  ( -0.002310030612744635656, 0.9999973318757245933, 1.314654392323781413E-16 ) ) ;
#1799 = VERTEX_POINT ( 'NONE', #3348 ) ;
#1800 = EDGE_CURVE ( 'NONE', #207, #3659, #2328, .T. ) ;
#1801 = CARTESIAN_POINT ( 'NONE',  ( 1.019847157417860917, 88.20963218776573456, 36.47824939404222278 ) ) ;
#1802 = CARTESIAN_POINT ( 'NONE',  ( 9.224758211226104621, 23.27008343642361154, 1.012464023903132450E-15 ) ) ;
#1803 = CARTESIAN_POINT ( 'NONE',  ( -4.375241788773891471, 2.386298900080693564, 3.649999999999996803 ) ) ;
#1804 = DIRECTION ( 'NONE',  ( 1.000000000000000000, 8.145007187700838718E-17, -0.000000000000000000 ) ) ;
#1805 = VERTEX_POINT ( 'NONE', #1741 ) ;
#1806 = CARTESIAN_POINT ( 'NONE',  ( -27.30007541373076307, 88.14421212512699810, 35.47824667424357870 ) ) ;
#1807 = EDGE_CURVE ( 'NONE', #1293, #3754, #4845, .T. ) ;
#1808 = VERTEX_POINT ( 'NONE', #4081 ) ;
#1809 = EDGE_LOOP ( 'NONE', ( #3778, #518 ) ) ;
#1810 = CARTESIAN_POINT ( 'NONE',  ( -1.925241788773896845, 9.386298900080694452, 6.649999999999995914 ) ) ;
#1811 =( BOUNDED_CURVE ( )  B_SPLINE_CURVE ( 3, ( #4714, #4141, #773, #1856 ),
 .UNSPECIFIED., .F., .T. ) 
 B_SPLINE_CURVE_WITH_KNOTS ( ( 4, 4 ),
 ( -9.938716516444401350E-13, 1.570796326793904463 ),
 .UNSPECIFIED. ) 
 CURVE ( )  GEOMETRIC_REPRESENTATION_ITEM ( )  RATIONAL_B_SPLINE_CURVE ( ( 1.000000000000000000, 0.8047378541243646044, 0.8047378541243646044, 1.000000000000000000 ) ) 
 REPRESENTATION_ITEM ( '' )  );
#1812 = EDGE_CURVE ( 'NONE', #1095, #458, #1673, .T. ) ;
#1813 = AXIS2_PLACEMENT_3D ( 'NONE', #3284, #700, #316 ) ;
#1814 = CARTESIAN_POINT ( 'NONE',  ( -19.31243574844333466, 18.70468812626345567, 37.45090716952409338 ) ) ;
#1815 = LINE ( 'NONE', #2496, #2943 ) ;
#1816 = EDGE_CURVE ( 'NONE', #3891, #3111, #1280, .T. ) ;
#1817 = ORIENTED_EDGE ( 'NONE', *, *, #2546, .T. ) ;
#1818 = ORIENTED_EDGE ( 'NONE', *, *, #2107, .F. ) ;
#1819 = VECTOR ( 'NONE', #2982, 1000.000000000000000 ) ;
#1820 = DIRECTION ( 'NONE',  ( -1.000000000000000000, 0.000000000000000000, 0.000000000000000000 ) ) ;
#1821 = DIRECTION ( 'NONE',  ( 1.000000000000000000, 0.000000000000000000, 0.000000000000000000 ) ) ;
#1822 = EDGE_CURVE ( 'NONE', #1696, #3045, #1815, .T. ) ;
#1823 = VECTOR ( 'NONE', #2529, 1000.000000000000000 ) ;
#1824 = LINE ( 'NONE', #344, #327 ) ;
#1825 = VECTOR ( 'NONE', #369, 999.9999999999998863 ) ;
#1826 = CIRCLE ( 'NONE', #3006, 1.000000000000000000 ) ;
#1827 = VECTOR ( 'NONE', #2503, 1000.000000000000114 ) ;
#1828 = CARTESIAN_POINT ( 'NONE',  ( -28.31323125302392540, 88.14187169787817311, 57.82671117685787721 ) ) ;
#1829 = CARTESIAN_POINT ( 'NONE',  ( -28.21559163188976171, 51.57172864301321624, 36.77584162251388733 ) ) ;
#1830 = DIRECTION ( 'NONE',  ( 0.000000000000000000, -1.000000000000000000, -1.314650884662483754E-16 ) ) ;
#1831 = AXIS2_PLACEMENT_3D ( 'NONE', #4591, #1212, #848 ) ;
#1832 = VECTOR ( 'NONE', #4058, 1000.000000000000114 ) ;
#1833 = ORIENTED_EDGE ( 'NONE', *, *, #2431, .F. ) ;
#1834 = ORIENTED_EDGE ( 'NONE', *, *, #1950, .T. ) ;
#1835 = CIRCLE ( 'NONE', #2947, 9.599999999999997868 ) ;
#1836 = CARTESIAN_POINT ( 'NONE',  ( 9.224758211226102844, 18.68429699879670736, 6.649999999999999467 ) ) ;
#1837 = EDGE_CURVE ( 'NONE', #2817, #3773, #810, .T. ) ;
#1838 = AXIS2_PLACEMENT_3D ( 'NONE', #1715, #554, #3568 ) ;
#1839 = EDGE_LOOP ( 'NONE', ( #2394, #1686, #213, #4717 ) ) ;
#1840 = ORIENTED_EDGE ( 'NONE', *, *, #2182, .T. ) ;
#1841 = DIRECTION ( 'NONE',  ( -1.000000000000000000, -1.910027590827316136E-16, 2.631716128528597699E-10 ) ) ;
#1842 = FACE_OUTER_BOUND ( 'NONE', #3339, .T. ) ;
#1843 = VECTOR ( 'NONE', #3769, 1000.000000000000000 ) ;
#1844 = DIRECTION ( 'NONE',  ( -0.000000000000000000, -0.000000000000000000, -1.000000000000000000 ) ) ;
#1845 = CYLINDRICAL_SURFACE ( 'NONE', #179, 1.050000000000001155 ) ;
#1846 = EDGE_LOOP ( 'NONE', ( #2975, #2557, #919, #231 ) ) ;
#1847 = ORIENTED_EDGE ( 'NONE', *, *, #429, .F. ) ;
#1848 = CIRCLE ( 'NONE', #3898, 1.550000000000000266 ) ;
#1849 = DIRECTION ( 'NONE',  ( 0.000000000000000000, 0.000000000000000000, 1.000000000000000000 ) ) ;
#1850 = CARTESIAN_POINT ( 'NONE',  ( -0.3752417887738916935, -4.613701099919306436, 50.00000000000000000 ) ) ;
#1851 = CARTESIAN_POINT ( 'NONE',  ( -2.012396675065054819, 94.49512681158097394, 47.82190131775143982 ) ) ;
#1852 = LINE ( 'NONE', #2917, #3086 ) ;
#1853 = DIRECTION ( 'NONE',  ( 0.9999973318757245933, 0.002310030612744636523, 0.000000000000000000 ) ) ;
#1854 = DIRECTION ( 'NONE',  ( 1.000000000000000000, 8.145007187700838718E-17, -0.000000000000000000 ) ) ;
#1855 = DIRECTION ( 'NONE',  ( 1.000000000000000000, 0.000000000000000000, -3.036891891447031997E-19 ) ) ;
#1856 = CARTESIAN_POINT ( 'NONE',  ( -25.78152732349470000, 18.68429699879670380, 35.77815165276920339 ) ) ;
#1857 = ORIENTED_EDGE ( 'NONE', *, *, #1656, .T. ) ;
#1858 = ORIENTED_EDGE ( 'NONE', *, *, #2079, .F. ) ;
#1859 = EDGE_CURVE ( 'NONE', #1011, #4002, #1010, .T. ) ;
#1860 = ORIENTED_EDGE ( 'NONE', *, *, #3208, .T. ) ;
#1861 = ORIENTED_EDGE ( 'NONE', *, *, #4706, .F. ) ;
#1862 = CARTESIAN_POINT ( 'NONE',  ( 0.8010040120448816969, 17.02499108212762735, 63.01053066435613204 ) ) ;
#1863 = CARTESIAN_POINT ( 'NONE',  ( -23.30190017009370251, 18.68429699879670380, 43.35000000000000853 ) ) ;
#1864 = EDGE_LOOP ( 'NONE', ( #4229, #418, #2579, #2907 ) ) ;
#1865 = VERTEX_POINT ( 'NONE', #4010 ) ;
#1866 = LINE ( 'NONE', #2214, #3710 ) ;
#1867 = CARTESIAN_POINT ( 'NONE',  ( 1.218093711101048360, 2.389979563682246066, 50.00000000000000000 ) ) ;
#1868 = CARTESIAN_POINT ( 'NONE',  ( -2.053165806586036535, 93.83813496533004184, 62.76666700209813854 ) ) ;
#1869 = EDGE_CURVE ( 'NONE', #876, #872, #4792, .T. ) ;
#1870 = CARTESIAN_POINT ( 'NONE',  ( 5.903262915459652760, 52.10503339088347019, 57.82671117685787721 ) ) ;
#1871 = ORIENTED_EDGE ( 'NONE', *, *, #1462, .F. ) ;
#1872 = FACE_OUTER_BOUND ( 'NONE', #3324, .T. ) ;
#1873 = CYLINDRICAL_SURFACE ( 'NONE', #4737, 1.550000000000000488 ) ;
#1874 = DIRECTION ( 'NONE',  ( 0.000000000000000000, -1.000000000000000000, 0.000000000000000000 ) ) ;
#1875 = ADVANCED_FACE ( 'NONE', ( #641 ), #4819, .F. ) ;
#1876 = ORIENTED_EDGE ( 'NONE', *, *, #2235, .T. ) ;
#1877 = EDGE_LOOP ( 'NONE', ( #3933, #2169, #4326, #615 ) ) ;
#1878 = EDGE_CURVE ( 'NONE', #601, #37, #4816, .T. ) ;
#1879 = EDGE_LOOP ( 'NONE', ( #1097, #732, #4730, #209 ) ) ;
#1880 = ORIENTED_EDGE ( 'NONE', *, *, #3500, .F. ) ;
#1881 = CARTESIAN_POINT ( 'NONE',  ( -20.21962200405631549, -7.282721011106139564, 62.76666700000040322 ) ) ;
#1882 = FACE_OUTER_BOUND ( 'NONE', #3460, .T. ) ;
#1883 = DIRECTION ( 'NONE',  ( 0.9999973318757245933, 0.002310030612747873517, 0.000000000000000000 ) ) ;
#1884 = LINE ( 'NONE', #1863, #4197 ) ;
#1885 = EDGE_CURVE ( 'NONE', #4006, #439, #3673, .T. ) ;
#1886 = ORIENTED_EDGE ( 'NONE', *, *, #1892, .T. ) ;
#1887 = ORIENTED_EDGE ( 'NONE', *, *, #4850, .T. ) ;
#1888 = CARTESIAN_POINT ( 'NONE',  ( -0.3752417887738929148, 2.386298900080694452, 3.650000000000000355 ) ) ;
#1889 = CYLINDRICAL_SURFACE ( 'NONE', #1688, 1.550000000000000266 ) ;
#1890 = CARTESIAN_POINT ( 'NONE',  ( -1.983849063916677258, 93.88465243610092159, 59.71975232210711937 ) ) ;
#1891 = CARTESIAN_POINT ( 'NONE',  ( -1.983849063916677258, 93.88465243610092159, 59.71975232210711937 ) ) ;
#1892 = EDGE_CURVE ( 'NONE', #1477, #2890, #4431, .T. ) ;
#1893 = CIRCLE ( 'NONE', #559, 1.550000000000000488 ) ;
#1894 = ORIENTED_EDGE ( 'NONE', *, *, #4284, .T. ) ;
#1895 = CARTESIAN_POINT ( 'NONE',  ( 4.759100579248621621, 114.5108225818963916, 34.47824939404223699 ) ) ;
#1896 = AXIS2_PLACEMENT_3D ( 'NONE', #250, #1732, #1759 ) ;
#1897 = AXIS2_PLACEMENT_3D ( 'NONE', #3369, #4280, #2030 ) ;
#1898 = LINE ( 'NONE', #1137, #3010 ) ;
#1899 = CARTESIAN_POINT ( 'NONE',  ( -0.3752417887738929148, 2.386298900080694452, 50.00000000000000000 ) ) ;
#1900 = VECTOR ( 'NONE', #3947, 1000.000000000000114 ) ;
#1901 = EDGE_LOOP ( 'NONE', ( #3929, #433, #3640, #4493, #628, #3665, #3154, #4857 ) ) ;
#1902 = AXIS2_PLACEMENT_3D ( 'NONE', #2617, #2147, #4440 ) ;
#1903 = ORIENTED_EDGE ( 'NONE', *, *, #3570, .F. ) ;
#1904 = EDGE_CURVE ( 'NONE', #1930, #380, #3320, .T. ) ;
#1905 = VECTOR ( 'NONE', #1303, 1000.000000000000227 ) ;
#1906 = AXIS2_PLACEMENT_3D ( 'NONE', #2838, #4309, #217 ) ;
#1907 = VERTEX_POINT ( 'NONE', #2358 ) ;
#1908 = EDGE_CURVE ( 'NONE', #3838, #3458, #2710, .T. ) ;
#1909 = EDGE_LOOP ( 'NONE', ( #1455, #197, #3555, #1456 ) ) ;
#1910 = AXIS2_PLACEMENT_3D ( 'NONE', #2128, #609, #4024 ) ;
#1911 = ADVANCED_FACE ( 'NONE', ( #2239 ), #104, .T. ) ;
#1912 = CARTESIAN_POINT ( 'NONE',  ( -27.31323125302392540, 52.01245501325698228, 68.82671117685788431 ) ) ;
#1913 = CARTESIAN_POINT ( 'NONE',  ( -4.440178388335569437, 88.21273040317697678, 40.96666720032042974 ) ) ;
#1914 = DIRECTION ( 'NONE',  ( -1.139182330038713279E-16, -9.278648266267109362E-33, -1.000000000000000000 ) ) ;
#1915 = AXIS2_PLACEMENT_3D ( 'NONE', #4242, #4294, #4658 ) ;
#1916 = ORIENTED_EDGE ( 'NONE', *, *, #1697, .F. ) ;
#1917 = ORIENTED_EDGE ( 'NONE', *, *, #940, .T. ) ;
#1918 = DIRECTION ( 'NONE',  ( 1.000000000000000000, -0.000000000000000000, -2.631707204183319475E-10 ) ) ;
#1919 = FACE_OUTER_BOUND ( 'NONE', #1082, .T. ) ;
#1920 = CARTESIAN_POINT ( 'NONE',  ( -1.925241788773891960, -4.613701099919306436, 50.00000000000000000 ) ) ;
#1921 = FACE_OUTER_BOUND ( 'NONE', #3393, .T. ) ;
#1922 = ORIENTED_EDGE ( 'NONE', *, *, #492, .F. ) ;
#1923 = CYLINDRICAL_SURFACE ( 'NONE', #3628, 9.599999999999997868 ) ;
#1924 = EDGE_CURVE ( 'NONE', #3045, #2185, #1884, .T. ) ;
#1925 = CARTESIAN_POINT ( 'NONE',  ( -28.13962312344792238, 18.68429699879670025, 68.82671117685788431 ) ) ;
#1926 = CARTESIAN_POINT ( 'NONE',  ( -0.3752417887738929148, 2.386298900080694452, 43.35000000000000853 ) ) ;
#1927 = DIRECTION ( 'NONE',  ( 0.9999973318757245933, 0.002310030612734643649, 0.000000000000000000 ) ) ;
#1928 = ORIENTED_EDGE ( 'NONE', *, *, #4587, .T. ) ;
#1929 = EDGE_CURVE ( 'NONE', #3518, #2635, #874, .T. ) ;
#1930 = VERTEX_POINT ( 'NONE', #1237 ) ;
#1931 = EDGE_LOOP ( 'NONE', ( #4327, #2493, #1221, #1871 ) ) ;
#1932 = EDGE_CURVE ( 'NONE', #1522, #4168, #2985, .T. ) ;
#1933 = DIRECTION ( 'NONE',  ( -2.631707271538399232E-10, -6.079337668643130215E-13, -1.000000000000000000 ) ) ;
#1934 = VERTEX_POINT ( 'NONE', #1520 ) ;
#1935 = CARTESIAN_POINT ( 'NONE',  ( -0.6546869916338862172, 94.49826317088111693, 47.34166700000042738 ) ) ;
#1936 = LINE ( 'NONE', #1196, #2085 ) ;
#1937 = ORIENTED_EDGE ( 'NONE', *, *, #2230, .F. ) ;
#1938 = ORIENTED_EDGE ( 'NONE', *, *, #4159, .T. ) ;
#1939 = DIRECTION ( 'NONE',  ( 1.000000000000000000, 0.000000000000000000, 0.000000000000000000 ) ) ;
#1940 = CARTESIAN_POINT ( 'NONE',  ( -11.12640528913745719, -19.94109839882208135, 29.81996394940863837 ) ) ;
#1941 = LINE ( 'NONE', #1920, #1753 ) ;
#1942 = EDGE_CURVE ( 'NONE', #2687, #4704, #2382, .T. ) ;
#1943 = DIRECTION ( 'NONE',  ( 1.000000000000000000, 8.145007187700838718E-17, -3.036891891447266479E-19 ) ) ;
#1944 = EDGE_CURVE ( 'NONE', #4492, #2994, #472, .T. ) ;
#1945 = ORIENTED_EDGE ( 'NONE', *, *, #2546, .F. ) ;
#1946 = FACE_OUTER_BOUND ( 'NONE', #4858, .T. ) ;
#1947 = DIRECTION ( 'NONE',  ( 0.000000000000000000, 1.000000000000000000, 1.314650884662483754E-16 ) ) ;
#1948 = DIRECTION ( 'NONE',  ( -0.9999973318757247043, -0.002310030612743404436, 0.000000000000000000 ) ) ;
#1949 = DIRECTION ( 'NONE',  ( -0.002310030612739935423, 0.9999973318757248153, 2.775550156030382070E-14 ) ) ;
#1950 = EDGE_CURVE ( 'NONE', #2858, #979, #4573, .T. ) ;
#1951 = EDGE_LOOP ( 'NONE', ( #4467, #1676, #4240, #2775, #2040, #3922, #2427, #4323, #2672 ) ) ;
#1952 = ORIENTED_EDGE ( 'NONE', *, *, #2893, .F. ) ;
#1953 = EDGE_CURVE ( 'NONE', #622, #2078, #2963, .T. ) ;
#1954 = ORIENTED_EDGE ( 'NONE', *, *, #2151, .F. ) ;
#1955 = DIRECTION ( 'NONE',  ( -1.414331940072994106E-06, -3.267162509302346287E-09, 0.9999999999989998001 ) ) ;
#1956 = ORIENTED_EDGE ( 'NONE', *, *, #43, .T. ) ;
#1957 = CARTESIAN_POINT ( 'NONE',  ( -2.054814282257878766, 94.55174943624325579, 62.76666699981929298 ) ) ;
#1958 = CARTESIAN_POINT ( 'NONE',  ( -7.374235094193059226, 2.386298900080692231, 50.00000000000000000 ) ) ;
#1959 = ORIENTED_EDGE ( 'NONE', *, *, #3213, .T. ) ;
#1960 = ORIENTED_EDGE ( 'NONE', *, *, #524, .F. ) ;
#1961 = EDGE_CURVE ( 'NONE', #4303, #1253, #907, .T. ) ;
#1962 = LINE ( 'NONE', #3469, #4026 ) ;
#1963 = DIRECTION ( 'NONE',  ( 1.000000000000000000, 0.000000000000000000, -0.000000000000000000 ) ) ;
#1964 = LINE ( 'NONE', #768, #3961 ) ;
#1965 = CYLINDRICAL_SURFACE ( 'NONE', #4494, 0.9999999999999955591 ) ;
#1966 = FACE_OUTER_BOUND ( 'NONE', #1268, .T. ) ;
#1967 = CARTESIAN_POINT ( 'NONE',  ( 9.285476156923021307, 88.22872609473310490, 42.68895153481192040 ) ) ;
#1968 = CARTESIAN_POINT ( 'NONE',  ( 9.285476156923021307, 88.22872609473310490, 42.68895153481192040 ) ) ;
#1969 = DIRECTION ( 'NONE',  ( 3.036891891447373368E-19, -1.314650884662483754E-16, 1.000000000000000000 ) ) ;
#1970 = VECTOR ( 'NONE', #3703, 1000.000000000000227 ) ;
#1971 = ORIENTED_EDGE ( 'NONE', *, *, #4566, .F. ) ;
#1972 = AXIS2_PLACEMENT_3D ( 'NONE', #2574, #647, #2192 ) ;
#1973 = CARTESIAN_POINT ( 'NONE',  ( 6.625764905806940774, 2.386298900080696672, 50.00000000000000000 ) ) ;
#1974 = CARTESIAN_POINT ( 'NONE',  ( -19.27016814707684844, -19.94109839882208135, 37.49575172906425991 ) ) ;
#1975 = AXIS2_PLACEMENT_3D ( 'NONE', #1899, #128, #3408 ) ;
#1976 = AXIS2_PLACEMENT_3D ( 'NONE', #4127, #1123, #1449 ) ;
#1977 = VERTEX_POINT ( 'NONE', #1213 ) ;
#1978 = PLANE ( 'NONE',  #2388 ) ;
#1979 = AXIS2_PLACEMENT_3D ( 'NONE', #4710, #2821, #1728 ) ;
#1980 = VECTOR ( 'NONE', #4243, 1000.000000000000000 ) ;
#1981 = DIRECTION ( 'NONE',  ( -0.002310030612744635222, 0.9999973318757245933, 1.314654392323781166E-16 ) ) ;
#1982 = ADVANCED_FACE ( 'NONE', ( #2609 ), #3391, .F. ) ;
#1983 = DIRECTION ( 'NONE',  ( -1.000000000000000000, 0.000000000000000000, 0.000000000000000000 ) ) ;
#1984 = AXIS2_PLACEMENT_3D ( 'NONE', #1912, #4547, #2360 ) ;
#1985 = AXIS2_PLACEMENT_3D ( 'NONE', #2368, #1700, #4702 ) ;
#1986 = ORIENTED_EDGE ( 'NONE', *, *, #842, .T. ) ;
#1987 = ORIENTED_EDGE ( 'NONE', *, *, #3040, .F. ) ;
#1988 = DIRECTION ( 'NONE',  ( 0.002310030612740221218, -0.9999973318757247043, 3.193368767321957486E-09 ) ) ;
#1989 = AXIS2_PLACEMENT_3D ( 'NONE', #2951, #4780, #1045 ) ;
#1990 = FACE_BOUND ( 'NONE', #4092, .T. ) ;
#1991 = CARTESIAN_POINT ( 'NONE',  ( 1.102145888051778488, 52.58304326005715978, 35.77815164890006372 ) ) ;
#1992 = DIRECTION ( 'NONE',  ( 0.000000000000000000, -6.078025923572550182E-13, -1.000000000000000000 ) ) ;
#1993 = CARTESIAN_POINT ( 'NONE',  ( 4.903265583583928056, 52.10272336027070850, 57.82671117685787721 ) ) ;
#1994 = VERTEX_POINT ( 'NONE', #1632 ) ;
#1995 = EDGE_LOOP ( 'NONE', ( #2603, #1220, #4054, #4466 ) ) ;
#1996 = AXIS2_PLACEMENT_3D ( 'NONE', #4641, #2438, #4696 ) ;
#1997 = EDGE_CURVE ( 'NONE', #2276, #754, #1445, .T. ) ;
#1998 = DIRECTION ( 'NONE',  ( -0.000000000000000000, -0.000000000000000000, -1.000000000000000000 ) ) ;
#1999 = DIRECTION ( 'NONE',  ( 0.002310030612740221218, -0.9999973318757247043, 3.193368767321957486E-09 ) ) ;
#2000 = DIRECTION ( 'NONE',  ( 0.000000000000000000, 1.000000000000000000, 1.314650884662483754E-16 ) ) ;
#2001 = VECTOR ( 'NONE', #3210, 1000.000000000000000 ) ;
#2002 = DIRECTION ( 'NONE',  ( -0.9999973318757247043, -0.002310030612744635656, 1.350587730077645383E-09 ) ) ;
#2003 = ORIENTED_EDGE ( 'NONE', *, *, #3077, .F. ) ;
#2004 = AXIS2_PLACEMENT_3D ( 'NONE', #1862, #2592, #3370 ) ;
#2005 = EDGE_LOOP ( 'NONE', ( #2716, #1760, #1378, #4435, #3606, #1689, #4767, #3195, #1496, #2471, #3528, #1634, #2096 ) ) ;
#2006 = CARTESIAN_POINT ( 'NONE',  ( -1.983849063916677258, 92.39518715453682773, 59.71975232210802176 ) ) ;
#2007 = ADVANCED_FACE ( 'NONE', ( #3909 ), #3536, .T. ) ;
#2008 = CARTESIAN_POINT ( 'NONE',  ( -28.30007274560648511, 88.14190209451425062, 57.82671117685787721 ) ) ;
#2009 = EDGE_LOOP ( 'NONE', ( #1034, #1476, #4772, #1658 ) ) ;
#2010 = VERTEX_POINT ( 'NONE', #2027 ) ;
#2011 = EDGE_CURVE ( 'NONE', #6, #606, #1285, .T. ) ;
#2012 = LINE ( 'NONE', #1668, #3787 ) ;
#2013 = LINE ( 'NONE', #3427, #503 ) ;
#2014 = LINE ( 'NONE', #3918, #2304 ) ;
#2015 = CARTESIAN_POINT ( 'NONE',  ( -28.21681824921459025, 52.10272336027070850, 68.82671117685788431 ) ) ;
#2016 = CARTESIAN_POINT ( 'NONE',  ( -28.30007274560648511, 88.14190209451422220, 63.12688919022983924 ) ) ;
#2017 = VERTEX_POINT ( 'NONE', #155 ) ;
#2018 = ORIENTED_EDGE ( 'NONE', *, *, #4112, .F. ) ;
#2019 = CARTESIAN_POINT ( 'NONE',  ( 4.806857916037372114, 88.21838032189005219, 69.82671117685787010 ) ) ;
#2020 = EDGE_CURVE ( 'NONE', #3712, #4233, #927, .T. ) ;
#2021 = CYLINDRICAL_SURFACE ( 'NONE', #903, 1.049999999999994937 ) ;
#2022 = CARTESIAN_POINT ( 'NONE',  ( -19.46471098539030464, 92.55480625424451091, 30.14423030767164491 ) ) ;
#2023 = CARTESIAN_POINT ( 'NONE',  ( 6.090587933336680138, -28.98675692441123175, 35.47824939404221567 ) ) ;
#2024 = ORIENTED_EDGE ( 'NONE', *, *, #1924, .F. ) ;
#2025 = FACE_BOUND ( 'NONE', #2337, .T. ) ;
#2026 = EDGE_CURVE ( 'NONE', #2991, #4393, #658, .T. ) ;
#2027 = CARTESIAN_POINT ( 'NONE',  ( -21.75582692013241015, 88.17273061826463731, 47.34166691880183464 ) ) ;
#2028 = ORIENTED_EDGE ( 'NONE', *, *, #3678, .T. ) ;
#2029 = FACE_BOUND ( 'NONE', #474, .T. ) ;
#2030 = DIRECTION ( 'NONE',  ( -0.9999973318757247043, -0.002310030612739934989, 0.000000000000000000 ) ) ;
#2031 = CYLINDRICAL_SURFACE ( 'NONE', #23, 1.000000000000000888 ) ;
#2032 = EDGE_CURVE ( 'NONE', #1696, #4311, #3632, .T. ) ;
#2033 = ORIENTED_EDGE ( 'NONE', *, *, #105, .T. ) ;
#2034 = ORIENTED_EDGE ( 'NONE', *, *, #1003, .F. ) ;
#2035 = CARTESIAN_POINT ( 'NONE',  ( 5.806857916037371226, 52.01245501325698228, 57.82671117685787721 ) ) ;
#2036 = DIRECTION ( 'NONE',  ( 0.002310030612744635656, -0.9999973318757245933, -1.314654392323781413E-16 ) ) ;
#2037 = FACE_OUTER_BOUND ( 'NONE', #2009, .T. ) ;
#2038 = PLANE ( 'NONE',  #1431 ) ;
#2039 = SURFACE_SIDE_STYLE ('',( #1702 ) ) ;
#2040 = ORIENTED_EDGE ( 'NONE', *, *, #827, .F. ) ;
#2041 = ORIENTED_EDGE ( 'NONE', *, *, #3694, .T. ) ;
#2042 = DIRECTION ( 'NONE',  ( -1.091152692702142892E-32, 1.339658354568195596E-16, -1.000000000000000000 ) ) ;
#2043 = CARTESIAN_POINT ( 'NONE',  ( -20.73628021980288239, -7.283914510585233870, 34.47824667424355738 ) ) ;
#2044 = DIRECTION ( 'NONE',  ( -1.000000000000000000, 0.000000000000000000, 0.000000000000000000 ) ) ;
#2045 = EDGE_CURVE ( 'NONE', #459, #2588, #4099, .T. ) ;
#2046 = CARTESIAN_POINT ( 'NONE',  ( 6.090587933336680138, -28.98675692441123175, 43.68895153481192040 ) ) ;
#2047 = VERTEX_POINT ( 'NONE', #4762 ) ;
#2048 = CARTESIAN_POINT ( 'NONE',  ( -27.21559163188976171, 51.57172864301321624, 42.68895153481192040 ) ) ;
#2049 = VERTEX_POINT ( 'NONE', #3613 ) ;
#2050 = VECTOR ( 'NONE', #629, 1000.000000000000227 ) ;
#2051 = CARTESIAN_POINT ( 'NONE',  ( -4.375241788773891471, 2.386298900080693564, 6.649999999999996803 ) ) ;
#2052 = EDGE_CURVE ( 'NONE', #1069, #3413, #1389, .T. ) ;
#2053 = AXIS2_PLACEMENT_3D ( 'NONE', #3134, #1647, #4685 ) ;
#2054 = ORIENTED_EDGE ( 'NONE', *, *, #729, .F. ) ;
#2055 = DIRECTION ( 'NONE',  ( 0.000000000000000000, 0.000000000000000000, 1.000000000000000000 ) ) ;
#2056 = AXIS2_PLACEMENT_3D ( 'NONE', #583, #1021, #2084 ) ;
#2057 = AXIS2_PLACEMENT_3D ( 'NONE', #4496, #3760, #356 ) ;
#2058 = EDGE_CURVE ( 'NONE', #1054, #4123, #2158, .T. ) ;
#2059 = ORIENTED_EDGE ( 'NONE', *, *, #1366, .T. ) ;
#2060 = ORIENTED_EDGE ( 'NONE', *, *, #391, .F. ) ;
#2061 = VECTOR ( 'NONE', #1701, 999.9999999999998863 ) ;
#2062 = VECTOR ( 'NONE', #2075, 1000.000000000000227 ) ;
#2063 = CARTESIAN_POINT ( 'NONE',  ( 3.624758211226108084, 2.386298900080694896, 0.000000000000000000 ) ) ;
#2064 = LINE ( 'NONE', #3576, #1058 ) ;
#2065 = CARTESIAN_POINT ( 'NONE',  ( 4.903265583583926279, 52.10272336027070850, 68.82671117685788431 ) ) ;
#2066 = VECTOR ( 'NONE', #432, 1000.000000000000000 ) ;
#2067 = CARTESIAN_POINT ( 'NONE',  ( -0.3752417887738916935, -4.613701099919306436, 0.000000000000000000 ) ) ;
#2068 = CARTESIAN_POINT ( 'NONE',  ( -2.010713462327500256, 93.88465243608212063, 28.77538651046753770 ) ) ;
#2069 = ORIENTED_EDGE ( 'NONE', *, *, #3708, .T. ) ;
#2070 = ORIENTED_EDGE ( 'NONE', *, *, #3399, .F. ) ;
#2071 = AXIS2_PLACEMENT_3D ( 'NONE', #1993, #2402, #2446 ) ;
#2072 = VECTOR ( 'NONE', #1712, 1000.000000000000114 ) ;
#2073 = CARTESIAN_POINT ( 'NONE',  ( -0.3752417887738929148, 2.386298900080694452, 69.82671117685788431 ) ) ;
#2074 = LINE ( 'NONE', #2122, #3735 ) ;
#2075 = DIRECTION ( 'NONE',  ( 0.9999973318757245933, 0.002310030612747040416, 3.845413804662628755E-09 ) ) ;
#2076 = DIRECTION ( 'NONE',  ( -0.000000000000000000, -0.000000000000000000, -1.000000000000000000 ) ) ;
#2077 = VECTOR ( 'NONE', #1914, 1000.000000000000000 ) ;
#2078 = VERTEX_POINT ( 'NONE', #3266 ) ;
#2079 = EDGE_CURVE ( 'NONE', #799, #2324, #3664, .T. ) ;
#2080 = CARTESIAN_POINT ( 'NONE',  ( -0.3752417887738929148, 2.386298900080694452, 50.00000000000000000 ) ) ;
#2081 = FACE_BOUND ( 'NONE', #2510, .T. ) ;
#2082 = VECTOR ( 'NONE', #2763, 1000.000000000000000 ) ;
#2083 = ORIENTED_EDGE ( 'NONE', *, *, #3399, .T. ) ;
#2084 = DIRECTION ( 'NONE',  ( -0.9999999999999982236, 0.000000000000000000, 5.902877342029538184E-08 ) ) ;
#2085 = VECTOR ( 'NONE', #436, 1000.000000000000114 ) ;
#2086 = VERTEX_POINT ( 'NONE', #2051 ) ;
#2087 = FACE_BOUND ( 'NONE', #2679, .T. ) ;
#2088 = DIRECTION ( 'NONE',  ( -0.9999810990855800830, -8.144853239617032747E-17, -0.006148290135890873039 ) ) ;
#2089 = ADVANCED_FACE ( 'NONE', ( #4375 ), #4397, .F. ) ;
#2090 = ORIENTED_EDGE ( 'NONE', *, *, #1716, .T. ) ;
#2091 = ORIENTED_EDGE ( 'NONE', *, *, #4588, .F. ) ;
#2092 = CARTESIAN_POINT ( 'NONE',  ( -19.46471098539030109, 88.17802318033244546, 47.41953824246409965 ) ) ;
#2093 = LINE ( 'NONE', #2442, #3972 ) ;
#2094 = DIRECTION ( 'NONE',  ( -1.000000000000000000, 0.000000000000000000, 0.000000000000000000 ) ) ;
#2095 = CARTESIAN_POINT ( 'NONE',  ( -28.31323125302392540, 52.01245501325698228, 57.82671117685787721 ) ) ;
#2096 = ORIENTED_EDGE ( 'NONE', *, *, #1654, .T. ) ;
#2097 = ORIENTED_EDGE ( 'NONE', *, *, #4225, .F. ) ;
#2098 = CARTESIAN_POINT ( 'NONE',  ( -9.975241788773899998, 23.27008343642360444, -3.078060807140361882E-15 ) ) ;
#2099 = CARTESIAN_POINT ( 'NONE',  ( -28.02931916269114510, -29.06557516460392421, 57.82671117685787721 ) ) ;
#2100 = CARTESIAN_POINT ( 'NONE',  ( -28.12416041173151626, 18.68429699879670025, 36.57548232714905367 ) ) ;
#2101 = EDGE_CURVE ( 'NONE', #2787, #2149, #2308, .T. ) ;
#2102 = LINE ( 'NONE', #972, #1900 ) ;
#2103 = VERTEX_POINT ( 'NONE', #184 ) ;
#2104 = DIRECTION ( 'NONE',  ( 0.000000000000000000, -0.000000000000000000, -1.000000000000000000 ) ) ;
#2105 = DIRECTION ( 'NONE',  ( -1.000000000000000000, -8.145007187700838718E-17, 0.000000000000000000 ) ) ;
#2106 = DIRECTION ( 'NONE',  ( -0.000000000000000000, -0.000000000000000000, -1.000000000000000000 ) ) ;
#2107 = EDGE_CURVE ( 'NONE', #2086, #1907, #3932, .T. ) ;
#2108 =( BOUNDED_CURVE ( )  B_SPLINE_CURVE ( 3, ( #3973, #2098, #1774, #4773 ),
 .UNSPECIFIED., .F., .F. ) 
 B_SPLINE_CURVE_WITH_KNOTS ( ( 4, 4 ),
 ( -7.105427357601001859E-15, 1.570796326794896558 ),
 .UNSPECIFIED. ) 
 CURVE ( )  GEOMETRIC_REPRESENTATION_ITEM ( )  RATIONAL_B_SPLINE_CURVE ( ( 1.000000000000000000, 0.8047378541243632721, 0.8047378541243632721, 1.000000000000000000 ) ) 
 REPRESENTATION_ITEM ( '' )  );
#2109 = ORIENTED_EDGE ( 'NONE', *, *, #1807, .F. ) ;
#2110 = LINE ( 'NONE', #553, #1671 ) ;
#2111 = CARTESIAN_POINT ( 'NONE',  ( -24.50009285246562385, 88.15068018781624914, 42.68895153481192040 ) ) ;
#2112 =( LENGTH_UNIT ( ) NAMED_UNIT ( * ) SI_UNIT ( .MILLI., .METRE. ) );
#2113 = EDGE_LOOP ( 'NONE', ( #4283, #2795, #4488, #511 ) ) ;
#2114 = ORIENTED_EDGE ( 'NONE', *, *, #2581, .F. ) ;
#2115 = DIRECTION ( 'NONE',  ( -0.9999973318757245933, -0.002310030612744990840, 0.000000000000000000 ) ) ;
#2116 = DIRECTION ( 'NONE',  ( -0.000000000000000000, -0.000000000000000000, -1.000000000000000000 ) ) ;
#2117 = CARTESIAN_POINT ( 'NONE',  ( -27.31323125302392540, 93.83813496533004184, 68.82671117685788431 ) ) ;
#2118 = ORIENTED_EDGE ( 'NONE', *, *, #3137, .F. ) ;
#2119 = ORIENTED_EDGE ( 'NONE', *, *, #61, .F. ) ;
#2120 = EDGE_CURVE ( 'NONE', #3358, #1934, #4651, .T. ) ;
#2121 = DIRECTION ( 'NONE',  ( -0.9999973318757245933, -0.002310030612744636523, 2.631723147256120993E-10 ) ) ;
#2122 = CARTESIAN_POINT ( 'NONE',  ( 1.790603408453920631, -28.99900008357705161, 63.91060552530795746 ) ) ;
#2123 = CARTESIAN_POINT ( 'NONE',  ( -27.02932183081542306, -29.06326513399116607, 35.47824667424356448 ) ) ;
#2124 = DIRECTION ( 'NONE',  ( 3.205820020851886447E-17, -1.387778780781444413E-14, 1.000000000000000000 ) ) ;
#2125 = CARTESIAN_POINT ( 'NONE',  ( 1.174758211226104354, 9.386298900080694452, 0.000000000000000000 ) ) ;
#2126 = LINE ( 'NONE', #1755, #4724 ) ;
#2127 = LINE ( 'NONE', #4070, #3647 ) ;
#2128 = CARTESIAN_POINT ( 'NONE',  ( -0.3752417887738929148, 2.386298900080694452, 0.000000000000000000 ) ) ;
#2129 = ORIENTED_EDGE ( 'NONE', *, *, #2583, .T. ) ;
#2130 = CIRCLE ( 'NONE', #4875, 1.000000000000000888 ) ;
#2131 = CARTESIAN_POINT ( 'NONE',  ( 1.177170966323922707, 18.75201987130465042, 49.79889323953578639 ) ) ;
#2132 =( BOUNDED_CURVE ( )  B_SPLINE_CURVE ( 3, ( #2584, #1111, #3287, #2989 ),
 .UNSPECIFIED., .F., .F. ) 
 B_SPLINE_CURVE_WITH_KNOTS ( ( 4, 4 ),
 ( 4.712388980384691450, 4.714699013051927068 ),
 .UNSPECIFIED. ) 
 CURVE ( )  GEOMETRIC_REPRESENTATION_ITEM ( )  RATIONAL_B_SPLINE_CURVE ( ( 1.000000000000000000, 0.9999995553124724212, 0.9999995553124724212, 1.000000000000000000 ) ) 
 REPRESENTATION_ITEM ( '' )  );
#2133 = CIRCLE ( 'NONE', #244, 1.549999999999999378 ) ;
#2134 = ORIENTED_EDGE ( 'NONE', *, *, #490, .F. ) ;
#2135 = VERTEX_POINT ( 'NONE', #4666 ) ;
#2136 = VECTOR ( 'NONE', #2914, 1000.000000000000000 ) ;
#2137 = CARTESIAN_POINT ( 'NONE',  ( -2.012383642081083668, 94.48948504650979885, 59.71975232211425322 ) ) ;
#2138 = FACE_OUTER_BOUND ( 'NONE', #1350, .T. ) ;
#2139 = DIRECTION ( 'NONE',  ( -0.000000000000000000, -0.000000000000000000, -1.000000000000000000 ) ) ;
#2140 = CIRCLE ( 'NONE', #2622, 1.000000000000000888 ) ;
#2141 = CIRCLE ( 'NONE', #3478, 1.000000000000000000 ) ;
#2142 = VERTEX_POINT ( 'NONE', #999 ) ;
#2143 = ORIENTED_EDGE ( 'NONE', *, *, #591, .T. ) ;
#2144 = VECTOR ( 'NONE', #3216, 1000.000000000000227 ) ;
#2145 = CIRCLE ( 'NONE', #252, 1.000000000000000888 ) ;
#2146 = LINE ( 'NONE', #4686, #3025 ) ;
#2147 = DIRECTION ( 'NONE',  ( 0.000000000000000000, 0.000000000000000000, 1.000000000000000000 ) ) ;
#2148 = CARTESIAN_POINT ( 'NONE',  ( 9.367649908151285842, 52.65623994449506995, 42.68895153481192040 ) ) ;
#2149 = VERTEX_POINT ( 'NONE', #4000 ) ;
#2150 = VECTOR ( 'NONE', #2426, 1000.000000000000000 ) ;
#2151 = EDGE_CURVE ( 'NONE', #2163, #699, #3240, .T. ) ;
#2152 = VECTOR ( 'NONE', #2651, 1000.000000000000000 ) ;
#2153 = ORIENTED_EDGE ( 'NONE', *, *, #4478, .F. ) ;
#2154 = CARTESIAN_POINT ( 'NONE',  ( 0.04683979648988090272, 93.83813496533004184, 62.76666700211362837 ) ) ;
#2155 = DIRECTION ( 'NONE',  ( 0.000000000000000000, 1.000000000000000000, 9.035018104045871927E-17 ) ) ;
#2156 = FACE_OUTER_BOUND ( 'NONE', #2688, .T. ) ;
#2157 = AXIS2_PLACEMENT_3D ( 'NONE', #1734, #2418, #4672 ) ;
#2158 = LINE ( 'NONE', #2879, #3809 ) ;
#2159 = VERTEX_POINT ( 'NONE', #2805 ) ;
#2160 = AXIS2_PLACEMENT_3D ( 'NONE', #3226, #263, #597 ) ;
#2161 = CARTESIAN_POINT ( 'NONE',  ( -22.55475958552988658, 94.50439373060441994, 38.31666699981929725 ) ) ;
#2162 = EDGE_CURVE ( 'NONE', #1428, #3028, #4300, .T. ) ;
#2163 = VERTEX_POINT ( 'NONE', #951 ) ;
#2164 = EDGE_LOOP ( 'NONE', ( #653, #1959, #1390, #3862 ) ) ;
#2165 = FACE_OUTER_BOUND ( 'NONE', #3000, .T. ) ;
#2166 = CARTESIAN_POINT ( 'NONE',  ( 1.505308662255050223, 94.50325284027803718, 63.91060552530798589 ) ) ;
#2167 = DIRECTION ( 'NONE',  ( 1.000000000000000000, 0.000000000000000000, 0.000000000000000000 ) ) ;
#2168 = ADVANCED_FACE ( 'NONE', ( #3218 ), #4736, .F. ) ;
#2169 = ORIENTED_EDGE ( 'NONE', *, *, #4232, .T. ) ;
#2170 = ORIENTED_EDGE ( 'NONE', *, *, #1300, .F. ) ;
#2171 = DIRECTION ( 'NONE',  ( -6.698291772840976747E-17, 1.000000000000000000, 1.339658354568195349E-16 ) ) ;
#2172 = CARTESIAN_POINT ( 'NONE',  ( -0.3752417887738916935, -4.613701099919306436, 50.00000000000000000 ) ) ;
#2173 = CARTESIAN_POINT ( 'NONE',  ( -27.95774994375429401, 18.68427361031914202, 36.04614283839439537 ) ) ;
#2174 = DIRECTION ( 'NONE',  ( 0.000000000000000000, 0.6178843771050965827, 0.7862689721268713017 ) ) ;
#2175 = ORIENTED_EDGE ( 'NONE', *, *, #4225, .T. ) ;
#2176 = ORIENTED_EDGE ( 'NONE', *, *, #265, .T. ) ;
#2177 = FACE_OUTER_BOUND ( 'NONE', #4546, .T. ) ;
#2178 = CARTESIAN_POINT ( 'NONE',  ( 4.819837018545615415, 88.21841030409417783, 43.68895153481192040 ) ) ;
#2179 = CARTESIAN_POINT ( 'NONE',  ( 1.102020908646125896, 52.63714603752772803, 35.77815164890006372 ) ) ;
#2180 = CARTESIAN_POINT ( 'NONE',  ( -1.983849067174226821, 92.39518715451796993, 47.34166699487057883 ) ) ;
#2181 = ORIENTED_EDGE ( 'NONE', *, *, #1094, .T. ) ;
#2182 = EDGE_CURVE ( 'NONE', #1157, #532, #1811, .T. ) ;
#2183 = DIRECTION ( 'NONE',  ( 0.000000000000000000, 0.000000000000000000, -1.000000000000000000 ) ) ;
#2184 = ORIENTED_EDGE ( 'NONE', *, *, #3627, .T. ) ;
#2185 = VERTEX_POINT ( 'NONE', #230 ) ;
#2186 = EDGE_CURVE ( 'NONE', #1799, #2206, #1073, .T. ) ;
#2187 = DIRECTION ( 'NONE',  ( -0.002310030612744542848, 0.9999973318757247043, 0.000000000000000000 ) ) ;
#2188 = DIRECTION ( 'NONE',  ( 4.187633046193760510E-31, -1.448403657707718919E-16, -1.000000000000000000 ) ) ;
#2189 = CARTESIAN_POINT ( 'NONE',  ( -21.50476238706037435, 94.50681926274778277, 38.31666699981929725 ) ) ;
#2190 = EDGE_LOOP ( 'NONE', ( #4320, #50, #1305, #1263 ) ) ;
#2191 = ORIENTED_EDGE ( 'NONE', *, *, #4126, .F. ) ;
#2192 = DIRECTION ( 'NONE',  ( -0.002310030612744635656, 0.9999973318757245933, 0.000000000000000000 ) ) ;
#2193 = LINE ( 'NONE', #3697, #3893 ) ;
#2194 = DIRECTION ( 'NONE',  ( 0.000000000000000000, 1.000000000000000000, 0.000000000000000000 ) ) ;
#2195 = FACE_OUTER_BOUND ( 'NONE', #1723, .T. ) ;
#2196 = ADVANCED_FACE ( 'NONE', ( #703 ), #2627, .F. ) ;
#2197 = ORIENTED_EDGE ( 'NONE', *, *, #1508, .F. ) ;
#2198 = EDGE_LOOP ( 'NONE', ( #2184, #1524 ) ) ;
#2199 = CARTESIAN_POINT ( 'NONE',  ( -22.31961640099533639, -7.287572075392902526, 62.76666700000040322 ) ) ;
#2200 = DIRECTION ( 'NONE',  ( -0.9999973318757245933, -0.002310030612744886757, 0.000000000000000000 ) ) ;
#2201 = EDGE_CURVE ( 'NONE', #4653, #4093, #2602, .T. ) ;
#2202 = FACE_BOUND ( 'NONE', #1118, .T. ) ;
#2203 = CARTESIAN_POINT ( 'NONE',  ( -28.02931916269114510, -29.06557516460392421, 69.82671117685787010 ) ) ;
#2204 = VERTEX_POINT ( 'NONE', #2990 ) ;
#2205 = CARTESIAN_POINT ( 'NONE',  ( -28.31323125302392540, 52.01245501325698228, 57.82671117685787721 ) ) ;
#2206 = VERTEX_POINT ( 'NONE', #1047 ) ;
#2207 = EDGE_LOOP ( 'NONE', ( #153, #280, #2060, #4690 ) ) ;
#2208 = DIRECTION ( 'NONE',  ( -0.002310030612744635656, 0.9999973318757245933, -0.000000000000000000 ) ) ;
#2209 = CARTESIAN_POINT ( 'NONE',  ( 1.102145888051779821, 52.58304326005715978, 47.41953824246409255 ) ) ;
#2210 = DIRECTION ( 'NONE',  ( -0.9999973318757247043, -0.002310030612744636089, 1.139179290558684787E-16 ) ) ;
#2211 = ORIENTED_EDGE ( 'NONE', *, *, #2848, .F. ) ;
#2212 = ORIENTED_EDGE ( 'NONE', *, *, #245, .T. ) ;
#2213 = AXIS2_PLACEMENT_3D ( 'NONE', #2748, #1625, #4241 ) ;
#2214 = CARTESIAN_POINT ( 'NONE',  ( 0.04518011468113299761, 94.55660050052999566, 62.76666699981929298 ) ) ;
#2215 = FACE_OUTER_BOUND ( 'NONE', #2513, .T. ) ;
#2216 = FACE_OUTER_BOUND ( 'NONE', #3325, .T. ) ;
#2217 = AXIS2_PLACEMENT_3D ( 'NONE', #4418, #1804, #4465 ) ;
#2218 = DIRECTION ( 'NONE',  ( -1.000000000000000000, 0.000000000000000000, 0.000000000000000000 ) ) ;
#2219 = AXIS2_PLACEMENT_3D ( 'NONE', #1594, #3843, #460 ) ;
#2220 = VECTOR ( 'NONE', #1943, 1000.000000000000000 ) ;
#2221 = AXIS2_PLACEMENT_3D ( 'NONE', #1404, #3354, #2916 ) ;
#2222 = CARTESIAN_POINT ( 'NONE',  ( -27.31323125302392540, 88.14418173465438144, 69.82671117685787010 ) ) ;
#2223 = DIRECTION ( 'NONE',  ( 0.000000000000000000, -1.000000000000000000, -8.883155072529956973E-12 ) ) ;
#2224 = DIRECTION ( 'NONE',  ( 3.036891891447373368E-19, -1.314650884662483754E-16, 1.000000000000000000 ) ) ;
#2225 = VECTOR ( 'NONE', #806, 1000.000000000000227 ) ;
#2226 = VECTOR ( 'NONE', #1324, 1000.000000000000000 ) ;
#2227 = EDGE_CURVE ( 'NONE', #439, #2613, #350, .T. ) ;
#2228 = ORIENTED_EDGE ( 'NONE', *, *, #3103, .T. ) ;
#2229 = EDGE_LOOP ( 'NONE', ( #161, #2809, #29, #3461 ) ) ;
#2230 = EDGE_CURVE ( 'NONE', #1934, #1994, #3362, .T. ) ;
#2231 = MECHANICAL_DESIGN_GEOMETRIC_PRESENTATION_REPRESENTATION (  '', ( #4820 ), #3808 ) ;
#2232 = AXIS2_PLACEMENT_3D ( 'NONE', #1391, #4450, #1024 ) ;
#2233 = VERTEX_POINT ( 'NONE', #2180 ) ;
#2234 = EDGE_LOOP ( 'NONE', ( #3065, #2197, #3438, #4061 ) ) ;
#2235 = EDGE_CURVE ( 'NONE', #4564, #113, #3381, .T. ) ;
#2236 = FACE_OUTER_BOUND ( 'NONE', #1150, .T. ) ;
#2237 = DIRECTION ( 'NONE',  ( -0.002310030612744635656, 0.9999973318757245933, 1.314654392323781659E-16 ) ) ;
#2238 = PLANE ( 'NONE',  #2004 ) ;
#2239 = FACE_OUTER_BOUND ( 'NONE', #2005, .T. ) ;
#2240 = ORIENTED_EDGE ( 'NONE', *, *, #1121, .F. ) ;
#2241 = ORIENTED_EDGE ( 'NONE', *, *, #3437, .T. ) ;
#2242 = VECTOR ( 'NONE', #509, 1000.000000000000000 ) ;
#2243 = DIRECTION ( 'NONE',  ( -0.9999973318757229279, -0.002310030612743785208, 5.902893091651521499E-08 ) ) ;
#2244 = DIRECTION ( 'NONE',  ( 0.9999973318757245933, 0.002310030612744636523, 3.845413804662629583E-09 ) ) ;
#2245 = CARTESIAN_POINT ( 'NONE',  ( -27.13962009491219618, 18.68414086816475717, 35.77815165312659929 ) ) ;
#2246 = CARTESIAN_POINT ( 'NONE',  ( -1.925241788773891960, -4.613701099919306436, 3.650000000000000355 ) ) ;
#2247 = ORIENTED_EDGE ( 'NONE', *, *, #2385, .T. ) ;
#2248 = PLANE ( 'NONE',  #3473 ) ;
#2249 = CARTESIAN_POINT ( 'NONE',  ( 4.761410609861362886, 113.5108252500206589, 69.82671117685788431 ) ) ;
#2250 = CARTESIAN_POINT ( 'NONE',  ( -0.3752417887738960234, 9.386298900080694452, 43.35000000000000853 ) ) ;
#2251 = ORIENTED_EDGE ( 'NONE', *, *, #1159, .F. ) ;
#2252 = ORIENTED_EDGE ( 'NONE', *, *, #3208, .F. ) ;
#2253 = EDGE_CURVE ( 'NONE', #3754, #92, #4874, .T. ) ;
#2254 = EDGE_LOOP ( 'NONE', ( #1713, #3063, #586, #611 ) ) ;
#2255 = ORIENTED_EDGE ( 'NONE', *, *, #2334, .T. ) ;
#2256 = DIRECTION ( 'NONE',  ( -0.9999973318757245933, -0.002310030612744635222, -1.001483571081362370E-32 ) ) ;
#2257 = LINE ( 'NONE', #2663, #2077 ) ;
#2258 = EDGE_CURVE ( 'NONE', #3853, #4698, #3013, .T. ) ;
#2259 = LINE ( 'NONE', #2998, #2323 ) ;
#2260 = DIRECTION ( 'NONE',  ( 0.000000000000000000, 0.000000000000000000, 1.000000000000000000 ) ) ;
#2261 = ORIENTED_EDGE ( 'NONE', *, *, #4145, .T. ) ;
#2262 = EDGE_LOOP ( 'NONE', ( #3873, #375, #3467, #2420 ) ) ;
#2263 = CARTESIAN_POINT ( 'NONE',  ( -24.41791910123735931, 52.57819403757821419, 42.68895153481192040 ) ) ;
#2264 = DIRECTION ( 'NONE',  ( 0.002310030612744635656, -0.9999973318757245933, 0.000000000000000000 ) ) ;
#2265 = DIRECTION ( 'NONE',  ( -0.002310030612744635222, 0.9999973318757245933, 1.314654392323781166E-16 ) ) ;
#2266 = CARTESIAN_POINT ( 'NONE',  ( -0.3752417887738916935, -4.613701099919306436, 50.00000000000000000 ) ) ;
#2267 = EDGE_CURVE ( 'NONE', #4542, #2545, #2832, .T. ) ;
#2268 = ADVANCED_FACE ( 'NONE', ( #1138 ), #3732, .T. ) ;
#2269 = EDGE_CURVE ( 'NONE', #290, #4840, #4050, .T. ) ;
#2270 = ORIENTED_EDGE ( 'NONE', *, *, #3641, .F. ) ;
#2271 = CARTESIAN_POINT ( 'NONE',  ( -9.975241788773896445, 53.56627942555826394, 13.82552992589453744 ) ) ;
#2272 = LINE ( 'NONE', #3775, #4187 ) ;
#2273 = CARTESIAN_POINT ( 'NONE',  ( 1.174758211226104354, 9.386298900080694452, 50.00000000000000000 ) ) ;
#2274 = EDGE_CURVE ( 'NONE', #2311, #3522, #1112, .T. ) ;
#2275 = VERTEX_POINT ( 'NONE', #3338 ) ;
#2276 = VERTEX_POINT ( 'NONE', #2657 ) ;
#2277 = EDGE_LOOP ( 'NONE', ( #3521, #4065 ) ) ;
#2278 = ORIENTED_EDGE ( 'NONE', *, *, #2903, .F. ) ;
#2279 = DIRECTION ( 'NONE',  ( 0.000000000000000000, 0.000000000000000000, 1.000000000000000000 ) ) ;
#2280 = CARTESIAN_POINT ( 'NONE',  ( 2.019844489293585621, 88.21194221837846783, 42.68895153481192040 ) ) ;
#2281 = CARTESIAN_POINT ( 'NONE',  ( -28.21681558109031229, 52.10041332965796101, 68.82671117685788431 ) ) ;
#2282 = CYLINDRICAL_SURFACE ( 'NONE', #412, 1.050000000000001821 ) ;
#2283 = DIRECTION ( 'NONE',  ( -0.000000000000000000, -0.000000000000000000, -1.000000000000000000 ) ) ;
#2284 = ORIENTED_EDGE ( 'NONE', *, *, #2979, .T. ) ;
#2285 = EDGE_LOOP ( 'NONE', ( #1536, #1664, #1572, #975 ) ) ;
#2286 = CARTESIAN_POINT ( 'NONE',  ( -2.054683256259939306, 94.49502912802324772, 38.31666700000042880 ) ) ;
#2287 = CARTESIAN_POINT ( 'NONE',  ( -27.04835685023795122, 19.68429699879670380, 35.77815165310259005 ) ) ;
#2288 = DIRECTION ( 'NONE',  ( 1.151213090458797075E-16, -5.208038479726323046E-16, 1.000000000000000000 ) ) ;
#2289 = CARTESIAN_POINT ( 'NONE',  ( -0.4130387202985115191, 18.74834642844665922, 50.00000000000000000 ) ) ;
#2290 = CIRCLE ( 'NONE', #3633, 1.000000000000000000 ) ;
#2291 = EDGE_LOOP ( 'NONE', ( #4835, #1617, #2070, #1190 ) ) ;
#2292 = DIRECTION ( 'NONE',  ( 0.002310030612740220785, -0.9999973318757245933, 3.193368767321957072E-09 ) ) ;
#2293 = DIRECTION ( 'NONE',  ( -0.9999973318757247043, -0.002310030612744636089, 0.000000000000000000 ) ) ;
#2294 = VECTOR ( 'NONE', #1874, 1000.000000000000000 ) ;
#2295 = CIRCLE ( 'NONE', #2057, 0.9999999999999991118 ) ;
#2296 = LINE ( 'NONE', #300, #4437 ) ;
#2297 = FACE_OUTER_BOUND ( 'NONE', #2379, .T. ) ;
#2298 = DIRECTION ( 'NONE',  ( -0.9999973318757247043, -0.002310030612739934989, 0.000000000000000000 ) ) ;
#2299 = EDGE_CURVE ( 'NONE', #4456, #2206, #2930, .T. ) ;
#2300 = VECTOR ( 'NONE', #3429, 1000.000000000000227 ) ;
#2301 = VECTOR ( 'NONE', #1284, 1000.000000000000000 ) ;
#2302 = ORIENTED_EDGE ( 'NONE', *, *, #2835, .F. ) ;
#2303 = VECTOR ( 'NONE', #210, 1000.000000000000000 ) ;
#2304 = VECTOR ( 'NONE', #3525, 1000.000000000000000 ) ;
#2305 = ORIENTED_EDGE ( 'NONE', *, *, #3144, .T. ) ;
#2306 = EDGE_LOOP ( 'NONE', ( #3900, #1548, #112, #67 ) ) ;
#2307 = CIRCLE ( 'NONE', #2071, 1.000000000000000000 ) ;
#2308 = CIRCLE ( 'NONE', #1910, 9.599999999999997868 ) ;
#2309 = CARTESIAN_POINT ( 'NONE',  ( 2.019844489293587397, 88.21194221837848204, 42.68895153481192040 ) ) ;
#2310 = ADVANCED_FACE ( 'NONE', ( #370 ), #3288, .F. ) ;
#2311 = VERTEX_POINT ( 'NONE', #4782 ) ;
#2312 = DIRECTION ( 'NONE',  ( -0.9999973318757247043, -0.002310030612739932387, 0.000000000000000000 ) ) ;
#2313 = LINE ( 'NONE', #2714, #2242 ) ;
#2314 = VECTOR ( 'NONE', #3455, 1000.000000000000000 ) ;
#2315 = ORIENTED_EDGE ( 'NONE', *, *, #1381, .F. ) ;
#2316 = ORIENTED_EDGE ( 'NONE', *, *, #3129, .T. ) ;
#2317 = VECTOR ( 'NONE', #1844, 1000.000000000000000 ) ;
#2318 = CARTESIAN_POINT ( 'NONE',  ( -0.3880856035532724291, 93.83813496533007026, 61.71666700017918572 ) ) ;
#2319 = DIRECTION ( 'NONE',  ( -0.9999973318757245933, -0.002310030612744535909, 0.000000000000000000 ) ) ;
#2320 = FACE_OUTER_BOUND ( 'NONE', #355, .T. ) ;
#2321 = ADVANCED_FACE ( 'NONE', ( #1408 ), #2922, .T. ) ;
#2322 = DIRECTION ( 'NONE',  ( 0.000000000000000000, -0.000000000000000000, -1.000000000000000000 ) ) ;
#2323 = VECTOR ( 'NONE', #4497, 1000.000000000000227 ) ;
#2324 = VERTEX_POINT ( 'NONE', #4610 ) ;
#2325 = DIRECTION ( 'NONE',  ( 0.002310030612744636957, -0.9999973318757247043, -2.685669595212177716E-19 ) ) ;
#2326 = FACE_BOUND ( 'NONE', #4304, .T. ) ;
#2327 = CYLINDRICAL_SURFACE ( 'NONE', #2623, 0.9999999999999991118 ) ;
#2328 =( BOUNDED_CURVE ( )  B_SPLINE_CURVE ( 3, ( #264, #336, #4770, #238 ),
 .UNSPECIFIED., .F., .T. ) 
 B_SPLINE_CURVE_WITH_KNOTS ( ( 4, 4 ),
 ( 4.712388980384632831, 6.283185307179586232 ),
 .UNSPECIFIED. ) 
 CURVE ( )  GEOMETRIC_REPRESENTATION_ITEM ( )  RATIONAL_B_SPLINE_CURVE ( ( 1.000000000000000000, 0.8047378541243516148, 0.8047378541243516148, 1.000000000000000000 ) ) 
 REPRESENTATION_ITEM ( '' )  );
#2329 = FACE_OUTER_BOUND ( 'NONE', #428, .T. ) ;
#2330 = EDGE_CURVE ( 'NONE', #380, #904, #3481, .T. ) ;
#2331 = ADVANCED_FACE ( 'NONE', ( #98 ), #4194, .T. ) ;
#2332 = ORIENTED_EDGE ( 'NONE', *, *, #480, .F. ) ;
#2333 = CARTESIAN_POINT ( 'NONE',  ( 0.05981067475327450644, 88.22312554340528834, 38.31666702004447700 ) ) ;
#2334 = EDGE_CURVE ( 'NONE', #3373, #4132, #1425, .T. ) ;
#2335 = ADVANCED_FACE ( 'NONE', ( #1210 ), #1257, .F. ) ;
#2336 = ORIENTED_EDGE ( 'NONE', *, *, #616, .T. ) ;
#2337 = EDGE_LOOP ( 'NONE', ( #4027, #928 ) ) ;
#2338 = FACE_OUTER_BOUND ( 'NONE', #2113, .T. ) ;
#2339 = EDGE_LOOP ( 'NONE', ( #234, #1258, #3858, #2129, #4402, #1483 ) ) ;
#2340 = DIRECTION ( 'NONE',  ( 0.9999973318757248153, 0.002310030612734641914, 0.000000000000000000 ) ) ;
#2341 = DIRECTION ( 'NONE',  ( 1.203683937203171286E-18, -5.210670018760918348E-16, 1.000000000000000000 ) ) ;
#2342 = VERTEX_POINT ( 'NONE', #3807 ) ;
#2343 = ADVANCED_FACE ( 'NONE', ( #2329 ), #469, .T. ) ;
#2344 = ORIENTED_EDGE ( 'NONE', *, *, #2253, .T. ) ;
#2345 = DIRECTION ( 'NONE',  ( -1.000000000000000000, -0.000000000000000000, 3.036891891447373368E-19 ) ) ;
#2346 = FACE_OUTER_BOUND ( 'NONE', #1877, .T. ) ;
#2347 = DIRECTION ( 'NONE',  ( -0.002310030612744636523, 0.9999973318757248153, 1.314654392323784125E-16 ) ) ;
#2348 = DIRECTION ( 'NONE',  ( -0.002310030612744636089, 0.9999973318757248153, -0.000000000000000000 ) ) ;
#2349 = ORIENTED_EDGE ( 'NONE', *, *, #2058, .T. ) ;
#2350 = CARTESIAN_POINT ( 'NONE',  ( 5.075764905806941840, 2.386298900080696672, 50.00000000000000000 ) ) ;
#2351 = UNCERTAINTY_MEASURE_WITH_UNIT (LENGTH_MEASURE( 1.000000000000000082E-05 ), #3153, 'distance_accuracy_value', 'NONE');
#2352 = PLANE ( 'NONE',  #2953 ) ;
#2353 = CYLINDRICAL_SURFACE ( 'NONE', #2861, 1.000000000000000888 ) ;
#2354 = DIRECTION ( 'NONE',  ( 0.000000000000000000, 0.000000000000000000, -1.000000000000000000 ) ) ;
#2355 = ORIENTED_EDGE ( 'NONE', *, *, #1462, .T. ) ;
#2356 = ADVANCED_FACE ( 'NONE', ( #3851 ), #3116, .F. ) ;
#2357 = CYLINDRICAL_SURFACE ( 'NONE', #3248, 1.549999999999999378 ) ;
#2358 = CARTESIAN_POINT ( 'NONE',  ( -4.375241788773890583, -6.340670791627872838, 6.649999999999996803 ) ) ;
#2359 = EDGE_LOOP ( 'NONE', ( #3687, #329 ) ) ;
#2360 = DIRECTION ( 'NONE',  ( 0.000000000000000000, 0.000000000000000000, -1.000000000000000000 ) ) ;
#2361 = ORIENTED_EDGE ( 'NONE', *, *, #3343, .T. ) ;
#2362 = DIRECTION ( 'NONE',  ( 0.000000000000000000, 0.000000000000000000, 1.000000000000000000 ) ) ;
#2363 = DIRECTION ( 'NONE',  ( -0.002310030612744635656, 0.9999973318757248153, 1.314654392323781659E-16 ) ) ;
#2364 = ORIENTED_EDGE ( 'NONE', *, *, #3304, .F. ) ;
#2365 = EDGE_LOOP ( 'NONE', ( #14, #3800 ) ) ;
#2366 = DIRECTION ( 'NONE',  ( -4.726237537344273411E-13, -1.000000000000000000, 6.078046384789446738E-13 ) ) ;
#2367 = CARTESIAN_POINT ( 'NONE',  ( 1.505308662255046670, 94.50325284027803718, 34.47824939404222988 ) ) ;
#2368 = CARTESIAN_POINT ( 'NONE',  ( -2.375241788773893692, -2.905445709268582656E-16, 0.000000000000000000 ) ) ;
#2369 = CARTESIAN_POINT ( 'NONE',  ( -2.010713455236531999, 94.48948504650736879, 55.71975232211381979 ) ) ;
#2370 = LINE ( 'NONE', #3506, #2786 ) ;
#2371 = ORIENTED_EDGE ( 'NONE', *, *, #3224, .F. ) ;
#2372 = VERTEX_POINT ( 'NONE', #3062 ) ;
#2373 = DIRECTION ( 'NONE',  ( 1.000000000000000000, 0.000000000000000000, 0.000000000000000000 ) ) ;
#2374 = DIRECTION ( 'NONE',  ( 0.000000000000000000, 1.000000000000000000, 0.000000000000000000 ) ) ;
#2375 = LINE ( 'NONE', #47, #2784 ) ;
#2376 = CARTESIAN_POINT ( 'NONE',  ( 4.761410609861367327, 113.5108252500206447, 68.82671117685788431 ) ) ;
#2377 = AXIS2_PLACEMENT_3D ( 'NONE', #4853, #1554, #4513 ) ;
#2378 = EDGE_CURVE ( 'NONE', #3268, #3985, #1234, .T. ) ;
#2379 = EDGE_LOOP ( 'NONE', ( #1561, #2247, #4745, #3139, #2170, #633 ) ) ;
#2380 = VECTOR ( 'NONE', #933, 1000.000000000000227 ) ;
#2381 = CARTESIAN_POINT ( 'NONE',  ( -20.45476518877122274, 94.50924487296882148, 62.76666699981927877 ) ) ;
#2382 = LINE ( 'NONE', #4246, #3791 ) ;
#2383 = AXIS2_PLACEMENT_3D ( 'NONE', #545, #4370, #1684 ) ;
#2384 = AXIS2_PLACEMENT_3D ( 'NONE', #1147, #4817, #2662 ) ;
#2385 = EDGE_CURVE ( 'NONE', #3340, #4695, #4836, .T. ) ;
#2386 = VERTEX_POINT ( 'NONE', #846 ) ;
#2387 = DIRECTION ( 'NONE',  ( -0.000000000000000000, -0.000000000000000000, -1.000000000000000000 ) ) ;
#2388 = AXIS2_PLACEMENT_3D ( 'NONE', #4202, #3817, #3046 ) ;
#2389 = CYLINDRICAL_SURFACE ( 'NONE', #1996, 1.000000000000000888 ) ;
#2390 = DIRECTION ( 'NONE',  ( 1.599556537501581790E-22, -1.000000000000000000, 6.078025923572550182E-13 ) ) ;
#2391 = EDGE_CURVE ( 'NONE', #4006, #3439, #1347, .T. ) ;
#2392 = AXIS2_PLACEMENT_3D ( 'NONE', #3859, #2737, #2312 ) ;
#2393 = VECTOR ( 'NONE', #3868, 1000.000000000000114 ) ;
#2394 = ORIENTED_EDGE ( 'NONE', *, *, #616, .F. ) ;
#2395 = EDGE_LOOP ( 'NONE', ( #1860, #3782, #4619, #2740 ) ) ;
#2396 = EDGE_CURVE ( 'NONE', #3891, #2913, #2751, .T. ) ;
#2397 = DIRECTION ( 'NONE',  ( -0.000000000000000000, 1.000000000000000000, -0.000000000000000000 ) ) ;
#2398 = VECTOR ( 'NONE', #2565, 1000.000000000000000 ) ;
#2399 = FACE_BOUND ( 'NONE', #1198, .T. ) ;
#2400 = CARTESIAN_POINT ( 'NONE',  ( 0.2020482926480339225, 52.63506706768718146, 35.77815164591042674 ) ) ;
#2401 = DIRECTION ( 'NONE',  ( -0.002310030612744559762, 0.9999973318757247043, 5.210683921513182518E-16 ) ) ;
#2402 = DIRECTION ( 'NONE',  ( 0.000000000000000000, -0.000000000000000000, -1.000000000000000000 ) ) ;
#2403 = ORIENTED_EDGE ( 'NONE', *, *, #1300, .T. ) ;
#2404 = EDGE_LOOP ( 'NONE', ( #4312, #952, #3885, #4273 ) ) ;
#2405 = AXIS2_PLACEMENT_3D ( 'NONE', #126, #3114, #2374 ) ;
#2406 = ADVANCED_FACE ( 'NONE', ( #3039 ), #870, .T. ) ;
#2407 = CARTESIAN_POINT ( 'NONE',  ( -24.41791910123736642, 52.57819403757819288, 42.68895153481192040 ) ) ;
#2408 = LINE ( 'NONE', #1180, #1685 ) ;
#2409 = CARTESIAN_POINT ( 'NONE',  ( 4.903265583583928056, 52.10272336027070850, 68.82671117685788431 ) ) ;
#2410 = CARTESIAN_POINT ( 'NONE',  ( 0.8010040120448815859, 18.68429699879670380, 63.01053066435613204 ) ) ;
#2411 = ADVANCED_FACE ( 'NONE', ( #72 ), #4269, .F. ) ;
#2412 = EDGE_LOOP ( 'NONE', ( #1076, #882, #1334, #957, #4771, #2364 ) ) ;
#2413 = CARTESIAN_POINT ( 'NONE',  ( -27.30007541373076307, 88.14421212512698389, 34.47824667424357159 ) ) ;
#2414 = CARTESIAN_POINT ( 'NONE',  ( -28.21559163188976171, 51.57172864301321624, 43.68664150419916581 ) ) ;
#2415 = EDGE_LOOP ( 'NONE', ( #3474, #2041, #2499, #600 ) ) ;
#2416 = LINE ( 'NONE', #3983, #2303 ) ;
#2417 = ADVANCED_FACE ( 'NONE', ( #2677 ), #1535, .T. ) ;
#2418 = DIRECTION ( 'NONE',  ( 0.000000000000000000, -1.000000000000000000, 0.000000000000000000 ) ) ;
#2419 = VERTEX_POINT ( 'NONE', #425 ) ;
#2420 = ORIENTED_EDGE ( 'NONE', *, *, #2391, .F. ) ;
#2421 = EDGE_CURVE ( 'NONE', #1805, #2739, #2700, .T. ) ;
#2422 = DIRECTION ( 'NONE',  ( 0.002310030612744635656, -0.9999973318757245933, 0.000000000000000000 ) ) ;
#2423 = CARTESIAN_POINT ( 'NONE',  ( -9.975241788773889340, 18.68429699879670380, 15.45442010133366395 ) ) ;
#2424 = DIRECTION ( 'NONE',  ( -0.7059711029505690849, -0.001630819210756811240, -0.7082387607491268389 ) ) ;
#2425 = FACE_OUTER_BOUND ( 'NONE', #1839, .T. ) ;
#2426 = DIRECTION ( 'NONE',  ( -0.000000000000000000, -0.000000000000000000, -1.000000000000000000 ) ) ;
#2427 = ORIENTED_EDGE ( 'NONE', *, *, #3142, .T. ) ;
#2428 = ORIENTED_EDGE ( 'NONE', *, *, #1577, .F. ) ;
#2429 = PLANE ( 'NONE',  #4416 ) ;
#2430 = DIRECTION ( 'NONE',  ( 0.7777280724628345965, 0.001796580449280018015, -0.6285982958948689303 ) ) ;
#2431 = EDGE_CURVE ( 'NONE', #2233, #2986, #1384, .T. ) ;
#2432 = LINE ( 'NONE', #3928, #485 ) ;
#2433 = EDGE_CURVE ( 'NONE', #4683, #3001, #3976, .T. ) ;
#2434 = ORIENTED_EDGE ( 'NONE', *, *, #3594, .F. ) ;
#2435 = CARTESIAN_POINT ( 'NONE',  ( 3.624758211226108084, 2.386298900080694896, 69.82671117685788431 ) ) ;
#2436 = DIRECTION ( 'NONE',  ( -3.787699567161971150E-31, 1.364662588740964337E-16, 1.000000000000000000 ) ) ;
#2437 = VERTEX_POINT ( 'NONE', #3212 ) ;
#2438 = DIRECTION ( 'NONE',  ( 1.000000000000000000, 8.145007187700838718E-17, -3.036891891447266479E-19 ) ) ;
#2439 = VERTEX_POINT ( 'NONE', #204 ) ;
#2440 = VERTEX_POINT ( 'NONE', #3609 ) ;
#2441 = LINE ( 'NONE', #3894, #3389 ) ;
#2442 = CARTESIAN_POINT ( 'NONE',  ( -9.975241788773896445, 23.68429699879670736, 1.000000000000000888 ) ) ;
#2443 = PLANE ( 'NONE',  #1985 ) ;
#2444 = DIRECTION ( 'NONE',  ( 1.000000000000000000, 0.000000000000000000, 0.000000000000000000 ) ) ;
#2445 = EDGE_CURVE ( 'NONE', #2810, #284, #1270, .T. ) ;
#2446 = DIRECTION ( 'NONE',  ( 1.000000000000000000, 0.000000000000000000, 0.000000000000000000 ) ) ;
#2447 = ORIENTED_EDGE ( 'NONE', *, *, #3621, .F. ) ;
#2448 = ORIENTED_EDGE ( 'NONE', *, *, #55, .T. ) ;
#2449 = DIRECTION ( 'NONE',  ( 0.002310030612744637390, -0.9999973318757248153, 0.000000000000000000 ) ) ;
#2450 = DIRECTION ( 'NONE',  ( 0.000000000000000000, -1.000000000000000000, -1.314650884662483754E-16 ) ) ;
#2451 = CARTESIAN_POINT ( 'NONE',  ( -54.89290318739411845, 18.68429699879670025, 6.649999999999999467 ) ) ;
#2452 = DIRECTION ( 'NONE',  ( -3.469446951953611033E-15, -1.000000000000000000, 0.000000000000000000 ) ) ;
#2453 = ORIENTED_EDGE ( 'NONE', *, *, #3652, .T. ) ;
#2454 = CARTESIAN_POINT ( 'NONE',  ( 6.625764905806940774, 2.386298900080696672, 50.00000000000000000 ) ) ;
#2455 = ORIENTED_EDGE ( 'NONE', *, *, #1577, .T. ) ;
#2456 = VECTOR ( 'NONE', #4445, 1000.000000000000227 ) ;
#2457 = EDGE_CURVE ( 'NONE', #2149, #4653, #1016, .T. ) ;
#2458 = VECTOR ( 'NONE', #382, 1000.000000000000000 ) ;
#2459 = ORIENTED_EDGE ( 'NONE', *, *, #4636, .T. ) ;
#2460 = DIRECTION ( 'NONE',  ( -1.086293913608650825E-16, -1.000000000000000000, 0.000000000000000000 ) ) ;
#2461 = CARTESIAN_POINT ( 'NONE',  ( 5.090590601460955433, -28.98906695502397568, 35.47824939404221567 ) ) ;
#2462 = VECTOR ( 'NONE', #2971, 1000.000000000000000 ) ;
#2463 = VERTEX_POINT ( 'NONE', #1708 ) ;
#2464 = VECTOR ( 'NONE', #718, 1000.000000000000227 ) ;
#2465 = AXIS2_PLACEMENT_3D ( 'NONE', #3726, #1481, #343 ) ;
#2466 = LINE ( 'NONE', #1343, #85 ) ;
#2467 = DIRECTION ( 'NONE',  ( 0.000000000000000000, 0.000000000000000000, 1.000000000000000000 ) ) ;
#2468 = CARTESIAN_POINT ( 'NONE',  ( -0.9901502307483259768, 88.20498901987899387, 62.76666700000043164 ) ) ;
#2469 = CARTESIAN_POINT ( 'NONE',  ( -4.375241788773891471, 2.386298900080693564, 6.649999999999996803 ) ) ;
#2470 = VECTOR ( 'NONE', #4679, 1000.000000000000227 ) ;
#2471 = ORIENTED_EDGE ( 'NONE', *, *, #4226, .T. ) ;
#2472 = ORIENTED_EDGE ( 'NONE', *, *, #2258, .F. ) ;
#2473 = AXIS2_PLACEMENT_3D ( 'NONE', #2178, #3681, #1071 ) ;
#2474 = EDGE_CURVE ( 'NONE', #529, #2752, #2859, .T. ) ;
#2475 = CARTESIAN_POINT ( 'NONE',  ( -0.2644974041634671758, 114.4992178858058196, 34.47824939404223699 ) ) ;
#2476 = DIRECTION ( 'NONE',  ( 1.000000000000000000, 8.145007187700838718E-17, -0.000000000000000000 ) ) ;
#2477 = DIRECTION ( 'NONE',  ( -0.002310030612744635222, 0.9999973318757245933, 0.000000000000000000 ) ) ;
#2478 = CIRCLE ( 'NONE', #3018, 1.000000000000000000 ) ;
#2479 = ORIENTED_EDGE ( 'NONE', *, *, #1453, .T. ) ;
#2480 = CARTESIAN_POINT ( 'NONE',  ( -2.012383642380240811, 94.48948504650256552, 47.82190131775143982 ) ) ;
#2481 = CARTESIAN_POINT ( 'NONE',  ( -0.3752417887738929148, 2.386298900080694452, 0.000000000000000000 ) ) ;
#2482 = AXIS2_PLACEMENT_3D ( 'NONE', #4360, #2116, #3274 ) ;
#2483 = EDGE_CURVE ( 'NONE', #1930, #4783, #2102, .T. ) ;
#2484 = CARTESIAN_POINT ( 'NONE',  ( 1.290600740333201379, -28.99784507135240474, 34.47824939404221567 ) ) ;
#2485 = AXIS2_PLACEMENT_3D ( 'NONE', #2686, #1590, #4598 ) ;
#2486 = VERTEX_POINT ( 'NONE', #226 ) ;
#2487 = DIRECTION ( 'NONE',  ( 7.606501008589990966E-17, -0.6178843771050965827, -0.7862689721268713017 ) ) ;
#2488 = CYLINDRICAL_SURFACE ( 'NONE', #3653, 1.000000000000000000 ) ;
#2489 = PRODUCT ( 'gello_teleop_flexiv_l4', 'gello_teleop_flexiv_l4', '', ( #1338 ) ) ;
#2490 =( BOUNDED_CURVE ( )  B_SPLINE_CURVE ( 3, ( #4182, #814, #2318, #3823, #4459, #1457, #1084 ),
 .UNSPECIFIED., .F., .T. ) 
 B_SPLINE_CURVE_WITH_KNOTS ( ( 4, 3, 4 ),
 ( 3.141592651577166162, 4.712388980377257397, 6.283185309177349076 ),
 .UNSPECIFIED. ) 
 CURVE ( )  GEOMETRIC_REPRESENTATION_ITEM ( )  RATIONAL_B_SPLINE_CURVE ( ( 1.000000000000000000, 0.8047378536517360015, 0.8047378536517360015, 1.000000000000000000, 0.8047378536517358905, 0.8047378536517358905, 1.000000000000000000 ) ) 
 REPRESENTATION_ITEM ( '' )  );
#2491 = EDGE_CURVE ( 'NONE', #2185, #4311, #924, .T. ) ;
#2492 = ORIENTED_EDGE ( 'NONE', *, *, #2993, .T. ) ;
#2493 = ORIENTED_EDGE ( 'NONE', *, *, #3863, .T. ) ;
#2494 = DIRECTION ( 'NONE',  ( 0.002310030612744635656, -0.9999973318757245933, -1.314654392323781413E-16 ) ) ;
#2495 = CARTESIAN_POINT ( 'NONE',  ( 0.000000000000000000, 0.000000000000000000, 57.82671117685787721 ) ) ;
#2496 = CARTESIAN_POINT ( 'NONE',  ( -23.30190017009369541, 114.4986629317455851, 35.77815165205840486 ) ) ;
#2497 = EDGE_CURVE ( 'NONE', #1095, #4106, #1826, .T. ) ;
#2498 = EDGE_CURVE ( 'NONE', #2695, #1027, #1651, .T. ) ;
#2499 = ORIENTED_EDGE ( 'NONE', *, *, #62, .T. ) ;
#2500 = ORIENTED_EDGE ( 'NONE', *, *, #1003, .T. ) ;
#2501 = PLANE ( 'NONE',  #4255 ) ;
#2502 = DIRECTION ( 'NONE',  ( 0.002310030612744636089, -0.9999973318757245933, -1.314654392323781659E-16 ) ) ;
#2503 = DIRECTION ( 'NONE',  ( -0.002310030612744635222, 0.9999973318757245933, 1.314654392323781166E-16 ) ) ;
#2504 = FACE_OUTER_BOUND ( 'NONE', #4860, .T. ) ;
#2505 = VERTEX_POINT ( 'NONE', #1287 ) ;
#2506 = CARTESIAN_POINT ( 'NONE',  ( 1.174758211226104354, 9.386298900080694452, 50.00000000000000000 ) ) ;
#2507 = DIRECTION ( 'NONE',  ( 1.629001437540167744E-16, -1.000000000000000000, -1.339658354568195596E-16 ) ) ;
#2508 = CARTESIAN_POINT ( 'NONE',  ( -0.3752417887738916935, -4.613701099919306436, 3.650000000000000355 ) ) ;
#2509 = EDGE_CURVE ( 'NONE', #3992, #4531, #3996, .T. ) ;
#2510 = EDGE_LOOP ( 'NONE', ( #2228, #3175 ) ) ;
#2511 = FACE_OUTER_BOUND ( 'NONE', #4083, .T. ) ;
#2512 = CARTESIAN_POINT ( 'NONE',  ( -0.3752417887738929148, 2.386298900080694452, 50.00000000000000000 ) ) ;
#2513 = EDGE_LOOP ( 'NONE', ( #2518, #1960, #1887, #1937 ) ) ;
#2514 = ORIENTED_EDGE ( 'NONE', *, *, #337, .T. ) ;
#2515 = CARTESIAN_POINT ( 'NONE',  ( -27.21790166250250209, 52.57172597488894183, 42.68895153481192040 ) ) ;
#2516 = DIRECTION ( 'NONE',  ( 0.9999973318757245933, 0.002310030612744636523, 0.000000000000000000 ) ) ;
#2517 = CARTESIAN_POINT ( 'NONE',  ( 3.624758211226108084, 2.386298900080694896, 69.82671117685788431 ) ) ;
#2518 = ORIENTED_EDGE ( 'NONE', *, *, #2120, .F. ) ;
#2519 = EDGE_LOOP ( 'NONE', ( #4198, #59, #3789, #2119 ) ) ;
#2520 = CARTESIAN_POINT ( 'NONE',  ( -21.75582692013241370, 92.55480625424451091, 30.14423030767164491 ) ) ;
#2521 = FACE_OUTER_BOUND ( 'NONE', #3176, .T. ) ;
#2522 = CARTESIAN_POINT ( 'NONE',  ( 4.978153340705781638, 19.68429699879670380, 69.82671117685787010 ) ) ;
#2523 = DIRECTION ( 'NONE',  ( 0.000000000000000000, 0.000000000000000000, -1.000000000000000000 ) ) ;
#2524 = EDGE_CURVE ( 'NONE', #4132, #3111, #2432, .T. ) ;
#2525 = ORIENTED_EDGE ( 'NONE', *, *, #4784, .F. ) ;
#2526 = CARTESIAN_POINT ( 'NONE',  ( 4.970729503842551189, 23.68429699879670736, 3.837678611783551297 ) ) ;
#2527 = CARTESIAN_POINT ( 'NONE',  ( -19.46471098539030464, 92.55480625409174422, 47.34166692765103335 ) ) ;
#2528 = DIRECTION ( 'NONE',  ( 0.000000000000000000, 1.000000000000000000, 1.339658354568195596E-16 ) ) ;
#2529 = DIRECTION ( 'NONE',  ( 1.000000000000000000, 0.000000000000000000, 0.000000000000000000 ) ) ;
#2530 = EDGE_CURVE ( 'NONE', #1364, #1101, #4810, .T. ) ;
#2531 = ORIENTED_EDGE ( 'NONE', *, *, #940, .F. ) ;
#2532 = LINE ( 'NONE', #4028, #980 ) ;
#2533 = ADVANCED_FACE ( 'NONE', ( #3553 ), #2873, .T. ) ;
#2534 = VECTOR ( 'NONE', #494, 1000.000000000000000 ) ;
#2535 = VERTEX_POINT ( 'NONE', #994 ) ;
#2536 = ORIENTED_EDGE ( 'NONE', *, *, #4593, .F. ) ;
#2537 = AXIS2_PLACEMENT_3D ( 'NONE', #2862, #1374, #2115 ) ;
#2538 = CARTESIAN_POINT ( 'NONE',  ( 8.224758211226104621, 22.68429699879670736, 50.00000000000000000 ) ) ;
#2539 = LINE ( 'NONE', #1125, #4369 ) ;
#2540 = DIRECTION ( 'NONE',  ( 0.002310030612740221218, -0.9999973318757247043, 3.193368767321957486E-09 ) ) ;
#2541 = VECTOR ( 'NONE', #4870, 1000.000000000000114 ) ;
#2542 = ADVANCED_FACE ( 'NONE', ( #2504 ), #1331, .T. ) ;
#2543 = VECTOR ( 'NONE', #3329, 1000.000000000000114 ) ;
#2544 = ORIENTED_EDGE ( 'NONE', *, *, #1904, .T. ) ;
#2545 = VERTEX_POINT ( 'NONE', #3626 ) ;
#2546 = EDGE_CURVE ( 'NONE', #4311, #266, #1751, .T. ) ;
#2547 = AXIS2_PLACEMENT_3D ( 'NONE', #1584, #1215, #1613 ) ;
#2548 = UNCERTAINTY_MEASURE_WITH_UNIT (LENGTH_MEASURE( 1.000000000000000082E-05 ), #2112, 'distance_accuracy_value', 'NONE');
#2549 = AXIS2_PLACEMENT_3D ( 'NONE', #1452, #2935, #3718 ) ;
#2550 = DIRECTION ( 'NONE',  ( -1.139176251086766031E-16, -2.631539034595277992E-19, -1.000000000000000000 ) ) ;
#2551 = LINE ( 'NONE', #2967, #4500 ) ;
#2552 = CARTESIAN_POINT ( 'NONE',  ( -23.50013697074459529, 88.16870119789861349, 47.41959071568933126 ) ) ;
#2553 = ADVANCED_FACE ( 'NONE', ( #574 ), #3906, .F. ) ;
#2554 = VERTEX_POINT ( 'NONE', #523 ) ;
#2555 = VECTOR ( 'NONE', #3442, 1000.000000000000000 ) ;
#2556 = AXIS2_PLACEMENT_3D ( 'NONE', #902, #4541, #1182 ) ;
#2557 = ORIENTED_EDGE ( 'NONE', *, *, #2524, .F. ) ;
#2558 = LINE ( 'NONE', #2199, #639 ) ;
#2559 = CARTESIAN_POINT ( 'NONE',  ( 8.224758211226104621, 23.68429699879670736, 1.000000000000000888 ) ) ;
#2560 = VECTOR ( 'NONE', #96, 1000.000000000000227 ) ;
#2561 = DIRECTION ( 'NONE',  ( -0.9999973318757245933, -0.002310030612744559328, 0.000000000000000000 ) ) ;
#2562 = EDGE_CURVE ( 'NONE', #182, #2047, #152, .T. ) ;
#2563 = EDGE_LOOP ( 'NONE', ( #2660, #831, #1971, #2034 ) ) ;
#2564 = VECTOR ( 'NONE', #1308, 1000.000000000000000 ) ;
#2565 = DIRECTION ( 'NONE',  ( 8.145007187700838718E-17, -1.000000000000000000, 0.000000000000000000 ) ) ;
#2566 = ORIENTED_EDGE ( 'NONE', *, *, #2893, .T. ) ;
#2567 = ORIENTED_EDGE ( 'NONE', *, *, #3569, .T. ) ;
#2568 = FACE_OUTER_BOUND ( 'NONE', #338, .T. ) ;
#2569 = LINE ( 'NONE', #1416, #348 ) ;
#2570 = CARTESIAN_POINT ( 'NONE',  ( -0.9030729793424699947, -7.238099072469572626, 34.47824939404221567 ) ) ;
#2571 = ORIENTED_EDGE ( 'NONE', *, *, #2431, .T. ) ;
#2572 = VERTEX_POINT ( 'NONE', #4851 ) ;
#2573 = EDGE_CURVE ( 'NONE', #1865, #2103, #3330, .T. ) ;
#2574 = CARTESIAN_POINT ( 'NONE',  ( -23.22936880842937768, -29.05448710276159474, 63.12688919785154695 ) ) ;
#2575 = LINE ( 'NONE', #1458, #1450 ) ;
#2576 = DIRECTION ( 'NONE',  ( 0.000000000000000000, 0.000000000000000000, 1.000000000000000000 ) ) ;
#2577 = PLANE ( 'NONE',  #1192 ) ;
#2578 = VERTEX_POINT ( 'NONE', #3007 ) ;
#2579 = ORIENTED_EDGE ( 'NONE', *, *, #3874, .F. ) ;
#2580 = CARTESIAN_POINT ( 'NONE',  ( 5.968915861732339678, 23.68429699879670736, 5.453164828284465138 ) ) ;
#2581 = EDGE_CURVE ( 'NONE', #2752, #918, #4412, .T. ) ;
#2582 = DIRECTION ( 'NONE',  ( 0.000000000000000000, 1.000000000000000000, -0.000000000000000000 ) ) ;
#2583 = EDGE_CURVE ( 'NONE', #1095, #4132, #4798, .T. ) ;
#2584 = CARTESIAN_POINT ( 'NONE',  ( -28.21558896376547665, 51.56941861240046876, 43.68895153481192040 ) ) ;
#2585 = DIRECTION ( 'NONE',  ( 0.000000000000000000, 0.000000000000000000, 1.000000000000000000 ) ) ;
#2586 = ORIENTED_EDGE ( 'NONE', *, *, #1321, .F. ) ;
#2587 = LINE ( 'NONE', #2131, #103 ) ;
#2588 = VERTEX_POINT ( 'NONE', #2246 ) ;
#2589 = EDGE_LOOP ( 'NONE', ( #2114, #2305, #3027, #2091, #3540, #3595, #2646, #1093 ) ) ;
#2590 = EDGE_CURVE ( 'NONE', #172, #979, #1852, .T. ) ;
#2591 = DIRECTION ( 'NONE',  ( 0.9999973318747691353, 0.002310030612742428654, 1.382390865290281044E-06 ) ) ;
#2592 = DIRECTION ( 'NONE',  ( -3.036891891438750498E-19, 1.314650884662486712E-16, -1.000000000000000000 ) ) ;
#2593 = DIRECTION ( 'NONE',  ( -0.000000000000000000, -0.000000000000000000, -1.000000000000000000 ) ) ;
#2594 = EDGE_LOOP ( 'NONE', ( #4738, #3901, #3534, #129 ) ) ;
#2595 = VERTEX_POINT ( 'NONE', #1040 ) ;
#2596 = LINE ( 'NONE', #4084, #2380 ) ;
#2597 = CARTESIAN_POINT ( 'NONE',  ( 5.760054757133657333, 114.0989201553093153, 34.89246295641534346 ) ) ;
#2598 = CARTESIAN_POINT ( 'NONE',  ( 5.565294529501796816, 19.09851056116980317, 69.82671117685787010 ) ) ;
#2599 = DIRECTION ( 'NONE',  ( -1.000000000000000000, 0.000000000000000000, 1.139176251086766031E-16 ) ) ;
#2600 = LINE ( 'NONE', #1801, #3239 ) ;
#2601 = PLANE ( 'NONE',  #3563 ) ;
#2602 = LINE ( 'NONE', #1091, #2462 ) ;
#2603 = ORIENTED_EDGE ( 'NONE', *, *, #3683, .F. ) ;
#2604 = ORIENTED_EDGE ( 'NONE', *, *, #636, .T. ) ;
#2605 = ORIENTED_EDGE ( 'NONE', *, *, #1757, .F. ) ;
#2606 = ORIENTED_EDGE ( 'NONE', *, *, #4005, .F. ) ;
#2607 = CARTESIAN_POINT ( 'NONE',  ( -18.04013633755464596, 88.18131400015941779, 38.40709656862402710 ) ) ;
#2608 = CARTESIAN_POINT ( 'NONE',  ( -28.31323125302392540, 88.14187169787817311, 69.82671117685787010 ) ) ;
#2609 = FACE_OUTER_BOUND ( 'NONE', #1235, .T. ) ;
#2610 = ORIENTED_EDGE ( 'NONE', *, *, #971, .T. ) ;
#2611 =( BOUNDED_CURVE ( )  B_SPLINE_CURVE ( 3, ( #4583, #4218, #4139, #4514, #1603, #1681, #3671 ),
 .UNSPECIFIED., .F., .F. ) 
 B_SPLINE_CURVE_WITH_KNOTS ( ( 4, 3, 4 ),
 ( 3.141592651721191398, 4.712388980377257397, 6.283185309033323840 ),
 .UNSPECIFIED. ) 
 CURVE ( )  GEOMETRIC_REPRESENTATION_ITEM ( )  RATIONAL_B_SPLINE_CURVE ( ( 1.000000000000000000, 0.8047378536856832909, 0.8047378536856832909, 1.000000000000000000, 0.8047378536856829578, 0.8047378536856829578, 1.000000000000000000 ) ) 
 REPRESENTATION_ITEM ( '' )  );
#2612 = EDGE_CURVE ( 'NONE', #2342, #2994, #1502, .T. ) ;
#2613 = VERTEX_POINT ( 'NONE', #4509 ) ;
#2614 = CIRCLE ( 'NONE', #3078, 1.050000000000002265 ) ;
#2615 = CARTESIAN_POINT ( 'NONE',  ( -7.374235094193059226, 2.386298900080692231, 43.35000000000000853 ) ) ;
#2616 = DIRECTION ( 'NONE',  ( 0.000000000000000000, 1.000000000000000000, -0.000000000000000000 ) ) ;
#2617 = CARTESIAN_POINT ( 'NONE',  ( -0.3752417887738960234, 9.386298900080694452, 0.000000000000000000 ) ) ;
#2618 = AXIS2_PLACEMENT_3D ( 'NONE', #3533, #2124, #2896 ) ;
#2619 = LINE ( 'NONE', #650, #3796 ) ;
#2620 = CIRCLE ( 'NONE', #4420, 1.550000000000000266 ) ;
#2621 = ADVANCED_FACE ( 'NONE', ( #3305 ), #3750, .F. ) ;
#2622 = AXIS2_PLACEMENT_3D ( 'NONE', #3504, #2322, #1203 ) ;
#2623 = AXIS2_PLACEMENT_3D ( 'NONE', #1208, #2699, #1948 ) ;
#2624 = DIRECTION ( 'NONE',  ( 1.382387176898451400E-06, 3.193365738665990681E-09, -0.9999999999990444310 ) ) ;
#2625 = LINE ( 'NONE', #1756, #17 ) ;
#2626 = CARTESIAN_POINT ( 'NONE',  ( -9.185869596940429815, 18.68429699879670380, 14.43944485710245473 ) ) ;
#2627 = PLANE ( 'NONE',  #2217 ) ;
#2628 = CIRCLE ( 'NONE', #4661, 1.050000000000001155 ) ;
#2629 = CIRCLE ( 'NONE', #3253, 1.000000000000000000 ) ;
#2630 = VERTEX_POINT ( 'NONE', #2946 ) ;
#2631 = ORIENTED_EDGE ( 'NONE', *, *, #3685, .F. ) ;
#2632 = ADVANCED_FACE ( 'NONE', ( #4018 ), #2577, .T. ) ;
#2633 = AXIS2_PLACEMENT_3D ( 'NONE', #2745, #3870, #3920 ) ;
#2634 = AXIS2_PLACEMENT_3D ( 'NONE', #854, #1589, #4597 ) ;
#2635 = VERTEX_POINT ( 'NONE', #3679 ) ;
#2636 = ORIENTED_EDGE ( 'NONE', *, *, #1238, .F. ) ;
#2637 = FACE_OUTER_BOUND ( 'NONE', #431, .T. ) ;
#2638 = DIRECTION ( 'NONE',  ( -0.9999973318757245933, -0.002310030612744636957, -1.030372520247171181E-32 ) ) ;
#2639 = CARTESIAN_POINT ( 'NONE',  ( -4.454677922409784330, 94.48948505208174709, 40.96666720032042974 ) ) ;
#2640 = AXIS2_PLACEMENT_3D ( 'NONE', #4602, #514, #1963 ) ;
#2641 = EDGE_CURVE ( 'NONE', #3373, #893, #2619, .T. ) ;
#2642 = CARTESIAN_POINT ( 'NONE',  ( 6.625764905806940774, 2.386298900080696672, 50.00000000000000000 ) ) ;
#2643 = CARTESIAN_POINT ( 'NONE',  ( 5.971225898508548902, 22.68429699879670736, 50.00000000000000000 ) ) ;
#2644 = EDGE_CURVE ( 'NONE', #2386, #240, #293, .T. ) ;
#2645 = ORIENTED_EDGE ( 'NONE', *, *, #1184, .T. ) ;
#2646 = ORIENTED_EDGE ( 'NONE', *, *, #1794, .T. ) ;
#2647 = AXIS2_PLACEMENT_3D ( 'NONE', #4208, #2341, #4570 ) ;
#2648 = CARTESIAN_POINT ( 'NONE',  ( -19.46471098539030464, 75.51066902416856408, 47.34166692749962380 ) ) ;
#2649 = EDGE_CURVE ( 'NONE', #510, #3340, #3489, .T. ) ;
#2650 = DIRECTION ( 'NONE',  ( -1.000000000000000000, 0.000000000000000000, 0.000000000000000000 ) ) ;
#2651 = DIRECTION ( 'NONE',  ( -0.000000000000000000, -0.000000000000000000, -1.000000000000000000 ) ) ;
#2652 = CARTESIAN_POINT ( 'NONE',  ( -8.924235094193059936, 2.386298900080692231, 43.35000000000000853 ) ) ;
#2653 =( BOUNDED_CURVE ( )  B_SPLINE_CURVE ( 3, ( #225, #944, #2100, #970 ),
 .UNSPECIFIED., .F., .T. ) 
 B_SPLINE_CURVE_WITH_KNOTS ( ( 4, 4 ),
 ( 1.399691973305099519E-15, 0.3045901953462062384 ),
 .UNSPECIFIED. ) 
 CURVE ( )  GEOMETRIC_REPRESENTATION_ITEM ( )  RATIONAL_B_SPLINE_CURVE ( ( 1.000000000000000000, 0.9922836659770224443, 0.9922836659770224443, 1.000000000000000000 ) ) 
 REPRESENTATION_ITEM ( '' )  );
#2654 = VERTEX_POINT ( 'NONE', #4829 ) ;
#2655 = CARTESIAN_POINT ( 'NONE',  ( 5.819834350421339231, 88.22072033470691110, 36.47824939404222278 ) ) ;
#2656 = DIRECTION ( 'NONE',  ( -0.9999973318757229279, -0.002310030612744632186, 5.902893091651522822E-08 ) ) ;
#2657 = CARTESIAN_POINT ( 'NONE',  ( -28.21559163188976171, 51.57172864301321624, 43.68664150419916581 ) ) ;
#2658 = EDGE_LOOP ( 'NONE', ( #1488, #2605, #4669, #1440 ) ) ;
#2659 = ORIENTED_EDGE ( 'NONE', *, *, #109, .T. ) ;
#2660 = ORIENTED_EDGE ( 'NONE', *, *, #2182, .F. ) ;
#2661 = EDGE_LOOP ( 'NONE', ( #4503, #785, #851, #1413 ) ) ;
#2662 = DIRECTION ( 'NONE',  ( 0.9999810990855800830, 0.000000000000000000, 0.006148290135890873039 ) ) ;
#2663 = CARTESIAN_POINT ( 'NONE',  ( 1.180453238582694908, 18.68429699879670736, 36.47824939404222278 ) ) ;
#2664 = LINE ( 'NONE', #457, #1063 ) ;
#2665 = ORIENTED_EDGE ( 'NONE', *, *, #1608, .F. ) ;
#2666 = ORIENTED_EDGE ( 'NONE', *, *, #1812, .F. ) ;
#2667 = CARTESIAN_POINT ( 'NONE',  ( -27.14193049209273667, 19.68429699879670380, 69.82671117685787010 ) ) ;
#2668 = EDGE_CURVE ( 'NONE', #2276, #3340, #1824, .T. ) ;
#2669 = FACE_BOUND ( 'NONE', #2365, .T. ) ;
#2670 = FACE_OUTER_BOUND ( 'NONE', #386, .T. ) ;
#2671 = DIRECTION ( 'NONE',  ( -0.002310030612744635222, 0.9999973318757245933, 1.314654392323781166E-16 ) ) ;
#2672 = ORIENTED_EDGE ( 'NONE', *, *, #1225, .T. ) ;
#2673 = PRODUCT_DEFINITION ( 'ๆ', '', #910, #466 ) ;
#2674 = FACE_OUTER_BOUND ( 'NONE', #4599, .T. ) ;
#2675 = CARTESIAN_POINT ( 'NONE',  ( -28.13962312344791528, 18.68429699879671091, 69.41249761448480626 ) ) ;
#2676 = CARTESIAN_POINT ( 'NONE',  ( -9.975241788773889340, 18.68429699879670380, 15.45442010133366395 ) ) ;
#2677 = FACE_OUTER_BOUND ( 'NONE', #3102, .T. ) ;
#2678 = ADVANCED_FACE ( 'NONE', ( #1460 ), #1067, .T. ) ;
#2679 = EDGE_LOOP ( 'NONE', ( #3345, #3986 ) ) ;
#2680 = ORIENTED_EDGE ( 'NONE', *, *, #1292, .T. ) ;
#2681 = ORIENTED_EDGE ( 'NONE', *, *, #1286, .F. ) ;
#2682 = LINE ( 'NONE', #3519, #889 ) ;
#2683 = ADVANCED_FACE ( 'NONE', ( #2195 ), #2968, .F. ) ;
#2684 = CARTESIAN_POINT ( 'NONE',  ( -0.2621873735507225800, 113.4992205539300727, 68.82671117685788431 ) ) ;
#2685 = LINE ( 'NONE', #760, #4665 ) ;
#2686 = CARTESIAN_POINT ( 'NONE',  ( 4.761410609861366439, 113.5108252500206447, 68.82671117685788431 ) ) ;
#2687 = VERTEX_POINT ( 'NONE', #1870 ) ;
#2688 = EDGE_LOOP ( 'NONE', ( #1217, #273, #2336, #1102 ) ) ;
#2689 = EDGE_CURVE ( 'NONE', #284, #2858, #3167, .T. ) ;
#2690 = CYLINDRICAL_SURFACE ( 'NONE', #2956, 1.049999999825789398 ) ;
#2691 = LINE ( 'NONE', #3377, #4662 ) ;
#2692 = ADVANCED_FACE ( 'NONE', ( #3378 ), #2723, .T. ) ;
#2693 = CARTESIAN_POINT ( 'NONE',  ( 9.367649908151285842, 52.65623994449506995, 42.68895153481192040 ) ) ;
#2694 = VECTOR ( 'NONE', #771, 1000.000000000000000 ) ;
#2695 = VERTEX_POINT ( 'NONE', #3846 ) ;
#2696 = LINE ( 'NONE', #388, #1260 ) ;
#2697 = VECTOR ( 'NONE', #2494, 1000.000000000000227 ) ;
#2698 = LINE ( 'NONE', #2771, #3415 ) ;
#2699 = DIRECTION ( 'NONE',  ( -0.002310030612744636089, 0.9999973318757248153, 1.314654392325801390E-16 ) ) ;
#2700 = LINE ( 'NONE', #448, #3174 ) ;
#2701 = EDGE_CURVE ( 'NONE', #37, #2163, #2140, .T. ) ;
#2702 = VECTOR ( 'NONE', #243, 1000.000000000000000 ) ;
#2703 = AXIS2_PLACEMENT_3D ( 'NONE', #1776, #2194, #1821 ) ;
#2704 = ORIENTED_EDGE ( 'NONE', *, *, #2903, .T. ) ;
#2705 = VECTOR ( 'NONE', #187, 1000.000000000000000 ) ;
#2706 = AXIS2_PLACEMENT_3D ( 'NONE', #4405, #2139, #1771 ) ;
#2707 = ORIENTED_EDGE ( 'NONE', *, *, #2269, .T. ) ;
#2708 = VERTEX_POINT ( 'NONE', #1571 ) ;
#2709 = VECTOR ( 'NONE', #206, 1000.000000000000000 ) ;
#2710 = CIRCLE ( 'NONE', #3556, 1.549999999999999822 ) ;
#2711 = DIRECTION ( 'NONE',  ( 0.002310030612744637390, -0.9999973318757248153, -0.000000000000000000 ) ) ;
#2712 = ORIENTED_EDGE ( 'NONE', *, *, #3036, .T. ) ;
#2713 = DIRECTION ( 'NONE',  ( 1.000000000000000000, 0.000000000000000000, 0.000000000000000000 ) ) ;
#2714 = CARTESIAN_POINT ( 'NONE',  ( -19.46471098539030820, 52.43871641364241043, 47.41953824246409255 ) ) ;
#2715 = CIRCLE ( 'NONE', #3890, 1.550000000000000266 ) ;
#2716 = ORIENTED_EDGE ( 'NONE', *, *, #2641, .T. ) ;
#2717 = VERTEX_POINT ( 'NONE', #3869 ) ;
#2718 = AXIS2_PLACEMENT_3D ( 'NONE', #3994, #2819, #3974 ) ;
#2719 = DIRECTION ( 'NONE',  ( 2.631707271538399232E-10, 6.078025923572550182E-13, 1.000000000000000000 ) ) ;
#2720 = DIRECTION ( 'NONE',  ( 0.000000000000000000, 0.000000000000000000, 1.000000000000000000 ) ) ;
#2721 = CARTESIAN_POINT ( 'NONE',  ( -20.50468478461596078, 93.88465243591718945, 47.34166692366372331 ) ) ;
#2722 =( BOUNDED_CURVE ( )  B_SPLINE_CURVE ( 3, ( #3495, #477, #3390, #833 ),
 .UNSPECIFIED., .F., .F. ) 
 B_SPLINE_CURVE_WITH_KNOTS ( ( 4, 4 ),
 ( 6.283185306753662935, 7.853981633548551500 ),
 .UNSPECIFIED. ) 
 CURVE ( )  GEOMETRIC_REPRESENTATION_ITEM ( )  RATIONAL_B_SPLINE_CURVE ( ( 1.000000000000000000, 0.8047378541243668248, 0.8047378541243668248, 1.000000000000000000 ) ) 
 REPRESENTATION_ITEM ( '' )  );
#2723 = CYLINDRICAL_SURFACE ( 'NONE', #1586, 1.000000000000000000 ) ;
#2724 = ADVANCED_FACE ( 'NONE', ( #463 ), #1965, .T. ) ;
#2725 = ORIENTED_EDGE ( 'NONE', *, *, #3874, .T. ) ;
#2726 = LINE ( 'NONE', #4607, #2534 ) ;
#2727 = DIRECTION ( 'NONE',  ( 1.000000000000000000, 0.000000000000000000, 0.000000000000000000 ) ) ;
#2728 = CARTESIAN_POINT ( 'NONE',  ( -27.04835685023747871, 19.68429699879670380, 35.77815165310198608 ) ) ;
#2729 = CARTESIAN_POINT ( 'NONE',  ( -20.49933338980915565, 94.48948504650736879, 55.71975232697948144 ) ) ;
#2730 = ADVANCED_BREP_SHAPE_REPRESENTATION ( 'gello_teleop_flexiv_l4', ( #3485, #3505 ), #673 ) ;
#2731 = ORIENTED_EDGE ( 'NONE', *, *, #1997, .F. ) ;
#2732 = DIRECTION ( 'NONE',  ( 0.002310030612740220785, -0.9999973318757245933, 3.193368767321957072E-09 ) ) ;
#2733 = CARTESIAN_POINT ( 'NONE',  ( -27.21790166250250209, 52.57172597488894183, 42.68895153481192040 ) ) ;
#2734 = ORIENTED_EDGE ( 'NONE', *, *, #1503, .T. ) ;
#2735 = FACE_OUTER_BOUND ( 'NONE', #3463, .T. ) ;
#2736 = VERTEX_POINT ( 'NONE', #3034 ) ;
#2737 = DIRECTION ( 'NONE',  ( -0.002310030612744637390, 0.9999973318757248153, 0.000000000000000000 ) ) ;
#2738 = CARTESIAN_POINT ( 'NONE',  ( 1.180296779576428534, 18.75202709204821616, 63.01053066435613204 ) ) ;
#2739 = VERTEX_POINT ( 'NONE', #2652 ) ;
#2740 = ORIENTED_EDGE ( 'NONE', *, *, #4841, .F. ) ;
#2741 = CARTESIAN_POINT ( 'NONE',  ( 1.790600740333201601, -28.99784507135240474, 36.47824939404222278 ) ) ;
#2742 = DIRECTION ( 'NONE',  ( 0.9999973318757245933, 0.002310030612744636957, 0.000000000000000000 ) ) ;
#2743 = CARTESIAN_POINT ( 'NONE',  ( 5.806857916037380996, 93.83813496533007026, 68.82671117685788431 ) ) ;
#2744 = DIRECTION ( 'NONE',  ( -0.9999973318757247043, -0.002310030612743402267, 0.000000000000000000 ) ) ;
#2745 = CARTESIAN_POINT ( 'NONE',  ( 5.806857916037371226, 52.01245501325698228, 57.82671117685787721 ) ) ;
#2746 = ORIENTED_EDGE ( 'NONE', *, *, #2026, .T. ) ;
#2747 = ORIENTED_EDGE ( 'NONE', *, *, #3812, .F. ) ;
#2748 = CARTESIAN_POINT ( 'NONE',  ( -1.983849072060328345, 93.88465243608212063, 28.77538651046046425 ) ) ;
#2749 = LINE ( 'NONE', #3829, #4748 ) ;
#2750 = DIRECTION ( 'NONE',  ( 0.000000000000000000, 0.000000000000000000, -1.000000000000000000 ) ) ;
#2751 = LINE ( 'NONE', #28, #816 ) ;
#2752 = VERTEX_POINT ( 'NONE', #443 ) ;
#2753 = CARTESIAN_POINT ( 'NONE',  ( -27.04835685023606118, 22.68429699879670736, 35.77815165310016710 ) ) ;
#2754 = EDGE_CURVE ( 'NONE', #4067, #4060, #4215, .T. ) ;
#2755 = VERTEX_POINT ( 'NONE', #3130 ) ;
#2756 = DIRECTION ( 'NONE',  ( 0.6450555027400279862, 0.001490101934025361797, -0.7641342669852176916 ) ) ;
#2757 = DIRECTION ( 'NONE',  ( -0.002310030612744635222, 0.9999973318757245933, 0.000000000000000000 ) ) ;
#2758 = DIRECTION ( 'NONE',  ( 0.9999973318757248153, 0.002310030612746874316, 0.000000000000000000 ) ) ;
#2759 = EDGE_CURVE ( 'NONE', #529, #754, #66, .T. ) ;
#2760 = ORIENTED_EDGE ( 'NONE', *, *, #1543, .F. ) ;
#2761 = ORIENTED_EDGE ( 'NONE', *, *, #3343, .F. ) ;
#2762 = DIRECTION ( 'NONE',  ( 8.145007187700838718E-17, -1.000000000000000000, 0.000000000000000000 ) ) ;
#2763 = DIRECTION ( 'NONE',  ( -0.000000000000000000, -0.000000000000000000, -1.000000000000000000 ) ) ;
#2764 = PLANE ( 'NONE',  #1906 ) ;
#2765 = CARTESIAN_POINT ( 'NONE',  ( 4.806857916037372114, 93.83813496533004184, 69.82671117685788431 ) ) ;
#2766 = EDGE_CURVE ( 'NONE', #2630, #3383, #3472, .T. ) ;
#2767 = CARTESIAN_POINT ( 'NONE',  ( -21.60388400666553110, -14.09721545414432953, 47.34166700000141503 ) ) ;
#2768 = VERTEX_POINT ( 'NONE', #90 ) ;
#2769 = ORIENTED_EDGE ( 'NONE', *, *, #490, .T. ) ;
#2770 = DIRECTION ( 'NONE',  ( 0.000000000000000000, 0.000000000000000000, 1.000000000000000000 ) ) ;
#2771 = CARTESIAN_POINT ( 'NONE',  ( -20.50468478135841011, 93.88465243610092159, 59.71975232698125780 ) ) ;
#2772 = LINE ( 'NONE', #4368, #3087 ) ;
#2773 = CARTESIAN_POINT ( 'NONE',  ( -23.50008555260301080, 88.15299024145541296, 34.47824667424357159 ) ) ;
#2774 = EDGE_CURVE ( 'NONE', #2086, #4334, #3561, .T. ) ;
#2775 = ORIENTED_EDGE ( 'NONE', *, *, #4374, .F. ) ;
#2776 = VECTOR ( 'NONE', #3059, 1000.000000000000227 ) ;
#2777 = DIRECTION ( 'NONE',  ( 0.9999973318757245933, 0.002310030612734657093, 0.000000000000000000 ) ) ;
#2778 = CARTESIAN_POINT ( 'NONE',  ( -27.04835685023579117, 23.27008343642361154, 35.77815165309981182 ) ) ;
#2779 = VECTOR ( 'NONE', #4238, 1000.000000000000227 ) ;
#2780 = AXIS2_PLACEMENT_3D ( 'NONE', #2538, #4034, #3225 ) ;
#2781 = EDGE_CURVE ( 'NONE', #491, #1069, #3109, .T. ) ;
#2782 = VERTEX_POINT ( 'NONE', #4554 ) ;
#2783 = AXIS2_PLACEMENT_3D ( 'NONE', #852, #475, #3492 ) ;
#2784 = VECTOR ( 'NONE', #3878, 1000.000000000000000 ) ;
#2785 = LINE ( 'NONE', #2161, #4359 ) ;
#2786 = VECTOR ( 'NONE', #1622, 1000.000000000000000 ) ;
#2787 = VERTEX_POINT ( 'NONE', #120 ) ;
#2788 = ORIENTED_EDGE ( 'NONE', *, *, #1008, .T. ) ;
#2789 = EDGE_CURVE ( 'NONE', #4590, #219, #417, .T. ) ;
#2790 = DIRECTION ( 'NONE',  ( 0.000000000000000000, 1.000000000000000000, 0.000000000000000000 ) ) ;
#2791 = CIRCLE ( 'NONE', #419, 4.000000000000000888 ) ;
#2792 = DIRECTION ( 'NONE',  ( -0.7777309674824273156, 0.000000000000000000, 0.6285972814281394205 ) ) ;
#2793 = CARTESIAN_POINT ( 'NONE',  ( -43.98090109903472467, 114.3982313855470210, 43.57666388038523309 ) ) ;
#2794 = DIRECTION ( 'NONE',  ( 0.000000000000000000, 0.000000000000000000, 1.000000000000000000 ) ) ;
#2795 = ORIENTED_EDGE ( 'NONE', *, *, #4774, .T. ) ;
#2796 = EDGE_LOOP ( 'NONE', ( #2459, #894, #4172, #1558, #3907, #2143, #2610, #4348 ) ) ;
#2797 = VECTOR ( 'NONE', #787, 1000.000000000000000 ) ;
#2798 = CARTESIAN_POINT ( 'NONE',  ( -27.21681824921459025, 53.10272336027070850, 68.82671117685788431 ) ) ;
#2799 = LINE ( 'NONE', #446, #664 ) ;
#2800 = DIRECTION ( 'NONE',  ( 0.000000000000000000, 0.000000000000000000, 1.000000000000000000 ) ) ;
#2801 = VECTOR ( 'NONE', #1219, 1000.000000000000000 ) ;
#2802 = DIRECTION ( 'NONE',  ( -1.086293913608650825E-16, -1.000000000000000000, 1.448391884811534434E-16 ) ) ;
#2803 = EDGE_LOOP ( 'NONE', ( #4147, #1553, #3205, #3272 ) ) ;
#2804 = LINE ( 'NONE', #154, #251 ) ;
#2805 = CARTESIAN_POINT ( 'NONE',  ( -9.975241788773882234, 18.72625738769690074, 37.55290071327490153 ) ) ;
#2806 = ORIENTED_EDGE ( 'NONE', *, *, #1478, .T. ) ;
#2807 = DIRECTION ( 'NONE',  ( -0.7777280724628345965, -0.001796580449280204064, 0.6285982958948689303 ) ) ;
#2808 = ADVANCED_FACE ( 'NONE', ( #863 ), #4578, .T. ) ;
#2809 = ORIENTED_EDGE ( 'NONE', *, *, #1035, .F. ) ;
#2810 = VERTEX_POINT ( 'NONE', #769 ) ;
#2811 = FACE_OUTER_BOUND ( 'NONE', #2860, .T. ) ;
#2812 = DIRECTION ( 'NONE',  ( 0.002310030612744635656, -0.9999973318757245933, -1.314654392321269384E-16 ) ) ;
#2813 = DIRECTION ( 'NONE',  ( -0.000000000000000000, -0.000000000000000000, -1.000000000000000000 ) ) ;
#2814 = DIRECTION ( 'NONE',  ( -0.7893721918334600796, 0.000000000000000000, -0.6139149312079313914 ) ) ;
#2815 = DIRECTION ( 'NONE',  ( 1.000000000000000000, 1.629001437540167744E-16, -0.000000000000000000 ) ) ;
#2816 = ORIENTED_EDGE ( 'NONE', *, *, #330, .T. ) ;
#2817 = VERTEX_POINT ( 'NONE', #819 ) ;
#2818 = DIRECTION ( 'NONE',  ( -0.9999999999999982236, 0.000000000000000000, -5.929982582445649049E-08 ) ) ;
#2819 = DIRECTION ( 'NONE',  ( 0.002310030612744636089, -0.9999973318757248153, -1.314654392323781659E-16 ) ) ;
#2820 = DIRECTION ( 'NONE',  ( 1.000000000000000000, 0.000000000000000000, 0.000000000000000000 ) ) ;
#2821 = DIRECTION ( 'NONE',  ( 0.002310030612744637390, -0.9999973318757248153, 0.000000000000000000 ) ) ;
#2822 = EDGE_LOOP ( 'NONE', ( #4596, #2840, #546, #3508 ) ) ;
#2823 = DIRECTION ( 'NONE',  ( -0.002310030612744636523, 0.9999973318757247043, 2.685669595212177235E-19 ) ) ;
#2824 = ORIENTED_EDGE ( 'NONE', *, *, #2491, .T. ) ;
#2825 = DIRECTION ( 'NONE',  ( -0.000000000000000000, -0.000000000000000000, -1.000000000000000000 ) ) ;
#2826 = EDGE_CURVE ( 'NONE', #4564, #2866, #4604, .T. ) ;
#2827 = ADVANCED_FACE ( 'NONE', ( #1921 ), #1529, .F. ) ;
#2828 = ORIENTED_EDGE ( 'NONE', *, *, #212, .F. ) ;
#2829 = FACE_BOUND ( 'NONE', #3424, .T. ) ;
#2830 = DIRECTION ( 'NONE',  ( 0.9999973318757247043, 0.002310030612744635656, 1.344313982169366181E-09 ) ) ;
#2831 = DIRECTION ( 'NONE',  ( 0.000000000000000000, 0.000000000000000000, 1.000000000000000000 ) ) ;
#2832 =( BOUNDED_CURVE ( )  B_SPLINE_CURVE ( 3, ( #4517, #4856, #724, #4485 ),
 .UNSPECIFIED., .F., .F. ) 
 B_SPLINE_CURVE_WITH_KNOTS ( ( 4, 4 ),
 ( 1.853737984524647498E-09, 3.141592651721191398 ),
 .UNSPECIFIED. ) 
 CURVE ( )  GEOMETRIC_REPRESENTATION_ITEM ( )  RATIONAL_B_SPLINE_CURVE ( ( 1.000000000000000000, 0.3333333345741132936, 0.3333333345741132936, 1.000000000000000000 ) ) 
 REPRESENTATION_ITEM ( '' )  );
#2833 = ORIENTED_EDGE ( 'NONE', *, *, #627, .F. ) ;
#2834 = ORIENTED_EDGE ( 'NONE', *, *, #780, .F. ) ;
#2835 = EDGE_CURVE ( 'NONE', #4082, #4291, #385, .T. ) ;
#2836 = CARTESIAN_POINT ( 'NONE',  ( 9.224758211226102844, 23.68429699879670736, 50.00000000000000000 ) ) ;
#2837 = DIRECTION ( 'NONE',  ( 0.9999999868373526946, -0.0001622507146376712104, -2.631715107720877343E-10 ) ) ;
#2838 = CARTESIAN_POINT ( 'NONE',  ( -4.219668764776107750, -7.245760530705746660, 38.40709656862401289 ) ) ;
#2839 = CARTESIAN_POINT ( 'NONE',  ( -28.31323125302392540, 93.83813496533004184, 57.82671117685787721 ) ) ;
#2840 = ORIENTED_EDGE ( 'NONE', *, *, #1501, .T. ) ;
#2841 = ORIENTED_EDGE ( 'NONE', *, *, #4053, .T. ) ;
#2842 = CARTESIAN_POINT ( 'NONE',  ( -2.010713454183848725, 94.48948504650979885, 59.71975232211381268 ) ) ;
#2843 = CARTESIAN_POINT ( 'NONE',  ( 1.290600740333201601, -28.99784507135240474, 34.47824939404221567 ) ) ;
#2844 = LINE ( 'NONE', #2451, #4811 ) ;
#2845 = DIRECTION ( 'NONE',  ( -0.002310030612744635656, 0.9999973318757245933, 1.314654392323781413E-16 ) ) ;
#2846 = ORIENTED_EDGE ( 'NONE', *, *, #3374, .T. ) ;
#2847 = CARTESIAN_POINT ( 'NONE',  ( -9.975241788773889340, -7.213701099919300752, 6.649999999999995914 ) ) ;
#2848 = EDGE_CURVE ( 'NONE', #2572, #1977, #42, .T. ) ;
#2849 = ORIENTED_EDGE ( 'NONE', *, *, #4159, .F. ) ;
#2850 = ADVANCED_FACE ( 'NONE', ( #4158 ), #1552, .T. ) ;
#2851 = CARTESIAN_POINT ( 'NONE',  ( -4.375241788773891471, 2.386298900080693564, 6.649999999999996803 ) ) ;
#2852 = VECTOR ( 'NONE', #2243, 1000.000000000000114 ) ;
#2853 = VERTEX_POINT ( 'NONE', #195 ) ;
#2854 = CARTESIAN_POINT ( 'NONE',  ( 8.810544648853007033, 23.68429699879670380, 49.58578643762691485 ) ) ;
#2855 = DIRECTION ( 'NONE',  ( 0.000000000000000000, 0.000000000000000000, 1.000000000000000000 ) ) ;
#2856 = VECTOR ( 'NONE', #379, 1000.000000000000000 ) ;
#2857 = EDGE_LOOP ( 'NONE', ( #1645, #3658, #2981, #4222 ) ) ;
#2858 = VERTEX_POINT ( 'NONE', #2015 ) ;
#2859 = CIRCLE ( 'NONE', #1979, 0.9999999999999991118 ) ;
#2860 = EDGE_LOOP ( 'NONE', ( #214, #4571, #939, #3942 ) ) ;
#2861 = AXIS2_PLACEMENT_3D ( 'NONE', #127, #2750, #4515 ) ;
#2862 = CARTESIAN_POINT ( 'NONE',  ( -0.2134457276218507671, 92.39927685135228330, -2.629308784647566277E-17 ) ) ;
#2863 = CARTESIAN_POINT ( 'NONE',  ( 4.903265583583928056, 52.10272336027070850, 36.47824939404222278 ) ) ;
#2864 = DIRECTION ( 'NONE',  ( -0.9999973318757247043, -0.002310030612746871714, 0.000000000000000000 ) ) ;
#2865 = VECTOR ( 'NONE', #2507, 1000.000000000000000 ) ;
#2866 = VERTEX_POINT ( 'NONE', #516 ) ;
#2867 = ORIENTED_EDGE ( 'NONE', *, *, #3437, .F. ) ;
#2868 = CIRCLE ( 'NONE', #740, 1.550000000000000266 ) ;
#2869 = CARTESIAN_POINT ( 'NONE',  ( 5.904318132262349472, 51.64823685259317188, 43.68895153481192040 ) ) ;
#2870 = DIRECTION ( 'NONE',  ( -1.000000000000000000, 0.000000000000000000, 1.139176251086766031E-16 ) ) ;
#2871 = FACE_OUTER_BOUND ( 'NONE', #4333, .T. ) ;
#2872 = EDGE_CURVE ( 'NONE', #2017, #2578, #1351, .T. ) ;
#2873 = CYLINDRICAL_SURFACE ( 'NONE', #2383, 0.9999999999999991118 ) ;
#2874 = AXIS2_PLACEMENT_3D ( 'NONE', #2512, #634, #706 ) ;
#2875 = ORIENTED_EDGE ( 'NONE', *, *, #4512, .T. ) ;
#2876 = CARTESIAN_POINT ( 'NONE',  ( 9.224758211226102844, 18.68429699879670736, 43.35000000000000853 ) ) ;
#2877 = CYLINDRICAL_SURFACE ( 'NONE', #13, 1.049999999999994937 ) ;
#2878 = AXIS2_PLACEMENT_3D ( 'NONE', #4476, #2616, #4110 ) ;
#2879 = CARTESIAN_POINT ( 'NONE',  ( -9.975241788773889340, 18.68429699879670380, 43.35000000000000853 ) ) ;
#2880 = AXIS2_PLACEMENT_3D ( 'NONE', #783, #2758, #36 ) ;
#2881 = ORIENTED_EDGE ( 'NONE', *, *, #4317, .F. ) ;
#2882 = DIRECTION ( 'NONE',  ( 0.002310030612744636089, -0.9999973318757248153, 0.000000000000000000 ) ) ;
#2883 = ADVANCED_FACE ( 'NONE', ( #218 ), #2038, .T. ) ;
#2884 = CARTESIAN_POINT ( 'NONE',  ( -28.30007274560648511, 88.14190209451422220, 35.47824667424357870 ) ) ;
#2885 = ORIENTED_EDGE ( 'NONE', *, *, #3047, .T. ) ;
#2886 = ORIENTED_EDGE ( 'NONE', *, *, #4757, .F. ) ;
#2887 = CARTESIAN_POINT ( 'NONE',  ( 4.903265583583928056, 53.10272336027070850, 57.82671117685787721 ) ) ;
#2888 = DIRECTION ( 'NONE',  ( -0.6285966187164961916, -0.001452081306636155734, -0.7777301475435209888 ) ) ;
#2889 = DIRECTION ( 'NONE',  ( -0.002310030612744637390, 0.9999973318757248153, 0.000000000000000000 ) ) ;
#2890 = VERTEX_POINT ( 'NONE', #3152 ) ;
#2891 = ORIENTED_EDGE ( 'NONE', *, *, #2186, .T. ) ;
#2892 = FACE_OUTER_BOUND ( 'NONE', #157, .T. ) ;
#2893 = EDGE_CURVE ( 'NONE', #4168, #4822, #3939, .T. ) ;
#2894 = DIRECTION ( 'NONE',  ( -0.002310030612744635656, 0.9999973318757245933, -0.000000000000000000 ) ) ;
#2895 = CARTESIAN_POINT ( 'NONE',  ( 4.819837018545615415, 88.21841030409417783, 34.47824939404222988 ) ) ;
#2896 = DIRECTION ( 'NONE',  ( 0.000000000000000000, -1.000000000000000000, -1.387778780781444413E-14 ) ) ;
#2897 = ORIENTED_EDGE ( 'NONE', *, *, #3077, .T. ) ;
#2898 = EDGE_CURVE ( 'NONE', #2078, #3965, #3578, .T. ) ;
#2899 = CARTESIAN_POINT ( 'NONE',  ( 4.903265583583928056, 52.10272336027070850, 68.82671117685788431 ) ) ;
#2900 = EDGE_CURVE ( 'NONE', #979, #601, #3204, .T. ) ;
#2901 = DIRECTION ( 'NONE',  ( -5.421010862427522786E-17, -4.415417243907649177E-33, -1.000000000000000000 ) ) ;
#2902 = ORIENTED_EDGE ( 'NONE', *, *, #4095, .T. ) ;
#2903 = EDGE_CURVE ( 'NONE', #1005, #1724, #1643, .T. ) ;
#2904 = CARTESIAN_POINT ( 'NONE',  ( 5.819834350421339231, 88.22072033470691110, 35.47824939404223699 ) ) ;
#2905 = EDGE_CURVE ( 'NONE', #6, #1061, #4680, .T. ) ;
#2906 = ORIENTED_EDGE ( 'NONE', *, *, #2969, .F. ) ;
#2907 = ORIENTED_EDGE ( 'NONE', *, *, #2701, .F. ) ;
#2908 = DIRECTION ( 'NONE',  ( -0.002310030612744635656, 0.9999973318757245933, 1.314654392324791155E-16 ) ) ;
#2909 = EDGE_CURVE ( 'NONE', #4233, #2991, #4703, .T. ) ;
#2910 = DIRECTION ( 'NONE',  ( -0.000000000000000000, -0.000000000000000000, -1.000000000000000000 ) ) ;
#2911 = CARTESIAN_POINT ( 'NONE',  ( -24.50009285246563095, 88.15068018781624914, 43.68895153481192040 ) ) ;
#2912 = VERTEX_POINT ( 'NONE', #4624 ) ;
#2913 = VERTEX_POINT ( 'NONE', #2839 ) ;
#2914 = DIRECTION ( 'NONE',  ( 0.000000000000000000, -1.000000000000000000, 6.091471510701619439E-13 ) ) ;
#2915 = FACE_OUTER_BOUND ( 'NONE', #2803, .T. ) ;
#2916 = DIRECTION ( 'NONE',  ( 1.000000000000000000, 0.000000000000000000, 0.000000000000000000 ) ) ;
#2917 = CARTESIAN_POINT ( 'NONE',  ( -28.02931916269114510, -29.06557516460392421, 68.82671117685787010 ) ) ;
#2918 = EDGE_LOOP ( 'NONE', ( #2514, #3414, #4766, #4530, #1718, #4594, #1876, #2241, #4146, #3425 ) ) ;
#2919 = DIRECTION ( 'NONE',  ( -0.000000000000000000, 0.000000000000000000, 1.000000000000000000 ) ) ;
#2920 = DIRECTION ( 'NONE',  ( -1.000000000000000000, -8.145007187700838718E-17, 0.000000000000000000 ) ) ;
#2921 = CARTESIAN_POINT ( 'NONE',  ( -0.3752417887738960234, 9.386298900080694452, 50.00000000000000000 ) ) ;
#2922 = PLANE ( 'NONE',  #4731 ) ;
#2923 = ORIENTED_EDGE ( 'NONE', *, *, #3291, .F. ) ;
#2924 = VECTOR ( 'NONE', #4733, 1000.000000000000114 ) ;
#2925 = DIRECTION ( 'NONE',  ( 1.000000000000000000, 0.000000000000000000, -2.631714290934894507E-10 ) ) ;
#2926 = ADVANCED_FACE ( 'NONE', ( #4331 ), #962, .T. ) ;
#2927 = AXIS2_PLACEMENT_3D ( 'NONE', #542, #2770, #2373 ) ;
#2928 = ORIENTED_EDGE ( 'NONE', *, *, #2497, .T. ) ;
#2929 = ORIENTED_EDGE ( 'NONE', *, *, #1372, .F. ) ;
#2930 = CIRCLE ( 'NONE', #1580, 1.550000000000000488 ) ;
#2931 = AXIS2_PLACEMENT_3D ( 'NONE', #2933, #403, #3690 ) ;
#2932 = CARTESIAN_POINT ( 'NONE',  ( -20.44013462869908793, 88.17576991584402890, 38.31666702004446989 ) ) ;
#2933 = CARTESIAN_POINT ( 'NONE',  ( -9.975241788773892893, 2.386298900080692675, 50.00000000000000000 ) ) ;
#2934 = CARTESIAN_POINT ( 'NONE',  ( -19.35433150386640477, 18.70459134552766045, 37.40571502061349207 ) ) ;
#2935 = DIRECTION ( 'NONE',  ( -1.000000000000000000, 0.000000000000000000, 0.000000000000000000 ) ) ;
#2936 = AXIS2_PLACEMENT_3D ( 'NONE', #3056, #890, #3897 ) ;
#2937 = VECTOR ( 'NONE', #4063, 1000.000000000000000 ) ;
#2938 = ORIENTED_EDGE ( 'NONE', *, *, #285, .T. ) ;
#2939 = ADVANCED_FACE ( 'NONE', ( #2425 ), #4259, .F. ) ;
#2940 = ORIENTED_EDGE ( 'NONE', *, *, #1942, .T. ) ;
#2941 = EDGE_CURVE ( 'NONE', #92, #2913, #1672, .T. ) ;
#2942 = VECTOR ( 'NONE', #537, 1000.000000000000000 ) ;
#2943 = VECTOR ( 'NONE', #3252, 1000.000000000000000 ) ;
#2944 = CARTESIAN_POINT ( 'NONE',  ( 6.018080904104525786, 2.401067710623419948, 50.00000000000000000 ) ) ;
#2945 = CARTESIAN_POINT ( 'NONE',  ( 1.177170966324088353, 18.68429699879670380, 49.79889336120990606 ) ) ;
#2946 = CARTESIAN_POINT ( 'NONE',  ( -20.49933338875647237, 93.88465243610092159, 59.71975232697984382 ) ) ;
#2947 = AXIS2_PLACEMENT_3D ( 'NONE', #657, #1435, #2155 ) ;
#2948 = AXIS2_PLACEMENT_3D ( 'NONE', #2203, #2224, #1830 ) ;
#2949 = ORIENTED_EDGE ( 'NONE', *, *, #3685, .T. ) ;
#2950 = LINE ( 'NONE', #3237, #4094 ) ;
#2951 = CARTESIAN_POINT ( 'NONE',  ( -7.374235094193059226, 2.386298900080692231, 6.649999999999995914 ) ) ;
#2952 = LINE ( 'NONE', #702, #4574 ) ;
#2953 = AXIS2_PLACEMENT_3D ( 'NONE', #1967, #241, #3280 ) ;
#2954 = DIRECTION ( 'NONE',  ( -0.000000000000000000, 0.000000000000000000, 1.000000000000000000 ) ) ;
#2955 = ORIENTED_EDGE ( 'NONE', *, *, #2530, .F. ) ;
#2956 = AXIS2_PLACEMENT_3D ( 'NONE', #3074, #4183, #2319 ) ;
#2957 = CARTESIAN_POINT ( 'NONE',  ( -17.80389015479350689, -14.08843732859713072, 38.90478621817606353 ) ) ;
#2958 = ORIENTED_EDGE ( 'NONE', *, *, #4045, .T. ) ;
#2959 = ORIENTED_EDGE ( 'NONE', *, *, #3069, .F. ) ;
#2960 = CARTESIAN_POINT ( 'NONE',  ( 69.61879287838389985, 18.91012253494495354, 35.77815137691118963 ) ) ;
#2961 = CARTESIAN_POINT ( 'NONE',  ( 1.177188950984610960, -19.94109839882208490, 63.01053066435613204 ) ) ;
#2962 = ORIENTED_EDGE ( 'NONE', *, *, #2491, .F. ) ;
#2963 =( BOUNDED_CURVE ( )  B_SPLINE_CURVE ( 3, ( #2643, #133, #1655, #2999 ),
 .UNSPECIFIED., .F., .F. ) 
 B_SPLINE_CURVE_WITH_KNOTS ( ( 4, 4 ),
 ( 1.570796326794900111, 3.141592653589793116 ),
 .UNSPECIFIED. ) 
 CURVE ( )  GEOMETRIC_REPRESENTATION_ITEM ( )  RATIONAL_B_SPLINE_CURVE ( ( 1.000000000000000000, 0.8047378541243658256, 0.8047378541243658256, 1.000000000000000000 ) ) 
 REPRESENTATION_ITEM ( '' )  );
#2964 = ORIENTED_EDGE ( 'NONE', *, *, #2900, .F. ) ;
#2965 = CARTESIAN_POINT ( 'NONE',  ( -25.78152732349470000, 18.68429699879670380, 35.77815165276920339 ) ) ;
#2966 = CARTESIAN_POINT ( 'NONE',  ( -2.375241788773895468, 23.68429699879670736, 4.508052516224642758 ) ) ;
#2967 = CARTESIAN_POINT ( 'NONE',  ( -1.761650254032160134, -14.05137916445359281, 59.71975232211424611 ) ) ;
#2968 = CYLINDRICAL_SURFACE ( 'NONE', #3244, 1.550000000000000488 ) ;
#2969 = EDGE_CURVE ( 'NONE', #1646, #4561, #4310, .T. ) ;
#2970 = CARTESIAN_POINT ( 'NONE',  ( -2.053165806586036535, 93.83813496533004184, 62.76666700209813854 ) ) ;
#2971 = DIRECTION ( 'NONE',  ( -0.000000000000000000, -0.000000000000000000, 1.000000000000000000 ) ) ;
#2972 = ORIENTED_EDGE ( 'NONE', *, *, #2789, .F. ) ;
#2973 = VERTEX_POINT ( 'NONE', #3545 ) ;
#2974 = ORIENTED_EDGE ( 'NONE', *, *, #4398, .F. ) ;
#2975 = ORIENTED_EDGE ( 'NONE', *, *, #1816, .T. ) ;
#2976 = DIRECTION ( 'NONE',  ( -1.091152692702142892E-32, 1.339658354568195596E-16, -1.000000000000000000 ) ) ;
#2977 = DIRECTION ( 'NONE',  ( -1.000000000000000000, 0.000000000000000000, 0.000000000000000000 ) ) ;
#2978 = CARTESIAN_POINT ( 'NONE',  ( 1.290600740333201601, -28.99784507135240474, 36.47824939404222278 ) ) ;
#2979 = EDGE_CURVE ( 'NONE', #3733, #1055, #167, .T. ) ;
#2980 = ORIENTED_EDGE ( 'NONE', *, *, #3052, .F. ) ;
#2981 = ORIENTED_EDGE ( 'NONE', *, *, #798, .F. ) ;
#2982 = DIRECTION ( 'NONE',  ( -0.000000000000000000, -0.000000000000000000, -1.000000000000000000 ) ) ;
#2983 = CARTESIAN_POINT ( 'NONE',  ( -1.961028226400802765, 23.68429699879670736, 3.837678611783553517 ) ) ;
#2984 = DIRECTION ( 'NONE',  ( 0.000000000000000000, -0.000000000000000000, 1.000000000000000000 ) ) ;
#2985 =( BOUNDED_CURVE ( )  B_SPLINE_CURVE ( 3, ( #3487, #4637, #2778, #2753 ),
 .UNSPECIFIED., .F., .F. ) 
 B_SPLINE_CURVE_WITH_KNOTS ( ( 4, 4 ),
 ( 1.570796326793910014, 3.141592653588803241 ),
 .UNSPECIFIED. ) 
 CURVE ( )  GEOMETRIC_REPRESENTATION_ITEM ( )  RATIONAL_B_SPLINE_CURVE ( ( 1.000000000000000000, 0.8047378541243658256, 0.8047378541243658256, 1.000000000000000000 ) ) 
 REPRESENTATION_ITEM ( '' )  );
#2986 = VERTEX_POINT ( 'NONE', #2006 ) ;
#2987 = FACE_OUTER_BOUND ( 'NONE', #764, .T. ) ;
#2988 = LINE ( 'NONE', #1108, #4432 ) ;
#2989 = CARTESIAN_POINT ( 'NONE',  ( -28.21559163188976171, 51.57172864301321624, 43.68664150419916581 ) ) ;
#2990 = CARTESIAN_POINT ( 'NONE',  ( -20.50468478135841011, 92.35240334290340058, 59.71975232698128622 ) ) ;
#2991 = VERTEX_POINT ( 'NONE', #4565 ) ;
#2992 = ORIENTED_EDGE ( 'NONE', *, *, #1164, .F. ) ;
#2993 = EDGE_CURVE ( 'NONE', #1026, #3219, #2628, .T. ) ;
#2994 = VERTEX_POINT ( 'NONE', #3120 ) ;
#2995 = ADVANCED_FACE ( 'NONE', ( #2735 ), #1978, .F. ) ;
#2996 = ORIENTED_EDGE ( 'NONE', *, *, #3105, .T. ) ;
#2997 = CARTESIAN_POINT ( 'NONE',  ( -18.04013704145301134, 88.18131399853338337, 38.90478621817606353 ) ) ;
#2998 = CARTESIAN_POINT ( 'NONE',  ( -23.72936940811504769, -29.05448710414689018, 63.56069361788937755 ) ) ;
#2999 = CARTESIAN_POINT ( 'NONE',  ( 5.968915861732339678, 23.68429699879670736, 49.00000000000000000 ) ) ;
#3000 = EDGE_LOOP ( 'NONE', ( #1833, #2846, #1987, #3299 ) ) ;
#3001 = VERTEX_POINT ( 'NONE', #3887 ) ;
#3002 = VECTOR ( 'NONE', #2121, 1000.000000000000114 ) ;
#3003 = LINE ( 'NONE', #16, #4569 ) ;
#3004 = CYLINDRICAL_SURFACE ( 'NONE', #3184, 0.9999999999999991118 ) ;
#3005 = CARTESIAN_POINT ( 'NONE',  ( 1.174758211226108351, -4.613701099919306436, 50.00000000000000000 ) ) ;
#3006 = AXIS2_PLACEMENT_3D ( 'NONE', #4728, #3188, #1355 ) ;
#3007 = CARTESIAN_POINT ( 'NONE',  ( -1.925241788773891960, -4.613701099919306436, 0.000000000000000000 ) ) ;
#3008 = VECTOR ( 'NONE', #1841, 1000.000000000000000 ) ;
#3009 = CIRCLE ( 'NONE', #659, 1.050000000000002043 ) ;
#3010 = VECTOR ( 'NONE', #71, 1000.000000000000114 ) ;
#3011 = DIRECTION ( 'NONE',  ( 0.000000000000000000, 0.000000000000000000, -1.000000000000000000 ) ) ;
#3012 = DIRECTION ( 'NONE',  ( -7.606501008589992199E-17, 0.6178843771050965827, 0.7862689721268714127 ) ) ;
#3013 = LINE ( 'NONE', #1506, #1187 ) ;
#3014 = VECTOR ( 'NONE', #1599, 1000.000000000000000 ) ;
#3015 = VECTOR ( 'NONE', #3128, 1000.000000000000227 ) ;
#3016 = ORIENTED_EDGE ( 'NONE', *, *, #3412, .F. ) ;
#3017 = ORIENTED_EDGE ( 'NONE', *, *, #4632, .T. ) ;
#3018 = AXIS2_PLACEMENT_3D ( 'NONE', #4785, #4838, #2925 ) ;
#3019 = VECTOR ( 'NONE', #3917, 1000.000000000000000 ) ;
#3020 = ORIENTED_EDGE ( 'NONE', *, *, #1286, .T. ) ;
#3021 = ORIENTED_EDGE ( 'NONE', *, *, #1532, .T. ) ;
#3022 = ADVANCED_FACE ( 'NONE', ( #4228 ), #1167, .T. ) ;
#3023 = CARTESIAN_POINT ( 'NONE',  ( -11.25465870951626357, 94.47377684638601636, 34.47824939404222988 ) ) ;
#3024 = CARTESIAN_POINT ( 'NONE',  ( -0.3752417887738916935, -4.613701099919306436, 50.00000000000000000 ) ) ;
#3025 = VECTOR ( 'NONE', #4754, 1000.000000000000114 ) ;
#3026 = LINE ( 'NONE', #4528, #1530 ) ;
#3027 = ORIENTED_EDGE ( 'NONE', *, *, #3234, .F. ) ;
#3028 = VERTEX_POINT ( 'NONE', #3857 ) ;
#3029 = CIRCLE ( 'NONE', #1610, 1.050000000000004707 ) ;
#3030 = LINE ( 'NONE', #4532, #318 ) ;
#3031 = DIRECTION ( 'NONE',  ( 6.698291772840976747E-17, -1.000000000000000000, -0.000000000000000000 ) ) ;
#3032 = DIRECTION ( 'NONE',  ( 0.000000000000000000, 0.000000000000000000, -1.000000000000000000 ) ) ;
#3033 = EDGE_CURVE ( 'NONE', #1799, #4239, #1356, .T. ) ;
#3034 = CARTESIAN_POINT ( 'NONE',  ( 1.459108050000154089, 114.5031994777925917, 63.91060552530798589 ) ) ;
#3035 = ORIENTED_EDGE ( 'NONE', *, *, #2759, .F. ) ;
#3036 = EDGE_CURVE ( 'NONE', #3599, #566, #4032, .T. ) ;
#3037 = CARTESIAN_POINT ( 'NONE',  ( -2.054814282077523035, 94.55174935816559412, 38.31666699981930435 ) ) ;
#3038 = DIRECTION ( 'NONE',  ( 1.000000000000000000, 0.000000000000000000, 0.000000000000000000 ) ) ;
#3039 = FACE_OUTER_BOUND ( 'NONE', #3441, .T. ) ;
#3040 = EDGE_CURVE ( 'NONE', #2204, #3693, #1191, .T. ) ;
#3041 = ORIENTED_EDGE ( 'NONE', *, *, #591, .F. ) ;
#3042 = ORIENTED_EDGE ( 'NONE', *, *, #1233, .T. ) ;
#3043 = ORIENTED_EDGE ( 'NONE', *, *, #2612, .T. ) ;
#3044 = ADVANCED_FACE ( 'NONE', ( #2338 ), #108, .T. ) ;
#3045 = VERTEX_POINT ( 'NONE', #4595 ) ;
#3046 = DIRECTION ( 'NONE',  ( -0.9999973318757245933, -0.002310030612744636957, 0.000000000000000000 ) ) ;
#3047 = EDGE_CURVE ( 'NONE', #988, #2311, #2682, .T. ) ;
#3048 = CARTESIAN_POINT ( 'NONE',  ( 0.04531114067908613430, 94.49988019231003022, 38.31666700000042880 ) ) ;
#3049 = CARTESIAN_POINT ( 'NONE',  ( -7.374235094193059226, 2.386298900080692231, 50.00000000000000000 ) ) ;
#3050 = ORIENTED_EDGE ( 'NONE', *, *, #1758, .F. ) ;
#3051 = EDGE_LOOP ( 'NONE', ( #3739, #858, #2181, #1166 ) ) ;
#3052 = EDGE_CURVE ( 'NONE', #4783, #904, #4173, .T. ) ;
#3053 = CARTESIAN_POINT ( 'NONE',  ( -27.36081185302776575, 114.4366244029291977, 5.187002349381227255E-14 ) ) ;
#3054 = CARTESIAN_POINT ( 'NONE',  ( 5.075764905806941840, 2.386298900080696672, 43.35000000000000853 ) ) ;
#3055 = CARTESIAN_POINT ( 'NONE',  ( -1.138085138059430790, 94.49714650338530930, 34.47824939404222988 ) ) ;
#3056 = CARTESIAN_POINT ( 'NONE',  ( -27.02932183081542306, -29.06326513399118028, 68.82671117685787010 ) ) ;
#3057 = VERTEX_POINT ( 'NONE', #2309 ) ;
#3058 = DIRECTION ( 'NONE',  ( 0.002310030612744636523, -0.9999973318757247043, 0.000000000000000000 ) ) ;
#3059 = DIRECTION ( 'NONE',  ( -0.002310030612744635656, 0.9999973318757245933, 1.314654392323781413E-16 ) ) ;
#3060 = CARTESIAN_POINT ( 'NONE',  ( -9.975241788773896445, 18.68429699879670736, 6.649999999999998579 ) ) ;
#3061 = CARTESIAN_POINT ( 'NONE',  ( -27.35850182241501116, 113.4366270710534650, 35.47824667424358580 ) ) ;
#3062 = CARTESIAN_POINT ( 'NONE',  ( -9.975241788773892893, 19.68429699879670380, 13.82552992589453744 ) ) ;
#3063 = ORIENTED_EDGE ( 'NONE', *, *, #2483, .T. ) ;
#3064 = ORIENTED_EDGE ( 'NONE', *, *, #875, .T. ) ;
#3065 = ORIENTED_EDGE ( 'NONE', *, *, #212, .T. ) ;
#3066 = CYLINDRICAL_SURFACE ( 'NONE', #2547, 1.000000000000000000 ) ;
#3067 = ORIENTED_EDGE ( 'NONE', *, *, #3443, .T. ) ;
#3068 = CARTESIAN_POINT ( 'NONE',  ( 6.625764905806940774, 2.386298900080696672, 50.00000000000000000 ) ) ;
#3069 = EDGE_CURVE ( 'NONE', #2687, #1364, #3462, .T. ) ;
#3070 = CYLINDRICAL_SURFACE ( 'NONE', #3110, 1.549999999999999378 ) ;
#3071 = ORIENTED_EDGE ( 'NONE', *, *, #3737, .T. ) ;
#3072 = ORIENTED_EDGE ( 'NONE', *, *, #2898, .F. ) ;
#3073 = CARTESIAN_POINT ( 'NONE',  ( -27.04835685025342329, -14.04648711780943593, 35.77815165312248524 ) ) ;
#3074 = CARTESIAN_POINT ( 'NONE',  ( -0.7696738990734633967, -7.237790915688255389, 62.76666700000041743 ) ) ;
#3075 = PLANE ( 'NONE',  #3648 ) ;
#3076 = DIRECTION ( 'NONE',  ( 0.000000000000000000, 1.000000000000000000, 2.168404344971008375E-16 ) ) ;
#3077 = EDGE_CURVE ( 'NONE', #1253, #2159, #54, .T. ) ;
#3078 = AXIS2_PLACEMENT_3D ( 'NONE', #4409, #3301, #4015 ) ;
#3079 = ORIENTED_EDGE ( 'NONE', *, *, #4676, .F. ) ;
#3080 = CARTESIAN_POINT ( 'NONE',  ( -20.49933339692067591, 94.45242130787401891, 47.34166692368935259 ) ) ;
#3081 = VECTOR ( 'NONE', #1486, 1000.000000000000000 ) ;
#3082 = AXIS2_PLACEMENT_3D ( 'NONE', #349, #1855, #4049 ) ;
#3083 = LINE ( 'NONE', #467, #3575 ) ;
#3084 = CARTESIAN_POINT ( 'NONE',  ( 4.761410609861367327, 113.5108252500206589, 69.82671117685788431 ) ) ;
#3085 = CARTESIAN_POINT ( 'NONE',  ( -27.21790166250251275, 52.57172597488895605, 35.77815165312661350 ) ) ;
#3086 = VECTOR ( 'NONE', #1798, 1000.000000000000227 ) ;
#3087 = VECTOR ( 'NONE', #202, 1000.000000000000000 ) ;
#3088 = EDGE_LOOP ( 'NONE', ( #3669, #2631, #3835, #1278, #4030, #3977, #3675, #2659, #3990, #3559, #4536, #728, #1297, #1565, #4711, #4519, #3277, #2972, #2586, #3701 ) ) ;
#3089 = PLANE ( 'NONE',  #1831 ) ;
#3090 = AXIS2_PLACEMENT_3D ( 'NONE', #2469, #1249, #3969 ) ;
#3091 = VECTOR ( 'NONE', #415, 1000.000000000000000 ) ;
#3092 = ADVANCED_FACE ( 'NONE', ( #1635 ), #3066, .T. ) ;
#3093 = ORIENTED_EDGE ( 'NONE', *, *, #3279, .T. ) ;
#3094 = ORIENTED_EDGE ( 'NONE', *, *, #4012, .F. ) ;
#3095 = VECTOR ( 'NONE', #2920, 1000.000000000000000 ) ;
#3096 = LINE ( 'NONE', #1240, #3642 ) ;
#3097 = EDGE_LOOP ( 'NONE', ( #2645, #3547, #821, #3738 ) ) ;
#3098 = DIRECTION ( 'NONE',  ( 0.9999973318757245933, 0.002310030612747852700, 0.000000000000000000 ) ) ;
#3099 = LINE ( 'NONE', #406, #2801 ) ;
#3100 = AXIS2_PLACEMENT_3D ( 'NONE', #2957, #4809, #4052 ) ;
#3101 = EDGE_LOOP ( 'NONE', ( #1735, #3949, #2028, #2211 ) ) ;
#3102 = EDGE_LOOP ( 'NONE', ( #4549, #925, #949, #3964 ) ) ;
#3103 = EDGE_CURVE ( 'NONE', #2739, #1055, #407, .T. ) ;
#3104 = AXIS2_PLACEMENT_3D ( 'NONE', #2863, #2467, #4009 ) ;
#3105 = EDGE_CURVE ( 'NONE', #310, #1477, #3096, .T. ) ;
#3106 = PLANE ( 'NONE',  #2219 ) ;
#3107 = FACE_BOUND ( 'NONE', #275, .T. ) ;
#3108 = LINE ( 'NONE', #4135, #974 ) ;
#3109 = LINE ( 'NONE', #4186, #2220 ) ;
#3110 = AXIS2_PLACEMENT_3D ( 'NONE', #3049, #2283, #1983 ) ;
#3111 = VERTEX_POINT ( 'NONE', #877 ) ;
#3112 = CARTESIAN_POINT ( 'NONE',  ( -5.824235094193059403, 2.386298900080692231, 0.000000000000000000 ) ) ;
#3113 = ADVANCED_FACE ( 'NONE', ( #3145 ), #4640, .F. ) ;
#3114 = DIRECTION ( 'NONE',  ( -1.091152692702142892E-32, 1.339658354568195596E-16, -1.000000000000000000 ) ) ;
#3115 = CARTESIAN_POINT ( 'NONE',  ( -5.824235094193059403, 2.386298900080692231, 43.35000000000000853 ) ) ;
#3116 = PLANE ( 'NONE',  #84 ) ;
#3117 = ORIENTED_EDGE ( 'NONE', *, *, #245, .F. ) ;
#3118 = DIRECTION ( 'NONE',  ( 0.000000000000000000, 1.000000000000000000, 0.000000000000000000 ) ) ;
#3119 = ORIENTED_EDGE ( 'NONE', *, *, #2227, .F. ) ;
#3120 = CARTESIAN_POINT ( 'NONE',  ( -21.75582692013241370, 75.51066902416856408, 47.41953824246409255 ) ) ;
#3121 = CARTESIAN_POINT ( 'NONE',  ( -21.50463136124279018, 94.45009903260537953, 38.31666700000042169 ) ) ;
#3122 = EDGE_CURVE ( 'NONE', #2440, #3853, #2110, .T. ) ;
#3123 = DIRECTION ( 'NONE',  ( -0.000000000000000000, -0.000000000000000000, -1.000000000000000000 ) ) ;
#3124 = ORIENTED_EDGE ( 'NONE', *, *, #2573, .F. ) ;
#3125 = ORIENTED_EDGE ( 'NONE', *, *, #2230, .T. ) ;
#3126 = LINE ( 'NONE', #3073, #803 ) ;
#3127 = PLANE ( 'NONE',  #2640 ) ;
#3128 = DIRECTION ( 'NONE',  ( 0.9999973318757245933, 0.002310030612744636957, -2.631723147256120476E-10 ) ) ;
#3129 = EDGE_CURVE ( 'NONE', #2535, #4704, #3565, .T. ) ;
#3130 = CARTESIAN_POINT ( 'NONE',  ( -9.975241788773896445, 22.68429699879670025, 0.000000000000000000 ) ) ;
#3131 = LINE ( 'NONE', #4625, #498 ) ;
#3132 = ORIENTED_EDGE ( 'NONE', *, *, #4774, .F. ) ;
#3133 = VERTEX_POINT ( 'NONE', #1367 ) ;
#3134 = CARTESIAN_POINT ( 'NONE',  ( 9.285476156923021307, 88.22872609473310490, 42.68895153481192040 ) ) ;
#3135 = CARTESIAN_POINT ( 'NONE',  ( -17.81962371291189484, -7.277176926790744460, 38.40709656862401289 ) ) ;
#3136 = CARTESIAN_POINT ( 'NONE',  ( -0.3752417887738929148, 2.386298900080694452, 3.650000000000000355 ) ) ;
#3137 = EDGE_CURVE ( 'NONE', #4093, #3734, #3991, .T. ) ;
#3138 = CARTESIAN_POINT ( 'NONE',  ( -28.02931916269114510, -29.06557516460392421, 69.82671117685787010 ) ) ;
#3139 = ORIENTED_EDGE ( 'NONE', *, *, #1393, .F. ) ;
#3140 = DIRECTION ( 'NONE',  ( 0.9999973318757245933, 0.002310030612747860507, 0.000000000000000000 ) ) ;
#3141 = CARTESIAN_POINT ( 'NONE',  ( -28.21559163188975461, 52.15644271231725781, 43.10192899498492380 ) ) ;
#3142 = EDGE_CURVE ( 'NONE', #2047, #2572, #2416, .T. ) ;
#3143 = ADVANCED_FACE ( 'NONE', ( #3959 ), #4671, .T. ) ;
#3144 = EDGE_CURVE ( 'NONE', #2752, #2817, #4377, .T. ) ;
#3145 = FACE_OUTER_BOUND ( 'NONE', #4120, .T. ) ;
#3146 = DIRECTION ( 'NONE',  ( -0.9997908105647190791, -1.909628033234220247E-16, -0.02045324204966166015 ) ) ;
#3147 = ORIENTED_EDGE ( 'NONE', *, *, #3122, .F. ) ;
#3148 = ORIENTED_EDGE ( 'NONE', *, *, #4053, .F. ) ;
#3149 = DIRECTION ( 'NONE',  ( 0.9999973318757245933, 0.002310030612744636523, -1.139179290558685033E-16 ) ) ;
#3150 = DIRECTION ( 'NONE',  ( 0.9999973318757248153, 0.002310030612734636276, 0.000000000000000000 ) ) ;
#3151 = LINE ( 'NONE', #166, #4741 ) ;
#3152 = CARTESIAN_POINT ( 'NONE',  ( -1.123585603985233217, 88.22039185448058163, 34.47824939404222988 ) ) ;
#3153 =( LENGTH_UNIT ( ) NAMED_UNIT ( * ) SI_UNIT ( .MILLI., .METRE. ) );
#3154 = ORIENTED_EDGE ( 'NONE', *, *, #427, .F. ) ;
#3155 = ORIENTED_EDGE ( 'NONE', *, *, #1503, .F. ) ;
#3156 = VECTOR ( 'NONE', #228, 1000.000000000000000 ) ;
#3157 = FACE_BOUND ( 'NONE', #38, .T. ) ;
#3158 = CARTESIAN_POINT ( 'NONE',  ( -2.010713454183848725, 93.88465243610092159, 59.71975232211418927 ) ) ;
#3159 = DIRECTION ( 'NONE',  ( -0.000000000000000000, 0.000000000000000000, -1.000000000000000000 ) ) ;
#3160 = DIRECTION ( 'NONE',  ( 1.000000000000000000, 0.000000000000000000, -0.000000000000000000 ) ) ;
#3161 = VECTOR ( 'NONE', #2762, 1000.000000000000000 ) ;
#3162 = ORIENTED_EDGE ( 'NONE', *, *, #1878, .T. ) ;
#3163 = VECTOR ( 'NONE', #4091, 1000.000000000000114 ) ;
#3164 = AXIS2_PLACEMENT_3D ( 'NONE', #2741, #4285, #2422 ) ;
#3165 = PLANE ( 'NONE',  #4744 ) ;
#3166 = DIRECTION ( 'NONE',  ( 8.145007187700838718E-17, -1.000000000000000000, 0.000000000000000000 ) ) ;
#3167 = CIRCLE ( 'NONE', #570, 1.000000000000000888 ) ;
#3168 = VECTOR ( 'NONE', #3303, 1000.000000000000114 ) ;
#3169 = ORIENTED_EDGE ( 'NONE', *, *, #971, .F. ) ;
#3170 = VECTOR ( 'NONE', #536, 1000.000000000000000 ) ;
#3171 = CARTESIAN_POINT ( 'NONE',  ( -0.4039405709001642197, -14.04824280515414081, 47.34166700000041317 ) ) ;
#3172 = VECTOR ( 'NONE', #3464, 1000.000000000000114 ) ;
#3173 = ADVANCED_FACE ( 'NONE', ( #2511 ), #4003, .F. ) ;
#3174 = VECTOR ( 'NONE', #48, 1000.000000000000000 ) ;
#3175 = ORIENTED_EDGE ( 'NONE', *, *, #499, .T. ) ;
#3176 = EDGE_LOOP ( 'NONE', ( #3418, #3255, #3050, #1017 ) ) ;
#3177 = LINE ( 'NONE', #836, #1348 ) ;
#3178 = CIRCLE ( 'NONE', #743, 0.9999999999999991118 ) ;
#3179 = PLANE ( 'NONE',  #906 ) ;
#3180 = LINE ( 'NONE', #2400, #3015 ) ;
#3181 = CARTESIAN_POINT ( 'NONE',  ( 5.968915861732339678, 23.68429699879670736, 50.00000000000000000 ) ) ;
#3182 = ORIENTED_EDGE ( 'NONE', *, *, #2396, .T. ) ;
#3183 = ORIENTED_EDGE ( 'NONE', *, *, #801, .F. ) ;
#3184 = AXIS2_PLACEMENT_3D ( 'NONE', #3676, #4507, #383 ) ;
#3185 = CARTESIAN_POINT ( 'NONE',  ( -4.454680923493071987, 94.48948504514919478, 38.40709656862402710 ) ) ;
#3186 = PLANE ( 'NONE',  #4520 ) ;
#3187 = DIRECTION ( 'NONE',  ( -1.172494812352293521E-06, -2.708506136180480656E-09, -0.9999999999993126609 ) ) ;
#3188 = DIRECTION ( 'NONE',  ( -0.002310030612726048961, 0.9999973318757248153, 0.000000000000000000 ) ) ;
#3189 = ORIENTED_EDGE ( 'NONE', *, *, #296, .F. ) ;
#3190 = DIRECTION ( 'NONE',  ( 0.9999973318757245933, 0.002310030612745100562, -2.631714290242291527E-10 ) ) ;
#3191 = DIRECTION ( 'NONE',  ( -1.000000000000000000, 0.000000000000000000, 0.000000000000000000 ) ) ;
#3192 = ORIENTED_EDGE ( 'NONE', *, *, #4012, .T. ) ;
#3193 = CARTESIAN_POINT ( 'NONE',  ( 4.912747086917821804, 48.78451077974749239, 35.77815165332165748 ) ) ;
#3194 = EDGE_CURVE ( 'NONE', #283, #267, #1120, .T. ) ;
#3195 = ORIENTED_EDGE ( 'NONE', *, *, #2590, .T. ) ;
#3196 = FACE_OUTER_BOUND ( 'NONE', #4407, .T. ) ;
#3197 = ADVANCED_FACE ( 'NONE', ( #1659, #2029, #2829, #2087, #3596 ), #3089, .F. ) ;
#3198 = ORIENTED_EDGE ( 'NONE', *, *, #4001, .F. ) ;
#3199 = VERTEX_POINT ( 'NONE', #2333 ) ;
#3200 = EDGE_CURVE ( 'NONE', #2049, #2545, #4612, .T. ) ;
#3201 = CARTESIAN_POINT ( 'NONE',  ( -19.46471098539030464, 75.51066902416856408, 30.14423030767164491 ) ) ;
#3202 = LINE ( 'NONE', #934, #424 ) ;
#3203 = CARTESIAN_POINT ( 'NONE',  ( -34.42698321678227558, 94.42024792458394700, 53.11492099701912650 ) ) ;
#3204 = LINE ( 'NONE', #3604, #1438 ) ;
#3205 = ORIENTED_EDGE ( 'NONE', *, *, #2020, .F. ) ;
#3206 = ORIENTED_EDGE ( 'NONE', *, *, #2253, .F. ) ;
#3207 = ADVANCED_FACE ( 'NONE', ( #4223 ), #2357, .F. ) ;
#3208 = EDGE_CURVE ( 'NONE', #352, #778, #1116, .T. ) ;
#3209 = CARTESIAN_POINT ( 'NONE',  ( 6.625764905806940774, 2.386298900080696672, 50.00000000000000000 ) ) ;
#3210 = DIRECTION ( 'NONE',  ( 2.631707271538399749E-10, 6.078025923572550182E-13, 1.000000000000000000 ) ) ;
#3211 = DIRECTION ( 'NONE',  ( 1.000000000000000000, -0.000000000000000000, 1.734723475976805319E-15 ) ) ;
#3212 = CARTESIAN_POINT ( 'NONE',  ( -4.454677922409784330, 94.48948505208174709, 40.96666720032042974 ) ) ;
#3213 = EDGE_CURVE ( 'NONE', #2755, #4653, #1142, .T. ) ;
#3214 = ORIENTED_EDGE ( 'NONE', *, *, #235, .T. ) ;
#3215 = DIRECTION ( 'NONE',  ( -0.000000000000000000, -0.000000000000000000, -1.000000000000000000 ) ) ;
#3216 = DIRECTION ( 'NONE',  ( -1.382387176899655034E-06, -3.193365217599097014E-09, 0.9999999999990444310 ) ) ;
#3217 = ORIENTED_EDGE ( 'NONE', *, *, #1674, .F. ) ;
#3218 = FACE_OUTER_BOUND ( 'NONE', #1537, .T. ) ;
#3219 = VERTEX_POINT ( 'NONE', #4274 ) ;
#3220 = CARTESIAN_POINT ( 'NONE',  ( 9.224758211226102844, 23.27008343642361154, 50.00000000000000000 ) ) ;
#3221 = FACE_OUTER_BOUND ( 'NONE', #1083, .T. ) ;
#3222 = ORIENTED_EDGE ( 'NONE', *, *, #4317, .T. ) ;
#3223 = ORIENTED_EDGE ( 'NONE', *, *, #1929, .F. ) ;
#3224 = EDGE_CURVE ( 'NONE', #4123, #2486, #1631, .T. ) ;
#3225 = DIRECTION ( 'NONE',  ( -1.000000000000000000, 0.000000000000000000, 0.000000000000000000 ) ) ;
#3226 = CARTESIAN_POINT ( 'NONE',  ( -2.761647586171059654, -14.05368919506695669, 59.71975232237741693 ) ) ;
#3227 = FACE_OUTER_BOUND ( 'NONE', #1074, .T. ) ;
#3228 = CARTESIAN_POINT ( 'NONE',  ( 5.856087286785452761, 72.52705833872724384, 35.77815137691118252 ) ) ;
#3229 = EDGE_LOOP ( 'NONE', ( #4227, #83, #489, #3162, #4125, #4051, #726, #2940 ) ) ;
#3230 = ORIENTED_EDGE ( 'NONE', *, *, #4005, .T. ) ;
#3231 = CARTESIAN_POINT ( 'NONE',  ( -9.975241788773891116, 2.386298900080693564, 43.35000000000000853 ) ) ;
#3232 = CARTESIAN_POINT ( 'NONE',  ( -22.25429642239765826, 94.44836727874427140, 65.32670781691942352 ) ) ;
#3233 = CARTESIAN_POINT ( 'NONE',  ( -19.27016814707684844, 18.70478576597705000, 37.49575172906425991 ) ) ;
#3234 = EDGE_CURVE ( 'NONE', #3985, #2817, #1361, .T. ) ;
#3235 = CARTESIAN_POINT ( 'NONE',  ( -23.30190017009369541, 114.4986629316872779, 36.47824939404221567 ) ) ;
#3236 = ORIENTED_EDGE ( 'NONE', *, *, #3923, .T. ) ;
#3237 = CARTESIAN_POINT ( 'NONE',  ( -19.46471098539030464, 75.51066902416856408, 30.14423030767164491 ) ) ;
#3238 = DIRECTION ( 'NONE',  ( 1.000000000000000000, 0.000000000000000000, -0.000000000000000000 ) ) ;
#3239 = VECTOR ( 'NONE', #294, 1000.000000000000000 ) ;
#3240 = LINE ( 'NONE', #1315, #1823 ) ;
#3241 = VECTOR ( 'NONE', #765, 1000.000000000000227 ) ;
#3242 = ORIENTED_EDGE ( 'NONE', *, *, #1932, .T. ) ;
#3243 = LINE ( 'NONE', #4076, #501 ) ;
#3244 = AXIS2_PLACEMENT_3D ( 'NONE', #3355, #1087, #2218 ) ;
#3245 = VECTOR ( 'NONE', #2208, 1000.000000000000227 ) ;
#3246 = ORIENTED_EDGE ( 'NONE', *, *, #3708, .F. ) ;
#3247 = VERTEX_POINT ( 'NONE', #3515 ) ;
#3248 = AXIS2_PLACEMENT_3D ( 'NONE', #3854, #471, #1236 ) ;
#3249 = EDGE_CURVE ( 'NONE', #3618, #3028, #4427, .T. ) ;
#3250 = AXIS2_PLACEMENT_3D ( 'NONE', #2022, #150, #3159 ) ;
#3251 = CARTESIAN_POINT ( 'NONE',  ( 1.177171240085359782, 18.75201989258056656, 50.00000000000000000 ) ) ;
#3252 = DIRECTION ( 'NONE',  ( 1.086293913608650825E-16, 1.000000000000000000, -6.078046383545921243E-13 ) ) ;
#3253 = AXIS2_PLACEMENT_3D ( 'NONE', #2065, #3938, #2864 ) ;
#3254 = ORIENTED_EDGE ( 'NONE', *, *, #3863, .F. ) ;
#3255 = ORIENTED_EDGE ( 'NONE', *, *, #4676, .T. ) ;
#3256 = CARTESIAN_POINT ( 'NONE',  ( 1.177188950984610960, 18.68429699879670380, 63.01053066435613204 ) ) ;
#3257 = CARTESIAN_POINT ( 'NONE',  ( 1.102020908646125896, 52.63714603752772803, 36.47824939404222278 ) ) ;
#3258 = CYLINDRICAL_SURFACE ( 'NONE', #1193, 1.550000000000000266 ) ;
#3259 = CARTESIAN_POINT ( 'NONE',  ( -0.3752417887738929148, 2.386298900080694452, 69.82671117685788431 ) ) ;
#3260 = VECTOR ( 'NONE', #1207, 1000.000000000000000 ) ;
#3261 = VERTEX_POINT ( 'NONE', #4373 ) ;
#3262 = ADVANCED_FACE ( 'NONE', ( #905 ), #2877, .F. ) ;
#3263 = DIRECTION ( 'NONE',  ( -0.002310030612744636089, 0.9999973318757245933, 1.314654392323781413E-16 ) ) ;
#3264 = LINE ( 'NONE', #4761, #582 ) ;
#3265 = AXIS2_PLACEMENT_3D ( 'NONE', #414, #1640, #2742 ) ;
#3266 = CARTESIAN_POINT ( 'NONE',  ( 5.968915861732339678, 23.68429699879670736, 49.00000000000000000 ) ) ;
#3267 = AXIS2_PLACEMENT_3D ( 'NONE', #378, #3717, #1883 ) ;
#3268 = VERTEX_POINT ( 'NONE', #2413 ) ;
#3269 = EDGE_CURVE ( 'NONE', #3373, #3133, #3486, .T. ) ;
#3270 = CARTESIAN_POINT ( 'NONE',  ( -28.31323125302392540, 93.83813496533004184, 68.82671117685788431 ) ) ;
#3271 = ORIENTED_EDGE ( 'NONE', *, *, #203, .F. ) ;
#3272 = ORIENTED_EDGE ( 'NONE', *, *, #3513, .F. ) ;
#3273 = LINE ( 'NONE', #2887, #3395 ) ;
#3274 = DIRECTION ( 'NONE',  ( -1.000000000000000000, 0.000000000000000000, 0.000000000000000000 ) ) ;
#3275 = FACE_OUTER_BOUND ( 'NONE', #32, .T. ) ;
#3276 = ORIENTED_EDGE ( 'NONE', *, *, #3852, .T. ) ;
#3277 = ORIENTED_EDGE ( 'NONE', *, *, #4214, .F. ) ;
#3278 = CARTESIAN_POINT ( 'NONE',  ( 0.2021732720536860428, 52.58096429021662033, 35.77815164591042674 ) ) ;
#3279 = EDGE_CURVE ( 'NONE', #3351, #811, #4499, .T. ) ;
#3280 = DIRECTION ( 'NONE',  ( -0.9999973318757245933, -0.002310030612744636957, 0.000000000000000000 ) ) ;
#3281 = DIRECTION ( 'NONE',  ( 0.9999973318757245933, 0.002310030612747860507, 0.000000000000000000 ) ) ;
#3282 = DIRECTION ( 'NONE',  ( -1.382387176899654610E-06, -3.193365217867661880E-09, 0.9999999999990444310 ) ) ;
#3283 = ORIENTED_EDGE ( 'NONE', *, *, #1656, .F. ) ;
#3284 = CARTESIAN_POINT ( 'NONE',  ( -21.50476238724073852, 94.50681934082545865, 62.76666699981927877 ) ) ;
#3285 = CARTESIAN_POINT ( 'NONE',  ( 9.224758211226104621, 2.386298900080695340, 50.00000000000000000 ) ) ;
#3286 = EDGE_CURVE ( 'NONE', #1395, #4006, #2804, .T. ) ;
#3287 = CARTESIAN_POINT ( 'NONE',  ( -28.21559163188976171, 51.57095863195291940, 43.68741151320496385 ) ) ;
#3288 = PLANE ( 'NONE',  #4806 ) ;
#3289 = EDGE_LOOP ( 'NONE', ( #4674, #3093 ) ) ;
#3290 = DIRECTION ( 'NONE',  ( -0.000000000000000000, 0.000000000000000000, 1.000000000000000000 ) ) ;
#3291 = EDGE_CURVE ( 'NONE', #3451, #3199, #3009, .T. ) ;
#3292 = ADVANCED_FACE ( 'NONE', ( #2025, #3953, #4734, #2081, #3558, #1653 ), #3591, .F. ) ;
#3293 = ORIENTED_EDGE ( 'NONE', *, *, #1461, .F. ) ;
#3294 = ORIENTED_EDGE ( 'NONE', *, *, #4512, .F. ) ;
#3295 = DIRECTION ( 'NONE',  ( 0.5960734722651258588, 0.000000000000000000, 0.8029298946120989600 ) ) ;
#3296 = DIRECTION ( 'NONE',  ( 0.9999973318750372542, 0.002310030612743047516, -1.172497940722510993E-06 ) ) ;
#3297 = CARTESIAN_POINT ( 'NONE',  ( -9.975241788773892893, 2.386298900080692675, 50.00000000000000000 ) ) ;
#3298 = ADVANCED_FACE ( 'NONE', ( #630 ), #4319, .F. ) ;
#3299 = ORIENTED_EDGE ( 'NONE', *, *, #3, .T. ) ;
#3300 = EDGE_LOOP ( 'NONE', ( #4098, #4290, #393, #2191 ) ) ;
#3301 = DIRECTION ( 'NONE',  ( -0.002310030612744635656, 0.9999973318757248153, 1.314654392323781659E-16 ) ) ;
#3302 = CARTESIAN_POINT ( 'NONE',  ( -24.01465614995177589, 94.44430078303425091, 63.56069361788939176 ) ) ;
#3303 = DIRECTION ( 'NONE',  ( -1.361274163819719708E-06, -1.108758784874306500E-22, -0.9999999999990734079 ) ) ;
#3304 = EDGE_CURVE ( 'NONE', #733, #2717, #4275, .T. ) ;
#3305 = FACE_OUTER_BOUND ( 'NONE', #1509, .T. ) ;
#3306 = ORIENTED_EDGE ( 'NONE', *, *, #3923, .F. ) ;
#3307 = CARTESIAN_POINT ( 'NONE',  ( 0.2803232992218375741, -7.235365383545276252, 62.76666700000041743 ) ) ;
#3308 = DIRECTION ( 'NONE',  ( -0.9999973318757245933, -0.002310030612744990840, -0.000000000000000000 ) ) ;
#3309 = ADVANCED_FACE ( 'NONE', ( #4635, #976 ), #3165, .F. ) ;
#3310 = VERTEX_POINT ( 'NONE', #926 ) ;
#3311 = AXIS2_PLACEMENT_3D ( 'NONE', #4556, #2325, #1853 ) ;
#3312 = PLANE ( 'NONE',  #3100 ) ;
#3313 = AXIS2_PLACEMENT_3D ( 'NONE', #148, #4655, #841 ) ;
#3314 = ORIENTED_EDGE ( 'NONE', *, *, #2509, .T. ) ;
#3315 = EDGE_LOOP ( 'NONE', ( #107, #3815, #1204, #1783 ) ) ;
#3316 = AXIS2_PLACEMENT_3D ( 'NONE', #527, #4224, #4130 ) ;
#3317 = VECTOR ( 'NONE', #376, 1000.000000000000000 ) ;
#3318 = DIRECTION ( 'NONE',  ( -0.002310030612744636089, 0.9999973318757245933, 1.314654392323783878E-16 ) ) ;
#3319 = CARTESIAN_POINT ( 'NONE',  ( -1.983849063916677258, 93.88465243609338984, 47.34166699488380914 ) ) ;
#3320 = LINE ( 'NONE', #2961, #4581 ) ;
#3321 = EDGE_CURVE ( 'NONE', #3779, #733, #579, .T. ) ;
#3322 = VECTOR ( 'NONE', #1274, 1000.000000000000000 ) ;
#3323 = CIRCLE ( 'NONE', #3957, 1.050000000000001155 ) ;
#3324 = EDGE_LOOP ( 'NONE', ( #911, #4718, #409, #4401 ) ) ;
#3325 = EDGE_LOOP ( 'NONE', ( #1430, #1113, #4201, #4644 ) ) ;
#3326 = DIRECTION ( 'NONE',  ( -0.002310030612744636523, 0.9999973318757248153, 1.314654392323784125E-16 ) ) ;
#3327 = VECTOR ( 'NONE', #1417, 1000.000000000000000 ) ;
#3328 = CARTESIAN_POINT ( 'NONE',  ( -23.30190017009370607, 18.68351819535618219, 36.47824939404222988 ) ) ;
#3329 = DIRECTION ( 'NONE',  ( 0.9999973318757245933, 0.002310030612744636523, -1.139179290558685033E-16 ) ) ;
#3330 = LINE ( 'NONE', #2552, #4577 ) ;
#3331 = CIRCLE ( 'NONE', #2473, 1.000000000000000000 ) ;
#3332 = AXIS2_PLACEMENT_3D ( 'NONE', #4322, #2106, #3593 ) ;
#3333 = ADVANCED_FACE ( 'NONE', ( #3930 ), #547, .T. ) ;
#3334 = CARTESIAN_POINT ( 'NONE',  ( 1.505308662255046226, 94.50325284027803718, 30.01666700000043164 ) ) ;
#3335 = EDGE_CURVE ( 'NONE', #182, #479, #1485, .T. ) ;
#3336 = CARTESIAN_POINT ( 'NONE',  ( -54.89290318739411845, 18.68429699879670025, 43.35000000000000853 ) ) ;
#3337 = CIRCLE ( 'NONE', #1838, 9.599999999999997868 ) ;
#3338 = CARTESIAN_POINT ( 'NONE',  ( -22.55462855971230240, 94.44767350046198828, 38.31666700000042169 ) ) ;
#3339 = EDGE_LOOP ( 'NONE', ( #3436, #30, #1467, #1540, #2371, #1588, #3892 ) ) ;
#3340 = VERTEX_POINT ( 'NONE', #1829 ) ;
#3341 = AXIS2_PLACEMENT_3D ( 'NONE', #461, #118, #483 ) ;
#3342 = DIRECTION ( 'NONE',  ( 1.162612123144649376E-16, -0.000000000000000000, 1.000000000000000000 ) ) ;
#3343 = EDGE_CURVE ( 'NONE', #2613, #100, #3704, .T. ) ;
#3344 = ORIENTED_EDGE ( 'NONE', *, *, #2530, .T. ) ;
#3345 = ORIENTED_EDGE ( 'NONE', *, *, #3610, .F. ) ;
#3346 = CARTESIAN_POINT ( 'NONE',  ( -29.63044924798114010, 52.10272336027070850, 68.82671117685788431 ) ) ;
#3347 = FACE_OUTER_BOUND ( 'NONE', #791, .T. ) ;
#3348 = CARTESIAN_POINT ( 'NONE',  ( 1.174758211226104354, 9.386298900080694452, 50.00000000000000000 ) ) ;
#3349 = ADVANCED_FACE ( 'NONE', ( #4116 ), #1464, .T. ) ;
#3350 = ORIENTED_EDGE ( 'NONE', *, *, #1225, .F. ) ;
#3351 = VERTEX_POINT ( 'NONE', #317 ) ;
#3352 = CARTESIAN_POINT ( 'NONE',  ( 4.902010769773879062, 52.64592415385614288, 42.68895153481192040 ) ) ;
#3353 = LINE ( 'NONE', #1867, #262 ) ;
#3354 = DIRECTION ( 'NONE',  ( 0.000000000000000000, 0.000000000000000000, 1.000000000000000000 ) ) ;
#3355 = CARTESIAN_POINT ( 'NONE',  ( -0.3752417887738960234, 9.386298900080694452, 50.00000000000000000 ) ) ;
#3356 = EDGE_CURVE ( 'NONE', #4653, #82, #4801, .T. ) ;
#3357 = ADVANCED_FACE ( 'NONE', ( #347 ), #3631, .T. ) ;
#3358 = VERTEX_POINT ( 'NONE', #4088 ) ;
#3359 = DIRECTION ( 'NONE',  ( 1.629001437540167497E-16, -1.000000000000000000, -0.000000000000000000 ) ) ;
#3360 = CARTESIAN_POINT ( 'NONE',  ( 48.29692856710278903, 48.78451077974749950, 35.77815165332165748 ) ) ;
#3361 = LINE ( 'NONE', #4071, #4657 ) ;
#3362 = LINE ( 'NONE', #752, #395 ) ;
#3363 = EDGE_CURVE ( 'NONE', #606, #4723, #721, .T. ) ;
#3364 = EDGE_LOOP ( 'NONE', ( #1012, #742, #4301, #1510 ) ) ;
#3365 = ORIENTED_EDGE ( 'NONE', *, *, #4593, .T. ) ;
#3366 = ORIENTED_EDGE ( 'NONE', *, *, #3759, .F. ) ;
#3367 = EDGE_LOOP ( 'NONE', ( #3913, #2344, #805 ) ) ;
#3368 = PLANE ( 'NONE',  #2384 ) ;
#3369 = CARTESIAN_POINT ( 'NONE',  ( -27.30007541373077018, 88.14421212512698389, 43.68895153481192040 ) ) ;
#3370 = DIRECTION ( 'NONE',  ( 0.000000000000000000, 1.000000000000000000, 1.314650884662486712E-16 ) ) ;
#3371 = DIRECTION ( 'NONE',  ( -3.935942033589844618E-31, -3.205827615396314214E-47, 1.000000000000000000 ) ) ;
#3372 = ORIENTED_EDGE ( 'NONE', *, *, #1816, .F. ) ;
#3373 = VERTEX_POINT ( 'NONE', #4021 ) ;
#3374 = EDGE_CURVE ( 'NONE', #2233, #3693, #2988, .T. ) ;
#3375 = CARTESIAN_POINT ( 'NONE',  ( -0.6546869830639073795, 94.49826317090089844, 40.96666697601042983 ) ) ;
#3376 = LINE ( 'NONE', #4439, #3583 ) ;
#3377 = CARTESIAN_POINT ( 'NONE',  ( -27.21790166250250209, 52.57172597488894183, 42.68895153481192040 ) ) ;
#3378 = FACE_OUTER_BOUND ( 'NONE', #1487, .T. ) ;
#3379 = ORIENTED_EDGE ( 'NONE', *, *, #4790, .F. ) ;
#3380 = FACE_OUTER_BOUND ( 'NONE', #1864, .T. ) ;
#3381 = LINE ( 'NONE', #4448, #2294 ) ;
#3382 = ORIENTED_EDGE ( 'NONE', *, *, #4478, .T. ) ;
#3383 = VERTEX_POINT ( 'NONE', #4483 ) ;
#3384 = VECTOR ( 'NONE', #2292, 1000.000000000000114 ) ;
#3385 = ORIENTED_EDGE ( 'NONE', *, *, #1372, .T. ) ;
#3386 = ORIENTED_EDGE ( 'NONE', *, *, #864, .F. ) ;
#3387 = DIRECTION ( 'NONE',  ( 0.000000000000000000, 0.000000000000000000, 1.000000000000000000 ) ) ;
#3388 = LINE ( 'NONE', #1957, #3172 ) ;
#3389 = VECTOR ( 'NONE', #1299, 1000.000000000000114 ) ;
#3390 = CARTESIAN_POINT ( 'NONE',  ( -2.375241788773895468, 48.25770178535058363, 35.77815164659135405 ) ) ;
#3391 = PLANE ( 'NONE',  #4821 ) ;
#3392 = EDGE_CURVE ( 'NONE', #4233, #4174, #2127, .T. ) ;
#3393 = EDGE_LOOP ( 'NONE', ( #1582, #693, #392, #3386 ) ) ;
#3394 = ORIENTED_EDGE ( 'NONE', *, *, #1878, .F. ) ;
#3395 = VECTOR ( 'NONE', #617, 1000.000000000000000 ) ;
#3396 = DIRECTION ( 'NONE',  ( -1.000000000000000000, 0.000000000000000000, 4.517509052022935963E-17 ) ) ;
#3397 = CARTESIAN_POINT ( 'NONE',  ( 5.344885453924526075, 114.5121757664998654, 34.47824939404222988 ) ) ;
#3398 = LINE ( 'NONE', #20, #4277 ) ;
#3399 = EDGE_CURVE ( 'NONE', #3935, #1127, #2625, .T. ) ;
#3400 = AXIS2_PLACEMENT_3D ( 'NONE', #4337, #177, #2452 ) ;
#3401 = CARTESIAN_POINT ( 'NONE',  ( 5.090590601460955433, -28.98906695502397568, 43.68895153481192040 ) ) ;
#3402 = VECTOR ( 'NONE', #4631, 1000.000000000000000 ) ;
#3403 = EDGE_LOOP ( 'NONE', ( #354, #2897, #1050, #548 ) ) ;
#3404 = AXIS2_PLACEMENT_3D ( 'NONE', #997, #608, #3238 ) ;
#3405 = CIRCLE ( 'NONE', #4272, 4.000000000000000888 ) ;
#3406 = CARTESIAN_POINT ( 'NONE',  ( -8.924235094193059936, 2.386298900080692231, 0.000000000000000000 ) ) ;
#3407 = FACE_OUTER_BOUND ( 'NONE', #1609, .T. ) ;
#3408 = DIRECTION ( 'NONE',  ( 1.000000000000000000, 0.000000000000000000, 0.000000000000000000 ) ) ;
#3409 = EDGE_CURVE ( 'NONE', #2135, #299, #3264, .T. ) ;
#3410 = AXIS2_PLACEMENT_3D ( 'NONE', #3121, #3786, #808 ) ;
#3411 = VECTOR ( 'NONE', #1376, 1000.000000000000114 ) ;
#3412 = EDGE_CURVE ( 'NONE', #1583, #2149, #4395, .T. ) ;
#3413 = VERTEX_POINT ( 'NONE', #4446 ) ;
#3414 = ORIENTED_EDGE ( 'NONE', *, *, #801, .T. ) ;
#3415 = VECTOR ( 'NONE', #495, 1000.000000000000000 ) ;
#3416 = AXIS2_PLACEMENT_3D ( 'NONE', #3524, #64, #3150 ) ;
#3417 = EDGE_CURVE ( 'NONE', #1583, #2782, #1835, .T. ) ;
#3418 = ORIENTED_EDGE ( 'NONE', *, *, #1663, .F. ) ;
#3419 = EDGE_LOOP ( 'NONE', ( #1692, #2447 ) ) ;
#3420 = DIRECTION ( 'NONE',  ( 0.000000000000000000, 0.000000000000000000, 1.000000000000000000 ) ) ;
#3421 = CARTESIAN_POINT ( 'NONE',  ( -0.3752417887738916935, -4.613701099919306436, 43.35000000000000853 ) ) ;
#3422 = CARTESIAN_POINT ( 'NONE',  ( -2.010713462348051817, 93.88465243609338984, 47.34166699478051044 ) ) ;
#3423 = LINE ( 'NONE', #111, #1690 ) ;
#3424 = EDGE_LOOP ( 'NONE', ( #3821, #1861 ) ) ;
#3425 = ORIENTED_EDGE ( 'NONE', *, *, #2391, .T. ) ;
#3426 = LINE ( 'NONE', #3053, #2458 ) ;
#3427 = CARTESIAN_POINT ( 'NONE',  ( -4.375241788773890583, -6.340670791627873726, 50.00000000000000000 ) ) ;
#3428 = DIRECTION ( 'NONE',  ( 1.361274163819719708E-06, 0.000000000000000000, 0.9999999999990734079 ) ) ;
#3429 = DIRECTION ( 'NONE',  ( 0.9999973318757245933, 0.002310030612746067236, -2.631765778871770023E-10 ) ) ;
#3430 = ORIENTED_EDGE ( 'NONE', *, *, #4122, .T. ) ;
#3431 = CARTESIAN_POINT ( 'NONE',  ( -28.13962312344792238, 18.68429699879670025, 68.82671117685788431 ) ) ;
#3432 = EDGE_CURVE ( 'NONE', #4334, #2782, #1407, .T. ) ;
#3433 = CARTESIAN_POINT ( 'NONE',  ( -28.21558896376547665, 51.56941861240046876, 43.68895153481192040 ) ) ;
#3434 = CYLINDRICAL_SURFACE ( 'NONE', #968, 1.000000000000000000 ) ;
#3435 = DIRECTION ( 'NONE',  ( 0.9999973318757245933, 0.002310030612744636957, 1.020742870525235002E-32 ) ) ;
#3436 = ORIENTED_EDGE ( 'NONE', *, *, #3925, .F. ) ;
#3437 = EDGE_CURVE ( 'NONE', #113, #1395, #278, .T. ) ;
#3438 = ORIENTED_EDGE ( 'NONE', *, *, #2497, .F. ) ;
#3439 = VERTEX_POINT ( 'NONE', #3285 ) ;
#3440 = CARTESIAN_POINT ( 'NONE',  ( 1.290600740333204710, -28.99784507135240830, 63.01053066435613204 ) ) ;
#3441 = EDGE_LOOP ( 'NONE', ( #2928, #1767, #2666 ) ) ;
#3442 = DIRECTION ( 'NONE',  ( 1.344310397996360321E-09, 3.104270641485800502E-12, -1.000000000000000000 ) ) ;
#3443 = EDGE_CURVE ( 'NONE', #3458, #3838, #1126, .T. ) ;
#3444 = CARTESIAN_POINT ( 'NONE',  ( -21.75582692013241370, 88.17273061826463731, 47.41953824246409965 ) ) ;
#3445 = ORIENTED_EDGE ( 'NONE', *, *, #3780, .F. ) ;
#3446 = VERTEX_POINT ( 'NONE', #4047 ) ;
#3447 = LINE ( 'NONE', #4575, #4495 ) ;
#3448 = LINE ( 'NONE', #3502, #2082 ) ;
#3449 = LINE ( 'NONE', #2721, #1197 ) ;
#3450 = DIRECTION ( 'NONE',  ( 1.599558461027885202E-22, -1.000000000000000000, 6.078025923572550182E-13 ) ) ;
#3451 = VERTEX_POINT ( 'NONE', #682 ) ;
#3452 = DIRECTION ( 'NONE',  ( -0.000000000000000000, -0.000000000000000000, -1.000000000000000000 ) ) ;
#3453 = DIRECTION ( 'NONE',  ( 1.203683937203171286E-18, -5.210670018760918348E-16, 1.000000000000000000 ) ) ;
#3454 = EDGE_CURVE ( 'NONE', #1027, #2505, #3331, .T. ) ;
#3455 = DIRECTION ( 'NONE',  ( -1.000000000000000000, -2.497201896645818533E-21, -3.845403544317018837E-09 ) ) ;
#3456 = CARTESIAN_POINT ( 'NONE',  ( 4.978153340705781638, 19.68429699879670380, 69.82671117685787010 ) ) ;
#3457 = DIRECTION ( 'NONE',  ( -0.9999973318757247043, -0.002310030612744636089, 1.139179290558684787E-16 ) ) ;
#3458 = VERTEX_POINT ( 'NONE', #196 ) ;
#3459 = ADVANCED_FACE ( 'NONE', ( #3546 ), #488, .F. ) ;
#3460 = EDGE_LOOP ( 'NONE', ( #3766, #3623, #478, #2923 ) ) ;
#3461 = ORIENTED_EDGE ( 'NONE', *, *, #920, .F. ) ;
#3462 = LINE ( 'NONE', #135, #2066 ) ;
#3463 = EDGE_LOOP ( 'NONE', ( #2567, #2958, #1314, #1420, #4808, #3611, #339 ) ) ;
#3464 = DIRECTION ( 'NONE',  ( 0.002310030612740220785, -0.9999973318757245933, 3.193368767321957072E-09 ) ) ;
#3465 = CARTESIAN_POINT ( 'NONE',  ( 4.980552338755955155, 18.64578623789546796, -0.9554910923927559807 ) ) ;
#3466 = VERTEX_POINT ( 'NONE', #3940 ) ;
#3467 = ORIENTED_EDGE ( 'NONE', *, *, #3517, .F. ) ;
#3468 = CLOSED_SHELL ( 'NONE', ( #1491, #4480, #3333, #1068, #302, #4470, #4066, #1412, #2168, #4544, #1015, #4271, #1170, #3298, #301, #1691, #1777, #705, #151, #357, #4864, #1982, #3197, #736, #276, #4525, #4527, #2321, #689, #2411, #2268, #3771, #3931, #308, #2089, #4735, #2356, #3667, #2335, #2553, #3747, #1109, #660, #3113, #991, #3309, #4180, #4068, #3493, #143, #1875, #3616, #3207, #2827, #4386, #5, #766, #2683, #4629, #4824, #4325, #3292, #1025, #3262, #79, #899, #1507, #4443, #4252, #4114, #4521, #845, #1784, #948, #2343, #1911, #2883, #4689, #3946, #4642, #208, #1585, #2632, #3173, #4650, #2196, #1033, #2939, #222, #635, #1434, #4486, #200, #4245, #2331, #416, #116, #2417, #2808, #4166, #2995, #4380, #2310, #52, #4434, #4152, #4502, #274, #871, #3357, #4278, #1216, #2850, #3744, #2926, #1523, #1764, #789, #2542, #2724, #1144, #4739, #3143, #3762, #1081, #2692, #3092, #3349, #2533, #3716, #3044, #950, #856, #3915, #3459, #2621, #1282, #820, #455, #387, #4458, #2678, #4167, #2406, #1298, #1022, #4321, #3022, #2007, #1346, #1633, #792 ) ) ;
#3469 = CARTESIAN_POINT ( 'NONE',  ( -4.440181389418849989, 88.21273039624441026, 38.40709656862401999 ) ) ;
#3470 = LINE ( 'NONE', #2287, #4442 ) ;
#3471 = DIRECTION ( 'NONE',  ( 0.000000000000000000, 0.000000000000000000, 1.000000000000000000 ) ) ;
#3472 = LINE ( 'NONE', #486, #967 ) ;
#3473 = AXIS2_PLACEMENT_3D ( 'NONE', #2271, #3828, #4482 ) ;
#3474 = ORIENTED_EDGE ( 'NONE', *, *, #850, .F. ) ;
#3475 = PLANE ( 'NONE',  #2053 ) ;
#3476 = CARTESIAN_POINT ( 'NONE',  ( 4.761410609861366439, 113.5108252500206873, 5.134895510166094877E-14 ) ) ;
#3477 = VECTOR ( 'NONE', #3435, 1000.000000000000227 ) ;
#3478 = AXIS2_PLACEMENT_3D ( 'NONE', #4747, #236, #1719 ) ;
#3479 = DIRECTION ( 'NONE',  ( -0.000000000000000000, -0.000000000000000000, -1.000000000000000000 ) ) ;
#3480 = LINE ( 'NONE', #824, #3798 ) ;
#3481 = LINE ( 'NONE', #2410, #4341 ) ;
#3482 = AXIS2_PLACEMENT_3D ( 'NONE', #4687, #604, #2044 ) ;
#3483 = ORIENTED_EDGE ( 'NONE', *, *, #4133, .F. ) ;
#3484 = LINE ( 'NONE', #101, #1339 ) ;
#3485 = MANIFOLD_SOLID_BREP ( '\X2\52079664\X0\-\X2\62c94f38\X0\20', #3468 ) ;
#3486 = CIRCLE ( 'NONE', #178, 1.000000000000000888 ) ;
#3487 = CARTESIAN_POINT ( 'NONE',  ( -25.78152732349233389, 23.68429699879670380, 35.77815165276616227 ) ) ;
#3488 = AXIS2_PLACEMENT_3D ( 'NONE', #1224, #4553, #4184 ) ;
#3489 =( BOUNDED_CURVE ( )  B_SPLINE_CURVE ( 3, ( #3657, #1778, #4086, #365 ),
 .UNSPECIFIED., .F., .T. ) 
 B_SPLINE_CURVE_WITH_KNOTS ( ( 4, 4 ),
 ( 4.712388980384681680, 4.714699013051906640 ),
 .UNSPECIFIED. ) 
 CURVE ( )  GEOMETRIC_REPRESENTATION_ITEM ( )  RATIONAL_B_SPLINE_CURVE ( ( 1.000000000000000000, 0.9999995553124724212, 0.9999995553124724212, 1.000000000000000000 ) ) 
 REPRESENTATION_ITEM ( '' )  );
#3490 = ORIENTED_EDGE ( 'NONE', *, *, #636, .F. ) ;
#3491 = PRESENTATION_LAYER_ASSIGNMENT (  '', '', ( #4820 ) ) ;
#3492 = DIRECTION ( 'NONE',  ( 0.9999973318757245933, 0.002310030612747857905, 0.000000000000000000 ) ) ;
#3493 = ADVANCED_FACE ( 'NONE', ( #1276 ), #892, .F. ) ;
#3494 = LINE ( 'NONE', #2639, #1446 ) ;
#3495 = CARTESIAN_POINT ( 'NONE',  ( -1.375241788773899687, 48.78451077974749239, 35.77815165332165748 ) ) ;
#3496 = AXIS2_PLACEMENT_3D ( 'NONE', #1604, #1574, #70 ) ;
#3497 = ORIENTED_EDGE ( 'NONE', *, *, #2909, .T. ) ;
#3498 = ORIENTED_EDGE ( 'NONE', *, *, #4206, .T. ) ;
#3499 = VECTOR ( 'NONE', #2264, 1000.000000000000227 ) ;
#3500 = EDGE_CURVE ( 'NONE', #699, #2687, #2307, .T. ) ;
#3501 = DIRECTION ( 'NONE',  ( 0.9999973318757248153, 0.002310030612734641914, 0.000000000000000000 ) ) ;
#3502 = CARTESIAN_POINT ( 'NONE',  ( -28.21558896376547665, 51.56941861240046876, 35.77815151515048342 ) ) ;
#3503 = LINE ( 'NONE', #1619, #897 ) ;
#3504 = CARTESIAN_POINT ( 'NONE',  ( -27.21681824921459025, 52.10272336027070850, 57.82671117685787721 ) ) ;
#3505 = AXIS2_PLACEMENT_3D ( 'NONE', #4379, #2831, #555 ) ;
#3506 = CARTESIAN_POINT ( 'NONE',  ( 1.180296779576427868, 18.75202709204821261, 36.47824939404222278 ) ) ;
#3507 = ORIENTED_EDGE ( 'NONE', *, *, #512, .F. ) ;
#3508 = ORIENTED_EDGE ( 'NONE', *, *, #592, .F. ) ;
#3509 = DIRECTION ( 'NONE',  ( -1.000000000000000000, 0.000000000000000000, 0.000000000000000000 ) ) ;
#3510 = DIRECTION ( 'NONE',  ( -3.036891891447462442E-19, 1.314650884662483754E-16, -1.000000000000000000 ) ) ;
#3511 = DIRECTION ( 'NONE',  ( -0.9999973318757248153, -0.002310030612712179413, 0.000000000000000000 ) ) ;
#3512 = DIRECTION ( 'NONE',  ( 0.002310030612744635222, -0.9999973318757245933, 0.000000000000000000 ) ) ;
#3513 = EDGE_CURVE ( 'NONE', #4082, #3712, #145, .T. ) ;
#3514 = ORIENTED_EDGE ( 'NONE', *, *, #3194, .F. ) ;
#3515 = CARTESIAN_POINT ( 'NONE',  ( 5.075764905806941840, 2.386298900080696672, 6.649999999999995914 ) ) ;
#3516 = DIRECTION ( 'NONE',  ( 1.000000000000000000, 0.000000000000000000, 3.845403544317018837E-09 ) ) ;
#3517 = EDGE_CURVE ( 'NONE', #3439, #1411, #865, .T. ) ;
#3518 = VERTEX_POINT ( 'NONE', #4606 ) ;
#3519 = CARTESIAN_POINT ( 'NONE',  ( -18.05463657552722978, 94.45806864743812525, 38.90478621817607774 ) ) ;
#3520 = DIRECTION ( 'NONE',  ( 1.000000000000000000, 0.000000000000000000, 0.000000000000000000 ) ) ;
#3521 = ORIENTED_EDGE ( 'NONE', *, *, #3768, .T. ) ;
#3522 = VERTEX_POINT ( 'NONE', #121 ) ;
#3523 = CARTESIAN_POINT ( 'NONE',  ( -28.13962312344794015, 53.56627942555826394, 37.18130249073213633 ) ) ;
#3524 = CARTESIAN_POINT ( 'NONE',  ( -21.50476238724073852, 94.50681934082545865, 62.76666699981927877 ) ) ;
#3525 = DIRECTION ( 'NONE',  ( 0.000000000000000000, 0.000000000000000000, 1.000000000000000000 ) ) ;
#3526 = CARTESIAN_POINT ( 'NONE',  ( -0.2644974041634672313, 114.4992178858058338, 5.187002349381227255E-14 ) ) ;
#3527 = PRESENTATION_STYLE_ASSIGNMENT (( #168 ) ) ;
#3528 = ORIENTED_EDGE ( 'NONE', *, *, #4684, .T. ) ;
#3529 = EDGE_LOOP ( 'NONE', ( #753, #525, #1419, #3514 ) ) ;
#3530 = CARTESIAN_POINT ( 'NONE',  ( -17.80389307097763663, -14.08843733533363185, 40.96666720124041916 ) ) ;
#3531 = CARTESIAN_POINT ( 'NONE',  ( -0.8124845153003823484, -29.00270327563642070, 65.32670781691940931 ) ) ;
#3532 = DIRECTION ( 'NONE',  ( 0.9999973318757247043, 0.002310030612743402267, 0.000000000000000000 ) ) ;
#3533 = CARTESIAN_POINT ( 'NONE',  ( 4.903265583583928056, 52.10272336027070850, 68.82671117685787010 ) ) ;
#3534 = ORIENTED_EDGE ( 'NONE', *, *, #3363, .F. ) ;
#3535 = DIRECTION ( 'NONE',  ( 0.000000000000000000, -1.000000000000000000, 0.000000000000000000 ) ) ;
#3536 = CYLINDRICAL_SURFACE ( 'NONE', #3316, 0.9999999999999991118 ) ;
#3537 = EDGE_LOOP ( 'NONE', ( #4421, #3132, #828 ) ) ;
#3538 = CARTESIAN_POINT ( 'NONE',  ( 9.224758211226102844, 22.68429699879670736, 50.00000000000000000 ) ) ;
#3539 = LINE ( 'NONE', #3934, #4511 ) ;
#3540 = ORIENTED_EDGE ( 'NONE', *, *, #2573, .T. ) ;
#3541 = VERTEX_POINT ( 'NONE', #1227 ) ;
#3542 = CARTESIAN_POINT ( 'NONE',  ( -4.375241788773891471, 2.386298900080693564, 6.649999999999996803 ) ) ;
#3543 = PLANE ( 'NONE',  #1525 ) ;
#3544 = LINE ( 'NONE', #194, #1122 ) ;
#3545 = CARTESIAN_POINT ( 'NONE',  ( 0.04531114067907876519, 94.49988019231003022, 62.76666700000043164 ) ) ;
#3546 = FACE_OUTER_BOUND ( 'NONE', #1470, .T. ) ;
#3547 = ORIENTED_EDGE ( 'NONE', *, *, #3321, .T. ) ;
#3548 = ORIENTED_EDGE ( 'NONE', *, *, #1388, .T. ) ;
#3549 = CARTESIAN_POINT ( 'NONE',  ( -0.3752417887738960234, 9.386298900080694452, 6.649999999999995914 ) ) ;
#3550 = EDGE_CURVE ( 'NONE', #2866, #4783, #2370, .T. ) ;
#3551 = LINE ( 'NONE', #2043, #345 ) ;
#3552 = LINE ( 'NONE', #1707, #3402 ) ;
#3553 = FACE_OUTER_BOUND ( 'NONE', #3315, .T. ) ;
#3554 = CIRCLE ( 'NONE', #1036, 1.549999999999999378 ) ;
#3555 = ORIENTED_EDGE ( 'NONE', *, *, #506, .T. ) ;
#3556 = AXIS2_PLACEMENT_3D ( 'NONE', #3855, #738, #3118 ) ;
#3557 = AXIS2_PLACEMENT_3D ( 'NONE', #4557, #2293, #3804 ) ;
#3558 = FACE_BOUND ( 'NONE', #1592, .T. ) ;
#3559 = ORIENTED_EDGE ( 'NONE', *, *, #3105, .F. ) ;
#3560 = EDGE_CURVE ( 'NONE', #3541, #2554, #3131, .T. ) ;
#3561 = CIRCLE ( 'NONE', #3719, 4.000000000000000888 ) ;
#3562 = EDGE_CURVE ( 'NONE', #3695, #4590, #1251, .T. ) ;
#3563 = AXIS2_PLACEMENT_3D ( 'NONE', #4023, #4090, #2528 ) ;
#3564 = ORIENTED_EDGE ( 'NONE', *, *, #4196, .T. ) ;
#3565 = LINE ( 'NONE', #1762, #2705 ) ;
#3566 = AXIS2_PLACEMENT_3D ( 'NONE', #1560, #3420, #34 ) ;
#3567 = AXIS2_PLACEMENT_3D ( 'NONE', #2911, #2889, #4385 ) ;
#3568 = DIRECTION ( 'NONE',  ( 0.000000000000000000, 1.000000000000000000, 9.035018104045871927E-17 ) ) ;
#3569 = EDGE_CURVE ( 'NONE', #4067, #3954, #3899, .T. ) ;
#3570 = EDGE_CURVE ( 'NONE', #2047, #1490, #4151, .T. ) ;
#3571 = VECTOR ( 'NONE', #2223, 1000.000000000000000 ) ;
#3572 = VECTOR ( 'NONE', #945, 1000.000000000000000 ) ;
#3573 = ORIENTED_EDGE ( 'NONE', *, *, #569, .F. ) ;
#3574 = PLANE ( 'NONE',  #4652 ) ;
#3575 = VECTOR ( 'NONE', #2430, 1000.000000000000000 ) ;
#3576 = CARTESIAN_POINT ( 'NONE',  ( -23.30190014484627170, 18.68351819535208591, 35.77815165211662674 ) ) ;
#3577 = FACE_OUTER_BOUND ( 'NONE', #1000, .T. ) ;
#3578 = LINE ( 'NONE', #3181, #3322 ) ;
#3579 = EDGE_CURVE ( 'NONE', #2505, #2386, #2685, .T. ) ;
#3580 = CARTESIAN_POINT ( 'NONE',  ( 9.224758211226104621, 2.386298900080695340, 50.00000000000000000 ) ) ;
#3581 = ORIENTED_EDGE ( 'NONE', *, *, #3103, .F. ) ;
#3582 = ORIENTED_EDGE ( 'NONE', *, *, #61, .T. ) ;
#3583 = VECTOR ( 'NONE', #4848, 1000.000000000000000 ) ;
#3584 = DIRECTION ( 'NONE',  ( 0.000000000000000000, 0.000000000000000000, 1.000000000000000000 ) ) ;
#3585 = FACE_OUTER_BOUND ( 'NONE', #381, .T. ) ;
#3586 = LINE ( 'NONE', #3608, #2301 ) ;
#3587 = VECTOR ( 'NONE', #4818, 1000.000000000000000 ) ;
#3588 = CARTESIAN_POINT ( 'NONE',  ( 1.102145888051779821, 52.58304326005715978, 47.41953824246409255 ) ) ;
#3589 = ORIENTED_EDGE ( 'NONE', *, *, #4812, .F. ) ;
#3590 = DIRECTION ( 'NONE',  ( -1.000000000000000000, 0.000000000000000000, 0.000000000000000000 ) ) ;
#3591 = PLANE ( 'NONE',  #3404 ) ;
#3592 = ORIENTED_EDGE ( 'NONE', *, *, #3627, .F. ) ;
#3593 = DIRECTION ( 'NONE',  ( -1.000000000000000000, 0.000000000000000000, 0.000000000000000000 ) ) ;
#3594 = EDGE_CURVE ( 'NONE', #3111, #207, #3761, .T. ) ;
#3595 = ORIENTED_EDGE ( 'NONE', *, *, #3836, .T. ) ;
#3596 = FACE_OUTER_BOUND ( 'NONE', #3088, .T. ) ;
#3597 = DIRECTION ( 'NONE',  ( 1.000000000000000000, 0.000000000000000000, 0.000000000000000000 ) ) ;
#3598 = SHAPE_DEFINITION_REPRESENTATION ( #1377, #2730 ) ;
#3599 = VERTEX_POINT ( 'NONE', #3048 ) ;
#3600 = EDGE_LOOP ( 'NONE', ( #989, #2284, #3581, #4253 ) ) ;
#3601 = PLANE ( 'NONE',  #4100 ) ;
#3602 = CARTESIAN_POINT ( 'NONE',  ( -22.55322050327963979, 93.83813496533004184, 62.76666700194689952 ) ) ;
#3603 = DIRECTION ( 'NONE',  ( 0.000000000000000000, 0.000000000000000000, -1.000000000000000000 ) ) ;
#3604 = CARTESIAN_POINT ( 'NONE',  ( -28.21681558109031229, 52.10041332965796101, 57.82671117685787721 ) ) ;
#3605 = ORIENTED_EDGE ( 'NONE', *, *, #3579, .F. ) ;
#3606 = ORIENTED_EDGE ( 'NONE', *, *, #4463, .T. ) ;
#3607 = DIRECTION ( 'NONE',  ( -1.000000000000000000, 1.603096986908245266E-22, 2.631707271538399749E-10 ) ) ;
#3608 = CARTESIAN_POINT ( 'NONE',  ( -21.85463043600922362, 94.44929052187103480, 40.96666697590043071 ) ) ;
#3609 = CARTESIAN_POINT ( 'NONE',  ( -2.375241788773899021, 47.51268136817443377, 35.77815164659180880 ) ) ;
#3610 = EDGE_CURVE ( 'NONE', #2049, #3758, #977, .T. ) ;
#3611 = ORIENTED_EDGE ( 'NONE', *, *, #632, .T. ) ;
#3612 = DIRECTION ( 'NONE',  ( 0.002310030612740221218, -0.9999973318757247043, 3.193368767321957486E-09 ) ) ;
#3613 = CARTESIAN_POINT ( 'NONE',  ( -20.45463416277327795, 94.45252456474875657, 62.76666700000041743 ) ) ;
#3614 = EDGE_LOOP ( 'NONE', ( #451, #2974, #3841, #500 ) ) ;
#3615 = DIRECTION ( 'NONE',  ( -1.000000000000000000, -1.221751078155125993E-16, 0.000000000000000000 ) ) ;
#3616 = ADVANCED_FACE ( 'NONE', ( #4568 ), #1218, .F. ) ;
#3617 = ORIENTED_EDGE ( 'NONE', *, *, #1869, .T. ) ;
#3618 = VERTEX_POINT ( 'NONE', #435 ) ;
#3619 = CARTESIAN_POINT ( 'NONE',  ( 1.102020908646126562, 52.63714603752772803, 43.68895153481192040 ) ) ;
#3620 = CARTESIAN_POINT ( 'NONE',  ( 1.174758211226108351, -4.613701099919306436, 43.35000000000000853 ) ) ;
#3621 = EDGE_CURVE ( 'NONE', #2275, #430, #99, .T. ) ;
#3622 = ORIENTED_EDGE ( 'NONE', *, *, #585, .F. ) ;
#3623 = ORIENTED_EDGE ( 'NONE', *, *, #426, .T. ) ;
#3624 = DIRECTION ( 'NONE',  ( -0.002310030612744636089, 0.9999973318757245933, 1.314698384578896621E-16 ) ) ;
#3625 = DIRECTION ( 'NONE',  ( -1.000000000000000000, 0.000000000000000000, 1.084202172485504187E-16 ) ) ;
#3626 = CARTESIAN_POINT ( 'NONE',  ( -20.45321490020370447, 93.83813496533004184, 62.76666700196238935 ) ) ;
#3627 = EDGE_CURVE ( 'NONE', #267, #283, #1279, .T. ) ;
#3628 = AXIS2_PLACEMENT_3D ( 'NONE', #4537, #3452, #1158 ) ;
#3629 = EDGE_LOOP ( 'NONE', ( #3306, #2134, #1239, #2747 ) ) ;
#3630 = CARTESIAN_POINT ( 'NONE',  ( -29.63044924798114010, 53.10272336027070850, 57.82671117685787721 ) ) ;
#3631 = SPHERICAL_SURFACE ( 'NONE', #1678, 1.000000000000000000 ) ;
#3632 = LINE ( 'NONE', #4345, #185 ) ;
#3633 = AXIS2_PLACEMENT_3D ( 'NONE', #941, #2449, #4217 ) ;
#3634 = ORIENTED_EDGE ( 'NONE', *, *, #4538, .T. ) ;
#3635 = DIRECTION ( 'NONE',  ( 0.000000000000000000, 0.000000000000000000, 1.000000000000000000 ) ) ;
#3636 = DIRECTION ( 'NONE',  ( 0.000000000000000000, 0.000000000000000000, 1.000000000000000000 ) ) ;
#3637 = AXIS2_PLACEMENT_3D ( 'NONE', #3259, #2076, #4758 ) ;
#3638 = AXIS2_PLACEMENT_3D ( 'NONE', #3740, #2976, #1098 ) ;
#3639 = ORIENTED_EDGE ( 'NONE', *, *, #131, .T. ) ;
#3640 = ORIENTED_EDGE ( 'NONE', *, *, #337, .F. ) ;
#3641 = EDGE_CURVE ( 'NONE', #452, #4663, #2868, .T. ) ;
#3642 = VECTOR ( 'NONE', #2756, 1000.000000000000000 ) ;
#3643 = AXIS2_PLACEMENT_3D ( 'NONE', #1803, #1436, #4447 ) ;
#3644 = DIRECTION ( 'NONE',  ( -0.002310030612744636089, 0.9999973318757245933, 1.314654392323783878E-16 ) ) ;
#3645 = CARTESIAN_POINT ( 'NONE',  ( -54.89290318739411845, 18.68429699879670025, 36.47824939404222988 ) ) ;
#3646 = CARTESIAN_POINT ( 'NONE',  ( 4.761410609861367327, 113.5108252500206447, 68.82671117685788431 ) ) ;
#3647 = VECTOR ( 'NONE', #249, 1000.000000000000000 ) ;
#3648 = AXIS2_PLACEMENT_3D ( 'NONE', #1202, #1570, #3428 ) ;
#3649 = ORIENTED_EDGE ( 'NONE', *, *, #62, .F. ) ;
#3650 =( BOUNDED_CURVE ( )  B_SPLINE_CURVE ( 3, ( #4041, #2966, #2983, #4868 ),
 .UNSPECIFIED., .F., .T. ) 
 B_SPLINE_CURVE_WITH_KNOTS ( ( 4, 4 ),
 ( 1.570796326794897668, 3.141592653589790007 ),
 .UNSPECIFIED. ) 
 CURVE ( )  GEOMETRIC_REPRESENTATION_ITEM ( )  RATIONAL_B_SPLINE_CURVE ( ( 1.000000000000000000, 0.8047378541243659367, 0.8047378541243659367, 1.000000000000000000 ) ) 
 REPRESENTATION_ITEM ( '' )  );
#3651 = ORIENTED_EDGE ( 'NONE', *, *, #3925, .T. ) ;
#3652 = EDGE_CURVE ( 'NONE', #3057, #4262, #4505, .T. ) ;
#3653 = AXIS2_PLACEMENT_3D ( 'NONE', #2461, #4324, #3912 ) ;
#3654 = CARTESIAN_POINT ( 'NONE',  ( 9.224758211226104621, -7.213701099919302528, 6.649999999999995914 ) ) ;
#3655 = CARTESIAN_POINT ( 'NONE',  ( -27.30007541373077018, 88.14421212512698389, 42.68895153481192040 ) ) ;
#3656 = CARTESIAN_POINT ( 'NONE',  ( 5.980466045613385795, 18.68429699879671091, 69.41249761448477784 ) ) ;
#3657 = CARTESIAN_POINT ( 'NONE',  ( -28.21558896376547665, 51.56941861240046876, 36.77815165312662060 ) ) ;
#3658 = ORIENTED_EDGE ( 'NONE', *, *, #1545, .T. ) ;
#3659 = VERTEX_POINT ( 'NONE', #4230 ) ;
#3660 = CARTESIAN_POINT ( 'NONE',  ( -28.21681824921459025, 52.10272336027070850, 57.82671117685787721 ) ) ;
#3661 = CARTESIAN_POINT ( 'NONE',  ( 3.624758211226107640, 2.386298900080693564, 6.649999999999996803 ) ) ;
#3662 = AXIS2_PLACEMENT_3D ( 'NONE', #2642, #1474, #2977 ) ;
#3663 = EDGE_CURVE ( 'NONE', #4698, #2440, #832, .T. ) ;
#3664 = LINE ( 'NONE', #2484, #4025 ) ;
#3665 = ORIENTED_EDGE ( 'NONE', *, *, #1292, .F. ) ;
#3666 = DIRECTION ( 'NONE',  ( 1.000000000000000000, 0.000000000000000000, 0.000000000000000000 ) ) ;
#3667 = ADVANCED_FACE ( 'NONE', ( #1882 ), #2282, .F. ) ;
#3668 = EDGE_LOOP ( 'NONE', ( #2252, #4007 ) ) ;
#3669 = ORIENTED_EDGE ( 'NONE', *, *, #3047, .F. ) ;
#3670 = DIRECTION ( 'NONE',  ( 0.000000000000000000, 0.000000000000000000, 1.000000000000000000 ) ) ;
#3671 = CARTESIAN_POINT ( 'NONE',  ( -22.55322050327963979, 93.83813496533004184, 62.76666700194689952 ) ) ;
#3672 = CARTESIAN_POINT ( 'NONE',  ( -27.21790166250251275, 52.57172597488895605, 35.77815165312661350 ) ) ;
#3673 = LINE ( 'NONE', #3297, #3327 ) ;
#3674 = VERTEX_POINT ( 'NONE', #1124 ) ;
#3675 = ORIENTED_EDGE ( 'NONE', *, *, #4124, .T. ) ;
#3676 = CARTESIAN_POINT ( 'NONE',  ( -0.2621873735507226355, 113.4992205539301011, 35.47824667424358580 ) ) ;
#3677 = CARTESIAN_POINT ( 'NONE',  ( 9.224758211226104621, 2.386298900080694896, 43.35000000000000853 ) ) ;
#3678 = EDGE_CURVE ( 'NONE', #1490, #1977, #3839, .T. ) ;
#3679 = CARTESIAN_POINT ( 'NONE',  ( -20.50468478135841011, 93.88465243610092159, 59.71975232698125780 ) ) ;
#3680 = LINE ( 'NONE', #3334, #3156 ) ;
#3681 = DIRECTION ( 'NONE',  ( -0.002310030612744637390, 0.9999973318757248153, 0.000000000000000000 ) ) ;
#3682 = DIRECTION ( 'NONE',  ( -1.000000000000000000, 1.589472359916604809E-22, 2.631707271538399232E-10 ) ) ;
#3683 = EDGE_CURVE ( 'NONE', #1145, #1539, #3388, .T. ) ;
#3684 = VERTEX_POINT ( 'NONE', #57 ) ;
#3685 = EDGE_CURVE ( 'NONE', #3310, #988, #1544, .T. ) ;
#3686 = DIRECTION ( 'NONE',  ( -0.6139149312079333898, 0.000000000000000000, 0.7893721918334584142 ) ) ;
#3687 = ORIENTED_EDGE ( 'NONE', *, *, #2993, .F. ) ;
#3688 = ORIENTED_EDGE ( 'NONE', *, *, #592, .T. ) ;
#3689 = DIRECTION ( 'NONE',  ( 0.000000000000000000, 0.000000000000000000, 1.000000000000000000 ) ) ;
#3690 = DIRECTION ( 'NONE',  ( -1.629001437540167744E-16, 1.000000000000000000, 0.000000000000000000 ) ) ;
#3691 = LINE ( 'NONE', #2608, #271 ) ;
#3692 = CARTESIAN_POINT ( 'NONE',  ( -28.39669108890419835, 88.14167890258795524, 57.82671117685787721 ) ) ;
#3693 = VERTEX_POINT ( 'NONE', #1562 ) ;
#3694 = EDGE_CURVE ( 'NONE', #3219, #1026, #4199, .T. ) ;
#3695 = VERTEX_POINT ( 'NONE', #476 ) ;
#3696 = LINE ( 'NONE', #3278, #3002 ) ;
#3697 = CARTESIAN_POINT ( 'NONE',  ( -61.45834874803541226, 88.08101633273390973, 47.41953824246409965 ) ) ;
#3698 = DIRECTION ( 'NONE',  ( -1.000000000000000000, 0.000000000000000000, 0.000000000000000000 ) ) ;
#3699 = DIRECTION ( 'NONE',  ( -1.203683937203171478E-18, 5.210670018760918348E-16, -1.000000000000000000 ) ) ;
#3700 = ORIENTED_EDGE ( 'NONE', *, *, #473, .F. ) ;
#3701 = ORIENTED_EDGE ( 'NONE', *, *, #2274, .F. ) ;
#3702 = EDGE_CURVE ( 'NONE', #2437, #310, #3494, .T. ) ;
#3703 = DIRECTION ( 'NONE',  ( -0.002310030612744635222, 0.9999973318757245933, 1.314654392321975661E-16 ) ) ;
#3704 = LINE ( 'NONE', #3336, #3728 ) ;
#3705 = DIRECTION ( 'NONE',  ( -0.000000000000000000, -0.000000000000000000, 1.000000000000000000 ) ) ;
#3706 = VERTEX_POINT ( 'NONE', #4128 ) ;
#3707 = ORIENTED_EDGE ( 'NONE', *, *, #405, .F. ) ;
#3708 = EDGE_CURVE ( 'NONE', #904, #299, #2257, .T. ) ;
#3709 = CARTESIAN_POINT ( 'NONE',  ( -27.21681824921459025, 53.10272336027070850, 69.82671117685787010 ) ) ;
#3710 = VECTOR ( 'NONE', #4155, 1000.000000000000114 ) ;
#3711 = ORIENTED_EDGE ( 'NONE', *, *, #2120, .T. ) ;
#3712 = VERTEX_POINT ( 'NONE', #3422 ) ;
#3713 = VECTOR ( 'NONE', #2825, 1000.000000000000000 ) ;
#3714 = CIRCLE ( 'NONE', #324, 1.550000000000000266 ) ;
#3715 = LINE ( 'NONE', #2997, #481 ) ;
#3716 = ADVANCED_FACE ( 'NONE', ( #3196 ), #2488, .T. ) ;
#3717 = DIRECTION ( 'NONE',  ( -0.002310030612744635656, 0.9999973318757248153, 1.314654392323781659E-16 ) ) ;
#3718 = DIRECTION ( 'NONE',  ( 0.000000000000000000, 0.000000000000000000, 1.000000000000000000 ) ) ;
#3719 = AXIS2_PLACEMENT_3D ( 'NONE', #1598, #1226, #3076 ) ;
#3720 = CIRCLE ( 'NONE', #1902, 1.550000000000000488 ) ;
#3721 = ORIENTED_EDGE ( 'NONE', *, *, #2909, .F. ) ;
#3722 = ORIENTED_EDGE ( 'NONE', *, *, #2227, .T. ) ;
#3723 = VECTOR ( 'NONE', #1933, 1000.000000000000000 ) ;
#3724 = VECTOR ( 'NONE', #2288, 1000.000000000000000 ) ;
#3725 = DIRECTION ( 'NONE',  ( 0.002310030612744635656, -0.9999973318757245933, 0.000000000000000000 ) ) ;
#3726 = CARTESIAN_POINT ( 'NONE',  ( -61.37601372443361925, 52.43871641364241043, 47.41953824246409965 ) ) ;
#3727 = CARTESIAN_POINT ( 'NONE',  ( -27.21681824921459025, 52.10272336027070850, 68.82671117685788431 ) ) ;
#3728 = VECTOR ( 'NONE', #1854, 1000.000000000000000 ) ;
#3729 = LINE ( 'NONE', #2655, #1342 ) ;
#3730 = CARTESIAN_POINT ( 'NONE',  ( 9.224758211226102844, 22.68429699879670736, 0.000000000000000000 ) ) ;
#3731 = CIRCLE ( 'NONE', #1521, 1.549999999999999378 ) ;
#3732 = PLANE ( 'NONE',  #2948 ) ;
#3733 = VERTEX_POINT ( 'NONE', #1295 ) ;
#3734 = VERTEX_POINT ( 'NONE', #953 ) ;
#3735 = VECTOR ( 'NONE', #3624, 1000.000000000000114 ) ;
#3736 = AXIS2_PLACEMENT_3D ( 'NONE', #2960, #3741, #306 ) ;
#3737 = EDGE_CURVE ( 'NONE', #1907, #2486, #3337, .T. ) ;
#3738 = ORIENTED_EDGE ( 'NONE', *, *, #4614, .F. ) ;
#3739 = ORIENTED_EDGE ( 'NONE', *, *, #4196, .F. ) ;
#3740 = CARTESIAN_POINT ( 'NONE',  ( 6.625764905806940774, 2.386298900080696672, 6.649999999999995914 ) ) ;
#3741 = DIRECTION ( 'NONE',  ( 0.002310030612744636523, -0.9999973318757247043, 0.000000000000000000 ) ) ;
#3742 = CARTESIAN_POINT ( 'NONE',  ( 5.912147633970755045, 48.25893798638749388, 35.77815164441035023 ) ) ;
#3743 = EDGE_LOOP ( 'NONE', ( #4371, #3707, #2806, #1448 ) ) ;
#3744 = ADVANCED_FACE ( 'NONE', ( #3221 ), #2389, .T. ) ;
#3745 = ORIENTED_EDGE ( 'NONE', *, *, #69, .T. ) ;
#3746 = LINE ( 'NONE', #440, #4 ) ;
#3747 = ADVANCED_FACE ( 'NONE', ( #1317 ), #159, .F. ) ;
#3748 = LINE ( 'NONE', #342, #1843 ) ;
#3749 = FACE_OUTER_BOUND ( 'NONE', #2207, .T. ) ;
#3750 = PLANE ( 'NONE',  #1742 ) ;
#3751 = ORIENTED_EDGE ( 'NONE', *, *, #2032, .F. ) ;
#3752 = DIRECTION ( 'NONE',  ( 0.000000000000000000, 0.000000000000000000, 1.000000000000000000 ) ) ;
#3753 = DIRECTION ( 'NONE',  ( 1.000000000000000000, 0.000000000000000000, 0.000000000000000000 ) ) ;
#3754 = VERTEX_POINT ( 'NONE', #2008 ) ;
#3755 = ORIENTED_EDGE ( 'NONE', *, *, #426, .F. ) ;
#3756 = EDGE_CURVE ( 'NONE', #2736, #3935, #3539, .T. ) ;
#3757 = EDGE_LOOP ( 'NONE', ( #2712, #1379, #3189, #4244 ) ) ;
#3758 = VERTEX_POINT ( 'NONE', #3984 ) ;
#3759 = EDGE_CURVE ( 'NONE', #3674, #2463, #188, .T. ) ;
#3760 = DIRECTION ( 'NONE',  ( 0.002310030612746874316, -0.9999973318757248153, 8.014528668314175314E-18 ) ) ;
#3761 = LINE ( 'NONE', #1169, #4036 ) ;
#3762 = ADVANCED_FACE ( 'NONE', ( #3962 ), #2031, .T. ) ;
#3763 = PLANE ( 'NONE',  #3736 ) ;
#3764 = CARTESIAN_POINT ( 'NONE',  ( -20.50468478950206475, 93.88465243608212063, 28.77538651533460268 ) ) ;
#3765 = ORIENTED_EDGE ( 'NONE', *, *, #756, .T. ) ;
#3766 = ORIENTED_EDGE ( 'NONE', *, *, #137, .F. ) ;
#3767 = CARTESIAN_POINT ( 'NONE',  ( -28.21558896376547665, 51.56941861240046876, 36.77815165312662060 ) ) ;
#3768 = EDGE_CURVE ( 'NONE', #4449, #1311, #3731, .T. ) ;
#3769 = DIRECTION ( 'NONE',  ( -0.000000000000000000, -0.000000000000000000, -1.000000000000000000 ) ) ;
#3770 = LINE ( 'NONE', #4534, #1357 ) ;
#3771 = ADVANCED_FACE ( 'NONE', ( #1636 ), #1241, .F. ) ;
#3772 = DIRECTION ( 'NONE',  ( -1.000000000000000000, 0.000000000000000000, 0.000000000000000000 ) ) ;
#3773 = VERTEX_POINT ( 'NONE', #2111 ) ;
#3774 = DIRECTION ( 'NONE',  ( 0.000000000000000000, 1.000000000000000000, 0.000000000000000000 ) ) ;
#3775 = CARTESIAN_POINT ( 'NONE',  ( 3.624758211226107640, 2.386298900080693564, 3.649999999999996358 ) ) ;
#3776 = DIRECTION ( 'NONE',  ( 0.000000000000000000, 0.000000000000000000, 1.000000000000000000 ) ) ;
#3777 = EDGE_CURVE ( 'NONE', #2853, #4303, #589, .T. ) ;
#3778 = ORIENTED_EDGE ( 'NONE', *, *, #296, .T. ) ;
#3779 = VERTEX_POINT ( 'NONE', #136 ) ;
#3780 = EDGE_CURVE ( 'NONE', #3659, #3891, #531, .T. ) ;
#3781 = ORIENTED_EDGE ( 'NONE', *, *, #3249, .T. ) ;
#3782 = ORIENTED_EDGE ( 'NONE', *, *, #1139, .T. ) ;
#3783 = CARTESIAN_POINT ( 'NONE',  ( -23.30190017009369541, 114.4986629316872637, -60.15714925807218805 ) ) ;
#3784 = LINE ( 'NONE', #1542, #3008 ) ;
#3785 = PLANE ( 'NONE',  #2931 ) ;
#3786 = DIRECTION ( 'NONE',  ( -0.002310030612744635656, 0.9999973318757248153, 1.314654392323781659E-16 ) ) ;
#3787 = VECTOR ( 'NONE', #4256, 1000.000000000000227 ) ;
#3788 = FACE_OUTER_BOUND ( 'NONE', #3529, .T. ) ;
#3789 = ORIENTED_EDGE ( 'NONE', *, *, #4784, .T. ) ;
#3790 = ORIENTED_EDGE ( 'NONE', *, *, #4160, .F. ) ;
#3791 = VECTOR ( 'NONE', #1261, 1000.000000000000227 ) ;
#3792 = AXIS2_PLACEMENT_3D ( 'NONE', #1006, #667, #3295 ) ;
#3793 = CARTESIAN_POINT ( 'NONE',  ( -2.010713454183848725, 94.48948504650979885, 59.71975232211381268 ) ) ;
#3794 = CARTESIAN_POINT ( 'NONE',  ( -1.925241788773896845, 9.386298900080694452, 43.35000000000000853 ) ) ;
#3795 = CARTESIAN_POINT ( 'NONE',  ( 9.224758211226104621, 2.386298900080694896, 6.649999999999996803 ) ) ;
#3796 = VECTOR ( 'NONE', #3699, 1000.000000000000000 ) ;
#3797 = DIRECTION ( 'NONE',  ( -0.000000000000000000, -0.000000000000000000, -1.000000000000000000 ) ) ;
#3798 = VECTOR ( 'NONE', #772, 1000.000000000000000 ) ;
#3799 = EDGE_CURVE ( 'NONE', #4705, #1766, #2715, .T. ) ;
#3800 = ORIENTED_EDGE ( 'NONE', *, *, #1359, .T. ) ;
#3801 = AXIS2_PLACEMENT_3D ( 'NONE', #1290, #2823, #3140 ) ;
#3802 = AXIS2_PLACEMENT_3D ( 'NONE', #2978, #2210, #692 ) ;
#3803 = DIRECTION ( 'NONE',  ( -0.002310030612744635222, 0.9999973318757245933, 0.000000000000000000 ) ) ;
#3804 = DIRECTION ( 'NONE',  ( 0.002310030612744635656, -0.9999973318757245933, 0.000000000000000000 ) ) ;
#3805 = LINE ( 'NONE', #1231, #3260 ) ;
#3806 = LINE ( 'NONE', #1575, #1432 ) ;
#3807 = CARTESIAN_POINT ( 'NONE',  ( -19.46471098539030464, 75.51066902416856408, 47.41953824246409255 ) ) ;
#3808 =( GEOMETRIC_REPRESENTATION_CONTEXT ( 3 ) GLOBAL_UNCERTAINTY_ASSIGNED_CONTEXT ( ( #2351 ) ) GLOBAL_UNIT_ASSIGNED_CONTEXT ( ( #3153, #539, #4681 ) ) REPRESENTATION_CONTEXT ( 'NONE', 'WORKASPACE' ) );
#3809 = VECTOR ( 'NONE', #1335, 1000.000000000000000 ) ;
#3810 =( BOUNDED_CURVE ( )  B_SPLINE_CURVE ( 3, ( #4389, #990, #4438, #2869 ),
 .UNSPECIFIED., .F., .T. ) 
 B_SPLINE_CURVE_WITH_KNOTS ( ( 4, 4 ),
 ( 3.141592653589792672, 4.712388980384695003 ),
 .UNSPECIFIED. ) 
 CURVE ( )  GEOMETRIC_REPRESENTATION_ITEM ( )  RATIONAL_B_SPLINE_CURVE ( ( 1.000000000000000000, 0.8047378541243636052, 0.8047378541243636052, 1.000000000000000000 ) ) 
 REPRESENTATION_ITEM ( '' )  );
#3811 = ORIENTED_EDGE ( 'NONE', *, *, #1306, .F. ) ;
#3812 = EDGE_CURVE ( 'NONE', #1061, #2695, #211, .T. ) ;
#3813 = AXIS2_PLACEMENT_3D ( 'NONE', #1283, #4558, #2727 ) ;
#3814 = VECTOR ( 'NONE', #4335, 1000.000000000000000 ) ;
#3815 = ORIENTED_EDGE ( 'NONE', *, *, #3144, .F. ) ;
#3816 = ORIENTED_EDGE ( 'NONE', *, *, #683, .F. ) ;
#3817 = DIRECTION ( 'NONE',  ( -0.002310030612744637390, 0.9999973318757247043, 0.000000000000000000 ) ) ;
#3818 = EDGE_LOOP ( 'NONE', ( #1165, #3217, #2828, #2906 ) ) ;
#3819 = DIRECTION ( 'NONE',  ( -1.231055726676221706E-16, 1.000000000000000000, -6.078046383545310349E-13 ) ) ;
#3820 = DIRECTION ( 'NONE',  ( 0.9999973318757245933, 0.002310030612747852700, 0.000000000000000000 ) ) ;
#3821 = ORIENTED_EDGE ( 'NONE', *, *, #842, .F. ) ;
#3822 = ORIENTED_EDGE ( 'NONE', *, *, #2509, .F. ) ;
#3823 = CARTESIAN_POINT ( 'NONE',  ( -1.003163005040330846, 93.83813496533004184, 61.71666700017463825 ) ) ;
#3824 = FACE_OUTER_BOUND ( 'NONE', #4399, .T. ) ;
#3825 = LINE ( 'NONE', #818, #4109 ) ;
#3826 = DIRECTION ( 'NONE',  ( -0.000000000000000000, 1.000000000000000000, -6.091471510701619439E-13 ) ) ;
#3827 = ORIENTED_EDGE ( 'NONE', *, *, #719, .F. ) ;
#3828 = DIRECTION ( 'NONE',  ( -0.7893721918334585252, -6.429442176254685299E-17, -0.6139149312079333898 ) ) ;
#3829 = CARTESIAN_POINT ( 'NONE',  ( -21.46387302615317694, 88.17340504249669664, 33.79518992291301061 ) ) ;
#3830 = DIRECTION ( 'NONE',  ( -0.002310030612744636089, 0.9999973318757245933, 1.314931352349654208E-16 ) ) ;
#3831 = CARTESIAN_POINT ( 'NONE',  ( -27.35850182241501116, 113.4366270710534792, 68.82671117685788431 ) ) ;
#3832 = ORIENTED_EDGE ( 'NONE', *, *, #25, .F. ) ;
#3833 =( BOUNDED_CURVE ( )  B_SPLINE_CURVE ( 3, ( #1014, #3656, #2598, #2522 ),
 .UNSPECIFIED., .F., .F. ) 
 B_SPLINE_CURVE_WITH_KNOTS ( ( 4, 4 ),
 ( 1.317694799988714254E-16, 1.570796326794893671 ),
 .UNSPECIFIED. ) 
 CURVE ( )  GEOMETRIC_REPRESENTATION_ITEM ( )  RATIONAL_B_SPLINE_CURVE ( ( 1.000000000000000000, 0.8047378541243658256, 0.8047378541243658256, 1.000000000000000000 ) ) 
 REPRESENTATION_ITEM ( '' )  );
#3834 = ORIENTED_EDGE ( 'NONE', *, *, #4843, .F. ) ;
#3835 = ORIENTED_EDGE ( 'NONE', *, *, #1096, .F. ) ;
#3836 = EDGE_CURVE ( 'NONE', #2103, #4787, #4352, .T. ) ;
#3837 = CARTESIAN_POINT ( 'NONE',  ( -19.35943770973179312, 18.70457955000432904, 37.49520286351869203 ) ) ;
#3838 = VERTEX_POINT ( 'NONE', #878 ) ;
#3839 = LINE ( 'NONE', #1935, #2555 ) ;
#3840 = CARTESIAN_POINT ( 'NONE',  ( -9.975241788773894669, 22.68429699879670736, 13.82552992589453744 ) ) ;
#3841 = ORIENTED_EDGE ( 'NONE', *, *, #2445, .F. ) ;
#3842 = EDGE_LOOP ( 'NONE', ( #1986, #847, #3622, #2332 ) ) ;
#3843 = DIRECTION ( 'NONE',  ( 1.000000000000000000, -1.603538486995512808E-22, -2.631707271538399232E-10 ) ) ;
#3844 = FACE_BOUND ( 'NONE', #3289, .T. ) ;
#3845 = DIRECTION ( 'NONE',  ( 1.445602896647339656E-16, 3.339395855050822449E-19, -1.000000000000000000 ) ) ;
#3846 = CARTESIAN_POINT ( 'NONE',  ( 5.904318132262349472, 51.64823685259317188, 43.68895153481192040 ) ) ;
#3847 = ORIENTED_EDGE ( 'NONE', *, *, #1238, .T. ) ;
#3848 = LINE ( 'NONE', #2407, #3871 ) ;
#3849 = CARTESIAN_POINT ( 'NONE',  ( -28.30007274560648511, 88.14190209451422220, 43.68895153481192040 ) ) ;
#3850 = CARTESIAN_POINT ( 'NONE',  ( -1.375241788773895024, 11.99137724199554178, -9.423346107325590637 ) ) ;
#3851 = FACE_OUTER_BOUND ( 'NONE', #983, .T. ) ;
#3852 = EDGE_CURVE ( 'NONE', #2853, #3541, #613, .T. ) ;
#3853 = VERTEX_POINT ( 'NONE', #1265 ) ;
#3854 = CARTESIAN_POINT ( 'NONE',  ( -7.374235094193059226, 2.386298900080692231, 50.00000000000000000 ) ) ;
#3855 = CARTESIAN_POINT ( 'NONE',  ( -7.374235094193059226, 2.386298900080692231, 6.649999999999995914 ) ) ;
#3856 = ORIENTED_EDGE ( 'NONE', *, *, #1869, .F. ) ;
#3857 = CARTESIAN_POINT ( 'NONE',  ( 8.175764905806939709, 2.386298900080696672, 0.000000000000000000 ) ) ;
#3858 = ORIENTED_EDGE ( 'NONE', *, *, #942, .T. ) ;
#3859 = CARTESIAN_POINT ( 'NONE',  ( 2.019844489293585621, 88.21194221837848204, 43.68895153481192040 ) ) ;
#3860 = CARTESIAN_POINT ( 'NONE',  ( -18.04013995763714462, 88.18131399179688401, 40.96666720124043337 ) ) ;
#3861 = ORIENTED_EDGE ( 'NONE', *, *, #2330, .T. ) ;
#3862 = ORIENTED_EDGE ( 'NONE', *, *, #2101, .F. ) ;
#3863 = EDGE_CURVE ( 'NONE', #2275, #3351, #2785, .T. ) ;
#3864 = AXIS2_PLACEMENT_3D ( 'NONE', #420, #4190, #793 ) ;
#3865 = EDGE_CURVE ( 'NONE', #2717, #733, #2791, .T. ) ;
#3866 = CYLINDRICAL_SURFACE ( 'NONE', #9, 1.050000000000001821 ) ;
#3867 = FACE_OUTER_BOUND ( 'NONE', #2415, .T. ) ;
#3868 = DIRECTION ( 'NONE',  ( 0.9999973318757245933, 0.002310030612744637390, 0.000000000000000000 ) ) ;
#3869 = CARTESIAN_POINT ( 'NONE',  ( -4.375241788773893248, 2.386298900080694452, 0.000000000000000000 ) ) ;
#3870 = DIRECTION ( 'NONE',  ( -1.000000000000000000, 0.000000000000000000, -1.445602896647339656E-16 ) ) ;
#3871 = VECTOR ( 'NONE', #124, 1000.000000000000227 ) ;
#3872 = ORIENTED_EDGE ( 'NONE', *, *, #438, .T. ) ;
#3873 = ORIENTED_EDGE ( 'NONE', *, *, #1885, .T. ) ;
#3874 = EDGE_CURVE ( 'NONE', #2163, #284, #256, .T. ) ;
#3875 = LINE ( 'NONE', #2842, #2136 ) ;
#3876 = VECTOR ( 'NONE', #839, 1000.000000000000227 ) ;
#3877 = CARTESIAN_POINT ( 'NONE',  ( 9.224758211226102844, 22.68429699879670736, 50.00000000000000000 ) ) ;
#3878 = DIRECTION ( 'NONE',  ( -1.000000000000000000, 0.000000000000000000, -3.845403544317018837E-09 ) ) ;
#3879 = DIRECTION ( 'NONE',  ( 1.000000000000000000, 0.000000000000000000, 0.000000000000000000 ) ) ;
#3880 = VECTOR ( 'NONE', #1001, 1000.000000000000227 ) ;
#3881 = AXIS2_PLACEMENT_3D ( 'NONE', #4193, #1534, #2000 ) ;
#3882 = ORIENTED_EDGE ( 'NONE', *, *, #1042, .T. ) ;
#3883 = AXIS2_PLACEMENT_3D ( 'NONE', #2481, #947, #130 ) ;
#3884 = DIRECTION ( 'NONE',  ( -1.789600283735439716E-22, -1.000000000000000000, -1.314650884662486712E-16 ) ) ;
#3885 = ORIENTED_EDGE ( 'NONE', *, *, #3799, .F. ) ;
#3886 = VECTOR ( 'NONE', #1644, 1000.000000000000000 ) ;
#3887 = CARTESIAN_POINT ( 'NONE',  ( 1.019810864449977705, 88.22534317914865198, 47.41953824246409255 ) ) ;
#3888 = CARTESIAN_POINT ( 'NONE',  ( -27.21559163188976171, 51.57172864301321624, 42.68895153481192040 ) ) ;
#3889 = DIRECTION ( 'NONE',  ( 0.000000000000000000, -6.078025923572550182E-13, -1.000000000000000000 ) ) ;
#3890 = AXIS2_PLACEMENT_3D ( 'NONE', #1694, #2055, #3597 ) ;
#3891 = VERTEX_POINT ( 'NONE', #3270 ) ;
#3892 = ORIENTED_EDGE ( 'NONE', *, *, #4566, .T. ) ;
#3893 = VECTOR ( 'NONE', #312, 1000.000000000000114 ) ;
#3894 = CARTESIAN_POINT ( 'NONE',  ( -21.60388401527550428, -14.09721545416421584, 40.96666697590041650 ) ) ;
#3895 = CARTESIAN_POINT ( 'NONE',  ( -21.26961920252582772, -7.285146543249521045, 62.76666700000040322 ) ) ;
#3896 = LINE ( 'NONE', #515, #2470 ) ;
#3897 = DIRECTION ( 'NONE',  ( -0.9999973318757247043, -0.002310030612743404436, 0.000000000000000000 ) ) ;
#3898 = AXIS2_PLACEMENT_3D ( 'NONE', #1958, #1519, #4618 ) ;
#3899 = LINE ( 'NONE', #2016, #3886 ) ;
#3900 = ORIENTED_EDGE ( 'NONE', *, *, #2186, .F. ) ;
#3901 = ORIENTED_EDGE ( 'NONE', *, *, #4366, .T. ) ;
#3902 = EDGE_CURVE ( 'NONE', #4564, #1930, #2587, .T. ) ;
#3903 = CARTESIAN_POINT ( 'NONE',  ( 5.806857916037371226, 88.22069035866628894, 69.41249761448480626 ) ) ;
#3904 = FACE_OUTER_BOUND ( 'NONE', #3842, .T. ) ;
#3905 = DIRECTION ( 'NONE',  ( 1.734723475976805517E-15, 0.000000000000000000, -1.000000000000000000 ) ) ;
#3906 = CYLINDRICAL_SURFACE ( 'NONE', #3637, 4.000000000000000888 ) ;
#3907 = ORIENTED_EDGE ( 'NONE', *, *, #4160, .T. ) ;
#3908 = DIRECTION ( 'NONE',  ( 0.000000000000000000, 0.000000000000000000, 1.000000000000000000 ) ) ;
#3909 = FACE_OUTER_BOUND ( 'NONE', #1846, .T. ) ;
#3910 = EDGE_LOOP ( 'NONE', ( #1954, #2725, #2, #3765 ) ) ;
#3911 = DIRECTION ( 'NONE',  ( -0.000000000000000000, -0.000000000000000000, -1.000000000000000000 ) ) ;
#3912 = DIRECTION ( 'NONE',  ( -0.9999973318757247043, -0.002310030612743402267, 0.000000000000000000 ) ) ;
#3913 = ORIENTED_EDGE ( 'NONE', *, *, #4684, .F. ) ;
#3914 = EDGE_LOOP ( 'NONE', ( #454, #3125, #1514, #4188, #2212, #3790, #2455, #688, #2083, #577 ) ) ;
#3915 = ADVANCED_FACE ( 'NONE', ( #4742 ), #1410, .F. ) ;
#3916 = CARTESIAN_POINT ( 'NONE',  ( -11.12640528913745719, 18.68429699879670380, 29.81996394940863837 ) ) ;
#3917 = DIRECTION ( 'NONE',  ( -2.495384970425327017E-21, -1.000000000000000000, -8.883155072529956973E-12 ) ) ;
#3918 = CARTESIAN_POINT ( 'NONE',  ( 3.624758211226107640, 2.386298900080693564, 3.649999999999996358 ) ) ;
#3919 = DIRECTION ( 'NONE',  ( -1.900463126948074164E-32, 1.000000000000000000, 1.314650884662483754E-16 ) ) ;
#3920 = DIRECTION ( 'NONE',  ( -1.445602896647339656E-16, 0.000000000000000000, 1.000000000000000000 ) ) ;
#3921 = EDGE_LOOP ( 'NONE', ( #3192, #1289, #1077, #2097 ) ) ;
#3922 = ORIENTED_EDGE ( 'NONE', *, *, #2562, .T. ) ;
#3923 = EDGE_CURVE ( 'NONE', #1709, #1061, #2478, .T. ) ;
#3924 = DIRECTION ( 'NONE',  ( 5.929982582445649049E-08, 1.369849099431222135E-10, -0.9999999999999982236 ) ) ;
#3925 = EDGE_CURVE ( 'NONE', #4822, #2372, #4422, .T. ) ;
#3926 = PLANE ( 'NONE',  #3496 ) ;
#3927 = FACE_OUTER_BOUND ( 'NONE', #4318, .T. ) ;
#3928 = CARTESIAN_POINT ( 'NONE',  ( -27.02932183081542306, -29.06326513399118028, 69.82671117685787010 ) ) ;
#3929 = ORIENTED_EDGE ( 'NONE', *, *, #2457, .T. ) ;
#3930 = FACE_OUTER_BOUND ( 'NONE', #1879, .T. ) ;
#3931 = ADVANCED_FACE ( 'NONE', ( #4765 ), #3312, .F. ) ;
#3932 = LINE ( 'NONE', #2851, #584 ) ;
#3933 = ORIENTED_EDGE ( 'NONE', *, *, #3610, .T. ) ;
#3934 = CARTESIAN_POINT ( 'NONE',  ( 31.66108443109123272, 114.5729671539471468, 39.49987437387694200 ) ) ;
#3935 = VERTEX_POINT ( 'NONE', #1368 ) ;
#3936 = DIRECTION ( 'NONE',  ( 0.9997908105647190791, 0.000000000000000000, 0.02045324204966165668 ) ) ;
#3937 = LINE ( 'NONE', #4286, #4673 ) ;
#3938 = DIRECTION ( 'NONE',  ( 0.002310030612746867811, -0.9999973318757247043, -0.000000000000000000 ) ) ;
#3939 = LINE ( 'NONE', #563, #2061 ) ;
#3940 = CARTESIAN_POINT ( 'NONE',  ( -27.13962009491219618, 18.68414086816475717, 35.77815165312659929 ) ) ;
#3941 = ORIENTED_EDGE ( 'NONE', *, *, #49, .T. ) ;
#3942 = ORIENTED_EDGE ( 'NONE', *, *, #125, .T. ) ;
#3943 = FACE_OUTER_BOUND ( 'NONE', #4362, .T. ) ;
#3944 = CARTESIAN_POINT ( 'NONE',  ( -20.49933339657345499, 94.45242130787481472, 30.01666700243336905 ) ) ;
#3945 = CARTESIAN_POINT ( 'NONE',  ( -0.3752417887738960234, 9.386298900080694452, 50.00000000000000000 ) ) ;
#3946 = ADVANCED_FACE ( 'NONE', ( #687 ), #1002, .F. ) ;
#3947 = DIRECTION ( 'NONE',  ( 0.9999973318757245933, 0.002310030612744636089, 8.388387872778604006E-31 ) ) ;
#3948 = AXIS2_PLACEMENT_3D ( 'NONE', #4313, #1998, #568 ) ;
#3949 = ORIENTED_EDGE ( 'NONE', *, *, #3570, .T. ) ;
#3950 = AXIS2_PLACEMENT_3D ( 'NONE', #4613, #1611, #359 ) ;
#3951 = VECTOR ( 'NONE', #4358, 1000.000000000000000 ) ;
#3952 = CARTESIAN_POINT ( 'NONE',  ( -3.007542942618067539, 92.39282238402944358, 59.71975232237743114 ) ) ;
#3953 = FACE_BOUND ( 'NONE', #1703, .T. ) ;
#3954 = VERTEX_POINT ( 'NONE', #2884 ) ;
#3955 = CARTESIAN_POINT ( 'NONE',  ( -1.761650254457717280, -14.05137916445457691, 47.34166699477944462 ) ) ;
#3956 = AXIS2_PLACEMENT_3D ( 'NONE', #4064, #698, #4461 ) ;
#3957 = AXIS2_PLACEMENT_3D ( 'NONE', #4085, #717, #3281 ) ;
#3958 = ORIENTED_EDGE ( 'NONE', *, *, #714, .F. ) ;
#3959 = FACE_OUTER_BOUND ( 'NONE', #580, .T. ) ;
#3960 = AXIS2_PLACEMENT_3D ( 'NONE', #4712, #3908, #4692 ) ;
#3961 = VECTOR ( 'NONE', #2265, 1000.000000000000114 ) ;
#3962 = FACE_OUTER_BOUND ( 'NONE', #2190, .T. ) ;
#3963 = COLOUR_RGB ( '',0.7921568627450980005, 0.8196078431372548767, 0.9333333333333333481 ) ;
#3964 = ORIENTED_EDGE ( 'NONE', *, *, #4491, .F. ) ;
#3965 = VERTEX_POINT ( 'NONE', #1075 ) ;
#3966 = DIRECTION ( 'NONE',  ( 0.000000000000000000, -0.000000000000000000, -1.000000000000000000 ) ) ;
#3967 = CARTESIAN_POINT ( 'NONE',  ( -61.45834874803541226, 88.08101633273390973, 47.41953824246409965 ) ) ;
#3968 = CARTESIAN_POINT ( 'NONE',  ( -0.3752417887738929148, 2.386298900080694452, 69.82671117685788431 ) ) ;
#3969 = DIRECTION ( 'NONE',  ( 8.145007187700838718E-17, -1.000000000000000000, 0.000000000000000000 ) ) ;
#3970 = ORIENTED_EDGE ( 'NONE', *, *, #4339, .T. ) ;
#3971 = ORIENTED_EDGE ( 'NONE', *, *, #285, .F. ) ;
#3972 = VECTOR ( 'NONE', #4720, 1000.000000000000000 ) ;
#3973 = CARTESIAN_POINT ( 'NONE',  ( -9.975241788773896445, 22.68429699879670025, 0.000000000000000000 ) ) ;
#3974 = DIRECTION ( 'NONE',  ( 0.9999973318757247043, 0.002310030612743402267, 0.000000000000000000 ) ) ;
#3975 = FACE_OUTER_BOUND ( 'NONE', #2519, .T. ) ;
#3976 = LINE ( 'NONE', #3588, #1442 ) ;
#3977 = ORIENTED_EDGE ( 'NONE', *, *, #1746, .T. ) ;
#3978 = DIRECTION ( 'NONE',  ( -2.631727321231726033E-10, -6.078025923572550182E-13, -1.000000000000000000 ) ) ;
#3979 = CARTESIAN_POINT ( 'NONE',  ( -1.004817083788372756, 94.55417496838661862, 62.76666699981929298 ) ) ;
#3980 = EDGE_CURVE ( 'NONE', #3965, #6, #2532, .T. ) ;
#3981 = DIRECTION ( 'NONE',  ( -0.002310030612744635656, 0.9999973318757245933, 1.314654392323781413E-16 ) ) ;
#3982 = ORIENTED_EDGE ( 'NONE', *, *, #2445, .T. ) ;
#3983 = CARTESIAN_POINT ( 'NONE',  ( -0.6401874575596702144, 88.22150852197638926, 47.34166700000041317 ) ) ;
#3984 = CARTESIAN_POINT ( 'NONE',  ( -22.55462855971230951, 94.44767350046198828, 62.76666700000041743 ) ) ;
#3985 = VERTEX_POINT ( 'NONE', #4378 ) ;
#3986 = ORIENTED_EDGE ( 'NONE', *, *, #4764, .F. ) ;
#3987 = CARTESIAN_POINT ( 'NONE',  ( 5.968915861732339678, 22.68429699879670380, 50.00000000000000000 ) ) ;
#3988 = DIRECTION ( 'NONE',  ( 1.000000000000000000, 0.000000000000000000, 0.000000000000000000 ) ) ;
#3989 = DIRECTION ( 'NONE',  ( 0.9999973318757245933, 0.002310030612734643649, 0.000000000000000000 ) ) ;
#3990 = ORIENTED_EDGE ( 'NONE', *, *, #885, .T. ) ;
#3991 =( BOUNDED_CURVE ( )  B_SPLINE_CURVE ( 3, ( #3538, #3220, #2854, #4349 ),
 .UNSPECIFIED., .F., .T. ) 
 B_SPLINE_CURVE_WITH_KNOTS ( ( 4, 4 ),
 ( 3.141592653589796669, 4.712388980384689674 ),
 .UNSPECIFIED. ) 
 CURVE ( )  GEOMETRIC_REPRESENTATION_ITEM ( )  RATIONAL_B_SPLINE_CURVE ( ( 1.000000000000000000, 0.8047378541243658256, 0.8047378541243658256, 1.000000000000000000 ) ) 
 REPRESENTATION_ITEM ( '' )  );
#3992 = VERTEX_POINT ( 'NONE', #2904 ) ;
#3993 = CYLINDRICAL_SURFACE ( 'NONE', #80, 1.049999999825789398 ) ;
#3994 = CARTESIAN_POINT ( 'NONE',  ( 5.090590601460952769, -28.98906695502397923, 68.82671117685787010 ) ) ;
#3995 = PLANE ( 'NONE',  #3250 ) ;
#3996 = LINE ( 'NONE', #2023, #4656 ) ;
#3997 = ORIENTED_EDGE ( 'NONE', *, *, #3454, .T. ) ;
#3998 = PLANE ( 'NONE',  #1029 ) ;
#3999 = DIRECTION ( 'NONE',  ( -1.000000000000000000, 0.000000000000000000, 0.000000000000000000 ) ) ;
#4000 = CARTESIAN_POINT ( 'NONE',  ( 9.224758211226104621, 2.386298900080695340, 0.000000000000000000 ) ) ;
#4001 = EDGE_CURVE ( 'NONE', #3734, #82, #795, .T. ) ;
#4002 = VERTEX_POINT ( 'NONE', #326 ) ;
#4003 = CYLINDRICAL_SURFACE ( 'NONE', #1048, 4.000000000000000888 ) ;
#4004 = CARTESIAN_POINT ( 'NONE',  ( -9.975241788773892893, 2.386298900080692675, 50.00000000000000000 ) ) ;
#4005 = EDGE_CURVE ( 'NONE', #4840, #1522, #3243, .T. ) ;
#4006 = VERTEX_POINT ( 'NONE', #4004 ) ;
#4007 = ORIENTED_EDGE ( 'NONE', *, *, #314, .F. ) ;
#4008 = DIRECTION ( 'NONE',  ( 1.000000000000000000, 0.000000000000000000, -2.631716128528597699E-10 ) ) ;
#4009 = DIRECTION ( 'NONE',  ( 1.000000000000000000, 0.000000000000000000, 0.000000000000000000 ) ) ;
#4010 = CARTESIAN_POINT ( 'NONE',  ( -23.50011908079654077, 88.16870123922505798, 34.47824667424357159 ) ) ;
#4011 = ORIENTED_EDGE ( 'NONE', *, *, #920, .T. ) ;
#4012 = EDGE_CURVE ( 'NONE', #1385, #1011, #1288, .T. ) ;
#4013 = VERTEX_POINT ( 'NONE', #1836 ) ;
#4014 = EDGE_CURVE ( 'NONE', #1724, #4683, #2296, .T. ) ;
#4015 = DIRECTION ( 'NONE',  ( 0.9999973318757245933, 0.002310030612747857905, 0.000000000000000000 ) ) ;
#4016 = PLANE ( 'NONE',  #748 ) ;
#4017 = CARTESIAN_POINT ( 'NONE',  ( -0.3752417887738916935, -4.613701099919306436, 50.00000000000000000 ) ) ;
#4018 = FACE_OUTER_BOUND ( 'NONE', #2594, .T. ) ;
#4019 = ORIENTED_EDGE ( 'NONE', *, *, #1568, .F. ) ;
#4020 = CARTESIAN_POINT ( 'NONE',  ( 0.04683979208926920129, 93.83813496533005605, 64.86666699334338659 ) ) ;
#4021 = CARTESIAN_POINT ( 'NONE',  ( -28.35849915429073675, 113.4343170404407459, 68.82671117685788431 ) ) ;
#4022 = AXIS2_PLACEMENT_3D ( 'NONE', #3549, #2042, #4707 ) ;
#4023 = CARTESIAN_POINT ( 'NONE',  ( -54.89290318739411845, -7.213701099919307858, 6.649999999999995914 ) ) ;
#4024 = DIRECTION ( 'NONE',  ( 1.000000000000000000, 0.000000000000000000, 0.000000000000000000 ) ) ;
#4025 = VECTOR ( 'NONE', #3981, 1000.000000000000227 ) ;
#4026 = VECTOR ( 'NONE', #86, 999.9999999999998863 ) ;
#4027 = ORIENTED_EDGE ( 'NONE', *, *, #281, .T. ) ;
#4028 = CARTESIAN_POINT ( 'NONE',  ( 5.912746449882729571, 47.99967259284636611, 36.39491717487336331 ) ) ;
#4029 = VECTOR ( 'NONE', #605, 1000.000000000000000 ) ;
#4030 = ORIENTED_EDGE ( 'NONE', *, *, #1663, .T. ) ;
#4031 = ORIENTED_EDGE ( 'NONE', *, *, #3663, .T. ) ;
#4032 = CIRCLE ( 'NONE', #2783, 1.050000000000002265 ) ;
#4033 = AXIS2_PLACEMENT_3D ( 'NONE', #2117, #711, #1475 ) ;
#4034 = DIRECTION ( 'NONE',  ( 0.000000000000000000, 0.000000000000000000, -1.000000000000000000 ) ) ;
#4035 = PLANE ( 'NONE',  #4207 ) ;
#4036 = VECTOR ( 'NONE', #456, 1000.000000000000000 ) ;
#4037 = VECTOR ( 'NONE', #1551, 1000.000000000000114 ) ;
#4038 = ORIENTED_EDGE ( 'NONE', *, *, #895, .F. ) ;
#4039 = ORIENTED_EDGE ( 'NONE', *, *, #3579, .T. ) ;
#4040 = CIRCLE ( 'NONE', #1915, 1.550000000000000266 ) ;
#4041 = CARTESIAN_POINT ( 'NONE',  ( -2.375241788773896801, 23.68429699879670736, 5.456104383746236408 ) ) ;
#4042 = LINE ( 'NONE', #2945, #3168 ) ;
#4043 = DIRECTION ( 'NONE',  ( 1.000000000000000000, 0.000000000000000000, 0.000000000000000000 ) ) ;
#4044 = VECTOR ( 'NONE', #1699, 1000.000000000000000 ) ;
#4045 = EDGE_CURVE ( 'NONE', #3954, #3268, #3178, .T. ) ;
#4046 = CARTESIAN_POINT ( 'NONE',  ( 5.968915861732338790, 23.68429699879670736, 4.506479282950392573 ) ) ;
#4047 = CARTESIAN_POINT ( 'NONE',  ( -24.06085676220666869, 114.4442474205488054, 63.56069361788939176 ) ) ;
#4048 = VECTOR ( 'NONE', #58, 1000.000000000000000 ) ;
#4049 = DIRECTION ( 'NONE',  ( 0.000000000000000000, 1.000000000000000000, 0.000000000000000000 ) ) ;
#4050 = LINE ( 'NONE', #1437, #1039 ) ;
#4051 = ORIENTED_EDGE ( 'NONE', *, *, #2151, .T. ) ;
#4052 = DIRECTION ( 'NONE',  ( 0.002310030612744635222, -0.9999973318757245933, 0.000000000000000000 ) ) ;
#4053 = EDGE_CURVE ( 'NONE', #491, #172, #115, .T. ) ;
#4054 = ORIENTED_EDGE ( 'NONE', *, *, #480, .T. ) ;
#4055 = ORIENTED_EDGE ( 'NONE', *, *, #1953, .F. ) ;
#4056 = CARTESIAN_POINT ( 'NONE',  ( -1.819671097368764201, -7.240216447831234525, 62.76666700000041743 ) ) ;
#4057 = CARTESIAN_POINT ( 'NONE',  ( -19.39585255503502381, 18.70449543037247864, 37.36017836553782701 ) ) ;
#4058 = DIRECTION ( 'NONE',  ( 0.002310030612744636089, -0.9999973318757245933, -1.314654392323781413E-16 ) ) ;
#4059 = EDGE_CURVE ( 'NONE', #4663, #1766, #3805, .T. ) ;
#4060 = VERTEX_POINT ( 'NONE', #3433 ) ;
#4061 = ORIENTED_EDGE ( 'NONE', *, *, #942, .F. ) ;
#4062 = DIRECTION ( 'NONE',  ( -7.606501008589990966E-17, 0.6178843771050965827, 0.7862689721268713017 ) ) ;
#4063 = DIRECTION ( 'NONE',  ( 1.629001437540167990E-16, -1.000000000000000000, 1.001576277685536048E-18 ) ) ;
#4064 = CARTESIAN_POINT ( 'NONE',  ( 4.806857916037372114, -29.06557516460392421, 68.82671117685787010 ) ) ;
#4065 = ORIENTED_EDGE ( 'NONE', *, *, #4126, .T. ) ;
#4066 = ADVANCED_FACE ( 'NONE', ( #3904 ), #2021, .F. ) ;
#4067 = VERTEX_POINT ( 'NONE', #3849 ) ;
#4068 = ADVANCED_FACE ( 'NONE', ( #900, #868, #1649, #2326, #4219, #1255 ), #3926, .T. ) ;
#4069 = CYLINDRICAL_SURFACE ( 'NONE', #1813, 1.050000000000004485 ) ;
#4070 = CARTESIAN_POINT ( 'NONE',  ( -2.010713455236531999, 94.48948504650736879, 55.71975232211381979 ) ) ;
#4071 = CARTESIAN_POINT ( 'NONE',  ( 1.102020908646126340, 52.63714603752769960, 43.68895153481192040 ) ) ;
#4072 = DIRECTION ( 'NONE',  ( -0.000000000000000000, -0.000000000000000000, -1.000000000000000000 ) ) ;
#4073 = EDGE_LOOP ( 'NONE', ( #3271, #3834 ) ) ;
#4074 = EDGE_CURVE ( 'NONE', #1711, #840, #2749, .T. ) ;
#4075 = EDGE_CURVE ( 'NONE', #876, #2142, #1129, .T. ) ;
#4076 = CARTESIAN_POINT ( 'NONE',  ( -26.25898465840213802, 23.68429699879670736, 36.39206658430748575 ) ) ;
#4077 = ORIENTED_EDGE ( 'NONE', *, *, #4668, .T. ) ;
#4078 = ORIENTED_EDGE ( 'NONE', *, *, #850, .T. ) ;
#4079 = CARTESIAN_POINT ( 'NONE',  ( -1.925241788773896845, 9.386298900080694452, 0.000000000000000000 ) ) ;
#4080 = DIRECTION ( 'NONE',  ( -0.002310030612744636089, 0.9999973318757245933, 0.000000000000000000 ) ) ;
#4081 = CARTESIAN_POINT ( 'NONE',  ( 3.624758211226108973, -6.340670791627873726, 3.649999999999999911 ) ) ;
#4082 = VERTEX_POINT ( 'NONE', #3158 ) ;
#4083 = EDGE_LOOP ( 'NONE', ( #4788, #4487, #2175, #2240 ) ) ;
#4084 = CARTESIAN_POINT ( 'NONE',  ( 5.090590601460955433, -28.98906695502397568, 34.47824939404221567 ) ) ;
#4085 = CARTESIAN_POINT ( 'NONE',  ( -21.49013182716860015, 88.17334438370063765, 38.31666702004446989 ) ) ;
#4086 = CARTESIAN_POINT ( 'NONE',  ( -28.21559163188975816, 51.57095863195292651, 36.77661163151968537 ) ) ;
#4087 = LINE ( 'NONE', #346, #958 ) ;
#4088 = CARTESIAN_POINT ( 'NONE',  ( -24.05850652839219350, 113.4442501815440352, 34.47824667424357870 ) ) ;
#4089 = EDGE_CURVE ( 'NONE', #452, #4705, #2799, .T. ) ;
#4090 = DIRECTION ( 'NONE',  ( -1.091152692702142892E-32, 1.339658354568195596E-16, -1.000000000000000000 ) ) ;
#4091 = DIRECTION ( 'NONE',  ( -0.9999973318757245933, -0.002310030612744637390, 0.000000000000000000 ) ) ;
#4092 = EDGE_LOOP ( 'NONE', ( #3781, #2479 ) ) ;
#4093 = VERTEX_POINT ( 'NONE', #3877 ) ;
#4094 = VECTOR ( 'NONE', #248, 1000.000000000000000 ) ;
#4095 = EDGE_CURVE ( 'NONE', #2204, #2635, #2698, .T. ) ;
#4096 = CIRCLE ( 'NONE', #3313, 1.050000000000002043 ) ;
#4097 = ORIENTED_EDGE ( 'NONE', *, *, #4638, .F. ) ;
#4098 = ORIENTED_EDGE ( 'NONE', *, *, #1139, .F. ) ;
#4099 = CIRCLE ( 'NONE', #322, 1.550000000000000266 ) ;
#4100 = AXIS2_PLACEMENT_3D ( 'NONE', #3201, #1322, #3966 ) ;
#4101 = LINE ( 'NONE', #2249, #2776 ) ;
#4102 = CARTESIAN_POINT ( 'NONE',  ( -18.05463587162886085, 94.45806864906415967, 38.40709656862402710 ) ) ;
#4103 = CARTESIAN_POINT ( 'NONE',  ( -4.375241788773893248, 2.386298900080694452, 69.82671117685788431 ) ) ;
#4104 = AXIS2_PLACEMENT_3D ( 'NONE', #2266, #3797, #3772 ) ;
#4105 = AXIS2_PLACEMENT_3D ( 'NONE', #901, #2800, #2820 ) ;
#4106 = VERTEX_POINT ( 'NONE', #4608 ) ;
#4107 = ORIENTED_EDGE ( 'NONE', *, *, #1512, .T. ) ;
#4108 = AXIS2_PLACEMENT_3D ( 'NONE', #936, #599, #2814 ) ;
#4109 = VECTOR ( 'NONE', #442, 1000.000000000000114 ) ;
#4110 = DIRECTION ( 'NONE',  ( 1.000000000000000000, 0.000000000000000000, 0.000000000000000000 ) ) ;
#4111 = DIRECTION ( 'NONE',  ( -2.631727343076054338E-10, -6.068569654924656794E-13, -1.000000000000000000 ) ) ;
#4112 = EDGE_CURVE ( 'NONE', #4663, #452, #4040, .T. ) ;
#4113 = CARTESIAN_POINT ( 'NONE',  ( -1.997897141117223496, 88.21837216267594783, 47.34166699477945883 ) ) ;
#4114 = ADVANCED_FACE ( 'NONE', ( #4267 ), #1627, .T. ) ;
#4115 = LINE ( 'NONE', #367, #1657 ) ;
#4116 = FACE_OUTER_BOUND ( 'NONE', #2229, .T. ) ;
#4117 = VECTOR ( 'NONE', #1763, 1000.000000000000000 ) ;
#4118 = CARTESIAN_POINT ( 'NONE',  ( -18.05463949171135951, 94.45806864070162590, 40.96666720124043337 ) ) ;
#4119 = ORIENTED_EDGE ( 'NONE', *, *, #1532, .F. ) ;
#4120 = EDGE_LOOP ( 'NONE', ( #1401, #4204, #2824, #3751 ) ) ;
#4121 = VECTOR ( 'NONE', #1796, 1000.000000000000000 ) ;
#4122 = EDGE_CURVE ( 'NONE', #988, #840, #922, .T. ) ;
#4123 = VERTEX_POINT ( 'NONE', #3060 ) ;
#4124 = EDGE_CURVE ( 'NONE', #4354, #4634, #3083, .T. ) ;
#4125 = ORIENTED_EDGE ( 'NONE', *, *, #2701, .T. ) ;
#4126 = EDGE_CURVE ( 'NONE', #1311, #4449, #1053, .T. ) ;
#4127 = CARTESIAN_POINT ( 'NONE',  ( -1.004686057790427078, 94.49745466016663897, 62.76666700000043164 ) ) ;
#4128 = CARTESIAN_POINT ( 'NONE',  ( -28.13962312344792238, 18.68429699879670025, 36.77815165312661350 ) ) ;
#4129 = FACE_OUTER_BOUND ( 'NONE', #1172, .T. ) ;
#4130 = DIRECTION ( 'NONE',  ( -0.9999973318757247043, -0.002310030612743404436, 0.000000000000000000 ) ) ;
#4131 = ORIENTED_EDGE ( 'NONE', *, *, #1885, .F. ) ;
#4132 = VERTEX_POINT ( 'NONE', #149 ) ;
#4133 = EDGE_CURVE ( 'NONE', #3133, #458, #2408, .T. ) ;
#4134 = DIRECTION ( 'NONE',  ( 0.9999973318757245933, 0.002310030612744559328, -4.814824860968088564E-35 ) ) ;
#4135 = CARTESIAN_POINT ( 'NONE',  ( 5.806857916037371226, 88.22069035866626052, 57.82671117685787721 ) ) ;
#4136 = CARTESIAN_POINT ( 'NONE',  ( -28.21789899437822058, 52.56941594427618014, 43.68895153481192040 ) ) ;
#4137 = EDGE_LOOP ( 'NONE', ( #1817, #259, #1151, #1624 ) ) ;
#4138 = LINE ( 'NONE', #1895, #2694 ) ;
#4139 = CARTESIAN_POINT ( 'NONE',  ( -20.88814030021504919, 93.83813496533004184, 61.71666700000494643 ) ) ;
#4140 = DIRECTION ( 'NONE',  ( 0.9999973318757245933, 0.002310030612744635222, 9.918539213594261906E-33 ) ) ;
#4141 = CARTESIAN_POINT ( 'NONE',  ( -27.04835685023777003, 19.09851056116980317, 35.77815165310233425 ) ) ;
#4142 = ORIENTED_EDGE ( 'NONE', *, *, #235, .F. ) ;
#4143 = VERTEX_POINT ( 'NONE', #843 ) ;
#4144 = CARTESIAN_POINT ( 'NONE',  ( -0.3752417887738929148, 22.68429699879670380, 0.000000000000000000 ) ) ;
#4145 = EDGE_CURVE ( 'NONE', #1326, #3518, #4192, .T. ) ;
#4146 = ORIENTED_EDGE ( 'NONE', *, *, #3286, .T. ) ;
#4147 = ORIENTED_EDGE ( 'NONE', *, *, #371, .F. ) ;
#4148 = CARTESIAN_POINT ( 'NONE',  ( -5.824235094193059403, 2.386298900080692231, 50.00000000000000000 ) ) ;
#4149 = DIRECTION ( 'NONE',  ( -1.000000000000000000, 0.000000000000000000, 3.036891891447373368E-19 ) ) ;
#4150 = CARTESIAN_POINT ( 'NONE',  ( 1.019847157417860695, 88.20963218776574877, 34.47824939404222988 ) ) ;
#4151 = LINE ( 'NONE', #4548, #815 ) ;
#4152 = ADVANCED_FACE ( 'NONE', ( #4584 ), #2352, .F. ) ;
#4153 = DIRECTION ( 'NONE',  ( 0.001427334180614324649, -0.6178837477021495994, -0.7862681712003121159 ) ) ;
#4154 = VERTEX_POINT ( 'NONE', #3232 ) ;
#4155 = DIRECTION ( 'NONE',  ( 0.002310030612740220785, -0.9999973318757245933, 3.193368767321957072E-09 ) ) ;
#4156 = FACE_BOUND ( 'NONE', #2198, .T. ) ;
#4157 = LINE ( 'NONE', #788, #3724 ) ;
#4158 = FACE_OUTER_BOUND ( 'NONE', #1214, .T. ) ;
#4159 = EDGE_CURVE ( 'NONE', #3310, #1711, #3551, .T. ) ;
#4160 = EDGE_CURVE ( 'NONE', #2768, #1637, #175, .T. ) ;
#4161 = ORIENTED_EDGE ( 'NONE', *, *, #3812, .T. ) ;
#4162 = CARTESIAN_POINT ( 'NONE',  ( -1.761650254331332599, -14.05137916445428559, 47.82190131775142561 ) ) ;
#4163 = DIRECTION ( 'NONE',  ( -0.9999973318757247043, -0.002310030612739934989, 0.000000000000000000 ) ) ;
#4164 = DIRECTION ( 'NONE',  ( 8.145007187700838718E-17, -1.000000000000000000, 0.000000000000000000 ) ) ;
#4165 = DIRECTION ( 'NONE',  ( 1.000000000000000000, -1.603096986908245266E-22, -2.631707271538399749E-10 ) ) ;
#4166 = ADVANCED_FACE ( 'NONE', ( #2915 ), #543, .T. ) ;
#4167 = ADVANCED_FACE ( 'NONE', ( #4367 ), #4708, .T. ) ;
#4168 = VERTEX_POINT ( 'NONE', #624 ) ;
#4169 = EDGE_CURVE ( 'NONE', #2858, #37, #4390, .T. ) ;
#4170 = VECTOR ( 'NONE', #4462, 1000.000000000000000 ) ;
#4171 = ORIENTED_EDGE ( 'NONE', *, *, #569, .T. ) ;
#4172 = ORIENTED_EDGE ( 'NONE', *, *, #885, .F. ) ;
#4173 = LINE ( 'NONE', #3440, #2225 ) ;
#4174 = VERTEX_POINT ( 'NONE', #4314 ) ;
#4175 = CARTESIAN_POINT ( 'NONE',  ( -21.50463136124279373, 94.45009903260537953, 62.76666700000041743 ) ) ;
#4176 = VECTOR ( 'NONE', #39, 1000.000000000000227 ) ;
#4177 = LINE ( 'NONE', #3444, #4048 ) ;
#4178 = ORIENTED_EDGE ( 'NONE', *, *, #1944, .T. ) ;
#4179 = ORIENTED_EDGE ( 'NONE', *, *, #1716, .F. ) ;
#4180 = ADVANCED_FACE ( 'NONE', ( #943 ), #3186, .F. ) ;
#4181 = CIRCLE ( 'NONE', #1897, 0.9999999999999991118 ) ;
#4182 = CARTESIAN_POINT ( 'NONE',  ( 0.04683979648988090272, 93.83813496533004184, 62.76666700211362837 ) ) ;
#4183 = DIRECTION ( 'NONE',  ( -0.002310030612744636523, 0.9999973318757248153, 1.314654392323784125E-16 ) ) ;
#4184 = DIRECTION ( 'NONE',  ( -0.002310030612743404436, 0.9999973318757247043, 0.000000000000000000 ) ) ;
#4185 = VECTOR ( 'NONE', #2599, 1000.000000000000000 ) ;
#4186 = CARTESIAN_POINT ( 'NONE',  ( 5.980466045613384907, 19.68429699879670380, 69.82671117685787010 ) ) ;
#4187 = VECTOR ( 'NONE', #4164, 1000.000000000000000 ) ;
#4188 = ORIENTED_EDGE ( 'NONE', *, *, #4133, .T. ) ;
#4189 = VECTOR ( 'NONE', #1792, 1000.000000000000000 ) ;
#4190 = DIRECTION ( 'NONE',  ( 0.000000000000000000, 0.000000000000000000, 1.000000000000000000 ) ) ;
#4191 = FACE_OUTER_BOUND ( 'NONE', #1779, .T. ) ;
#4192 = LINE ( 'NONE', #823, #2314 ) ;
#4193 = CARTESIAN_POINT ( 'NONE',  ( -23.22933196968767433, -29.05448701766273700, 34.47824667424355738 ) ) ;
#4194 = PLANE ( 'NONE',  #802 ) ;
#4195 = VECTOR ( 'NONE', #4415, 1000.000000000000000 ) ;
#4196 = EDGE_CURVE ( 'NONE', #4634, #2736, #2074, .T. ) ;
#4197 = VECTOR ( 'NONE', #3371, 1000.000000000000000 ) ;
#4198 = ORIENTED_EDGE ( 'NONE', *, *, #3335, .F. ) ;
#4199 = CIRCLE ( 'NONE', #2634, 1.050000000000001155 ) ;
#4200 = VERTEX_POINT ( 'NONE', #3655 ) ;
#4201 = ORIENTED_EDGE ( 'NONE', *, *, #643, .T. ) ;
#4202 = CARTESIAN_POINT ( 'NONE',  ( 9.285476156923021307, 88.22872609473310490, 42.68895153481192040 ) ) ;
#4203 = EDGE_CURVE ( 'NONE', #1005, #4563, #1749, .T. ) ;
#4204 = ORIENTED_EDGE ( 'NONE', *, *, #1924, .T. ) ;
#4205 = CARTESIAN_POINT ( 'NONE',  ( -2.375241788773891916, -14.04648711782238735, 35.77815164662922598 ) ) ;
#4206 = EDGE_CURVE ( 'NONE', #4823, #4143, #2146, .T. ) ;
#4207 = AXIS2_PLACEMENT_3D ( 'NONE', #669, #3296, #4791 ) ;
#4208 = CARTESIAN_POINT ( 'NONE',  ( -27.35850182241501827, 113.4366270710534650, 35.47824667424358580 ) ) ;
#4209 = ORIENTED_EDGE ( 'NONE', *, *, #4014, .T. ) ;
#4210 = EDGE_LOOP ( 'NONE', ( #1612, #470, #4444, #3223 ) ) ;
#4211 = FACE_OUTER_BOUND ( 'NONE', #567, .T. ) ;
#4212 = DIRECTION ( 'NONE',  ( -0.9999973318757245933, -0.002310030612744556292, 0.000000000000000000 ) ) ;
#4213 = CARTESIAN_POINT ( 'NONE',  ( -23.41778585416671277, 52.52640131598247564, 35.77815165212656723 ) ) ;
#4214 = EDGE_CURVE ( 'NONE', #219, #3383, #603, .T. ) ;
#4215 = LINE ( 'NONE', #4136, #3876 ) ;
#4216 = ORIENTED_EDGE ( 'NONE', *, *, #3562, .T. ) ;
#4217 = DIRECTION ( 'NONE',  ( 0.9999973318757247043, 0.002310030612746871714, 0.000000000000000000 ) ) ;
#4218 = CARTESIAN_POINT ( 'NONE',  ( -20.45321489905439094, 93.83813496533004184, 62.15159124154646975 ) ) ;
#4219 = FACE_BOUND ( 'NONE', #3668, .T. ) ;
#4220 = LINE ( 'NONE', #1968, #655 ) ;
#4221 = DIRECTION ( 'NONE',  ( 1.000000000000000000, 8.145007187700838718E-17, -3.036891891438643609E-19 ) ) ;
#4222 = ORIENTED_EDGE ( 'NONE', *, *, #1478, .F. ) ;
#4223 = FACE_OUTER_BOUND ( 'NONE', #2285, .T. ) ;
#4224 = DIRECTION ( 'NONE',  ( -0.002310030612744636089, 0.9999973318757248153, 1.314654392323781659E-16 ) ) ;
#4225 = EDGE_CURVE ( 'NONE', #1385, #373, #572, .T. ) ;
#4226 = EDGE_CURVE ( 'NONE', #601, #3754, #224, .T. ) ;
#4227 = ORIENTED_EDGE ( 'NONE', *, *, #610, .F. ) ;
#4228 = FACE_OUTER_BOUND ( 'NONE', #4699, .T. ) ;
#4229 = ORIENTED_EDGE ( 'NONE', *, *, #4169, .F. ) ;
#4230 = CARTESIAN_POINT ( 'NONE',  ( -28.31323125302392540, 88.14187169787817311, 68.82671117685788431 ) ) ;
#4231 = CARTESIAN_POINT ( 'NONE',  ( -23.41780194707025586, 52.52640127880727761, 47.41953824246409965 ) ) ;
#4232 = EDGE_CURVE ( 'NONE', #3758, #4542, #1775, .T. ) ;
#4233 = VERTEX_POINT ( 'NONE', #4775 ) ;
#4234 = ORIENTED_EDGE ( 'NONE', *, *, #2644, .F. ) ;
#4235 = CARTESIAN_POINT ( 'NONE',  ( 4.903265583583913845, 53.10272336027070850, 57.82671117685787721 ) ) ;
#4236 = CARTESIAN_POINT ( 'NONE',  ( 5.900958214939098667, 53.10272336027070850, 68.82671117685788431 ) ) ;
#4237 = DIRECTION ( 'NONE',  ( -0.002310030612744635656, 0.9999973318757245933, -0.000000000000000000 ) ) ;
#4238 = DIRECTION ( 'NONE',  ( -0.9999973318757245933, -0.002310030612744636957, -0.000000000000000000 ) ) ;
#4239 = VERTEX_POINT ( 'NONE', #1353 ) ;
#4240 = ORIENTED_EDGE ( 'NONE', *, *, #31, .F. ) ;
#4241 = DIRECTION ( 'NONE',  ( 0.000000000000000000, -6.078025923572550182E-13, -1.000000000000000000 ) ) ;
#4242 = CARTESIAN_POINT ( 'NONE',  ( -0.3752417887738916935, -4.613701099919306436, 50.00000000000000000 ) ) ;
#4243 = DIRECTION ( 'NONE',  ( 0.000000000000000000, 0.000000000000000000, -1.000000000000000000 ) ) ;
#4244 = ORIENTED_EDGE ( 'NONE', *, *, #4786, .F. ) ;
#4245 = ADVANCED_FACE ( 'NONE', ( #3585 ), #1013, .T. ) ;
#4246 = CARTESIAN_POINT ( 'NONE',  ( 6.090587933336680138, -28.98675692441123175, 57.82671117685787721 ) ) ;
#4247 = ORIENTED_EDGE ( 'NONE', *, *, #3129, .F. ) ;
#4248 = DIRECTION ( 'NONE',  ( 1.000000000000000000, 0.000000000000000000, 0.000000000000000000 ) ) ;
#4249 = CARTESIAN_POINT ( 'NONE',  ( -19.27016814707685199, 18.68429699879669670, 37.49575172906425991 ) ) ;
#4250 = FACE_OUTER_BOUND ( 'NONE', #4210, .T. ) ;
#4251 = AXIS2_PLACEMENT_3D ( 'NONE', #1484, #3058, #1179 ) ;
#4252 = ADVANCED_FACE ( 'NONE', ( #2521 ), #4016, .T. ) ;
#4253 = ORIENTED_EDGE ( 'NONE', *, *, #2421, .F. ) ;
#4254 = ORIENTED_EDGE ( 'NONE', *, *, #4812, .T. ) ;
#4255 = AXIS2_PLACEMENT_3D ( 'NONE', #2520, #716, #1849 ) ;
#4256 = DIRECTION ( 'NONE',  ( -0.9999973318757245933, -0.002310030612744636957, -0.000000000000000000 ) ) ;
#4257 = DIRECTION ( 'NONE',  ( -0.002310030612744636523, 0.9999973318757248153, 1.314654392323784125E-16 ) ) ;
#4258 = FACE_OUTER_BOUND ( 'NONE', #3097, .T. ) ;
#4259 = PLANE ( 'NONE',  #3090 ) ;
#4260 = DIRECTION ( 'NONE',  ( -0.002310030612744635222, 0.9999973318757245933, 1.314654392323781166E-16 ) ) ;
#4261 = AXIS2_PLACEMENT_3D ( 'NONE', #1504, #3011, #1705 ) ;
#4262 = VERTEX_POINT ( 'NONE', #1706 ) ;
#4263 = ORIENTED_EDGE ( 'NONE', *, *, #31, .T. ) ;
#4264 = CYLINDRICAL_SURFACE ( 'NONE', #3948, 1.550000000000000488 ) ;
#4265 = VECTOR ( 'NONE', #1482, 1000.000000000000227 ) ;
#4266 = AXIS2_PLACEMENT_3D ( 'NONE', #3916, #63, #560 ) ;
#4267 = FACE_OUTER_BOUND ( 'NONE', #2291, .T. ) ;
#4268 = CARTESIAN_POINT ( 'NONE',  ( 5.806857916037370337, 88.22069035866626052, 57.82671117685787721 ) ) ;
#4269 = PLANE ( 'NONE',  #2556 ) ;
#4270 = VECTOR ( 'NONE', #2732, 1000.000000000000114 ) ;
#4271 = ADVANCED_FACE ( 'NONE', ( #4796 ), #1889, .F. ) ;
#4272 = AXIS2_PLACEMENT_3D ( 'NONE', #1926, #4585, #3038 ) ;
#4273 = ORIENTED_EDGE ( 'NONE', *, *, #4089, .F. ) ;
#4274 = CARTESIAN_POINT ( 'NONE',  ( -20.44009833573117518, 88.16005892446109726, 62.76666700000041743 ) ) ;
#4275 = CIRCLE ( 'NONE', #3883, 4.000000000000000888 ) ;
#4276 = CARTESIAN_POINT ( 'NONE',  ( -27.80261417171673344, 52.57037526748914047, 42.68895153481192040 ) ) ;
#4277 = VECTOR ( 'NONE', #1155, 1000.000000000000000 ) ;
#4278 = ADVANCED_FACE ( 'NONE', ( #676 ), #1423, .T. ) ;
#4279 = EDGE_LOOP ( 'NONE', ( #807, #3067 ) ) ;
#4280 = DIRECTION ( 'NONE',  ( -0.002310030612744637390, 0.9999973318757248153, 0.000000000000000000 ) ) ;
#4281 = DIRECTION ( 'NONE',  ( 0.000000000000000000, 0.000000000000000000, 1.000000000000000000 ) ) ;
#4282 = EDGE_CURVE ( 'NONE', #3695, #2010, #695, .T. ) ;
#4283 = ORIENTED_EDGE ( 'NONE', *, *, #538, .F. ) ;
#4284 = EDGE_CURVE ( 'NONE', #2866, #299, #3353, .T. ) ;
#4285 = DIRECTION ( 'NONE',  ( -0.9999973318757247043, -0.002310030612744636089, 1.139179290558684787E-16 ) ) ;
#4286 = CARTESIAN_POINT ( 'NONE',  ( -27.02932183081542306, -29.06326513399118028, 69.82671117685787010 ) ) ;
#4287 = CARTESIAN_POINT ( 'NONE',  ( 4.902010769773881727, 52.64592415385614999, 35.77815164467351394 ) ) ;
#4288 = DIRECTION ( 'NONE',  ( 0.002310030612744635222, -0.9999973318757245933, -1.314654392323781413E-16 ) ) ;
#4289 = CARTESIAN_POINT ( 'NONE',  ( -9.975241788773892893, 2.386298900080692675, 50.00000000000000000 ) ) ;
#4290 = ORIENTED_EDGE ( 'NONE', *, *, #314, .T. ) ;
#4291 = VERTEX_POINT ( 'NONE', #1499 ) ;
#4292 = EDGE_CURVE ( 'NONE', #2486, #2787, #3748, .T. ) ;
#4293 = CYLINDRICAL_SURFACE ( 'NONE', #4729, 4.000000000000000888 ) ;
#4294 = DIRECTION ( 'NONE',  ( 0.000000000000000000, 0.000000000000000000, 1.000000000000000000 ) ) ;
#4295 = CARTESIAN_POINT ( 'NONE',  ( 5.090590601460952769, -28.98906695502397923, 68.82671117685787010 ) ) ;
#4296 = DIRECTION ( 'NONE',  ( 0.002310030612744635656, -0.9999973318757245933, -1.314654392323781413E-16 ) ) ;
#4297 = EDGE_CURVE ( 'NONE', #622, #2135, #1480, .T. ) ;
#4298 = ORIENTED_EDGE ( 'NONE', *, *, #3777, .F. ) ;
#4299 = DIRECTION ( 'NONE',  ( -8.145007187700838718E-17, 1.000000000000000000, 0.000000000000000000 ) ) ;
#4300 = LINE ( 'NONE', #550, #3713 ) ;
#4301 = ORIENTED_EDGE ( 'NONE', *, *, #2011, .F. ) ;
#4302 = CARTESIAN_POINT ( 'NONE',  ( 6.625764905806940774, 2.386298900080696672, 43.35000000000000853 ) ) ;
#4303 = VERTEX_POINT ( 'NONE', #363 ) ;
#4304 = EDGE_LOOP ( 'NONE', ( #2681, #533 ) ) ;
#4305 =( BOUNDED_CURVE ( )  B_SPLINE_CURVE ( 3, ( #1066, #2173, #1086, #2245 ),
 .UNSPECIFIED., .F., .T. ) 
 B_SPLINE_CURVE_WITH_KNOTS ( ( 4, 4 ),
 ( 0.3045901943468946604, 1.570796326531834319 ),
 .UNSPECIFIED. ) 
 CURVE ( )  GEOMETRIC_REPRESENTATION_ITEM ( )  RATIONAL_B_SPLINE_CURVE ( ( 1.000000000000000000, 0.8707969772473664882, 0.8707969772473664882, 1.000000000000000000 ) ) 
 REPRESENTATION_ITEM ( '' )  );
#4306 = EDGE_CURVE ( 'NONE', #3247, #3618, #3376, .T. ) ;
#4307 = FACE_OUTER_BOUND ( 'NONE', #1623, .T. ) ;
#4308 = CARTESIAN_POINT ( 'NONE',  ( -21.85463042739925044, 94.44929052189092999, 47.34166700000142924 ) ) ;
#4309 = DIRECTION ( 'NONE',  ( 0.7641322281800303484, 0.001765173548982951202, 0.6450572238328659003 ) ) ;
#4310 = LINE ( 'NONE', #2765, #809 ) ;
#4311 = VERTEX_POINT ( 'NONE', #3328 ) ;
#4312 = ORIENTED_EDGE ( 'NONE', *, *, #3641, .T. ) ;
#4313 = CARTESIAN_POINT ( 'NONE',  ( -0.3752417887738960234, 9.386298900080694452, 50.00000000000000000 ) ) ;
#4314 = CARTESIAN_POINT ( 'NONE',  ( -2.010713454183848725, 94.48948504650979885, 59.71975232211381268 ) ) ;
#4315 = LINE ( 'NONE', #1727, #4579 ) ;
#4316 = DIRECTION ( 'NONE',  ( -0.002310030612744635656, 0.9999973318757245933, 0.000000000000000000 ) ) ;
#4317 = EDGE_CURVE ( 'NONE', #3853, #2463, #3650, .T. ) ;
#4318 = EDGE_LOOP ( 'NONE', ( #4119, #4356, #2255 ) ) ;
#4319 = CYLINDRICAL_SURFACE ( 'NONE', #1441, 1.549999999999999378 ) ;
#4320 = ORIENTED_EDGE ( 'NONE', *, *, #2668, .F. ) ;
#4321 = ADVANCED_FACE ( 'NONE', ( #2215 ), #3004, .T. ) ;
#4322 = CARTESIAN_POINT ( 'NONE',  ( -7.374235094193059226, 2.386298900080692231, 50.00000000000000000 ) ) ;
#4323 = ORIENTED_EDGE ( 'NONE', *, *, #1088, .T. ) ;
#4324 = DIRECTION ( 'NONE',  ( -0.002310030612744636089, 0.9999973318757248153, 1.314654392323781659E-16 ) ) ;
#4325 = ADVANCED_FACE ( 'NONE', ( #1085 ), #1131, .F. ) ;
#4326 = ORIENTED_EDGE ( 'NONE', *, *, #954, .F. ) ;
#4327 = ORIENTED_EDGE ( 'NONE', *, *, #862, .T. ) ;
#4328 = DIRECTION ( 'NONE',  ( 8.145007187700838718E-17, -1.000000000000000000, 0.000000000000000000 ) ) ;
#4329 = DIRECTION ( 'NONE',  ( 1.000000000000000000, -0.000000000000000000, -0.000000000000000000 ) ) ;
#4330 = CARTESIAN_POINT ( 'NONE',  ( -23.30190017009370607, 18.68351819535618219, 35.77815165274824238 ) ) ;
#4331 = FACE_OUTER_BOUND ( 'NONE', #1178, .T. ) ;
#4332 = EDGE_CURVE ( 'NONE', #4531, #1637, #4645, .T. ) ;
#4333 = EDGE_LOOP ( 'NONE', ( #1733, #1409, #4451, #1922 ) ) ;
#4334 = VERTEX_POINT ( 'NONE', #4827 ) ;
#4335 = DIRECTION ( 'NONE',  ( -0.000000000000000000, -0.000000000000000000, -1.000000000000000000 ) ) ;
#4336 = DIRECTION ( 'NONE',  ( -0.002310030612744636089, 0.9999973318757248153, 1.314654392323781659E-16 ) ) ;
#4337 = CARTESIAN_POINT ( 'NONE',  ( -27.21681824921459381, 52.10272336027070850, 68.82671117685788431 ) ) ;
#4338 = VECTOR ( 'NONE', #1918, 1000.000000000000000 ) ;
#4339 = EDGE_CURVE ( 'NONE', #100, #1411, #19, .T. ) ;
#4340 = EDGE_LOOP ( 'NONE', ( #3344, #3042, #3283 ) ) ;
#4341 = VECTOR ( 'NONE', #4221, 1000.000000000000000 ) ;
#4342 = LINE ( 'NONE', #2480, #1497 ) ;
#4343 = CARTESIAN_POINT ( 'NONE',  ( -27.35850182241501827, 113.4366270710534366, 68.82671117685788431 ) ) ;
#4344 = ORIENTED_EDGE ( 'NONE', *, *, #1321, .T. ) ;
#4345 = CARTESIAN_POINT ( 'NONE',  ( -23.30190017009370607, 18.68351819535616798, -60.15714925807217384 ) ) ;
#4346 = AXIS2_PLACEMENT_3D ( 'NONE', #626, #3160, #4392 ) ;
#4347 = CIRCLE ( 'NONE', #2221, 1.549999999999999378 ) ;
#4348 = ORIENTED_EDGE ( 'NONE', *, *, #2079, .T. ) ;
#4349 = CARTESIAN_POINT ( 'NONE',  ( 8.224758211226104621, 23.68429699879670736, 49.00000000000000000 ) ) ;
#4350 = AXIS2_PLACEMENT_3D ( 'NONE', #1973, #102, #873 ) ;
#4351 = AXIS2_PLACEMENT_3D ( 'NONE', #2468, #119, #4648 ) ;
#4352 = LINE ( 'NONE', #981, #1205 ) ;
#4353 = AXIS2_PLACEMENT_3D ( 'NONE', #4289, #2815, #917 ) ;
#4354 = VERTEX_POINT ( 'NONE', #4533 ) ;
#4355 = ORIENTED_EDGE ( 'NONE', *, *, #3513, .T. ) ;
#4356 = ORIENTED_EDGE ( 'NONE', *, *, #3269, .F. ) ;
#4357 = EDGE_CURVE ( 'NONE', #4822, #2755, #1154, .T. ) ;
#4358 = DIRECTION ( 'NONE',  ( 1.203683937203171286E-18, -5.210670018760918348E-16, 1.000000000000000000 ) ) ;
#4359 = VECTOR ( 'NONE', #1443, 1000.000000000000114 ) ;
#4360 = CARTESIAN_POINT ( 'NONE',  ( 6.625764905806940774, 2.386298900080696672, 50.00000000000000000 ) ) ;
#4361 = LINE ( 'NONE', #3203, #3170 ) ;
#4362 = EDGE_LOOP ( 'NONE', ( #3293, #4518, #1916, #867, #4097, #3206, #2109 ) ) ;
#4363 = VERTEX_POINT ( 'NONE', #3302 ) ;
#4364 = VECTOR ( 'NONE', #2244, 1000.000000000000114 ) ;
#4365 = CARTESIAN_POINT ( 'NONE',  ( -4.375241788773893248, 2.386298900080694452, 43.35000000000000853 ) ) ;
#4366 = EDGE_CURVE ( 'NONE', #2463, #4723, #2575, .T. ) ;
#4367 = FACE_OUTER_BOUND ( 'NONE', #2234, .T. ) ;
#4368 = CARTESIAN_POINT ( 'NONE',  ( 9.224758211226102844, 18.68429699879670736, 43.35000000000000853 ) ) ;
#4369 = VECTOR ( 'NONE', #4080, 1000.000000000000114 ) ;
#4370 = DIRECTION ( 'NONE',  ( -0.002310030612744636089, 0.9999973318757248153, -0.000000000000000000 ) ) ;
#4371 = ORIENTED_EDGE ( 'NONE', *, *, #1545, .F. ) ;
#4372 = CARTESIAN_POINT ( 'NONE',  ( -4.219668764776107750, -7.245760530705746660, 38.40709656862401289 ) ) ;
#4373 = CARTESIAN_POINT ( 'NONE',  ( -27.35850182241501116, 113.4366270710534650, 34.47824667424357870 ) ) ;
#4374 = EDGE_CURVE ( 'NONE', #2654, #3001, #2193, .T. ) ;
#4375 = FACE_OUTER_BOUND ( 'NONE', #1909, .T. ) ;
#4376 = ORIENTED_EDGE ( 'NONE', *, *, #1929, .T. ) ;
#4377 = LINE ( 'NONE', #588, #3880 ) ;
#4378 = CARTESIAN_POINT ( 'NONE',  ( -23.50008278782866000, 88.15299024784215476, 34.47824667424357159 ) ) ;
#4379 = CARTESIAN_POINT ( 'NONE',  ( 0.000000000000000000, 0.000000000000000000, 0.000000000000000000 ) ) ;
#4380 = ADVANCED_FACE ( 'NONE', ( #1223 ), #4622, .F. ) ;
#4381 = ORIENTED_EDGE ( 'NONE', *, *, #1366, .F. ) ;
#4382 = ORIENTED_EDGE ( 'NONE', *, *, #4588, .T. ) ;
#4383 = CARTESIAN_POINT ( 'NONE',  ( 5.761407941737090255, 113.5131352806333780, 69.82671117685788431 ) ) ;
#4384 = DIRECTION ( 'NONE',  ( -0.000000000000000000, 0.000000000000000000, 1.000000000000000000 ) ) ;
#4385 = DIRECTION ( 'NONE',  ( -0.9999973318757247043, -0.002310030612739934989, 0.000000000000000000 ) ) ;
#4386 = ADVANCED_FACE ( 'NONE', ( #3107, #4647, #2669, #1990, #4156, #2399 ), #3127, .F. ) ;
#4387 = ORIENTED_EDGE ( 'NONE', *, *, #2101, .T. ) ;
#4388 = ORIENTED_EDGE ( 'NONE', *, *, #2498, .F. ) ;
#4389 = CARTESIAN_POINT ( 'NONE',  ( 4.902010769773879062, 52.64592415385614288, 42.68895153481192040 ) ) ;
#4390 = LINE ( 'NONE', #1329, #2564 ) ;
#4391 = CARTESIAN_POINT ( 'NONE',  ( -8.975241788773896445, 23.68429699879670736, 14.16861949329129367 ) ) ;
#4392 = DIRECTION ( 'NONE',  ( 0.000000000000000000, 0.000000000000000000, -1.000000000000000000 ) ) ;
#4393 = VERTEX_POINT ( 'NONE', #1247 ) ;
#4394 = LINE ( 'NONE', #1360, #2050 ) ;
#4395 = LINE ( 'NONE', #1019, #1515 ) ;
#4396 = SPHERICAL_SURFACE ( 'NONE', #3082, 1.000000000000000000 ) ;
#4397 = PLANE ( 'NONE',  #2056 ) ;
#4398 = EDGE_CURVE ( 'NONE', #284, #1101, #441, .T. ) ;
#4399 = EDGE_LOOP ( 'NONE', ( #464, #3064, #3498, #2604, #4752, #3589, #2315, #3124, #758 ) ) ;
#4400 = DIRECTION ( 'NONE',  ( -0.001427334180614325083, 0.6178837477021495994, 0.7862681712003120049 ) ) ;
#4401 = ORIENTED_EDGE ( 'NONE', *, *, #3550, .T. ) ;
#4402 = ORIENTED_EDGE ( 'NONE', *, *, #2524, .T. ) ;
#4403 = LINE ( 'NONE', #4383, #3951 ) ;
#4404 = CARTESIAN_POINT ( 'NONE',  ( -1.375241788773899687, 48.78451077974749239, 35.77815165332165748 ) ) ;
#4405 = CARTESIAN_POINT ( 'NONE',  ( -0.3752417887738960234, 9.386298900080694452, 50.00000000000000000 ) ) ;
#4406 = EDGE_CURVE ( 'NONE', #2912, #1907, #2013, .T. ) ;
#4407 = EDGE_LOOP ( 'NONE', ( #3827, #3041, #757, #3822 ) ) ;
#4408 = ORIENTED_EDGE ( 'NONE', *, *, #627, .T. ) ;
#4409 = CARTESIAN_POINT ( 'NONE',  ( -1.004686057790426856, 94.49745466016663897, 38.31666700000042880 ) ) ;
#4410 = DIRECTION ( 'NONE',  ( 1.139176251086765538E-16, 2.631539034595279436E-19, 1.000000000000000000 ) ) ;
#4411 = LINE ( 'NONE', #1038, #91 ) ;
#4412 = LINE ( 'NONE', #1426, #2464 ) ;
#4413 = ORIENTED_EDGE ( 'NONE', *, *, #2590, .F. ) ;
#4414 = DIRECTION ( 'NONE',  ( 1.000000000000000000, 0.000000000000000000, 0.000000000000000000 ) ) ;
#4415 = DIRECTION ( 'NONE',  ( 8.145007187700838718E-17, -1.000000000000000000, 0.000000000000000000 ) ) ;
#4416 = AXIS2_PLACEMENT_3D ( 'NONE', #3530, #3924, #2818 ) ;
#4417 = DIRECTION ( 'NONE',  ( -0.000000000000000000, -0.000000000000000000, -1.000000000000000000 ) ) ;
#4418 = CARTESIAN_POINT ( 'NONE',  ( 3.624758211226107640, 2.386298900080693564, 3.649999999999996358 ) ) ;
#4419 = VECTOR ( 'NONE', #279, 1000.000000000000227 ) ;
#4420 = AXIS2_PLACEMENT_3D ( 'NONE', #3421, #3387, #1517 ) ;
#4421 = ORIENTED_EDGE ( 'NONE', *, *, #1146, .T. ) ;
#4422 = LINE ( 'NONE', #1052, #2398 ) ;
#4423 = EDGE_CURVE ( 'NONE', #2372, #1157, #3470, .T. ) ;
#4424 = VECTOR ( 'NONE', #3830, 1000.000000000000114 ) ;
#4425 = ORIENTED_EDGE ( 'NONE', *, *, #3663, .F. ) ;
#4426 = ORIENTED_EDGE ( 'NONE', *, *, #3335, .T. ) ;
#4427 = CIRCLE ( 'NONE', #3960, 1.549999999999999378 ) ;
#4428 = AXIS2_PLACEMENT_3D ( 'NONE', #3646, #1080, #987 ) ;
#4429 = LINE ( 'NONE', #193, #4807 ) ;
#4430 = LINE ( 'NONE', #1059, #3587 ) ;
#4431 = LINE ( 'NONE', #2570, #1832 ) ;
#4432 = VECTOR ( 'NONE', #3308, 1000.000000000000227 ) ;
#4433 = VECTOR ( 'NONE', #2260, 1000.000000000000000 ) ;
#4434 = ADVANCED_FACE ( 'NONE', ( #860 ), #1596, .F. ) ;
#4435 = ORIENTED_EDGE ( 'NONE', *, *, #2754, .T. ) ;
#4436 = ORIENTED_EDGE ( 'NONE', *, *, #4790, .T. ) ;
#4437 = VECTOR ( 'NONE', #3342, 1000.000000000000000 ) ;
#4438 = CARTESIAN_POINT ( 'NONE',  ( 5.902964947658904116, 52.23402172726906656, 43.10316509718501976 ) ) ;
#4439 = CARTESIAN_POINT ( 'NONE',  ( 5.075764905806941840, 2.386298900080696672, 50.00000000000000000 ) ) ;
#4440 = DIRECTION ( 'NONE',  ( 1.000000000000000000, 0.000000000000000000, 0.000000000000000000 ) ) ;
#4441 = DIRECTION ( 'NONE',  ( 0.000000000000000000, 0.000000000000000000, -1.000000000000000000 ) ) ;
#4442 = VECTOR ( 'NONE', #87, 999.9999999999998863 ) ;
#4443 = ADVANCED_FACE ( 'NONE', ( #1919 ), #1201, .F. ) ;
#4444 = ORIENTED_EDGE ( 'NONE', *, *, #4668, .F. ) ;
#4445 = DIRECTION ( 'NONE',  ( -0.002310030612744636089, 0.9999973318757245933, 1.314654392323783878E-16 ) ) ;
#4446 = CARTESIAN_POINT ( 'NONE',  ( 4.903265583583926279, 52.10272336027070850, 69.82671117685788431 ) ) ;
#4447 = DIRECTION ( 'NONE',  ( -1.000000000000000000, 0.000000000000000000, 5.421010862427522786E-17 ) ) ;
#4448 = CARTESIAN_POINT ( 'NONE',  ( 1.177171240085359782, 2.386298900080694452, 50.00000000000000000 ) ) ;
#4449 = VERTEX_POINT ( 'NONE', #3054 ) ;
#4450 = DIRECTION ( 'NONE',  ( 0.0001622507146376712104, 0.9999999868373526946, -1.364662570778391984E-16 ) ) ;
#4451 = ORIENTED_EDGE ( 'NONE', *, *, #1146, .F. ) ;
#4452 = VERTEX_POINT ( 'NONE', #2367 ) ;
#4453 = CYLINDRICAL_SURFACE ( 'NONE', #396, 1.000000000000000888 ) ;
#4454 = CARTESIAN_POINT ( 'NONE',  ( -2.375241788773898133, 23.68429699879670380, 35.77815164660628966 ) ) ;
#4455 = PLANE ( 'NONE',  #3802 ) ;
#4456 = VERTEX_POINT ( 'NONE', #3794 ) ;
#4457 = ORIENTED_EDGE ( 'NONE', *, *, #2258, .T. ) ;
#4458 = ADVANCED_FACE ( 'NONE', ( #3867 ), #141, .F. ) ;
#4459 = CARTESIAN_POINT ( 'NONE',  ( -1.618240406527389208, 93.83813496533002763, 61.71666700017009788 ) ) ;
#4460 = DIRECTION ( 'NONE',  ( -0.000000000000000000, -0.000000000000000000, -1.000000000000000000 ) ) ;
#4461 = DIRECTION ( 'NONE',  ( 0.000000000000000000, 0.000000000000000000, -1.000000000000000000 ) ) ;
#4462 = DIRECTION ( 'NONE',  ( -0.000000000000000000, -0.000000000000000000, -1.000000000000000000 ) ) ;
#4463 = EDGE_CURVE ( 'NONE', #4060, #510, #3448, .T. ) ;
#4464 = CARTESIAN_POINT ( 'NONE',  ( 2.019844489293585621, 88.21194221837848204, 43.68895153481192040 ) ) ;
#4465 = DIRECTION ( 'NONE',  ( -8.145007187700838718E-17, 1.000000000000000000, 0.000000000000000000 ) ) ;
#4466 = ORIENTED_EDGE ( 'NONE', *, *, #55, .F. ) ;
#4467 = ORIENTED_EDGE ( 'NONE', *, *, #697, .T. ) ;
#4468 = ORIENTED_EDGE ( 'NONE', *, *, #4169, .T. ) ;
#4469 = ORIENTED_EDGE ( 'NONE', *, *, #776, .T. ) ;
#4470 = ADVANCED_FACE ( 'NONE', ( #2346 ), #887, .F. ) ;
#4471 = FACE_OUTER_BOUND ( 'NONE', #3614, .T. ) ;
#4472 = CARTESIAN_POINT ( 'NONE',  ( 5.913866081755294601, 47.51499118686039935, 35.77815137691118252 ) ) ;
#4473 = EDGE_LOOP ( 'NONE', ( #2251, #4039, #1744, #4011 ) ) ;
#4474 = ORIENTED_EDGE ( 'NONE', *, *, #492, .T. ) ;
#4475 = CARTESIAN_POINT ( 'NONE',  ( 4.759100579248621621, 114.5108225818963774, 68.82671117685788431 ) ) ;
#4476 = CARTESIAN_POINT ( 'NONE',  ( -27.21681824921459025, 52.10272336027070850, 68.82671117685788431 ) ) ;
#4477 = CARTESIAN_POINT ( 'NONE',  ( -9.975241788773899998, 23.27008343642361154, 13.82552992589453922 ) ) ;
#4478 = EDGE_CURVE ( 'NONE', #4492, #2010, #40, .T. ) ;
#4479 = CARTESIAN_POINT ( 'NONE',  ( -61.37601372443361925, 75.51066902416856408, 47.41953824246409965 ) ) ;
#4480 = ADVANCED_FACE ( 'NONE', ( #1569 ), #2690, .F. ) ;
#4481 = ORIENTED_EDGE ( 'NONE', *, *, #1310, .F. ) ;
#4482 = DIRECTION ( 'NONE',  ( -0.6139149312079333898, 0.000000000000000000, 0.7893721918334585252 ) ) ;
#4483 = CARTESIAN_POINT ( 'NONE',  ( -20.49933338875647237, 94.45242130789287671, 59.71975232697950275 ) ) ;
#4484 = FACE_OUTER_BOUND ( 'NONE', #1185, .T. ) ;
#4485 = CARTESIAN_POINT ( 'NONE',  ( -20.45321490020370447, 93.83813496533004184, 62.76666700196238935 ) ) ;
#4486 = ADVANCED_FACE ( 'NONE', ( #3824, #3844 ), #1301, .T. ) ;
#4487 = ORIENTED_EDGE ( 'NONE', *, *, #1306, .T. ) ;
#4488 = ORIENTED_EDGE ( 'NONE', *, *, #2641, .F. ) ;
#4489 = CIRCLE ( 'NONE', #2377, 1.550000000000000266 ) ;
#4490 = VECTOR ( 'NONE', #1174, 1000.000000000000000 ) ;
#4491 = EDGE_CURVE ( 'NONE', #219, #1326, #960, .T. ) ;
#4492 = VERTEX_POINT ( 'NONE', #237 ) ;
#4493 = ORIENTED_EDGE ( 'NONE', *, *, #3517, .T. ) ;
#4494 = AXIS2_PLACEMENT_3D ( 'NONE', #1176, #790, #21 ) ;
#4495 = VECTOR ( 'NONE', #2719, 1000.000000000000000 ) ;
#4496 = CARTESIAN_POINT ( 'NONE',  ( -27.21681824921459025, 52.10272336027070850, 68.82671117685788431 ) ) ;
#4497 = DIRECTION ( 'NONE',  ( -0.002310030612744635222, 0.9999973318757245933, 1.315806674882678027E-16 ) ) ;
#4498 = DIRECTION ( 'NONE',  ( -3.845403544317018837E-09, -8.883155072529956973E-12, 1.000000000000000000 ) ) ;
#4499 = CIRCLE ( 'NONE', #3801, 1.050000000000001155 ) ;
#4500 = VECTOR ( 'NONE', #4755, 1000.000000000000114 ) ;
#4501 = ORIENTED_EDGE ( 'NONE', *, *, #996, .F. ) ;
#4502 = ADVANCED_FACE ( 'NONE', ( #1009 ), #986, .T. ) ;
#4503 = ORIENTED_EDGE ( 'NONE', *, *, #632, .F. ) ;
#4504 = CARTESIAN_POINT ( 'NONE',  ( -28.13962312344792238, 18.68429699879671801, 36.77815165312661350 ) ) ;
#4505 = CIRCLE ( 'NONE', #2392, 1.000000000000000222 ) ;
#4506 = CIRCLE ( 'NONE', #4351, 1.049999999825789621 ) ;
#4507 = DIRECTION ( 'NONE',  ( -0.9999973318757248153, -0.002310030612744559762, 4.814824860968089633E-35 ) ) ;
#4508 = CYLINDRICAL_SURFACE ( 'NONE', #1049, 1.050000000000001155 ) ;
#4509 = CARTESIAN_POINT ( 'NONE',  ( -9.975241788773889340, 18.68429699879670380, 43.35000000000000853 ) ) ;
#4510 = ORIENTED_EDGE ( 'NONE', *, *, #1961, .F. ) ;
#4511 = VECTOR ( 'NONE', #2807, 1000.000000000000000 ) ;
#4512 = EDGE_CURVE ( 'NONE', #2185, #266, #640, .T. ) ;
#4513 = DIRECTION ( 'NONE',  ( 1.000000000000000000, 0.000000000000000000, 0.000000000000000000 ) ) ;
#4514 = CARTESIAN_POINT ( 'NONE',  ( -21.50321770173392366, 93.83813496533004184, 61.71666700000041317 ) ) ;
#4515 = DIRECTION ( 'NONE',  ( -1.000000000000000000, 0.000000000000000000, 0.000000000000000000 ) ) ;
#4516 = VECTOR ( 'NONE', #3146, 1000.000000000000000 ) ;
#4517 = CARTESIAN_POINT ( 'NONE',  ( -22.55322050327963979, 93.83813496533004184, 62.76666700194689952 ) ) ;
#4518 = ORIENTED_EDGE ( 'NONE', *, *, #366, .T. ) ;
#4519 = ORIENTED_EDGE ( 'NONE', *, *, #438, .F. ) ;
#4520 = AXIS2_PLACEMENT_3D ( 'NONE', #2843, #1682, #2450 ) ;
#4521 = ADVANCED_FACE ( 'NONE', ( #914 ), #3179, .T. ) ;
#4522 = ORIENTED_EDGE ( 'NONE', *, *, #719, .T. ) ;
#4523 = EDGE_LOOP ( 'NONE', ( #3573, #2571, #171, #3816 ) ) ;
#4524 = FACE_OUTER_BOUND ( 'NONE', #3403, .T. ) ;
#4525 = ADVANCED_FACE ( 'NONE', ( #561 ), #3543, .T. ) ;
#4526 = CARTESIAN_POINT ( 'NONE',  ( -1.004817083608010364, 94.55417489030897116, 38.31666699981930435 ) ) ;
#4527 = ADVANCED_FACE ( 'NONE', ( #2138 ), #1740, .F. ) ;
#4528 = CARTESIAN_POINT ( 'NONE',  ( -1.925241788773896845, 9.386298900080694452, 50.00000000000000000 ) ) ;
#4529 = DIRECTION ( 'NONE',  ( 2.631707271538399232E-10, 6.078025923572550182E-13, 1.000000000000000000 ) ) ;
#4530 = ORIENTED_EDGE ( 'NONE', *, *, #3409, .T. ) ;
#4531 = VERTEX_POINT ( 'NONE', #1770 ) ;
#4532 = CARTESIAN_POINT ( 'NONE',  ( -1.983849067174226821, 93.88465243591718945, 47.34166699488380914 ) ) ;
#4533 = CARTESIAN_POINT ( 'NONE',  ( -0.2467522530506492673, 94.49920551512953182, 65.32670781691942352 ) ) ;
#4534 = CARTESIAN_POINT ( 'NONE',  ( -27.30007541373077018, 88.14421212512696968, 42.68895153481192040 ) ) ;
#4535 = DIRECTION ( 'NONE',  ( 1.000000000000000000, -0.000000000000000000, -2.631704039461207457E-10 ) ) ;
#4536 = ORIENTED_EDGE ( 'NONE', *, *, #3702, .F. ) ;
#4537 = CARTESIAN_POINT ( 'NONE',  ( -0.3752417887738929148, 2.386298900080694452, 50.00000000000000000 ) ) ;
#4538 = EDGE_CURVE ( 'NONE', #82, #290, #2093, .T. ) ;
#4539 = CARTESIAN_POINT ( 'NONE',  ( -27.14193049209273667, 19.68429699879670380, 69.82671117685787010 ) ) ;
#4540 = FACE_OUTER_BOUND ( 'NONE', #1394, .T. ) ;
#4541 = DIRECTION ( 'NONE',  ( 2.631716128528597699E-10, 6.078046383545634477E-13, 1.000000000000000000 ) ) ;
#4542 = VERTEX_POINT ( 'NONE', #3602 ) ;
#4543 = VERTEX_POINT ( 'NONE', #4701 ) ;
#4544 = ADVANCED_FACE ( 'NONE', ( #618 ), #1720, .F. ) ;
#4545 = EDGE_LOOP ( 'NONE', ( #4627, #4469, #2090, #4852, #1847, #2278, #3639, #3236, #552, #4722, #1677, #4436, #4425, #3958, #3242, #1695, #1840, #1023, #162 ) ) ;
#4546 = EDGE_LOOP ( 'NONE', ( #258, #4866, #826, #829 ) ) ;
#4547 = DIRECTION ( 'NONE',  ( 0.000000000000000000, -1.000000000000000000, -1.314650884662483754E-16 ) ) ;
#4548 = CARTESIAN_POINT ( 'NONE',  ( -0.4039405709001642197, -14.04824280515414081, 47.34166700000041317 ) ) ;
#4549 = ORIENTED_EDGE ( 'NONE', *, *, #4214, .T. ) ;
#4550 = ORIENTED_EDGE ( 'NONE', *, *, #729, .T. ) ;
#4551 = CARTESIAN_POINT ( 'NONE',  ( -20.49933339690012346, 93.88465243608212063, 28.77538651533319936 ) ) ;
#4552 = DIRECTION ( 'NONE',  ( 0.000000000000000000, 1.000000000000000000, 8.883155072529956973E-12 ) ) ;
#4553 = DIRECTION ( 'NONE',  ( 0.9999973318757248153, 0.002310030612744559762, -3.418525651287343639E-32 ) ) ;
#4554 = CARTESIAN_POINT ( 'NONE',  ( 3.624758211226108529, -6.340670791627876390, 6.649999999999996803 ) ) ;
#4555 = ORIENTED_EDGE ( 'NONE', *, *, #3621, .T. ) ;
#4556 = CARTESIAN_POINT ( 'NONE',  ( -61.45834874803541226, 88.08101633273390973, 47.41953824246409965 ) ) ;
#4557 = CARTESIAN_POINT ( 'NONE',  ( 6.090587933336680138, -28.98675692441123175, 36.47824939404222278 ) ) ;
#4558 = DIRECTION ( 'NONE',  ( 0.000000000000000000, 0.000000000000000000, 1.000000000000000000 ) ) ;
#4559 = FACE_OUTER_BOUND ( 'NONE', #1489, .T. ) ;
#4560 = DIRECTION ( 'NONE',  ( 0.000000000000000000, 1.000000000000000000, 0.000000000000000000 ) ) ;
#4561 = VERTEX_POINT ( 'NONE', #4749 ) ;
#4562 = CIRCLE ( 'NONE', #3864, 1.550000000000000488 ) ;
#4563 = VERTEX_POINT ( 'NONE', #3619 ) ;
#4564 = VERTEX_POINT ( 'NONE', #3251 ) ;
#4565 = CARTESIAN_POINT ( 'NONE',  ( -2.012383650245286315, 94.48948504650226710, 47.34166699477945883 ) ) ;
#4566 = EDGE_CURVE ( 'NONE', #1054, #2372, #1786, .T. ) ;
#4567 = ORIENTED_EDGE ( 'NONE', *, *, #3137, .T. ) ;
#4568 = FACE_OUTER_BOUND ( 'NONE', #3300, .T. ) ;
#4569 = VECTOR ( 'NONE', #362, 1000.000000000000227 ) ;
#4570 = DIRECTION ( 'NONE',  ( 0.000000000000000000, -1.000000000000000000, 0.000000000000000000 ) ) ;
#4571 = ORIENTED_EDGE ( 'NONE', *, *, #3852, .F. ) ;
#4572 = ORIENTED_EDGE ( 'NONE', *, *, #1621, .F. ) ;
#4573 = CIRCLE ( 'NONE', #725, 1.000000000000000888 ) ;
#4574 = VECTOR ( 'NONE', #4804, 1000.000000000000000 ) ;
#4575 = CARTESIAN_POINT ( 'NONE',  ( -1.983849072060328345, 93.88465243608212063, 28.77538651046046425 ) ) ;
#4576 = DIRECTION ( 'NONE',  ( 0.002310030612744635656, -0.9999973318757245933, -1.314654392323781413E-16 ) ) ;
#4577 = VECTOR ( 'NONE', #3282, 1000.000000000000114 ) ;
#4578 = PLANE ( 'NONE',  #89 ) ;
#4579 = VECTOR ( 'NONE', #3187, 1000.000000000000114 ) ;
#4580 = AXIS2_PLACEMENT_3D ( 'NONE', #1714, #2882, #612 ) ;
#4581 = VECTOR ( 'NONE', #3884, 1000.000000000000000 ) ;
#4582 = CARTESIAN_POINT ( 'NONE',  ( 2.102018240521852377, 52.63945606814045419, 42.68895153481192040 ) ) ;
#4583 = CARTESIAN_POINT ( 'NONE',  ( -20.45321490020370447, 93.83813496533004184, 62.76666700196238935 ) ) ;
#4584 = FACE_OUTER_BOUND ( 'NONE', #4813, .T. ) ;
#4585 = DIRECTION ( 'NONE',  ( 0.000000000000000000, 0.000000000000000000, 1.000000000000000000 ) ) ;
#4586 = CARTESIAN_POINT ( 'NONE',  ( -28.21559163188976882, 52.15644271231726492, 36.19112911329964533 ) ) ;
#4587 = EDGE_CURVE ( 'NONE', #2810, #491, #3937, .T. ) ;
#4588 = EDGE_CURVE ( 'NONE', #1865, #3985, #165, .T. ) ;
#4589 = VECTOR ( 'NONE', #4260, 1000.000000000000114 ) ;
#4590 = VERTEX_POINT ( 'NONE', #4308 ) ;
#4591 = CARTESIAN_POINT ( 'NONE',  ( -11.25465870951626357, 94.47377684638601636, 30.01666700000043164 ) ) ;
#4592 = AXIS2_PLACEMENT_3D ( 'NONE', #2205, #3290, #422 ) ;
#4593 = EDGE_CURVE ( 'NONE', #2078, #3734, #3202, .T. ) ;
#4594 = ORIENTED_EDGE ( 'NONE', *, *, #2826, .F. ) ;
#4595 = CARTESIAN_POINT ( 'NONE',  ( -23.30190017009370607, 18.68429699879670025, 35.77815165211664805 ) ) ;
#4596 = ORIENTED_EDGE ( 'NONE', *, *, #4206, .F. ) ;
#4597 = DIRECTION ( 'NONE',  ( -0.9999973318757245933, -0.002310030612747860507, 0.000000000000000000 ) ) ;
#4598 = DIRECTION ( 'NONE',  ( 0.000000000000000000, -1.000000000000000000, 0.000000000000000000 ) ) ;
#4599 = EDGE_LOOP ( 'NONE', ( #351, #3832, #3385, #1340 ) ) ;
#4600 = ORIENTED_EDGE ( 'NONE', *, *, #643, .F. ) ;
#4601 = CARTESIAN_POINT ( 'NONE',  ( -61.37601372443361925, 52.43871641364241043, 47.41953824246409965 ) ) ;
#4602 = CARTESIAN_POINT ( 'NONE',  ( -0.3752417887738929148, 2.386298900080694452, 0.000000000000000000 ) ) ;
#4603 = DIRECTION ( 'NONE',  ( -1.000000000000000000, 0.000000000000000000, 0.000000000000000000 ) ) ;
#4604 = LINE ( 'NONE', #2289, #730 ) ;
#4605 = EDGE_CURVE ( 'NONE', #3466, #1696, #2064, .T. ) ;
#4606 = CARTESIAN_POINT ( 'NONE',  ( -20.50468478461596078, 93.88465243609338984, 47.34166695927376622 ) ) ;
#4607 = CARTESIAN_POINT ( 'NONE',  ( 9.224758211226102844, 23.68429699879670736, 50.00000000000000000 ) ) ;
#4608 = CARTESIAN_POINT ( 'NONE',  ( 5.761407941737090255, 113.5131352806333780, 68.82671117685788431 ) ) ;
#4609 = DIRECTION ( 'NONE',  ( 0.000000000000000000, -0.7862689721268717458, 0.6178843771050962497 ) ) ;
#4610 = CARTESIAN_POINT ( 'NONE',  ( 1.019810864449976151, 88.22534317914865198, 34.47824939404222988 ) ) ;
#4611 = ORIENTED_EDGE ( 'NONE', *, *, #1388, .F. ) ;
#4612 = LINE ( 'NONE', #2381, #4270 ) ;
#4613 = CARTESIAN_POINT ( 'NONE',  ( -28.02931916269114510, -29.06557516460392421, 63.12688919022983924 ) ) ;
#4614 = EDGE_CURVE ( 'NONE', #1358, #2717, #335, .T. ) ;
#4615 = ORIENTED_EDGE ( 'NONE', *, *, #450, .F. ) ;
#4616 = CARTESIAN_POINT ( 'NONE',  ( -7.374235094193059226, 2.386298900080692231, 43.35000000000000853 ) ) ;
#4617 = DIRECTION ( 'NONE',  ( -0.000000000000000000, 1.000000000000000000, 1.314650884662483754E-16 ) ) ;
#4618 = DIRECTION ( 'NONE',  ( 1.000000000000000000, 0.000000000000000000, 0.000000000000000000 ) ) ;
#4619 = ORIENTED_EDGE ( 'NONE', *, *, #3768, .F. ) ;
#4620 = ORIENTED_EDGE ( 'NONE', *, *, #1648, .F. ) ;
#4621 = CARTESIAN_POINT ( 'NONE',  ( 5.971225898508548902, 22.68429699879670736, 50.00000000000000000 ) ) ;
#4622 = PLANE ( 'NONE',  #3341 ) ;
#4623 = DIRECTION ( 'NONE',  ( -1.000000000000000000, -8.145007187700838718E-17, 3.036891891447266479E-19 ) ) ;
#4624 = CARTESIAN_POINT ( 'NONE',  ( -4.375241788773890583, -6.340670791627872838, 3.649999999999996803 ) ) ;
#4625 = CARTESIAN_POINT ( 'NONE',  ( -19.39585255503505934, -19.94109839882208135, 37.36017836553782701 ) ) ;
#4626 = ORIENTED_EDGE ( 'NONE', *, *, #998, .F. ) ;
#4627 = ORIENTED_EDGE ( 'NONE', *, *, #4605, .F. ) ;
#4628 = CARTESIAN_POINT ( 'NONE',  ( -0.3752417887738960234, 9.386298900080694452, 43.35000000000000853 ) ) ;
#4629 = ADVANCED_FACE ( 'NONE', ( #3347 ), #4844, .F. ) ;
#4630 = DIRECTION ( 'NONE',  ( 0.5960708565443469942, 0.001376945599844338775, 0.8029306557849833492 ) ) ;
#4631 = DIRECTION ( 'NONE',  ( 0.000000000000000000, 1.000000000000000000, -2.631539034595277992E-19 ) ) ;
#4632 = EDGE_CURVE ( 'NONE', #2554, #1253, #434, .T. ) ;
#4633 = CARTESIAN_POINT ( 'NONE',  ( -27.80261417171674054, 52.57037526748916179, 35.77815165312661350 ) ) ;
#4634 = VERTEX_POINT ( 'NONE', #2166 ) ;
#4635 = FACE_BOUND ( 'NONE', #1600, .T. ) ;
#4636 = EDGE_CURVE ( 'NONE', #2324, #2890, #2569, .T. ) ;
#4637 = CARTESIAN_POINT ( 'NONE',  ( -26.52361887904384830, 23.68429699879670380, 35.77815165296145494 ) ) ;
#4638 = EDGE_CURVE ( 'NONE', #92, #3659, #3691, .T. ) ;
#4639 = ORIENTED_EDGE ( 'NONE', *, *, #4075, .T. ) ;
#4640 = PLANE ( 'NONE',  #734 ) ;
#4641 = CARTESIAN_POINT ( 'NONE',  ( -54.89290318739411845, 19.68429699879670380, 68.82671117685787010 ) ) ;
#4642 = ADVANCED_FACE ( 'NONE', ( #4862 ), #3763, .T. ) ;
#4643 = VERTEX_POINT ( 'NONE', #3319 ) ;
#4644 = ORIENTED_EDGE ( 'NONE', *, *, #4014, .F. ) ;
#4645 =( BOUNDED_CURVE ( )  B_SPLINE_CURVE ( 3, ( #767, #2597, #3397, #1065 ),
 .UNSPECIFIED., .F., .F. ) 
 B_SPLINE_CURVE_WITH_KNOTS ( ( 4, 4 ),
 ( 1.570796326794869913, 3.141592653589790451 ),
 .UNSPECIFIED. ) 
 CURVE ( )  GEOMETRIC_REPRESENTATION_ITEM ( )  RATIONAL_B_SPLINE_CURVE ( ( 1.000000000000000000, 0.8047378541243592753, 0.8047378541243592753, 1.000000000000000000 ) ) 
 REPRESENTATION_ITEM ( '' )  );
#4646 = PLANE ( 'NONE',  #3164 ) ;
#4647 = FACE_OUTER_BOUND ( 'NONE', #2164, .T. ) ;
#4648 = DIRECTION ( 'NONE',  ( -0.9999973318757245933, -0.002310030612747839690, 0.000000000000000000 ) ) ;
#4649 = DIRECTION ( 'NONE',  ( -0.000000000000000000, -0.000000000000000000, -1.000000000000000000 ) ) ;
#4650 = ADVANCED_FACE ( 'NONE', ( #691 ), #2238, .T. ) ;
#4651 = CIRCLE ( 'NONE', #1896, 0.9999999999999991118 ) ;
#4652 = AXIS2_PLACEMENT_3D ( 'NONE', #2836, #1396, #4328 ) ;
#4653 = VERTEX_POINT ( 'NONE', #287 ) ;
#4654 = ORIENTED_EDGE ( 'NONE', *, *, #3286, .F. ) ;
#4655 = DIRECTION ( 'NONE',  ( -0.002310030612744636523, 0.9999973318757247043, 2.685669595212177235E-19 ) ) ;
#4656 = VECTOR ( 'NONE', #2845, 1000.000000000000227 ) ;
#4657 = VECTOR ( 'NONE', #1161, 1000.000000000000227 ) ;
#4658 = DIRECTION ( 'NONE',  ( 1.000000000000000000, 0.000000000000000000, 0.000000000000000000 ) ) ;
#4659 = LINE ( 'NONE', #176, #1827 ) ;
#4660 = CARTESIAN_POINT ( 'NONE',  ( 9.224758211226102844, 23.68429699879670736, 0.000000000000000000 ) ) ;
#4661 = AXIS2_PLACEMENT_3D ( 'NONE', #76, #2711, #830 ) ;
#4662 = VECTOR ( 'NONE', #3471, 1000.000000000000000 ) ;
#4663 = VERTEX_POINT ( 'NONE', #1493 ) ;
#4664 = CARTESIAN_POINT ( 'NONE',  ( -54.89290318739411845, 18.68429699879670025, 43.35000000000000853 ) ) ;
#4665 = VECTOR ( 'NONE', #35, 1000.000000000000227 ) ;
#4666 = CARTESIAN_POINT ( 'NONE',  ( 5.980466045613387571, 18.68429699879670736, 50.00000000000000000 ) ) ;
#4667 = AXIS2_PLACEMENT_3D ( 'NONE', #3138, #1969, #1607 ) ;
#4668 = EDGE_CURVE ( 'NONE', #2635, #2630, #4430, .T. ) ;
#4669 = ORIENTED_EDGE ( 'NONE', *, *, #1152, .T. ) ;
#4670 = AXIS2_PLACEMENT_3D ( 'NONE', #3531, #3510, #1947 ) ;
#4671 = CYLINDRICAL_SURFACE ( 'NONE', #4580, 0.9999999999999991118 ) ;
#4672 = DIRECTION ( 'NONE',  ( 0.000000000000000000, -0.000000000000000000, -1.000000000000000000 ) ) ;
#4673 = VECTOR ( 'NONE', #2036, 1000.000000000000227 ) ;
#4674 = ORIENTED_EDGE ( 'NONE', *, *, #1429, .T. ) ;
#4675 = ORIENTED_EDGE ( 'NONE', *, *, #2905, .T. ) ;
#4676 = EDGE_CURVE ( 'NONE', #4363, #3446, #2259, .T. ) ;
#4677 = DIRECTION ( 'NONE',  ( 1.350584126542356809E-09, 3.119898733110406684E-12, 1.000000000000000000 ) ) ;
#4678 = CARTESIAN_POINT ( 'NONE',  ( -23.22932920491331998, -29.05448701127600586, 34.47824667424355738 ) ) ;
#4679 = DIRECTION ( 'NONE',  ( 0.9999973318757245933, 0.002310030612744635222, -3.312599504346045120E-32 ) ) ;
#4680 = LINE ( 'NONE', #3228, #1905 ) ;
#4681 =( NAMED_UNIT ( * ) SI_UNIT ( $, .STERADIAN. ) SOLID_ANGLE_UNIT ( ) );
#4682 = ORIENTED_EDGE ( 'NONE', *, *, #4871, .F. ) ;
#4683 = VERTEX_POINT ( 'NONE', #2209 ) ;
#4684 = EDGE_CURVE ( 'NONE', #3754, #2913, #2539, .T. ) ;
#4685 = DIRECTION ( 'NONE',  ( -0.9999973318757245933, -0.002310030612744636957, 0.000000000000000000 ) ) ;
#4686 = CARTESIAN_POINT ( 'NONE',  ( -18.04013995763714462, 88.18131399179689822, 40.96666720124043337 ) ) ;
#4687 = CARTESIAN_POINT ( 'NONE',  ( -7.374235094193059226, 2.386298900080692231, 50.00000000000000000 ) ) ;
#4688 = CARTESIAN_POINT ( 'NONE',  ( -23.30190017009370607, 18.68351819535618219, 36.47824939404222988 ) ) ;
#4689 = ADVANCED_FACE ( 'NONE', ( #4129 ), #1079, .F. ) ;
#4690 = ORIENTED_EDGE ( 'NONE', *, *, #4357, .F. ) ;
#4691 = FACE_OUTER_BOUND ( 'NONE', #2262, .T. ) ;
#4692 = DIRECTION ( 'NONE',  ( 1.000000000000000000, 0.000000000000000000, 0.000000000000000000 ) ) ;
#4693 = ORIENTED_EDGE ( 'NONE', *, *, #4406, .T. ) ;
#4694 = CARTESIAN_POINT ( 'NONE',  ( 4.900960883063385509, 53.10041332965799654, 69.82671117685788431 ) ) ;
#4695 = VERTEX_POINT ( 'NONE', #3672 ) ;
#4696 = DIRECTION ( 'NONE',  ( 0.000000000000000000, 1.000000000000000000, 0.000000000000000000 ) ) ;
#4697 = APPLICATION_PROTOCOL_DEFINITION ( 'draft international standard', 'automotive_design', 1998, #712 ) ;
#4698 = VERTEX_POINT ( 'NONE', #4454 ) ;
#4699 = EDGE_LOOP ( 'NONE', ( #1173, #2434, #3372, #3445 ) ) ;
#4700 = LINE ( 'NONE', #215, #2697 ) ;
#4701 = CARTESIAN_POINT ( 'NONE',  ( 5.980466045613387571, 18.68429699879670736, 68.82671117685787010 ) ) ;
#4702 = DIRECTION ( 'NONE',  ( -1.231055726676221706E-16, 1.000000000000000000, 0.000000000000000000 ) ) ;
#4703 = LINE ( 'NONE', #1722, #332 ) ;
#4704 = VERTEX_POINT ( 'NONE', #710 ) ;
#4705 = VERTEX_POINT ( 'NONE', #1791 ) ;
#4706 = EDGE_CURVE ( 'NONE', #1145, #2973, #595, .T. ) ;
#4707 = DIRECTION ( 'NONE',  ( 0.000000000000000000, 1.000000000000000000, 0.000000000000000000 ) ) ;
#4708 = CYLINDRICAL_SURFACE ( 'NONE', #2718, 1.000000000000000000 ) ;
#4709 = CARTESIAN_POINT ( 'NONE',  ( -2.012396675191439499, 94.49512681158067551, 47.34166699477945883 ) ) ;
#4710 = CARTESIAN_POINT ( 'NONE',  ( -24.41791910123736642, 52.57819403757819998, 43.68895153481192040 ) ) ;
#4711 = ORIENTED_EDGE ( 'NONE', *, *, #1392, .F. ) ;
#4712 = CARTESIAN_POINT ( 'NONE',  ( 6.625764905806940774, 2.386298900080696672, 0.000000000000000000 ) ) ;
#4713 = ORIENTED_EDGE ( 'NONE', *, *, #2201, .F. ) ;
#4714 = CARTESIAN_POINT ( 'NONE',  ( -27.04835685023747871, 19.68429699879670380, 35.77815165310198608 ) ) ;
#4715 = EDGE_LOOP ( 'NONE', ( #56, #679, #3350, #1616 ) ) ;
#4716 = CARTESIAN_POINT ( 'NONE',  ( 48.29692856710278903, 23.68429699879671446, 3.837678611783551297 ) ) ;
#4717 = ORIENTED_EDGE ( 'NONE', *, *, #4406, .F. ) ;
#4718 = ORIENTED_EDGE ( 'NONE', *, *, #3902, .F. ) ;
#4719 = EDGE_CURVE ( 'NONE', #2782, #1808, #4769, .T. ) ;
#4720 = DIRECTION ( 'NONE',  ( -1.000000000000000000, 0.000000000000000000, 0.000000000000000000 ) ) ;
#4721 = CARTESIAN_POINT ( 'NONE',  ( 4.759100579248623397, 114.5108225818963916, 34.47824939404223699 ) ) ;
#4722 = ORIENTED_EDGE ( 'NONE', *, *, #2011, .T. ) ;
#4723 = VERTEX_POINT ( 'NONE', #4404 ) ;
#4724 = VECTOR ( 'NONE', #3263, 1000.000000000000114 ) ;
#4725 = CARTESIAN_POINT ( 'NONE',  ( -1.925241788773891960, -4.613701099919306436, 50.00000000000000000 ) ) ;
#4726 = CARTESIAN_POINT ( 'NONE',  ( -2.010713455236531999, 94.48948504650736879, 55.71975232211381979 ) ) ;
#4727 = DIRECTION ( 'NONE',  ( 1.000000000000000000, 0.000000000000000000, 0.000000000000000000 ) ) ;
#4728 = CARTESIAN_POINT ( 'NONE',  ( 4.761410609861362886, 113.5108252500206589, 68.82671117685788431 ) ) ;
#4729 = AXIS2_PLACEMENT_3D ( 'NONE', #2073, #921, #3509 ) ;
#4730 = ORIENTED_EDGE ( 'NONE', *, *, #2649, .F. ) ;
#4731 = AXIS2_PLACEMENT_3D ( 'NONE', #685, #3682, #298 ) ;
#4732 = AXIS2_PLACEMENT_3D ( 'NONE', #2684, #402, #2187 ) ;
#4733 = DIRECTION ( 'NONE',  ( -0.9997881441145191062, -0.002309547381323118383, -0.02045318750069923669 ) ) ;
#4734 = FACE_BOUND ( 'NONE', #2277, .T. ) ;
#4735 = ADVANCED_FACE ( 'NONE', ( #1030 ), #4035, .F. ) ;
#4736 = CYLINDRICAL_SURFACE ( 'NONE', #3332, 1.549999999999999378 ) ;
#4737 = AXIS2_PLACEMENT_3D ( 'NONE', #2921, #4417, #1046 ) ;
#4738 = ORIENTED_EDGE ( 'NONE', *, *, #3759, .T. ) ;
#4739 = ADVANCED_FACE ( 'NONE', ( #855 ), #1171, .T. ) ;
#4740 = AXIS2_PLACEMENT_3D ( 'NONE', #1693, #3635, #158 ) ;
#4741 = VECTOR ( 'NONE', #4623, 1000.000000000000000 ) ;
#4742 = FACE_OUTER_BOUND ( 'NONE', #3367, .T. ) ;
#4743 =( NAMED_UNIT ( * ) SI_UNIT ( $, .STERADIAN. ) SOLID_ANGLE_UNIT ( ) );
#4744 = AXIS2_PLACEMENT_3D ( 'NONE', #4664, #4299, #2105 ) ;
#4745 = ORIENTED_EDGE ( 'NONE', *, *, #776, .F. ) ;
#4746 = ORIENTED_EDGE ( 'NONE', *, *, #875, .F. ) ;
#4747 = CARTESIAN_POINT ( 'NONE',  ( 4.819837018545615415, 88.21841030409417783, 35.47824939404222988 ) ) ;
#4748 = VECTOR ( 'NONE', #4630, 1000.000000000000000 ) ;
#4749 = CARTESIAN_POINT ( 'NONE',  ( 4.806855247920220897, 93.83813495916659519, 69.82671117685788431 ) ) ;
#4750 = CYLINDRICAL_SURFACE ( 'NONE', #2549, 1.000000000000000000 ) ;
#4751 = ORIENTED_EDGE ( 'NONE', *, *, #798, .T. ) ;
#4752 = ORIENTED_EDGE ( 'NONE', *, *, #4282, .T. ) ;
#4753 = VECTOR ( 'NONE', #2894, 1000.000000000000227 ) ;
#4754 = DIRECTION ( 'NONE',  ( -0.9999973318757229279, -0.002310030612744632186, -5.929998404448713966E-08 ) ) ;
#4755 = DIRECTION ( 'NONE',  ( -0.002310030612744635222, 0.9999973318757245933, 1.314654392323781166E-16 ) ) ;
#4756 = CIRCLE ( 'NONE', #2647, 1.000000000000000888 ) ;
#4757 = EDGE_CURVE ( 'NONE', #3838, #267, #3099, .T. ) ;
#4758 = DIRECTION ( 'NONE',  ( -1.000000000000000000, 0.000000000000000000, 0.000000000000000000 ) ) ;
#4759 = ORIENTED_EDGE ( 'NONE', *, *, #512, .T. ) ;
#4760 = FACE_OUTER_BOUND ( 'NONE', #3910, .T. ) ;
#4761 = CARTESIAN_POINT ( 'NONE',  ( -0.3752417887738941915, 18.68429699879670736, 50.00000000000000000 ) ) ;
#4762 = CARTESIAN_POINT ( 'NONE',  ( -0.6401874575596701034, 88.22150852197638926, 47.34166700000042738 ) ) ;
#4763 = ORIENTED_EDGE ( 'NONE', *, *, #2474, .T. ) ;
#4764 = EDGE_CURVE ( 'NONE', #3758, #2049, #3029, .T. ) ;
#4765 = FACE_OUTER_BOUND ( 'NONE', #1316, .T. ) ;
#4766 = ORIENTED_EDGE ( 'NONE', *, *, #4297, .T. ) ;
#4767 = ORIENTED_EDGE ( 'NONE', *, *, #1642, .F. ) ;
#4768 = FACE_OUTER_BOUND ( 'NONE', #1901, .T. ) ;
#4769 = LINE ( 'NONE', #1397, #1136 ) ;
#4770 = CARTESIAN_POINT ( 'NONE',  ( -28.31323125302396448, 88.14187169787817311, 69.41249761448476363 ) ) ;
#4771 = ORIENTED_EDGE ( 'NONE', *, *, #4614, .T. ) ;
#4772 = ORIENTED_EDGE ( 'NONE', *, *, #3356, .F. ) ;
#4773 = CARTESIAN_POINT ( 'NONE',  ( -8.975241788773896445, 23.68429699879670736, 1.000000000000000888 ) ) ;
#4774 = EDGE_CURVE ( 'NONE', #1994, #893, #4756, .T. ) ;
#4775 = CARTESIAN_POINT ( 'NONE',  ( -2.010713457441398511, 94.48948504650979885, 47.34166699478588214 ) ) ;
#4776 = CARTESIAN_POINT ( 'NONE',  ( -28.35849915429072610, 113.4343170404407175, 69.82671117685788431 ) ) ;
#4777 = EDGE_LOOP ( 'NONE', ( #3982, #361, #1834, #4038 ) ) ;
#4778 = EDGE_CURVE ( 'NONE', #458, #4106, #192, .T. ) ;
#4779 = DIRECTION ( 'NONE',  ( -1.162612123144649376E-16, 0.000000000000000000, -1.000000000000000000 ) ) ;
#4780 = DIRECTION ( 'NONE',  ( -1.091152692702142892E-32, 1.339658354568195596E-16, -1.000000000000000000 ) ) ;
#4781 = CARTESIAN_POINT ( 'NONE',  ( 3.624758211226108084, 2.386298900080694896, 50.00000000000000000 ) ) ;
#4782 = CARTESIAN_POINT ( 'NONE',  ( -18.05463949171135951, 94.45806864070162590, 40.96666720124043337 ) ) ;
#4783 = VERTEX_POINT ( 'NONE', #2738 ) ;
#4784 = EDGE_CURVE ( 'NONE', #2654, #2342, #2313, .T. ) ;
#4785 = CARTESIAN_POINT ( 'NONE',  ( 4.904320800386624768, 51.64592682198042439, 35.77815164467352105 ) ) ;
#4786 = EDGE_CURVE ( 'NONE', #3599, #3199, #1936, .T. ) ;
#4787 = VERTEX_POINT ( 'NONE', #4231 ) ;
#4788 = ORIENTED_EDGE ( 'NONE', *, *, #1859, .F. ) ;
#4789 = FACE_OUTER_BOUND ( 'NONE', #1140, .T. ) ;
#4790 = EDGE_CURVE ( 'NONE', #4723, #2440, #2722, .T. ) ;
#4791 = DIRECTION ( 'NONE',  ( -0.002310030612744635222, 0.9999973318757245933, 0.000000000000000000 ) ) ;
#4792 = LINE ( 'NONE', #288, #4189 ) ;
#4793 = ORIENTED_EDGE ( 'NONE', *, *, #156, .F. ) ;
#4794 = ORIENTED_EDGE ( 'NONE', *, *, #4282, .F. ) ;
#4795 = CARTESIAN_POINT ( 'NONE',  ( -0.7696738990734633967, -7.237790915688255389, 62.76666700000041743 ) ) ;
#4796 = FACE_OUTER_BOUND ( 'NONE', #2404, .T. ) ;
#4797 = DIRECTION ( 'NONE',  ( 1.000000000000000000, 0.000000000000000000, 0.000000000000000000 ) ) ;
#4798 = LINE ( 'NONE', #4776, #8 ) ;
#4799 = ORIENTED_EDGE ( 'NONE', *, *, #3279, .F. ) ;
#4800 = FACE_OUTER_BOUND ( 'NONE', #4473, .T. ) ;
#4801 =( BOUNDED_CURVE ( )  B_SPLINE_CURVE ( 3, ( #3730, #1802, #1090, #2559 ),
 .UNSPECIFIED., .F., .F. ) 
 B_SPLINE_CURVE_WITH_KNOTS ( ( 4, 4 ),
 ( 3.141592653589793116, 4.712388980384689674 ),
 .UNSPECIFIED. ) 
 CURVE ( )  GEOMETRIC_REPRESENTATION_ITEM ( )  RATIONAL_B_SPLINE_CURVE ( ( 1.000000000000000000, 0.8047378541243649375, 0.8047378541243649375, 1.000000000000000000 ) ) 
 REPRESENTATION_ITEM ( '' )  );
#4802 = DIRECTION ( 'NONE',  ( -0.000000000000000000, -0.000000000000000000, -1.000000000000000000 ) ) ;
#4803 = CIRCLE ( 'NONE', #4022, 1.550000000000000933 ) ;
#4804 = DIRECTION ( 'NONE',  ( -0.000000000000000000, -0.000000000000000000, -1.000000000000000000 ) ) ;
#4805 = CARTESIAN_POINT ( 'NONE',  ( -9.975241788773889340, -7.213701099919300752, 43.35000000000000853 ) ) ;
#4806 = AXIS2_PLACEMENT_3D ( 'NONE', #1466, #2954, #4833 ) ;
#4807 = VECTOR ( 'NONE', #2908, 1000.000000000000227 ) ;
#4808 = ORIENTED_EDGE ( 'NONE', *, *, #1837, .T. ) ;
#4809 = DIRECTION ( 'NONE',  ( -0.9999973318747245044, -0.002310030612742325004, -1.414335713705024920E-06 ) ) ;
#4810 = CIRCLE ( 'NONE', #2618, 1.000000000000000888 ) ;
#4811 = VECTOR ( 'NONE', #2476, 1000.000000000000000 ) ;
#4812 = EDGE_CURVE ( 'NONE', #558, #2010, #4177, .T. ) ;
#4813 = EDGE_LOOP ( 'NONE', ( #3169, #4522, #4142, #3997, #1447, #2453, #2033 ) ) ;
#4814 = EDGE_LOOP ( 'NONE', ( #4179, #4107, #3035, #4763, #1772 ) ) ;
#4815 = AXIS2_PLACEMENT_3D ( 'NONE', #4616, #2279, #4248 ) ;
#4816 = CIRCLE ( 'NONE', #576, 1.000000000000000888 ) ;
#4817 = DIRECTION ( 'NONE',  ( -0.006148290135890873906, 0.000000000000000000, 0.9999810990855801940 ) ) ;
#4818 = DIRECTION ( 'NONE',  ( 1.000000000000000000, -0.000000000000000000, -2.631704039461207457E-10 ) ) ;
#4819 = CYLINDRICAL_SURFACE ( 'NONE', #2706, 1.550000000000000488 ) ;
#4820 = STYLED_ITEM ( 'NONE', ( #3527 ), #3485 ) ;
#4821 = AXIS2_PLACEMENT_3D ( 'NONE', #1100, #4498, #3516 ) ;
#4822 = VERTEX_POINT ( 'NONE', #3840 ) ;
#4823 = VERTEX_POINT ( 'NONE', #3860 ) ;
#4824 = ADVANCED_FACE ( 'NONE', ( #3788 ), #3070, .F. ) ;
#4825 = AXIS2_PLACEMENT_3D ( 'NONE', #3171, #2830, #2757 ) ;
#4826 = DIRECTION ( 'NONE',  ( -5.421010862427522786E-17, -4.415417243907649177E-33, -1.000000000000000000 ) ) ;
#4827 = CARTESIAN_POINT ( 'NONE',  ( 3.624758211226108084, 2.386298900080693564, 6.650000000000003020 ) ) ;
#4828 = LINE ( 'NONE', #1459, #2937 ) ;
#4829 = CARTESIAN_POINT ( 'NONE',  ( -19.46471098539030464, 88.17802318033244546, 47.41953824246409255 ) ) ;
#4830 = AXIS2_PLACEMENT_3D ( 'NONE', #1726, #2550, #2870 ) ;
#4831 = CARTESIAN_POINT ( 'NONE',  ( 1.177171240085359782, 18.68429699879670736, 50.00000000000000000 ) ) ;
#4832 = DIRECTION ( 'NONE',  ( 0.002310030612744636089, -0.9999973318757248153, 0.000000000000000000 ) ) ;
#4833 = DIRECTION ( 'NONE',  ( 1.000000000000000000, 0.000000000000000000, 0.000000000000000000 ) ) ;
#4834 = EDGE_CURVE ( 'NONE', #2708, #4363, #3423, .T. ) ;
#4835 = ORIENTED_EDGE ( 'NONE', *, *, #1746, .F. ) ;
#4836 =( BOUNDED_CURVE ( )  B_SPLINE_CURVE ( 3, ( #1629, #4586, #4633, #3085 ),
 .UNSPECIFIED., .F., .F. ) 
 B_SPLINE_CURVE_WITH_KNOTS ( ( 4, 4 ),
 ( 4.714699013051906640, 6.283185307179573797 ),
 .UNSPECIFIED. ) 
 CURVE ( )  GEOMETRIC_REPRESENTATION_ITEM ( )  RATIONAL_B_SPLINE_CURVE ( ( 1.000000000000000000, 0.8052820194829874989, 0.8052820194829874989, 1.000000000000000000 ) ) 
 REPRESENTATION_ITEM ( '' )  );
#4837 = ORIENTED_EDGE ( 'NONE', *, *, #2872, .T. ) ;
#4838 = DIRECTION ( 'NONE',  ( -2.631716128528597699E-10, -6.078046383545634477E-13, -1.000000000000000000 ) ) ;
#4839 = EDGE_LOOP ( 'NONE', ( #638, #397, #2316, #708, #74, #2176, #3882, #645, #661, #931, #1092, #4675, #4161, #1252, #3214, #3314 ) ) ;
#4840 = VERTEX_POINT ( 'NONE', #1149 ) ;
#4841 = EDGE_CURVE ( 'NONE', #352, #4449, #2664, .T. ) ;
#4842 = LINE ( 'NONE', #3023, #1188 ) ;
#4843 = EDGE_CURVE ( 'NONE', #3733, #1805, #1848, .T. ) ;
#4844 = CYLINDRICAL_SURFACE ( 'NONE', #3662, 1.549999999999999378 ) ;
#4845 = LINE ( 'NONE', #3692, #3411 ) ;
#4846 = ORIENTED_EDGE ( 'NONE', *, *, #3454, .F. ) ;
#4847 = VERTEX_POINT ( 'NONE', #1242 ) ;
#4848 = DIRECTION ( 'NONE',  ( -0.000000000000000000, -0.000000000000000000, -1.000000000000000000 ) ) ;
#4849 = CARTESIAN_POINT ( 'NONE',  ( -9.975241788773894669, 22.68429699879670736, 13.82552992589453744 ) ) ;
#4850 = EDGE_CURVE ( 'NONE', #3261, #1994, #984, .T. ) ;
#4851 = CARTESIAN_POINT ( 'NONE',  ( -0.6401874489896913767, 88.22150852199618498, 40.96666697601042983 ) ) ;
#4852 = ORIENTED_EDGE ( 'NONE', *, *, #1056, .F. ) ;
#4853 = CARTESIAN_POINT ( 'NONE',  ( -7.374235094193059226, 2.386298900080692231, 50.00000000000000000 ) ) ;
#4854 = DIRECTION ( 'NONE',  ( -1.000000000000000000, -1.221751078155125993E-16, 0.000000000000000000 ) ) ;
#4855 = LINE ( 'NONE', #2626, #1825 ) ;
#4856 = CARTESIAN_POINT ( 'NONE',  ( -22.55322049938665074, 93.83813496533004184, 64.86666699412998582 ) ) ;
#4857 = ORIENTED_EDGE ( 'NONE', *, *, #3412, .T. ) ;
#4858 = EDGE_LOOP ( 'NONE', ( #1135, #198, #686, #4693, #3071, #704, #4387, #3016 ) ) ;
#4859 = ORIENTED_EDGE ( 'NONE', *, *, #3, .F. ) ;
#4860 = EDGE_LOOP ( 'NONE', ( #4567, #2536, #4055, #3183 ) ) ;
#4861 = PLANE ( 'NONE',  #247 ) ;
#4862 = FACE_OUTER_BOUND ( 'NONE', #22, .T. ) ;
#4863 = CARTESIAN_POINT ( 'NONE',  ( -27.21681824921459025, 52.10272336027070850, 68.82671117685788431 ) ) ;
#4864 = ADVANCED_FACE ( 'NONE', ( #4250 ), #880, .T. ) ;
#4865 = ORIENTED_EDGE ( 'NONE', *, *, #1453, .F. ) ;
#4866 = ORIENTED_EDGE ( 'NONE', *, *, #4764, .T. ) ;
#4867 = LINE ( 'NONE', #3793, #4338 ) ;
#4868 = CARTESIAN_POINT ( 'NONE',  ( -1.375241788773899687, 23.68429699879670736, 3.837678611783551297 ) ) ;
#4869 = CARTESIAN_POINT ( 'NONE',  ( -61.45834874803541226, 88.08101633273390973, 34.47824667424357159 ) ) ;
#4870 = DIRECTION ( 'NONE',  ( 0.9999973318757245933, 0.002310030612744636523, 3.845413804662629583E-09 ) ) ;
#4871 = EDGE_CURVE ( 'NONE', #4239, #4456, #3026, .T. ) ;
#4872 = ORIENTED_EDGE ( 'NONE', *, *, #1310, .T. ) ;
#4873 = CYLINDRICAL_SURFACE ( 'NONE', #4261, 1.000000000000000888 ) ;
#4874 = LINE ( 'NONE', #1782, #3163 ) ;
#4875 = AXIS2_PLACEMENT_3D ( 'NONE', #1206, #3774, #3752 ) ;
ENDSEC;
END-ISO-10303-21;
