ISO-10303-21;
HEADER;
FILE_DESCRIPTION (( 'STEP AP203' ),
    '1' );
FILE_NAME ('gello_teleop_gripper_trigger_v2.STEP',
    '2025-12-08T06:48:48',
    ( '' ),
    ( '' ),
    'SwSTEP 2.0',
    'SolidWorks 2025',
    '' );
FILE_SCHEMA (( 'CONFIG_CONTROL_DESIGN' ));
ENDSEC;

DATA;
#1 = ORIENTED_EDGE ( 'NONE', *, *, #363, .T. ) ;
#2 = DIRECTION ( 'NONE',  ( 1.000000000000000000, -0.000000000000000000, 1.224646799147353207E-16 ) ) ;
#3 = ADVANCED_FACE ( 'NONE', ( #195 ), #1362, .T. ) ;
#4 = CARTESIAN_POINT ( 'NONE',  ( 2.800000000000008704, 5.000000000000000000, 50.99999999999999289 ) ) ;
#5 = DIRECTION ( 'NONE',  ( 3.727790292950217732E-16, 0.000000000000000000, 1.000000000000000000 ) ) ;
#6 = EDGE_CURVE ( 'NONE', #664, #638, #885, .T. ) ;
#7 = AXIS2_PLACEMENT_3D ( 'NONE', #887, #93, #867 ) ;
#8 = AXIS2_PLACEMENT_3D ( 'NONE', #1180, #5, #1186 ) ;
#9 = CARTESIAN_POINT ( 'NONE',  ( 22.80000000000000071, 0.000000000000000000, 21.99999999999999645 ) ) ;
#10 = ORIENTED_EDGE ( 'NONE', *, *, #542, .T. ) ;
#11 = DIRECTION ( 'NONE',  ( 0.000000000000000000, -1.000000000000000000, 0.000000000000000000 ) ) ;
#12 = DIRECTION ( 'NONE',  ( -1.079472956652738047E-16, -0.000000000000000000, 1.000000000000000000 ) ) ;
#13 = AXIS2_PLACEMENT_3D ( 'NONE', #1088, #1360, #1257 ) ;
#14 = LINE ( 'NONE', #808, #800 ) ;
#15 = ORIENTED_EDGE ( 'NONE', *, *, #1541, .F. ) ;
#16 = EDGE_CURVE ( 'NONE', #823, #79, #995, .T. ) ;
#17 = FACE_OUTER_BOUND ( 'NONE', #1096, .T. ) ;
#18 = CARTESIAN_POINT ( 'NONE',  ( 25.00000000000001066, 4.200000000000000178, 19.56763418741029525 ) ) ;
#19 = CARTESIAN_POINT ( 'NONE',  ( 0.2794840296685638936, 4.774787470771551412, 7.760777044657086954 ) ) ;
#20 = EDGE_CURVE ( 'NONE', #669, #118, #448, .T. ) ;
#21 = EDGE_CURVE ( 'NONE', #1682, #1468, #605, .T. ) ;
#22 = ORIENTED_EDGE ( 'NONE', *, *, #819, .F. ) ;
#23 = CARTESIAN_POINT ( 'NONE',  ( 26.96153846153848122, 0.8000000000000003775, -6.578605181973591048E-15 ) ) ;
#24 = CARTESIAN_POINT ( 'NONE',  ( 2.800000000000005151, 0.000000000000000000, 17.76785276712210404 ) ) ;
#25 = VERTEX_POINT ( 'NONE', #46 ) ;
#26 = VECTOR ( 'NONE', #11, 1000.000000000000000 ) ;
#27 = CARTESIAN_POINT ( 'NONE',  ( 22.00000000000000711, 0.8000000000000003775, 21.99999999999999645 ) ) ;
#28 = LINE ( 'NONE', #553, #38 ) ;
#29 = EDGE_CURVE ( 'NONE', #1341, #1375, #1580, .T. ) ;
#30 = VERTEX_POINT ( 'NONE', #1228 ) ;
#31 = FACE_OUTER_BOUND ( 'NONE', #246, .T. ) ;
#32 = DIRECTION ( 'NONE',  ( -1.000000000000000000, 0.000000000000000000, 0.000000000000000000 ) ) ;
#33 = EDGE_LOOP ( 'NONE', ( #689, #944 ) ) ;
#34 = EDGE_CURVE ( 'NONE', #75, #1270, #511, .T. ) ;
#35 = LINE ( 'NONE', #1327, #515 ) ;
#36 = CARTESIAN_POINT ( 'NONE',  ( 4.200000000000001954, 0.8000000000000000444, 10.33794469224652168 ) ) ;
#37 = CIRCLE ( 'NONE', #858, 0.7999999999999999334 ) ;
#38 = VECTOR ( 'NONE', #559, 1000.000000000000000 ) ;
#39 = FACE_OUTER_BOUND ( 'NONE', #1201, .T. ) ;
#40 = CARTESIAN_POINT ( 'NONE',  ( 0.04716730212941479261, 0.5210281399566794036, 7.959983673037806184 ) ) ;
#41 = EDGE_CURVE ( 'NONE', #703, #80, #1668, .T. ) ;
#42 = CARTESIAN_POINT ( 'NONE',  ( 24.20000000000000995, 5.000000000000000000, 50.19999999999999574 ) ) ;
#43 = CARTESIAN_POINT ( 'NONE',  ( 1.738111607765823901E-15, 4.343458865660720036, 7.999999999999991118 ) ) ;
#44 = ORIENTED_EDGE ( 'NONE', *, *, #1102, .T. ) ;
#45 = AXIS2_PLACEMENT_3D ( 'NONE', #787, #283, #129 ) ;
#46 = CARTESIAN_POINT ( 'NONE',  ( 2.000000000000005329, 0.8000000000000003775, 18.00000000000000711 ) ) ;
#47 = VERTEX_POINT ( 'NONE', #325 ) ;
#48 = CARTESIAN_POINT ( 'NONE',  ( 2.104515828499221808, 4.609353376441053030, 17.97008137126065108 ) ) ;
#49 = FACE_OUTER_BOUND ( 'NONE', #1158, .T. ) ;
#50 = AXIS2_PLACEMENT_3D ( 'NONE', #718, #1622, #600 ) ;
#51 = ORIENTED_EDGE ( 'NONE', *, *, #579, .T. ) ;
#52 = DIRECTION ( 'NONE',  ( 0.000000000000000000, 1.000000000000000000, 0.000000000000000000 ) ) ;
#53 = EDGE_CURVE ( 'NONE', #295, #138, #1428, .T. ) ;
#54 = AXIS2_PLACEMENT_3D ( 'NONE', #740, #636, #241 ) ;
#55 = LINE ( 'NONE', #581, #1107 ) ;
#56 = APPROVAL_STATUS ( 'not_yet_approved' ) ;
#57 = VECTOR ( 'NONE', #229, 1000.000000000000000 ) ;
#58 = ORIENTED_EDGE ( 'NONE', *, *, #1661, .T. ) ;
#59 = VERTEX_POINT ( 'NONE', #1009 ) ;
#60 = ORIENTED_EDGE ( 'NONE', *, *, #1022, .T. ) ;
#61 = CARTESIAN_POINT ( 'NONE',  ( 2.107747594696927709E-14, 5.000000000000000000, -4.950000000000001066 ) ) ;
#62 = DIRECTION ( 'NONE',  ( 0.000000000000000000, 0.000000000000000000, -1.000000000000000000 ) ) ;
#63 = LINE ( 'NONE', #827, #1204 ) ;
#64 = DIRECTION ( 'NONE',  ( -1.000000000000000000, 0.000000000000000000, -3.016910393003142859E-16 ) ) ;
#65 = DIRECTION ( 'NONE',  ( 1.000000000000000000, 0.000000000000000000, 0.000000000000000000 ) ) ;
#66 = VERTEX_POINT ( 'NONE', #714 ) ;
#67 = CIRCLE ( 'NONE', #377, 0.8000000000000020428 ) ;
#68 = LINE ( 'NONE', #994, #1513 ) ;
#69 = ORIENTED_EDGE ( 'NONE', *, *, #518, .F. ) ;
#70 = CARTESIAN_POINT ( 'NONE',  ( 0.000000000000000000, 5.000000000000000000, -8.000000000000000000 ) ) ;
#71 = FACE_BOUND ( 'NONE', #879, .T. ) ;
#72 = EDGE_CURVE ( 'NONE', #295, #1444, #1599, .T. ) ;
#73 = AXIS2_PLACEMENT_3D ( 'NONE', #1150, #1528, #675 ) ;
#74 = CARTESIAN_POINT ( 'NONE',  ( 2.800000000000008704, 4.200000000000000178, 50.19999999999999574 ) ) ;
#75 = VERTEX_POINT ( 'NONE', #1480 ) ;
#76 = ORIENTED_EDGE ( 'NONE', *, *, #456, .T. ) ;
#77 = EDGE_CURVE ( 'NONE', #1191, #1270, #67, .T. ) ;
#78 = AXIS2_PLACEMENT_3D ( 'NONE', #260, #674, #938 ) ;
#79 = VERTEX_POINT ( 'NONE', #203 ) ;
#80 = VERTEX_POINT ( 'NONE', #338 ) ;
#81 = CARTESIAN_POINT ( 'NONE',  ( 4.200000000000003730, 5.000000000000000000, 21.19999999999999574 ) ) ;
#82 = DIRECTION ( 'NONE',  ( -1.000000000000000000, 0.000000000000000000, 0.000000000000000000 ) ) ;
#83 = ORIENTED_EDGE ( 'NONE', *, *, #72, .F. ) ;
#84 = DIRECTION ( 'NONE',  ( -0.000000000000000000, -1.000000000000000000, -0.000000000000000000 ) ) ;
#85 = FACE_OUTER_BOUND ( 'NONE', #597, .T. ) ;
#86 = CARTESIAN_POINT ( 'NONE',  ( 0.000000000000000000, 0.000000000000000000, 0.000000000000000000 ) ) ;
#87 = ORIENTED_EDGE ( 'NONE', *, *, #239, .F. ) ;
#88 = CARTESIAN_POINT ( 'NONE',  ( 0.000000000000000000, 5.000000000000000000, 0.000000000000000000 ) ) ;
#89 = AXIS2_PLACEMENT_3D ( 'NONE', #1284, #115, #1155 ) ;
#90 = ORIENTED_EDGE ( 'NONE', *, *, #798, .T. ) ;
#91 = CARTESIAN_POINT ( 'NONE',  ( 25.00000000000001066, 5.000000000000000000, 18.85980667165780744 ) ) ;
#92 = FACE_BOUND ( 'NONE', #33, .T. ) ;
#93 = DIRECTION ( 'NONE',  ( 0.000000000000000000, 1.000000000000000000, 0.000000000000000000 ) ) ;
#94 = CARTESIAN_POINT ( 'NONE',  ( 22.00000000000001776, 0.3313708498984768713, 47.99999999999998579 ) ) ;
#95 = CYLINDRICAL_SURFACE ( 'NONE', #923, 0.8000000000000020428 ) ;
#96 = ORIENTED_EDGE ( 'NONE', *, *, #518, .T. ) ;
#97 = DIRECTION ( 'NONE',  ( 0.000000000000000000, 1.000000000000000000, 0.000000000000000000 ) ) ;
#98 = ORIENTED_EDGE ( 'NONE', *, *, #913, .F. ) ;
#99 = CARTESIAN_POINT ( 'NONE',  ( 2.755455298081544285E-16, 5.000000000000000000, 2.250000000000000000 ) ) ;
#100 = PLANE ( 'NONE',  #1359 ) ;
#101 = AXIS2_PLACEMENT_3D ( 'NONE', #646, #97, #1168 ) ;
#102 = EDGE_LOOP ( 'NONE', ( #155, #1458, #716, #466 ) ) ;
#103 = CARTESIAN_POINT ( 'NONE',  ( 22.80000000000000071, 0.8000000000000000444, 10.33794469224651813 ) ) ;
#104 = EDGE_CURVE ( 'NONE', #196, #1300, #68, .T. ) ;
#105 = LOCAL_TIME ( 14, 48, 48.00000000000000000, #592 ) ;
#106 = DIRECTION ( 'NONE',  ( 0.000000000000000000, 1.000000000000000000, 0.000000000000000000 ) ) ;
#107 = DIRECTION ( 'NONE',  ( 0.000000000000000000, 1.000000000000000000, 0.000000000000000000 ) ) ;
#108 = AXIS2_PLACEMENT_3D ( 'NONE', #1278, #107, #1055 ) ;
#109 = ORIENTED_EDGE ( 'NONE', *, *, #1650, .T. ) ;
#110 = CARTESIAN_POINT ( 'NONE',  ( 22.00000000000000355, 4.668629150101523351, 21.99999999999999645 ) ) ;
#111 = EDGE_CURVE ( 'NONE', #1338, #676, #919, .T. ) ;
#112 = DIRECTION ( 'NONE',  ( 0.000000000000000000, 0.000000000000000000, -1.000000000000000000 ) ) ;
#113 = ORIENTED_EDGE ( 'NONE', *, *, #830, .T. ) ;
#114 = AXIS2_PLACEMENT_3D ( 'NONE', #1568, #1573, #1174 ) ;
#115 = DIRECTION ( 'NONE',  ( 0.000000000000000000, 1.000000000000000000, 0.000000000000000000 ) ) ;
#116 = FACE_OUTER_BOUND ( 'NONE', #609, .T. ) ;
#117 = EDGE_CURVE ( 'NONE', #196, #79, #37, .T. ) ;
#118 = VERTEX_POINT ( 'NONE', #1408 ) ;
#119 = LINE ( 'NONE', #1402, #176 ) ;
#120 = CARTESIAN_POINT ( 'NONE',  ( 25.00000000000000711, 0.8000000000000003775, 50.19999999999999574 ) ) ;
#121 = VERTEX_POINT ( 'NONE', #775 ) ;
#122 = AXIS2_PLACEMENT_3D ( 'NONE', #1031, #1147, #1021 ) ;
#123 = LINE ( 'NONE', #380, #57 ) ;
#124 = AXIS2_PLACEMENT_3D ( 'NONE', #576, #1452, #816 ) ;
#125 = ORIENTED_EDGE ( 'NONE', *, *, #1248, .T. ) ;
#126 = FACE_OUTER_BOUND ( 'NONE', #442, .T. ) ;
#127 = CARTESIAN_POINT ( 'NONE',  ( 24.20000000000000995, 4.200000000000000178, 51.00000000000000000 ) ) ;
#128 = VECTOR ( 'NONE', #852, 1000.000000000000000 ) ;
#129 = DIRECTION ( 'NONE',  ( 0.000000000000000000, 0.000000000000000000, 1.000000000000000000 ) ) ;
#130 = VECTOR ( 'NONE', #1555, 1000.000000000000000 ) ;
#131 = EDGE_CURVE ( 'NONE', #407, #633, #1136, .T. ) ;
#132 = EDGE_LOOP ( 'NONE', ( #584, #863, #585, #708 ) ) ;
#133 = DIRECTION ( 'NONE',  ( -6.123233995736778362E-17, -4.340113692523873751E-16, 1.000000000000000000 ) ) ;
#134 = EDGE_CURVE ( 'NONE', #1546, #25, #892, .T. ) ;
#135 = ORIENTED_EDGE ( 'NONE', *, *, #178, .T. ) ;
#136 = CARTESIAN_POINT ( 'NONE',  ( 25.00000000000000711, 5.000000000000000000, 50.19999999999999574 ) ) ;
#137 = CIRCLE ( 'NONE', #159, 0.8000000000000020428 ) ;
#138 = VERTEX_POINT ( 'NONE', #399 ) ;
#139 = PRODUCT_RELATED_PRODUCT_CATEGORY ( 'detail', '', ( #1018 ) ) ;
#140 = DIRECTION ( 'NONE',  ( -1.000000000000000000, 0.000000000000000000, 0.000000000000000000 ) ) ;
#141 = ORIENTED_EDGE ( 'NONE', *, *, #6, .F. ) ;
#142 = ORIENTED_EDGE ( 'NONE', *, *, #807, .F. ) ;
#143 = CYLINDRICAL_SURFACE ( 'NONE', #78, 2.250000000000000000 ) ;
#144 = CARTESIAN_POINT ( 'NONE',  ( 0.000000000000000000, 5.000000000000000000, 7.200000000000000178 ) ) ;
#145 = DIRECTION ( 'NONE',  ( -1.000000000000000000, 0.000000000000000000, 0.000000000000000000 ) ) ;
#146 = EDGE_CURVE ( 'NONE', #594, #1191, #376, .T. ) ;
#147 = AXIS2_PLACEMENT_3D ( 'NONE', #1004, #84, #1148 ) ;
#148 = DIRECTION ( 'NONE',  ( -0.000000000000000000, -1.000000000000000000, -0.000000000000000000 ) ) ;
#149 = CARTESIAN_POINT ( 'NONE',  ( 22.00000000000001066, 0.8000000000000000444, 47.99999999999999289 ) ) ;
#150 = VERTEX_POINT ( 'NONE', #1035 ) ;
#151 = EDGE_CURVE ( 'NONE', #1420, #431, #1418, .T. ) ;
#152 = EDGE_CURVE ( 'NONE', #533, #1224, #911, .T. ) ;
#153 = CYLINDRICAL_SURFACE ( 'NONE', #1486, 0.7999999999999999334 ) ;
#154 =( GEOMETRIC_REPRESENTATION_CONTEXT ( 3 ) GLOBAL_UNCERTAINTY_ASSIGNED_CONTEXT ( ( #549 ) ) GLOBAL_UNIT_ASSIGNED_CONTEXT ( ( #684, #1104, #742 ) ) REPRESENTATION_CONTEXT ( 'NONE', 'WORKASPACE' ) );
#155 = ORIENTED_EDGE ( 'NONE', *, *, #1414, .F. ) ;
#156 = ORIENTED_EDGE ( 'NONE', *, *, #536, .F. ) ;
#157 = CARTESIAN_POINT ( 'NONE',  ( 5.000000000000004441, 4.668629150101523351, 21.99999999999999645 ) ) ;
#158 = ORIENTED_EDGE ( 'NONE', *, *, #1195, .F. ) ;
#159 = AXIS2_PLACEMENT_3D ( 'NONE', #1133, #378, #1289 ) ;
#160 = EDGE_CURVE ( 'NONE', #79, #626, #262, .T. ) ;
#161 = CARTESIAN_POINT ( 'NONE',  ( -6.000000000000000888, 5.000000000000000000, 0.000000000000000000 ) ) ;
#162 = EDGE_LOOP ( 'NONE', ( #51, #1007, #1604, #734, #345, #125, #488, #655 ) ) ;
#163 = DIRECTION ( 'NONE',  ( -1.182766006347823602E-16, 0.000000000000000000, -1.000000000000000000 ) ) ;
#164 = DIRECTION ( 'NONE',  ( 0.000000000000000000, 1.000000000000000000, 0.000000000000000000 ) ) ;
#165 = ADVANCED_FACE ( 'NONE', ( #765 ), #903, .T. ) ;
#166 = AXIS2_PLACEMENT_3D ( 'NONE', #1545, #644, #1135 ) ;
#167 = ORIENTED_EDGE ( 'NONE', *, *, #729, .F. ) ;
#168 = DIRECTION ( 'NONE',  ( 0.000000000000000000, 0.000000000000000000, 1.000000000000000000 ) ) ;
#169 = DIRECTION ( 'NONE',  ( -1.000000000000000000, 0.000000000000000000, 0.000000000000000000 ) ) ;
#170 = DIRECTION ( 'NONE',  ( 0.000000000000000000, 0.000000000000000000, 1.000000000000000000 ) ) ;
#171 = FACE_OUTER_BOUND ( 'NONE', #102, .T. ) ;
#172 = LINE ( 'NONE', #1504, #421 ) ;
#173 = EDGE_CURVE ( 'NONE', #398, #669, #1177, .T. ) ;
#174 = DIRECTION ( 'NONE',  ( 0.000000000000000000, 0.000000000000000000, 1.000000000000000000 ) ) ;
#175 = FACE_OUTER_BOUND ( 'NONE', #202, .T. ) ;
#176 = VECTOR ( 'NONE', #499, 1000.000000000000000 ) ;
#177 = CIRCLE ( 'NONE', #1008, 2.250000000000000000 ) ;
#178 = EDGE_CURVE ( 'NONE', #1471, #226, #524, .T. ) ;
#179 = CARTESIAN_POINT ( 'NONE',  ( 2.800000000000009148, 0.8000000000000003775, 50.19999999999998153 ) ) ;
#180 = CARTESIAN_POINT ( 'NONE',  ( 0.5740127424188086191, 0.06398039784502522476, 7.504013235050197572 ) ) ;
#181 = AXIS2_PLACEMENT_3D ( 'NONE', #991, #1505, #1103 ) ;
#182 = DIRECTION ( 'NONE',  ( 0.000000000000000000, 1.000000000000000000, 0.000000000000000000 ) ) ;
#183 = SHAPE_DEFINITION_REPRESENTATION ( #529, #1117 ) ;
#184 = EDGE_LOOP ( 'NONE', ( #476, #357 ) ) ;
#185 = CARTESIAN_POINT ( 'NONE',  ( 2.094888803305880329E-14, 5.000000000000000000, -6.000000000000000888 ) ) ;
#186 = DIRECTION ( 'NONE',  ( 0.000000000000000000, 0.000000000000000000, 1.000000000000000000 ) ) ;
#187 = CARTESIAN_POINT ( 'NONE',  ( 25.00000000000001066, 0.8000000000000003775, 19.56763418741029881 ) ) ;
#188 = ORIENTED_EDGE ( 'NONE', *, *, #16, .T. ) ;
#189 = CARTESIAN_POINT ( 'NONE',  ( -6.284666409917641302E-14, 0.000000000000000000, 6.000000000000000000 ) ) ;
#190 = DIRECTION ( 'NONE',  ( -0.000000000000000000, -1.000000000000000000, -0.000000000000000000 ) ) ;
#191 = DATE_AND_TIME ( #312, #490 ) ;
#192 = TOROIDAL_SURFACE ( 'NONE', #532, 7.200000000000000178, 0.8000000000000000444 ) ;
#193 = ORIENTED_EDGE ( 'NONE', *, *, #178, .F. ) ;
#194 = ADVANCED_FACE ( 'NONE', ( #126 ), #516, .T. ) ;
#195 = FACE_OUTER_BOUND ( 'NONE', #1585, .T. ) ;
#196 = VERTEX_POINT ( 'NONE', #755 ) ;
#197 = CYLINDRICAL_SURFACE ( 'NONE', #570, 0.7999999999999999334 ) ;
#198 = DIRECTION ( 'NONE',  ( 0.000000000000000000, 1.000000000000000000, 0.000000000000000000 ) ) ;
#199 = CARTESIAN_POINT ( 'NONE',  ( -6.000000000000000888, 0.000000000000000000, -1.049999999999999600 ) ) ;
#200 = PERSON_AND_ORGANIZATION ( #444, #1302 ) ;
#201 = AXIS2_PLACEMENT_3D ( 'NONE', #1219, #723, #844 ) ;
#202 = EDGE_LOOP ( 'NONE', ( #1437, #491, #1175, #1562 ) ) ;
#203 = CARTESIAN_POINT ( 'NONE',  ( 7.200000000000000178, 5.000000000000000000, 7.880819430949585239E-16 ) ) ;
#204 = ORIENTED_EDGE ( 'NONE', *, *, #1487, .T. ) ;
#205 = CC_DESIGN_APPROVAL ( #465, ( #971 ) ) ;
#206 = CARTESIAN_POINT ( 'NONE',  ( 26.96153846153848122, 0.000000000000000000, -6.578605181973591048E-15 ) ) ;
#207 = LINE ( 'NONE', #350, #1056 ) ;
#208 = ORIENTED_EDGE ( 'NONE', *, *, #946, .T. ) ;
#209 = AXIS2_PLACEMENT_3D ( 'NONE', #954, #825, #62 ) ;
#210 = DIRECTION ( 'NONE',  ( 0.000000000000000000, 0.000000000000000000, 1.000000000000000000 ) ) ;
#211 = DIRECTION ( 'NONE',  ( 0.000000000000000000, 0.000000000000000000, -1.000000000000000000 ) ) ;
#212 = COORDINATED_UNIVERSAL_TIME_OFFSET ( 8, 0, .AHEAD. ) ;
#213 = EDGE_CURVE ( 'NONE', #792, #1224, #1427, .T. ) ;
#214 = EDGE_LOOP ( 'NONE', ( #1674, #1611, #901, #560 ) ) ;
#215 = CARTESIAN_POINT ( 'NONE',  ( 2.094888803305880329E-14, 0.000000000000000000, -6.000000000000000888 ) ) ;
#216 = AXIS2_PLACEMENT_3D ( 'NONE', #1216, #1222, #170 ) ;
#217 = CARTESIAN_POINT ( 'NONE',  ( -6.000000000000000888, 0.000000000000000000, 0.000000000000000000 ) ) ;
#218 = CYLINDRICAL_SURFACE ( 'NONE', #50, 0.7999999999999986011 ) ;
#219 = ORIENTED_EDGE ( 'NONE', *, *, #1142, .F. ) ;
#220 = LINE ( 'NONE', #1266, #960 ) ;
#221 = DIRECTION ( 'NONE',  ( 0.000000000000000000, 0.000000000000000000, 1.000000000000000000 ) ) ;
#222 = LINE ( 'NONE', #149, #1269 ) ;
#223 = PERSON_AND_ORGANIZATION_ROLE ( 'creator' ) ;
#224 = ORIENTED_EDGE ( 'NONE', *, *, #173, .F. ) ;
#225 = ORIENTED_EDGE ( 'NONE', *, *, #782, .T. ) ;
#226 = VERTEX_POINT ( 'NONE', #507 ) ;
#227 = CARTESIAN_POINT ( 'NONE',  ( 6.000000000000000888, 5.000000000000000000, 4.189777606611760657E-14 ) ) ;
#228 = FACE_BOUND ( 'NONE', #1337, .T. ) ;
#229 = DIRECTION ( 'NONE',  ( -0.000000000000000000, -1.000000000000000000, -0.000000000000000000 ) ) ;
#230 = DIRECTION ( 'NONE',  ( 0.000000000000000000, 0.000000000000000000, 1.000000000000000000 ) ) ;
#231 = DIRECTION ( 'NONE',  ( 0.000000000000000000, 0.000000000000000000, -1.000000000000000000 ) ) ;
#232 = EDGE_CURVE ( 'NONE', #774, #626, #1609, .T. ) ;
#233 = CIRCLE ( 'NONE', #147, 7.200000000000000178 ) ;
#234 = ORIENTED_EDGE ( 'NONE', *, *, #1022, .F. ) ;
#235 = CARTESIAN_POINT ( 'NONE',  ( 14.31027653876740580, 0.8000000000000003775, 10.33794469224651991 ) ) ;
#236 = CIRCLE ( 'NONE', #1189, 0.7999999999999999334 ) ;
#237 = LINE ( 'NONE', #99, #1083 ) ;
#238 = DIRECTION ( 'NONE',  ( 0.000000000000000000, 1.000000000000000000, 0.000000000000000000 ) ) ;
#239 = EDGE_CURVE ( 'NONE', #984, #1338, #1299, .T. ) ;
#240 = VECTOR ( 'NONE', #932, 1000.000000000000000 ) ;
#241 = DIRECTION ( 'NONE',  ( 1.000000000000000000, 0.000000000000000000, 0.000000000000000000 ) ) ;
#242 = AXIS2_PLACEMENT_3D ( 'NONE', #696, #182, #344 ) ;
#243 = ORIENTED_EDGE ( 'NONE', *, *, #711, .F. ) ;
#244 = DIRECTION ( 'NONE',  ( 0.000000000000000000, -1.000000000000000000, -4.340113692523873751E-16 ) ) ;
#245 = DIRECTION ( 'NONE',  ( 0.000000000000000000, 1.000000000000000000, 0.000000000000000000 ) ) ;
#246 = EDGE_LOOP ( 'NONE', ( #1554, #912, #854, #908 ) ) ;
#247 = CIRCLE ( 'NONE', #1307, 1.049999999999999600 ) ;
#248 = CARTESIAN_POINT ( 'NONE',  ( 5.000000000000004441, 0.8000000000000003775, 21.99999999999999645 ) ) ;
#249 = FACE_OUTER_BOUND ( 'NONE', #1380, .T. ) ;
#250 = EDGE_LOOP ( 'NONE', ( #1242, #927, #460 ) ) ;
#251 = DIRECTION ( 'NONE',  ( 0.000000000000000000, 1.000000000000000000, 0.000000000000000000 ) ) ;
#252 = DIRECTION ( 'NONE',  ( -0.000000000000000000, -1.000000000000000000, -0.000000000000000000 ) ) ;
#253 = ORIENTED_EDGE ( 'NONE', *, *, #343, .F. ) ;
#254 = AXIS2_PLACEMENT_3D ( 'NONE', #1421, #1163, #494 ) ;
#255 = ADVANCED_FACE ( 'NONE', ( #1288 ), #531, .T. ) ;
#256 = DIRECTION ( 'NONE',  ( 0.000000000000000000, 0.000000000000000000, 1.000000000000000000 ) ) ;
#257 = ORIENTED_EDGE ( 'NONE', *, *, #667, .T. ) ;
#258 = EDGE_CURVE ( 'NONE', #1468, #533, #119, .T. ) ;
#259 = CARTESIAN_POINT ( 'NONE',  ( 8.817456953860942303E-16, 4.200000000000000178, -7.200000000000000178 ) ) ;
#260 = CARTESIAN_POINT ( 'NONE',  ( 0.000000000000000000, 5.000000000000000000, 0.000000000000000000 ) ) ;
#261 = FACE_OUTER_BOUND ( 'NONE', #1183, .T. ) ;
#262 = CIRCLE ( 'NONE', #1214, 7.200000000000000178 ) ;
#263 = ORIENTED_EDGE ( 'NONE', *, *, #286, .T. ) ;
#264 = DIRECTION ( 'NONE',  ( 0.000000000000000000, 0.000000000000000000, 1.000000000000000000 ) ) ;
#265 = VECTOR ( 'NONE', #1115, 1000.000000000000000 ) ;
#266 = VECTOR ( 'NONE', #1502, 1000.000000000000000 ) ;
#267 = DIRECTION ( 'NONE',  ( 0.000000000000000000, 1.000000000000000000, 0.000000000000000000 ) ) ;
#268 = EDGE_CURVE ( 'NONE', #974, #272, #1322, .T. ) ;
#269 = ORIENTED_EDGE ( 'NONE', *, *, #542, .F. ) ;
#270 = CIRCLE ( 'NONE', #368, 1.049999999999999156 ) ;
#271 = LINE ( 'NONE', #671, #647 ) ;
#272 = VERTEX_POINT ( 'NONE', #1582 ) ;
#273 = ADVANCED_FACE ( 'NONE', ( #558 ), #1182, .T. ) ;
#274 = EDGE_CURVE ( 'NONE', #633, #407, #1345, .T. ) ;
#275 = EDGE_LOOP ( 'NONE', ( #1612, #60, #1161, #98 ) ) ;
#276 = DIRECTION ( 'NONE',  ( -0.000000000000000000, -1.000000000000000000, -0.000000000000000000 ) ) ;
#277 = CARTESIAN_POINT ( 'NONE',  ( 6.000000000000000888, 5.000000000000000000, 4.189777606611760657E-14 ) ) ;
#278 = CIRCLE ( 'NONE', #1126, 1.049999999999999600 ) ;
#279 = VERTEX_POINT ( 'NONE', #1571 ) ;
#280 = DIRECTION ( 'NONE',  ( 1.182766006347823602E-16, -0.000000000000000000, 1.000000000000000000 ) ) ;
#281 = CARTESIAN_POINT ( 'NONE',  ( 0.1885655859366464071, 4.694295947310529016, 7.838992180546179966 ) ) ;
#282 = ORIENTED_EDGE ( 'NONE', *, *, #1192, .T. ) ;
#283 = DIRECTION ( 'NONE',  ( -0.000000000000000000, -1.000000000000000000, -0.000000000000000000 ) ) ;
#284 = CARTESIAN_POINT ( 'NONE',  ( 2.593823750760116287, 0.02022359077703582073, 17.82842135377806869 ) ) ;
#285 = AXIS2_PLACEMENT_3D ( 'NONE', #423, #1567, #428 ) ;
#286 = EDGE_CURVE ( 'NONE', #1607, #1546, #1374, .T. ) ;
#287 = VECTOR ( 'NONE', #383, 1000.000000000000000 ) ;
#288 = DESIGN_CONTEXT ( 'detailed design', #653, 'design' ) ;
#289 = DIRECTION ( 'NONE',  ( 0.000000000000000000, 1.000000000000000000, 0.000000000000000000 ) ) ;
#290 = CARTESIAN_POINT ( 'NONE',  ( 14.31027653876740580, 0.8000000000000003775, 10.33794469224651991 ) ) ;
#291 = ORIENTED_EDGE ( 'NONE', *, *, #1028, .F. ) ;
#292 = AXIS2_PLACEMENT_3D ( 'NONE', #1025, #1518, #505 ) ;
#293 = CARTESIAN_POINT ( 'NONE',  ( 2.000000000000005329, 5.000000000000000000, 18.00000000000000711 ) ) ;
#294 = CARTESIAN_POINT ( 'NONE',  ( 0.4712383214699331080, 0.1048213827622495181, 7.594116855495085971 ) ) ;
#295 = VERTEX_POINT ( 'NONE', #18 ) ;
#296 = AXIS2_PLACEMENT_3D ( 'NONE', #1154, #766, #501 ) ;
#297 = ADVANCED_FACE ( 'NONE', ( #1446 ), #1312, .T. ) ;
#298 = DIRECTION ( 'NONE',  ( 1.334402673828313339E-16, -0.000000000000000000, 1.000000000000000000 ) ) ;
#299 = CARTESIAN_POINT ( 'NONE',  ( 0.000000000000000000, 0.000000000000000000, 0.000000000000000000 ) ) ;
#300 = ORIENTED_EDGE ( 'NONE', *, *, #1227, .F. ) ;
#301 = CARTESIAN_POINT ( 'NONE',  ( 2.698020078956999690, 4.999999999999998224, 17.79790363718089452 ) ) ;
#302 = CARTESIAN_POINT ( 'NONE',  ( 24.20000000000000995, 0.8000000000000003775, 50.19999999999999574 ) ) ;
#303 = EDGE_CURVE ( 'NONE', #763, #823, #35, .T. ) ;
#304 = CIRCLE ( 'NONE', #122, 0.7999999999999997113 ) ;
#305 = CARTESIAN_POINT ( 'NONE',  ( 8.817456953860942303E-16, 0.8000000000000003775, -7.200000000000000178 ) ) ;
#306 = DIRECTION ( 'NONE',  ( 0.000000000000000000, 1.000000000000000000, 0.000000000000000000 ) ) ;
#307 = EDGE_CURVE ( 'NONE', #1598, #1546, #1319, .T. ) ;
#308 = DIRECTION ( 'NONE',  ( -0.000000000000000000, -1.000000000000000000, -0.000000000000000000 ) ) ;
#309 = CARTESIAN_POINT ( 'NONE',  ( 6.000000000000000888, 0.000000000000000000, -1.049999999999957190 ) ) ;
#310 = ORIENTED_EDGE ( 'NONE', *, *, #882, .F. ) ;
#311 = CARTESIAN_POINT ( 'NONE',  ( 2.000000000000009326, 5.000000000000000000, 50.99999999999999289 ) ) ;
#312 = CALENDAR_DATE ( 2025, 8, 12 ) ;
#313 = ORIENTED_EDGE ( 'NONE', *, *, #20, .T. ) ;
#314 = CARTESIAN_POINT ( 'NONE',  ( 26.96153846153848122, 5.000000000000000000, -6.578605181973591048E-15 ) ) ;
#315 = CC_DESIGN_APPROVAL ( #1671, ( #695 ) ) ;
#316 = ORIENTED_EDGE ( 'NONE', *, *, #1043, .T. ) ;
#317 = CARTESIAN_POINT ( 'NONE',  ( 1.734723475976807094E-15, 4.200000000000000178, 7.999999999999992895 ) ) ;
#318 = CYLINDRICAL_SURFACE ( 'NONE', #209, 1.049999999999999600 ) ;
#319 = CIRCLE ( 'NONE', #292, 1.049999999999999822 ) ;
#320 = ORIENTED_EDGE ( 'NONE', *, *, #782, .F. ) ;
#321 = AXIS2_PLACEMENT_3D ( 'NONE', #567, #1100, #438 ) ;
#322 = CARTESIAN_POINT ( 'NONE',  ( 2.000000000000008438, 4.200000000000000178, 50.99999999999999289 ) ) ;
#323 = APPLICATION_PROTOCOL_DEFINITION ( 'international standard', 'config_control_design', 1994, #653 ) ;
#324 = EDGE_LOOP ( 'NONE', ( #1460, #569 ) ) ;
#325 = CARTESIAN_POINT ( 'NONE',  ( 2.755455298081544285E-16, 5.000000000000000000, 2.250000000000000000 ) ) ;
#326 = ORIENTED_EDGE ( 'NONE', *, *, #1424, .F. ) ;
#327 = ORIENTED_EDGE ( 'NONE', *, *, #489, .T. ) ;
#328 = DIRECTION ( 'NONE',  ( -1.000000000000000000, 0.000000000000000000, 0.000000000000000000 ) ) ;
#329 = FACE_OUTER_BOUND ( 'NONE', #526, .T. ) ;
#330 = CIRCLE ( 'NONE', #551, 1.049999999999999156 ) ;
#331 =( BOUNDED_CURVE ( )  B_SPLINE_CURVE ( 3, ( #349, #1383, #865, #617 ),
 .UNSPECIFIED., .F., .F. ) 
 B_SPLINE_CURVE_WITH_KNOTS ( ( 4, 4 ),
 ( 0.000000000000000000, 1.570796326794896558 ),
 .UNSPECIFIED. ) 
 CURVE ( )  GEOMETRIC_REPRESENTATION_ITEM ( )  RATIONAL_B_SPLINE_CURVE ( ( 1.000000000000000000, 0.8047378541243649375, 0.8047378541243649375, 1.000000000000000000 ) ) 
 REPRESENTATION_ITEM ( '' )  );
#332 = ADVANCED_FACE ( 'NONE', ( #1190 ), #1065, .T. ) ;
#333 = EDGE_CURVE ( 'NONE', #25, #594, #271, .T. ) ;
#334 = CARTESIAN_POINT ( 'NONE',  ( 22.00000000000001066, 0.8000000000000003775, 47.99999999999999289 ) ) ;
#335 = PERSON_AND_ORGANIZATION_ROLE ( 'classification_officer' ) ;
#336 = VECTOR ( 'NONE', #899, 1000.000000000000000 ) ;
#337 = ORIENTED_EDGE ( 'NONE', *, *, #496, .F. ) ;
#338 = CARTESIAN_POINT ( 'NONE',  ( 6.000000000000000888, 0.000000000000000000, 1.050000000000040901 ) ) ;
#339 = ORIENTED_EDGE ( 'NONE', *, *, #807, .T. ) ;
#340 = CARTESIAN_POINT ( 'NONE',  ( 2.094888803305880329E-14, 5.000000000000000000, -6.000000000000000888 ) ) ;
#341 = DIRECTION ( 'NONE',  ( 0.000000000000000000, 0.000000000000000000, 1.000000000000000000 ) ) ;
#342 = ORIENTED_EDGE ( 'NONE', *, *, #1102, .F. ) ;
#343 = EDGE_CURVE ( 'NONE', #452, #279, #14, .T. ) ;
#344 = DIRECTION ( 'NONE',  ( 0.000000000000000000, 0.000000000000000000, 1.000000000000000000 ) ) ;
#345 = ORIENTED_EDGE ( 'NONE', *, *, #580, .T. ) ;
#346 = CARTESIAN_POINT ( 'NONE',  ( 5.000000000000007994, 0.3313708498984760942, 47.99999999999997868 ) ) ;
#347 = ORIENTED_EDGE ( 'NONE', *, *, #1309, .F. ) ;
#348 = AXIS2_PLACEMENT_3D ( 'NONE', #829, #1447, #169 ) ;
#349 = CARTESIAN_POINT ( 'NONE',  ( 5.000000000000007994, 4.200000000000000178, 47.99999999999999289 ) ) ;
#350 = CARTESIAN_POINT ( 'NONE',  ( 25.00000000000001066, 5.000000000000000000, 19.56763418741029881 ) ) ;
#351 = FACE_OUTER_BOUND ( 'NONE', #1493, .T. ) ;
#352 = LINE ( 'NONE', #1286, #396 ) ;
#353 = CYLINDRICAL_SURFACE ( 'NONE', #745, 1.049999999999999156 ) ;
#354 = PERSON_AND_ORGANIZATION ( #444, #1302 ) ;
#355 = ADVANCED_FACE ( 'NONE', ( #437 ), #543, .T. ) ;
#356 = ORIENTED_EDGE ( 'NONE', *, *, #369, .F. ) ;
#357 = ORIENTED_EDGE ( 'NONE', *, *, #913, .T. ) ;
#358 = AXIS2_PLACEMENT_3D ( 'NONE', #895, #634, #641 ) ;
#359 = EDGE_LOOP ( 'NONE', ( #925, #405, #506, #1090 ) ) ;
#360 = CARTESIAN_POINT ( 'NONE',  ( 5.000000000000004441, 4.200000000000000178, 21.99999999999999645 ) ) ;
#361 = FACE_BOUND ( 'NONE', #214, .T. ) ;
#362 = DIRECTION ( 'NONE',  ( 0.000000000000000000, 1.000000000000000000, 0.000000000000000000 ) ) ;
#363 = EDGE_CURVE ( 'NONE', #279, #30, #862, .T. ) ;
#364 = FACE_OUTER_BOUND ( 'NONE', #1490, .T. ) ;
#365 = FACE_OUTER_BOUND ( 'NONE', #1479, .T. ) ;
#366 = B_SPLINE_CURVE_WITH_KNOTS ( 'NONE', 3,
 ( #397, #1431, #968, #48, #587, #1364, #1339, #1484, #301, #953 ),
 .UNSPECIFIED., .F., .F.,
 ( 4, 2, 2, 2, 4 ),
 ( 0.000000000000000000, 0.0003189430149092387459, 0.0006378860298184774917, 0.0009568290447277162918, 0.001275772059636954983 ),
 .UNSPECIFIED. ) ;
#367 = ORIENTED_EDGE ( 'NONE', *, *, #152, .F. ) ;
#368 = AXIS2_PLACEMENT_3D ( 'NONE', #886, #238, #221 ) ;
#369 = EDGE_CURVE ( 'NONE', #770, #974, #1372, .T. ) ;
#370 = DIRECTION ( 'NONE',  ( 0.000000000000000000, 0.000000000000000000, 1.000000000000000000 ) ) ;
#371 = ORIENTED_EDGE ( 'NONE', *, *, #384, .T. ) ;
#372 = VECTOR ( 'NONE', #659, 1000.000000000000000 ) ;
#373 = DIRECTION ( 'NONE',  ( 0.000000000000000000, 1.000000000000000000, 0.000000000000000000 ) ) ;
#374 = CARTESIAN_POINT ( 'NONE',  ( 5.000000000000007994, 5.000000000000000000, 47.99999999999999289 ) ) ;
#375 = ORIENTED_EDGE ( 'NONE', *, *, #53, .F. ) ;
#376 = LINE ( 'NONE', #1141, #130 ) ;
#377 = AXIS2_PLACEMENT_3D ( 'NONE', #1239, #1497, #475 ) ;
#378 = DIRECTION ( 'NONE',  ( 1.000000000000000000, -0.000000000000000000, 3.016910393003142859E-16 ) ) ;
#379 = ORIENTED_EDGE ( 'NONE', *, *, #1461, .F. ) ;
#380 = CARTESIAN_POINT ( 'NONE',  ( -6.000000000000000888, 5.000000000000000000, -1.049999999999999600 ) ) ;
#381 = CARTESIAN_POINT ( 'NONE',  ( 0.000000000000000000, 4.200000000000000178, 0.000000000000000000 ) ) ;
#382 = ORIENTED_EDGE ( 'NONE', *, *, #1659, .F. ) ;
#383 = DIRECTION ( 'NONE',  ( 1.334402673828313339E-16, -0.000000000000000000, 1.000000000000000000 ) ) ;
#384 = EDGE_CURVE ( 'NONE', #533, #150, #950, .T. ) ;
#385 = CARTESIAN_POINT ( 'NONE',  ( 2.107747594696927709E-14, 5.000000000000000000, -4.950000000000001066 ) ) ;
#386 = ORIENTED_EDGE ( 'NONE', *, *, #151, .F. ) ;
#387 = AXIS2_PLACEMENT_3D ( 'NONE', #179, #445, #1230 ) ;
#388 = DIRECTION ( 'NONE',  ( -0.000000000000000000, -1.000000000000000000, -0.000000000000000000 ) ) ;
#389 = EDGE_CURVE ( 'NONE', #1471, #47, #590, .T. ) ;
#390 = CARTESIAN_POINT ( 'NONE',  ( -6.284666409917641302E-14, 5.000000000000000000, 6.000000000000000000 ) ) ;
#391 =( BOUNDED_CURVE ( )  B_SPLINE_CURVE ( 3, ( #1634, #94, #1516, #621 ),
 .UNSPECIFIED., .F., .T. ) 
 B_SPLINE_CURVE_WITH_KNOTS ( ( 4, 4 ),
 ( 0.000000000000000000, 1.570796326794894560 ),
 .UNSPECIFIED. ) 
 CURVE ( )  GEOMETRIC_REPRESENTATION_ITEM ( )  RATIONAL_B_SPLINE_CURVE ( ( 1.000000000000000000, 0.8047378541243654926, 0.8047378541243654926, 1.000000000000000000 ) ) 
 REPRESENTATION_ITEM ( '' )  );
#392 = EDGE_LOOP ( 'NONE', ( #347, #327, #604, #1529 ) ) ;
#393 = DIRECTION ( 'NONE',  ( -0.000000000000000000, -1.000000000000000000, -0.000000000000000000 ) ) ;
#394 = DIRECTION ( 'NONE',  ( 0.000000000000000000, 1.000000000000000000, 0.000000000000000000 ) ) ;
#395 = ORIENTED_EDGE ( 'NONE', *, *, #1195, .T. ) ;
#396 = VECTOR ( 'NONE', #512, 1000.000000000000000 ) ;
#397 = CARTESIAN_POINT ( 'NONE',  ( 2.000000000000005329, 4.200000000000000178, 18.00000000000000711 ) ) ;
#398 = VERTEX_POINT ( 'NONE', #565 ) ;
#399 = CARTESIAN_POINT ( 'NONE',  ( 24.31179447255742687, 4.200000000000000178, 18.77548395171911011 ) ) ;
#400 = ORIENTED_EDGE ( 'NONE', *, *, #1335, .F. ) ;
#401 = DIRECTION ( 'NONE',  ( -1.687538997430237941E-14, 0.000000000000000000, 1.000000000000000000 ) ) ;
#402 = CIRCLE ( 'NONE', #1348, 7.200000000000000178 ) ;
#403 = DIRECTION ( 'NONE',  ( -1.334402673828313339E-16, 0.000000000000000000, -1.000000000000000000 ) ) ;
#404 = TOROIDAL_SURFACE ( 'NONE', #1349, 13.70000000000001528, 0.8000000000000000444 ) ;
#405 = ORIENTED_EDGE ( 'NONE', *, *, #1109, .T. ) ;
#406 = EDGE_LOOP ( 'NONE', ( #1162, #269, #719, #87 ) ) ;
#407 = VERTEX_POINT ( 'NONE', #1469 ) ;
#408 = FACE_OUTER_BOUND ( 'NONE', #1051, .T. ) ;
#409 = CARTESIAN_POINT ( 'NONE',  ( 0.000000000000000000, 0.000000000000000000, 0.000000000000000000 ) ) ;
#410 = EDGE_CURVE ( 'NONE', #30, #398, #1081, .T. ) ;
#411 = ORIENTED_EDGE ( 'NONE', *, *, #430, .F. ) ;
#412 = AXIS2_PLACEMENT_3D ( 'NONE', #1365, #997, #1384 ) ;
#413 = DIRECTION ( 'NONE',  ( 0.000000000000000000, 1.000000000000000000, 0.000000000000000000 ) ) ;
#414 = CIRCLE ( 'NONE', #1657, 1.049999999999999822 ) ;
#415 = ORIENTED_EDGE ( 'NONE', *, *, #1215, .F. ) ;
#416 = EDGE_CURVE ( 'NONE', #1167, #30, #661, .T. ) ;
#417 = APPROVAL ( #1351, '未' ) ;
#418 = ORIENTED_EDGE ( 'NONE', *, *, #268, .F. ) ;
#419 = LINE ( 'NONE', #1451, #436 ) ;
#420 = CARTESIAN_POINT ( 'NONE',  ( 24.20000000000001350, 0.8000000000000003775, 19.56763418741029881 ) ) ;
#421 = VECTOR ( 'NONE', #1232, 1000.000000000000000 ) ;
#422 = CIRCLE ( 'NONE', #1367, 0.7999999999999986011 ) ;
#423 = CARTESIAN_POINT ( 'NONE',  ( 24.20000000000001350, 0.8000000000000003775, 19.56763418741029881 ) ) ;
#424 = FACE_OUTER_BOUND ( 'NONE', #1673, .T. ) ;
#425 = CARTESIAN_POINT ( 'NONE',  ( 5.000000000000004441, 4.200000000000000178, 21.99999999999999645 ) ) ;
#426 = ORIENTED_EDGE ( 'NONE', *, *, #964, .T. ) ;
#427 = AXIS2_PLACEMENT_3D ( 'NONE', #161, #289, #1441 ) ;
#428 = DIRECTION ( 'NONE',  ( 0.000000000000000000, 0.000000000000000000, 1.000000000000000000 ) ) ;
#429 = CARTESIAN_POINT ( 'NONE',  ( 0.5740127424188086191, 4.936019602154975594, 7.504013235050197572 ) ) ;
#430 = EDGE_CURVE ( 'NONE', #1338, #1546, #450, .T. ) ;
#431 = VERTEX_POINT ( 'NONE', #732 ) ;
#432 = FACE_OUTER_BOUND ( 'NONE', #1318, .T. ) ;
#433 = CARTESIAN_POINT ( 'NONE',  ( 2.000000000000005329, 0.8000000000000003775, 18.00000000000000711 ) ) ;
#434 = DIRECTION ( 'NONE',  ( 0.000000000000000000, 1.000000000000000000, 0.000000000000000000 ) ) ;
#435 = EDGE_CURVE ( 'NONE', #1448, #818, #721, .T. ) ;
#436 = VECTOR ( 'NONE', #1559, 1000.000000000000000 ) ;
#437 = FACE_OUTER_BOUND ( 'NONE', #1071, .T. ) ;
#438 = DIRECTION ( 'NONE',  ( 1.000000000000000000, 0.000000000000000000, 0.000000000000000000 ) ) ;
#439 = CARTESIAN_POINT ( 'NONE',  ( 1.745734904291112604E-15, 0.6565411343392806298, 7.999999999999991118 ) ) ;
#440 = CARTESIAN_POINT ( 'NONE',  ( 0.000000000000000000, 5.000000000000000000, 0.000000000000000000 ) ) ;
#441 = PERSON_AND_ORGANIZATION ( #444, #1302 ) ;
#442 = EDGE_LOOP ( 'NONE', ( #955, #1118, #1667 ) ) ;
#443 = CARTESIAN_POINT ( 'NONE',  ( 25.00000000000000711, 4.200000000000000178, 51.00000000000000711 ) ) ;
#444 = PERSON ( '未', '未', '未', ('未'), ('未'), ('未') ) ;
#445 = DIRECTION ( 'NONE',  ( 0.000000000000000000, 1.000000000000000000, 0.000000000000000000 ) ) ;
#446 = CARTESIAN_POINT ( 'NONE',  ( 24.20000000000000995, 5.000000000000000000, 50.19999999999999574 ) ) ;
#447 = ADVANCED_FACE ( 'NONE', ( #611 ), #1005, .F. ) ;
#448 =( BOUNDED_CURVE ( )  B_SPLINE_CURVE ( 3, ( #976, #864, #346, #1627 ),
 .UNSPECIFIED., .F., .T. ) 
 B_SPLINE_CURVE_WITH_KNOTS ( ( 4, 4 ),
 ( 1.570796326794896558, 3.141592653589793560 ),
 .UNSPECIFIED. ) 
 CURVE ( )  GEOMETRIC_REPRESENTATION_ITEM ( )  RATIONAL_B_SPLINE_CURVE ( ( 1.000000000000000000, 0.8047378541243649375, 0.8047378541243649375, 1.000000000000000000 ) ) 
 REPRESENTATION_ITEM ( '' )  );
#449 = ORIENTED_EDGE ( 'NONE', *, *, #456, .F. ) ;
#450 = LINE ( 'NONE', #462, #128 ) ;
#451 = APPROVAL_ROLE ( '' ) ;
#452 = VERTEX_POINT ( 'NONE', #1129 ) ;
#453 = ORIENTED_EDGE ( 'NONE', *, *, #343, .T. ) ;
#454 = EDGE_CURVE ( 'NONE', #812, #1614, #602, .T. ) ;
#455 = APPROVAL_PERSON_ORGANIZATION ( #1237, #465, #853 ) ;
#456 = EDGE_CURVE ( 'NONE', #1614, #1270, #1246, .T. ) ;
#457 = ORIENTED_EDGE ( 'NONE', *, *, #389, .T. ) ;
#458 = FACE_OUTER_BOUND ( 'NONE', #1293, .T. ) ;
#459 = CIRCLE ( 'NONE', #1325, 7.200000000000000178 ) ;
#460 = ORIENTED_EDGE ( 'NONE', *, *, #785, .F. ) ;
#461 = AXIS2_PLACEMENT_3D ( 'NONE', #546, #534, #1179 ) ;
#462 = CARTESIAN_POINT ( 'NONE',  ( 1.734723475976807094E-15, 5.000000000000000000, 7.999999999999992895 ) ) ;
#463 = VERTEX_POINT ( 'NONE', #334 ) ;
#464 = EDGE_LOOP ( 'NONE', ( #1572, #977, #167, #1238 ) ) ;
#465 = APPROVAL ( #724, '未' ) ;
#466 = ORIENTED_EDGE ( 'NONE', *, *, #806, .T. ) ;
#467 = ADVANCED_FACE ( 'NONE', ( #1368 ), #860, .T. ) ;
#468 = ORIENTED_EDGE ( 'NONE', *, *, #1556, .F. ) ;
#469 = CARTESIAN_POINT ( 'NONE',  ( 6.000000000000000888, 5.000000000000000000, -1.049999999999957190 ) ) ;
#470 = FACE_BOUND ( 'NONE', #324, .T. ) ;
#471 = DIRECTION ( 'NONE',  ( 1.224646799147353207E-16, 0.000000000000000000, -1.000000000000000000 ) ) ;
#472 = APPROVAL_DATE_TIME ( #1495, #1671 ) ;
#473 = CIRCLE ( 'NONE', #166, 8.000000000000000000 ) ;
#474 = VERTEX_POINT ( 'NONE', #199 ) ;
#475 = DIRECTION ( 'NONE',  ( 0.000000000000000000, 0.000000000000000000, 1.000000000000000000 ) ) ;
#476 = ORIENTED_EDGE ( 'NONE', *, *, #1059, .T. ) ;
#477 = FACE_OUTER_BOUND ( 'NONE', #747, .T. ) ;
#478 = CARTESIAN_POINT ( 'NONE',  ( 22.00000000000001066, 4.200000000000000178, 47.99999999999999289 ) ) ;
#479 = AXIS2_PLACEMENT_3D ( 'NONE', #1619, #735, #1610 ) ;
#480 = ORIENTED_EDGE ( 'NONE', *, *, #1517, .F. ) ;
#481 = DIRECTION ( 'NONE',  ( 0.000000000000000000, 0.000000000000000000, -1.000000000000000000 ) ) ;
#482 = ADVANCED_FACE ( 'NONE', ( #828 ), #486, .T. ) ;
#483 = SPHERICAL_SURFACE ( 'NONE', #54, 0.8000000000000000444 ) ;
#484 = CARTESIAN_POINT ( 'NONE',  ( 22.80000000000000426, 5.000000000000000000, 21.19999999999999574 ) ) ;
#485 = PERSON_AND_ORGANIZATION ( #444, #1302 ) ;
#486 = TOROIDAL_SURFACE ( 'NONE', #967, 7.200000000000000178, 0.8000000000000000444 ) ;
#487 = ORIENTED_EDGE ( 'NONE', *, *, #637, .F. ) ;
#488 = ORIENTED_EDGE ( 'NONE', *, *, #897, .T. ) ;
#489 = EDGE_CURVE ( 'NONE', #1191, #75, #236, .T. ) ;
#490 = LOCAL_TIME ( 14, 48, 48.00000000000000000, #1247 ) ;
#491 = ORIENTED_EDGE ( 'NONE', *, *, #213, .F. ) ;
#492 = CARTESIAN_POINT ( 'NONE',  ( 25.00000000000000711, 4.200000000000000178, 50.19999999999999574 ) ) ;
#493 = CARTESIAN_POINT ( 'NONE',  ( 0.000000000000000000, 0.8000000000000003775, 0.000000000000000000 ) ) ;
#494 = DIRECTION ( 'NONE',  ( 1.000000000000000000, 0.000000000000000000, 0.000000000000000000 ) ) ;
#495 = CARTESIAN_POINT ( 'NONE',  ( 0.9907896085382466023, 5.000000000000000000, 7.131503063983961610 ) ) ;
#496 = EDGE_CURVE ( 'NONE', #792, #463, #1596, .T. ) ;
#497 = DIRECTION ( 'NONE',  ( -1.000000000000000000, 0.000000000000000000, 0.000000000000000000 ) ) ;
#498 = VERTEX_POINT ( 'NONE', #962 ) ;
#499 = DIRECTION ( 'NONE',  ( 1.000000000000000000, -0.000000000000000000, -0.000000000000000000 ) ) ;
#500 = ORIENTED_EDGE ( 'NONE', *, *, #333, .F. ) ;
#501 = DIRECTION ( 'NONE',  ( 0.000000000000000000, 0.000000000000000000, 1.000000000000000000 ) ) ;
#502 = CARTESIAN_POINT ( 'NONE',  ( 2.000000000000009326, 0.8000000000000003775, 50.99999999999999289 ) ) ;
#503 = CARTESIAN_POINT ( 'NONE',  ( 25.00000000000000711, 5.000000000000000000, 50.19999999999999574 ) ) ;
#504 = DIRECTION ( 'NONE',  ( 0.000000000000000000, 0.000000000000000000, 1.000000000000000000 ) ) ;
#505 = DIRECTION ( 'NONE',  ( 0.000000000000000000, 0.000000000000000000, 1.000000000000000000 ) ) ;
#506 = ORIENTED_EDGE ( 'NONE', *, *, #956, .F. ) ;
#507 = CARTESIAN_POINT ( 'NONE',  ( 0.000000000000000000, 0.000000000000000000, -2.250000000000000000 ) ) ;
#508 = LINE ( 'NONE', #360, #527 ) ;
#509 = ORIENTED_EDGE ( 'NONE', *, *, #1254, .T. ) ;
#510 = CARTESIAN_POINT ( 'NONE',  ( 2.000000000000009326, 4.200000000000000178, 50.19999999999998153 ) ) ;
#511 = CIRCLE ( 'NONE', #715, 0.8000000000000020428 ) ;
#512 = DIRECTION ( 'NONE',  ( -1.000000000000000000, -0.000000000000000000, -0.000000000000000000 ) ) ;
#513 = ORIENTED_EDGE ( 'NONE', *, *, #1481, .T. ) ;
#514 = DIRECTION ( 'NONE',  ( 0.000000000000000000, 1.000000000000000000, 0.000000000000000000 ) ) ;
#515 = VECTOR ( 'NONE', #957, 1000.000000000000000 ) ;
#516 = TOROIDAL_SURFACE ( 'NONE', #101, 7.200000000000000178, 0.8000000000000000444 ) ;
#517 = ADVANCED_FACE ( 'NONE', ( #85 ), #1624, .F. ) ;
#518 = EDGE_CURVE ( 'NONE', #47, #1471, #809, .T. ) ;
#519 = DIRECTION ( 'NONE',  ( 1.334402673828313339E-16, -0.000000000000000000, 1.000000000000000000 ) ) ;
#520 = CARTESIAN_POINT ( 'NONE',  ( 2.800000000000009148, 0.8000000000000003775, 50.19999999999998153 ) ) ;
#521 = DIRECTION ( 'NONE',  ( 0.000000000000000000, 0.000000000000000000, 1.000000000000000000 ) ) ;
#522 = AXIS2_PLACEMENT_3D ( 'NONE', #1658, #622, #231 ) ;
#523 = ORIENTED_EDGE ( 'NONE', *, *, #1187, .F. ) ;
#524 = LINE ( 'NONE', #1662, #1245 ) ;
#525 = LINE ( 'NONE', #385, #240 ) ;
#526 = EDGE_LOOP ( 'NONE', ( #1287, #188, #1401, #817, #1576, #10, #1520, #754 ) ) ;
#527 = VECTOR ( 'NONE', #519, 1000.000000000000000 ) ;
#528 = DIRECTION ( 'NONE',  ( 0.000000000000000000, 0.000000000000000000, 1.000000000000000000 ) ) ;
#529 = PRODUCT_DEFINITION_SHAPE ( 'NONE', 'NONE',  #1608 ) ;
#530 = ORIENTED_EDGE ( 'NONE', *, *, #258, .F. ) ;
#531 = PLANE ( 'NONE',  #1166 ) ;
#532 = AXIS2_PLACEMENT_3D ( 'NONE', #1165, #1677, #521 ) ;
#533 = VERTEX_POINT ( 'NONE', #484 ) ;
#534 = DIRECTION ( 'NONE',  ( 0.000000000000000000, 1.000000000000000000, 0.000000000000000000 ) ) ;
#535 = CARTESIAN_POINT ( 'NONE',  ( 24.20000000000001350, 0.8000000000000003775, 18.85980667165780744 ) ) ;
#536 = EDGE_CURVE ( 'NONE', #1068, #1607, #898, .T. ) ;
#537 = CARTESIAN_POINT ( 'NONE',  ( 0.000000000000000000, 0.8000000000000003775, 7.200000000000000178 ) ) ;
#538 = EDGE_CURVE ( 'NONE', #763, #1444, #975, .T. ) ;
#539 = CARTESIAN_POINT ( 'NONE',  ( 2.000000000000005329, 5.000000000000000000, 18.00000000000000711 ) ) ;
#540 = PLANE ( 'NONE',  #961 ) ;
#541 = TOROIDAL_SURFACE ( 'NONE', #1054, 13.70000000000001528, 0.8000000000000000444 ) ;
#542 = EDGE_CURVE ( 'NONE', #970, #767, #1647, .T. ) ;
#543 = CYLINDRICAL_SURFACE ( 'NONE', #752, 0.7999999999999986011 ) ;
#544 = AXIS2_PLACEMENT_3D ( 'NONE', #42, #1377, #211 ) ;
#545 = ORIENTED_EDGE ( 'NONE', *, *, #117, .T. ) ;
#546 = CARTESIAN_POINT ( 'NONE',  ( 26.96153846153848122, 4.200000000000000178, -6.578605181973591048E-15 ) ) ;
#547 = CARTESIAN_POINT ( 'NONE',  ( -6.000000000000000888, 5.000000000000000000, -1.049999999999999600 ) ) ;
#548 = ORIENTED_EDGE ( 'NONE', *, *, #435, .T. ) ;
#549 = UNCERTAINTY_MEASURE_WITH_UNIT (LENGTH_MEASURE( 1.000000000000000082E-05 ), #684, 'distance_accuracy_value', 'NONE');
#550 = ORIENTED_EDGE ( 'NONE', *, *, #1556, .T. ) ;
#551 = AXIS2_PLACEMENT_3D ( 'NONE', #1654, #1020, #1533 ) ;
#552 = DIRECTION ( 'NONE',  ( 1.000000000000000000, 0.000000000000000000, -0.000000000000000000 ) ) ;
#553 = CARTESIAN_POINT ( 'NONE',  ( 22.00000000000001066, 0.000000000000000000, 48.79999999999999716 ) ) ;
#554 = EDGE_LOOP ( 'NONE', ( #1, #1465, #1241, #1496 ) ) ;
#555 = CARTESIAN_POINT ( 'NONE',  ( 2.000000000000005329, 0.6921296990574460350, 18.00000000000000355 ) ) ;
#556 = AXIS2_PLACEMENT_3D ( 'NONE', #520, #373, #256 ) ;
#557 = ORIENTED_EDGE ( 'NONE', *, *, #1457, .F. ) ;
#558 = FACE_OUTER_BOUND ( 'NONE', #998, .T. ) ;
#559 = DIRECTION ( 'NONE',  ( 1.000000000000000000, -0.000000000000000000, 0.000000000000000000 ) ) ;
#560 = ORIENTED_EDGE ( 'NONE', *, *, #410, .T. ) ;
#561 = ADVANCED_FACE ( 'NONE', ( #1478 ), #1616, .T. ) ;
#562 = CYLINDRICAL_SURFACE ( 'NONE', #786, 0.8000000000000003775 ) ;
#563 = AXIS2_PLACEMENT_3D ( 'NONE', #1539, #640, #677 ) ;
#564 = AXIS2_PLACEMENT_3D ( 'NONE', #1344, #1203, #1548 ) ;
#565 = CARTESIAN_POINT ( 'NONE',  ( 4.200000000000003730, 0.000000000000000000, 21.19999999999999574 ) ) ;
#566 = DIRECTION ( 'NONE',  ( -1.334402673828313339E-16, 0.000000000000000000, -1.000000000000000000 ) ) ;
#567 = CARTESIAN_POINT ( 'NONE',  ( 24.20000000000001350, 0.8000000000000003775, 19.56763418741029881 ) ) ;
#568 = DIRECTION ( 'NONE',  ( 0.000000000000000000, 1.000000000000000000, 0.000000000000000000 ) ) ;
#569 = ORIENTED_EDGE ( 'NONE', *, *, #1517, .T. ) ;
#570 = AXIS2_PLACEMENT_3D ( 'NONE', #1600, #1092, #840 ) ;
#571 = DIRECTION ( 'NONE',  ( 1.000000000000000000, -0.000000000000000000, 1.224646799147353207E-16 ) ) ;
#572 = CALENDAR_DATE ( 2025, 8, 12 ) ;
#573 = EDGE_LOOP ( 'NONE', ( #457, #1122, #1111, #193 ) ) ;
#574 = DIRECTION ( 'NONE',  ( -5.421010862427508365E-16, 0.000000000000000000, 1.000000000000000000 ) ) ;
#575 = SPHERICAL_SURFACE ( 'NONE', #321, 0.8000000000000000444 ) ;
#576 = CARTESIAN_POINT ( 'NONE',  ( 22.00000000000000711, 5.000000000000000000, 21.99999999999999645 ) ) ;
#577 = VERTEX_POINT ( 'NONE', #1225 ) ;
#578 = DIRECTION ( 'NONE',  ( 0.000000000000000000, 0.000000000000000000, 1.000000000000000000 ) ) ;
#579 = EDGE_CURVE ( 'NONE', #272, #818, #55, .T. ) ;
#580 = EDGE_CURVE ( 'NONE', #498, #1598, #459, .T. ) ;
#581 = CARTESIAN_POINT ( 'NONE',  ( 24.20000000000001350, 0.000000000000000000, 10.33794469224652168 ) ) ;
#582 = ORIENTED_EDGE ( 'NONE', *, *, #1187, .T. ) ;
#583 = AXIS2_PLACEMENT_3D ( 'NONE', #1574, #568, #1207 ) ;
#584 = ORIENTED_EDGE ( 'NONE', *, *, #897, .F. ) ;
#585 = ORIENTED_EDGE ( 'NONE', *, *, #806, .F. ) ;
#586 = ORIENTED_EDGE ( 'NONE', *, *, #538, .T. ) ;
#587 = CARTESIAN_POINT ( 'NONE',  ( 2.165549207598032044, 4.698331152426035828, 17.95257128934312263 ) ) ;
#588 = ADVANCED_FACE ( 'NONE', ( #365 ), #95, .T. ) ;
#589 = DIRECTION ( 'NONE',  ( 1.079472956652738047E-16, 0.000000000000000000, -1.000000000000000000 ) ) ;
#590 = CIRCLE ( 'NONE', #1240, 2.250000000000000000 ) ;
#591 = DIRECTION ( 'NONE',  ( 0.000000000000000000, 1.000000000000000000, 0.000000000000000000 ) ) ;
#592 = COORDINATED_UNIVERSAL_TIME_OFFSET ( 8, 0, .AHEAD. ) ;
#593 = ADVANCED_FACE ( 'NONE', ( #878 ), #404, .T. ) ;
#594 = VERTEX_POINT ( 'NONE', #929 ) ;
#595 = CC_DESIGN_DATE_AND_TIME_ASSIGNMENT ( #1006, #1258, ( #1608 ) ) ;
#596 = DIRECTION ( 'NONE',  ( -0.000000000000000000, -1.000000000000000000, -0.000000000000000000 ) ) ;
#597 = EDGE_LOOP ( 'NONE', ( #1638, #395, #1037, #1417 ) ) ;
#598 = ORIENTED_EDGE ( 'NONE', *, *, #956, .T. ) ;
#599 = FACE_OUTER_BOUND ( 'NONE', #1410, .T. ) ;
#600 = DIRECTION ( 'NONE',  ( 0.000000000000000000, 0.000000000000000000, -1.000000000000000000 ) ) ;
#601 = CIRCLE ( 'NONE', #296, 1.049999999999999156 ) ;
#602 = LINE ( 'NONE', #982, #1164 ) ;
#603 = APPLICATION_PROTOCOL_DEFINITION ( 'international standard', 'config_control_design', 1994, #1342 ) ;
#604 = ORIENTED_EDGE ( 'NONE', *, *, #1550, .F. ) ;
#605 = LINE ( 'NONE', #1119, #1235 ) ;
#606 = ADVANCED_FACE ( 'NONE', ( #788 ), #631, .T. ) ;
#607 = CARTESIAN_POINT ( 'NONE',  ( 14.31027653876740580, 5.000000000000000000, 10.33794469224651991 ) ) ;
#608 = FACE_BOUND ( 'NONE', #1120, .T. ) ;
#609 = EDGE_LOOP ( 'NONE', ( #896, #746, #672, #1450 ) ) ;
#610 = LINE ( 'NONE', #1551, #771 ) ;
#611 = FACE_OUTER_BOUND ( 'NONE', #848, .T. ) ;
#612 = PERSON_AND_ORGANIZATION_ROLE ( 'creator' ) ;
#613 = AXIS2_PLACEMENT_3D ( 'NONE', #103, #1038, #630 ) ;
#614 = ADVANCED_FACE ( 'NONE', ( #17 ), #1052, .F. ) ;
#615 = EDGE_LOOP ( 'NONE', ( #725, #257, #337, #1034 ) ) ;
#616 = DIRECTION ( 'NONE',  ( -0.000000000000000000, -1.000000000000000000, -0.000000000000000000 ) ) ;
#617 = CARTESIAN_POINT ( 'NONE',  ( 4.200000000000007283, 5.000000000000000000, 48.79999999999999716 ) ) ;
#618 = FACE_BOUND ( 'NONE', #811, .T. ) ;
#619 = ADVANCED_FACE ( 'NONE', ( #922 ), #629, .T. ) ;
#620 = DIRECTION ( 'NONE',  ( -1.334402673828313339E-16, -0.000000000000000000, -1.000000000000000000 ) ) ;
#621 = CARTESIAN_POINT ( 'NONE',  ( 22.80000000000000426, 0.000000000000000000, 48.79999999999999716 ) ) ;
#622 = DIRECTION ( 'NONE',  ( -0.000000000000000000, -1.000000000000000000, -0.000000000000000000 ) ) ;
#623 = EDGE_LOOP ( 'NONE', ( #1306, #69 ) ) ;
#624 = DIRECTION ( 'NONE',  ( -0.000000000000000000, -1.000000000000000000, -0.000000000000000000 ) ) ;
#625 = CC_DESIGN_APPROVAL ( #417, ( #1608 ) ) ;
#626 = VERTEX_POINT ( 'NONE', #1443 ) ;
#627 = CARTESIAN_POINT ( 'NONE',  ( -6.000000000000000888, 5.000000000000000000, 1.049999999999999600 ) ) ;
#628 = DIRECTION ( 'NONE',  ( 0.000000000000000000, -0.000000000000000000, 1.000000000000000000 ) ) ;
#629 = TOROIDAL_SURFACE ( 'NONE', #108, 7.200000000000000178, 0.8000000000000000444 ) ;
#630 = DIRECTION ( 'NONE',  ( 1.000000000000000000, 0.000000000000000000, 0.000000000000000000 ) ) ;
#631 = CYLINDRICAL_SURFACE ( 'NONE', #73, 0.7999999999999999334 ) ;
#632 =( BOUNDED_CURVE ( )  B_SPLINE_CURVE ( 3, ( #425, #157, #945, #700 ),
 .UNSPECIFIED., .F., .T. ) 
 B_SPLINE_CURVE_WITH_KNOTS ( ( 4, 4 ),
 ( 3.141592653589793116, 4.712388980384689674 ),
 .UNSPECIFIED. ) 
 CURVE ( )  GEOMETRIC_REPRESENTATION_ITEM ( )  RATIONAL_B_SPLINE_CURVE ( ( 1.000000000000000000, 0.8047378541243649375, 0.8047378541243649375, 1.000000000000000000 ) ) 
 REPRESENTATION_ITEM ( '' )  );
#633 = VERTEX_POINT ( 'NONE', #547 ) ;
#634 = DIRECTION ( 'NONE',  ( 0.000000000000000000, 1.000000000000000000, 0.000000000000000000 ) ) ;
#635 = CARTESIAN_POINT ( 'NONE',  ( 4.200000000000003730, 0.000000000000000000, 21.19999999999999574 ) ) ;
#636 = DIRECTION ( 'NONE',  ( 0.000000000000000000, 1.000000000000000000, 0.000000000000000000 ) ) ;
#637 = EDGE_CURVE ( 'NONE', #638, #664, #319, .T. ) ;
#638 = VERTEX_POINT ( 'NONE', #666 ) ;
#639 = EDGE_CURVE ( 'NONE', #59, #118, #1537, .T. ) ;
#640 = DIRECTION ( 'NONE',  ( -0.9901877946139886477, 0.000000000000000000, -0.1397430906967693232 ) ) ;
#641 = DIRECTION ( 'NONE',  ( 0.000000000000000000, 0.000000000000000000, 1.000000000000000000 ) ) ;
#642 = ORIENTED_EDGE ( 'NONE', *, *, #1110, .F. ) ;
#643 = ORIENTED_EDGE ( 'NONE', *, *, #307, .F. ) ;
#644 = DIRECTION ( 'NONE',  ( -0.000000000000000000, -1.000000000000000000, -0.000000000000000000 ) ) ;
#645 = EDGE_LOOP ( 'NONE', ( #371, #1581, #1297, #1637 ) ) ;
#646 = CARTESIAN_POINT ( 'NONE',  ( 0.000000000000000000, 4.200000000000000178, 0.000000000000000000 ) ) ;
#647 = VECTOR ( 'NONE', #280, 1000.000000000000000 ) ;
#648 = ADVANCED_FACE ( 'NONE', ( #261 ), #1311, .T. ) ;
#649 = CARTESIAN_POINT ( 'NONE',  ( 0.000000000000000000, 5.000000000000000000, 0.000000000000000000 ) ) ;
#650 = VECTOR ( 'NONE', #1321, 1000.000000000000000 ) ;
#651 = CARTESIAN_POINT ( 'NONE',  ( 2.800000000000008704, 4.200000000000000178, 50.99999999999999289 ) ) ;
#652 = ORIENTED_EDGE ( 'NONE', *, *, #1059, .F. ) ;
#653 = APPLICATION_CONTEXT ( 'configuration controlled 3d designs of mechanical parts and assemblies' ) ;
#654 = CARTESIAN_POINT ( 'NONE',  ( 14.31027653876740580, 4.200000000000000178, 10.33794469224651991 ) ) ;
#655 = ORIENTED_EDGE ( 'NONE', *, *, #1561, .T. ) ;
#656 = CIRCLE ( 'NONE', #979, 1.049999999999999822 ) ;
#657 = ADVANCED_FACE ( 'NONE', ( #1569 ), #353, .F. ) ;
#658 = CARTESIAN_POINT ( 'NONE',  ( 14.31027653876740580, 0.000000000000000000, 10.33794469224651991 ) ) ;
#659 = DIRECTION ( 'NONE',  ( 1.000000000000000000, -0.000000000000000000, 3.016910393003142859E-16 ) ) ;
#660 = EDGE_LOOP ( 'NONE', ( #379, #96, #135, #1473 ) ) ;
#661 = LINE ( 'NONE', #9, #1454 ) ;
#662 = EDGE_CURVE ( 'NONE', #75, #763, #1389, .T. ) ;
#663 = ORIENTED_EDGE ( 'NONE', *, *, #20, .F. ) ;
#664 = VERTEX_POINT ( 'NONE', #1565 ) ;
#665 = FACE_OUTER_BOUND ( 'NONE', #856, .T. ) ;
#666 = CARTESIAN_POINT ( 'NONE',  ( 2.107747594696927709E-14, 0.000000000000000000, -4.950000000000001066 ) ) ;
#667 = EDGE_CURVE ( 'NONE', #279, #463, #222, .T. ) ;
#668 = CIRCLE ( 'NONE', #8, 0.8000000000000003775 ) ;
#669 = VERTEX_POINT ( 'NONE', #1646 ) ;
#670 = CLOSED_SHELL ( 'NONE', ( #619, #1047, #981, #482, #1294, #1435, #1060, #917, #776, #3, #833, #859, #1482, #517, #704, #1430, #1317, #447, #614, #1261, #1670, #657, #1210, #685, #255, #761, #297, #1393, #273, #593, #1149, #194, #1275, #987, #1603, #1188, #606, #648, #467, #838, #1683, #1170, #588, #1413, #1332, #1564, #332, #1387, #1540, #1234, #1358, #355, #891, #165, #561, #769 ) ) ;
#671 = CARTESIAN_POINT ( 'NONE',  ( 2.000000000000005329, 0.8000000000000003775, 18.00000000000000711 ) ) ;
#672 = ORIENTED_EDGE ( 'NONE', *, *, #160, .F. ) ;
#673 = VECTOR ( 'NONE', #1042, 1000.000000000000000 ) ;
#674 = DIRECTION ( 'NONE',  ( -0.000000000000000000, -1.000000000000000000, -0.000000000000000000 ) ) ;
#675 = DIRECTION ( 'NONE',  ( 1.000000000000000000, 0.000000000000000000, 0.000000000000000000 ) ) ;
#676 = VERTEX_POINT ( 'NONE', #144 ) ;
#677 = DIRECTION ( 'NONE',  ( 0.1397430906967690456, 0.000000000000000000, -0.9901877946139887587 ) ) ;
#678 = FACE_OUTER_BOUND ( 'NONE', #875, .T. ) ;
#679 = AXIS2_PLACEMENT_3D ( 'NONE', #996, #737, #1653 ) ;
#680 = CARTESIAN_POINT ( 'NONE',  ( 0.9907896085382466023, 0.000000000000000000, 7.131503063983961610 ) ) ;
#681 = EDGE_CURVE ( 'NONE', #121, #1300, #668, .T. ) ;
#682 = ORIENTED_EDGE ( 'NONE', *, *, #1309, .T. ) ;
#683 = CARTESIAN_POINT ( 'NONE',  ( 24.20000000000001350, 5.000000000000000000, 19.56763418741029881 ) ) ;
#684 =( LENGTH_UNIT ( ) NAMED_UNIT ( * ) SI_UNIT ( .MILLI., .METRE. ) );
#685 = ADVANCED_FACE ( 'NONE', ( #794 ), #540, .T. ) ;
#686 = FACE_OUTER_BOUND ( 'NONE', #1514, .T. ) ;
#687 = FACE_OUTER_BOUND ( 'NONE', #1651, .T. ) ;
#688 = TOROIDAL_SURFACE ( 'NONE', #1363, 7.200000000000000178, 0.8000000000000000444 ) ;
#689 = ORIENTED_EDGE ( 'NONE', *, *, #6, .T. ) ;
#690 = DIRECTION ( 'NONE',  ( -1.000000000000000000, 0.000000000000000000, -3.016910393003142859E-16 ) ) ;
#691 = FACE_OUTER_BOUND ( 'NONE', #1094, .T. ) ;
#692 = CC_DESIGN_PERSON_AND_ORGANIZATION_ASSIGNMENT ( #441, #335, ( #971 ) ) ;
#693 = DIRECTION ( 'NONE',  ( -0.000000000000000000, -1.000000000000000000, -0.000000000000000000 ) ) ;
#694 = CARTESIAN_POINT ( 'NONE',  ( 2.755455298081544285E-16, 0.000000000000000000, 2.250000000000000000 ) ) ;
#695 = PRODUCT_DEFINITION_FORMATION_WITH_SPECIFIED_SOURCE ( '�', '', #1018, .NOT_KNOWN. ) ;
#696 = CARTESIAN_POINT ( 'NONE',  ( 14.31027653876740580, 5.000000000000000000, 10.33794469224651991 ) ) ;
#697 = DIRECTION ( 'NONE',  ( 0.000000000000000000, 0.000000000000000000, 1.000000000000000000 ) ) ;
#698 = ORIENTED_EDGE ( 'NONE', *, *, #268, .T. ) ;
#699 = AXIS2_PLACEMENT_3D ( 'NONE', #305, #571, #471 ) ;
#700 = CARTESIAN_POINT ( 'NONE',  ( 4.200000000000003730, 5.000000000000000000, 21.19999999999999574 ) ) ;
#701 = EDGE_LOOP ( 'NONE', ( #1639, #208, #744, #930 ) ) ;
#702 = DIRECTION ( 'NONE',  ( 3.016910393003142859E-16, 0.000000000000000000, -1.000000000000000000 ) ) ;
#703 = VERTEX_POINT ( 'NONE', #309 ) ;
#704 = ADVANCED_FACE ( 'NONE', ( #171 ), #1217, .T. ) ;
#705 = DIRECTION ( 'NONE',  ( 0.000000000000000000, 0.000000000000000000, 1.000000000000000000 ) ) ;
#706 = CARTESIAN_POINT ( 'NONE',  ( 2.094888803305880329E-14, 5.000000000000000000, -7.050000000000000711 ) ) ;
#707 = CARTESIAN_POINT ( 'NONE',  ( 2.021827334786215236, 0.5861876459933005323, 17.99376862938533961 ) ) ;
#708 = ORIENTED_EDGE ( 'NONE', *, *, #681, .F. ) ;
#709 = CIRCLE ( 'NONE', #556, 0.8000000000000020428 ) ;
#710 = DIRECTION ( 'NONE',  ( 0.000000000000000000, 0.000000000000000000, 1.000000000000000000 ) ) ;
#711 = EDGE_CURVE ( 'NONE', #1546, #498, #1003, .T. ) ;
#712 = DIRECTION ( 'NONE',  ( 0.000000000000000000, 1.000000000000000000, 0.000000000000000000 ) ) ;
#713 = ORIENTED_EDGE ( 'NONE', *, *, #146, .T. ) ;
#714 = CARTESIAN_POINT ( 'NONE',  ( -6.284666409917641302E-14, 0.000000000000000000, 4.950000000000000178 ) ) ;
#715 = AXIS2_PLACEMENT_3D ( 'NONE', #1097, #871, #574 ) ;
#716 = ORIENTED_EDGE ( 'NONE', *, *, #104, .T. ) ;
#717 = CARTESIAN_POINT ( 'NONE',  ( 5.000000000000004441, 4.200000000000000178, 21.19999999999999574 ) ) ;
#718 = CARTESIAN_POINT ( 'NONE',  ( 14.31027653876740580, 0.8000000000000000444, 21.19999999999999574 ) ) ;
#719 = ORIENTED_EDGE ( 'NONE', *, *, #1588, .F. ) ;
#720 = ORIENTED_EDGE ( 'NONE', *, *, #579, .F. ) ;
#721 = CIRCLE ( 'NONE', #201, 0.7999999999999986011 ) ;
#722 = VECTOR ( 'NONE', #966, 1000.000000000000000 ) ;
#723 = DIRECTION ( 'NONE',  ( 1.079472956652738047E-16, 0.000000000000000000, -1.000000000000000000 ) ) ;
#724 = APPROVAL_STATUS ( 'not_yet_approved' ) ;
#725 = ORIENTED_EDGE ( 'NONE', *, *, #1028, .T. ) ;
#726 = DIRECTION ( 'NONE',  ( -1.000000000000000000, 0.000000000000000000, 0.000000000000000000 ) ) ;
#727 = DIRECTION ( 'NONE',  ( 0.000000000000000000, 1.000000000000000000, 0.000000000000000000 ) ) ;
#728 = DIRECTION ( 'NONE',  ( 1.000000000000000000, -0.000000000000000000, 3.016910393003142859E-16 ) ) ;
#729 = EDGE_CURVE ( 'NONE', #1614, #1444, #1184, .T. ) ;
#730 = CARTESIAN_POINT ( 'NONE',  ( 22.00000000000001066, 4.200000000000000178, 47.99999999999999289 ) ) ;
#731 = AXIS2_PLACEMENT_3D ( 'NONE', #293, #1077, #163 ) ;
#732 = CARTESIAN_POINT ( 'NONE',  ( 2.800000000000005151, 0.000000000000000000, 17.76785276712210404 ) ) ;
#733 = DATE_AND_TIME ( #572, #1678 ) ;
#734 = ORIENTED_EDGE ( 'NONE', *, *, #1227, .T. ) ;
#735 = DIRECTION ( 'NONE',  ( 0.000000000000000000, 1.000000000000000000, 0.000000000000000000 ) ) ;
#736 = EDGE_CURVE ( 'NONE', #272, #770, #422, .T. ) ;
#737 = DIRECTION ( 'NONE',  ( -1.000000000000000000, 0.000000000000000000, -3.016910393003142859E-16 ) ) ;
#738 = FACE_BOUND ( 'NONE', #184, .T. ) ;
#739 = DIRECTION ( 'NONE',  ( -0.000000000000000000, -1.000000000000000000, -0.000000000000000000 ) ) ;
#740 = CARTESIAN_POINT ( 'NONE',  ( 24.20000000000000995, 4.200000000000000178, 19.56763418741029881 ) ) ;
#741 = CARTESIAN_POINT ( 'NONE',  ( 5.000000000000004441, 5.000000000000000000, 21.99999999999999645 ) ) ;
#742 =( NAMED_UNIT ( * ) SI_UNIT ( $, .STERADIAN. ) SOLID_ANGLE_UNIT ( ) );
#743 = EDGE_LOOP ( 'NONE', ( #310, #1016 ) ) ;
#744 = ORIENTED_EDGE ( 'NONE', *, *, #639, .F. ) ;
#745 = AXIS2_PLACEMENT_3D ( 'NONE', #277, #1439, #869 ) ;
#746 = ORIENTED_EDGE ( 'NONE', *, *, #232, .T. ) ;
#747 = EDGE_LOOP ( 'NONE', ( #282, #415, #1045, #1326 ) ) ;
#748 = CYLINDRICAL_SURFACE ( 'NONE', #1114, 1.049999999999999156 ) ;
#749 = CARTESIAN_POINT ( 'NONE',  ( 14.31027653876740580, 0.000000000000000000, 10.33794469224651991 ) ) ;
#750 = VERTEX_POINT ( 'NONE', #1324 ) ;
#751 = CYLINDRICAL_SURFACE ( 'NONE', #1067, 0.7999999999999986011 ) ;
#752 = AXIS2_PLACEMENT_3D ( 'NONE', #683, #797, #1320 ) ;
#753 = CARTESIAN_POINT ( 'NONE',  ( 22.00000000000001066, 4.668629150101523351, 47.99999999999997868 ) ) ;
#754 = ORIENTED_EDGE ( 'NONE', *, *, #662, .T. ) ;
#755 = CARTESIAN_POINT ( 'NONE',  ( 8.000000000000000000, 4.200000000000000178, 4.898587196589412829E-16 ) ) ;
#756 = AXIS2_PLACEMENT_3D ( 'NONE', #822, #1171, #697 ) ;
#757 = DIRECTION ( 'NONE',  ( 0.000000000000000000, 0.000000000000000000, 1.000000000000000000 ) ) ;
#758 = EDGE_LOOP ( 'NONE', ( #843, #253, #523, #836 ) ) ;
#759 = CARTESIAN_POINT ( 'NONE',  ( 4.668629150101527792, -8.608577829884637373E-17, 21.66862915010151625 ) ) ;
#760 = EDGE_CURVE ( 'NONE', #985, #1468, #632, .T. ) ;
#761 = ADVANCED_FACE ( 'NONE', ( #1602 ), #1063, .T. ) ;
#762 = CARTESIAN_POINT ( 'NONE',  ( -6.284666409917641302E-14, 0.000000000000000000, 6.000000000000000000 ) ) ;
#763 = VERTEX_POINT ( 'NONE', #446 ) ;
#764 = CIRCLE ( 'NONE', #216, 0.8000000000000020428 ) ;
#765 = FACE_OUTER_BOUND ( 'NONE', #250, .T. ) ;
#766 = DIRECTION ( 'NONE',  ( 0.000000000000000000, 1.000000000000000000, 0.000000000000000000 ) ) ;
#767 = VERTEX_POINT ( 'NONE', #1587 ) ;
#768 = CARTESIAN_POINT ( 'NONE',  ( 2.094888803305880329E-14, 5.000000000000000000, -6.000000000000000888 ) ) ;
#769 = ADVANCED_FACE ( 'NONE', ( #49 ), #1223, .T. ) ;
#770 = VERTEX_POINT ( 'NONE', #187 ) ;
#771 = VECTOR ( 'NONE', #388, 1000.000000000000000 ) ;
#772 = DIRECTION ( 'NONE',  ( 1.000000000000000000, 0.000000000000000000, 0.000000000000000000 ) ) ;
#773 = CARTESIAN_POINT ( 'NONE',  ( 1.734723475976807094E-15, 4.200000000000000178, 7.999999999999992895 ) ) ;
#774 = VERTEX_POINT ( 'NONE', #1485 ) ;
#775 = CARTESIAN_POINT ( 'NONE',  ( 7.200000000000000178, 0.000000000000000000, 7.880819430949602988E-16 ) ) ;
#776 = ADVANCED_FACE ( 'NONE', ( #687 ), #318, .F. ) ;
#777 = AXIS2_PLACEMENT_3D ( 'NONE', #1108, #726, #1250 ) ;
#778 = CC_DESIGN_SECURITY_CLASSIFICATION ( #971, ( #695 ) ) ;
#779 = DIRECTION ( 'NONE',  ( 0.000000000000000000, 1.000000000000000000, 0.000000000000000000 ) ) ;
#780 = DIRECTION ( 'NONE',  ( 1.079472956652738047E-16, 0.000000000000000000, -1.000000000000000000 ) ) ;
#781 = ORIENTED_EDGE ( 'NONE', *, *, #369, .T. ) ;
#782 = EDGE_CURVE ( 'NONE', #25, #431, #1057, .T. ) ;
#783 = VECTOR ( 'NONE', #728, 1000.000000000000000 ) ;
#784 = DIRECTION ( 'NONE',  ( 1.000000000000000000, -0.000000000000000000, -0.000000000000000000 ) ) ;
#785 = EDGE_CURVE ( 'NONE', #812, #1448, #1173, .T. ) ;
#786 = AXIS2_PLACEMENT_3D ( 'NONE', #1085, #1593, #824 ) ;
#787 = CARTESIAN_POINT ( 'NONE',  ( 0.000000000000000000, 0.000000000000000000, 0.000000000000000000 ) ) ;
#788 = FACE_OUTER_BOUND ( 'NONE', #805, .T. ) ;
#789 = CARTESIAN_POINT ( 'NONE',  ( 14.31027653876739336, 4.200000000000000178, 50.19999999999999574 ) ) ;
#790 = TOROIDAL_SURFACE ( 'NONE', #826, 7.200000000000000178, 0.8000000000000000444 ) ;
#791 = VERTEX_POINT ( 'NONE', #694 ) ;
#792 = VERTEX_POINT ( 'NONE', #478 ) ;
#793 = DIRECTION ( 'NONE',  ( 1.000000000000000000, 0.000000000000000000, 0.000000000000000000 ) ) ;
#794 = FACE_OUTER_BOUND ( 'NONE', #359, .T. ) ;
#795 = ORIENTED_EDGE ( 'NONE', *, *, #1082, .T. ) ;
#796 = AXIS2_PLACEMENT_3D ( 'NONE', #88, #616, #837 ) ;
#797 = DIRECTION ( 'NONE',  ( -0.000000000000000000, -1.000000000000000000, -0.000000000000000000 ) ) ;
#798 = EDGE_CURVE ( 'NONE', #770, #295, #207, .T. ) ;
#799 = CARTESIAN_POINT ( 'NONE',  ( 2.094888803305880329E-14, 5.000000000000000000, -6.000000000000000888 ) ) ;
#800 = VECTOR ( 'NONE', #784, 1000.000000000000000 ) ;
#801 = ORIENTED_EDGE ( 'NONE', *, *, #1440, .F. ) ;
#802 = AXIS2_PLACEMENT_3D ( 'NONE', #1260, #847, #1091 ) ;
#803 = FACE_OUTER_BOUND ( 'NONE', #660, .T. ) ;
#804 = CARTESIAN_POINT ( 'NONE',  ( 2.698020078956947287, 8.084458907682698140E-17, 17.79790363718071688 ) ) ;
#805 = EDGE_LOOP ( 'NONE', ( #386, #1558, #500, #225 ) ) ;
#806 = EDGE_CURVE ( 'NONE', #1300, #1607, #1304, .T. ) ;
#807 = EDGE_CURVE ( 'NONE', #750, #812, #850, .T. ) ;
#808 = CARTESIAN_POINT ( 'NONE',  ( 22.00000000000000711, 0.8000000000000000444, 21.99999999999999645 ) ) ;
#809 = CIRCLE ( 'NONE', #1615, 2.250000000000000000 ) ;
#810 = DIRECTION ( 'NONE',  ( 0.000000000000000000, 0.000000000000000000, -1.000000000000000000 ) ) ;
#811 = EDGE_LOOP ( 'NONE', ( #1664, #1449 ) ) ;
#812 = VERTEX_POINT ( 'NONE', #1512 ) ;
#813 = VECTOR ( 'NONE', #148, 1000.000000000000000 ) ;
#814 = ORIENTED_EDGE ( 'NONE', *, *, #1476, .T. ) ;
#815 = LINE ( 'NONE', #1492, #1385 ) ;
#816 = DIRECTION ( 'NONE',  ( 1.334402673828313339E-16, 0.000000000000000000, 1.000000000000000000 ) ) ;
#817 = ORIENTED_EDGE ( 'NONE', *, *, #1440, .T. ) ;
#818 = VERTEX_POINT ( 'NONE', #1013 ) ;
#819 = EDGE_CURVE ( 'NONE', #1224, #985, #1244, .T. ) ;
#820 = CC_DESIGN_DATE_AND_TIME_ASSIGNMENT ( #733, #1597, ( #971 ) ) ;
#821 = DIRECTION ( 'NONE',  ( 0.000000000000000000, 1.000000000000000000, 0.000000000000000000 ) ) ;
#822 = CARTESIAN_POINT ( 'NONE',  ( 0.000000000000000000, 4.200000000000000178, 0.000000000000000000 ) ) ;
#823 = VERTEX_POINT ( 'NONE', #1101 ) ;
#824 = DIRECTION ( 'NONE',  ( 1.000000000000000000, 0.000000000000000000, 0.000000000000000000 ) ) ;
#825 = DIRECTION ( 'NONE',  ( -0.000000000000000000, -1.000000000000000000, -0.000000000000000000 ) ) ;
#826 = AXIS2_PLACEMENT_3D ( 'NONE', #381, #1527, #230 ) ;
#827 = CARTESIAN_POINT ( 'NONE',  ( 25.00000000000001066, 0.8000000000000003775, 18.85980667165780744 ) ) ;
#828 = FACE_OUTER_BOUND ( 'NONE', #1500, .T. ) ;
#829 = CARTESIAN_POINT ( 'NONE',  ( 22.80000000000000426, 4.200000000000000178, 21.99999999999999645 ) ) ;
#830 = EDGE_CURVE ( 'NONE', #916, #1221, #978, .T. ) ;
#831 = LINE ( 'NONE', #469, #902 ) ;
#832 = CARTESIAN_POINT ( 'NONE',  ( 0.7813301967034896878, 0.01164178314050072320, 7.320236401964728579 ) ) ;
#833 = ADVANCED_FACE ( 'NONE', ( #1253, #329, #874, #1264, #618, #71, #608 ), #1630, .T. ) ;
#834 = APPROVAL_PERSON_ORGANIZATION ( #1506, #1671, #1390 ) ;
#835 = APPROVAL_DATE_TIME ( #963, #465 ) ;
#836 = ORIENTED_EDGE ( 'NONE', *, *, #410, .F. ) ;
#837 = DIRECTION ( 'NONE',  ( 0.000000000000000000, 0.000000000000000000, -1.000000000000000000 ) ) ;
#838 = ADVANCED_FACE ( 'NONE', ( #1145 ), #218, .T. ) ;
#839 = ORIENTED_EDGE ( 'NONE', *, *, #303, .F. ) ;
#840 = DIRECTION ( 'NONE',  ( -1.000000000000000000, 0.000000000000000000, 0.000000000000000000 ) ) ;
#841 = DIRECTION ( 'NONE',  ( -0.000000000000000000, -1.000000000000000000, -0.000000000000000000 ) ) ;
#842 = TOROIDAL_SURFACE ( 'NONE', #461, 19.76153846153848193, 0.8000000000000000444 ) ;
#843 = ORIENTED_EDGE ( 'NONE', *, *, #363, .F. ) ;
#844 = DIRECTION ( 'NONE',  ( -1.000000000000000000, 0.000000000000000000, 0.000000000000000000 ) ) ;
#845 = CALENDAR_DATE ( 2025, 8, 12 ) ;
#846 = VERTEX_POINT ( 'NONE', #1641 ) ;
#847 = DIRECTION ( 'NONE',  ( -0.000000000000000000, 1.000000000000000000, 0.000000000000000000 ) ) ;
#848 = EDGE_LOOP ( 'NONE', ( #76, #1394, #339, #1205 ) ) ;
#849 = SPHERICAL_SURFACE ( 'NONE', #387, 0.8000000000000000444 ) ;
#850 = LINE ( 'NONE', #502, #783 ) ;
#851 = CIRCLE ( 'NONE', #7, 2.250000000000000000 ) ;
#852 = DIRECTION ( 'NONE',  ( -0.000000000000000000, -1.000000000000000000, -0.000000000000000000 ) ) ;
#853 = APPROVAL_ROLE ( '' ) ;
#854 = ORIENTED_EDGE ( 'NONE', *, *, #1254, .F. ) ;
#855 = DIRECTION ( 'NONE',  ( 0.000000000000000000, 1.000000000000000000, 0.000000000000000000 ) ) ;
#856 = EDGE_LOOP ( 'NONE', ( #1623, #44, #382, #545 ) ) ;
#857 = AXIS2_PLACEMENT_3D ( 'NONE', #311, #702, #64 ) ;
#858 = AXIS2_PLACEMENT_3D ( 'NONE', #1434, #133, #244 ) ;
#859 = ADVANCED_FACE ( 'NONE', ( #361, #1113, #738, #470, #92, #1396, #228 ), #100, .F. ) ;
#860 = CYLINDRICAL_SURFACE ( 'NONE', #13, 0.8000000000000020428 ) ;
#861 = PERSON_AND_ORGANIZATION ( #444, #1302 ) ;
#862 =( BOUNDED_CURVE ( )  B_SPLINE_CURVE ( 3, ( #27, #1577, #1455, #1073 ),
 .UNSPECIFIED., .F., .F. ) 
 B_SPLINE_CURVE_WITH_KNOTS ( ( 4, 4 ),
 ( 0.000000000000000000, 1.570796326794896558 ),
 .UNSPECIFIED. ) 
 CURVE ( )  GEOMETRIC_REPRESENTATION_ITEM ( )  RATIONAL_B_SPLINE_CURVE ( ( 1.000000000000000000, 0.8047378541243649375, 0.8047378541243649375, 1.000000000000000000 ) ) 
 REPRESENTATION_ITEM ( '' )  );
#863 = ORIENTED_EDGE ( 'NONE', *, *, #536, .T. ) ;
#864 = CARTESIAN_POINT ( 'NONE',  ( 4.668629150101531344, -2.869525943294880973E-17, 48.33137084989846244 ) ) ;
#865 = CARTESIAN_POINT ( 'NONE',  ( 4.668629150101531344, 5.000000000000000000, 48.33137084989846244 ) ) ;
#866 = CARTESIAN_POINT ( 'NONE',  ( 5.000000000000004441, 4.200000000000000178, 21.99999999999999645 ) ) ;
#867 = DIRECTION ( 'NONE',  ( 0.000000000000000000, 0.000000000000000000, 1.000000000000000000 ) ) ;
#868 = CIRCLE ( 'NONE', #358, 7.200000000000000178 ) ;
#869 = DIRECTION ( 'NONE',  ( 0.000000000000000000, 0.000000000000000000, -1.000000000000000000 ) ) ;
#870 = ORIENTED_EDGE ( 'NONE', *, *, #1481, .F. ) ;
#871 = DIRECTION ( 'NONE',  ( 1.000000000000000000, -0.000000000000000000, 3.016910393003142859E-16 ) ) ;
#872 = ORIENTED_EDGE ( 'NONE', *, *, #1509, .T. ) ;
#873 = DIRECTION ( 'NONE',  ( 0.000000000000000000, 1.000000000000000000, 0.000000000000000000 ) ) ;
#874 = FACE_BOUND ( 'NONE', #743, .T. ) ;
#875 = EDGE_LOOP ( 'NONE', ( #1353, #300, #320, #952 ) ) ;
#876 = DIRECTION ( 'NONE',  ( 0.000000000000000000, 0.000000000000000000, 1.000000000000000000 ) ) ;
#877 = CARTESIAN_POINT ( 'NONE',  ( 0.000000000000000000, 5.000000000000000000, 0.000000000000000000 ) ) ;
#878 = FACE_OUTER_BOUND ( 'NONE', #406, .T. ) ;
#879 = EDGE_LOOP ( 'NONE', ( #1329, #988 ) ) ;
#880 = CARTESIAN_POINT ( 'NONE',  ( 4.200000000000007283, 0.000000000000000000, 48.00000000000000000 ) ) ;
#881 = ORIENTED_EDGE ( 'NONE', *, *, #274, .T. ) ;
#882 = EDGE_CURVE ( 'NONE', #1510, #577, #330, .T. ) ;
#883 = EDGE_CURVE ( 'NONE', #577, #1510, #270, .T. ) ;
#884 = DIRECTION ( 'NONE',  ( -0.000000000000000000, -1.000000000000000000, -0.000000000000000000 ) ) ;
#885 = CIRCLE ( 'NONE', #1030, 1.049999999999999822 ) ;
#886 = CARTESIAN_POINT ( 'NONE',  ( 6.000000000000000888, 5.000000000000000000, 4.189777606611760657E-14 ) ) ;
#887 = CARTESIAN_POINT ( 'NONE',  ( 0.000000000000000000, 0.000000000000000000, 0.000000000000000000 ) ) ;
#888 = AXIS2_PLACEMENT_3D ( 'NONE', #1333, #413, #940 ) ;
#889 = CARTESIAN_POINT ( 'NONE',  ( 24.31179447255742687, 0.8000000000000003775, 18.77548395171911011 ) ) ;
#890 = CARTESIAN_POINT ( 'NONE',  ( 14.31027653876740580, 4.200000000000000178, 10.33794469224651991 ) ) ;
#891 = ADVANCED_FACE ( 'NONE', ( #364 ), #483, .T. ) ;
#892 = CIRCLE ( 'NONE', #1033, 14.50000000000001776 ) ;
#893 = EDGE_LOOP ( 'NONE', ( #83, #1226, #839, #586 ) ) ;
#894 = CARTESIAN_POINT ( 'NONE',  ( 2.800000000000003819, 0.000000000000000000, 10.33794469224652168 ) ) ;
#895 = CARTESIAN_POINT ( 'NONE',  ( 0.000000000000000000, 5.000000000000000000, 0.000000000000000000 ) ) ;
#896 = ORIENTED_EDGE ( 'NONE', *, *, #1579, .F. ) ;
#897 = EDGE_CURVE ( 'NONE', #1068, #121, #233, .T. ) ;
#898 = CIRCLE ( 'NONE', #699, 0.8000000000000003775 ) ;
#899 = DIRECTION ( 'NONE',  ( 0.000000000000000000, -1.000000000000000000, 0.000000000000000000 ) ) ;
#900 = CARTESIAN_POINT ( 'NONE',  ( 5.000000000000004441, 4.200000000000000178, 21.99999999999999645 ) ) ;
#901 = ORIENTED_EDGE ( 'NONE', *, *, #416, .T. ) ;
#902 = VECTOR ( 'NONE', #308, 1000.000000000000000 ) ;
#903 = SPHERICAL_SURFACE ( 'NONE', #943, 0.8000000000000000444 ) ;
#904 = CARTESIAN_POINT ( 'NONE',  ( 0.4712383214699331080, 4.895178617237751162, 7.594116855495085971 ) ) ;
#905 = VERTEX_POINT ( 'NONE', #1656 ) ;
#906 = FACE_OUTER_BOUND ( 'NONE', #275, .T. ) ;
#907 = DIRECTION ( 'NONE',  ( 0.000000000000000000, 1.000000000000000000, 0.000000000000000000 ) ) ;
#908 = ORIENTED_EDGE ( 'NONE', *, *, #239, .T. ) ;
#909 = AXIS2_PLACEMENT_3D ( 'NONE', #23, #1298, #928 ) ;
#910 = CARTESIAN_POINT ( 'NONE',  ( 24.20000000000000995, 0.8000000000000003775, 50.19999999999999574 ) ) ;
#911 =( BOUNDED_CURVE ( )  B_SPLINE_CURVE ( 3, ( #1301, #1649, #110, #1295 ),
 .UNSPECIFIED., .F., .T. ) 
 B_SPLINE_CURVE_WITH_KNOTS ( ( 4, 4 ),
 ( 1.570796326794896558, 3.141592653589793116 ),
 .UNSPECIFIED. ) 
 CURVE ( )  GEOMETRIC_REPRESENTATION_ITEM ( )  RATIONAL_B_SPLINE_CURVE ( ( 1.000000000000000000, 0.8047378541243649375, 0.8047378541243649375, 1.000000000000000000 ) ) 
 REPRESENTATION_ITEM ( '' )  );
#912 = ORIENTED_EDGE ( 'NONE', *, *, #134, .T. ) ;
#913 = EDGE_CURVE ( 'NONE', #1221, #66, #414, .T. ) ;
#914 = CYLINDRICAL_SURFACE ( 'NONE', #114, 1.049999999999999822 ) ;
#915 = AXIS2_PLACEMENT_3D ( 'NONE', #314, #1392, #705 ) ;
#916 = VERTEX_POINT ( 'NONE', #1024 ) ;
#917 = ADVANCED_FACE ( 'NONE', ( #1388 ), #1536, .F. ) ;
#918 = DIRECTION ( 'NONE',  ( -1.000000000000000000, 0.000000000000000000, -0.000000000000000000 ) ) ;
#919 = CIRCLE ( 'NONE', #777, 0.8000000000000003775 ) ;
#920 = CIRCLE ( 'NONE', #756, 8.000000000000000000 ) ;
#921 = ORIENTED_EDGE ( 'NONE', *, *, #1043, .F. ) ;
#922 = FACE_OUTER_BOUND ( 'NONE', #132, .T. ) ;
#923 = AXIS2_PLACEMENT_3D ( 'NONE', #1194, #497, #1268 ) ;
#924 = CARTESIAN_POINT ( 'NONE',  ( 0.000000000000000000, 5.000000000000000000, 0.000000000000000000 ) ) ;
#925 = ORIENTED_EDGE ( 'NONE', *, *, #639, .T. ) ;
#926 = ORIENTED_EDGE ( 'NONE', *, *, #34, .F. ) ;
#927 = ORIENTED_EDGE ( 'NONE', *, *, #435, .F. ) ;
#928 = DIRECTION ( 'NONE',  ( 0.000000000000000000, 0.000000000000000000, 1.000000000000000000 ) ) ;
#929 = CARTESIAN_POINT ( 'NONE',  ( 2.000000000000009326, 0.8000000000000003775, 50.19999999999998153 ) ) ;
#930 = ORIENTED_EDGE ( 'NONE', *, *, #1606, .T. ) ;
#931 = CARTESIAN_POINT ( 'NONE',  ( 5.000000000000007994, 4.200000000000000178, 48.79999999999999716 ) ) ;
#932 = DIRECTION ( 'NONE',  ( -0.000000000000000000, -1.000000000000000000, -0.000000000000000000 ) ) ;
#933 = VECTOR ( 'NONE', #1553, 1000.000000000000000 ) ;
#934 = ORIENTED_EDGE ( 'NONE', *, *, #1357, .F. ) ;
#935 = EDGE_CURVE ( 'NONE', #150, #792, #1153, .T. ) ;
#936 = EDGE_CURVE ( 'NONE', #463, #1167, #391, .T. ) ;
#937 = ORIENTED_EDGE ( 'NONE', *, *, #232, .F. ) ;
#938 = DIRECTION ( 'NONE',  ( 0.000000000000000000, 0.000000000000000000, -1.000000000000000000 ) ) ;
#939 = CARTESIAN_POINT ( 'NONE',  ( 2.165549207598033821, 0.3016688475739638942, 17.95257128934312263 ) ) ;
#940 = DIRECTION ( 'NONE',  ( 0.000000000000000000, 0.000000000000000000, 1.000000000000000000 ) ) ;
#941 = CARTESIAN_POINT ( 'NONE',  ( 0.04716730212941498690, 4.478971860043321485, 7.959983673037806184 ) ) ;
#942 = VECTOR ( 'NONE', #298, 1000.000000000000000 ) ;
#943 = AXIS2_PLACEMENT_3D ( 'NONE', #910, #251, #772 ) ;
#944 = ORIENTED_EDGE ( 'NONE', *, *, #637, .T. ) ;
#945 = CARTESIAN_POINT ( 'NONE',  ( 4.668629150101527792, 5.000000000000000000, 21.66862915010151625 ) ) ;
#946 = EDGE_CURVE ( 'NONE', #463, #118, #352, .T. ) ;
#947 = AXIS2_PLACEMENT_3D ( 'NONE', #86, #992, #65 ) ;
#948 = ORIENTED_EDGE ( 'NONE', *, *, #72, .T. ) ;
#949 = MANIFOLD_SOLID_BREP ( '\X2\570689d2\X0\5', #670 ) ;
#950 = LINE ( 'NONE', #1462, #942 ) ;
#951 = CARTESIAN_POINT ( 'NONE',  ( 14.31027653876739336, 0.000000000000000000, 50.19999999999999574 ) ) ;
#952 = ORIENTED_EDGE ( 'NONE', *, *, #134, .F. ) ;
#953 = CARTESIAN_POINT ( 'NONE',  ( 2.800000000000012257, 5.000000000000000000, 17.76785276712210049 ) ) ;
#954 = CARTESIAN_POINT ( 'NONE',  ( -6.000000000000000888, 5.000000000000000000, 0.000000000000000000 ) ) ;
#955 = ORIENTED_EDGE ( 'NONE', *, *, #111, .F. ) ;
#956 = EDGE_CURVE ( 'NONE', #985, #452, #1137, .T. ) ;
#957 = DIRECTION ( 'NONE',  ( 1.079472956652738047E-16, 0.000000000000000000, -1.000000000000000000 ) ) ;
#958 = DIRECTION ( 'NONE',  ( -1.079472956652738047E-16, 0.000000000000000000, 1.000000000000000000 ) ) ;
#959 = CARTESIAN_POINT ( 'NONE',  ( 0.1885655859366462128, 0.3057040526894698740, 7.838992180546179966 ) ) ;
#960 = VECTOR ( 'NONE', #620, 1000.000000000000000 ) ;
#961 = AXIS2_PLACEMENT_3D ( 'NONE', #741, #1086, #1231 ) ;
#962 = CARTESIAN_POINT ( 'NONE',  ( 0.9907896085382466023, 0.000000000000000000, 7.131503063983961610 ) ) ;
#963 = DATE_AND_TIME ( #845, #1407 ) ;
#964 = EDGE_CURVE ( 'NONE', #846, #474, #278, .T. ) ;
#965 = ORIENTED_EDGE ( 'NONE', *, *, #286, .F. ) ;
#966 = DIRECTION ( 'NONE',  ( -1.079472956652738047E-16, -0.000000000000000000, 1.000000000000000000 ) ) ;
#967 = AXIS2_PLACEMENT_3D ( 'NONE', #1494, #712, #1605 ) ;
#968 = CARTESIAN_POINT ( 'NONE',  ( 2.021827334786214347, 4.413812354006698691, 17.99376862938533606 ) ) ;
#969 = DIRECTION ( 'NONE',  ( 1.000000000000000000, 0.000000000000000000, 0.000000000000000000 ) ) ;
#970 = VERTEX_POINT ( 'NONE', #495 ) ;
#971 = SECURITY_CLASSIFICATION ( '', '', #1378 ) ;
#972 = DIRECTION ( 'NONE',  ( -0.000000000000000000, 1.000000000000000000, -0.000000000000000000 ) ) ;
#973 = MECHANICAL_CONTEXT ( 'NONE', #1342, 'mechanical' ) ;
#974 = VERTEX_POINT ( 'NONE', #889 ) ;
#975 = CIRCLE ( 'NONE', #181, 0.7999999999999986011 ) ;
#976 = CARTESIAN_POINT ( 'NONE',  ( 4.200000000000007283, 0.000000000000000000, 48.79999999999999716 ) ) ;
#977 = ORIENTED_EDGE ( 'NONE', *, *, #1069, .F. ) ;
#978 = LINE ( 'NONE', #1134, #266 ) ;
#979 = AXIS2_PLACEMENT_3D ( 'NONE', #340, #245, #370 ) ;
#980 = ORIENTED_EDGE ( 'NONE', *, *, #1366, .F. ) ;
#981 = ADVANCED_FACE ( 'NONE', ( #116 ), #790, .T. ) ;
#982 = CARTESIAN_POINT ( 'NONE',  ( 24.20000000000000995, 5.000000000000000000, 51.00000000000000000 ) ) ;
#983 = ORIENTED_EDGE ( 'NONE', *, *, #760, .F. ) ;
#984 = VERTEX_POINT ( 'NONE', #1015 ) ;
#985 = VERTEX_POINT ( 'NONE', #900 ) ;
#986 = CARTESIAN_POINT ( 'NONE',  ( 14.31027653876740580, 5.000000000000000000, 48.79999999999999716 ) ) ;
#987 = ADVANCED_FACE ( 'NONE', ( #249 ), #192, .T. ) ;
#988 = ORIENTED_EDGE ( 'NONE', *, *, #29, .F. ) ;
#989 = CIRCLE ( 'NONE', #1628, 13.70000000000001528 ) ;
#990 = FACE_OUTER_BOUND ( 'NONE', #1105, .T. ) ;
#991 = CARTESIAN_POINT ( 'NONE',  ( 24.20000000000000995, 4.200000000000000178, 50.19999999999999574 ) ) ;
#992 = DIRECTION ( 'NONE',  ( 0.000000000000000000, 0.000000000000000000, 1.000000000000000000 ) ) ;
#993 = ORIENTED_EDGE ( 'NONE', *, *, #1069, .T. ) ;
#994 = CARTESIAN_POINT ( 'NONE',  ( 8.000000000000000000, 5.000000000000000000, 4.898587196589412829E-16 ) ) ;
#995 = CIRCLE ( 'NONE', #915, 19.76153846153848193 ) ;
#996 = CARTESIAN_POINT ( 'NONE',  ( 24.20000000000000995, 0.8000000000000003775, 50.19999999999999574 ) ) ;
#997 = DIRECTION ( 'NONE',  ( 0.000000000000000000, 1.000000000000000000, 0.000000000000000000 ) ) ;
#998 = EDGE_LOOP ( 'NONE', ( #1411, #1538, #449, #1064 ) ) ;
#999 = ORIENTED_EDGE ( 'NONE', *, *, #1414, .T. ) ;
#1000 = LINE ( 'NONE', #4, #26 ) ;
#1001 = EDGE_CURVE ( 'NONE', #905, #66, #1292, .T. ) ;
#1002 = VECTOR ( 'NONE', #1017, 1000.000000000000000 ) ;
#1003 = B_SPLINE_CURVE_WITH_KNOTS ( 'NONE', 3,
 ( #1093, #439, #40, #959, #1356, #294, #180, #832, #1475, #680 ),
 .UNSPECIFIED., .F., .F.,
 ( 4, 2, 2, 2, 4 ),
 ( 0.000000000000000000, 0.0004225183661736917192, 0.0008450367323473834385, 0.001267555098521075049, 0.001690073464694766877 ),
 .UNSPECIFIED. ) ;
#1004 = CARTESIAN_POINT ( 'NONE',  ( 0.000000000000000000, 0.000000000000000000, 0.000000000000000000 ) ) ;
#1005 = PLANE ( 'NONE',  #857 ) ;
#1006 = DATE_AND_TIME ( #1617, #1436 ) ;
#1007 = ORIENTED_EDGE ( 'NONE', *, *, #1631, .T. ) ;
#1008 = AXIS2_PLACEMENT_3D ( 'NONE', #299, #394, #1334 ) ;
#1009 = CARTESIAN_POINT ( 'NONE',  ( 5.000000000000007994, 4.200000000000000178, 47.99999999999999289 ) ) ;
#1010 = ORIENTED_EDGE ( 'NONE', *, *, #1082, .F. ) ;
#1011 = VECTOR ( 'NONE', #82, 1000.000000000000000 ) ;
#1012 = FACE_OUTER_BOUND ( 'NONE', #1249, .T. ) ;
#1013 = CARTESIAN_POINT ( 'NONE',  ( 24.20000000000000995, 0.000000000000000000, 50.19999999999999574 ) ) ;
#1014 = FACE_OUTER_BOUND ( 'NONE', #893, .T. ) ;
#1015 = CARTESIAN_POINT ( 'NONE',  ( 2.000000000000005329, 4.200000000000000178, 18.00000000000000711 ) ) ;
#1016 = ORIENTED_EDGE ( 'NONE', *, *, #883, .F. ) ;
#1017 = DIRECTION ( 'NONE',  ( -1.182766006347823602E-16, 0.000000000000000000, -1.000000000000000000 ) ) ;
#1018 = PRODUCT ( 'gello_teleop_gripper_trigger_v2', 'gello_teleop_gripper_trigger_v2', '', ( #973 ) ) ;
#1019 = DIRECTION ( 'NONE',  ( 0.000000000000000000, -1.000000000000000000, 0.000000000000000000 ) ) ;
#1020 = DIRECTION ( 'NONE',  ( 0.000000000000000000, 1.000000000000000000, 0.000000000000000000 ) ) ;
#1021 = DIRECTION ( 'NONE',  ( 0.1397430906967690456, -2.168404344971009657E-15, -0.9901877946139887587 ) ) ;
#1022 = EDGE_CURVE ( 'NONE', #916, #905, #1156, .T. ) ;
#1023 = AXIS2_PLACEMENT_3D ( 'NONE', #1127, #1633, #481 ) ;
#1024 = CARTESIAN_POINT ( 'NONE',  ( -6.271807618526594237E-14, 5.000000000000000000, 7.049999999999999822 ) ) ;
#1025 = CARTESIAN_POINT ( 'NONE',  ( 2.094888803305880329E-14, 0.000000000000000000, -6.000000000000000888 ) ) ;
#1026 = ORIENTED_EDGE ( 'NONE', *, *, #580, .F. ) ;
#1027 = DIRECTION ( 'NONE',  ( 0.000000000000000000, 0.000000000000000000, -1.000000000000000000 ) ) ;
#1028 = EDGE_CURVE ( 'NONE', #1224, #279, #172, .T. ) ;
#1029 = CARTESIAN_POINT ( 'NONE',  ( 2.800000000000008704, 5.000000000000000000, 50.99999999999999289 ) ) ;
#1030 = AXIS2_PLACEMENT_3D ( 'NONE', #215, #855, #1508 ) ;
#1031 = CARTESIAN_POINT ( 'NONE',  ( 24.20000000000000995, 4.200000000000000178, 19.56763418741029881 ) ) ;
#1032 = CARTESIAN_POINT ( 'NONE',  ( -6.000000000000000888, 0.000000000000000000, 0.000000000000000000 ) ) ;
#1033 = AXIS2_PLACEMENT_3D ( 'NONE', #235, #514, #1271 ) ;
#1034 = ORIENTED_EDGE ( 'NONE', *, *, #213, .T. ) ;
#1035 = CARTESIAN_POINT ( 'NONE',  ( 22.80000000000000782, 5.000000000000000000, 48.79999999999999716 ) ) ;
#1036 = DIRECTION ( 'NONE',  ( 0.000000000000000000, 1.000000000000000000, 0.000000000000000000 ) ) ;
#1037 = ORIENTED_EDGE ( 'NONE', *, *, #1233, .T. ) ;
#1038 = DIRECTION ( 'NONE',  ( 1.334402673828313339E-16, -0.000000000000000000, 1.000000000000000000 ) ) ;
#1039 = CARTESIAN_POINT ( 'NONE',  ( -6.284666409917641302E-14, 5.000000000000000000, 4.950000000000000178 ) ) ;
#1040 = ORIENTED_EDGE ( 'NONE', *, *, #77, .T. ) ;
#1041 = AXIS2_PLACEMENT_3D ( 'NONE', #717, #328, #186 ) ;
#1042 = DIRECTION ( 'NONE',  ( -1.334402673828313339E-16, 0.000000000000000000, -1.000000000000000000 ) ) ;
#1043 = EDGE_CURVE ( 'NONE', #1448, #770, #63, .T. ) ;
#1044 = LINE ( 'NONE', #1557, #650 ) ;
#1045 = ORIENTED_EDGE ( 'NONE', *, *, #77, .F. ) ;
#1046 =( BOUNDED_CURVE ( )  B_SPLINE_CURVE ( 3, ( #635, #759, #1535, #248 ),
 .UNSPECIFIED., .F., .F. ) 
 B_SPLINE_CURVE_WITH_KNOTS ( ( 4, 4 ),
 ( 4.712388980384689674, 6.283185307179586232 ),
 .UNSPECIFIED. ) 
 CURVE ( )  GEOMETRIC_REPRESENTATION_ITEM ( )  RATIONAL_B_SPLINE_CURVE ( ( 1.000000000000000000, 0.8047378541243649375, 0.8047378541243649375, 1.000000000000000000 ) ) 
 REPRESENTATION_ITEM ( '' )  );
#1047 = ADVANCED_FACE ( 'NONE', ( #990 ), #688, .T. ) ;
#1048 = ORIENTED_EDGE ( 'NONE', *, *, #41, .F. ) ;
#1049 = AXIS2_PLACEMENT_3D ( 'NONE', #877, #1416, #1267 ) ;
#1050 = CARTESIAN_POINT ( 'NONE',  ( 5.000000000000007994, 5.000000000000000000, 47.99999999999999289 ) ) ;
#1051 = EDGE_LOOP ( 'NONE', ( #926, #1080, #1040 ) ) ;
#1052 = CYLINDRICAL_SURFACE ( 'NONE', #522, 1.049999999999999600 ) ;
#1053 = DIRECTION ( 'NONE',  ( 0.000000000000000000, 0.000000000000000000, 1.000000000000000000 ) ) ;
#1054 = AXIS2_PLACEMENT_3D ( 'NONE', #290, #306, #1066 ) ;
#1055 = DIRECTION ( 'NONE',  ( 0.000000000000000000, 0.000000000000000000, 1.000000000000000000 ) ) ;
#1056 = VECTOR ( 'NONE', #1524, 1000.000000000000000 ) ;
#1057 = B_SPLINE_CURVE_WITH_KNOTS ( 'NONE', 3,
 ( #433, #555, #707, #1467, #939, #1200, #1340, #284, #804, #24 ),
 .UNSPECIFIED., .F., .F.,
 ( 4, 2, 2, 2, 4 ),
 ( 0.000000000000000000, 0.0003189430149092393422, 0.0006378860298184789012, 0.0009568290447277183518, 0.001275772059636958019 ),
 .UNSPECIFIED. ) ;
#1058 = DIRECTION ( 'NONE',  ( 0.000000000000000000, 0.000000000000000000, 1.000000000000000000 ) ) ;
#1059 = EDGE_CURVE ( 'NONE', #66, #1221, #1534, .T. ) ;
#1060 = ADVANCED_FACE ( 'NONE', ( #351 ), #1397, .F. ) ;
#1061 = EDGE_LOOP ( 'NONE', ( #1503, #814, #1048, #1259 ) ) ;
#1062 = FACE_OUTER_BOUND ( 'NONE', #1151, .T. ) ;
#1063 = PLANE ( 'NONE',  #124 ) ;
#1064 = ORIENTED_EDGE ( 'NONE', *, *, #1335, .T. ) ;
#1065 = CYLINDRICAL_SURFACE ( 'NONE', #1213, 0.8000000000000020428 ) ;
#1066 = DIRECTION ( 'NONE',  ( 0.000000000000000000, 0.000000000000000000, 1.000000000000000000 ) ) ;
#1067 = AXIS2_PLACEMENT_3D ( 'NONE', #1675, #1276, #1405 ) ;
#1068 = VERTEX_POINT ( 'NONE', #1386 ) ;
#1069 = EDGE_CURVE ( 'NONE', #1444, #1448, #1666, .T. ) ;
#1070 = CC_DESIGN_PERSON_AND_ORGANIZATION_ASSIGNMENT ( #200, #1130, ( #695 ) ) ;
#1071 = EDGE_LOOP ( 'NONE', ( #781, #158, #375, #1131 ) ) ;
#1072 = DIRECTION ( 'NONE',  ( 0.000000000000000000, 1.000000000000000000, 0.000000000000000000 ) ) ;
#1073 = CARTESIAN_POINT ( 'NONE',  ( 22.80000000000000071, 0.000000000000000000, 21.19999999999999574 ) ) ;
#1074 = CYLINDRICAL_SURFACE ( 'NONE', #348, 0.7999999999999986011 ) ;
#1075 = AXIS2_PLACEMENT_3D ( 'NONE', #789, #690, #1196 ) ;
#1076 = ORIENTED_EDGE ( 'NONE', *, *, #1561, .F. ) ;
#1077 = DIRECTION ( 'NONE',  ( 1.000000000000000000, 0.000000000000000000, -1.182766006347823602E-16 ) ) ;
#1078 = CARTESIAN_POINT ( 'NONE',  ( 24.20000000000000995, 4.200000000000000178, 50.19999999999999574 ) ) ;
#1079 = CIRCLE ( 'NONE', #564, 18.96153846153848477 ) ;
#1080 = ORIENTED_EDGE ( 'NONE', *, *, #489, .F. ) ;
#1081 = LINE ( 'NONE', #1590, #1544 ) ;
#1082 = EDGE_CURVE ( 'NONE', #905, #916, #1445, .T. ) ;
#1083 = VECTOR ( 'NONE', #1672, 1000.000000000000000 ) ;
#1084 = ORIENTED_EDGE ( 'NONE', *, *, #53, .T. ) ;
#1085 = CARTESIAN_POINT ( 'NONE',  ( 4.200000000000003730, 4.200000000000000178, 21.99999999999999645 ) ) ;
#1086 = DIRECTION ( 'NONE',  ( 1.000000000000000000, 0.000000000000000000, -1.334402673828313339E-16 ) ) ;
#1087 = EDGE_CURVE ( 'NONE', #226, #791, #851, .T. ) ;
#1088 = CARTESIAN_POINT ( 'NONE',  ( 2.000000000000009770, 0.8000000000000003775, 50.19999999999998863 ) ) ;
#1089 = COORDINATED_UNIVERSAL_TIME_OFFSET ( 8, 0, .AHEAD. ) ;
#1090 = ORIENTED_EDGE ( 'NONE', *, *, #1541, .T. ) ;
#1091 = DIRECTION ( 'NONE',  ( 0.000000000000000000, 0.000000000000000000, 1.000000000000000000 ) ) ;
#1092 = DIRECTION ( 'NONE',  ( -1.182766006347823602E-16, 0.000000000000000000, -1.000000000000000000 ) ) ;
#1093 = CARTESIAN_POINT ( 'NONE',  ( 1.734723475976807094E-15, 0.8000000000000003775, 7.999999999999992895 ) ) ;
#1094 = EDGE_LOOP ( 'NONE', ( #1279, #1679, #1251, #487 ) ) ;
#1095 = DIRECTION ( 'NONE',  ( -1.000000000000000000, 0.000000000000000000, 0.000000000000000000 ) ) ;
#1096 = EDGE_LOOP ( 'NONE', ( #870, #1172, #1406, #1499 ) ) ;
#1097 = CARTESIAN_POINT ( 'NONE',  ( 2.800000000000009148, 4.200000000000000178, 50.19999999999998863 ) ) ;
#1098 = AXIS2_PLACEMENT_3D ( 'NONE', #1211, #1058, #552 ) ;
#1099 = ORIENTED_EDGE ( 'NONE', *, *, #1121, .T. ) ;
#1100 = DIRECTION ( 'NONE',  ( 0.000000000000000000, 1.000000000000000000, 0.000000000000000000 ) ) ;
#1101 = CARTESIAN_POINT ( 'NONE',  ( 24.20000000000001350, 5.000000000000000000, 19.56763418741029525 ) ) ;
#1102 = EDGE_CURVE ( 'NONE', #823, #138, #304, .T. ) ;
#1103 = DIRECTION ( 'NONE',  ( 1.000000000000000000, 0.000000000000000000, 0.000000000000000000 ) ) ;
#1104 =( NAMED_UNIT ( * ) PLANE_ANGLE_UNIT ( ) SI_UNIT ( $, .RADIAN. ) );
#1105 = EDGE_LOOP ( 'NONE', ( #156, #1303, #1391, #965 ) ) ;
#1106 = AXIS2_PLACEMENT_3D ( 'NONE', #1078, #164, #969 ) ;
#1107 = VECTOR ( 'NONE', #12, 1000.000000000000000 ) ;
#1108 = CARTESIAN_POINT ( 'NONE',  ( 0.000000000000000000, 4.200000000000000178, 7.200000000000000178 ) ) ;
#1109 = EDGE_CURVE ( 'NONE', #118, #452, #220, .T. ) ;
#1110 = EDGE_CURVE ( 'NONE', #633, #474, #123, .T. ) ;
#1111 = ORIENTED_EDGE ( 'NONE', *, *, #1087, .F. ) ;
#1112 = CARTESIAN_POINT ( 'NONE',  ( 2.800000000000009148, 0.000000000000000000, 50.19999999999998863 ) ) ;
#1113 = FACE_OUTER_BOUND ( 'NONE', #162, .T. ) ;
#1114 = AXIS2_PLACEMENT_3D ( 'NONE', #227, #1272, #112 ) ;
#1115 = DIRECTION ( 'NONE',  ( -0.000000000000000000, -1.000000000000000000, -0.000000000000000000 ) ) ;
#1116 = APPROVAL_DATE_TIME ( #191, #417 ) ;
#1117 = ADVANCED_BREP_SHAPE_REPRESENTATION ( 'gello_teleop_gripper_trigger_v2', ( #949, #947 ), #154 ) ;
#1118 = ORIENTED_EDGE ( 'NONE', *, *, #1588, .T. ) ;
#1119 = CARTESIAN_POINT ( 'NONE',  ( 4.200000000000001954, 5.000000000000000000, 10.33794469224652168 ) ) ;
#1120 = EDGE_LOOP ( 'NONE', ( #1010, #234 ) ) ;
#1121 = EDGE_CURVE ( 'NONE', #1338, #774, #473, .T. ) ;
#1122 = ORIENTED_EDGE ( 'NONE', *, *, #1461, .T. ) ;
#1123 = LINE ( 'NONE', #1640, #1415 ) ;
#1124 = CC_DESIGN_PERSON_AND_ORGANIZATION_ASSIGNMENT ( #354, #223, ( #695 ) ) ;
#1125 = ORIENTED_EDGE ( 'NONE', *, *, #538, .F. ) ;
#1126 = AXIS2_PLACEMENT_3D ( 'NONE', #1032, #106, #1256 ) ;
#1127 = CARTESIAN_POINT ( 'NONE',  ( -6.284666409917641302E-14, 5.000000000000000000, 6.000000000000000000 ) ) ;
#1128 = CARTESIAN_POINT ( 'NONE',  ( 22.80000000000000782, 5.000000000000000000, 48.79999999999999716 ) ) ;
#1129 = CARTESIAN_POINT ( 'NONE',  ( 5.000000000000004441, 0.8000000000000003775, 21.99999999999999645 ) ) ;
#1130 = PERSON_AND_ORGANIZATION_ROLE ( 'design_supplier' ) ;
#1131 = ORIENTED_EDGE ( 'NONE', *, *, #798, .F. ) ;
#1132 = ORIENTED_EDGE ( 'NONE', *, *, #681, .T. ) ;
#1133 = CARTESIAN_POINT ( 'NONE',  ( 2.800000000000009148, 0.8000000000000003775, 50.19999999999998863 ) ) ;
#1134 = CARTESIAN_POINT ( 'NONE',  ( -6.271807618526594237E-14, 5.000000000000000000, 7.049999999999999822 ) ) ;
#1135 = DIRECTION ( 'NONE',  ( 0.000000000000000000, 0.000000000000000000, 1.000000000000000000 ) ) ;
#1136 = CIRCLE ( 'NONE', #1676, 1.049999999999999600 ) ;
#1137 = LINE ( 'NONE', #1645, #1422 ) ;
#1138 = DIRECTION ( 'NONE',  ( 1.334402673828313339E-16, -0.000000000000000000, 1.000000000000000000 ) ) ;
#1139 = EDGE_LOOP ( 'NONE', ( #598, #453, #291, #1208 ) ) ;
#1140 = APPROVAL_PERSON_ORGANIZATION ( #485, #417, #451 ) ;
#1141 = CARTESIAN_POINT ( 'NONE',  ( 2.000000000000009326, 5.000000000000000000, 50.19999999999998153 ) ) ;
#1142 = EDGE_CURVE ( 'NONE', #1420, #594, #1336, .T. ) ;
#1143 = AXIS2_PLACEMENT_3D ( 'NONE', #302, #1072, #1331 ) ;
#1144 = DIRECTION ( 'NONE',  ( -1.000000000000000000, 0.000000000000000000, -1.079472956652738047E-16 ) ) ;
#1145 = FACE_OUTER_BOUND ( 'NONE', #758, .T. ) ;
#1146 = ORIENTED_EDGE ( 'NONE', *, *, #21, .F. ) ;
#1147 = DIRECTION ( 'NONE',  ( -0.9901877946139886477, 0.000000000000000000, -0.1397430906967695174 ) ) ;
#1148 = DIRECTION ( 'NONE',  ( 0.000000000000000000, 0.000000000000000000, 1.000000000000000000 ) ) ;
#1149 = ADVANCED_FACE ( 'NONE', ( #1014 ), #751, .T. ) ;
#1150 = CARTESIAN_POINT ( 'NONE',  ( 2.800000000000005151, 0.8000000000000003775, 18.00000000000000711 ) ) ;
#1151 = EDGE_LOOP ( 'NONE', ( #795, #113, #652, #1178 ) ) ;
#1152 = CARTESIAN_POINT ( 'NONE',  ( 22.00000000000000711, 4.200000000000000178, 21.99999999999999645 ) ) ;
#1153 =( BOUNDED_CURVE ( )  B_SPLINE_CURVE ( 3, ( #1128, #1157, #753, #730 ),
 .UNSPECIFIED., .F., .F. ) 
 B_SPLINE_CURVE_WITH_KNOTS ( ( 4, 4 ),
 ( 1.570796326794896558, 3.141592653589793116 ),
 .UNSPECIFIED. ) 
 CURVE ( )  GEOMETRIC_REPRESENTATION_ITEM ( )  RATIONAL_B_SPLINE_CURVE ( ( 1.000000000000000000, 0.8047378541243649375, 0.8047378541243649375, 1.000000000000000000 ) ) 
 REPRESENTATION_ITEM ( '' )  );
#1154 = CARTESIAN_POINT ( 'NONE',  ( 6.000000000000000888, 0.000000000000000000, 4.189777606611760657E-14 ) ) ;
#1155 = DIRECTION ( 'NONE',  ( 0.000000000000000000, 0.000000000000000000, 1.000000000000000000 ) ) ;
#1156 = CIRCLE ( 'NONE', #1265, 1.049999999999999822 ) ;
#1157 = CARTESIAN_POINT ( 'NONE',  ( 22.33137084989848375, 5.000000000000000000, 48.33137084989846244 ) ) ;
#1158 = EDGE_LOOP ( 'NONE', ( #1125, #400, #1314 ) ) ;
#1159 = CARTESIAN_POINT ( 'NONE',  ( 0.000000000000000000, 5.000000000000000000, 0.000000000000000000 ) ) ;
#1160 = CARTESIAN_POINT ( 'NONE',  ( 6.000000000000000888, 5.000000000000000000, -1.049999999999957190 ) ) ;
#1161 = ORIENTED_EDGE ( 'NONE', *, *, #1001, .T. ) ;
#1162 = ORIENTED_EDGE ( 'NONE', *, *, #1313, .T. ) ;
#1163 = DIRECTION ( 'NONE',  ( -1.182766006347823602E-16, 0.000000000000000000, -1.000000000000000000 ) ) ;
#1164 = VECTOR ( 'NONE', #972, 1000.000000000000000 ) ;
#1165 = CARTESIAN_POINT ( 'NONE',  ( 0.000000000000000000, 0.8000000000000003775, 0.000000000000000000 ) ) ;
#1166 = AXIS2_PLACEMENT_3D ( 'NONE', #1050, #1027, #918 ) ;
#1167 = VERTEX_POINT ( 'NONE', #1526 ) ;
#1168 = DIRECTION ( 'NONE',  ( 0.000000000000000000, 0.000000000000000000, 1.000000000000000000 ) ) ;
#1169 = VECTOR ( 'NONE', #1470, 1000.000000000000000 ) ;
#1170 = ADVANCED_FACE ( 'NONE', ( #1291 ), #1412, .T. ) ;
#1171 = DIRECTION ( 'NONE',  ( -0.000000000000000000, -1.000000000000000000, -0.000000000000000000 ) ) ;
#1172 = ORIENTED_EDGE ( 'NONE', *, *, #131, .T. ) ;
#1173 = CIRCLE ( 'NONE', #1143, 0.8000000000000020428 ) ;
#1174 = DIRECTION ( 'NONE',  ( 0.000000000000000000, 0.000000000000000000, -1.000000000000000000 ) ) ;
#1175 = ORIENTED_EDGE ( 'NONE', *, *, #935, .F. ) ;
#1176 = VECTOR ( 'NONE', #1330, 1000.000000000000000 ) ;
#1177 = LINE ( 'NONE', #880, #287 ) ;
#1178 = ORIENTED_EDGE ( 'NONE', *, *, #1001, .F. ) ;
#1179 = DIRECTION ( 'NONE',  ( 0.000000000000000000, 0.000000000000000000, 1.000000000000000000 ) ) ;
#1180 = CARTESIAN_POINT ( 'NONE',  ( 7.200000000000000178, 0.8000000000000000444, 7.880819430949602988E-16 ) ) ;
#1181 = ORIENTED_EDGE ( 'NONE', *, *, #1631, .F. ) ;
#1182 = CYLINDRICAL_SURFACE ( 'NONE', #1075, 0.8000000000000020428 ) ;
#1183 = EDGE_LOOP ( 'NONE', ( #720, #1426, #921, #548 ) ) ;
#1184 = CIRCLE ( 'NONE', #583, 0.8000000000000020428 ) ;
#1185 = SPHERICAL_SURFACE ( 'NONE', #1472, 0.8000000000000000444 ) ;
#1186 = DIRECTION ( 'NONE',  ( 1.000000000000000000, 0.000000000000000000, -3.727790292950215759E-16 ) ) ;
#1187 = EDGE_CURVE ( 'NONE', #398, #452, #1046, .T. ) ;
#1188 = ADVANCED_FACE ( 'NONE', ( #1655 ), #1560, .T. ) ;
#1189 = AXIS2_PLACEMENT_3D ( 'NONE', #74, #1488, #1095 ) ;
#1190 = FACE_OUTER_BOUND ( 'NONE', #1262, .T. ) ;
#1191 = VERTEX_POINT ( 'NONE', #510 ) ;
#1192 = EDGE_CURVE ( 'NONE', #594, #750, #709, .T. ) ;
#1193 = CARTESIAN_POINT ( 'NONE',  ( 2.800000000000009148, 4.200000000000000178, 50.19999999999999574 ) ) ;
#1194 = CARTESIAN_POINT ( 'NONE',  ( 14.31027653876740580, 0.8000000000000000444, 48.79999999999999716 ) ) ;
#1195 = EDGE_CURVE ( 'NONE', #138, #974, #610, .T. ) ;
#1196 = DIRECTION ( 'NONE',  ( 0.000000000000000000, 0.000000000000000000, 1.000000000000000000 ) ) ;
#1197 = DIRECTION ( 'NONE',  ( -1.000000000000000000, 0.000000000000000000, 0.000000000000000000 ) ) ;
#1198 = CIRCLE ( 'NONE', #679, 0.8000000000000020428 ) ;
#1199 = CARTESIAN_POINT ( 'NONE',  ( 22.00000000000000711, 4.200000000000000178, 21.99999999999999645 ) ) ;
#1200 = CARTESIAN_POINT ( 'NONE',  ( 2.314397964283230191, 0.1557543881674672559, 17.90964615122076609 ) ) ;
#1201 = EDGE_LOOP ( 'NONE', ( #1290, #418, #356 ) ) ;
#1202 = DIRECTION ( 'NONE',  ( 0.000000000000000000, 0.000000000000000000, -1.000000000000000000 ) ) ;
#1203 = DIRECTION ( 'NONE',  ( 0.000000000000000000, 1.000000000000000000, 0.000000000000000000 ) ) ;
#1204 = VECTOR ( 'NONE', #589, 1000.000000000000000 ) ;
#1205 = ORIENTED_EDGE ( 'NONE', *, *, #454, .T. ) ;
#1206 = DIRECTION ( 'NONE',  ( -0.000000000000000000, -1.000000000000000000, -0.000000000000000000 ) ) ;
#1207 = DIRECTION ( 'NONE',  ( 0.000000000000000000, 0.000000000000000000, 1.000000000000000000 ) ) ;
#1208 = ORIENTED_EDGE ( 'NONE', *, *, #819, .T. ) ;
#1209 = AXIS2_PLACEMENT_3D ( 'NONE', #185, #1381, #1491 ) ;
#1210 = ADVANCED_FACE ( 'NONE', ( #906 ), #1255, .F. ) ;
#1211 = CARTESIAN_POINT ( 'NONE',  ( 5.000000000000004441, 5.000000000000000000, 21.99999999999999645 ) ) ;
#1212 = CARTESIAN_POINT ( 'NONE',  ( 4.200000000000007283, 5.000000000000000000, 48.79999999999999716 ) ) ;
#1213 = AXIS2_PLACEMENT_3D ( 'NONE', #931, #1308, #1202 ) ;
#1214 = AXIS2_PLACEMENT_3D ( 'NONE', #1159, #1547, #264 ) ;
#1215 = EDGE_CURVE ( 'NONE', #1270, #750, #1000, .T. ) ;
#1216 = CARTESIAN_POINT ( 'NONE',  ( 24.20000000000000995, 4.200000000000000178, 50.19999999999999574 ) ) ;
#1217 = CYLINDRICAL_SURFACE ( 'NONE', #1601, 8.000000000000000000 ) ;
#1218 = ORIENTED_EDGE ( 'NONE', *, *, #1606, .F. ) ;
#1219 = CARTESIAN_POINT ( 'NONE',  ( 24.20000000000000995, 0.8000000000000003775, 50.19999999999999574 ) ) ;
#1220 = DIRECTION ( 'NONE',  ( 0.000000000000000000, 0.000000000000000000, 1.000000000000000000 ) ) ;
#1221 = VERTEX_POINT ( 'NONE', #1315 ) ;
#1222 = DIRECTION ( 'NONE',  ( -1.000000000000000000, 0.000000000000000000, -3.016910393003142859E-16 ) ) ;
#1223 = SPHERICAL_SURFACE ( 'NONE', #1106, 0.8000000000000000444 ) ;
#1224 = VERTEX_POINT ( 'NONE', #1199 ) ;
#1225 = CARTESIAN_POINT ( 'NONE',  ( 6.000000000000000888, 5.000000000000000000, 1.050000000000040901 ) ) ;
#1226 = ORIENTED_EDGE ( 'NONE', *, *, #1366, .T. ) ;
#1227 = EDGE_CURVE ( 'NONE', #431, #498, #989, .T. ) ;
#1228 = CARTESIAN_POINT ( 'NONE',  ( 22.80000000000000071, 0.000000000000000000, 21.19999999999999574 ) ) ;
#1229 = CIRCLE ( 'NONE', #909, 18.96153846153848477 ) ;
#1230 = DIRECTION ( 'NONE',  ( 1.000000000000000000, 0.000000000000000000, 0.000000000000000000 ) ) ;
#1231 = DIRECTION ( 'NONE',  ( -1.334402673828313339E-16, 0.000000000000000000, -1.000000000000000000 ) ) ;
#1232 = DIRECTION ( 'NONE',  ( -0.000000000000000000, -1.000000000000000000, -0.000000000000000000 ) ) ;
#1233 = EDGE_CURVE ( 'NONE', #974, #1300, #1229, .T. ) ;
#1234 = ADVANCED_FACE ( 'NONE', ( #408 ), #1185, .T. ) ;
#1235 = VECTOR ( 'NONE', #1371, 1000.000000000000000 ) ;
#1236 = CARTESIAN_POINT ( 'NONE',  ( 26.96153846153848122, 5.000000000000000000, -6.578605181973591048E-15 ) ) ;
#1237 = PERSON_AND_ORGANIZATION ( #444, #1302 ) ;
#1238 = ORIENTED_EDGE ( 'NONE', *, *, #454, .F. ) ;
#1239 = CARTESIAN_POINT ( 'NONE',  ( 2.800000000000009148, 4.200000000000000178, 50.19999999999998863 ) ) ;
#1240 = AXIS2_PLACEMENT_3D ( 'NONE', #924, #821, #168 ) ;
#1241 = ORIENTED_EDGE ( 'NONE', *, *, #936, .F. ) ;
#1242 = ORIENTED_EDGE ( 'NONE', *, *, #1509, .F. ) ;
#1243 = LINE ( 'NONE', #70, #1620 ) ;
#1244 = LINE ( 'NONE', #866, #1011 ) ;
#1245 = VECTOR ( 'NONE', #393, 1000.000000000000000 ) ;
#1246 = LINE ( 'NONE', #322, #1404 ) ;
#1247 = COORDINATED_UNIVERSAL_TIME_OFFSET ( 8, 0, .AHEAD. ) ;
#1248 = EDGE_CURVE ( 'NONE', #1598, #1068, #1570, .T. ) ;
#1249 = EDGE_LOOP ( 'NONE', ( #316, #90, #948, #993 ) ) ;
#1250 = DIRECTION ( 'NONE',  ( 0.000000000000000000, 0.000000000000000000, 1.000000000000000000 ) ) ;
#1251 = ORIENTED_EDGE ( 'NONE', *, *, #1357, .T. ) ;
#1252 = DIRECTION ( 'NONE',  ( 0.000000000000000000, 0.000000000000000000, -1.000000000000000000 ) ) ;
#1253 = FACE_BOUND ( 'NONE', #645, .T. ) ;
#1254 = EDGE_CURVE ( 'NONE', #984, #25, #1310, .T. ) ;
#1255 = CYLINDRICAL_SURFACE ( 'NONE', #1023, 1.049999999999999822 ) ;
#1256 = DIRECTION ( 'NONE',  ( 0.000000000000000000, 0.000000000000000000, 1.000000000000000000 ) ) ;
#1257 = DIRECTION ( 'NONE',  ( 5.421010862427508365E-16, 0.000000000000000000, -1.000000000000000000 ) ) ;
#1258 = DATE_TIME_ROLE ( 'creation_date' ) ;
#1259 = ORIENTED_EDGE ( 'NONE', *, *, #1379, .F. ) ;
#1260 = CARTESIAN_POINT ( 'NONE',  ( 24.20000000000001350, 4.200000000000000178, 19.56763418741029881 ) ) ;
#1261 = ADVANCED_FACE ( 'NONE', ( #803 ), #143, .F. ) ;
#1262 = EDGE_LOOP ( 'NONE', ( #550, #326, #1648, #1218 ) ) ;
#1263 = CARTESIAN_POINT ( 'NONE',  ( 2.800000000000009148, 5.000000000000000000, 50.19999999999998863 ) ) ;
#1264 = FACE_BOUND ( 'NONE', #623, .T. ) ;
#1265 = AXIS2_PLACEMENT_3D ( 'NONE', #390, #907, #210 ) ;
#1266 = CARTESIAN_POINT ( 'NONE',  ( 5.000000000000004441, 0.8000000000000000444, 21.99999999999999645 ) ) ;
#1267 = DIRECTION ( 'NONE',  ( 0.000000000000000000, 0.000000000000000000, -1.000000000000000000 ) ) ;
#1268 = DIRECTION ( 'NONE',  ( 0.000000000000000000, 0.000000000000000000, 1.000000000000000000 ) ) ;
#1269 = VECTOR ( 'NONE', #1138, 1000.000000000000000 ) ;
#1270 = VERTEX_POINT ( 'NONE', #651 ) ;
#1271 = DIRECTION ( 'NONE',  ( 0.000000000000000000, 0.000000000000000000, 1.000000000000000000 ) ) ;
#1272 = DIRECTION ( 'NONE',  ( -0.000000000000000000, -1.000000000000000000, -0.000000000000000000 ) ) ;
#1273 = DIRECTION ( 'NONE',  ( 0.000000000000000000, 1.000000000000000000, 0.000000000000000000 ) ) ;
#1274 = AXIS2_PLACEMENT_3D ( 'NONE', #537, #145, #1053 ) ;
#1275 = ADVANCED_FACE ( 'NONE', ( #665 ), #842, .T. ) ;
#1276 = DIRECTION ( 'NONE',  ( -1.079472956652738047E-16, 0.000000000000000000, 1.000000000000000000 ) ) ;
#1277 = DIRECTION ( 'NONE',  ( 0.000000000000000000, 1.000000000000000000, 0.000000000000000000 ) ) ;
#1278 = CARTESIAN_POINT ( 'NONE',  ( 0.000000000000000000, 0.8000000000000003775, 0.000000000000000000 ) ) ;
#1279 = ORIENTED_EDGE ( 'NONE', *, *, #1661, .F. ) ;
#1280 = AXIS2_PLACEMENT_3D ( 'NONE', #206, #873, #1220 ) ;
#1281 = DIRECTION ( 'NONE',  ( 0.000000000000000000, 0.000000000000000000, 1.000000000000000000 ) ) ;
#1282 = VECTOR ( 'NONE', #1432, 1000.000000000000000 ) ;
#1283 = DIRECTION ( 'NONE',  ( -0.000000000000000000, -1.000000000000000000, -0.000000000000000000 ) ) ;
#1284 = CARTESIAN_POINT ( 'NONE',  ( 26.96153846153848122, 0.8000000000000003775, -6.578605181973591048E-15 ) ) ;
#1285 = AXIS2_PLACEMENT_3D ( 'NONE', #1613, #958, #1474 ) ;
#1286 = CARTESIAN_POINT ( 'NONE',  ( 5.000000000000007994, 0.8000000000000000444, 47.99999999999999289 ) ) ;
#1287 = ORIENTED_EDGE ( 'NONE', *, *, #303, .T. ) ;
#1288 = FACE_OUTER_BOUND ( 'NONE', #701, .T. ) ;
#1289 = DIRECTION ( 'NONE',  ( 5.421010862427508365E-16, 0.000000000000000000, -1.000000000000000000 ) ) ;
#1290 = ORIENTED_EDGE ( 'NONE', *, *, #736, .F. ) ;
#1291 = FACE_OUTER_BOUND ( 'NONE', #554, .T. ) ;
#1292 = LINE ( 'NONE', #1039, #933 ) ;
#1293 = EDGE_LOOP ( 'NONE', ( #1507, #1146, #468, #15 ) ) ;
#1294 = ADVANCED_FACE ( 'NONE', ( #1062 ), #914, .F. ) ;
#1295 = CARTESIAN_POINT ( 'NONE',  ( 22.00000000000000711, 4.200000000000000178, 21.99999999999999645 ) ) ;
#1296 = CARTESIAN_POINT ( 'NONE',  ( 0.7813301967034896878, 4.988358216859499983, 7.320236401964728579 ) ) ;
#1297 = ORIENTED_EDGE ( 'NONE', *, *, #21, .T. ) ;
#1298 = DIRECTION ( 'NONE',  ( -0.000000000000000000, -1.000000000000000000, -0.000000000000000000 ) ) ;
#1299 = CIRCLE ( 'NONE', #1642, 14.50000000000001776 ) ;
#1300 = VERTEX_POINT ( 'NONE', #1684 ) ;
#1301 = CARTESIAN_POINT ( 'NONE',  ( 22.80000000000000426, 5.000000000000000000, 21.19999999999999574 ) ) ;
#1302 = ORGANIZATION ( '未', '未', '' ) ;
#1303 = ORIENTED_EDGE ( 'NONE', *, *, #1248, .F. ) ;
#1304 = CIRCLE ( 'NONE', #1521, 8.000000000000000000 ) ;
#1305 = DIRECTION ( 'NONE',  ( -1.000000000000000000, 0.000000000000000000, 0.000000000000000000 ) ) ;
#1306 = ORIENTED_EDGE ( 'NONE', *, *, #389, .F. ) ;
#1307 = AXIS2_PLACEMENT_3D ( 'NONE', #217, #727, #757 ) ;
#1308 = DIRECTION ( 'NONE',  ( 1.000000000000000000, -0.000000000000000000, 0.000000000000000000 ) ) ;
#1309 = EDGE_CURVE ( 'NONE', #1191, #984, #419, .T. ) ;
#1310 = LINE ( 'NONE', #539, #813 ) ;
#1311 = CYLINDRICAL_SURFACE ( 'NONE', #1400, 0.7999999999999986011 ) ;
#1312 = PLANE ( 'NONE',  #1098 ) ;
#1313 = EDGE_CURVE ( 'NONE', #984, #767, #366, .T. ) ;
#1314 = ORIENTED_EDGE ( 'NONE', *, *, #729, .T. ) ;
#1315 = CARTESIAN_POINT ( 'NONE',  ( -6.271807618526594237E-14, 0.000000000000000000, 7.049999999999999822 ) ) ;
#1316 = DIRECTION ( 'NONE',  ( -0.000000000000000000, -1.000000000000000000, -0.000000000000000000 ) ) ;
#1317 = ADVANCED_FACE ( 'NONE', ( #432 ), #1466, .F. ) ;
#1318 = EDGE_LOOP ( 'NONE', ( #1370, #713, #682, #509 ) ) ;
#1319 = CIRCLE ( 'NONE', #1274, 0.8000000000000003775 ) ;
#1320 = DIRECTION ( 'NONE',  ( 0.000000000000000000, 0.000000000000000000, -1.000000000000000000 ) ) ;
#1321 = DIRECTION ( 'NONE',  ( 1.000000000000000000, -0.000000000000000000, 0.000000000000000000 ) ) ;
#1322 = CIRCLE ( 'NONE', #563, 0.7999999999999997113 ) ;
#1323 = EDGE_LOOP ( 'NONE', ( #1429, #1361, #1595, #480 ) ) ;
#1324 = CARTESIAN_POINT ( 'NONE',  ( 2.800000000000008704, 0.8000000000000003775, 50.99999999999999289 ) ) ;
#1325 = AXIS2_PLACEMENT_3D ( 'NONE', #409, #1316, #401 ) ;
#1326 = ORIENTED_EDGE ( 'NONE', *, *, #146, .F. ) ;
#1327 = CARTESIAN_POINT ( 'NONE',  ( 24.20000000000001350, 5.000000000000000000, 18.85980667165780034 ) ) ;
#1328 = AXIS2_PLACEMENT_3D ( 'NONE', #91, #1144, #1523 ) ;
#1329 = ORIENTED_EDGE ( 'NONE', *, *, #1442, .F. ) ;
#1330 = DIRECTION ( 'NONE',  ( -1.000000000000000000, 0.000000000000000000, -0.000000000000000000 ) ) ;
#1331 = DIRECTION ( 'NONE',  ( 0.000000000000000000, 0.000000000000000000, 1.000000000000000000 ) ) ;
#1332 = ADVANCED_FACE ( 'NONE', ( #458 ), #562, .T. ) ;
#1333 = CARTESIAN_POINT ( 'NONE',  ( 0.000000000000000000, 0.8000000000000003775, 0.000000000000000000 ) ) ;
#1334 = DIRECTION ( 'NONE',  ( 0.000000000000000000, 0.000000000000000000, 1.000000000000000000 ) ) ;
#1335 = EDGE_CURVE ( 'NONE', #1614, #763, #764, .T. ) ;
#1336 = CIRCLE ( 'NONE', #254, 0.7999999999999999334 ) ;
#1337 = EDGE_LOOP ( 'NONE', ( #204, #426 ) ) ;
#1338 = VERTEX_POINT ( 'NONE', #317 ) ;
#1339 = CARTESIAN_POINT ( 'NONE',  ( 2.403441590402559225, 4.902354128562532054, 17.88387135391101523 ) ) ;
#1340 = CARTESIAN_POINT ( 'NONE',  ( 2.403441590402561445, 0.09764587143746783493, 17.88387135391101523 ) ) ;
#1341 = VERTEX_POINT ( 'NONE', #61 ) ;
#1342 = APPLICATION_CONTEXT ( 'configuration controlled 3d designs of mechanical parts and assemblies' ) ;
#1343 = DIRECTION ( 'NONE',  ( 0.000000000000000000, 0.000000000000000000, -1.000000000000000000 ) ) ;
#1344 = CARTESIAN_POINT ( 'NONE',  ( 26.96153846153848122, 4.200000000000000178, -6.578605181973591048E-15 ) ) ;
#1345 = CIRCLE ( 'NONE', #427, 1.049999999999999600 ) ;
#1346 = FACE_OUTER_BOUND ( 'NONE', #392, .T. ) ;
#1347 = DIRECTION ( 'NONE',  ( -1.079472956652738047E-16, -0.000000000000000000, 1.000000000000000000 ) ) ;
#1348 = AXIS2_PLACEMENT_3D ( 'NONE', #649, #1036, #1456 ) ;
#1349 = AXIS2_PLACEMENT_3D ( 'NONE', #890, #267, #1399 ) ;
#1350 = CARTESIAN_POINT ( 'NONE',  ( 22.00000000000001066, 5.000000000000000000, 47.99999999999999289 ) ) ;
#1351 = APPROVAL_STATUS ( 'not_yet_approved' ) ;
#1352 = ORIENTED_EDGE ( 'NONE', *, *, #1109, .F. ) ;
#1353 = ORIENTED_EDGE ( 'NONE', *, *, #711, .T. ) ;
#1354 = ORIENTED_EDGE ( 'NONE', *, *, #1087, .T. ) ;
#1355 = CYLINDRICAL_SURFACE ( 'NONE', #1041, 0.7999999999999986011 ) ;
#1356 = CARTESIAN_POINT ( 'NONE',  ( 0.2794840296685638936, 0.2252125292284492819, 7.760777044657086954 ) ) ;
#1357 = EDGE_CURVE ( 'NONE', #1375, #664, #815, .T. ) ;
#1358 = ADVANCED_FACE ( 'NONE', ( #39 ), #575, .T. ) ;
#1359 = AXIS2_PLACEMENT_3D ( 'NONE', #749, #1273, #628 ) ;
#1360 = DIRECTION ( 'NONE',  ( 1.000000000000000000, -0.000000000000000000, 3.016910393003142859E-16 ) ) ;
#1361 = ORIENTED_EDGE ( 'NONE', *, *, #883, .T. ) ;
#1362 = CYLINDRICAL_SURFACE ( 'NONE', #796, 8.000000000000000000 ) ;
#1363 = AXIS2_PLACEMENT_3D ( 'NONE', #1477, #52, #578 ) ;
#1364 = CARTESIAN_POINT ( 'NONE',  ( 2.314397964283228415, 4.844245611832530329, 17.90964615122076964 ) ) ;
#1365 = CARTESIAN_POINT ( 'NONE',  ( 14.31027653876740580, 5.000000000000000000, 10.33794469224651991 ) ) ;
#1366 = EDGE_CURVE ( 'NONE', #295, #823, #1685, .T. ) ;
#1367 = AXIS2_PLACEMENT_3D ( 'NONE', #420, #1347, #32 ) ;
#1368 = FACE_OUTER_BOUND ( 'NONE', #1592, .T. ) ;
#1369 = COORDINATED_UNIVERSAL_TIME_OFFSET ( 8, 0, .AHEAD. ) ;
#1370 = ORIENTED_EDGE ( 'NONE', *, *, #333, .T. ) ;
#1371 = DIRECTION ( 'NONE',  ( -1.334402673828313339E-16, 0.000000000000000000, -1.000000000000000000 ) ) ;
#1372 = CIRCLE ( 'NONE', #285, 0.7999999999999986011 ) ;
#1373 = DIRECTION ( 'NONE',  ( 0.000000000000000000, 0.000000000000000000, -1.000000000000000000 ) ) ;
#1374 = CIRCLE ( 'NONE', #888, 8.000000000000000000 ) ;
#1375 = VERTEX_POINT ( 'NONE', #706 ) ;
#1376 = CIRCLE ( 'NONE', #1280, 19.76153846153848193 ) ;
#1377 = DIRECTION ( 'NONE',  ( 0.000000000000000000, -1.000000000000000000, 0.000000000000000000 ) ) ;
#1378 = SECURITY_CLASSIFICATION_LEVEL ( 'unclassified' ) ;
#1379 = EDGE_CURVE ( 'NONE', #1510, #703, #831, .T. ) ;
#1380 = EDGE_LOOP ( 'NONE', ( #643, #1026, #243 ) ) ;
#1381 = DIRECTION ( 'NONE',  ( 0.000000000000000000, 1.000000000000000000, 0.000000000000000000 ) ) ;
#1382 = ORIENTED_EDGE ( 'NONE', *, *, #1487, .F. ) ;
#1383 = CARTESIAN_POINT ( 'NONE',  ( 5.000000000000007994, 4.668629150101523351, 47.99999999999997868 ) ) ;
#1384 = DIRECTION ( 'NONE',  ( 0.000000000000000000, -0.000000000000000000, 1.000000000000000000 ) ) ;
#1385 = VECTOR ( 'NONE', #693, 1000.000000000000000 ) ;
#1386 = CARTESIAN_POINT ( 'NONE',  ( 9.307315673519885459E-16, 0.000000000000000000, -7.200000000000000178 ) ) ;
#1387 = ADVANCED_FACE ( 'NONE', ( #599 ), #849, .T. ) ;
#1388 = FACE_OUTER_BOUND ( 'NONE', #573, .T. ) ;
#1389 = LINE ( 'NONE', #136, #372 ) ;
#1390 = APPROVAL_ROLE ( '' ) ;
#1391 = ORIENTED_EDGE ( 'NONE', *, *, #307, .T. ) ;
#1392 = DIRECTION ( 'NONE',  ( -0.000000000000000000, -1.000000000000000000, -0.000000000000000000 ) ) ;
#1393 = ADVANCED_FACE ( 'NONE', ( #1346 ), #197, .T. ) ;
#1394 = ORIENTED_EDGE ( 'NONE', *, *, #1215, .T. ) ;
#1395 = FACE_OUTER_BOUND ( 'NONE', #1061, .T. ) ;
#1396 = FACE_BOUND ( 'NONE', #1652, .T. ) ;
#1397 = CYLINDRICAL_SURFACE ( 'NONE', #1665, 1.049999999999999822 ) ;
#1398 = DIRECTION ( 'NONE',  ( -0.000000000000000000, -1.000000000000000000, -0.000000000000000000 ) ) ;
#1399 = DIRECTION ( 'NONE',  ( 0.000000000000000000, 0.000000000000000000, 1.000000000000000000 ) ) ;
#1400 = AXIS2_PLACEMENT_3D ( 'NONE', #535, #780, #1305 ) ;
#1401 = ORIENTED_EDGE ( 'NONE', *, *, #160, .T. ) ;
#1402 = CARTESIAN_POINT ( 'NONE',  ( 14.31027653876740580, 5.000000000000000000, 21.19999999999999574 ) ) ;
#1403 = LINE ( 'NONE', #627, #1525 ) ;
#1404 = VECTOR ( 'NONE', #1635, 1000.000000000000000 ) ;
#1405 = DIRECTION ( 'NONE',  ( 1.000000000000000000, 0.000000000000000000, 0.000000000000000000 ) ) ;
#1406 = ORIENTED_EDGE ( 'NONE', *, *, #1110, .T. ) ;
#1407 = LOCAL_TIME ( 14, 48, 48.00000000000000000, #1369 ) ;
#1408 = CARTESIAN_POINT ( 'NONE',  ( 5.000000000000007994, 0.8000000000000003775, 47.99999999999999289 ) ) ;
#1409 = PLANE ( 'NONE',  #1328 ) ;
#1410 = EDGE_LOOP ( 'NONE', ( #219, #557, #1632 ) ) ;
#1411 = ORIENTED_EDGE ( 'NONE', *, *, #662, .F. ) ;
#1412 = CYLINDRICAL_SURFACE ( 'NONE', #613, 0.7999999999999986011 ) ;
#1413 = ADVANCED_FACE ( 'NONE', ( #686 ), #1355, .T. ) ;
#1414 = EDGE_CURVE ( 'NONE', #774, #1607, #1243, .T. ) ;
#1415 = VECTOR ( 'NONE', #884, 1000.000000000000000 ) ;
#1416 = DIRECTION ( 'NONE',  ( -0.000000000000000000, -1.000000000000000000, -0.000000000000000000 ) ) ;
#1417 = ORIENTED_EDGE ( 'NONE', *, *, #104, .F. ) ;
#1418 = LINE ( 'NONE', #894, #1002 ) ;
#1419 = CYLINDRICAL_SURFACE ( 'NONE', #1584, 1.049999999999999822 ) ;
#1420 = VERTEX_POINT ( 'NONE', #1112 ) ;
#1421 = CARTESIAN_POINT ( 'NONE',  ( 2.800000000000009148, 0.8000000000000003775, 50.19999999999998153 ) ) ;
#1422 = VECTOR ( 'NONE', #1398, 1000.000000000000000 ) ;
#1423 = B_SPLINE_CURVE_WITH_KNOTS ( 'NONE', 3,
 ( #773, #43, #941, #281, #19, #904, #429, #1296, #1463, #1583 ),
 .UNSPECIFIED., .F., .F.,
 ( 4, 2, 2, 2, 4 ),
 ( 0.000000000000000000, 0.0004225183661736916108, 0.0008450367323473832216, 0.001267555098521074832, 0.001690073464694766443 ),
 .UNSPECIFIED. ) ;
#1424 = EDGE_CURVE ( 'NONE', #150, #1682, #1621, .T. ) ;
#1425 = CC_DESIGN_PERSON_AND_ORGANIZATION_ASSIGNMENT ( #1489, #612, ( #1608 ) ) ;
#1426 = ORIENTED_EDGE ( 'NONE', *, *, #736, .T. ) ;
#1427 = LINE ( 'NONE', #1152, #673 ) ;
#1428 = CIRCLE ( 'NONE', #802, 0.7999999999999986011 ) ;
#1429 = ORIENTED_EDGE ( 'NONE', *, *, #1476, .F. ) ;
#1430 = ADVANCED_FACE ( 'NONE', ( #31 ), #1586, .T. ) ;
#1431 = CARTESIAN_POINT ( 'NONE',  ( 2.000000000000005329, 4.307870300942553854, 18.00000000000000711 ) ) ;
#1432 = DIRECTION ( 'NONE',  ( -0.000000000000000000, -1.000000000000000000, -0.000000000000000000 ) ) ;
#1433 = AXIS2_PLACEMENT_3D ( 'NONE', #259, #2, #1563 ) ;
#1434 = CARTESIAN_POINT ( 'NONE',  ( 7.200000000000000178, 4.200000000000000178, 4.408728476930484463E-16 ) ) ;
#1435 = ADVANCED_FACE ( 'NONE', ( #1395 ), #748, .F. ) ;
#1436 = LOCAL_TIME ( 14, 48, 48.00000000000000000, #1089 ) ;
#1437 = ORIENTED_EDGE ( 'NONE', *, *, #152, .T. ) ;
#1438 = AXIS2_PLACEMENT_3D ( 'NONE', #1236, #190, #1343 ) ;
#1439 = DIRECTION ( 'NONE',  ( -0.000000000000000000, -1.000000000000000000, -0.000000000000000000 ) ) ;
#1440 = EDGE_CURVE ( 'NONE', #626, #676, #868, .T. ) ;
#1441 = DIRECTION ( 'NONE',  ( 0.000000000000000000, 0.000000000000000000, 1.000000000000000000 ) ) ;
#1442 = EDGE_CURVE ( 'NONE', #1375, #1341, #656, .T. ) ;
#1443 = CARTESIAN_POINT ( 'NONE',  ( 9.307315673519885459E-16, 5.000000000000000000, -7.200000000000000178 ) ) ;
#1444 = VERTEX_POINT ( 'NONE', #492 ) ;
#1445 = CIRCLE ( 'NONE', #1575, 1.049999999999999822 ) ;
#1446 = FACE_OUTER_BOUND ( 'NONE', #1139, .T. ) ;
#1447 = DIRECTION ( 'NONE',  ( -1.334402673828313339E-16, 0.000000000000000000, -1.000000000000000000 ) ) ;
#1448 = VERTEX_POINT ( 'NONE', #120 ) ;
#1449 = ORIENTED_EDGE ( 'NONE', *, *, #131, .F. ) ;
#1450 = ORIENTED_EDGE ( 'NONE', *, *, #117, .F. ) ;
#1451 = CARTESIAN_POINT ( 'NONE',  ( 2.000000000000005329, 4.200000000000000178, 18.00000000000000711 ) ) ;
#1452 = DIRECTION ( 'NONE',  ( -1.000000000000000000, 0.000000000000000000, 1.334402673828313339E-16 ) ) ;
#1453 = ORIENTED_EDGE ( 'NONE', *, *, #1121, .F. ) ;
#1454 = VECTOR ( 'NONE', #403, 1000.000000000000000 ) ;
#1455 = CARTESIAN_POINT ( 'NONE',  ( 22.33137084989847665, 2.869525943294879741E-17, 21.66862915010151625 ) ) ;
#1456 = DIRECTION ( 'NONE',  ( 0.000000000000000000, 0.000000000000000000, 1.000000000000000000 ) ) ;
#1457 = EDGE_CURVE ( 'NONE', #750, #1420, #137, .T. ) ;
#1458 = ORIENTED_EDGE ( 'NONE', *, *, #1579, .T. ) ;
#1459 = DIRECTION ( 'NONE',  ( 0.000000000000000000, 0.000000000000000000, -1.000000000000000000 ) ) ;
#1460 = ORIENTED_EDGE ( 'NONE', *, *, #41, .T. ) ;
#1461 = EDGE_CURVE ( 'NONE', #47, #791, #237, .T. ) ;
#1462 = CARTESIAN_POINT ( 'NONE',  ( 22.80000000000000071, 5.000000000000000000, 10.33794469224651813 ) ) ;
#1463 = CARTESIAN_POINT ( 'NONE',  ( 0.8864261023504871329, 5.000000000000000000, 7.226075986187008304 ) ) ;
#1464 = AXIS2_PLACEMENT_3D ( 'NONE', #1263, #1019, #1252 ) ;
#1465 = ORIENTED_EDGE ( 'NONE', *, *, #416, .F. ) ;
#1466 = PLANE ( 'NONE',  #731 ) ;
#1467 = CARTESIAN_POINT ( 'NONE',  ( 2.104515828499223140, 0.3906466235589473035, 17.97008137126066174 ) ) ;
#1468 = VERTEX_POINT ( 'NONE', #81 ) ;
#1469 = CARTESIAN_POINT ( 'NONE',  ( -6.000000000000000888, 5.000000000000000000, 1.049999999999999600 ) ) ;
#1470 = DIRECTION ( 'NONE',  ( -1.000000000000000000, 0.000000000000000000, -3.016910393003142859E-16 ) ) ;
#1471 = VERTEX_POINT ( 'NONE', #1542 ) ;
#1472 = AXIS2_PLACEMENT_3D ( 'NONE', #1193, #779, #793 ) ;
#1473 = ORIENTED_EDGE ( 'NONE', *, *, #1650, .F. ) ;
#1474 = DIRECTION ( 'NONE',  ( 1.000000000000000000, 0.000000000000000000, 0.000000000000000000 ) ) ;
#1475 = CARTESIAN_POINT ( 'NONE',  ( 0.8864261023504871329, 3.307663659028042824E-16, 7.226075986187008304 ) ) ;
#1476 = EDGE_CURVE ( 'NONE', #577, #80, #1123, .T. ) ;
#1477 = CARTESIAN_POINT ( 'NONE',  ( 0.000000000000000000, 0.8000000000000003775, 0.000000000000000000 ) ) ;
#1478 = FACE_OUTER_BOUND ( 'NONE', #464, .T. ) ;
#1479 = EDGE_LOOP ( 'NONE', ( #313, #1543, #1522, #1531 ) ) ;
#1480 = CARTESIAN_POINT ( 'NONE',  ( 2.800000000000008704, 5.000000000000000000, 50.19999999999998863 ) ) ;
#1481 = EDGE_CURVE ( 'NONE', #407, #846, #1403, .T. ) ;
#1482 = ADVANCED_FACE ( 'NONE', ( #1012 ), #1409, .F. ) ;
#1483 = EDGE_LOOP ( 'NONE', ( #1626, #698, #1076, #1132 ) ) ;
#1484 = CARTESIAN_POINT ( 'NONE',  ( 2.593823750760114066, 4.979776409222963274, 17.82842135377806869 ) ) ;
#1485 = CARTESIAN_POINT ( 'NONE',  ( 0.000000000000000000, 4.200000000000000178, -8.000000000000000000 ) ) ;
#1486 = AXIS2_PLACEMENT_3D ( 'NONE', #36, #566, #1197 ) ;
#1487 = EDGE_CURVE ( 'NONE', #474, #846, #247, .T. ) ;
#1488 = DIRECTION ( 'NONE',  ( -1.182766006347823602E-16, 0.000000000000000000, -1.000000000000000000 ) ) ;
#1489 = PERSON_AND_ORGANIZATION ( #444, #1302 ) ;
#1490 = EDGE_LOOP ( 'NONE', ( #342, #980, #1084 ) ) ;
#1491 = DIRECTION ( 'NONE',  ( 0.000000000000000000, 0.000000000000000000, 1.000000000000000000 ) ) ;
#1492 = CARTESIAN_POINT ( 'NONE',  ( 2.094888803305880329E-14, 5.000000000000000000, -7.050000000000000711 ) ) ;
#1493 = EDGE_LOOP ( 'NONE', ( #1618, #58, #141, #934 ) ) ;
#1494 = CARTESIAN_POINT ( 'NONE',  ( 0.000000000000000000, 4.200000000000000178, 0.000000000000000000 ) ) ;
#1495 = DATE_AND_TIME ( #1636, #105 ) ;
#1496 = ORIENTED_EDGE ( 'NONE', *, *, #667, .F. ) ;
#1497 = DIRECTION ( 'NONE',  ( 0.000000000000000000, 1.000000000000000000, 0.000000000000000000 ) ) ;
#1498 = AXIS2_PLACEMENT_3D ( 'NONE', #189, #434, #710 ) ;
#1499 = ORIENTED_EDGE ( 'NONE', *, *, #964, .F. ) ;
#1500 = EDGE_LOOP ( 'NONE', ( #937, #1453, #1660, #801 ) ) ;
#1501 = LINE ( 'NONE', #1029, #1644 ) ;
#1502 = DIRECTION ( 'NONE',  ( -0.000000000000000000, -1.000000000000000000, -0.000000000000000000 ) ) ;
#1503 = ORIENTED_EDGE ( 'NONE', *, *, #882, .T. ) ;
#1504 = CARTESIAN_POINT ( 'NONE',  ( 22.00000000000000711, 5.000000000000000000, 21.99999999999999645 ) ) ;
#1505 = DIRECTION ( 'NONE',  ( 1.079472956652738047E-16, -0.000000000000000000, -1.000000000000000000 ) ) ;
#1506 = PERSON_AND_ORGANIZATION ( #444, #1302 ) ;
#1507 = ORIENTED_EDGE ( 'NONE', *, *, #760, .T. ) ;
#1508 = DIRECTION ( 'NONE',  ( 0.000000000000000000, 0.000000000000000000, 1.000000000000000000 ) ) ;
#1509 = EDGE_CURVE ( 'NONE', #818, #812, #1198, .T. ) ;
#1510 = VERTEX_POINT ( 'NONE', #1160 ) ;
#1511 = DIRECTION ( 'NONE',  ( 1.182766006347823602E-16, -0.000000000000000000, 1.000000000000000000 ) ) ;
#1512 = CARTESIAN_POINT ( 'NONE',  ( 24.20000000000000995, 0.8000000000000003775, 51.00000000000000000 ) ) ;
#1513 = VECTOR ( 'NONE', #596, 1000.000000000000000 ) ;
#1514 = EDGE_LOOP ( 'NONE', ( #367, #530, #983, #22 ) ) ;
#1515 = CARTESIAN_POINT ( 'NONE',  ( -6.284666409917641302E-14, 5.000000000000000000, 6.000000000000000000 ) ) ;
#1516 = CARTESIAN_POINT ( 'NONE',  ( 22.33137084989848020, 9.652044298487619307E-16, 48.33137084989845533 ) ) ;
#1517 = EDGE_CURVE ( 'NONE', #80, #703, #601, .T. ) ;
#1518 = DIRECTION ( 'NONE',  ( 0.000000000000000000, 1.000000000000000000, 0.000000000000000000 ) ) ;
#1519 = PERSON_AND_ORGANIZATION_ROLE ( 'design_owner' ) ;
#1520 = ORIENTED_EDGE ( 'NONE', *, *, #1550, .T. ) ;
#1521 = AXIS2_PLACEMENT_3D ( 'NONE', #493, #198, #341 ) ;
#1522 = ORIENTED_EDGE ( 'NONE', *, *, #936, .T. ) ;
#1523 = DIRECTION ( 'NONE',  ( -1.079472956652738047E-16, 0.000000000000000000, 1.000000000000000000 ) ) ;
#1524 = DIRECTION ( 'NONE',  ( -0.000000000000000000, 1.000000000000000000, -0.000000000000000000 ) ) ;
#1525 = VECTOR ( 'NONE', #1629, 1000.000000000000000 ) ;
#1526 = CARTESIAN_POINT ( 'NONE',  ( 22.80000000000000426, 0.000000000000000000, 48.79999999999999716 ) ) ;
#1527 = DIRECTION ( 'NONE',  ( 0.000000000000000000, 1.000000000000000000, 0.000000000000000000 ) ) ;
#1528 = DIRECTION ( 'NONE',  ( 1.182766006347823602E-16, -0.000000000000000000, 1.000000000000000000 ) ) ;
#1529 = ORIENTED_EDGE ( 'NONE', *, *, #1313, .F. ) ;
#1530 = DIRECTION ( 'NONE',  ( 0.000000000000000000, 0.000000000000000000, 1.000000000000000000 ) ) ;
#1531 = ORIENTED_EDGE ( 'NONE', *, *, #1566, .F. ) ;
#1532 = CARTESIAN_POINT ( 'NONE',  ( 1.734723475976807094E-15, 0.8000000000000003775, 7.999999999999992895 ) ) ;
#1533 = DIRECTION ( 'NONE',  ( 0.000000000000000000, 0.000000000000000000, 1.000000000000000000 ) ) ;
#1534 = CIRCLE ( 'NONE', #1498, 1.049999999999999822 ) ;
#1535 = CARTESIAN_POINT ( 'NONE',  ( 5.000000000000004441, 0.3313708498984760942, 21.99999999999999645 ) ) ;
#1536 = CYLINDRICAL_SURFACE ( 'NONE', #1049, 2.250000000000000000 ) ;
#1537 = LINE ( 'NONE', #374, #1282 ) ;
#1538 = ORIENTED_EDGE ( 'NONE', *, *, #34, .T. ) ;
#1539 = CARTESIAN_POINT ( 'NONE',  ( 24.20000000000001350, 0.8000000000000003775, 19.56763418741029881 ) ) ;
#1540 = ADVANCED_FACE ( 'NONE', ( #477 ), #1663, .T. ) ;
#1541 = EDGE_CURVE ( 'NONE', #985, #59, #508, .T. ) ;
#1542 = CARTESIAN_POINT ( 'NONE',  ( 0.000000000000000000, 5.000000000000000000, -2.250000000000000000 ) ) ;
#1543 = ORIENTED_EDGE ( 'NONE', *, *, #946, .F. ) ;
#1544 = VECTOR ( 'NONE', #140, 1000.000000000000000 ) ;
#1545 = CARTESIAN_POINT ( 'NONE',  ( 0.000000000000000000, 4.200000000000000178, 0.000000000000000000 ) ) ;
#1546 = VERTEX_POINT ( 'NONE', #1532 ) ;
#1547 = DIRECTION ( 'NONE',  ( 0.000000000000000000, 1.000000000000000000, 0.000000000000000000 ) ) ;
#1548 = DIRECTION ( 'NONE',  ( 0.000000000000000000, 0.000000000000000000, 1.000000000000000000 ) ) ;
#1549 = ORIENTED_EDGE ( 'NONE', *, *, #1457, .T. ) ;
#1550 = EDGE_CURVE ( 'NONE', #767, #75, #1501, .T. ) ;
#1551 = CARTESIAN_POINT ( 'NONE',  ( 24.31179447255742687, 5.000000000000000000, 18.77548395171911011 ) ) ;
#1552 = AXIS2_PLACEMENT_3D ( 'NONE', #607, #1283, #1373 ) ;
#1553 = DIRECTION ( 'NONE',  ( -0.000000000000000000, -1.000000000000000000, -0.000000000000000000 ) ) ;
#1554 = ORIENTED_EDGE ( 'NONE', *, *, #430, .T. ) ;
#1555 = DIRECTION ( 'NONE',  ( -0.000000000000000000, 1.000000000000000000, -0.000000000000000000 ) ) ;
#1556 = EDGE_CURVE ( 'NONE', #59, #1682, #331, .T. ) ;
#1557 = CARTESIAN_POINT ( 'NONE',  ( 5.000000000000007994, 4.200000000000000178, 47.99999999999999289 ) ) ;
#1558 = ORIENTED_EDGE ( 'NONE', *, *, #1142, .T. ) ;
#1559 = DIRECTION ( 'NONE',  ( -1.182766006347823602E-16, -0.000000000000000000, -1.000000000000000000 ) ) ;
#1560 = TOROIDAL_SURFACE ( 'NONE', #89, 19.76153846153848193, 0.8000000000000000444 ) ;
#1561 = EDGE_CURVE ( 'NONE', #121, #272, #1376, .T. ) ;
#1562 = ORIENTED_EDGE ( 'NONE', *, *, #384, .F. ) ;
#1563 = DIRECTION ( 'NONE',  ( 1.224646799147353207E-16, 0.000000000000000000, -1.000000000000000000 ) ) ;
#1564 = ADVANCED_FACE ( 'NONE', ( #175 ), #1074, .T. ) ;
#1565 = CARTESIAN_POINT ( 'NONE',  ( 2.094888803305880329E-14, 0.000000000000000000, -7.050000000000000711 ) ) ;
#1566 = EDGE_CURVE ( 'NONE', #669, #1167, #28, .T. ) ;
#1567 = DIRECTION ( 'NONE',  ( -0.000000000000000000, 1.000000000000000000, 0.000000000000000000 ) ) ;
#1568 = CARTESIAN_POINT ( 'NONE',  ( -6.284666409917641302E-14, 5.000000000000000000, 6.000000000000000000 ) ) ;
#1569 = FACE_OUTER_BOUND ( 'NONE', #1323, .T. ) ;
#1570 = CIRCLE ( 'NONE', #45, 7.200000000000000178 ) ;
#1571 = CARTESIAN_POINT ( 'NONE',  ( 22.00000000000000711, 0.8000000000000003775, 21.99999999999999645 ) ) ;
#1572 = ORIENTED_EDGE ( 'NONE', *, *, #785, .T. ) ;
#1573 = DIRECTION ( 'NONE',  ( -0.000000000000000000, -1.000000000000000000, -0.000000000000000000 ) ) ;
#1574 = CARTESIAN_POINT ( 'NONE',  ( 24.20000000000000995, 4.200000000000000178, 50.19999999999999574 ) ) ;
#1575 = AXIS2_PLACEMENT_3D ( 'NONE', #1515, #362, #876 ) ;
#1576 = ORIENTED_EDGE ( 'NONE', *, *, #1625, .T. ) ;
#1577 = CARTESIAN_POINT ( 'NONE',  ( 22.00000000000000355, 0.3313708498984760942, 21.99999999999999645 ) ) ;
#1578 = CARTESIAN_POINT ( 'NONE',  ( 0.000000000000000000, 0.8000000000000003775, -8.000000000000000000 ) ) ;
#1579 = EDGE_CURVE ( 'NONE', #774, #196, #920, .T. ) ;
#1580 = CIRCLE ( 'NONE', #1209, 1.049999999999999822 ) ;
#1581 = ORIENTED_EDGE ( 'NONE', *, *, #1424, .T. ) ;
#1582 = CARTESIAN_POINT ( 'NONE',  ( 24.20000000000001350, 0.000000000000000000, 19.56763418741029525 ) ) ;
#1583 = CARTESIAN_POINT ( 'NONE',  ( 0.9907896085382466023, 5.000000000000000000, 7.131503063983961610 ) ) ;
#1584 = AXIS2_PLACEMENT_3D ( 'NONE', #799, #252, #810 ) ;
#1585 = EDGE_LOOP ( 'NONE', ( #1099, #999, #263, #411 ) ) ;
#1586 = CYLINDRICAL_SURFACE ( 'NONE', #1552, 14.50000000000001599 ) ;
#1587 = CARTESIAN_POINT ( 'NONE',  ( 2.800000000000012257, 5.000000000000000000, 17.76785276712210049 ) ) ;
#1588 = EDGE_CURVE ( 'NONE', #1338, #970, #1423, .T. ) ;
#1589 = CC_DESIGN_PERSON_AND_ORGANIZATION_ASSIGNMENT ( #861, #1519, ( #1018 ) ) ;
#1590 = CARTESIAN_POINT ( 'NONE',  ( 5.000000000000004441, 0.000000000000000000, 21.19999999999999574 ) ) ;
#1591 = CARTESIAN_POINT ( 'NONE',  ( 0.000000000000000000, 0.000000000000000000, 7.200000000000000178 ) ) ;
#1592 = EDGE_LOOP ( 'NONE', ( #142, #1549, #1181, #872 ) ) ;
#1593 = DIRECTION ( 'NONE',  ( 1.334402673828313339E-16, -0.000000000000000000, 1.000000000000000000 ) ) ;
#1594 = CARTESIAN_POINT ( 'NONE',  ( 0.000000000000000000, 5.000000000000000000, 0.000000000000000000 ) ) ;
#1595 = ORIENTED_EDGE ( 'NONE', *, *, #1379, .T. ) ;
#1596 = LINE ( 'NONE', #1350, #265 ) ;
#1597 = DATE_TIME_ROLE ( 'classification_date' ) ;
#1598 = VERTEX_POINT ( 'NONE', #1591 ) ;
#1599 = LINE ( 'NONE', #443, #722 ) ;
#1600 = CARTESIAN_POINT ( 'NONE',  ( 2.800000000000003819, 4.200000000000000178, 10.33794469224652168 ) ) ;
#1601 = AXIS2_PLACEMENT_3D ( 'NONE', #1594, #841, #1459 ) ;
#1602 = FACE_OUTER_BOUND ( 'NONE', #615, .T. ) ;
#1603 = ADVANCED_FACE ( 'NONE', ( #678 ), #541, .T. ) ;
#1604 = ORIENTED_EDGE ( 'NONE', *, *, #151, .T. ) ;
#1605 = DIRECTION ( 'NONE',  ( 0.000000000000000000, 0.000000000000000000, 1.000000000000000000 ) ) ;
#1606 = EDGE_CURVE ( 'NONE', #59, #792, #1044, .T. ) ;
#1607 = VERTEX_POINT ( 'NONE', #1578 ) ;
#1608 = PRODUCT_DEFINITION ( '�', '', #695, #288 ) ;
#1609 = CIRCLE ( 'NONE', #1433, 0.8000000000000003775 ) ;
#1610 = DIRECTION ( 'NONE',  ( 0.000000000000000000, 0.000000000000000000, 1.000000000000000000 ) ) ;
#1611 = ORIENTED_EDGE ( 'NONE', *, *, #1566, .T. ) ;
#1612 = ORIENTED_EDGE ( 'NONE', *, *, #830, .F. ) ;
#1613 = CARTESIAN_POINT ( 'NONE',  ( 24.20000000000001350, 4.200000000000000178, 19.56763418741029881 ) ) ;
#1614 = VERTEX_POINT ( 'NONE', #127 ) ;
#1615 = AXIS2_PLACEMENT_3D ( 'NONE', #440, #591, #174 ) ;
#1616 = CYLINDRICAL_SURFACE ( 'NONE', #544, 0.8000000000000020428 ) ;
#1617 = CALENDAR_DATE ( 2025, 8, 12 ) ;
#1618 = ORIENTED_EDGE ( 'NONE', *, *, #1442, .T. ) ;
#1619 = CARTESIAN_POINT ( 'NONE',  ( 6.000000000000000888, 0.000000000000000000, 4.189777606611760657E-14 ) ) ;
#1620 = VECTOR ( 'NONE', #1206, 1000.000000000000000 ) ;
#1621 = LINE ( 'NONE', #986, #1176 ) ;
#1622 = DIRECTION ( 'NONE',  ( 1.000000000000000000, 0.000000000000000000, 0.000000000000000000 ) ) ;
#1623 = ORIENTED_EDGE ( 'NONE', *, *, #16, .F. ) ;
#1624 = CYLINDRICAL_SURFACE ( 'NONE', #1438, 18.96153846153848477 ) ;
#1625 = EDGE_CURVE ( 'NONE', #676, #970, #402, .T. ) ;
#1626 = ORIENTED_EDGE ( 'NONE', *, *, #1233, .F. ) ;
#1627 = CARTESIAN_POINT ( 'NONE',  ( 5.000000000000007994, 0.8000000000000003775, 47.99999999999999289 ) ) ;
#1628 = AXIS2_PLACEMENT_3D ( 'NONE', #658, #276, #528 ) ;
#1629 = DIRECTION ( 'NONE',  ( -0.000000000000000000, -1.000000000000000000, -0.000000000000000000 ) ) ;
#1630 = PLANE ( 'NONE',  #412 ) ;
#1631 = EDGE_CURVE ( 'NONE', #818, #1420, #1681, .T. ) ;
#1632 = ORIENTED_EDGE ( 'NONE', *, *, #1192, .F. ) ;
#1633 = DIRECTION ( 'NONE',  ( -0.000000000000000000, -1.000000000000000000, -0.000000000000000000 ) ) ;
#1634 = CARTESIAN_POINT ( 'NONE',  ( 22.00000000000001066, 0.8000000000000003775, 47.99999999999999289 ) ) ;
#1635 = DIRECTION ( 'NONE',  ( -1.000000000000000000, -0.000000000000000000, -3.016910393003142859E-16 ) ) ;
#1636 = CALENDAR_DATE ( 2025, 8, 12 ) ;
#1637 = ORIENTED_EDGE ( 'NONE', *, *, #258, .T. ) ;
#1638 = ORIENTED_EDGE ( 'NONE', *, *, #1659, .T. ) ;
#1639 = ORIENTED_EDGE ( 'NONE', *, *, #496, .T. ) ;
#1640 = CARTESIAN_POINT ( 'NONE',  ( 6.000000000000000888, 5.000000000000000000, 1.050000000000040901 ) ) ;
#1641 = CARTESIAN_POINT ( 'NONE',  ( -6.000000000000000888, 0.000000000000000000, 1.049999999999999600 ) ) ;
#1642 = AXIS2_PLACEMENT_3D ( 'NONE', #654, #624, #1530 ) ;
#1643 = DIRECTION ( 'NONE',  ( 0.000000000000000000, 0.000000000000000000, -1.000000000000000000 ) ) ;
#1644 = VECTOR ( 'NONE', #1511, 1000.000000000000000 ) ;
#1645 = CARTESIAN_POINT ( 'NONE',  ( 5.000000000000004441, 5.000000000000000000, 21.99999999999999645 ) ) ;
#1646 = CARTESIAN_POINT ( 'NONE',  ( 4.200000000000007283, 0.000000000000000000, 48.79999999999999716 ) ) ;
#1647 = CIRCLE ( 'NONE', #242, 13.70000000000001528 ) ;
#1648 = ORIENTED_EDGE ( 'NONE', *, *, #935, .T. ) ;
#1649 = CARTESIAN_POINT ( 'NONE',  ( 22.33137084989848375, 5.000000000000000000, 21.66862915010151625 ) ) ;
#1650 = EDGE_CURVE ( 'NONE', #791, #226, #177, .T. ) ;
#1651 = EDGE_LOOP ( 'NONE', ( #881, #513, #1382, #642 ) ) ;
#1652 = EDGE_LOOP ( 'NONE', ( #1354, #109 ) ) ;
#1653 = DIRECTION ( 'NONE',  ( 0.000000000000000000, 0.000000000000000000, -1.000000000000000000 ) ) ;
#1654 = CARTESIAN_POINT ( 'NONE',  ( 6.000000000000000888, 5.000000000000000000, 4.189777606611760657E-14 ) ) ;
#1655 = FACE_OUTER_BOUND ( 'NONE', #1483, .T. ) ;
#1656 = CARTESIAN_POINT ( 'NONE',  ( -6.284666409917641302E-14, 5.000000000000000000, 4.950000000000000178 ) ) ;
#1657 = AXIS2_PLACEMENT_3D ( 'NONE', #762, #1277, #504 ) ;
#1658 = CARTESIAN_POINT ( 'NONE',  ( -6.000000000000000888, 5.000000000000000000, 0.000000000000000000 ) ) ;
#1659 = EDGE_CURVE ( 'NONE', #196, #138, #1079, .T. ) ;
#1660 = ORIENTED_EDGE ( 'NONE', *, *, #111, .T. ) ;
#1661 = EDGE_CURVE ( 'NONE', #1341, #638, #525, .T. ) ;
#1662 = CARTESIAN_POINT ( 'NONE',  ( 0.000000000000000000, 5.000000000000000000, -2.250000000000000000 ) ) ;
#1663 = CYLINDRICAL_SURFACE ( 'NONE', #1464, 0.8000000000000020428 ) ;
#1664 = ORIENTED_EDGE ( 'NONE', *, *, #274, .F. ) ;
#1665 = AXIS2_PLACEMENT_3D ( 'NONE', #768, #739, #1643 ) ;
#1666 = LINE ( 'NONE', #503, #336 ) ;
#1667 = ORIENTED_EDGE ( 'NONE', *, *, #1625, .F. ) ;
#1668 = CIRCLE ( 'NONE', #479, 1.049999999999999156 ) ;
#1669 = CARTESIAN_POINT ( 'NONE',  ( -6.000000000000000888, 5.000000000000000000, 0.000000000000000000 ) ) ;
#1670 = ADVANCED_FACE ( 'NONE', ( #691 ), #1419, .F. ) ;
#1671 = APPROVAL ( #56, '未' ) ;
#1672 = DIRECTION ( 'NONE',  ( -0.000000000000000000, -1.000000000000000000, -0.000000000000000000 ) ) ;
#1673 = EDGE_LOOP ( 'NONE', ( #582, #1352, #663, #224 ) ) ;
#1674 = ORIENTED_EDGE ( 'NONE', *, *, #173, .T. ) ;
#1675 = CARTESIAN_POINT ( 'NONE',  ( 24.20000000000001350, 4.200000000000000178, 10.33794469224652168 ) ) ;
#1676 = AXIS2_PLACEMENT_3D ( 'NONE', #1669, #1680, #1281 ) ;
#1677 = DIRECTION ( 'NONE',  ( 0.000000000000000000, 1.000000000000000000, 0.000000000000000000 ) ) ;
#1678 = LOCAL_TIME ( 14, 48, 48.00000000000000000, #212 ) ;
#1679 = ORIENTED_EDGE ( 'NONE', *, *, #29, .T. ) ;
#1680 = DIRECTION ( 'NONE',  ( 0.000000000000000000, 1.000000000000000000, 0.000000000000000000 ) ) ;
#1681 = LINE ( 'NONE', #951, #1169 ) ;
#1682 = VERTEX_POINT ( 'NONE', #1212 ) ;
#1683 = ADVANCED_FACE ( 'NONE', ( #424 ), #153, .T. ) ;
#1684 = CARTESIAN_POINT ( 'NONE',  ( 8.000000000000000000, 0.8000000000000003775, 4.898587196589412829E-16 ) ) ;
#1685 = CIRCLE ( 'NONE', #1285, 0.7999999999999986011 ) ;
ENDSEC;
END-ISO-10303-21;
