ISO-10303-21;
HEADER;
FILE_DESCRIPTION (( 'STEP AP203' ),
    '1' );
FILE_NAME ('gello_teleop_flexiv_handle_v2.STEP',
    '2025-12-08T08:49:00',
    ( '' ),
    ( '' ),
    'SwSTEP 2.0',
    'SolidWorks 2025',
    '' );
FILE_SCHEMA (( 'CONFIG_CONTROL_DESIGN' ));
ENDSEC;

DATA;
#1 = FACE_OUTER_BOUND ( 'NONE', #1160, .T. ) ;
#2 = ORIENTED_EDGE ( 'NONE', *, *, #2895, .T. ) ;
#3 = DIRECTION ( 'NONE',  ( -1.000000000000000000, 0.000000000000000000, 0.000000000000000000 ) ) ;
#4 = ORIENTED_EDGE ( 'NONE', *, *, #1565, .F. ) ;
#5 = AXIS2_PLACEMENT_3D ( 'NONE', #2214, #1091, #1995 ) ;
#6 = VERTEX_POINT ( 'NONE', #2228 ) ;
#7 = DIRECTION ( 'NONE',  ( -1.000000000000000000, 0.000000000000000000, 0.000000000000000000 ) ) ;
#8 = VECTOR ( 'NONE', #1374, 1000.000000000000000 ) ;
#9 = CARTESIAN_POINT ( 'NONE',  ( -18.47688522373690034, 59.57055779690239206, 7.213760462772385473 ) ) ;
#10 = VECTOR ( 'NONE', #556, 1000.000000000000000 ) ;
#11 = DIRECTION ( 'NONE',  ( 0.000000000000000000, 0.000000000000000000, 1.000000000000000000 ) ) ;
#12 = LINE ( 'NONE', #873, #2428 ) ;
#13 = ORIENTED_EDGE ( 'NONE', *, *, #2349, .T. ) ;
#14 = CIRCLE ( 'NONE', #2276, 1.049999999999995381 ) ;
#15 = EDGE_CURVE ( 'NONE', #340, #1755, #1619, .T. ) ;
#16 = ORIENTED_EDGE ( 'NONE', *, *, #2556, .F. ) ;
#17 = AXIS2_PLACEMENT_3D ( 'NONE', #99, #2352, #1394 ) ;
#18 = VERTEX_POINT ( 'NONE', #2675 ) ;
#19 = EDGE_LOOP ( 'NONE', ( #2904, #929 ) ) ;
#20 = AXIS2_PLACEMENT_3D ( 'NONE', #1266, #134, #1050 ) ;
#21 = CARTESIAN_POINT ( 'NONE',  ( -11.49999999999998934, 58.50000000000000000, 32.00000000000000000 ) ) ;
#22 = CARTESIAN_POINT ( 'NONE',  ( -18.50000000000000355, 0.000000000000000000, -6.999999999999995559 ) ) ;
#23 = CIRCLE ( 'NONE', #210, 2.000000000000001776 ) ;
#24 = VERTEX_POINT ( 'NONE', #401 ) ;
#25 = EDGE_LOOP ( 'NONE', ( #2474, #664, #1253, #2272, #2167, #2154, #117, #1331 ) ) ;
#26 = DIRECTION ( 'NONE',  ( 0.000000000000000000, 0.000000000000000000, -1.000000000000000000 ) ) ;
#27 = CARTESIAN_POINT ( 'NONE',  ( 8.500000000000000000, 68.00000000000000000, 12.00000000000000000 ) ) ;
#28 = DIRECTION ( 'NONE',  ( -0.000000000000000000, 1.000000000000000000, -0.000000000000000000 ) ) ;
#29 = CARTESIAN_POINT ( 'NONE',  ( 6.650000000000003020, 61.00000000000001421, 9.049999999999993605 ) ) ;
#30 = ORIENTED_EDGE ( 'NONE', *, *, #91, .T. ) ;
#31 = ADVANCED_FACE ( 'NONE', ( #1793 ), #1291, .T. ) ;
#32 = ADVANCED_FACE ( 'NONE', ( #1767 ), #2664, .F. ) ;
#33 = ORIENTED_EDGE ( 'NONE', *, *, #2213, .F. ) ;
#34 = EDGE_CURVE ( 'NONE', #1743, #2053, #2416, .T. ) ;
#35 = DIRECTION ( 'NONE',  ( -0.000000000000000000, -1.000000000000000000, -0.000000000000000000 ) ) ;
#36 = EDGE_LOOP ( 'NONE', ( #1549, #902 ) ) ;
#37 = DIRECTION ( 'NONE',  ( -0.000000000000000000, 1.000000000000000000, -0.000000000000000000 ) ) ;
#38 = CARTESIAN_POINT ( 'NONE',  ( -4.242640687119277665, 0.000000000000000000, -4.242640687119291876 ) ) ;
#39 = ORIENTED_EDGE ( 'NONE', *, *, #1488, .T. ) ;
#40 = LINE ( 'NONE', #2579, #356 ) ;
#41 = DIRECTION ( 'NONE',  ( -1.000000000000000000, 0.000000000000000000, -0.000000000000000000 ) ) ;
#42 = CARTESIAN_POINT ( 'NONE',  ( -4.242640687119276777, 32.50000000000000000, 4.242640687119294540 ) ) ;
#43 = DIRECTION ( 'NONE',  ( -1.000000000000000000, 0.000000000000000000, 0.000000000000000000 ) ) ;
#44 = ORIENTED_EDGE ( 'NONE', *, *, #616, .T. ) ;
#45 = CALENDAR_DATE ( 2025, 8, 12 ) ;
#46 = CARTESIAN_POINT ( 'NONE',  ( -0.2548576144478731376, 68.32000965264704462, 11.95806817206387507 ) ) ;
#47 = ORIENTED_EDGE ( 'NONE', *, *, #407, .F. ) ;
#48 = ORIENTED_EDGE ( 'NONE', *, *, #1274, .T. ) ;
#49 = CARTESIAN_POINT ( 'NONE',  ( 0.000000000000000000, 32.50000000000000000, -8.000000000000000000 ) ) ;
#50 = CARTESIAN_POINT ( 'NONE',  ( 0.000000000000000000, 36.00000000000000711, 8.000000000000000000 ) ) ;
#51 = PLANE ( 'NONE',  #430 ) ;
#52 = VERTEX_POINT ( 'NONE', #1986 ) ;
#53 = EDGE_CURVE ( 'NONE', #2745, #1570, #2651, .T. ) ;
#54 = DIRECTION ( 'NONE',  ( -2.168404344971009361E-16, 0.000000000000000000, -1.000000000000000000 ) ) ;
#55 = DIRECTION ( 'NONE',  ( 0.000000000000000000, 0.000000000000000000, -1.000000000000000000 ) ) ;
#56 = CARTESIAN_POINT ( 'NONE',  ( -18.50000000000000355, 0.000000000000000000, 7.000000000000000000 ) ) ;
#57 = CIRCLE ( 'NONE', #114, 1.050000000000000488 ) ;
#58 = CARTESIAN_POINT ( 'NONE',  ( -15.00000000000000000, 36.00000000000000711, 8.000000000000000000 ) ) ;
#59 = CIRCLE ( 'NONE', #2696, 1.000000000000000000 ) ;
#60 = ORIENTED_EDGE ( 'NONE', *, *, #2203, .T. ) ;
#61 = AXIS2_PLACEMENT_3D ( 'NONE', #710, #1209, #955 ) ;
#62 = VECTOR ( 'NONE', #2244, 1000.000000000000000 ) ;
#63 = ORIENTED_EDGE ( 'NONE', *, *, #2451, .T. ) ;
#64 = CARTESIAN_POINT ( 'NONE',  ( -16.64999999999999858, 69.00000000000000000, -10.09999999999999787 ) ) ;
#65 = CARTESIAN_POINT ( 'NONE',  ( 0.000000000000000000, 36.00000000000000711, 8.000000000000000000 ) ) ;
#66 = AXIS2_PLACEMENT_3D ( 'NONE', #42, #454, #2300 ) ;
#67 = CARTESIAN_POINT ( 'NONE',  ( -18.50000000000000355, 57.00000000000000711, -6.999999999999995559 ) ) ;
#68 = DIRECTION ( 'NONE',  ( 0.000000000000000000, 1.000000000000000000, 0.000000000000000000 ) ) ;
#69 = ORIENTED_EDGE ( 'NONE', *, *, #736, .T. ) ;
#70 = CIRCLE ( 'NONE', #592, 4.000000000000003553 ) ;
#71 = CARTESIAN_POINT ( 'NONE',  ( -4.242640687119277665, 0.000000000000000000, -5.292640687119291698 ) ) ;
#72 = EDGE_CURVE ( 'NONE', #2513, #2918, #1859, .T. ) ;
#73 = AXIS2_PLACEMENT_3D ( 'NONE', #502, #2076, #41 ) ;
#74 = DIRECTION ( 'NONE',  ( -8.673617379884027583E-16, 1.000000000000000000, 0.000000000000000000 ) ) ;
#75 = EDGE_CURVE ( 'NONE', #1898, #1283, #470, .T. ) ;
#76 = VECTOR ( 'NONE', #796, 1000.000000000000000 ) ;
#77 = DIRECTION ( 'NONE',  ( -0.000000000000000000, -0.000000000000000000, -1.000000000000000000 ) ) ;
#78 = DIRECTION ( 'NONE',  ( 0.000000000000000000, 0.000000000000000000, 1.000000000000000000 ) ) ;
#79 = LINE ( 'NONE', #2123, #2565 ) ;
#80 = VERTEX_POINT ( 'NONE', #202 ) ;
#81 = ORIENTED_EDGE ( 'NONE', *, *, #217, .F. ) ;
#82 = CARTESIAN_POINT ( 'NONE',  ( -46.50000000000000000, 61.00000000000001421, -7.999999999999992895 ) ) ;
#83 = CARTESIAN_POINT ( 'NONE',  ( -5.499999999999987566, 62.50000000000000000, 112.0000000000000000 ) ) ;
#84 = CARTESIAN_POINT ( 'NONE',  ( 4.242640687119276777, 32.50000000000000000, 5.292640687119295251 ) ) ;
#85 = DIRECTION ( 'NONE',  ( 0.000000000000000000, -1.000000000000000000, 0.000000000000000000 ) ) ;
#86 = CARTESIAN_POINT ( 'NONE',  ( -4.242640687119276777, 3.500000000000000000, 4.242640687119294540 ) ) ;
#87 = EDGE_CURVE ( 'NONE', #216, #254, #1064, .T. ) ;
#88 = DIRECTION ( 'NONE',  ( 1.000000000000000000, 0.000000000000000000, 0.000000000000000000 ) ) ;
#89 = CARTESIAN_POINT ( 'NONE',  ( -18.50000000000000355, 56.00000000000000711, -7.999999999999996447 ) ) ;
#90 = DIRECTION ( 'NONE',  ( 1.000000000000000000, -0.000000000000000000, -1.717547996016640734E-16 ) ) ;
#91 = EDGE_CURVE ( 'NONE', #1353, #1120, #1742, .T. ) ;
#92 = ORIENTED_EDGE ( 'NONE', *, *, #1574, .T. ) ;
#93 = FACE_OUTER_BOUND ( 'NONE', #1683, .T. ) ;
#94 = DIRECTION ( 'NONE',  ( 1.000000000000000000, 0.000000000000000000, 0.000000000000000000 ) ) ;
#95 = LINE ( 'NONE', #2295, #1730 ) ;
#96 = CARTESIAN_POINT ( 'NONE',  ( -4.242640687119277665, 0.000000000000000000, -4.242640687119291876 ) ) ;
#97 = ORIENTED_EDGE ( 'NONE', *, *, #1869, .F. ) ;
#98 = DIRECTION ( 'NONE',  ( 1.000000000000000000, 0.000000000000000000, 0.000000000000000000 ) ) ;
#99 = CARTESIAN_POINT ( 'NONE',  ( 0.000000000000000000, 3.500000000000000000, 0.000000000000000000 ) ) ;
#100 = DIRECTION ( 'NONE',  ( 1.000000000000000000, 0.000000000000000000, 0.000000000000000000 ) ) ;
#101 = DIRECTION ( 'NONE',  ( -0.000000000000000000, -1.000000000000000000, -0.000000000000000000 ) ) ;
#102 = DIRECTION ( 'NONE',  ( -1.000000000000000000, 0.000000000000000000, -0.000000000000000000 ) ) ;
#103 = CYLINDRICAL_SURFACE ( 'NONE', #1823, 1.049999999999999822 ) ;
#104 = EDGE_CURVE ( 'NONE', #2745, #1996, #478, .T. ) ;
#105 = EDGE_CURVE ( 'NONE', #1996, #2080, #2193, .T. ) ;
#106 = VECTOR ( 'NONE', #542, 1000.000000000000000 ) ;
#107 = ORIENTED_EDGE ( 'NONE', *, *, #2217, .T. ) ;
#108 = CARTESIAN_POINT ( 'NONE',  ( -4.242640687119276777, 0.000000000000000000, 3.192640687119293830 ) ) ;
#109 = LINE ( 'NONE', #1177, #1726 ) ;
#110 = AXIS2_PLACEMENT_3D ( 'NONE', #387, #1298, #347 ) ;
#111 = CARTESIAN_POINT ( 'NONE',  ( 6.650000000000003020, 69.00000000000000000, -10.10000000000000142 ) ) ;
#112 = ORIENTED_EDGE ( 'NONE', *, *, #1487, .F. ) ;
#113 = CIRCLE ( 'NONE', #2326, 3.049999999999999822 ) ;
#114 = AXIS2_PLACEMENT_3D ( 'NONE', #415, #161, #1962 ) ;
#115 = CARTESIAN_POINT ( 'NONE',  ( 0.000000000000000000, 56.00000000000000711, -11.00000000000000000 ) ) ;
#116 = CIRCLE ( 'NONE', #1634, 1.050000000000000044 ) ;
#117 = ORIENTED_EDGE ( 'NONE', *, *, #897, .T. ) ;
#118 = DIRECTION ( 'NONE',  ( -0.000000000000000000, -1.000000000000000000, -0.000000000000000000 ) ) ;
#119 = CIRCLE ( 'NONE', #982, 1.000000000000000888 ) ;
#120 = FACE_OUTER_BOUND ( 'NONE', #532, .T. ) ;
#121 = ADVANCED_FACE ( 'NONE', ( #2479, #2768, #1841, #1185, #2268, #2051 ), #691, .F. ) ;
#122 = ORIENTED_EDGE ( 'NONE', *, *, #2626, .T. ) ;
#123 = CARTESIAN_POINT ( 'NONE',  ( -2.499999999999998668, 60.00000000000001421, 110.0000000000000000 ) ) ;
#124 = LINE ( 'NONE', #841, #2425 ) ;
#125 = ADVANCED_FACE ( 'NONE', ( #436 ), #503, .F. ) ;
#126 = EDGE_CURVE ( 'NONE', #1052, #2248, #967, .T. ) ;
#127 = CARTESIAN_POINT ( 'NONE',  ( -0.6879450936274194017, 56.42514544812108568, 11.83056784000237549 ) ) ;
#128 = ORIENTED_EDGE ( 'NONE', *, *, #1029, .F. ) ;
#129 = DIRECTION ( 'NONE',  ( 1.000000000000000000, 0.000000000000000000, -0.000000000000000000 ) ) ;
#130 = EDGE_CURVE ( 'NONE', #850, #2911, #2327, .T. ) ;
#131 = CARTESIAN_POINT ( 'NONE',  ( 0.000000000000000000, 68.00000000000000000, 11.00000000000000000 ) ) ;
#132 = ORIENTED_EDGE ( 'NONE', *, *, #1019, .T. ) ;
#133 = CARTESIAN_POINT ( 'NONE',  ( 7.500000000000000888, 68.00000000000000000, -11.00000000000000000 ) ) ;
#134 = DIRECTION ( 'NONE',  ( 0.000000000000000000, -1.000000000000000000, 0.000000000000000000 ) ) ;
#135 = ORIENTED_EDGE ( 'NONE', *, *, #2439, .T. ) ;
#136 = CARTESIAN_POINT ( 'NONE',  ( 7.500000000000000888, 56.00000000000000711, 0.000000000000000000 ) ) ;
#137 = CYLINDRICAL_SURFACE ( 'NONE', #489, 1.049999999999999822 ) ;
#138 = CARTESIAN_POINT ( 'NONE',  ( 0.000000000000000000, 32.50000000000000000, 0.000000000000000000 ) ) ;
#139 = ORIENTED_EDGE ( 'NONE', *, *, #1522, .F. ) ;
#140 = CARTESIAN_POINT ( 'NONE',  ( 0.000000000000000000, 32.50000000000000000, -8.000000000000000000 ) ) ;
#141 = CYLINDRICAL_SURFACE ( 'NONE', #1878, 1.050000000000000488 ) ;
#142 = ORIENTED_EDGE ( 'NONE', *, *, #2253, .F. ) ;
#143 = CARTESIAN_POINT ( 'NONE',  ( -18.50000000000000355, 57.00000000000000711, 3.632077277826441432E-15 ) ) ;
#144 = CARTESIAN_POINT ( 'NONE',  ( 7.500000000000000000, 68.00000000000000000, -12.00000000000000000 ) ) ;
#145 = CARTESIAN_POINT ( 'NONE',  ( -18.48459750910645738, 60.35068887981032759, 7.174836337931680852 ) ) ;
#146 = EDGE_LOOP ( 'NONE', ( #2910, #2070 ) ) ;
#147 = EDGE_LOOP ( 'NONE', ( #2810, #1388, #2619, #731 ) ) ;
#148 = CARTESIAN_POINT ( 'NONE',  ( 0.000000000000000000, 56.00000000000000711, 11.00000000000000000 ) ) ;
#149 = FACE_OUTER_BOUND ( 'NONE', #2475, .T. ) ;
#150 = AXIS2_PLACEMENT_3D ( 'NONE', #413, #878, #2472 ) ;
#151 = VERTEX_POINT ( 'NONE', #2732 ) ;
#152 = AXIS2_PLACEMENT_3D ( 'NONE', #1325, #2680, #194 ) ;
#153 = DIRECTION ( 'NONE',  ( 0.000000000000000000, 0.000000000000000000, 1.000000000000000000 ) ) ;
#154 = VECTOR ( 'NONE', #565, 1000.000000000000000 ) ;
#155 = CARTESIAN_POINT ( 'NONE',  ( -18.49974965378385150, 60.04485921670936222, 7.024371994479694514 ) ) ;
#156 = EDGE_CURVE ( 'NONE', #670, #667, #1020, .T. ) ;
#157 = AXIS2_PLACEMENT_3D ( 'NONE', #756, #1444, #2576 ) ;
#158 = APPLICATION_CONTEXT ( 'configuration controlled 3d designs of mechanical parts and assemblies' ) ;
#159 = VECTOR ( 'NONE', #1524, 1000.000000000000000 ) ;
#160 = EDGE_CURVE ( 'NONE', #52, #1697, #1107, .T. ) ;
#161 = DIRECTION ( 'NONE',  ( 0.000000000000000000, 1.000000000000000000, -0.000000000000000000 ) ) ;
#162 = CARTESIAN_POINT ( 'NONE',  ( -2.499999999999998668, 69.00000000000000000, 11.00000000000000000 ) ) ;
#163 = AXIS2_PLACEMENT_3D ( 'NONE', #2814, #2121, #513 ) ;
#164 = DIRECTION ( 'NONE',  ( -0.000000000000000000, 1.000000000000000000, -0.000000000000000000 ) ) ;
#165 = ORIENTED_EDGE ( 'NONE', *, *, #1229, .F. ) ;
#166 = AXIS2_PLACEMENT_3D ( 'NONE', #2893, #191, #2172 ) ;
#167 = VERTEX_POINT ( 'NONE', #1855 ) ;
#168 = ORIENTED_EDGE ( 'NONE', *, *, #126, .T. ) ;
#169 = PERSON_AND_ORGANIZATION_ROLE ( 'design_owner' ) ;
#170 = LINE ( 'NONE', #614, #1297 ) ;
#171 = CC_DESIGN_APPROVAL ( #2800, ( #1354 ) ) ;
#172 = FACE_BOUND ( 'NONE', #1330, .T. ) ;
#173 = EDGE_LOOP ( 'NONE', ( #1785, #2934, #1626, #252 ) ) ;
#174 = CARTESIAN_POINT ( 'NONE',  ( -18.49990187758733384, 59.97184831630953994, 7.037645063326989359 ) ) ;
#175 = FACE_OUTER_BOUND ( 'NONE', #552, .T. ) ;
#176 = DIRECTION ( 'NONE',  ( -1.000000000000000000, 0.000000000000000000, 0.000000000000000000 ) ) ;
#177 = EDGE_CURVE ( 'NONE', #2931, #2835, #1341, .T. ) ;
#178 = CARTESIAN_POINT ( 'NONE',  ( -17.83632443647427834, 57.79295608106739479, 7.942222375798861478 ) ) ;
#179 = ORIENTED_EDGE ( 'NONE', *, *, #1893, .T. ) ;
#180 = EDGE_CURVE ( 'NONE', #2775, #1161, #2720, .T. ) ;
#181 = EDGE_LOOP ( 'NONE', ( #1286, #471, #231, #1379 ) ) ;
#182 = EDGE_CURVE ( 'NONE', #6, #2342, #1614, .T. ) ;
#183 = ORIENTED_EDGE ( 'NONE', *, *, #1960, .F. ) ;
#184 =( NAMED_UNIT ( * ) PLANE_ANGLE_UNIT ( ) SI_UNIT ( $, .RADIAN. ) );
#185 = ORIENTED_EDGE ( 'NONE', *, *, #1521, .T. ) ;
#186 = CARTESIAN_POINT ( 'NONE',  ( -11.49999999999998934, 58.50000000000000000, 112.0000000000000000 ) ) ;
#187 = DIRECTION ( 'NONE',  ( 0.000000000000000000, 0.000000000000000000, -1.000000000000000000 ) ) ;
#188 = ORIENTED_EDGE ( 'NONE', *, *, #1960, .T. ) ;
#189 = ORIENTED_EDGE ( 'NONE', *, *, #1711, .T. ) ;
#190 = EDGE_CURVE ( 'NONE', #1417, #2450, #823, .T. ) ;
#191 = DIRECTION ( 'NONE',  ( -0.000000000000000000, 1.000000000000000000, -0.000000000000000000 ) ) ;
#192 = ADVANCED_FACE ( 'NONE', ( #704 ), #2503, .T. ) ;
#193 = AXIS2_PLACEMENT_3D ( 'NONE', #650, #1555, #1566 ) ;
#194 = DIRECTION ( 'NONE',  ( -1.000000000000000000, 0.000000000000000000, 0.000000000000000000 ) ) ;
#195 = ORIENTED_EDGE ( 'NONE', *, *, #2213, .T. ) ;
#196 = ORIENTED_EDGE ( 'NONE', *, *, #2842, .F. ) ;
#197 = AXIS2_PLACEMENT_3D ( 'NONE', #2119, #1671, #258 ) ;
#198 = LINE ( 'NONE', #2422, #2901 ) ;
#199 = CARTESIAN_POINT ( 'NONE',  ( -18.01051708884362412, 58.08262431724926245, 7.859872318517971301 ) ) ;
#200 = CIRCLE ( 'NONE', #1871, 1.050000000000000044 ) ;
#201 = CIRCLE ( 'NONE', #1773, 2.000000000000001776 ) ;
#202 = CARTESIAN_POINT ( 'NONE',  ( -17.50000000000000000, 56.00000000000000711, -7.999999999999996447 ) ) ;
#203 = CARTESIAN_POINT ( 'NONE',  ( -17.50000000000000000, 57.35424868893542083, 8.000000000000000000 ) ) ;
#204 = VECTOR ( 'NONE', #43, 1000.000000000000000 ) ;
#205 = ORIENTED_EDGE ( 'NONE', *, *, #2217, .F. ) ;
#206 = ORIENTED_EDGE ( 'NONE', *, *, #2138, .F. ) ;
#207 = CIRCLE ( 'NONE', #1979, 1.000000000000000000 ) ;
#208 = CARTESIAN_POINT ( 'NONE',  ( 0.000000000000000000, 3.500000000000000000, 8.000000000000000000 ) ) ;
#209 = ADVANCED_FACE ( 'NONE', ( #675 ), #1349, .F. ) ;
#210 = AXIS2_PLACEMENT_3D ( 'NONE', #1937, #2132, #750 ) ;
#211 = ORIENTED_EDGE ( 'NONE', *, *, #2049, .T. ) ;
#212 = EDGE_CURVE ( 'NONE', #639, #524, #1251, .T. ) ;
#213 = EDGE_CURVE ( 'NONE', #2445, #1370, #2092, .T. ) ;
#214 = DIRECTION ( 'NONE',  ( 0.000000000000000000, 0.000000000000000000, -1.000000000000000000 ) ) ;
#215 = CARTESIAN_POINT ( 'NONE',  ( -17.50000000000000000, 3.500000000000000000, -7.999999999999996447 ) ) ;
#216 = VERTEX_POINT ( 'NONE', #1129 ) ;
#217 = EDGE_CURVE ( 'NONE', #644, #167, #279, .T. ) ;
#218 = CARTESIAN_POINT ( 'NONE',  ( -18.34881088262243054, 58.90986281566716087, 7.529144885003368870 ) ) ;
#219 = CARTESIAN_POINT ( 'NONE',  ( -14.50000000000000000, 65.00000000000000000, -10.09999999999999964 ) ) ;
#220 = FACE_OUTER_BOUND ( 'NONE', #849, .T. ) ;
#221 = CARTESIAN_POINT ( 'NONE',  ( 4.242640687119277665, 0.000000000000000000, -4.242640687119291876 ) ) ;
#222 = VERTEX_POINT ( 'NONE', #1805 ) ;
#223 = PERSON_AND_ORGANIZATION_ROLE ( 'creator' ) ;
#224 = FACE_OUTER_BOUND ( 'NONE', #2577, .T. ) ;
#225 = EDGE_LOOP ( 'NONE', ( #459, #1408, #132, #2468 ) ) ;
#226 = ORIENTED_EDGE ( 'NONE', *, *, #1056, .T. ) ;
#227 = CARTESIAN_POINT ( 'NONE',  ( -5.499999999999987566, 62.50000000000000000, 32.00000000000000000 ) ) ;
#228 = DIRECTION ( 'NONE',  ( 0.000000000000000000, 0.000000000000000000, -1.000000000000000000 ) ) ;
#229 = CARTESIAN_POINT ( 'NONE',  ( -16.49999999999997513, 60.00000000000001421, 112.0000000000000000 ) ) ;
#230 = ORIENTED_EDGE ( 'NONE', *, *, #212, .T. ) ;
#231 = ORIENTED_EDGE ( 'NONE', *, *, #1320, .F. ) ;
#232 = ADVANCED_FACE ( 'NONE', ( #1484 ), #1264, .T. ) ;
#233 = DIRECTION ( 'NONE',  ( 1.000000000000000000, -0.000000000000000000, -1.734723475976807094E-16 ) ) ;
#234 = CARTESIAN_POINT ( 'NONE',  ( -4.242640687119277665, 3.500000000000000000, -4.242640687119291876 ) ) ;
#235 = VERTEX_POINT ( 'NONE', #1894 ) ;
#236 = ORIENTED_EDGE ( 'NONE', *, *, #377, .F. ) ;
#237 = ORIENTED_EDGE ( 'NONE', *, *, #2216, .F. ) ;
#238 = DIRECTION ( 'NONE',  ( 0.000000000000000000, -0.000000000000000000, 1.000000000000000000 ) ) ;
#239 = ORIENTED_EDGE ( 'NONE', *, *, #2644, .T. ) ;
#240 = AXIS2_PLACEMENT_3D ( 'NONE', #1082, #848, #636 ) ;
#241 = VECTOR ( 'NONE', #304, 1000.000000000000000 ) ;
#242 = ADVANCED_FACE ( 'NONE', ( #1924 ), #1908, .F. ) ;
#243 = ADVANCED_FACE ( 'NONE', ( #752 ), #2812, .T. ) ;
#244 = ADVANCED_FACE ( 'NONE', ( #2846 ), #549, .T. ) ;
#245 = VECTOR ( 'NONE', #1228, 1000.000000000000000 ) ;
#246 = AXIS2_PLACEMENT_3D ( 'NONE', #1412, #2526, #1143 ) ;
#247 = DIRECTION ( 'NONE',  ( -0.000000000000000000, 0.000000000000000000, 1.000000000000000000 ) ) ;
#248 = CARTESIAN_POINT ( 'NONE',  ( 0.000000000000000000, 32.50000000000000000, -3.049999999999999822 ) ) ;
#249 = EDGE_LOOP ( 'NONE', ( #507, #1425, #1508, #930 ) ) ;
#250 = AXIS2_PLACEMENT_3D ( 'NONE', #1717, #1027, #2160 ) ;
#251 = CIRCLE ( 'NONE', #2225, 1.049999999999999822 ) ;
#252 = ORIENTED_EDGE ( 'NONE', *, *, #898, .T. ) ;
#253 = EDGE_LOOP ( 'NONE', ( #2032, #2027, #1639 ) ) ;
#254 = VERTEX_POINT ( 'NONE', #2571 ) ;
#255 = AXIS2_PLACEMENT_3D ( 'NONE', #452, #1552, #1543 ) ;
#256 = CARTESIAN_POINT ( 'NONE',  ( -18.50000000000000355, 0.000000000000000000, -6.999999999999995559 ) ) ;
#257 = DIRECTION ( 'NONE',  ( -1.000000000000000000, 0.000000000000000000, 0.000000000000000000 ) ) ;
#258 = DIRECTION ( 'NONE',  ( 0.000000000000000000, 0.000000000000000000, 1.000000000000000000 ) ) ;
#259 = EDGE_LOOP ( 'NONE', ( #1065, #2494, #135, #2239 ) ) ;
#260 = VERTEX_POINT ( 'NONE', #1308 ) ;
#261 = CARTESIAN_POINT ( 'NONE',  ( 8.500000000000000000, 57.00000000000000711, -11.00000000000000000 ) ) ;
#262 = DIRECTION ( 'NONE',  ( -0.000000000000000000, 1.000000000000000000, -0.000000000000000000 ) ) ;
#263 = CARTESIAN_POINT ( 'NONE',  ( -2.499999999999998668, 65.00000000000000000, 12.00000000000000000 ) ) ;
#264 = CARTESIAN_POINT ( 'NONE',  ( -18.50000000000000355, 0.000000000000000000, -7.999999999999996447 ) ) ;
#265 = ORIENTED_EDGE ( 'NONE', *, *, #1791, .F. ) ;
#266 = ADVANCED_FACE ( 'NONE', ( #1060 ), #647, .T. ) ;
#267 = DIRECTION ( 'NONE',  ( 0.000000000000000000, 1.000000000000000000, -0.000000000000000000 ) ) ;
#268 = ORIENTED_EDGE ( 'NONE', *, *, #2825, .T. ) ;
#269 = ORIENTED_EDGE ( 'NONE', *, *, #505, .T. ) ;
#270 = EDGE_CURVE ( 'NONE', #355, #18, #406, .T. ) ;
#271 = EDGE_LOOP ( 'NONE', ( #236, #348, #594, #1147 ) ) ;
#272 = CARTESIAN_POINT ( 'NONE',  ( 4.242640687119277665, 36.00000000000000711, -3.192640687119291609 ) ) ;
#273 = DIRECTION ( 'NONE',  ( -0.000000000000000000, 1.000000000000000000, -0.000000000000000000 ) ) ;
#274 = DIRECTION ( 'NONE',  ( 0.000000000000000000, 0.000000000000000000, -1.000000000000000000 ) ) ;
#275 = ORIENTED_EDGE ( 'NONE', *, *, #601, .F. ) ;
#276 = DIRECTION ( 'NONE',  ( 1.000000000000000000, 0.000000000000000000, -0.000000000000000000 ) ) ;
#277 = CARTESIAN_POINT ( 'NONE',  ( 4.242640687119276777, 32.50000000000000000, 4.242640687119294540 ) ) ;
#278 = CARTESIAN_POINT ( 'NONE',  ( 1.500000000000001332, 69.00000000000000000, 12.00000000000000000 ) ) ;
#279 = LINE ( 'NONE', #2034, #1492 ) ;
#280 = CYLINDRICAL_SURFACE ( 'NONE', #2386, 1.050000000000000488 ) ;
#281 = ORIENTED_EDGE ( 'NONE', *, *, #1929, .F. ) ;
#282 = CYLINDRICAL_SURFACE ( 'NONE', #1732, 1.050000000000000488 ) ;
#283 = EDGE_CURVE ( 'NONE', #1103, #2518, #57, .T. ) ;
#284 = ORIENTED_EDGE ( 'NONE', *, *, #1108, .F. ) ;
#285 = SPHERICAL_SURFACE ( 'NONE', #1198, 1.000000000000000000 ) ;
#286 = DIRECTION ( 'NONE',  ( 1.000000000000000000, 0.000000000000000000, 0.000000000000000000 ) ) ;
#287 = DIRECTION ( 'NONE',  ( 0.000000000000000000, 0.000000000000000000, 1.000000000000000000 ) ) ;
#288 = VERTEX_POINT ( 'NONE', #2622 ) ;
#289 = DIRECTION ( 'NONE',  ( 0.000000000000000000, -1.000000000000000000, 0.000000000000000000 ) ) ;
#290 = CARTESIAN_POINT ( 'NONE',  ( 0.000000000000000000, 58.00000000000000711, 110.0000000000000000 ) ) ;
#291 = FACE_BOUND ( 'NONE', #2499, .T. ) ;
#292 = DIRECTION ( 'NONE',  ( 1.000000000000000000, 0.000000000000000000, -2.168404344971009361E-16 ) ) ;
#293 = VECTOR ( 'NONE', #1838, 1000.000000000000000 ) ;
#294 = DIRECTION ( 'NONE',  ( 0.000000000000000000, 1.000000000000000000, 0.000000000000000000 ) ) ;
#295 = CARTESIAN_POINT ( 'NONE',  ( -1.353764463640054982, 68.83961341599454897, 11.55733958481464718 ) ) ;
#296 = AXIS2_PLACEMENT_3D ( 'NONE', #1476, #2610, #1603 ) ;
#297 = ORIENTED_EDGE ( 'NONE', *, *, #1664, .F. ) ;
#298 = CARTESIAN_POINT ( 'NONE',  ( -14.49999999999999289, 69.00000000000000000, 10.09999999999999964 ) ) ;
#299 = VECTOR ( 'NONE', #1470, 1000.000000000000000 ) ;
#300 = CARTESIAN_POINT ( 'NONE',  ( 0.000000000000000000, 32.50000000000000000, -8.000000000000000000 ) ) ;
#301 = CIRCLE ( 'NONE', #1972, 4.000000000000000000 ) ;
#302 = APPROVAL ( #1858, '未' ) ;
#303 = DIRECTION ( 'NONE',  ( -0.000000000000000000, 1.000000000000000000, -0.000000000000000000 ) ) ;
#304 = DIRECTION ( 'NONE',  ( 0.000000000000000000, 1.000000000000000000, 0.000000000000000000 ) ) ;
#305 = EDGE_CURVE ( 'NONE', #2026, #693, #198, .T. ) ;
#306 = CIRCLE ( 'NONE', #494, 1.050000000000000488 ) ;
#307 = ADVANCED_FACE ( 'NONE', ( #596 ), #435, .T. ) ;
#308 = VECTOR ( 'NONE', #991, 1000.000000000000000 ) ;
#309 = PLANE ( 'NONE',  #163 ) ;
#310 = CARTESIAN_POINT ( 'NONE',  ( 4.242640687119276777, 3.500000000000000000, 4.242640687119294540 ) ) ;
#311 = CARTESIAN_POINT ( 'NONE',  ( -18.50000000000000000, 61.00000000000001421, 8.000000000000001776 ) ) ;
#312 = EDGE_LOOP ( 'NONE', ( #2252, #1329 ) ) ;
#313 = LINE ( 'NONE', #2540, #353 ) ;
#314 = ORIENTED_EDGE ( 'NONE', *, *, #580, .F. ) ;
#315 = DIRECTION ( 'NONE',  ( 0.000000000000000000, 1.000000000000000000, 0.000000000000000000 ) ) ;
#316 = DIRECTION ( 'NONE',  ( 0.000000000000000000, 0.000000000000000000, 1.000000000000000000 ) ) ;
#317 = FACE_OUTER_BOUND ( 'NONE', #1899, .T. ) ;
#318 = CARTESIAN_POINT ( 'NONE',  ( -46.50000000000000000, 61.00000000000001421, -7.999999999999992895 ) ) ;
#319 = ORIENTED_EDGE ( 'NONE', *, *, #2686, .T. ) ;
#320 = LINE ( 'NONE', #1720, #1590 ) ;
#321 = CYLINDRICAL_SURFACE ( 'NONE', #1490, 1.050000000000000488 ) ;
#322 = DIRECTION ( 'NONE',  ( -1.000000000000000000, -0.000000000000000000, -0.000000000000000000 ) ) ;
#323 = EDGE_CURVE ( 'NONE', #235, #1191, #201, .T. ) ;
#324 = PLANE ( 'NONE',  #2151 ) ;
#325 = CARTESIAN_POINT ( 'NONE',  ( -4.242640687119277665, 3.500000000000000000, -3.192640687119291609 ) ) ;
#326 = ORIENTED_EDGE ( 'NONE', *, *, #832, .T. ) ;
#327 = ORIENTED_EDGE ( 'NONE', *, *, #2746, .T. ) ;
#328 = DIRECTION ( 'NONE',  ( 0.000000000000000000, 0.000000000000000000, 1.000000000000000000 ) ) ;
#329 = DIRECTION ( 'NONE',  ( -1.000000000000000000, 0.000000000000000000, 0.000000000000000000 ) ) ;
#330 = DIRECTION ( 'NONE',  ( -1.000000000000000000, 0.000000000000000000, 0.000000000000000000 ) ) ;
#331 = ORIENTED_EDGE ( 'NONE', *, *, #1708, .F. ) ;
#332 = DIRECTION ( 'NONE',  ( 0.000000000000000000, 0.000000000000000000, 1.000000000000000000 ) ) ;
#333 = DIRECTION ( 'NONE',  ( -0.000000000000000000, -0.000000000000000000, 1.000000000000000000 ) ) ;
#334 = DIRECTION ( 'NONE',  ( -0.000000000000000000, -1.000000000000000000, -0.000000000000000000 ) ) ;
#335 = ORIENTED_EDGE ( 'NONE', *, *, #702, .T. ) ;
#336 = FACE_OUTER_BOUND ( 'NONE', #2061, .T. ) ;
#337 = EDGE_CURVE ( 'NONE', #1494, #2240, #1861, .T. ) ;
#338 = ADVANCED_FACE ( 'NONE', ( #2693 ), #943, .F. ) ;
#339 = FACE_BOUND ( 'NONE', #2839, .T. ) ;
#340 = VERTEX_POINT ( 'NONE', #1326 ) ;
#341 = CIRCLE ( 'NONE', #815, 1.000000000000000888 ) ;
#342 = EDGE_CURVE ( 'NONE', #2303, #678, #251, .T. ) ;
#343 = ORIENTED_EDGE ( 'NONE', *, *, #1455, .T. ) ;
#344 = DIRECTION ( 'NONE',  ( 0.000000000000000000, 0.000000000000000000, -1.000000000000000000 ) ) ;
#345 = CYLINDRICAL_SURFACE ( 'NONE', #2662, 1.049999999999995381 ) ;
#346 = VECTOR ( 'NONE', #2277, 1000.000000000000000 ) ;
#347 = DIRECTION ( 'NONE',  ( 0.000000000000000000, 0.000000000000000000, 1.000000000000000000 ) ) ;
#348 = ORIENTED_EDGE ( 'NONE', *, *, #417, .T. ) ;
#349 = CIRCLE ( 'NONE', #917, 1.000000000000000888 ) ;
#350 = VECTOR ( 'NONE', #541, 1000.000000000000000 ) ;
#351 = FACE_OUTER_BOUND ( 'NONE', #1205, .T. ) ;
#352 = CARTESIAN_POINT ( 'NONE',  ( -2.499999999999998668, 56.00000000000000711, 11.00000000000000000 ) ) ;
#353 = VECTOR ( 'NONE', #1252, 1000.000000000000000 ) ;
#354 = CARTESIAN_POINT ( 'NONE',  ( -18.49472183941573178, 60.20697806781734585, 7.103386322697684108 ) ) ;
#355 = VERTEX_POINT ( 'NONE', #2742 ) ;
#356 = VECTOR ( 'NONE', #2595, 1000.000000000000000 ) ;
#357 = DIRECTION ( 'NONE',  ( -0.000000000000000000, 1.000000000000000000, -0.000000000000000000 ) ) ;
#358 = AXIS2_PLACEMENT_3D ( 'NONE', #1904, #2840, #1465 ) ;
#359 = CYLINDRICAL_SURFACE ( 'NONE', #20, 2.000000000000001776 ) ;
#360 = ORIENTED_EDGE ( 'NONE', *, *, #1358, .T. ) ;
#361 = ORIENTED_EDGE ( 'NONE', *, *, #1709, .F. ) ;
#362 = FACE_OUTER_BOUND ( 'NONE', #883, .T. ) ;
#363 = LINE ( 'NONE', #1256, #1343 ) ;
#364 = DIRECTION ( 'NONE',  ( -0.000000000000000000, 1.000000000000000000, -0.000000000000000000 ) ) ;
#365 = ORIENTED_EDGE ( 'NONE', *, *, #2137, .F. ) ;
#366 = DIRECTION ( 'NONE',  ( -1.000000000000000000, 0.000000000000000000, 0.000000000000000000 ) ) ;
#367 = ORIENTED_EDGE ( 'NONE', *, *, #15, .T. ) ;
#368 = DIRECTION ( 'NONE',  ( 0.000000000000000000, 0.000000000000000000, 1.000000000000000000 ) ) ;
#369 = ORIENTED_EDGE ( 'NONE', *, *, #1426, .T. ) ;
#370 = FACE_BOUND ( 'NONE', #1762, .T. ) ;
#371 = ORIENTED_EDGE ( 'NONE', *, *, #213, .F. ) ;
#372 = VERTEX_POINT ( 'NONE', #1837 ) ;
#373 = ORIENTED_EDGE ( 'NONE', *, *, #1807, .F. ) ;
#374 = APPROVAL_DATE_TIME ( #2403, #2800 ) ;
#375 = DIRECTION ( 'NONE',  ( -0.000000000000000000, 1.000000000000000000, -0.000000000000000000 ) ) ;
#376 = DIRECTION ( 'NONE',  ( 1.000000000000000000, -0.000000000000000000, -1.717547996016640734E-16 ) ) ;
#377 = EDGE_CURVE ( 'NONE', #18, #1206, #711, .T. ) ;
#378 = ORIENTED_EDGE ( 'NONE', *, *, #1511, .T. ) ;
#379 = EDGE_CURVE ( 'NONE', #524, #639, #2612, .T. ) ;
#380 = EDGE_CURVE ( 'NONE', #667, #1461, #1113, .T. ) ;
#381 = PLANE ( 'NONE',  #2332 ) ;
#382 = LINE ( 'NONE', #2627, #923 ) ;
#383 = VERTEX_POINT ( 'NONE', #2681 ) ;
#384 = EDGE_LOOP ( 'NONE', ( #791, #420, #501, #1371 ) ) ;
#385 = DIRECTION ( 'NONE',  ( -0.000000000000000000, -0.000000000000000000, 1.000000000000000000 ) ) ;
#386 = DIRECTION ( 'NONE',  ( 0.000000000000000000, 0.000000000000000000, -1.000000000000000000 ) ) ;
#387 = CARTESIAN_POINT ( 'NONE',  ( -4.242640687119276777, 0.000000000000000000, 4.242640687119294540 ) ) ;
#388 = CIRCLE ( 'NONE', #624, 2.000000000000000000 ) ;
#389 = VECTOR ( 'NONE', #1818, 1000.000000000000000 ) ;
#390 = CC_DESIGN_DATE_AND_TIME_ASSIGNMENT ( #2413, #2634, ( #2401 ) ) ;
#391 = EDGE_LOOP ( 'NONE', ( #2370, #1562, #2427, #2046 ) ) ;
#392 = VECTOR ( 'NONE', #118, 1000.000000000000000 ) ;
#393 = VECTOR ( 'NONE', #747, 1000.000000000000000 ) ;
#394 = CARTESIAN_POINT ( 'NONE',  ( -18.49315618230866320, 60.23456164830358261, 7.117127865760776828 ) ) ;
#395 = FACE_BOUND ( 'NONE', #1102, .T. ) ;
#396 = EDGE_CURVE ( 'NONE', #2489, #2282, #658, .T. ) ;
#397 = CIRCLE ( 'NONE', #974, 4.000000000000000000 ) ;
#398 = EDGE_CURVE ( 'NONE', #2856, #1755, #429, .T. ) ;
#399 = CIRCLE ( 'NONE', #1586, 1.050000000000000488 ) ;
#400 = CARTESIAN_POINT ( 'NONE',  ( -5.499999999999988454, 58.50000000000000000, 112.0000000000000000 ) ) ;
#401 = CARTESIAN_POINT ( 'NONE',  ( -18.50000000000000000, 61.00000000000001421, 6.950000000000006395 ) ) ;
#402 = ORIENTED_EDGE ( 'NONE', *, *, #580, .T. ) ;
#403 = ORIENTED_EDGE ( 'NONE', *, *, #1834, .T. ) ;
#404 = APPROVAL_ROLE ( '' ) ;
#405 = CARTESIAN_POINT ( 'NONE',  ( -4.242640687119276777, 0.000000000000000000, 4.242640687119294540 ) ) ;
#406 = LINE ( 'NONE', #143, #1723 ) ;
#407 = EDGE_CURVE ( 'NONE', #1204, #1052, #1009, .T. ) ;
#408 = EDGE_CURVE ( 'NONE', #1181, #946, #993, .T. ) ;
#409 = EDGE_LOOP ( 'NONE', ( #2876, #1616 ) ) ;
#410 = EDGE_LOOP ( 'NONE', ( #1267, #697, #1270, #1659 ) ) ;
#411 = DATE_AND_TIME ( #2679, #1936 ) ;
#412 = PLANE ( 'NONE',  #1066 ) ;
#413 = CARTESIAN_POINT ( 'NONE',  ( -46.50000000000000000, 61.00000000000001421, 8.000000000000007105 ) ) ;
#414 = ORIENTED_EDGE ( 'NONE', *, *, #940, .F. ) ;
#415 = CARTESIAN_POINT ( 'NONE',  ( 4.242640687119276777, 3.500000000000000000, 4.242640687119294540 ) ) ;
#416 = CARTESIAN_POINT ( 'NONE',  ( -18.43476191343817305, 59.27997721645287754, 7.355576731676570112 ) ) ;
#417 = EDGE_CURVE ( 'NONE', #18, #80, #540, .T. ) ;
#418 = ORIENTED_EDGE ( 'NONE', *, *, #599, .T. ) ;
#419 = CARTESIAN_POINT ( 'NONE',  ( -11.49999999999998934, 58.50000000000000000, 32.00000000000000000 ) ) ;
#420 = ORIENTED_EDGE ( 'NONE', *, *, #72, .T. ) ;
#421 = EDGE_CURVE ( 'NONE', #678, #2450, #496, .T. ) ;
#422 = ORIENTED_EDGE ( 'NONE', *, *, #1487, .T. ) ;
#423 = CARTESIAN_POINT ( 'NONE',  ( -18.50000000000001066, 59.93465321717975058, 8.116047153864464292 ) ) ;
#424 = ADVANCED_FACE ( 'NONE', ( #2533 ), #1202, .T. ) ;
#425 = VECTOR ( 'NONE', #836, 1000.000000000000000 ) ;
#426 = ORIENTED_EDGE ( 'NONE', *, *, #1611, .T. ) ;
#427 = CARTESIAN_POINT ( 'NONE',  ( -18.50000000000000000, 60.00000000000001421, 8.320156211871625018 ) ) ;
#428 = VECTOR ( 'NONE', #2807, 1000.000000000000000 ) ;
#429 = LINE ( 'NONE', #509, #428 ) ;
#430 = AXIS2_PLACEMENT_3D ( 'NONE', #2563, #729, #287 ) ;
#431 = PLANE ( 'NONE',  #1031 ) ;
#432 = CIRCLE ( 'NONE', #2189, 1.000000000000000888 ) ;
#433 = CARTESIAN_POINT ( 'NONE',  ( -18.00016422671966154, 58.06378265499004954, 7.865942765642589762 ) ) ;
#434 = VECTOR ( 'NONE', #1284, 1000.000000000000000 ) ;
#435 = TOROIDAL_SURFACE ( 'NONE', #826, 2.000000000000000000, 2.000000000000000000 ) ;
#436 = FACE_OUTER_BOUND ( 'NONE', #1187, .T. ) ;
#437 = DIRECTION ( 'NONE',  ( 0.000000000000000000, 0.000000000000000000, 1.000000000000000000 ) ) ;
#438 = DIRECTION ( 'NONE',  ( -0.000000000000000000, -1.000000000000000000, -0.000000000000000000 ) ) ;
#439 = AXIS2_PLACEMENT_3D ( 'NONE', #2607, #1507, #1569 ) ;
#440 = ORIENTED_EDGE ( 'NONE', *, *, #2267, .F. ) ;
#441 = DIRECTION ( 'NONE',  ( 0.000000000000000000, 0.000000000000000000, -1.000000000000000000 ) ) ;
#442 = ORIENTED_EDGE ( 'NONE', *, *, #2250, .T. ) ;
#443 = APPROVAL_DATE_TIME ( #2261, #302 ) ;
#444 = CIRCLE ( 'NONE', #1443, 1.050000000000000488 ) ;
#445 = DIRECTION ( 'NONE',  ( -1.000000000000000000, 0.000000000000000000, 0.000000000000000000 ) ) ;
#446 = ORIENTED_EDGE ( 'NONE', *, *, #1431, .F. ) ;
#447 = VERTEX_POINT ( 'NONE', #1210 ) ;
#448 = CARTESIAN_POINT ( 'NONE',  ( -16.64999999999999858, 68.37305499510458162, 3.513459119351540817E-15 ) ) ;
#449 = DIRECTION ( 'NONE',  ( -0.000000000000000000, 1.000000000000000000, -0.000000000000000000 ) ) ;
#450 = EDGE_LOOP ( 'NONE', ( #2069, #937, #876, #2701 ) ) ;
#451 = ORIENTED_EDGE ( 'NONE', *, *, #959, .F. ) ;
#452 = CARTESIAN_POINT ( 'NONE',  ( 7.500000000000000888, 68.00000000000000000, -11.00000000000000000 ) ) ;
#453 = CARTESIAN_POINT ( 'NONE',  ( -18.32034192865387823, 58.81464135135705362, 7.571920346779213773 ) ) ;
#454 = DIRECTION ( 'NONE',  ( -0.000000000000000000, 1.000000000000000000, -0.000000000000000000 ) ) ;
#455 = FACE_OUTER_BOUND ( 'NONE', #2232, .T. ) ;
#456 = VERTEX_POINT ( 'NONE', #2128 ) ;
#457 = PERSON_AND_ORGANIZATION ( #743, #1547 ) ;
#458 = ORIENTED_EDGE ( 'NONE', *, *, #1689, .T. ) ;
#459 = ORIENTED_EDGE ( 'NONE', *, *, #1493, .F. ) ;
#460 = CARTESIAN_POINT ( 'NONE',  ( 0.000000000000000000, 56.00000000000000711, 0.000000000000000000 ) ) ;
#461 = ADVANCED_FACE ( 'NONE', ( #1432 ), #1886, .F. ) ;
#462 = CARTESIAN_POINT ( 'NONE',  ( -16.64999999999999858, 59.00000000000001421, -10.09999999999999787 ) ) ;
#463 = ORIENTED_EDGE ( 'NONE', *, *, #177, .T. ) ;
#464 = ORIENTED_EDGE ( 'NONE', *, *, #2727, .T. ) ;
#465 = ADVANCED_FACE ( 'NONE', ( #2345 ), #1670, .F. ) ;
#466 = EDGE_CURVE ( 'NONE', #516, #222, #95, .T. ) ;
#467 = CARTESIAN_POINT ( 'NONE',  ( -18.49352030859377294, 59.77235225474328217, 7.116781488619965401 ) ) ;
#468 = DIRECTION ( 'NONE',  ( 1.000000000000000000, -0.000000000000000000, -1.734723475976807094E-16 ) ) ;
#469 = ORIENTED_EDGE ( 'NONE', *, *, #1488, .F. ) ;
#470 = B_SPLINE_CURVE_WITH_KNOTS ( 'NONE', 3,
 ( #1281, #1968, #2179, #145 ),
 .UNSPECIFIED., .F., .F.,
 ( 4, 4 ),
 ( 0.000000000000000000, 0.0003730253817864949157 ),
 .UNSPECIFIED. ) ;
#471 = ORIENTED_EDGE ( 'NONE', *, *, #53, .T. ) ;
#472 = CARTESIAN_POINT ( 'NONE',  ( -4.242640687119277665, 3.500000000000000000, -4.242640687119291876 ) ) ;
#473 = EDGE_LOOP ( 'NONE', ( #989, #2481, #913, #265 ) ) ;
#474 = DIRECTION ( 'NONE',  ( 2.168404344971009361E-16, -0.000000000000000000, 1.000000000000000000 ) ) ;
#475 = DIRECTION ( 'NONE',  ( 0.000000000000000000, 0.000000000000000000, -1.000000000000000000 ) ) ;
#476 = LINE ( 'NONE', #1386, #1149 ) ;
#477 = ORIENTED_EDGE ( 'NONE', *, *, #1873, .F. ) ;
#478 = CIRCLE ( 'NONE', #2140, 1.049999999999998046 ) ;
#479 = EDGE_LOOP ( 'NONE', ( #30, #361, #894, #1844 ) ) ;
#480 = EDGE_CURVE ( 'NONE', #2057, #850, #301, .T. ) ;
#481 = EDGE_CURVE ( 'NONE', #2715, #1427, #2794, .T. ) ;
#482 = CIRCLE ( 'NONE', #2378, 1.050000000000000044 ) ;
#483 = PLANE ( 'NONE',  #73 ) ;
#484 = AXIS2_PLACEMENT_3D ( 'NONE', #1596, #698, #2454 ) ;
#485 = DIRECTION ( 'NONE',  ( 0.000000000000000000, 0.000000000000000000, -1.000000000000000000 ) ) ;
#486 = DIRECTION ( 'NONE',  ( -0.000000000000000000, -1.000000000000000000, -0.000000000000000000 ) ) ;
#487 = ADVANCED_FACE ( 'NONE', ( #317 ), #1450, .F. ) ;
#488 = EDGE_LOOP ( 'NONE', ( #2208, #373, #1024, #92 ) ) ;
#489 = AXIS2_PLACEMENT_3D ( 'NONE', #2886, #1535, #2837 ) ;
#490 = VECTOR ( 'NONE', #1687, 1000.000000000000000 ) ;
#491 = EDGE_LOOP ( 'NONE', ( #2087, #360, #1382, #2753 ) ) ;
#492 = VECTOR ( 'NONE', #2229, 1000.000000000000000 ) ;
#493 = ORIENTED_EDGE ( 'NONE', *, *, #305, .F. ) ;
#494 = AXIS2_PLACEMENT_3D ( 'NONE', #405, #1345, #2421 ) ;
#495 = DIRECTION ( 'NONE',  ( 1.000000000000000000, 0.000000000000000000, -0.000000000000000000 ) ) ;
#496 = LINE ( 'NONE', #1902, #490 ) ;
#497 = CARTESIAN_POINT ( 'NONE',  ( -18.50000000000000000, 59.00000000000001421, -12.00000000000000000 ) ) ;
#498 = AXIS2_PLACEMENT_3D ( 'NONE', #2357, #2321, #2542 ) ;
#499 = ORIENTED_EDGE ( 'NONE', *, *, #2923, .F. ) ;
#500 = EDGE_LOOP ( 'NONE', ( #1171, #1857 ) ) ;
#501 = ORIENTED_EDGE ( 'NONE', *, *, #773, .F. ) ;
#502 = CARTESIAN_POINT ( 'NONE',  ( -14.50000000000000000, 65.00000000000000000, -10.09999999999999964 ) ) ;
#503 = CYLINDRICAL_SURFACE ( 'NONE', #2512, 1.049999999999995381 ) ;
#504 = LINE ( 'NONE', #1895, #204 ) ;
#505 = EDGE_CURVE ( 'NONE', #2371, #235, #960, .T. ) ;
#506 = CARTESIAN_POINT ( 'NONE',  ( 0.1457513110645889676, 68.00000000000000000, 12.00000000000000000 ) ) ;
#507 = ORIENTED_EDGE ( 'NONE', *, *, #2894, .F. ) ;
#508 = DIRECTION ( 'NONE',  ( 0.000000000000000000, 0.000000000000000000, 1.000000000000000000 ) ) ;
#509 = CARTESIAN_POINT ( 'NONE',  ( 0.000000000000000000, 3.500000000000000000, -3.049999999999999822 ) ) ;
#510 = DIRECTION ( 'NONE',  ( 1.000000000000000000, 0.000000000000000000, 0.000000000000000000 ) ) ;
#511 = ORIENTED_EDGE ( 'NONE', *, *, #270, .F. ) ;
#512 = DIRECTION ( 'NONE',  ( 0.000000000000000000, 0.000000000000000000, -1.000000000000000000 ) ) ;
#513 = DIRECTION ( 'NONE',  ( -1.000000000000000000, 0.000000000000000000, -0.000000000000000000 ) ) ;
#514 = LINE ( 'NONE', #1199, #1026 ) ;
#515 = CARTESIAN_POINT ( 'NONE',  ( 0.000000000000000000, 0.000000000000000000, -3.049999999999999822 ) ) ;
#516 = VERTEX_POINT ( 'NONE', #2097 ) ;
#517 = ADVANCED_FACE ( 'NONE', ( #980 ), #2779, .F. ) ;
#518 = ORIENTED_EDGE ( 'NONE', *, *, #1963, .F. ) ;
#519 = CARTESIAN_POINT ( 'NONE',  ( 4.242640687119276777, 32.50000000000000000, 4.242640687119294540 ) ) ;
#520 = LINE ( 'NONE', #300, #2806 ) ;
#521 = DIRECTION ( 'NONE',  ( 0.000000000000000000, 0.000000000000000000, 1.000000000000000000 ) ) ;
#522 = DIRECTION ( 'NONE',  ( -0.000000000000000000, 1.000000000000000000, -0.000000000000000000 ) ) ;
#523 = EDGE_CURVE ( 'NONE', #2402, #2026, #1182, .T. ) ;
#524 = VERTEX_POINT ( 'NONE', #2600 ) ;
#525 = DIRECTION ( 'NONE',  ( 1.000000000000000000, 0.000000000000000000, 0.000000000000000000 ) ) ;
#526 = LINE ( 'NONE', #2569, #538 ) ;
#527 = DIRECTION ( 'NONE',  ( 1.000000000000000000, 0.000000000000000000, 0.000000000000000000 ) ) ;
#528 = LINE ( 'NONE', #56, #677 ) ;
#529 = CIRCLE ( 'NONE', #1336, 1.049999999999998046 ) ;
#530 = CARTESIAN_POINT ( 'NONE',  ( 6.650000000000003020, 59.00000000000001421, -10.10000000000000142 ) ) ;
#531 = CIRCLE ( 'NONE', #2561, 1.050000000000000488 ) ;
#532 = EDGE_LOOP ( 'NONE', ( #319, #1117, #2916, #2849 ) ) ;
#533 = ORIENTED_EDGE ( 'NONE', *, *, #2525, .F. ) ;
#534 = AXIS2_PLACEMENT_3D ( 'NONE', #905, #445, #2246 ) ;
#535 = AXIS2_PLACEMENT_3D ( 'NONE', #2751, #1600, #1377 ) ;
#536 = ORIENTED_EDGE ( 'NONE', *, *, #377, .T. ) ;
#537 = CARTESIAN_POINT ( 'NONE',  ( -4.242640687119277665, 32.50000000000000000, -5.292640687119291698 ) ) ;
#538 = VECTOR ( 'NONE', #2767, 1000.000000000000000 ) ;
#539 = DIRECTION ( 'NONE',  ( -0.000000000000000000, 1.000000000000000000, -0.000000000000000000 ) ) ;
#540 =( BOUNDED_CURVE ( )  B_SPLINE_CURVE ( 3, ( #67, #1224, #760, #781 ),
 .UNSPECIFIED., .F., .F. ) 
 B_SPLINE_CURVE_WITH_KNOTS ( ( 4, 4 ),
 ( 1.570796326794896780, 3.141592653589793116 ),
 .UNSPECIFIED. ) 
 CURVE ( )  GEOMETRIC_REPRESENTATION_ITEM ( )  RATIONAL_B_SPLINE_CURVE ( ( 1.000000000000000000, 0.8047378541243650485, 0.8047378541243650485, 1.000000000000000000 ) ) 
 REPRESENTATION_ITEM ( '' )  );
#541 = DIRECTION ( 'NONE',  ( 1.000000000000000000, 0.000000000000000000, 0.000000000000000000 ) ) ;
#542 = DIRECTION ( 'NONE',  ( 0.000000000000000000, 0.000000000000000000, -1.000000000000000000 ) ) ;
#543 = ADVANCED_FACE ( 'NONE', ( #1957, #1300 ), #381, .T. ) ;
#544 = AXIS2_PLACEMENT_3D ( 'NONE', #1437, #1892, #1230 ) ;
#545 = ADVANCED_FACE ( 'NONE', ( #854 ), #2409, .T. ) ;
#546 = AXIS2_PLACEMENT_3D ( 'NONE', #519, #1462, #344 ) ;
#547 = CARTESIAN_POINT ( 'NONE',  ( 7.500000000000000000, 57.00000000000000711, 11.00000000000000000 ) ) ;
#548 = CARTESIAN_POINT ( 'NONE',  ( -11.49999999999998934, 58.50000000000000000, 32.00000000000000000 ) ) ;
#549 = SPHERICAL_SURFACE ( 'NONE', #2384, 1.000000000000000000 ) ;
#550 = LINE ( 'NONE', #788, #1395 ) ;
#551 = CARTESIAN_POINT ( 'NONE',  ( -18.50000000000000355, 61.00000000000001421, -7.999999999999998224 ) ) ;
#552 = EDGE_LOOP ( 'NONE', ( #2400, #868, #2529, #2110 ) ) ;
#553 = VERTEX_POINT ( 'NONE', #1980 ) ;
#554 = LINE ( 'NONE', #64, #1684 ) ;
#555 = DIRECTION ( 'NONE',  ( 0.000000000000000000, -1.000000000000000000, 0.000000000000000000 ) ) ;
#556 = DIRECTION ( 'NONE',  ( 1.000000000000000000, -0.000000000000000000, -1.734723475976807094E-16 ) ) ;
#557 = CARTESIAN_POINT ( 'NONE',  ( -14.49999999999997868, 65.00000000000000000, 110.0000000000000000 ) ) ;
#558 = PLANE ( 'NONE',  #358 ) ;
#559 = EDGE_CURVE ( 'NONE', #2513, #1665, #2709, .T. ) ;
#560 = DIRECTION ( 'NONE',  ( -1.000000000000000000, 0.000000000000000000, 1.717547996016640734E-16 ) ) ;
#561 = ADVANCED_FACE ( 'NONE', ( #172, #828, #1513 ), #1087, .F. ) ;
#562 = EDGE_CURVE ( 'NONE', #216, #2546, #1047, .T. ) ;
#563 = CARTESIAN_POINT ( 'NONE',  ( -18.48725109657721433, 60.32053828583693900, 7.159892558824857645 ) ) ;
#564 = DIRECTION ( 'NONE',  ( 1.000000000000000000, -0.000000000000000000, -1.084202172485504681E-16 ) ) ;
#565 = DIRECTION ( 'NONE',  ( 0.000000000000000000, 0.000000000000000000, -1.000000000000000000 ) ) ;
#566 = DIRECTION ( 'NONE',  ( 1.000000000000000000, -0.000000000000000000, -1.734723475976807094E-16 ) ) ;
#567 = DIRECTION ( 'NONE',  ( -0.000000000000000000, -1.000000000000000000, -0.000000000000000000 ) ) ;
#568 = ORIENTED_EDGE ( 'NONE', *, *, #2350, .T. ) ;
#569 = CARTESIAN_POINT ( 'NONE',  ( -2.499999999999998668, 60.00000000000001421, 112.0000000000000000 ) ) ;
#570 = CARTESIAN_POINT ( 'NONE',  ( -17.49999999999999645, 0.000000000000000000, -7.999999999999996447 ) ) ;
#571 = CARTESIAN_POINT ( 'NONE',  ( 8.500000000000000000, 61.00000000000001421, -6.950000000000005507 ) ) ;
#572 = DIRECTION ( 'NONE',  ( 0.000000000000000000, 0.000000000000000000, 1.000000000000000000 ) ) ;
#573 = ORIENTED_EDGE ( 'NONE', *, *, #1691, .T. ) ;
#574 = DIRECTION ( 'NONE',  ( 1.000000000000000000, -0.000000000000000000, -1.717547996016640734E-16 ) ) ;
#575 = DIRECTION ( 'NONE',  ( 0.000000000000000000, 0.000000000000000000, -1.000000000000000000 ) ) ;
#576 = EDGE_CURVE ( 'NONE', #1318, #1353, #1992, .T. ) ;
#577 = CARTESIAN_POINT ( 'NONE',  ( -18.49954540271834702, 59.93409392351329501, 7.049772030625972796 ) ) ;
#578 = LINE ( 'NONE', #1017, #2862 ) ;
#579 = CARTESIAN_POINT ( 'NONE',  ( -15.00000000000000178, 36.00000000000000711, -7.999999999999996447 ) ) ;
#580 = EDGE_CURVE ( 'NONE', #1699, #1030, #2278, .T. ) ;
#581 = VECTOR ( 'NONE', #1502, 1000.000000000000000 ) ;
#582 = AXIS2_PLACEMENT_3D ( 'NONE', #318, #2296, #1608 ) ;
#583 = ORIENTED_EDGE ( 'NONE', *, *, #834, .F. ) ;
#584 = CARTESIAN_POINT ( 'NONE',  ( 1.500000000000001332, 65.00000000000000000, 112.0000000000000000 ) ) ;
#585 = CARTESIAN_POINT ( 'NONE',  ( 4.242640687119276777, 36.00000000000000711, 4.242640687119294540 ) ) ;
#586 = CIRCLE ( 'NONE', #152, 3.999999999999998224 ) ;
#587 = CARTESIAN_POINT ( 'NONE',  ( -1.353759741785717230, 56.16038803512872590, 11.55734170098347313 ) ) ;
#588 = ORIENTED_EDGE ( 'NONE', *, *, #466, .T. ) ;
#589 = VECTOR ( 'NONE', #2655, 1000.000000000000000 ) ;
#590 = AXIS2_PLACEMENT_3D ( 'NONE', #1804, #2548, #1409 ) ;
#591 = LINE ( 'NONE', #1722, #2507 ) ;
#592 = AXIS2_PLACEMENT_3D ( 'NONE', #651, #437, #2068 ) ;
#593 = VERTEX_POINT ( 'NONE', #1074 ) ;
#594 = ORIENTED_EDGE ( 'NONE', *, *, #648, .F. ) ;
#595 = AXIS2_PLACEMENT_3D ( 'NONE', #2047, #947, #7 ) ;
#596 = FACE_OUTER_BOUND ( 'NONE', #1006, .T. ) ;
#597 = AXIS2_PLACEMENT_3D ( 'NONE', #2614, #1919, #525 ) ;
#598 = DIRECTION ( 'NONE',  ( 1.717547996016640734E-16, 0.000000000000000000, 1.000000000000000000 ) ) ;
#599 = EDGE_CURVE ( 'NONE', #1989, #2554, #2458, .T. ) ;
#600 = ORIENTED_EDGE ( 'NONE', *, *, #964, .F. ) ;
#601 = EDGE_CURVE ( 'NONE', #1067, #2613, #2055, .T. ) ;
#602 = ORIENTED_EDGE ( 'NONE', *, *, #611, .F. ) ;
#603 = DIRECTION ( 'NONE',  ( 0.000000000000000000, 0.000000000000000000, -1.000000000000000000 ) ) ;
#604 = DIRECTION ( 'NONE',  ( 0.000000000000000000, -1.000000000000000000, 0.000000000000000000 ) ) ;
#605 = EDGE_LOOP ( 'NONE', ( #284, #418, #755, #2130, #2297 ) ) ;
#606 = CARTESIAN_POINT ( 'NONE',  ( 7.500000000000000888, 57.00000000000000711, -11.00000000000000000 ) ) ;
#607 = DIRECTION ( 'NONE',  ( 0.000000000000000000, 1.000000000000000000, 0.000000000000000000 ) ) ;
#608 = CARTESIAN_POINT ( 'NONE',  ( 4.242640687119277665, 36.00000000000000711, -5.292640687119291698 ) ) ;
#609 = DIRECTION ( 'NONE',  ( 1.000000000000000000, -0.000000000000000000, -1.734723475976807094E-16 ) ) ;
#610 = ORIENTED_EDGE ( 'NONE', *, *, #1607, .F. ) ;
#611 = EDGE_CURVE ( 'NONE', #2259, #2281, #388, .T. ) ;
#612 = ORIENTED_EDGE ( 'NONE', *, *, #2306, .T. ) ;
#613 = COORDINATED_UNIVERSAL_TIME_OFFSET ( 8, 0, .AHEAD. ) ;
#614 = CARTESIAN_POINT ( 'NONE',  ( -15.00000000000000178, 36.00000000000000711, -7.999999999999996447 ) ) ;
#615 = CARTESIAN_POINT ( 'NONE',  ( 4.242640687119277665, 3.500000000000000000, -4.242640687119291876 ) ) ;
#616 = EDGE_CURVE ( 'NONE', #1161, #553, #1571, .T. ) ;
#617 = EDGE_CURVE ( 'NONE', #2053, #1494, #2396, .T. ) ;
#618 = DIRECTION ( 'NONE',  ( 0.000000000000000000, 0.000000000000000000, -1.000000000000000000 ) ) ;
#619 = CARTESIAN_POINT ( 'NONE',  ( -17.50000000000000000, 57.00000000000000711, 3.415236843329340545E-15 ) ) ;
#620 = CARTESIAN_POINT ( 'NONE',  ( 6.650000000000003020, 61.00000000000001421, -8.000000000000001776 ) ) ;
#621 = ORIENTED_EDGE ( 'NONE', *, *, #715, .F. ) ;
#622 = LINE ( 'NONE', #148, #927 ) ;
#623 = CARTESIAN_POINT ( 'NONE',  ( -16.49999999999997513, 60.00000000000001421, 112.0000000000000000 ) ) ;
#624 = AXIS2_PLACEMENT_3D ( 'NONE', #1948, #2379, #1938 ) ;
#625 = AXIS2_PLACEMENT_3D ( 'NONE', #21, #2015, #2906 ) ;
#626 = EDGE_CURVE ( 'NONE', #2056, #1067, #2147, .T. ) ;
#627 = DIRECTION ( 'NONE',  ( 0.000000000000000000, 1.000000000000000000, 0.000000000000000000 ) ) ;
#628 = VERTEX_POINT ( 'NONE', #1707 ) ;
#629 = VECTOR ( 'NONE', #102, 1000.000000000000000 ) ;
#630 = AXIS2_PLACEMENT_3D ( 'NONE', #131, #366, #1241 ) ;
#631 = EDGE_CURVE ( 'NONE', #1445, #2666, #767, .T. ) ;
#632 = DIRECTION ( 'NONE',  ( 0.000000000000000000, 0.000000000000000000, 1.000000000000000000 ) ) ;
#633 = CIRCLE ( 'NONE', #2062, 3.049999999999999822 ) ;
#634 = DIRECTION ( 'NONE',  ( 1.000000000000000000, -0.000000000000000000, 0.000000000000000000 ) ) ;
#635 = CARTESIAN_POINT ( 'NONE',  ( -18.44044858107914209, 59.31215019887018514, 7.340059226564783046 ) ) ;
#636 = DIRECTION ( 'NONE',  ( 0.000000000000000000, 0.000000000000000000, 1.000000000000000000 ) ) ;
#637 = CIRCLE ( 'NONE', #1737, 1.050000000000000488 ) ;
#638 = ORIENTED_EDGE ( 'NONE', *, *, #1358, .F. ) ;
#639 = VERTEX_POINT ( 'NONE', #1480 ) ;
#640 = LOCAL_TIME ( 16, 49, 0.000000000000000000, #1813 ) ;
#641 = PERSON_AND_ORGANIZATION ( #743, #1547 ) ;
#642 = DIRECTION ( 'NONE',  ( 0.000000000000000000, 0.000000000000000000, 1.000000000000000000 ) ) ;
#643 = DIRECTION ( 'NONE',  ( 0.000000000000000000, 0.000000000000000000, 1.000000000000000000 ) ) ;
#644 = VERTEX_POINT ( 'NONE', #352 ) ;
#645 = DIRECTION ( 'NONE',  ( -0.000000000000000000, 1.000000000000000000, -0.000000000000000000 ) ) ;
#646 = EDGE_CURVE ( 'NONE', #1204, #885, #591, .T. ) ;
#647 = CYLINDRICAL_SURFACE ( 'NONE', #2516, 1.000000000000000888 ) ;
#648 = EDGE_CURVE ( 'NONE', #2593, #80, #1787, .T. ) ;
#649 = CARTESIAN_POINT ( 'NONE',  ( -18.49617245167737778, 59.82312339798541245, 7.094228418810899939 ) ) ;
#650 = CARTESIAN_POINT ( 'NONE',  ( 0.000000000000000000, 69.00000000000000000, 0.000000000000000000 ) ) ;
#651 = CARTESIAN_POINT ( 'NONE',  ( -11.49999999999998934, 62.50000000000000000, 112.0000000000000000 ) ) ;
#652 = ADVANCED_FACE ( 'NONE', ( #1579 ), #1361, .F. ) ;
#653 = ORIENTED_EDGE ( 'NONE', *, *, #182, .T. ) ;
#654 = ORIENTED_EDGE ( 'NONE', *, *, #1544, .F. ) ;
#655 = PERSON_AND_ORGANIZATION ( #743, #1547 ) ;
#656 = CARTESIAN_POINT ( 'NONE',  ( -18.49938709440642626, 60.18264664026497712, 7.307066706056316363 ) ) ;
#657 = FACE_OUTER_BOUND ( 'NONE', #1666, .T. ) ;
#658 = LINE ( 'NONE', #1561, #1537 ) ;
#659 = ORIENTED_EDGE ( 'NONE', *, *, #779, .F. ) ;
#660 = FACE_BOUND ( 'NONE', #2099, .T. ) ;
#661 = CARTESIAN_POINT ( 'NONE',  ( -18.38654634024396017, 59.05180698378649851, 7.463857804633009074 ) ) ;
#662 = ORIENTED_EDGE ( 'NONE', *, *, #1426, .F. ) ;
#663 = EDGE_LOOP ( 'NONE', ( #770, #2391, #2006, #185 ) ) ;
#664 = ORIENTED_EDGE ( 'NONE', *, *, #1213, .F. ) ;
#665 = DIRECTION ( 'NONE',  ( -1.000000000000000000, 0.000000000000000000, -0.000000000000000000 ) ) ;
#666 = ORIENTED_EDGE ( 'NONE', *, *, #1493, .T. ) ;
#667 = VERTEX_POINT ( 'NONE', #1150 ) ;
#668 = CARTESIAN_POINT ( 'NONE',  ( 4.242640687119276777, 0.000000000000000000, 3.192640687119293830 ) ) ;
#669 = AXIS2_PLACEMENT_3D ( 'NONE', #689, #1598, #2436 ) ;
#670 = VERTEX_POINT ( 'NONE', #229 ) ;
#671 = AXIS2_PLACEMENT_3D ( 'NONE', #290, #2103, #2329 ) ;
#672 = AXIS2_PLACEMENT_3D ( 'NONE', #1712, #1486, #740 ) ;
#673 = CARTESIAN_POINT ( 'NONE',  ( -18.47790825959915750, 59.58011046527079202, 7.209008738093757529 ) ) ;
#674 = AXIS2_PLACEMENT_3D ( 'NONE', #1617, #267, #441 ) ;
#675 = FACE_OUTER_BOUND ( 'NONE', #1783, .T. ) ;
#676 = CARTESIAN_POINT ( 'NONE',  ( -18.50000000000000000, 61.00000000000001421, 9.049999999999997158 ) ) ;
#677 = VECTOR ( 'NONE', #2769, 1000.000000000000000 ) ;
#678 = VERTEX_POINT ( 'NONE', #912 ) ;
#679 = EDGE_CURVE ( 'NONE', #678, #2303, #1958, .T. ) ;
#680 = AXIS2_PLACEMENT_3D ( 'NONE', #881, #2242, #632 ) ;
#681 = CARTESIAN_POINT ( 'NONE',  ( 3.735172737399427146E-16, 3.500000000000000000, 3.049999999999999822 ) ) ;
#682 = EDGE_CURVE ( 'NONE', #2856, #1620, #1812, .T. ) ;
#683 = ORIENTED_EDGE ( 'NONE', *, *, #2305, .T. ) ;
#684 = EDGE_CURVE ( 'NONE', #593, #2830, #1327, .T. ) ;
#685 = AXIS2_PLACEMENT_3D ( 'NONE', #785, #1660, #2566 ) ;
#686 = ORIENTED_EDGE ( 'NONE', *, *, #964, .T. ) ;
#687 = DIRECTION ( 'NONE',  ( 1.000000000000000000, 0.000000000000000000, 0.000000000000000000 ) ) ;
#688 = DIRECTION ( 'NONE',  ( -0.000000000000000000, 1.000000000000000000, -0.000000000000000000 ) ) ;
#689 = CARTESIAN_POINT ( 'NONE',  ( 4.242640687119277665, 32.50000000000000000, -4.242640687119291876 ) ) ;
#690 = ORIENTED_EDGE ( 'NONE', *, *, #1546, .T. ) ;
#691 = PLANE ( 'NONE',  #535 ) ;
#692 = CARTESIAN_POINT ( 'NONE',  ( -4.242640687119277665, 32.50000000000000000, -4.242640687119291876 ) ) ;
#693 = VERTEX_POINT ( 'NONE', #1316 ) ;
#694 = ORIENTED_EDGE ( 'NONE', *, *, #1597, .F. ) ;
#695 = ADVANCED_FACE ( 'NONE', ( #2222 ), #2265, .T. ) ;
#696 = DIRECTION ( 'NONE',  ( -1.000000000000000000, 0.000000000000000000, 2.168404344971009854E-16 ) ) ;
#697 = ORIENTED_EDGE ( 'NONE', *, *, #34, .F. ) ;
#698 = DIRECTION ( 'NONE',  ( -0.000000000000000000, 1.000000000000000000, -0.000000000000000000 ) ) ;
#699 = CARTESIAN_POINT ( 'NONE',  ( -16.49999999999997513, 65.00000000000000000, 110.0000000000000000 ) ) ;
#700 = LINE ( 'NONE', #1406, #1016 ) ;
#701 = ORIENTED_EDGE ( 'NONE', *, *, #2439, .F. ) ;
#702 = EDGE_CURVE ( 'NONE', #908, #2292, #2754, .T. ) ;
#703 = DIRECTION ( 'NONE',  ( 0.000000000000000000, 1.000000000000000000, 0.000000000000000000 ) ) ;
#704 = FACE_OUTER_BOUND ( 'NONE', #2230, .T. ) ;
#705 = CARTESIAN_POINT ( 'NONE',  ( -0.4999999999999987232, 60.00000000000001421, 110.0000000000000000 ) ) ;
#706 = ORIENTED_EDGE ( 'NONE', *, *, #626, .T. ) ;
#707 = EDGE_LOOP ( 'NONE', ( #2892, #1165, #2093, #858, #269, #1594, #1811, #2245 ) ) ;
#708 = DIRECTION ( 'NONE',  ( -2.168404344971009361E-16, -0.000000000000000000, -1.000000000000000000 ) ) ;
#709 = ORIENTED_EDGE ( 'NONE', *, *, #1664, .T. ) ;
#710 = CARTESIAN_POINT ( 'NONE',  ( -2.499999999999998668, 65.00000000000000000, 0.000000000000000000 ) ) ;
#711 = LINE ( 'NONE', #22, #723 ) ;
#712 = DIRECTION ( 'NONE',  ( -0.000000000000000000, -1.000000000000000000, -0.000000000000000000 ) ) ;
#713 = EDGE_LOOP ( 'NONE', ( #2630, #1592, #2652, #2608 ) ) ;
#714 = ORIENTED_EDGE ( 'NONE', *, *, #1984, .T. ) ;
#715 = EDGE_CURVE ( 'NONE', #693, #355, #341, .T. ) ;
#716 = AXIS2_PLACEMENT_3D ( 'NONE', #557, #2184, #2874 ) ;
#717 = VERTEX_POINT ( 'NONE', #1658 ) ;
#718 = CARTESIAN_POINT ( 'NONE',  ( 8.500000000000000000, 59.00000000000001421, -11.00000000000000000 ) ) ;
#719 = VECTOR ( 'NONE', #1013, 1000.000000000000000 ) ;
#720 = CARTESIAN_POINT ( 'NONE',  ( 4.242640687119277665, 36.00000000000000711, -4.242640687119291876 ) ) ;
#721 = CARTESIAN_POINT ( 'NONE',  ( 1.500000000000001332, 60.00000000000001421, 110.0000000000000000 ) ) ;
#722 = EDGE_LOOP ( 'NONE', ( #2171, #2689, #1011, #2687 ) ) ;
#723 = VECTOR ( 'NONE', #2497, 1000.000000000000000 ) ;
#724 = DATE_AND_TIME ( #2736, #1828 ) ;
#725 = VECTOR ( 'NONE', #860, 1000.000000000000000 ) ;
#726 = ORIENTED_EDGE ( 'NONE', *, *, #1637, .F. ) ;
#727 = CARTESIAN_POINT ( 'NONE',  ( -18.48459750910645738, 60.35068887981032759, 7.174836337931680852 ) ) ;
#728 = CARTESIAN_POINT ( 'NONE',  ( -14.49999999999997868, 65.00000000000000000, 112.0000000000000000 ) ) ;
#729 = DIRECTION ( 'NONE',  ( 0.000000000000000000, -1.000000000000000000, 0.000000000000000000 ) ) ;
#730 = CIRCLE ( 'NONE', #1212, 1.049999999999995381 ) ;
#731 = ORIENTED_EDGE ( 'NONE', *, *, #1393, .F. ) ;
#732 = APPROVAL_PERSON_ORGANIZATION ( #641, #920, #404 ) ;
#733 = FACE_OUTER_BOUND ( 'NONE', #2870, .T. ) ;
#734 = CC_DESIGN_PERSON_AND_ORGANIZATION_ASSIGNMENT ( #2028, #2932, ( #1354 ) ) ;
#735 = CARTESIAN_POINT ( 'NONE',  ( 0.000000000000000000, 36.00000000000000711, -3.049999999999999822 ) ) ;
#736 = EDGE_CURVE ( 'NONE', #2716, #2247, #482, .T. ) ;
#737 = EDGE_CURVE ( 'NONE', #1830, #1840, #1451, .T. ) ;
#738 = DIRECTION ( 'NONE',  ( 0.000000000000000000, 0.000000000000000000, 1.000000000000000000 ) ) ;
#739 = CARTESIAN_POINT ( 'NONE',  ( -15.00000000000000178, 0.000000000000000000, 3.252606517456514485E-15 ) ) ;
#740 = DIRECTION ( 'NONE',  ( 0.000000000000000000, 0.000000000000000000, -1.000000000000000000 ) ) ;
#741 = EDGE_CURVE ( 'NONE', #2040, #1499, #1211, .T. ) ;
#742 = ORIENTED_EDGE ( 'NONE', *, *, #1568, .T. ) ;
#743 = PERSON ( '未', '未', '未', ('未'), ('未'), ('未') ) ;
#744 = ORIENTED_EDGE ( 'NONE', *, *, #2206, .T. ) ;
#745 = CYLINDRICAL_SURFACE ( 'NONE', #498, 2.000000000000001776 ) ;
#746 = CARTESIAN_POINT ( 'NONE',  ( -14.50000000000000355, 69.00000000000000000, -10.09999999999999787 ) ) ;
#747 = DIRECTION ( 'NONE',  ( -0.000000000000000000, 1.000000000000000000, -0.000000000000000000 ) ) ;
#748 = DIRECTION ( 'NONE',  ( -0.000000000000000000, 1.000000000000000000, -0.000000000000000000 ) ) ;
#749 = ORIENTED_EDGE ( 'NONE', *, *, #2789, .F. ) ;
#750 = DIRECTION ( 'NONE',  ( 0.000000000000000000, 0.000000000000000000, -1.000000000000000000 ) ) ;
#751 = DIRECTION ( 'NONE',  ( 1.000000000000000000, 0.000000000000000000, 0.000000000000000000 ) ) ;
#752 = FACE_OUTER_BOUND ( 'NONE', #1550, .T. ) ;
#753 = DIRECTION ( 'NONE',  ( 1.000000000000000000, 0.000000000000000000, 0.000000000000000000 ) ) ;
#754 = ORIENTED_EDGE ( 'NONE', *, *, #1963, .T. ) ;
#755 = ORIENTED_EDGE ( 'NONE', *, *, #2895, .F. ) ;
#756 = CARTESIAN_POINT ( 'NONE',  ( -4.242640687119277665, 3.500000000000000000, -4.242640687119291876 ) ) ;
#757 = ORIENTED_EDGE ( 'NONE', *, *, #2351, .F. ) ;
#758 = DIRECTION ( 'NONE',  ( 0.000000000000000000, 0.000000000000000000, -1.000000000000000000 ) ) ;
#759 = DIRECTION ( 'NONE',  ( 0.000000000000000000, 0.000000000000000000, 1.000000000000000000 ) ) ;
#760 = CARTESIAN_POINT ( 'NONE',  ( -18.08578643762690419, 56.00000000000000000, -7.999999999999994671 ) ) ;
#761 = CARTESIAN_POINT ( 'NONE',  ( 6.650000000000003020, 59.00000000000001421, 10.09999999999999787 ) ) ;
#762 = CARTESIAN_POINT ( 'NONE',  ( 6.650000000000003020, 61.00000000000001421, 7.999999999999998224 ) ) ;
#763 = AXIS2_PLACEMENT_3D ( 'NONE', #1754, #2448, #187 ) ;
#764 = CARTESIAN_POINT ( 'NONE',  ( 4.242640687119276777, 3.500000000000000000, 5.292640687119295251 ) ) ;
#765 = DIRECTION ( 'NONE',  ( 0.000000000000000000, 1.000000000000000000, 0.000000000000000000 ) ) ;
#766 = DIRECTION ( 'NONE',  ( 1.000000000000000000, 0.000000000000000000, 0.000000000000000000 ) ) ;
#767 = CIRCLE ( 'NONE', #2227, 1.049999999999999822 ) ;
#768 = CARTESIAN_POINT ( 'NONE',  ( 0.000000000000000000, 3.500000000000000000, 8.000000000000000000 ) ) ;
#769 = CIRCLE ( 'NONE', #915, 4.000000000000003553 ) ;
#770 = ORIENTED_EDGE ( 'NONE', *, *, #737, .T. ) ;
#771 = VECTOR ( 'NONE', #294, 1000.000000000000000 ) ;
#772 = AXIS2_PLACEMENT_3D ( 'NONE', #133, #1662, #2135 ) ;
#773 = EDGE_CURVE ( 'NONE', #2598, #2918, #1887, .T. ) ;
#774 = ORIENTED_EDGE ( 'NONE', *, *, #1000, .T. ) ;
#775 = CARTESIAN_POINT ( 'NONE',  ( -4.242640687119276777, 3.500000000000000000, 4.242640687119294540 ) ) ;
#776 = LINE ( 'NONE', #1390, #1258 ) ;
#777 = VECTOR ( 'NONE', #2700, 1000.000000000000000 ) ;
#778 = DIRECTION ( 'NONE',  ( 1.000000000000000000, 0.000000000000000000, 0.000000000000000000 ) ) ;
#779 = EDGE_CURVE ( 'NONE', #6, #1503, #2555, .T. ) ;
#780 = ADVANCED_FACE ( 'NONE', ( #2728, #2280, #957, #944, #2086, #2098 ), #51, .F. ) ;
#781 = CARTESIAN_POINT ( 'NONE',  ( -17.50000000000000000, 56.00000000000000711, -7.999999999999996447 ) ) ;
#782 = DIRECTION ( 'NONE',  ( 0.000000000000000000, 0.000000000000000000, -1.000000000000000000 ) ) ;
#783 = ORIENTED_EDGE ( 'NONE', *, *, #2216, .T. ) ;
#784 = AXIS2_PLACEMENT_3D ( 'NONE', #2844, #1262, #2601 ) ;
#785 = CARTESIAN_POINT ( 'NONE',  ( -4.242640687119277665, 32.50000000000000000, -4.242640687119291876 ) ) ;
#786 = AXIS2_PLACEMENT_3D ( 'NONE', #1884, #2792, #758 ) ;
#787 = CARTESIAN_POINT ( 'NONE',  ( -0.4999999999999987232, 65.00000000000000000, 112.0000000000000000 ) ) ;
#788 = CARTESIAN_POINT ( 'NONE',  ( -18.50000000000000711, 65.00000000000000000, -12.00000000000000000 ) ) ;
#789 = LINE ( 'NONE', #58, #299 ) ;
#790 = CARTESIAN_POINT ( 'NONE',  ( -2.499999999999998668, 60.00000000000001421, 110.0000000000000000 ) ) ;
#791 = ORIENTED_EDGE ( 'NONE', *, *, #2206, .F. ) ;
#792 = DIRECTION ( 'NONE',  ( 0.000000000000000000, 0.000000000000000000, -1.000000000000000000 ) ) ;
#793 = CARTESIAN_POINT ( 'NONE',  ( -17.50000000000000355, 0.000000000000000000, -11.00000000000000000 ) ) ;
#794 = CARTESIAN_POINT ( 'NONE',  ( 6.600000000000002309, 59.00000000000001421, 10.09999999999999964 ) ) ;
#795 = DIRECTION ( 'NONE',  ( -1.000000000000000000, -0.000000000000000000, 0.000000000000000000 ) ) ;
#796 = DIRECTION ( 'NONE',  ( -0.000000000000000000, -1.000000000000000000, -0.000000000000000000 ) ) ;
#797 = DIRECTION ( 'NONE',  ( 0.000000000000000000, 1.000000000000000000, -0.000000000000000000 ) ) ;
#798 = EDGE_CURVE ( 'NONE', #2037, #2399, #981, .T. ) ;
#799 = CARTESIAN_POINT ( 'NONE',  ( -18.49995568415286229, 59.97991332158421329, 7.035201066376050250 ) ) ;
#800 = DIRECTION ( 'NONE',  ( 0.000000000000000000, 0.000000000000000000, -1.000000000000000000 ) ) ;
#801 = CARTESIAN_POINT ( 'NONE',  ( -15.00000000000000178, 0.000000000000000000, 3.252606517456514485E-15 ) ) ;
#802 = ORIENTED_EDGE ( 'NONE', *, *, #646, .F. ) ;
#803 = CYLINDRICAL_SURFACE ( 'NONE', #2903, 1.049999999999999822 ) ;
#804 = ORIENTED_EDGE ( 'NONE', *, *, #702, .F. ) ;
#805 = CARTESIAN_POINT ( 'NONE',  ( 1.500000000000001332, 65.00000000000000000, 12.00000000000000000 ) ) ;
#806 = CARTESIAN_POINT ( 'NONE',  ( 1.500000000000001332, 60.00000000000001421, 12.00000000000000000 ) ) ;
#807 = CARTESIAN_POINT ( 'NONE',  ( 4.242640687119276777, 36.00000000000000711, 5.292640687119295251 ) ) ;
#808 = ORIENTED_EDGE ( 'NONE', *, *, #2539, .F. ) ;
#809 = CARTESIAN_POINT ( 'NONE',  ( 1.500000000000001332, 69.00000000000000000, 112.0000000000000000 ) ) ;
#810 = CARTESIAN_POINT ( 'NONE',  ( -3.735172737399427146E-16, 32.50000000000000000, 3.049999999999999822 ) ) ;
#811 = CARTESIAN_POINT ( 'NONE',  ( -16.64999999999999858, 59.00000000000001421, 10.10000000000000142 ) ) ;
#812 = EDGE_CURVE ( 'NONE', #2240, #1494, #963, .T. ) ;
#813 = EDGE_CURVE ( 'NONE', #1052, #260, #1903, .T. ) ;
#814 = CARTESIAN_POINT ( 'NONE',  ( 6.600000000000002309, 59.00000000000001421, -10.09999999999999964 ) ) ;
#815 = AXIS2_PLACEMENT_3D ( 'NONE', #2129, #522, #274 ) ;
#816 = VERTEX_POINT ( 'NONE', #1419 ) ;
#817 = ORIENTED_EDGE ( 'NONE', *, *, #1521, .F. ) ;
#818 = AXIS2_PLACEMENT_3D ( 'NONE', #843, #2828, #153 ) ;
#819 = ORIENTED_EDGE ( 'NONE', *, *, #1672, .T. ) ;
#820 = COORDINATED_UNIVERSAL_TIME_OFFSET ( 8, 0, .AHEAD. ) ;
#821 = SPHERICAL_SURFACE ( 'NONE', #1772, 1.000000000000000000 ) ;
#822 = CIRCLE ( 'NONE', #2461, 1.000000000000000888 ) ;
#823 = CIRCLE ( 'NONE', #1578, 1.049999999999999822 ) ;
#824 = CARTESIAN_POINT ( 'NONE',  ( -0.04939507369869307329, 56.82789706555434606, 12.00000000000000178 ) ) ;
#825 = CIRCLE ( 'NONE', #250, 8.000000000000000000 ) ;
#826 = AXIS2_PLACEMENT_3D ( 'NONE', #2251, #2044, #1360 ) ;
#827 = CARTESIAN_POINT ( 'NONE',  ( 0.000000000000000000, 32.50000000000000000, 0.000000000000000000 ) ) ;
#828 = FACE_OUTER_BOUND ( 'NONE', #1654, .T. ) ;
#829 = AXIS2_PLACEMENT_3D ( 'NONE', #2898, #1906, #54 ) ;
#830 = CARTESIAN_POINT ( 'NONE',  ( -18.49744168168564684, 60.14306080101960106, 7.071496276890306909 ) ) ;
#831 = VECTOR ( 'NONE', #1482, 1000.000000000000000 ) ;
#832 = EDGE_CURVE ( 'NONE', #1620, #340, #700, .T. ) ;
#833 = AXIS2_PLACEMENT_3D ( 'NONE', #2782, #289, #1434 ) ;
#834 = EDGE_CURVE ( 'NONE', #2918, #2292, #2545, .T. ) ;
#835 = LINE ( 'NONE', #1725, #2570 ) ;
#836 = DIRECTION ( 'NONE',  ( -0.000000000000000000, -1.000000000000000000, -0.000000000000000000 ) ) ;
#837 = DIRECTION ( 'NONE',  ( -0.000000000000000000, 1.000000000000000000, -0.000000000000000000 ) ) ;
#838 = ORIENTED_EDGE ( 'NONE', *, *, #417, .F. ) ;
#839 = ADVANCED_FACE ( 'NONE', ( #1225 ), #2346, .F. ) ;
#840 = ORIENTED_EDGE ( 'NONE', *, *, #1320, .T. ) ;
#841 = CARTESIAN_POINT ( 'NONE',  ( -4.242640687119276777, 32.50000000000000000, 5.292640687119295251 ) ) ;
#842 = CARTESIAN_POINT ( 'NONE',  ( 4.242640687119277665, 36.00000000000000711, -4.242640687119291876 ) ) ;
#843 = CARTESIAN_POINT ( 'NONE',  ( -4.242640687119276777, 36.00000000000000711, 4.242640687119294540 ) ) ;
#844 = ORIENTED_EDGE ( 'NONE', *, *, #1376, .F. ) ;
#845 = CARTESIAN_POINT ( 'NONE',  ( 4.242640687119277665, 32.50000000000000000, -3.192640687119291609 ) ) ;
#846 = CARTESIAN_POINT ( 'NONE',  ( -18.50000000000000000, 57.00000000000000711, 11.00000000000000000 ) ) ;
#847 = CARTESIAN_POINT ( 'NONE',  ( -17.50000000000000000, 57.35424868893542083, 8.000000000000000000 ) ) ;
#848 = DIRECTION ( 'NONE',  ( -0.000000000000000000, 1.000000000000000000, -0.000000000000000000 ) ) ;
#849 = EDGE_LOOP ( 'NONE', ( #327, #2457, #1517, #2632 ) ) ;
#850 = VERTEX_POINT ( 'NONE', #2498 ) ;
#851 =( LENGTH_UNIT ( ) NAMED_UNIT ( * ) SI_UNIT ( .MILLI., .METRE. ) );
#852 = CYLINDRICAL_SURFACE ( 'NONE', #2620, 1.000000000000000888 ) ;
#853 = EDGE_CURVE ( 'NONE', #1847, #954, #476, .T. ) ;
#854 = FACE_OUTER_BOUND ( 'NONE', #384, .T. ) ;
#855 = DIRECTION ( 'NONE',  ( 0.000000000000000000, 0.000000000000000000, -1.000000000000000000 ) ) ;
#856 = CARTESIAN_POINT ( 'NONE',  ( 0.000000000000000000, 36.00000000000000711, -8.000000000000000000 ) ) ;
#857 = CARTESIAN_POINT ( 'NONE',  ( -18.41963011072785505, 59.20215218905294563, 7.392817972258712622 ) ) ;
#858 = ORIENTED_EDGE ( 'NONE', *, *, #1652, .T. ) ;
#859 = ORIENTED_EDGE ( 'NONE', *, *, #2156, .F. ) ;
#860 = DIRECTION ( 'NONE',  ( -1.717547996016640734E-16, 0.000000000000000000, -1.000000000000000000 ) ) ;
#861 = ORIENTED_EDGE ( 'NONE', *, *, #1869, .T. ) ;
#862 =( NAMED_UNIT ( * ) SI_UNIT ( $, .STERADIAN. ) SOLID_ANGLE_UNIT ( ) );
#863 = AXIS2_PLACEMENT_3D ( 'NONE', #2176, #2165, #2587 ) ;
#864 = ADVANCED_FACE ( 'NONE', ( #1625 ), #2517, .F. ) ;
#865 = ADVANCED_FACE ( 'NONE', ( #2597 ), #2583, .T. ) ;
#866 = DIRECTION ( 'NONE',  ( -0.000000000000000000, 1.000000000000000000, -0.000000000000000000 ) ) ;
#867 = CIRCLE ( 'NONE', #110, 1.050000000000000488 ) ;
#868 = ORIENTED_EDGE ( 'NONE', *, *, #1229, .T. ) ;
#869 = AXIS2_PLACEMENT_3D ( 'NONE', #2471, #449, #228 ) ;
#870 = VECTOR ( 'NONE', #999, 1000.000000000000000 ) ;
#871 = AXIS2_PLACEMENT_3D ( 'NONE', #1740, #2879, #598 ) ;
#872 = CARTESIAN_POINT ( 'NONE',  ( -18.32659848920074097, 58.83500935649142605, 7.562829961901403664 ) ) ;
#873 = CARTESIAN_POINT ( 'NONE',  ( -4.242640687119277665, 3.500000000000000000, -5.292640687119291698 ) ) ;
#874 = AXIS2_PLACEMENT_3D ( 'NONE', #1705, #129, #1046 ) ;
#875 = EDGE_LOOP ( 'NONE', ( #2902, #2157, #403, #744, #463, #888 ) ) ;
#876 = ORIENTED_EDGE ( 'NONE', *, *, #2190, .F. ) ;
#877 = CARTESIAN_POINT ( 'NONE',  ( 4.242640687119276777, 36.00000000000000711, 4.242640687119294540 ) ) ;
#878 = DIRECTION ( 'NONE',  ( 1.000000000000000000, -0.000000000000000000, -1.734723475976807094E-16 ) ) ;
#879 = ORIENTED_EDGE ( 'NONE', *, *, #130, .F. ) ;
#880 = ORIENTED_EDGE ( 'NONE', *, *, #2048, .T. ) ;
#881 = CARTESIAN_POINT ( 'NONE',  ( -17.50000000000000000, 0.000000000000000000, 7.000000000000000000 ) ) ;
#882 = CARTESIAN_POINT ( 'NONE',  ( -18.02165014059594128, 58.10305420558535872, 7.853225811308787385 ) ) ;
#883 = EDGE_LOOP ( 'NONE', ( #446, #402, #938, #1690 ) ) ;
#884 = LINE ( 'NONE', #248, #777 ) ;
#885 = VERTEX_POINT ( 'NONE', #2611 ) ;
#886 = EDGE_LOOP ( 'NONE', ( #1918, #2024, #1302, #1796, #1946 ) ) ;
#887 = CARTESIAN_POINT ( 'NONE',  ( -18.49993223928371222, 59.93376128913286749, 7.896443838166695706 ) ) ;
#888 = ORIENTED_EDGE ( 'NONE', *, *, #2203, .F. ) ;
#889 = CARTESIAN_POINT ( 'NONE',  ( -17.50000000000000355, 56.00000000000000711, -11.00000000000000000 ) ) ;
#890 = ORIENTED_EDGE ( 'NONE', *, *, #1249, .F. ) ;
#891 = CARTESIAN_POINT ( 'NONE',  ( -4.242640687119277665, 36.00000000000000711, -4.242640687119291876 ) ) ;
#892 = DIRECTION ( 'NONE',  ( -0.000000000000000000, 1.000000000000000000, -0.000000000000000000 ) ) ;
#893 = ORIENTED_EDGE ( 'NONE', *, *, #2539, .T. ) ;
#894 = ORIENTED_EDGE ( 'NONE', *, *, #2013, .F. ) ;
#895 = EDGE_CURVE ( 'NONE', #816, #2905, #59, .T. ) ;
#896 = CARTESIAN_POINT ( 'NONE',  ( -17.77925541399591225, 57.70940194604534668, 7.960446172055955394 ) ) ;
#897 = EDGE_CURVE ( 'NONE', #1191, #1338, #1485, .T. ) ;
#898 = EDGE_CURVE ( 'NONE', #2275, #2282, #529, .T. ) ;
#899 = DIRECTION ( 'NONE',  ( -0.000000000000000000, -0.000000000000000000, 1.000000000000000000 ) ) ;
#900 = CARTESIAN_POINT ( 'NONE',  ( 6.650000000000003020, 59.00000000000001421, 10.09999999999999787 ) ) ;
#901 = CARTESIAN_POINT ( 'NONE',  ( 8.500000000000000000, 59.00000000000001421, -12.00000000000000000 ) ) ;
#902 = ORIENTED_EDGE ( 'NONE', *, *, #283, .F. ) ;
#903 = ORIENTED_EDGE ( 'NONE', *, *, #2883, .T. ) ;
#904 = COORDINATED_UNIVERSAL_TIME_OFFSET ( 8, 0, .AHEAD. ) ;
#905 = CARTESIAN_POINT ( 'NONE',  ( 8.500000000000000000, 61.00000000000001421, -8.000000000000003553 ) ) ;
#906 = ORIENTED_EDGE ( 'NONE', *, *, #2842, .T. ) ;
#907 = CYLINDRICAL_SURFACE ( 'NONE', #157, 1.049999999999999822 ) ;
#908 = VERTEX_POINT ( 'NONE', #1734 ) ;
#909 = FACE_OUTER_BOUND ( 'NONE', #2485, .T. ) ;
#910 = VECTOR ( 'NONE', #892, 1000.000000000000000 ) ;
#911 = DIRECTION ( 'NONE',  ( -0.000000000000000000, 1.000000000000000000, -0.000000000000000000 ) ) ;
#912 = CARTESIAN_POINT ( 'NONE',  ( 4.242640687119277665, 32.50000000000000000, -5.292640687119291698 ) ) ;
#913 = ORIENTED_EDGE ( 'NONE', *, *, #2388, .T. ) ;
#914 = ORIENTED_EDGE ( 'NONE', *, *, #1333, .T. ) ;
#915 = AXIS2_PLACEMENT_3D ( 'NONE', #1915, #2793, #94 ) ;
#916 = FACE_OUTER_BOUND ( 'NONE', #2755, .T. ) ;
#917 = AXIS2_PLACEMENT_3D ( 'NONE', #1086, #1069, #1509 ) ;
#918 = CARTESIAN_POINT ( 'NONE',  ( -18.14057440231559326, 58.34142801559706726, 7.768654838931555062 ) ) ;
#919 = AXIS2_PLACEMENT_3D ( 'NONE', #1874, #77, #2750 ) ;
#920 = APPROVAL ( #1085, '未' ) ;
#921 = CARTESIAN_POINT ( 'NONE',  ( -11.49999999999998934, 62.50000000000000000, 32.00000000000000000 ) ) ;
#922 = DIRECTION ( 'NONE',  ( 0.000000000000000000, 1.000000000000000000, 0.000000000000000000 ) ) ;
#923 = VECTOR ( 'NONE', #2387, 1000.000000000000000 ) ;
#924 = ORIENTED_EDGE ( 'NONE', *, *, #408, .F. ) ;
#925 = ORIENTED_EDGE ( 'NONE', *, *, #601, .T. ) ;
#926 = PERSON_AND_ORGANIZATION_ROLE ( 'classification_officer' ) ;
#927 = VECTOR ( 'NONE', #2197, 1000.000000000000000 ) ;
#928 = EDGE_CURVE ( 'NONE', #644, #1647, #2773, .T. ) ;
#929 = ORIENTED_EDGE ( 'NONE', *, *, #337, .F. ) ;
#930 = ORIENTED_EDGE ( 'NONE', *, *, #2466, .F. ) ;
#931 = CARTESIAN_POINT ( 'NONE',  ( -5.499999999999987566, 66.50000000000000000, 32.00000000000000000 ) ) ;
#932 = DIRECTION ( 'NONE',  ( 1.000000000000000000, 0.000000000000000000, 0.000000000000000000 ) ) ;
#933 = ORIENTED_EDGE ( 'NONE', *, *, #1232, .F. ) ;
#934 = CYLINDRICAL_SURFACE ( 'NONE', #2334, 1.050000000000000488 ) ;
#935 = DIRECTION ( 'NONE',  ( 0.000000000000000000, 0.000000000000000000, -1.000000000000000000 ) ) ;
#936 = DIRECTION ( 'NONE',  ( 0.000000000000000000, 0.000000000000000000, -1.000000000000000000 ) ) ;
#937 = ORIENTED_EDGE ( 'NONE', *, *, #1307, .F. ) ;
#938 = ORIENTED_EDGE ( 'NONE', *, *, #2684, .T. ) ;
#939 = ORIENTED_EDGE ( 'NONE', *, *, #2305, .F. ) ;
#940 = EDGE_CURVE ( 'NONE', #1235, #1698, #1703, .T. ) ;
#941 = ORIENTED_EDGE ( 'NONE', *, *, #1791, .T. ) ;
#942 = FACE_OUTER_BOUND ( 'NONE', #410, .T. ) ;
#943 = CYLINDRICAL_SURFACE ( 'NONE', #869, 1.049999999999999822 ) ;
#944 = FACE_BOUND ( 'NONE', #19, .T. ) ;
#945 = ORIENTED_EDGE ( 'NONE', *, *, #1309, .F. ) ;
#946 = VERTEX_POINT ( 'NONE', #807 ) ;
#947 = DIRECTION ( 'NONE',  ( 0.000000000000000000, 0.000000000000000000, -1.000000000000000000 ) ) ;
#948 = CARTESIAN_POINT ( 'NONE',  ( -16.64999999999999858, 61.00000000000001421, -9.049999999999995381 ) ) ;
#949 = B_SPLINE_CURVE_WITH_KNOTS ( 'NONE', 3,
 ( #1334, #656, #1559, #887, #423, #2000 ),
 .UNSPECIFIED., .F., .F.,
 ( 4, 2, 4 ),
 ( 0.000000000000000000, 0.0006396267518298450350, 0.001279253503659692672 ),
 .UNSPECIFIED. ) ;
#950 = CARTESIAN_POINT ( 'NONE',  ( 8.500000000000000000, 61.00000000000001421, 7.999999999999996447 ) ) ;
#951 = DIRECTION ( 'NONE',  ( -0.000000000000000000, 0.000000000000000000, 1.000000000000000000 ) ) ;
#952 = EDGE_LOOP ( 'NONE', ( #365, #2180, #2018, #195, #1771, #2678, #1839, #774, #2162, #188 ) ) ;
#953 = CARTESIAN_POINT ( 'NONE',  ( -0.9071539318807221308, 68.67686394803733663, 11.74661455716234215 ) ) ;
#954 = VERTEX_POINT ( 'NONE', #1464 ) ;
#955 = DIRECTION ( 'NONE',  ( 1.000000000000000000, 0.000000000000000000, 0.000000000000000000 ) ) ;
#956 = CARTESIAN_POINT ( 'NONE',  ( -11.49999999999998934, 62.50000000000000000, 32.00000000000000000 ) ) ;
#957 = FACE_BOUND ( 'NONE', #1478, .T. ) ;
#958 = EDGE_LOOP ( 'NONE', ( #97, #226, #2488, #612, #2091, #205 ) ) ;
#959 = EDGE_CURVE ( 'NONE', #2450, #1417, #2096, .T. ) ;
#960 = CIRCLE ( 'NONE', #1154, 2.000000000000000000 ) ;
#961 = FACE_OUTER_BOUND ( 'NONE', #491, .T. ) ;
#962 = B_SPLINE_CURVE_WITH_KNOTS ( 'NONE', 3,
 ( #2420, #563, #2589, #394, #354, #2618, #1959, #2829, #830, #1739, #1710, #2649, #2640, #2188, #1467, #155, #1077, #1751, #1303, #2202, #799, #174, #1088, #1993, #577, #1328, #1564, #649, #2212, #467, #2205, #1792, #1780, #1554, #2033, #2243, #2685, #673, #9, #1100, #2478, #2003, #2447, #635, #416, #2926, #1587, #857, #2023, #1089, #661, #2899, #218, #1142, #872, #2914, #453, #2719, #2674, #918, #2440, #1366, #2226, #882, #199, #1765, #433, #1116, #1348, #1825, #178, #2256, #1128, #896, #2697, #1528, #847 ),
 .UNSPECIFIED., .F., .F.,
 ( 4, 2, 1, 1, 1, 2, 2, 2, 2, 2, 2, 1, 1, 2, 2, 2, 1, 1, 2, 2, 2, 1, 2, 2, 2, 2, 1, 1, 2, 2, 2, 1, 1, 2, 2, 2, 2, 1, 1, 2, 2, 2, 1, 2, 2, 4 ),
 ( 0.000000000000000000, 0.03124999999998336053, 0.04687499999997527672, 0.05468749999997341710, 0.05859374999997240402, 0.06054687499997388200, 0.06249999999997535305, 0.09374999999998982758, 0.09765624999998619160, 0.1015624999999825556, 0.1093749999999753114, 0.1171874999999680811, 0.1210937499999670125, 0.1230468749999640982, 0.1249999999999611977, 0.1562499999999558409, 0.1718749999999558409, 0.1796874999999557021, 0.1835937499999556466, 0.1874999999999555911, 0.2187499999999384104, 0.2343749999999296674, 0.2421874999999252542, 0.2499999999999208411, 0.3124999999999038547, 0.3281249999998981925, 0.3437499999998924749, 0.3593749999998867573, 0.3671874999998869238, 0.3749999999998870903, 0.4374999999998999689, 0.4687499999999062972, 0.4843749999999100164, 0.4921874999999084621, 0.4999999999999069633, 0.6249999999999071854, 0.6874999999999067413, 0.7187499999999087397, 0.7343749999999097389, 0.7421874999999137357, 0.7499999999999178435, 0.8124999999999434896, 0.8437499999999570344, 0.8593749999999614753, 0.8749999999999659162, 1.000000000000000000 ),
 .UNSPECIFIED. ) ;
#963 = CIRCLE ( 'NONE', #1920, 3.049999999999999822 ) ;
#964 = EDGE_CURVE ( 'NONE', #1989, #2281, #2187, .T. ) ;
#965 = PLANE ( 'NONE',  #1072 ) ;
#966 = CIRCLE ( 'NONE', #1627, 1.050000000000000044 ) ;
#967 = CIRCLE ( 'NONE', #1533, 4.000000000000003553 ) ;
#968 = DIRECTION ( 'NONE',  ( -1.000000000000000000, 0.000000000000000000, 0.000000000000000000 ) ) ;
#969 = DIRECTION ( 'NONE',  ( 0.000000000000000000, 0.000000000000000000, -1.000000000000000000 ) ) ;
#970 = CARTESIAN_POINT ( 'NONE',  ( 4.242640687119276777, 32.50000000000000000, 4.242640687119294540 ) ) ;
#971 = AXIS2_PLACEMENT_3D ( 'NONE', #705, #1368, #1378 ) ;
#972 = VECTOR ( 'NONE', #1034, 1000.000000000000000 ) ;
#973 = CARTESIAN_POINT ( 'NONE',  ( -46.50000000000000000, 61.00000000000001421, 8.000000000000007105 ) ) ;
#974 = AXIS2_PLACEMENT_3D ( 'NONE', #1231, #2798, #766 ) ;
#975 = ORIENTED_EDGE ( 'NONE', *, *, #1597, .T. ) ;
#976 = ORIENTED_EDGE ( 'NONE', *, *, #2925, .T. ) ;
#977 = CIRCLE ( 'NONE', #2668, 2.000000000000001776 ) ;
#978 = CARTESIAN_POINT ( 'NONE',  ( 4.242640687119277665, 3.500000000000000000, -4.242640687119291876 ) ) ;
#979 = DIRECTION ( 'NONE',  ( 0.000000000000000000, -1.000000000000000000, 0.000000000000000000 ) ) ;
#980 = FACE_OUTER_BOUND ( 'NONE', #2930, .T. ) ;
#981 = LINE ( 'NONE', #2761, #1724 ) ;
#982 = AXIS2_PLACEMENT_3D ( 'NONE', #1227, #98, #995 ) ;
#983 = ORIENTED_EDGE ( 'NONE', *, *, #34, .T. ) ;
#984 = LINE ( 'NONE', #2328, #2476 ) ;
#985 = DIRECTION ( 'NONE',  ( -0.000000000000000000, -1.000000000000000000, -0.000000000000000000 ) ) ;
#986 = LINE ( 'NONE', #1456, #1821 ) ;
#987 = DIRECTION ( 'NONE',  ( -1.000000000000000000, 0.000000000000000000, 2.312964634635742957E-16 ) ) ;
#988 = CARTESIAN_POINT ( 'NONE',  ( -2.270557149523773965, 69.00000000000000000, 11.11472108108023349 ) ) ;
#989 = ORIENTED_EDGE ( 'NONE', *, *, #1145, .F. ) ;
#990 = ORIENTED_EDGE ( 'NONE', *, *, #1544, .T. ) ;
#991 = DIRECTION ( 'NONE',  ( 1.000000000000000000, 0.000000000000000000, 0.000000000000000000 ) ) ;
#992 = DIRECTION ( 'NONE',  ( -1.000000000000000000, -0.000000000000000000, 0.000000000000000000 ) ) ;
#993 = LINE ( 'NONE', #84, #393 ) ;
#994 = DIRECTION ( 'NONE',  ( 0.000000000000000000, 0.000000000000000000, 1.000000000000000000 ) ) ;
#995 = DIRECTION ( 'NONE',  ( 0.000000000000000000, 0.000000000000000000, -1.000000000000000000 ) ) ;
#996 = CARTESIAN_POINT ( 'NONE',  ( -18.49999999999997868, 65.00000000000000000, 110.0000000000000000 ) ) ;
#997 = DIRECTION ( 'NONE',  ( 0.000000000000000000, 0.000000000000000000, -1.000000000000000000 ) ) ;
#998 = CARTESIAN_POINT ( 'NONE',  ( -4.242640687119276777, 0.000000000000000000, 5.292640687119295251 ) ) ;
#999 = DIRECTION ( 'NONE',  ( 2.168404344971009361E-16, 0.000000000000000000, 1.000000000000000000 ) ) ;
#1000 = EDGE_CURVE ( 'NONE', #2292, #2057, #1935, .T. ) ;
#1001 = CARTESIAN_POINT ( 'NONE',  ( -16.64999999999999858, 61.00000000000001421, 9.049999999999997158 ) ) ;
#1002 = EDGE_CURVE ( 'NONE', #1850, #1243, #1529, .T. ) ;
#1003 = ORIENTED_EDGE ( 'NONE', *, *, #1831, .T. ) ;
#1004 = EDGE_LOOP ( 'NONE', ( #840, #426 ) ) ;
#1005 = FACE_OUTER_BOUND ( 'NONE', #2648, .T. ) ;
#1006 = EDGE_LOOP ( 'NONE', ( #686, #602, #1618, #1913 ) ) ;
#1007 = CARTESIAN_POINT ( 'NONE',  ( -4.242640687119276777, 32.50000000000000000, 3.192640687119293830 ) ) ;
#1008 = DIRECTION ( 'NONE',  ( -1.000000000000000000, 0.000000000000000000, 0.000000000000000000 ) ) ;
#1009 = LINE ( 'NONE', #1916, #1344 ) ;
#1010 = CARTESIAN_POINT ( 'NONE',  ( -11.49999999999998934, 66.50000000000000000, 32.00000000000000000 ) ) ;
#1011 = ORIENTED_EDGE ( 'NONE', *, *, #1810, .F. ) ;
#1012 = DIRECTION ( 'NONE',  ( 0.000000000000000000, 0.000000000000000000, 1.000000000000000000 ) ) ;
#1013 = DIRECTION ( 'NONE',  ( 0.000000000000000000, 0.000000000000000000, -1.000000000000000000 ) ) ;
#1014 = DIRECTION ( 'NONE',  ( 0.000000000000000000, 0.000000000000000000, 1.000000000000000000 ) ) ;
#1015 = PLANE ( 'NONE',  #1538 ) ;
#1016 = VECTOR ( 'NONE', #2074, 1000.000000000000000 ) ;
#1017 = CARTESIAN_POINT ( 'NONE',  ( -14.50000000000000178, 56.00000000000000711, 3.144186300207964042E-15 ) ) ;
#1018 = VECTOR ( 'NONE', #474, 1000.000000000000000 ) ;
#1019 = EDGE_CURVE ( 'NONE', #2293, #2851, #2375, .T. ) ;
#1020 = CIRCLE ( 'NONE', #2617, 2.000000000000000000 ) ;
#1021 = CIRCLE ( 'NONE', #1582, 1.049999999999998046 ) ;
#1022 = AXIS2_PLACEMENT_3D ( 'NONE', #2785, #2385, #527 ) ;
#1023 = CARTESIAN_POINT ( 'NONE',  ( 4.242640687119277665, 3.500000000000000000, -4.242640687119291876 ) ) ;
#1024 = ORIENTED_EDGE ( 'NONE', *, *, #2847, .T. ) ;
#1025 = CARTESIAN_POINT ( 'NONE',  ( 0.000000000000000000, 3.500000000000000000, -3.049999999999999822 ) ) ;
#1026 = VECTOR ( 'NONE', #2590, 1000.000000000000000 ) ;
#1027 = DIRECTION ( 'NONE',  ( 0.000000000000000000, 1.000000000000000000, 0.000000000000000000 ) ) ;
#1028 = DIRECTION ( 'NONE',  ( 1.000000000000000000, 0.000000000000000000, 0.000000000000000000 ) ) ;
#1029 = EDGE_CURVE ( 'NONE', #1030, #1699, #2896, .T. ) ;
#1030 = VERTEX_POINT ( 'NONE', #2415 ) ;
#1031 = AXIS2_PLACEMENT_3D ( 'NONE', #2683, #2477, #1563 ) ;
#1032 = LINE ( 'NONE', #2827, #76 ) ;
#1033 =( GEOMETRIC_REPRESENTATION_CONTEXT ( 3 ) GLOBAL_UNCERTAINTY_ASSIGNED_CONTEXT ( ( #2017 ) ) GLOBAL_UNIT_ASSIGNED_CONTEXT ( ( #851, #184, #862 ) ) REPRESENTATION_CONTEXT ( 'NONE', 'WORKASPACE' ) );
#1034 = DIRECTION ( 'NONE',  ( 0.000000000000000000, -1.000000000000000000, 0.000000000000000000 ) ) ;
#1035 = LINE ( 'NONE', #1939, #2109 ) ;
#1036 = CARTESIAN_POINT ( 'NONE',  ( 0.000000000000000000, 3.500000000000000000, 0.000000000000000000 ) ) ;
#1037 = FACE_OUTER_BOUND ( 'NONE', #722, .T. ) ;
#1038 = ORIENTED_EDGE ( 'NONE', *, *, #1431, .T. ) ;
#1039 = ORIENTED_EDGE ( 'NONE', *, *, #2727, .F. ) ;
#1040 = DIRECTION ( 'NONE',  ( 0.000000000000000000, -0.000000000000000000, -1.000000000000000000 ) ) ;
#1041 = CARTESIAN_POINT ( 'NONE',  ( -4.242640687119276777, 3.500000000000000000, 5.292640687119295251 ) ) ;
#1042 = CARTESIAN_POINT ( 'NONE',  ( -1.582739917347711245, 56.09968168683204937, 11.45077711033860091 ) ) ;
#1043 = EDGE_CURVE ( 'NONE', #2737, #2851, #867, .T. ) ;
#1044 = ORIENTED_EDGE ( 'NONE', *, *, #2670, .F. ) ;
#1045 = EDGE_CURVE ( 'NONE', #2247, #2716, #966, .T. ) ;
#1046 = DIRECTION ( 'NONE',  ( 0.000000000000000000, 0.000000000000000000, -1.000000000000000000 ) ) ;
#1047 = LINE ( 'NONE', #1278, #159 ) ;
#1048 = CARTESIAN_POINT ( 'NONE',  ( 4.242640687119276777, 0.000000000000000000, 4.242640687119294540 ) ) ;
#1049 = DIRECTION ( 'NONE',  ( -0.000000000000000000, 0.000000000000000000, 1.000000000000000000 ) ) ;
#1050 = DIRECTION ( 'NONE',  ( 0.000000000000000000, 0.000000000000000000, -1.000000000000000000 ) ) ;
#1051 = DIRECTION ( 'NONE',  ( 1.000000000000000000, -0.000000000000000000, -1.734723475976807094E-16 ) ) ;
#1052 = VERTEX_POINT ( 'NONE', #1010 ) ;
#1053 = FACE_OUTER_BOUND ( 'NONE', #2602, .T. ) ;
#1054 = CARTESIAN_POINT ( 'NONE',  ( -2.499999999999998668, 56.00000000000000711, 11.00000000000000000 ) ) ;
#1055 = EDGE_LOOP ( 'NONE', ( #69, #2125 ) ) ;
#1056 = EDGE_CURVE ( 'NONE', #954, #1888, #1196, .T. ) ;
#1057 = DIRECTION ( 'NONE',  ( 0.000000000000000000, 0.000000000000000000, -1.000000000000000000 ) ) ;
#1058 = ADVANCED_FACE ( 'NONE', ( #733 ), #1454, .F. ) ;
#1059 = CARTESIAN_POINT ( 'NONE',  ( 7.500000000000000888, 69.00000000000000000, -11.00000000000000000 ) ) ;
#1060 = FACE_OUTER_BOUND ( 'NONE', #1643, .T. ) ;
#1061 = ADVANCED_FACE ( 'NONE', ( #1870 ), #1675, .T. ) ;
#1062 = CARTESIAN_POINT ( 'NONE',  ( -4.242640687119277665, 32.50000000000000000, -4.242640687119291876 ) ) ;
#1063 = VECTOR ( 'NONE', #2875, 1000.000000000000000 ) ;
#1064 = LINE ( 'NONE', #2867, #425 ) ;
#1065 = ORIENTED_EDGE ( 'NONE', *, *, #1215, .F. ) ;
#1066 = AXIS2_PLACEMENT_3D ( 'NONE', #460, #1560, #238 ) ;
#1067 = VERTEX_POINT ( 'NONE', #1351 ) ;
#1068 = DIRECTION ( 'NONE',  ( 0.000000000000000000, 0.000000000000000000, 1.000000000000000000 ) ) ;
#1069 = DIRECTION ( 'NONE',  ( 1.000000000000000000, 0.000000000000000000, -8.673617379884026597E-16 ) ) ;
#1070 = VECTOR ( 'NONE', #1798, 1000.000000000000000 ) ;
#1071 = ORIENTED_EDGE ( 'NONE', *, *, #2912, .T. ) ;
#1072 = AXIS2_PLACEMENT_3D ( 'NONE', #2088, #1197, #2537 ) ;
#1073 = AXIS2_PLACEMENT_3D ( 'NONE', #1439, #1049, #100 ) ;
#1074 = CARTESIAN_POINT ( 'NONE',  ( -16.64999999999999858, 59.00000000000001421, -10.09999999999999787 ) ) ;
#1075 = AXIS2_PLACEMENT_3D ( 'NONE', #2284, #2298, #1141 ) ;
#1076 = ORIENTED_EDGE ( 'NONE', *, *, #2746, .F. ) ;
#1077 = CARTESIAN_POINT ( 'NONE',  ( -18.49984689511087765, 60.03554412388901085, 7.023858130742154593 ) ) ;
#1078 = CIRCLE ( 'NONE', #1402, 8.000000000000000000 ) ;
#1079 = EDGE_CURVE ( 'NONE', #1697, #1204, #2231, .T. ) ;
#1080 = DIRECTION ( 'NONE',  ( 0.000000000000000000, 0.000000000000000000, -1.000000000000000000 ) ) ;
#1081 = ADVANCED_FACE ( 'NONE', ( #1421 ), #1214, .T. ) ;
#1082 = CARTESIAN_POINT ( 'NONE',  ( 0.000000000000000000, 32.50000000000000000, 0.000000000000000000 ) ) ;
#1083 = ORIENTED_EDGE ( 'NONE', *, *, #1831, .F. ) ;
#1084 = VERTEX_POINT ( 'NONE', #2567 ) ;
#1085 = APPROVAL_STATUS ( 'not_yet_approved' ) ;
#1086 = CARTESIAN_POINT ( 'NONE',  ( 7.500000000000000888, 57.00000000000000711, -11.00000000000000000 ) ) ;
#1087 = PLANE ( 'NONE',  #2149 ) ;
#1088 = CARTESIAN_POINT ( 'NONE',  ( -18.49985943342118233, 59.96635389334639399, 7.039349452848674638 ) ) ;
#1089 = CARTESIAN_POINT ( 'NONE',  ( -18.40218908342935222, 59.11802890893721951, 7.432823355057499803 ) ) ;
#1090 = EDGE_CURVE ( 'NONE', #1910, #2905, #432, .T. ) ;
#1091 = DIRECTION ( 'NONE',  ( 0.000000000000000000, 1.000000000000000000, 0.000000000000000000 ) ) ;
#1092 = ORIENTED_EDGE ( 'NONE', *, *, #2311, .F. ) ;
#1093 = ADVANCED_FACE ( 'NONE', ( #2796 ), #321, .F. ) ;
#1094 = EDGE_CURVE ( 'NONE', #2493, #1191, #2783, .T. ) ;
#1095 = LINE ( 'NONE', #1744, #725 ) ;
#1096 = ORIENTED_EDGE ( 'NONE', *, *, #398, .F. ) ;
#1097 = APPLICATION_PROTOCOL_DEFINITION ( 'international standard', 'config_control_design', 1994, #158 ) ;
#1098 = ORIENTED_EDGE ( 'NONE', *, *, #180, .T. ) ;
#1099 = DIRECTION ( 'NONE',  ( 0.000000000000000000, 0.000000000000000000, -1.000000000000000000 ) ) ;
#1100 = CARTESIAN_POINT ( 'NONE',  ( -18.47095051334454041, 59.51636781581866131, 7.240760441158731631 ) ) ;
#1101 = CARTESIAN_POINT ( 'NONE',  ( 7.500000000000000888, 68.00000000000000000, 11.00000000000000000 ) ) ;
#1102 = EDGE_LOOP ( 'NONE', ( #983, #378 ) ) ;
#1103 = VERTEX_POINT ( 'NONE', #764 ) ;
#1104 = DIRECTION ( 'NONE',  ( 0.000000000000000000, 1.000000000000000000, 0.000000000000000000 ) ) ;
#1105 = AXIS2_PLACEMENT_3D ( 'NONE', #497, #1179, #2808 ) ;
#1106 = CARTESIAN_POINT ( 'NONE',  ( -4.242640687119276777, 36.00000000000000711, 3.192640687119293830 ) ) ;
#1107 = CIRCLE ( 'NONE', #1967, 4.000000000000003553 ) ;
#1108 = EDGE_CURVE ( 'NONE', #1989, #2598, #2813, .T. ) ;
#1109 = DIRECTION ( 'NONE',  ( 1.000000000000000000, 0.000000000000000000, -0.000000000000000000 ) ) ;
#1110 = EDGE_LOOP ( 'NONE', ( #1083, #2022, #945, #662, #533 ) ) ;
#1111 = ORIENTED_EDGE ( 'NONE', *, *, #779, .T. ) ;
#1112 = CIRCLE ( 'NONE', #2514, 1.049999999999995381 ) ;
#1113 = CIRCLE ( 'NONE', #2235, 2.000000000000001776 ) ;
#1114 = CIRCLE ( 'NONE', #439, 1.049999999999995381 ) ;
#1115 = AXIS2_PLACEMENT_3D ( 'NONE', #2822, #276, #2063 ) ;
#1116 = CARTESIAN_POINT ( 'NONE',  ( -17.95930649313396898, 57.99032820127459331, 7.889257450177034947 ) ) ;
#1117 = ORIENTED_EDGE ( 'NONE', *, *, #2883, .F. ) ;
#1118 = DIRECTION ( 'NONE',  ( -0.000000000000000000, -1.000000000000000000, -0.000000000000000000 ) ) ;
#1119 = AXIS2_PLACEMENT_3D ( 'NONE', #978, #1974, #2885 ) ;
#1120 = VERTEX_POINT ( 'NONE', #1693 ) ;
#1121 = ORIENTED_EDGE ( 'NONE', *, *, #1416, .T. ) ;
#1122 = SECURITY_CLASSIFICATION ( '', '', #2464 ) ;
#1123 = EDGE_LOOP ( 'NONE', ( #2266, #414, #183, #371, #2850 ) ) ;
#1124 = DIRECTION ( 'NONE',  ( 0.000000000000000000, 1.000000000000000000, 0.000000000000000000 ) ) ;
#1125 = ADVANCED_FACE ( 'NONE', ( #220, #1131, #2036 ), #2929, .F. ) ;
#1126 = EDGE_LOOP ( 'NONE', ( #128, #314 ) ) ;
#1127 = CARTESIAN_POINT ( 'NONE',  ( -15.00000000000000355, 3.500000000000003109, -7.999999999999996447 ) ) ;
#1128 = CARTESIAN_POINT ( 'NONE',  ( -17.78788068529790323, 57.72181329441976771, 7.957871871251975371 ) ) ;
#1129 = CARTESIAN_POINT ( 'NONE',  ( 0.000000000000000000, 3.500000000000000000, -8.000000000000000000 ) ) ;
#1130 = DIRECTION ( 'NONE',  ( -0.000000000000000000, 1.000000000000000000, -0.000000000000000000 ) ) ;
#1131 = FACE_BOUND ( 'NONE', #1997, .T. ) ;
#1132 = EDGE_LOOP ( 'NONE', ( #442, #2790, #990, #1226 ) ) ;
#1133 = ORIENTED_EDGE ( 'NONE', *, *, #481, .F. ) ;
#1134 = ORIENTED_EDGE ( 'NONE', *, *, #626, .F. ) ;
#1135 = FACE_OUTER_BOUND ( 'NONE', #2500, .T. ) ;
#1136 = DIRECTION ( 'NONE',  ( -0.000000000000000000, -0.000000000000000000, 1.000000000000000000 ) ) ;
#1137 = CARTESIAN_POINT ( 'NONE',  ( 4.242640687119277665, 32.50000000000000000, -4.242640687119291876 ) ) ;
#1138 = ORIENTED_EDGE ( 'NONE', *, *, #2684, .F. ) ;
#1139 = ORIENTED_EDGE ( 'NONE', *, *, #2502, .F. ) ;
#1140 = ADVANCED_FACE ( 'NONE', ( #1551 ), #2059, .F. ) ;
#1141 = DIRECTION ( 'NONE',  ( 0.000000000000000000, 0.000000000000000000, -1.000000000000000000 ) ) ;
#1142 = CARTESIAN_POINT ( 'NONE',  ( -18.33333213184726418, 58.85720258089616408, 7.552894705001034659 ) ) ;
#1143 = DIRECTION ( 'NONE',  ( 0.000000000000000000, 0.000000000000000000, -1.000000000000000000 ) ) ;
#1144 = DIRECTION ( 'NONE',  ( 0.000000000000000000, 0.000000000000000000, -1.000000000000000000 ) ) ;
#1145 = EDGE_CURVE ( 'NONE', #1103, #447, #2249, .T. ) ;
#1146 = ORIENTED_EDGE ( 'NONE', *, *, #1611, .F. ) ;
#1147 = ORIENTED_EDGE ( 'NONE', *, *, #2306, .F. ) ;
#1148 = CARTESIAN_POINT ( 'NONE',  ( 4.242640687119276777, 3.500000000000000000, 5.292640687119295251 ) ) ;
#1149 = VECTOR ( 'NONE', #712, 1000.000000000000000 ) ;
#1150 = CARTESIAN_POINT ( 'NONE',  ( -14.49999999999997868, 58.00000000000000711, 112.0000000000000000 ) ) ;
#1151 = EDGE_LOOP ( 'NONE', ( #783, #621, #2506 ) ) ;
#1152 = AXIS2_PLACEMENT_3D ( 'NONE', #2358, #1448, #329 ) ;
#1153 = CIRCLE ( 'NONE', #296, 1.050000000000000044 ) ;
#1154 = AXIS2_PLACEMENT_3D ( 'NONE', #728, #1645, #286 ) ;
#1155 = VECTOR ( 'NONE', #2527, 1000.000000000000000 ) ;
#1156 = DIRECTION ( 'NONE',  ( 1.000000000000000000, 0.000000000000000000, 0.000000000000000000 ) ) ;
#1157 = DIRECTION ( 'NONE',  ( 0.000000000000000000, 1.000000000000000000, -0.000000000000000000 ) ) ;
#1158 = ADVANCED_FACE ( 'NONE', ( #657 ), #2486, .T. ) ;
#1159 = VECTOR ( 'NONE', #1950, 1000.000000000000000 ) ;
#1160 = EDGE_LOOP ( 'NONE', ( #179, #573, #1632, #477 ) ) ;
#1161 = VERTEX_POINT ( 'NONE', #1106 ) ;
#1162 = CARTESIAN_POINT ( 'NONE',  ( 0.000000000000000000, 0.000000000000000000, 8.000000000000000000 ) ) ;
#1163 = DIRECTION ( 'NONE',  ( 0.000000000000000000, -1.000000000000000000, 0.000000000000000000 ) ) ;
#1164 = CARTESIAN_POINT ( 'NONE',  ( 0.000000000000000000, 36.00000000000000711, 0.000000000000000000 ) ) ;
#1165 = ORIENTED_EDGE ( 'NONE', *, *, #2724, .T. ) ;
#1166 = ORIENTED_EDGE ( 'NONE', *, *, #104, .T. ) ;
#1167 = LINE ( 'NONE', #1854, #2469 ) ;
#1168 = DIRECTION ( 'NONE',  ( 1.000000000000000000, 0.000000000000000000, -2.168404344971008868E-16 ) ) ;
#1169 = CARTESIAN_POINT ( 'NONE',  ( -18.50000000000000000, 59.00000000000001421, 12.00000000000000000 ) ) ;
#1170 = ORIENTED_EDGE ( 'NONE', *, *, #1807, .T. ) ;
#1171 = ORIENTED_EDGE ( 'NONE', *, *, #1741, .T. ) ;
#1172 = APPROVAL_ROLE ( '' ) ;
#1173 = ADVANCED_FACE ( 'NONE', ( #909 ), #412, .F. ) ;
#1174 = ORIENTED_EDGE ( 'NONE', *, *, #2349, .F. ) ;
#1175 = EDGE_CURVE ( 'NONE', #2554, #2040, #2043, .T. ) ;
#1176 = ORIENTED_EDGE ( 'NONE', *, *, #2741, .T. ) ;
#1177 = CARTESIAN_POINT ( 'NONE',  ( -5.499999999999988454, 58.50000000000000000, 32.00000000000000000 ) ) ;
#1178 = CARTESIAN_POINT ( 'NONE',  ( -14.50000000000000355, 65.00000000000000000, -11.00000000000000000 ) ) ;
#1179 = DIRECTION ( 'NONE',  ( 0.000000000000000000, 0.000000000000000000, 1.000000000000000000 ) ) ;
#1180 = ADVANCED_FACE ( 'NONE', ( #942 ), #2713, .F. ) ;
#1181 = VERTEX_POINT ( 'NONE', #1373 ) ;
#1182 = LINE ( 'NONE', #1648, #972 ) ;
#1183 = CARTESIAN_POINT ( 'NONE',  ( 7.500000000000000000, 59.00000000000001421, -11.00000000000000000 ) ) ;
#1184 = DIRECTION ( 'NONE',  ( -0.000000000000000000, 1.000000000000000000, -0.000000000000000000 ) ) ;
#1185 = FACE_BOUND ( 'NONE', #2223, .T. ) ;
#1186 = DIRECTION ( 'NONE',  ( 0.000000000000000000, 0.000000000000000000, -1.000000000000000000 ) ) ;
#1187 = EDGE_LOOP ( 'NONE', ( #196, #2195, #690, #701, #1862, #1978, #975 ) ) ;
#1188 = CYLINDRICAL_SURFACE ( 'NONE', #1152, 1.000000000000000000 ) ;
#1189 = DIRECTION ( 'NONE',  ( -1.000000000000000000, -0.000000000000000000, -0.000000000000000000 ) ) ;
#1190 = DIRECTION ( 'NONE',  ( 0.000000000000000000, 0.000000000000000000, 1.000000000000000000 ) ) ;
#1191 = VERTEX_POINT ( 'NONE', #1606 ) ;
#1192 = ADVANCED_FACE ( 'NONE', ( #2692 ), #2496, .F. ) ;
#1193 = CARTESIAN_POINT ( 'NONE',  ( -15.00000000000000000, 36.00000000000000711, 8.000000000000000000 ) ) ;
#1194 = VECTOR ( 'NONE', #604, 1000.000000000000000 ) ;
#1195 = DIRECTION ( 'NONE',  ( -0.000000000000000000, 1.000000000000000000, -0.000000000000000000 ) ) ;
#1196 = CIRCLE ( 'NONE', #1676, 1.000000000000000000 ) ;
#1197 = DIRECTION ( 'NONE',  ( 0.000000000000000000, 1.000000000000000000, 0.000000000000000000 ) ) ;
#1198 = AXIS2_PLACEMENT_3D ( 'NONE', #1404, #2142, #778 ) ;
#1199 = CARTESIAN_POINT ( 'NONE',  ( -15.00000000000000178, 3.500000000000000000, -7.999999999999996447 ) ) ;
#1200 = LINE ( 'NONE', #1234, #2383 ) ;
#1201 = CIRCLE ( 'NONE', #1923, 1.050000000000000488 ) ;
#1202 = TOROIDAL_SURFACE ( 'NONE', #2863, 3.000000000000000000, 1.000000000000000000 ) ;
#1203 = CARTESIAN_POINT ( 'NONE',  ( -1.582745375285370182, 68.90031963475639998, 11.45077454851714016 ) ) ;
#1204 = VERTEX_POINT ( 'NONE', #931 ) ;
#1205 = EDGE_LOOP ( 'NONE', ( #659, #653, #2397, #2869 ) ) ;
#1206 = VERTEX_POINT ( 'NONE', #256 ) ;
#1207 = VECTOR ( 'NONE', #1713, 1000.000000000000000 ) ;
#1208 = DIRECTION ( 'NONE',  ( 1.000000000000000000, 0.000000000000000000, -2.168404344971009361E-16 ) ) ;
#1209 = DIRECTION ( 'NONE',  ( 0.000000000000000000, 0.000000000000000000, 1.000000000000000000 ) ) ;
#1210 = CARTESIAN_POINT ( 'NONE',  ( 4.242640687119276777, 0.000000000000000000, 5.292640687119295251 ) ) ;
#1211 = LINE ( 'NONE', #2534, #293 ) ;
#1212 = AXIS2_PLACEMENT_3D ( 'NONE', #762, #574, #2348 ) ;
#1213 = EDGE_CURVE ( 'NONE', #2445, #2677, #1359, .T. ) ;
#1214 = CYLINDRICAL_SURFACE ( 'NONE', #671, 2.000000000000001776 ) ;
#1215 = EDGE_CURVE ( 'NONE', #1843, #1704, #1836, .T. ) ;
#1216 = CARTESIAN_POINT ( 'NONE',  ( -11.49999999999998934, 58.50000000000000000, 32.00000000000000000 ) ) ;
#1217 = FACE_OUTER_BOUND ( 'NONE', #271, .T. ) ;
#1218 = CARTESIAN_POINT ( 'NONE',  ( -15.00000000000000000, 36.00000000000000711, 8.000000000000000000 ) ) ;
#1219 = VERTEX_POINT ( 'NONE', #427 ) ;
#1220 = EDGE_LOOP ( 'NONE', ( #2758, #654, #1602, #2169 ) ) ;
#1221 = EDGE_LOOP ( 'NONE', ( #2317, #2915, #742, #568, #1483 ) ) ;
#1222 = CARTESIAN_POINT ( 'NONE',  ( -0.4999999999999987232, 60.00000000000001421, 112.0000000000000000 ) ) ;
#1223 = CARTESIAN_POINT ( 'NONE',  ( -15.00000000000000178, 32.50000000000000000, -7.999999999999996447 ) ) ;
#1224 = CARTESIAN_POINT ( 'NONE',  ( -18.50000000000000355, 56.41421356237310647, -7.585786437626899747 ) ) ;
#1225 = FACE_OUTER_BOUND ( 'NONE', #249, .T. ) ;
#1226 = ORIENTED_EDGE ( 'NONE', *, *, #481, .T. ) ;
#1227 = CARTESIAN_POINT ( 'NONE',  ( -17.50000000000000355, 57.00000000000000711, -11.00000000000000000 ) ) ;
#1228 = DIRECTION ( 'NONE',  ( -0.000000000000000000, 1.000000000000000000, -0.000000000000000000 ) ) ;
#1229 = EDGE_CURVE ( 'NONE', #1620, #2856, #2511, .T. ) ;
#1230 = DIRECTION ( 'NONE',  ( 0.000000000000000000, 0.000000000000000000, 1.000000000000000000 ) ) ;
#1231 = CARTESIAN_POINT ( 'NONE',  ( -14.49999999999997868, 60.00000000000001421, 110.0000000000000000 ) ) ;
#1232 = EDGE_CURVE ( 'NONE', #1665, #816, #2444, .T. ) ;
#1233 = VERTEX_POINT ( 'NONE', #1162 ) ;
#1234 = CARTESIAN_POINT ( 'NONE',  ( 8.500000000000000000, 68.00000000000000000, -12.00000000000000000 ) ) ;
#1235 = VERTEX_POINT ( 'NONE', #2073 ) ;
#1236 = DIRECTION ( 'NONE',  ( 0.000000000000000000, -1.000000000000000000, 0.000000000000000000 ) ) ;
#1237 = DIRECTION ( 'NONE',  ( -0.000000000000000000, -0.000000000000000000, 1.000000000000000000 ) ) ;
#1238 = DIRECTION ( 'NONE',  ( 0.000000000000000000, 0.000000000000000000, 1.000000000000000000 ) ) ;
#1239 = DIRECTION ( 'NONE',  ( -1.000000000000000000, 0.000000000000000000, 0.000000000000000000 ) ) ;
#1240 = CLOSED_SHELL ( 'NONE', ( #1140, #209, #2656, #1612, #1523, #1058, #1093, #2082, #1891, #2100, #2136, #125, #839, #2490, #32, #2747, #1553, #1790, #652, #1961, #2366, #2220, #121, #1760, #465, #2254, #1911, #2908, #2560, #2066, #2291, #1988, #2161, #2530, #780, #865, #461, #338, #1180, #2408, #2623, #1125, #864, #1173, #31, #2204, #2631, #543, #192, #1277, #2050, #1158, #545, #2673, #2584, #424, #2581, #2524, #1998, #487, #517, #242, #1192, #1397, #2014, #2749, #695, #243, #307, #1081, #2484, #2463, #2390, #232, #1539, #1061, #1468, #2866, #1396, #2702, #244, #266, #1335, #2270, #2657, #2369, #561 ) ) ;
#1241 = DIRECTION ( 'NONE',  ( 0.000000000000000000, 0.000000000000000000, 1.000000000000000000 ) ) ;
#1242 = CARTESIAN_POINT ( 'NONE',  ( -4.242640687119276777, 3.500000000000000000, 5.292640687119295251 ) ) ;
#1243 = VERTEX_POINT ( 'NONE', #1340 ) ;
#1244 = PRODUCT ( 'gello_teleop_flexiv_handle_v2', 'gello_teleop_flexiv_handle_v2', '', ( #2431 ) ) ;
#1245 = VECTOR ( 'NONE', #2646, 1000.000000000000000 ) ;
#1246 = CYLINDRICAL_SURFACE ( 'NONE', #1250, 8.000000000000000000 ) ;
#1247 = CARTESIAN_POINT ( 'NONE',  ( -46.50000000000000000, 61.00000000000001421, -9.049999999999990052 ) ) ;
#1248 = AXIS2_PLACEMENT_3D ( 'NONE', #1183, #1436, #1921 ) ;
#1249 = EDGE_CURVE ( 'NONE', #2342, #1084, #2661, .T. ) ;
#1250 = AXIS2_PLACEMENT_3D ( 'NONE', #1036, #2831, #800 ) ;
#1251 = CIRCLE ( 'NONE', #2621, 1.049999999999995381 ) ;
#1252 = DIRECTION ( 'NONE',  ( 1.000000000000000000, -0.000000000000000000, -1.734723475976807094E-16 ) ) ;
#1253 = ORIENTED_EDGE ( 'NONE', *, *, #213, .T. ) ;
#1254 = LINE ( 'NONE', #537, #1640 ) ;
#1255 = AXIS2_PLACEMENT_3D ( 'NONE', #2078, #1663, #1186 ) ;
#1256 = CARTESIAN_POINT ( 'NONE',  ( 6.650000000000003020, 59.00000000000001421, -10.10000000000000142 ) ) ;
#1257 = DIRECTION ( 'NONE',  ( 0.000000000000000000, 0.000000000000000000, 1.000000000000000000 ) ) ;
#1258 = VECTOR ( 'NONE', #1701, 1000.000000000000000 ) ;
#1259 = CARTESIAN_POINT ( 'NONE',  ( 7.500000000000000888, 68.00000000000000000, 0.000000000000000000 ) ) ;
#1260 = CIRCLE ( 'NONE', #546, 1.050000000000000488 ) ;
#1261 = DIRECTION ( 'NONE',  ( 1.000000000000000000, -0.000000000000000000, -0.000000000000000000 ) ) ;
#1262 = DIRECTION ( 'NONE',  ( 0.000000000000000000, 0.000000000000000000, -1.000000000000000000 ) ) ;
#1263 = VERTEX_POINT ( 'NONE', #668 ) ;
#1264 = SPHERICAL_SURFACE ( 'NONE', #772, 1.000000000000000000 ) ;
#1265 = CARTESIAN_POINT ( 'NONE',  ( 0.1457513110645889676, 57.00000000000000711, 11.99999999999999645 ) ) ;
#1266 = CARTESIAN_POINT ( 'NONE',  ( -0.4999999999999987232, 0.000000000000000000, 110.0000000000000000 ) ) ;
#1267 = ORIENTED_EDGE ( 'NONE', *, *, #617, .F. ) ;
#1268 = DIRECTION ( 'NONE',  ( 1.000000000000000000, -0.000000000000000000, -0.000000000000000000 ) ) ;
#1269 = PRODUCT_RELATED_PRODUCT_CATEGORY ( 'detail', '', ( #1244 ) ) ;
#1270 = ORIENTED_EDGE ( 'NONE', *, *, #1852, .T. ) ;
#1271 = APPROVAL_ROLE ( '' ) ;
#1272 = CARTESIAN_POINT ( 'NONE',  ( -4.242640687119277665, 32.50000000000000000, -5.292640687119291698 ) ) ;
#1273 = EDGE_CURVE ( 'NONE', #2677, #2045, #586, .T. ) ;
#1274 = EDGE_CURVE ( 'NONE', #222, #946, #2101, .T. ) ;
#1275 = CARTESIAN_POINT ( 'NONE',  ( 7.500000000000000888, 57.00000000000000711, 11.00000000000000000 ) ) ;
#1276 = ORIENTED_EDGE ( 'NONE', *, *, #2417, .F. ) ;
#1277 = ADVANCED_FACE ( 'NONE', ( #1577 ), #2470, .T. ) ;
#1278 = CARTESIAN_POINT ( 'NONE',  ( 0.000000000000000000, 3.500000000000000000, -8.000000000000000000 ) ) ;
#1279 = ORIENTED_EDGE ( 'NONE', *, *, #1706, .F. ) ;
#1280 = DIRECTION ( 'NONE',  ( 1.000000000000000000, 0.000000000000000000, -2.168404344971006896E-16 ) ) ;
#1281 = CARTESIAN_POINT ( 'NONE',  ( -18.50000000000000000, 60.67984378812839452, 7.000000000000000000 ) ) ;
#1282 = ORIENTED_EDGE ( 'NONE', *, *, #1304, .F. ) ;
#1283 = VERTEX_POINT ( 'NONE', #727 ) ;
#1284 = DIRECTION ( 'NONE',  ( 0.000000000000000000, -1.000000000000000000, 0.000000000000000000 ) ) ;
#1285 = CARTESIAN_POINT ( 'NONE',  ( -4.242640687119276777, 3.500000000000000000, 3.192640687119293830 ) ) ;
#1286 = ORIENTED_EDGE ( 'NONE', *, *, #104, .F. ) ;
#1287 = DIRECTION ( 'NONE',  ( 0.000000000000000000, 1.000000000000000000, 0.000000000000000000 ) ) ;
#1288 = ORIENTED_EDGE ( 'NONE', *, *, #126, .F. ) ;
#1289 = DIRECTION ( 'NONE',  ( -1.000000000000000000, 0.000000000000000000, 0.000000000000000000 ) ) ;
#1290 = AXIS2_PLACEMENT_3D ( 'NONE', #2456, #2325, #1190 ) ;
#1291 = PLANE ( 'NONE',  #193 ) ;
#1292 = EDGE_LOOP ( 'NONE', ( #2302, #1369, #757, #2535, #518 ) ) ;
#1293 = VECTOR ( 'NONE', #2117, 1000.000000000000000 ) ;
#1294 = ORIENTED_EDGE ( 'NONE', *, *, #156, .F. ) ;
#1295 = CARTESIAN_POINT ( 'NONE',  ( 0.1457513110645889676, 68.00000000000000000, 12.00000000000000000 ) ) ;
#1296 = FACE_OUTER_BOUND ( 'NONE', #1731, .T. ) ;
#1297 = VECTOR ( 'NONE', #2635, 1000.000000000000000 ) ;
#1298 = DIRECTION ( 'NONE',  ( 0.000000000000000000, 1.000000000000000000, 0.000000000000000000 ) ) ;
#1299 = AXIS2_PLACEMENT_3D ( 'NONE', #1661, #765, #1014 ) ;
#1300 = FACE_BOUND ( 'NONE', #1110, .T. ) ;
#1301 = TOROIDAL_SURFACE ( 'NONE', #2389, 2.000000000000000000, 2.000000000000000000 ) ;
#1302 = ORIENTED_EDGE ( 'NONE', *, *, #305, .T. ) ;
#1303 = CARTESIAN_POINT ( 'NONE',  ( -18.49999375650762090, 60.01044489444066699, 7.027425096211642241 ) ) ;
#1304 = EDGE_CURVE ( 'NONE', #1120, #1541, #1901, .T. ) ;
#1305 = VECTOR ( 'NONE', #1668, 1000.000000000000000 ) ;
#1306 = DIRECTION ( 'NONE',  ( -0.000000000000000000, 1.000000000000000000, -0.000000000000000000 ) ) ;
#1307 = EDGE_CURVE ( 'NONE', #52, #2442, #109, .T. ) ;
#1308 = CARTESIAN_POINT ( 'NONE',  ( -11.49999999999998934, 66.50000000000000000, 112.0000000000000000 ) ) ;
#1309 = EDGE_CURVE ( 'NONE', #1641, #885, #769, .T. ) ;
#1310 = DIRECTION ( 'NONE',  ( 0.000000000000000000, 0.000000000000000000, -1.000000000000000000 ) ) ;
#1311 = DIRECTION ( 'NONE',  ( 0.000000000000000000, 0.000000000000000000, 1.000000000000000000 ) ) ;
#1312 = ORIENTED_EDGE ( 'NONE', *, *, #2912, .F. ) ;
#1313 = ORIENTED_EDGE ( 'NONE', *, *, #1893, .F. ) ;
#1314 = APPROVAL_DATE_TIME ( #411, #920 ) ;
#1315 = CARTESIAN_POINT ( 'NONE',  ( -16.64999999999999858, 61.00000000000001421, 8.000000000000001776 ) ) ;
#1316 = CARTESIAN_POINT ( 'NONE',  ( -17.50000000000000355, 57.00000000000000711, -12.00000000000000000 ) ) ;
#1317 = ORIENTED_EDGE ( 'NONE', *, *, #2603, .F. ) ;
#1318 = VERTEX_POINT ( 'NONE', #49 ) ;
#1319 = CYLINDRICAL_SURFACE ( 'NONE', #2900, 1.049999999999997158 ) ;
#1320 = EDGE_CURVE ( 'NONE', #2080, #1570, #1964, .T. ) ;
#1321 = ORIENTED_EDGE ( 'NONE', *, *, #379, .T. ) ;
#1322 = COORDINATED_UNIVERSAL_TIME_OFFSET ( 8, 0, .AHEAD. ) ;
#1323 = CARTESIAN_POINT ( 'NONE',  ( -14.49999999999998934, 56.00000000000000711, 110.0000000000000000 ) ) ;
#1324 = ORIENTED_EDGE ( 'NONE', *, *, #2071, .T. ) ;
#1325 = CARTESIAN_POINT ( 'NONE',  ( -14.50000000000000000, 65.00000000000000000, 10.09999999999999964 ) ) ;
#1326 = CARTESIAN_POINT ( 'NONE',  ( 3.735172737399427146E-16, 0.000000000000000000, 3.049999999999999822 ) ) ;
#1327 = LINE ( 'NONE', #462, #8 ) ;
#1328 = CARTESIAN_POINT ( 'NONE',  ( -18.49898428985326859, 59.90331867693570445, 7.061184131155417987 ) ) ;
#1329 = ORIENTED_EDGE ( 'NONE', *, *, #2801, .F. ) ;
#1330 = EDGE_LOOP ( 'NONE', ( #206, #1473 ) ) ;
#1331 = ORIENTED_EDGE ( 'NONE', *, *, #2586, .F. ) ;
#1332 = AXIS2_PLACEMENT_3D ( 'NONE', #219, #2459, #2257 ) ;
#1333 = EDGE_CURVE ( 'NONE', #2057, #372, #822, .T. ) ;
#1334 = CARTESIAN_POINT ( 'NONE',  ( -18.48459750910645738, 60.35068887981032759, 7.174836337931680852 ) ) ;
#1335 = ADVANCED_FACE ( 'NONE', ( #1669 ), #285, .T. ) ;
#1336 = AXIS2_PLACEMENT_3D ( 'NONE', #1917, #1688, #1238 ) ;
#1337 = LINE ( 'NONE', #2738, #2237 ) ;
#1338 = VERTEX_POINT ( 'NONE', #1686 ) ;
#1339 = VECTOR ( 'NONE', #2778, 1000.000000000000000 ) ;
#1340 = CARTESIAN_POINT ( 'NONE',  ( 6.650000000000003020, 61.00000000000001421, 6.950000000000002842 ) ) ;
#1341 = CIRCLE ( 'NONE', #2860, 4.000000000000000000 ) ;
#1342 = CARTESIAN_POINT ( 'NONE',  ( 0.000000000000000000, 36.00000000000000711, 0.000000000000000000 ) ) ;
#1343 = VECTOR ( 'NONE', #2173, 1000.000000000000000 ) ;
#1344 = VECTOR ( 'NONE', #1189, 1000.000000000000000 ) ;
#1345 = DIRECTION ( 'NONE',  ( 0.000000000000000000, 1.000000000000000000, 0.000000000000000000 ) ) ;
#1346 = VECTOR ( 'NONE', #987, 1000.000000000000000 ) ;
#1347 = AXIS2_PLACEMENT_3D ( 'NONE', #1514, #2191, #1310 ) ;
#1348 = CARTESIAN_POINT ( 'NONE',  ( -17.92201106193349958, 57.92758303546715126, 7.907532489530605169 ) ) ;
#1349 = CYLINDRICAL_SURFACE ( 'NONE', #66, 1.050000000000000488 ) ;
#1350 = DIRECTION ( 'NONE',  ( 1.000000000000000000, -0.000000000000000000, -0.000000000000000000 ) ) ;
#1351 = CARTESIAN_POINT ( 'NONE',  ( 7.500000000000000888, 56.00000000000000711, -11.00000000000000000 ) ) ;
#1352 = VECTOR ( 'NONE', #2804, 1000.000000000000000 ) ;
#1353 = VERTEX_POINT ( 'NONE', #1223 ) ;
#1354 = PRODUCT_DEFINITION_FORMATION_WITH_SPECIFIED_SOURCE ( '�', '', #1244, .NOT_KNOWN. ) ;
#1355 = EDGE_LOOP ( 'NONE', ( #1610, #142, #2081, #2124 ) ) ;
#1356 = CC_DESIGN_PERSON_AND_ORGANIZATION_ASSIGNMENT ( #2182, #223, ( #1354 ) ) ;
#1357 = ORIENTED_EDGE ( 'NONE', *, *, #1364, .T. ) ;
#1358 = EDGE_CURVE ( 'NONE', #2292, #2402, #1815, .T. ) ;
#1359 = LINE ( 'NONE', #448, #1018 ) ;
#1360 = DIRECTION ( 'NONE',  ( 1.000000000000000000, 0.000000000000000000, 0.000000000000000000 ) ) ;
#1361 = CYLINDRICAL_SURFACE ( 'NONE', #150, 1.049999999999995381 ) ;
#1362 = ORIENTED_EDGE ( 'NONE', *, *, #1090, .F. ) ;
#1363 = EDGE_LOOP ( 'NONE', ( #1313, #2008 ) ) ;
#1364 = EDGE_CURVE ( 'NONE', #1829, #2775, #531, .T. ) ;
#1365 = FACE_OUTER_BOUND ( 'NONE', #1292, .T. ) ;
#1366 = CARTESIAN_POINT ( 'NONE',  ( -18.06929961934795514, 58.19413477330108719, 7.822270258814066679 ) ) ;
#1367 = CARTESIAN_POINT ( 'NONE',  ( -14.49999999999997868, 60.00000000000001421, 112.0000000000000000 ) ) ;
#1368 = DIRECTION ( 'NONE',  ( 0.000000000000000000, -1.000000000000000000, 0.000000000000000000 ) ) ;
#1369 = ORIENTED_EDGE ( 'NONE', *, *, #853, .F. ) ;
#1370 = VERTEX_POINT ( 'NONE', #746 ) ;
#1371 = ORIENTED_EDGE ( 'NONE', *, *, #1629, .F. ) ;
#1372 = EDGE_LOOP ( 'NONE', ( #583, #2262, #1076, #335 ) ) ;
#1373 = CARTESIAN_POINT ( 'NONE',  ( 4.242640687119276777, 32.50000000000000000, 5.292640687119295251 ) ) ;
#1374 = DIRECTION ( 'NONE',  ( 1.717547996016640734E-16, 0.000000000000000000, 1.000000000000000000 ) ) ;
#1375 = ORIENTED_EDGE ( 'NONE', *, *, #217, .T. ) ;
#1376 = EDGE_CURVE ( 'NONE', #1541, #1427, #2580, .T. ) ;
#1377 = DIRECTION ( 'NONE',  ( 0.000000000000000000, -0.000000000000000000, 1.000000000000000000 ) ) ;
#1378 = DIRECTION ( 'NONE',  ( 0.000000000000000000, 0.000000000000000000, -1.000000000000000000 ) ) ;
#1379 = ORIENTED_EDGE ( 'NONE', *, *, #105, .F. ) ;
#1380 = PERSON_AND_ORGANIZATION ( #743, #1547 ) ;
#1381 = ORIENTED_EDGE ( 'NONE', *, *, #87, .F. ) ;
#1382 = ORIENTED_EDGE ( 'NONE', *, *, #1775, .F. ) ;
#1383 = CARTESIAN_POINT ( 'NONE',  ( 8.500000000000000000, 59.00000000000001421, 11.00000000000000000 ) ) ;
#1384 = AXIS2_PLACEMENT_3D ( 'NONE', #1646, #2310, #932 ) ;
#1385 = CARTESIAN_POINT ( 'NONE',  ( 8.500000000000000000, 61.00000000000001421, 7.999999999999996447 ) ) ;
#1386 = CARTESIAN_POINT ( 'NONE',  ( -17.50000000000000000, 3.500000000000000000, 8.000000000000000000 ) ) ;
#1387 = ORIENTED_EDGE ( 'NONE', *, *, #959, .T. ) ;
#1388 = ORIENTED_EDGE ( 'NONE', *, *, #2104, .T. ) ;
#1389 = AXIS2_PLACEMENT_3D ( 'NONE', #2805, #1008, #2127 ) ;
#1390 = CARTESIAN_POINT ( 'NONE',  ( -14.49999999999997868, 69.00000000000000000, 112.0000000000000000 ) ) ;
#1391 = VECTOR ( 'NONE', #979, 1000.000000000000000 ) ;
#1392 = AXIS2_PLACEMENT_3D ( 'NONE', #1876, #2288, #1168 ) ;
#1393 = EDGE_CURVE ( 'NONE', #1243, #639, #2095, .T. ) ;
#1394 = DIRECTION ( 'NONE',  ( 0.000000000000000000, -0.000000000000000000, 1.000000000000000000 ) ) ;
#1395 = VECTOR ( 'NONE', #2301, 1000.000000000000000 ) ;
#1396 = ADVANCED_FACE ( 'NONE', ( #1463 ), #1188, .T. ) ;
#1397 = ADVANCED_FACE ( 'NONE', ( #2322 ), #2344, .T. ) ;
#1398 = DIRECTION ( 'NONE',  ( 1.000000000000000000, 0.000000000000000000, 0.000000000000000000 ) ) ;
#1399 = DIRECTION ( 'NONE',  ( -0.000000000000000000, -0.000000000000000000, 1.000000000000000000 ) ) ;
#1400 = EDGE_LOOP ( 'NONE', ( #1599, #2922, #536, #2001, #754, #819, #2653, #906, #13, #1681, #211 ) ) ;
#1401 = ORIENTED_EDGE ( 'NONE', *, *, #1984, .F. ) ;
#1402 = AXIS2_PLACEMENT_3D ( 'NONE', #827, #866, #642 ) ;
#1403 = ORIENTED_EDGE ( 'NONE', *, *, #2825, .F. ) ;
#1404 = CARTESIAN_POINT ( 'NONE',  ( 7.500000000000000888, 57.00000000000000711, 11.00000000000000000 ) ) ;
#1405 = CARTESIAN_POINT ( 'NONE',  ( 0.000000000000000000, 3.500000000000000000, -8.000000000000000000 ) ) ;
#1406 = CARTESIAN_POINT ( 'NONE',  ( 3.735172737399427146E-16, 3.500000000000000000, 3.049999999999999822 ) ) ;
#1407 = ORIENTED_EDGE ( 'NONE', *, *, #2405, .T. ) ;
#1408 = ORIENTED_EDGE ( 'NONE', *, *, #2801, .T. ) ;
#1409 = DIRECTION ( 'NONE',  ( 0.000000000000000000, -0.000000000000000000, 1.000000000000000000 ) ) ;
#1410 = ORIENTED_EDGE ( 'NONE', *, *, #1079, .T. ) ;
#1411 = CARTESIAN_POINT ( 'NONE',  ( -16.64999999999999858, 61.00000000000001421, -6.950000000000000178 ) ) ;
#1412 = CARTESIAN_POINT ( 'NONE',  ( -17.50000000000000355, 65.00000000000000000, -11.00000000000000000 ) ) ;
#1413 = DIRECTION ( 'NONE',  ( 0.000000000000000000, 1.000000000000000000, 0.000000000000000000 ) ) ;
#1414 = FACE_OUTER_BOUND ( 'NONE', #147, .T. ) ;
#1415 = ORIENTED_EDGE ( 'NONE', *, *, #2928, .T. ) ;
#1416 = EDGE_CURVE ( 'NONE', #1318, #2510, #520, .T. ) ;
#1417 = VERTEX_POINT ( 'NONE', #272 ) ;
#1418 = LINE ( 'NONE', #2308, #1391 ) ;
#1419 = CARTESIAN_POINT ( 'NONE',  ( 8.500000000000000000, 57.00000000000000711, 11.00000000000000000 ) ) ;
#1420 = EDGE_LOOP ( 'NONE', ( #1403, #2744, #1512, #369 ) ) ;
#1421 = FACE_OUTER_BOUND ( 'NONE', #391, .T. ) ;
#1422 = FACE_OUTER_BOUND ( 'NONE', #2606, .T. ) ;
#1423 = DIRECTION ( 'NONE',  ( -2.168404344971009361E-16, 0.000000000000000000, -1.000000000000000000 ) ) ;
#1424 = DIRECTION ( 'NONE',  ( 1.000000000000000000, 0.000000000000000000, -2.168404344971009361E-16 ) ) ;
#1425 = ORIENTED_EDGE ( 'NONE', *, *, #396, .T. ) ;
#1426 = EDGE_CURVE ( 'NONE', #2442, #1641, #1532, .T. ) ;
#1427 = VERTEX_POINT ( 'NONE', #65 ) ;
#1428 = CARTESIAN_POINT ( 'NONE',  ( -14.50000000000000000, 56.00000000000000711, 8.000000000000000000 ) ) ;
#1429 = CARTESIAN_POINT ( 'NONE',  ( 4.242640687119277665, 3.500000000000000000, -3.192640687119291609 ) ) ;
#1430 = EDGE_CURVE ( 'NONE', #1353, #2546, #1418, .T. ) ;
#1431 = EDGE_CURVE ( 'NONE', #1699, #1445, #1885, .T. ) ;
#1432 = FACE_OUTER_BOUND ( 'NONE', #2360, .T. ) ;
#1433 = EDGE_LOOP ( 'NONE', ( #2395, #331 ) ) ;
#1434 = DIRECTION ( 'NONE',  ( 0.000000000000000000, 0.000000000000000000, -1.000000000000000000 ) ) ;
#1435 = VECTOR ( 'NONE', #1261, 1000.000000000000000 ) ;
#1436 = DIRECTION ( 'NONE',  ( 0.000000000000000000, -1.000000000000000000, 0.000000000000000000 ) ) ;
#1437 = CARTESIAN_POINT ( 'NONE',  ( 0.000000000000000000, 36.00000000000000711, 0.000000000000000000 ) ) ;
#1438 = CIRCLE ( 'NONE', #534, 1.049999999999998046 ) ;
#1439 = CARTESIAN_POINT ( 'NONE',  ( -14.49999999999997868, 60.00000000000001421, 110.0000000000000000 ) ) ;
#1440 = LINE ( 'NONE', #2538, #1155 ) ;
#1441 = DIRECTION ( 'NONE',  ( 0.000000000000000000, 0.000000000000000000, -1.000000000000000000 ) ) ;
#1442 = AXIS2_PLACEMENT_3D ( 'NONE', #2639, #1287, #2362 ) ;
#1443 = AXIS2_PLACEMENT_3D ( 'NONE', #1048, #2381, #855 ) ;
#1444 = DIRECTION ( 'NONE',  ( -0.000000000000000000, -1.000000000000000000, -0.000000000000000000 ) ) ;
#1445 = VERTEX_POINT ( 'NONE', #1976 ) ;
#1446 = AXIS2_PLACEMENT_3D ( 'NONE', #123, #1040, #2777 ) ;
#1447 = DIRECTION ( 'NONE',  ( -0.000000000000000000, 1.000000000000000000, -0.000000000000000000 ) ) ;
#1448 = DIRECTION ( 'NONE',  ( 0.000000000000000000, 0.000000000000000000, -1.000000000000000000 ) ) ;
#1449 = CC_DESIGN_PERSON_AND_ORGANIZATION_ASSIGNMENT ( #2872, #169, ( #1244 ) ) ;
#1450 = CYLINDRICAL_SURFACE ( 'NONE', #2011, 4.000000000000003553 ) ;
#1451 = LINE ( 'NONE', #761, #241 ) ;
#1452 = AXIS2_PLACEMENT_3D ( 'NONE', #2821, #2372, #1700 ) ;
#1453 = FACE_OUTER_BOUND ( 'NONE', #1372, .T. ) ;
#1454 = CYLINDRICAL_SURFACE ( 'NONE', #2698, 1.050000000000000488 ) ;
#1455 = EDGE_CURVE ( 'NONE', #946, #222, #2811, .T. ) ;
#1456 = CARTESIAN_POINT ( 'NONE',  ( -2.499999999999998668, 68.00000000000000000, 12.00000000000000000 ) ) ;
#1457 = CARTESIAN_POINT ( 'NONE',  ( 7.500000000000000888, 68.00000000000000000, 11.00000000000000000 ) ) ;
#1458 = LINE ( 'NONE', #325, #1678 ) ;
#1459 = ORIENTED_EDGE ( 'NONE', *, *, #1376, .T. ) ;
#1460 = DIRECTION ( 'NONE',  ( 0.000000000000000000, 0.000000000000000000, 1.000000000000000000 ) ) ;
#1461 = VERTEX_POINT ( 'NONE', #1991 ) ;
#1462 = DIRECTION ( 'NONE',  ( -0.000000000000000000, 1.000000000000000000, -0.000000000000000000 ) ) ;
#1463 = FACE_OUTER_BOUND ( 'NONE', #1609, .T. ) ;
#1464 = CARTESIAN_POINT ( 'NONE',  ( -17.50000000000000000, 0.000000000000000000, 8.000000000000000000 ) ) ;
#1465 = DIRECTION ( 'NONE',  ( -1.000000000000000000, 0.000000000000000000, -0.000000000000000000 ) ) ;
#1466 = CARTESIAN_POINT ( 'NONE',  ( 0.000000000000000000, 0.000000000000000000, 112.0000000000000000 ) ) ;
#1467 = CARTESIAN_POINT ( 'NONE',  ( -18.49970973638489014, 60.04825258371369756, 7.024886775173284192 ) ) ;
#1468 = ADVANCED_FACE ( 'NONE', ( #1053 ), #852, .T. ) ;
#1469 = CARTESIAN_POINT ( 'NONE',  ( 6.650000000000003020, 61.00000000000001421, -9.049999999999998934 ) ) ;
#1470 = DIRECTION ( 'NONE',  ( 0.000000000000000000, 1.000000000000000000, 0.000000000000000000 ) ) ;
#1471 = LINE ( 'NONE', #814, #2712 ) ;
#1472 = ORIENTED_EDGE ( 'NONE', *, *, #1795, .F. ) ;
#1473 = ORIENTED_EDGE ( 'NONE', *, *, #1546, .F. ) ;
#1474 = LINE ( 'NONE', #2578, #1305 ) ;
#1475 = FACE_OUTER_BOUND ( 'NONE', #713, .T. ) ;
#1476 = CARTESIAN_POINT ( 'NONE',  ( -4.242640687119277665, 36.00000000000000711, -4.242640687119291876 ) ) ;
#1477 = DIRECTION ( 'NONE',  ( 0.000000000000000000, 1.000000000000000000, -0.000000000000000000 ) ) ;
#1478 = EDGE_LOOP ( 'NONE', ( #451, #1833 ) ) ;
#1479 = PLANE ( 'NONE',  #2241 ) ;
#1480 = CARTESIAN_POINT ( 'NONE',  ( 8.500000000000000000, 61.00000000000001421, 6.950000000000001066 ) ) ;
#1481 = B_SPLINE_CURVE_WITH_KNOTS ( 'NONE', 3,
 ( #506, #2509, #46, #2316, #953, #295, #1203, #2112, #988, #162 ),
 .UNSPECIFIED., .F., .F.,
 ( 4, 2, 2, 2, 4 ),
 ( 0.000000000000000000, 0.0007695736385259427988, 0.001539147277051885598, 0.002308720915577828180, 0.003078294554103769894 ),
 .UNSPECIFIED. ) ;
#1482 = DIRECTION ( 'NONE',  ( 0.000000000000000000, 1.000000000000000000, 0.000000000000000000 ) ) ;
#1483 = ORIENTED_EDGE ( 'NONE', *, *, #1273, .T. ) ;
#1484 = FACE_OUTER_BOUND ( 'NONE', #2211, .T. ) ;
#1485 = CIRCLE ( 'NONE', #716, 4.000000000000000000 ) ;
#1486 = DIRECTION ( 'NONE',  ( 0.000000000000000000, -1.000000000000000000, 0.000000000000000000 ) ) ;
#1487 = EDGE_CURVE ( 'NONE', #1067, #2026, #349, .T. ) ;
#1488 = EDGE_CURVE ( 'NONE', #1829, #553, #124, .T. ) ;
#1489 = DIRECTION ( 'NONE',  ( 1.000000000000000000, 0.000000000000000000, 0.000000000000000000 ) ) ;
#1490 = AXIS2_PLACEMENT_3D ( 'NONE', #86, #985, #1890 ) ;
#1491 = VECTOR ( 'NONE', #1399, 1000.000000000000000 ) ;
#1492 = VECTOR ( 'NONE', #899, 1000.000000000000000 ) ;
#1493 = EDGE_CURVE ( 'NONE', #2307, #2737, #1759, .T. ) ;
#1494 = VERTEX_POINT ( 'NONE', #1747 ) ;
#1495 = DIRECTION ( 'NONE',  ( -0.000000000000000000, -0.000000000000000000, 1.000000000000000000 ) ) ;
#1496 = AXIS2_PLACEMENT_3D ( 'NONE', #472, #35, #1846 ) ;
#1497 = CARTESIAN_POINT ( 'NONE',  ( -18.50000000000000000, 57.00000000000000711, -11.00000000000000000 ) ) ;
#1498 = CARTESIAN_POINT ( 'NONE',  ( -0.2548563862408869674, 56.67999123428943875, 11.95806841223918937 ) ) ;
#1499 = VERTEX_POINT ( 'NONE', #806 ) ;
#1500 = CIRCLE ( 'NONE', #544, 8.000000000000000000 ) ;
#1501 = CYLINDRICAL_SURFACE ( 'NONE', #833, 1.000000000000000888 ) ;
#1502 = DIRECTION ( 'NONE',  ( -1.000000000000000000, 0.000000000000000000, 2.312964634635742957E-16 ) ) ;
#1503 = VERTEX_POINT ( 'NONE', #1272 ) ;
#1504 = FACE_OUTER_BOUND ( 'NONE', #663, .T. ) ;
#1505 = ORIENTED_EDGE ( 'NONE', *, *, #1002, .T. ) ;
#1506 = EDGE_LOOP ( 'NONE', ( #1860, #2739, #933, #2038 ) ) ;
#1507 = DIRECTION ( 'NONE',  ( 1.000000000000000000, -0.000000000000000000, -1.717547996016640734E-16 ) ) ;
#1508 = ORIENTED_EDGE ( 'NONE', *, *, #1708, .T. ) ;
#1509 = DIRECTION ( 'NONE',  ( -8.673617379884027583E-16, 0.000000000000000000, -1.000000000000000000 ) ) ;
#1510 = DIRECTION ( 'NONE',  ( 0.000000000000000000, 0.000000000000000000, -1.000000000000000000 ) ) ;
#1511 = EDGE_CURVE ( 'NONE', #2053, #1743, #113, .T. ) ;
#1512 = ORIENTED_EDGE ( 'NONE', *, *, #1307, .T. ) ;
#1513 = FACE_BOUND ( 'NONE', #1433, .T. ) ;
#1514 = CARTESIAN_POINT ( 'NONE',  ( 7.500000000000000000, 57.00000000000000711, -11.00000000000000000 ) ) ;
#1515 = DIRECTION ( 'NONE',  ( 1.084202172485504681E-16, 0.000000000000000000, 1.000000000000000000 ) ) ;
#1516 = ORIENTED_EDGE ( 'NONE', *, *, #323, .T. ) ;
#1517 = ORIENTED_EDGE ( 'NONE', *, *, #1756, .T. ) ;
#1518 = CALENDAR_DATE ( 2025, 8, 12 ) ;
#1519 = CARTESIAN_POINT ( 'NONE',  ( -46.50000000000000000, 61.00000000000001421, 8.000000000000007105 ) ) ;
#1520 = DIRECTION ( 'NONE',  ( 0.000000000000000000, 0.000000000000000000, -1.000000000000000000 ) ) ;
#1521 = EDGE_CURVE ( 'NONE', #1698, #1830, #363, .T. ) ;
#1522 = EDGE_CURVE ( 'NONE', #235, #670, #2183, .T. ) ;
#1523 = ADVANCED_FACE ( 'NONE', ( #1296 ), #137, .F. ) ;
#1524 = DIRECTION ( 'NONE',  ( -1.000000000000000000, 0.000000000000000000, 2.312964634635742957E-16 ) ) ;
#1525 = ORIENTED_EDGE ( 'NONE', *, *, #2156, .T. ) ;
#1526 = LINE ( 'NONE', #811, #831 ) ;
#1527 = FACE_BOUND ( 'NONE', #1745, .T. ) ;
#1528 = CARTESIAN_POINT ( 'NONE',  ( -17.59124107678217186, 57.45770634544371802, 8.000000000000000000 ) ) ;
#1529 = CIRCLE ( 'NONE', #1766, 1.049999999999995381 ) ;
#1530 = DIRECTION ( 'NONE',  ( 1.000000000000000000, -0.000000000000000000, -1.717547996016640734E-16 ) ) ;
#1531 = ORIENTED_EDGE ( 'NONE', *, *, #72, .F. ) ;
#1532 = CIRCLE ( 'NONE', #2058, 4.000000000000003553 ) ;
#1533 = AXIS2_PLACEMENT_3D ( 'NONE', #921, #2077, #1398 ) ;
#1534 = ORIENTED_EDGE ( 'NONE', *, *, #2928, .F. ) ;
#1535 = DIRECTION ( 'NONE',  ( -0.000000000000000000, 1.000000000000000000, -0.000000000000000000 ) ) ;
#1536 = AXIS2_PLACEMENT_3D ( 'NONE', #2933, #1814, #2707 ) ;
#1537 = VECTOR ( 'NONE', #2455, 1000.000000000000000 ) ;
#1538 = AXIS2_PLACEMENT_3D ( 'NONE', #739, #292, #1423 ) ;
#1539 = ADVANCED_FACE ( 'NONE', ( #2853 ), #821, .T. ) ;
#1540 = AXIS2_PLACEMENT_3D ( 'NONE', #1753, #2832, #1080 ) ;
#1541 = VERTEX_POINT ( 'NONE', #1945 ) ;
#1542 = CIRCLE ( 'NONE', #1931, 2.000000000000000000 ) ;
#1543 = DIRECTION ( 'NONE',  ( 0.000000000000000000, 0.000000000000000000, -1.000000000000000000 ) ) ;
#1544 = EDGE_CURVE ( 'NONE', #2399, #2715, #170, .T. ) ;
#1545 = DIRECTION ( 'NONE',  ( 0.000000000000000000, 0.000000000000000000, -1.000000000000000000 ) ) ;
#1546 = EDGE_CURVE ( 'NONE', #1704, #2079, #1112, .T. ) ;
#1547 = ORGANIZATION ( '未', '未', '' ) ;
#1548 = CARTESIAN_POINT ( 'NONE',  ( -46.50000000000000000, 61.00000000000001421, -6.949999999999994849 ) ) ;
#1549 = ORIENTED_EDGE ( 'NONE', *, *, #2153, .F. ) ;
#1550 = EDGE_LOOP ( 'NONE', ( #2691, #1788, #2260, #1294 ) ) ;
#1551 = FACE_OUTER_BOUND ( 'NONE', #2054, .T. ) ;
#1552 = DIRECTION ( 'NONE',  ( 0.000000000000000000, -1.000000000000000000, 0.000000000000000000 ) ) ;
#1553 = ADVANCED_FACE ( 'NONE', ( #149 ), #345, .F. ) ;
#1554 = CARTESIAN_POINT ( 'NONE',  ( -18.48803721099208630, 59.68929001558085901, 7.155222808373102872 ) ) ;
#1555 = DIRECTION ( 'NONE',  ( -0.000000000000000000, 1.000000000000000000, 0.000000000000000000 ) ) ;
#1556 = DIRECTION ( 'NONE',  ( 0.000000000000000000, 0.000000000000000000, 1.000000000000000000 ) ) ;
#1557 = ORIENTED_EDGE ( 'NONE', *, *, #1304, .T. ) ;
#1558 = ORIENTED_EDGE ( 'NONE', *, *, #190, .T. ) ;
#1559 = CARTESIAN_POINT ( 'NONE',  ( -18.50006329432866892, 60.05778518013345746, 7.490274485208868072 ) ) ;
#1560 = DIRECTION ( 'NONE',  ( 0.000000000000000000, 1.000000000000000000, 0.000000000000000000 ) ) ;
#1561 = CARTESIAN_POINT ( 'NONE',  ( -46.50000000000000000, 61.00000000000001421, -6.949999999999994849 ) ) ;
#1562 = ORIENTED_EDGE ( 'NONE', *, *, #2741, .F. ) ;
#1563 = DIRECTION ( 'NONE',  ( 0.000000000000000000, 0.000000000000000000, 1.000000000000000000 ) ) ;
#1564 = CARTESIAN_POINT ( 'NONE',  ( -18.49725833879051251, 59.85089792036860956, 7.082512031357718563 ) ) ;
#1565 = EDGE_CURVE ( 'NONE', #383, #216, #825, .T. ) ;
#1566 = DIRECTION ( 'NONE',  ( 0.000000000000000000, -0.000000000000000000, 1.000000000000000000 ) ) ;
#1567 = CARTESIAN_POINT ( 'NONE',  ( -4.242640687119276777, 32.50000000000000000, 5.292640687119295251 ) ) ;
#1568 = EDGE_CURVE ( 'NONE', #1830, #2830, #2823, .T. ) ;
#1569 = DIRECTION ( 'NONE',  ( 0.000000000000000000, 0.000000000000000000, 1.000000000000000000 ) ) ;
#1570 = VERTEX_POINT ( 'NONE', #571 ) ;
#1571 = CIRCLE ( 'NONE', #818, 1.050000000000000488 ) ;
#1572 = ORIENTED_EDGE ( 'NONE', *, *, #1043, .T. ) ;
#1573 = AXIS2_PLACEMENT_3D ( 'NONE', #891, #37, #643 ) ;
#1574 = EDGE_CURVE ( 'NONE', #1084, #2342, #1153, .T. ) ;
#1575 = ORIENTED_EDGE ( 'NONE', *, *, #2770, .T. ) ;
#1576 = CIRCLE ( 'NONE', #2703, 1.049999999999997158 ) ;
#1577 = FACE_OUTER_BOUND ( 'NONE', #605, .T. ) ;
#1578 = AXIS2_PLACEMENT_3D ( 'NONE', #720, #28, #935 ) ;
#1579 = FACE_OUTER_BOUND ( 'NONE', #259, .T. ) ;
#1580 = ORIENTED_EDGE ( 'NONE', *, *, #466, .F. ) ;
#1581 = ORIENTED_EDGE ( 'NONE', *, *, #1934, .F. ) ;
#1582 = AXIS2_PLACEMENT_3D ( 'NONE', #1653, #90, #2799 ) ;
#1583 = AXIS2_PLACEMENT_3D ( 'NONE', #2562, #303, #2582 ) ;
#1584 = DIRECTION ( 'NONE',  ( 1.000000000000000000, 0.000000000000000000, 0.000000000000000000 ) ) ;
#1585 = AXIS2_PLACEMENT_3D ( 'NONE', #2572, #951, #753 ) ;
#1586 = AXIS2_PLACEMENT_3D ( 'NONE', #2924, #645, #1803 ) ;
#1587 = CARTESIAN_POINT ( 'NONE',  ( -18.42272427048508732, 59.21750678462705508, 7.385495015407329333 ) ) ;
#1588 = DIRECTION ( 'NONE',  ( -1.000000000000000000, 0.000000000000000000, 0.000000000000000000 ) ) ;
#1589 = CARTESIAN_POINT ( 'NONE',  ( 6.650000000000003020, 69.00000000000000000, 10.09999999999999787 ) ) ;
#1590 = VECTOR ( 'NONE', #1889, 1000.000000000000000 ) ;
#1591 = ORIENTED_EDGE ( 'NONE', *, *, #323, .F. ) ;
#1592 = ORIENTED_EDGE ( 'NONE', *, *, #715, .T. ) ;
#1593 = LOCAL_TIME ( 16, 49, 0.000000000000000000, #820 ) ;
#1594 = ORIENTED_EDGE ( 'NONE', *, *, #1522, .T. ) ;
#1595 = ORIENTED_EDGE ( 'NONE', *, *, #1416, .F. ) ;
#1596 = CARTESIAN_POINT ( 'NONE',  ( 0.000000000000000000, 32.50000000000000000, 0.000000000000000000 ) ) ;
#1597 = EDGE_CURVE ( 'NONE', #1283, #1219, #949, .T. ) ;
#1598 = DIRECTION ( 'NONE',  ( -0.000000000000000000, 1.000000000000000000, -0.000000000000000000 ) ) ;
#1599 = ORIENTED_EDGE ( 'NONE', *, *, #1832, .T. ) ;
#1600 = DIRECTION ( 'NONE',  ( 0.000000000000000000, 1.000000000000000000, 0.000000000000000000 ) ) ;
#1601 = EDGE_LOOP ( 'NONE', ( #683, #941 ) ) ;
#1602 = ORIENTED_EDGE ( 'NONE', *, *, #798, .F. ) ;
#1603 = DIRECTION ( 'NONE',  ( 0.000000000000000000, 0.000000000000000000, 1.000000000000000000 ) ) ;
#1604 = CYLINDRICAL_SURFACE ( 'NONE', #1496, 1.049999999999999822 ) ;
#1605 = ORIENTED_EDGE ( 'NONE', *, *, #576, .F. ) ;
#1606 = CARTESIAN_POINT ( 'NONE',  ( -18.49999999999997868, 65.00000000000000000, 110.0000000000000000 ) ) ;
#1607 = EDGE_CURVE ( 'NONE', #628, #383, #2233, .T. ) ;
#1608 = DIRECTION ( 'NONE',  ( 0.000000000000000000, 0.000000000000000000, -1.000000000000000000 ) ) ;
#1609 = EDGE_LOOP ( 'NONE', ( #1715, #2735, #1534, #925 ) ) ;
#1610 = ORIENTED_EDGE ( 'NONE', *, *, #2502, .T. ) ;
#1611 = EDGE_CURVE ( 'NONE', #1570, #2080, #1438, .T. ) ;
#1612 = ADVANCED_FACE ( 'NONE', ( #224 ), #2039, .F. ) ;
#1613 = CYLINDRICAL_SURFACE ( 'NONE', #2155, 1.000000000000000888 ) ;
#1614 = LINE ( 'NONE', #2067, #1727 ) ;
#1615 = CARTESIAN_POINT ( 'NONE',  ( -18.50000000000000000, 60.67984378812839452, 7.000000000000000000 ) ) ;
#1616 = ORIENTED_EDGE ( 'NONE', *, *, #2501, .F. ) ;
#1617 = CARTESIAN_POINT ( 'NONE',  ( 4.242640687119276777, 3.500000000000000000, 4.242640687119294540 ) ) ;
#1618 = ORIENTED_EDGE ( 'NONE', *, *, #2672, .F. ) ;
#1619 = CIRCLE ( 'NONE', #5, 3.049999999999999822 ) ;
#1620 = VERTEX_POINT ( 'NONE', #681 ) ;
#1621 = VERTEX_POINT ( 'NONE', #2774 ) ;
#1622 = CARTESIAN_POINT ( 'NONE',  ( 7.500000000000000888, 68.00000000000000000, -11.00000000000000000 ) ) ;
#1623 = AXIS2_PLACEMENT_3D ( 'NONE', #615, #1477, #1520 ) ;
#1624 = CARTESIAN_POINT ( 'NONE',  ( -14.49999999999997868, 58.00000000000000711, 110.0000000000000000 ) ) ;
#1625 = FACE_OUTER_BOUND ( 'NONE', #886, .T. ) ;
#1626 = ORIENTED_EDGE ( 'NONE', *, *, #2466, .T. ) ;
#1627 = AXIS2_PLACEMENT_3D ( 'NONE', #96, #2838, #1257 ) ;
#1628 = DIRECTION ( 'NONE',  ( -0.000000000000000000, -0.000000000000000000, 1.000000000000000000 ) ) ;
#1629 = EDGE_CURVE ( 'NONE', #2931, #2598, #1481, .T. ) ;
#1630 = AXIS2_PLACEMENT_3D ( 'NONE', #2052, #1157, #1144 ) ;
#1631 = AXIS2_PLACEMENT_3D ( 'NONE', #1342, #688, #2031 ) ;
#1632 = ORIENTED_EDGE ( 'NONE', *, *, #736, .F. ) ;
#1633 = FACE_BOUND ( 'NONE', #312, .T. ) ;
#1634 = AXIS2_PLACEMENT_3D ( 'NONE', #234, #922, #1842 ) ;
#1635 = CARTESIAN_POINT ( 'NONE',  ( -46.50000000000000000, 61.00000000000001421, 8.000000000000007105 ) ) ;
#1636 = DIRECTION ( 'NONE',  ( 0.000000000000000000, 0.000000000000000000, -1.000000000000000000 ) ) ;
#1637 = EDGE_CURVE ( 'NONE', #1181, #516, #1201, .T. ) ;
#1638 = AXIS2_PLACEMENT_3D ( 'NONE', #801, #2848, #2410 ) ;
#1639 = ORIENTED_EDGE ( 'NONE', *, *, #1897, .F. ) ;
#1640 = VECTOR ( 'NONE', #1447, 1000.000000000000000 ) ;
#1641 = VERTEX_POINT ( 'NONE', #2315 ) ;
#1642 = FACE_OUTER_BOUND ( 'NONE', #2643, .T. ) ;
#1643 = EDGE_LOOP ( 'NONE', ( #1769, #499, #1362, #1279 ) ) ;
#1644 = CARTESIAN_POINT ( 'NONE',  ( -4.242640687119276777, 32.50000000000000000, 4.242640687119294540 ) ) ;
#1645 = DIRECTION ( 'NONE',  ( -0.000000000000000000, 0.000000000000000000, 1.000000000000000000 ) ) ;
#1646 = CARTESIAN_POINT ( 'NONE',  ( 7.500000000000000888, 68.00000000000000000, -11.00000000000000000 ) ) ;
#1647 = VERTEX_POINT ( 'NONE', #1265 ) ;
#1648 = CARTESIAN_POINT ( 'NONE',  ( 7.500000000000000000, 59.00000000000001421, -12.00000000000000000 ) ) ;
#1649 = CARTESIAN_POINT ( 'NONE',  ( -5.499999999999987566, 62.50000000000000000, 32.00000000000000000 ) ) ;
#1650 = CARTESIAN_POINT ( 'NONE',  ( -4.242640687119277665, 0.000000000000000000, -3.192640687119291609 ) ) ;
#1651 = LINE ( 'NONE', #89, #2012 ) ;
#1652 = EDGE_CURVE ( 'NONE', #2281, #2371, #2150, .T. ) ;
#1653 = CARTESIAN_POINT ( 'NONE',  ( -16.64999999999999858, 61.00000000000001421, -7.999999999999998224 ) ) ;
#1654 = EDGE_LOOP ( 'NONE', ( #2412, #2452, #2521, #2271 ) ) ;
#1655 = DIRECTION ( 'NONE',  ( 1.000000000000000000, 0.000000000000000000, 0.000000000000000000 ) ) ;
#1656 = CARTESIAN_POINT ( 'NONE',  ( 0.000000000000000000, 32.50000000000000000, 8.000000000000000000 ) ) ;
#1657 = CARTESIAN_POINT ( 'NONE',  ( -14.50000000000000355, 65.00000000000000000, -11.00000000000000000 ) ) ;
#1658 = CARTESIAN_POINT ( 'NONE',  ( -15.00000000000000000, 56.00000000000000711, 8.000000000000000000 ) ) ;
#1659 = ORIENTED_EDGE ( 'NONE', *, *, #812, .T. ) ;
#1660 = DIRECTION ( 'NONE',  ( -0.000000000000000000, 1.000000000000000000, -0.000000000000000000 ) ) ;
#1661 = CARTESIAN_POINT ( 'NONE',  ( 0.000000000000000000, 0.000000000000000000, 0.000000000000000000 ) ) ;
#1662 = DIRECTION ( 'NONE',  ( 0.000000000000000000, 1.000000000000000000, 0.000000000000000000 ) ) ;
#1663 = DIRECTION ( 'NONE',  ( 0.000000000000000000, -1.000000000000000000, 0.000000000000000000 ) ) ;
#1664 = EDGE_CURVE ( 'NONE', #1461, #2890, #578, .T. ) ;
#1665 = VERTEX_POINT ( 'NONE', #2336 ) ;
#1666 = EDGE_LOOP ( 'NONE', ( #2218, #903, #81, #2274, #1317 ) ) ;
#1667 = ORIENTED_EDGE ( 'NONE', *, *, #1873, .T. ) ;
#1668 = DIRECTION ( 'NONE',  ( -0.000000000000000000, -0.000000000000000000, 1.000000000000000000 ) ) ;
#1669 = FACE_OUTER_BOUND ( 'NONE', #253, .T. ) ;
#1670 = PLANE ( 'NONE',  #2426 ) ;
#1671 = DIRECTION ( 'NONE',  ( -0.000000000000000000, 1.000000000000000000, -0.000000000000000000 ) ) ;
#1672 = EDGE_CURVE ( 'NONE', #1898, #24, #14, .T. ) ;
#1673 = CYLINDRICAL_SURFACE ( 'NONE', #685, 1.049999999999999822 ) ;
#1674 = AXIS2_PLACEMENT_3D ( 'NONE', #2359, #1028, #2406 ) ;
#1675 = CYLINDRICAL_SURFACE ( 'NONE', #1248, 1.000000000000000888 ) ;
#1676 = AXIS2_PLACEMENT_3D ( 'NONE', #2520, #438, #2549 ) ;
#1677 = PLANE ( 'NONE',  #17 ) ;
#1678 = VECTOR ( 'NONE', #2552, 1000.000000000000000 ) ;
#1679 = DIRECTION ( 'NONE',  ( -1.000000000000000000, 0.000000000000000000, -0.000000000000000000 ) ) ;
#1680 = CIRCLE ( 'NONE', #1774, 1.000000000000000888 ) ;
#1681 = ORIENTED_EDGE ( 'NONE', *, *, #1094, .T. ) ;
#1682 = ORIENTED_EDGE ( 'NONE', *, *, #2658, .F. ) ;
#1683 = EDGE_LOOP ( 'NONE', ( #1516, #2734, #2418, #139 ) ) ;
#1684 = VECTOR ( 'NONE', #1236, 1000.000000000000000 ) ;
#1685 = LINE ( 'NONE', #298, #308 ) ;
#1686 = CARTESIAN_POINT ( 'NONE',  ( -14.49999999999997868, 69.00000000000000000, 110.0000000000000000 ) ) ;
#1687 = DIRECTION ( 'NONE',  ( -0.000000000000000000, 1.000000000000000000, -0.000000000000000000 ) ) ;
#1688 = DIRECTION ( 'NONE',  ( 1.000000000000000000, -0.000000000000000000, -1.717547996016640734E-16 ) ) ;
#1689 = EDGE_CURVE ( 'NONE', #2715, #717, #1926, .T. ) ;
#1690 = ORIENTED_EDGE ( 'NONE', *, *, #631, .F. ) ;
#1691 = EDGE_CURVE ( 'NONE', #2495, #2247, #1458, .T. ) ;
#1692 = DIRECTION ( 'NONE',  ( 1.000000000000000000, 0.000000000000000000, 0.000000000000000000 ) ) ;
#1693 = CARTESIAN_POINT ( 'NONE',  ( -15.00000000000000000, 32.50000000000000000, 8.000000000000000000 ) ) ;
#1694 = FACE_OUTER_BOUND ( 'NONE', #1123, .T. ) ;
#1695 = LINE ( 'NONE', #768, #392 ) ;
#1696 = FACE_OUTER_BOUND ( 'NONE', #2723, .T. ) ;
#1697 = VERTEX_POINT ( 'NONE', #2788 ) ;
#1698 = VERTEX_POINT ( 'NONE', #530 ) ;
#1699 = VERTEX_POINT ( 'NONE', #2772 ) ;
#1700 = DIRECTION ( 'NONE',  ( -1.000000000000000000, 0.000000000000000000, 0.000000000000000000 ) ) ;
#1701 = DIRECTION ( 'NONE',  ( 2.168404344971009361E-16, 0.000000000000000000, 1.000000000000000000 ) ) ;
#1702 = DIRECTION ( 'NONE',  ( -1.000000000000000000, 0.000000000000000000, 0.000000000000000000 ) ) ;
#1703 = LINE ( 'NONE', #111, #1194 ) ;
#1704 = VERTEX_POINT ( 'NONE', #1001 ) ;
#1705 = CARTESIAN_POINT ( 'NONE',  ( -2.499999999999998668, 58.00000000000000711, 110.0000000000000000 ) ) ;
#1706 = EDGE_CURVE ( 'NONE', #1647, #1910, #79, .T. ) ;
#1707 = CARTESIAN_POINT ( 'NONE',  ( -15.00000000000000000, 3.500000000000000000, 8.000000000000000000 ) ) ;
#1708 = EDGE_CURVE ( 'NONE', #2282, #2275, #1021, .T. ) ;
#1709 = EDGE_CURVE ( 'NONE', #628, #1120, #789, .T. ) ;
#1710 = CARTESIAN_POINT ( 'NONE',  ( -18.49841336849703666, 60.11497863388622420, 7.057474489290869180 ) ) ;
#1711 = EDGE_CURVE ( 'NONE', #383, #1233, #1695, .T. ) ;
#1712 = CARTESIAN_POINT ( 'NONE',  ( -16.49999999999997513, 60.00000000000001421, 110.0000000000000000 ) ) ;
#1713 = DIRECTION ( 'NONE',  ( 1.000000000000000000, -0.000000000000000000, -1.734723475976807094E-16 ) ) ;
#1714 = ORIENTED_EDGE ( 'NONE', *, *, #1711, .F. ) ;
#1715 = ORIENTED_EDGE ( 'NONE', *, *, #1756, .F. ) ;
#1716 = DIRECTION ( 'NONE',  ( 0.000000000000000000, 0.000000000000000000, 1.000000000000000000 ) ) ;
#1717 = CARTESIAN_POINT ( 'NONE',  ( 0.000000000000000000, 3.500000000000000000, 0.000000000000000000 ) ) ;
#1718 = CARTESIAN_POINT ( 'NONE',  ( 6.650000000000003020, 61.00000000000001421, 7.999999999999998224 ) ) ;
#1719 = ORIENTED_EDGE ( 'NONE', *, *, #1691, .F. ) ;
#1720 = CARTESIAN_POINT ( 'NONE',  ( -17.50000000000000000, 56.00000000000000711, 3.794707603699267097E-15 ) ) ;
#1721 = AXIS2_PLACEMENT_3D ( 'NONE', #1101, #2004, #1311 ) ;
#1722 = CARTESIAN_POINT ( 'NONE',  ( -5.499999999999987566, 66.50000000000000000, 32.00000000000000000 ) ) ;
#1723 = VECTOR ( 'NONE', #2446, 1000.000000000000000 ) ;
#1724 = VECTOR ( 'NONE', #85, 1000.000000000000000 ) ;
#1725 = CARTESIAN_POINT ( 'NONE',  ( -46.50000000000000000, 61.00000000000001421, 6.950000000000011724 ) ) ;
#1726 = VECTOR ( 'NONE', #1237, 1000.000000000000000 ) ;
#1727 = VECTOR ( 'NONE', #2491, 1000.000000000000000 ) ;
#1728 = ORIENTED_EDGE ( 'NONE', *, *, #408, .T. ) ;
#1729 = AXIS2_PLACEMENT_3D ( 'NONE', #585, #2873, #603 ) ;
#1730 = VECTOR ( 'NONE', #273, 1000.000000000000000 ) ;
#1731 = EDGE_LOOP ( 'NONE', ( #1802, #1799, #1558, #2628 ) ) ;
#1732 = AXIS2_PLACEMENT_3D ( 'NONE', #2114, #2319, #1912 ) ;
#1733 = DIRECTION ( 'NONE',  ( 1.000000000000000000, 0.000000000000000000, 0.000000000000000000 ) ) ;
#1734 = CARTESIAN_POINT ( 'NONE',  ( 8.500000000000000000, 68.00000000000000000, -11.00000000000000000 ) ) ;
#1735 = ORIENTED_EDGE ( 'NONE', *, *, #576, .T. ) ;
#1736 = CIRCLE ( 'NONE', #784, 4.000000000000001776 ) ;
#1737 = AXIS2_PLACEMENT_3D ( 'NONE', #2219, #1104, #1068 ) ;
#1738 = DIRECTION ( 'NONE',  ( 1.717547996016640734E-16, 0.000000000000000000, 1.000000000000000000 ) ) ;
#1739 = CARTESIAN_POINT ( 'NONE',  ( -18.49756997631265421, 60.13941432151943900, 7.069675642281487704 ) ) ;
#1740 = CARTESIAN_POINT ( 'NONE',  ( 6.650000000000003020, 0.000000000000000000, -6.569406391264153002E-16 ) ) ;
#1741 = EDGE_CURVE ( 'NONE', #151, #2489, #1576, .T. ) ;
#1742 = LINE ( 'NONE', #2642, #2090 ) ;
#1743 = VERTEX_POINT ( 'NONE', #2353 ) ;
#1744 = CARTESIAN_POINT ( 'NONE',  ( 6.650000000000003020, 69.00000000000000000, 10.09999999999999787 ) ) ;
#1745 = EDGE_LOOP ( 'NONE', ( #1952, #2695 ) ) ;
#1746 = LINE ( 'NONE', #136, #2574 ) ;
#1747 = CARTESIAN_POINT ( 'NONE',  ( -3.735172737399427146E-16, 36.00000000000000711, 3.049999999999999822 ) ) ;
#1748 = DIRECTION ( 'NONE',  ( -0.000000000000000000, 1.000000000000000000, -0.000000000000000000 ) ) ;
#1749 = DIRECTION ( 'NONE',  ( -2.168404344971009361E-16, 0.000000000000000000, -1.000000000000000000 ) ) ;
#1750 = CARTESIAN_POINT ( 'NONE',  ( 4.242640687119277665, 0.000000000000000000, -4.242640687119291876 ) ) ;
#1751 = CARTESIAN_POINT ( 'NONE',  ( -18.49992401821922883, 60.02582627330380660, 7.024810798504128151 ) ) ;
#1752 = FACE_OUTER_BOUND ( 'NONE', #2710, .T. ) ;
#1753 = CARTESIAN_POINT ( 'NONE',  ( -18.50000000000000000, 61.00000000000001421, 8.000000000000001776 ) ) ;
#1754 = CARTESIAN_POINT ( 'NONE',  ( -46.50000000000000000, 61.00000000000001421, -7.999999999999992895 ) ) ;
#1755 = VERTEX_POINT ( 'NONE', #515 ) ;
#1756 = EDGE_CURVE ( 'NONE', #816, #2613, #2367, .T. ) ;
#1757 = ORIENTED_EDGE ( 'NONE', *, *, #1079, .F. ) ;
#1758 = CARTESIAN_POINT ( 'NONE',  ( 0.000000000000000000, 0.000000000000000000, 0.000000000000000000 ) ) ;
#1759 = LINE ( 'NONE', #1041, #2010 ) ;
#1760 = ADVANCED_FACE ( 'NONE', ( #336 ), #1246, .T. ) ;
#1761 = EDGE_CURVE ( 'NONE', #670, #2493, #1966, .T. ) ;
#1762 = EDGE_LOOP ( 'NONE', ( #1575, #1166 ) ) ;
#1763 = CARTESIAN_POINT ( 'NONE',  ( -18.49999999999997868, 60.00000000000001421, 110.0000000000000000 ) ) ;
#1764 = VECTOR ( 'NONE', #609, 1000.000000000000000 ) ;
#1765 = CARTESIAN_POINT ( 'NONE',  ( -18.00308105309026274, 58.06907201704801480, 7.864245882757293415 ) ) ;
#1766 = AXIS2_PLACEMENT_3D ( 'NONE', #1718, #376, #572 ) ;
#1767 = FACE_OUTER_BOUND ( 'NONE', #181, .T. ) ;
#1768 = FACE_OUTER_BOUND ( 'NONE', #173, .T. ) ;
#1769 = ORIENTED_EDGE ( 'NONE', *, *, #928, .F. ) ;
#1770 = AXIS2_PLACEMENT_3D ( 'NONE', #2030, #1124, #2221 ) ;
#1771 = ORIENTED_EDGE ( 'NONE', *, *, #1108, .T. ) ;
#1772 = AXIS2_PLACEMENT_3D ( 'NONE', #2414, #1733, #2645 ) ;
#1773 = AXIS2_PLACEMENT_3D ( 'NONE', #699, #1163, #475 ) ;
#1774 = AXIS2_PLACEMENT_3D ( 'NONE', #1827, #2733, #2025 ) ;
#1775 = EDGE_CURVE ( 'NONE', #372, #2402, #1200, .T. ) ;
#1776 = CARTESIAN_POINT ( 'NONE',  ( 0.000000000000000000, 3.500000000000000000, 0.000000000000000000 ) ) ;
#1777 = CIRCLE ( 'NONE', #1347, 1.000000000000000888 ) ;
#1778 = EDGE_CURVE ( 'NONE', #693, #2911, #2170, .T. ) ;
#1779 = CIRCLE ( 'NONE', #2020, 1.049999999999998046 ) ;
#1780 = CARTESIAN_POINT ( 'NONE',  ( -18.49024282846623990, 59.71893540466908235, 7.141199380174863443 ) ) ;
#1781 = ORIENTED_EDGE ( 'NONE', *, *, #2770, .F. ) ;
#1782 = CARTESIAN_POINT ( 'NONE',  ( 0.000000000000000000, 3.500000000000000000, 0.000000000000000000 ) ) ;
#1783 = EDGE_LOOP ( 'NONE', ( #1808, #39, #2467, #2148 ) ) ;
#1784 = ORIENTED_EDGE ( 'NONE', *, *, #2658, .T. ) ;
#1785 = ORIENTED_EDGE ( 'NONE', *, *, #396, .F. ) ;
#1786 = DIRECTION ( 'NONE',  ( 1.000000000000000000, -0.000000000000000000, -1.734723475976807094E-16 ) ) ;
#1787 = LINE ( 'NONE', #215, #910 ) ;
#1788 = ORIENTED_EDGE ( 'NONE', *, *, #2048, .F. ) ;
#1789 = CARTESIAN_POINT ( 'NONE',  ( -4.242640687119277665, 3.500000000000000000, -3.192640687119291609 ) ) ;
#1790 = ADVANCED_FACE ( 'NONE', ( #1768 ), #1319, .F. ) ;
#1791 = EDGE_CURVE ( 'NONE', #447, #1263, #2192, .T. ) ;
#1792 = CARTESIAN_POINT ( 'NONE',  ( -18.49249556047206511, 59.75506046945311311, 7.124637861803184258 ) ) ;
#1793 = FACE_OUTER_BOUND ( 'NONE', #952, .T. ) ;
#1794 = CARTESIAN_POINT ( 'NONE',  ( 0.000000000000000000, 0.000000000000000000, 8.000000000000000000 ) ) ;
#1795 = EDGE_CURVE ( 'NONE', #2248, #456, #2460, .T. ) ;
#1796 = ORIENTED_EDGE ( 'NONE', *, *, #1778, .T. ) ;
#1797 = ORIENTED_EDGE ( 'NONE', *, *, #2013, .T. ) ;
#1798 = DIRECTION ( 'NONE',  ( 1.000000000000000000, -0.000000000000000000, -0.000000000000000000 ) ) ;
#1799 = ORIENTED_EDGE ( 'NONE', *, *, #2556, .T. ) ;
#1800 = ORIENTED_EDGE ( 'NONE', *, *, #1933, .F. ) ;
#1801 = DIRECTION ( 'NONE',  ( 0.000000000000000000, 0.000000000000000000, -1.000000000000000000 ) ) ;
#1802 = ORIENTED_EDGE ( 'NONE', *, *, #342, .F. ) ;
#1803 = DIRECTION ( 'NONE',  ( 0.000000000000000000, 0.000000000000000000, 1.000000000000000000 ) ) ;
#1804 = CARTESIAN_POINT ( 'NONE',  ( -11.49999999999998934, 66.50000000000000000, 32.00000000000000000 ) ) ;
#1805 = CARTESIAN_POINT ( 'NONE',  ( 4.242640687119276777, 36.00000000000000711, 3.192640687119293830 ) ) ;
#1806 = DIRECTION ( 'NONE',  ( -1.000000000000000000, 0.000000000000000000, 0.000000000000000000 ) ) ;
#1807 = EDGE_CURVE ( 'NONE', #1503, #6, #200, .T. ) ;
#1808 = ORIENTED_EDGE ( 'NONE', *, *, #1364, .F. ) ;
#1809 = DIRECTION ( 'NONE',  ( 0.000000000000000000, 0.000000000000000000, -1.000000000000000000 ) ) ;
#1810 = EDGE_CURVE ( 'NONE', #2040, #2781, #2234, .T. ) ;
#1811 = ORIENTED_EDGE ( 'NONE', *, *, #156, .T. ) ;
#1812 = CIRCLE ( 'NONE', #1863, 3.049999999999999822 ) ;
#1813 = COORDINATED_UNIVERSAL_TIME_OFFSET ( 8, 0, .AHEAD. ) ;
#1814 = DIRECTION ( 'NONE',  ( -0.000000000000000000, 1.000000000000000000, -0.000000000000000000 ) ) ;
#1815 = CIRCLE ( 'NONE', #2859, 1.000000000000000888 ) ;
#1816 = ORIENTED_EDGE ( 'NONE', *, *, #2388, .F. ) ;
#1817 = VECTOR ( 'NONE', #837, 1000.000000000000000 ) ;
#1818 = DIRECTION ( 'NONE',  ( -0.000000000000000000, -1.000000000000000000, -0.000000000000000000 ) ) ;
#1819 = VECTOR ( 'NONE', #468, 1000.000000000000000 ) ;
#1820 = ORIENTED_EDGE ( 'NONE', *, *, #813, .T. ) ;
#1821 = VECTOR ( 'NONE', #322, 1000.000000000000000 ) ;
#1822 = DIRECTION ( 'NONE',  ( -0.000000000000000000, 1.000000000000000000, -0.000000000000000000 ) ) ;
#1823 = AXIS2_PLACEMENT_3D ( 'NONE', #1062, #164, #1965 ) ;
#1824 = AXIS2_PLACEMENT_3D ( 'NONE', #2836, #1208, #2609 ) ;
#1825 = CARTESIAN_POINT ( 'NONE',  ( -17.86505570153033773, 57.83720826908420065, 7.931271361545372045 ) ) ;
#1826 = DIRECTION ( 'NONE',  ( 1.000000000000000000, 0.000000000000000000, 0.000000000000000000 ) ) ;
#1827 = CARTESIAN_POINT ( 'NONE',  ( 7.500000000000000888, 57.00000000000000711, 11.00000000000000000 ) ) ;
#1828 = LOCAL_TIME ( 16, 49, 0.000000000000000000, #904 ) ;
#1829 = VERTEX_POINT ( 'NONE', #1567 ) ;
#1830 = VERTEX_POINT ( 'NONE', #900 ) ;
#1831 = EDGE_CURVE ( 'NONE', #260, #456, #70, .T. ) ;
#1832 = EDGE_CURVE ( 'NONE', #850, #355, #2676, .T. ) ;
#1833 = ORIENTED_EDGE ( 'NONE', *, *, #190, .F. ) ;
#1834 = EDGE_CURVE ( 'NONE', #1910, #2513, #2504, .T. ) ;
#1835 = ORIENTED_EDGE ( 'NONE', *, *, #562, .T. ) ;
#1836 = LINE ( 'NONE', #2669, #2897 ) ;
#1837 = CARTESIAN_POINT ( 'NONE',  ( -14.50000000000000355, 68.00000000000000000, -12.00000000000000000 ) ) ;
#1838 = DIRECTION ( 'NONE',  ( 0.000000000000000000, 0.000000000000000000, -1.000000000000000000 ) ) ;
#1839 = ORIENTED_EDGE ( 'NONE', *, *, #834, .T. ) ;
#1840 = VERTEX_POINT ( 'NONE', #1589 ) ;
#1841 = FACE_BOUND ( 'NONE', #2553, .T. ) ;
#1842 = DIRECTION ( 'NONE',  ( 0.000000000000000000, 0.000000000000000000, 1.000000000000000000 ) ) ;
#1843 = VERTEX_POINT ( 'NONE', #676 ) ;
#1844 = ORIENTED_EDGE ( 'NONE', *, *, #1430, .F. ) ;
#1845 = CC_DESIGN_DATE_AND_TIME_ASSIGNMENT ( #724, #2483, ( #1122 ) ) ;
#1846 = DIRECTION ( 'NONE',  ( 0.000000000000000000, 0.000000000000000000, -1.000000000000000000 ) ) ;
#1847 = VERTEX_POINT ( 'NONE', #203 ) ;
#1848 = CARTESIAN_POINT ( 'NONE',  ( -11.49999999999998934, 62.50000000000000000, 32.00000000000000000 ) ) ;
#1849 = CARTESIAN_POINT ( 'NONE',  ( -11.49999999999998934, 66.50000000000000000, 32.00000000000000000 ) ) ;
#1850 = VERTEX_POINT ( 'NONE', #29 ) ;
#1851 = ORIENTED_EDGE ( 'NONE', *, *, #1029, .T. ) ;
#1852 = EDGE_CURVE ( 'NONE', #1743, #2240, #884, .T. ) ;
#1853 = CYLINDRICAL_SURFACE ( 'NONE', #1075, 3.049999999999999822 ) ;
#1854 = CARTESIAN_POINT ( 'NONE',  ( 0.000000000000000000, 0.000000000000000000, -8.000000000000000000 ) ) ;
#1855 = CARTESIAN_POINT ( 'NONE',  ( -2.499999999999998668, 56.00000000000000711, 110.0000000000000000 ) ) ;
#1856 = FACE_OUTER_BOUND ( 'NONE', #479, .T. ) ;
#1857 = ORIENTED_EDGE ( 'NONE', *, *, #2894, .T. ) ;
#1858 = APPROVAL_STATUS ( 'not_yet_approved' ) ;
#1859 = CIRCLE ( 'NONE', #1721, 1.000000000000000888 ) ;
#1860 = ORIENTED_EDGE ( 'NONE', *, *, #1834, .F. ) ;
#1861 = CIRCLE ( 'NONE', #1631, 3.049999999999999822 ) ;
#1862 = ORIENTED_EDGE ( 'NONE', *, *, #1672, .F. ) ;
#1863 = AXIS2_PLACEMENT_3D ( 'NONE', #1776, #627, #2487 ) ;
#1864 = DIRECTION ( 'NONE',  ( 0.000000000000000000, 0.000000000000000000, 1.000000000000000000 ) ) ;
#1865 = DIRECTION ( 'NONE',  ( 0.000000000000000000, 0.000000000000000000, 1.000000000000000000 ) ) ;
#1866 = ORIENTED_EDGE ( 'NONE', *, *, #105, .T. ) ;
#1867 = VECTOR ( 'NONE', #2263, 1000.000000000000000 ) ;
#1868 = CYLINDRICAL_SURFACE ( 'NONE', #1115, 1.000000000000000888 ) ;
#1869 = EDGE_CURVE ( 'NONE', #954, #1233, #2258, .T. ) ;
#1870 = FACE_OUTER_BOUND ( 'NONE', #1355, .T. ) ;
#1871 = AXIS2_PLACEMENT_3D ( 'NONE', #692, #1130, #1556 ) ;
#1872 = AXIS2_PLACEMENT_3D ( 'NONE', #1385, #257, #2279 ) ;
#1873 = EDGE_CURVE ( 'NONE', #288, #2716, #12, .T. ) ;
#1874 = CARTESIAN_POINT ( 'NONE',  ( -17.50000000000000355, 57.00000000000000711, -11.00000000000000000 ) ) ;
#1875 = CIRCLE ( 'NONE', #2624, 1.049999999999999822 ) ;
#1876 = CARTESIAN_POINT ( 'NONE',  ( -14.50000000000000178, 60.00000000000001421, 2.764715539838037884E-15 ) ) ;
#1877 = FACE_OUTER_BOUND ( 'NONE', #875, .T. ) ;
#1878 = AXIS2_PLACEMENT_3D ( 'NONE', #2888, #2166, #618 ) ;
#1879 = CIRCLE ( 'NONE', #166, 1.050000000000000488 ) ;
#1880 = EDGE_LOOP ( 'NONE', ( #1851, #1038, #859, #1138 ) ) ;
#1881 = AXIS2_PLACEMENT_3D ( 'NONE', #1758, #2667, #2009 ) ;
#1882 = FACE_OUTER_BOUND ( 'NONE', #1880, .T. ) ;
#1883 = EDGE_LOOP ( 'NONE', ( #168, #1930, #2884, #1410, #2776 ) ) ;
#1884 = CARTESIAN_POINT ( 'NONE',  ( -18.50000000000000000, 61.00000000000001421, 8.000000000000001776 ) ) ;
#1885 = LINE ( 'NONE', #1429, #589 ) ;
#1886 = CYLINDRICAL_SURFACE ( 'NONE', #1583, 1.050000000000000488 ) ;
#1887 = LINE ( 'NONE', #2780, #2273 ) ;
#1888 = VERTEX_POINT ( 'NONE', #2480 ) ;
#1889 = DIRECTION ( 'NONE',  ( -2.168404344971009361E-16, 0.000000000000000000, -1.000000000000000000 ) ) ;
#1890 = DIRECTION ( 'NONE',  ( 0.000000000000000000, 0.000000000000000000, -1.000000000000000000 ) ) ;
#1891 = ADVANCED_FACE ( 'NONE', ( #455 ), #2492, .F. ) ;
#1892 = DIRECTION ( 'NONE',  ( -0.000000000000000000, 1.000000000000000000, -0.000000000000000000 ) ) ;
#1893 = EDGE_CURVE ( 'NONE', #288, #2495, #116, .T. ) ;
#1894 = CARTESIAN_POINT ( 'NONE',  ( -16.49999999999997513, 65.00000000000000000, 112.0000000000000000 ) ) ;
#1895 = CARTESIAN_POINT ( 'NONE',  ( 0.000000000000000000, 56.00000000000000711, 8.000000000000000000 ) ) ;
#1896 = CARTESIAN_POINT ( 'NONE',  ( 0.000000000000000000, 67.00000000000000000, 112.0000000000000000 ) ) ;
#1897 = EDGE_CURVE ( 'NONE', #1910, #816, #1680, .T. ) ;
#1898 = VERTEX_POINT ( 'NONE', #1615 ) ;
#1899 = EDGE_LOOP ( 'NONE', ( #1003, #1472, #1288, #1820 ) ) ;
#1900 = LINE ( 'NONE', #1914, #1352 ) ;
#1901 = LINE ( 'NONE', #1656, #1339 ) ;
#1902 = CARTESIAN_POINT ( 'NONE',  ( 4.242640687119277665, 32.50000000000000000, -5.292640687119291698 ) ) ;
#1903 = LINE ( 'NONE', #1849, #2146 ) ;
#1904 = CARTESIAN_POINT ( 'NONE',  ( -14.50000000000000000, 65.00000000000000000, 10.09999999999999964 ) ) ;
#1905 = DIRECTION ( 'NONE',  ( 1.000000000000000000, 0.000000000000000000, 0.000000000000000000 ) ) ;
#1906 = DIRECTION ( 'NONE',  ( 1.000000000000000000, 0.000000000000000000, -2.168404344971009361E-16 ) ) ;
#1907 = LINE ( 'NONE', #1323, #2111 ) ;
#1908 = CYLINDRICAL_SURFACE ( 'NONE', #1022, 4.000000000000003553 ) ;
#1909 = CARTESIAN_POINT ( 'NONE',  ( -14.49999999999999289, 69.00000000000000000, 10.09999999999999964 ) ) ;
#1910 = VERTEX_POINT ( 'NONE', #2289 ) ;
#1911 = ADVANCED_FACE ( 'NONE', ( #2005 ), #280, .F. ) ;
#1912 = DIRECTION ( 'NONE',  ( 0.000000000000000000, 0.000000000000000000, -1.000000000000000000 ) ) ;
#1913 = ORIENTED_EDGE ( 'NONE', *, *, #599, .F. ) ;
#1914 = CARTESIAN_POINT ( 'NONE',  ( -2.499999999999998668, 58.00000000000000711, 112.0000000000000000 ) ) ;
#1915 = CARTESIAN_POINT ( 'NONE',  ( -5.499999999999987566, 62.50000000000000000, 112.0000000000000000 ) ) ;
#1916 = CARTESIAN_POINT ( 'NONE',  ( -11.49999999999998934, 66.50000000000000000, 32.00000000000000000 ) ) ;
#1917 = CARTESIAN_POINT ( 'NONE',  ( -16.64999999999999858, 61.00000000000001421, -7.999999999999998224 ) ) ;
#1918 = ORIENTED_EDGE ( 'NONE', *, *, #1775, .T. ) ;
#1919 = DIRECTION ( 'NONE',  ( -0.000000000000000000, -0.000000000000000000, -1.000000000000000000 ) ) ;
#1920 = AXIS2_PLACEMENT_3D ( 'NONE', #1164, #748, #994 ) ;
#1921 = DIRECTION ( 'NONE',  ( 0.000000000000000000, 0.000000000000000000, -1.000000000000000000 ) ) ;
#1922 = FACE_BOUND ( 'NONE', #1363, .T. ) ;
#1923 = AXIS2_PLACEMENT_3D ( 'NONE', #970, #357, #1941 ) ;
#1924 = FACE_OUTER_BOUND ( 'NONE', #1420, .T. ) ;
#1925 = CARTESIAN_POINT ( 'NONE',  ( 0.000000000000000000, 0.000000000000000000, 0.000000000000000000 ) ) ;
#1926 = LINE ( 'NONE', #1218, #771 ) ;
#1927 = LINE ( 'NONE', #1247, #1207 ) ;
#1928 = CARTESIAN_POINT ( 'NONE',  ( -18.50000000000000355, 61.00000000000001421, -6.950000000000000178 ) ) ;
#1929 = EDGE_CURVE ( 'NONE', #1755, #340, #633, .T. ) ;
#1930 = ORIENTED_EDGE ( 'NONE', *, *, #2190, .T. ) ;
#1931 = AXIS2_PLACEMENT_3D ( 'NONE', #569, #2159, #1655 ) ;
#1932 = DIRECTION ( 'NONE',  ( 1.000000000000000000, -0.000000000000000000, -1.717547996016640734E-16 ) ) ;
#1933 = EDGE_CURVE ( 'NONE', #2510, #2399, #2335, .T. ) ;
#1934 = EDGE_CURVE ( 'NONE', #80, #2037, #1651, .T. ) ;
#1935 = LINE ( 'NONE', #2824, #2802 ) ;
#1936 = LOCAL_TIME ( 16, 49, 0.000000000000000000, #613 ) ;
#1937 = CARTESIAN_POINT ( 'NONE',  ( -0.4999999999999987232, 65.00000000000000000, 110.0000000000000000 ) ) ;
#1938 = DIRECTION ( 'NONE',  ( 1.000000000000000000, 0.000000000000000000, 0.000000000000000000 ) ) ;
#1939 = CARTESIAN_POINT ( 'NONE',  ( -18.50000000000000355, 60.00000000000001421, 3.632077277826441432E-15 ) ) ;
#1940 = EDGE_LOOP ( 'NONE', ( #2236, #2441, #600, #33 ) ) ;
#1941 = DIRECTION ( 'NONE',  ( 0.000000000000000000, 0.000000000000000000, -1.000000000000000000 ) ) ;
#1942 = CARTESIAN_POINT ( 'NONE',  ( 4.242640687119276777, 3.500000000000000000, 3.192640687119293830 ) ) ;
#1943 = ORIENTED_EDGE ( 'NONE', *, *, #91, .F. ) ;
#1944 = FACE_OUTER_BOUND ( 'NONE', #2725, .T. ) ;
#1945 = CARTESIAN_POINT ( 'NONE',  ( 0.000000000000000000, 32.50000000000000000, 8.000000000000000000 ) ) ;
#1946 = ORIENTED_EDGE ( 'NONE', *, *, #2670, .T. ) ;
#1947 = FACE_OUTER_BOUND ( 'NONE', #1506, .T. ) ;
#1948 = CARTESIAN_POINT ( 'NONE',  ( -2.499999999999998668, 65.00000000000000000, 112.0000000000000000 ) ) ;
#1949 = DIRECTION ( 'NONE',  ( 2.168404344971009361E-16, -0.000000000000000000, 1.000000000000000000 ) ) ;
#1950 = DIRECTION ( 'NONE',  ( -0.000000000000000000, -1.000000000000000000, -0.000000000000000000 ) ) ;
#1951 = ORIENTED_EDGE ( 'NONE', *, *, #2311, .T. ) ;
#1952 = ORIENTED_EDGE ( 'NONE', *, *, #679, .T. ) ;
#1953 = ORIENTED_EDGE ( 'NONE', *, *, #2250, .F. ) ;
#1954 = APPLICATION_PROTOCOL_DEFINITION ( 'international standard', 'config_control_design', 1994, #2331 ) ;
#1955 = DIRECTION ( 'NONE',  ( 0.000000000000000000, 0.000000000000000000, 1.000000000000000000 ) ) ;
#1956 = CARTESIAN_POINT ( 'NONE',  ( -2.039917449405444394, 56.01977726127054780, 11.23007922702525185 ) ) ;
#1957 = FACE_OUTER_BOUND ( 'NONE', #707, .T. ) ;
#1958 = CIRCLE ( 'NONE', #669, 1.049999999999999822 ) ;
#1959 = CARTESIAN_POINT ( 'NONE',  ( -18.49697554396937704, 60.15566186767094337, 7.077786725738319795 ) ) ;
#1960 = EDGE_CURVE ( 'NONE', #1370, #1235, #1440, .T. ) ;
#1961 = ADVANCED_FACE ( 'NONE', ( #1877 ), #324, .F. ) ;
#1962 = DIRECTION ( 'NONE',  ( 0.000000000000000000, 0.000000000000000000, -1.000000000000000000 ) ) ;
#1963 = EDGE_CURVE ( 'NONE', #1888, #1898, #528, .T. ) ;
#1964 = CIRCLE ( 'NONE', #1389, 1.049999999999998046 ) ;
#1965 = DIRECTION ( 'NONE',  ( 0.000000000000000000, 0.000000000000000000, -1.000000000000000000 ) ) ;
#1966 = CIRCLE ( 'NONE', #672, 2.000000000000001776 ) ;
#1967 = AXIS2_PLACEMENT_3D ( 'NONE', #2927, #11, #1826 ) ;
#1968 = CARTESIAN_POINT ( 'NONE',  ( -18.50000000000000355, 60.55941000353062975, 7.038557624258182877 ) ) ;
#1969 = CARTESIAN_POINT ( 'NONE',  ( -17.50000000000000355, 59.00000000000001421, -12.00000000000000000 ) ) ;
#1970 = AXIS2_PLACEMENT_3D ( 'NONE', #1782, #1118, #936 ) ;
#1971 = ORIENTED_EDGE ( 'NONE', *, *, #897, .F. ) ;
#1972 = AXIS2_PLACEMENT_3D ( 'NONE', #1178, #1864, #2085 ) ;
#1973 = ORIENTED_EDGE ( 'NONE', *, *, #1430, .T. ) ;
#1974 = DIRECTION ( 'NONE',  ( -0.000000000000000000, -1.000000000000000000, -0.000000000000000000 ) ) ;
#1975 = VECTOR ( 'NONE', #1350, 1000.000000000000000 ) ;
#1976 = CARTESIAN_POINT ( 'NONE',  ( 4.242640687119277665, 0.000000000000000000, -3.192640687119291609 ) ) ;
#1977 = DIRECTION ( 'NONE',  ( 0.000000000000000000, 0.000000000000000000, -1.000000000000000000 ) ) ;
#1978 = ORIENTED_EDGE ( 'NONE', *, *, #75, .T. ) ;
#1979 = AXIS2_PLACEMENT_3D ( 'NONE', #1982, #334, #368 ) ;
#1980 = CARTESIAN_POINT ( 'NONE',  ( -4.242640687119276777, 36.00000000000000711, 5.292640687119295251 ) ) ;
#1981 = ORIENTED_EDGE ( 'NONE', *, *, #562, .F. ) ;
#1982 = CARTESIAN_POINT ( 'NONE',  ( -17.50000000000000000, 0.000000000000000000, -6.999999999999995559 ) ) ;
#1983 = CARTESIAN_POINT ( 'NONE',  ( 1.500000000000001332, 65.00000000000000000, 110.0000000000000000 ) ) ;
#1984 = EDGE_CURVE ( 'NONE', #2890, #717, #504, .T. ) ;
#1985 = PLANE ( 'NONE',  #1638 ) ;
#1986 = CARTESIAN_POINT ( 'NONE',  ( -5.499999999999988454, 58.50000000000000000, 32.00000000000000000 ) ) ;
#1987 = ORIENTED_EDGE ( 'NONE', *, *, #2104, .F. ) ;
#1988 = ADVANCED_FACE ( 'NONE', ( #1856 ), #1015, .T. ) ;
#1989 = VERTEX_POINT ( 'NONE', #2314 ) ;
#1990 = PERSON_AND_ORGANIZATION ( #743, #1547 ) ;
#1991 = CARTESIAN_POINT ( 'NONE',  ( -14.49999999999997868, 56.00000000000000711, 110.0000000000000000 ) ) ;
#1992 = LINE ( 'NONE', #140, #581 ) ;
#1993 = CARTESIAN_POINT ( 'NONE',  ( -18.49982310072403635, 59.96234465792543489, 7.040628579644191198 ) ) ;
#1994 = DIRECTION ( 'NONE',  ( 1.000000000000000000, 0.000000000000000000, 0.000000000000000000 ) ) ;
#1995 = DIRECTION ( 'NONE',  ( 0.000000000000000000, 0.000000000000000000, 1.000000000000000000 ) ) ;
#1996 = VERTEX_POINT ( 'NONE', #1469 ) ;
#1997 = EDGE_LOOP ( 'NONE', ( #230, #1321 ) ) ;
#1998 = ADVANCED_FACE ( 'NONE', ( #1217 ), #2786, .T. ) ;
#1999 = CARTESIAN_POINT ( 'NONE',  ( 7.500000000000000888, 69.00000000000000000, 11.00000000000000000 ) ) ;
#2000 = CARTESIAN_POINT ( 'NONE',  ( -18.50000000000000000, 60.00000000000001421, 8.320156211871625018 ) ) ;
#2001 = ORIENTED_EDGE ( 'NONE', *, *, #2019, .T. ) ;
#2002 = PLANE ( 'NONE',  #829 ) ;
#2003 = CARTESIAN_POINT ( 'NONE',  ( -18.44905281039727996, 59.36334571762365897, 7.315277663788312346 ) ) ;
#2004 = DIRECTION ( 'NONE',  ( -1.000000000000000000, 0.000000000000000000, 0.000000000000000000 ) ) ;
#2005 = FACE_OUTER_BOUND ( 'NONE', #473, .T. ) ;
#2006 = ORIENTED_EDGE ( 'NONE', *, *, #940, .T. ) ;
#2007 = AXIS2_PLACEMENT_3D ( 'NONE', #877, #2238, #214 ) ;
#2008 = ORIENTED_EDGE ( 'NONE', *, *, #2625, .F. ) ;
#2009 = DIRECTION ( 'NONE',  ( 1.000000000000000000, 0.000000000000000000, 0.000000000000000000 ) ) ;
#2010 = VECTOR ( 'NONE', #2394, 1000.000000000000000 ) ;
#2011 = AXIS2_PLACEMENT_3D ( 'NONE', #956, #2760, #2324 ) ;
#2012 = VECTOR ( 'NONE', #564, 1000.000000000000000 ) ;
#2013 = EDGE_CURVE ( 'NONE', #2546, #628, #514, .T. ) ;
#2014 = ADVANCED_FACE ( 'NONE', ( #2122 ), #2763, .T. ) ;
#2015 = DIRECTION ( 'NONE',  ( 0.000000000000000000, -1.000000000000000000, 0.000000000000000000 ) ) ;
#2016 = CIRCLE ( 'NONE', #595, 4.000000000000000000 ) ;
#2017 = UNCERTAINTY_MEASURE_WITH_UNIT (LENGTH_MEASURE( 1.000000000000000082E-05 ), #851, 'distance_accuracy_value', 'NONE');
#2018 = ORIENTED_EDGE ( 'NONE', *, *, #2586, .T. ) ;
#2019 = EDGE_CURVE ( 'NONE', #1206, #1888, #2107, .T. ) ;
#2020 = AXIS2_PLACEMENT_3D ( 'NONE', #2594, #2141, #1716 ) ;
#2021 = LINE ( 'NONE', #186, #2064 ) ;
#2022 = ORIENTED_EDGE ( 'NONE', *, *, #2419, .F. ) ;
#2023 = CARTESIAN_POINT ( 'NONE',  ( -18.41828207043899823, 59.19554801162156821, 7.395963700210252512 ) ) ;
#2024 = ORIENTED_EDGE ( 'NONE', *, *, #523, .T. ) ;
#2025 = DIRECTION ( 'NONE',  ( 0.000000000000000000, 0.000000000000000000, -1.000000000000000000 ) ) ;
#2026 = VERTEX_POINT ( 'NONE', #2752 ) ;
#2027 = ORIENTED_EDGE ( 'NONE', *, *, #895, .F. ) ;
#2028 = PERSON_AND_ORGANIZATION ( #743, #1547 ) ;
#2029 = ORIENTED_EDGE ( 'NONE', *, *, #631, .T. ) ;
#2030 = CARTESIAN_POINT ( 'NONE',  ( 0.000000000000000000, 3.500000000000000000, 0.000000000000000000 ) ) ;
#2031 = DIRECTION ( 'NONE',  ( 0.000000000000000000, 0.000000000000000000, 1.000000000000000000 ) ) ;
#2032 = ORIENTED_EDGE ( 'NONE', *, *, #1090, .T. ) ;
#2033 = CARTESIAN_POINT ( 'NONE',  ( -18.48402019069108349, 59.64246889249379535, 7.178180396317487499 ) ) ;
#2034 = CARTESIAN_POINT ( 'NONE',  ( -2.499999999999998668, 56.00000000000000711, 0.000000000000000000 ) ) ;
#2035 = CARTESIAN_POINT ( 'NONE',  ( -18.50000000000000711, 0.000000000000000000, -11.00000000000000000 ) ) ;
#2036 = FACE_BOUND ( 'NONE', #1004, .T. ) ;
#2037 = VERTEX_POINT ( 'NONE', #2551 ) ;
#2038 = ORIENTED_EDGE ( 'NONE', *, *, #559, .F. ) ;
#2039 = CYLINDRICAL_SURFACE ( 'NONE', #1536, 3.049999999999999822 ) ;
#2040 = VERTEX_POINT ( 'NONE', #721 ) ;
#2041 = CARTESIAN_POINT ( 'NONE',  ( 8.500000000000000000, 61.00000000000001421, -9.050000000000000711 ) ) ;
#2042 = ORIENTED_EDGE ( 'NONE', *, *, #1309, .T. ) ;
#2043 = LINE ( 'NONE', #2726, #389 ) ;
#2044 = DIRECTION ( 'NONE',  ( -0.000000000000000000, 0.000000000000000000, 1.000000000000000000 ) ) ;
#2045 = VERTEX_POINT ( 'NONE', #1909 ) ;
#2046 = ORIENTED_EDGE ( 'NONE', *, *, #2787, .F. ) ;
#2047 = CARTESIAN_POINT ( 'NONE',  ( -2.499999999999998668, 60.00000000000001421, 11.99999999999999645 ) ) ;
#2048 = EDGE_CURVE ( 'NONE', #1461, #2493, #397, .T. ) ;
#2049 = EDGE_CURVE ( 'NONE', #1191, #850, #550, .T. ) ;
#2050 = ADVANCED_FACE ( 'NONE', ( #2131 ), #2599, .T. ) ;
#2051 = FACE_BOUND ( 'NONE', #2721, .T. ) ;
#2052 = CARTESIAN_POINT ( 'NONE',  ( 4.242640687119276777, 0.000000000000000000, 4.242640687119294540 ) ) ;
#2053 = VERTEX_POINT ( 'NONE', #2919 ) ;
#2054 = EDGE_LOOP ( 'NONE', ( #1757, #268, #2042, #802 ) ) ;
#2055 = CIRCLE ( 'NONE', #2615, 1.000000000000000000 ) ;
#2056 = VERTEX_POINT ( 'NONE', #889 ) ;
#2057 = VERTEX_POINT ( 'NONE', #2757 ) ;
#2058 = AXIS2_PLACEMENT_3D ( 'NONE', #83, #508, #2084 ) ;
#2059 = CYLINDRICAL_SURFACE ( 'NONE', #2857, 4.000000000000003553 ) ;
#2060 = EDGE_LOOP ( 'NONE', ( #1953, #844, #464, #1121 ) ) ;
#2061 = EDGE_LOOP ( 'NONE', ( #107, #1381, #4, #189 ) ) ;
#2062 = AXIS2_PLACEMENT_3D ( 'NONE', #1925, #1413, #78 ) ;
#2063 = DIRECTION ( 'NONE',  ( 0.000000000000000000, 0.000000000000000000, -1.000000000000000000 ) ) ;
#2064 = VECTOR ( 'NONE', #1584, 1000.000000000000000 ) ;
#2065 = FACE_OUTER_BOUND ( 'NONE', #1400, .T. ) ;
#2066 = ADVANCED_FACE ( 'NONE', ( #1642 ), #1604, .F. ) ;
#2067 = CARTESIAN_POINT ( 'NONE',  ( -4.242640687119277665, 32.50000000000000000, -3.192640687119291609 ) ) ;
#2068 = DIRECTION ( 'NONE',  ( 1.000000000000000000, 0.000000000000000000, 0.000000000000000000 ) ) ;
#2069 = ORIENTED_EDGE ( 'NONE', *, *, #2525, .T. ) ;
#2070 = ORIENTED_EDGE ( 'NONE', *, *, #1455, .F. ) ;
#2071 = EDGE_CURVE ( 'NONE', #717, #2037, #1337, .T. ) ;
#2072 = ORIENTED_EDGE ( 'NONE', *, *, #421, .T. ) ;
#2073 = CARTESIAN_POINT ( 'NONE',  ( 6.650000000000003020, 69.00000000000000000, -10.10000000000000142 ) ) ;
#2074 = DIRECTION ( 'NONE',  ( -0.000000000000000000, -1.000000000000000000, -0.000000000000000000 ) ) ;
#2075 = ORIENTED_EDGE ( 'NONE', *, *, #648, .T. ) ;
#2076 = DIRECTION ( 'NONE',  ( 0.000000000000000000, 0.000000000000000000, -1.000000000000000000 ) ) ;
#2077 = DIRECTION ( 'NONE',  ( 0.000000000000000000, 0.000000000000000000, 1.000000000000000000 ) ) ;
#2078 = CARTESIAN_POINT ( 'NONE',  ( -17.50000000000000000, 0.000000000000000000, -6.999999999999995559 ) ) ;
#2079 = VERTEX_POINT ( 'NONE', #2690 ) ;
#2080 = VERTEX_POINT ( 'NONE', #2041 ) ;
#2081 = ORIENTED_EDGE ( 'NONE', *, *, #2451, .F. ) ;
#2082 = ADVANCED_FACE ( 'NONE', ( #1 ), #907, .F. ) ;
#2083 = EDGE_LOOP ( 'NONE', ( #2826, #2075, #2833, #2320, #1800, #1595, #1735, #1973, #1981, #2382 ) ) ;
#2084 = DIRECTION ( 'NONE',  ( 1.000000000000000000, 0.000000000000000000, 0.000000000000000000 ) ) ;
#2085 = DIRECTION ( 'NONE',  ( 1.000000000000000000, 0.000000000000000000, 0.000000000000000000 ) ) ;
#2086 = FACE_BOUND ( 'NONE', #2365, .T. ) ;
#2087 = ORIENTED_EDGE ( 'NONE', *, *, #1000, .F. ) ;
#2088 = CARTESIAN_POINT ( 'NONE',  ( 0.000000000000000000, 59.00000000000001421, 0.000000000000000000 ) ) ;
#2089 = CARTESIAN_POINT ( 'NONE',  ( -46.50000000000000000, 61.00000000000001421, -9.049999999999990052 ) ) ;
#2090 = VECTOR ( 'NONE', #1515, 1000.000000000000000 ) ;
#2091 = ORIENTED_EDGE ( 'NONE', *, *, #2174, .F. ) ;
#2092 = CIRCLE ( 'NONE', #1332, 3.999999999999998224 ) ;
#2093 = ORIENTED_EDGE ( 'NONE', *, *, #611, .T. ) ;
#2094 = CYLINDRICAL_SURFACE ( 'NONE', #1119, 1.049999999999999822 ) ;
#2095 = LINE ( 'NONE', #2759, #10 ) ;
#2096 = CIRCLE ( 'NONE', #2855, 1.049999999999999822 ) ;
#2097 = CARTESIAN_POINT ( 'NONE',  ( 4.242640687119276777, 32.50000000000000000, 3.192640687119293830 ) ) ;
#2098 = FACE_BOUND ( 'NONE', #409, .T. ) ;
#2099 = EDGE_LOOP ( 'NONE', ( #1071, #1357 ) ) ;
#2100 = ADVANCED_FACE ( 'NONE', ( #1882 ), #803, .F. ) ;
#2101 = CIRCLE ( 'NONE', #2007, 1.050000000000000488 ) ;
#2102 = PRODUCT_DEFINITION_SHAPE ( 'NONE', 'NONE',  #2401 ) ;
#2103 = DIRECTION ( 'NONE',  ( -1.000000000000000000, 0.000000000000000000, -0.000000000000000000 ) ) ;
#2104 = EDGE_CURVE ( 'NONE', #1850, #524, #313, .T. ) ;
#2105 = LINE ( 'NONE', #718, #2198 ) ;
#2106 = AXIS2_PLACEMENT_3D ( 'NONE', #2163, #1749, #696 ) ;
#2107 = LINE ( 'NONE', #264, #870 ) ;
#2108 = DIRECTION ( 'NONE',  ( 0.000000000000000000, 0.000000000000000000, -1.000000000000000000 ) ) ;
#2109 = VECTOR ( 'NONE', #1949, 1000.000000000000000 ) ;
#2110 = ORIENTED_EDGE ( 'NONE', *, *, #15, .F. ) ;
#2111 = VECTOR ( 'NONE', #665, 1000.000000000000000 ) ;
#2112 = CARTESIAN_POINT ( 'NONE',  ( -2.039924290972016774, 68.98022356680989731, 11.23007585138203979 ) ) ;
#2113 = ORIENTED_EDGE ( 'NONE', *, *, #1637, .T. ) ;
#2114 = CARTESIAN_POINT ( 'NONE',  ( 4.242640687119276777, 3.500000000000000000, 4.242640687119294540 ) ) ;
#2115 = ORIENTED_EDGE ( 'NONE', *, *, #2923, .T. ) ;
#2116 = LINE ( 'NONE', #584, #2434 ) ;
#2117 = DIRECTION ( 'NONE',  ( -0.000000000000000000, 1.000000000000000000, -0.000000000000000000 ) ) ;
#2118 = DIRECTION ( 'NONE',  ( 1.000000000000000000, 0.000000000000000000, -2.312964634635742957E-16 ) ) ;
#2119 = CARTESIAN_POINT ( 'NONE',  ( -4.242640687119277665, 32.50000000000000000, -4.242640687119291876 ) ) ;
#2120 = DIRECTION ( 'NONE',  ( 1.000000000000000000, 8.673617379884026597E-16, -0.000000000000000000 ) ) ;
#2121 = DIRECTION ( 'NONE',  ( 0.000000000000000000, 0.000000000000000000, -1.000000000000000000 ) ) ;
#2122 = FACE_OUTER_BOUND ( 'NONE', #2917, .T. ) ;
#2123 = CARTESIAN_POINT ( 'NONE',  ( -18.50000000000000000, 57.00000000000000711, 12.00000000000000000 ) ) ;
#2124 = ORIENTED_EDGE ( 'NONE', *, *, #523, .F. ) ;
#2125 = ORIENTED_EDGE ( 'NONE', *, *, #1045, .T. ) ;
#2126 = DIRECTION ( 'NONE',  ( 1.000000000000000000, -0.000000000000000000, -1.734723475976807094E-16 ) ) ;
#2127 = DIRECTION ( 'NONE',  ( 0.000000000000000000, 0.000000000000000000, 1.000000000000000000 ) ) ;
#2128 = CARTESIAN_POINT ( 'NONE',  ( -11.49999999999998934, 58.50000000000000000, 112.0000000000000000 ) ) ;
#2129 = CARTESIAN_POINT ( 'NONE',  ( -17.50000000000000355, 57.00000000000000711, -11.00000000000000000 ) ) ;
#2130 = ORIENTED_EDGE ( 'NONE', *, *, #177, .F. ) ;
#2131 = FACE_OUTER_BOUND ( 'NONE', #25, .T. ) ;
#2132 = DIRECTION ( 'NONE',  ( 0.000000000000000000, -1.000000000000000000, 0.000000000000000000 ) ) ;
#2133 = CARTESIAN_POINT ( 'NONE',  ( -2.499999999999998668, 69.00000000000000000, 12.00000000000000000 ) ) ;
#2134 = FACE_OUTER_BOUND ( 'NONE', #2185, .T. ) ;
#2135 = DIRECTION ( 'NONE',  ( 1.000000000000000000, 0.000000000000000000, 0.000000000000000000 ) ) ;
#2136 = ADVANCED_FACE ( 'NONE', ( #1005 ), #282, .F. ) ;
#2137 = EDGE_CURVE ( 'NONE', #1840, #1235, #1095, .T. ) ;
#2138 = EDGE_CURVE ( 'NONE', #2079, #1704, #1114, .T. ) ;
#2139 = ORIENTED_EDGE ( 'NONE', *, *, #682, .T. ) ;
#2140 = AXIS2_PLACEMENT_3D ( 'NONE', #620, #1530, #2411 ) ;
#2141 = DIRECTION ( 'NONE',  ( 1.000000000000000000, -0.000000000000000000, -1.717547996016640734E-16 ) ) ;
#2142 = DIRECTION ( 'NONE',  ( 0.000000000000000000, 1.000000000000000000, 0.000000000000000000 ) ) ;
#2143 = CARTESIAN_POINT ( 'NONE',  ( -2.270390804017709208, 56.00000000000000711, 11.11480425358375612 ) ) ;
#2144 = ORIENTED_EDGE ( 'NONE', *, *, #1565, .T. ) ;
#2145 = CYLINDRICAL_SURFACE ( 'NONE', #2818, 1.000000000000000000 ) ;
#2146 = VECTOR ( 'NONE', #2795, 1000.000000000000000 ) ;
#2147 = LINE ( 'NONE', #115, #1435 ) ;
#2148 = ORIENTED_EDGE ( 'NONE', *, *, #180, .F. ) ;
#2149 = AXIS2_PLACEMENT_3D ( 'NONE', #2841, #560, #1738 ) ;
#2150 = LINE ( 'NONE', #1896, #629 ) ;
#2151 = AXIS2_PLACEMENT_3D ( 'NONE', #1169, #1636, #1679 ) ;
#2152 = DIRECTION ( 'NONE',  ( 2.168404344971009361E-16, -0.000000000000000000, 1.000000000000000000 ) ) ;
#2153 = EDGE_CURVE ( 'NONE', #2518, #1103, #2283, .T. ) ;
#2154 = ORIENTED_EDGE ( 'NONE', *, *, #2049, .F. ) ;
#2155 = AXIS2_PLACEMENT_3D ( 'NONE', #793, #555, #26 ) ;
#2156 = EDGE_CURVE ( 'NONE', #2666, #1445, #1875, .T. ) ;
#2157 = ORIENTED_EDGE ( 'NONE', *, *, #1706, .T. ) ;
#2158 = AXIS2_PLACEMENT_3D ( 'NONE', #2748, #703, #2361 ) ;
#2159 = DIRECTION ( 'NONE',  ( -0.000000000000000000, 0.000000000000000000, 1.000000000000000000 ) ) ;
#2160 = DIRECTION ( 'NONE',  ( 0.000000000000000000, 0.000000000000000000, 1.000000000000000000 ) ) ;
#2161 = ADVANCED_FACE ( 'NONE', ( #2731, #2065 ), #2002, .F. ) ;
#2162 = ORIENTED_EDGE ( 'NONE', *, *, #2588, .T. ) ;
#2163 = CARTESIAN_POINT ( 'NONE',  ( -14.50000000000000178, 65.00000000000000000, 3.144186300207964042E-15 ) ) ;
#2164 = FACE_OUTER_BOUND ( 'NONE', #1221, .T. ) ;
#2165 = DIRECTION ( 'NONE',  ( 0.000000000000000000, -0.000000000000000000, -1.000000000000000000 ) ) ;
#2166 = DIRECTION ( 'NONE',  ( -0.000000000000000000, -1.000000000000000000, -0.000000000000000000 ) ) ;
#2167 = ORIENTED_EDGE ( 'NONE', *, *, #480, .T. ) ;
#2168 = CARTESIAN_POINT ( 'NONE',  ( 7.500000000000000888, 68.00000000000000000, 11.00000000000000000 ) ) ;
#2169 = ORIENTED_EDGE ( 'NONE', *, *, #2071, .F. ) ;
#2170 = LINE ( 'NONE', #1969, #1817 ) ;
#2171 = ORIENTED_EDGE ( 'NONE', *, *, #2672, .T. ) ;
#2172 = DIRECTION ( 'NONE',  ( 0.000000000000000000, 0.000000000000000000, 1.000000000000000000 ) ) ;
#2173 = DIRECTION ( 'NONE',  ( 1.717547996016640734E-16, 0.000000000000000000, 1.000000000000000000 ) ) ;
#2174 = EDGE_CURVE ( 'NONE', #254, #2593, #1167, .T. ) ;
#2175 = ORIENTED_EDGE ( 'NONE', *, *, #2625, .T. ) ;
#2176 = CARTESIAN_POINT ( 'NONE',  ( -2.499999999999998668, 65.00000000000000000, 110.0000000000000000 ) ) ;
#2177 = FACE_OUTER_BOUND ( 'NONE', #225, .T. ) ;
#2178 = PLANE ( 'NONE',  #871 ) ;
#2179 = CARTESIAN_POINT ( 'NONE',  ( -18.49841967648985985, 60.44961032058512984, 7.096996274835269958 ) ) ;
#2180 = ORIENTED_EDGE ( 'NONE', *, *, #2809, .F. ) ;
#2181 = ORIENTED_EDGE ( 'NONE', *, *, #337, .T. ) ;
#2182 = PERSON_AND_ORGANIZATION ( #743, #1547 ) ;
#2183 = LINE ( 'NONE', #623, #434 ) ;
#2184 = DIRECTION ( 'NONE',  ( 0.000000000000000000, -0.000000000000000000, -1.000000000000000000 ) ) ;
#2185 = EDGE_LOOP ( 'NONE', ( #1951, #2209, #861, #1714, #610, #2557, #1557, #1459, #1133, #458, #1401 ) ) ;
#2186 = DIRECTION ( 'NONE',  ( -1.000000000000000000, 0.000000000000000000, 0.000000000000000000 ) ) ;
#2187 = CIRCLE ( 'NONE', #1674, 2.000000000000001776 ) ;
#2188 = CARTESIAN_POINT ( 'NONE',  ( -18.49964609824960249, 60.05326702473336553, 7.026473738885190556 ) ) ;
#2189 = AXIS2_PLACEMENT_3D ( 'NONE', #547, #2120, #74 ) ;
#2190 = EDGE_CURVE ( 'NONE', #2248, #52, #2299, .T. ) ;
#2191 = DIRECTION ( 'NONE',  ( 0.000000000000000000, -1.000000000000000000, 0.000000000000000000 ) ) ;
#2192 = CIRCLE ( 'NONE', #1630, 1.050000000000000488 ) ;
#2193 = LINE ( 'NONE', #2089, #1819 ) ;
#2194 = CIRCLE ( 'NONE', #919, 1.000000000000000888 ) ;
#2195 = ORIENTED_EDGE ( 'NONE', *, *, #1215, .T. ) ;
#2196 = ORIENTED_EDGE ( 'NONE', *, *, #682, .F. ) ;
#2197 = DIRECTION ( 'NONE',  ( -1.000000000000000000, 0.000000000000000000, -0.000000000000000000 ) ) ;
#2198 = VECTOR ( 'NONE', #262, 1000.000000000000000 ) ;
#2199 = DIRECTION ( 'NONE',  ( 0.000000000000000000, 0.000000000000000000, 1.000000000000000000 ) ) ;
#2200 = DIRECTION ( 'NONE',  ( 1.000000000000000000, 0.000000000000000000, 0.000000000000000000 ) ) ;
#2201 = EDGE_LOOP ( 'NONE', ( #976, #666, #808, #2881 ) ) ;
#2202 = CARTESIAN_POINT ( 'NONE',  ( -18.50001969847330585, 59.99749509432857053, 7.030286518144963637 ) ) ;
#2203 = EDGE_CURVE ( 'NONE', #1499, #2835, #2333, .T. ) ;
#2204 = ADVANCED_FACE ( 'NONE', ( #1422 ), #965, .T. ) ;
#2205 = CARTESIAN_POINT ( 'NONE',  ( -18.49290458392726322, 59.76179644267126179, 7.121563982231055689 ) ) ;
#2206 = EDGE_CURVE ( 'NONE', #2513, #2931, #986, .T. ) ;
#2207 = ORIENTED_EDGE ( 'NONE', *, *, #2789, .T. ) ;
#2208 = ORIENTED_EDGE ( 'NONE', *, *, #182, .F. ) ;
#2209 = ORIENTED_EDGE ( 'NONE', *, *, #853, .T. ) ;
#2210 = DIRECTION ( 'NONE',  ( 1.000000000000000000, -0.000000000000000000, -1.734723475976807094E-16 ) ) ;
#2211 = EDGE_LOOP ( 'NONE', ( #638, #804, #1139 ) ) ;
#2212 = CARTESIAN_POINT ( 'NONE',  ( -18.49440106784729210, 59.78799182841217430, 7.109739302872337241 ) ) ;
#2213 = EDGE_CURVE ( 'NONE', #1338, #1989, #526, .T. ) ;
#2214 = CARTESIAN_POINT ( 'NONE',  ( 0.000000000000000000, 0.000000000000000000, 0.000000000000000000 ) ) ;
#2215 = CARTESIAN_POINT ( 'NONE',  ( -46.50000000000000000, 61.00000000000001421, -7.999999999999992895 ) ) ;
#2216 = EDGE_CURVE ( 'NONE', #2056, #355, #2194, .T. ) ;
#2217 = EDGE_CURVE ( 'NONE', #1233, #254, #2568, .T. ) ;
#2218 = ORIENTED_EDGE ( 'NONE', *, *, #741, .F. ) ;
#2219 = CARTESIAN_POINT ( 'NONE',  ( -4.242640687119276777, 3.500000000000000000, 4.242640687119294540 ) ) ;
#2220 = ADVANCED_FACE ( 'NONE', ( #1922, #2313, #2550, #2797, #291, #1633 ), #1677, .T. ) ;
#2221 = DIRECTION ( 'NONE',  ( 0.000000000000000000, 0.000000000000000000, 1.000000000000000000 ) ) ;
#2222 = FACE_OUTER_BOUND ( 'NONE', #1940, .T. ) ;
#2223 = EDGE_LOOP ( 'NONE', ( #2694, #367 ) ) ;
#2224 = CARTESIAN_POINT ( 'NONE',  ( 4.242640687119276777, 3.500000000000000000, 3.192640687119293830 ) ) ;
#2225 = AXIS2_PLACEMENT_3D ( 'NONE', #1137, #911, #2264 ) ;
#2226 = CARTESIAN_POINT ( 'NONE',  ( -18.04747047589249220, 58.15143619733908054, 7.837114168535975978 ) ) ;
#2227 = AXIS2_PLACEMENT_3D ( 'NONE', #1750, #2647, #575 ) ;
#2228 = CARTESIAN_POINT ( 'NONE',  ( -4.242640687119277665, 32.50000000000000000, -3.192640687119291609 ) ) ;
#2229 = DIRECTION ( 'NONE',  ( 0.000000000000000000, -1.000000000000000000, 0.000000000000000000 ) ) ;
#2230 = EDGE_LOOP ( 'NONE', ( #297, #880, #1174, #694, #2762, #1092 ) ) ;
#2231 = CIRCLE ( 'NONE', #2756, 4.000000000000003553 ) ;
#2232 = EDGE_LOOP ( 'NONE', ( #2139, #326, #281, #1096 ) ) ;
#2233 = LINE ( 'NONE', #208, #1070 ) ;
#2234 = CIRCLE ( 'NONE', #971, 2.000000000000001776 ) ;
#2235 = AXIS2_PLACEMENT_3D ( 'NONE', #1624, #1109, #2909 ) ;
#2236 = ORIENTED_EDGE ( 'NONE', *, *, #2267, .T. ) ;
#2237 = VECTOR ( 'NONE', #708, 1000.000000000000000 ) ;
#2238 = DIRECTION ( 'NONE',  ( -0.000000000000000000, 1.000000000000000000, -0.000000000000000000 ) ) ;
#2239 = ORIENTED_EDGE ( 'NONE', *, *, #2138, .T. ) ;
#2240 = VERTEX_POINT ( 'NONE', #735 ) ;
#2241 = AXIS2_PLACEMENT_3D ( 'NONE', #809, #1239, #332 ) ;
#2242 = DIRECTION ( 'NONE',  ( 0.000000000000000000, 1.000000000000000000, 0.000000000000000000 ) ) ;
#2243 = CARTESIAN_POINT ( 'NONE',  ( -18.48187416204871880, 59.61907012967622421, 7.189698867474610289 ) ) ;
#2244 = DIRECTION ( 'NONE',  ( -0.000000000000000000, 1.000000000000000000, -0.000000000000000000 ) ) ;
#2245 = ORIENTED_EDGE ( 'NONE', *, *, #2787, .T. ) ;
#2246 = DIRECTION ( 'NONE',  ( 0.000000000000000000, 0.000000000000000000, 1.000000000000000000 ) ) ;
#2247 = VERTEX_POINT ( 'NONE', #1650 ) ;
#2248 = VERTEX_POINT ( 'NONE', #1216 ) ;
#2249 = LINE ( 'NONE', #1148, #1867 ) ;
#2250 = EDGE_CURVE ( 'NONE', #1427, #2510, #1500, .T. ) ;
#2251 = CARTESIAN_POINT ( 'NONE',  ( -2.499999999999998668, 65.00000000000000000, 110.0000000000000000 ) ) ;
#2252 = ORIENTED_EDGE ( 'NONE', *, *, #2925, .F. ) ;
#2253 = EDGE_CURVE ( 'NONE', #2613, #908, #2105, .T. ) ;
#2254 = ADVANCED_FACE ( 'NONE', ( #2134 ), #309, .F. ) ;
#2255 = FACE_BOUND ( 'NONE', #2462, .T. ) ;
#2256 = CARTESIAN_POINT ( 'NONE',  ( -17.80729305412898000, 57.75008739717567607, 7.951795757421508348 ) ) ;
#2257 = DIRECTION ( 'NONE',  ( -1.000000000000000000, 0.000000000000000000, 0.000000000000000000 ) ) ;
#2258 = LINE ( 'NONE', #1794, #1975 ) ;
#2259 = VERTEX_POINT ( 'NONE', #787 ) ;
#2260 = ORIENTED_EDGE ( 'NONE', *, *, #380, .F. ) ;
#2261 = DATE_AND_TIME ( #45, #640 ) ;
#2262 = ORIENTED_EDGE ( 'NONE', *, *, #2417, .T. ) ;
#2263 = DIRECTION ( 'NONE',  ( -0.000000000000000000, -1.000000000000000000, -0.000000000000000000 ) ) ;
#2264 = DIRECTION ( 'NONE',  ( 0.000000000000000000, 0.000000000000000000, -1.000000000000000000 ) ) ;
#2265 = CYLINDRICAL_SURFACE ( 'NONE', #1290, 2.000000000000001776 ) ;
#2266 = ORIENTED_EDGE ( 'NONE', *, *, #2405, .F. ) ;
#2267 = EDGE_CURVE ( 'NONE', #1338, #2371, #977, .T. ) ;
#2268 = FACE_BOUND ( 'NONE', #1055, .T. ) ;
#2269 = CARTESIAN_POINT ( 'NONE',  ( 7.500000000000000000, 59.00000000000001421, 12.00000000000000000 ) ) ;
#2270 = ADVANCED_FACE ( 'NONE', ( #1694 ), #483, .F. ) ;
#2271 = ORIENTED_EDGE ( 'NONE', *, *, #2843, .F. ) ;
#2272 = ORIENTED_EDGE ( 'NONE', *, *, #2588, .F. ) ;
#2273 = VECTOR ( 'NONE', #510, 1000.000000000000000 ) ;
#2274 = ORIENTED_EDGE ( 'NONE', *, *, #928, .T. ) ;
#2275 = VERTEX_POINT ( 'NONE', #948 ) ;
#2276 = AXIS2_PLACEMENT_3D ( 'NONE', #311, #1424, #1441 ) ;
#2277 = DIRECTION ( 'NONE',  ( 0.000000000000000000, -1.000000000000000000, 0.000000000000000000 ) ) ;
#2278 = CIRCLE ( 'NONE', #2663, 1.049999999999999822 ) ;
#2279 = DIRECTION ( 'NONE',  ( 0.000000000000000000, 0.000000000000000000, 1.000000000000000000 ) ) ;
#2280 = FACE_BOUND ( 'NONE', #146, .T. ) ;
#2281 = VERTEX_POINT ( 'NONE', #2523 ) ;
#2282 = VERTEX_POINT ( 'NONE', #1411 ) ;
#2283 = CIRCLE ( 'NONE', #674, 1.050000000000000488 ) ;
#2284 = CARTESIAN_POINT ( 'NONE',  ( 0.000000000000000000, 3.500000000000000000, 0.000000000000000000 ) ) ;
#2285 = AXIS2_PLACEMENT_3D ( 'NONE', #2168, #2865, #1489 ) ;
#2286 = CIRCLE ( 'NONE', #1446, 4.000000000000000000 ) ;
#2287 = DIRECTION ( 'NONE',  ( -1.000000000000000000, 0.000000000000000000, 2.312964634635742957E-16 ) ) ;
#2288 = DIRECTION ( 'NONE',  ( 2.168404344971009361E-16, -0.000000000000000000, 1.000000000000000000 ) ) ;
#2289 = CARTESIAN_POINT ( 'NONE',  ( 7.500000000000000000, 57.00000000000000711, 12.00000000000000000 ) ) ;
#2290 = MANIFOLD_SOLID_BREP ( '\X2\52079664\X0\-\X2\62c94f38\X0\6', #1240 ) ;
#2291 = ADVANCED_FACE ( 'NONE', ( #2177 ), #141, .F. ) ;
#2292 = VERTEX_POINT ( 'NONE', #1059 ) ;
#2293 = VERTEX_POINT ( 'NONE', #2861 ) ;
#2294 = DIRECTION ( 'NONE',  ( -0.000000000000000000, 1.000000000000000000, -0.000000000000000000 ) ) ;
#2295 = CARTESIAN_POINT ( 'NONE',  ( 4.242640687119276777, 32.50000000000000000, 3.192640687119293830 ) ) ;
#2296 = DIRECTION ( 'NONE',  ( 1.000000000000000000, -0.000000000000000000, -1.734723475976807094E-16 ) ) ;
#2297 = ORIENTED_EDGE ( 'NONE', *, *, #1629, .T. ) ;
#2298 = DIRECTION ( 'NONE',  ( -0.000000000000000000, -1.000000000000000000, -0.000000000000000000 ) ) ;
#2299 = LINE ( 'NONE', #548, #2864 ) ;
#2300 = DIRECTION ( 'NONE',  ( 0.000000000000000000, 0.000000000000000000, -1.000000000000000000 ) ) ;
#2301 = DIRECTION ( 'NONE',  ( -2.168404344971009361E-16, -0.000000000000000000, -1.000000000000000000 ) ) ;
#2302 = ORIENTED_EDGE ( 'NONE', *, *, #1056, .F. ) ;
#2303 = VERTEX_POINT ( 'NONE', #2364 ) ;
#2304 = DIRECTION ( 'NONE',  ( 1.000000000000000000, -0.000000000000000000, -1.734723475976807094E-16 ) ) ;
#2305 = EDGE_CURVE ( 'NONE', #1263, #447, #444, .T. ) ;
#2306 = EDGE_CURVE ( 'NONE', #1206, #2593, #207, .T. ) ;
#2307 = VERTEX_POINT ( 'NONE', #1242 ) ;
#2308 = CARTESIAN_POINT ( 'NONE',  ( -15.00000000000000355, 36.00000000000000711, -7.999999999999996447 ) ) ;
#2309 = DIRECTION ( 'NONE',  ( 2.312964634635742957E-16, -0.000000000000000000, 1.000000000000000000 ) ) ;
#2310 = DIRECTION ( 'NONE',  ( 0.000000000000000000, 0.000000000000000000, 1.000000000000000000 ) ) ;
#2311 = EDGE_CURVE ( 'NONE', #2890, #1847, #1736, .T. ) ;
#2312 = ORIENTED_EDGE ( 'NONE', *, *, #1045, .F. ) ;
#2313 = FACE_BOUND ( 'NONE', #1126, .T. ) ;
#2314 = CARTESIAN_POINT ( 'NONE',  ( -2.499999999999998668, 69.00000000000000000, 110.0000000000000000 ) ) ;
#2315 = CARTESIAN_POINT ( 'NONE',  ( -1.499999999999984013, 62.50000000000000000, 112.0000000000000000 ) ) ;
#2316 = CARTESIAN_POINT ( 'NONE',  ( -0.6879477492341362632, 68.57485595032399317, 11.83056693678850735 ) ) ;
#2317 = ORIENTED_EDGE ( 'NONE', *, *, #2809, .T. ) ;
#2318 = AXIS2_PLACEMENT_3D ( 'NONE', #138, #364, #782 ) ;
#2319 = DIRECTION ( 'NONE',  ( -0.000000000000000000, -1.000000000000000000, -0.000000000000000000 ) ) ;
#2320 = ORIENTED_EDGE ( 'NONE', *, *, #798, .T. ) ;
#2321 = DIRECTION ( 'NONE',  ( 0.000000000000000000, 1.000000000000000000, 0.000000000000000000 ) ) ;
#2322 = FACE_OUTER_BOUND ( 'NONE', #1883, .T. ) ;
#2323 = AXIS2_PLACEMENT_3D ( 'NONE', #2921, #1801, #3 ) ;
#2324 = DIRECTION ( 'NONE',  ( 1.000000000000000000, 0.000000000000000000, 0.000000000000000000 ) ) ;
#2325 = DIRECTION ( 'NONE',  ( -1.000000000000000000, 0.000000000000000000, 0.000000000000000000 ) ) ;
#2326 = AXIS2_PLACEMENT_3D ( 'NONE', #2374, #375, #2199 ) ;
#2327 = CIRCLE ( 'NONE', #246, 1.000000000000000888 ) ;
#2328 = CARTESIAN_POINT ( 'NONE',  ( -0.4999999999999987232, 65.00000000000000000, 112.0000000000000000 ) ) ;
#2329 = DIRECTION ( 'NONE',  ( 0.000000000000000000, 0.000000000000000000, 1.000000000000000000 ) ) ;
#2330 = VECTOR ( 'NONE', #1184, 1000.000000000000000 ) ;
#2331 = APPLICATION_CONTEXT ( 'configuration controlled 3d designs of mechanical parts and assemblies' ) ;
#2332 = AXIS2_PLACEMENT_3D ( 'NONE', #1466, #2858, #2200 ) ;
#2333 = LINE ( 'NONE', #278, #2330 ) ;
#2334 = AXIS2_PLACEMENT_3D ( 'NONE', #2718, #1822, #2730 ) ;
#2335 = LINE ( 'NONE', #2816, #1346 ) ;
#2336 = CARTESIAN_POINT ( 'NONE',  ( 8.500000000000000000, 68.00000000000000000, 11.00000000000000000 ) ) ;
#2337 = CIRCLE ( 'NONE', #255, 1.000000000000000888 ) ;
#2338 = CIRCLE ( 'NONE', #597, 3.000000000000000888 ) ;
#2339 = EDGE_LOOP ( 'NONE', ( #914, #1044, #879, #2355 ) ) ;
#2340 = ORIENTED_EDGE ( 'NONE', *, *, #53, .F. ) ;
#2341 = DIRECTION ( 'NONE',  ( 0.000000000000000000, 0.000000000000000000, -1.000000000000000000 ) ) ;
#2342 = VERTEX_POINT ( 'NONE', #2877 ) ;
#2343 = SPHERICAL_SURFACE ( 'NONE', #1452, 1.000000000000000000 ) ;
#2344 = PLANE ( 'NONE',  #2423 ) ;
#2345 = FACE_OUTER_BOUND ( 'NONE', #2083, .T. ) ;
#2346 = CYLINDRICAL_SURFACE ( 'NONE', #582, 1.049999999999997158 ) ;
#2347 = EDGE_LOOP ( 'NONE', ( #2, #2704, #2820, #60 ) ) ;
#2348 = DIRECTION ( 'NONE',  ( 0.000000000000000000, 0.000000000000000000, 1.000000000000000000 ) ) ;
#2349 = EDGE_CURVE ( 'NONE', #1219, #2493, #1035, .T. ) ;
#2350 = EDGE_CURVE ( 'NONE', #2830, #2677, #1526, .T. ) ;
#2351 = EDGE_CURVE ( 'NONE', #1283, #1847, #962, .T. ) ;
#2352 = DIRECTION ( 'NONE',  ( 0.000000000000000000, 1.000000000000000000, 0.000000000000000000 ) ) ;
#2353 = CARTESIAN_POINT ( 'NONE',  ( 0.000000000000000000, 32.50000000000000000, -3.049999999999999822 ) ) ;
#2354 = CARTESIAN_POINT ( 'NONE',  ( 6.650000000000003020, 61.00000000000001421, -6.950000000000003730 ) ) ;
#2355 = ORIENTED_EDGE ( 'NONE', *, *, #480, .F. ) ;
#2356 = ORIENTED_EDGE ( 'NONE', *, *, #679, .F. ) ;
#2357 = CARTESIAN_POINT ( 'NONE',  ( -16.49999999999997513, 0.000000000000000000, 110.0000000000000000 ) ) ;
#2358 = CARTESIAN_POINT ( 'NONE',  ( 7.500000000000000888, 57.00000000000000711, -12.00000000000000000 ) ) ;
#2359 = CARTESIAN_POINT ( 'NONE',  ( -2.499999999999998668, 67.00000000000000000, 110.0000000000000000 ) ) ;
#2360 = EDGE_LOOP ( 'NONE', ( #924, #749, #588, #48 ) ) ;
#2361 = DIRECTION ( 'NONE',  ( 0.000000000000000000, 0.000000000000000000, 1.000000000000000000 ) ) ;
#2362 = DIRECTION ( 'NONE',  ( 0.000000000000000000, 0.000000000000000000, 1.000000000000000000 ) ) ;
#2363 = CC_DESIGN_PERSON_AND_ORGANIZATION_ASSIGNMENT ( #1380, #926, ( #1122 ) ) ;
#2364 = CARTESIAN_POINT ( 'NONE',  ( 4.242640687119277665, 32.50000000000000000, -3.192640687119291609 ) ) ;
#2365 = EDGE_LOOP ( 'NONE', ( #2638, #890 ) ) ;
#2366 = ADVANCED_FACE ( 'NONE', ( #2424 ), #1985, .T. ) ;
#2367 = LINE ( 'NONE', #2591, #154 ) ;
#2368 = DIRECTION ( 'NONE',  ( 1.000000000000000000, 0.000000000000000000, 0.000000000000000000 ) ) ;
#2369 = ADVANCED_FACE ( 'NONE', ( #1504, #339, #370 ), #2178, .T. ) ;
#2370 = ORIENTED_EDGE ( 'NONE', *, *, #380, .T. ) ;
#2371 = VERTEX_POINT ( 'NONE', #2650 ) ;
#2372 = DIRECTION ( 'NONE',  ( 0.000000000000000000, 1.000000000000000000, 0.000000000000000000 ) ) ;
#2373 = CARTESIAN_POINT ( 'NONE',  ( -2.499999999999998668, 69.00000000000000000, 11.00000000000000000 ) ) ;
#2374 = CARTESIAN_POINT ( 'NONE',  ( 0.000000000000000000, 32.50000000000000000, 0.000000000000000000 ) ) ;
#2375 = LINE ( 'NONE', #1285, #1245 ) ;
#2376 = ORIENTED_EDGE ( 'NONE', *, *, #2419, .T. ) ;
#2377 = FACE_OUTER_BOUND ( 'NONE', #2347, .T. ) ;
#2378 = AXIS2_PLACEMENT_3D ( 'NONE', #38, #68, #1865 ) ;
#2379 = DIRECTION ( 'NONE',  ( -0.000000000000000000, 0.000000000000000000, 1.000000000000000000 ) ) ;
#2380 = AXIS2_PLACEMENT_3D ( 'NONE', #901, #1806, #1460 ) ;
#2381 = DIRECTION ( 'NONE',  ( 0.000000000000000000, 1.000000000000000000, -0.000000000000000000 ) ) ;
#2382 = ORIENTED_EDGE ( 'NONE', *, *, #87, .T. ) ;
#2383 = VECTOR ( 'NONE', #1268, 1000.000000000000000 ) ;
#2384 = AXIS2_PLACEMENT_3D ( 'NONE', #1457, #607, #1994 ) ;
#2385 = DIRECTION ( 'NONE',  ( -0.000000000000000000, -0.000000000000000000, 1.000000000000000000 ) ) ;
#2386 = AXIS2_PLACEMENT_3D ( 'NONE', #310, #101, #969 ) ;
#2387 = DIRECTION ( 'NONE',  ( -1.000000000000000000, -0.000000000000000000, -0.000000000000000000 ) ) ;
#2388 = EDGE_CURVE ( 'NONE', #2518, #1263, #2398, .T. ) ;
#2389 = AXIS2_PLACEMENT_3D ( 'NONE', #790, #2592, #2368 ) ;
#2390 = ADVANCED_FACE ( 'NONE', ( #1696 ), #2605, .T. ) ;
#2391 = ORIENTED_EDGE ( 'NONE', *, *, #2137, .T. ) ;
#2392 = VECTOR ( 'NONE', #1628, 1000.000000000000000 ) ;
#2393 = CARTESIAN_POINT ( 'NONE',  ( 7.500000000000000888, 56.00000000000000711, 11.00000000000000000 ) ) ;
#2394 = DIRECTION ( 'NONE',  ( -0.000000000000000000, -1.000000000000000000, -0.000000000000000000 ) ) ;
#2395 = ORIENTED_EDGE ( 'NONE', *, *, #898, .F. ) ;
#2396 = LINE ( 'NONE', #810, #1063 ) ;
#2397 = ORIENTED_EDGE ( 'NONE', *, *, #1249, .T. ) ;
#2398 = LINE ( 'NONE', #1942, #1159 ) ;
#2399 = VERTEX_POINT ( 'NONE', #579 ) ;
#2400 = ORIENTED_EDGE ( 'NONE', *, *, #832, .F. ) ;
#2401 = PRODUCT_DEFINITION ( '�', '', #1354, #2771 ) ;
#2402 = VERTEX_POINT ( 'NONE', #144 ) ;
#2403 = DATE_AND_TIME ( #1518, #1593 ) ;
#2404 = DIRECTION ( 'NONE',  ( 0.000000000000000000, 0.000000000000000000, 1.000000000000000000 ) ) ;
#2405 = EDGE_CURVE ( 'NONE', #1698, #593, #1471, .T. ) ;
#2406 = DIRECTION ( 'NONE',  ( 0.000000000000000000, 0.000000000000000000, -1.000000000000000000 ) ) ;
#2407 = ORIENTED_EDGE ( 'NONE', *, *, #559, .T. ) ;
#2408 = ADVANCED_FACE ( 'NONE', ( #2819 ), #103, .F. ) ;
#2409 = CYLINDRICAL_SURFACE ( 'NONE', #630, 1.000000000000000888 ) ;
#2410 = DIRECTION ( 'NONE',  ( -2.168404344971009361E-16, 0.000000000000000000, -1.000000000000000000 ) ) ;
#2411 = DIRECTION ( 'NONE',  ( 0.000000000000000000, 0.000000000000000000, 1.000000000000000000 ) ) ;
#2412 = ORIENTED_EDGE ( 'NONE', *, *, #1213, .T. ) ;
#2413 = DATE_AND_TIME ( #2852, #2907 ) ;
#2414 = CARTESIAN_POINT ( 'NONE',  ( -17.50000000000000355, 57.00000000000000711, -11.00000000000000000 ) ) ;
#2415 = CARTESIAN_POINT ( 'NONE',  ( 4.242640687119277665, 3.500000000000000000, -5.292640687119291698 ) ) ;
#2416 = CIRCLE ( 'NONE', #240, 3.049999999999999822 ) ;
#2417 = EDGE_CURVE ( 'NONE', #2918, #1665, #2432, .T. ) ;
#2418 = ORIENTED_EDGE ( 'NONE', *, *, #1761, .F. ) ;
#2419 = EDGE_CURVE ( 'NONE', #885, #260, #382, .T. ) ;
#2420 = CARTESIAN_POINT ( 'NONE',  ( -18.48459750910645738, 60.35068887981032759, 7.174836337931680852 ) ) ;
#2421 = DIRECTION ( 'NONE',  ( 0.000000000000000000, 0.000000000000000000, 1.000000000000000000 ) ) ;
#2422 = CARTESIAN_POINT ( 'NONE',  ( -18.50000000000000000, 57.00000000000000711, -12.00000000000000000 ) ) ;
#2423 = AXIS2_PLACEMENT_3D ( 'NONE', #1848, #2515, #495 ) ;
#2424 = FACE_OUTER_BOUND ( 'NONE', #1220, .T. ) ;
#2425 = VECTOR ( 'NONE', #2433, 1000.000000000000000 ) ;
#2426 = AXIS2_PLACEMENT_3D ( 'NONE', #1405, #2309, #2118 ) ;
#2427 = ORIENTED_EDGE ( 'NONE', *, *, #2686, .F. ) ;
#2428 = VECTOR ( 'NONE', #486, 1000.000000000000000 ) ;
#2429 = ORIENTED_EDGE ( 'NONE', *, *, #813, .F. ) ;
#2430 = ORIENTED_EDGE ( 'NONE', *, *, #1568, .F. ) ;
#2431 = MECHANICAL_CONTEXT ( 'NONE', #2331, 'mechanical' ) ;
#2432 = CIRCLE ( 'NONE', #2285, 1.000000000000000000 ) ;
#2433 = DIRECTION ( 'NONE',  ( -0.000000000000000000, 1.000000000000000000, -0.000000000000000000 ) ) ;
#2434 = VECTOR ( 'NONE', #1495, 1000.000000000000000 ) ;
#2435 = CC_DESIGN_APPROVAL ( #302, ( #1122 ) ) ;
#2436 = DIRECTION ( 'NONE',  ( 0.000000000000000000, 0.000000000000000000, -1.000000000000000000 ) ) ;
#2437 = EDGE_CURVE ( 'NONE', #24, #1843, #2473, .T. ) ;
#2438 = FACE_BOUND ( 'NONE', #2845, .T. ) ;
#2439 = EDGE_CURVE ( 'NONE', #24, #2079, #835, .T. ) ;
#2440 = CARTESIAN_POINT ( 'NONE',  ( -18.11246118126643267, 58.28118640552438023, 7.791203865767083236 ) ) ;
#2441 = ORIENTED_EDGE ( 'NONE', *, *, #1652, .F. ) ;
#2442 = VERTEX_POINT ( 'NONE', #400 ) ;
#2443 = PERSON_AND_ORGANIZATION_ROLE ( 'creator' ) ;
#2444 = LINE ( 'NONE', #1383, #346 ) ;
#2445 = VERTEX_POINT ( 'NONE', #2641 ) ;
#2446 = DIRECTION ( 'NONE',  ( 2.168404344971009361E-16, -0.000000000000000000, 1.000000000000000000 ) ) ;
#2447 = CARTESIAN_POINT ( 'NONE',  ( -18.44599033110070252, 59.34468887091495759, 7.324323823600743744 ) ) ;
#2448 = DIRECTION ( 'NONE',  ( 1.000000000000000000, -0.000000000000000000, -1.734723475976807094E-16 ) ) ;
#2449 = DIRECTION ( 'NONE',  ( -0.000000000000000000, 1.000000000000000000, -0.000000000000000000 ) ) ;
#2450 = VERTEX_POINT ( 'NONE', #608 ) ;
#2451 = EDGE_CURVE ( 'NONE', #2026, #2613, #1777, .T. ) ;
#2452 = ORIENTED_EDGE ( 'NONE', *, *, #2350, .F. ) ;
#2453 = APPROVAL_STATUS ( 'not_yet_approved' ) ;
#2454 = DIRECTION ( 'NONE',  ( 0.000000000000000000, 0.000000000000000000, -1.000000000000000000 ) ) ;
#2455 = DIRECTION ( 'NONE',  ( 1.000000000000000000, -0.000000000000000000, -1.734723475976807094E-16 ) ) ;
#2456 = CARTESIAN_POINT ( 'NONE',  ( 0.000000000000000000, 67.00000000000000000, 110.0000000000000000 ) ) ;
#2457 = ORIENTED_EDGE ( 'NONE', *, *, #1232, .T. ) ;
#2458 = CIRCLE ( 'NONE', #863, 4.000000000000000000 ) ;
#2459 = DIRECTION ( 'NONE',  ( 0.000000000000000000, 0.000000000000000000, -1.000000000000000000 ) ) ;
#2460 = LINE ( 'NONE', #419, #1491 ) ;
#2461 = AXIS2_PLACEMENT_3D ( 'NONE', #2740, #2543, #759 ) ;
#2462 = EDGE_LOOP ( 'NONE', ( #2207, #2113 ) ) ;
#2463 = ADVANCED_FACE ( 'NONE', ( #120 ), #1301, .T. ) ;
#2464 = SECURITY_CLASSIFICATION_LEVEL ( 'unclassified' ) ;
#2465 = VECTOR ( 'NONE', #1702, 1000.000000000000000 ) ;
#2466 = EDGE_CURVE ( 'NONE', #151, #2275, #1927, .T. ) ;
#2467 = ORIENTED_EDGE ( 'NONE', *, *, #2501, .T. ) ;
#2468 = ORIENTED_EDGE ( 'NONE', *, *, #1043, .F. ) ;
#2469 = VECTOR ( 'NONE', #2287, 1000.000000000000000 ) ;
#2470 = CYLINDRICAL_SURFACE ( 'NONE', #61, 4.000000000000000000 ) ;
#2471 = CARTESIAN_POINT ( 'NONE',  ( 4.242640687119277665, 32.50000000000000000, -4.242640687119291876 ) ) ;
#2472 = DIRECTION ( 'NONE',  ( 0.000000000000000000, 0.000000000000000000, -1.000000000000000000 ) ) ;
#2473 = CIRCLE ( 'NONE', #1540, 1.049999999999995381 ) ;
#2474 = ORIENTED_EDGE ( 'NONE', *, *, #1273, .F. ) ;
#2475 = EDGE_LOOP ( 'NONE', ( #1987, #2682, #2803, #2882 ) ) ;
#2476 = VECTOR ( 'NONE', #2659, 1000.000000000000000 ) ;
#2477 = DIRECTION ( 'NONE',  ( 0.000000000000000000, -1.000000000000000000, 0.000000000000000000 ) ) ;
#2478 = CARTESIAN_POINT ( 'NONE',  ( -18.46344417924503745, 59.45533622187180356, 7.270622497905705472 ) ) ;
#2479 = FACE_OUTER_BOUND ( 'NONE', #958, .T. ) ;
#2480 = CARTESIAN_POINT ( 'NONE',  ( -18.50000000000000000, 0.000000000000000000, 6.999999999999999112 ) ) ;
#2481 = ORIENTED_EDGE ( 'NONE', *, *, #283, .T. ) ;
#2482 = ORIENTED_EDGE ( 'NONE', *, *, #1607, .T. ) ;
#2483 = DATE_TIME_ROLE ( 'classification_date' ) ;
#2484 = ADVANCED_FACE ( 'NONE', ( #1037 ), #359, .T. ) ;
#2485 = EDGE_LOOP ( 'NONE', ( #1415, #2115, #1375, #1176, #709, #714, #1324, #1581, #1784, #706 ) ) ;
#2486 = CYLINDRICAL_SURFACE ( 'NONE', #2323, 4.000000000000000000 ) ;
#2487 = DIRECTION ( 'NONE',  ( 0.000000000000000000, 0.000000000000000000, 1.000000000000000000 ) ) ;
#2488 = ORIENTED_EDGE ( 'NONE', *, *, #2019, .F. ) ;
#2489 = VERTEX_POINT ( 'NONE', #1928 ) ;
#2490 = ADVANCED_FACE ( 'NONE', ( #1414 ), #2508, .F. ) ;
#2491 = DIRECTION ( 'NONE',  ( -0.000000000000000000, 1.000000000000000000, -0.000000000000000000 ) ) ;
#2492 = CYLINDRICAL_SURFACE ( 'NONE', #1970, 3.049999999999999822 ) ;
#2493 = VERTEX_POINT ( 'NONE', #1763 ) ;
#2494 = ORIENTED_EDGE ( 'NONE', *, *, #2437, .F. ) ;
#2495 = VERTEX_POINT ( 'NONE', #1789 ) ;
#2496 = PLANE ( 'NONE',  #625 ) ;
#2497 = DIRECTION ( 'NONE',  ( 0.000000000000000000, -1.000000000000000000, 0.000000000000000000 ) ) ;
#2498 = CARTESIAN_POINT ( 'NONE',  ( -18.50000000000000711, 65.00000000000000000, -11.00000000000000000 ) ) ;
#2499 = EDGE_LOOP ( 'NONE', ( #2196, #165 ) ) ;
#2500 = EDGE_LOOP ( 'NONE', ( #2340, #1781, #1866, #1146 ) ) ;
#2501 = EDGE_CURVE ( 'NONE', #553, #1161, #399, .T. ) ;
#2502 = EDGE_CURVE ( 'NONE', #2402, #908, #2337, .T. ) ;
#2503 = CYLINDRICAL_SURFACE ( 'NONE', #1392, 4.000000000000000000 ) ;
#2504 = LINE ( 'NONE', #2269, #2708 ) ;
#2505 = ORIENTED_EDGE ( 'NONE', *, *, #1145, .T. ) ;
#2506 = ORIENTED_EDGE ( 'NONE', *, *, #2644, .F. ) ;
#2507 = VECTOR ( 'NONE', #2616, 1000.000000000000000 ) ;
#2508 = CYLINDRICAL_SURFACE ( 'NONE', #2868, 1.049999999999995381 ) ;
#2509 = CARTESIAN_POINT ( 'NONE',  ( -0.04939565703729954793, 68.17210344890195017, 12.00000000000000000 ) ) ;
#2510 = VERTEX_POINT ( 'NONE', #856 ) ;
#2511 = CIRCLE ( 'NONE', #1770, 3.049999999999999822 ) ;
#2512 = AXIS2_PLACEMENT_3D ( 'NONE', #1635, #233, #55 ) ;
#2513 = VERTEX_POINT ( 'NONE', #2913 ) ;
#2514 = AXIS2_PLACEMENT_3D ( 'NONE', #1315, #1932, #2404 ) ;
#2515 = DIRECTION ( 'NONE',  ( 0.000000000000000000, 0.000000000000000000, 1.000000000000000000 ) ) ;
#2516 = AXIS2_PLACEMENT_3D ( 'NONE', #846, #634, #1545 ) ;
#2517 = PLANE ( 'NONE',  #1105 ) ;
#2518 = VERTEX_POINT ( 'NONE', #2224 ) ;
#2519 = EDGE_LOOP ( 'NONE', ( #1276, #1531, #2407 ) ) ;
#2520 = CARTESIAN_POINT ( 'NONE',  ( -17.50000000000000000, 0.000000000000000000, 7.000000000000000000 ) ) ;
#2521 = ORIENTED_EDGE ( 'NONE', *, *, #684, .F. ) ;
#2522 = CIRCLE ( 'NONE', #2871, 1.050000000000000488 ) ;
#2523 = CARTESIAN_POINT ( 'NONE',  ( -2.499999999999998668, 67.00000000000000000, 112.0000000000000000 ) ) ;
#2524 = ADVANCED_FACE ( 'NONE', ( #1365 ), #2660, .T. ) ;
#2525 = EDGE_CURVE ( 'NONE', #456, #2442, #2021, .T. ) ;
#2526 = DIRECTION ( 'NONE',  ( -0.000000000000000000, -1.000000000000000000, -0.000000000000000000 ) ) ;
#2527 = DIRECTION ( 'NONE',  ( 1.000000000000000000, 0.000000000000000000, 0.000000000000000000 ) ) ;
#2528 = CC_DESIGN_APPROVAL ( #920, ( #2401 ) ) ;
#2529 = ORIENTED_EDGE ( 'NONE', *, *, #398, .T. ) ;
#2530 = ADVANCED_FACE ( 'NONE', ( #2438, #1527, #1752, #2255, #395, #660 ), #431, .T. ) ;
#2531 = ORIENTED_EDGE ( 'NONE', *, *, #2153, .T. ) ;
#2532 = CARTESIAN_POINT ( 'NONE',  ( 0.000000000000000000, 32.50000000000000000, 8.000000000000000000 ) ) ;
#2533 = FACE_OUTER_BOUND ( 'NONE', #2339, .T. ) ;
#2534 = CARTESIAN_POINT ( 'NONE',  ( 1.500000000000001332, 60.00000000000001421, 112.0000000000000000 ) ) ;
#2535 = ORIENTED_EDGE ( 'NONE', *, *, #75, .F. ) ;
#2536 = DIRECTION ( 'NONE',  ( 0.000000000000000000, 0.000000000000000000, 1.000000000000000000 ) ) ;
#2537 = DIRECTION ( 'NONE',  ( 0.000000000000000000, -0.000000000000000000, 1.000000000000000000 ) ) ;
#2538 = CARTESIAN_POINT ( 'NONE',  ( -14.49999999999999289, 69.00000000000000000, -10.09999999999999964 ) ) ;
#2539 = EDGE_CURVE ( 'NONE', #2851, #2737, #306, .T. ) ;
#2540 = CARTESIAN_POINT ( 'NONE',  ( -46.50000000000000000, 61.00000000000001421, 9.050000000000002487 ) ) ;
#2541 = ORIENTED_EDGE ( 'NONE', *, *, #1852, .F. ) ;
#2542 = DIRECTION ( 'NONE',  ( 0.000000000000000000, 0.000000000000000000, 1.000000000000000000 ) ) ;
#2543 = DIRECTION ( 'NONE',  ( -1.000000000000000000, 0.000000000000000000, 0.000000000000000000 ) ) ;
#2544 = DIRECTION ( 'NONE',  ( 1.000000000000000000, 0.000000000000000000, 0.000000000000000000 ) ) ;
#2545 = LINE ( 'NONE', #2743, #106 ) ;
#2546 = VERTEX_POINT ( 'NONE', #1127 ) ;
#2547 = CARTESIAN_POINT ( 'NONE',  ( 4.242640687119277665, 0.000000000000000000, -5.292640687119291698 ) ) ;
#2548 = DIRECTION ( 'NONE',  ( -0.000000000000000000, 1.000000000000000000, 0.000000000000000000 ) ) ;
#2549 = DIRECTION ( 'NONE',  ( 0.000000000000000000, 0.000000000000000000, 1.000000000000000000 ) ) ;
#2550 = FACE_OUTER_BOUND ( 'NONE', #2889, .T. ) ;
#2551 = CARTESIAN_POINT ( 'NONE',  ( -15.00000000000000355, 56.00000000000000711, -7.999999999999996447 ) ) ;
#2552 = DIRECTION ( 'NONE',  ( -0.000000000000000000, -1.000000000000000000, -0.000000000000000000 ) ) ;
#2553 = EDGE_LOOP ( 'NONE', ( #1525, #2029 ) ) ;
#2554 = VERTEX_POINT ( 'NONE', #1983 ) ;
#2555 = CIRCLE ( 'NONE', #197, 1.050000000000000044 ) ;
#2556 = EDGE_CURVE ( 'NONE', #2303, #1417, #2878, .T. ) ;
#2557 = ORIENTED_EDGE ( 'NONE', *, *, #1709, .T. ) ;
#2558 = CARTESIAN_POINT ( 'NONE',  ( -16.64999999999999858, 59.00000000000001421, 10.10000000000000142 ) ) ;
#2559 = DIRECTION ( 'NONE',  ( 0.000000000000000000, 0.000000000000000000, -1.000000000000000000 ) ) ;
#2560 = ADVANCED_FACE ( 'NONE', ( #175 ), #1853, .F. ) ;
#2561 = AXIS2_PLACEMENT_3D ( 'NONE', #1644, #539, #316 ) ;
#2562 = CARTESIAN_POINT ( 'NONE',  ( 4.242640687119276777, 32.50000000000000000, 4.242640687119294540 ) ) ;
#2563 = CARTESIAN_POINT ( 'NONE',  ( 0.000000000000000000, 36.00000000000000711, 0.000000000000000000 ) ) ;
#2564 = CYLINDRICAL_SURFACE ( 'NONE', #2714, 1.049999999999997158 ) ;
#2565 = VECTOR ( 'NONE', #2817, 1000.000000000000000 ) ;
#2566 = DIRECTION ( 'NONE',  ( 0.000000000000000000, 0.000000000000000000, -1.000000000000000000 ) ) ;
#2567 = CARTESIAN_POINT ( 'NONE',  ( -4.242640687119277665, 36.00000000000000711, -5.292640687119291698 ) ) ;
#2568 = CIRCLE ( 'NONE', #1299, 8.000000000000000000 ) ;
#2569 = CARTESIAN_POINT ( 'NONE',  ( 0.000000000000000000, 69.00000000000000000, 110.0000000000000000 ) ) ;
#2570 = VECTOR ( 'NONE', #566, 1000.000000000000000 ) ;
#2571 = CARTESIAN_POINT ( 'NONE',  ( 0.000000000000000000, 0.000000000000000000, -8.000000000000000000 ) ) ;
#2572 = CARTESIAN_POINT ( 'NONE',  ( -14.49999999999997868, 65.00000000000000000, 110.0000000000000000 ) ) ;
#2573 = DIRECTION ( 'NONE',  ( -2.168404344971009361E-16, 0.000000000000000000, -1.000000000000000000 ) ) ;
#2574 = VECTOR ( 'NONE', #385, 1000.000000000000000 ) ;
#2575 = APPROVAL_PERSON_ORGANIZATION ( #457, #302, #1172 ) ;
#2576 = DIRECTION ( 'NONE',  ( 0.000000000000000000, 0.000000000000000000, -1.000000000000000000 ) ) ;
#2577 = EDGE_LOOP ( 'NONE', ( #2711, #2729, #2181, #2541 ) ) ;
#2578 = CARTESIAN_POINT ( 'NONE',  ( -1.499999999999984013, 62.50000000000000000, 32.00000000000000000 ) ) ;
#2579 = CARTESIAN_POINT ( 'NONE',  ( -14.49999999999997868, 69.00000000000000000, 112.0000000000000000 ) ) ;
#2580 = LINE ( 'NONE', #2532, #1293 ) ;
#2581 = ADVANCED_FACE ( 'NONE', ( #1475 ), #1613, .T. ) ;
#2582 = DIRECTION ( 'NONE',  ( 0.000000000000000000, 0.000000000000000000, -1.000000000000000000 ) ) ;
#2583 = CYLINDRICAL_SURFACE ( 'NONE', #2318, 8.000000000000000000 ) ;
#2584 = ADVANCED_FACE ( 'NONE', ( #961 ), #1868, .T. ) ;
#2585 = CARTESIAN_POINT ( 'NONE',  ( -16.64999999999999858, 68.37305499510458162, 10.10000000000000142 ) ) ;
#2586 = EDGE_CURVE ( 'NONE', #2045, #1338, #776, .T. ) ;
#2587 = DIRECTION ( 'NONE',  ( 1.000000000000000000, 0.000000000000000000, 0.000000000000000000 ) ) ;
#2588 = EDGE_CURVE ( 'NONE', #2057, #1370, #40, .T. ) ;
#2589 = CARTESIAN_POINT ( 'NONE',  ( -18.48979546918575778, 60.28773940766631512, 7.143597468393776850 ) ) ;
#2590 = DIRECTION ( 'NONE',  ( 1.084202172485504681E-16, 0.000000000000000000, 1.000000000000000000 ) ) ;
#2591 = CARTESIAN_POINT ( 'NONE',  ( 8.500000000000000000, 57.00000000000000711, -12.00000000000000000 ) ) ;
#2592 = DIRECTION ( 'NONE',  ( -0.000000000000000000, 0.000000000000000000, 1.000000000000000000 ) ) ;
#2593 = VERTEX_POINT ( 'NONE', #570 ) ;
#2594 = CARTESIAN_POINT ( 'NONE',  ( 6.650000000000003020, 61.00000000000001421, -8.000000000000001776 ) ) ;
#2595 = DIRECTION ( 'NONE',  ( 2.168404344971009361E-16, 0.000000000000000000, 1.000000000000000000 ) ) ;
#2596 = DIRECTION ( 'NONE',  ( -1.000000000000000000, 0.000000000000000000, 0.000000000000000000 ) ) ;
#2597 = FACE_OUTER_BOUND ( 'NONE', #2060, .T. ) ;
#2598 = VERTEX_POINT ( 'NONE', #2373 ) ;
#2599 = CYLINDRICAL_SURFACE ( 'NONE', #2106, 4.000000000000000000 ) ;
#2600 = CARTESIAN_POINT ( 'NONE',  ( 8.500000000000000000, 61.00000000000001421, 9.049999999999991829 ) ) ;
#2601 = DIRECTION ( 'NONE',  ( -1.000000000000000000, 0.000000000000000000, 0.000000000000000000 ) ) ;
#2602 = EDGE_LOOP ( 'NONE', ( #239, #493, #112, #1134 ) ) ;
#2603 = EDGE_CURVE ( 'NONE', #1499, #1647, #2016, .T. ) ;
#2604 = DIRECTION ( 'NONE',  ( 1.000000000000000000, 0.000000000000000000, -2.168404344971009361E-16 ) ) ;
#2605 = CYLINDRICAL_SURFACE ( 'NONE', #2815, 1.000000000000000888 ) ;
#2606 = EDGE_LOOP ( 'NONE', ( #2430, #817, #1407, #2665 ) ) ;
#2607 = CARTESIAN_POINT ( 'NONE',  ( -16.64999999999999858, 61.00000000000001421, 8.000000000000001776 ) ) ;
#2608 = ORIENTED_EDGE ( 'NONE', *, *, #130, .T. ) ;
#2609 = DIRECTION ( 'NONE',  ( 0.000000000000000000, 0.000000000000000000, -1.000000000000000000 ) ) ;
#2610 = DIRECTION ( 'NONE',  ( -0.000000000000000000, 1.000000000000000000, -0.000000000000000000 ) ) ;
#2611 = CARTESIAN_POINT ( 'NONE',  ( -5.499999999999987566, 66.50000000000000000, 112.0000000000000000 ) ) ;
#2612 = CIRCLE ( 'NONE', #1872, 1.049999999999995381 ) ;
#2613 = VERTEX_POINT ( 'NONE', #261 ) ;
#2614 = CARTESIAN_POINT ( 'NONE',  ( -14.50000000000000355, 65.00000000000000000, -12.00000000000000000 ) ) ;
#2615 = AXIS2_PLACEMENT_3D ( 'NONE', #606, #333, #2186 ) ;
#2616 = DIRECTION ( 'NONE',  ( -0.000000000000000000, -0.000000000000000000, 1.000000000000000000 ) ) ;
#2617 = AXIS2_PLACEMENT_3D ( 'NONE', #1367, #247, #1156 ) ;
#2618 = CARTESIAN_POINT ( 'NONE',  ( -18.49627606140838409, 60.17305710320708556, 7.086467724400861812 ) ) ;
#2619 = ORIENTED_EDGE ( 'NONE', *, *, #212, .F. ) ;
#2620 = AXIS2_PLACEMENT_3D ( 'NONE', #1497, #2596, #1955 ) ;
#2621 = AXIS2_PLACEMENT_3D ( 'NONE', #950, #1588, #738 ) ;
#2622 = CARTESIAN_POINT ( 'NONE',  ( -4.242640687119277665, 3.500000000000000000, -5.292640687119291698 ) ) ;
#2623 = ADVANCED_FACE ( 'NONE', ( #916 ), #934, .F. ) ;
#2624 = AXIS2_PLACEMENT_3D ( 'NONE', #221, #2722, #1809 ) ;
#2625 = EDGE_CURVE ( 'NONE', #2495, #288, #2629, .T. ) ;
#2626 = EDGE_CURVE ( 'NONE', #1243, #1850, #730, .T. ) ;
#2627 = CARTESIAN_POINT ( 'NONE',  ( -11.49999999999998934, 66.50000000000000000, 112.0000000000000000 ) ) ;
#2628 = ORIENTED_EDGE ( 'NONE', *, *, #421, .F. ) ;
#2629 = CIRCLE ( 'NONE', #2158, 1.050000000000000044 ) ;
#2630 = ORIENTED_EDGE ( 'NONE', *, *, #1778, .F. ) ;
#2631 = ADVANCED_FACE ( 'NONE', ( #2377 ), #1479, .F. ) ;
#2632 = ORIENTED_EDGE ( 'NONE', *, *, #2253, .T. ) ;
#2633 = CIRCLE ( 'NONE', #1824, 1.049999999999997158 ) ;
#2634 = DATE_TIME_ROLE ( 'creation_date' ) ;
#2635 = DIRECTION ( 'NONE',  ( 1.084202172485504681E-16, 0.000000000000000000, 1.000000000000000000 ) ) ;
#2636 = CARTESIAN_POINT ( 'NONE',  ( 0.1457513110645889676, 57.00000000000000711, 11.99999999999999645 ) ) ;
#2637 = APPROVAL_PERSON_ORGANIZATION ( #655, #2800, #1271 ) ;
#2638 = ORIENTED_EDGE ( 'NONE', *, *, #1574, .F. ) ;
#2639 = CARTESIAN_POINT ( 'NONE',  ( 7.500000000000000888, 68.00000000000000000, 11.00000000000000000 ) ) ;
#2640 = CARTESIAN_POINT ( 'NONE',  ( -18.49963414189007338, 60.05422101967989335, 7.027108649540105390 ) ) ;
#2641 = CARTESIAN_POINT ( 'NONE',  ( -16.64999999999999858, 68.37305499510458162, -10.09999999999999787 ) ) ;
#2642 = CARTESIAN_POINT ( 'NONE',  ( -15.00000000000000178, 32.50000000000000000, -7.999999999999996447 ) ) ;
#2643 = EDGE_LOOP ( 'NONE', ( #1719, #2175, #1667, #2312 ) ) ;
#2644 = EDGE_CURVE ( 'NONE', #2056, #693, #119, .T. ) ;
#2645 = DIRECTION ( 'NONE',  ( 0.000000000000000000, 0.000000000000000000, 1.000000000000000000 ) ) ;
#2646 = DIRECTION ( 'NONE',  ( -0.000000000000000000, -1.000000000000000000, -0.000000000000000000 ) ) ;
#2647 = DIRECTION ( 'NONE',  ( 0.000000000000000000, 1.000000000000000000, -0.000000000000000000 ) ) ;
#2648 = EDGE_LOOP ( 'NONE', ( #2531, #2505, #939, #1816 ) ) ;
#2649 = CARTESIAN_POINT ( 'NONE',  ( -18.49916143632472298, 60.08690129383689538, 7.043445379631413594 ) ) ;
#2650 = CARTESIAN_POINT ( 'NONE',  ( -14.49999999999997868, 67.00000000000000000, 112.0000000000000000 ) ) ;
#2651 = LINE ( 'NONE', #1548, #1764 ) ;
#2652 = ORIENTED_EDGE ( 'NONE', *, *, #1832, .F. ) ;
#2653 = ORIENTED_EDGE ( 'NONE', *, *, #2437, .T. ) ;
#2654 = CARTESIAN_POINT ( 'NONE',  ( -17.50000000000000355, 65.00000000000000000, -12.00000000000000000 ) ) ;
#2655 = DIRECTION ( 'NONE',  ( -0.000000000000000000, -1.000000000000000000, -0.000000000000000000 ) ) ;
#2656 = ADVANCED_FACE ( 'NONE', ( #351 ), #1673, .F. ) ;
#2657 = ADVANCED_FACE ( 'NONE', ( #2164 ), #558, .T. ) ;
#2658 = EDGE_CURVE ( 'NONE', #80, #2056, #320, .T. ) ;
#2659 = DIRECTION ( 'NONE',  ( 0.000000000000000000, 1.000000000000000000, -0.000000000000000000 ) ) ;
#2660 = CYLINDRICAL_SURFACE ( 'NONE', #680, 1.000000000000000000 ) ;
#2661 = CIRCLE ( 'NONE', #1573, 1.050000000000000044 ) ;
#2662 = AXIS2_PLACEMENT_3D ( 'NONE', #1519, #2210, #386 ) ;
#2663 = AXIS2_PLACEMENT_3D ( 'NONE', #2887, #797, #1057 ) ;
#2664 = CYLINDRICAL_SURFACE ( 'NONE', #763, 1.049999999999997158 ) ;
#2665 = ORIENTED_EDGE ( 'NONE', *, *, #684, .T. ) ;
#2666 = VERTEX_POINT ( 'NONE', #2547 ) ;
#2667 = DIRECTION ( 'NONE',  ( 0.000000000000000000, 0.000000000000000000, 1.000000000000000000 ) ) ;
#2668 = AXIS2_PLACEMENT_3D ( 'NONE', #2784, #88, #997 ) ;
#2669 = CARTESIAN_POINT ( 'NONE',  ( -46.50000000000000000, 61.00000000000001421, 9.050000000000002487 ) ) ;
#2670 = EDGE_CURVE ( 'NONE', #2911, #372, #2338, .T. ) ;
#2671 = CC_DESIGN_SECURITY_CLASSIFICATION ( #1122, ( #1354 ) ) ;
#2672 = EDGE_CURVE ( 'NONE', #2554, #2259, #23, .T. ) ;
#2673 = ADVANCED_FACE ( 'NONE', ( #1453 ), #2145, .T. ) ;
#2674 = CARTESIAN_POINT ( 'NONE',  ( -18.22214221473234375, 58.52886800107034304, 7.695493464012357343 ) ) ;
#2675 = CARTESIAN_POINT ( 'NONE',  ( -18.50000000000000355, 57.00000000000000711, -6.999999999999995559 ) ) ;
#2676 = LINE ( 'NONE', #2035, #492 ) ;
#2677 = VERTEX_POINT ( 'NONE', #2585 ) ;
#2678 = ORIENTED_EDGE ( 'NONE', *, *, #773, .T. ) ;
#2679 = CALENDAR_DATE ( 2025, 8, 12 ) ;
#2680 = DIRECTION ( 'NONE',  ( 0.000000000000000000, 0.000000000000000000, -1.000000000000000000 ) ) ;
#2681 = CARTESIAN_POINT ( 'NONE',  ( 0.000000000000000000, 3.500000000000000000, 8.000000000000000000 ) ) ;
#2682 = ORIENTED_EDGE ( 'NONE', *, *, #2626, .F. ) ;
#2683 = CARTESIAN_POINT ( 'NONE',  ( 0.000000000000000000, 32.50000000000000000, 0.000000000000000000 ) ) ;
#2684 = EDGE_CURVE ( 'NONE', #1030, #2666, #1032, .T. ) ;
#2685 = CARTESIAN_POINT ( 'NONE',  ( -18.47952207802757485, 59.59569148703820218, 7.201276854409113248 ) ) ;
#2686 = EDGE_CURVE ( 'NONE', #1621, #167, #2766, .T. ) ;
#2687 = ORIENTED_EDGE ( 'NONE', *, *, #1175, .F. ) ;
#2688 = ORIENTED_EDGE ( 'NONE', *, *, #505, .F. ) ;
#2689 = ORIENTED_EDGE ( 'NONE', *, *, #2724, .F. ) ;
#2690 = CARTESIAN_POINT ( 'NONE',  ( -16.64999999999999858, 61.00000000000001421, 6.950000000000006395 ) ) ;
#2691 = ORIENTED_EDGE ( 'NONE', *, *, #1761, .T. ) ;
#2692 = FACE_OUTER_BOUND ( 'NONE', #450, .T. ) ;
#2693 = FACE_OUTER_BOUND ( 'NONE', #2791, .T. ) ;
#2694 = ORIENTED_EDGE ( 'NONE', *, *, #1929, .T. ) ;
#2695 = ORIENTED_EDGE ( 'NONE', *, *, #342, .T. ) ;
#2696 = AXIS2_PLACEMENT_3D ( 'NONE', #1275, #1977, #330 ) ;
#2697 = CARTESIAN_POINT ( 'NONE',  ( -17.68142550867435858, 57.57074400424455263, 7.987829591401830243 ) ) ;
#2698 = AXIS2_PLACEMENT_3D ( 'NONE', #277, #1195, #512 ) ;
#2699 = CARTESIAN_POINT ( 'NONE',  ( -4.242640687119276777, 32.50000000000000000, 3.192640687119293830 ) ) ;
#2700 = DIRECTION ( 'NONE',  ( -0.000000000000000000, 1.000000000000000000, -0.000000000000000000 ) ) ;
#2701 = ORIENTED_EDGE ( 'NONE', *, *, #1795, .T. ) ;
#2702 = ADVANCED_FACE ( 'NONE', ( #1947 ), #1501, .T. ) ;
#2703 = AXIS2_PLACEMENT_3D ( 'NONE', #551, #2604, #2108 ) ;
#2704 = ORIENTED_EDGE ( 'NONE', *, *, #1175, .T. ) ;
#2705 = LINE ( 'NONE', #27, #2392 ) ;
#2706 = SHAPE_DEFINITION_REPRESENTATION ( #2102, #2764 ) ;
#2707 = DIRECTION ( 'NONE',  ( 0.000000000000000000, 0.000000000000000000, -1.000000000000000000 ) ) ;
#2708 = VECTOR ( 'NONE', #2449, 1000.000000000000000 ) ;
#2709 = CIRCLE ( 'NONE', #1442, 1.000000000000000888 ) ;
#2710 = EDGE_LOOP ( 'NONE', ( #1039, #1282, #1943, #1605 ) ) ;
#2711 = ORIENTED_EDGE ( 'NONE', *, *, #1511, .F. ) ;
#2712 = VECTOR ( 'NONE', #1289, 1000.000000000000000 ) ;
#2713 = CYLINDRICAL_SURFACE ( 'NONE', #484, 3.049999999999999822 ) ;
#2714 = AXIS2_PLACEMENT_3D ( 'NONE', #82, #2126, #792 ) ;
#2715 = VERTEX_POINT ( 'NONE', #1193 ) ;
#2716 = VERTEX_POINT ( 'NONE', #71 ) ;
#2717 = CIRCLE ( 'NONE', #786, 1.049999999999995381 ) ;
#2718 = CARTESIAN_POINT ( 'NONE',  ( -4.242640687119276777, 32.50000000000000000, 4.242640687119294540 ) ) ;
#2719 = CARTESIAN_POINT ( 'NONE',  ( -18.27284170736398750, 58.66280691240437051, 7.639366821516066608 ) ) ;
#2720 = LINE ( 'NONE', #2699, #62 ) ;
#2721 = EDGE_LOOP ( 'NONE', ( #893, #1572 ) ) ;
#2722 = DIRECTION ( 'NONE',  ( 0.000000000000000000, 1.000000000000000000, -0.000000000000000000 ) ) ;
#2723 = EDGE_LOOP ( 'NONE', ( #838, #511, #237, #1682 ) ) ;
#2724 = EDGE_CURVE ( 'NONE', #2781, #2259, #984, .T. ) ;
#2725 = EDGE_LOOP ( 'NONE', ( #422, #63, #275 ) ) ;
#2726 = CARTESIAN_POINT ( 'NONE',  ( 1.500000000000001332, 60.00000000000001421, 110.0000000000000000 ) ) ;
#2727 = EDGE_CURVE ( 'NONE', #1541, #1318, #1078, .T. ) ;
#2728 = FACE_OUTER_BOUND ( 'NONE', #1132, .T. ) ;
#2729 = ORIENTED_EDGE ( 'NONE', *, *, #617, .T. ) ;
#2730 = DIRECTION ( 'NONE',  ( 0.000000000000000000, 0.000000000000000000, -1.000000000000000000 ) ) ;
#2731 = FACE_BOUND ( 'NONE', #500, .T. ) ;
#2732 = CARTESIAN_POINT ( 'NONE',  ( -18.50000000000000355, 61.00000000000001421, -9.049999999999995381 ) ) ;
#2733 = DIRECTION ( 'NONE',  ( -0.000000000000000000, 1.000000000000000000, -0.000000000000000000 ) ) ;
#2734 = ORIENTED_EDGE ( 'NONE', *, *, #1094, .F. ) ;
#2735 = ORIENTED_EDGE ( 'NONE', *, *, #895, .T. ) ;
#2736 = CALENDAR_DATE ( 2025, 8, 12 ) ;
#2737 = VERTEX_POINT ( 'NONE', #998 ) ;
#2738 = CARTESIAN_POINT ( 'NONE',  ( -15.00000000000000355, 56.00000000000000711, -7.999999999999996447 ) ) ;
#2739 = ORIENTED_EDGE ( 'NONE', *, *, #1897, .T. ) ;
#2740 = CARTESIAN_POINT ( 'NONE',  ( -14.50000000000000355, 68.00000000000000000, -11.00000000000000000 ) ) ;
#2741 = EDGE_CURVE ( 'NONE', #167, #1461, #1907, .T. ) ;
#2742 = CARTESIAN_POINT ( 'NONE',  ( -18.50000000000000711, 57.00000000000000711, -11.00000000000000000 ) ) ;
#2743 = CARTESIAN_POINT ( 'NONE',  ( 7.500000000000000888, 69.00000000000000000, -12.00000000000000000 ) ) ;
#2744 = ORIENTED_EDGE ( 'NONE', *, *, #160, .F. ) ;
#2745 = VERTEX_POINT ( 'NONE', #2354 ) ;
#2746 = EDGE_CURVE ( 'NONE', #908, #1665, #2705, .T. ) ;
#2747 = ADVANCED_FACE ( 'NONE', ( #1135 ), #2564, .F. ) ;
#2748 = CARTESIAN_POINT ( 'NONE',  ( -4.242640687119277665, 3.500000000000000000, -4.242640687119291876 ) ) ;
#2749 = ADVANCED_FACE ( 'NONE', ( #93 ), #745, .T. ) ;
#2750 = DIRECTION ( 'NONE',  ( -1.000000000000000000, 0.000000000000000000, 0.000000000000000000 ) ) ;
#2751 = CARTESIAN_POINT ( 'NONE',  ( 0.000000000000000000, 0.000000000000000000, 0.000000000000000000 ) ) ;
#2752 = CARTESIAN_POINT ( 'NONE',  ( 7.500000000000000000, 57.00000000000000711, -12.00000000000000000 ) ) ;
#2753 = ORIENTED_EDGE ( 'NONE', *, *, #1333, .F. ) ;
#2754 = CIRCLE ( 'NONE', #1384, 1.000000000000000000 ) ;
#2755 = EDGE_LOOP ( 'NONE', ( #469, #1312, #1098, #44 ) ) ;
#2756 = AXIS2_PLACEMENT_3D ( 'NONE', #1649, #2536, #1905 ) ;
#2757 = CARTESIAN_POINT ( 'NONE',  ( -14.50000000000000355, 69.00000000000000000, -10.99999999999999645 ) ) ;
#2758 = ORIENTED_EDGE ( 'NONE', *, *, #1689, .F. ) ;
#2759 = CARTESIAN_POINT ( 'NONE',  ( -46.50000000000000000, 61.00000000000001421, 6.950000000000011724 ) ) ;
#2760 = DIRECTION ( 'NONE',  ( -0.000000000000000000, -0.000000000000000000, 1.000000000000000000 ) ) ;
#2761 = CARTESIAN_POINT ( 'NONE',  ( -15.00000000000000355, 36.00000000000000711, -7.999999999999996447 ) ) ;
#2762 = ORIENTED_EDGE ( 'NONE', *, *, #2351, .T. ) ;
#2763 = TOROIDAL_SURFACE ( 'NONE', #1585, 2.000000000000000000, 2.000000000000000000 ) ;
#2764 = ADVANCED_BREP_SHAPE_REPRESENTATION ( 'gello_teleop_flexiv_handle_v2', ( #2290, #1881 ), #1033 ) ;
#2765 = VECTOR ( 'NONE', #1306, 1000.000000000000000 ) ;
#2766 = CIRCLE ( 'NONE', #874, 2.000000000000001776 ) ;
#2767 = DIRECTION ( 'NONE',  ( 1.000000000000000000, -0.000000000000000000, -0.000000000000000000 ) ) ;
#2768 = FACE_BOUND ( 'NONE', #1601, .T. ) ;
#2769 = DIRECTION ( 'NONE',  ( 0.000000000000000000, 1.000000000000000000, 0.000000000000000000 ) ) ;
#2770 = EDGE_CURVE ( 'NONE', #1996, #2745, #1779, .T. ) ;
#2771 = DESIGN_CONTEXT ( 'detailed design', #158, 'design' ) ;
#2772 = CARTESIAN_POINT ( 'NONE',  ( 4.242640687119277665, 3.500000000000000000, -3.192640687119291609 ) ) ;
#2773 = B_SPLINE_CURVE_WITH_KNOTS ( 'NONE', 3,
 ( #1054, #2143, #1956, #1042, #587, #2854, #127, #1498, #824, #2636 ),
 .UNSPECIFIED., .F., .F.,
 ( 4, 2, 2, 2, 4 ),
 ( -1.264912076003419691E-05, 0.0007574824567737717699, 0.001527614034307577884, 0.002297745611841383023, 0.003067877189375188812 ),
 .UNSPECIFIED. ) ;
#2774 = CARTESIAN_POINT ( 'NONE',  ( -2.499999999999998668, 58.00000000000000711, 112.0000000000000000 ) ) ;
#2775 = VERTEX_POINT ( 'NONE', #1007 ) ;
#2776 = ORIENTED_EDGE ( 'NONE', *, *, #407, .T. ) ;
#2777 = DIRECTION ( 'NONE',  ( 1.000000000000000000, 0.000000000000000000, 0.000000000000000000 ) ) ;
#2778 = DIRECTION ( 'NONE',  ( 1.000000000000000000, 0.000000000000000000, 0.000000000000000000 ) ) ;
#2779 = PLANE ( 'NONE',  #590 ) ;
#2780 = CARTESIAN_POINT ( 'NONE',  ( 8.500000000000000000, 69.00000000000000000, 11.00000000000000000 ) ) ;
#2781 = VERTEX_POINT ( 'NONE', #1222 ) ;
#2782 = CARTESIAN_POINT ( 'NONE',  ( 7.500000000000000888, 59.00000000000001421, 11.00000000000000000 ) ) ;
#2783 = LINE ( 'NONE', #996, #245 ) ;
#2784 = CARTESIAN_POINT ( 'NONE',  ( -14.49999999999997868, 67.00000000000000000, 110.0000000000000000 ) ) ;
#2785 = CARTESIAN_POINT ( 'NONE',  ( -5.499999999999987566, 62.50000000000000000, 32.00000000000000000 ) ) ;
#2786 = CYLINDRICAL_SURFACE ( 'NONE', #1255, 1.000000000000000888 ) ;
#2787 = EDGE_CURVE ( 'NONE', #667, #1621, #1900, .T. ) ;
#2788 = CARTESIAN_POINT ( 'NONE',  ( -1.499999999999984013, 62.50000000000000000, 32.00000000000000000 ) ) ;
#2789 = EDGE_CURVE ( 'NONE', #516, #1181, #1260, .T. ) ;
#2790 = ORIENTED_EDGE ( 'NONE', *, *, #1933, .T. ) ;
#2791 = EDGE_LOOP ( 'NONE', ( #16, #2356, #2072, #1387 ) ) ;
#2792 = DIRECTION ( 'NONE',  ( 1.000000000000000000, 0.000000000000000000, -2.168404344971009361E-16 ) ) ;
#2793 = DIRECTION ( 'NONE',  ( 0.000000000000000000, 0.000000000000000000, 1.000000000000000000 ) ) ;
#2794 = LINE ( 'NONE', #50, #350 ) ;
#2795 = DIRECTION ( 'NONE',  ( -0.000000000000000000, -0.000000000000000000, 1.000000000000000000 ) ) ;
#2796 = FACE_OUTER_BOUND ( 'NONE', #2201, .T. ) ;
#2797 = FACE_BOUND ( 'NONE', #36, .T. ) ;
#2798 = DIRECTION ( 'NONE',  ( 0.000000000000000000, -0.000000000000000000, -1.000000000000000000 ) ) ;
#2799 = DIRECTION ( 'NONE',  ( 0.000000000000000000, 0.000000000000000000, 1.000000000000000000 ) ) ;
#2800 = APPROVAL ( #2453, '未' ) ;
#2801 = EDGE_CURVE ( 'NONE', #2307, #2293, #2522, .T. ) ;
#2802 = VECTOR ( 'NONE', #795, 1000.000000000000000 ) ;
#2803 = ORIENTED_EDGE ( 'NONE', *, *, #1393, .T. ) ;
#2804 = DIRECTION ( 'NONE',  ( 1.000000000000000000, -0.000000000000000000, 0.000000000000000000 ) ) ;
#2805 = CARTESIAN_POINT ( 'NONE',  ( 8.500000000000000000, 61.00000000000001421, -8.000000000000003553 ) ) ;
#2806 = VECTOR ( 'NONE', #2294, 1000.000000000000000 ) ;
#2807 = DIRECTION ( 'NONE',  ( -0.000000000000000000, -1.000000000000000000, -0.000000000000000000 ) ) ;
#2808 = DIRECTION ( 'NONE',  ( 1.000000000000000000, 0.000000000000000000, -0.000000000000000000 ) ) ;
#2809 = EDGE_CURVE ( 'NONE', #2045, #1840, #1685, .T. ) ;
#2810 = ORIENTED_EDGE ( 'NONE', *, *, #1002, .F. ) ;
#2811 = CIRCLE ( 'NONE', #1729, 1.050000000000000488 ) ;
#2812 = TOROIDAL_SURFACE ( 'NONE', #1073, 2.000000000000000000, 2.000000000000000000 ) ;
#2813 = LINE ( 'NONE', #2133, #719 ) ;
#2814 = CARTESIAN_POINT ( 'NONE',  ( 0.000000000000000000, 3.500000000000000000, 8.000000000000000000 ) ) ;
#2815 = AXIS2_PLACEMENT_3D ( 'NONE', #619, #2152, #1280 ) ;
#2816 = CARTESIAN_POINT ( 'NONE',  ( 0.000000000000000000, 36.00000000000000711, -8.000000000000000000 ) ) ;
#2817 = DIRECTION ( 'NONE',  ( 1.000000000000000000, -0.000000000000000000, 0.000000000000000000 ) ) ;
#2818 = AXIS2_PLACEMENT_3D ( 'NONE', #1259, #1012, #1692 ) ;
#2819 = FACE_OUTER_BOUND ( 'NONE', #488, .T. ) ;
#2820 = ORIENTED_EDGE ( 'NONE', *, *, #741, .T. ) ;
#2821 = CARTESIAN_POINT ( 'NONE',  ( 7.500000000000000888, 57.00000000000000711, -11.00000000000000000 ) ) ;
#2822 = CARTESIAN_POINT ( 'NONE',  ( 0.000000000000000000, 68.00000000000000000, -11.00000000000000000 ) ) ;
#2823 = LINE ( 'NONE', #794, #2465 ) ;
#2824 = CARTESIAN_POINT ( 'NONE',  ( -14.50000000000000533, 69.00000000000000000, -11.00000000000000000 ) ) ;
#2825 = EDGE_CURVE ( 'NONE', #1697, #1641, #1474, .T. ) ;
#2826 = ORIENTED_EDGE ( 'NONE', *, *, #2174, .T. ) ;
#2827 = CARTESIAN_POINT ( 'NONE',  ( 4.242640687119277665, 3.500000000000000000, -5.292640687119291698 ) ) ;
#2828 = DIRECTION ( 'NONE',  ( -0.000000000000000000, 1.000000000000000000, -0.000000000000000000 ) ) ;
#2829 = CARTESIAN_POINT ( 'NONE',  ( -18.49725765249676002, 60.14811364158035190, 7.074018790701344095 ) ) ;
#2830 = VERTEX_POINT ( 'NONE', #2558 ) ;
#2831 = DIRECTION ( 'NONE',  ( -0.000000000000000000, -1.000000000000000000, -0.000000000000000000 ) ) ;
#2832 = DIRECTION ( 'NONE',  ( 1.000000000000000000, 0.000000000000000000, -2.168404344971009361E-16 ) ) ;
#2833 = ORIENTED_EDGE ( 'NONE', *, *, #1934, .T. ) ;
#2834 = DIRECTION ( 'NONE',  ( 0.000000000000000000, 0.000000000000000000, -1.000000000000000000 ) ) ;
#2835 = VERTEX_POINT ( 'NONE', #805 ) ;
#2836 = CARTESIAN_POINT ( 'NONE',  ( -18.50000000000000355, 61.00000000000001421, -7.999999999999998224 ) ) ;
#2837 = DIRECTION ( 'NONE',  ( 0.000000000000000000, 0.000000000000000000, -1.000000000000000000 ) ) ;
#2838 = DIRECTION ( 'NONE',  ( 0.000000000000000000, 1.000000000000000000, 0.000000000000000000 ) ) ;
#2839 = EDGE_LOOP ( 'NONE', ( #122, #1505 ) ) ;
#2840 = DIRECTION ( 'NONE',  ( 0.000000000000000000, 0.000000000000000000, -1.000000000000000000 ) ) ;
#2841 = CARTESIAN_POINT ( 'NONE',  ( -16.64999999999999858, 0.000000000000000000, 2.374488635143055097E-15 ) ) ;
#2842 = EDGE_CURVE ( 'NONE', #1843, #1219, #2717, .T. ) ;
#2843 = EDGE_CURVE ( 'NONE', #2445, #593, #554, .T. ) ;
#2844 = CARTESIAN_POINT ( 'NONE',  ( -14.50000000000000000, 60.00000000000001421, 8.000000000000000000 ) ) ;
#2845 = EDGE_LOOP ( 'NONE', ( #1170, #1111 ) ) ;
#2846 = FACE_OUTER_BOUND ( 'NONE', #2519, .T. ) ;
#2847 = EDGE_CURVE ( 'NONE', #1503, #1084, #1254, .T. ) ;
#2848 = DIRECTION ( 'NONE',  ( 1.000000000000000000, 0.000000000000000000, -2.168404344971009361E-16 ) ) ;
#2849 = ORIENTED_EDGE ( 'NONE', *, *, #2880, .F. ) ;
#2850 = ORIENTED_EDGE ( 'NONE', *, *, #2843, .T. ) ;
#2851 = VERTEX_POINT ( 'NONE', #108 ) ;
#2852 = CALENDAR_DATE ( 2025, 8, 12 ) ;
#2853 = FACE_OUTER_BOUND ( 'NONE', #1151, .T. ) ;
#2854 = CARTESIAN_POINT ( 'NONE',  ( -0.9071506436140964746, 56.32313751981464378, 11.74661583570634527 ) ) ;
#2855 = AXIS2_PLACEMENT_3D ( 'NONE', #842, #1748, #1510 ) ;
#2856 = VERTEX_POINT ( 'NONE', #1025 ) ;
#2857 = AXIS2_PLACEMENT_3D ( 'NONE', #227, #1136, #687 ) ;
#2858 = DIRECTION ( 'NONE',  ( -0.000000000000000000, 0.000000000000000000, 1.000000000000000000 ) ) ;
#2859 = AXIS2_PLACEMENT_3D ( 'NONE', #1622, #992, #2559 ) ;
#2860 = AXIS2_PLACEMENT_3D ( 'NONE', #263, #485, #968 ) ;
#2861 = CARTESIAN_POINT ( 'NONE',  ( -4.242640687119276777, 3.500000000000000000, 3.192640687119293830 ) ) ;
#2862 = VECTOR ( 'NONE', #2573, 1000.000000000000000 ) ;
#2863 = AXIS2_PLACEMENT_3D ( 'NONE', #1657, #521, #2544 ) ;
#2864 = VECTOR ( 'NONE', #751, 1000.000000000000000 ) ;
#2865 = DIRECTION ( 'NONE',  ( -0.000000000000000000, -0.000000000000000000, -1.000000000000000000 ) ) ;
#2866 = ADVANCED_FACE ( 'NONE', ( #1944 ), #2343, .T. ) ;
#2867 = CARTESIAN_POINT ( 'NONE',  ( 0.000000000000000000, 3.500000000000000000, -8.000000000000000000 ) ) ;
#2868 = AXIS2_PLACEMENT_3D ( 'NONE', #973, #2304, #1099 ) ;
#2869 = ORIENTED_EDGE ( 'NONE', *, *, #2847, .F. ) ;
#2870 = EDGE_LOOP ( 'NONE', ( #726, #1728, #343, #1580 ) ) ;
#2871 = AXIS2_PLACEMENT_3D ( 'NONE', #775, #315, #328 ) ;
#2872 = PERSON_AND_ORGANIZATION ( #743, #1547 ) ;
#2873 = DIRECTION ( 'NONE',  ( -0.000000000000000000, 1.000000000000000000, -0.000000000000000000 ) ) ;
#2874 = DIRECTION ( 'NONE',  ( 1.000000000000000000, 0.000000000000000000, 0.000000000000000000 ) ) ;
#2875 = DIRECTION ( 'NONE',  ( -0.000000000000000000, 1.000000000000000000, -0.000000000000000000 ) ) ;
#2876 = ORIENTED_EDGE ( 'NONE', *, *, #616, .F. ) ;
#2877 = CARTESIAN_POINT ( 'NONE',  ( -4.242640687119277665, 36.00000000000000711, -3.192640687119291609 ) ) ;
#2878 = LINE ( 'NONE', #845, #2765 ) ;
#2879 = DIRECTION ( 'NONE',  ( -1.000000000000000000, 0.000000000000000000, 1.717547996016640734E-16 ) ) ;
#2880 = EDGE_CURVE ( 'NONE', #1621, #2781, #1542, .T. ) ;
#2881 = ORIENTED_EDGE ( 'NONE', *, *, #1019, .F. ) ;
#2882 = ORIENTED_EDGE ( 'NONE', *, *, #379, .F. ) ;
#2883 = EDGE_CURVE ( 'NONE', #2040, #167, #2286, .T. ) ;
#2884 = ORIENTED_EDGE ( 'NONE', *, *, #160, .T. ) ;
#2885 = DIRECTION ( 'NONE',  ( 0.000000000000000000, 0.000000000000000000, -1.000000000000000000 ) ) ;
#2886 = CARTESIAN_POINT ( 'NONE',  ( 4.242640687119277665, 32.50000000000000000, -4.242640687119291876 ) ) ;
#2887 = CARTESIAN_POINT ( 'NONE',  ( 4.242640687119277665, 3.500000000000000000, -4.242640687119291876 ) ) ;
#2888 = CARTESIAN_POINT ( 'NONE',  ( -4.242640687119276777, 3.500000000000000000, 4.242640687119294540 ) ) ;
#2889 = EDGE_LOOP ( 'NONE', ( #2144, #1835, #1797, #2482 ) ) ;
#2890 = VERTEX_POINT ( 'NONE', #1428 ) ;
#2891 = CC_DESIGN_PERSON_AND_ORGANIZATION_ASSIGNMENT ( #1990, #2443, ( #2401 ) ) ;
#2892 = ORIENTED_EDGE ( 'NONE', *, *, #2880, .T. ) ;
#2893 = CARTESIAN_POINT ( 'NONE',  ( -4.242640687119276777, 32.50000000000000000, 4.242640687119294540 ) ) ;
#2894 = EDGE_CURVE ( 'NONE', #2489, #151, #2633, .T. ) ;
#2895 = EDGE_CURVE ( 'NONE', #2835, #2554, #2116, .T. ) ;
#2896 = CIRCLE ( 'NONE', #1623, 1.049999999999999822 ) ;
#2897 = VECTOR ( 'NONE', #1786, 1000.000000000000000 ) ;
#2898 = CARTESIAN_POINT ( 'NONE',  ( -18.50000000000000355, 0.000000000000000000, 3.632077277826441432E-15 ) ) ;
#2899 = CARTESIAN_POINT ( 'NONE',  ( -18.36163158199535417, 58.95650604330881350, 7.507814946896537833 ) ) ;
#2900 = AXIS2_PLACEMENT_3D ( 'NONE', #2215, #1051, #2834 ) ;
#2901 = VECTOR ( 'NONE', #176, 1000.000000000000000 ) ;
#2902 = ORIENTED_EDGE ( 'NONE', *, *, #2603, .T. ) ;
#2903 = AXIS2_PLACEMENT_3D ( 'NONE', #1023, #567, #2341 ) ;
#2904 = ORIENTED_EDGE ( 'NONE', *, *, #812, .F. ) ;
#2905 = VERTEX_POINT ( 'NONE', #2393 ) ;
#2906 = DIRECTION ( 'NONE',  ( 0.000000000000000000, -0.000000000000000000, -1.000000000000000000 ) ) ;
#2907 = LOCAL_TIME ( 16, 49, 0.000000000000000000, #1322 ) ;
#2908 = ADVANCED_FACE ( 'NONE', ( #362 ), #2094, .F. ) ;
#2909 = DIRECTION ( 'NONE',  ( 0.000000000000000000, 0.000000000000000000, -1.000000000000000000 ) ) ;
#2910 = ORIENTED_EDGE ( 'NONE', *, *, #1274, .F. ) ;
#2911 = VERTEX_POINT ( 'NONE', #2654 ) ;
#2912 = EDGE_CURVE ( 'NONE', #2775, #1829, #1879, .T. ) ;
#2913 = CARTESIAN_POINT ( 'NONE',  ( 7.500000000000000000, 68.00000000000000000, 12.00000000000000000 ) ) ;
#2914 = CARTESIAN_POINT ( 'NONE',  ( -18.32208849495230041, 58.82029718413105002, 7.569399413749570371 ) ) ;
#2915 = ORIENTED_EDGE ( 'NONE', *, *, #737, .F. ) ;
#2916 = ORIENTED_EDGE ( 'NONE', *, *, #1810, .T. ) ;
#2917 = EDGE_LOOP ( 'NONE', ( #440, #1971, #1591, #2688 ) ) ;
#2918 = VERTEX_POINT ( 'NONE', #1999 ) ;
#2919 = CARTESIAN_POINT ( 'NONE',  ( -3.735172737399427146E-16, 32.50000000000000000, 3.049999999999999822 ) ) ;
#2920 = ORIENTED_EDGE ( 'NONE', *, *, #646, .T. ) ;
#2921 = CARTESIAN_POINT ( 'NONE',  ( -2.499999999999998668, 60.00000000000001421, 112.0000000000000000 ) ) ;
#2922 = ORIENTED_EDGE ( 'NONE', *, *, #270, .T. ) ;
#2923 = EDGE_CURVE ( 'NONE', #2905, #644, #622, .T. ) ;
#2924 = CARTESIAN_POINT ( 'NONE',  ( -4.242640687119276777, 36.00000000000000711, 4.242640687119294540 ) ) ;
#2925 = EDGE_CURVE ( 'NONE', #2293, #2307, #637, .T. ) ;
#2926 = CARTESIAN_POINT ( 'NONE',  ( -18.42732276746604825, 59.24067587606901242, 7.374428868435659368 ) ) ;
#2927 = CARTESIAN_POINT ( 'NONE',  ( -5.499999999999987566, 62.50000000000000000, 32.00000000000000000 ) ) ;
#2928 = EDGE_CURVE ( 'NONE', #1067, #2905, #1746, .T. ) ;
#2929 = PLANE ( 'NONE',  #2380 ) ;
#2930 = EDGE_LOOP ( 'NONE', ( #2376, #2429, #47, #2920 ) ) ;
#2931 = VERTEX_POINT ( 'NONE', #1295 ) ;
#2932 = PERSON_AND_ORGANIZATION_ROLE ( 'design_supplier' ) ;
#2933 = CARTESIAN_POINT ( 'NONE',  ( 0.000000000000000000, 32.50000000000000000, 0.000000000000000000 ) ) ;
#2934 = ORIENTED_EDGE ( 'NONE', *, *, #1741, .F. ) ;
ENDSEC;
END-ISO-10303-21;
