ISO-10303-21;
HEADER;
FILE_DESCRIPTION (( 'STEP AP203' ),
    '1' );
FILE_NAME ('gello_teleop_flexiv_l3_v2.STEP',
    '2025-12-05T12:49:34',
    ( '' ),
    ( '' ),
    'SwSTEP 2.0',
    'SolidWorks 2025',
    '' );
FILE_SCHEMA (( 'CONFIG_CONTROL_DESIGN' ));
ENDSEC;

DATA;
#1 = VECTOR ( 'NONE', #4962, 1000.000000000000114 ) ;
#2 = EDGE_CURVE ( 'NONE', #1042, #260, #826, .T. ) ;
#3 = CARTESIAN_POINT ( 'NONE',  ( 27.46945464659786040, -41.76095975690667927, 113.3500000000004917 ) ) ;
#4 = CARTESIAN_POINT ( 'NONE',  ( 37.49754062006847732, -40.73917718163534829, 69.99492367276070581 ) ) ;
#5 = CARTESIAN_POINT ( 'NONE',  ( -12.13223936536916980, 20.76417451680400106, 156.7000000000005002 ) ) ;
#6 = ORIENTED_EDGE ( 'NONE', *, *, #904, .T. ) ;
#7 = PERSON_AND_ORGANIZATION ( #3704, #2594 ) ;
#8 = VERTEX_POINT ( 'NONE', #3197 ) ;
#9 = AXIS2_PLACEMENT_3D ( 'NONE', #4314, #4658, #2556 ) ;
#10 = ORIENTED_EDGE ( 'NONE', *, *, #2464, .F. ) ;
#11 = CARTESIAN_POINT ( 'NONE',  ( -3.192392168646850603, -36.00054462772320818, 70.09805358344701176 ) ) ;
#12 = DIRECTION ( 'NONE',  ( -0.9999999999999924505, 0.000000000000000000, -1.239338354164231950E-07 ) ) ;
#13 = CARTESIAN_POINT ( 'NONE',  ( -4.808643410660993212, -20.13815799017109143, 70.38001353908126134 ) ) ;
#14 = EDGE_LOOP ( 'NONE', ( #4359, #4541, #690, #3165 ) ) ;
#15 = AXIS2_PLACEMENT_3D ( 'NONE', #4161, #3730, #1545 ) ;
#16 = CARTESIAN_POINT ( 'NONE',  ( -2.503397104303715981, -36.54777389353808559, 70.25301506193110868 ) ) ;
#17 = CARTESIAN_POINT ( 'NONE',  ( 26.77441578299416491, -34.93963627008891137, 71.44054959059289445 ) ) ;
#18 = CARTESIAN_POINT ( 'NONE',  ( 1.867766938066796056, -45.37474665815659591, 113.3500000000004917 ) ) ;
#19 = FACE_OUTER_BOUND ( 'NONE', #3649, .T. ) ;
#20 = VERTEX_POINT ( 'NONE', #1935 ) ;
#21 = LINE ( 'NONE', #3578, #4054 ) ;
#22 = EDGE_CURVE ( 'NONE', #5433, #5003, #241, .T. ) ;
#23 = CARTESIAN_POINT ( 'NONE',  ( 25.88568872678347432, -35.21556929246251144, 72.02321637996807624 ) ) ;
#24 = DIRECTION ( 'NONE',  ( -1.000000000000000000, 0.000000000000000000, 0.000000000000000000 ) ) ;
#25 = CARTESIAN_POINT ( 'NONE',  ( -0.1040167456898394849, -46.58083340089920199, 49.99497526568820405 ) ) ;
#26 = CIRCLE ( 'NONE', #1956, 7.000000000000001776 ) ;
#27 = VERTEX_POINT ( 'NONE', #242 ) ;
#28 = EDGE_CURVE ( 'NONE', #5384, #4654, #4074, .T. ) ;
#29 = DIRECTION ( 'NONE',  ( -6.903152180341682515E-18, -7.033765596924226906E-19, 1.000000000000000000 ) ) ;
#30 = DIRECTION ( 'NONE',  ( 9.280770596475919217E-14, -0.9999999999999905631, 1.376271353825675712E-07 ) ) ;
#31 = CARTESIAN_POINT ( 'NONE',  ( 21.42504328836611904, -2.169733640225176785, 32.66994007388176868 ) ) ;
#32 =( BOUNDED_SURFACE ( )  B_SPLINE_SURFACE ( 3, 2, ( 
 ( #1892, #545, #976 ),
 ( #230, #2720, #3678 ),
 ( #5331, #1863, #3611 ),
 ( #4912, #4940, #2293 ),
 ( #668, #1497, #610 ),
 ( #172, #3248, #3581 ),
 ( #4540, #2813, #2415 ),
 ( #1408, #2355, #4110 ),
 ( #1466, #4079, #3215 ),
 ( #4046, #1068, #3154 ),
 ( #1954, #143, #114 ),
 ( #4566, #5026, #637 ),
 ( #5362, #1922, #4138 ),
 ( #1095, #201, #1008 ),
 ( #1434, #2753, #3709 ),
 ( #4508, #5450, #579 ) ),
 .UNSPECIFIED., .F., .F., .T. ) 
 B_SPLINE_SURFACE_WITH_KNOTS ( ( 4, 2, 2, 2, 2, 2, 2, 4 ),
 ( 3, 3 ),
 ( 0.000000000000000000, 0.0006720551944060368030, 0.001344110388812073606, 0.002016165583218110409, 0.002688220777624147212, 0.003360275972030184015, 0.004032331166436220818, 0.005376441555248294424 ),
 ( 0.000000000000000000, 1.000000000000000000 ),
 .UNSPECIFIED. ) 
 GEOMETRIC_REPRESENTATION_ITEM ( )  RATIONAL_B_SPLINE_SURFACE ( (
 ( 1.000000000000000000, 0.7385399763530426931, 1.000000000000000000),
 ( 1.000000000000000000, 0.7390896834532976190, 1.000000000000000000),
 ( 1.000000000000000000, 0.7420694781335128720, 1.000000000000000000),
 ( 1.000000000000000000, 0.7522082605889990337, 1.000000000000000000),
 ( 1.000000000000000000, 0.7594857062203477227, 1.000000000000000000),
 ( 1.000000000000000000, 0.7768138487789726376, 1.000000000000000000),
 ( 1.000000000000000000, 0.7868340344536234321, 1.000000000000000000),
 ( 1.000000000000000000, 0.8085452944597376623, 1.000000000000000000),
 ( 1.000000000000000000, 0.8201598482205019192, 1.000000000000000000),
 ( 1.000000000000000000, 0.8433684366711857727, 1.000000000000000000),
 ( 1.000000000000000000, 0.8550630818718050197, 1.000000000000000000),
 ( 1.000000000000000000, 0.8780255485819328243, 1.000000000000000000),
 ( 1.000000000000000000, 0.8893046698722778531, 1.000000000000000000),
 ( 1.000000000000000000, 0.9209502472841465393, 1.000000000000000000),
 ( 1.000000000000000000, 0.9394798169652414099, 1.000000000000000000),
 ( 1.000000000000000000, 0.9545695676290149034, 1.000000000000000000) ) ) 
 REPRESENTATION_ITEM ( '' )  SURFACE ( )  );
#33 = ORIENTED_EDGE ( 'NONE', *, *, #2282, .F. ) ;
#34 = PERSON_AND_ORGANIZATION ( #3704, #2594 ) ;
#35 = CC_DESIGN_PERSON_AND_ORGANIZATION_ASSIGNMENT ( #989, #3627, ( #1589 ) ) ;
#36 = VERTEX_POINT ( 'NONE', #3748 ) ;
#37 = CARTESIAN_POINT ( 'NONE',  ( -3.032020086620856869, -37.57449079129013114, 69.67878059032781835 ) ) ;
#38 = DIRECTION ( 'NONE',  ( -0.1013672451882198927, 0.9948490747861965522, 1.952232621109766952E-16 ) ) ;
#39 = CARTESIAN_POINT ( 'NONE',  ( -3.009301340563576677, -37.47065765797697878, 70.00403731834290966 ) ) ;
#40 = ADVANCED_FACE ( 'NONE', ( #5489 ), #1563, .T. ) ;
#41 = EDGE_LOOP ( 'NONE', ( #1091, #5596 ) ) ;
#42 = CARTESIAN_POINT ( 'NONE',  ( -10.16575261002717312, 1.362844472694154874, 156.7000000000005002 ) ) ;
#43 = CARTESIAN_POINT ( 'NONE',  ( 0.6189790709660234480, -7.642147413211884732, 65.87666131862410168 ) ) ;
#44 = DIRECTION ( 'NONE',  ( 0.1013672451882220438, -0.9948490747861963301, 3.745344186392141747E-19 ) ) ;
#45 = CARTESIAN_POINT ( 'NONE',  ( -3.291815296156263226, -13.39088291935793862, 72.89930816170689809 ) ) ;
#46 = ORIENTED_EDGE ( 'NONE', *, *, #1992, .F. ) ;
#47 = CARTESIAN_POINT ( 'NONE',  ( -4.913819844395913350, -19.10592953382485604, 69.99497798108707514 ) ) ;
#48 = LINE ( 'NONE', #3180, #2610 ) ;
#49 = CARTESIAN_POINT ( 'NONE',  ( 5.672238031509917455, -44.99665528007854931, 69.99496724560951577 ) ) ;
#50 = CARTESIAN_POINT ( 'NONE',  ( -3.741182644355646403, -20.22173551343837872, 70.24179344681537884 ) ) ;
#51 = ORIENTED_EDGE ( 'NONE', *, *, #569, .F. ) ;
#52 = ORIENTED_EDGE ( 'NONE', *, *, #1203, .T. ) ;
#53 = CARTESIAN_POINT ( 'NONE',  ( 3.091782961037993882, -43.12920289480802438, 72.99497454718320455 ) ) ;
#54 = AXIS2_PLACEMENT_3D ( 'NONE', #1366, #3114, #4872 ) ;
#55 = CARTESIAN_POINT ( 'NONE',  ( -11.10316686821442111, 17.23847475078924063, 113.3071142019399105 ) ) ;
#56 = CARTESIAN_POINT ( 'NONE',  ( -4.232630522367663239, -47.00150646136122390, 113.3500000000004917 ) ) ;
#57 = CARTESIAN_POINT ( 'NONE',  ( -1.300069542961137303, -37.66027172666721157, 71.25975149744289183 ) ) ;
#58 = ORIENTED_EDGE ( 'NONE', *, *, #482, .F. ) ;
#59 = APPROVAL_DATE_TIME ( #1304, #4188 ) ;
#60 = ORIENTED_EDGE ( 'NONE', *, *, #4347, .F. ) ;
#61 = ORIENTED_EDGE ( 'NONE', *, *, #4643, .T. ) ;
#62 = CARTESIAN_POINT ( 'NONE',  ( -3.158575771950310251, -12.82047551717628942, 72.99497904364525880 ) ) ;
#63 = EDGE_CURVE ( 'NONE', #2287, #1679, #3318, .T. ) ;
#64 = CARTESIAN_POINT ( 'NONE',  ( -3.755044523672924850, -20.00411606841418433, 70.31990147717516493 ) ) ;
#65 = ORIENTED_EDGE ( 'NONE', *, *, #3471, .T. ) ;
#66 = EDGE_CURVE ( 'NONE', #3217, #671, #794, .T. ) ;
#67 = EDGE_CURVE ( 'NONE', #5418, #5612, #2969, .T. ) ;
#68 = CYLINDRICAL_SURFACE ( 'NONE', #2259, 1.000000000000000666 ) ;
#69 = CARTESIAN_POINT ( 'NONE',  ( -2.914933568960264232, -38.68976218051074056, 65.64464359208349720 ) ) ;
#70 = CYLINDRICAL_SURFACE ( 'NONE', #2125, 2.000000000000001332 ) ;
#71 = CARTESIAN_POINT ( 'NONE',  ( -2.874772208397245343, 9.299913550004461626, 156.7000000000005002 ) ) ;
#72 = VERTEX_POINT ( 'NONE', #4237 ) ;
#73 = CLOSED_SHELL ( 'NONE', ( #40, #2660, #853, #2776, #1357, #1646, #1940, #5279, #4954, #132, #1198, #2300, #3354, #1365, #298, #5657, #5063, #4529, #756, #4668, #1753, #916, #2886, #5511, #3951, #1941, #3179, #2449, #4770, #4462, #284, #3554, #2770, #399, #1340, #3374, #2109, #3233, #5089, #808, #3335, #1541, #2975, #2507, #1966, #1996, #3661, #2147, #5011, #4717, #3857, #1810, #400, #3080, #2073, #3747, #5578, #3401, #1172, #1054, #4228, #1747, #859, #5554, #5621, #3107, #4844, #4491, #3762, #574, #1470, #4288, #2350, #431, #2252, #4179, #384, #3785, #3367, #2356, #3390, #527, #4220, #5542, #1450, #3361, #755, #4936, #5658, #5355, #1896, #4819, #592, #1270, #1919, #4169, #178, #343, #2495, #3970, #1323, #1934, #2880, #166, #1865, #1694, #5439, #4876, #2532, #5480, #5062, #1587, #948, #4943, #1446, #2716, #5387, #498, #2960, #4410, #2839, #3263, #2984, #4495, #4134, #3569, #5602, #2915, #4262, #5222, #1548, #4904, #997, #1329, #4081, #3935, #3120, #2197, #4596, #1816, #1137, #922, #5178, #2025, #5118, #2764, #3062, #1267, #3699, #5228, #1337, #2732, #5682 ) ) ;
#74 = CARTESIAN_POINT ( 'NONE',  ( 24.12940391764593073, -8.980682742701462828, 69.99493735846893117 ) ) ;
#75 = CARTESIAN_POINT ( 'NONE',  ( -2.191446201286452844, -36.74174999152383947, 63.78000214426113246 ) ) ;
#76 = CARTESIAN_POINT ( 'NONE',  ( 5.873271903829574647, -44.96661741095959997, 69.99496696993604417 ) ) ;
#77 = DIRECTION ( 'NONE',  ( -0.9948490747852793969, -0.1013672451881286046, 1.357708159647627407E-06 ) ) ;
#78 = AXIS2_PLACEMENT_3D ( 'NONE', #151, #1047, #3621 ) ;
#79 = ORIENTED_EDGE ( 'NONE', *, *, #268, .T. ) ;
#80 = B_SPLINE_CURVE_WITH_KNOTS ( 'NONE', 3,
 ( #1255, #4789, #4759, #1710 ),
 .UNSPECIFIED., .F., .F.,
 ( 4, 4 ),
 ( 0.000000000000000000, 9.074717136257245118E-05 ),
 .UNSPECIFIED. ) ;
#81 = ORIENTED_EDGE ( 'NONE', *, *, #3218, .T. ) ;
#82 = ORIENTED_EDGE ( 'NONE', *, *, #67, .F. ) ;
#83 = VECTOR ( 'NONE', #2325, 999.9999999999998863 ) ;
#84 = LINE ( 'NONE', #1354, #504 ) ;
#85 = DIRECTION ( 'NONE',  ( -1.350714706455073349E-06, -1.376271359134233686E-07, -0.9999999999990782928 ) ) ;
#86 = DIRECTION ( 'NONE',  ( 0.1013672451882229181, -0.9948490747861963301, -1.085260963669572498E-21 ) ) ;
#87 = EDGE_CURVE ( 'NONE', #2529, #1725, #1218, .T. ) ;
#88 = CARTESIAN_POINT ( 'NONE',  ( -4.635144689299750098, 2.328440675662676096, 153.0500000000004945 ) ) ;
#89 = CARTESIAN_POINT ( 'NONE',  ( -1.079017955643782223, -37.87389713447463180, 71.63231913494936975 ) ) ;
#90 = ORIENTED_EDGE ( 'NONE', *, *, #5294, .T. ) ;
#91 = PERSON_AND_ORGANIZATION ( #3704, #2594 ) ;
#92 = EDGE_LOOP ( 'NONE', ( #4152, #3324, #3529, #450 ) ) ;
#93 = AXIS2_PLACEMENT_3D ( 'NONE', #1253, #743, #4300 ) ;
#94 = ORIENTED_EDGE ( 'NONE', *, *, #28, .F. ) ;
#95 = CARTESIAN_POINT ( 'NONE',  ( 1.995186730221953475, -46.36694118464686909, 72.46936800910782495 ) ) ;
#96 = AXIS2_PLACEMENT_3D ( 'NONE', #1272, #3394, #1701 ) ;
#97 = EDGE_CURVE ( 'NONE', #4126, #5418, #4019, .T. ) ;
#98 = CARTESIAN_POINT ( 'NONE',  ( -9.128143506410729913, 1.626501356039936175, 156.7000000000005002 ) ) ;
#99 = CARTESIAN_POINT ( 'NONE',  ( -3.777201801212060950, -19.68953988487517748, 70.50782143682830849 ) ) ;
#100 = VERTEX_POINT ( 'NONE', #5522 ) ;
#101 = VECTOR ( 'NONE', #956, 1000.000000000000000 ) ;
#102 = EDGE_CURVE ( 'NONE', #2894, #3536, #2974, .T. ) ;
#103 = FACE_OUTER_BOUND ( 'NONE', #816, .T. ) ;
#104 = CYLINDRICAL_SURFACE ( 'NONE', #2022, 1.550000000000000933 ) ;
#105 = EDGE_CURVE ( 'NONE', #1395, #1100, #5090, .T. ) ;
#106 = AXIS2_PLACEMENT_3D ( 'NONE', #4423, #490, #3931 ) ;
#107 = CARTESIAN_POINT ( 'NONE',  ( 0.09295198939667403959, -38.00026129225146576, 101.3119653137027285 ) ) ;
#108 = CARTESIAN_POINT ( 'NONE',  ( -5.433738609918178142, -14.00328812452764105, 69.99497798108710356 ) ) ;
#109 = ORIENTED_EDGE ( 'NONE', *, *, #3601, .T. ) ;
#110 = CIRCLE ( 'NONE', #2865, 4.000000000000000000 ) ;
#111 = DIRECTION ( 'NONE',  ( 1.000000000000000000, 0.000000000000000000, 0.000000000000000000 ) ) ;
#112 = DIRECTION ( 'NONE',  ( 0.9948490747852790639, 0.1013672451881314079, -1.357708152254530720E-06 ) ) ;
#113 = CARTESIAN_POINT ( 'NONE',  ( 24.87998727441251390, -41.00927319925959580, 67.77996616581260980 ) ) ;
#114 = CARTESIAN_POINT ( 'NONE',  ( -2.760082434563841502, -19.07572084846819038, 70.90519296045118836 ) ) ;
#115 = VERTEX_POINT ( 'NONE', #4292 ) ;
#116 = ORIENTED_EDGE ( 'NONE', *, *, #184, .T. ) ;
#117 = ORIENTED_EDGE ( 'NONE', *, *, #3186, .F. ) ;
#118 = VERTEX_POINT ( 'NONE', #1674 ) ;
#119 = CYLINDRICAL_SURFACE ( 'NONE', #3436, 1.000000000000000000 ) ;
#120 = CARTESIAN_POINT ( 'NONE',  ( 9.198078063997437326, 0.7305985213422058200, 109.2784271247466990 ) ) ;
#121 = DIRECTION ( 'NONE',  ( 1.000000000000000000, 0.000000000000000000, 0.000000000000000000 ) ) ;
#122 = CARTESIAN_POINT ( 'NONE',  ( -0.1032818260338227156, -41.65538830478351429, 67.78000000000045588 ) ) ;
#123 = DIRECTION ( 'NONE',  ( -1.350714706458007894E-06, -1.376271358846230044E-07, -0.9999999999990782928 ) ) ;
#124 = ORIENTED_EDGE ( 'NONE', *, *, #3534, .T. ) ;
#125 = APPROVAL_STATUS ( 'not_yet_approved' ) ;
#126 = ORIENTED_EDGE ( 'NONE', *, *, #679, .T. ) ;
#127 = ORIENTED_EDGE ( 'NONE', *, *, #2465, .T. ) ;
#128 = DIRECTION ( 'NONE',  ( 0.9948490747861964412, 0.1013672451882219050, 0.000000000000000000 ) ) ;
#129 = DIRECTION ( 'NONE',  ( -1.350714706455111253E-06, -1.376271359130508594E-07, -0.9999999999990782928 ) ) ;
#130 = DIRECTION ( 'NONE',  ( 0.9948490747852793969, 0.1013672451881286879, -1.357708159647627619E-06 ) ) ;
#131 = ORIENTED_EDGE ( 'NONE', *, *, #4040, .T. ) ;
#132 = ADVANCED_FACE ( 'NONE', ( #2937 ), #1615, .F. ) ;
#133 = DIRECTION ( 'NONE',  ( 0.1013672451882223630, -0.9948490747861964412, 0.000000000000000000 ) ) ;
#134 = CARTESIAN_POINT ( 'NONE',  ( 23.69415767170077203, -14.57416290352141175, 72.99493871618945207 ) ) ;
#135 = CARTESIAN_POINT ( 'NONE',  ( 20.62952122707119784, -38.92513238277671661, 72.99495028010802855 ) ) ;
#136 = AXIS2_PLACEMENT_3D ( 'NONE', #795, #355, #1799 ) ;
#137 = EDGE_CURVE ( 'NONE', #232, #4309, #3421, .T. ) ;
#138 = EDGE_LOOP ( 'NONE', ( #903, #1410, #4437, #146 ) ) ;
#139 = AXIS2_PLACEMENT_3D ( 'NONE', #2520, #1256, #5157 ) ;
#140 = CARTESIAN_POINT ( 'NONE',  ( 24.09138709944059542, -18.38080621929709935, 69.99493870353086322 ) ) ;
#141 = LINE ( 'NONE', #1523, #3720 ) ;
#142 = DIRECTION ( 'NONE',  ( -0.000000000000000000, -0.000000000000000000, 1.000000000000000000 ) ) ;
#143 = CARTESIAN_POINT ( 'NONE',  ( -3.289823114261484438, -18.89896551056977003, 71.14279492831846596 ) ) ;
#144 = EDGE_CURVE ( 'NONE', #5200, #4226, #1189, .T. ) ;
#145 = ORIENTED_EDGE ( 'NONE', *, *, #2632, .F. ) ;
#146 = ORIENTED_EDGE ( 'NONE', *, *, #1012, .F. ) ;
#147 = ORIENTED_EDGE ( 'NONE', *, *, #2143, .T. ) ;
#148 = ORIENTED_EDGE ( 'NONE', *, *, #5638, .F. ) ;
#149 = CARTESIAN_POINT ( 'NONE',  ( -3.347763188854116390, -14.74566245723246460, 53.99497526568450922 ) ) ;
#150 = EDGE_CURVE ( 'NONE', #2462, #1867, #2740, .T. ) ;
#151 = CARTESIAN_POINT ( 'NONE',  ( 3.323647908989822319, 3.139378637168449782, 150.0500000000004945 ) ) ;
#152 = CARTESIAN_POINT ( 'NONE',  ( 23.63515473024471802, -44.16199975411377920, 71.94885399770963375 ) ) ;
#153 = CARTESIAN_POINT ( 'NONE',  ( -2.150151683716942319, -35.98250572422631421, 70.09765776678213456 ) ) ;
#154 = CARTESIAN_POINT ( 'NONE',  ( 9.198078063997435549, 0.7305985213422077074, 110.4500000000004860 ) ) ;
#155 = ORIENTED_EDGE ( 'NONE', *, *, #4764, .T. ) ;
#156 = ORIENTED_EDGE ( 'NONE', *, *, #4674, .F. ) ;
#157 = VECTOR ( 'NONE', #4075, 1000.000000000000000 ) ;
#158 = CARTESIAN_POINT ( 'NONE',  ( 21.65231071139684715, -43.42759203089076436, 70.72743362552682811 ) ) ;
#159 = CYLINDRICAL_SURFACE ( 'NONE', #3646, 1.550000000000000266 ) ;
#160 = CARTESIAN_POINT ( 'NONE',  ( 4.989466571381014681, 22.30495664366497621, 156.7000000000005002 ) ) ;
#161 = CARTESIAN_POINT ( 'NONE',  ( 24.29603746094616668, -18.14129300456898619, 69.99493839414309093 ) ) ;
#162 = EDGE_LOOP ( 'NONE', ( #496, #1430, #3860, #231 ) ) ;
#163 = VECTOR ( 'NONE', #5066, 999.9999999999998863 ) ;
#164 = DIRECTION ( 'NONE',  ( 0.000000000000000000, -1.000000000000000000, 1.107325405147169919E-15 ) ) ;
#165 = DIRECTION ( 'NONE',  ( -1.350714706455073349E-06, -1.376271359134233686E-07, -0.9999999999990782928 ) ) ;
#166 = ADVANCED_FACE ( 'NONE', ( #1244 ), #2588, .F. ) ;
#167 = CARTESIAN_POINT ( 'NONE',  ( -1.925998075394093512, -18.18566930775896040, 101.3119653137027285 ) ) ;
#168 = ORIENTED_EDGE ( 'NONE', *, *, #412, .T. ) ;
#169 = CARTESIAN_POINT ( 'NONE',  ( 24.00397519612862496, -17.06683257135640375, 70.38700150698835500 ) ) ;
#170 = DIRECTION ( 'NONE',  ( -0.9948490747852792859, -0.1013672451881286185, 1.357708158863008082E-06 ) ) ;
#171 = LINE ( 'NONE', #1979, #1562 ) ;
#172 = CARTESIAN_POINT ( 'NONE',  ( -3.113559198962612573, -17.62377553594233959, 71.74632135050082127 ) ) ;
#173 = ORIENTED_EDGE ( 'NONE', *, *, #2345, .T. ) ;
#174 = ORIENTED_EDGE ( 'NONE', *, *, #518, .F. ) ;
#175 = ORIENTED_EDGE ( 'NONE', *, *, #1156, .T. ) ;
#176 = ORIENTED_EDGE ( 'NONE', *, *, #4120, .T. ) ;
#177 = FACE_BOUND ( 'NONE', #1904, .T. ) ;
#178 = ADVANCED_FACE ( 'NONE', ( #2996 ), #5548, .F. ) ;
#179 = CARTESIAN_POINT ( 'NONE',  ( 26.65851938652149400, -33.80216688336285813, 51.99493735844762909 ) ) ;
#180 = DIRECTION ( 'NONE',  ( -0.1013672451882223491, 0.9948490747861963301, 0.000000000000000000 ) ) ;
#181 = ORIENTED_EDGE ( 'NONE', *, *, #2907, .F. ) ;
#182 = SECURITY_CLASSIFICATION_LEVEL ( 'unclassified' ) ;
#183 = EDGE_LOOP ( 'NONE', ( #3550, #5391, #1322, #2774 ) ) ;
#184 = EDGE_CURVE ( 'NONE', #5109, #5113, #4310, .T. ) ;
#185 = AXIS2_PLACEMENT_3D ( 'NONE', #1900, #553, #2820 ) ;
#186 = CARTESIAN_POINT ( 'NONE',  ( -4.834140229725290894, -19.88793839098527627, 69.33752538639126328 ) ) ;
#187 = CARTESIAN_POINT ( 'NONE',  ( 2.960041896551155460, -46.26863008128937338, 70.34597364259262520 ) ) ;
#188 = CARTESIAN_POINT ( 'NONE',  ( 24.78577033738860891, -15.42232912568908176, 69.99493735845049969 ) ) ;
#189 = ORIENTED_EDGE ( 'NONE', *, *, #4383, .F. ) ;
#190 = AXIS2_PLACEMENT_3D ( 'NONE', #4932, #2285, #5018 ) ;
#191 = DIRECTION ( 'NONE',  ( -0.9948490747861964412, -0.1013672451882223491, -6.938893903907229918E-18 ) ) ;
#192 = CARTESIAN_POINT ( 'NONE',  ( 6.349743540596019642, 3.045642788675047452, 156.7000000000005002 ) ) ;
#193 = DIRECTION ( 'NONE',  ( -0.1013672451882219050, 0.9948490747861964412, 0.000000000000000000 ) ) ;
#194 = CARTESIAN_POINT ( 'NONE',  ( -3.065285592409603410, -12.64463062574753494, 72.99497798108434665 ) ) ;
#195 = VECTOR ( 'NONE', #5524, 1000.000000000000000 ) ;
#196 = ORIENTED_EDGE ( 'NONE', *, *, #3717, .T. ) ;
#197 = AXIS2_PLACEMENT_3D ( 'NONE', #2639, #4366, #4828 ) ;
#198 = DIRECTION ( 'NONE',  ( 0.1013672451882220577, -0.9948490747861963301, 7.940933880509064503E-23 ) ) ;
#199 = CARTESIAN_POINT ( 'NONE',  ( 1.644369224237865579, -4.627973497002288994, 156.7000000000005002 ) ) ;
#200 = DIRECTION ( 'NONE',  ( 1.000000000000000000, 9.301141709797855966E-14, -1.749368463876596345E-15 ) ) ;
#201 = CARTESIAN_POINT ( 'NONE',  ( -3.771605289123271643, -19.62855034612672611, 70.53917364608868468 ) ) ;
#202 = ORIENTED_EDGE ( 'NONE', *, *, #5285, .F. ) ;
#203 = ORIENTED_EDGE ( 'NONE', *, *, #5350, .F. ) ;
#204 = AXIS2_PLACEMENT_3D ( 'NONE', #3874, #3092, #2201 ) ;
#205 = ORIENTED_EDGE ( 'NONE', *, *, #1441, .T. ) ;
#206 = EDGE_CURVE ( 'NONE', #4004, #566, #5647, .T. ) ;
#207 = ORIENTED_EDGE ( 'NONE', *, *, #5365, .T. ) ;
#208 = FACE_OUTER_BOUND ( 'NONE', #2709, .T. ) ;
#209 = FACE_OUTER_BOUND ( 'NONE', #881, .T. ) ;
#210 = VECTOR ( 'NONE', #2573, 999.9999999999998863 ) ;
#211 = DIRECTION ( 'NONE',  ( 0.9948490747861963301, 0.1013672451882219466, 0.000000000000000000 ) ) ;
#212 = VERTEX_POINT ( 'NONE', #1381 ) ;
#213 = EDGE_CURVE ( 'NONE', #232, #3039, #4371, .T. ) ;
#214 = VERTEX_POINT ( 'NONE', #2671 ) ;
#215 = LINE ( 'NONE', #1221, #724 ) ;
#216 = FACE_OUTER_BOUND ( 'NONE', #726, .T. ) ;
#217 = CARTESIAN_POINT ( 'NONE',  ( -0.1032848942607955539, -41.65538861741155330, 63.23688373791959094 ) ) ;
#218 = ORIENTED_EDGE ( 'NONE', *, *, #679, .F. ) ;
#219 = PLANE ( 'NONE',  #5282 ) ;
#220 = B_SPLINE_CURVE_WITH_KNOTS ( 'NONE', 3,
 ( #4766, #1770, #1690, #3515 ),
 .UNSPECIFIED., .F., .F.,
 ( 4, 4 ),
 ( 0.0009031395181681738018, 0.001007932527731939974 ),
 .UNSPECIFIED. ) ;
#221 = EDGE_CURVE ( 'NONE', #2232, #2595, #4581, .T. ) ;
#222 = FACE_OUTER_BOUND ( 'NONE', #2721, .T. ) ;
#223 = PLANE ( 'NONE',  #15 ) ;
#224 =( BOUNDED_CURVE ( )  B_SPLINE_CURVE ( 3, ( #3727, #657, #1000, #5351 ),
 .UNSPECIFIED., .F., .F. ) 
 B_SPLINE_CURVE_WITH_KNOTS ( ( 4, 4 ),
 ( 5.145933401084802275E-19, 1.570796326794896558 ),
 .UNSPECIFIED. ) 
 CURVE ( )  GEOMETRIC_REPRESENTATION_ITEM ( )  RATIONAL_B_SPLINE_CURVE ( ( 1.000000000000000000, 0.8047378541243649375, 0.8047378541243649375, 1.000000000000000000 ) ) 
 REPRESENTATION_ITEM ( '' )  );
#225 = DIRECTION ( 'NONE',  ( 0.9948490747861967742, 0.1013672451882176306, -0.000000000000000000 ) ) ;
#226 = ORIENTED_EDGE ( 'NONE', *, *, #2165, .T. ) ;
#227 = CARTESIAN_POINT ( 'NONE',  ( -0.7105708640222156980, -39.08253339695208695, 72.91430492864425617 ) ) ;
#228 = CARTESIAN_POINT ( 'NONE',  ( 25.53630612451815551, -32.56168242413253466, 69.99493870353087743 ) ) ;
#229 = DIRECTION ( 'NONE',  ( 0.1013672451882220854, -0.9948490747861964412, 3.744813952309919148E-19 ) ) ;
#230 = CARTESIAN_POINT ( 'NONE',  ( -2.930466326930037280, -17.29580196023228567, 72.70324307894364324 ) ) ;
#231 = ORIENTED_EDGE ( 'NONE', *, *, #4358, .F. ) ;
#232 = VERTEX_POINT ( 'NONE', #521 ) ;
#233 = AXIS2_PLACEMENT_3D ( 'NONE', #3702, #4533, #5417 ) ;
#234 = EDGE_LOOP ( 'NONE', ( #3276, #5447, #5311, #2874, #3962 ) ) ;
#235 = CARTESIAN_POINT ( 'NONE',  ( -2.860240753750586951, 6.795066151787915842, 67.78000000000052694 ) ) ;
#236 = CARTESIAN_POINT ( 'NONE',  ( -2.296422371342701663, -44.79386698916047038, 69.99497798108708935 ) ) ;
#237 = DIRECTION ( 'NONE',  ( -1.000000000000000000, -2.775557561562891351E-14, 0.000000000000000000 ) ) ;
#238 = EDGE_LOOP ( 'NONE', ( #5238, #1635, #3838, #4059 ) ) ;
#239 = EDGE_CURVE ( 'NONE', #269, #547, #1923, .T. ) ;
#240 = CALENDAR_DATE ( 2025, 5, 12 ) ;
#241 = B_SPLINE_CURVE_WITH_KNOTS ( 'NONE', 3,
 ( #3284, #3721, #650, #5035, #2426, #2450, #1108, #3662, #158, #5012, #5406, #5065, #2852, #4611, #1080, #680 ),
 .UNSPECIFIED., .F., .F.,
 ( 4, 2, 2, 2, 2, 2, 2, 4 ),
 ( 3.469446951953614189E-18, 0.0005891722300383821177, 0.001178344460076760766, 0.001767516690115139523, 0.002356688920153518062, 0.002945861150191896819, 0.003535033380230275576, 0.004713377840307031788 ),
 .UNSPECIFIED. ) ;
#242 = CARTESIAN_POINT ( 'NONE',  ( 0.7776013374214421070, -9.198914737120540863, 65.87666131862410168 ) ) ;
#243 = LINE ( 'NONE', #4268, #163 ) ;
#244 = DIRECTION ( 'NONE',  ( 0.1013672451882220854, -0.9948490747861964412, 7.940933880509066854E-23 ) ) ;
#245 = DIRECTION ( 'NONE',  ( 0.1013672451882220715, -0.9948490747861963301, 3.744813952309920111E-19 ) ) ;
#246 = ORIENTED_EDGE ( 'NONE', *, *, #4961, .F. ) ;
#247 = CARTESIAN_POINT ( 'NONE',  ( 21.42435798751775877, -7.095173680577220310, 49.99494075269759463 ) ) ;
#248 = EDGE_CURVE ( 'NONE', #5113, #5109, #3560, .T. ) ;
#249 = VECTOR ( 'NONE', #1206, 1000.000000000000000 ) ;
#250 = DIRECTION ( 'NONE',  ( -0.6516306550984194423, -0.06639600524503570800, -0.7556249465333354509 ) ) ;
#251 = CARTESIAN_POINT ( 'NONE',  ( -1.925998075394927289, -18.18566930775896751, 72.99497381874395785 ) ) ;
#252 = PLANE ( 'NONE',  #233 ) ;
#253 = ORIENTED_EDGE ( 'NONE', *, *, #4120, .F. ) ;
#254 = EDGE_CURVE ( 'NONE', #950, #3449, #1413, .T. ) ;
#255 = DIRECTION ( 'NONE',  ( -1.000000000000000000, 0.000000000000000000, 0.000000000000000000 ) ) ;
#256 = DIRECTION ( 'NONE',  ( -0.9999999999990877297, -4.048665020750933231E-23, 1.350714706455123959E-06 ) ) ;
#257 = CARTESIAN_POINT ( 'NONE',  ( 24.22572412164071665, -9.925787191300521783, 65.77996277159833483 ) ) ;
#258 = CARTESIAN_POINT ( 'NONE',  ( 2.867711741399441294, -45.36423997989761858, 72.99497515744126019 ) ) ;
#259 = CIRCLE ( 'NONE', #3544, 1.550000000000000933 ) ;
#260 = VERTEX_POINT ( 'NONE', #1780 ) ;
#261 = ORIENTED_EDGE ( 'NONE', *, *, #2239, .F. ) ;
#262 = B_SPLINE_CURVE_WITH_KNOTS ( 'NONE', 3,
 ( #4357, #2030, #2981, #4733, #833, #5101, #4251, #4672, #1601, #1202, #395, #3347, #1176, #2922, #746, #311, #2061, #3812 ),
 .UNSPECIFIED., .F., .F.,
 ( 4, 2, 2, 2, 2, 2, 2, 2, 4 ),
 ( 0.000000000000000000, 0.0007899210604289169310, 0.001579842120857833862, 0.002369763181286750793, 0.003159684241715667724, 0.003949605302144584655, 0.004739526362573501586, 0.005529447423002418517, 0.006319368483431335448 ),
 .UNSPECIFIED. ) ;
#263 = ORIENTED_EDGE ( 'NONE', *, *, #709, .T. ) ;
#264 = DIRECTION ( 'NONE',  ( 0.9948490747861963301, 0.1013672451882220438, 6.938893903907227607E-18 ) ) ;
#265 = DIRECTION ( 'NONE',  ( -1.350714706455073349E-06, -1.376271359134233686E-07, -0.9999999999990782928 ) ) ;
#266 = CARTESIAN_POINT ( 'NONE',  ( 23.66381812100216209, -43.15390158688740030, 72.99494812134014410 ) ) ;
#267 = ORIENTED_EDGE ( 'NONE', *, *, #5077, .F. ) ;
#268 = EDGE_CURVE ( 'NONE', #5200, #2367, #4918, .T. ) ;
#269 = VERTEX_POINT ( 'NONE', #2269 ) ;
#270 = DIRECTION ( 'NONE',  ( -0.000000000000000000, -0.000000000000000000, 1.000000000000000000 ) ) ;
#271 = CARTESIAN_POINT ( 'NONE',  ( -6.460738344599660010, 32.18248163706108045, 65.41997301185030267 ) ) ;
#272 = CARTESIAN_POINT ( 'NONE',  ( 0.2252277916027553006, 9.299913550004461626, 106.7000000000005002 ) ) ;
#273 = CIRCLE ( 'NONE', #363, 1.999999999999999778 ) ;
#274 = ORIENTED_EDGE ( 'NONE', *, *, #3460, .F. ) ;
#275 = EDGE_CURVE ( 'NONE', #662, #3219, #5299, .T. ) ;
#276 = CARTESIAN_POINT ( 'NONE',  ( 3.718317227143850712, -45.25917348542187568, 70.90153067940374854 ) ) ;
#277 = VECTOR ( 'NONE', #4992, 1000.000000000000114 ) ;
#278 = PLANE ( 'NONE',  #2752 ) ;
#279 = DIRECTION ( 'NONE',  ( -0.1013672451882219189, 0.9948490747861963301, -2.646977960169688089E-22 ) ) ;
#280 = CARTESIAN_POINT ( 'NONE',  ( -5.715432000354547348, -11.23866323678757162, 69.99497798108710356 ) ) ;
#281 = EDGE_LOOP ( 'NONE', ( #1848, #1786, #2189, #1184, #2754, #469, #3713 ) ) ;
#282 = VECTOR ( 'NONE', #3889, 1000.000000000000114 ) ;
#283 = EDGE_CURVE ( 'NONE', #2248, #5384, #984, .T. ) ;
#284 = ADVANCED_FACE ( 'NONE', ( #3910 ), #439, .F. ) ;
#285 = CARTESIAN_POINT ( 'NONE',  ( -0.6152014920796885500, 2.335970026501086760, 106.7000000000005002 ) ) ;
#286 = CARTESIAN_POINT ( 'NONE',  ( 4.799743540596020708, 3.045642788675047452, 156.7000000000005002 ) ) ;
#287 = DIRECTION ( 'NONE',  ( 0.1013672451882220854, -0.9948490747861964412, -2.049452756230474410E-16 ) ) ;
#288 = AXIS2_PLACEMENT_3D ( 'NONE', #1422, #4489, #2310 ) ;
#289 = LINE ( 'NONE', #3299, #3781 ) ;
#290 = EDGE_LOOP ( 'NONE', ( #2494, #1917, #4363, #3523 ) ) ;
#291 = APPLICATION_CONTEXT ( 'configuration controlled 3d designs of mechanical parts and assemblies' ) ;
#292 = ORIENTED_EDGE ( 'NONE', *, *, #4642, .F. ) ;
#293 = VECTOR ( 'NONE', #1871, 1000.000000000000000 ) ;
#294 = VERTEX_POINT ( 'NONE', #5660 ) ;
#295 = CARTESIAN_POINT ( 'NONE',  ( -2.995739275136517499, -37.93055751054340163, 69.99497798108708935 ) ) ;
#296 = CARTESIAN_POINT ( 'NONE',  ( 21.62782819416879576, -2.159426652864740337, 69.99493979859408910 ) ) ;
#297 = PLANE ( 'NONE',  #2493 ) ;
#298 = ADVANCED_FACE ( 'NONE', ( #2241 ), #1326, .F. ) ;
#299 = ORIENTED_EDGE ( 'NONE', *, *, #2961, .T. ) ;
#300 = VECTOR ( 'NONE', #1573, 1000.000000000000000 ) ;
#301 = CARTESIAN_POINT ( 'NONE',  ( -2.914951822931876713, -38.68976404044592954, 52.13033777393997070 ) ) ;
#302 = LINE ( 'NONE', #3776, #444 ) ;
#303 = DIRECTION ( 'NONE',  ( 1.350714706455073349E-06, 1.376271359134233686E-07, 0.9999999999990782928 ) ) ;
#304 = CARTESIAN_POINT ( 'NONE',  ( 22.12291274740664804, -9.185128308945133213, 109.2784271247466705 ) ) ;
#305 = VERTEX_POINT ( 'NONE', #3160 ) ;
#306 = FACE_BOUND ( 'NONE', #3426, .T. ) ;
#307 = DIRECTION ( 'NONE',  ( -0.1013672451882220715, 0.9948490747861964412, -3.745135536382605176E-19 ) ) ;
#308 = CARTESIAN_POINT ( 'NONE',  ( 25.07995029116069574, -18.30963489560545554, 69.98519231334734059 ) ) ;
#309 = DIRECTION ( 'NONE',  ( -1.000000000000000000, 0.000000000000000000, -6.903152180341686367E-18 ) ) ;
#310 = CARTESIAN_POINT ( 'NONE',  ( -0.7113962586787361264, -39.07443272193771833, 72.70324307894361482 ) ) ;
#311 = CARTESIAN_POINT ( 'NONE',  ( 1.995186730445492218, -46.36694118462408909, 72.46936800914721744 ) ) ;
#312 = EDGE_CURVE ( 'NONE', #3980, #3216, #2475, .T. ) ;
#313 = ORIENTED_EDGE ( 'NONE', *, *, #3472, .F. ) ;
#314 = CARTESIAN_POINT ( 'NONE',  ( 5.867159774732277455, -45.25917319730781685, 72.99496701845816915 ) ) ;
#315 = CYLINDRICAL_SURFACE ( 'NONE', #3300, 1.049999999999997380 ) ;
#316 = DIRECTION ( 'NONE',  ( 0.1013672451882220577, -0.9948490747861963301, 3.745209115844092343E-19 ) ) ;
#317 = ORIENTED_EDGE ( 'NONE', *, *, #4376, .T. ) ;
#318 = VERTEX_POINT ( 'NONE', #4889 ) ;
#319 = VERTEX_POINT ( 'NONE', #899 ) ;
#320 = CARTESIAN_POINT ( 'NONE',  ( -0.6152014920796888831, 2.335970026501086760, 156.7000000000005002 ) ) ;
#321 = DIRECTION ( 'NONE',  ( -0.9948490747861964412, -0.1013672451882220021, 0.000000000000000000 ) ) ;
#322 = EDGE_CURVE ( 'NONE', #2247, #1677, #665, .T. ) ;
#323 = CARTESIAN_POINT ( 'NONE',  ( -0.7105087571694189696, -39.08314293255629224, 72.99497369531648872 ) ) ;
#324 = VERTEX_POINT ( 'NONE', #2642 ) ;
#325 = TOROIDAL_SURFACE ( 'NONE', #699, 7.000000000000001776, 3.000000000000000000 ) ;
#326 = EDGE_CURVE ( 'NONE', #2367, #3886, #273, .T. ) ;
#327 = EDGE_CURVE ( 'NONE', #1868, #3651, #3527, .T. ) ;
#328 = VECTOR ( 'NONE', #2401, 1000.000000000000000 ) ;
#329 = CARTESIAN_POINT ( 'NONE',  ( -2.945107852712169461, -17.32717084900620463, 72.50241845322986478 ) ) ;
#330 = DIRECTION ( 'NONE',  ( 0.7517327789440577668, 0.07659561922558175140, -0.6550045344701775907 ) ) ;
#331 = CARTESIAN_POINT ( 'NONE',  ( 3.323647908989822319, 3.139378637168453334, 153.0500000000004945 ) ) ;
#332 = CARTESIAN_POINT ( 'NONE',  ( 25.91500274297062134, -36.37021408646316445, 72.99493859275902707 ) ) ;
#333 = ORIENTED_EDGE ( 'NONE', *, *, #4497, .T. ) ;
#334 = CARTESIAN_POINT ( 'NONE',  ( 24.71022774502972652, -14.68106501326239943, 71.69331687815312648 ) ) ;
#335 = FACE_OUTER_BOUND ( 'NONE', #5434, .T. ) ;
#336 = CARTESIAN_POINT ( 'NONE',  ( 3.994886688989756962, -49.71551181210826087, 61.66997016066662951 ) ) ;
#337 = DIRECTION ( 'NONE',  ( -1.350714706475886219E-06, -1.376271357091611617E-07, -0.9999999999990782928 ) ) ;
#338 = CARTESIAN_POINT ( 'NONE',  ( 3.980458349906966120, -18.12360864490540990, 72.99496583226516577 ) ) ;
#339 = CARTESIAN_POINT ( 'NONE',  ( -2.280234163849059748, -11.83186567587575588, 72.99497749588284989 ) ) ;
#340 = VERTEX_POINT ( 'NONE', #1355 ) ;
#341 = AXIS2_PLACEMENT_3D ( 'NONE', #314, #3379, #1688 ) ;
#342 = CARTESIAN_POINT ( 'NONE',  ( 24.23600762626823268, -10.12852355096857870, 52.19767186281061555 ) ) ;
#343 = ADVANCED_FACE ( 'NONE', ( #3102 ), #5339, .F. ) ;
#344 = CARTESIAN_POINT ( 'NONE',  ( -2.271781136837170756, -35.17058395687223538, 69.99497662337893189 ) ) ;
#345 = FACE_OUTER_BOUND ( 'NONE', #2696, .T. ) ;
#346 = ORIENTED_EDGE ( 'NONE', *, *, #2911, .F. ) ;
#347 = ORIENTED_EDGE ( 'NONE', *, *, #5130, .T. ) ;
#348 = ORIENTED_EDGE ( 'NONE', *, *, #3563, .T. ) ;
#349 = DIRECTION ( 'NONE',  ( -0.9948490747852793969, -0.1013672451881286324, 1.357708159647627195E-06 ) ) ;
#350 = CARTESIAN_POINT ( 'NONE',  ( 26.41443612107134342, -33.77215177989467065, 69.99493768402120963 ) ) ;
#351 = DIRECTION ( 'NONE',  ( -0.7517327789440580998, -0.07659561922557844849, 0.6550045344701775907 ) ) ;
#352 = VERTEX_POINT ( 'NONE', #2759 ) ;
#353 = EDGE_CURVE ( 'NONE', #4004, #118, #3253, .T. ) ;
#354 = CARTESIAN_POINT ( 'NONE',  ( -0.8726934118489358960, 6.997581491889171446, 67.78000000000051273 ) ) ;
#355 = DIRECTION ( 'NONE',  ( -1.350714706455073349E-06, -1.376271359134233686E-07, -0.9999999999990782928 ) ) ;
#356 = FACE_BOUND ( 'NONE', #2982, .T. ) ;
#357 = CARTESIAN_POINT ( 'NONE',  ( -1.805360243272571497, -8.607697119247776030, 72.99497233760610015 ) ) ;
#358 = EDGE_LOOP ( 'NONE', ( #2153, #5016, #4009, #3451 ) ) ;
#359 = CARTESIAN_POINT ( 'NONE',  ( 23.88719018458957066, -15.57555866732060323, 72.59803245142266803 ) ) ;
#360 = FACE_OUTER_BOUND ( 'NONE', #3368, .T. ) ;
#361 = CARTESIAN_POINT ( 'NONE',  ( -0.4486814696186297580, -37.61438801547485156, 71.37301041239902588 ) ) ;
#362 = CARTESIAN_POINT ( 'NONE',  ( -0.8059707275798647652, -38.95952084214270172, 72.15292994739569110 ) ) ;
#363 = AXIS2_PLACEMENT_3D ( 'NONE', #4018, #85, #30 ) ;
#364 = CARTESIAN_POINT ( 'NONE',  ( -2.005741815138335049, -36.95927330333916672, 70.53917364609171159 ) ) ;
#365 = CARTESIAN_POINT ( 'NONE',  ( -2.675758634572134476, -12.12247429058655790, 72.99497807011920258 ) ) ;
#366 = ORIENTED_EDGE ( 'NONE', *, *, #2924, .F. ) ;
#367 = VECTOR ( 'NONE', #3669, 1000.000000000000000 ) ;
#368 = CARTESIAN_POINT ( 'NONE',  ( -1.925998075394093512, -18.18566930775896040, 101.3119653137027285 ) ) ;
#369 = CARTESIAN_POINT ( 'NONE',  ( 26.81731661418959334, -35.36067811789460080, 72.78924196721889928 ) ) ;
#370 = LINE ( 'NONE', #483, #5322 ) ;
#371 = VECTOR ( 'NONE', #4617, 1000.000000000000000 ) ;
#372 = ORIENTED_EDGE ( 'NONE', *, *, #3095, .F. ) ;
#373 = VECTOR ( 'NONE', #5147, 1000.000000000000000 ) ;
#374 = CARTESIAN_POINT ( 'NONE',  ( 7.171559559592730615, 20.61946948158783854, 156.7000000000005002 ) ) ;
#375 = DIRECTION ( 'NONE',  ( 6.903152180341684056E-18, 7.033765596924220165E-19, -1.000000000000000000 ) ) ;
#376 = DIRECTION ( 'NONE',  ( 0.9948490747861963301, 0.1013672451882219744, 0.000000000000000000 ) ) ;
#377 = ORIENTED_EDGE ( 'NONE', *, *, #97, .T. ) ;
#378 = CIRCLE ( 'NONE', #759, 2.000000000000000000 ) ;
#379 = EDGE_CURVE ( 'NONE', #3343, #3081, #441, .T. ) ;
#380 = DIRECTION ( 'NONE',  ( -1.128276928546408485E-16, 1.107325405147169919E-15, 1.000000000000000000 ) ) ;
#381 = CARTESIAN_POINT ( 'NONE',  ( 25.90211844373013861, -35.35064551852735804, 72.59986202092316887 ) ) ;
#382 = VECTOR ( 'NONE', #2870, 999.9999999999998863 ) ;
#383 = PLANE ( 'NONE',  #3575 ) ;
#384 = ADVANCED_FACE ( 'NONE', ( #1963 ), #4175, .F. ) ;
#385 = ORIENTED_EDGE ( 'NONE', *, *, #860, .T. ) ;
#386 = CARTESIAN_POINT ( 'NONE',  ( 6.835630675579478677, 19.27936708627652962, 113.2081430030187477 ) ) ;
#387 = ORIENTED_EDGE ( 'NONE', *, *, #3301, .T. ) ;
#388 = CIRCLE ( 'NONE', #5431, 1.550000000000000266 ) ;
#389 = CARTESIAN_POINT ( 'NONE',  ( -2.095584022094883814, -36.37214251903174045, 70.24179344681537884 ) ) ;
#390 = CARTESIAN_POINT ( 'NONE',  ( -3.067082538952960569, -37.23036192301460545, 70.81827768924976851 ) ) ;
#391 = CARTESIAN_POINT ( 'NONE',  ( -1.596332716823823494, -36.78371354083988365, 70.44425570636074951 ) ) ;
#392 = LINE ( 'NONE', #1383, #1566 ) ;
#393 = VECTOR ( 'NONE', #1319, 999.9999999999998863 ) ;
#394 = CARTESIAN_POINT ( 'NONE',  ( 0.05182856204804793532, -46.56495399776029842, 21.41636012479020224 ) ) ;
#395 = CARTESIAN_POINT ( 'NONE',  ( 2.790673922186719835, -46.28588733710792269, 70.55169634261154954 ) ) ;
#396 = ORIENTED_EDGE ( 'NONE', *, *, #3870, .F. ) ;
#397 = AXIS2_PLACEMENT_3D ( 'NONE', #1359, #3530, #2274 ) ;
#398 =( BOUNDED_CURVE ( )  B_SPLINE_CURVE ( 3, ( #3443, #791, #1136, #2533 ),
 .UNSPECIFIED., .F., .T. ) 
 B_SPLINE_CURVE_WITH_KNOTS ( ( 4, 4 ),
 ( 3.243134303201659741, 4.621354202347358608 ),
 .UNSPECIFIED. ) 
 CURVE ( )  GEOMETRIC_REPRESENTATION_ITEM ( )  RATIONAL_B_SPLINE_CURVE ( ( 1.000000000000000000, 0.8478748397511061130, 0.8478748397511061130, 1.000000000000000000 ) ) 
 REPRESENTATION_ITEM ( '' )  );
#399 = ADVANCED_FACE ( 'NONE', ( #1930 ), #4145, .T. ) ;
#400 = ADVANCED_FACE ( 'NONE', ( #209, #5368 ), #2298, .F. ) ;
#401 = CARTESIAN_POINT ( 'NONE',  ( 0.2252277916027548565, 9.299913550004461626, 150.0500000000004945 ) ) ;
#402 = CARTESIAN_POINT ( 'NONE',  ( 26.49883507502723035, -32.23500311328457002, 69.99641074291231746 ) ) ;
#403 = DIRECTION ( 'NONE',  ( -6.903152180341684056E-18, -7.033765596924220165E-19, 1.000000000000000000 ) ) ;
#404 = ORIENTED_EDGE ( 'NONE', *, *, #4256, .F. ) ;
#405 = LINE ( 'NONE', #2582, #1130 ) ;
#406 = CARTESIAN_POINT ( 'NONE',  ( 5.473247068419563099, -45.02532847486919820, 70.01470304770394648 ) ) ;
#407 = CARTESIAN_POINT ( 'NONE',  ( 2.867766938066795834, -45.37474665815659591, 41.71066611099396937 ) ) ;
#408 = ORIENTED_EDGE ( 'NONE', *, *, #1614, .T. ) ;
#409 =( BOUNDED_SURFACE ( )  B_SPLINE_SURFACE ( 3, 2, ( 
 ( #108, #1003, #572 ),
 ( #4070, #3516, #5243 ),
 ( #4824, #5268, #913 ),
 ( #2231, #3979, #45 ),
 ( #2892, #4646, #3267 ),
 ( #5043, #1035, #4103 ),
 ( #2461, #4217, #2001 ),
 ( #4589, #1461, #3731 ),
 ( #1975, #3758, #5383 ),
 ( #280, #2807, #194 ) ),
 .UNSPECIFIED., .F., .F., .F. ) 
 B_SPLINE_SURFACE_WITH_KNOTS ( ( 4, 2, 2, 2, 4 ),
 ( 3, 3 ),
 ( 0.006715857475275566722, 0.007452805125989165128, 0.008189752776702764400, 0.008926700427416363673, 0.009663648078129962946 ),
 ( 0.000000000000000000, 1.000000000000000000 ),
 .UNSPECIFIED. ) 
 GEOMETRIC_REPRESENTATION_ITEM ( )  RATIONAL_B_SPLINE_SURFACE ( (
 ( 1.000000000000000000, 0.8003514793098505109, 1.000000000000000000),
 ( 1.000000000000000000, 0.8003774184526351032, 1.000000000000000000),
 ( 1.000000000000000000, 0.7981181181643411948, 1.000000000000000000),
 ( 1.000000000000000000, 0.7893767152795850839, 1.000000000000000000),
 ( 1.000000000000000000, 0.7829274206389631452, 1.000000000000000000),
 ( 1.000000000000000000, 0.7663947097021823751, 1.000000000000000000),
 ( 1.000000000000000000, 0.7562714463459249137, 1.000000000000000000),
 ( 1.000000000000000000, 0.7331493822079219180, 1.000000000000000000),
 ( 1.000000000000000000, 0.7203940268044519701, 1.000000000000000000),
 ( 1.000000000000000000, 0.7071063828035383247, 1.000000000000000000) ) ) 
 REPRESENTATION_ITEM ( '' )  SURFACE ( )  );
#410 = CARTESIAN_POINT ( 'NONE',  ( -3.000320269867797762, -17.42812558408987300, 72.15116581128066287 ) ) ;
#411 = FACE_OUTER_BOUND ( 'NONE', #4809, .T. ) ;
#412 = EDGE_CURVE ( 'NONE', #5336, #3800, #4087, .T. ) ;
#413 = AXIS2_PLACEMENT_3D ( 'NONE', #4165, #577, #3707 ) ;
#414 = VERTEX_POINT ( 'NONE', #3743 ) ;
#415 = MECHANICAL_CONTEXT ( 'NONE', #1571, 'mechanical' ) ;
#416 = ORIENTED_EDGE ( 'NONE', *, *, #4394, .F. ) ;
#417 = AXIS2_PLACEMENT_3D ( 'NONE', #1889, #5388, #2868 ) ;
#418 = CARTESIAN_POINT ( 'NONE',  ( 24.74376233162897520, -15.01018367866222292, 70.97430944431964406 ) ) ;
#419 = CARTESIAN_POINT ( 'NONE',  ( -1.925998075394927289, -18.18566930775896751, 72.99497381874395785 ) ) ;
#420 = CARTESIAN_POINT ( 'NONE',  ( 0.09240565357033043992, -37.99364252339976389, 72.73145009785474713 ) ) ;
#421 = CARTESIAN_POINT ( 'NONE',  ( 6.776430230576962366, 24.49738928361381340, 108.4500000000004860 ) ) ;
#422 = CARTESIAN_POINT ( 'NONE',  ( -1.900331883943494837, -37.69716076259823012, 70.59664373084825684 ) ) ;
#423 = CARTESIAN_POINT ( 'NONE',  ( -2.673969678274177753, -36.66049825603812451, 70.16656782543454085 ) ) ;
#424 = ORIENTED_EDGE ( 'NONE', *, *, #604, .F. ) ;
#425 = EDGE_CURVE ( 'NONE', #1988, #3536, #1986, .T. ) ;
#426 = FACE_OUTER_BOUND ( 'NONE', #1204, .T. ) ;
#427 = CARTESIAN_POINT ( 'NONE',  ( 26.75090660355243344, -34.70891000961439232, 71.10690351041995427 ) ) ;
#428 = FACE_OUTER_BOUND ( 'NONE', #2484, .T. ) ;
#429 = VERTEX_POINT ( 'NONE', #1103 ) ;
#430 = EDGE_CURVE ( 'NONE', #3769, #4212, #2332, .T. ) ;
#431 = ADVANCED_FACE ( 'NONE', ( #1558 ), #3189, .F. ) ;
#432 = AXIS2_PLACEMENT_3D ( 'NONE', #1487, #2829, #568 ) ;
#433 = CARTESIAN_POINT ( 'NONE',  ( -4.365840639074367147, -20.05596040079343823, 70.16656782543454085 ) ) ;
#434 = CARTESIAN_POINT ( 'NONE',  ( 4.887468709996256599, -45.10680197580342110, 70.15298282556126708 ) ) ;
#435 = CARTESIAN_POINT ( 'NONE',  ( 19.22574186973793076, -7.319195258054850939, 61.66994375324292577 ) ) ;
#436 = ORIENTED_EDGE ( 'NONE', *, *, #2377, .F. ) ;
#437 = VECTOR ( 'NONE', #2542, 1000.000000000000114 ) ;
#438 = CARTESIAN_POINT ( 'NONE',  ( 16.14367479635330938, -35.79126248071759164, 72.99495590790124311 ) ) ;
#439 = PLANE ( 'NONE',  #4768 ) ;
#440 = DIRECTION ( 'NONE',  ( 0.000000000000000000, 1.156482317317870344E-15, 1.000000000000000000 ) ) ;
#441 =( BOUNDED_CURVE ( )  B_SPLINE_CURVE ( 3, ( #2394, #120, #5430, #4605 ),
 .UNSPECIFIED., .F., .F. ) 
 B_SPLINE_CURVE_WITH_KNOTS ( ( 4, 4 ),
 ( 1.011529592114990053E-17, 1.570796326794895670 ),
 .UNSPECIFIED. ) 
 CURVE ( )  GEOMETRIC_REPRESENTATION_ITEM ( )  RATIONAL_B_SPLINE_CURVE ( ( 1.000000000000000000, 0.8047378541243652705, 0.8047378541243652705, 1.000000000000000000 ) ) 
 REPRESENTATION_ITEM ( '' )  );
#442 = VERTEX_POINT ( 'NONE', #1474 ) ;
#443 = APPROVAL_DATE_TIME ( #3056, #4709 ) ;
#444 = VECTOR ( 'NONE', #4238, 1000.000000000000114 ) ;
#445 = ORIENTED_EDGE ( 'NONE', *, *, #1162, .T. ) ;
#446 = ORIENTED_EDGE ( 'NONE', *, *, #97, .F. ) ;
#447 = CARTESIAN_POINT ( 'NONE',  ( -2.214232474865125422, -35.53811641175745706, 69.99497659622954870 ) ) ;
#448 = CARTESIAN_POINT ( 'NONE',  ( 21.94138008254935812, -12.16889895454402470, 67.77994004271761241 ) ) ;
#449 = CARTESIAN_POINT ( 'NONE',  ( -4.900876239201053863, -19.23296625986363395, 69.67878059032793203 ) ) ;
#450 = ORIENTED_EDGE ( 'NONE', *, *, #2318, .F. ) ;
#451 = EDGE_CURVE ( 'NONE', #1813, #4431, #5032, .T. ) ;
#452 = CARTESIAN_POINT ( 'NONE',  ( 6.979164720953406231, 22.50769113404141919, 156.7000000000005002 ) ) ;
#453 = CARTESIAN_POINT ( 'NONE',  ( 26.49789724245395206, -32.22579893824660502, 68.99511305037222542 ) ) ;
#454 = CARTESIAN_POINT ( 'NONE',  ( -10.16575261002717312, 1.362844472694154874, 156.7000000000005002 ) ) ;
#455 = CARTESIAN_POINT ( 'NONE',  ( 22.68230372589182764, -43.34528991510622120, 72.99494811571814523 ) ) ;
#456 = EDGE_CURVE ( 'NONE', #1640, #4226, #4730, .T. ) ;
#457 = ORIENTED_EDGE ( 'NONE', *, *, #1102, .T. ) ;
#458 = CARTESIAN_POINT ( 'NONE',  ( 23.23197822396334900, -44.20308024843414074, 70.98159245955939411 ) ) ;
#459 = LINE ( 'NONE', #2207, #1009 ) ;
#460 = AXIS2_PLACEMENT_3D ( 'NONE', #4473, #2812, #4078 ) ;
#461 = CARTESIAN_POINT ( 'NONE',  ( 4.799743540596020708, 3.045642788675047452, 156.7000000000005002 ) ) ;
#462 = ORIENTED_EDGE ( 'NONE', *, *, #5427, .F. ) ;
#463 = AXIS2_PLACEMENT_3D ( 'NONE', #1279, #3555, #4731 ) ;
#464 = CARTESIAN_POINT ( 'NONE',  ( 7.313553918135467846, -36.92005687939274594, 72.99496799022810478 ) ) ;
#465 = EDGE_CURVE ( 'NONE', #4343, #324, #5058, .T. ) ;
#466 = CARTESIAN_POINT ( 'NONE',  ( 18.52467701843950110, -24.23453402578008209, 49.99494702818039826 ) ) ;
#467 = CARTESIAN_POINT ( 'NONE',  ( 5.384595900396763390, 18.42703684163899780, 149.2000000000005002 ) ) ;
#468 = AXIS2_PLACEMENT_3D ( 'NONE', #2998, #2971, #1645 ) ;
#469 = ORIENTED_EDGE ( 'NONE', *, *, #1579, .T. ) ;
#470 = DIRECTION ( 'NONE',  ( 0.6086900391205654071, 0.7934081145762277298, 0.000000000000000000 ) ) ;
#471 = ORIENTED_EDGE ( 'NONE', *, *, #4642, .T. ) ;
#472 = VECTOR ( 'NONE', #5600, 1000.000000000000000 ) ;
#473 = EDGE_LOOP ( 'NONE', ( #2040, #3158, #3595, #4284 ) ) ;
#474 = LINE ( 'NONE', #3454, #897 ) ;
#475 = CARTESIAN_POINT ( 'NONE',  ( -2.904650155336747641, -38.82477501773173856, 51.99497798110267865 ) ) ;
#476 = LINE ( 'NONE', #2626, #1519 ) ;
#477 = CIRCLE ( 'NONE', #204, 2.000000000000000000 ) ;
#478 = VERTEX_POINT ( 'NONE', #1586 ) ;
#479 = AXIS2_PLACEMENT_3D ( 'NONE', #235, #701, #4202 ) ;
#480 = CARTESIAN_POINT ( 'NONE',  ( 24.09349454788210920, -8.628257230699421854, 69.99493735846893117 ) ) ;
#481 = CARTESIAN_POINT ( 'NONE',  ( 26.55120594556293767, -32.74898681681185764, 69.01555023842340120 ) ) ;
#482 = EDGE_CURVE ( 'NONE', #2900, #727, #4026, .T. ) ;
#483 = CARTESIAN_POINT ( 'NONE',  ( 21.98392824652478339, -44.33024666118609503, 49.99494512143425595 ) ) ;
#484 = DIRECTION ( 'NONE',  ( -0.1013672451882220993, 0.9948490747861964412, -3.744813952309920592E-19 ) ) ;
#485 = EDGE_LOOP ( 'NONE', ( #642, #3089, #3221, #2076, #3389 ) ) ;
#486 = LOCAL_TIME ( 20, 49, 34.00000000000000000, #4178 ) ;
#487 = CARTESIAN_POINT ( 'NONE',  ( 22.77299807427104739, -44.24984669226061129, 72.17986850946769550 ) ) ;
#488 = CARTESIAN_POINT ( 'NONE',  ( 22.98304638800216537, -7.595086387708740006, 70.39247499492789473 ) ) ;
#489 = LINE ( 'NONE', #3019, #3939 ) ;
#490 = DIRECTION ( 'NONE',  ( 1.350714706458008106E-06, 1.376271358846230308E-07, 0.9999999999990782928 ) ) ;
#491 = EDGE_LOOP ( 'NONE', ( #246, #4382, #1796, #4511 ) ) ;
#492 = CARTESIAN_POINT ( 'NONE',  ( -4.635144689299750098, 2.328440675662673431, 150.0500000000004945 ) ) ;
#493 = EDGE_CURVE ( 'NONE', #3988, #2849, #1559, .T. ) ;
#494 = CARTESIAN_POINT ( 'NONE',  ( 0.8614877469030908230, -75.78682835182182487, 49.99497798110451896 ) ) ;
#495 = CARTESIAN_POINT ( 'NONE',  ( 1.969134183255007109, -46.36959573294269177, 113.3500000000004917 ) ) ;
#496 = ORIENTED_EDGE ( 'NONE', *, *, #1687, .T. ) ;
#497 = ORIENTED_EDGE ( 'NONE', *, *, #3200, .T. ) ;
#498 = ADVANCED_FACE ( 'NONE', ( #5571 ), #4203, .T. ) ;
#499 = ORIENTED_EDGE ( 'NONE', *, *, #2, .T. ) ;
#500 = DIRECTION ( 'NONE',  ( -0.1013672451882220715, 0.9948490747861964412, -2.646977960167248527E-23 ) ) ;
#501 = FACE_OUTER_BOUND ( 'NONE', #4849, .T. ) ;
#502 = CARTESIAN_POINT ( 'NONE',  ( -3.019025676341829278, -37.70201766366100316, 69.99497798108710356 ) ) ;
#503 = ORIENTED_EDGE ( 'NONE', *, *, #1773, .F. ) ;
#504 = VECTOR ( 'NONE', #3551, 1000.000000000000000 ) ;
#505 = CARTESIAN_POINT ( 'NONE',  ( -2.673969678274177753, -36.66049825603812451, 70.16656782543454085 ) ) ;
#506 = CARTESIAN_POINT ( 'NONE',  ( 26.85509623261475909, -35.73145882094541292, 70.97430944431781086 ) ) ;
#507 = DIRECTION ( 'NONE',  ( -1.350714706455111253E-06, -1.376271359130508594E-07, -0.9999999999990782928 ) ) ;
#508 = CARTESIAN_POINT ( 'NONE',  ( -2.226246768100529572, -18.51467961215061209, 71.63556163400909327 ) ) ;
#509 = ORIENTED_EDGE ( 'NONE', *, *, #3237, .F. ) ;
#510 = EDGE_CURVE ( 'NONE', #547, #4425, #3442, .T. ) ;
#511 = LINE ( 'NONE', #3494, #393 ) ;
#512 = DIRECTION ( 'NONE',  ( -0.9948490747852792859, -0.1013672451881286463, 1.357708158863008294E-06 ) ) ;
#513 = CARTESIAN_POINT ( 'NONE',  ( 23.13455484285973185, -9.082049987889684317, 21.41636012479020224 ) ) ;
#514 = CARTESIAN_POINT ( 'NONE',  ( -2.914951731927899914, -38.62204049945371764, 52.19771245749183919 ) ) ;
#515 = VERTEX_POINT ( 'NONE', #4630 ) ;
#516 = VERTEX_POINT ( 'NONE', #4657 ) ;
#517 = ORIENTED_EDGE ( 'NONE', *, *, #4806, .T. ) ;
#518 = EDGE_CURVE ( 'NONE', #4425, #5501, #1367, .T. ) ;
#519 = CARTESIAN_POINT ( 'NONE',  ( 5.257070188252543019, -38.76455842863761347, 72.99497102180441743 ) ) ;
#520 = AXIS2_PLACEMENT_3D ( 'NONE', #4530, #4099, #3697 ) ;
#521 = CARTESIAN_POINT ( 'NONE',  ( 16.82605148277741947, -7.563704711795987023, 49.99494702818039826 ) ) ;
#522 = DIRECTION ( 'NONE',  ( -0.000000000000000000, -0.000000000000000000, 1.000000000000000000 ) ) ;
#523 = CARTESIAN_POINT ( 'NONE',  ( 0.2252277916027550786, 9.299913550004461626, 113.3500000000004917 ) ) ;
#524 = CARTESIAN_POINT ( 'NONE',  ( -0.8076888312293230010, -38.15901511154392267, 72.65788042406576608 ) ) ;
#525 = ORIENTED_EDGE ( 'NONE', *, *, #2521, .F. ) ;
#526 = ORIENTED_EDGE ( 'NONE', *, *, #2833, .T. ) ;
#527 = ADVANCED_FACE ( 'NONE', ( #3848 ), #729, .F. ) ;
#528 = EDGE_CURVE ( 'NONE', #2843, #3846, #3357, .T. ) ;
#529 = VERTEX_POINT ( 'NONE', #702 ) ;
#530 = CARTESIAN_POINT ( 'NONE',  ( 5.083577979065690755, -45.08047693920819654, 70.07351394055706351 ) ) ;
#531 = DIRECTION ( 'NONE',  ( -0.9948490747852797300, -0.1013672451881253572, 1.357708158863008718E-06 ) ) ;
#532 = AXIS2_PLACEMENT_3D ( 'NONE', #3290, #3863, #1196 ) ;
#533 = CC_DESIGN_DATE_AND_TIME_ASSIGNMENT ( #5281, #5310, ( #1305 ) ) ;
#534 = CARTESIAN_POINT ( 'NONE',  ( -9.737110036353406883, 16.88625471477802620, 150.0500000000004945 ) ) ;
#535 = ORIENTED_EDGE ( 'NONE', *, *, #2632, .T. ) ;
#536 = CARTESIAN_POINT ( 'NONE',  ( -0.7105087571694170823, -39.08314293255630645, 102.1000000000004917 ) ) ;
#537 = DIRECTION ( 'NONE',  ( 1.128276928546408485E-16, -1.107325405147169919E-15, -1.000000000000000000 ) ) ;
#538 = LINE ( 'NONE', #3207, #1671 ) ;
#539 = FACE_OUTER_BOUND ( 'NONE', #4981, .T. ) ;
#540 = ORIENTED_EDGE ( 'NONE', *, *, #569, .T. ) ;
#541 = VECTOR ( 'NONE', #4719, 1000.000000000000114 ) ;
#542 = CARTESIAN_POINT ( 'NONE',  ( 22.08005290646871899, -44.32045231929023998, 70.95990549403863668 ) ) ;
#543 = DIRECTION ( 'NONE',  ( 0.1013672451882222242, -0.9948490747861963301, 0.000000000000000000 ) ) ;
#544 = CARTESIAN_POINT ( 'NONE',  ( 3.384798507920311117, 2.335970026501086760, 106.7000000000005002 ) ) ;
#545 = CARTESIAN_POINT ( 'NONE',  ( -2.838672558248130695, -18.19669401540026143, 72.90171735478972437 ) ) ;
#546 = AXIS2_PLACEMENT_3D ( 'NONE', #2187, #4480, #3053 ) ;
#547 = VERTEX_POINT ( 'NONE', #296 ) ;
#548 = ORIENTED_EDGE ( 'NONE', *, *, #1298, .T. ) ;
#549 = B_SPLINE_CURVE_WITH_KNOTS ( 'NONE', 3,
 ( #1115, #2057, #4728, #4189, #5071, #774, #2859, #5496, #1570, #276 ),
 .UNSPECIFIED., .F., .F.,
 ( 4, 2, 2, 2, 4 ),
 ( 2.942518655906914120E-15, 0.0005770175973769919300, 0.001154035194751041335, 0.001731052792125090632, 0.002308070389499140146 ),
 .UNSPECIFIED. ) ;
#550 = ORIENTED_EDGE ( 'NONE', *, *, #1300, .T. ) ;
#551 = VECTOR ( 'NONE', #2317, 1000.000000000000000 ) ;
#552 = CARTESIAN_POINT ( 'NONE',  ( -1.936504753653068622, -17.18572450442631094, 41.71066611099396937 ) ) ;
#553 = DIRECTION ( 'NONE',  ( 1.350714706455073137E-06, 1.376271359134233422E-07, 0.9999999999990782928 ) ) ;
#554 = CARTESIAN_POINT ( 'NONE',  ( 19.75967094543105418, -44.55688087225988880, 68.99494815698082562 ) ) ;
#555 = CARTESIAN_POINT ( 'NONE',  ( -2.247171818452919911, -36.23892233676630781, 70.19040659179410113 ) ) ;
#556 = EDGE_CURVE ( 'NONE', #2894, #1554, #3823, .T. ) ;
#557 = EDGE_LOOP ( 'NONE', ( #718, #583, #3171, #4989 ) ) ;
#558 = DATE_AND_TIME ( #4982, #5338 ) ;
#559 = ORIENTED_EDGE ( 'NONE', *, *, #5361, .F. ) ;
#560 = VECTOR ( 'NONE', #3833, 1000.000000000000114 ) ;
#561 = ORIENTED_EDGE ( 'NONE', *, *, #465, .F. ) ;
#562 = CARTESIAN_POINT ( 'NONE',  ( 2.499384935793390827, -46.31556737888784170, 70.98687319294131726 ) ) ;
#563 = AXIS2_PLACEMENT_3D ( 'NONE', #5117, #769, #3448 ) ;
#564 = EDGE_CURVE ( 'NONE', #2790, #4995, #5215, .T. ) ;
#565 = DIRECTION ( 'NONE',  ( -0.9948490747861963301, -0.1013672451882221409, -0.000000000000000000 ) ) ;
#566 = VERTEX_POINT ( 'NONE', #4289 ) ;
#567 = CIRCLE ( 'NONE', #1301, 1.550000000000000266 ) ;
#568 = DIRECTION ( 'NONE',  ( 0.000000000000000000, -1.000000000000000000, 0.000000000000000000 ) ) ;
#569 = EDGE_CURVE ( 'NONE', #2790, #3561, #5543, .T. ) ;
#570 = LINE ( 'NONE', #1088, #277 ) ;
#571 = CARTESIAN_POINT ( 'NONE',  ( -3.288222166903856714, -13.78467698355519211, 21.41636012479020224 ) ) ;
#572 = CARTESIAN_POINT ( 'NONE',  ( -3.288222166903852717, -13.78467698355519033, 72.87399147639987973 ) ) ;
#573 = VERTEX_POINT ( 'NONE', #3336 ) ;
#574 = ADVANCED_FACE ( 'NONE', ( #2993 ), #4743, .F. ) ;
#575 = EDGE_CURVE ( 'NONE', #760, #3332, #5473, .T. ) ;
#576 = CARTESIAN_POINT ( 'NONE',  ( 23.97936078794779036, -16.73618135651593519, 70.60524506116283305 ) ) ;
#577 = DIRECTION ( 'NONE',  ( 6.903152180341686367E-18, 7.033765596924231720E-19, -1.000000000000000000 ) ) ;
#578 = CARTESIAN_POINT ( 'NONE',  ( -9.939844526729849861, 18.87595286435042041, 149.2000000000005002 ) ) ;
#579 = CARTESIAN_POINT ( 'NONE',  ( -3.862786007075011963, -20.38279171214820096, 70.19040659179410113 ) ) ;
#580 = ORIENTED_EDGE ( 'NONE', *, *, #5427, .T. ) ;
#581 = APPROVAL_PERSON_ORGANIZATION ( #2675, #4188, #3082 ) ;
#582 = VERTEX_POINT ( 'NONE', #2505 ) ;
#583 = ORIENTED_EDGE ( 'NONE', *, *, #883, .T. ) ;
#584 = DIRECTION ( 'NONE',  ( 6.903152180341684826E-18, 7.033765596924220165E-19, -1.000000000000000000 ) ) ;
#585 = CIRCLE ( 'NONE', #3705, 4.000000000000000000 ) ;
#586 = DIRECTION ( 'NONE',  ( 9.301573989476108429E-14, -0.9999999999999904521, 1.376271359134232363E-07 ) ) ;
#587 = PLANE ( 'NONE',  #663 ) ;
#588 = FACE_OUTER_BOUND ( 'NONE', #2973, .T. ) ;
#589 = CARTESIAN_POINT ( 'NONE',  ( 9.038636406980861793, -6.784253203745199912, 32.66995743946682040 ) ) ;
#590 = ORIENTED_EDGE ( 'NONE', *, *, #3534, .F. ) ;
#591 = VERTEX_POINT ( 'NONE', #3878 ) ;
#592 = ADVANCED_FACE ( 'NONE', ( #2555 ), #1214, .F. ) ;
#593 = CARTESIAN_POINT ( 'NONE',  ( -3.773417003852096219, -18.79586829918822488, 70.63441116135867048 ) ) ;
#594 = CARTESIAN_POINT ( 'NONE',  ( 2.867711741416836713, -45.36423997989579959, 72.99497515744126019 ) ) ;
#595 = FACE_BOUND ( 'NONE', #2386, .T. ) ;
#596 = CARTESIAN_POINT ( 'NONE',  ( 24.23077116283415577, -9.975531817487659936, 21.41636012479020224 ) ) ;
#597 = ORIENTED_EDGE ( 'NONE', *, *, #4639, .F. ) ;
#598 = CARTESIAN_POINT ( 'NONE',  ( 3.289421507831909341, -43.20918093328825194, 49.99497021809138175 ) ) ;
#599 = CARTESIAN_POINT ( 'NONE',  ( 1.905703631940667719, -49.92838302700332065, 61.66997301185376301 ) ) ;
#600 = CARTESIAN_POINT ( 'NONE',  ( 22.23602867346523837, -10.12852140642600496, 67.77994007384941710 ) ) ;
#601 = LINE ( 'NONE', #5074, #1328 ) ;
#602 = VECTOR ( 'NONE', #890, 1000.000000000000000 ) ;
#603 = ORIENTED_EDGE ( 'NONE', *, *, #5229, .T. ) ;
#604 = EDGE_CURVE ( 'NONE', #4740, #2430, #1845, .T. ) ;
#605 = VECTOR ( 'NONE', #3063, 999.9999999999998863 ) ;
#606 = EDGE_CURVE ( 'NONE', #3512, #2248, #3986, .T. ) ;
#607 = CYLINDRICAL_SURFACE ( 'NONE', #2715, 2.000000000000001332 ) ;
#608 = DIRECTION ( 'NONE',  ( -0.000000000000000000, -0.000000000000000000, 1.000000000000000000 ) ) ;
#609 = DIRECTION ( 'NONE',  ( 0.1013672451882220715, -0.9948490747861964412, 5.293955920349593341E-23 ) ) ;
#610 = CARTESIAN_POINT ( 'NONE',  ( -2.044716711793492347, -18.32597933873960727, 72.07951696760443383 ) ) ;
#611 = EDGE_CURVE ( 'NONE', #3083, #4569, #459, .T. ) ;
#612 = ORIENTED_EDGE ( 'NONE', *, *, #102, .F. ) ;
#613 = ORIENTED_EDGE ( 'NONE', *, *, #1847, .T. ) ;
#614 = ORIENTED_EDGE ( 'NONE', *, *, #4778, .T. ) ;
#615 = EDGE_LOOP ( 'NONE', ( #4186, #3975, #1898, #3470 ) ) ;
#616 = LINE ( 'NONE', #1101, #675 ) ;
#617 = CARTESIAN_POINT ( 'NONE',  ( -1.525833975395113340, -46.18444970443436404, 70.25557281025918144 ) ) ;
#618 = CARTESIAN_POINT ( 'NONE',  ( 22.40220131412369398, -44.28762794677653858, 69.97543014245503912 ) ) ;
#619 = ORIENTED_EDGE ( 'NONE', *, *, #1286, .T. ) ;
#620 = VERTEX_POINT ( 'NONE', #1830 ) ;
#621 = VECTOR ( 'NONE', #2346, 999.9999999999998863 ) ;
#622 = DIRECTION ( 'NONE',  ( -1.350714706475886219E-06, -1.376271357091611617E-07, -0.9999999999990782928 ) ) ;
#623 = CARTESIAN_POINT ( 'NONE',  ( -3.308409660433147437, -13.58655076218476410, 72.87399147639989394 ) ) ;
#624 = FACE_OUTER_BOUND ( 'NONE', #183, .T. ) ;
#625 = LINE ( 'NONE', #1911, #1064 ) ;
#626 = ORIENTED_EDGE ( 'NONE', *, *, #4184, .T. ) ;
#627 = DIRECTION ( 'NONE',  ( 2.858931984809521380E-08, -2.720911510588297100E-06, -0.9999999999962979613 ) ) ;
#628 = CARTESIAN_POINT ( 'NONE',  ( -2.914933659964261015, -38.62203865806368697, 65.57726888989041925 ) ) ;
#629 = DIRECTION ( 'NONE',  ( -6.903152180341686367E-18, -7.033765596924233646E-19, 1.000000000000000000 ) ) ;
#630 =( BOUNDED_SURFACE ( )  B_SPLINE_SURFACE ( 3, 2, ( 
 ( #5133, #5592, #782 ),
 ( #1553, #1580, #2006 ),
 ( #723, #5507, #1663 ),
 ( #1236, #5080, #1152 ) ),
 .UNSPECIFIED., .F., .F., .F. ) 
 B_SPLINE_SURFACE_WITH_KNOTS ( ( 4, 4 ),
 ( 3, 3 ),
 ( 0.000000000000000000, 0.0001209961742478276654 ),
 ( 0.000000000000000000, 1.000000000000000000 ),
 .UNSPECIFIED. ) 
 GEOMETRIC_REPRESENTATION_ITEM ( )  RATIONAL_B_SPLINE_SURFACE ( (
 ( 1.000000000000000000, 0.7385489458759965098, 1.000000000000000000),
 ( 1.000000000000000000, 0.7385489426697300352, 1.000000000000000000),
 ( 1.000000000000000000, 0.7385459538480183550, 1.000000000000000000),
 ( 1.000000000000000000, 0.7385399763530430262, 1.000000000000000000) ) ) 
 REPRESENTATION_ITEM ( '' )  SURFACE ( )  );
#631 = CARTESIAN_POINT ( 'NONE',  ( 6.349743540596019642, 3.045642788675047452, 150.0500000000004945 ) ) ;
#632 = EDGE_CURVE ( 'NONE', #2470, #478, #4013, .T. ) ;
#633 = VERTEX_POINT ( 'NONE', #5297 ) ;
#634 = CARTESIAN_POINT ( 'NONE',  ( 23.89352568400580878, -15.65255062076931125, 72.21463176993469801 ) ) ;
#635 = CARTESIAN_POINT ( 'NONE',  ( 0.09436922423786578418, -4.627973497002288994, 106.7000000000005002 ) ) ;
#636 = EDGE_CURVE ( 'NONE', #3759, #1210, #737, .T. ) ;
#637 = CARTESIAN_POINT ( 'NONE',  ( -2.970052849230598646, -19.30502927759857101, 70.71376737691322489 ) ) ;
#638 = ORIENTED_EDGE ( 'NONE', *, *, #2178, .T. ) ;
#639 = ORIENTED_EDGE ( 'NONE', *, *, #4496, .T. ) ;
#640 = ORIENTED_EDGE ( 'NONE', *, *, #4980, .T. ) ;
#641 = B_SPLINE_CURVE_WITH_KNOTS ( 'NONE', 3,
 ( #3191, #2761, #4089, #153, #1902, #3656 ),
 .UNSPECIFIED., .F., .F.,
 ( 4, 2, 4 ),
 ( 1.914179124114751322E-16, 0.0006199801922527947489, 0.001239960384505398028 ),
 .UNSPECIFIED. ) ;
#642 = ORIENTED_EDGE ( 'NONE', *, *, #3445, .T. ) ;
#643 = FACE_BOUND ( 'NONE', #1513, .T. ) ;
#644 = CARTESIAN_POINT ( 'NONE',  ( -1.400627607798891949, -46.27157999252754905, 70.32272702661691710 ) ) ;
#645 = VECTOR ( 'NONE', #3580, 1000.000000000000114 ) ;
#646 = DIRECTION ( 'NONE',  ( 0.000000000000000000, 0.000000000000000000, 1.000000000000000000 ) ) ;
#647 = ORIENTED_EDGE ( 'NONE', *, *, #713, .F. ) ;
#648 = CIRCLE ( 'NONE', #4490, 1.000000000000000888 ) ;
#649 = EDGE_CURVE ( 'NONE', #2211, #3126, #1467, .T. ) ;
#650 = CARTESIAN_POINT ( 'NONE',  ( 20.05279497676334088, -43.53940004406971553, 70.01390302030536361 ) ) ;
#651 = CARTESIAN_POINT ( 'NONE',  ( 4.367830071225191624, -45.17595472866278783, 70.38925064092718742 ) ) ;
#652 = CARTESIAN_POINT ( 'NONE',  ( -4.513288163066159875, -14.86442022544905583, 63.78000226949297513 ) ) ;
#653 = CIRCLE ( 'NONE', #5413, 1.550000000000000266 ) ;
#654 = DIRECTION ( 'NONE',  ( 0.1013672451882220438, -0.9948490747861963301, 3.745344186392141747E-19 ) ) ;
#655 = EDGE_LOOP ( 'NONE', ( #3316, #4117 ) ) ;
#656 = CIRCLE ( 'NONE', #563, 2.000000000000000000 ) ;
#657 = CARTESIAN_POINT ( 'NONE',  ( 22.12291274740664448, -9.185128308945129660, 111.6215728752542873 ) ) ;
#658 = DIRECTION ( 'NONE',  ( -9.301573989476108429E-14, 0.9999999999999904521, -1.376271359134232363E-07 ) ) ;
#659 = DIRECTION ( 'NONE',  ( -0.9999999999990877297, 0.000000000000000000, 1.350714706749300407E-06 ) ) ;
#660 = DIRECTION ( 'NONE',  ( -0.9999999999990877297, 0.000000000000000000, 1.350714706455124382E-06 ) ) ;
#661 = VECTOR ( 'NONE', #5037, 999.9999999999998863 ) ;
#662 = VERTEX_POINT ( 'NONE', #3123 ) ;
#663 = AXIS2_PLACEMENT_3D ( 'NONE', #3417, #3850, #376 ) ;
#664 = DIRECTION ( 'NONE',  ( 1.350714706455111253E-06, 1.376271359130508594E-07, 0.9999999999990782928 ) ) ;
#665 =( BOUNDED_CURVE ( )  B_SPLINE_CURVE ( 3, ( #3475, #4398, #5223, #4452 ),
 .UNSPECIFIED., .F., .F. ) 
 B_SPLINE_CURVE_WITH_KNOTS ( ( 4, 4 ),
 ( 4.813930629996462152, 6.283185307179586232 ),
 .UNSPECIFIED. ) 
 CURVE ( )  GEOMETRIC_REPRESENTATION_ITEM ( )  RATIONAL_B_SPLINE_CURVE ( ( 1.000000000000000000, 0.8280537358926707281, 0.8280537358926707281, 1.000000000000000000 ) ) 
 REPRESENTATION_ITEM ( '' )  );
#666 = CARTESIAN_POINT ( 'NONE',  ( -3.347749972076381475, -14.74566111054744333, 63.78000067883891688 ) ) ;
#667 = LINE ( 'NONE', #2414, #5681 ) ;
#668 = CARTESIAN_POINT ( 'NONE',  ( -3.024435997258251074, -17.46998771351779922, 72.04927126051718744 ) ) ;
#669 = ORIENTED_EDGE ( 'NONE', *, *, #4155, .F. ) ;
#670 = AXIS2_PLACEMENT_3D ( 'NONE', #2786, #4652, #3736 ) ;
#671 = VERTEX_POINT ( 'NONE', #2583 ) ;
#672 = VERTEX_POINT ( 'NONE', #4853 ) ;
#673 = CARTESIAN_POINT ( 'NONE',  ( 23.38881236410918874, -6.869948349459177095, 69.99493806830247422 ) ) ;
#674 = CARTESIAN_POINT ( 'NONE',  ( -11.92954267630223519, 18.67321837397397388, 156.7000000000005002 ) ) ;
#675 = VECTOR ( 'NONE', #4603, 1000.000000000000000 ) ;
#676 = DIRECTION ( 'NONE',  ( 0.1013672451882220854, -0.9948490747861964412, 3.744813952309919148E-19 ) ) ;
#677 = ORIENTED_EDGE ( 'NONE', *, *, #1759, .T. ) ;
#678 = COORDINATED_UNIVERSAL_TIME_OFFSET ( 8, 0, .AHEAD. ) ;
#679 = EDGE_CURVE ( 'NONE', #2766, #4966, #1350, .T. ) ;
#680 = CARTESIAN_POINT ( 'NONE',  ( 22.68230372589182764, -43.34528991510622120, 72.99494811571814523 ) ) ;
#681 = CARTESIAN_POINT ( 'NONE',  ( 30.62741879343190377, -72.75391561448259381, 69.99493735843203979 ) ) ;
#682 = LINE ( 'NONE', #5491, #5603 ) ;
#683 = CARTESIAN_POINT ( 'NONE',  ( -2.914951731927899914, -38.62204049945371764, 52.19771245749183919 ) ) ;
#684 = EDGE_CURVE ( 'NONE', #1819, #319, #2156, .T. ) ;
#685 = ORIENTED_EDGE ( 'NONE', *, *, #2282, .T. ) ;
#686 = CARTESIAN_POINT ( 'NONE',  ( 22.83045310729507094, -6.097502763531091219, 72.99493871617984553 ) ) ;
#687 = CARTESIAN_POINT ( 'NONE',  ( 25.47975649702727807, -41.96369424728293751, 113.3500000000004917 ) ) ;
#688 = DIRECTION ( 'NONE',  ( 0.1013672451882219050, -0.9948490747861964412, 0.000000000000000000 ) ) ;
#689 = CARTESIAN_POINT ( 'NONE',  ( 28.14028542616427231, -73.00733481569139371, 49.99494075269758753 ) ) ;
#690 = ORIENTED_EDGE ( 'NONE', *, *, #144, .F. ) ;
#691 = CARTESIAN_POINT ( 'NONE',  ( 24.23600907663296056, -11.20785860142660617, 53.27144763470739974 ) ) ;
#692 = VECTOR ( 'NONE', #1594, 1000.000000000000114 ) ;
#693 = CARTESIAN_POINT ( 'NONE',  ( -1.820931292804341517, -28.18511734108541233, 72.99497505302244349 ) ) ;
#694 = DIRECTION ( 'NONE',  ( -0.1013672451882227238, 0.9948490747861964412, 0.000000000000000000 ) ) ;
#695 = CARTESIAN_POINT ( 'NONE',  ( 26.88559808326278500, -36.03081329033158653, 71.60612945063496682 ) ) ;
#696 = ORIENTED_EDGE ( 'NONE', *, *, #327, .F. ) ;
#697 = EDGE_CURVE ( 'NONE', #3531, #2695, #1748, .T. ) ;
#698 = ORIENTED_EDGE ( 'NONE', *, *, #2066, .T. ) ;
#699 = AXIS2_PLACEMENT_3D ( 'NONE', #693, #2439, #256 ) ;
#700 = ORIENTED_EDGE ( 'NONE', *, *, #772, .T. ) ;
#701 = DIRECTION ( 'NONE',  ( -5.390750398628571834E-15, -5.492748994406244066E-16, -1.000000000000000000 ) ) ;
#702 = CARTESIAN_POINT ( 'NONE',  ( 24.10228860303440257, -18.57967100396161797, 69.99493871617524121 ) ) ;
#703 = LINE ( 'NONE', #5572, #5232 ) ;
#704 = VERTEX_POINT ( 'NONE', #2665 ) ;
#705 = EDGE_CURVE ( 'NONE', #1679, #1967, #2208, .T. ) ;
#706 = ORIENTED_EDGE ( 'NONE', *, *, #4776, .F. ) ;
#707 = CARTESIAN_POINT ( 'NONE',  ( 5.478881766403127074, -45.02554598364439187, 69.99496751075477619 ) ) ;
#708 = PLANE ( 'NONE',  #4780 ) ;
#709 = EDGE_CURVE ( 'NONE', #4673, #1988, #489, .T. ) ;
#710 = CARTESIAN_POINT ( 'NONE',  ( 24.12940391764593073, -8.980682742701462828, 21.41636012479020224 ) ) ;
#711 = EDGE_LOOP ( 'NONE', ( #1330, #5069, #1772, #3008, #372 ) ) ;
#712 = VECTOR ( 'NONE', #4820, 1000.000000000000114 ) ;
#713 = EDGE_CURVE ( 'NONE', #2788, #4048, #1034, .T. ) ;
#714 = CARTESIAN_POINT ( 'NONE',  ( 0.05182856204804793532, -46.56495399776029842, 72.87399147639987973 ) ) ;
#715 = DIRECTION ( 'NONE',  ( 1.000000000000000000, 0.000000000000000000, 0.000000000000000000 ) ) ;
#716 = DIRECTION ( 'NONE',  ( 1.000000000000000000, 0.000000000000000000, 0.000000000000000000 ) ) ;
#717 = LINE ( 'NONE', #3208, #3256 ) ;
#718 = ORIENTED_EDGE ( 'NONE', *, *, #2549, .F. ) ;
#719 = VECTOR ( 'NONE', #2799, 999.9999999999998863 ) ;
#720 = DIRECTION ( 'NONE',  ( 0.9948490747861963301, 0.1013672451882220438, -1.758425998939823984E-15 ) ) ;
#721 = FACE_OUTER_BOUND ( 'NONE', #3600, .T. ) ;
#722 = PLANE ( 'NONE',  #1014 ) ;
#723 = CARTESIAN_POINT ( 'NONE',  ( 0.09291413102297850501, -37.99980254737908325, 72.93447572885203556 ) ) ;
#724 = VECTOR ( 'NONE', #1991, 1000.000000000000000 ) ;
#725 = ORIENTED_EDGE ( 'NONE', *, *, #3572, .T. ) ;
#726 = EDGE_LOOP ( 'NONE', ( #3999, #2330, #4562, #1447 ) ) ;
#727 = VERTEX_POINT ( 'NONE', #3048 ) ;
#728 = CARTESIAN_POINT ( 'NONE',  ( 9.471239131592430027, -1.999737079116899352, 112.4500000000005002 ) ) ;
#729 = PLANE ( 'NONE',  #3023 ) ;
#730 = DIRECTION ( 'NONE',  ( 0.9948490747852793969, 0.1013672451881286185, -1.357708159647627195E-06 ) ) ;
#731 = ORIENTED_EDGE ( 'NONE', *, *, #4996, .T. ) ;
#732 = CARTESIAN_POINT ( 'NONE',  ( -2.930398503143418321, -17.29646760356946089, 72.68672791125506194 ) ) ;
#733 = DIRECTION ( 'NONE',  ( 6.903152180341686367E-18, 7.033765596924231720E-19, -1.000000000000000000 ) ) ;
#734 = EDGE_CURVE ( 'NONE', #4119, #3585, #4341, .T. ) ;
#735 = FACE_OUTER_BOUND ( 'NONE', #2118, .T. ) ;
#736 = CARTESIAN_POINT ( 'NONE',  ( 9.198078063997435549, 0.7305985213422077074, 110.4500000000004860 ) ) ;
#737 = CIRCLE ( 'NONE', #3933, 4.000000000000000000 ) ;
#738 = ORIENTED_EDGE ( 'NONE', *, *, #4814, .T. ) ;
#739 = EDGE_CURVE ( 'NONE', #4027, #3902, #5497, .T. ) ;
#740 = CARTESIAN_POINT ( 'NONE',  ( 24.82943429146444814, -15.85099443384428675, 69.96207172458852597 ) ) ;
#741 = DIRECTION ( 'NONE',  ( 0.1013672451882220854, -0.9948490747861964412, 3.744813952309919148E-19 ) ) ;
#742 = AXIS2_PLACEMENT_3D ( 'NONE', #635, #1953, #1921 ) ;
#743 = DIRECTION ( 'NONE',  ( -0.1013672451882220438, 0.9948490747861963301, -1.058791184066899293E-22 ) ) ;
#744 = FACE_OUTER_BOUND ( 'NONE', #2873, .T. ) ;
#745 = FACE_OUTER_BOUND ( 'NONE', #1728, .T. ) ;
#746 = CARTESIAN_POINT ( 'NONE',  ( 2.097257605748995335, -46.35654097045523514, 71.95677885183948774 ) ) ;
#747 = EDGE_LOOP ( 'NONE', ( #3725, #5482, #2043, #2552 ) ) ;
#748 = AXIS2_PLACEMENT_3D ( 'NONE', #3590, #5617, #5307 ) ;
#749 = EDGE_CURVE ( 'NONE', #4259, #4966, #3673, .T. ) ;
#750 = FACE_BOUND ( 'NONE', #3613, .T. ) ;
#751 = CARTESIAN_POINT ( 'NONE',  ( 24.23602569823187380, -10.12852170957854625, 65.57722829520918140 ) ) ;
#752 = VECTOR ( 'NONE', #3484, 999.9999999999998863 ) ;
#753 = CARTESIAN_POINT ( 'NONE',  ( 28.63771495063318540, -72.95665068495374328, 65.77996548701466395 ) ) ;
#754 = EDGE_LOOP ( 'NONE', ( #2273, #1583, #3352, #550, #3745, #1814, #1275, #4417 ) ) ;
#755 = ADVANCED_FACE ( 'NONE', ( #4136 ), #5389, .T. ) ;
#756 = ADVANCED_FACE ( 'NONE', ( #5422 ), #5360, .T. ) ;
#757 = EDGE_CURVE ( 'NONE', #2534, #1113, #3213, .T. ) ;
#758 = ORIENTED_EDGE ( 'NONE', *, *, #1535, .T. ) ;
#759 = AXIS2_PLACEMENT_3D ( 'NONE', #2446, #2934, #4204 ) ;
#760 = VERTEX_POINT ( 'NONE', #1496 ) ;
#761 = DIRECTION ( 'NONE',  ( 0.9948490747861963301, 0.1013672451882219189, -1.307293498375104849E-15 ) ) ;
#762 = CARTESIAN_POINT ( 'NONE',  ( 21.62780117987485795, -4.159429405407439440, 49.99494007386580563 ) ) ;
#763 = CARTESIAN_POINT ( 'NONE',  ( 4.082595730986295024, -43.12836275896091109, 61.37305445800299708 ) ) ;
#764 = CIRCLE ( 'NONE', #3132, 4.000000000000000000 ) ;
#765 = ORIENTED_EDGE ( 'NONE', *, *, #2605, .T. ) ;
#766 = VECTOR ( 'NONE', #2965, 1000.000000000000000 ) ;
#767 = DIRECTION ( 'NONE',  ( 0.1013672451882220715, -0.9948490747861964412, 3.745135536382605176E-19 ) ) ;
#768 = DIRECTION ( 'NONE',  ( -0.9948490747861964412, -0.1013672451882220854, 0.000000000000000000 ) ) ;
#769 = DIRECTION ( 'NONE',  ( -6.903152180341684056E-18, -7.033765596924220165E-19, 1.000000000000000000 ) ) ;
#770 = CARTESIAN_POINT ( 'NONE',  ( -0.3067512360662664195, -44.59113525132692502, 49.99497526568921302 ) ) ;
#771 = VERTEX_POINT ( 'NONE', #3247 ) ;
#772 = EDGE_CURVE ( 'NONE', #950, #4512, #2383, .T. ) ;
#773 = CARTESIAN_POINT ( 'NONE',  ( 23.98023829578718491, -16.74774270905648876, 70.59638691042381708 ) ) ;
#774 = CARTESIAN_POINT ( 'NONE',  ( 3.161885496065659051, -45.32836024336489089, 71.68438550813422694 ) ) ;
#775 = CARTESIAN_POINT ( 'NONE',  ( -1.106605032303564995, -37.15009408532014845, 70.74859431737920090 ) ) ;
#776 = DIRECTION ( 'NONE',  ( -0.7572960333763483209, 0.000000000000000000, 0.6530717555004570407 ) ) ;
#777 = CARTESIAN_POINT ( 'NONE',  ( 0.7776041561636305444, -9.198914449913026203, 67.78000000000051273 ) ) ;
#778 = DIRECTION ( 'NONE',  ( 1.000000000000000000, 0.000000000000000000, 0.000000000000000000 ) ) ;
#779 = ORIENTED_EDGE ( 'NONE', *, *, #3760, .F. ) ;
#780 = DIRECTION ( 'NONE',  ( 0.1013672451882222242, -0.9948490747861963301, -1.323488980086796071E-22 ) ) ;
#781 = CARTESIAN_POINT ( 'NONE',  ( 23.88554599992087191, -15.55567729863801851, 72.99493859275901286 ) ) ;
#782 = CARTESIAN_POINT ( 'NONE',  ( -0.7105087571694275184, -39.08314293255620697, 72.99497369531648872 ) ) ;
#783 = TOROIDAL_SURFACE ( 'NONE', #4526, 7.000000000000000000, 3.000000000000000000 ) ;
#784 = EDGE_CURVE ( 'NONE', #20, #3995, #5001, .T. ) ;
#785 = ORIENTED_EDGE ( 'NONE', *, *, #3472, .T. ) ;
#786 = EDGE_LOOP ( 'NONE', ( #1360, #5455, #2802, #2817 ) ) ;
#787 = EDGE_LOOP ( 'NONE', ( #647, #4173, #1346, #5045, #951 ) ) ;
#788 = DIRECTION ( 'NONE',  ( 1.000000000000000000, 0.000000000000000000, 0.000000000000000000 ) ) ;
#789 = CC_DESIGN_PERSON_AND_ORGANIZATION_ASSIGNMENT ( #4610, #1050, ( #2967 ) ) ;
#790 = DIRECTION ( 'NONE',  ( -0.1013672451882220438, 0.9948490747861963301, -1.058791184066899293E-22 ) ) ;
#791 = CARTESIAN_POINT ( 'NONE',  ( 8.179068707195661148, -33.18467979635742893, 72.99496223395249217 ) ) ;
#792 = ORIENTED_EDGE ( 'NONE', *, *, #1451, .F. ) ;
#793 = AXIS2_PLACEMENT_3D ( 'NONE', #4538, #608, #4107 ) ;
#794 = LINE ( 'NONE', #354, #1731 ) ;
#795 = CARTESIAN_POINT ( 'NONE',  ( 21.62777777874256913, -4.159431789797569223, 32.66994007388176868 ) ) ;
#796 = DIRECTION ( 'NONE',  ( -0.1013672451882220715, 0.9948490747861963301, -5.293955920339376531E-23 ) ) ;
#797 = LINE ( 'NONE', #2538, #5440 ) ;
#798 = ORIENTED_EDGE ( 'NONE', *, *, #3990, .T. ) ;
#799 = CARTESIAN_POINT ( 'NONE',  ( 23.91096852954040131, -15.86622577413827528, 71.65286153471946307 ) ) ;
#800 = CARTESIAN_POINT ( 'NONE',  ( 30.62741879343190377, -72.75391561448259381, 69.99493735843203979 ) ) ;
#801 = CARTESIAN_POINT ( 'NONE',  ( -1.228442894910830807, -37.06071028029663950, 70.66564053325762984 ) ) ;
#802 = LINE ( 'NONE', #421, #1478 ) ;
#803 = CARTESIAN_POINT ( 'NONE',  ( -1.189949243403257917, -38.52946347540366645, 71.33411124785669699 ) ) ;
#804 = CARTESIAN_POINT ( 'NONE',  ( 25.47975649702727807, -41.96369424728293751, 69.99494007388523187 ) ) ;
#805 = ORIENTED_EDGE ( 'NONE', *, *, #5164, .F. ) ;
#806 = FACE_BOUND ( 'NONE', #1386, .T. ) ;
#807 = CARTESIAN_POINT ( 'NONE',  ( 26.81731660645389681, -35.36067804198562925, 72.99493860304490056 ) ) ;
#808 = ADVANCED_FACE ( 'NONE', ( #1040 ), #4939, .F. ) ;
#809 = CARTESIAN_POINT ( 'NONE',  ( 26.79366246652401884, -35.12852909505095056, 70.18304997862594519 ) ) ;
#810 = ORIENTED_EDGE ( 'NONE', *, *, #3511, .T. ) ;
#811 = CARTESIAN_POINT ( 'NONE',  ( 20.28263511881668890, -44.50359496293778250, 69.02050282577003770 ) ) ;
#812 = EDGE_CURVE ( 'NONE', #5433, #414, #2654, .T. ) ;
#813 = CIRCLE ( 'NONE', #3746, 1.049999999999997380 ) ;
#814 = DIRECTION ( 'NONE',  ( 6.903152180341684826E-18, 7.033765596924220165E-19, -1.000000000000000000 ) ) ;
#815 = DIRECTION ( 'NONE',  ( -1.350714706455111253E-06, -1.376271359130508859E-07, -0.9999999999990782928 ) ) ;
#816 = EDGE_LOOP ( 'NONE', ( #3954, #2591, #5166 ) ) ;
#817 =( BOUNDED_CURVE ( )  B_SPLINE_CURVE ( 3, ( #2997, #75, #3122, #4880 ),
 .UNSPECIFIED., .F., .F. ) 
 B_SPLINE_CURVE_WITH_KNOTS ( ( 4, 4 ),
 ( 3.141592653589798001, 4.610847330772918085 ),
 .UNSPECIFIED. ) 
 CURVE ( )  GEOMETRIC_REPRESENTATION_ITEM ( )  RATIONAL_B_SPLINE_CURVE ( ( 1.000000000000000000, 0.8280537358926718383, 0.8280537358926718383, 1.000000000000000000 ) ) 
 REPRESENTATION_ITEM ( '' )  );
#818 = B_SPLINE_CURVE_WITH_KNOTS ( 'NONE', 3,
 ( #2051, #5575, #3803, #2480, #3393, #3749 ),
 .UNSPECIFIED., .F., .F.,
 ( 4, 2, 4 ),
 ( 1.041737195591640451E-17, 0.0006284979431967289412, 0.001256995886393447474 ),
 .UNSPECIFIED. ) ;
#819 = DIRECTION ( 'NONE',  ( 0.000000000000000000, -1.000000000000000000, 1.107325405147169919E-15 ) ) ;
#820 = CARTESIAN_POINT ( 'NONE',  ( 25.90449606471164756, -35.37026928313051855, 72.99493859275901286 ) ) ;
#821 = DIRECTION ( 'NONE',  ( 0.000000000000000000, 0.9995434205668545236, -0.03021506911314587526 ) ) ;
#822 = VERTEX_POINT ( 'NONE', #544 ) ;
#823 = CARTESIAN_POINT ( 'NONE',  ( 7.121771677646620446, 19.83841887879174593, 112.8920841573338549 ) ) ;
#824 = ORIENTED_EDGE ( 'NONE', *, *, #5146, .T. ) ;
#825 = EDGE_CURVE ( 'NONE', #5175, #1554, #667, .T. ) ;
#826 = CIRCLE ( 'NONE', #3840, 1.049999999999997380 ) ;
#827 = CARTESIAN_POINT ( 'NONE',  ( 24.79131117449443522, -15.47684253127299492, 70.33092510696252475 ) ) ;
#828 = CARTESIAN_POINT ( 'NONE',  ( 23.69415767170077203, -14.57416290352141175, 72.99493871618945207 ) ) ;
#829 = CARTESIAN_POINT ( 'NONE',  ( 0.07309797104912701959, -37.97716815674144897, 72.56352721053869459 ) ) ;
#830 = CYLINDRICAL_SURFACE ( 'NONE', #748, 1.550000000000000266 ) ;
#831 = VECTOR ( 'NONE', #3224, 1000.000000000000000 ) ;
#832 = CARTESIAN_POINT ( 'NONE',  ( -0.8355562488312571201, -38.12307190840652282, 72.40892973321921033 ) ) ;
#833 = CARTESIAN_POINT ( 'NONE',  ( 4.682711898217297275, -46.09310364530729487, 69.19888278872574006 ) ) ;
#834 = EDGE_LOOP ( 'NONE', ( #1853, #4974, #1333, #2419, #2379, #3177, #4754, #1613, #2646 ) ) ;
#835 = CIRCLE ( 'NONE', #4585, 1.550000000000000266 ) ;
#836 = CARTESIAN_POINT ( 'NONE',  ( 19.22574186973793076, -7.319195258054850939, 61.66994375324292577 ) ) ;
#837 = CARTESIAN_POINT ( 'NONE',  ( 7.171559559592730615, 20.61946948158783854, 150.0500000000004945 ) ) ;
#838 = CARTESIAN_POINT ( 'NONE',  ( 28.14033457073594846, -73.00732980824858487, 67.77994004271761241 ) ) ;
#839 = AXIS2_PLACEMENT_3D ( 'NONE', #3004, #4247, #3429 ) ;
#840 = ORIENTED_EDGE ( 'NONE', *, *, #1907, .T. ) ;
#841 = EDGE_CURVE ( 'NONE', #478, #2101, #1928, .T. ) ;
#842 = AXIS2_PLACEMENT_3D ( 'NONE', #4240, #303, #2052 ) ;
#843 = CARTESIAN_POINT ( 'NONE',  ( -1.455630775762134732, -4.627973497002288994, 156.7000000000005002 ) ) ;
#844 = CARTESIAN_POINT ( 'NONE',  ( 26.86127249653449311, -35.79186313574166434, 65.77996277159833483 ) ) ;
#845 = CARTESIAN_POINT ( 'NONE',  ( -4.270899344070775427, -20.09397890892811489, 70.20980965965166831 ) ) ;
#846 = ORIENTED_EDGE ( 'NONE', *, *, #812, .T. ) ;
#847 = AXIS2_PLACEMENT_3D ( 'NONE', #5253, #2643, #2242 ) ;
#848 = CARTESIAN_POINT ( 'NONE',  ( 0.09436922423786545111, -4.627973497002288994, 156.7000000000005002 ) ) ;
#849 = VECTOR ( 'NONE', #3146, 1000.000000000000000 ) ;
#850 = FACE_OUTER_BOUND ( 'NONE', #3615, .T. ) ;
#851 = ORIENTED_EDGE ( 'NONE', *, *, #3275, .T. ) ;
#852 = APPROVAL_ROLE ( '' ) ;
#853 = ADVANCED_FACE ( 'NONE', ( #2838 ), #4507, .T. ) ;
#854 = ORIENTED_EDGE ( 'NONE', *, *, #2418, .T. ) ;
#855 = VECTOR ( 'NONE', #3072, 1000.000000000000000 ) ;
#856 = CARTESIAN_POINT ( 'NONE',  ( 23.89844782162504089, -15.71246903493230995, 72.01872221811868258 ) ) ;
#857 = CARTESIAN_POINT ( 'NONE',  ( 23.69415767170077203, -14.57416290352141175, 113.3500000000004917 ) ) ;
#858 = DIRECTION ( 'NONE',  ( 0.000000000000000000, -1.000000000000000000, 0.000000000000000000 ) ) ;
#859 = ADVANCED_FACE ( 'NONE', ( #2354 ), #3644, .F. ) ;
#860 = EDGE_CURVE ( 'NONE', #3277, #214, #835, .T. ) ;
#861 = CARTESIAN_POINT ( 'NONE',  ( -0.7114642738241095943, -39.07376520054734215, 72.68668131538558441 ) ) ;
#862 = CARTESIAN_POINT ( 'NONE',  ( -1.574932459680688179, -38.08789285179800288, 70.87494706329215433 ) ) ;
#863 = LINE ( 'NONE', #4702, #3624 ) ;
#864 = EDGE_LOOP ( 'NONE', ( #3203, #1500 ) ) ;
#865 = DIRECTION ( 'NONE',  ( 1.350714706455073349E-06, 1.376271359134233686E-07, 0.9999999999990782928 ) ) ;
#866 = CARTESIAN_POINT ( 'NONE',  ( 25.61540392809675382, -33.11903814405587099, 70.08359283610894863 ) ) ;
#867 = CYLINDRICAL_SURFACE ( 'NONE', #3408, 1.000000000000000000 ) ;
#868 = VERTEX_POINT ( 'NONE', #3708 ) ;
#869 = CARTESIAN_POINT ( 'NONE',  ( 21.65560974378431780, -43.42733842637337460, 70.73030963577953401 ) ) ;
#870 = DIRECTION ( 'NONE',  ( 1.000000000000000000, 0.000000000000000000, 0.000000000000000000 ) ) ;
#871 = CARTESIAN_POINT ( 'NONE',  ( -6.028143506410728492, 1.626501356039936397, 156.7000000000005002 ) ) ;
#872 = ORIENTED_EDGE ( 'NONE', *, *, #3148, .F. ) ;
#873 = CARTESIAN_POINT ( 'NONE',  ( 9.507358969919311065, -35.83545093853992825, 72.99496487775216735 ) ) ;
#874 = CARTESIAN_POINT ( 'NONE',  ( -7.578143506410728314, 1.626501356039936175, 113.3500000000004917 ) ) ;
#875 = CARTESIAN_POINT ( 'NONE',  ( 7.181861410020324854, 20.41673499121139201, 112.4931697339984424 ) ) ;
#876 = EDGE_CURVE ( 'NONE', #4922, #3594, #4031, .T. ) ;
#877 = ORIENTED_EDGE ( 'NONE', *, *, #2604, .T. ) ;
#878 = COORDINATED_UNIVERSAL_TIME_OFFSET ( 8, 0, .AHEAD. ) ;
#879 = CIRCLE ( 'NONE', #4090, 2.000000000000000000 ) ;
#880 = ORIENTED_EDGE ( 'NONE', *, *, #713, .T. ) ;
#881 = EDGE_LOOP ( 'NONE', ( #4655, #2674, #497, #2747, #457, #2609, #2694, #2586, #79 ) ) ;
#882 = CARTESIAN_POINT ( 'NONE',  ( 24.80519609771978651, -15.61311340455718621, 70.18304997862593098 ) ) ;
#883 = EDGE_CURVE ( 'NONE', #4433, #4163, #171, .T. ) ;
#884 = CYLINDRICAL_SURFACE ( 'NONE', #1291, 1.050000000000000933 ) ;
#885 = EDGE_CURVE ( 'NONE', #2294, #4681, #1407, .T. ) ;
#886 = VERTEX_POINT ( 'NONE', #113 ) ;
#887 = DIRECTION ( 'NONE',  ( -0.9948490747861964412, -0.1013672451882220854, 0.000000000000000000 ) ) ;
#888 = CARTESIAN_POINT ( 'NONE',  ( 26.81311524114931544, -35.31931062137633148, 69.99493735845049969 ) ) ;
#889 = DIRECTION ( 'NONE',  ( 1.000000000000000000, 0.000000000000000000, 0.000000000000000000 ) ) ;
#890 = DIRECTION ( 'NONE',  ( 6.903152180341684826E-18, 7.033765596924220165E-19, -1.000000000000000000 ) ) ;
#891 = ORIENTED_EDGE ( 'NONE', *, *, #4496, .F. ) ;
#892 = VECTOR ( 'NONE', #3787, 1000.000000000000114 ) ;
#893 = EDGE_CURVE ( 'NONE', #2430, #3768, #5134, .T. ) ;
#894 = LINE ( 'NONE', #74, #4701 ) ;
#895 = DIRECTION ( 'NONE',  ( 1.000000000000000000, 0.000000000000000000, 0.000000000000000000 ) ) ;
#896 = ORIENTED_EDGE ( 'NONE', *, *, #2234, .T. ) ;
#897 = VECTOR ( 'NONE', #5668, 999.9999999999998863 ) ;
#898 = DIRECTION ( 'NONE',  ( -0.000000000000000000, -0.000000000000000000, 1.000000000000000000 ) ) ;
#899 = CARTESIAN_POINT ( 'NONE',  ( 0.7776229058263869343, -9.198912539470821770, 65.87666131859467100 ) ) ;
#900 = DIRECTION ( 'NONE',  ( 1.000000000000000000, 0.000000000000000000, 0.000000000000000000 ) ) ;
#901 = VERTEX_POINT ( 'NONE', #344 ) ;
#902 = CYLINDRICAL_SURFACE ( 'NONE', #3880, 2.000000000000000000 ) ;
#903 = ORIENTED_EDGE ( 'NONE', *, *, #5404, .T. ) ;
#904 = EDGE_CURVE ( 'NONE', #72, #4350, #648, .T. ) ;
#905 = ORIENTED_EDGE ( 'NONE', *, *, #2039, .F. ) ;
#906 = CARTESIAN_POINT ( 'NONE',  ( 24.68900674648696736, -14.47279565833319026, 72.99493871618945207 ) ) ;
#907 = LINE ( 'NONE', #5316, #752 ) ;
#908 = DIRECTION ( 'NONE',  ( -6.903152180341684056E-18, -7.033765596924220165E-19, 1.000000000000000000 ) ) ;
#909 = ORIENTED_EDGE ( 'NONE', *, *, #5022, .F. ) ;
#910 = CARTESIAN_POINT ( 'NONE',  ( -8.929010989544110544, -0.9097955350262196816, 112.3500000000004917 ) ) ;
#911 = CARTESIAN_POINT ( 'NONE',  ( 26.57955666829923302, -33.02722946049024699, 70.05370230720282620 ) ) ;
#912 = CARTESIAN_POINT ( 'NONE',  ( 0.2843403176167775825, -38.98177568736807075, 41.71066611099396937 ) ) ;
#913 = CARTESIAN_POINT ( 'NONE',  ( -3.300942478781724976, -13.58778956345043376, 72.87952255078735675 ) ) ;
#914 = EDGE_LOOP ( 'NONE', ( #2385, #2177, #2275, #3666 ) ) ;
#915 = AXIS2_PLACEMENT_3D ( 'NONE', #5518, #814, #2932 ) ;
#916 = ADVANCED_FACE ( 'NONE', ( #5105 ), #315, .F. ) ;
#917 = CARTESIAN_POINT ( 'NONE',  ( 22.85701657588546709, -44.24128587206322294, 72.58749196355087463 ) ) ;
#918 = CARTESIAN_POINT ( 'NONE',  ( 23.09445425649728989, -8.688477203356198331, 71.49309176089718676 ) ) ;
#919 = CARTESIAN_POINT ( 'NONE',  ( 0.7776013374214199025, -9.198914737120544416, 49.90851877621094701 ) ) ;
#920 = VECTOR ( 'NONE', #3789, 1000.000000000000114 ) ;
#921 = DIRECTION ( 'NONE',  ( 0.1013672451882220577, -0.9948490747861964412, 3.745344186392142229E-19 ) ) ;
#922 = ADVANCED_FACE ( 'NONE', ( #1178 ), #722, .F. ) ;
#923 = ORIENTED_EDGE ( 'NONE', *, *, #4477, .F. ) ;
#924 = FACE_OUTER_BOUND ( 'NONE', #5393, .T. ) ;
#925 = DIRECTION ( 'NONE',  ( -1.000000000000000000, 0.000000000000000000, 0.000000000000000000 ) ) ;
#926 = LINE ( 'NONE', #31, #4239 ) ;
#927 = AXIS2_PLACEMENT_3D ( 'NONE', #4435, #3944, #4407 ) ;
#928 = VERTEX_POINT ( 'NONE', #4623 ) ;
#929 = VERTEX_POINT ( 'NONE', #2092 ) ;
#930 = AXIS2_PLACEMENT_3D ( 'NONE', #4146, #646, #121 ) ;
#931 = ORIENTED_EDGE ( 'NONE', *, *, #3620, .F. ) ;
#932 = CARTESIAN_POINT ( 'NONE',  ( 24.68842308209036318, -39.12930983343754576, 63.23684990373804027 ) ) ;
#933 = DIRECTION ( 'NONE',  ( 0.9948490747861963301, 0.1013672451882220299, 0.000000000000000000 ) ) ;
#934 = CARTESIAN_POINT ( 'NONE',  ( -12.13223936536916980, 20.76417451680400106, 156.7000000000005002 ) ) ;
#935 = CIRCLE ( 'NONE', #3584, 1.999999999998634204 ) ;
#936 = ORIENTED_EDGE ( 'NONE', *, *, #2486, .T. ) ;
#937 = EDGE_CURVE ( 'NONE', #5612, #1113, #3849, .T. ) ;
#938 = VECTOR ( 'NONE', #279, 1000.000000000000114 ) ;
#939 = CARTESIAN_POINT ( 'NONE',  ( -1.820931292804341517, -28.18511734108541233, 41.71066611099396937 ) ) ;
#940 = CARTESIAN_POINT ( 'NONE',  ( 25.75681443850384156, -34.18360306599272036, 70.59638691042303549 ) ) ;
#941 = CYLINDRICAL_SURFACE ( 'NONE', #3493, 10.00000000000000178 ) ;
#942 = CARTESIAN_POINT ( 'NONE',  ( 21.49645873356339365, -40.19648052957229822, 72.99494928409481531 ) ) ;
#943 = EDGE_CURVE ( 'NONE', #5336, #5107, #1207, .T. ) ;
#944 = ORIENTED_EDGE ( 'NONE', *, *, #482, .T. ) ;
#945 = CARTESIAN_POINT ( 'NONE',  ( -0.6202547764937444974, -36.58165802337397565, 53.99497458682431983 ) ) ;
#946 = FACE_OUTER_BOUND ( 'NONE', #1269, .T. ) ;
#947 = DIRECTION ( 'NONE',  ( -6.903152180341684056E-18, -7.033765596924220165E-19, 1.000000000000000000 ) ) ;
#948 = ADVANCED_FACE ( 'NONE', ( #3410 ), #5564, .F. ) ;
#949 = DIRECTION ( 'NONE',  ( 0.9948490703234974530, 0.1013672889774080016, -1.357708159647625713E-06 ) ) ;
#950 = VERTEX_POINT ( 'NONE', #4651 ) ;
#951 = ORIENTED_EDGE ( 'NONE', *, *, #4444, .F. ) ;
#952 = VERTEX_POINT ( 'NONE', #781 ) ;
#953 = CC_DESIGN_DATE_AND_TIME_ASSIGNMENT ( #558, #5401, ( #2967 ) ) ;
#954 = CARTESIAN_POINT ( 'NONE',  ( 8.654003993843126352, -36.18487623626726446, 72.99496607848166718 ) ) ;
#955 = CARTESIAN_POINT ( 'NONE',  ( 0.09436922423786547887, -4.627973497002288994, 153.0500000000004945 ) ) ;
#956 = DIRECTION ( 'NONE',  ( -6.903152180341682515E-18, -7.033765596924227869E-19, 1.000000000000000000 ) ) ;
#957 = DIRECTION ( 'NONE',  ( -1.350714706455111253E-06, -1.376271359130508594E-07, -0.9999999999990782928 ) ) ;
#958 = CARTESIAN_POINT ( 'NONE',  ( -0.9676985420265939997, -37.98347226064215931, 71.89191435875680725 ) ) ;
#959 = ORIENTED_EDGE ( 'NONE', *, *, #3046, .T. ) ;
#960 = ORIENTED_EDGE ( 'NONE', *, *, #3444, .T. ) ;
#961 = EDGE_LOOP ( 'NONE', ( #2097, #4324, #3166, #3774, #1762, #3814 ) ) ;
#962 = CARTESIAN_POINT ( 'NONE',  ( 4.923204530699288206, -46.06859934987132732, 69.09969625587076791 ) ) ;
#963 = CARTESIAN_POINT ( 'NONE',  ( -5.540179910593970192, -12.95869717609703642, 65.78000339425339860 ) ) ;
#964 = CARTESIAN_POINT ( 'NONE',  ( 9.389703703201075058, -1.150073973141289008, 112.3500000000004917 ) ) ;
#965 = ORIENTED_EDGE ( 'NONE', *, *, #4061, .F. ) ;
#966 = AXIS2_PLACEMENT_3D ( 'NONE', #631, #5471, #1948 ) ;
#967 = CARTESIAN_POINT ( 'NONE',  ( 4.799743540596020708, 3.045642788675047452, 150.0500000000004945 ) ) ;
#968 = FACE_BOUND ( 'NONE', #5651, .T. ) ;
#969 = CYLINDRICAL_SURFACE ( 'NONE', #1123, 1.999999999999999778 ) ;
#970 = CARTESIAN_POINT ( 'NONE',  ( -4.513301379843893457, -14.86442157213407178, 53.99497685633853905 ) ) ;
#971 = ORIENTED_EDGE ( 'NONE', *, *, #4850, .T. ) ;
#972 = CARTESIAN_POINT ( 'NONE',  ( 22.20987588055125173, -44.30722438595019241, 71.11279662526079903 ) ) ;
#973 = EDGE_CURVE ( 'NONE', #3769, #1738, #3479, .T. ) ;
#974 = LINE ( 'NONE', #3854, #2983 ) ;
#975 = DIRECTION ( 'NONE',  ( -0.000000000000000000, -0.000000000000000000, 1.000000000000000000 ) ) ;
#976 = CARTESIAN_POINT ( 'NONE',  ( -1.925831762385406876, -18.18704015271561403, 72.90423715452051567 ) ) ;
#977 = ORIENTED_EDGE ( 'NONE', *, *, #4353, .F. ) ;
#978 = AXIS2_PLACEMENT_3D ( 'NONE', #3488, #5648, #4438 ) ;
#979 = ORIENTED_EDGE ( 'NONE', *, *, #841, .T. ) ;
#980 = ORIENTED_EDGE ( 'NONE', *, *, #3511, .F. ) ;
#981 = EDGE_CURVE ( 'NONE', #4193, #4395, #1605, .T. ) ;
#982 = CARTESIAN_POINT ( 'NONE',  ( 4.030705272953581719, -40.53695809197558475, 72.99497292220380018 ) ) ;
#983 = AXIS2_PLACEMENT_3D ( 'NONE', #2684, #1398, #4762 ) ;
#984 = LINE ( 'NONE', #5304, #2559 ) ;
#985 = DIRECTION ( 'NONE',  ( 0.9948490747852797300, 0.1013672451881257042, -1.357708165471483539E-06 ) ) ;
#986 = CARTESIAN_POINT ( 'NONE',  ( -0.6152014920796888831, 2.335970026501086760, 106.7000000000005002 ) ) ;
#987 = CARTESIAN_POINT ( 'NONE',  ( -2.466577417796600891, -36.97031405837562090, 70.24894586847923961 ) ) ;
#988 = ORIENTED_EDGE ( 'NONE', *, *, #3657, .T. ) ;
#989 = PERSON_AND_ORGANIZATION ( #3704, #2594 ) ;
#990 = VERTEX_POINT ( 'NONE', #1632 ) ;
#991 = EDGE_CURVE ( 'NONE', #2894, #115, #2956, .T. ) ;
#992 = EDGE_LOOP ( 'NONE', ( #525, #1887, #2722, #1438, #503, #4039 ) ) ;
#993 = CARTESIAN_POINT ( 'NONE',  ( 1.969133468683358590, -46.36959580575199169, 72.72995803030070761 ) ) ;
#994 = CYLINDRICAL_SURFACE ( 'NONE', #5225, 1.999999999999997335 ) ;
#995 = EDGE_CURVE ( 'NONE', #4673, #2247, #3739, .T. ) ;
#996 = CARTESIAN_POINT ( 'NONE',  ( -2.912113224102717890, -37.02669271568636589, 70.05144543889852571 ) ) ;
#997 = ADVANCED_FACE ( 'NONE', ( #2987 ), #4551, .T. ) ;
#998 = EDGE_CURVE ( 'NONE', #4703, #2593, #2478, .T. ) ;
#999 = EDGE_LOOP ( 'NONE', ( #3209, #2878, #638, #1183, #3658, #1547, #1377 ) ) ;
#1000 = CARTESIAN_POINT ( 'NONE',  ( 20.92147891906685686, -9.307544905131756252, 112.4500000000005144 ) ) ;
#1001 = CARTESIAN_POINT ( 'NONE',  ( -2.911496575020197319, -38.75739843698625009, 65.71227986253384756 ) ) ;
#1002 = FACE_OUTER_BOUND ( 'NONE', #14, .T. ) ;
#1003 = CARTESIAN_POINT ( 'NONE',  ( -3.288222166903851829, -13.78467698355519744, 70.62673727535809576 ) ) ;
#1004 = VERTEX_POINT ( 'NONE', #3042 ) ;
#1005 = CARTESIAN_POINT ( 'NONE',  ( -3.367307121094568867, -9.621248096667999405, 57.31234898034795577 ) ) ;
#1006 = CARTESIAN_POINT ( 'NONE',  ( 6.352283703695825068, 18.79497309300704089, 113.3500000000004917 ) ) ;
#1007 = CARTESIAN_POINT ( 'NONE',  ( -2.860240753750816989, 6.795066151787892750, 65.69314762838469335 ) ) ;
#1008 = CARTESIAN_POINT ( 'NONE',  ( -3.412858795523880495, -19.80882641938279676, 70.39632612652346211 ) ) ;
#1009 = VECTOR ( 'NONE', #1800, 1000.000000000000000 ) ;
#1010 = VERTEX_POINT ( 'NONE', #837 ) ;
#1011 = VERTEX_POINT ( 'NONE', #43 ) ;
#1012 = EDGE_CURVE ( 'NONE', #4950, #2232, #4794, .T. ) ;
#1013 = ORIENTED_EDGE ( 'NONE', *, *, #1859, .F. ) ;
#1014 = AXIS2_PLACEMENT_3D ( 'NONE', #1552, #287, #4254 ) ;
#1015 = CARTESIAN_POINT ( 'NONE',  ( 3.384798507920311117, 2.335970026501086760, 95.38629150101573373 ) ) ;
#1016 = DIRECTION ( 'NONE',  ( -0.9948490747861963301, -0.1013672451882219744, -6.938893903907227607E-18 ) ) ;
#1017 = CARTESIAN_POINT ( 'NONE',  ( 23.23197822287318104, -44.20308024854521989, 70.98159245553826224 ) ) ;
#1018 = DIRECTION ( 'NONE',  ( 6.903152180341684826E-18, 7.033765596924220165E-19, -1.000000000000000000 ) ) ;
#1019 = CARTESIAN_POINT ( 'NONE',  ( 15.79942928212645015, -25.37082124980406661, 72.99495086562595247 ) ) ;
#1020 = EDGE_LOOP ( 'NONE', ( #1584, #1672, #4484, #4600 ) ) ;
#1021 = ORIENTED_EDGE ( 'NONE', *, *, #63, .F. ) ;
#1022 = VECTOR ( 'NONE', #1735, 1000.000000000000114 ) ;
#1023 = CARTESIAN_POINT ( 'NONE',  ( -3.616100103158242707, -18.50486824655436990, 70.81073382879233691 ) ) ;
#1024 = CARTESIAN_POINT ( 'NONE',  ( 1.969134183276081806, -46.36959573294065251, 72.99497786723557624 ) ) ;
#1025 = CIRCLE ( 'NONE', #2485, 2.999999999999999556 ) ;
#1026 = CARTESIAN_POINT ( 'NONE',  ( 48.38236492060038074, -9.474771914547739371, 63.77993008079457837 ) ) ;
#1027 = EDGE_CURVE ( 'NONE', #1868, #2367, #3873, .T. ) ;
#1028 = VERTEX_POINT ( 'NONE', #4822 ) ;
#1029 = AXIS2_PLACEMENT_3D ( 'NONE', #2100, #2994, #4745 ) ;
#1030 = CARTESIAN_POINT ( 'NONE',  ( -0.7656876687431077855, -38.54160025745583340, 102.1000000000004917 ) ) ;
#1031 = CARTESIAN_POINT ( 'NONE',  ( -9.128143506410729913, 1.626501356039936175, 156.7000000000005002 ) ) ;
#1032 = VECTOR ( 'NONE', #2152, 1000.000000000000000 ) ;
#1033 = CARTESIAN_POINT ( 'NONE',  ( 15.79942928212189734, -31.27760370981216909, 72.99495167855950228 ) ) ;
#1034 =( BOUNDED_CURVE ( )  B_SPLINE_CURVE ( 3, ( #2692, #3930, #4771, #844 ),
 .UNSPECIFIED., .F., .T. ) 
 B_SPLINE_CURVE_WITH_KNOTS ( ( 4, 4 ),
 ( -4.440892098500626162E-15, 1.570796326794896114 ),
 .UNSPECIFIED. ) 
 CURVE ( )  GEOMETRIC_REPRESENTATION_ITEM ( )  RATIONAL_B_SPLINE_CURVE ( ( 1.000000000000000000, 0.8047378541243640493, 0.8047378541243640493, 1.000000000000000000 ) ) 
 REPRESENTATION_ITEM ( '' )  );
#1035 = CARTESIAN_POINT ( 'NONE',  ( -3.203727921418891622, -12.94276798841512921, 70.43415143891094488 ) ) ;
#1036 = EDGE_LOOP ( 'NONE', ( #4242, #1634, #540, #3689 ) ) ;
#1037 = VECTOR ( 'NONE', #123, 1000.000000000000000 ) ;
#1038 = CARTESIAN_POINT ( 'NONE',  ( 24.04207358597587785, -17.60511618390245658, 70.14671753887321870 ) ) ;
#1039 = CARTESIAN_POINT ( 'NONE',  ( 25.69281485778444463, -33.69197770056038621, 70.29480889725829229 ) ) ;
#1040 = FACE_OUTER_BOUND ( 'NONE', #5363, .T. ) ;
#1041 = CYLINDRICAL_SURFACE ( 'NONE', #670, 1.999999999999999778 ) ;
#1042 = VERTEX_POINT ( 'NONE', #1689 ) ;
#1043 = VERTEX_POINT ( 'NONE', #1793 ) ;
#1044 = VERTEX_POINT ( 'NONE', #888 ) ;
#1045 = CARTESIAN_POINT ( 'NONE',  ( 24.06902265444929512, -8.388082601363343827, 69.99493735846894538 ) ) ;
#1046 = VECTOR ( 'NONE', #245, 1000.000000000000114 ) ;
#1047 = DIRECTION ( 'NONE',  ( 0.9948490747861963301, 0.1013672451882220438, -1.172294266154037620E-16 ) ) ;
#1048 = CARTESIAN_POINT ( 'NONE',  ( 22.93853578935095783, -44.23297970954020997, 70.54491213012592254 ) ) ;
#1049 = VERTEX_POINT ( 'NONE', #3540 ) ;
#1050 = PERSON_AND_ORGANIZATION_ROLE ( 'classification_officer' ) ;
#1051 = ORIENTED_EDGE ( 'NONE', *, *, #4029, .F. ) ;
#1052 = CARTESIAN_POINT ( 'NONE',  ( -4.918453982083391018, -19.06045085620626267, 69.83343677162160645 ) ) ;
#1053 = CARTESIAN_POINT ( 'NONE',  ( 3.292757365092505495, -46.23472900892269877, 71.45017682822197003 ) ) ;
#1054 = ADVANCED_FACE ( 'NONE', ( #5290, #1261, #2631 ), #1368, .T. ) ;
#1055 = DIRECTION ( 'NONE',  ( -1.000000000000000000, 0.000000000000000000, 0.000000000000000000 ) ) ;
#1056 = CARTESIAN_POINT ( 'NONE',  ( 23.61749932944541186, -3.956694915031175874, 49.99493735844948361 ) ) ;
#1057 = VERTEX_POINT ( 'NONE', #2577 ) ;
#1058 = EDGE_CURVE ( 'NONE', #3651, #4941, #2198, .T. ) ;
#1059 = LINE ( 'NONE', #2374, #367 ) ;
#1060 = CARTESIAN_POINT ( 'NONE',  ( -0.3067426210926226804, -44.59113437352930731, 56.37306058805933162 ) ) ;
#1061 = CARTESIAN_POINT ( 'NONE',  ( -1.324772208397245299, 9.299913550004461626, 156.7000000000005002 ) ) ;
#1062 = AXIS2_PLACEMENT_3D ( 'NONE', #4593, #1066, #5421 ) ;
#1063 = ORIENTED_EDGE ( 'NONE', *, *, #1692, .T. ) ;
#1064 = VECTOR ( 'NONE', #4124, 999.9999999999998863 ) ;
#1065 = CARTESIAN_POINT ( 'NONE',  ( 27.46945464659786040, -41.76095975690667927, 49.99493735844948361 ) ) ;
#1066 = DIRECTION ( 'NONE',  ( 6.903152180341683286E-18, 7.033765596924218239E-19, -1.000000000000000000 ) ) ;
#1067 = CARTESIAN_POINT ( 'NONE',  ( -1.324772208397245299, 9.299913550004461626, 156.7000000000005002 ) ) ;
#1068 = CARTESIAN_POINT ( 'NONE',  ( -3.221819557853214278, -18.79963069084163507, 71.25975149744441239 ) ) ;
#1069 = VERTEX_POINT ( 'NONE', #3603 ) ;
#1070 = EDGE_CURVE ( 'NONE', #5039, #952, #2748, .T. ) ;
#1071 = EDGE_LOOP ( 'NONE', ( #2455, #2398, #3026, #5197 ) ) ;
#1072 = ORIENTED_EDGE ( 'NONE', *, *, #3728, .F. ) ;
#1073 = ORIENTED_EDGE ( 'NONE', *, *, #456, .F. ) ;
#1074 = FACE_OUTER_BOUND ( 'NONE', #5345, .T. ) ;
#1075 = DIRECTION ( 'NONE',  ( 1.350714706455073137E-06, 1.376271359134233422E-07, 0.9999999999990782928 ) ) ;
#1076 = CYLINDRICAL_SURFACE ( 'NONE', #5319, 1.549999999999999378 ) ;
#1077 = EDGE_LOOP ( 'NONE', ( #5269, #109, #2361, #2305, #4025 ) ) ;
#1078 = SHAPE_DEFINITION_REPRESENTATION ( #4915, #4525 ) ;
#1079 = CIRCLE ( 'NONE', #5196, 1.049999999999997602 ) ;
#1080 = CARTESIAN_POINT ( 'NONE',  ( 22.68230373012875845, -43.34528992516246859, 72.59644981818168219 ) ) ;
#1081 = CARTESIAN_POINT ( 'NONE',  ( 2.897747477493183510, -46.27497738944904881, 72.58975084528340460 ) ) ;
#1082 = DIRECTION ( 'NONE',  ( -0.9948490747852795080, -0.1013672451881286601, 1.357708159647627407E-06 ) ) ;
#1083 = CARTESIAN_POINT ( 'NONE',  ( -5.416146816075111836, 32.28891724450862455, 65.41997158625673592 ) ) ;
#1084 = ORIENTED_EDGE ( 'NONE', *, *, #1241, .F. ) ;
#1085 = EDGE_CURVE ( 'NONE', #2351, #3989, #1791, .T. ) ;
#1086 = AXIS2_PLACEMENT_3D ( 'NONE', #5097, #2488, #5581 ) ;
#1087 = CARTESIAN_POINT ( 'NONE',  ( 18.79942928212827979, -25.37082124980406661, 72.99494681347464109 ) ) ;
#1088 = CARTESIAN_POINT ( 'NONE',  ( 30.62739177913776700, -72.75391836702530668, 49.99493735844948361 ) ) ;
#1089 = DIRECTION ( 'NONE',  ( 0.1013672451882219883, -0.9948490747861964412, 0.000000000000000000 ) ) ;
#1090 = CARTESIAN_POINT ( 'NONE',  ( 1.644369224237865579, -4.627973497002288994, 153.0500000000004945 ) ) ;
#1091 = ORIENTED_EDGE ( 'NONE', *, *, #1718, .T. ) ;
#1092 = CARTESIAN_POINT ( 'NONE',  ( -1.820935344948460877, -28.18511775396681784, 69.99497505302518618 ) ) ;
#1093 = CARTESIAN_POINT ( 'NONE',  ( 7.181861410020319525, 20.41673499121138846, 150.0500000000004945 ) ) ;
#1094 = DIRECTION ( 'NONE',  ( 1.000000000000000000, 0.000000000000000000, 0.000000000000000000 ) ) ;
#1095 = CARTESIAN_POINT ( 'NONE',  ( -4.061483702285288544, -19.36661888096843143, 70.36608003027066616 ) ) ;
#1096 = EDGE_CURVE ( 'NONE', #1802, #4923, #2841, .T. ) ;
#1097 = ORIENTED_EDGE ( 'NONE', *, *, #4818, .T. ) ;
#1098 = ORIENTED_EDGE ( 'NONE', *, *, #3639, .F. ) ;
#1099 = ORIENTED_EDGE ( 'NONE', *, *, #2393, .T. ) ;
#1100 = VERTEX_POINT ( 'NONE', #1399 ) ;
#1101 = CARTESIAN_POINT ( 'NONE',  ( -0.7105087571694188586, -39.08314293255629224, 21.41636012479020224 ) ) ;
#1102 = EDGE_CURVE ( 'NONE', #5501, #3718, #570, .T. ) ;
#1103 = CARTESIAN_POINT ( 'NONE',  ( 3.384798507920311117, 2.335970026501086760, 113.3500000000004917 ) ) ;
#1104 = VECTOR ( 'NONE', #3654, 999.9999999999998863 ) ;
#1105 = CARTESIAN_POINT ( 'NONE',  ( 20.28263511830624211, -44.50359496298980133, 69.02050282600293940 ) ) ;
#1106 = ORIENTED_EDGE ( 'NONE', *, *, #22, .T. ) ;
#1107 = AXIS2_PLACEMENT_3D ( 'NONE', #578, #1465, #5025 ) ;
#1108 = CARTESIAN_POINT ( 'NONE',  ( 21.16802586308958567, -43.46394525496529582, 70.38535329687850606 ) ) ;
#1109 = DIRECTION ( 'NONE',  ( 1.000000000000000000, 0.000000000000000000, 0.000000000000000000 ) ) ;
#1110 = DIRECTION ( 'NONE',  ( 9.194034422677078863E-14, -0.9999999999999905631, 1.376271353825675712E-07 ) ) ;
#1111 = VECTOR ( 'NONE', #1625, 1000.000000000000114 ) ;
#1112 = CARTESIAN_POINT ( 'NONE',  ( -1.117683794713226986, -36.63234210252881695, 53.99497526568450922 ) ) ;
#1113 = VERTEX_POINT ( 'NONE', #1821 ) ;
#1114 = VECTOR ( 'NONE', #3341, 999.9999999999998863 ) ;
#1115 = CARTESIAN_POINT ( 'NONE',  ( 2.867711741399441294, -45.36423997989761858, 72.99497515744126019 ) ) ;
#1116 = DIRECTION ( 'NONE',  ( 0.1013672451882220438, -0.9948490747861963301, 1.113058687203529728E-15 ) ) ;
#1117 = LINE ( 'NONE', #2060, #938 ) ;
#1118 = EDGE_CURVE ( 'NONE', #1867, #1880, #4499, .T. ) ;
#1119 = DIRECTION ( 'NONE',  ( 6.903152180341684826E-18, 7.033765596924220165E-19, -1.000000000000000000 ) ) ;
#1120 = AXIS2_PLACEMENT_3D ( 'NONE', #1801, #3049, #4800 ) ;
#1121 = ORIENTED_EDGE ( 'NONE', *, *, #3338, .T. ) ;
#1122 = B_SPLINE_CURVE_WITH_KNOTS ( 'NONE', 3,
 ( #50, #4447, #2263, #2613, #845, #5656 ),
 .UNSPECIFIED., .F., .F.,
 ( 4, 2, 4 ),
 ( -7.839855682037264432E-06, 0.0003222881880523792799, 0.0006524162317867957667 ),
 .UNSPECIFIED. ) ;
#1123 = AXIS2_PLACEMENT_3D ( 'NONE', #1060, #165, #2745 ) ;
#1124 = CARTESIAN_POINT ( 'NONE',  ( -1.324772208397245299, 9.299913550004461626, 156.7000000000005002 ) ) ;
#1125 = CYLINDRICAL_SURFACE ( 'NONE', #1062, 2.000000000000000000 ) ;
#1126 = CARTESIAN_POINT ( 'NONE',  ( -4.202843832600387408, -4.808300875000101726, 102.1000000000004917 ) ) ;
#1127 = EDGE_CURVE ( 'NONE', #1686, #3126, #1855, .T. ) ;
#1128 = CARTESIAN_POINT ( 'NONE',  ( 26.90985181775682378, -36.26884684127494296, 72.99493871618945207 ) ) ;
#1129 = ORIENTED_EDGE ( 'NONE', *, *, #5462, .F. ) ;
#1130 = VECTOR ( 'NONE', #349, 1000.000000000000114 ) ;
#1131 = VERTEX_POINT ( 'NONE', #1883 ) ;
#1132 = ORIENTED_EDGE ( 'NONE', *, *, #1258, .T. ) ;
#1133 = CARTESIAN_POINT ( 'NONE',  ( 9.335988344626542812, -10.48801468034616491, 113.3500000000004917 ) ) ;
#1134 = EDGE_CURVE ( 'NONE', #1967, #4395, #1059, .T. ) ;
#1135 = CARTESIAN_POINT ( 'NONE',  ( -1.117670577935484966, -36.63234075584379923, 63.78000067883890267 ) ) ;
#1136 = CARTESIAN_POINT ( 'NONE',  ( 5.000094508529938864, -37.04340339210553168, 72.99496705890477699 ) ) ;
#1137 = ADVANCED_FACE ( 'NONE', ( #1426 ), #3571, .F. ) ;
#1138 = EDGE_LOOP ( 'NONE', ( #1981, #2899, #3424, #2441 ) ) ;
#1139 = CARTESIAN_POINT ( 'NONE',  ( -4.365840639074367147, -20.05596040079343823, 70.16656782543454085 ) ) ;
#1140 = DIRECTION ( 'NONE',  ( -0.000000000000000000, -0.000000000000000000, 1.000000000000000000 ) ) ;
#1141 = FACE_OUTER_BOUND ( 'NONE', #92, .T. ) ;
#1142 = FACE_OUTER_BOUND ( 'NONE', #2943, .T. ) ;
#1143 = ORIENTED_EDGE ( 'NONE', *, *, #5515, .T. ) ;
#1144 = DIRECTION ( 'NONE',  ( 0.1013672451882222242, -0.9948490747861963301, -1.323488980086796071E-22 ) ) ;
#1145 = DIRECTION ( 'NONE',  ( 0.000000000000000000, 0.000000000000000000, -1.000000000000000000 ) ) ;
#1146 = DIRECTION ( 'NONE',  ( 6.903152180341684056E-18, 7.033765596924220165E-19, -1.000000000000000000 ) ) ;
#1147 = CARTESIAN_POINT ( 'NONE',  ( -0.1040167456898394849, -46.58083340089920199, 113.3500000000004917 ) ) ;
#1148 = ORIENTED_EDGE ( 'NONE', *, *, #5217, .F. ) ;
#1149 = CARTESIAN_POINT ( 'NONE',  ( 24.82693485537056688, -15.82646420535810350, 69.99493735846893117 ) ) ;
#1150 = CARTESIAN_POINT ( 'NONE',  ( 3.364194807065111092, 2.741439007253976268, 153.0500000000004945 ) ) ;
#1151 = CARTESIAN_POINT ( 'NONE',  ( 26.88863081921408593, -36.06057748634597004, 71.69331687815312648 ) ) ;
#1152 = CARTESIAN_POINT ( 'NONE',  ( -0.7106950327871643935, -39.08131476680486571, 72.87399147639986552 ) ) ;
#1153 = EDGE_LOOP ( 'NONE', ( #1457, #3075, #4148, #3648 ) ) ;
#1154 = ORIENTED_EDGE ( 'NONE', *, *, #1298, .F. ) ;
#1155 = AXIS2_PLACEMENT_3D ( 'NONE', #1656, #5184, #778 ) ;
#1156 = EDGE_CURVE ( 'NONE', #727, #2900, #3210, .T. ) ;
#1157 = EDGE_LOOP ( 'NONE', ( #1629, #4468, #1437, #2172 ) ) ;
#1158 = CARTESIAN_POINT ( 'NONE',  ( 9.418144404558303151, -1.429199694462522041, 112.4171005447534242 ) ) ;
#1159 = CARTESIAN_POINT ( 'NONE',  ( 3.857971791218604452, -45.24157812804460832, 70.75817992699741410 ) ) ;
#1160 = DIRECTION ( 'NONE',  ( 0.1013672451882220577, -0.9948490747861963301, 3.745209115844092343E-19 ) ) ;
#1161 = ORIENTED_EDGE ( 'NONE', *, *, #3606, .F. ) ;
#1162 = EDGE_CURVE ( 'NONE', #3249, #2622, #653, .T. ) ;
#1163 = CARTESIAN_POINT ( 'NONE',  ( 37.49754062006847732, -40.73917718163534829, 69.99492367276070581 ) ) ;
#1164 = CARTESIAN_POINT ( 'NONE',  ( 6.349743540596019642, 3.045642788675047452, 150.0500000000004945 ) ) ;
#1165 = CARTESIAN_POINT ( 'NONE',  ( -0.6152014920796888831, 2.335970026501086760, 95.38629150101573373 ) ) ;
#1166 = FACE_OUTER_BOUND ( 'NONE', #615, .T. ) ;
#1167 = EDGE_CURVE ( 'NONE', #3039, #3647, #4101, .T. ) ;
#1168 = ORIENTED_EDGE ( 'NONE', *, *, #2279, .T. ) ;
#1169 = VECTOR ( 'NONE', #4960, 1000.000000000000000 ) ;
#1170 = DIRECTION ( 'NONE',  ( 6.903152180341686367E-18, 7.033765596924231720E-19, -1.000000000000000000 ) ) ;
#1171 = CARTESIAN_POINT ( 'NONE',  ( 25.10096132178983908, -18.51584356136152110, 68.99511305037222542 ) ) ;
#1172 = ADVANCED_FACE ( 'NONE', ( #968, #5415 ), #2255, .T. ) ;
#1173 = EDGE_CURVE ( 'NONE', #3679, #1313, #4036, .T. ) ;
#1174 = DIRECTION ( 'NONE',  ( -6.903152180341684056E-18, -7.033765596924220165E-19, 1.000000000000000000 ) ) ;
#1175 = CARTESIAN_POINT ( 'NONE',  ( -0.8020255719383475590, -38.16942272967931871, 72.77852982711402774 ) ) ;
#1176 = CARTESIAN_POINT ( 'NONE',  ( 2.376079368652684209, -46.32813124005452465, 71.21690483993160115 ) ) ;
#1177 = ORIENTED_EDGE ( 'NONE', *, *, #5516, .F. ) ;
#1178 = FACE_OUTER_BOUND ( 'NONE', #1492, .T. ) ;
#1179 = DIRECTION ( 'NONE',  ( 1.000000000000000000, 0.000000000000000000, 0.000000000000000000 ) ) ;
#1180 = VECTOR ( 'NONE', #3285, 999.9999999999998863 ) ;
#1181 = VERTEX_POINT ( 'NONE', #3241 ) ;
#1182 = B_SPLINE_CURVE_WITH_KNOTS ( 'NONE', 3,
 ( #4742, #1158, #3017, #728 ),
 .UNSPECIFIED., .F., .F.,
 ( 4, 4 ),
 ( 4.336808689942017736E-19, 0.0008594041073552556803 ),
 .UNSPECIFIED. ) ;
#1183 = ORIENTED_EDGE ( 'NONE', *, *, #5256, .T. ) ;
#1184 = ORIENTED_EDGE ( 'NONE', *, *, #4778, .F. ) ;
#1185 = DIRECTION ( 'NONE',  ( 0.9948490747861963301, 0.1013672451882223491, 6.938893903907229918E-18 ) ) ;
#1186 = CARTESIAN_POINT ( 'NONE',  ( -0.2824394437721389206, 2.771946882822941660, -4.905927312505042119E-15 ) ) ;
#1187 = ORIENTED_EDGE ( 'NONE', *, *, #4244, .F. ) ;
#1188 = EDGE_CURVE ( 'NONE', #3504, #1686, #4406, .T. ) ;
#1189 = LINE ( 'NONE', #5171, #2010 ) ;
#1190 = CARTESIAN_POINT ( 'NONE',  ( 7.899743540596020352, 3.045642788675047452, 156.7000000000005002 ) ) ;
#1191 = LINE ( 'NONE', #2537, #1379 ) ;
#1192 = DIRECTION ( 'NONE',  ( -0.000000000000000000, -0.000000000000000000, 1.000000000000000000 ) ) ;
#1193 = VECTOR ( 'NONE', #3936, 999.9999999999998863 ) ;
#1194 = ORIENTED_EDGE ( 'NONE', *, *, #2266, .F. ) ;
#1195 = CARTESIAN_POINT ( 'NONE',  ( 24.81447354359228896, -15.70416508920846432, 71.61770425370286830 ) ) ;
#1196 = DIRECTION ( 'NONE',  ( 0.9948490747852793969, 0.1013672451881286324, -1.357708159647627195E-06 ) ) ;
#1197 = AXIS2_PLACEMENT_3D ( 'NONE', #1433, #142, #2719 ) ;
#1198 = ADVANCED_FACE ( 'NONE', ( #4586 ), #104, .F. ) ;
#1199 = CARTESIAN_POINT ( 'NONE',  ( -4.179562069350121867, -11.86514227425962709, 102.7000000000005002 ) ) ;
#1200 = CARTESIAN_POINT ( 'NONE',  ( 2.543375593453282679, 3.315209227304710904, 112.4500000000005002 ) ) ;
#1201 = CARTESIAN_POINT ( 'NONE',  ( 25.79942522997777488, -25.37082166268547567, 69.99493735847444498 ) ) ;
#1202 = CARTESIAN_POINT ( 'NONE',  ( 2.960041896238466030, -46.26863008132123412, 70.34597364224143234 ) ) ;
#1203 = EDGE_CURVE ( 'NONE', #1984, #1802, #1459, .T. ) ;
#1204 = EDGE_LOOP ( 'NONE', ( #1063, #896, #52, #1995 ) ) ;
#1205 = CIRCLE ( 'NONE', #3113, 2.000000000000000000 ) ;
#1206 = DIRECTION ( 'NONE',  ( -0.000000000000000000, -0.000000000000000000, 1.000000000000000000 ) ) ;
#1207 = LINE ( 'NONE', #4707, #3391 ) ;
#1208 = VECTOR ( 'NONE', #2680, 1000.000000000000000 ) ;
#1209 = CARTESIAN_POINT ( 'NONE',  ( 4.786732081004570816, 24.29465479323737043, 156.7000000000005002 ) ) ;
#1210 = VERTEX_POINT ( 'NONE', #5125 ) ;
#1211 = ORIENTED_EDGE ( 'NONE', *, *, #2136, .T. ) ;
#1212 = VERTEX_POINT ( 'NONE', #2434 ) ;
#1213 = CARTESIAN_POINT ( 'NONE',  ( 6.349743540596019642, 3.045642788675047452, 113.3500000000004917 ) ) ;
#1214 = CYLINDRICAL_SURFACE ( 'NONE', #3106, 4.000000000000000000 ) ;
#1215 = CARTESIAN_POINT ( 'NONE',  ( 37.49754062006847732, -40.73917718163534829, 69.99492367276070581 ) ) ;
#1216 = VECTOR ( 'NONE', #4415, 1000.000000000000000 ) ;
#1217 = EDGE_LOOP ( 'NONE', ( #4348, #2935, #2527, #1576 ) ) ;
#1218 =( BOUNDED_CURVE ( )  B_SPLINE_CURVE ( 3, ( #2103, #301, #5198, #3775 ),
 .UNSPECIFIED., .F., .F. ) 
 B_SPLINE_CURVE_WITH_KNOTS ( ( 4, 4 ),
 ( 4.610847330772917196, 4.712388980384688786 ),
 .UNSPECIFIED. ) 
 CURVE ( )  GEOMETRIC_REPRESENTATION_ITEM ( )  RATIONAL_B_SPLINE_CURVE ( ( 1.000000000000000000, 0.9991409590007889197, 0.9991409590007889197, 1.000000000000000000 ) ) 
 REPRESENTATION_ITEM ( '' )  );
#1219 = AXIS2_PLACEMENT_3D ( 'NONE', #4277, #2831, #688 ) ;
#1220 = DIRECTION ( 'NONE',  ( -1.000000000000000000, 0.000000000000000000, 0.000000000000000000 ) ) ;
#1221 = CARTESIAN_POINT ( 'NONE',  ( -1.501258507707904588, -11.59224434360636558, 21.41636012479020224 ) ) ;
#1222 = DIRECTION ( 'NONE',  ( 0.9948490747861963301, 0.1013672451882220715, -4.211447813748378975E-18 ) ) ;
#1223 = DIRECTION ( 'NONE',  ( 1.350714706455111253E-06, 1.376271359130508594E-07, 0.9999999999990782928 ) ) ;
#1224 = ORIENTED_EDGE ( 'NONE', *, *, #4542, .T. ) ;
#1225 = CARTESIAN_POINT ( 'NONE',  ( 24.78365379518969291, -15.40169067425749283, 72.58693895194234358 ) ) ;
#1226 = DIRECTION ( 'NONE',  ( -0.000000000000000000, 0.000000000000000000, 1.000000000000000000 ) ) ;
#1227 = LINE ( 'NONE', #4328, #1375 ) ;
#1228 = CIRCLE ( 'NONE', #4432, 1.999999999999999778 ) ;
#1229 = PLANE ( 'NONE',  #5046 ) ;
#1230 = CARTESIAN_POINT ( 'NONE',  ( 0.2252277916027548565, 9.299913550004461626, 156.7000000000005002 ) ) ;
#1231 = CARTESIAN_POINT ( 'NONE',  ( 48.38236492060038074, -9.474771914547739371, 63.77993008079457837 ) ) ;
#1232 = ORIENTED_EDGE ( 'NONE', *, *, #1505, .T. ) ;
#1233 = EDGE_CURVE ( 'NONE', #591, #5684, #2028, .T. ) ;
#1234 = FACE_OUTER_BOUND ( 'NONE', #1897, .T. ) ;
#1235 = CARTESIAN_POINT ( 'NONE',  ( 26.90985181775681312, -36.26884684127486480, 72.99493871618945207 ) ) ;
#1236 = CARTESIAN_POINT ( 'NONE',  ( 0.09283839854599290620, -37.99888507532427440, 72.90423715452050146 ) ) ;
#1237 = ORIENTED_EDGE ( 'NONE', *, *, #3653, .F. ) ;
#1238 = ORIENTED_EDGE ( 'NONE', *, *, #3157, .F. ) ;
#1239 = CARTESIAN_POINT ( 'NONE',  ( 19.75967229614576226, -44.55688073463274890, 69.99494815697994454 ) ) ;
#1240 = CARTESIAN_POINT ( 'NONE',  ( -0.6152014920796888831, 2.335970026501086760, 95.38629150101573373 ) ) ;
#1241 = EDGE_CURVE ( 'NONE', #2101, #478, #5597, .T. ) ;
#1242 = ORIENTED_EDGE ( 'NONE', *, *, #1604, .F. ) ;
#1243 = VECTOR ( 'NONE', #2896, 1000.000000000000000 ) ;
#1244 = FACE_OUTER_BOUND ( 'NONE', #41, .T. ) ;
#1245 = DIRECTION ( 'NONE',  ( 0.000000000000000000, 0.000000000000000000, -1.000000000000000000 ) ) ;
#1246 = DIRECTION ( 'NONE',  ( -0.1013672451882220715, 0.9948490747861964412, -2.646977960174796670E-23 ) ) ;
#1247 =( BOUNDED_CURVE ( )  B_SPLINE_CURVE ( 3, ( #107, #1490, #4903, #2256 ),
 .UNSPECIFIED., .F., .F. ) 
 B_SPLINE_CURVE_WITH_KNOTS ( ( 4, 4 ),
 ( 4.621354202347275120, 4.712388980384687898 ),
 .UNSPECIFIED. ) 
 CURVE ( )  GEOMETRIC_REPRESENTATION_ITEM ( )  RATIONAL_B_SPLINE_CURVE ( ( 1.000000000000000000, 0.9993095083265931544, 0.9993095083265931544, 1.000000000000000000 ) ) 
 REPRESENTATION_ITEM ( '' )  );
#1248 = ORIENTED_EDGE ( 'NONE', *, *, #2214, .F. ) ;
#1249 = CARTESIAN_POINT ( 'NONE',  ( 22.12291274740664448, -9.185128308945129660, 110.4500000000004860 ) ) ;
#1250 = ORIENTED_EDGE ( 'NONE', *, *, #1886, .F. ) ;
#1251 = CARTESIAN_POINT ( 'NONE',  ( 24.78154195005557980, -15.38096438170635594, 72.78924196721882822 ) ) ;
#1252 = CARTESIAN_POINT ( 'NONE',  ( -3.124251020830095538, -36.66929886796080496, 70.38001353907777968 ) ) ;
#1253 = CARTESIAN_POINT ( 'NONE',  ( -3.135453152686971112, -44.87935758375270723, 72.87399147639987973 ) ) ;
#1254 = CARTESIAN_POINT ( 'NONE',  ( -2.673969678274177753, -36.66049825603812451, 70.16656782543454085 ) ) ;
#1255 = CARTESIAN_POINT ( 'NONE',  ( 0.09283839854599093555, -37.99888507532426729, 72.90423715452051567 ) ) ;
#1256 = DIRECTION ( 'NONE',  ( -0.1013672451882220438, 0.9948490747861963301, -7.940933880501744700E-23 ) ) ;
#1257 = ORIENTED_EDGE ( 'NONE', *, *, #611, .F. ) ;
#1258 = EDGE_CURVE ( 'NONE', #573, #620, #1831, .T. ) ;
#1259 = CIRCLE ( 'NONE', #3636, 2.000000000000000000 ) ;
#1260 = DIRECTION ( 'NONE',  ( -1.350714706475886219E-06, -1.376271357091611617E-07, -0.9999999999990782928 ) ) ;
#1261 = FACE_BOUND ( 'NONE', #1965, .T. ) ;
#1262 = PLANE ( 'NONE',  #5150 ) ;
#1263 = ORIENTED_EDGE ( 'NONE', *, *, #3798, .F. ) ;
#1264 = CARTESIAN_POINT ( 'NONE',  ( 26.86125387689793698, -35.79186503293522037, 51.99493735844762909 ) ) ;
#1265 = AXIS2_PLACEMENT_3D ( 'NONE', #828, #2570, #1787 ) ;
#1266 = CARTESIAN_POINT ( 'NONE',  ( -54.51688485056217814, 12.32355015173584611, 149.2000000000005002 ) ) ;
#1267 = ADVANCED_FACE ( 'NONE', ( #2860 ), #4248, .T. ) ;
#1268 = CARTESIAN_POINT ( 'NONE',  ( 25.18580937202288439, -39.07863010795688297, 63.23684922493616511 ) ) ;
#1269 = EDGE_LOOP ( 'NONE', ( #4403, #4400, #4373, #5006, #4741, #2640 ) ) ;
#1270 = ADVANCED_FACE ( 'NONE', ( #222 ), #278, .F. ) ;
#1271 = EDGE_CURVE ( 'NONE', #5135, #2928, #1973, .T. ) ;
#1272 = CARTESIAN_POINT ( 'NONE',  ( -1.820931292804341517, -28.18511734108541233, 41.71066611099396937 ) ) ;
#1273 = ORIENTED_EDGE ( 'NONE', *, *, #4834, .F. ) ;
#1274 = CALENDAR_DATE ( 2025, 5, 12 ) ;
#1275 = ORIENTED_EDGE ( 'NONE', *, *, #2698, .T. ) ;
#1276 = CARTESIAN_POINT ( 'NONE',  ( 24.68900674648697446, -14.47279565833327553, 72.99493871618945207 ) ) ;
#1277 = CARTESIAN_POINT ( 'NONE',  ( 24.71326048098099903, -14.71082920927654847, 71.60612945063498103 ) ) ;
#1278 = CARTESIAN_POINT ( 'NONE',  ( 24.08126742954643618, -18.21147729231342893, 70.01039733639615292 ) ) ;
#1279 = CARTESIAN_POINT ( 'NONE',  ( -0.6152014920796888831, 2.335970026501086760, 150.0500000000004945 ) ) ;
#1280 = AXIS2_PLACEMENT_3D ( 'NONE', #4264, #2474, #3386 ) ;
#1281 = CARTESIAN_POINT ( 'NONE',  ( -1.280708004431190039, -38.42708876932958617, 71.20844913026583356 ) ) ;
#1282 = DIRECTION ( 'NONE',  ( 0.7934081145762277298, -0.6086900391205652960, 0.000000000000000000 ) ) ;
#1283 = EDGE_LOOP ( 'NONE', ( #2011, #175, #2628, #639 ) ) ;
#1284 = VECTOR ( 'NONE', #975, 1000.000000000000000 ) ;
#1285 = CARTESIAN_POINT ( 'NONE',  ( 16.66742932347560568, -6.006939597434930889, 32.66995743946680619 ) ) ;
#1286 = EDGE_CURVE ( 'NONE', #4877, #516, #4160, .T. ) ;
#1287 = CARTESIAN_POINT ( 'NONE',  ( 26.59956462310706016, -33.22359363406540211, 70.10431291153174982 ) ) ;
#1288 = DIRECTION ( 'NONE',  ( 0.000000000000000000, 0.000000000000000000, 1.000000000000000000 ) ) ;
#1289 = VECTOR ( 'NONE', #4245, 1000.000000000000000 ) ;
#1290 = ORIENTED_EDGE ( 'NONE', *, *, #757, .T. ) ;
#1291 = AXIS2_PLACEMENT_3D ( 'NONE', #1392, #2649, #531 ) ;
#1292 = CARTESIAN_POINT ( 'NONE',  ( -4.937156196500810168, -18.87689945357231736, 69.99497798108708935 ) ) ;
#1293 = EDGE_CURVE ( 'NONE', #2695, #352, #3943, .T. ) ;
#1294 = DIRECTION ( 'NONE',  ( 1.000000000000000000, 0.000000000000000000, 0.000000000000000000 ) ) ;
#1295 = CARTESIAN_POINT ( 'NONE',  ( 24.23077116283415577, -9.975531817487661712, 113.3500000000004917 ) ) ;
#1296 = ORIENTED_EDGE ( 'NONE', *, *, #1479, .F. ) ;
#1297 = AXIS2_PLACEMENT_3D ( 'NONE', #435, #1724, #1351 ) ;
#1298 = EDGE_CURVE ( 'NONE', #5149, #901, #2087, .T. ) ;
#1299 = DIRECTION ( 'NONE',  ( 0.1013672451882221409, -0.9948490747861964412, 0.000000000000000000 ) ) ;
#1300 = EDGE_CURVE ( 'NONE', #1011, #672, #4700, .T. ) ;
#1301 = AXIS2_PLACEMENT_3D ( 'NONE', #1376, #3522, #5220 ) ;
#1302 = CARTESIAN_POINT ( 'NONE',  ( 25.68249098740360381, -43.95339239685397104, 21.41636012479020224 ) ) ;
#1303 = ORIENTED_EDGE ( 'NONE', *, *, #3612, .F. ) ;
#1304 = DATE_AND_TIME ( #1274, #5245 ) ;
#1305 = PRODUCT_DEFINITION ( '�', '', #1589, #4575 ) ;
#1306 = AXIS2_PLACEMENT_3D ( 'NONE', #5042, #4645, #716 ) ;
#1307 = ORIENTED_EDGE ( 'NONE', *, *, #322, .T. ) ;
#1308 = ORIENTED_EDGE ( 'NONE', *, *, #4347, .T. ) ;
#1309 = CARTESIAN_POINT ( 'NONE',  ( -3.228593857331588435, -35.64525131868030883, 70.01517687098656495 ) ) ;
#1310 = CARTESIAN_POINT ( 'NONE',  ( 1.644369224237865801, -4.627973497002288994, 113.3500000000004917 ) ) ;
#1311 = CARTESIAN_POINT ( 'NONE',  ( -4.858440303280874950, -19.64944883971031331, 69.42821122935562528 ) ) ;
#1312 = EDGE_CURVE ( 'NONE', #4838, #1602, #1205, .T. ) ;
#1313 = VERTEX_POINT ( 'NONE', #5498 ) ;
#1314 = CIRCLE ( 'NONE', #4711, 4.000000000000000000 ) ;
#1315 = CARTESIAN_POINT ( 'NONE',  ( 26.86127249653449311, -35.79186313574166434, 65.77996277159833483 ) ) ;
#1316 = DIRECTION ( 'NONE',  ( -6.903152180341684056E-18, -7.033765596924220165E-19, 1.000000000000000000 ) ) ;
#1317 = CARTESIAN_POINT ( 'NONE',  ( -2.874772208397245343, 9.299913550004461626, 150.0500000000004945 ) ) ;
#1318 = ORIENTED_EDGE ( 'NONE', *, *, #4917, .F. ) ;
#1319 = DIRECTION ( 'NONE',  ( 0.1013672451882221409, -0.9948490747861964412, 0.000000000000000000 ) ) ;
#1320 = CARTESIAN_POINT ( 'NONE',  ( 5.079469533236101952, -45.08060130645316832, 70.09385800948089695 ) ) ;
#1321 = CARTESIAN_POINT ( 'NONE',  ( -4.615201492079688883, 2.335970026501087204, 150.0500000000004945 ) ) ;
#1322 = ORIENTED_EDGE ( 'NONE', *, *, #1549, .T. ) ;
#1323 = ADVANCED_FACE ( 'NONE', ( #744 ), #2920, .T. ) ;
#1324 = CARTESIAN_POINT ( 'NONE',  ( 17.82733101385397134, -36.55445276478735650, 72.99495373879771876 ) ) ;
#1325 =( BOUNDED_CURVE ( )  B_SPLINE_CURVE ( 3, ( #4665, #1619, #304, #1249 ),
 .UNSPECIFIED., .F., .T. ) 
 B_SPLINE_CURVE_WITH_KNOTS ( ( 4, 4 ),
 ( 1.570796326794895448, 3.141592653589793116 ),
 .UNSPECIFIED. ) 
 CURVE ( )  GEOMETRIC_REPRESENTATION_ITEM ( )  RATIONAL_B_SPLINE_CURVE ( ( 1.000000000000000000, 0.8047378541243646044, 0.8047378541243646044, 1.000000000000000000 ) ) 
 REPRESENTATION_ITEM ( '' )  );
#1326 = CYLINDRICAL_SURFACE ( 'NONE', #2835, 1.550000000000000933 ) ;
#1327 = DIRECTION ( 'NONE',  ( -0.000000000000000000, -0.000000000000000000, -1.000000000000000000 ) ) ;
#1328 = VECTOR ( 'NONE', #1119, 1000.000000000000000 ) ;
#1329 = ADVANCED_FACE ( 'NONE', ( #2890 ), #1229, .T. ) ;
#1330 = ORIENTED_EDGE ( 'NONE', *, *, #4588, .T. ) ;
#1331 = LINE ( 'NONE', #1843, #4060 ) ;
#1332 = VECTOR ( 'NONE', #5671, 999.9999999999998863 ) ;
#1333 = ORIENTED_EDGE ( 'NONE', *, *, #2458, .F. ) ;
#1334 = ORIENTED_EDGE ( 'NONE', *, *, #2733, .F. ) ;
#1335 = CARTESIAN_POINT ( 'NONE',  ( -3.093841482137837495, -36.96774476771446416, 70.57352961334616737 ) ) ;
#1336 = CARTESIAN_POINT ( 'NONE',  ( 22.43875776101717534, -12.11822010650345049, 63.77996548701650426 ) ) ;
#1337 = ADVANCED_FACE ( 'NONE', ( #2059 ), #3810, .T. ) ;
#1338 = CARTESIAN_POINT ( 'NONE',  ( -2.995739275136517499, -37.93055751054340163, 69.99497798108708935 ) ) ;
#1339 = ORIENTED_EDGE ( 'NONE', *, *, #2183, .T. ) ;
#1340 = ADVANCED_FACE ( 'NONE', ( #1626 ), #5584, .T. ) ;
#1341 = EDGE_CURVE ( 'NONE', #1113, #4944, #3214, .T. ) ;
#1342 = DIRECTION ( 'NONE',  ( -0.9948490747861963301, -0.1013672451882221409, 0.000000000000000000 ) ) ;
#1343 = DIRECTION ( 'NONE',  ( -1.350714706455073349E-06, -1.376271359134233686E-07, -0.9999999999990782928 ) ) ;
#1344 = CARTESIAN_POINT ( 'NONE',  ( 4.799743540596019820, 3.045642788675047452, 156.7000000000005002 ) ) ;
#1345 = CARTESIAN_POINT ( 'NONE',  ( 21.00242223523559915, -39.41108505036869047, 72.99494984330544867 ) ) ;
#1346 = ORIENTED_EDGE ( 'NONE', *, *, #322, .F. ) ;
#1347 = AXIS2_PLACEMENT_3D ( 'NONE', #3409, #3435, #255 ) ;
#1348 = CARTESIAN_POINT ( 'NONE',  ( 23.65838008222180022, -44.15963327460638510, 71.93820220559831569 ) ) ;
#1349 = CARTESIAN_POINT ( 'NONE',  ( 25.85571413037648369, -34.97106180468414749, 71.48608687604246370 ) ) ;
#1350 = LINE ( 'NONE', #3098, #645 ) ;
#1351 = DIRECTION ( 'NONE',  ( -0.9948490747852795080, -0.1013672451881289793, 1.357708158863012953E-06 ) ) ;
#1352 = ORIENTED_EDGE ( 'NONE', *, *, #4422, .T. ) ;
#1353 = CIRCLE ( 'NONE', #4753, 3.000000000000003553 ) ;
#1354 = CARTESIAN_POINT ( 'NONE',  ( 24.68843242715017539, -39.12930888124992634, 67.77994004271761241 ) ) ;
#1355 = CARTESIAN_POINT ( 'NONE',  ( -3.288222166903856714, -13.78467698355519211, 72.87399147639987973 ) ) ;
#1356 = LINE ( 'NONE', #1302, #4691 ) ;
#1357 = ADVANCED_FACE ( 'NONE', ( #2979 ), #3305, .F. ) ;
#1358 = ORIENTED_EDGE ( 'NONE', *, *, #784, .T. ) ;
#1359 = CARTESIAN_POINT ( 'NONE',  ( 0.000000000000000000, 0.000000000000000000, 0.000000000000000000 ) ) ;
#1360 = ORIENTED_EDGE ( 'NONE', *, *, #275, .T. ) ;
#1361 = CARTESIAN_POINT ( 'NONE',  ( -11.92954267630223697, 18.67321837397398099, 112.3500000000004917 ) ) ;
#1362 = LINE ( 'NONE', #3110, #1208 ) ;
#1363 = DIRECTION ( 'NONE',  ( 9.757819552369539906E-15, -1.000000000000000000, 0.000000000000000000 ) ) ;
#1364 = ORIENTED_EDGE ( 'NONE', *, *, #4704, .F. ) ;
#1365 = ADVANCED_FACE ( 'NONE', ( #2572 ), #830, .F. ) ;
#1366 = CARTESIAN_POINT ( 'NONE',  ( -1.324772208397245299, 9.299913550004461626, 150.0500000000004945 ) ) ;
#1367 = CIRCLE ( 'NONE', #5493, 1.999999999999999778 ) ;
#1368 = PLANE ( 'NONE',  #1372 ) ;
#1369 = DIRECTION ( 'NONE',  ( -0.1013672451882220715, 0.9948490747861963301, -3.744813952309919630E-19 ) ) ;
#1370 = CARTESIAN_POINT ( 'NONE',  ( 19.33094193892651447, -37.62278194926599184, 72.99495185487943161 ) ) ;
#1371 = ORIENTED_EDGE ( 'NONE', *, *, #4061, .T. ) ;
#1372 = AXIS2_PLACEMENT_3D ( 'NONE', #2151, #3115, #4765 ) ;
#1373 = CARTESIAN_POINT ( 'NONE',  ( -4.460573385037388761, -20.00290509622918123, 70.12563908191206963 ) ) ;
#1374 = CARTESIAN_POINT ( 'NONE',  ( -0.6152014920796888831, 2.335970026501086760, 156.7000000000005002 ) ) ;
#1375 = VECTOR ( 'NONE', #5669, 999.9999999999998863 ) ;
#1376 = CARTESIAN_POINT ( 'NONE',  ( -7.578143506410728314, 1.626501356039936175, 113.3500000000004917 ) ) ;
#1377 = ORIENTED_EDGE ( 'NONE', *, *, #739, .T. ) ;
#1378 = VERTEX_POINT ( 'NONE', #523 ) ;
#1379 = VECTOR ( 'NONE', #1246, 999.9999999999998863 ) ;
#1380 = DIRECTION ( 'NONE',  ( -0.1013672451882221687, 0.9948490747861963301, 0.000000000000000000 ) ) ;
#1381 = CARTESIAN_POINT ( 'NONE',  ( 0.08827037730015475925, -43.53535289218854842, 67.78000000000633918 ) ) ;
#1382 = CARTESIAN_POINT ( 'NONE',  ( 3.323647908989822319, 3.139378637168449782, 150.0500000000004945 ) ) ;
#1383 = CARTESIAN_POINT ( 'NONE',  ( 19.72973200089050749, -43.55475381908618004, 69.99494805950087084 ) ) ;
#1384 = CARTESIAN_POINT ( 'NONE',  ( -1.690727711337925543, -36.71034635890501363, 70.39632612652293631 ) ) ;
#1385 = CIRCLE ( 'NONE', #930, 1.000000000000000888 ) ;
#1386 = EDGE_LOOP ( 'NONE', ( #1932, #4906 ) ) ;
#1387 = DIRECTION ( 'NONE',  ( 0.9948490747852797300, 0.1013672451881262732, -1.357708159647627407E-06 ) ) ;
#1388 = ORIENTED_EDGE ( 'NONE', *, *, #4802, .T. ) ;
#1389 = VECTOR ( 'NONE', #5112, 1000.000000000000000 ) ;
#1390 = ORIENTED_EDGE ( 'NONE', *, *, #1241, .T. ) ;
#1391 = CARTESIAN_POINT ( 'NONE',  ( 4.542190355013384639, -45.15306242631573497, 70.29668364210353104 ) ) ;
#1392 = CARTESIAN_POINT ( 'NONE',  ( 2.950295160465212341, -49.82194741955579076, 61.66997158626019626 ) ) ;
#1393 = DIRECTION ( 'NONE',  ( 6.903152180341683286E-18, 7.033765596924218239E-19, -1.000000000000000000 ) ) ;
#1394 = AXIS2_PLACEMENT_3D ( 'NONE', #753, #2499, #2037 ) ;
#1395 = VERTEX_POINT ( 'NONE', #122 ) ;
#1396 = EDGE_CURVE ( 'NONE', #3641, #573, #2544, .T. ) ;
#1397 = VECTOR ( 'NONE', #2145, 1000.000000000000000 ) ;
#1398 = DIRECTION ( 'NONE',  ( 6.903152180341684056E-18, 7.033765596924220165E-19, -1.000000000000000000 ) ) ;
#1399 = CARTESIAN_POINT ( 'NONE',  ( 24.68842921854431793, -39.12930920818146774, 67.77996616581883416 ) ) ;
#1400 = LINE ( 'NONE', #3604, #849 ) ;
#1401 = DIRECTION ( 'NONE',  ( -0.9948490747852797300, -0.1013672451881257042, 1.357708158863013165E-06 ) ) ;
#1402 = EDGE_CURVE ( 'NONE', #1636, #1028, #3036, .T. ) ;
#1403 = EDGE_LOOP ( 'NONE', ( #3016, #1364 ) ) ;
#1404 = APPROVAL_PERSON_ORGANIZATION ( #3478, #4709, #852 ) ;
#1405 = CARTESIAN_POINT ( 'NONE',  ( 20.63254292613046204, -43.50184107582543191, 70.14650986889628825 ) ) ;
#1406 = DIRECTION ( 'NONE',  ( 1.350714706458008106E-06, 1.376271358846230308E-07, 0.9999999999990782928 ) ) ;
#1407 = LINE ( 'NONE', #2291, #2018 ) ;
#1408 = CARTESIAN_POINT ( 'NONE',  ( -3.289269775754775083, -17.92609119857414868, 71.33411124785675383 ) ) ;
#1409 = EDGE_LOOP ( 'NONE', ( #1424, #1925 ) ) ;
#1410 = ORIENTED_EDGE ( 'NONE', *, *, #4952, .T. ) ;
#1411 = CARTESIAN_POINT ( 'NONE',  ( 5.181861410020319525, 20.41673499121138846, 149.2000000000005002 ) ) ;
#1412 = EDGE_CURVE ( 'NONE', #2430, #5433, #392, .T. ) ;
#1413 = LINE ( 'NONE', #2160, #5038 ) ;
#1414 = PLANE ( 'NONE',  #2296 ) ;
#1415 = CARTESIAN_POINT ( 'NONE',  ( -0.8609268994792909080, -38.89757613399013536, 71.98205283018488387 ) ) ;
#1416 = CARTESIAN_POINT ( 'NONE',  ( -1.788560200740600292, -37.83329463512026791, 70.68352141912261288 ) ) ;
#1417 = ORIENTED_EDGE ( 'NONE', *, *, #4542, .F. ) ;
#1418 = APPROVAL_DATE_TIME ( #3194, #4535 ) ;
#1419 = ORIENTED_EDGE ( 'NONE', *, *, #4209, .T. ) ;
#1420 = ORIENTED_EDGE ( 'NONE', *, *, #2465, .F. ) ;
#1421 = CARTESIAN_POINT ( 'NONE',  ( 3.941004567095257816, -46.16867775076431002, 70.68316681296018089 ) ) ;
#1422 = CARTESIAN_POINT ( 'NONE',  ( 25.79942928212189557, -25.37082124980406661, 72.99493735847168807 ) ) ;
#1423 = DIRECTION ( 'NONE',  ( 6.903152180341683286E-18, 7.033765596924218239E-19, -1.000000000000000000 ) ) ;
#1424 = ORIENTED_EDGE ( 'NONE', *, *, #4604, .F. ) ;
#1425 = DIRECTION ( 'NONE',  ( 1.858949964850559675E-13, -0.9999999999999905631, 1.376271359129253133E-07 ) ) ;
#1426 = FACE_OUTER_BOUND ( 'NONE', #4626, .T. ) ;
#1427 = CARTESIAN_POINT ( 'NONE',  ( -9.128143506410729913, 1.626501356039936175, 150.0500000000004945 ) ) ;
#1428 = EDGE_CURVE ( 'NONE', #3769, #3997, #2149, .T. ) ;
#1429 = CARTESIAN_POINT ( 'NONE',  ( 23.34470119356344497, -47.74391889319915805, 61.66994375324292577 ) ) ;
#1430 = ORIENTED_EDGE ( 'NONE', *, *, #705, .F. ) ;
#1431 = CARTESIAN_POINT ( 'NONE',  ( 23.91828280962500131, -15.95651964826613067, 71.48608687604246370 ) ) ;
#1432 = CARTESIAN_POINT ( 'NONE',  ( 22.96535866075571519, -7.421493635399777133, 70.29920514428179956 ) ) ;
#1433 = CARTESIAN_POINT ( 'NONE',  ( 25.47975649702727807, -41.96369424728293751, 21.41636012479020224 ) ) ;
#1434 = CARTESIAN_POINT ( 'NONE',  ( -4.225197239002043581, -19.71068251980530661, 70.24894586848006384 ) ) ;
#1435 = ORIENTED_EDGE ( 'NONE', *, *, #995, .T. ) ;
#1436 = CIRCLE ( 'NONE', #978, 1.550000000000000266 ) ;
#1437 = ORIENTED_EDGE ( 'NONE', *, *, #3031, .F. ) ;
#1438 = ORIENTED_EDGE ( 'NONE', *, *, #2629, .T. ) ;
#1439 = B_SPLINE_CURVE_WITH_KNOTS ( 'NONE', 3,
 ( #2023, #4322, #3779, #386, #4241, #823, #4295, #4693 ),
 .UNSPECIFIED., .F., .F.,
 ( 4, 2, 2, 4 ),
 ( 0.000000000000000000, 0.0005238227655949130547, 0.001047645531189826109, 0.002095291062379643979 ),
 .UNSPECIFIED. ) ;
#1440 = FACE_OUTER_BOUND ( 'NONE', #2338, .T. ) ;
#1441 = EDGE_CURVE ( 'NONE', #3353, #952, #2789, .T. ) ;
#1442 = DIRECTION ( 'NONE',  ( 6.903152180341684826E-18, 7.033765596924220165E-19, -1.000000000000000000 ) ) ;
#1443 = CARTESIAN_POINT ( 'NONE',  ( 6.349743540596019642, 3.045642788675047452, 156.7000000000005002 ) ) ;
#1444 = PLANE ( 'NONE',  #463 ) ;
#1445 = CYLINDRICAL_SURFACE ( 'NONE', #1582, 1.550000000000000266 ) ;
#1446 = ADVANCED_FACE ( 'NONE', ( #3918 ), #4907, .T. ) ;
#1447 = ORIENTED_EDGE ( 'NONE', *, *, #1992, .T. ) ;
#1448 = ORIENTED_EDGE ( 'NONE', *, *, #150, .F. ) ;
#1449 = EDGE_CURVE ( 'NONE', #868, #822, #4775, .T. ) ;
#1450 = ADVANCED_FACE ( 'NONE', ( #3865, #4482, #3456, #4355 ), #1444, .T. ) ;
#1451 = EDGE_CURVE ( 'NONE', #3517, #3081, #802, .T. ) ;
#1452 = CARTESIAN_POINT ( 'NONE',  ( -4.937156196500810168, -18.87689945357231736, 69.99497798108708935 ) ) ;
#1453 = CARTESIAN_POINT ( 'NONE',  ( -1.324772208397245299, 9.299913550004461626, 156.7000000000005002 ) ) ;
#1454 = CARTESIAN_POINT ( 'NONE',  ( 18.52467690167000569, -24.23453403767796743, 49.90849687428421078 ) ) ;
#1455 = AXIS2_PLACEMENT_3D ( 'NONE', #4182, #2020, #768 ) ;
#1456 = FACE_OUTER_BOUND ( 'NONE', #4930, .T. ) ;
#1457 = ORIENTED_EDGE ( 'NONE', *, *, #3301, .F. ) ;
#1458 = CARTESIAN_POINT ( 'NONE',  ( -3.288222166903857602, -13.78467698355519566, 102.1000000000004917 ) ) ;
#1459 = LINE ( 'NONE', #3206, #1 ) ;
#1460 = DIRECTION ( 'NONE',  ( -6.903152180341683286E-18, -7.033765596924218239E-19, 1.000000000000000000 ) ) ;
#1461 = CARTESIAN_POINT ( 'NONE',  ( -3.104106331187848955, -12.71051788840988550, 70.20474405500391413 ) ) ;
#1462 = ORIENTED_EDGE ( 'NONE', *, *, #3981, .F. ) ;
#1463 = CARTESIAN_POINT ( 'NONE',  ( 24.07959754452420498, -18.18412744877360510, 70.01389284619911280 ) ) ;
#1464 = DIRECTION ( 'NONE',  ( 0.1013672451882217246, -0.9948490747861963301, -5.575714821361197000E-16 ) ) ;
#1465 = DIRECTION ( 'NONE',  ( 6.903152180341682515E-18, 7.033765596924226906E-19, -1.000000000000000000 ) ) ;
#1466 = CARTESIAN_POINT ( 'NONE',  ( -3.357515409440999576, -18.04466719374125816, 71.20844913026479617 ) ) ;
#1467 = CIRCLE ( 'NONE', #4675, 1.550000000000000933 ) ;
#1468 = ORIENTED_EDGE ( 'NONE', *, *, #1293, .F. ) ;
#1469 = ORIENTED_EDGE ( 'NONE', *, *, #5652, .T. ) ;
#1470 = ADVANCED_FACE ( 'NONE', ( #588 ), #4948, .F. ) ;
#1471 = ORIENTED_EDGE ( 'NONE', *, *, #5517, .F. ) ;
#1472 = AXIS2_PLACEMENT_3D ( 'NONE', #1007, #4166, #200 ) ;
#1473 = CARTESIAN_POINT ( 'NONE',  ( 6.176710484806533508, 20.51810223639961350, 113.3500000000004917 ) ) ;
#1474 = CARTESIAN_POINT ( 'NONE',  ( -12.12193751494156224, 20.56144002642755453, 106.7000000000005002 ) ) ;
#1475 = CARTESIAN_POINT ( 'NONE',  ( 21.67878224076192240, -41.33545065046099154, 49.99494512143425595 ) ) ;
#1476 = ORIENTED_EDGE ( 'NONE', *, *, #3538, .T. ) ;
#1477 = ORIENTED_EDGE ( 'NONE', *, *, #697, .T. ) ;
#1478 = VECTOR ( 'NONE', #4517, 1000.000000000000114 ) ;
#1479 = EDGE_CURVE ( 'NONE', #901, #1533, #641, .T. ) ;
#1480 = CARTESIAN_POINT ( 'NONE',  ( -4.691118868255506946, -21.29159826107530762, 68.99497798108804147 ) ) ;
#1481 = CARTESIAN_POINT ( 'NONE',  ( 26.27494737498182076, -8.762068849183503261, 113.3500000000004917 ) ) ;
#1482 = TOROIDAL_SURFACE ( 'NONE', #288, 7.000000000000001776, 3.000000000000000000 ) ;
#1483 = DIRECTION ( 'NONE',  ( 0.000000000000000000, -1.000000000000000000, 1.107325405147169919E-15 ) ) ;
#1484 = CARTESIAN_POINT ( 'NONE',  ( 24.76677260678320636, -16.78314407569159172, 69.99493757139606487 ) ) ;
#1485 = ORIENTED_EDGE ( 'NONE', *, *, #4073, .T. ) ;
#1486 = AXIS2_PLACEMENT_3D ( 'NONE', #2270, #2161, #900 ) ;
#1487 = CARTESIAN_POINT ( 'NONE',  ( -0.6152014920796888831, 2.335970026501086760, 153.0500000000004945 ) ) ;
#1488 = EDGE_CURVE ( 'NONE', #1131, #2703, #5203, .T. ) ;
#1489 = DIRECTION ( 'NONE',  ( -0.9948490747852795080, -0.1013672451881283965, 1.357708159647627619E-06 ) ) ;
#1490 = CARTESIAN_POINT ( 'NONE',  ( -0.2049907195040997221, -38.05835800203544750, 101.5740080015980311 ) ) ;
#1491 = DIRECTION ( 'NONE',  ( 6.903152180341684826E-18, 7.033765596924220165E-19, -1.000000000000000000 ) ) ;
#1492 = EDGE_LOOP ( 'NONE', ( #810, #5630, #4975, #2502 ) ) ;
#1493 = VECTOR ( 'NONE', #3037, 1000.000000000000000 ) ;
#1494 = CARTESIAN_POINT ( 'NONE',  ( 8.881575014562049120, 0.9734146080487353636, 110.4500000000004860 ) ) ;
#1495 = CARTESIAN_POINT ( 'NONE',  ( 0.2843403176167775270, -38.98177568736807075, 72.99497369531648872 ) ) ;
#1496 = CARTESIAN_POINT ( 'NONE',  ( 25.50687451306640696, -32.36470571076868907, 69.99493871617524121 ) ) ;
#1497 = CARTESIAN_POINT ( 'NONE',  ( -2.876996336861106229, -18.28237682527215924, 72.28038980283363912 ) ) ;
#1498 = ORIENTED_EDGE ( 'NONE', *, *, #4109, .F. ) ;
#1499 = ORIENTED_EDGE ( 'NONE', *, *, #4323, .F. ) ;
#1500 = ORIENTED_EDGE ( 'NONE', *, *, #749, .F. ) ;
#1501 = CARTESIAN_POINT ( 'NONE',  ( -10.16575261002717312, 1.362844472694154874, 156.7000000000005002 ) ) ;
#1502 = AXIS2_PLACEMENT_3D ( 'NONE', #3234, #4492, #4097 ) ;
#1503 = CARTESIAN_POINT ( 'NONE',  ( -0.6709260146829895133, -46.56039272025862630, 70.91892210281523035 ) ) ;
#1504 = LINE ( 'NONE', #3254, #4601 ) ;
#1505 = EDGE_CURVE ( 'NONE', #1057, #442, #5667, .T. ) ;
#1506 = EDGE_LOOP ( 'NONE', ( #3100, #1388, #196, #4811, #207, #614, #348 ) ) ;
#1507 = B_SPLINE_CURVE_WITH_KNOTS ( 'NONE', 3,
 ( #3093, #3117, #4388, #4441, #1885, #4848, #508, #3176, #2658, #1771, #2257, #3147, #2746, #1824, #2202, #4934 ),
 .UNSPECIFIED., .F., .F.,
 ( 4, 2, 2, 2, 2, 2, 2, 4 ),
 ( 0.000000000000000000, 0.0005082411116436307431, 0.001016482223287261486, 0.001524723334930892012, 0.002032964446574522972, 0.002541205558218153932, 0.003049446669861784025, 0.004065928893149046812 ),
 .UNSPECIFIED. ) ;
#1508 = EDGE_LOOP ( 'NONE', ( #2705, #5096, #1527, #5402 ) ) ;
#1509 = ORIENTED_EDGE ( 'NONE', *, *, #3468, .F. ) ;
#1510 = CARTESIAN_POINT ( 'NONE',  ( 4.098131555556355110, -46.15266775450576375, 70.55924480853701652 ) ) ;
#1511 = DIRECTION ( 'NONE',  ( 6.903152180341686367E-18, 7.033765596924231720E-19, -1.000000000000000000 ) ) ;
#1512 = CARTESIAN_POINT ( 'NONE',  ( 24.70733345296152450, -17.01809378776125214, 69.99493768401688953 ) ) ;
#1513 = EDGE_LOOP ( 'NONE', ( #5349, #4463 ) ) ;
#1514 = DIRECTION ( 'NONE',  ( -1.128276928546408485E-16, 1.107325405147169919E-15, 1.000000000000000000 ) ) ;
#1515 = EDGE_CURVE ( 'NONE', #3517, #5309, #4298, .T. ) ;
#1516 = CARTESIAN_POINT ( 'NONE',  ( -4.202843832600387408, -4.808300875000101726, 102.1000000000004917 ) ) ;
#1517 = CARTESIAN_POINT ( 'NONE',  ( 8.182393096778460162, 0.8337210822111985609, 112.3500000000004917 ) ) ;
#1518 = DIRECTION ( 'NONE',  ( -1.000000000000000000, 0.000000000000000000, 0.000000000000000000 ) ) ;
#1519 = VECTOR ( 'NONE', #3485, 1000.000000000000114 ) ;
#1520 = ORIENTED_EDGE ( 'NONE', *, *, #239, .T. ) ;
#1521 = EDGE_CURVE ( 'NONE', #3940, #1858, #3427, .T. ) ;
#1522 = FACE_OUTER_BOUND ( 'NONE', #2755, .T. ) ;
#1523 = CARTESIAN_POINT ( 'NONE',  ( -4.635144689299750098, 2.328440675662673431, 150.0500000000004945 ) ) ;
#1524 = DIRECTION ( 'NONE',  ( 7.086318940217165997E-18, -2.800085986648041504E-17, 1.000000000000000000 ) ) ;
#1525 = LINE ( 'NONE', #2326, #4243 ) ;
#1526 = ORIENTED_EDGE ( 'NONE', *, *, #2939, .F. ) ;
#1527 = ORIENTED_EDGE ( 'NONE', *, *, #4776, .T. ) ;
#1528 = ORIENTED_EDGE ( 'NONE', *, *, #3928, .T. ) ;
#1529 = ORIENTED_EDGE ( 'NONE', *, *, #2463, .F. ) ;
#1530 = DIRECTION ( 'NONE',  ( 0.000000000000000000, 0.000000000000000000, 1.000000000000000000 ) ) ;
#1531 = CARTESIAN_POINT ( 'NONE',  ( -1.866664182766483826, -45.85345111490953229, 70.10753784301519431 ) ) ;
#1532 = CYLINDRICAL_SURFACE ( 'NONE', #2403, 1.550000000000000266 ) ;
#1533 = VERTEX_POINT ( 'NONE', #389 ) ;
#1534 = VECTOR ( 'NONE', #4336, 999.9999999999998863 ) ;
#1535 = EDGE_CURVE ( 'NONE', #727, #100, #2945, .T. ) ;
#1536 = CARTESIAN_POINT ( 'NONE',  ( 22.48977222997884340, -39.35333495006860005, 65.41994375323946542 ) ) ;
#1537 = LINE ( 'NONE', #3313, #1180 ) ;
#1538 = CYLINDRICAL_SURFACE ( 'NONE', #3040, 10.00000000000000000 ) ;
#1539 = LINE ( 'NONE', #4185, #1046 ) ;
#1540 = ORIENTED_EDGE ( 'NONE', *, *, #2328, .F. ) ;
#1541 = ADVANCED_FACE ( 'NONE', ( #306, #3482 ), #2141, .F. ) ;
#1542 = CIRCLE ( 'NONE', #2267, 2.000000000000001332 ) ;
#1543 = DIRECTION ( 'NONE',  ( -1.000000000000000000, 0.000000000000000000, 0.000000000000000000 ) ) ;
#1544 = CARTESIAN_POINT ( 'NONE',  ( 3.348620317551953551, -75.53340923178218702, 49.99497458682063922 ) ) ;
#1545 = DIRECTION ( 'NONE',  ( 0.9948490747852793969, 0.1013672451881286046, -1.357708159635598269E-06 ) ) ;
#1546 = PLANE ( 'NONE',  #3348 ) ;
#1547 = ORIENTED_EDGE ( 'NONE', *, *, #3760, .T. ) ;
#1548 = ADVANCED_FACE ( 'NONE', ( #4273 ), #4583, .T. ) ;
#1549 = EDGE_CURVE ( 'NONE', #2647, #1069, #1227, .T. ) ;
#1550 = CARTESIAN_POINT ( 'NONE',  ( 0.8615140117278538012, -75.78682567564409567, 69.44010924213561964 ) ) ;
#1551 = DIRECTION ( 'NONE',  ( 0.000000000000000000, 0.000000000000000000, 1.000000000000000000 ) ) ;
#1552 = CARTESIAN_POINT ( 'NONE',  ( 50.61243109796353679, -31.36145290652911299, 53.99490466764017782 ) ) ;
#1553 = CARTESIAN_POINT ( 'NONE',  ( 0.09295199760690249502, -38.00026128684613980, 72.96472128842812310 ) ) ;
#1554 = VERTEX_POINT ( 'NONE', #5098 ) ;
#1555 = ORIENTED_EDGE ( 'NONE', *, *, #1488, .T. ) ;
#1556 = ORIENTED_EDGE ( 'NONE', *, *, #4041, .T. ) ;
#1557 = FACE_OUTER_BOUND ( 'NONE', #5108, .T. ) ;
#1558 = FACE_OUTER_BOUND ( 'NONE', #1217, .T. ) ;
#1559 = CIRCLE ( 'NONE', #4125, 2.000000000000000000 ) ;
#1560 = CARTESIAN_POINT ( 'NONE',  ( -10.16575261002717667, 1.362844472694154874, 150.0500000000004945 ) ) ;
#1561 = ORIENTED_EDGE ( 'NONE', *, *, #2279, .F. ) ;
#1562 = VECTOR ( 'NONE', #3676, 1000.000000000000114 ) ;
#1563 = CYLINDRICAL_SURFACE ( 'NONE', #3021, 1.999999999999999778 ) ;
#1564 = CARTESIAN_POINT ( 'NONE',  ( -0.6152014920796888831, 2.335970026501086760, 95.38629150101573373 ) ) ;
#1565 = CARTESIAN_POINT ( 'NONE',  ( 24.23600762626823268, -10.12852355096857870, 52.19767186281061555 ) ) ;
#1566 = VECTOR ( 'NONE', #1683, 1000.000000000000114 ) ;
#1567 = LINE ( 'NONE', #3261, #3969 ) ;
#1568 = ORIENTED_EDGE ( 'NONE', *, *, #556, .T. ) ;
#1569 = AXIS2_PLACEMENT_3D ( 'NONE', #1026, #4183, #5408 ) ;
#1570 = CARTESIAN_POINT ( 'NONE',  ( 3.584299272268257841, -45.27605867515146798, 71.03909564045359559 ) ) ;
#1571 = APPLICATION_CONTEXT ( 'configuration controlled 3d designs of mechanical parts and assemblies' ) ;
#1572 = CARTESIAN_POINT ( 'NONE',  ( -0.9149493043367693534, -38.62204025210121472, 53.99497526568450922 ) ) ;
#1573 = DIRECTION ( 'NONE',  ( 6.903152180341684826E-18, 7.033765596924220165E-19, -1.000000000000000000 ) ) ;
#1574 = CARTESIAN_POINT ( 'NONE',  ( -1.824472424299773410, -11.64543752824720002, 72.99497685462118568 ) ) ;
#1575 = EDGE_CURVE ( 'NONE', #414, #3768, #3035, .T. ) ;
#1576 = ORIENTED_EDGE ( 'NONE', *, *, #4227, .T. ) ;
#1577 = CARTESIAN_POINT ( 'NONE',  ( -0.7106950327871642825, -39.08131476680486571, 72.87399147639987973 ) ) ;
#1578 = FACE_OUTER_BOUND ( 'NONE', #2185, .T. ) ;
#1579 = EDGE_CURVE ( 'NONE', #3641, #4950, #4591, .T. ) ;
#1580 = CARTESIAN_POINT ( 'NONE',  ( -0.8030439696789453130, -38.17497412142473934, 72.96388092997464980 ) ) ;
#1581 = VERTEX_POINT ( 'NONE', #2489 ) ;
#1582 = AXIS2_PLACEMENT_3D ( 'NONE', #3684, #584, #2331 ) ;
#1583 = ORIENTED_EDGE ( 'NONE', *, *, #2136, .F. ) ;
#1584 = ORIENTED_EDGE ( 'NONE', *, *, #4696, .T. ) ;
#1585 = DIRECTION ( 'NONE',  ( -0.1013672451882219189, 0.9948490747861963301, -2.646977960169688089E-22 ) ) ;
#1586 = CARTESIAN_POINT ( 'NONE',  ( -1.455630775762134288, -4.627973497002288994, 106.7000000000005002 ) ) ;
#1587 = ADVANCED_FACE ( 'NONE', ( #5616 ), #3916, .F. ) ;
#1588 = DIRECTION ( 'NONE',  ( 6.903152180341686367E-18, 7.033765596924231720E-19, -1.000000000000000000 ) ) ;
#1589 = PRODUCT_DEFINITION_FORMATION_WITH_SPECIFIED_SOURCE ( '�', '', #3629, .NOT_KNOWN. ) ;
#1590 = ORIENTED_EDGE ( 'NONE', *, *, #2619, .F. ) ;
#1591 = AXIS2_PLACEMENT_3D ( 'NONE', #1083, #654, #5464 ) ;
#1592 = EDGE_CURVE ( 'NONE', #2462, #318, #1653, .T. ) ;
#1593 = DIRECTION ( 'NONE',  ( 1.350714706455073349E-06, 1.376271359134233686E-07, 0.9999999999990782928 ) ) ;
#1594 = DIRECTION ( 'NONE',  ( 0.1013672451882219744, -0.9948490747861963301, 0.000000000000000000 ) ) ;
#1595 = CARTESIAN_POINT ( 'NONE',  ( 18.72904236831564972, -2.444434791602501100, 61.66994375324292577 ) ) ;
#1596 = DIRECTION ( 'NONE',  ( -9.367506770274759572E-14, 0.9999999999999905631, -1.376271353825675712E-07 ) ) ;
#1597 = ORIENTED_EDGE ( 'NONE', *, *, #1156, .F. ) ;
#1598 = DIRECTION ( 'NONE',  ( 0.9948490747852797300, 0.1013672451881257042, -1.357708152254542790E-06 ) ) ;
#1599 = DIRECTION ( 'NONE',  ( 0.1013672451882220438, -0.9948490747861963301, 0.000000000000000000 ) ) ;
#1600 = CARTESIAN_POINT ( 'NONE',  ( -0.8031900273605586671, -38.17354066677057745, 72.90171735478971016 ) ) ;
#1601 = CARTESIAN_POINT ( 'NONE',  ( 3.329749847406054730, -46.23095976781957006, 69.97753224096484814 ) ) ;
#1602 = VERTEX_POINT ( 'NONE', #2598 ) ;
#1603 = DIRECTION ( 'NONE',  ( 1.000000000000000000, 0.000000000000000000, 0.000000000000000000 ) ) ;
#1604 = EDGE_CURVE ( 'NONE', #1533, #1738, #4470, .T. ) ;
#1605 = LINE ( 'NONE', #1126, #920 ) ;
#1606 = DIRECTION ( 'NONE',  ( 6.903152180341684826E-18, 7.033765596924220165E-19, -1.000000000000000000 ) ) ;
#1607 = ORIENTED_EDGE ( 'NONE', *, *, #353, .T. ) ;
#1608 = ORIENTED_EDGE ( 'NONE', *, *, #556, .F. ) ;
#1609 = ORIENTED_EDGE ( 'NONE', *, *, #150, .T. ) ;
#1610 = LINE ( 'NONE', #843, #766 ) ;
#1611 = CARTESIAN_POINT ( 'NONE',  ( 21.62777777874238083, -2.159431789797588319, 32.66993979862749597 ) ) ;
#1612 = CARTESIAN_POINT ( 'NONE',  ( 24.08532276006317474, -41.09024448662581364, 49.99494183713857609 ) ) ;
#1613 = ORIENTED_EDGE ( 'NONE', *, *, #3753, .F. ) ;
#1614 = EDGE_CURVE ( 'NONE', #515, #2568, #4316, .T. ) ;
#1615 = CYLINDRICAL_SURFACE ( 'NONE', #3756, 1.550000000000000266 ) ;
#1616 = EDGE_CURVE ( 'NONE', #1010, #2366, #2168, .T. ) ;
#1617 = CARTESIAN_POINT ( 'NONE',  ( 23.12487173374779559, -8.987003606474045725, 72.21888362453381660 ) ) ;
#1618 = CARTESIAN_POINT ( 'NONE',  ( 4.799743540596019820, 3.045642788675047452, 113.3500000000004917 ) ) ;
#1619 = CARTESIAN_POINT ( 'NONE',  ( 20.92147891906685686, -9.307544905131758028, 108.4500000000005002 ) ) ;
#1620 = EDGE_CURVE ( 'NONE', #4681, #2843, #5488, .T. ) ;
#1621 = EDGE_LOOP ( 'NONE', ( #4942, #173, #1307, #4895 ) ) ;
#1622 = VECTOR ( 'NONE', #720, 1000.000000000000114 ) ;
#1623 = CARTESIAN_POINT ( 'NONE',  ( 24.89540460238231745, -16.49844719492244494, 69.50597423225354987 ) ) ;
#1624 = LINE ( 'NONE', #3317, #1804 ) ;
#1625 = DIRECTION ( 'NONE',  ( -0.9948490747852793969, -0.1013672451881286463, 1.357708159647627619E-06 ) ) ;
#1626 = FACE_OUTER_BOUND ( 'NONE', #557, .T. ) ;
#1627 = DIRECTION ( 'NONE',  ( 1.350714706455073349E-06, 1.376271359134233686E-07, 0.9999999999990782928 ) ) ;
#1628 = FACE_OUTER_BOUND ( 'NONE', #3908, .T. ) ;
#1629 = ORIENTED_EDGE ( 'NONE', *, *, #1300, .F. ) ;
#1630 = CIRCLE ( 'NONE', #1086, 1.550000000000000266 ) ;
#1631 = LINE ( 'NONE', #2438, #3359 ) ;
#1632 = CARTESIAN_POINT ( 'NONE',  ( 2.867711741399442182, -45.36423997989761858, 113.3500000000004917 ) ) ;
#1633 = CARTESIAN_POINT ( 'NONE',  ( -3.741182644355646403, -20.22173551343837872, 70.24179344681537884 ) ) ;
#1634 = ORIENTED_EDGE ( 'NONE', *, *, #2318, .T. ) ;
#1635 = ORIENTED_EDGE ( 'NONE', *, *, #5094, .T. ) ;
#1636 = VERTEX_POINT ( 'NONE', #2919 ) ;
#1637 = DIRECTION ( 'NONE',  ( 6.903152180341683286E-18, 7.033765596924226906E-19, -1.000000000000000000 ) ) ;
#1638 = CARTESIAN_POINT ( 'NONE',  ( -12.32467200531800700, 22.55113817599995230, 106.7000000000005002 ) ) ;
#1639 = CARTESIAN_POINT ( 'NONE',  ( 2.867159774725893229, -45.25917319730725552, 72.99497514372677642 ) ) ;
#1640 = VERTEX_POINT ( 'NONE', #2947 ) ;
#1641 = EDGE_CURVE ( 'NONE', #929, #2095, #2517, .T. ) ;
#1642 = VECTOR ( 'NONE', #3131, 1000.000000000000114 ) ;
#1643 = CARTESIAN_POINT ( 'NONE',  ( -11.91323681657492983, 18.51318769115153628, 112.4637444857550008 ) ) ;
#1644 = LINE ( 'NONE', #2451, #4380 ) ;
#1645 = DIRECTION ( 'NONE',  ( 1.350714706443106255E-06, 1.376271359122040383E-07, 0.9999999999990782928 ) ) ;
#1646 = ADVANCED_FACE ( 'NONE', ( #5347 ), #4959, .F. ) ;
#1647 = CARTESIAN_POINT ( 'NONE',  ( 10.33083741941273637, -10.38664743515793631, 156.7000000000005002 ) ) ;
#1648 = VECTOR ( 'NONE', #4233, 1000.000000000000000 ) ;
#1649 = ORIENTED_EDGE ( 'NONE', *, *, #3657, .F. ) ;
#1650 = CARTESIAN_POINT ( 'NONE',  ( 24.04350386925856498, -17.62609628056219080, 70.13967228908263962 ) ) ;
#1651 = LINE ( 'NONE', #4246, #4206 ) ;
#1652 = AXIS2_PLACEMENT_3D ( 'NONE', #1723, #947, #870 ) ;
#1653 = LINE ( 'NONE', #336, #282 ) ;
#1654 = DIRECTION ( 'NONE',  ( 0.1013672451882220715, -0.9948490747861963301, 3.744813952309914333E-19 ) ) ;
#1655 = FACE_OUTER_BOUND ( 'NONE', #5177, .T. ) ;
#1656 = CARTESIAN_POINT ( 'NONE',  ( 23.69415767170077203, -14.57416290352141175, 41.71066611099396937 ) ) ;
#1657 = ORIENTED_EDGE ( 'NONE', *, *, #1233, .F. ) ;
#1658 = VECTOR ( 'NONE', #1999, 1000.000000000000227 ) ;
#1659 = EDGE_CURVE ( 'NONE', #3995, #4309, #2250, .T. ) ;
#1660 = CARTESIAN_POINT ( 'NONE',  ( -5.227479597153868340, -47.10287370654943828, 112.3500000000004917 ) ) ;
#1661 = CARTESIAN_POINT ( 'NONE',  ( 22.43874454423945863, -12.11822145318847710, 53.99494007386211081 ) ) ;
#1662 = VECTOR ( 'NONE', #2194, 1000.000000000000114 ) ;
#1663 = CARTESIAN_POINT ( 'NONE',  ( -0.7105708497133524926, -39.08253353738363245, 72.91430957550336700 ) ) ;
#1664 = ORIENTED_EDGE ( 'NONE', *, *, #4744, .T. ) ;
#1665 = ORIENTED_EDGE ( 'NONE', *, *, #4997, .T. ) ;
#1666 = VECTOR ( 'NONE', #3020, 1000.000000000000000 ) ;
#1667 = ORIENTED_EDGE ( 'NONE', *, *, #3653, .T. ) ;
#1668 = DIRECTION ( 'NONE',  ( 1.000000000000000000, 0.000000000000000000, 0.000000000000000000 ) ) ;
#1669 = CARTESIAN_POINT ( 'NONE',  ( 26.74730221157855325, -34.67353540696462488, 69.99493735846894538 ) ) ;
#1670 = CARTESIAN_POINT ( 'NONE',  ( 0.09295198939667523308, -38.00026129225146576, 41.71066611099396937 ) ) ;
#1671 = VECTOR ( 'NONE', #4440, 1000.000000000000000 ) ;
#1672 = ORIENTED_EDGE ( 'NONE', *, *, #5466, .T. ) ;
#1673 = AXIS2_PLACEMENT_3D ( 'NONE', #4656, #3334, #3385 ) ;
#1674 = CARTESIAN_POINT ( 'NONE',  ( -11.92954267630224408, 18.67321837397397388, 150.0500000000004945 ) ) ;
#1675 = CARTESIAN_POINT ( 'NONE',  ( 2.950295160465212341, -49.82194741955579076, 61.66997158626019626 ) ) ;
#1676 = CARTESIAN_POINT ( 'NONE',  ( 24.22570550200416051, -9.925789088494088475, 51.99493735844762909 ) ) ;
#1677 = VERTEX_POINT ( 'NONE', #1336 ) ;
#1678 = FACE_OUTER_BOUND ( 'NONE', #3912, .T. ) ;
#1679 = VERTEX_POINT ( 'NONE', #4001 ) ;
#1680 = CARTESIAN_POINT ( 'NONE',  ( -12.12193751494156224, 20.56144002642756163, 156.7000000000005002 ) ) ;
#1681 = DIRECTION ( 'NONE',  ( 1.000000000000000000, 0.000000000000000000, 0.000000000000000000 ) ) ;
#1682 = CARTESIAN_POINT ( 'NONE',  ( -2.095584022094883814, -36.37214251903174045, 70.24179344681537884 ) ) ;
#1683 = DIRECTION ( 'NONE',  ( 0.9948490747852793969, 0.1013672451881286601, -1.357708159647627195E-06 ) ) ;
#1684 = CARTESIAN_POINT ( 'NONE',  ( -0.9568755182961082850, -38.79012725373429760, 71.74632135050080706 ) ) ;
#1685 = CARTESIAN_POINT ( 'NONE',  ( -1.665363664782587572, -4.522463317959137363, 61.66997158626019626 ) ) ;
#1686 = VERTEX_POINT ( 'NONE', #98 ) ;
#1687 = EDGE_CURVE ( 'NONE', #2794, #1967, #4595, .T. ) ;
#1688 = DIRECTION ( 'NONE',  ( 0.000000000000000000, -1.376271365390497121E-07, -0.9999999999999905631 ) ) ;
#1689 = CARTESIAN_POINT ( 'NONE',  ( 23.53436375850337825, -39.24689934262107016, 65.41994232764588446 ) ) ;
#1690 = CARTESIAN_POINT ( 'NONE',  ( 2.867159774725888788, -45.29418308603097643, 72.99497514854508040 ) ) ;
#1691 = ORIENTED_EDGE ( 'NONE', *, *, #3125, .T. ) ;
#1692 = EDGE_CURVE ( 'NONE', #2730, #1131, #3564, .T. ) ;
#1693 = EDGE_CURVE ( 'NONE', #340, #4735, #1025, .T. ) ;
#1694 = ADVANCED_FACE ( 'NONE', ( #2278 ), #1482, .F. ) ;
#1695 = CARTESIAN_POINT ( 'NONE',  ( 21.04653332546090638, -44.42575978293483985, 69.19703044973768158 ) ) ;
#1696 = CARTESIAN_POINT ( 'NONE',  ( 25.78451768675490996, -32.75423908372874848, 69.99493839476934909 ) ) ;
#1697 = FACE_OUTER_BOUND ( 'NONE', #3696, .T. ) ;
#1698 = ORIENTED_EDGE ( 'NONE', *, *, #5217, .T. ) ;
#1699 = VECTOR ( 'NONE', #2409, 1000.000000000000000 ) ;
#1700 = CARTESIAN_POINT ( 'NONE',  ( -11.50205354530775637, 17.61534274407358680, 113.0921327693489786 ) ) ;
#1701 = DIRECTION ( 'NONE',  ( 1.000000000000000000, 0.000000000000000000, 0.000000000000000000 ) ) ;
#1702 = EDGE_LOOP ( 'NONE', ( #3255, #559, #1462, #1296, #1099 ) ) ;
#1703 = CARTESIAN_POINT ( 'NONE',  ( 8.179068707195661148, -28.18511734108541233, 102.1000000000004917 ) ) ;
#1704 = ORIENTED_EDGE ( 'NONE', *, *, #5481, .T. ) ;
#1705 = EDGE_CURVE ( 'NONE', #4862, #5113, #4459, .T. ) ;
#1706 = CARTESIAN_POINT ( 'NONE',  ( 24.78154195778988722, -15.38096445762250930, 72.99493860304490056 ) ) ;
#1707 = CARTESIAN_POINT ( 'NONE',  ( 3.348620317551953551, -75.53340923178218702, 63.77999999999675396 ) ) ;
#1708 = CARTESIAN_POINT ( 'NONE',  ( 24.10384303457673383, -18.60815474590572549, 69.99506946864283918 ) ) ;
#1709 = CARTESIAN_POINT ( 'NONE',  ( -1.058678251178689855, -38.67637222655299212, 71.51441749935985115 ) ) ;
#1710 = CARTESIAN_POINT ( 'NONE',  ( 0.09295198939585569420, -38.00026129225162208, 72.99497381874395785 ) ) ;
#1711 = CARTESIAN_POINT ( 'NONE',  ( -2.296449385636829543, -44.79386974170317615, 49.99497798110451896 ) ) ;
#1712 = VECTOR ( 'NONE', #780, 1000.000000000000000 ) ;
#1713 = ORIENTED_EDGE ( 'NONE', *, *, #4155, .T. ) ;
#1714 = EDGE_CURVE ( 'NONE', #1602, #5107, #5260, .T. ) ;
#1715 = CYLINDRICAL_SURFACE ( 'NONE', #4370, 10.00000000000000178 ) ;
#1716 = CARTESIAN_POINT ( 'NONE',  ( 26.69133626558211958, -34.12426853589063569, 70.54770495380911655 ) ) ;
#1717 = FACE_OUTER_BOUND ( 'NONE', #3795, .T. ) ;
#1718 = EDGE_CURVE ( 'NONE', #5433, #2430, #4236, .T. ) ;
#1719 = ORIENTED_EDGE ( 'NONE', *, *, #1886, .T. ) ;
#1720 = EDGE_CURVE ( 'NONE', #3902, #3988, #907, .T. ) ;
#1721 = CARTESIAN_POINT ( 'NONE',  ( 21.62782819416898761, -4.159426652864721241, 69.99494007384836891 ) ) ;
#1722 = AXIS2_PLACEMENT_3D ( 'NONE', #4498, #307, #1598 ) ;
#1723 = CARTESIAN_POINT ( 'NONE',  ( -0.6152014920796888831, 2.335970026501086760, 156.7000000000005002 ) ) ;
#1724 = DIRECTION ( 'NONE',  ( 0.1013672451882220715, -0.9948490747861964412, 3.745135536382605176E-19 ) ) ;
#1725 = VERTEX_POINT ( 'NONE', #475 ) ;
#1726 = CARTESIAN_POINT ( 'NONE',  ( 2.592065698302891796, -46.30612394287765454, 65.41997158625673592 ) ) ;
#1727 = LINE ( 'NONE', #467, #101 ) ;
#1728 = EDGE_LOOP ( 'NONE', ( #2219, #4092, #5254, #1242 ) ) ;
#1729 = PERSON_AND_ORGANIZATION_ROLE ( 'design_owner' ) ;
#1730 = ORIENTED_EDGE ( 'NONE', *, *, #4627, .T. ) ;
#1731 = VECTOR ( 'NONE', #2560, 1000.000000000000114 ) ;
#1732 = VERTEX_POINT ( 'NONE', #1310 ) ;
#1733 = CARTESIAN_POINT ( 'NONE',  ( 23.88554599992087901, -15.55567729863809312, 72.99493859275902707 ) ) ;
#1734 = DIRECTION ( 'NONE',  ( 0.000000000000000000, 0.000000000000000000, 1.000000000000000000 ) ) ;
#1735 = DIRECTION ( 'NONE',  ( 0.1013672451882220021, -0.9948490747861963301, 0.000000000000000000 ) ) ;
#1736 = AXIS2_PLACEMENT_3D ( 'NONE', #955, #4804, #4427 ) ;
#1737 = FACE_OUTER_BOUND ( 'NONE', #3680, .T. ) ;
#1738 = VERTEX_POINT ( 'NONE', #4379 ) ;
#1739 = AXIS2_PLACEMENT_3D ( 'NONE', #4902, #5321, #4128 ) ;
#1740 = DIRECTION ( 'NONE',  ( -0.1013672451882221409, 0.9948490747861963301, -8.628940225427096896E-16 ) ) ;
#1741 = CARTESIAN_POINT ( 'NONE',  ( 26.73725276697575026, -34.57490709121757533, 70.95010936804348489 ) ) ;
#1742 = DIRECTION ( 'NONE',  ( 0.9948490747852797300, 0.1013672451881257042, -1.357708165471483539E-06 ) ) ;
#1743 = VECTOR ( 'NONE', #1489, 999.9999999999998863 ) ;
#1744 = ORIENTED_EDGE ( 'NONE', *, *, #1488, .F. ) ;
#1745 = AXIS2_PLACEMENT_3D ( 'NONE', #3423, #4750, #821 ) ;
#1746 = CARTESIAN_POINT ( 'NONE',  ( 22.05979073966039294, -43.39575035035581152, 71.15742112580723244 ) ) ;
#1747 = ADVANCED_FACE ( 'NONE', ( #501 ), #994, .T. ) ;
#1748 = LINE ( 'NONE', #513, #2566 ) ;
#1749 = DIRECTION ( 'NONE',  ( 0.1013672451882219744, -0.9948490747861963301, 9.629649721936178196E-35 ) ) ;
#1750 = ORIENTED_EDGE ( 'NONE', *, *, #2989, .T. ) ;
#1751 = CIRCLE ( 'NONE', #4504, 1.000000000000000888 ) ;
#1752 = CARTESIAN_POINT ( 'NONE',  ( 17.68445083979110066, -2.550870399050032766, 61.66994517883649252 ) ) ;
#1753 = ADVANCED_FACE ( 'NONE', ( #4064 ), #884, .F. ) ;
#1754 = DIRECTION ( 'NONE',  ( -0.1013672451882220577, 0.9948490747861964412, -1.058791184066899411E-22 ) ) ;
#1755 = VECTOR ( 'NONE', #1369, 1000.000000000000114 ) ;
#1756 = CYLINDRICAL_SURFACE ( 'NONE', #3490, 1.049999999999997380 ) ;
#1757 = ORIENTED_EDGE ( 'NONE', *, *, #4674, .T. ) ;
#1758 = DIRECTION ( 'NONE',  ( 6.903152180341684826E-18, 7.033765596924220165E-19, -1.000000000000000000 ) ) ;
#1759 = EDGE_CURVE ( 'NONE', #633, #5175, #1788, .T. ) ;
#1760 = EDGE_CURVE ( 'NONE', #3187, #3651, #2119, .T. ) ;
#1761 = VECTOR ( 'NONE', #5570, 999.9999999999998863 ) ;
#1762 = ORIENTED_EDGE ( 'NONE', *, *, #3125, .F. ) ;
#1763 = CARTESIAN_POINT ( 'NONE',  ( -2.065269317183205278, -36.58808555137160567, 70.31990147717444017 ) ) ;
#1764 = DIRECTION ( 'NONE',  ( 1.239338356993251584E-07, 1.302204814459476094E-09, -0.9999999999999923395 ) ) ;
#1765 = CARTESIAN_POINT ( 'NONE',  ( -4.765143601846451915, -20.56509576948769791, 69.08223559130206581 ) ) ;
#1766 = ORIENTED_EDGE ( 'NONE', *, *, #3682, .T. ) ;
#1767 = AXIS2_PLACEMENT_3D ( 'NONE', #5119, #2513, #5611 ) ;
#1768 = CARTESIAN_POINT ( 'NONE',  ( 1.867766938066796056, -45.37474665815660302, 72.99497515744126019 ) ) ;
#1769 = CARTESIAN_POINT ( 'NONE',  ( 25.81176886891704214, -34.61733243684601291, 70.99692840723642462 ) ) ;
#1770 = CARTESIAN_POINT ( 'NONE',  ( 2.867343623364573268, -45.32920533746329284, 72.99497515311675500 ) ) ;
#1771 = CARTESIAN_POINT ( 'NONE',  ( -2.641221169739417451, -18.94875763171588900, 71.03113877914982766 ) ) ;
#1772 = ORIENTED_EDGE ( 'NONE', *, *, #1134, .T. ) ;
#1773 = EDGE_CURVE ( 'NONE', #2017, #4163, #1362, .T. ) ;
#1774 = CARTESIAN_POINT ( 'NONE',  ( 22.19580234168799748, -44.30865836814973591, 69.80703843358240590 ) ) ;
#1775 = CARTESIAN_POINT ( 'NONE',  ( 24.12940391764593073, -8.980682742701462828, 21.41636012479020224 ) ) ;
#1776 = CARTESIAN_POINT ( 'NONE',  ( 4.010794282272994060, -45.22214110561112221, 70.62978034538255656 ) ) ;
#1777 = CARTESIAN_POINT ( 'NONE',  ( 4.082598248480549863, -43.12836250244817649, 63.23687828670684752 ) ) ;
#1778 = ORIENTED_EDGE ( 'NONE', *, *, #5553, .T. ) ;
#1779 = CARTESIAN_POINT ( 'NONE',  ( 3.162769465329018370, -42.82610096081719320, 72.99497440958562322 ) ) ;
#1780 = CARTESIAN_POINT ( 'NONE',  ( 21.44518070145429434, -39.45977055751615126, 65.41994517883303217 ) ) ;
#1781 = CARTESIAN_POINT ( 'NONE',  ( 0.08827166962562014996, -43.53535276051081837, 61.37305445800299708 ) ) ;
#1782 = AXIS2_PLACEMENT_3D ( 'NONE', #1429, #484, #1401 ) ;
#1783 = ORIENTED_EDGE ( 'NONE', *, *, #2183, .F. ) ;
#1784 = PERSON_AND_ORGANIZATION_ROLE ( 'creator' ) ;
#1785 = EDGE_CURVE ( 'NONE', #36, #3786, #3369, .T. ) ;
#1786 = ORIENTED_EDGE ( 'NONE', *, *, #4607, .T. ) ;
#1787 = DIRECTION ( 'NONE',  ( 0.000000000000000000, 0.9999999999999924505, 1.233052271398804843E-07 ) ) ;
#1788 = LINE ( 'NONE', #448, #1662 ) ;
#1789 = CARTESIAN_POINT ( 'NONE',  ( -3.671416185229636753, -21.43413851686722182, 69.99497662337896031 ) ) ;
#1790 = ORIENTED_EDGE ( 'NONE', *, *, #1027, .T. ) ;
#1791 =( BOUNDED_CURVE ( )  B_SPLINE_CURVE ( 3, ( #628, #69, #1001, #3265 ),
 .UNSPECIFIED., .F., .F. ) 
 B_SPLINE_CURVE_WITH_KNOTS ( ( 4, 4 ),
 ( 4.610847330772918085, 4.712388980384689674 ),
 .UNSPECIFIED. ) 
 CURVE ( )  GEOMETRIC_REPRESENTATION_ITEM ( )  RATIONAL_B_SPLINE_CURVE ( ( 1.000000000000000000, 0.9991409590007889197, 0.9991409590007889197, 1.000000000000000000 ) ) 
 REPRESENTATION_ITEM ( '' )  );
#1792 = FACE_OUTER_BOUND ( 'NONE', #5465, .T. ) ;
#1793 = CARTESIAN_POINT ( 'NONE',  ( 27.46945464659786040, -41.76095975690667927, 69.99493735846891695 ) ) ;
#1794 = LINE ( 'NONE', #3067, #1946 ) ;
#1795 = CYLINDRICAL_SURFACE ( 'NONE', #1782, 1.049999999999997380 ) ;
#1796 = ORIENTED_EDGE ( 'NONE', *, *, #451, .F. ) ;
#1797 = CIRCLE ( 'NONE', #2082, 1.550000000000000266 ) ;
#1798 = CARTESIAN_POINT ( 'NONE',  ( 22.37516736382146476, -43.37043502612605295, 71.66007850706054683 ) ) ;
#1799 = DIRECTION ( 'NONE',  ( -9.367506770274759572E-14, 0.9999999999999905631, -1.376271353825675712E-07 ) ) ;
#1800 = DIRECTION ( 'NONE',  ( 0.000000000000000000, 0.000000000000000000, -1.000000000000000000 ) ) ;
#1801 = CARTESIAN_POINT ( 'NONE',  ( 33.85339220769599677, -4.974352530190101263, 72.99492367275794891 ) ) ;
#1802 = VERTEX_POINT ( 'NONE', #4898 ) ;
#1803 = VERTEX_POINT ( 'NONE', #2771 ) ;
#1804 = VECTOR ( 'NONE', #1144, 1000.000000000000000 ) ;
#1805 = CARTESIAN_POINT ( 'NONE',  ( 3.428394502543986366, -41.94204891081587760, 72.99497392913247040 ) ) ;
#1806 = DIRECTION ( 'NONE',  ( 6.903152180341686367E-18, 7.033765596924231720E-19, -1.000000000000000000 ) ) ;
#1807 = CARTESIAN_POINT ( 'NONE',  ( -3.525929163626881913, -8.064482970409061480, 67.78000000000039904 ) ) ;
#1808 = CARTESIAN_POINT ( 'NONE',  ( -2.931353828439256848, -17.28709174961461770, 72.99497369531648872 ) ) ;
#1809 = CARTESIAN_POINT ( 'NONE',  ( 0.002007122936674752590, -37.92439209044140114, 72.24059638631274538 ) ) ;
#1810 = ADVANCED_FACE ( 'NONE', ( #624 ), #3723, .T. ) ;
#1811 = EDGE_LOOP ( 'NONE', ( #2676, #5366 ) ) ;
#1812 = FACE_OUTER_BOUND ( 'NONE', #3384, .T. ) ;
#1813 = VERTEX_POINT ( 'NONE', #2342 ) ;
#1814 = ORIENTED_EDGE ( 'NONE', *, *, #1167, .F. ) ;
#1815 = DIRECTION ( 'NONE',  ( -1.000000000000000000, 0.000000000000000000, 0.000000000000000000 ) ) ;
#1816 = ADVANCED_FACE ( 'NONE', ( #216 ), #2855, .F. ) ;
#1817 = DIRECTION ( 'NONE',  ( 1.350714706455111253E-06, 1.376271359130508594E-07, 0.9999999999990782928 ) ) ;
#1818 = CYLINDRICAL_SURFACE ( 'NONE', #5547, 2.000000000000000000 ) ;
#1819 = VERTEX_POINT ( 'NONE', #4154 ) ;
#1820 = DIRECTION ( 'NONE',  ( -0.1013672451882220577, 0.9948490747861964412, 0.000000000000000000 ) ) ;
#1821 = CARTESIAN_POINT ( 'NONE',  ( 27.47975649702636503, -41.96369424728293751, 113.3500000000004917 ) ) ;
#1822 = PLANE ( 'NONE',  #2581 ) ;
#1823 =( BOUNDED_SURFACE ( )  B_SPLINE_SURFACE ( 3, 2, ( 
 ( #3532, #5234, #2648 ),
 ( #4405, #1309, #447 ),
 ( #2193, #11, #3428 ),
 ( #3972, #1252, #1763 ),
 ( #37, #1335, #3003 ),
 ( #3085, #390, #5284 ) ),
 .UNSPECIFIED., .F., .F., .F. ) 
 B_SPLINE_SURFACE_WITH_KNOTS ( ( 4, 2, 4 ),
 ( 3, 3 ),
 ( -2.168404344971008868E-19, 0.001459289178059365762, 0.002918578356118731957 ),
 ( 0.000000000000000000, 1.000000000000000000 ),
 .UNSPECIFIED. ) 
 GEOMETRIC_REPRESENTATION_ITEM ( )  RATIONAL_B_SPLINE_SURFACE ( (
 ( 1.000000000000000000, 0.7071067811865495711, 1.000000000000000000),
 ( 1.000000000000000000, 0.7000428799437315996, 1.000000000000000000),
 ( 1.000000000000000000, 0.6943765826964030108, 1.000000000000000000),
 ( 1.000000000000000000, 0.6849398172464715717, 1.000000000000000000),
 ( 1.000000000000000000, 0.6813431994637625388, 1.000000000000000000),
 ( 1.000000000000000000, 0.6783814919462535231, 1.000000000000000000) ) ) 
 REPRESENTATION_ITEM ( '' )  SURFACE ( )  );
#1824 = CARTESIAN_POINT ( 'NONE',  ( -3.335201121335664265, -19.71792843252999106, 70.44425570636073530 ) ) ;
#1825 = ORIENTED_EDGE ( 'NONE', *, *, #254, .T. ) ;
#1826 = VECTOR ( 'NONE', #1524, 1000.000000000000000 ) ;
#1827 = EDGE_CURVE ( 'NONE', #3449, #4343, #2370, .T. ) ;
#1828 = DIRECTION ( 'NONE',  ( 0.1013672451882222242, -0.9948490747861963301, -1.323488980086796071E-22 ) ) ;
#1829 = DIRECTION ( 'NONE',  ( -0.9948490747861963301, -0.1013672451882222242, 0.000000000000000000 ) ) ;
#1830 = CARTESIAN_POINT ( 'NONE',  ( 4.248823683554714847, -5.940578716229466316, 153.0500000000004945 ) ) ;
#1831 = CIRCLE ( 'NONE', #4683, 9.599999999999997868 ) ;
#1832 = DIRECTION ( 'NONE',  ( 1.000000000000000000, 0.000000000000000000, 0.000000000000000000 ) ) ;
#1833 = ORIENTED_EDGE ( 'NONE', *, *, #4696, .F. ) ;
#1834 = ORIENTED_EDGE ( 'NONE', *, *, #1505, .F. ) ;
#1835 = ORIENTED_EDGE ( 'NONE', *, *, #4818, .F. ) ;
#1836 = CARTESIAN_POINT ( 'NONE',  ( 7.833970599105510857, -36.59654111421887279, 72.99496724276910697 ) ) ;
#1837 = DIRECTION ( 'NONE',  ( 0.1013672451882220854, -0.9948490747861964412, 3.744813952309919148E-19 ) ) ;
#1838 = CARTESIAN_POINT ( 'NONE',  ( 0.7776013374214421070, -9.198914737120540863, 65.69314762838467914 ) ) ;
#1839 = CARTESIAN_POINT ( 'NONE',  ( -1.925998075394085740, -18.18566930775903501, 72.99497381874395785 ) ) ;
#1840 = CARTESIAN_POINT ( 'NONE',  ( -0.7282525056573370126, -39.05167451952907953, 72.53647601447580939 ) ) ;
#1841 = CIRCLE ( 'NONE', #1297, 1.049999999999997602 ) ;
#1842 = ORIENTED_EDGE ( 'NONE', *, *, #5495, .F. ) ;
#1843 = CARTESIAN_POINT ( 'NONE',  ( 21.17863729818307306, -41.38641146080795608, 49.99494580400098442 ) ) ;
#1844 = ORIENTED_EDGE ( 'NONE', *, *, #2096, .T. ) ;
#1845 = B_SPLINE_CURVE_WITH_KNOTS ( 'NONE', 3,
 ( #5628, #1159, #1776, #2181, #5218, #434, #1320, #406, #49, #76 ),
 .UNSPECIFIED., .F., .F.,
 ( 4, 2, 2, 2, 4 ),
 ( 0.002308070389499140146, 0.002909356546264745338, 0.003510642703030350097, 0.004111928859795954856, 0.004713215016561560049 ),
 .UNSPECIFIED. ) ;
#1846 = VECTOR ( 'NONE', #2376, 1000.000000000000000 ) ;
#1847 = EDGE_CURVE ( 'NONE', #516, #3913, #5315, .T. ) ;
#1848 = ORIENTED_EDGE ( 'NONE', *, *, #221, .T. ) ;
#1849 = CARTESIAN_POINT ( 'NONE',  ( 2.867711203403628950, -45.36424003970770968, 72.79621027971647607 ) ) ;
#1850 = CARTESIAN_POINT ( 'NONE',  ( -4.635144689299750098, 2.328440675662673431, 150.0500000000004945 ) ) ;
#1851 = CYLINDRICAL_SURFACE ( 'NONE', #2070, 2.000000000000000000 ) ;
#1852 = AXIS2_PLACEMENT_3D ( 'NONE', #1501, #264, #1899 ) ;
#1853 = ORIENTED_EDGE ( 'NONE', *, *, #1604, .T. ) ;
#1854 = DIRECTION ( 'NONE',  ( -1.000000000000000000, 0.000000000000000000, 0.000000000000000000 ) ) ;
#1855 = LINE ( 'NONE', #1031, #551 ) ;
#1856 = CARTESIAN_POINT ( 'NONE',  ( 16.66742944024511530, -6.006939585537041992, 49.99494702818039826 ) ) ;
#1857 = CARTESIAN_POINT ( 'NONE',  ( 21.64913057169459876, -40.46633570430726223, 72.99494911501813021 ) ) ;
#1858 = VERTEX_POINT ( 'NONE', #188 ) ;
#1859 = EDGE_CURVE ( 'NONE', #2366, #2703, #4965, .T. ) ;
#1860 = CARTESIAN_POINT ( 'NONE',  ( -4.615201492079688883, 2.335970026501087204, 156.7000000000005002 ) ) ;
#1861 = CARTESIAN_POINT ( 'NONE',  ( -1.925998075394093512, -18.18566930775896040, 41.71066611099396937 ) ) ;
#1862 = DIRECTION ( 'NONE',  ( -0.9948490747852795080, -0.1013672451881285769, 1.357708158863012953E-06 ) ) ;
#1863 = CARTESIAN_POINT ( 'NONE',  ( -2.840149246401144634, -18.21182842595946028, 72.65788042406576608 ) ) ;
#1864 = EDGE_CURVE ( 'NONE', #3718, #2110, #3861, .T. ) ;
#1865 = ADVANCED_FACE ( 'NONE', ( #4096 ), #1538, .F. ) ;
#1866 = ORIENTED_EDGE ( 'NONE', *, *, #2590, .F. ) ;
#1867 = VERTEX_POINT ( 'NONE', #5463 ) ;
#1868 = VERTEX_POINT ( 'NONE', #5014 ) ;
#1869 = ORIENTED_EDGE ( 'NONE', *, *, #937, .F. ) ;
#1870 = CARTESIAN_POINT ( 'NONE',  ( 21.08714233781605429, -2.204163072157962144, 49.99494053504494673 ) ) ;
#1871 = DIRECTION ( 'NONE',  ( 6.903152180341683286E-18, 7.033765596924218239E-19, -1.000000000000000000 ) ) ;
#1872 = CARTESIAN_POINT ( 'NONE',  ( -1.925998066262427422, -18.18566931139728382, 72.96472128842808047 ) ) ;
#1873 = CARTESIAN_POINT ( 'NONE',  ( -0.9035060962680456775, -37.29672753553036557, 70.90519296045005149 ) ) ;
#1874 = ORIENTED_EDGE ( 'NONE', *, *, #510, .T. ) ;
#1875 = ORIENTED_EDGE ( 'NONE', *, *, #1773, .T. ) ;
#1876 = VERTEX_POINT ( 'NONE', #4579 ) ;
#1877 = DIRECTION ( 'NONE',  ( -0.1013672451882219050, 0.9948490747861964412, 0.000000000000000000 ) ) ;
#1878 = DIRECTION ( 'NONE',  ( -0.9948490747861964412, -0.1013672451882221270, 1.481920987154603808E-15 ) ) ;
#1879 = DIRECTION ( 'NONE',  ( 0.000000000000000000, 0.000000000000000000, 1.000000000000000000 ) ) ;
#1880 = VERTEX_POINT ( 'NONE', #3664 ) ;
#1881 = VECTOR ( 'NONE', #4760, 1000.000000000000114 ) ;
#1882 = CARTESIAN_POINT ( 'NONE',  ( -3.406981281805577577, -12.61913879256433724, 102.1000000000004775 ) ) ;
#1883 = CARTESIAN_POINT ( 'NONE',  ( 3.323647908989822319, 3.139378637168449782, 150.0500000000004945 ) ) ;
#1884 = CARTESIAN_POINT ( 'NONE',  ( 1.867766938066796056, -45.37474665815659591, 41.71066611099396937 ) ) ;
#1885 = CARTESIAN_POINT ( 'NONE',  ( -2.046103377625251074, -18.32743430546599939, 72.07536461431642749 ) ) ;
#1886 = EDGE_CURVE ( 'NONE', #5039, #72, #3286, .T. ) ;
#1887 = ORIENTED_EDGE ( 'NONE', *, *, #2165, .F. ) ;
#1888 = CARTESIAN_POINT ( 'NONE',  ( -0.7105087571694189696, -39.08314293255629224, 72.99497369531648872 ) ) ;
#1889 = CARTESIAN_POINT ( 'NONE',  ( -0.6152014920796888831, 2.335970026501086760, 95.38629150101573373 ) ) ;
#1890 = DIRECTION ( 'NONE',  ( 1.000000000000000000, 0.000000000000000000, 0.000000000000000000 ) ) ;
#1891 = EDGE_CURVE ( 'NONE', #3886, #4431, #5438, .T. ) ;
#1892 = CARTESIAN_POINT ( 'NONE',  ( -2.931167552821523969, -17.28891991536595896, 72.87399147639987973 ) ) ;
#1893 = ORIENTED_EDGE ( 'NONE', *, *, #1341, .T. ) ;
#1894 = AXIS2_PLACEMENT_3D ( 'NONE', #5414, #4067, #2804 ) ;
#1895 = EDGE_LOOP ( 'NONE', ( #846, #1194, #3486, #2442 ) ) ;
#1896 = ADVANCED_FACE ( 'NONE', ( #1141 ), #3750, .T. ) ;
#1897 = EDGE_LOOP ( 'NONE', ( #3084, #1248, #4279, #4666 ) ) ;
#1898 = ORIENTED_EDGE ( 'NONE', *, *, #3030, .T. ) ;
#1899 = DIRECTION ( 'NONE',  ( -0.1013672451882220438, 0.9948490747861963301, 0.000000000000000000 ) ) ;
#1900 = CARTESIAN_POINT ( 'NONE',  ( -0.1616675714975427391, -6.379603779008926168, 49.99496981077894020 ) ) ;
#1901 = CARTESIAN_POINT ( 'NONE',  ( 22.77241619996842559, -44.24990598064431424, 70.34382572089572250 ) ) ;
#1902 = CARTESIAN_POINT ( 'NONE',  ( -2.122032130411481532, -36.18114742043884036, 70.15955739786367928 ) ) ;
#1903 = PLANE ( 'NONE',  #4249 ) ;
#1904 = EDGE_LOOP ( 'NONE', ( #2567, #2130 ) ) ;
#1905 = ORIENTED_EDGE ( 'NONE', *, *, #3153, .T. ) ;
#1906 = AXIS2_PLACEMENT_3D ( 'NONE', #1164, #733, #2511 ) ;
#1907 = EDGE_CURVE ( 'NONE', #2647, #2887, #682, .T. ) ;
#1908 = ORIENTED_EDGE ( 'NONE', *, *, #2083, .T. ) ;
#1909 = CARTESIAN_POINT ( 'NONE',  ( 2.174541043048960010, -46.34866639999392390, 71.70207457613477686 ) ) ;
#1910 = DIRECTION ( 'NONE',  ( 6.903152180341683286E-18, 7.033765596924218239E-19, -1.000000000000000000 ) ) ;
#1911 = CARTESIAN_POINT ( 'NONE',  ( 6.776430230576962366, 24.49738928361381340, 106.7000000000005002 ) ) ;
#1912 = VERTEX_POINT ( 'NONE', #1565 ) ;
#1913 = FACE_OUTER_BOUND ( 'NONE', #5561, .T. ) ;
#1914 = DIRECTION ( 'NONE',  ( -0.1013672451882220854, 0.9948490747861963301, -3.744813952309920111E-19 ) ) ;
#1915 = LINE ( 'NONE', #571, #1846 ) ;
#1916 = LINE ( 'NONE', #1147, #4544 ) ;
#1917 = ORIENTED_EDGE ( 'NONE', *, *, #2561, .T. ) ;
#1918 = CARTESIAN_POINT ( 'NONE',  ( 23.93588548039575414, -16.17666282824711388, 71.15944833362955535 ) ) ;
#1919 = ADVANCED_FACE ( 'NONE', ( #595, #2883 ), #708, .F. ) ;
#1920 = CARTESIAN_POINT ( 'NONE',  ( 25.81266800252412352, -34.62451696128881906, 71.00515099885521408 ) ) ;
#1921 = DIRECTION ( 'NONE',  ( 1.000000000000000000, 0.000000000000000000, 0.000000000000000000 ) ) ;
#1922 = CARTESIAN_POINT ( 'NONE',  ( -3.521218737327348691, -19.24313206923396535, 70.81796410971861633 ) ) ;
#1923 = CIRCLE ( 'NONE', #546, 2.000000000000001332 ) ;
#1924 = ORIENTED_EDGE ( 'NONE', *, *, #2, .F. ) ;
#1925 = ORIENTED_EDGE ( 'NONE', *, *, #2209, .F. ) ;
#1926 = ORIENTED_EDGE ( 'NONE', *, *, #248, .T. ) ;
#1927 = VERTEX_POINT ( 'NONE', #2800 ) ;
#1928 = CIRCLE ( 'NONE', #742, 1.550000000000000266 ) ;
#1929 = FACE_BOUND ( 'NONE', #2390, .T. ) ;
#1930 = FACE_OUTER_BOUND ( 'NONE', #1153, .T. ) ;
#1931 = LINE ( 'NONE', #4979, #4967 ) ;
#1932 = ORIENTED_EDGE ( 'NONE', *, *, #998, .T. ) ;
#1933 = ORIENTED_EDGE ( 'NONE', *, *, #1449, .F. ) ;
#1934 = ADVANCED_FACE ( 'NONE', ( #4986 ), #4554, .F. ) ;
#1935 = CARTESIAN_POINT ( 'NONE',  ( 16.82605136600795248, -7.563704723693866150, 67.78000000000042746 ) ) ;
#1936 = CARTESIAN_POINT ( 'NONE',  ( 3.652813169566605733, -46.19804217276048064, 70.96154055247568238 ) ) ;
#1937 = AXIS2_PLACEMENT_3D ( 'NONE', #1165, #2910, #2135 ) ;
#1938 = DIRECTION ( 'NONE',  ( -0.000000000000000000, -0.000000000000000000, 1.000000000000000000 ) ) ;
#1939 = DIRECTION ( 'NONE',  ( 1.000000000000000000, 0.000000000000000000, 0.000000000000000000 ) ) ;
#1940 = ADVANCED_FACE ( 'NONE', ( #2105 ), #4779, .F. ) ;
#1941 = ADVANCED_FACE ( 'NONE', ( #4319 ), #4294, .F. ) ;
#1942 = ORIENTED_EDGE ( 'NONE', *, *, #1173, .T. ) ;
#1943 = CIRCLE ( 'NONE', #197, 10.00000000000000178 ) ;
#1944 = LINE ( 'NONE', #5380, #5468 ) ;
#1945 = DIRECTION ( 'NONE',  ( 1.000000000000000000, 0.000000000000000000, 0.000000000000000000 ) ) ;
#1946 = VECTOR ( 'NONE', #4362, 1000.000000000000000 ) ;
#1947 = CYLINDRICAL_SURFACE ( 'NONE', #4049, 1.000000000000000666 ) ;
#1948 = DIRECTION ( 'NONE',  ( -1.000000000000000000, 0.000000000000000000, 0.000000000000000000 ) ) ;
#1949 = ORIENTED_EDGE ( 'NONE', *, *, #3801, .T. ) ;
#1950 = VECTOR ( 'NONE', #3223, 1000.000000000000114 ) ;
#1951 = DIRECTION ( 'NONE',  ( 0.7934081145762277298, -0.6086900391205652960, 0.000000000000000000 ) ) ;
#1952 = CARTESIAN_POINT ( 'NONE',  ( -1.324772208397245077, 9.299913550004461626, 113.3500000000004917 ) ) ;
#1953 = DIRECTION ( 'NONE',  ( -6.903152180341684056E-18, -7.033765596924220165E-19, 1.000000000000000000 ) ) ;
#1954 = CARTESIAN_POINT ( 'NONE',  ( -3.577280865482660666, -18.43623461433077537, 70.87494706329295013 ) ) ;
#1955 = ORIENTED_EDGE ( 'NONE', *, *, #2867, .T. ) ;
#1956 = AXIS2_PLACEMENT_3D ( 'NONE', #5148, #1223, #2972 ) ;
#1957 = VERTEX_POINT ( 'NONE', #1618 ) ;
#1958 = EDGE_CURVE ( 'NONE', #1640, #2620, #5173, .T. ) ;
#1959 = ORIENTED_EDGE ( 'NONE', *, *, #1641, .F. ) ;
#1960 = ORIENTED_EDGE ( 'NONE', *, *, #1412, .F. ) ;
#1961 = CARTESIAN_POINT ( 'NONE',  ( 24.00840244415790181, -8.157739211839919236, 69.99493740864805602 ) ) ;
#1962 = AXIS2_PLACEMENT_3D ( 'NONE', #2138, #3365, #4723 ) ;
#1963 = FACE_OUTER_BOUND ( 'NONE', #5060, .T. ) ;
#1964 = FACE_OUTER_BOUND ( 'NONE', #5257, .T. ) ;
#1965 = EDGE_LOOP ( 'NONE', ( #5081, #2124 ) ) ;
#1966 = ADVANCED_FACE ( 'NONE', ( #356, #850 ), #3855, .T. ) ;
#1967 = VERTEX_POINT ( 'NONE', #2079 ) ;
#1968 = LINE ( 'NONE', #1190, #4661 ) ;
#1969 = CARTESIAN_POINT ( 'NONE',  ( -1.117683794713215217, -36.63234210252881695, 53.99497526568450922 ) ) ;
#1970 = EDGE_CURVE ( 'NONE', #2647, #232, #3025, .T. ) ;
#1971 = ORIENTED_EDGE ( 'NONE', *, *, #1070, .T. ) ;
#1972 = CARTESIAN_POINT ( 'NONE',  ( -4.635144689299750098, 2.328440675662676096, 153.0500000000004945 ) ) ;
#1973 = LINE ( 'NONE', #1544, #4137 ) ;
#1974 = CARTESIAN_POINT ( 'NONE',  ( 1.547474169778340292, -46.41255955032517733, 65.41997301185030267 ) ) ;
#1975 = CARTESIAN_POINT ( 'NONE',  ( -5.694873972873845780, -11.44042599142247418, 69.99497798108710356 ) ) ;
#1976 = ORIENTED_EDGE ( 'NONE', *, *, #4567, .T. ) ;
#1977 = CARTESIAN_POINT ( 'NONE',  ( 3.303700934762670904, 3.137346198401063990, 95.38629150101573373 ) ) ;
#1978 = DIRECTION ( 'NONE',  ( 1.000000000000000000, 0.000000000000000000, 0.000000000000000000 ) ) ;
#1979 = CARTESIAN_POINT ( 'NONE',  ( 28.14032201699808411, -73.00733108737510690, 63.23684990374242432 ) ) ;
#1980 = CARTESIAN_POINT ( 'NONE',  ( 23.61749932944541186, -3.956694915031175874, 113.3500000000004917 ) ) ;
#1981 = ORIENTED_EDGE ( 'NONE', *, *, #5583, .F. ) ;
#1982 =( BOUNDED_CURVE ( )  B_SPLINE_CURVE ( 3, ( #4135, #5024, #2837, #4506 ),
 .UNSPECIFIED., .F., .F. ) 
 B_SPLINE_CURVE_WITH_KNOTS ( ( 4, 4 ),
 ( 1.570796326794895226, 1.672337976406669480 ),
 .UNSPECIFIED. ) 
 CURVE ( )  GEOMETRIC_REPRESENTATION_ITEM ( )  RATIONAL_B_SPLINE_CURVE ( ( 1.000000000000000000, 0.9991409590007888086, 0.9991409590007888086, 1.000000000000000000 ) ) 
 REPRESENTATION_ITEM ( '' )  );
#1983 = ORIENTED_EDGE ( 'NONE', *, *, #4450, .F. ) ;
#1984 = VERTEX_POINT ( 'NONE', #331 ) ;
#1985 = CARTESIAN_POINT ( 'NONE',  ( 23.73758889903268354, -7.492437174150339274, 69.99493768287626949 ) ) ;
#1986 = LINE ( 'NONE', #179, #3295 ) ;
#1987 = CARTESIAN_POINT ( 'NONE',  ( 0.09436922423786545111, -4.627973497002288994, 156.7000000000005002 ) ) ;
#1988 = VERTEX_POINT ( 'NONE', #1676 ) ;
#1989 = VECTOR ( 'NONE', #4736, 1000.000000000000114 ) ;
#1990 = CARTESIAN_POINT ( 'NONE',  ( -4.898364361283364055, -19.25761844710494231, 69.68991249175978453 ) ) ;
#1991 = DIRECTION ( 'NONE',  ( -0.000000000000000000, -0.000000000000000000, 1.000000000000000000 ) ) ;
#1992 = EDGE_CURVE ( 'NONE', #3439, #633, #1191, .T. ) ;
#1993 = DIRECTION ( 'NONE',  ( 1.350714706455073349E-06, 1.376271359134233686E-07, 0.9999999999990782928 ) ) ;
#1994 = CARTESIAN_POINT ( 'NONE',  ( 24.87998592280961674, -41.00927333697723043, 67.77994004271761241 ) ) ;
#1995 = ORIENTED_EDGE ( 'NONE', *, *, #3717, .F. ) ;
#1996 = ADVANCED_FACE ( 'NONE', ( #5576, #3778 ), #2021, .F. ) ;
#1997 = CIRCLE ( 'NONE', #2724, 1.000000000000000888 ) ;
#1998 = CARTESIAN_POINT ( 'NONE',  ( 22.98647173140112798, -44.22809541652102183, 65.41994375323946542 ) ) ;
#1999 = DIRECTION ( 'NONE',  ( -0.7934081145762277298, 0.6086900391205652960, -0.000000000000000000 ) ) ;
#2000 = LINE ( 'NONE', #3757, #300 ) ;
#2001 = CARTESIAN_POINT ( 'NONE',  ( -3.216638771747078795, -13.00694667954072514, 72.96012706205441134 ) ) ;
#2002 = ORIENTED_EDGE ( 'NONE', *, *, #5212, .F. ) ;
#2003 = CARTESIAN_POINT ( 'NONE',  ( 22.43874454423944798, -12.11822145318847532, 53.99494007386211081 ) ) ;
#2004 = CARTESIAN_POINT ( 'NONE',  ( 25.64445512918651460, -33.33137758873345291, 70.14671753887323291 ) ) ;
#2005 = CARTESIAN_POINT ( 'NONE',  ( 26.89661705820669368, -36.13895687268585277, 71.94972289937328469 ) ) ;
#2006 = CARTESIAN_POINT ( 'NONE',  ( -0.7105087576800849236, -39.08314292754445773, 72.95463698820866227 ) ) ;
#2007 = ORIENTED_EDGE ( 'NONE', *, *, #1102, .F. ) ;
#2008 = EDGE_CURVE ( 'NONE', #2139, #1057, #656, .T. ) ;
#2009 = EDGE_CURVE ( 'NONE', #3946, #1679, #3681, .T. ) ;
#2010 = VECTOR ( 'NONE', #1593, 1000.000000000000000 ) ;
#2011 = ORIENTED_EDGE ( 'NONE', *, *, #1535, .F. ) ;
#2012 = ORIENTED_EDGE ( 'NONE', *, *, #4557, .T. ) ;
#2013 = CARTESIAN_POINT ( 'NONE',  ( 0.000000000000000000, 0.000000000000000000, 113.3500000000004917 ) ) ;
#2014 = CARTESIAN_POINT ( 'NONE',  ( 10.33083741941273992, -10.38664743515795053, 102.7000000000005002 ) ) ;
#2015 = AXIS2_PLACEMENT_3D ( 'NONE', #1726, #1837, #3552 ) ;
#2016 = DIRECTION ( 'NONE',  ( 0.000000000000000000, -1.000000000000000000, -6.113276551644724926E-09 ) ) ;
#2017 = VERTEX_POINT ( 'NONE', #3364 ) ;
#2018 = VECTOR ( 'NONE', #4045, 1000.000000000000114 ) ;
#2019 = ORIENTED_EDGE ( 'NONE', *, *, #144, .T. ) ;
#2020 = DIRECTION ( 'NONE',  ( -0.1013672451882220854, 0.9948490747861964412, 2.857495016088091302E-17 ) ) ;
#2021 = PLANE ( 'NONE',  #468 ) ;
#2022 = AXIS2_PLACEMENT_3D ( 'NONE', #5381, #4068, #3637 ) ;
#2023 = CARTESIAN_POINT ( 'NONE',  ( 6.352283703695825068, 18.79497309300704089, 113.3500000000004917 ) ) ;
#2024 = EDGE_LOOP ( 'NONE', ( #3614, #4291, #4286, #1833 ) ) ;
#2025 = ADVANCED_FACE ( 'NONE', ( #2563 ), #383, .F. ) ;
#2026 = VECTOR ( 'NONE', #3533, 1000.000000000000000 ) ;
#2027 = DIRECTION ( 'NONE',  ( 0.1013672451882222242, -0.9948490747861964412, 0.000000000000000000 ) ) ;
#2028 = LINE ( 'NONE', #1200, #1658 ) ;
#2029 = DIRECTION ( 'NONE',  ( -6.903152180341684056E-18, -7.033765596924220165E-19, 1.000000000000000000 ) ) ;
#2030 = CARTESIAN_POINT ( 'NONE',  ( 5.711018419302791749, -45.98832735120066673, 68.99496732970830237 ) ) ;
#2031 = CIRCLE ( 'NONE', #847, 1.550000000000000266 ) ;
#2032 = ORIENTED_EDGE ( 'NONE', *, *, #1641, .T. ) ;
#2033 = CIRCLE ( 'NONE', #5520, 1.000000000000000000 ) ;
#2034 = CARTESIAN_POINT ( 'NONE',  ( -2.470314592817539623, -18.19138858196344799, 101.7818718029188716 ) ) ;
#2035 = CARTESIAN_POINT ( 'NONE',  ( 9.335988344626539259, -10.48801468034617201, 112.3500000000004917 ) ) ;
#2036 = CARTESIAN_POINT ( 'NONE',  ( 26.90985182081936244, -36.26884687133168228, 72.72808951199722571 ) ) ;
#2037 = DIRECTION ( 'NONE',  ( 0.9948490747861964412, 0.1013672451882218634, 0.000000000000000000 ) ) ;
#2038 = MANIFOLD_SOLID_BREP ( '\X2\570689d2\X0\20', #73 ) ;
#2039 = EDGE_CURVE ( 'NONE', #990, #2822, #5199, .T. ) ;
#2040 = ORIENTED_EDGE ( 'NONE', *, *, #3801, .F. ) ;
#2041 = VECTOR ( 'NONE', #3929, 1000.000000000000114 ) ;
#2042 = ORIENTED_EDGE ( 'NONE', *, *, #4925, .T. ) ;
#2043 = ORIENTED_EDGE ( 'NONE', *, *, #1293, .T. ) ;
#2044 = CARTESIAN_POINT ( 'NONE',  ( 19.95781567858819372, -44.53669149252839787, 69.98562433863621379 ) ) ;
#2045 = EDGE_CURVE ( 'NONE', #2568, #3216, #2940, .T. ) ;
#2046 = CARTESIAN_POINT ( 'NONE',  ( 4.989466571381014681, 22.30495664366497621, 106.7000000000005002 ) ) ;
#2047 = DIRECTION ( 'NONE',  ( -4.535840647229252374E-09, -6.113277569843975061E-09, 1.000000000000000000 ) ) ;
#2048 = ORIENTED_EDGE ( 'NONE', *, *, #883, .F. ) ;
#2049 = AXIS2_PLACEMENT_3D ( 'NONE', #3450, #1192, #2942 ) ;
#2050 = CARTESIAN_POINT ( 'NONE',  ( 26.74249634445692436, -34.62632668070414610, 53.16651023370037876 ) ) ;
#2051 = CARTESIAN_POINT ( 'NONE',  ( -3.741182644355646403, -20.22173551343837872, 70.24179344681537884 ) ) ;
#2052 = DIRECTION ( 'NONE',  ( 9.280770596475919217E-14, -0.9999999999999905631, 1.376271353825675712E-07 ) ) ;
#2053 = FACE_OUTER_BOUND ( 'NONE', #3465, .T. ) ;
#2054 = ORIENTED_EDGE ( 'NONE', *, *, #5609, .T. ) ;
#2055 = ORIENTED_EDGE ( 'NONE', *, *, #4888, .F. ) ;
#2056 = CARTESIAN_POINT ( 'NONE',  ( 24.85023383028531541, -16.05512745446152678, 69.79686975719867803 ) ) ;
#2057 = CARTESIAN_POINT ( 'NONE',  ( 2.867711213264470871, -45.36424003884543765, 72.79985238557584637 ) ) ;
#2058 = CARTESIAN_POINT ( 'NONE',  ( -9.175733797235118061, -8.353502243627033863, 106.7000000000005002 ) ) ;
#2059 = FACE_OUTER_BOUND ( 'NONE', #5075, .T. ) ;
#2060 = CARTESIAN_POINT ( 'NONE',  ( 16.82605136600795959, -7.563704723693869703, 67.78000000000051273 ) ) ;
#2061 = CARTESIAN_POINT ( 'NONE',  ( 1.969133465810863903, -46.36959580604467845, 72.72994162691583142 ) ) ;
#2062 = ORIENTED_EDGE ( 'NONE', *, *, #3259, .F. ) ;
#2063 = CARTESIAN_POINT ( 'NONE',  ( 9.038636406980918636, -6.784253203745192806, 65.69314762838466493 ) ) ;
#2064 = AXIS2_PLACEMENT_3D ( 'NONE', #5644, #2546, #5127 ) ;
#2065 = DIRECTION ( 'NONE',  ( -0.9948490747861963301, -0.1013672451882219328, 0.000000000000000000 ) ) ;
#2066 = EDGE_CURVE ( 'NONE', #4966, #4259, #4142, .T. ) ;
#2067 = CARTESIAN_POINT ( 'NONE',  ( 1.867766938066796056, -45.37474665815659591, 41.71066611099396937 ) ) ;
#2068 = ORIENTED_EDGE ( 'NONE', *, *, #3445, .F. ) ;
#2069 = ORIENTED_EDGE ( 'NONE', *, *, #379, .F. ) ;
#2070 = AXIS2_PLACEMENT_3D ( 'NONE', #4436, #4929, #3566 ) ;
#2071 = ORIENTED_EDGE ( 'NONE', *, *, #3322, .F. ) ;
#2072 = DIRECTION ( 'NONE',  ( 1.350714706458007894E-06, 1.376271358846230044E-07, 0.9999999999990782928 ) ) ;
#2073 = ADVANCED_FACE ( 'NONE', ( #735 ), #2481, .T. ) ;
#2074 = DIRECTION ( 'NONE',  ( 9.367506770274759572E-14, -0.9999999999999905631, 1.376271353825675712E-07 ) ) ;
#2075 = LINE ( 'NONE', #3773, #472 ) ;
#2076 = ORIENTED_EDGE ( 'NONE', *, *, #3328, .T. ) ;
#2077 = DIRECTION ( 'NONE',  ( -1.350714706455111253E-06, -1.376271359130508859E-07, -0.9999999999990782928 ) ) ;
#2078 = FACE_OUTER_BOUND ( 'NONE', #2158, .T. ) ;
#2079 = CARTESIAN_POINT ( 'NONE',  ( -2.931353828439265286, -17.28709174961453598, 72.99497369531648872 ) ) ;
#2080 = DIRECTION ( 'NONE',  ( 1.239368037952732851E-07, 1.302236001009850433E-09, -0.9999999999999923395 ) ) ;
#2081 = ORIENTED_EDGE ( 'NONE', *, *, #998, .F. ) ;
#2082 = AXIS2_PLACEMENT_3D ( 'NONE', #1124, #3733, #111 ) ;
#2083 = EDGE_CURVE ( 'NONE', #5418, #3333, #3804, .T. ) ;
#2084 = CARTESIAN_POINT ( 'NONE',  ( 24.84795196069181245, -16.03273248999371603, 71.10690351041816371 ) ) ;
#2085 = FACE_OUTER_BOUND ( 'NONE', #747, .T. ) ;
#2086 = CARTESIAN_POINT ( 'NONE',  ( 24.96880143946250286, -17.21878614983705447, 69.18791688253051575 ) ) ;
#2087 = LINE ( 'NONE', #2406, #3034 ) ;
#2088 = CARTESIAN_POINT ( 'NONE',  ( 8.179068707195661148, -28.18511734108541233, 72.99496154587703245 ) ) ;
#2089 = FACE_OUTER_BOUND ( 'NONE', #4334, .T. ) ;
#2090 = ORIENTED_EDGE ( 'NONE', *, *, #2393, .F. ) ;
#2091 = CARTESIAN_POINT ( 'NONE',  ( 24.38929272208798693, -47.63748328575162816, 61.66994232764935902 ) ) ;
#2092 = CARTESIAN_POINT ( 'NONE',  ( 1.969134183255017989, -46.36959573294279835, 72.99497786723557624 ) ) ;
#2093 = CARTESIAN_POINT ( 'NONE',  ( -1.501258507707903256, -11.59224434360635669, 100.3663236901454070 ) ) ;
#2094 = ORIENTED_EDGE ( 'NONE', *, *, #893, .T. ) ;
#2095 = VERTEX_POINT ( 'NONE', #495 ) ;
#2096 = EDGE_CURVE ( 'NONE', #566, #2623, #3133, .T. ) ;
#2097 = ORIENTED_EDGE ( 'NONE', *, *, #1970, .T. ) ;
#2098 = CARTESIAN_POINT ( 'NONE',  ( 23.13455484285973540, -9.082049987889684317, 113.3500000000004917 ) ) ;
#2099 = DIRECTION ( 'NONE',  ( -6.903152180341684056E-18, -7.033765596924220165E-19, 1.000000000000000000 ) ) ;
#2100 = CARTESIAN_POINT ( 'NONE',  ( -2.932718662310529467, -46.86905573332508368, 72.87399147639987973 ) ) ;
#2101 = VERTEX_POINT ( 'NONE', #3161 ) ;
#2102 = AXIS2_PLACEMENT_3D ( 'NONE', #4748, #4267, #819 ) ;
#2103 = CARTESIAN_POINT ( 'NONE',  ( -2.914951731927899914, -38.62204049945371764, 52.19771245749183919 ) ) ;
#2104 = CARTESIAN_POINT ( 'NONE',  ( 24.22572412164071665, -9.925787191300521783, 65.77996277159833483 ) ) ;
#2105 = FACE_OUTER_BOUND ( 'NONE', #4105, .T. ) ;
#2106 = ORIENTED_EDGE ( 'NONE', *, *, #2328, .T. ) ;
#2107 = DIRECTION ( 'NONE',  ( 0.9948490747852795080, 0.1013672451881289238, -1.357708159396469644E-06 ) ) ;
#2108 = VECTOR ( 'NONE', #5161, 999.9999999999998863 ) ;
#2109 = ADVANCED_FACE ( 'NONE', ( #2699 ), #1414, .F. ) ;
#2110 = VERTEX_POINT ( 'NONE', #3937 ) ;
#2111 = CARTESIAN_POINT ( 'NONE',  ( 24.73103369163205656, -14.88526092180215876, 71.20550262724796653 ) ) ;
#2112 = CARTESIAN_POINT ( 'NONE',  ( -1.324772208397245299, 9.299913550004461626, 156.7000000000005002 ) ) ;
#2113 = AXIS2_PLACEMENT_3D ( 'NONE', #687, #2459, #3375 ) ;
#2114 = CARTESIAN_POINT ( 'NONE',  ( -0.1875492292635395630, -37.79308406351355387, 71.77546849329542056 ) ) ;
#2115 = CARTESIAN_POINT ( 'NONE',  ( 15.79942928212645015, -25.37082124980406661, 72.99495086562595247 ) ) ;
#2116 = CARTESIAN_POINT ( 'NONE',  ( -2.689979964289011427, -36.63665826924945890, 70.16016033220411430 ) ) ;
#2117 = FACE_OUTER_BOUND ( 'NONE', #4958, .T. ) ;
#2118 = EDGE_LOOP ( 'NONE', ( #4860, #2795, #2388, #3244 ) ) ;
#2119 = CIRCLE ( 'NONE', #927, 3.000000000000000444 ) ;
#2120 = CARTESIAN_POINT ( 'NONE',  ( -4.635144689299750098, 2.328440675662676096, 153.0500000000004945 ) ) ;
#2121 = CARTESIAN_POINT ( 'NONE',  ( 25.90449612486559516, -35.37026930720274009, 72.79480168959442210 ) ) ;
#2122 = VECTOR ( 'NONE', #3079, 999.9999999999998863 ) ;
#2123 = CARTESIAN_POINT ( 'NONE',  ( 16.82605136600795603, -7.563704723693869703, 65.69314762838465072 ) ) ;
#2124 = ORIENTED_EDGE ( 'NONE', *, *, #5192, .F. ) ;
#2125 = AXIS2_PLACEMENT_3D ( 'NONE', #600, #3670, #4102 ) ;
#2126 = CARTESIAN_POINT ( 'NONE',  ( 20.05475390398576963, -43.53928184801765866, 70.01411415543734051 ) ) ;
#2127 = DIRECTION ( 'NONE',  ( 1.000000000000000000, 0.000000000000000000, 0.000000000000000000 ) ) ;
#2128 = CARTESIAN_POINT ( 'NONE',  ( 2.476226873083535285, -25.86974405110464303, 65.87666131862410168 ) ) ;
#2129 = AXIS2_PLACEMENT_3D ( 'NONE', #2067, #2988, #1179 ) ;
#2130 = ORIENTED_EDGE ( 'NONE', *, *, #2605, .F. ) ;
#2131 = EDGE_CURVE ( 'NONE', #2928, #305, #3503, .T. ) ;
#2132 = VECTOR ( 'NONE', #1637, 1000.000000000000000 ) ;
#2133 = DIRECTION ( 'NONE',  ( 0.000000000000000000, -1.000000000000000000, 0.000000000000000000 ) ) ;
#2134 = CARTESIAN_POINT ( 'NONE',  ( 25.89277335953715919, -35.27377734521733998, 72.21463176993468380 ) ) ;
#2135 = DIRECTION ( 'NONE',  ( 1.000000000000000000, 0.000000000000000000, 0.000000000000000000 ) ) ;
#2136 = EDGE_CURVE ( 'NONE', #671, #2923, #4890, .T. ) ;
#2137 = EDGE_LOOP ( 'NONE', ( #4449, #3895, #3567, #2196, #1106 ) ) ;
#2138 = CARTESIAN_POINT ( 'NONE',  ( 1.380630436068336965E-17, 1.406753119384845189E-18, 108.4500000000004860 ) ) ;
#2139 = VERTEX_POINT ( 'NONE', #5 ) ;
#2140 = AXIS2_PLACEMENT_3D ( 'NONE', #2645, #5255, #470 ) ;
#2141 = PLANE ( 'NONE',  #3677 ) ;
#2142 = DIRECTION ( 'NONE',  ( -0.1013672451882220438, 0.9948490747861963301, -9.629649721936178196E-35 ) ) ;
#2143 = EDGE_CURVE ( 'NONE', #1602, #3800, #1727, .T. ) ;
#2144 = CARTESIAN_POINT ( 'NONE',  ( 7.374294049969181586, 18.62977133201544788, 150.0500000000004945 ) ) ;
#2145 = DIRECTION ( 'NONE',  ( -0.000000000000000000, -0.000000000000000000, 1.000000000000000000 ) ) ;
#2146 = DIRECTION ( 'NONE',  ( -1.350714706475886007E-06, -1.376271357091611617E-07, -0.9999999999990782928 ) ) ;
#2147 = ADVANCED_FACE ( 'NONE', ( #411 ), #1756, .F. ) ;
#2148 = ORIENTED_EDGE ( 'NONE', *, *, #3998, .F. ) ;
#2149 = B_SPLINE_CURVE_WITH_KNOTS ( 'NONE', 3,
 ( #4301, #861, #4021, #362, #1415, #1709, #3162, #4330, #5341, #3430, #3134, #1254 ),
 .UNSPECIFIED., .F., .F.,
 ( 4, 2, 2, 2, 2, 4 ),
 ( 0.000000000000000000, 0.0005530876656748443063, 0.001106175331349688613, 0.002212350662699350337, 0.003318525994049011628, 0.004424701325398672919 ),
 .UNSPECIFIED. ) ;
#2150 = CARTESIAN_POINT ( 'NONE',  ( -10.16575261002717667, 1.362844472694154874, 150.0500000000004945 ) ) ;
#2151 = CARTESIAN_POINT ( 'NONE',  ( 8.531800181039908892, -3.483453045967770390, 32.66995766977828453 ) ) ;
#2152 = DIRECTION ( 'NONE',  ( 6.903152180341684826E-18, 7.033765596924220165E-19, -1.000000000000000000 ) ) ;
#2153 = ORIENTED_EDGE ( 'NONE', *, *, #4734, .T. ) ;
#2154 = AXIS2_PLACEMENT_3D ( 'NONE', #3422, #5172, #512 ) ;
#2155 = LINE ( 'NONE', #3822, #4978 ) ;
#2156 = LINE ( 'NONE', #919, #3844 ) ;
#2157 = DIRECTION ( 'NONE',  ( -0.000000000000000000, -0.000000000000000000, 1.000000000000000000 ) ) ;
#2158 = EDGE_LOOP ( 'NONE', ( #3499, #5666, #1730, #677 ) ) ;
#2159 = CIRCLE ( 'NONE', #966, 1.549999999999999378 ) ;
#2160 = CARTESIAN_POINT ( 'NONE',  ( 48.38235170382264982, -9.474773261232762422, 53.99490466764017782 ) ) ;
#2161 = DIRECTION ( 'NONE',  ( -6.903152180341684056E-18, -7.033765596924220165E-19, 1.000000000000000000 ) ) ;
#2162 = ORIENTED_EDGE ( 'NONE', *, *, #268, .F. ) ;
#2163 = CALENDAR_DATE ( 2025, 5, 12 ) ;
#2164 = ORIENTED_EDGE ( 'NONE', *, *, #1659, .T. ) ;
#2165 = EDGE_CURVE ( 'NONE', #2928, #4140, #4453, .T. ) ;
#2166 = CARTESIAN_POINT ( 'NONE',  ( 24.89132042248406762, -16.45836380718511549, 70.67152944704054107 ) ) ;
#2167 = CARTESIAN_POINT ( 'NONE',  ( 24.78555531044302995, -15.42035272516747391, 70.39369344618708624 ) ) ;
#2168 = LINE ( 'NONE', #2144, #1022 ) ;
#2169 = CARTESIAN_POINT ( 'NONE',  ( 26.90985181775682378, -36.26884684127494296, 21.41636012479020224 ) ) ;
#2170 = LINE ( 'NONE', #2651, #1332 ) ;
#2171 = VECTOR ( 'NONE', #5289, 1000.000000000000000 ) ;
#2172 = ORIENTED_EDGE ( 'NONE', *, *, #5230, .T. ) ;
#2173 = EDGE_CURVE ( 'NONE', #582, #1957, #2031, .T. ) ;
#2174 = CARTESIAN_POINT ( 'NONE',  ( 3.636657226827438194, -46.19968833543011755, 65.41997016066315496 ) ) ;
#2175 = CARTESIAN_POINT ( 'NONE',  ( 26.67956839510117462, -34.00877506422136776, 69.38374600927032532 ) ) ;
#2176 = CYLINDRICAL_SURFACE ( 'NONE', #2954, 1.000000000000000888 ) ;
#2177 = ORIENTED_EDGE ( 'NONE', *, *, #2314, .T. ) ;
#2178 = EDGE_CURVE ( 'NONE', #2849, #3257, #5278, .T. ) ;
#2179 = CARTESIAN_POINT ( 'NONE',  ( -4.576085457367430109, -19.88297453954726635, 70.08301366487599182 ) ) ;
#2180 = CIRCLE ( 'NONE', #5385, 1.550000000000000266 ) ;
#2181 = CARTESIAN_POINT ( 'NONE',  ( 4.343117576901229349, -45.17918616642000273, 70.40332198784668094 ) ) ;
#2182 = CARTESIAN_POINT ( 'NONE',  ( 16.82607268656784072, -7.563702551297596166, 65.69314762838465072 ) ) ;
#2183 = EDGE_CURVE ( 'NONE', #4339, #5612, #1356, .T. ) ;
#2184 = EDGE_CURVE ( 'NONE', #3881, #8, #3553, .T. ) ;
#2185 = EDGE_LOOP ( 'NONE', ( #4835, #4767, #5569, #5479 ) ) ;
#2186 = DIRECTION ( 'NONE',  ( 1.000000000000000000, 0.000000000000000000, 0.000000000000000000 ) ) ;
#2187 = CARTESIAN_POINT ( 'NONE',  ( 21.62782819416898761, -4.159426652864721241, 69.99494007384836891 ) ) ;
#2188 = DIRECTION ( 'NONE',  ( -0.9948490747861963301, -0.1013672451882229181, 1.307293710133342255E-15 ) ) ;
#2189 = ORIENTED_EDGE ( 'NONE', *, *, #636, .T. ) ;
#2190 = CARTESIAN_POINT ( 'NONE',  ( 6.349743540596019642, 3.045642788675047452, 156.7000000000005002 ) ) ;
#2191 = ORIENTED_EDGE ( 'NONE', *, *, #3237, .T. ) ;
#2192 = ORIENTED_EDGE ( 'NONE', *, *, #4450, .T. ) ;
#2193 = CARTESIAN_POINT ( 'NONE',  ( -3.167754335499882501, -36.24236144586549813, 69.08223559130541958 ) ) ;
#2194 = DIRECTION ( 'NONE',  ( -2.763259692669399739E-06, -2.815542878372506861E-07, -0.9999999999961426411 ) ) ;
#2195 = CARTESIAN_POINT ( 'NONE',  ( -3.797559723798473286, -19.41088223616961983, 70.75366618168089872 ) ) ;
#2196 = ORIENTED_EDGE ( 'NONE', *, *, #1718, .F. ) ;
#2197 = ADVANCED_FACE ( 'NONE', ( #3104 ), #2218, .F. ) ;
#2198 = CIRCLE ( 'NONE', #4772, 4.999999999999997335 ) ;
#2199 = CARTESIAN_POINT ( 'NONE',  ( -1.925831762385403101, -18.18704015271561403, 72.90423715452051567 ) ) ;
#2200 = DIRECTION ( 'NONE',  ( 1.000000000000000000, 0.000000000000000000, 0.000000000000000000 ) ) ;
#2201 = DIRECTION ( 'NONE',  ( 1.000000000000000000, -1.734723475976807094E-15, 0.000000000000000000 ) ) ;
#2202 = CARTESIAN_POINT ( 'NONE',  ( -3.540960444244887206, -19.96188352082076278, 70.33081380112922432 ) ) ;
#2203 = AXIS2_PLACEMENT_3D ( 'NONE', #2334, #1018, #5399 ) ;
#2204 = ORIENTED_EDGE ( 'NONE', *, *, #5361, .T. ) ;
#2205 = VECTOR ( 'NONE', #1993, 1000.000000000000000 ) ;
#2206 = CARTESIAN_POINT ( 'NONE',  ( 21.79147003705896424, -44.34985662917210902, 70.68158075000114593 ) ) ;
#2207 = CARTESIAN_POINT ( 'NONE',  ( 25.90449606471164756, -35.37026928313051855, 41.71066611099396937 ) ) ;
#2208 = B_SPLINE_CURVE_WITH_KNOTS ( 'NONE', 3,
 ( #4881, #2262, #4421, #4365 ),
 .UNSPECIFIED., .F., .F.,
 ( 4, 4 ),
 ( 0.000000000000000000, 0.0001209961742478138418 ),
 .UNSPECIFIED. ) ;
#2209 = EDGE_CURVE ( 'NONE', #4862, #771, #5419, .T. ) ;
#2210 = DIRECTION ( 'NONE',  ( 0.000000000000000000, 0.000000000000000000, 1.000000000000000000 ) ) ;
#2211 = VERTEX_POINT ( 'NONE', #4399 ) ;
#2212 = EDGE_CURVE ( 'NONE', #1813, #5335, #926, .T. ) ;
#2213 = AXIS2_PLACEMENT_3D ( 'NONE', #4859, #4833, #3966 ) ;
#2214 = EDGE_CURVE ( 'NONE', #672, #3647, #4372, .T. ) ;
#2215 = LINE ( 'NONE', #492, #4180 ) ;
#2216 = CARTESIAN_POINT ( 'NONE',  ( -7.578143506410728314, 1.626501356039936175, 156.7000000000005002 ) ) ;
#2217 = CIRCLE ( 'NONE', #5426, 1.000000000000000000 ) ;
#2218 = PLANE ( 'NONE',  #2213 ) ;
#2219 = ORIENTED_EDGE ( 'NONE', *, *, #3981, .T. ) ;
#2220 = VECTOR ( 'NONE', #1627, 1000.000000000000000 ) ;
#2221 = VERTEX_POINT ( 'NONE', #5224 ) ;
#2222 = EDGE_LOOP ( 'NONE', ( #2360, #4615, #1509, #1691 ) ) ;
#2223 = CARTESIAN_POINT ( 'NONE',  ( 24.69207777232626100, -14.50293564299180282, 72.42954225703439874 ) ) ;
#2224 = DIRECTION ( 'NONE',  ( 1.000000000000000000, 0.000000000000000000, 0.000000000000000000 ) ) ;
#2225 = LOCAL_TIME ( 20, 49, 34.00000000000000000, #2621 ) ;
#2226 = CARTESIAN_POINT ( 'NONE',  ( 21.42506668949842563, -2.169731255835047001, 49.99494007386580563 ) ) ;
#2227 = ORIENTED_EDGE ( 'NONE', *, *, #4660, .T. ) ;
#2228 = CARTESIAN_POINT ( 'NONE',  ( -2.673969678274177753, -36.66049825603812451, 70.16656782543454085 ) ) ;
#2229 = CARTESIAN_POINT ( 'NONE',  ( 26.82501934676377786, -35.43627508574833485, 70.53717751558113491 ) ) ;
#2230 = FACE_BOUND ( 'NONE', #3227, .T. ) ;
#2231 = CARTESIAN_POINT ( 'NONE',  ( -5.533111425687336826, -13.02801298862789636, 69.99497798108707514 ) ) ;
#2232 = VERTEX_POINT ( 'NONE', #3054 ) ;
#2233 = CARTESIAN_POINT ( 'NONE',  ( 23.35725138035725834, -44.19031590549858635, 71.21512197546292100 ) ) ;
#2234 = EDGE_CURVE ( 'NONE', #1131, #1984, #5305, .T. ) ;
#2235 = CARTESIAN_POINT ( 'NONE',  ( 22.87061238711148903, -6.491624795624417743, 69.99493871617526963 ) ) ;
#2236 = CARTESIAN_POINT ( 'NONE',  ( -3.076640167002329118, -37.13657887344017894, 69.44239926591173173 ) ) ;
#2237 = LINE ( 'NONE', #871, #1666 ) ;
#2238 = ORIENTED_EDGE ( 'NONE', *, *, #1693, .F. ) ;
#2239 = EDGE_CURVE ( 'NONE', #2995, #3481, #2685, .T. ) ;
#2240 = DIRECTION ( 'NONE',  ( -0.000000000000000000, -8.673617379884027583E-16, -1.000000000000000000 ) ) ;
#2241 = FACE_OUTER_BOUND ( 'NONE', #786, .T. ) ;
#2242 = DIRECTION ( 'NONE',  ( 1.000000000000000000, 0.000000000000000000, 0.000000000000000000 ) ) ;
#2243 = VECTOR ( 'NONE', #1380, 1000.000000000000114 ) ;
#2244 = CARTESIAN_POINT ( 'NONE',  ( 0.07353256282613779282, -37.97752311630312505, 72.56672169617111479 ) ) ;
#2245 = ORIENTED_EDGE ( 'NONE', *, *, #1592, .F. ) ;
#2246 = FACE_OUTER_BOUND ( 'NONE', #3330, .T. ) ;
#2247 = VERTEX_POINT ( 'NONE', #4805 ) ;
#2248 = VERTEX_POINT ( 'NONE', #2299 ) ;
#2249 = LINE ( 'NONE', #1481, #719 ) ;
#2250 = LINE ( 'NONE', #3061, #2026 ) ;
#2251 = DIRECTION ( 'NONE',  ( 1.000000000000000000, 0.000000000000000000, 0.000000000000000000 ) ) ;
#2252 = ADVANCED_FACE ( 'NONE', ( #3281 ), #1532, .F. ) ;
#2253 = VERTEX_POINT ( 'NONE', #1475 ) ;
#2254 = DIRECTION ( 'NONE',  ( -6.903152180341686367E-18, -7.033765596924231720E-19, 1.000000000000000000 ) ) ;
#2255 = PLANE ( 'NONE',  #2292 ) ;
#2256 = CARTESIAN_POINT ( 'NONE',  ( -0.8072588409221244099, -38.13360808894738341, 102.1000000000004633 ) ) ;
#2257 = CARTESIAN_POINT ( 'NONE',  ( -2.734935096738074112, -19.04877124410122136, 70.93121379376226798 ) ) ;
#2258 = EDGE_LOOP ( 'NONE', ( #3262, #1528, #462, #5494, #226, #4409, #3397, #824, #5645, #3630 ) ) ;
#2259 = AXIS2_PLACEMENT_3D ( 'NONE', #910, #1820, #887 ) ;
#2260 = CARTESIAN_POINT ( 'NONE',  ( 0.6189792948890887603, -7.642149610861610043, 32.66995743946682751 ) ) ;
#2261 = DIRECTION ( 'NONE',  ( -0.1013672451882220993, 0.9948490747861964412, -3.744813952309920592E-19 ) ) ;
#2262 = CARTESIAN_POINT ( 'NONE',  ( -2.931291721586468668, -17.28770128521874483, 72.91430492864427038 ) ) ;
#2263 = CARTESIAN_POINT ( 'NONE',  ( -3.958075409687423996, -20.18278006198589480, 70.26246240913351926 ) ) ;
#2264 = EDGE_LOOP ( 'NONE', ( #2094, #5293, #3711, #1960 ) ) ;
#2265 = ORIENTED_EDGE ( 'NONE', *, *, #2209, .T. ) ;
#2266 = EDGE_CURVE ( 'NONE', #3333, #414, #3726, .T. ) ;
#2267 = AXIS2_PLACEMENT_3D ( 'NONE', #4327, #3109, #4812 ) ;
#2268 = CARTESIAN_POINT ( 'NONE',  ( 3.759049001464282114, -41.08583739443704275, 72.99497336467460684 ) ) ;
#2269 = CARTESIAN_POINT ( 'NONE',  ( 23.61752634373954862, -3.956692162488464781, 69.99493735843203979 ) ) ;
#2270 = CARTESIAN_POINT ( 'NONE',  ( 0.09436922423786545111, -4.627973497002288994, 156.7000000000005002 ) ) ;
#2271 = CARTESIAN_POINT ( 'NONE',  ( -2.931167552821519529, -17.28891991536595896, 72.87399147639987973 ) ) ;
#2272 = CARTESIAN_POINT ( 'NONE',  ( -0.7914070176603884565, -38.97632075034035637, 72.21035069039986354 ) ) ;
#2273 = ORIENTED_EDGE ( 'NONE', *, *, #4023, .F. ) ;
#2274 = DIRECTION ( 'NONE',  ( 1.000000000000000000, 0.000000000000000000, 0.000000000000000000 ) ) ;
#2275 = ORIENTED_EDGE ( 'NONE', *, *, #4029, .T. ) ;
#2276 = ORIENTED_EDGE ( 'NONE', *, *, #2549, .T. ) ;
#2277 = CARTESIAN_POINT ( 'NONE',  ( 5.449823493815157960, -46.01494104640816118, 68.99496768936882063 ) ) ;
#2278 = FACE_OUTER_BOUND ( 'NONE', #1508, .T. ) ;
#2279 = EDGE_CURVE ( 'NONE', #3913, #118, #5486, .T. ) ;
#2280 = FACE_OUTER_BOUND ( 'NONE', #3851, .T. ) ;
#2281 = ORIENTED_EDGE ( 'NONE', *, *, #684, .T. ) ;
#2282 = EDGE_CURVE ( 'NONE', #4791, #1010, #5512, .T. ) ;
#2283 = CARTESIAN_POINT ( 'NONE',  ( 24.87997336907175949, -41.00927461610374536, 63.23684990374242432 ) ) ;
#2284 = AXIS2_PLACEMENT_3D ( 'NONE', #3416, #790, #2531 ) ;
#2285 = DIRECTION ( 'NONE',  ( -6.903152180341684056E-18, -7.033765596924220165E-19, 1.000000000000000000 ) ) ;
#2286 = CARTESIAN_POINT ( 'NONE',  ( 22.56366215351319937, -42.73684940971168800, 72.99494819223114916 ) ) ;
#2287 = VERTEX_POINT ( 'NONE', #3309 ) ;
#2288 = AXIS2_PLACEMENT_3D ( 'NONE', #4559, #537, #4465 ) ;
#2289 = CARTESIAN_POINT ( 'NONE',  ( 24.10228860303440257, -18.57967100396161797, 69.99493871617524121 ) ) ;
#2290 = CARTESIAN_POINT ( 'NONE',  ( -9.175733797235118061, -8.353502243627033863, 106.7000000000005002 ) ) ;
#2291 = CARTESIAN_POINT ( 'NONE',  ( -9.175733797235123390, -8.353502243627032087, 106.7000000000005002 ) ) ;
#2292 = AXIS2_PLACEMENT_3D ( 'NONE', #3174, #2744, #5444 ) ;
#2293 = CARTESIAN_POINT ( 'NONE',  ( -1.999771890917208417, -18.27832203929918720, 72.24059638631263169 ) ) ;
#2294 = VERTEX_POINT ( 'NONE', #5059 ) ;
#2295 = EDGE_LOOP ( 'NONE', ( #4429, #4200 ) ) ;
#2296 = AXIS2_PLACEMENT_3D ( 'NONE', #1838, #2188, #86 ) ;
#2297 = CARTESIAN_POINT ( 'NONE',  ( 11.29172817599040535, -35.36507488886621076, 72.99496240284193505 ) ) ;
#2298 = PLANE ( 'NONE',  #185 ) ;
#2299 = CARTESIAN_POINT ( 'NONE',  ( -3.266631562337131811, -35.27195133968730545, 68.99497798108799884 ) ) ;
#2300 = ADVANCED_FACE ( 'NONE', ( #1964 ), #1076, .F. ) ;
#2301 = CARTESIAN_POINT ( 'NONE',  ( -2.838672558248126254, -18.19669401540025788, 72.90171735478972437 ) ) ;
#2302 = CARTESIAN_POINT ( 'NONE',  ( -1.578073299198690327, -37.38966809021530224, 70.92214884203308145 ) ) ;
#2303 = AXIS2_PLACEMENT_3D ( 'NONE', #4014, #4882, #895 ) ;
#2304 = ORIENTED_EDGE ( 'NONE', *, *, #3990, .F. ) ;
#2305 = ORIENTED_EDGE ( 'NONE', *, *, #4588, .F. ) ;
#2306 = AXIS2_PLACEMENT_3D ( 'NONE', #4338, #403, #4795 ) ;
#2307 = EDGE_LOOP ( 'NONE', ( #5325, #765, #5513, #965 ) ) ;
#2308 = CARTESIAN_POINT ( 'NONE',  ( -3.298517322955106579, -13.38794321073975269, 72.89846963508081501 ) ) ;
#2309 = EDGE_CURVE ( 'NONE', #1028, #3083, #1385, .T. ) ;
#2310 = DIRECTION ( 'NONE',  ( -0.9999999999990877297, -4.048665020750933231E-23, 1.350714706455123959E-06 ) ) ;
#2311 = FACE_OUTER_BOUND ( 'NONE', #5526, .T. ) ;
#2312 = VECTOR ( 'NONE', #4949, 1000.000000000000114 ) ;
#2313 = EDGE_LOOP ( 'NONE', ( #2443, #4448, #4926, #131, #1905, #51, #5244 ) ) ;
#2314 = EDGE_CURVE ( 'NONE', #3277, #3941, #1931, .T. ) ;
#2315 = CARTESIAN_POINT ( 'NONE',  ( -0.4413319986497367120, -38.10444287101967831, 101.7818718029188716 ) ) ;
#2316 = CC_DESIGN_APPROVAL ( #4709, ( #1589 ) ) ;
#2317 = DIRECTION ( 'NONE',  ( 6.903152180341684826E-18, 7.033765596924220165E-19, -1.000000000000000000 ) ) ;
#2318 = EDGE_CURVE ( 'NONE', #2849, #2790, #3686, .T. ) ;
#2319 = CARTESIAN_POINT ( 'NONE',  ( 15.79942928212645015, -25.37082124980406661, 72.99495086562595247 ) ) ;
#2320 = CARTESIAN_POINT ( 'NONE',  ( 3.323647908989822319, 3.139378637168453334, 153.0500000000004945 ) ) ;
#2321 = ORIENTED_EDGE ( 'NONE', *, *, #3148, .T. ) ;
#2322 = AXIS2_PLACEMENT_3D ( 'NONE', #710, #3396, #2565 ) ;
#2323 = LINE ( 'NONE', #1494, #4100 ) ;
#2324 = CARTESIAN_POINT ( 'NONE',  ( -3.671417535944343946, -21.43413865449435818, 68.99497662337985560 ) ) ;
#2325 = DIRECTION ( 'NONE',  ( 0.9948490747861964412, 0.1013672451882221270, -5.418661616548311579E-15 ) ) ;
#2326 = CARTESIAN_POINT ( 'NONE',  ( -6.028143506410728492, 1.626501356039936397, 156.7000000000005002 ) ) ;
#2327 = ORIENTED_EDGE ( 'NONE', *, *, #430, .F. ) ;
#2328 = EDGE_CURVE ( 'NONE', #2623, #3881, #5606, .T. ) ;
#2329 = ORIENTED_EDGE ( 'NONE', *, *, #3612, .T. ) ;
#2330 = ORIENTED_EDGE ( 'NONE', *, *, #4213, .T. ) ;
#2331 = DIRECTION ( 'NONE',  ( -1.000000000000000000, 0.000000000000000000, 0.000000000000000000 ) ) ;
#2332 = LINE ( 'NONE', #4053, #1104 ) ;
#2333 = DIRECTION ( 'NONE',  ( -1.000000000000000000, 0.000000000000000000, 0.000000000000000000 ) ) ;
#2334 = CARTESIAN_POINT ( 'NONE',  ( 0.09436922423786545111, -4.627973497002288994, 156.7000000000005002 ) ) ;
#2335 = DIRECTION ( 'NONE',  ( -0.9948490747852793969, -0.1013672451881286185, 1.357708159647627195E-06 ) ) ;
#2336 = ORIENTED_EDGE ( 'NONE', *, *, #5394, .T. ) ;
#2337 = CIRCLE ( 'NONE', #3069, 1.050000000000001377 ) ;
#2338 = EDGE_LOOP ( 'NONE', ( #5510, #2603, #5202, #377, #5029, #4694, #1893, #526, #4181, #590, #5372, #6, #3382, #2191, #2192, #2547, #2871, #2828, #3349, #1844, #4404 ) ) ;
#2339 = CIRCLE ( 'NONE', #4726, 1.000000000000000222 ) ;
#2340 = ORIENTED_EDGE ( 'NONE', *, *, #248, .F. ) ;
#2341 = CARTESIAN_POINT ( 'NONE',  ( 2.877302426999765128, -46.27706057824274666, 72.79068888472887977 ) ) ;
#2342 = CARTESIAN_POINT ( 'NONE',  ( 21.42509370379254108, -2.169728503292335908, 69.99494007384836891 ) ) ;
#2343 = DIRECTION ( 'NONE',  ( -0.9999999999990878408, -4.048669574450878430E-23, 1.350714706455124171E-06 ) ) ;
#2344 = EDGE_LOOP ( 'NONE', ( #971, #4712, #5053, #3294, #3492 ) ) ;
#2345 = EDGE_CURVE ( 'NONE', #1912, #2247, #1504, .T. ) ;
#2346 = DIRECTION ( 'NONE',  ( 0.1013672451882220577, -0.9948490747861964412, -0.000000000000000000 ) ) ;
#2347 = DIRECTION ( 'NONE',  ( 1.000000000000000000, 0.000000000000000000, 0.000000000000000000 ) ) ;
#2348 = DIRECTION ( 'NONE',  ( -0.000000000000000000, -0.000000000000000000, 1.000000000000000000 ) ) ;
#2349 = CARTESIAN_POINT ( 'NONE',  ( 48.38235170382264982, -9.474773261232762422, 53.99490466764017782 ) ) ;
#2350 = ADVANCED_FACE ( 'NONE', ( #5369 ), #3622, .F. ) ;
#2351 = VERTEX_POINT ( 'NONE', #2760 ) ;
#2352 = DIRECTION ( 'NONE',  ( -0.1013672451882220577, 0.9948490747861963301, -5.293955920344255421E-23 ) ) ;
#2353 = DIRECTION ( 'NONE',  ( -0.1013672451882220577, 0.9948490747861964412, -5.293955920342850705E-23 ) ) ;
#2354 = FACE_OUTER_BOUND ( 'NONE', #3001, .T. ) ;
#2355 = CARTESIAN_POINT ( 'NONE',  ( -3.048396876955252299, -18.54581147788471895, 71.63231913494939818 ) ) ;
#2356 = ADVANCED_FACE ( 'NONE', ( #4516 ), #587, .F. ) ;
#2357 = ORIENTED_EDGE ( 'NONE', *, *, #3434, .F. ) ;
#2358 = CIRCLE ( 'NONE', #54, 1.550000000000000266 ) ;
#2359 = ORIENTED_EDGE ( 'NONE', *, *, #734, .F. ) ;
#2360 = ORIENTED_EDGE ( 'NONE', *, *, #3238, .T. ) ;
#2361 = ORIENTED_EDGE ( 'NONE', *, *, #63, .T. ) ;
#2362 = FACE_BOUND ( 'NONE', #4024, .T. ) ;
#2363 = EDGE_CURVE ( 'NONE', #1313, #8, #703, .T. ) ;
#2364 = CARTESIAN_POINT ( 'NONE',  ( -0.3642825275565417797, -46.60091030017557046, 71.31188935257635819 ) ) ;
#2365 = CARTESIAN_POINT ( 'NONE',  ( 5.181861410020319525, 20.41673499121138846, 150.0500000000004945 ) ) ;
#2366 = VERTEX_POINT ( 'NONE', #2476 ) ;
#2367 = VERTEX_POINT ( 'NONE', #2904 ) ;
#2368 = CARTESIAN_POINT ( 'NONE',  ( -3.190647403869016685, -17.75627320345639859, 71.51371546568412896 ) ) ;
#2369 = CARTESIAN_POINT ( 'NONE',  ( 2.097257605973748440, -46.35654097043234145, 71.95677885187278378 ) ) ;
#2370 = LINE ( 'NONE', #1969, #661 ) ;
#2371 = DIRECTION ( 'NONE',  ( 6.903152180341684826E-18, 7.033765596924220165E-19, -1.000000000000000000 ) ) ;
#2372 = ORIENTED_EDGE ( 'NONE', *, *, #2314, .F. ) ;
#2373 = LINE ( 'NONE', #2710, #1169 ) ;
#2374 = CARTESIAN_POINT ( 'NONE',  ( -2.931353828439265286, -17.28709174961453954, 21.41636012479020224 ) ) ;
#2375 = VECTOR ( 'NONE', #3447, 1000.000000000000114 ) ;
#2376 = DIRECTION ( 'NONE',  ( -0.000000000000000000, -0.000000000000000000, 1.000000000000000000 ) ) ;
#2377 = EDGE_CURVE ( 'NONE', #2864, #3941, #2668, .T. ) ;
#2378 = LINE ( 'NONE', #689, #3982 ) ;
#2379 = ORIENTED_EDGE ( 'NONE', *, *, #4358, .T. ) ;
#2380 = VECTOR ( 'NONE', #4514, 1000.000000000000000 ) ;
#2381 = PLANE ( 'NONE',  #4648 ) ;
#2382 = CARTESIAN_POINT ( 'NONE',  ( 25.77759665938801348, -34.34664415511064561, 70.72900536988878173 ) ) ;
#2383 = LINE ( 'NONE', #3181, #1826 ) ;
#2384 = LINE ( 'NONE', #5002, #3045 ) ;
#2385 = ORIENTED_EDGE ( 'NONE', *, *, #3728, .T. ) ;
#2386 = EDGE_LOOP ( 'NONE', ( #116, #1926 ) ) ;
#2387 =( BOUNDED_CURVE ( )  B_SPLINE_CURVE ( 3, ( #4037, #4069, #1033, #2319 ),
 .UNSPECIFIED., .F., .T. ) 
 B_SPLINE_CURVE_WITH_KNOTS ( ( 4, 4 ),
 ( 4.803423758422104228, 6.384726956791452857 ),
 .UNSPECIFIED. ) 
 CURVE ( )  GEOMETRIC_REPRESENTATION_ITEM ( )  RATIONAL_B_SPLINE_CURVE ( ( 1.000000000000000000, 0.8022548671013388644, 0.8022548671013388644, 1.000000000000000000 ) ) 
 REPRESENTATION_ITEM ( '' )  );
#2388 = ORIENTED_EDGE ( 'NONE', *, *, #326, .F. ) ;
#2389 = B_SPLINE_CURVE_WITH_KNOTS ( 'NONE', 3,
 ( #3159, #2641, #4397, #53, #1779, #5275, #1805, #2268, #982, #3130, #5303, #4426, #519, #2725, #3501, #464, #1836, #954, #3526, #873, #2697, #4857, #2297, #4052, #3052, #3618, #2616, #5367, #4369, #438, #5251, #1324, #3077, #4830, #1370, #2634, #4875, #135, #1345, #942, #1857, #3542, #2688, #3605, #2286, #4501 ),
 .UNSPECIFIED., .F., .F.,
 ( 4, 2, 2, 2, 2, 2, 2, 2, 2, 2, 2, 2, 2, 2, 2, 2, 2, 2, 2, 2, 2, 2, 4 ),
 ( 0.001007932527731939974, 0.002842425236203031946, 0.003759671590438587799, 0.004676917944674144519, 0.006511410653145257091, 0.007428657007380814678, 0.008345903361616372265, 0.01018039607008749958, 0.01201488877855862690, 0.01293213513279418102, 0.01384938148702973514, 0.01568387419550084511, 0.01660112054973639922, 0.01751836690397194987, 0.01935285961244306505, 0.02118735232091417328, 0.02302184502938528499, 0.02393909138362083910, 0.02485633773785638975, 0.02669083044632750493, 0.02760807680056306251, 0.02852532315479862010, 0.03035981586326975262 ),
 .UNSPECIFIED. ) ;
#2390 = EDGE_LOOP ( 'NONE', ( #1072, #4349 ) ) ;
#2391 = AXIS2_PLACEMENT_3D ( 'NONE', #3817, #5591, #3841 ) ;
#2392 = FACE_BOUND ( 'NONE', #4503, .T. ) ;
#2393 = EDGE_CURVE ( 'NONE', #901, #2248, #3868, .T. ) ;
#2394 = CARTESIAN_POINT ( 'NONE',  ( 9.198078063997435549, 0.7305985213422077074, 110.4500000000004860 ) ) ;
#2395 = CARTESIAN_POINT ( 'NONE',  ( 21.53093823775788351, -44.37640275707065740, 69.39629877155518045 ) ) ;
#2396 = ORIENTED_EDGE ( 'NONE', *, *, #2989, .F. ) ;
#2397 = VECTOR ( 'NONE', #1116, 1000.000000000000114 ) ;
#2398 = ORIENTED_EDGE ( 'NONE', *, *, #2173, .T. ) ;
#2399 = DIRECTION ( 'NONE',  ( 1.000000000000000000, 0.000000000000000000, 0.000000000000000000 ) ) ;
#2400 = CARTESIAN_POINT ( 'NONE',  ( -3.347749972076388580, -14.74566111054744333, 63.78000067883891688 ) ) ;
#2401 = DIRECTION ( 'NONE',  ( 2.763259692666466040E-06, 2.815542878660510769E-07, 0.9999999999961426411 ) ) ;
#2402 = VERTEX_POINT ( 'NONE', #323 ) ;
#2403 = AXIS2_PLACEMENT_3D ( 'NONE', #1987, #3744, #2333 ) ;
#2404 = B_SPLINE_CURVE_WITH_KNOTS ( 'NONE', 3,
 ( #2289, #140, #1463, #4164, #1038, #2412, #169, #576, #3211, #4563, #1918, #1431, #5474, #5420, #634, #3178, #4505, #4133 ),
 .UNSPECIFIED., .F., .F.,
 ( 4, 2, 2, 2, 2, 2, 2, 2, 4 ),
 ( 0.000000000000000000, 0.0005937486847346265919, 0.001187497369469253184, 0.001781246054203879884, 0.002374994738938506367, 0.002968743423673132851, 0.003562492108407759768, 0.004156240793142386251, 0.004749989477877011868 ),
 .UNSPECIFIED. ) ;
#2405 = CARTESIAN_POINT ( 'NONE',  ( -0.6152014920796888831, 2.335970026501086760, 156.7000000000005002 ) ) ;
#2406 = CARTESIAN_POINT ( 'NONE',  ( -2.296543144043234896, -34.92756206244162343, 69.99497662337893189 ) ) ;
#2407 = VECTOR ( 'NONE', #3842, 1000.000000000000114 ) ;
#2408 = FACE_BOUND ( 'NONE', #1403, .T. ) ;
#2409 = DIRECTION ( 'NONE',  ( 6.903152180341684826E-18, 7.033765596924220165E-19, -1.000000000000000000 ) ) ;
#2410 = ORIENTED_EDGE ( 'NONE', *, *, #5114, .T. ) ;
#2411 = CIRCLE ( 'NONE', #2861, 1.999999999999999778 ) ;
#2412 = CARTESIAN_POINT ( 'NONE',  ( 24.01670997540526287, -17.24217294969291814, 70.29480889725829229 ) ) ;
#2413 = LINE ( 'NONE', #5475, #4537 ) ;
#2414 = CARTESIAN_POINT ( 'NONE',  ( 28.14029647920304811, -73.00733368947425106, 53.99494075268618332 ) ) ;
#2415 = CARTESIAN_POINT ( 'NONE',  ( -2.226842962860082764, -18.51528962014284829, 71.63389465167462333 ) ) ;
#2416 = EDGE_LOOP ( 'NONE', ( #1835, #2164, #3660, #1875, #2048, #640, #1098, #2336 ) ) ;
#2417 = ORIENTED_EDGE ( 'NONE', *, *, #3620, .T. ) ;
#2418 = EDGE_CURVE ( 'NONE', #5003, #4126, #2075, .T. ) ;
#2419 = ORIENTED_EDGE ( 'NONE', *, *, #3202, .F. ) ;
#2420 = FACE_BOUND ( 'NONE', #1811, .T. ) ;
#2421 = CARTESIAN_POINT ( 'NONE',  ( -2.262464081331861721, -45.12714400912749824, 69.99497798108708935 ) ) ;
#2422 = CARTESIAN_POINT ( 'NONE',  ( 20.79295249366002807, -44.45159766227117615, 69.12095711155939171 ) ) ;
#2423 = VERTEX_POINT ( 'NONE', #1639 ) ;
#2424 =( BOUNDED_SURFACE ( )  B_SPLINE_SURFACE ( 3, 2, ( 
 ( #1024, #3562, #594 ),
 ( #993, #2341, #1849 ),
 ( #95, #1081, #4000 ),
 ( #2369, #5013, #4095 ),
 ( #1909, #4927, #3663 ),
 ( #4122, #4488, #3140 ),
 ( #562, #1053, #5407 ),
 ( #3596, #5314, #3231 ),
 ( #187, #1936, #4897 ),
 ( #5346, #1421, #3692 ),
 ( #5437, #1510, #3258 ),
 ( #2825, #4578, #651 ),
 ( #2706, #3168, #1391 ),
 ( #962, #4458, #530 ),
 ( #2277, #4028, #707 ),
 ( #5116, #3363, #4153 ) ),
 .UNSPECIFIED., .F., .F., .F. ) 
 B_SPLINE_SURFACE_WITH_KNOTS ( ( 4, 2, 2, 2, 2, 2, 2, 4 ),
 ( 3, 3 ),
 ( 0.000000000000000000, 0.0007838101704561157125, 0.001567620340912231425, 0.002351430511368347246, 0.003135240681824462850, 0.003919050852280578888, 0.004702861022736694492, 0.006270481363648925700 ),
 ( 0.000000000000000000, 1.000000000000000000 ),
 .UNSPECIFIED. ) 
 GEOMETRIC_REPRESENTATION_ITEM ( )  RATIONAL_B_SPLINE_SURFACE ( (
 ( 1.000000000000000000, 0.7385489458759751935, 1.000000000000000000),
 ( 1.000000000000000000, 0.7385481379473720631, 1.000000000000000000),
 ( 1.000000000000000000, 0.7384221741883342238, 1.000000000000000000),
 ( 1.000000000000000000, 0.7379146324795570200, 1.000000000000000000),
 ( 1.000000000000000000, 0.7375275560462695168, 1.000000000000000000),
 ( 1.000000000000000000, 0.7364805259898759004, 1.000000000000000000),
 ( 1.000000000000000000, 0.7358258616231611038, 1.000000000000000000),
 ( 1.000000000000000000, 0.7341982833370831463, 1.000000000000000000),
 ( 1.000000000000000000, 0.7332164428071038520, 1.000000000000000000),
 ( 1.000000000000000000, 0.7309270470414869214, 1.000000000000000000),
 ( 1.000000000000000000, 0.7296135419917980647, 1.000000000000000000),
 ( 1.000000000000000000, 0.7265195564782619408, 1.000000000000000000),
 ( 1.000000000000000000, 0.7247636058229237621, 1.000000000000000000),
 ( 1.000000000000000000, 0.7187683555823162207, 1.000000000000000000),
 ( 1.000000000000000000, 0.7136964391894100590, 1.000000000000000000),
 ( 1.000000000000000000, 0.7071067811865464625, 1.000000000000000000) ) ) 
 REPRESENTATION_ITEM ( '' )  SURFACE ( )  );
#2425 = EDGE_CURVE ( 'NONE', #1011, #27, #2506, .T. ) ;
#2426 = CARTESIAN_POINT ( 'NONE',  ( 20.62899220797044819, -43.50208258957147223, 70.14534291401155031 ) ) ;
#2427 = DIRECTION ( 'NONE',  ( -0.1013672451882220715, 0.9948490747861963301, -5.293955920339376531E-23 ) ) ;
#2428 = DIRECTION ( 'NONE',  ( 1.000000000000000000, 0.000000000000000000, 0.000000000000000000 ) ) ;
#2429 = LINE ( 'NONE', #2801, #4072 ) ;
#2430 = VERTEX_POINT ( 'NONE', #3824 ) ;
#2431 = AXIS2_PLACEMENT_3D ( 'NONE', #1775, #1829, #543 ) ;
#2432 = DIRECTION ( 'NONE',  ( 0.9948490747852797300, 0.1013672451881257042, -1.357708165471483539E-06 ) ) ;
#2433 = EDGE_CURVE ( 'NONE', #3051, #5128, #3956, .T. ) ;
#2434 = CARTESIAN_POINT ( 'NONE',  ( 2.867766938066795834, -45.37474665815659591, 113.3500000000004917 ) ) ;
#2435 = CARTESIAN_POINT ( 'NONE',  ( 37.49754062006847732, -40.73917718163534829, 69.99492367276070581 ) ) ;
#2436 = CARTESIAN_POINT ( 'NONE',  ( -1.501258507707904588, -11.59224434360636558, 72.99497233760610015 ) ) ;
#2437 = ORIENTED_EDGE ( 'NONE', *, *, #2377, .T. ) ;
#2438 = CARTESIAN_POINT ( 'NONE',  ( -2.904647453907335475, -38.82477474247746585, 53.99497798110083124 ) ) ;
#2439 = DIRECTION ( 'NONE',  ( -1.350714706455111253E-06, -1.376271359130508594E-07, -0.9999999999990782928 ) ) ;
#2440 = DIRECTION ( 'NONE',  ( 0.9948490747852793969, 0.1013672451881286185, -1.357708159647627195E-06 ) ) ;
#2441 = ORIENTED_EDGE ( 'NONE', *, *, #2619, .T. ) ;
#2442 = ORIENTED_EDGE ( 'NONE', *, *, #22, .F. ) ;
#2443 = ORIENTED_EDGE ( 'NONE', *, *, #5410, .F. ) ;
#2444 = FACE_BOUND ( 'NONE', #655, .T. ) ;
#2445 = CARTESIAN_POINT ( 'NONE',  ( 26.06481628107047754, -33.14489083491152854, 69.99493806992971656 ) ) ;
#2446 = CARTESIAN_POINT ( 'NONE',  ( 5.181861410020319525, 20.41673499121138846, 150.0500000000004945 ) ) ;
#2447 = AXIS2_PLACEMENT_3D ( 'NONE', #3041, #1740, #1342 ) ;
#2448 = ORIENTED_EDGE ( 'NONE', *, *, #3827, .F. ) ;
#2449 = ADVANCED_FACE ( 'NONE', ( #1697 ), #5629, .F. ) ;
#2450 = CARTESIAN_POINT ( 'NONE',  ( 20.99456552505706952, -43.47654441154106308, 70.29411856320967900 ) ) ;
#2451 = CARTESIAN_POINT ( 'NONE',  ( -3.490956657280302355, -11.79497883398280145, 102.1000000000004917 ) ) ;
#2452 = CARTESIAN_POINT ( 'NONE',  ( -5.421422378152958466, -14.12423552832810891, 64.60843051900067735 ) ) ;
#2453 = DIRECTION ( 'NONE',  ( -0.000000000000000000, -0.000000000000000000, 1.000000000000000000 ) ) ;
#2454 = CIRCLE ( 'NONE', #1265, 0.9999999999999997780 ) ;
#2455 = ORIENTED_EDGE ( 'NONE', *, *, #4567, .F. ) ;
#2456 = CIRCLE ( 'NONE', #1722, 1.049999999999997380 ) ;
#2457 = LINE ( 'NONE', #5123, #3011 ) ;
#2458 = EDGE_CURVE ( 'NONE', #3433, #1927, #398, .T. ) ;
#2459 = DIRECTION ( 'NONE',  ( 0.000000000000000000, 0.000000000000000000, 1.000000000000000000 ) ) ;
#2460 = DIRECTION ( 'NONE',  ( -4.151308474493325962E-18, -7.995196928692544294E-19, -1.000000000000000000 ) ) ;
#2461 = CARTESIAN_POINT ( 'NONE',  ( -5.627975499760220046, -12.09698801950046487, 69.99497798108708935 ) ) ;
#2462 = VERTEX_POINT ( 'NONE', #4290 ) ;
#2463 = EDGE_CURVE ( 'NONE', #1927, #3826, #2877, .T. ) ;
#2464 = EDGE_CURVE ( 'NONE', #4212, #1640, #4608, .T. ) ;
#2465 = EDGE_CURVE ( 'NONE', #3800, #4791, #378, .T. ) ;
#2466 = CARTESIAN_POINT ( 'NONE',  ( -4.361441043595154277, -4.797172259879044276, 49.99497526568921302 ) ) ;
#2467 = CYLINDRICAL_SURFACE ( 'NONE', #5263, 2.000000000000000000 ) ;
#2468 = CARTESIAN_POINT ( 'NONE',  ( 25.88550938594839934, -35.21409754560089311, 72.01872221811862573 ) ) ;
#2469 = CARTESIAN_POINT ( 'NONE',  ( 26.90678079191753369, -36.23870685661634639, 72.42954225703442717 ) ) ;
#2470 = VERTEX_POINT ( 'NONE', #4234 ) ;
#2471 = ORIENTED_EDGE ( 'NONE', *, *, #3964, .T. ) ;
#2472 = ORIENTED_EDGE ( 'NONE', *, *, #1616, .T. ) ;
#2473 = DIRECTION ( 'NONE',  ( 0.000000000000000000, 0.000000000000000000, 1.000000000000000000 ) ) ;
#2474 = DIRECTION ( 'NONE',  ( -6.903152180341684056E-18, -7.033765596924220165E-19, 1.000000000000000000 ) ) ;
#2475 = CIRCLE ( 'NONE', #2015, 1.050000000000005818 ) ;
#2476 = CARTESIAN_POINT ( 'NONE',  ( 8.935349625867800682, 3.309095580308018203, 150.0500000000004945 ) ) ;
#2477 = ORIENTED_EDGE ( 'NONE', *, *, #1070, .F. ) ;
#2478 = CIRCLE ( 'NONE', #4856, 1.550000000000000266 ) ;
#2479 = CARTESIAN_POINT ( 'NONE',  ( -2.931167552821519529, -17.28891991536595896, 72.87399147639987973 ) ) ;
#2480 = CARTESIAN_POINT ( 'NONE',  ( -3.692520346307641255, -21.01902836689639997, 70.01569347011461275 ) ) ;
#2481 = CYLINDRICAL_SURFACE ( 'NONE', #842, 1.999999999999999778 ) ;
#2482 = VECTOR ( 'NONE', #2711, 1000.000000000000114 ) ;
#2483 = FACE_OUTER_BOUND ( 'NONE', #4456, .T. ) ;
#2484 = EDGE_LOOP ( 'NONE', ( #253, #1529, #1318, #2068 ) ) ;
#2485 = AXIS2_PLACEMENT_3D ( 'NONE', #3597, #38, #4813 ) ;
#2486 = EDGE_CURVE ( 'NONE', #5003, #3333, #1751, .T. ) ;
#2487 = CARTESIAN_POINT ( 'NONE',  ( 3.323647908989822319, 3.139378637168449782, 150.0500000000004945 ) ) ;
#2488 = DIRECTION ( 'NONE',  ( -6.903152180341684056E-18, -7.033765596924220165E-19, 1.000000000000000000 ) ) ;
#2489 = CARTESIAN_POINT ( 'NONE',  ( 16.66742932347564476, -6.006939597434925560, 65.69314762838465072 ) ) ;
#2490 = CARTESIAN_POINT ( 'NONE',  ( 9.927768280207800444, -37.99918671833376038, 102.1000000000004917 ) ) ;
#2491 = CARTESIAN_POINT ( 'NONE',  ( -10.13223936536916980, 20.76417451680400106, 106.7000000000005002 ) ) ;
#2492 = LINE ( 'NONE', #1231, #1881 ) ;
#2493 = AXIS2_PLACEMENT_3D ( 'NONE', #763, #1160, #730 ) ;
#2494 = ORIENTED_EDGE ( 'NONE', *, *, #3525, .T. ) ;
#2495 = ADVANCED_FACE ( 'NONE', ( #5519 ), #5544, .F. ) ;
#2496 = VECTOR ( 'NONE', #2157, 1000.000000000000000 ) ;
#2497 = LINE ( 'NONE', #2120, #892 ) ;
#2498 = CARTESIAN_POINT ( 'NONE',  ( 26.90716070662968562, -36.24243545552596402, 72.46573052700564688 ) ) ;
#2499 = DIRECTION ( 'NONE',  ( 0.1013672451882220577, -0.9948490747861963301, 2.646977960172127710E-23 ) ) ;
#2500 = EDGE_LOOP ( 'NONE', ( #5452, #2661 ) ) ;
#2501 = AXIS2_PLACEMENT_3D ( 'NONE', #1213, #2473, #4261 ) ;
#2502 = ORIENTED_EDGE ( 'NONE', *, *, #734, .T. ) ;
#2503 = EDGE_LOOP ( 'NONE', ( #3029, #1021, #1866, #909 ) ) ;
#2504 = CARTESIAN_POINT ( 'NONE',  ( 25.79942928212189557, -25.37082124980406661, 113.3500000000004917 ) ) ;
#2505 = CARTESIAN_POINT ( 'NONE',  ( 7.899743540596020352, 3.045642788675047452, 113.3500000000004917 ) ) ;
#2506 = LINE ( 'NONE', #2128, #3226 ) ;
#2507 = ADVANCED_FACE ( 'NONE', ( #5086 ), #297, .F. ) ;
#2508 = EDGE_LOOP ( 'NONE', ( #5659, #1698, #2007, #4493, #404, #5395 ) ) ;
#2509 = AXIS2_PLACEMENT_3D ( 'NONE', #5176, #2912, #1596 ) ;
#2510 = DIRECTION ( 'NONE',  ( -0.9948490747852792859, -0.1013672451881286463, 1.357708158863008294E-06 ) ) ;
#2511 = DIRECTION ( 'NONE',  ( -1.000000000000000000, 0.000000000000000000, 0.000000000000000000 ) ) ;
#2512 = DIRECTION ( 'NONE',  ( -0.9999999999990877297, 9.288357914640149922E-14, 1.350714706455111253E-06 ) ) ;
#2513 = DIRECTION ( 'NONE',  ( -0.000000000000000000, -0.000000000000000000, 1.000000000000000000 ) ) ;
#2514 = ORIENTED_EDGE ( 'NONE', *, *, #4924, .F. ) ;
#2515 = CARTESIAN_POINT ( 'NONE',  ( 24.96109620045374555, -17.14316458307998658, 70.24325204456428651 ) ) ;
#2516 = DIRECTION ( 'NONE',  ( -0.9948490747861963301, -0.1013672451882222242, -0.000000000000000000 ) ) ;
#2517 = LINE ( 'NONE', #2707, #4034 ) ;
#2518 = DIRECTION ( 'NONE',  ( -0.9999999999990878408, 0.000000000000000000, 1.350714706749301043E-06 ) ) ;
#2519 = CARTESIAN_POINT ( 'NONE',  ( 21.62780117987485795, -4.159429405407439440, 49.99494007386580563 ) ) ;
#2520 = CARTESIAN_POINT ( 'NONE',  ( -3.347765890283516121, -14.74566273248673554, 51.99497526568635664 ) ) ;
#2521 = EDGE_CURVE ( 'NONE', #4140, #2253, #3799, .T. ) ;
#2522 = ORIENTED_EDGE ( 'NONE', *, *, #5212, .T. ) ;
#2523 = DIRECTION ( 'NONE',  ( 0.9948490747852795080, 0.1013672451881286601, -1.357708159647627407E-06 ) ) ;
#2524 = VECTOR ( 'NONE', #1282, 1000.000000000000227 ) ;
#2525 = CARTESIAN_POINT ( 'NONE',  ( 25.47975649702727807, -41.96369424728293751, 113.3500000000004917 ) ) ;
#2526 = CARTESIAN_POINT ( 'NONE',  ( 4.082595730986295024, -43.12836275896091109, 61.37305445800299708 ) ) ;
#2527 = ORIENTED_EDGE ( 'NONE', *, *, #1127, .T. ) ;
#2528 = ORIENTED_EDGE ( 'NONE', *, *, #2924, .T. ) ;
#2529 = VERTEX_POINT ( 'NONE', #514 ) ;
#2530 = CARTESIAN_POINT ( 'NONE',  ( 7.171559559592731503, 20.61946948158783854, 112.3500000000004917 ) ) ;
#2531 = DIRECTION ( 'NONE',  ( -0.9948490747861963301, -0.1013672451882219466, 0.000000000000000000 ) ) ;
#2532 = ADVANCED_FACE ( 'NONE', ( #3907 ), #4342, .F. ) ;
#2533 = CARTESIAN_POINT ( 'NONE',  ( 0.09295198939585569420, -38.00026129225162208, 72.99497381874395785 ) ) ;
#2534 = VERTEX_POINT ( 'NONE', #3469 ) ;
#2535 = DIRECTION ( 'NONE',  ( 1.000000000000000000, 0.000000000000000000, 0.000000000000000000 ) ) ;
#2536 = CARTESIAN_POINT ( 'NONE',  ( 23.07241054189747231, -8.472133462005093207, 71.16710527808776021 ) ) ;
#2537 = CARTESIAN_POINT ( 'NONE',  ( 28.14032351776936025, -73.00733093445838051, 63.77996616582172607 ) ) ;
#2538 = CARTESIAN_POINT ( 'NONE',  ( -4.615201492079688883, 2.335970026501087204, 95.38629150101573373 ) ) ;
#2539 = EDGE_LOOP ( 'NONE', ( #3094, #2557, #4375 ) ) ;
#2540 = AXIS2_PLACEMENT_3D ( 'NONE', #1768, #3976, #3898 ) ;
#2541 = DIRECTION ( 'NONE',  ( 0.1013672451882220438, -0.9948490747861963301, 1.113058687203529728E-15 ) ) ;
#2542 = DIRECTION ( 'NONE',  ( -0.1013672451882220715, 0.9948490747861963301, -5.293955920339376531E-23 ) ) ;
#2543 = CARTESIAN_POINT ( 'NONE',  ( -0.7614802669843316885, -37.39710842265706248, 71.03113877914981344 ) ) ;
#2544 = LINE ( 'NONE', #88, #5312 ) ;
#2545 = CARTESIAN_POINT ( 'NONE',  ( -1.472835951316340486, -38.20670134358283576, 70.97945375523298139 ) ) ;
#2546 = DIRECTION ( 'NONE',  ( 1.350714706455111677E-06, 1.376271359130508065E-07, 0.9999999999990782928 ) ) ;
#2547 = ORIENTED_EDGE ( 'NONE', *, *, #3460, .T. ) ;
#2548 = FACE_BOUND ( 'NONE', #2500, .T. ) ;
#2549 = EDGE_CURVE ( 'NONE', #4433, #5412, #4393, .T. ) ;
#2550 = DIRECTION ( 'NONE',  ( 0.000000000000000000, 0.000000000000000000, 1.000000000000000000 ) ) ;
#2551 = CYLINDRICAL_SURFACE ( 'NONE', #1394, 2.000000000000001332 ) ;
#2552 = ORIENTED_EDGE ( 'NONE', *, *, #5051, .F. ) ;
#2553 = DIRECTION ( 'NONE',  ( 0.000000000000000000, 0.000000000000000000, 1.000000000000000000 ) ) ;
#2554 = EDGE_CURVE ( 'NONE', #5636, #3051, #1943, .T. ) ;
#2555 = FACE_OUTER_BOUND ( 'NONE', #1138, .T. ) ;
#2556 = DIRECTION ( 'NONE',  ( 0.9948490747861963301, 0.1013672451882219605, 0.000000000000000000 ) ) ;
#2557 = ORIENTED_EDGE ( 'NONE', *, *, #3926, .T. ) ;
#2558 = EDGE_CURVE ( 'NONE', #3481, #5343, #3549, .T. ) ;
#2559 = VECTOR ( 'NONE', #1754, 999.9999999999998863 ) ;
#2560 = DIRECTION ( 'NONE',  ( -0.1013672451882229181, 0.9948490747861962191, -7.940933880304114712E-23 ) ) ;
#2561 = EDGE_CURVE ( 'NONE', #3504, #2211, #2237, .T. ) ;
#2562 = CARTESIAN_POINT ( 'NONE',  ( 22.91051672317985322, -6.883258125935890703, 70.07454462650487415 ) ) ;
#2563 = FACE_OUTER_BOUND ( 'NONE', #2999, .T. ) ;
#2564 = ORIENTED_EDGE ( 'NONE', *, *, #1620, .F. ) ;
#2565 = DIRECTION ( 'NONE',  ( 0.1013672451882222242, -0.9948490747861963301, 0.000000000000000000 ) ) ;
#2566 = VECTOR ( 'NONE', #5680, 1000.000000000000000 ) ;
#2567 = ORIENTED_EDGE ( 'NONE', *, *, #275, .F. ) ;
#2568 = VERTEX_POINT ( 'NONE', #3987 ) ;
#2569 = CARTESIAN_POINT ( 'NONE',  ( 7.899743540596020352, 3.045642788675047452, 156.7000000000005002 ) ) ;
#2570 = DIRECTION ( 'NONE',  ( -1.256382585947672947E-08, 1.233052206249323938E-07, -0.9999999999999923395 ) ) ;
#2571 = AXIS2_PLACEMENT_3D ( 'NONE', #986, #5642, #2728 ) ;
#2572 = FACE_OUTER_BOUND ( 'NONE', #238, .T. ) ;
#2573 = DIRECTION ( 'NONE',  ( -0.1013672451882220993, 0.9948490747861964412, -5.293955920339378295E-23 ) ) ;
#2574 = CARTESIAN_POINT ( 'NONE',  ( 21.94134199101645777, -12.16890283576968557, 53.99494075268618332 ) ) ;
#2575 = EDGE_LOOP ( 'NONE', ( #936, #4774, #446, #2952 ) ) ;
#2576 = LINE ( 'NONE', #3090, #712 ) ;
#2577 = CARTESIAN_POINT ( 'NONE',  ( -12.12193751494156224, 20.56144002642755453, 156.7000000000005002 ) ) ;
#2578 = AXIS2_PLACEMENT_3D ( 'NONE', #2365, #4574, #237 ) ;
#2579 = DIRECTION ( 'NONE',  ( -0.9948490747823588443, -0.1013672451878310649, 2.777566731175135506E-06 ) ) ;
#2580 = EDGE_LOOP ( 'NONE', ( #4543, #5442, #4177, #1555, #2062 ) ) ;
#2581 = AXIS2_PLACEMENT_3D ( 'NONE', #2712, #4466, #193 ) ;
#2582 = CARTESIAN_POINT ( 'NONE',  ( 50.61243109796353679, -31.36145290652911299, 53.99490466764017782 ) ) ;
#2583 = CARTESIAN_POINT ( 'NONE',  ( 0.6189792948891343904, -7.642149610861600273, 67.78000000000054115 ) ) ;
#2584 = CARTESIAN_POINT ( 'NONE',  ( -0.6152014920796888831, 2.335970026501086760, 113.3500000000004917 ) ) ;
#2585 = VECTOR ( 'NONE', #5031, 1000.000000000000000 ) ;
#2586 = ORIENTED_EDGE ( 'NONE', *, *, #5568, .T. ) ;
#2587 = EDGE_CURVE ( 'NONE', #2900, #4098, #3497, .T. ) ;
#2588 = PLANE ( 'NONE',  #3668 ) ;
#2589 = CARTESIAN_POINT ( 'NONE',  ( 2.867711741399440406, -45.36423997989761858, 41.71066611099396937 ) ) ;
#2590 = EDGE_CURVE ( 'NONE', #2768, #2287, #1122, .T. ) ;
#2591 = ORIENTED_EDGE ( 'NONE', *, *, #5404, .F. ) ;
#2592 = COORDINATED_UNIVERSAL_TIME_OFFSET ( 8, 0, .AHEAD. ) ;
#2593 = VERTEX_POINT ( 'NONE', #5298 ) ;
#2594 = ORGANIZATION ( '未', '未', '' ) ;
#2595 = VERTEX_POINT ( 'NONE', #1321 ) ;
#2596 = CARTESIAN_POINT ( 'NONE',  ( 23.94658440535519972, -16.31184298180235714, 70.99692840723609777 ) ) ;
#2597 = CARTESIAN_POINT ( 'NONE',  ( 24.75132574153755272, -15.08441329135225217, 70.84963021795306304 ) ) ;
#2598 = CARTESIAN_POINT ( 'NONE',  ( 5.384595900396763390, 18.42703684163900135, 113.3500000000004917 ) ) ;
#2599 = CARTESIAN_POINT ( 'NONE',  ( -2.838769928353973349, -18.19573839547053140, 72.93279496472395351 ) ) ;
#2600 = EDGE_CURVE ( 'NONE', #4113, #2766, #1841, .T. ) ;
#2601 = CARTESIAN_POINT ( 'NONE',  ( 0.08827166962561494579, -43.53535276051083258, 67.78000000000039904 ) ) ;
#2602 = CARTESIAN_POINT ( 'NONE',  ( 2.476248441488465346, -25.86974185345491861, 65.87666131859467100 ) ) ;
#2603 = ORIENTED_EDGE ( 'NONE', *, *, #2670, .T. ) ;
#2604 = EDGE_CURVE ( 'NONE', #1378, #5034, #5055, .T. ) ;
#2605 = EDGE_CURVE ( 'NONE', #3219, #662, #567, .T. ) ;
#2606 = DIRECTION ( 'NONE',  ( -1.000000000000000000, 0.000000000000000000, 0.000000000000000000 ) ) ;
#2607 = CARTESIAN_POINT ( 'NONE',  ( 26.70753814175971996, -34.28327869242207271, 70.67152944704051265 ) ) ;
#2608 = FACE_OUTER_BOUND ( 'NONE', #3407, .T. ) ;
#2609 = ORIENTED_EDGE ( 'NONE', *, *, #1864, .T. ) ;
#2610 = VECTOR ( 'NONE', #4749, 1000.000000000000114 ) ;
#2611 = DIRECTION ( 'NONE',  ( 1.350714706455111253E-06, 1.376271359130508594E-07, 0.9999999999990782928 ) ) ;
#2612 = CARTESIAN_POINT ( 'NONE',  ( -3.217300814986034041, -35.75609805530429952, 69.01672914320008090 ) ) ;
#2613 = CARTESIAN_POINT ( 'NONE',  ( -4.170178669959230255, -20.12673827803575577, 70.23720085889010534 ) ) ;
#2614 = VERTEX_POINT ( 'NONE', #1295 ) ;
#2615 = VECTOR ( 'NONE', #3586, 1000.000000000000114 ) ;
#2616 = CARTESIAN_POINT ( 'NONE',  ( 13.44150445413129091, -35.27095713195365789, 72.99495948615431473 ) ) ;
#2617 = DIRECTION ( 'NONE',  ( 1.000000000000000000, 0.000000000000000000, 0.000000000000000000 ) ) ;
#2618 = DIRECTION ( 'NONE',  ( -0.9948490747861964412, -0.1013672451882219883, -0.000000000000000000 ) ) ;
#2619 = EDGE_CURVE ( 'NONE', #429, #1181, #764, .T. ) ;
#2620 = VERTEX_POINT ( 'NONE', #25 ) ;
#2621 = COORDINATED_UNIVERSAL_TIME_OFFSET ( 8, 0, .AHEAD. ) ;
#2622 = VERTEX_POINT ( 'NONE', #3074 ) ;
#2623 = VERTEX_POINT ( 'NONE', #5273 ) ;
#2624 = CARTESIAN_POINT ( 'NONE',  ( 24.73688206090483632, -14.94265860237658927, 71.09220098022026946 ) ) ;
#2625 = DIRECTION ( 'NONE',  ( -0.9999999999990877297, -4.048665020750933231E-23, 1.350714706455123959E-06 ) ) ;
#2626 = CARTESIAN_POINT ( 'NONE',  ( -9.482151991802316715, -5.346220583789112801, 106.7000000000005002 ) ) ;
#2627 = CIRCLE ( 'NONE', #2815, 7.000000000000001776 ) ;
#2628 = ORIENTED_EDGE ( 'NONE', *, *, #2587, .T. ) ;
#2629 = EDGE_CURVE ( 'NONE', #305, #4163, #3960, .T. ) ;
#2630 = PLANE ( 'NONE',  #2447 ) ;
#2631 = FACE_BOUND ( 'NONE', #864, .T. ) ;
#2632 = EDGE_CURVE ( 'NONE', #3710, #1212, #3124, .T. ) ;
#2633 = DIRECTION ( 'NONE',  ( 1.000000000000000000, 0.000000000000000000, 0.000000000000000000 ) ) ;
#2634 = CARTESIAN_POINT ( 'NONE',  ( 19.78885002742570265, -38.03524385067878200, 72.99495129314215092 ) ) ;
#2635 = ORIENTED_EDGE ( 'NONE', *, *, #4991, .F. ) ;
#2636 = VECTOR ( 'NONE', #5556, 1000.000000000000000 ) ;
#2637 = CARTESIAN_POINT ( 'NONE',  ( 21.53093823966293385, -44.37640275687654423, 69.39629877147454806 ) ) ;
#2638 = CARTESIAN_POINT ( 'NONE',  ( -2.995739275136517499, -37.93055751054340163, 69.99497798108708935 ) ) ;
#2639 = CARTESIAN_POINT ( 'NONE',  ( -1.820931292804341517, -28.18511734108541233, 102.1000000000004917 ) ) ;
#2640 = ORIENTED_EDGE ( 'NONE', *, *, #4329, .F. ) ;
#2641 = CARTESIAN_POINT ( 'NONE',  ( 2.867159774725924759, -44.64629466795310009, 72.99497505937803510 ) ) ;
#2642 = CARTESIAN_POINT ( 'NONE',  ( -1.117670577935499177, -36.63234075584379923, 63.78000067883891688 ) ) ;
#2643 = DIRECTION ( 'NONE',  ( 0.000000000000000000, 0.000000000000000000, 1.000000000000000000 ) ) ;
#2644 = ORIENTED_EDGE ( 'NONE', *, *, #87, .F. ) ;
#2645 = CARTESIAN_POINT ( 'NONE',  ( 7.664194936320917861, -0.6134016211037205402, 110.4500000000004860 ) ) ;
#2646 = ORIENTED_EDGE ( 'NONE', *, *, #1479, .T. ) ;
#2647 = VERTEX_POINT ( 'NONE', #2182 ) ;
#2648 = CARTESIAN_POINT ( 'NONE',  ( -2.271781136837157877, -35.17058395687202932, 69.99497662337896031 ) ) ;
#2649 = DIRECTION ( 'NONE',  ( -0.1013672451882220993, 0.9948490747861964412, -3.744813952309920592E-19 ) ) ;
#2650 = VECTOR ( 'NONE', #5397, 999.9999999999998863 ) ;
#2651 = CARTESIAN_POINT ( 'NONE',  ( -2.296422371342698998, -44.79386698916049880, 69.99497798108708935 ) ) ;
#2652 = ORIENTED_EDGE ( 'NONE', *, *, #4390, .T. ) ;
#2653 = EDGE_CURVE ( 'NONE', #260, #3594, #5195, .T. ) ;
#2654 = CIRCLE ( 'NONE', #4402, 1.000000000000000666 ) ;
#2655 = CARTESIAN_POINT ( 'NONE',  ( 21.42440977606349151, -7.095168403734382956, 67.78000000000051273 ) ) ;
#2656 = CARTESIAN_POINT ( 'NONE',  ( 25.64162453892234694, -33.31054017227057784, 70.13967228908292384 ) ) ;
#2657 = DIRECTION ( 'NONE',  ( 1.000000000000000000, 0.000000000000000000, 0.000000000000000000 ) ) ;
#2658 = CARTESIAN_POINT ( 'NONE',  ( -2.463460520944449783, -18.76117649465473036, 71.25142266571461391 ) ) ;
#2659 = AXIS2_PLACEMENT_3D ( 'NONE', #5582, #2978, #858 ) ;
#2660 = ADVANCED_FACE ( 'NONE', ( #2666 ), #2693, .T. ) ;
#2661 = ORIENTED_EDGE ( 'NONE', *, *, #3157, .T. ) ;
#2662 = AXIS2_PLACEMENT_3D ( 'NONE', #5607, #1222, #796 ) ;
#2663 = CARTESIAN_POINT ( 'NONE',  ( 21.11479822530615635, -44.41880413004691519, 70.25233820176937627 ) ) ;
#2664 = FACE_OUTER_BOUND ( 'NONE', #4520, .T. ) ;
#2665 = CARTESIAN_POINT ( 'NONE',  ( 22.83045445800977191, -6.097502625903955753, 69.99493871617524121 ) ) ;
#2666 = FACE_OUTER_BOUND ( 'NONE', #1621, .T. ) ;
#2667 = ORIENTED_EDGE ( 'NONE', *, *, #1705, .T. ) ;
#2668 = CIRCLE ( 'NONE', #2854, 1.550000000000000266 ) ;
#2669 = DIRECTION ( 'NONE',  ( -6.903152180341682515E-18, -7.033765596924226906E-19, 1.000000000000000000 ) ) ;
#2670 = EDGE_CURVE ( 'NONE', #1212, #990, #2033, .T. ) ;
#2671 = CARTESIAN_POINT ( 'NONE',  ( -2.874772208397245343, 9.299913550004461626, 156.7000000000005002 ) ) ;
#2672 = VECTOR ( 'NONE', #3242, 1000.000000000000114 ) ;
#2673 = DIRECTION ( 'NONE',  ( 3.796014740880745125E-20, -3.725524695701961627E-19, -1.000000000000000000 ) ) ;
#2674 = ORIENTED_EDGE ( 'NONE', *, *, #4961, .T. ) ;
#2675 = PERSON_AND_ORGANIZATION ( #3704, #2594 ) ;
#2676 = ORIENTED_EDGE ( 'NONE', *, *, #3563, .F. ) ;
#2677 = VECTOR ( 'NONE', #1585, 1000.000000000000114 ) ;
#2678 = ORIENTED_EDGE ( 'NONE', *, *, #4871, .T. ) ;
#2679 = LINE ( 'NONE', #4434, #3366 ) ;
#2680 = DIRECTION ( 'NONE',  ( 2.763259692666466040E-06, 2.815542878660510769E-07, 0.9999999999961426411 ) ) ;
#2681 = LINE ( 'NONE', #5317, #3813 ) ;
#2682 = ORIENTED_EDGE ( 'NONE', *, *, #1258, .F. ) ;
#2683 = VECTOR ( 'NONE', #2827, 1000.000000000000000 ) ;
#2684 = CARTESIAN_POINT ( 'NONE',  ( -10.13223936536916980, 20.76417451680400106, 106.7000000000005002 ) ) ;
#2685 = B_SPLINE_CURVE_WITH_KNOTS ( 'NONE', 3,
 ( #875, #5458, #5398, #4481 ),
 .UNSPECIFIED., .F., .F.,
 ( 4, 4 ),
 ( 0.002095291062379643979, 0.002341332770312428216 ),
 .UNSPECIFIED. ) ;
#2686 = CARTESIAN_POINT ( 'NONE',  ( 25.86676155475917938, -35.06097530096079851, 71.65286153471951991 ) ) ;
#2687 = DIRECTION ( 'NONE',  ( 0.000000000000000000, 0.000000000000000000, 1.000000000000000000 ) ) ;
#2688 = CARTESIAN_POINT ( 'NONE',  ( 22.05224915395919894, -41.29336739872316286, 72.99494868434190664 ) ) ;
#2689 = ORIENTED_EDGE ( 'NONE', *, *, #709, .F. ) ;
#2690 = LINE ( 'NONE', #4443, #2041 ) ;
#2691 = PLANE ( 'NONE',  #2431 ) ;
#2692 = CARTESIAN_POINT ( 'NONE',  ( 24.66883715515806585, -34.00489975179980462, 63.77996548701650426 ) ) ;
#2693 = CYLINDRICAL_SURFACE ( 'NONE', #106, 2.000000000000001332 ) ;
#2694 = ORIENTED_EDGE ( 'NONE', *, *, #2867, .F. ) ;
#2695 = VERTEX_POINT ( 'NONE', #5423 ) ;
#2696 = EDGE_LOOP ( 'NONE', ( #387, #267, #5231 ) ) ;
#2697 = CARTESIAN_POINT ( 'NONE',  ( 9.802195750186552203, -35.73546663324142258, 72.99496446575123798 ) ) ;
#2698 = EDGE_CURVE ( 'NONE', #3039, #1069, #2384, .T. ) ;
#2699 = FACE_OUTER_BOUND ( 'NONE', #2757, .T. ) ;
#2700 = CARTESIAN_POINT ( 'NONE',  ( -2.931291735895323658, -17.28770114478727038, 72.91430957550328174 ) ) ;
#2701 = AXIS2_PLACEMENT_3D ( 'NONE', #1061, #1491, #1518 ) ;
#2702 = CARTESIAN_POINT ( 'NONE',  ( -2.244609007984872839, -36.70949569786770184, 70.38462090914512714 ) ) ;
#2703 = VERTEX_POINT ( 'NONE', #3182 ) ;
#2704 = ORIENTED_EDGE ( 'NONE', *, *, #3682, .F. ) ;
#2705 = ORIENTED_EDGE ( 'NONE', *, *, #4187, .F. ) ;
#2706 = CARTESIAN_POINT ( 'NONE',  ( 4.201726633210457251, -46.14211223618360691, 69.39725585432235277 ) ) ;
#2707 = CARTESIAN_POINT ( 'NONE',  ( 1.969134183255017989, -46.36959573294279835, 113.3500000000004917 ) ) ;
#2708 = CARTESIAN_POINT ( 'NONE',  ( -2.822355132671979572, -36.82039066843854869, 70.09366877003213858 ) ) ;
#2709 = EDGE_LOOP ( 'NONE', ( #5662, #1358, #1097, #3383, #1177, #4718, #2963, #2968, #1211 ) ) ;
#2710 = CARTESIAN_POINT ( 'NONE',  ( 0.7776013374214421070, -9.198914737120540863, 65.69314762838467914 ) ) ;
#2711 = DIRECTION ( 'NONE',  ( 0.1013672451882220021, -0.9948490747861963301, 3.744284556721337440E-19 ) ) ;
#2712 = CARTESIAN_POINT ( 'NONE',  ( 0.05182856204804793532, -46.56495399776029842, 21.41636012479020224 ) ) ;
#2713 = CARTESIAN_POINT ( 'NONE',  ( -5.421437832868083895, -14.12423710304123503, 53.16655085635539280 ) ) ;
#2714 = ORIENTED_EDGE ( 'NONE', *, *, #739, .F. ) ;
#2715 = AXIS2_PLACEMENT_3D ( 'NONE', #4968, #2352, #4106 ) ;
#2716 = ADVANCED_FACE ( 'NONE', ( #4167 ), #32, .T. ) ;
#2717 = CARTESIAN_POINT ( 'NONE',  ( 22.53736479094980538, -44.27385585848307414, 71.62508872519399006 ) ) ;
#2718 = CARTESIAN_POINT ( 'NONE',  ( 2.095366196880596998, -41.43136347642523276, 65.41997158625673592 ) ) ;
#2719 = DIRECTION ( 'NONE',  ( 1.000000000000000000, 0.000000000000000000, 0.000000000000000000 ) ) ;
#2720 = CARTESIAN_POINT ( 'NONE',  ( -2.836701485487866048, -18.20049246698969370, 72.77852982711397090 ) ) ;
#2721 = EDGE_LOOP ( 'NONE', ( #3137, #3129, #5545, #3339, #346 ) ) ;
#2722 = ORIENTED_EDGE ( 'NONE', *, *, #2131, .T. ) ;
#2723 = EDGE_CURVE ( 'NONE', #3219, #2622, #1525, .T. ) ;
#2724 = AXIS2_PLACEMENT_3D ( 'NONE', #857, #1734, #1681 ) ;
#2725 = CARTESIAN_POINT ( 'NONE',  ( 5.873559774331599925, -38.08536688093703759, 72.99497009562767857 ) ) ;
#2726 = CARTESIAN_POINT ( 'NONE',  ( -0.6152014920796888831, 2.335970026501086760, 150.0500000000004945 ) ) ;
#2727 = CARTESIAN_POINT ( 'NONE',  ( 6.349743540596019642, 3.045642788675047452, 156.7000000000005002 ) ) ;
#2728 = DIRECTION ( 'NONE',  ( 1.000000000000000000, 0.000000000000000000, 0.000000000000000000 ) ) ;
#2729 = CARTESIAN_POINT ( 'NONE',  ( -0.2681915374354553738, -37.73809235877967438, 71.63389465167433912 ) ) ;
#2730 = VERTEX_POINT ( 'NONE', #3645 ) ;
#2731 = ORIENTED_EDGE ( 'NONE', *, *, #4376, .F. ) ;
#2732 = ADVANCED_FACE ( 'NONE', ( #5390 ), #1041, .T. ) ;
#2733 = EDGE_CURVE ( 'NONE', #1725, #3927, #4198, .T. ) ;
#2734 = ORIENTED_EDGE ( 'NONE', *, *, #2653, .F. ) ;
#2735 = CARTESIAN_POINT ( 'NONE',  ( -3.223986926616756232, -13.00731084673657456, 72.95875436254655710 ) ) ;
#2736 = CARTESIAN_POINT ( 'NONE',  ( 12.86715572258177431, -45.25917361018922236, 69.99495756345798725 ) ) ;
#2737 = CC_DESIGN_PERSON_AND_ORGANIZATION_ASSIGNMENT ( #34, #1784, ( #1305 ) ) ;
#2738 = FACE_OUTER_BOUND ( 'NONE', #4599, .T. ) ;
#2739 =( BOUNDED_SURFACE ( )  B_SPLINE_SURFACE ( 3, 2, ( 
 ( #5530, #1600, #3346 ),
 ( #5100, #1175, #310 ),
 ( #2244, #524, #1840 ),
 ( #1809, #832, #2272 ),
 ( #4732, #3591, #4356 ),
 ( #5308, #2980, #1684 ),
 ( #2729, #958, #3164 ),
 ( #4022, #89, #803 ),
 ( #5207, #5342, #1281 ),
 ( #5643, #57, #2545 ),
 ( #1873, #3006, #862 ),
 ( #3994, #2302, #1416 ),
 ( #4302, #4921, #422 ),
 ( #1384, #364, #3431 ),
 ( #4483, #2702, #987 ),
 ( #555, #4057, #2116 ) ),
 .UNSPECIFIED., .F., .F., .F. ) 
 B_SPLINE_SURFACE_WITH_KNOTS ( ( 4, 2, 2, 2, 2, 2, 2, 4 ),
 ( 3, 3 ),
 ( 0.000000000000000000, 0.0006720551944060372367, 0.001344110388812074473, 0.002016165583218111710, 0.002688220777624148947, 0.003360275972030186183, 0.004032331166436223420, 0.005376441555248297893 ),
 ( 0.000000000000000000, 1.000000000000000000 ),
 .UNSPECIFIED. ) 
 GEOMETRIC_REPRESENTATION_ITEM ( )  RATIONAL_B_SPLINE_SURFACE ( (
 ( 1.000000000000000000, 0.7385399763530430262, 1.000000000000000000),
 ( 1.000000000000000000, 0.7390896834532606485, 1.000000000000000000),
 ( 1.000000000000000000, 0.7420694781335626100, 1.000000000000000000),
 ( 1.000000000000000000, 0.7522082605889492957, 1.000000000000000000),
 ( 1.000000000000000000, 0.7594857062203483888, 1.000000000000000000),
 ( 1.000000000000000000, 0.7768138487789733038, 1.000000000000000000),
 ( 1.000000000000000000, 0.7868340344536624009, 1.000000000000000000),
 ( 1.000000000000000000, 0.8085452944597013580, 1.000000000000000000),
 ( 1.000000000000000000, 0.8201598482204525142, 1.000000000000000000),
 ( 1.000000000000000000, 0.8433684366712360658, 1.000000000000000000),
 ( 1.000000000000000000, 0.8550630818716792314, 1.000000000000000000),
 ( 1.000000000000000000, 0.8780255485820570582, 1.000000000000000000),
 ( 1.000000000000000000, 0.8893046698723147125, 1.000000000000000000),
 ( 1.000000000000000000, 0.9209502472840712661, 1.000000000000000000),
 ( 1.000000000000000000, 0.9394798169652979203, 1.000000000000000000),
 ( 1.000000000000000000, 0.9545695676290147924, 1.000000000000000000) ) ) 
 REPRESENTATION_ITEM ( '' )  SURFACE ( )  );
#2740 = CIRCLE ( 'NONE', #2743, 1.050000000000001155 ) ;
#2741 = ORIENTED_EDGE ( 'NONE', *, *, #4764, .F. ) ;
#2742 = CARTESIAN_POINT ( 'NONE',  ( -3.288222166903857602, -13.78467698355519566, 102.1000000000004917 ) ) ;
#2743 = AXIS2_PLACEMENT_3D ( 'NONE', #4689, #767, #2510 ) ;
#2744 = DIRECTION ( 'NONE',  ( 0.9948490747852793969, 0.1013672451881286463, -1.357708159647627407E-06 ) ) ;
#2745 = DIRECTION ( 'NONE',  ( -9.302454639925629306E-14, 0.9999999999999905631, -1.376271353825675712E-07 ) ) ;
#2746 = CARTESIAN_POINT ( 'NONE',  ( -3.030739202902745344, -19.37242437327599376, 70.66564053325761563 ) ) ;
#2747 = ORIENTED_EDGE ( 'NONE', *, *, #518, .T. ) ;
#2748 = CIRCLE ( 'NONE', #5302, 0.9999999999999997780 ) ;
#2749 = CARTESIAN_POINT ( 'NONE',  ( 0.6189794116586071482, -7.642149598963719370, 49.99496893010713450 ) ) ;
#2750 = FACE_OUTER_BOUND ( 'NONE', #1506, .T. ) ;
#2751 = DIRECTION ( 'NONE',  ( -0.1013672451882220993, 0.9948490747861964412, -3.744549254513903142E-19 ) ) ;
#2752 = AXIS2_PLACEMENT_3D ( 'NONE', #5529, #4215, #1599 ) ;
#2753 = CARTESIAN_POINT ( 'NONE',  ( -3.955185908801820194, -19.92137203947628166, 70.38462090916397074 ) ) ;
#2754 = ORIENTED_EDGE ( 'NONE', *, *, #4080, .T. ) ;
#2755 = EDGE_LOOP ( 'NONE', ( #1303, #3419, #3378, #3119, #203, #2990, #696, #1790, #2162, #2019 ) ) ;
#2756 = AXIS2_PLACEMENT_3D ( 'NONE', #3693, #3260, #2512 ) ;
#2757 = EDGE_LOOP ( 'NONE', ( #5356, #5665, #4837, #1498 ) ) ;
#2758 = CARTESIAN_POINT ( 'NONE',  ( 24.17144842372366398, -34.05557972605017625, 63.77996616582172607 ) ) ;
#2759 = CARTESIAN_POINT ( 'NONE',  ( 24.23077116283415577, -9.975531817487659936, 72.99493871617984553 ) ) ;
#2760 = CARTESIAN_POINT ( 'NONE',  ( -2.914933659964261015, -38.62203865806368697, 65.57726888989041925 ) ) ;
#2761 = CARTESIAN_POINT ( 'NONE',  ( -2.239361507528870643, -35.37763074709221911, 69.99497660808452792 ) ) ;
#2762 = FACE_OUTER_BOUND ( 'NONE', #754, .T. ) ;
#2763 = VECTOR ( 'NONE', #3476, 1000.000000000000000 ) ;
#2764 = ADVANCED_FACE ( 'NONE', ( #4624 ), #2551, .T. ) ;
#2765 = ORIENTED_EDGE ( 'NONE', *, *, #3500, .F. ) ;
#2766 = VERTEX_POINT ( 'NONE', #5565 ) ;
#2767 = CIRCLE ( 'NONE', #3229, 2.000000000000000444 ) ;
#2768 = VERTEX_POINT ( 'NONE', #1633 ) ;
#2769 = PLANE ( 'NONE',  #3917 ) ;
#2770 = ADVANCED_FACE ( 'NONE', ( #345 ), #3329, .F. ) ;
#2771 = CARTESIAN_POINT ( 'NONE',  ( 10.32585067585594807, -10.38715554484977943, 112.4500000000005002 ) ) ;
#2772 = FACE_OUTER_BOUND ( 'NONE', #3149, .T. ) ;
#2773 = AXIS2_PLACEMENT_3D ( 'NONE', #3292, #4671, #5586 ) ;
#2774 = ORIENTED_EDGE ( 'NONE', *, *, #2698, .F. ) ;
#2775 = CYLINDRICAL_SURFACE ( 'NONE', #520, 1.000000000000000666 ) ;
#2776 = ADVANCED_FACE ( 'NONE', ( #5106 ), #3411, .T. ) ;
#2777 = DIRECTION ( 'NONE',  ( -1.256382585947672947E-08, 1.233052206249323938E-07, -0.9999999999999923395 ) ) ;
#2778 = CARTESIAN_POINT ( 'NONE',  ( -2.834603744686565729, -18.23662659322344126, 102.1000000000004633 ) ) ;
#2779 = FACE_OUTER_BOUND ( 'NONE', #3278, .T. ) ;
#2780 = EDGE_LOOP ( 'NONE', ( #4869, #2667, #5158, #2765 ) ) ;
#2781 = TOROIDAL_SURFACE ( 'NONE', #1502, 4.999999999999997335, 3.000000000000000000 ) ;
#2782 = EDGE_CURVE ( 'NONE', #214, #2864, #289, .T. ) ;
#2783 = CARTESIAN_POINT ( 'NONE',  ( -5.416146816075111836, 32.28891724450862455, 65.41997158625673592 ) ) ;
#2784 = CARTESIAN_POINT ( 'NONE',  ( 25.75828677574919467, -34.19510381012690203, 70.60524506116283305 ) ) ;
#2785 = CARTESIAN_POINT ( 'NONE',  ( -1.209946004480219273, -9.401430077221800019, 67.78000000000052694 ) ) ;
#2786 = CARTESIAN_POINT ( 'NONE',  ( -3.550497679230546488, -12.75596430766007217, 53.99497526568450922 ) ) ;
#2787 = EDGE_LOOP ( 'NONE', ( #5082, #1448 ) ) ;
#2788 = VERTEX_POINT ( 'NONE', #4739 ) ;
#2789 =( BOUNDED_CURVE ( )  B_SPLINE_CURVE ( 3, ( #2115, #3005, #4758, #4920 ),
 .UNSPECIFIED., .F., .T. ) 
 B_SPLINE_CURVE_WITH_KNOTS ( ( 4, 4 ),
 ( 0.1015416496118668882, 1.479761548757481338 ),
 .UNSPECIFIED. ) 
 CURVE ( )  GEOMETRIC_REPRESENTATION_ITEM ( )  RATIONAL_B_SPLINE_CURVE ( ( 1.000000000000000000, 0.8478748397511239876, 0.8478748397511239876, 1.000000000000000000 ) ) 
 REPRESENTATION_ITEM ( '' )  );
#2790 = VERTEX_POINT ( 'NONE', #5537 ) ;
#2791 = LINE ( 'NONE', #4546, #2677 ) ;
#2792 = CARTESIAN_POINT ( 'NONE',  ( -0.7832280869716937710, -46.53755194673398421, 70.79860622569754014 ) ) ;
#2793 = CARTESIAN_POINT ( 'NONE',  ( 23.73912222700390018, -44.15140628923283828, 72.46765464160236547 ) ) ;
#2794 = VERTEX_POINT ( 'NONE', #2927 ) ;
#2795 = ORIENTED_EDGE ( 'NONE', *, *, #1891, .F. ) ;
#2796 = EDGE_CURVE ( 'NONE', #3332, #1636, #2823, .T. ) ;
#2797 = AXIS2_PLACEMENT_3D ( 'NONE', #1952, #1551, #1978 ) ;
#2798 = CARTESIAN_POINT ( 'NONE',  ( -4.228876349630819043, -19.72246216520599660, 70.24773816292892548 ) ) ;
#2799 = DIRECTION ( 'NONE',  ( -0.9948490747861964412, -0.1013672451882217940, 0.000000000000000000 ) ) ;
#2800 = CARTESIAN_POINT ( 'NONE',  ( 0.09295198939585569420, -38.00026129225162208, 72.99497381874395785 ) ) ;
#2801 = CARTESIAN_POINT ( 'NONE',  ( -8.747306790902666052, -10.16942747328268659, 49.99498192910967020 ) ) ;
#2802 = ORIENTED_EDGE ( 'NONE', *, *, #1162, .F. ) ;
#2803 = AXIS2_PLACEMENT_3D ( 'NONE', #3945, #5236, #1363 ) ;
#2804 = DIRECTION ( 'NONE',  ( 1.000000000000000000, 0.000000000000000000, 0.000000000000000000 ) ) ;
#2805 = DIRECTION ( 'NONE',  ( -0.9999999999990878408, 0.000000000000000000, 1.350714706749301466E-06 ) ) ;
#2806 = CARTESIAN_POINT ( 'NONE',  ( -1.820931292804341517, -28.18511734108541233, 102.1000000000004917 ) ) ;
#2807 = CARTESIAN_POINT ( 'NONE',  ( -3.065286651566083265, -12.64463262217693540, 69.99497460069231636 ) ) ;
#2808 = ORIENTED_EDGE ( 'NONE', *, *, #1864, .F. ) ;
#2809 = EDGE_CURVE ( 'NONE', #1042, #4922, #3766, .T. ) ;
#2810 = FACE_BOUND ( 'NONE', #1020, .T. ) ;
#2811 = DIRECTION ( 'NONE',  ( -0.000000000000000000, -0.000000000000000000, 1.000000000000000000 ) ) ;
#2812 = DIRECTION ( 'NONE',  ( 0.1013672451882223491, -0.9948490747861963301, 0.000000000000000000 ) ) ;
#2813 = CARTESIAN_POINT ( 'NONE',  ( -2.961465379499292006, -18.41603615329074373, 71.89191435875682146 ) ) ;
#2814 = VERTEX_POINT ( 'NONE', #2093 ) ;
#2815 = AXIS2_PLACEMENT_3D ( 'NONE', #1092, #664, #3706 ) ;
#2816 = ORIENTED_EDGE ( 'NONE', *, *, #4282, .T. ) ;
#2817 = ORIENTED_EDGE ( 'NONE', *, *, #5159, .F. ) ;
#2818 = ORIENTED_EDGE ( 'NONE', *, *, #1549, .F. ) ;
#2819 = LINE ( 'NONE', #1015, #2585 ) ;
#2820 = DIRECTION ( 'NONE',  ( 9.301573989476108429E-14, -0.9999999999999904521, 1.376271359134232363E-07 ) ) ;
#2821 = CARTESIAN_POINT ( 'NONE',  ( 22.19580234013742626, -44.30865836830772508, 69.80703843157829169 ) ) ;
#2822 = VERTEX_POINT ( 'NONE', #258 ) ;
#2823 = B_SPLINE_CURVE_WITH_KNOTS ( 'NONE', 3,
 ( #4678, #809, #3818, #5162, #3791, #695, #5052, #2469, #4308, #1128 ),
 .UNSPECIFIED., .F., .F.,
 ( 4, 2, 2, 2, 4 ),
 ( 0.000000000000000000, 0.0008524796762428472636, 0.001704959352485694527, 0.002557439028728542008, 0.003409918704971389054 ),
 .UNSPECIFIED. ) ;
#2824 = ORIENTED_EDGE ( 'NONE', *, *, #2554, .T. ) ;
#2825 = CARTESIAN_POINT ( 'NONE',  ( 3.969317874248619482, -46.16579284890231349, 69.52067851929079723 ) ) ;
#2826 = DIRECTION ( 'NONE',  ( -1.350714706455073349E-06, -1.376271359134233686E-07, -0.9999999999990782928 ) ) ;
#2827 = DIRECTION ( 'NONE',  ( 0.000000000000000000, 0.000000000000000000, 1.000000000000000000 ) ) ;
#2828 = ORIENTED_EDGE ( 'NONE', *, *, #1714, .T. ) ;
#2829 = DIRECTION ( 'NONE',  ( 1.128276928546408485E-16, -1.107325405147169919E-15, -1.000000000000000000 ) ) ;
#2830 = DIRECTION ( 'NONE',  ( -6.903152180341684056E-18, -7.033765596924220165E-19, 1.000000000000000000 ) ) ;
#2831 = DIRECTION ( 'NONE',  ( -0.9948490747861964412, -0.1013672451882219883, -6.938893903907228378E-18 ) ) ;
#2832 = LINE ( 'NONE', #2863, #1699 ) ;
#2833 = EDGE_CURVE ( 'NONE', #4944, #1028, #4255, .T. ) ;
#2834 = ORIENTED_EDGE ( 'NONE', *, *, #3086, .T. ) ;
#2835 = AXIS2_PLACEMENT_3D ( 'NONE', #2216, #3078, #4832 ) ;
#2836 = DIRECTION ( 'NONE',  ( -0.9948490747852793969, -0.1013672451881286324, 1.357708159647627407E-06 ) ) ;
#2837 = CARTESIAN_POINT ( 'NONE',  ( 24.23600753526423190, -10.06080002852152866, 52.13029716061755181 ) ) ;
#2838 = FACE_OUTER_BOUND ( 'NONE', #3543, .T. ) ;
#2839 = ADVANCED_FACE ( 'NONE', ( #5477 ), #630, .T. ) ;
#2840 = DIRECTION ( 'NONE',  ( 1.000000000000000000, 0.000000000000000000, 0.000000000000000000 ) ) ;
#2841 = CIRCLE ( 'NONE', #2288, 4.000000000000000000 ) ;
#2842 = ORIENTED_EDGE ( 'NONE', *, *, #2143, .F. ) ;
#2843 = VERTEX_POINT ( 'NONE', #4224 ) ;
#2844 = VERTEX_POINT ( 'NONE', #2898 ) ;
#2845 = ORIENTED_EDGE ( 'NONE', *, *, #2670, .F. ) ;
#2846 = CARTESIAN_POINT ( 'NONE',  ( -0.6152014920796888831, 2.335970026501086760, 156.7000000000005002 ) ) ;
#2847 = CARTESIAN_POINT ( 'NONE',  ( -2.143708188789767100, -45.44724915476424343, 70.01655661569830613 ) ) ;
#2848 = CARTESIAN_POINT ( 'NONE',  ( 20.02331054508708874, -44.53001808410743223, 68.99494779718195048 ) ) ;
#2849 = VERTEX_POINT ( 'NONE', #1209 ) ;
#2850 = VECTOR ( 'NONE', #1938, 1000.000000000000000 ) ;
#2851 = EDGE_CURVE ( 'NONE', #4431, #1868, #2767, .T. ) ;
#2852 = CARTESIAN_POINT ( 'NONE',  ( 22.37390833596596096, -43.37053719266416607, 71.65749499485103513 ) ) ;
#2853 = LINE ( 'NONE', #3829, #2916 ) ;
#2854 = AXIS2_PLACEMENT_3D ( 'NONE', #5140, #1588, #4265 ) ;
#2855 = PLANE ( 'NONE',  #1569 ) ;
#2856 = CARTESIAN_POINT ( 'NONE',  ( -2.191459418064178877, -36.74175133820885009, 53.99497673110670348 ) ) ;
#2857 = ORIENTED_EDGE ( 'NONE', *, *, #528, .F. ) ;
#2858 = CIRCLE ( 'NONE', #2306, 1.550000000000000266 ) ;
#2859 = CARTESIAN_POINT ( 'NONE',  ( 3.251102165572004932, -45.31740453696814797, 71.51428694398465780 ) ) ;
#2860 = FACE_OUTER_BOUND ( 'NONE', #2958, .T. ) ;
#2861 = AXIS2_PLACEMENT_3D ( 'NONE', #2519, #2949, #3811 ) ;
#2862 = CARTESIAN_POINT ( 'NONE',  ( -9.128143506410729913, 1.626501356039936175, 106.7000000000005002 ) ) ;
#2863 = CARTESIAN_POINT ( 'NONE',  ( -9.128143506410729913, 1.626501356039936175, 156.7000000000005002 ) ) ;
#2864 = VERTEX_POINT ( 'NONE', #1317 ) ;
#2865 = AXIS2_PLACEMENT_3D ( 'NONE', #320, #2553, #1668 ) ;
#2866 = CARTESIAN_POINT ( 'NONE',  ( 2.867766938066795390, -45.37474665816020547, 72.99497518603058666 ) ) ;
#2867 = EDGE_CURVE ( 'NONE', #2620, #2110, #370, .T. ) ;
#2868 = DIRECTION ( 'NONE',  ( 1.000000000000000000, 0.000000000000000000, 0.000000000000000000 ) ) ;
#2869 = DIRECTION ( 'NONE',  ( 6.903152180341682515E-18, 7.033765596924227869E-19, -1.000000000000000000 ) ) ;
#2870 = DIRECTION ( 'NONE',  ( 0.1013672451882220577, -0.9948490747861964412, 3.745344186392142229E-19 ) ) ;
#2871 = ORIENTED_EDGE ( 'NONE', *, *, #1312, .T. ) ;
#2872 = CC_DESIGN_APPROVAL ( #4535, ( #2967 ) ) ;
#2873 = EDGE_LOOP ( 'NONE', ( #4051, #202, #3845, #3938, #1485, #4229, #1949, #4682, #785, #4510, #176, #1942 ) ) ;
#2874 = ORIENTED_EDGE ( 'NONE', *, *, #2959, .F. ) ;
#2875 = FACE_OUTER_BOUND ( 'NONE', #999, .T. ) ;
#2876 = DIRECTION ( 'NONE',  ( 0.1013672451882220715, -0.9948490747861964412, 5.293955920334497054E-23 ) ) ;
#2877 = LINE ( 'NONE', #1670, #1389 ) ;
#2878 = ORIENTED_EDGE ( 'NONE', *, *, #493, .T. ) ;
#2879 = B_SPLINE_CURVE_WITH_KNOTS ( 'NONE', 3,
 ( #1292, #47, #5295, #3957, #5270, #2179, #4826, #1373, #4879, #433 ),
 .UNSPECIFIED., .F., .F.,
 ( 4, 2, 2, 2, 4 ),
 ( 0.000000000000000000, 0.0006806584156728406583, 0.001020987623509264511, 0.001191152227427472263, 0.001361316831345680449 ),
 .UNSPECIFIED. ) ;
#2880 = ADVANCED_FACE ( 'NONE', ( #3015 ), #941, .F. ) ;
#2881 = CARTESIAN_POINT ( 'NONE',  ( -4.079087770821343994, -19.40414755129870628, 70.35371493741666882 ) ) ;
#2882 = LINE ( 'NONE', #2909, #4384 ) ;
#2883 = FACE_OUTER_BOUND ( 'NONE', #3167, .T. ) ;
#2884 = DIRECTION ( 'NONE',  ( -6.903152180341682515E-18, -7.033765596924215350E-19, 1.000000000000000000 ) ) ;
#2885 = EDGE_CURVE ( 'NONE', #2593, #4703, #2858, .T. ) ;
#2886 = ADVANCED_FACE ( 'NONE', ( #3464 ), #3952, .F. ) ;
#2887 = VERTEX_POINT ( 'NONE', #2123 ) ;
#2888 = VECTOR ( 'NONE', #2811, 1000.000000000000000 ) ;
#2889 = CARTESIAN_POINT ( 'NONE',  ( 25.68250449455079831, -43.95339102058390068, 69.99494007386680039 ) ) ;
#2890 = FACE_OUTER_BOUND ( 'NONE', #4047, .T. ) ;
#2891 = LINE ( 'NONE', #3376, #5155 ) ;
#2892 = CARTESIAN_POINT ( 'NONE',  ( -5.557299062614552199, -12.79062813937076903, 69.99497798108714619 ) ) ;
#2893 = AXIS2_PLACEMENT_3D ( 'NONE', #1685, #4790, #4332 ) ;
#2894 = VERTEX_POINT ( 'NONE', #5213 ) ;
#2895 = LINE ( 'NONE', #2063, #1622 ) ;
#2896 = DIRECTION ( 'NONE',  ( 6.903152180341684826E-18, 7.033765596924220165E-19, -1.000000000000000000 ) ) ;
#2897 = CARTESIAN_POINT ( 'NONE',  ( 26.80067697909253610, -35.19737166175638521, 71.99222739338017618 ) ) ;
#2898 = CARTESIAN_POINT ( 'NONE',  ( 3.384798507920311117, 2.335970026501086760, 153.0500000000004945 ) ) ;
#2899 = ORIENTED_EDGE ( 'NONE', *, *, #1449, .T. ) ;
#2900 = VERTEX_POINT ( 'NONE', #1344 ) ;
#2901 = EDGE_LOOP ( 'NONE', ( #396, #2148 ) ) ;
#2902 = CARTESIAN_POINT ( 'NONE',  ( 23.88554599992087191, -15.55567729863801851, 41.71066611099396937 ) ) ;
#2903 = DIRECTION ( 'NONE',  ( -0.9948490747852793969, -0.1013672451881286324, 1.357708159647627195E-06 ) ) ;
#2904 = CARTESIAN_POINT ( 'NONE',  ( -6.148404702789272314, -6.989604899827672746, 49.99497798110451896 ) ) ;
#2905 = CIRCLE ( 'NONE', #432, 4.000000000000000000 ) ;
#2906 = ORIENTED_EDGE ( 'NONE', *, *, #2911, .T. ) ;
#2907 = EDGE_CURVE ( 'NONE', #305, #5412, #5676, .T. ) ;
#2908 = CARTESIAN_POINT ( 'NONE',  ( 0.09436922423786547887, -4.627973497002288994, 153.0500000000004945 ) ) ;
#2909 = CARTESIAN_POINT ( 'NONE',  ( 24.68900674648696736, -14.47279565833319026, 21.41636012479020224 ) ) ;
#2910 = DIRECTION ( 'NONE',  ( -0.000000000000000000, -0.000000000000000000, 1.000000000000000000 ) ) ;
#2911 = EDGE_CURVE ( 'NONE', #516, #573, #1794, .T. ) ;
#2912 = DIRECTION ( 'NONE',  ( -1.350714706455073349E-06, -1.376271359134233686E-07, -0.9999999999990782928 ) ) ;
#2913 = CIRCLE ( 'NONE', #1906, 1.549999999999999378 ) ;
#2914 = EDGE_LOOP ( 'NONE', ( #3885, #4747 ) ) ;
#2915 = ADVANCED_FACE ( 'NONE', ( #2608 ), #2176, .T. ) ;
#2916 = VECTOR ( 'NONE', #270, 1000.000000000000000 ) ;
#2917 = CARTESIAN_POINT ( 'NONE',  ( 23.93636124770423379, -16.18265171314875417, 71.15161770964985521 ) ) ;
#2918 = CYLINDRICAL_SURFACE ( 'NONE', #3283, 1.550000000000000266 ) ;
#2919 = CARTESIAN_POINT ( 'NONE',  ( 26.90985181775682378, -36.26884684127494296, 72.99493871618945207 ) ) ;
#2920 = PLANE ( 'NONE',  #3568 ) ;
#2921 = CARTESIAN_POINT ( 'NONE',  ( 8.179068707195659371, -22.27833488107692972, 72.99496073294349685 ) ) ;
#2922 = CARTESIAN_POINT ( 'NONE',  ( 2.174541042230303312, -46.34866640007734873, 71.70207457568210430 ) ) ;
#2923 = VERTEX_POINT ( 'NONE', #4387 ) ;
#2924 = EDGE_CURVE ( 'NONE', #4027, #3913, #5625, .T. ) ;
#2925 = CARTESIAN_POINT ( 'NONE',  ( 5.384595900396763390, 18.42703684163899780, 150.0500000000004945 ) ) ;
#2926 = CARTESIAN_POINT ( 'NONE',  ( 23.69415767170077203, -14.57416290352141175, 113.3500000000004917 ) ) ;
#2927 = CARTESIAN_POINT ( 'NONE',  ( -1.925998075394927289, -18.18566930775896751, 72.99497381874395785 ) ) ;
#2928 = VERTEX_POINT ( 'NONE', #3043 ) ;
#2929 = EDGE_LOOP ( 'NONE', ( #436, #1051 ) ) ;
#2930 = ORIENTED_EDGE ( 'NONE', *, *, #2309, .F. ) ;
#2931 = CARTESIAN_POINT ( 'NONE',  ( -4.635144689299750098, 2.328440675662676096, 153.0500000000004945 ) ) ;
#2932 = DIRECTION ( 'NONE',  ( -1.000000000000000000, 0.000000000000000000, 0.000000000000000000 ) ) ;
#2933 = AXIS2_PLACEMENT_3D ( 'NONE', #3685, #1075, #586 ) ;
#2934 = DIRECTION ( 'NONE',  ( -6.903152180341686367E-18, -7.033765596924231720E-19, 1.000000000000000000 ) ) ;
#2935 = ORIENTED_EDGE ( 'NONE', *, *, #1188, .T. ) ;
#2936 = AXIS2_PLACEMENT_3D ( 'NONE', #3152, #229, #4108 ) ;
#2937 = FACE_OUTER_BOUND ( 'NONE', #2780, .T. ) ;
#2938 = CARTESIAN_POINT ( 'NONE',  ( -1.501258507707904588, -11.59224434360636558, 72.99497233760610015 ) ) ;
#2939 = EDGE_CURVE ( 'NONE', #2095, #1212, #2217, .T. ) ;
#2940 = LINE ( 'NONE', #271, #1114 ) ;
#2941 = VECTOR ( 'NONE', #2541, 1000.000000000000114 ) ;
#2942 = DIRECTION ( 'NONE',  ( 1.000000000000000000, 0.000000000000000000, 0.000000000000000000 ) ) ;
#2943 = EDGE_LOOP ( 'NONE', ( #1263, #4913, #5288 ) ) ;
#2944 = VECTOR ( 'NONE', #3830, 1000.000000000000000 ) ;
#2945 = LINE ( 'NONE', #2569, #1289 ) ;
#2946 = DIRECTION ( 'NONE',  ( 0.1013672451882220715, -0.9948490747861964412, 2.646977960175601884E-23 ) ) ;
#2947 = CARTESIAN_POINT ( 'NONE',  ( -0.1039871348449355193, -46.58083038378863705, 71.91732847752989244 ) ) ;
#2948 = DIRECTION ( 'NONE',  ( 0.000000000000000000, -1.000000000000000000, 0.000000000000000000 ) ) ;
#2949 = DIRECTION ( 'NONE',  ( -1.350714706455073349E-06, -1.376271359134233686E-07, -0.9999999999990782928 ) ) ;
#2950 = CARTESIAN_POINT ( 'NONE',  ( -2.894845066540903122, -12.36597303091638445, 72.99497839955449763 ) ) ;
#2951 = VECTOR ( 'NONE', #180, 1000.000000000000114 ) ;
#2952 = ORIENTED_EDGE ( 'NONE', *, *, #2418, .F. ) ;
#2953 = EDGE_CURVE ( 'NONE', #2822, #2423, #220, .T. ) ;
#2954 = AXIS2_PLACEMENT_3D ( 'NONE', #4823, #1288, #2633 ) ;
#2955 = CARTESIAN_POINT ( 'NONE',  ( 2.476226873083498869, -25.86974405110464303, 49.90851877621094701 ) ) ;
#2956 = LINE ( 'NONE', #1661, #2108 ) ;
#2957 = CARTESIAN_POINT ( 'NONE',  ( -4.158679538924580754, -6.786867656908713187, 69.99497526567076022 ) ) ;
#2958 = EDGE_LOOP ( 'NONE', ( #880, #5373, #612, #3688 ) ) ;
#2959 = EDGE_CURVE ( 'NONE', #5107, #566, #477, .T. ) ;
#2960 = ADVANCED_FACE ( 'NONE', ( #428 ), #3116, .T. ) ;
#2961 = EDGE_CURVE ( 'NONE', #4995, #3988, #3901, .T. ) ;
#2962 = VECTOR ( 'NONE', #4086, 1000.000000000000000 ) ;
#2963 = ORIENTED_EDGE ( 'NONE', *, *, #4497, .F. ) ;
#2964 = ORIENTED_EDGE ( 'NONE', *, *, #3014, .T. ) ;
#2965 = DIRECTION ( 'NONE',  ( 6.903152180341684826E-18, 7.033765596924220165E-19, -1.000000000000000000 ) ) ;
#2966 = DIRECTION ( 'NONE',  ( 1.000000000000000000, -1.734723475976807094E-15, 0.000000000000000000 ) ) ;
#2967 = SECURITY_CLASSIFICATION ( '', '', #182 ) ;
#2968 = ORIENTED_EDGE ( 'NONE', *, *, #66, .T. ) ;
#2969 = LINE ( 'NONE', #3853, #2375 ) ;
#2970 = DIRECTION ( 'NONE',  ( 6.903152180341684826E-18, 7.033765596924220165E-19, -1.000000000000000000 ) ) ;
#2971 = DIRECTION ( 'NONE',  ( -0.1013672451882220715, 0.9948490747861963301, -3.745473813640109312E-19 ) ) ;
#2972 = DIRECTION ( 'NONE',  ( -0.9999999999990877297, -3.469446951953613400E-15, 1.350714706749300407E-06 ) ) ;
#2973 = EDGE_LOOP ( 'NONE', ( #3672, #4914, #3767, #1084 ) ) ;
#2974 =( BOUNDED_CURVE ( )  B_SPLINE_CURVE ( 3, ( #4777, #3024, #2050, #5143 ),
 .UNSPECIFIED., .F., .F. ) 
 B_SPLINE_CURVE_WITH_KNOTS ( ( 4, 4 ),
 ( -3.552713678800500929E-15, 1.570796326794899445 ),
 .UNSPECIFIED. ) 
 CURVE ( )  GEOMETRIC_REPRESENTATION_ITEM ( )  RATIONAL_B_SPLINE_CURVE ( ( 1.000000000000000000, 0.8047378541243634942, 0.8047378541243634942, 1.000000000000000000 ) ) 
 REPRESENTATION_ITEM ( '' )  );
#2975 = ADVANCED_FACE ( 'NONE', ( #2230, #3978 ), #1262, .T. ) ;
#2976 = CARTESIAN_POINT ( 'NONE',  ( 24.79818158515170978, -15.54427083785173558, 71.99222739338020460 ) ) ;
#2977 = PLANE ( 'NONE',  #532 ) ;
#2978 = DIRECTION ( 'NONE',  ( 1.128276928546408485E-16, -1.107325405147169919E-15, -1.000000000000000000 ) ) ;
#2979 = FACE_OUTER_BOUND ( 'NONE', #2137, .T. ) ;
#2980 = CARTESIAN_POINT ( 'NONE',  ( -0.9244760505985966104, -38.02717642343323234, 72.02152928052591108 ) ) ;
#2981 = CARTESIAN_POINT ( 'NONE',  ( 5.450273024980715419, -46.01489524274101939, 69.02052091769205333 ) ) ;
#2982 = EDGE_LOOP ( 'NONE', ( #2359, #977, #3617, #5021 ) ) ;
#2983 = VECTOR ( 'NONE', #5605, 1000.000000000000000 ) ;
#2984 = ADVANCED_FACE ( 'NONE', ( #1717 ), #867, .T. ) ;
#2985 = CARTESIAN_POINT ( 'NONE',  ( 0.09436922423786574254, -4.627973497002288994, 113.3500000000004917 ) ) ;
#2986 = CIRCLE ( 'NONE', #3518, 1.000000000000000666 ) ;
#2987 = FACE_OUTER_BOUND ( 'NONE', #5622, .T. ) ;
#2988 = DIRECTION ( 'NONE',  ( -0.000000000000000000, -0.000000000000000000, 1.000000000000000000 ) ) ;
#2989 = EDGE_CURVE ( 'NONE', #4941, #704, #3175, .T. ) ;
#2990 = ORIENTED_EDGE ( 'NONE', *, *, #5326, .F. ) ;
#2991 = VERTEX_POINT ( 'NONE', #3638 ) ;
#2992 = CARTESIAN_POINT ( 'NONE',  ( 19.65830505095753722, -43.56203165984655357, 69.99494815697994454 ) ) ;
#2993 = FACE_OUTER_BOUND ( 'NONE', #2307, .T. ) ;
#2994 = DIRECTION ( 'NONE',  ( -0.1013672451882220854, 0.9948490747861964412, -3.744813952309919148E-19 ) ) ;
#2995 = VERTEX_POINT ( 'NONE', #5382 ) ;
#2996 = FACE_OUTER_BOUND ( 'NONE', #2539, .T. ) ;
#2997 = CARTESIAN_POINT ( 'NONE',  ( -1.117670577935499177, -36.63234075584379923, 63.78000067883891688 ) ) ;
#2998 = CARTESIAN_POINT ( 'NONE',  ( 9.028534125687341927, -8.358210002928140980, 58.16995766975478688 ) ) ;
#2999 = EDGE_LOOP ( 'NONE', ( #603, #851, #4545, #700 ) ) ;
#3000 = PLANE ( 'NONE',  #1962 ) ;
#3001 = EDGE_LOOP ( 'NONE', ( #4710, #3583, #1778, #4885, #5428, #626, #1161, #2042, #1983, #1477, #1757, #2012 ) ) ;
#3002 = CARTESIAN_POINT ( 'NONE',  ( 24.70224150603709390, -14.60268562692228222, 71.94972289937328469 ) ) ;
#3003 = CARTESIAN_POINT ( 'NONE',  ( -2.023524308837789665, -36.90066590020687443, 70.50782143682914693 ) ) ;
#3004 = CARTESIAN_POINT ( 'NONE',  ( 2.095366196880596998, -41.43136347642523276, 65.41997158625673592 ) ) ;
#3005 = CARTESIAN_POINT ( 'NONE',  ( 15.79942928212189202, -20.37125879453240884, 72.99495017755049275 ) ) ;
#3006 = CARTESIAN_POINT ( 'NONE',  ( -1.386710444643322493, -37.57669395300471393, 71.14279492831691698 ) ) ;
#3007 = CYLINDRICAL_SURFACE ( 'NONE', #139, 1.999999999999999778 ) ;
#3008 = ORIENTED_EDGE ( 'NONE', *, *, #981, .F. ) ;
#3009 =( BOUNDED_CURVE ( )  B_SPLINE_CURVE ( 3, ( #5324, #2713, #970, #4467 ),
 .UNSPECIFIED., .F., .T. ) 
 B_SPLINE_CURVE_WITH_KNOTS ( ( 4, 4 ),
 ( 1.570796326794897002, 3.141592653589786455 ),
 .UNSPECIFIED. ) 
 CURVE ( )  GEOMETRIC_REPRESENTATION_ITEM ( )  RATIONAL_B_SPLINE_CURVE ( ( 1.000000000000000000, 0.8047378541243667138, 0.8047378541243667138, 1.000000000000000000 ) ) 
 REPRESENTATION_ITEM ( '' )  );
#3010 = B_SPLINE_CURVE_WITH_KNOTS ( 'NONE', 3,
 ( #4985, #62, #2735, #2308, #623, #3631 ),
 .UNSPECIFIED., .F., .F.,
 ( 4, 2, 4 ),
 ( 0.000000000000000000, 0.0005935562971599746534, 0.001187112594319949307 ),
 .UNSPECIFIED. ) ;
#3011 = VECTOR ( 'NONE', #2946, 999.9999999999998863 ) ;
#3012 = CARTESIAN_POINT ( 'NONE',  ( 10.33083741941273637, -10.38664743515793631, 102.7000000000005002 ) ) ;
#3013 = CARTESIAN_POINT ( 'NONE',  ( 25.53220788760769366, -32.53363791868999044, 69.99324220744595948 ) ) ;
#3014 = EDGE_CURVE ( 'NONE', #1043, #2534, #935, .T. ) ;
#3015 = FACE_OUTER_BOUND ( 'NONE', #3920, .T. ) ;
#3016 = ORIENTED_EDGE ( 'NONE', *, *, #1614, .F. ) ;
#3017 = CARTESIAN_POINT ( 'NONE',  ( 9.442001548414582501, -1.712790516419904208, 112.4500000000002871 ) ) ;
#3018 = EDGE_CURVE ( 'NONE', #3561, #3257, #3701, .T. ) ;
#3019 = CARTESIAN_POINT ( 'NONE',  ( 24.22570820343357312, -9.925788813239815767, 53.99493735844578168 ) ) ;
#3020 = DIRECTION ( 'NONE',  ( 6.903152180341684826E-18, 7.033765596924220165E-19, -1.000000000000000000 ) ) ;
#3021 = AXIS2_PLACEMENT_3D ( 'NONE', #3312, #622, #4955 ) ;
#3022 = ORIENTED_EDGE ( 'NONE', *, *, #5365, .F. ) ;
#3023 = AXIS2_PLACEMENT_3D ( 'NONE', #1266, #5168, #321 ) ;
#3024 = CARTESIAN_POINT ( 'NONE',  ( 25.83436212937012755, -33.88614198358319385, 53.99493848320805967 ) ) ;
#3025 = LINE ( 'NONE', #4721, #2944 ) ;
#3026 = ORIENTED_EDGE ( 'NONE', *, *, #4924, .T. ) ;
#3027 = CARTESIAN_POINT ( 'NONE',  ( -3.347747270646968420, -14.74566083529316884, 65.78000067883706947 ) ) ;
#3028 = VECTOR ( 'NONE', #1914, 1000.000000000000114 ) ;
#3029 = ORIENTED_EDGE ( 'NONE', *, *, #2009, .T. ) ;
#3030 = EDGE_CURVE ( 'NONE', #1043, #4944, #538, .T. ) ;
#3031 = EDGE_CURVE ( 'NONE', #319, #27, #4993, .T. ) ;
#3032 = CARTESIAN_POINT ( 'NONE',  ( 23.88554605398405783, -15.55567726292792763, 72.79480168959446473 ) ) ;
#3033 = DIRECTION ( 'NONE',  ( 2.763259692687278063E-06, 2.815542876617888699E-07, 0.9999999999961426411 ) ) ;
#3034 = VECTOR ( 'NONE', #3755, 999.9999999999998863 ) ;
#3035 = LINE ( 'NONE', #4787, #1111 ) ;
#3036 = LINE ( 'NONE', #2169, #4494 ) ;
#3037 = DIRECTION ( 'NONE',  ( -0.9948490747852793969, -0.1013672451881286046, 1.357708159647627407E-06 ) ) ;
#3038 = CARTESIAN_POINT ( 'NONE',  ( -2.131678226201054294, -11.75642139764467409, 72.99497728484294612 ) ) ;
#3039 = VERTEX_POINT ( 'NONE', #1856 ) ;
#3040 = AXIS2_PLACEMENT_3D ( 'NONE', #5067, #3232, #2428 ) ;
#3041 = CARTESIAN_POINT ( 'NONE',  ( -0.2824394437721389206, 2.771946882822941660, -4.905927312505042119E-15 ) ) ;
#3042 = CARTESIAN_POINT ( 'NONE',  ( 22.12291274740664448, -9.185128308945129660, 110.4500000000004860 ) ) ;
#3043 = CARTESIAN_POINT ( 'NONE',  ( 0.08827193244400699523, -43.53535533989067119, 49.99497458682063922 ) ) ;
#3044 = ORIENTED_EDGE ( 'NONE', *, *, #876, .T. ) ;
#3045 = VECTOR ( 'NONE', #4597, 1000.000000000000000 ) ;
#3046 = EDGE_CURVE ( 'NONE', #4569, #3353, #2387, .T. ) ;
#3047 = CARTESIAN_POINT ( 'NONE',  ( 21.93463553647476161, -43.40565872793069957, 71.00660631914257692 ) ) ;
#3048 = CARTESIAN_POINT ( 'NONE',  ( 7.899743540596020352, 3.045642788675047452, 156.7000000000005002 ) ) ;
#3049 = DIRECTION ( 'NONE',  ( -0.9948490747852795080, -0.1013672451881289238, 1.357708159647627407E-06 ) ) ;
#3050 = AXIS2_PLACEMENT_3D ( 'NONE', #2504, #5138, #788 ) ;
#3051 = VERTEX_POINT ( 'NONE', #2778 ) ;
#3052 = CARTESIAN_POINT ( 'NONE',  ( 12.51317688704328290, -35.26065805431314715, 72.99496073864260381 ) ) ;
#3053 = DIRECTION ( 'NONE',  ( -0.9999999999990877297, 9.280770596475911644E-14, 1.350714706749299984E-06 ) ) ;
#3054 = CARTESIAN_POINT ( 'NONE',  ( -4.615197715072620888, 2.330473114430010373, 150.0500000000004945 ) ) ;
#3055 = ORIENTED_EDGE ( 'NONE', *, *, #3086, .F. ) ;
#3056 = DATE_AND_TIME ( #2163, #3598 ) ;
#3057 = EDGE_CURVE ( 'NONE', #3826, #1876, #1247, .T. ) ;
#3058 = ORIENTED_EDGE ( 'NONE', *, *, #3468, .T. ) ;
#3059 = ORIENTED_EDGE ( 'NONE', *, *, #4187, .T. ) ;
#3060 = DIRECTION ( 'NONE',  ( 0.1013672451882220715, -0.9948490747861964412, 2.646977960174568037E-23 ) ) ;
#3061 = CARTESIAN_POINT ( 'NONE',  ( 21.42440713208942782, -7.095168673134420345, 67.77994004271761241 ) ) ;
#3062 = ADVANCED_FACE ( 'NONE', ( #4532 ), #70, .T. ) ;
#3063 = DIRECTION ( 'NONE',  ( 0.1013672451882221409, -0.9948490747861964412, 0.000000000000000000 ) ) ;
#3064 = ORIENTED_EDGE ( 'NONE', *, *, #2463, .T. ) ;
#3065 = CARTESIAN_POINT ( 'NONE',  ( 2.592065698302891796, -46.30612394287765454, 65.41997158625673592 ) ) ;
#3066 = CARTESIAN_POINT ( 'NONE',  ( -4.615197715072615559, 2.330473114429962411, 95.38629150101573373 ) ) ;
#3067 = CARTESIAN_POINT ( 'NONE',  ( -3.709968914734855794, -6.751516677735252436, 156.7000000000005002 ) ) ;
#3068 = DIRECTION ( 'NONE',  ( -0.9948490747861963301, -0.1013672451882222242, -0.000000000000000000 ) ) ;
#3069 = AXIS2_PLACEMENT_3D ( 'NONE', #4564, #3270, #170 ) ;
#3070 = ORIENTED_EDGE ( 'NONE', *, *, #5462, .T. ) ;
#3071 = CIRCLE ( 'NONE', #2893, 1.050000000000001377 ) ;
#3072 = DIRECTION ( 'NONE',  ( 1.300521469961807113E-15, 1.328893579683918750E-16, 1.000000000000000000 ) ) ;
#3073 = CARTESIAN_POINT ( 'NONE',  ( -7.578143506410728314, 1.626501356039936175, 150.0500000000004945 ) ) ;
#3074 = CARTESIAN_POINT ( 'NONE',  ( -6.028143506410727603, 1.626501356039936397, 106.7000000000005002 ) ) ;
#3075 = ORIENTED_EDGE ( 'NONE', *, *, #3639, .T. ) ;
#3076 = VECTOR ( 'NONE', #1393, 1000.000000000000000 ) ;
#3077 = CARTESIAN_POINT ( 'NONE',  ( 18.34943617723742548, -36.87323212979810449, 72.99495307745530681 ) ) ;
#3078 = DIRECTION ( 'NONE',  ( 6.903152180341684826E-18, 7.033765596924220165E-19, -1.000000000000000000 ) ) ;
#3079 = DIRECTION ( 'NONE',  ( 0.9948490747852792859, 0.1013672451881303671, -1.357708159647627407E-06 ) ) ;
#3080 = ADVANCED_FACE ( 'NONE', ( #1002 ), #969, .T. ) ;
#3081 = VERTEX_POINT ( 'NONE', #4500 ) ;
#3082 = APPROVAL_ROLE ( '' ) ;
#3083 = VERTEX_POINT ( 'NONE', #4560 ) ;
#3084 = ORIENTED_EDGE ( 'NONE', *, *, #3928, .F. ) ;
#3085 = CARTESIAN_POINT ( 'NONE',  ( -2.994403769367803392, -37.94366441647933641, 70.00656420291682025 ) ) ;
#3086 = EDGE_CURVE ( 'NONE', #1876, #5636, #3871, .T. ) ;
#3087 = DIRECTION ( 'NONE',  ( -0.9948490747861964412, -0.1013672451882206699, 0.000000000000000000 ) ) ;
#3088 = CARTESIAN_POINT ( 'NONE',  ( 19.22239490473489454, -9.480668115718437150, 108.4500000000004860 ) ) ;
#3089 = ORIENTED_EDGE ( 'NONE', *, *, #3690, .T. ) ;
#3090 = CARTESIAN_POINT ( 'NONE',  ( 3.323647908989822319, 3.139378637168453334, 153.0500000000004945 ) ) ;
#3091 = CARTESIAN_POINT ( 'NONE',  ( 26.70345396186157316, -34.24319530468665107, 69.50597423225539728 ) ) ;
#3092 = DIRECTION ( 'NONE',  ( -0.000000000000000000, -0.000000000000000000, -1.000000000000000000 ) ) ;
#3093 = CARTESIAN_POINT ( 'NONE',  ( -1.925831762385403101, -18.18704015271561403, 72.90423715452051567 ) ) ;
#3094 = ORIENTED_EDGE ( 'NONE', *, *, #1203, .F. ) ;
#3095 = EDGE_CURVE ( 'NONE', #340, #4193, #1915, .T. ) ;
#3096 = CARTESIAN_POINT ( 'NONE',  ( 23.76518536619038358, -44.14875066167359563, 72.99494812134012989 ) ) ;
#3097 = CARTESIAN_POINT ( 'NONE',  ( 25.82855432861251899, -34.75189242069417617, 71.15944833362956956 ) ) ;
#3098 = CARTESIAN_POINT ( 'NONE',  ( 22.30010966503890302, -47.85035450064668794, 61.66994517883649252 ) ) ;
#3099 = DIRECTION ( 'NONE',  ( 0.9948490747852793969, 0.1013672451881286046, -1.357708159647627407E-06 ) ) ;
#3100 = ORIENTED_EDGE ( 'NONE', *, *, #4607, .F. ) ;
#3101 = LINE ( 'NONE', #3963, #2243 ) ;
#3102 = FACE_OUTER_BOUND ( 'NONE', #2580, .T. ) ;
#3103 = VECTOR ( 'NONE', #5604, 1000.000000000000000 ) ;
#3104 = FACE_OUTER_BOUND ( 'NONE', #5634, .T. ) ;
#3105 = EDGE_LOOP ( 'NONE', ( #2417, #4829, #3112, #5102, #5087, #3304, #3683 ) ) ;
#3106 = AXIS2_PLACEMENT_3D ( 'NONE', #1240, #4312, #2127 ) ;
#3107 = ADVANCED_FACE ( 'NONE', ( #4129 ), #1822, .F. ) ;
#3108 = ORIENTED_EDGE ( 'NONE', *, *, #1118, .T. ) ;
#3109 = DIRECTION ( 'NONE',  ( 1.350714706455111253E-06, 1.376271359130508594E-07, 0.9999999999990782928 ) ) ;
#3110 = CARTESIAN_POINT ( 'NONE',  ( 24.87998592280961674, -41.00927333697723043, 67.77994004271761241 ) ) ;
#3111 = CARTESIAN_POINT ( 'NONE',  ( -4.666265260014922589, -21.53550576205534739, 69.99497798108711777 ) ) ;
#3112 = ORIENTED_EDGE ( 'NONE', *, *, #3196, .T. ) ;
#3113 = AXIS2_PLACEMENT_3D ( 'NONE', #4670, #3729, #3291 ) ;
#3114 = DIRECTION ( 'NONE',  ( 6.903152180341686367E-18, 7.033765596924231720E-19, -1.000000000000000000 ) ) ;
#3115 = DIRECTION ( 'NONE',  ( -0.1013672451882220715, 0.9948490747861963301, -3.744944418048075374E-19 ) ) ;
#3116 = CYLINDRICAL_SURFACE ( 'NONE', #5327, 1.000000000000000000 ) ;
#3117 = CARTESIAN_POINT ( 'NONE',  ( -1.925198242724303510, -18.19226224728905450, 72.73145009785476134 ) ) ;
#3118 = AXIS2_PLACEMENT_3D ( 'NONE', #1572, #3319, #2518 ) ;
#3119 = ORIENTED_EDGE ( 'NONE', *, *, #28, .T. ) ;
#3120 = ADVANCED_FACE ( 'NONE', ( #5019 ), #1947, .T. ) ;
#3121 = CARTESIAN_POINT ( 'NONE',  ( 22.68230373004972833, -43.34528992481779142, 72.59851318503909567 ) ) ;
#3122 = CARTESIAN_POINT ( 'NONE',  ( -2.914935110328993773, -37.54270360760566660, 64.50349311799364216 ) ) ;
#3123 = CARTESIAN_POINT ( 'NONE',  ( -9.128143506410729913, 1.626501356039936175, 113.3500000000004917 ) ) ;
#3124 = LINE ( 'NONE', #407, #2496 ) ;
#3125 = EDGE_CURVE ( 'NONE', #2887, #20, #1400, .T. ) ;
#3126 = VERTEX_POINT ( 'NONE', #1427 ) ;
#3127 = ORIENTED_EDGE ( 'NONE', *, *, #749, .T. ) ;
#3128 = VECTOR ( 'NONE', #1327, 1000.000000000000000 ) ;
#3129 = ORIENTED_EDGE ( 'NONE', *, *, #4952, .F. ) ;
#3130 = CARTESIAN_POINT ( 'NONE',  ( 4.517442427830691720, -39.74756897143242895, 72.99497215611940248 ) ) ;
#3131 = DIRECTION ( 'NONE',  ( -0.1013672451882220577, 0.9948490747861963301, -3.745078650105931302E-19 ) ) ;
#3132 = AXIS2_PLACEMENT_3D ( 'NONE', #2584, #2210, #1832 ) ;
#3133 = LINE ( 'NONE', #56, #4038 ) ;
#3134 = CARTESIAN_POINT ( 'NONE',  ( -2.472492546157718074, -36.95961386499145362, 70.24776404125599072 ) ) ;
#3135 = CARTESIAN_POINT ( 'NONE',  ( 4.082604384934499286, -43.12836187719209136, 67.77999454878764141 ) ) ;
#3136 = ORIENTED_EDGE ( 'NONE', *, *, #4263, .F. ) ;
#3137 = ORIENTED_EDGE ( 'NONE', *, *, #1286, .F. ) ;
#3138 = AXIS2_PLACEMENT_3D ( 'NONE', #2435, #4250, #4587 ) ;
#3139 = EDGE_LOOP ( 'NONE', ( #445, #1371 ) ) ;
#3140 = CARTESIAN_POINT ( 'NONE',  ( 3.172866282141351135, -45.32701304291820321, 71.66142038611748433 ) ) ;
#3141 = AXIS2_PLACEMENT_3D ( 'NONE', #357, #2107, #3859 ) ;
#3142 = CARTESIAN_POINT ( 'NONE',  ( -2.763752572824945020, -36.71983205933396732, 70.12106529863416426 ) ) ;
#3143 = ORIENTED_EDGE ( 'NONE', *, *, #4323, .T. ) ;
#3144 = EDGE_CURVE ( 'NONE', #5501, #269, #4191, .T. ) ;
#3145 = DIRECTION ( 'NONE',  ( -6.903152180341684056E-18, -7.033765596924220165E-19, 1.000000000000000000 ) ) ;
#3146 = DIRECTION ( 'NONE',  ( 1.300559586444433556E-15, 1.325162134853467540E-16, 1.000000000000000000 ) ) ;
#3147 = CARTESIAN_POINT ( 'NONE',  ( -2.929433025273254998, -19.26030395702947828, 70.74859431737921511 ) ) ;
#3148 = EDGE_CURVE ( 'NONE', #3846, #2294, #3695, .T. ) ;
#3149 = EDGE_LOOP ( 'NONE', ( #4632, #2522, #4377 ) ) ;
#3150 = CARTESIAN_POINT ( 'NONE',  ( 22.40220131570754347, -44.28762794661516011, 69.97543014447764165 ) ) ;
#3151 = CARTESIAN_POINT ( 'NONE',  ( 23.10378479555517828, -8.780049960727222214, 71.66533167540531224 ) ) ;
#3152 = CARTESIAN_POINT ( 'NONE',  ( 22.98647173140112798, -44.22809541652102183, 65.41994375323946542 ) ) ;
#3153 = EDGE_CURVE ( 'NONE', #5566, #3561, #4883, .T. ) ;
#3154 = CARTESIAN_POINT ( 'NONE',  ( -2.660055826080406138, -18.96876755378130852, 71.00969962324201390 ) ) ;
#3155 = EDGE_LOOP ( 'NONE', ( #5334, #4141, #2090, #1154 ) ) ;
#3156 = ORIENTED_EDGE ( 'NONE', *, *, #2184, .T. ) ;
#3157 = EDGE_CURVE ( 'NONE', #5588, #4519, #388, .T. ) ;
#3158 = ORIENTED_EDGE ( 'NONE', *, *, #1134, .F. ) ;
#3159 = CARTESIAN_POINT ( 'NONE',  ( 2.867159774725893229, -45.25917319730725552, 72.99497514372677642 ) ) ;
#3160 = CARTESIAN_POINT ( 'NONE',  ( 0.08826424084620648758, -43.53535351744463355, 63.23688373792554529 ) ) ;
#3161 = CARTESIAN_POINT ( 'NONE',  ( 1.644369224237866245, -4.627973497002288994, 106.7000000000005002 ) ) ;
#3162 = CARTESIAN_POINT ( 'NONE',  ( -1.238714347703016028, -38.47644842830876399, 71.24757167296073135 ) ) ;
#3163 = AXIS2_PLACEMENT_3D ( 'NONE', #1495, #3326, #4222 ) ;
#3164 = CARTESIAN_POINT ( 'NONE',  ( -1.027804441047649009, -38.71122463842054628, 71.60364889883706496 ) ) ;
#3165 = ORIENTED_EDGE ( 'NONE', *, *, #5568, .F. ) ;
#3166 = ORIENTED_EDGE ( 'NONE', *, *, #1659, .F. ) ;
#3167 = EDGE_LOOP ( 'NONE', ( #2682, #4201, #5274, #3022, #4582 ) ) ;
#3168 = CARTESIAN_POINT ( 'NONE',  ( 4.618230602206795155, -46.09967377891646123, 70.25304793769525702 ) ) ;
#3169 = CARTESIAN_POINT ( 'NONE',  ( 7.374294049969181586, 18.62977133201544788, 113.3500000000004917 ) ) ;
#3170 = DIRECTION ( 'NONE',  ( -0.9948490747852793969, -0.1013672451881286324, 1.357708159647627195E-06 ) ) ;
#3171 = ORIENTED_EDGE ( 'NONE', *, *, #2629, .F. ) ;
#3172 = DIRECTION ( 'NONE',  ( 0.000000000000000000, -1.376271353825673859E-07, -0.9999999999999905631 ) ) ;
#3173 = CIRCLE ( 'NONE', #3452, 1.550000000000000266 ) ;
#3174 = CARTESIAN_POINT ( 'NONE',  ( 30.62741580159882915, -72.75391591932670110, 67.77993735843310219 ) ) ;
#3175 = LINE ( 'NONE', #5353, #2672 ) ;
#3176 = CARTESIAN_POINT ( 'NONE',  ( -2.378673755763667685, -18.67285481458069896, 71.37301041239901167 ) ) ;
#3177 = ORIENTED_EDGE ( 'NONE', *, *, #5022, .T. ) ;
#3178 = CARTESIAN_POINT ( 'NONE',  ( 23.88717516196811985, -15.57537732528156482, 72.59986202092318308 ) ) ;
#3179 = ADVANCED_FACE ( 'NONE', ( #3404 ), #5470, .F. ) ;
#3180 = CARTESIAN_POINT ( 'NONE',  ( 48.38235170382264982, -9.474773261232762422, 53.99490466764017782 ) ) ;
#3181 = CARTESIAN_POINT ( 'NONE',  ( -2.850334170634632791, -14.69497837807762153, 57.31234898034795577 ) ) ;
#3182 = CARTESIAN_POINT ( 'NONE',  ( 4.248823683554715736, -5.940578716229473422, 150.0500000000004945 ) ) ;
#3183 = AXIS2_PLACEMENT_3D ( 'NONE', #2405, #3602, #1854 ) ;
#3184 = ORIENTED_EDGE ( 'NONE', *, *, #3897, .T. ) ;
#3185 = ORIENTED_EDGE ( 'NONE', *, *, #1760, .F. ) ;
#3186 = EDGE_CURVE ( 'NONE', #1395, #5412, #2891, .T. ) ;
#3187 = VERTEX_POINT ( 'NONE', #5126 ) ;
#3188 = DIRECTION ( 'NONE',  ( 1.000000000000000000, 0.000000000000000000, -0.000000000000000000 ) ) ;
#3189 = CYLINDRICAL_SURFACE ( 'NONE', #5585, 1.550000000000000933 ) ;
#3190 = DIRECTION ( 'NONE',  ( 6.903152180341684826E-18, 7.033765596924220165E-19, -1.000000000000000000 ) ) ;
#3191 = CARTESIAN_POINT ( 'NONE',  ( -2.271781136837170756, -35.17058395687223538, 69.99497662337893189 ) ) ;
#3192 = LINE ( 'NONE', #4091, #2312 ) ;
#3193 = EDGE_LOOP ( 'NONE', ( #3414, #3869, #2689, #1435 ) ) ;
#3194 = DATE_AND_TIME ( #240, #486 ) ;
#3195 = ORIENTED_EDGE ( 'NONE', *, *, #1521, .F. ) ;
#3196 = EDGE_CURVE ( 'NONE', #529, #2991, #5239, .T. ) ;
#3197 = CARTESIAN_POINT ( 'NONE',  ( -5.227479597153868340, -47.10287370654943828, 106.7000000000005002 ) ) ;
#3198 = DIRECTION ( 'NONE',  ( 6.903152180341684826E-18, 7.033765596924220165E-19, -1.000000000000000000 ) ) ;
#3199 = DIRECTION ( 'NONE',  ( -1.000000000000000000, 0.000000000000000000, 0.000000000000000000 ) ) ;
#3200 = EDGE_CURVE ( 'NONE', #5335, #4425, #2411, .T. ) ;
#3201 = DIRECTION ( 'NONE',  ( 6.903152180341684056E-18, 7.033765596924220165E-19, -1.000000000000000000 ) ) ;
#3202 = EDGE_CURVE ( 'NONE', #2794, #3433, #3545, .T. ) ;
#3203 = ORIENTED_EDGE ( 'NONE', *, *, #2066, .F. ) ;
#3204 = DIRECTION ( 'NONE',  ( -6.903152180341682515E-18, -7.033765596924226906E-19, 1.000000000000000000 ) ) ;
#3205 = VECTOR ( 'NONE', #3496, 1000.000000000000000 ) ;
#3206 = CARTESIAN_POINT ( 'NONE',  ( -4.635144689299750098, 2.328440675662676096, 153.0500000000004945 ) ) ;
#3207 = CARTESIAN_POINT ( 'NONE',  ( 27.46945464659786040, -41.76095975690667927, 21.41636012479020224 ) ) ;
#3208 = CARTESIAN_POINT ( 'NONE',  ( 24.87998856678368043, -41.00927306757721880, 67.78000000000039904 ) ) ;
#3209 = ORIENTED_EDGE ( 'NONE', *, *, #1720, .T. ) ;
#3210 = CIRCLE ( 'NONE', #4679, 1.550000000000000266 ) ;
#3211 = CARTESIAN_POINT ( 'NONE',  ( 23.96770963563576373, -16.58386064743885058, 70.72900536988878173 ) ) ;
#3212 = DIRECTION ( 'NONE',  ( 0.9948490747861964412, 0.1013672451882219050, 0.000000000000000000 ) ) ;
#3213 = LINE ( 'NONE', #4970, #1284 ) ;
#3214 = CIRCLE ( 'NONE', #2113, 1.999999999999085842 ) ;
#3215 = CARTESIAN_POINT ( 'NONE',  ( -2.472409675965856923, -18.77050382458853761, 71.23869494743344433 ) ) ;
#3216 = VERTEX_POINT ( 'NONE', #1974 ) ;
#3217 = VERTEX_POINT ( 'NONE', #777 ) ;
#3218 = EDGE_CURVE ( 'NONE', #4126, #990, #3588, .T. ) ;
#3219 = VERTEX_POINT ( 'NONE', #4216 ) ;
#3220 = VECTOR ( 'NONE', #3087, 1000.000000000000114 ) ;
#3221 = ORIENTED_EDGE ( 'NONE', *, *, #430, .T. ) ;
#3222 = B_SPLINE_CURVE_WITH_KNOTS ( 'NONE', 3,
 ( #3751, #3694, #5441, #1484, #1512, #4065, #161, #3633 ),
 .UNSPECIFIED., .F., .F.,
 ( 4, 2, 2, 4 ),
 ( 0.000000000000000000, 0.0007189271542797785785, 0.001437854308559557157, 0.002875708617119124722 ),
 .UNSPECIFIED. ) ;
#3223 = DIRECTION ( 'NONE',  ( -0.1013672451882219744, 0.9948490747861963301, 0.000000000000000000 ) ) ;
#3224 = DIRECTION ( 'NONE',  ( -0.9948490747852793969, -0.1013672451881286185, 1.357708159647627407E-06 ) ) ;
#3225 = CARTESIAN_POINT ( 'NONE',  ( -4.232630522367665904, -47.00150646136119548, 112.3500000000004917 ) ) ;
#3226 = VECTOR ( 'NONE', #5169, 999.9999999999998863 ) ;
#3227 = EDGE_LOOP ( 'NONE', ( #4855, #5318, #4896, #46 ) ) ;
#3228 = EDGE_LOOP ( 'NONE', ( #1308, #1971, #1237, #5579, #2731 ) ) ;
#3229 = AXIS2_PLACEMENT_3D ( 'NONE', #2957, #5242, #5291 ) ;
#3230 = CARTESIAN_POINT ( 'NONE',  ( -4.787723961824477570, -20.34348409713169659, 69.16656579497538360 ) ) ;
#3231 = CARTESIAN_POINT ( 'NONE',  ( 3.483776985066408205, -45.28858527461891015, 71.16251401228527129 ) ) ;
#3232 = DIRECTION ( 'NONE',  ( -0.000000000000000000, -0.000000000000000000, 1.000000000000000000 ) ) ;
#3233 = ADVANCED_FACE ( 'NONE', ( #1655, #5156, #2408 ), #223, .F. ) ;
#3234 = CARTESIAN_POINT ( 'NONE',  ( -1.298524017331461389, -13.58194249317875091, 72.99497233760610015 ) ) ;
#3235 = VECTOR ( 'NONE', #3457, 999.9999999999998863 ) ;
#3236 = ORIENTED_EDGE ( 'NONE', *, *, #2604, .F. ) ;
#3237 = EDGE_CURVE ( 'NONE', #2614, #3531, #3413, .T. ) ;
#3238 = EDGE_CURVE ( 'NONE', #20, #2923, #1117, .T. ) ;
#3239 = FACE_OUTER_BOUND ( 'NONE', #4687, .T. ) ;
#3240 = CC_DESIGN_APPROVAL ( #4188, ( #1305 ) ) ;
#3241 = CARTESIAN_POINT ( 'NONE',  ( -4.615201492079688883, 2.335970026501087204, 113.3500000000004917 ) ) ;
#3242 = DIRECTION ( 'NONE',  ( 0.9948490747852793969, 0.1013672451881289238, -1.357708159647627195E-06 ) ) ;
#3243 = CARTESIAN_POINT ( 'NONE',  ( -1.455630775762134732, -4.627973497002288994, 153.0500000000004945 ) ) ;
#3244 = ORIENTED_EDGE ( 'NONE', *, *, #1027, .F. ) ;
#3245 = CARTESIAN_POINT ( 'NONE',  ( -0.7105087571694170823, -39.08314293255630645, 102.1000000000004917 ) ) ;
#3246 = CARTESIAN_POINT ( 'NONE',  ( 3.384798507920311117, 2.335970026501086760, 95.38629150101573373 ) ) ;
#3247 = CARTESIAN_POINT ( 'NONE',  ( -1.455630775762134732, -4.627973497002288994, 156.7000000000005002 ) ) ;
#3248 = CARTESIAN_POINT ( 'NONE',  ( -2.927945840009467116, -18.36451258506443551, 72.02152928052592529 ) ) ;
#3249 = VERTEX_POINT ( 'NONE', #2862 ) ;
#3250 = EDGE_LOOP ( 'NONE', ( #2704, #580, #2281, #3360, #3843, #333 ) ) ;
#3251 = EDGE_LOOP ( 'NONE', ( #2448, #3302, #3064, #5379, #2834 ) ) ;
#3252 = CYLINDRICAL_SURFACE ( 'NONE', #4424, 1.999999999999999778 ) ;
#3253 = LINE ( 'NONE', #674, #2380 ) ;
#3254 = CARTESIAN_POINT ( 'NONE',  ( 24.23602867346341583, -10.12852140642600496, 67.77993737242000805 ) ) ;
#3255 = ORIENTED_EDGE ( 'NONE', *, *, #606, .F. ) ;
#3256 = VECTOR ( 'NONE', #5020, 999.9999999999998863 ) ;
#3257 = VERTEX_POINT ( 'NONE', #4618 ) ;
#3258 = CARTESIAN_POINT ( 'NONE',  ( 4.039361043784125194, -45.21848028457630164, 70.60796188290210296 ) ) ;
#3259 = EDGE_CURVE ( 'NONE', #620, #2703, #2000, .T. ) ;
#3260 = DIRECTION ( 'NONE',  ( -1.350714706455111253E-06, -1.376271359130508859E-07, -0.9999999999990782928 ) ) ;
#3261 = CARTESIAN_POINT ( 'NONE',  ( 0.2252277916027548565, 9.299913550004461626, 156.7000000000005002 ) ) ;
#3262 = ORIENTED_EDGE ( 'NONE', *, *, #1167, .T. ) ;
#3263 = ADVANCED_FACE ( 'NONE', ( #745 ), #2739, .T. ) ;
#3264 = CARTESIAN_POINT ( 'NONE',  ( 22.68230372589195198, -43.34528991510684648, 113.3500000000004917 ) ) ;
#3265 = CARTESIAN_POINT ( 'NONE',  ( -2.904631535700193279, -38.82477312053817542, 65.78000339425339860 ) ) ;
#3266 = DIRECTION ( 'NONE',  ( 1.000000000000000000, 0.000000000000000000, 0.000000000000000000 ) ) ;
#3267 = CARTESIAN_POINT ( 'NONE',  ( -3.280062627401039155, -13.29374566422899839, 72.91339034469596925 ) ) ;
#3268 = ORIENTED_EDGE ( 'NONE', *, *, #2558, .T. ) ;
#3269 = FACE_OUTER_BOUND ( 'NONE', #5262, .T. ) ;
#3270 = DIRECTION ( 'NONE',  ( -0.1013672451882220993, 0.9948490747861964412, -3.744549254513903142E-19 ) ) ;
#3271 = DIRECTION ( 'NONE',  ( -0.000000000000000000, -0.000000000000000000, 1.000000000000000000 ) ) ;
#3272 = DIRECTION ( 'NONE',  ( 6.903152180341684826E-18, 7.033765596924220165E-19, -1.000000000000000000 ) ) ;
#3273 = ORIENTED_EDGE ( 'NONE', *, *, #4209, .F. ) ;
#3274 = VECTOR ( 'NONE', #865, 1000.000000000000000 ) ;
#3275 = EDGE_CURVE ( 'NONE', #3786, #3449, #3866, .T. ) ;
#3276 = ORIENTED_EDGE ( 'NONE', *, *, #3904, .F. ) ;
#3277 = VERTEX_POINT ( 'NONE', #1230 ) ;
#3278 = EDGE_LOOP ( 'NONE', ( #1825, #4816, #980, #2816 ) ) ;
#3279 = PLANE ( 'NONE',  #1852 ) ;
#3280 = CARTESIAN_POINT ( 'NONE',  ( -11.72680818592580110, 16.68352022440157967, 150.0500000000004945 ) ) ;
#3281 = FACE_OUTER_BOUND ( 'NONE', #5344, .T. ) ;
#3282 = ORIENTED_EDGE ( 'NONE', *, *, #4256, .T. ) ;
#3283 = AXIS2_PLACEMENT_3D ( 'NONE', #2112, #4667, #1543 ) ;
#3284 = CARTESIAN_POINT ( 'NONE',  ( 19.65830505095754077, -43.56203165984656067, 69.99494815697993033 ) ) ;
#3285 = DIRECTION ( 'NONE',  ( 0.1013672451882219050, -0.9948490747861964412, 1.058791184066899411E-22 ) ) ;
#3286 = LINE ( 'NONE', #4123, #2850 ) ;
#3287 = LINE ( 'NONE', #5411, #3420 ) ;
#3288 = ORIENTED_EDGE ( 'NONE', *, *, #3827, .T. ) ;
#3289 = EDGE_CURVE ( 'NONE', #1044, #1858, #3625, .T. ) ;
#3290 = CARTESIAN_POINT ( 'NONE',  ( 20.98908778674894293, -44.43161302857296846, 56.37303180151354809 ) ) ;
#3291 = DIRECTION ( 'NONE',  ( 1.000000000000000000, 0.000000000000000000, 0.000000000000000000 ) ) ;
#3292 = CARTESIAN_POINT ( 'NONE',  ( 12.86715977472589323, -45.25917319730781685, 113.3500000000004917 ) ) ;
#3293 = DIRECTION ( 'NONE',  ( -1.350714706455111677E-06, -1.376271359130508330E-07, -0.9999999999990782928 ) ) ;
#3294 = ORIENTED_EDGE ( 'NONE', *, *, #102, .T. ) ;
#3295 = VECTOR ( 'NONE', #2876, 999.9999999999998863 ) ;
#3296 = DIRECTION ( 'NONE',  ( 0.1013672451882220577, -0.9948490747861964412, -0.000000000000000000 ) ) ;
#3297 = FACE_OUTER_BOUND ( 'NONE', #834, .T. ) ;
#3298 = CARTESIAN_POINT ( 'NONE',  ( 26.81520476905409467, -35.33995182534951596, 72.58693895194244305 ) ) ;
#3299 = CARTESIAN_POINT ( 'NONE',  ( -2.874772208397245343, 9.299913550004461626, 156.7000000000005002 ) ) ;
#3300 = AXIS2_PLACEMENT_3D ( 'NONE', #3765, #5505, #4223 ) ;
#3301 = EDGE_CURVE ( 'NONE', #886, #212, #5619, .T. ) ;
#3302 = ORIENTED_EDGE ( 'NONE', *, *, #2458, .T. ) ;
#3303 = ORIENTED_EDGE ( 'NONE', *, *, #2464, .T. ) ;
#3304 = ORIENTED_EDGE ( 'NONE', *, *, #3852, .T. ) ;
#3305 = TOROIDAL_SURFACE ( 'NONE', #5593, 7.000000000000000000, 3.000000000000000000 ) ;
#3306 = DIRECTION ( 'NONE',  ( 1.350714706455073349E-06, 1.376271359134233686E-07, 0.9999999999990782928 ) ) ;
#3307 = EDGE_CURVE ( 'NONE', #1738, #1927, #80, .T. ) ;
#3308 = CARTESIAN_POINT ( 'NONE',  ( -0.2097487451112034773, -46.59160665463321038, 71.60135807191824142 ) ) ;
#3309 = CARTESIAN_POINT ( 'NONE',  ( -4.365840639074367147, -20.05596040079343823, 70.16656782543454085 ) ) ;
#3310 = ORIENTED_EDGE ( 'NONE', *, *, #4149, .T. ) ;
#3311 = VECTOR ( 'NONE', #2673, 1000.000000000000000 ) ;
#3312 = CARTESIAN_POINT ( 'NONE',  ( -0.9149493043367693534, -38.62204025210121472, 53.99497526568450922 ) ) ;
#3313 = CARTESIAN_POINT ( 'NONE',  ( 0.05182856204804793532, -46.56495399776029842, 72.87399147639987973 ) ) ;
#3314 = CARTESIAN_POINT ( 'NONE',  ( -4.361464444727441325, -4.797174644269168731, 32.66997526570418131 ) ) ;
#3315 = LINE ( 'NONE', #3724, #3524 ) ;
#3316 = ORIENTED_EDGE ( 'NONE', *, *, #3538, .F. ) ;
#3317 = CARTESIAN_POINT ( 'NONE',  ( 24.12940391764593073, -8.980682742701462828, 69.99493735846893117 ) ) ;
#3318 = B_SPLINE_CURVE_WITH_KNOTS ( 'NONE', 3,
 ( #1139, #2798, #2881, #593, #1023, #4521, #2368, #3691, #410, #329, #732, #2479 ),
 .UNSPECIFIED., .F., .F.,
 ( 4, 2, 2, 2, 2, 4 ),
 ( 0.001127987016659027456, 0.002241966120071359723, 0.003355945223483691991, 0.004469924326896024258, 0.005026913878602190175, 0.005583903430308356092 ),
 .UNSPECIFIED. ) ;
#3319 = DIRECTION ( 'NONE',  ( -1.350714706475886219E-06, -1.376271357091611617E-07, -0.9999999999990782928 ) ) ;
#3320 = AXIS2_PLACEMENT_3D ( 'NONE', #1721, #2611, #4364 ) ;
#3321 = DIRECTION ( 'NONE',  ( 1.000000000000000000, 0.000000000000000000, 0.000000000000000000 ) ) ;
#3322 = EDGE_CURVE ( 'NONE', #1395, #928, #4454, .T. ) ;
#3323 = FACE_OUTER_BOUND ( 'NONE', #1157, .T. ) ;
#3324 = ORIENTED_EDGE ( 'NONE', *, *, #2961, .F. ) ;
#3325 = LINE ( 'NONE', #2091, #1989 ) ;
#3326 = DIRECTION ( 'NONE',  ( -1.256352497515920041E-08, 1.233022676544302980E-07, -0.9999999999999923395 ) ) ;
#3327 = CARTESIAN_POINT ( 'NONE',  ( 26.80694028193193645, -35.25884162696902990, 72.18955845001670468 ) ) ;
#3328 = EDGE_CURVE ( 'NONE', #4212, #1313, #4331, .T. ) ;
#3329 = PLANE ( 'NONE',  #5237 ) ;
#3330 = EDGE_LOOP ( 'NONE', ( #155, #4168, #4783, #4172, #5027 ) ) ;
#3331 =( BOUNDED_CURVE ( )  B_SPLINE_CURVE ( 3, ( #342, #691, #4195, #2003 ),
 .UNSPECIFIED., .F., .F. ) 
 B_SPLINE_CURVE_WITH_KNOTS ( ( 4, 4 ),
 ( 1.672337976406669480, 3.141592653589796225 ),
 .UNSPECIFIED. ) 
 CURVE ( )  GEOMETRIC_REPRESENTATION_ITEM ( )  RATIONAL_B_SPLINE_CURVE ( ( 1.000000000000000000, 0.8280537358926702840, 0.8280537358926702840, 1.000000000000000000 ) ) 
 REPRESENTATION_ITEM ( '' )  );
#3332 = VERTEX_POINT ( 'NONE', #3892 ) ;
#3333 = VERTEX_POINT ( 'NONE', #4892 ) ;
#3334 = DIRECTION ( 'NONE',  ( -6.903152180341684056E-18, -7.033765596924220165E-19, 1.000000000000000000 ) ) ;
#3335 = ADVANCED_FACE ( 'NONE', ( #2762 ), #1903, .F. ) ;
#3336 = CARTESIAN_POINT ( 'NONE',  ( -3.709968914734856682, -6.751516677735252436, 153.0500000000004945 ) ) ;
#3337 = DIRECTION ( 'NONE',  ( -0.1013672451882221409, 0.9948490747861963301, -8.628940225427096896E-16 ) ) ;
#3338 = EDGE_CURVE ( 'NONE', #4119, #324, #3192, .T. ) ;
#3339 = ORIENTED_EDGE ( 'NONE', *, *, #1396, .T. ) ;
#3340 = CARTESIAN_POINT ( 'NONE',  ( 23.13455484285973540, -9.082049987889686093, 72.99493871617984553 ) ) ;
#3341 = DIRECTION ( 'NONE',  ( 0.1013672451882220577, -0.9948490747861964412, 3.745344186392142229E-19 ) ) ;
#3342 = FACE_OUTER_BOUND ( 'NONE', #2575, .T. ) ;
#3343 = VERTEX_POINT ( 'NONE', #154 ) ;
#3344 = DIRECTION ( 'NONE',  ( -1.000000000000000000, 0.000000000000000000, 0.000000000000000000 ) ) ;
#3345 = DIRECTION ( 'NONE',  ( -1.000000000000000000, 0.000000000000000000, 0.000000000000000000 ) ) ;
#3346 = CARTESIAN_POINT ( 'NONE',  ( -0.7106950327871655038, -39.08131476680486571, 72.87399147639987973 ) ) ;
#3347 = CARTESIAN_POINT ( 'NONE',  ( 2.499384936388605372, -46.31556737882720398, 70.98687319327515866 ) ) ;
#3348 = AXIS2_PLACEMENT_3D ( 'NONE', #2349, #3293, #660 ) ;
#3349 = ORIENTED_EDGE ( 'NONE', *, *, #2959, .T. ) ;
#3350 = B_SPLINE_CURVE_WITH_KNOTS ( 'NONE', 3,
 ( #906, #4756, #2223, #5204, #1277, #2624, #2597, #2167, #882, #4839 ),
 .UNSPECIFIED., .F., .F.,
 ( 4, 2, 2, 2, 4 ),
 ( 1.398578778534940505E-17, 0.0008436770353028872748, 0.001687354070605760455, 0.002531031105908633852, 0.003374708141211507032 ),
 .UNSPECIFIED. ) ;
#3351 = CARTESIAN_POINT ( 'NONE',  ( 24.23602578923584616, -10.06079816858633080, 65.64460297876107120 ) ) ;
#3352 = ORIENTED_EDGE ( 'NONE', *, *, #3619, .F. ) ;
#3353 = VERTEX_POINT ( 'NONE', #1019 ) ;
#3354 = ADVANCED_FACE ( 'NONE', ( #5371 ), #1445, .F. ) ;
#3355 = ORIENTED_EDGE ( 'NONE', *, *, #5246, .F. ) ;
#3356 = FACE_OUTER_BOUND ( 'NONE', #2222, .T. ) ;
#3357 = LINE ( 'NONE', #2014, #4486 ) ;
#3358 = CARTESIAN_POINT ( 'NONE',  ( -2.532613239235014468, -18.20585615136802815, 101.8368677328196412 ) ) ;
#3359 = VECTOR ( 'NONE', #1260, 1000.000000000000000 ) ;
#3360 = ORIENTED_EDGE ( 'NONE', *, *, #3031, .T. ) ;
#3361 = ADVANCED_FACE ( 'NONE', ( #1440, #3771, #2362, #2444, #177, #5456 ), #4572, .T. ) ;
#3362 = DIRECTION ( 'NONE',  ( 0.000000000000000000, 0.000000000000000000, 1.000000000000000000 ) ) ;
#3363 = CARTESIAN_POINT ( 'NONE',  ( 5.974639149017796136, -45.96146648574579530, 69.99496696993605838 ) ) ;
#3364 = CARTESIAN_POINT ( 'NONE',  ( 24.87993694781677334, -41.00928000871846990, 49.99494075269758753 ) ) ;
#3365 = DIRECTION ( 'NONE',  ( -0.000000000000000000, 0.000000000000000000, 1.000000000000000000 ) ) ;
#3366 = VECTOR ( 'NONE', #500, 999.9999999999998863 ) ;
#3367 = ADVANCED_FACE ( 'NONE', ( #2420, #643, #1929, #2875, #2392, #3742 ), #4976, .T. ) ;
#3368 = EDGE_LOOP ( 'NONE', ( #4478, #5010, #471 ) ) ;
#3369 =( BOUNDED_CURVE ( )  B_SPLINE_CURVE ( 3, ( #963, #2452, #652, #2400 ),
 .UNSPECIFIED., .F., .T. ) 
 B_SPLINE_CURVE_WITH_KNOTS ( ( 4, 4 ),
 ( 4.712388980384688786, 6.283185307179580903 ),
 .UNSPECIFIED. ) 
 CURVE ( )  GEOMETRIC_REPRESENTATION_ITEM ( )  RATIONAL_B_SPLINE_CURVE ( ( 1.000000000000000000, 0.8047378541243648264, 0.8047378541243648264, 1.000000000000000000 ) ) 
 REPRESENTATION_ITEM ( '' )  );
#3370 = DIRECTION ( 'NONE',  ( 0.1013672451882222242, -0.9948490747861963301, -1.323488980086796071E-22 ) ) ;
#3371 = PLANE ( 'NONE',  #4841 ) ;
#3372 = CARTESIAN_POINT ( 'NONE',  ( -0.5495394318838807690, -37.54498206350656631, 71.25142266571459970 ) ) ;
#3373 = EDGE_CURVE ( 'NONE', #704, #3940, #3440, .T. ) ;
#3374 = ADVANCED_FACE ( 'NONE', ( #208 ), #5484, .T. ) ;
#3375 = DIRECTION ( 'NONE',  ( 1.000000000000000000, 0.000000000000000000, 0.000000000000000000 ) ) ;
#3376 = CARTESIAN_POINT ( 'NONE',  ( -0.1032818260338175115, -41.65538830478352139, 57.31234898034795577 ) ) ;
#3377 = DIRECTION ( 'NONE',  ( -0.1013672451882220854, 0.9948490747861964412, -3.745078650105937080E-19 ) ) ;
#3378 = ORIENTED_EDGE ( 'NONE', *, *, #283, .T. ) ;
#3379 = DIRECTION ( 'NONE',  ( 1.858949964850559675E-13, -0.9999999999999905631, 1.376271359129253133E-07 ) ) ;
#3380 = DIRECTION ( 'NONE',  ( 0.000000000000000000, 0.000000000000000000, 1.000000000000000000 ) ) ;
#3381 = CARTESIAN_POINT ( 'NONE',  ( 16.02285074554766808, 34.47338137831278715, 65.41994232764588446 ) ) ;
#3382 = ORIENTED_EDGE ( 'NONE', *, *, #4991, .T. ) ;
#3383 = ORIENTED_EDGE ( 'NONE', *, *, #5077, .T. ) ;
#3384 = EDGE_LOOP ( 'NONE', ( #1649, #3780, #3932, #1657, #3607 ) ) ;
#3385 = DIRECTION ( 'NONE',  ( 1.000000000000000000, 0.000000000000000000, 0.000000000000000000 ) ) ;
#3386 = DIRECTION ( 'NONE',  ( 1.000000000000000000, 0.000000000000000000, 0.000000000000000000 ) ) ;
#3387 = VECTOR ( 'NONE', #5194, 1000.000000000000000 ) ;
#3388 = CARTESIAN_POINT ( 'NONE',  ( -2.834603744686565729, -18.23662659322344126, 102.1000000000004633 ) ) ;
#3389 = ORIENTED_EDGE ( 'NONE', *, *, #1173, .F. ) ;
#3390 = ADVANCED_FACE ( 'NONE', ( #1074 ), #3279, .F. ) ;
#3391 = VECTOR ( 'NONE', #2869, 1000.000000000000000 ) ;
#3392 = CARTESIAN_POINT ( 'NONE',  ( 23.66381812100855342, -43.15390158688674660, 113.3500000000004917 ) ) ;
#3393 = CARTESIAN_POINT ( 'NONE',  ( -3.681422112654979095, -21.22480794785894176, 69.99497660808454214 ) ) ;
#3394 = DIRECTION ( 'NONE',  ( -0.000000000000000000, -0.000000000000000000, 1.000000000000000000 ) ) ;
#3395 = AXIS2_PLACEMENT_3D ( 'NONE', #5558, #3835, #658 ) ;
#3396 = DIRECTION ( 'NONE',  ( -0.9948490747861963301, -0.1013672451882222242, 0.000000000000000000 ) ) ;
#3397 = ORIENTED_EDGE ( 'NONE', *, *, #5673, .T. ) ;
#3398 = AXIS2_PLACEMENT_3D ( 'NONE', #1595, #4692, #4664 ) ;
#3399 = CARTESIAN_POINT ( 'NONE',  ( 24.77383921748005946, -15.30536741386029753, 70.53717751557930171 ) ) ;
#3400 = DIRECTION ( 'NONE',  ( -0.1013672451882220715, 0.9948490747861964412, -5.293955920349136073E-23 ) ) ;
#3401 = ADVANCED_FACE ( 'NONE', ( #1557 ), #3252, .T. ) ;
#3402 = CARTESIAN_POINT ( 'NONE',  ( 25.04765261868079662, -17.99265568279577820, 69.01555023842340120 ) ) ;
#3403 = DIRECTION ( 'NONE',  ( -1.128276928546408485E-16, 1.107325405147169919E-15, 1.000000000000000000 ) ) ;
#3404 = FACE_OUTER_BOUND ( 'NONE', #4476, .T. ) ;
#3405 = CARTESIAN_POINT ( 'NONE',  ( -2.988235411084019244, -12.49939689550424049, 72.99497854406094177 ) ) ;
#3406 = VECTOR ( 'NONE', #440, 1000.000000000000000 ) ;
#3407 = EDGE_LOOP ( 'NONE', ( #509, #1842, #1468, #5280 ) ) ;
#3408 = AXIS2_PLACEMENT_3D ( 'NONE', #1884, #2348, #3266 ) ;
#3409 = CARTESIAN_POINT ( 'NONE',  ( 6.349743540596019642, 3.045642788675047452, 156.7000000000005002 ) ) ;
#3410 = FACE_OUTER_BOUND ( 'NONE', #5594, .T. ) ;
#3411 = CYLINDRICAL_SURFACE ( 'NONE', #2129, 1.000000000000000000 ) ;
#3412 = VERTEX_POINT ( 'NONE', #1133 ) ;
#3413 = CIRCLE ( 'NONE', #1306, 1.000000000000000888 ) ;
#3414 = ORIENTED_EDGE ( 'NONE', *, *, #2345, .F. ) ;
#3415 = CARTESIAN_POINT ( 'NONE',  ( 19.75967094543105418, -44.55688087225988880, 68.99494815698085404 ) ) ;
#3416 = CARTESIAN_POINT ( 'NONE',  ( -1.301574647272117691, -44.69249988159949538, 68.99497662337984139 ) ) ;
#3417 = CARTESIAN_POINT ( 'NONE',  ( -12.32467200531800700, 22.55113817599995230, 156.7000000000005002 ) ) ;
#3418 = B_SPLINE_CURVE_WITH_KNOTS ( 'NONE', 3,
 ( #4845, #3570, #16, #505 ),
 .UNSPECIFIED., .F., .F.,
 ( 4, 4 ),
 ( -7.839855681275725909E-06, 0.0006497037378890543934 ),
 .UNSPECIFIED. ) ;
#3419 = ORIENTED_EDGE ( 'NONE', *, *, #606, .T. ) ;
#3420 = VECTOR ( 'NONE', #4555, 999.9999999999998863 ) ;
#3421 = LINE ( 'NONE', #4317, #541 ) ;
#3422 = CARTESIAN_POINT ( 'NONE',  ( -1.168664163360300989, -9.397223784411483649, 61.66997158626019626 ) ) ;
#3423 = CARTESIAN_POINT ( 'NONE',  ( -1.936318478035323531, -17.18755267017773747, 72.87399147639987973 ) ) ;
#3424 = ORIENTED_EDGE ( 'NONE', *, *, #3434, .T. ) ;
#3425 = CYLINDRICAL_SURFACE ( 'NONE', #2509, 1.999999999999999778 ) ;
#3426 = EDGE_LOOP ( 'NONE', ( #3459, #5120 ) ) ;
#3427 = LINE ( 'NONE', #3887, #3770 ) ;
#3428 = CARTESIAN_POINT ( 'NONE',  ( -2.161507014152560746, -35.90039732966830854, 70.06041978108669355 ) ) ;
#3429 = DIRECTION ( 'NONE',  ( 0.9948490747852790639, 0.1013672451881314079, -1.357708165471471469E-06 ) ) ;
#3430 = CARTESIAN_POINT ( 'NONE',  ( -2.261511253368782448, -37.24126058938416151, 70.35378207269026518 ) ) ;
#3431 = CARTESIAN_POINT ( 'NONE',  ( -2.236834027437459849, -37.27428755106773650, 70.36608003027059510 ) ) ;
#3432 = CARTESIAN_POINT ( 'NONE',  ( -3.065285590099191992, -12.64463062139258298, 72.99497866812185976 ) ) ;
#3433 = VERTEX_POINT ( 'NONE', #5007 ) ;
#3434 = EDGE_CURVE ( 'NONE', #822, #429, #2819, .T. ) ;
#3435 = DIRECTION ( 'NONE',  ( 6.903152180341684826E-18, 7.033765596924220165E-19, -1.000000000000000000 ) ) ;
#3436 = AXIS2_PLACEMENT_3D ( 'NONE', #552, #898, #4479 ) ;
#3437 = CARTESIAN_POINT ( 'NONE',  ( 25.85525054850640458, -34.96729679122422851, 71.47946665021513013 ) ) ;
#3438 = DIRECTION ( 'NONE',  ( -0.000000000000000000, -0.000000000000000000, 1.000000000000000000 ) ) ;
#3439 = VERTEX_POINT ( 'NONE', #2758 ) ;
#3440 = B_SPLINE_CURVE_WITH_KNOTS ( 'NONE', 3,
 ( #5429, #4144, #673, #1985, #4629, #1961, #1045, #4174 ),
 .UNSPECIFIED., .F., .F.,
 ( 4, 2, 2, 4 ),
 ( -1.095445115021533773E-05, 0.001414892164955414188, 0.002127815473008227553, 0.002840738781061043737 ),
 .UNSPECIFIED. ) ;
#3441 = CARTESIAN_POINT ( 'NONE',  ( 10.33083741941274347, -10.38664743515794520, 108.4500000000004860 ) ) ;
#3442 = LINE ( 'NONE', #1611, #3387 ) ;
#3443 = CARTESIAN_POINT ( 'NONE',  ( 8.179068707195661148, -28.18511734108541233, 72.99496154587703245 ) ) ;
#3444 = EDGE_CURVE ( 'NONE', #3902, #2366, #4114, .T. ) ;
#3445 = EDGE_CURVE ( 'NONE', #3679, #2402, #616, .T. ) ;
#3446 = ORIENTED_EDGE ( 'NONE', *, *, #2809, .F. ) ;
#3447 = DIRECTION ( 'NONE',  ( 0.9948490747861967742, 0.1013672451882176306, -0.000000000000000000 ) ) ;
#3448 = DIRECTION ( 'NONE',  ( 1.000000000000000000, 0.000000000000000000, 0.000000000000000000 ) ) ;
#3449 = VERTEX_POINT ( 'NONE', #149 ) ;
#3450 = CARTESIAN_POINT ( 'NONE',  ( 23.66381812100855342, -43.15390158688674660, 41.71066611099396937 ) ) ;
#3451 = ORIENTED_EDGE ( 'NONE', *, *, #1118, .F. ) ;
#3452 = AXIS2_PLACEMENT_3D ( 'NONE', #2985, #4221, #1603 ) ;
#3453 = CARTESIAN_POINT ( 'NONE',  ( 9.028534125687341927, -8.358210002928140980, 58.16995766975478688 ) ) ;
#3454 = CARTESIAN_POINT ( 'NONE',  ( -4.371555287550564550, 32.39535285195616154, 65.41997016066315496 ) ) ;
#3455 = CARTESIAN_POINT ( 'NONE',  ( 24.05644619491835456, -17.81895126092020476, 70.08359283610880652 ) ) ;
#3456 = FACE_BOUND ( 'NONE', #4442, .T. ) ;
#3457 = DIRECTION ( 'NONE',  ( -0.1013672451882220715, 0.9948490747861964412, -1.058791184068851084E-22 ) ) ;
#3458 = CARTESIAN_POINT ( 'NONE',  ( 20.90553266916551678, -10.77194453809758201, 108.4500000000004860 ) ) ;
#3459 = ORIENTED_EDGE ( 'NONE', *, *, #3964, .F. ) ;
#3460 = EDGE_CURVE ( 'NONE', #3412, #4838, #3652, .T. ) ;
#3461 = VECTOR ( 'NONE', #2142, 1000.000000000000114 ) ;
#3462 = LINE ( 'NONE', #4793, #3274 ) ;
#3463 = CARTESIAN_POINT ( 'NONE',  ( 25.56054640885087892, -32.72957257228743799, 70.01039733639601081 ) ) ;
#3464 = FACE_OUTER_BOUND ( 'NONE', #5424, .T. ) ;
#3465 = EDGE_LOOP ( 'NONE', ( #3506, #4315, #4260, #174 ) ) ;
#3466 = CARTESIAN_POINT ( 'NONE',  ( 23.76518536557261640, -44.14875066173654261, 72.46636821381662230 ) ) ;
#3467 = CARTESIAN_POINT ( 'NONE',  ( -1.455630775762134732, -4.627973497002288994, 156.7000000000005002 ) ) ;
#3468 = EDGE_CURVE ( 'NONE', #2887, #1581, #2791, .T. ) ;
#3469 = CARTESIAN_POINT ( 'NONE',  ( 27.47975649702591383, -41.96369424728293751, 69.99493737245582281 ) ) ;
#3470 = ORIENTED_EDGE ( 'NONE', *, *, #1341, .F. ) ;
#3471 = EDGE_CURVE ( 'NONE', #952, #5163, #5110, .T. ) ;
#3472 = EDGE_CURVE ( 'NONE', #3051, #1876, #4287, .T. ) ;
#3473 = EDGE_CURVE ( 'NONE', #115, #1677, #2155, .T. ) ;
#3474 = VECTOR ( 'NONE', #5111, 999.9999999999998863 ) ;
#3475 = CARTESIAN_POINT ( 'NONE',  ( 24.23602569823187380, -10.12852170957854625, 65.57722829520918140 ) ) ;
#3476 = DIRECTION ( 'NONE',  ( -1.350714706455073349E-06, -1.376271359134233686E-07, -0.9999999999990782928 ) ) ;
#3477 = VERTEX_POINT ( 'NONE', #2931 ) ;
#3478 = PERSON_AND_ORGANIZATION ( #3704, #2594 ) ;
#3479 = CIRCLE ( 'NONE', #2391, 1.000000000000003109 ) ;
#3480 = ORIENTED_EDGE ( 'NONE', *, *, #2796, .F. ) ;
#3481 = VERTEX_POINT ( 'NONE', #2530 ) ;
#3482 = FACE_OUTER_BOUND ( 'NONE', #961, .T. ) ;
#3483 = AXIS2_PLACEMENT_3D ( 'NONE', #5154, #337, #3783 ) ;
#3484 = DIRECTION ( 'NONE',  ( -0.1013672451882219883, 0.9948490747861964412, -0.000000000000000000 ) ) ;
#3485 = DIRECTION ( 'NONE',  ( 0.1013672451882220021, -0.9948490747861963301, 3.744284556721337440E-19 ) ) ;
#3486 = ORIENTED_EDGE ( 'NONE', *, *, #2486, .F. ) ;
#3487 = AXIS2_PLACEMENT_3D ( 'NONE', #4613, #4637, #3199 ) ;
#3488 = CARTESIAN_POINT ( 'NONE',  ( 0.09436922423786574254, -4.627973497002288994, 113.3500000000004917 ) ) ;
#3489 = CARTESIAN_POINT ( 'NONE',  ( 25.50265210786648140, -32.33649381421978575, 69.99506946864283918 ) ) ;
#3490 = AXIS2_PLACEMENT_3D ( 'NONE', #5661, #4428, #985 ) ;
#3491 = CARTESIAN_POINT ( 'NONE',  ( 25.79942928212189557, -25.37082124980406661, 41.71066611099396937 ) ) ;
#3492 = ORIENTED_EDGE ( 'NONE', *, *, #425, .F. ) ;
#3493 = AXIS2_PLACEMENT_3D ( 'NONE', #3491, #3925, #889 ) ;
#3494 = CARTESIAN_POINT ( 'NONE',  ( -2.296422371342698998, -44.79386698916049880, 69.99497798108708935 ) ) ;
#3495 = EDGE_CURVE ( 'NONE', #1010, #3481, #5193, .T. ) ;
#3496 = DIRECTION ( 'NONE',  ( 6.903152180341684826E-18, 7.033765596924220165E-19, -1.000000000000000000 ) ) ;
#3497 = LINE ( 'NONE', #461, #4325 ) ;
#3498 = VECTOR ( 'NONE', #4232, 1000.000000000000000 ) ;
#3499 = ORIENTED_EDGE ( 'NONE', *, *, #4660, .F. ) ;
#3500 = EDGE_CURVE ( 'NONE', #771, #5109, #1610, .T. ) ;
#3501 = CARTESIAN_POINT ( 'NONE',  ( 6.327217311245340703, -37.66887995208752216, 72.99496942554586099 ) ) ;
#3502 = DIRECTION ( 'NONE',  ( -1.350714706455111253E-06, -1.376271359130508859E-07, -0.9999999999990782928 ) ) ;
#3503 = LINE ( 'NONE', #1781, #5506 ) ;
#3504 = VERTEX_POINT ( 'NONE', #5541 ) ;
#3505 = PRODUCT_RELATED_PRODUCT_CATEGORY ( 'detail', '', ( #3629 ) ) ;
#3506 = ORIENTED_EDGE ( 'NONE', *, *, #510, .F. ) ;
#3507 = ORIENTED_EDGE ( 'NONE', *, *, #5285, .T. ) ;
#3508 = FACE_OUTER_BOUND ( 'NONE', #1702, .T. ) ;
#3509 = CARTESIAN_POINT ( 'NONE',  ( 1.644369224237865579, -4.627973497002288994, 156.7000000000005002 ) ) ;
#3510 = CARTESIAN_POINT ( 'NONE',  ( -4.865810708598326428, -19.57709481448434730, 70.81827768924975430 ) ) ;
#3511 = EDGE_CURVE ( 'NONE', #3585, #4343, #405, .T. ) ;
#3512 = VERTEX_POINT ( 'NONE', #295 ) ;
#3513 = FACE_OUTER_BOUND ( 'NONE', #4781, .T. ) ;
#3514 = CARTESIAN_POINT ( 'NONE',  ( 25.69059382600153540, -33.67517348332987126, 70.28654411822114412 ) ) ;
#3515 = CARTESIAN_POINT ( 'NONE',  ( 2.867159774725893229, -45.25917319730725552, 72.99497514372677642 ) ) ;
#3516 = CARTESIAN_POINT ( 'NONE',  ( -3.301358232980144969, -13.65575562701546453, 70.62673727575726446 ) ) ;
#3517 = VERTEX_POINT ( 'NONE', #3441 ) ;
#3518 = AXIS2_PLACEMENT_3D ( 'NONE', #2035, #4650, #5534 ) ;
#3519 = CARTESIAN_POINT ( 'NONE',  ( 21.17183235646738027, -43.46366668278288614, 70.38751506922383783 ) ) ;
#3520 = CARTESIAN_POINT ( 'NONE',  ( 25.86711572823629979, -35.06386121114381638, 71.65880690831292554 ) ) ;
#3521 = CARTESIAN_POINT ( 'NONE',  ( -3.169066180257714471, -36.22948633281367137, 69.10226784850569004 ) ) ;
#3522 = DIRECTION ( 'NONE',  ( 0.000000000000000000, 0.000000000000000000, 1.000000000000000000 ) ) ;
#3523 = ORIENTED_EDGE ( 'NONE', *, *, #1127, .F. ) ;
#3524 = VECTOR ( 'NONE', #565, 1000.000000000000114 ) ;
#3525 = EDGE_CURVE ( 'NONE', #1686, #3504, #5333, .T. ) ;
#3526 = CARTESIAN_POINT ( 'NONE',  ( 8.933959352073355120, -36.06000274048825105, 72.99496568315589684 ) ) ;
#3527 = LINE ( 'NONE', #3587, #5403 ) ;
#3528 = DIRECTION ( 'NONE',  ( 4.151308474493325962E-18, 7.995196928692544294E-19, 1.000000000000000000 ) ) ;
#3529 = ORIENTED_EDGE ( 'NONE', *, *, #564, .F. ) ;
#3530 = DIRECTION ( 'NONE',  ( 0.000000000000000000, 0.000000000000000000, 1.000000000000000000 ) ) ;
#3531 = VERTEX_POINT ( 'NONE', #2098 ) ;
#3532 = CARTESIAN_POINT ( 'NONE',  ( -3.266631562337139361, -35.27195133968723439, 68.99497798108802726 ) ) ;
#3533 = DIRECTION ( 'NONE',  ( -2.763259692666466040E-06, -2.815542878660510769E-07, -0.9999999999961426411 ) ) ;
#3534 = EDGE_CURVE ( 'NONE', #5163, #3083, #3961, .T. ) ;
#3535 = CARTESIAN_POINT ( 'NONE',  ( -4.704301559741170813, -21.16220563987516101, 70.01517687099686782 ) ) ;
#3536 = VERTEX_POINT ( 'NONE', #1264 ) ;
#3537 = EDGE_CURVE ( 'NONE', #5343, #5684, #1182, .T. ) ;
#3538 = EDGE_CURVE ( 'NONE', #1957, #582, #5618, .T. ) ;
#3539 = CARTESIAN_POINT ( 'NONE',  ( -5.540198530230524554, -12.95869907329060133, 51.99497798110267865 ) ) ;
#3540 = CARTESIAN_POINT ( 'NONE',  ( 24.87998856678368043, -41.00927306757721880, 67.78000000000039904 ) ) ;
#3541 = DIRECTION ( 'NONE',  ( 1.000000000000000000, 0.000000000000000000, 0.000000000000000000 ) ) ;
#3542 = CARTESIAN_POINT ( 'NONE',  ( 21.92666908520092051, -41.01422403783143977, 72.99494881554706183 ) ) ;
#3543 = EDGE_LOOP ( 'NONE', ( #2477, #1719, #416, #3559 ) ) ;
#3544 = AXIS2_PLACEMENT_3D ( 'NONE', #5040, #1170, #3344 ) ;
#3545 =( BOUNDED_CURVE ( )  B_SPLINE_CURVE ( 3, ( #251, #338, #2921, #2088 ),
 .UNSPECIFIED., .F., .T. ) 
 B_SPLINE_CURVE_WITH_KNOTS ( ( 4, 4 ),
 ( 1.661831104832228512, 3.243134303201659741 ),
 .UNSPECIFIED. ) 
 CURVE ( )  GEOMETRIC_REPRESENTATION_ITEM ( )  RATIONAL_B_SPLINE_CURVE ( ( 1.000000000000000000, 0.8022548671013192134, 0.8022548671013192134, 1.000000000000000000 ) ) 
 REPRESENTATION_ITEM ( '' )  );
#3546 = CARTESIAN_POINT ( 'NONE',  ( 22.60191261981754707, -43.35196845704967927, 72.20238867913889180 ) ) ;
#3547 = LINE ( 'NONE', #5359, #5088 ) ;
#3548 = CARTESIAN_POINT ( 'NONE',  ( -3.098757017973816197, -36.91951875409699113, 69.33752538639124907 ) ) ;
#3549 = LINE ( 'NONE', #4773, #4147 ) ;
#3550 = ORIENTED_EDGE ( 'NONE', *, *, #213, .F. ) ;
#3551 = DIRECTION ( 'NONE',  ( 2.763259692666466040E-06, 2.815542878660510769E-07, 0.9999999999961426411 ) ) ;
#3552 = DIRECTION ( 'NONE',  ( 0.9948490747852790639, 0.1013672451881314912, -1.357708165471472740E-06 ) ) ;
#3553 = LINE ( 'NONE', #4346, #3128 ) ;
#3554 = ADVANCED_FACE ( 'NONE', ( #3356 ), #4714, .F. ) ;
#3555 = DIRECTION ( 'NONE',  ( 6.903152180341686367E-18, 7.033765596924231720E-19, -1.000000000000000000 ) ) ;
#3556 = CARTESIAN_POINT ( 'NONE',  ( -3.347763188854102623, -14.74566245723246460, 53.99497526568450922 ) ) ;
#3557 = ORIENTED_EDGE ( 'NONE', *, *, #3921, .T. ) ;
#3558 = CALENDAR_DATE ( 2025, 5, 12 ) ;
#3559 = ORIENTED_EDGE ( 'NONE', *, *, #3471, .F. ) ;
#3560 = CIRCLE ( 'NONE', #1736, 1.550000000000000266 ) ;
#3561 = VERTEX_POINT ( 'NONE', #5598 ) ;
#3562 = CARTESIAN_POINT ( 'NONE',  ( 2.877302982562016442, -46.27706052163807016, 72.99497538325744017 ) ) ;
#3563 = EDGE_CURVE ( 'NONE', #1210, #3759, #110, .T. ) ;
#3564 = LINE ( 'NONE', #1850, #5142 ) ;
#3565 = AXIS2_PLACEMENT_3D ( 'NONE', #4911, #2751, #1862 ) ;
#3566 = DIRECTION ( 'NONE',  ( -0.6086900391205654071, -0.7934081145762279519, 0.000000000000000000 ) ) ;
#3567 = ORIENTED_EDGE ( 'NONE', *, *, #604, .T. ) ;
#3568 = AXIS2_PLACEMENT_3D ( 'NONE', #5469, #250, #776 ) ;
#3569 = ADVANCED_FACE ( 'NONE', ( #5167 ), #4151, .T. ) ;
#3570 = CARTESIAN_POINT ( 'NONE',  ( -2.298447950902813286, -36.44719754295338987, 70.27720459238902606 ) ) ;
#3571 = PLANE ( 'NONE',  #1739 ) ;
#3572 = EDGE_CURVE ( 'NONE', #547, #1813, #4515, .T. ) ;
#3573 = DIRECTION ( 'NONE',  ( -1.000000000000000000, 1.040834085586084059E-15, 0.000000000000000000 ) ) ;
#3574 = CARTESIAN_POINT ( 'NONE',  ( -2.874772208397245343, 9.299913550004461626, 113.3500000000004917 ) ) ;
#3575 = AXIS2_PLACEMENT_3D ( 'NONE', #3883, #5092, #5632 ) ;
#3576 = ORIENTED_EDGE ( 'NONE', *, *, #1312, .F. ) ;
#3577 = AXIS2_PLACEMENT_3D ( 'NONE', #1186, #3337, #4686 ) ;
#3578 = CARTESIAN_POINT ( 'NONE',  ( 28.14033457080813250, -73.00732980824123786, 67.77996616581445721 ) ) ;
#3579 = CARTESIAN_POINT ( 'NONE',  ( 4.799743540596019820, 3.045642788675047452, 106.7000000000005002 ) ) ;
#3580 = DIRECTION ( 'NONE',  ( -0.1013672451882220854, 0.9948490747861963301, -3.744813952309920111E-19 ) ) ;
#3581 = CARTESIAN_POINT ( 'NONE',  ( -2.158363040018687951, -18.44455989982998290, 71.77656708553827514 ) ) ;
#3582 = EDGE_LOOP ( 'NONE', ( #619, #613, #1168, #4230, #168, #127, #685, #2472, #5610, #1744, #5283, #4296, #5540, #1273 ) ) ;
#3583 = ORIENTED_EDGE ( 'NONE', *, *, #528, .T. ) ;
#3584 = AXIS2_PLACEMENT_3D ( 'NONE', #5416, #507, #4933 ) ;
#3585 = VERTEX_POINT ( 'NONE', #945 ) ;
#3586 = DIRECTION ( 'NONE',  ( 0.9948490747852793969, 0.1013672451881286185, -1.357708159647627195E-06 ) ) ;
#3587 = CARTESIAN_POINT ( 'NONE',  ( -2.296422371342698998, -44.79386698916049880, 69.99497798108708935 ) ) ;
#3588 = CIRCLE ( 'NONE', #2773, 10.00000000000000000 ) ;
#3589 = CARTESIAN_POINT ( 'NONE',  ( 0.6189560105263175460, -7.642151983353850930, 32.66996893012311176 ) ) ;
#3590 = CARTESIAN_POINT ( 'NONE',  ( 0.09436922423786545111, -4.627973497002288994, 156.7000000000005002 ) ) ;
#3591 = CARTESIAN_POINT ( 'NONE',  ( -0.8580076127072043812, -38.09734822455045844, 72.28038980283361070 ) ) ;
#3592 = ORIENTED_EDGE ( 'NONE', *, *, #1827, .F. ) ;
#3593 = APPLICATION_PROTOCOL_DEFINITION ( 'international standard', 'config_control_design', 1994, #291 ) ;
#3594 = VERTEX_POINT ( 'NONE', #3983 ) ;
#3595 = ORIENTED_EDGE ( 'NONE', *, *, #1687, .F. ) ;
#3596 = CARTESIAN_POINT ( 'NONE',  ( 2.790673922784421279, -46.28588733704702918, 70.55169634294165348 ) ) ;
#3597 = CARTESIAN_POINT ( 'NONE',  ( -6.272769391262442262, -14.08877871911984947, 72.87399147639987973 ) ) ;
#3598 = LOCAL_TIME ( 20, 49, 34.00000000000000000, #2592 ) ;
#3599 = LINE ( 'NONE', #5348, #605 ) ;
#3600 = EDGE_LOOP ( 'NONE', ( #4884, #5567, #4015, #33 ) ) ;
#3601 = EDGE_CURVE ( 'NONE', #4654, #2287, #2879, .T. ) ;
#3602 = DIRECTION ( 'NONE',  ( 6.903152180341684826E-18, 7.033765596924220165E-19, -1.000000000000000000 ) ) ;
#3603 = CARTESIAN_POINT ( 'NONE',  ( 16.66745064403553300, -6.006937425038650247, 65.69314762838465072 ) ) ;
#3604 = CARTESIAN_POINT ( 'NONE',  ( 16.82605136600795603, -7.563704723693869703, 65.69314762838465072 ) ) ;
#3605 = CARTESIAN_POINT ( 'NONE',  ( 22.38993662518653949, -42.14619211758705575, 72.99494834559429535 ) ) ;
#3606 = EDGE_CURVE ( 'NONE', #1803, #591, #2690, .T. ) ;
#3607 = ORIENTED_EDGE ( 'NONE', *, *, #4184, .F. ) ;
#3608 = CARTESIAN_POINT ( 'NONE',  ( -10.16575261002717312, 1.362844472694154874, 156.7000000000005002 ) ) ;
#3609 = CYLINDRICAL_SURFACE ( 'NONE', #5633, 1.050000000000000933 ) ;
#3610 = CARTESIAN_POINT ( 'NONE',  ( 5.873270553114868342, -44.96661754858673987, 68.99496696993696787 ) ) ;
#3611 = CARTESIAN_POINT ( 'NONE',  ( -1.940432352669121618, -18.21185690813275571, 72.56672169617122847 ) ) ;
#3612 = EDGE_CURVE ( 'NONE', #3512, #4226, #511, .T. ) ;
#3613 = EDGE_LOOP ( 'NONE', ( #1471, #1933 ) ) ;
#3614 = ORIENTED_EDGE ( 'NONE', *, *, #5044, .T. ) ;
#3615 = EDGE_LOOP ( 'NONE', ( #1766, #2071, #5258, #181, #5004, #5677 ) ) ;
#3616 = VECTOR ( 'NONE', #2353, 999.9999999999998863 ) ;
#3617 = ORIENTED_EDGE ( 'NONE', *, *, #772, .F. ) ;
#3618 = CARTESIAN_POINT ( 'NONE',  ( 13.13158462422986084, -35.25788885736272249, 72.99495990296904324 ) ) ;
#3619 = EDGE_CURVE ( 'NONE', #1011, #671, #4011, .T. ) ;
#3620 = EDGE_CURVE ( 'NONE', #1858, #3832, #894, .T. ) ;
#3621 = DIRECTION ( 'NONE',  ( -0.1013672451882220438, 0.9948490747861963301, 0.000000000000000000 ) ) ;
#3622 = CYLINDRICAL_SURFACE ( 'NONE', #5145, 1.549999999999999378 ) ;
#3623 = DIRECTION ( 'NONE',  ( 0.1013672451882220438, -0.9948490747861963301, 1.113058687203529728E-15 ) ) ;
#3624 = VECTOR ( 'NONE', #4304, 1000.000000000000000 ) ;
#3625 = LINE ( 'NONE', #5183, #3235 ) ;
#3626 = ORIENTED_EDGE ( 'NONE', *, *, #5652, .F. ) ;
#3627 = PERSON_AND_ORGANIZATION_ROLE ( 'design_supplier' ) ;
#3628 = ORIENTED_EDGE ( 'NONE', *, *, #4104, .T. ) ;
#3629 = PRODUCT ( 'gello_teleop_flexiv_l3_v2', 'gello_teleop_flexiv_l3_v2', '', ( #415 ) ) ;
#3630 = ORIENTED_EDGE ( 'NONE', *, *, #213, .T. ) ;
#3631 = CARTESIAN_POINT ( 'NONE',  ( -3.288222166903856714, -13.78467698355519211, 72.87399147639987973 ) ) ;
#3632 = CARTESIAN_POINT ( 'NONE',  ( -0.6152014920796888831, 2.335970026501086760, 150.0500000000004945 ) ) ;
#3633 = CARTESIAN_POINT ( 'NONE',  ( 24.10228860303440257, -18.57967100396161797, 69.99493871617524121 ) ) ;
#3634 = ORIENTED_EDGE ( 'NONE', *, *, #1058, .F. ) ;
#3635 = CARTESIAN_POINT ( 'NONE',  ( -1.906727488460794762, -7.612848044461579811, 102.7000000000005002 ) ) ;
#3636 = AXIS2_PLACEMENT_3D ( 'NONE', #3839, #2254, #2606 ) ;
#3637 = DIRECTION ( 'NONE',  ( -1.000000000000000000, 0.000000000000000000, 0.000000000000000000 ) ) ;
#3638 = CARTESIAN_POINT ( 'NONE',  ( 18.79942522998415910, -25.37082145624477647, 69.99494681347736957 ) ) ;
#3639 = EDGE_CURVE ( 'NONE', #886, #1100, #21, .T. ) ;
#3640 = FACE_OUTER_BOUND ( 'NONE', #5472, .T. ) ;
#3641 = VERTEX_POINT ( 'NONE', #5023 ) ;
#3642 = CARTESIAN_POINT ( 'NONE',  ( -0.7105087576761403012, -39.08314292758316810, 72.95464163723387685 ) ) ;
#3643 = DIRECTION ( 'NONE',  ( 0.1013672451882220438, -0.9948490747861963301, 1.058791184067875306E-22 ) ) ;
#3644 = PLANE ( 'NONE',  #460 ) ;
#3645 = CARTESIAN_POINT ( 'NONE',  ( 3.303700934762664687, 3.137346198401110176, 150.0500000000004945 ) ) ;
#3646 = AXIS2_PLACEMENT_3D ( 'NONE', #1453, #3198, #1815 ) ;
#3647 = VERTEX_POINT ( 'NONE', #2749 ) ;
#3648 = ORIENTED_EDGE ( 'NONE', *, *, #5516, .T. ) ;
#3649 = EDGE_LOOP ( 'NONE', ( #5137, #4893, #126, #698 ) ) ;
#3650 = VECTOR ( 'NONE', #2427, 1000.000000000000114 ) ;
#3651 = VERTEX_POINT ( 'NONE', #4592 ) ;
#3652 = LINE ( 'NONE', #1473, #1950 ) ;
#3653 = EDGE_CURVE ( 'NONE', #529, #952, #2404, .T. ) ;
#3654 = DIRECTION ( 'NONE',  ( 0.1013672451882219050, -0.9948490747861964412, 1.058791184066899411E-22 ) ) ;
#3655 = DIRECTION ( 'NONE',  ( 6.903152180341684826E-18, 7.033765596924220165E-19, -1.000000000000000000 ) ) ;
#3656 = CARTESIAN_POINT ( 'NONE',  ( -2.095584022094883814, -36.37214251903174045, 70.24179344681537884 ) ) ;
#3657 = EDGE_CURVE ( 'NONE', #3343, #1004, #2323, .T. ) ;
#3658 = ORIENTED_EDGE ( 'NONE', *, *, #2008, .T. ) ;
#3659 = PERSON_AND_ORGANIZATION ( #3704, #2594 ) ;
#3660 = ORIENTED_EDGE ( 'NONE', *, *, #5146, .F. ) ;
#3661 = ADVANCED_FACE ( 'NONE', ( #3269 ), #5358, .F. ) ;
#3662 = CARTESIAN_POINT ( 'NONE',  ( 21.49643336382692382, -43.43950883681502262, 70.60132019800269632 ) ) ;
#3663 = CARTESIAN_POINT ( 'NONE',  ( 3.021736999441879679, -45.34551456332922470, 72.02529768847175262 ) ) ;
#3664 = CARTESIAN_POINT ( 'NONE',  ( -2.709955193307132859, -4.628898925406669029, 61.66997301185376301 ) ) ;
#3665 = DIRECTION ( 'NONE',  ( -1.350714706455111253E-06, -1.376271359130508594E-07, -0.9999999999990782928 ) ) ;
#3666 = ORIENTED_EDGE ( 'NONE', *, *, #2782, .F. ) ;
#3667 = CYLINDRICAL_SURFACE ( 'NONE', #3183, 9.599999999999997868 ) ;
#3668 = AXIS2_PLACEMENT_3D ( 'NONE', #1163, #2077, #3802 ) ;
#3669 = DIRECTION ( 'NONE',  ( 0.000000000000000000, -0.000000000000000000, 1.000000000000000000 ) ) ;
#3670 = DIRECTION ( 'NONE',  ( 1.350714706458008106E-06, 1.376271358846230308E-07, 0.9999999999990782928 ) ) ;
#3671 = CARTESIAN_POINT ( 'NONE',  ( 26.86126979510508050, -35.79186341099592994, 63.77996277160019645 ) ) ;
#3672 = ORIENTED_EDGE ( 'NONE', *, *, #5094, .F. ) ;
#3673 = CIRCLE ( 'NONE', #3565, 1.049999999999997602 ) ;
#3674 = LINE ( 'NONE', #1977, #4746 ) ;
#3675 = CYLINDRICAL_SURFACE ( 'NONE', #793, 1.000000000000000888 ) ;
#3676 = DIRECTION ( 'NONE',  ( 0.1013672451882220715, -0.9948490747861963301, 3.744813952309919148E-19 ) ) ;
#3677 = AXIS2_PLACEMENT_3D ( 'NONE', #3453, #5179, #5639 ) ;
#3678 = CARTESIAN_POINT ( 'NONE',  ( -1.925205724882647518, -18.19220059901453723, 72.73348989811034926 ) ) ;
#3679 = VERTEX_POINT ( 'NONE', #3245 ) ;
#3680 = EDGE_LOOP ( 'NONE', ( #4590, #90, #4534, #1834 ) ) ;
#3681 = CIRCLE ( 'NONE', #1745, 0.9999999999999996669 ) ;
#3682 = EDGE_CURVE ( 'NONE', #5135, #928, #4536, .T. ) ;
#3683 = ORIENTED_EDGE ( 'NONE', *, *, #3289, .T. ) ;
#3684 = CARTESIAN_POINT ( 'NONE',  ( -1.324772208397245299, 9.299913550004461626, 156.7000000000005002 ) ) ;
#3685 = CARTESIAN_POINT ( 'NONE',  ( 1.906400048806286662, -14.89869662168420739, 67.77999360305086896 ) ) ;
#3686 = LINE ( 'NONE', #5432, #293 ) ;
#3687 = AXIS2_PLACEMENT_3D ( 'NONE', #1215, #815, #4631 ) ;
#3688 = ORIENTED_EDGE ( 'NONE', *, *, #5186, .F. ) ;
#3689 = ORIENTED_EDGE ( 'NONE', *, *, #3018, .T. ) ;
#3690 = EDGE_CURVE ( 'NONE', #2402, #3769, #4725, .T. ) ;
#3691 = CARTESIAN_POINT ( 'NONE',  ( -3.041521092414455119, -17.49964513113825504, 71.98106267149778148 ) ) ;
#3692 = CARTESIAN_POINT ( 'NONE',  ( 3.888078507541270934, -45.23775367488205745, 70.73189093475075140 ) ) ;
#3693 = CARTESIAN_POINT ( 'NONE',  ( 37.49754062006847732, -40.73917718163534829, 69.99492367276070581 ) ) ;
#3694 = CARTESIAN_POINT ( 'NONE',  ( 24.85155616681601032, -16.06810526866246391, 69.99493735846894538 ) ) ;
#3695 = CIRCLE ( 'NONE', #1219, 4.000000000000000888 ) ;
#3696 = EDGE_LOOP ( 'NONE', ( #5532, #4066, #2964, #5539, #5083 ) ) ;
#3697 = DIRECTION ( 'NONE',  ( 0.1013672451882218634, -0.9948490747861964412, 0.000000000000000000 ) ) ;
#3698 =( GEOMETRIC_REPRESENTATION_CONTEXT ( 3 ) GLOBAL_UNCERTAINTY_ASSIGNED_CONTEXT ( ( #3890 ) ) GLOBAL_UNIT_ASSIGNED_CONTEXT ( ( #4894, #5663, #4808 ) ) REPRESENTATION_CONTEXT ( 'NONE', 'WORKASPACE' ) );
#3699 = ADVANCED_FACE ( 'NONE', ( #4043 ), #607, .T. ) ;
#3700 = CARTESIAN_POINT ( 'NONE',  ( 20.73187143565368373, -5.592805121582871131, 49.99494148128368209 ) ) ;
#3701 = LINE ( 'NONE', #5445, #4150 ) ;
#3702 = CARTESIAN_POINT ( 'NONE',  ( 2.476248441488465346, -25.86974185345491861, 65.87666131859467100 ) ) ;
#3703 = ORIENTED_EDGE ( 'NONE', *, *, #1575, .T. ) ;
#3704 = PERSON ( '未', '未', '未', ('未'), ('未'), ('未') ) ;
#3705 = AXIS2_PLACEMENT_3D ( 'NONE', #5492, #3201, #4957 ) ;
#3706 = DIRECTION ( 'NONE',  ( -0.9999999999990877297, 0.000000000000000000, 1.350714706749300407E-06 ) ) ;
#3707 = DIRECTION ( 'NONE',  ( -1.000000000000000000, 0.000000000000000000, 0.000000000000000000 ) ) ;
#3708 = CARTESIAN_POINT ( 'NONE',  ( -4.615201492079688883, 2.335970026501087204, 106.7000000000005002 ) ) ;
#3709 = CARTESIAN_POINT ( 'NONE',  ( -3.641251036944117114, -20.08298450569138893, 70.27925343034864625 ) ) ;
#3710 = VERTEX_POINT ( 'NONE', #2866 ) ;
#3711 = ORIENTED_EDGE ( 'NONE', *, *, #812, .F. ) ;
#3712 = EDGE_LOOP ( 'NONE', ( #156, #61, #2396, #3626 ) ) ;
#3713 = ORIENTED_EDGE ( 'NONE', *, *, #1012, .T. ) ;
#3714 = CARTESIAN_POINT ( 'NONE',  ( 25.47976511200094052, -41.96369336948531981, 56.37302539623693320 ) ) ;
#3715 = CARTESIAN_POINT ( 'NONE',  ( -7.578143506410728314, 1.626501356039936175, 156.7000000000005002 ) ) ;
#3716 = CARTESIAN_POINT ( 'NONE',  ( 23.76518536730691267, -44.14875066155983063, 72.72988072747942567 ) ) ;
#3717 = EDGE_CURVE ( 'NONE', #2730, #1802, #3674, .T. ) ;
#3718 = VERTEX_POINT ( 'NONE', #1065 ) ;
#3719 = APPROVAL_ROLE ( '' ) ;
#3720 = VECTOR ( 'NONE', #4196, 1000.000000000000114 ) ;
#3721 = CARTESIAN_POINT ( 'NONE',  ( 19.85717777328631684, -43.55112976998288588, 69.99494788685922231 ) ) ;
#3722 = CARTESIAN_POINT ( 'NONE',  ( 25.90449606471164756, -35.37026928313051855, 72.99493859275901286 ) ) ;
#3723 = PLANE ( 'NONE',  #4411 ) ;
#3724 = CARTESIAN_POINT ( 'NONE',  ( -4.635144689299750098, 2.328440675662676096, 153.0500000000004945 ) ) ;
#3725 = ORIENTED_EDGE ( 'NONE', *, *, #3373, .F. ) ;
#3726 = B_SPLINE_CURVE_WITH_KNOTS ( 'NONE', 3,
 ( #4088, #3716, #2793, #152, #5033, #4548, #1017, #1048, #1901, #618, #2821, #4176, #2395, #4606, #2422, #1105, #2848, #554 ),
 .UNSPECIFIED., .F., .F.,
 ( 4, 2, 2, 2, 2, 2, 2, 2, 4 ),
 ( 0.000000000000000000, 0.0007905662800795883530, 0.001581132560159176706, 0.002371698840238765059, 0.003162265120318353412, 0.003952831400397941765, 0.004743397680477530118, 0.005533963960557118471, 0.006324530240636706824 ),
 .UNSPECIFIED. ) ;
#3727 = CARTESIAN_POINT ( 'NONE',  ( 22.12291274740664448, -9.185128308945129660, 110.4500000000004860 ) ) ;
#3728 = EDGE_CURVE ( 'NONE', #214, #3277, #1797, .T. ) ;
#3729 = DIRECTION ( 'NONE',  ( -0.000000000000000000, -0.000000000000000000, -1.000000000000000000 ) ) ;
#3730 = DIRECTION ( 'NONE',  ( 0.1013672451882220438, -0.9948490747861963301, 3.745473813640109312E-19 ) ) ;
#3731 = CARTESIAN_POINT ( 'NONE',  ( -3.150540308081819507, -12.82048333104106419, 72.98588444342092885 ) ) ;
#3732 = ORIENTED_EDGE ( 'NONE', *, *, #3690, .F. ) ;
#3733 = DIRECTION ( 'NONE',  ( -6.903152180341684056E-18, -7.033765596924220165E-19, 1.000000000000000000 ) ) ;
#3734 = CARTESIAN_POINT ( 'NONE',  ( 25.56442703699408625, -32.75669715860478703, 70.01389284619911280 ) ) ;
#3735 = CARTESIAN_POINT ( 'NONE',  ( 19.65830370024283269, -43.56203179747370058, 68.99494815698082562 ) ) ;
#3736 = DIRECTION ( 'NONE',  ( 0.9999999999990878408, 0.000000000000000000, -1.350714706749301043E-06 ) ) ;
#3737 = ORIENTED_EDGE ( 'NONE', *, *, #2184, .F. ) ;
#3738 = AXIS2_PLACEMENT_3D ( 'NONE', #4464, #627, #4159 ) ;
#3739 =( BOUNDED_CURVE ( )  B_SPLINE_CURVE ( 3, ( #257, #4738, #3351, #751 ),
 .UNSPECIFIED., .F., .F. ) 
 B_SPLINE_CURVE_WITH_KNOTS ( ( 4, 4 ),
 ( 4.712388980384690562, 4.813930629996462152 ),
 .UNSPECIFIED. ) 
 CURVE ( )  GEOMETRIC_REPRESENTATION_ITEM ( )  RATIONAL_B_SPLINE_CURVE ( ( 1.000000000000000000, 0.9991409590007889197, 0.9991409590007889197, 1.000000000000000000 ) ) 
 REPRESENTATION_ITEM ( '' )  );
#3740 = ORIENTED_EDGE ( 'NONE', *, *, #3328, .F. ) ;
#3741 = ORIENTED_EDGE ( 'NONE', *, *, #4422, .F. ) ;
#3742 = FACE_BOUND ( 'NONE', #1409, .T. ) ;
#3743 = CARTESIAN_POINT ( 'NONE',  ( 19.75967094543105418, -44.55688087225988880, 68.99494815698082562 ) ) ;
#3744 = DIRECTION ( 'NONE',  ( 6.903152180341684826E-18, 7.033765596924220165E-19, -1.000000000000000000 ) ) ;
#3745 = ORIENTED_EDGE ( 'NONE', *, *, #2214, .T. ) ;
#3746 = AXIS2_PLACEMENT_3D ( 'NONE', #1998, #741, #2432 ) ;
#3747 = ADVANCED_FACE ( 'NONE', ( #2810, #1522 ), #2381, .T. ) ;
#3748 = CARTESIAN_POINT ( 'NONE',  ( -5.540179910593970192, -12.95869717609703642, 65.78000339425339860 ) ) ;
#3749 = CARTESIAN_POINT ( 'NONE',  ( -3.671416185229629647, -21.43413851686722182, 69.99497662337893189 ) ) ;
#3750 = CYLINDRICAL_SURFACE ( 'NONE', #4502, 2.000000000000000000 ) ;
#3751 = CARTESIAN_POINT ( 'NONE',  ( 24.82693485537056688, -15.82646420535810350, 69.99493735846893117 ) ) ;
#3752 = ORIENTED_EDGE ( 'NONE', *, *, #379, .T. ) ;
#3753 = EDGE_CURVE ( 'NONE', #901, #5149, #2627, .T. ) ;
#3754 = CARTESIAN_POINT ( 'NONE',  ( -2.914949304334944813, -38.62204025210121472, 53.99497796711392539 ) ) ;
#3755 = DIRECTION ( 'NONE',  ( 0.1013672451882220577, -0.9948490747861964412, 1.323488980085923619E-22 ) ) ;
#3756 = AXIS2_PLACEMENT_3D ( 'NONE', #848, #5574, #1220 ) ;
#3757 = CARTESIAN_POINT ( 'NONE',  ( 4.248823683554716624, -5.940578716229462763, 156.7000000000005002 ) ) ;
#3758 = CARTESIAN_POINT ( 'NONE',  ( -3.075525098240860178, -12.66393150868654871, 70.10577762240345123 ) ) ;
#3759 = VERTEX_POINT ( 'NONE', #1860 ) ;
#3760 = EDGE_CURVE ( 'NONE', #1057, #4027, #5448, .T. ) ;
#3761 = VECTOR ( 'NONE', #2903, 1000.000000000000114 ) ;
#3762 = ADVANCED_FACE ( 'NONE', ( #5047 ), #3763, .F. ) ;
#3763 = CYLINDRICAL_SURFACE ( 'NONE', #1347, 1.549999999999999378 ) ;
#3764 = CYLINDRICAL_SURFACE ( 'NONE', #417, 4.000000000000000000 ) ;
#3765 = CARTESIAN_POINT ( 'NONE',  ( 23.34470119356344497, -47.74391889319915805, 61.66994375324292577 ) ) ;
#3766 = LINE ( 'NONE', #3381, #382 ) ;
#3767 = ORIENTED_EDGE ( 'NONE', *, *, #632, .T. ) ;
#3768 = VERTEX_POINT ( 'NONE', #4649 ) ;
#3769 = VERTEX_POINT ( 'NONE', #1577 ) ;
#3770 = VECTOR ( 'NONE', #3370, 1000.000000000000000 ) ;
#3771 = FACE_BOUND ( 'NONE', #5185, .T. ) ;
#3772 = CARTESIAN_POINT ( 'NONE',  ( 50.61243109796353679, -31.36145290652911299, 53.99490466764017782 ) ) ;
#3773 = CARTESIAN_POINT ( 'NONE',  ( 22.68230372589195198, -43.34528991510684648, 41.71066611099396937 ) ) ;
#3774 = ORIENTED_EDGE ( 'NONE', *, *, #784, .F. ) ;
#3775 = CARTESIAN_POINT ( 'NONE',  ( -2.904650155336747641, -38.82477501773173856, 51.99497798110267865 ) ) ;
#3776 = CARTESIAN_POINT ( 'NONE',  ( 48.38236492060038074, -9.474771914547739371, 63.77993008079457837 ) ) ;
#3777 = VECTOR ( 'NONE', #77, 1000.000000000000000 ) ;
#3778 = FACE_BOUND ( 'NONE', #2787, .T. ) ;
#3779 = CARTESIAN_POINT ( 'NONE',  ( 6.621339144337084370, 19.01799899493108725, 113.3159219142447398 ) ) ;
#3780 = ORIENTED_EDGE ( 'NONE', *, *, #5536, .F. ) ;
#3781 = VECTOR ( 'NONE', #1606, 1000.000000000000000 ) ;
#3782 = FACE_BOUND ( 'NONE', #2295, .T. ) ;
#3783 = DIRECTION ( 'NONE',  ( -0.9999999999990877297, 0.000000000000000000, 1.350714706749299984E-06 ) ) ;
#3784 = CARTESIAN_POINT ( 'NONE',  ( 24.66882393838034560, -34.00490109848482945, 53.99494007386211791 ) ) ;
#3785 = ADVANCED_FACE ( 'NONE', ( #750, #5623, #5563, #806, #2548, #4676 ), #4306, .F. ) ;
#3786 = VERTEX_POINT ( 'NONE', #5076 ) ;
#3787 = DIRECTION ( 'NONE',  ( 0.1013672451882220438, -0.9948490747861963301, 1.113058687203529728E-15 ) ) ;
#3788 = CARTESIAN_POINT ( 'NONE',  ( 24.03106325992566994, -44.12165980907348484, 65.41994232764588446 ) ) ;
#3789 = DIRECTION ( 'NONE',  ( 0.1013672451882220021, -0.9948490747861963301, 3.744284556721337440E-19 ) ) ;
#3790 = EDGE_CURVE ( 'NONE', #3989, #1725, #1631, .T. ) ;
#3791 = CARTESIAN_POINT ( 'NONE',  ( 26.86197650333896192, -35.79898389723156527, 71.09220098022028367 ) ) ;
#3792 = ORIENTED_EDGE ( 'NONE', *, *, #1705, .F. ) ;
#3793 = VECTOR ( 'NONE', #2884, 1000.000000000000000 ) ;
#3794 = ORIENTED_EDGE ( 'NONE', *, *, #3500, .T. ) ;
#3795 = EDGE_LOOP ( 'NONE', ( #145, #2304, #905, #2845 ) ) ;
#3796 = CARTESIAN_POINT ( 'NONE',  ( 16.82605136600795603, -7.563704723693869703, 65.69314762838465072 ) ) ;
#3797 = DIRECTION ( 'NONE',  ( 1.000000000000000000, 0.000000000000000000, 0.000000000000000000 ) ) ;
#3798 = EDGE_CURVE ( 'NONE', #2423, #4740, #5103, .T. ) ;
#3799 = LINE ( 'NONE', #1612, #3950 ) ;
#3800 = VERTEX_POINT ( 'NONE', #2925 ) ;
#3801 = EDGE_CURVE ( 'NONE', #4395, #5128, #4737, .T. ) ;
#3802 = DIRECTION ( 'NONE',  ( -0.9999999999990877297, 9.288357914640149922E-14, 1.350714706455111253E-06 ) ) ;
#3803 = CARTESIAN_POINT ( 'NONE',  ( -3.716042974849154135, -20.61437078767929165, 70.09765776678214877 ) ) ;
#3804 = LINE ( 'NONE', #5550, #3311 ) ;
#3805 = CYLINDRICAL_SURFACE ( 'NONE', #1767, 1.999999999998634870 ) ;
#3806 = ORIENTED_EDGE ( 'NONE', *, *, #5044, .F. ) ;
#3807 = CARTESIAN_POINT ( 'NONE',  ( 24.00509789955960827, -17.08215948244297522, 70.37821527766237750 ) ) ;
#3808 = LINE ( 'NONE', #3754, #2636 ) ;
#3809 = CARTESIAN_POINT ( 'NONE',  ( 24.99929394113672387, -17.51804886554268847, 70.10431291152990241 ) ) ;
#3810 = CYLINDRICAL_SURFACE ( 'NONE', #3118, 1.999999999999999778 ) ;
#3811 = DIRECTION ( 'NONE',  ( 9.367506770274759572E-14, -0.9999999999999905631, 1.376271353825675712E-07 ) ) ;
#3812 = CARTESIAN_POINT ( 'NONE',  ( 1.969134183255017989, -46.36959573294279835, 72.99497786723557624 ) ) ;
#3813 = VECTOR ( 'NONE', #3170, 1000.000000000000114 ) ;
#3814 = ORIENTED_EDGE ( 'NONE', *, *, #1907, .F. ) ;
#3815 = DIRECTION ( 'NONE',  ( -6.903152180341684056E-18, -7.033765596924220165E-19, 1.000000000000000000 ) ) ;
#3816 = EDGE_CURVE ( 'NONE', #3477, #3641, #2497, .T. ) ;
#3817 = CARTESIAN_POINT ( 'NONE',  ( 0.2841540419990319921, -38.97994752161664422, 72.87399147639987973 ) ) ;
#3818 = CARTESIAN_POINT ( 'NONE',  ( 26.81330325380076118, -35.32128977444067885, 70.39369344618712887 ) ) ;
#3819 = ORIENTED_EDGE ( 'NONE', *, *, #4925, .F. ) ;
#3820 = ORIENTED_EDGE ( 'NONE', *, *, #4871, .F. ) ;
#3821 = ORIENTED_EDGE ( 'NONE', *, *, #4344, .T. ) ;
#3822 = CARTESIAN_POINT ( 'NONE',  ( 22.43875776101718245, -12.11822010650345049, 63.77996548701651847 ) ) ;
#3823 = LINE ( 'NONE', #3772, #3761 ) ;
#3824 = CARTESIAN_POINT ( 'NONE',  ( 5.873271903829574647, -44.96661741095959997, 69.99496696993604417 ) ) ;
#3825 = VECTOR ( 'NONE', #3296, 999.9999999999998863 ) ;
#3826 = VERTEX_POINT ( 'NONE', #4706 ) ;
#3827 = EDGE_CURVE ( 'NONE', #3433, #5636, #5131, .T. ) ;
#3828 = CARTESIAN_POINT ( 'NONE',  ( -11.92954267630223519, 18.67321837397397388, 112.3500000000004917 ) ) ;
#3829 = CARTESIAN_POINT ( 'NONE',  ( -4.615201492079688883, 2.335970026501087204, 95.38629150101573373 ) ) ;
#3830 = DIRECTION ( 'NONE',  ( -1.350714706455073349E-06, -1.376271359134233686E-07, -0.9999999999990782928 ) ) ;
#3831 = DIRECTION ( 'NONE',  ( 9.657530851414632008E-14, -0.9999999999999905631, 1.376271353825675712E-07 ) ) ;
#3832 = VERTEX_POINT ( 'NONE', #1149 ) ;
#3833 = DIRECTION ( 'NONE',  ( 0.9948490747861963301, 0.1013672451882219883, 0.000000000000000000 ) ) ;
#3834 = CARTESIAN_POINT ( 'NONE',  ( 25.07423291427181056, -18.25352281425584167, 68.99267670003614228 ) ) ;
#3835 = DIRECTION ( 'NONE',  ( -1.350714706455073137E-06, -1.376271359134233422E-07, -0.9999999999990782928 ) ) ;
#3836 = CARTESIAN_POINT ( 'NONE',  ( 23.61752335190647045, -3.956692467332571628, 67.77993735843310219 ) ) ;
#3837 = CYLINDRICAL_SURFACE ( 'NONE', #1155, 1.000000000000000888 ) ;
#3838 = ORIENTED_EDGE ( 'NONE', *, *, #841, .F. ) ;
#3839 = CARTESIAN_POINT ( 'NONE',  ( -9.939844526729849861, 18.87595286435042041, 150.0500000000004945 ) ) ;
#3840 = AXIS2_PLACEMENT_3D ( 'NONE', #1536, #4552, #5436 ) ;
#3841 = DIRECTION ( 'NONE',  ( 0.000000000000000000, 0.9995434205668545236, 0.03021506911314577118 ) ) ;
#3842 = DIRECTION ( 'NONE',  ( -0.1013672451882221687, 0.9948490747861963301, 0.000000000000000000 ) ) ;
#3843 = ORIENTED_EDGE ( 'NONE', *, *, #4109, .T. ) ;
#3844 = VECTOR ( 'NONE', #5330, 1000.000000000000000 ) ;
#3845 = ORIENTED_EDGE ( 'NONE', *, *, #1620, .T. ) ;
#3846 = VERTEX_POINT ( 'NONE', #3012 ) ;
#3847 = DIRECTION ( 'NONE',  ( -0.1013672451882219189, 0.9948490747861963301, -2.646977960169688089E-22 ) ) ;
#3848 = FACE_OUTER_BOUND ( 'NONE', #5214, .T. ) ;
#3849 = CIRCLE ( 'NONE', #5219, 1.999999999999085842 ) ;
#3850 = DIRECTION ( 'NONE',  ( 0.1013672451882219744, -0.9948490747861963301, 8.425943506694155147E-34 ) ) ;
#3851 = EDGE_LOOP ( 'NONE', ( #4050, #94, #2055, #597, #4389 ) ) ;
#3852 = EDGE_CURVE ( 'NONE', #3332, #1044, #5533, .T. ) ;
#3853 = CARTESIAN_POINT ( 'NONE',  ( -0.1040167456898394849, -46.58083340089920199, 113.3500000000004917 ) ) ;
#3854 = CARTESIAN_POINT ( 'NONE',  ( -1.501254455563793666, -11.59224393072496007, 72.99497233760057213 ) ) ;
#3855 = PLANE ( 'NONE',  #2662 ) ;
#3856 = AXIS2_PLACEMENT_3D ( 'NONE', #3973, #129, #2625 ) ;
#3857 = ADVANCED_FACE ( 'NONE', ( #1234 ), #4253, .T. ) ;
#3858 = ORIENTED_EDGE ( 'NONE', *, *, #4344, .F. ) ;
#3859 = DIRECTION ( 'NONE',  ( -0.1013672451882223491, 0.9948490747861963301, 0.000000000000000000 ) ) ;
#3860 = ORIENTED_EDGE ( 'NONE', *, *, #2009, .F. ) ;
#3861 = CIRCLE ( 'NONE', #3947, 1.999999999999999778 ) ;
#3862 = CARTESIAN_POINT ( 'NONE',  ( 24.69169785761410196, -14.49920704408216920, 72.46573052700564688 ) ) ;
#3863 = DIRECTION ( 'NONE',  ( 0.1013672451882220715, -0.9948490747861963301, 3.744944418048075374E-19 ) ) ;
#3864 = CARTESIAN_POINT ( 'NONE',  ( 0.09283839854599093555, -37.99888507532426729, 72.90423715452051567 ) ) ;
#3865 = FACE_OUTER_BOUND ( 'NONE', #3582, .T. ) ;
#3866 = LINE ( 'NONE', #3556, #1037 ) ;
#3867 = DIRECTION ( 'NONE',  ( -1.350714706455111253E-06, -1.376271359130508594E-07, -0.9999999999990782928 ) ) ;
#3868 = CIRCLE ( 'NONE', #9, 0.9999999999999996669 ) ;
#3869 = ORIENTED_EDGE ( 'NONE', *, *, #4850, .F. ) ;
#3870 = EDGE_CURVE ( 'NONE', #2470, #1732, #3173, .T. ) ;
#3871 = CIRCLE ( 'NONE', #4333, 10.00000000000000178 ) ;
#3872 = CARTESIAN_POINT ( 'NONE',  ( -2.876174916865576581, -17.82863442471499127, 102.1000000000004775 ) ) ;
#3873 = LINE ( 'NONE', #3949, #5589 ) ;
#3874 = CARTESIAN_POINT ( 'NONE',  ( -9.939844526729849861, 18.87595286435042041, 113.3500000000004917 ) ) ;
#3875 = ORIENTED_EDGE ( 'NONE', *, *, #2096, .F. ) ;
#3876 = AXIS2_PLACEMENT_3D ( 'NONE', #1201, #5499, #659 ) ;
#3877 = CARTESIAN_POINT ( 'NONE',  ( 20.79295249451844541, -44.45159766218371544, 69.12095711206174542 ) ) ;
#3878 = CARTESIAN_POINT ( 'NONE',  ( 19.22239490473489454, -9.480668115718437150, 112.4500000000005002 ) ) ;
#3879 = CARTESIAN_POINT ( 'NONE',  ( -1.925998075394093512, -18.18566930775896040, 101.3119653137027285 ) ) ;
#3880 = AXIS2_PLACEMENT_3D ( 'NONE', #3027, #4861, #4836 ) ;
#3881 = VERTEX_POINT ( 'NONE', #1660 ) ;
#3882 = CARTESIAN_POINT ( 'NONE',  ( -11.76786435798725350, 18.04846565093227895, 112.7960015403604785 ) ) ;
#3883 = CARTESIAN_POINT ( 'NONE',  ( 48.38235170382264982, -9.474773261232762422, 53.99490466764017782 ) ) ;
#3884 = EDGE_CURVE ( 'NONE', #1912, #115, #3331, .T. ) ;
#3885 = ORIENTED_EDGE ( 'NONE', *, *, #312, .F. ) ;
#3886 = VERTEX_POINT ( 'NONE', #2466 ) ;
#3887 = CARTESIAN_POINT ( 'NONE',  ( 24.12940391764593073, -8.980682742701462828, 69.99493735846893117 ) ) ;
#3888 = CARTESIAN_POINT ( 'NONE',  ( -4.361414029301022843, -4.797169507336320748, 69.99497526567076022 ) ) ;
#3889 = DIRECTION ( 'NONE',  ( -0.1013672451882220854, 0.9948490747861963301, -3.744813952309920111E-19 ) ) ;
#3890 = UNCERTAINTY_MEASURE_WITH_UNIT (LENGTH_MEASURE( 1.000000000000000082E-05 ), #4894, 'distance_accuracy_value', 'NONE');
#3891 = CARTESIAN_POINT ( 'NONE',  ( -2.931353827928599109, -17.28709175462636694, 72.95463698820877596 ) ) ;
#3892 = CARTESIAN_POINT ( 'NONE',  ( 26.77192370887322426, -34.91517829425003328, 69.99493735846893117 ) ) ;
#3893 =( BOUNDED_CURVE ( )  B_SPLINE_CURVE ( 3, ( #1112, #2856, #4614, #683 ),
 .UNSPECIFIED., .F., .T. ) 
 B_SPLINE_CURVE_WITH_KNOTS ( ( 4, 4 ),
 ( 3.141592653589799333, 4.610847330772917196 ),
 .UNSPECIFIED. ) 
 CURVE ( )  GEOMETRIC_REPRESENTATION_ITEM ( )  RATIONAL_B_SPLINE_CURVE ( ( 1.000000000000000000, 0.8280537358926720604, 0.8280537358926720604, 1.000000000000000000 ) ) 
 REPRESENTATION_ITEM ( '' )  );
#3894 = DIRECTION ( 'NONE',  ( -0.9999999999990878408, 0.000000000000000000, 1.350714706750223250E-06 ) ) ;
#3895 = ORIENTED_EDGE ( 'NONE', *, *, #3798, .T. ) ;
#3896 = CIRCLE ( 'NONE', #413, 4.000000000000000000 ) ;
#3897 = EDGE_CURVE ( 'NONE', #4113, #4259, #3325, .T. ) ;
#3898 = DIRECTION ( 'NONE',  ( 0.000000000000000000, 0.9999999999962982944, -2.720911509990216877E-06 ) ) ;
#3899 = AXIS2_PLACEMENT_3D ( 'NONE', #1411, #29, #2186 ) ;
#3900 = CARTESIAN_POINT ( 'NONE',  ( 26.53914379887655528, -32.63060522867217372, 69.99408299286302793 ) ) ;
#3901 = LINE ( 'NONE', #5189, #1216 ) ;
#3902 = VERTEX_POINT ( 'NONE', #5590 ) ;
#3903 = EDGE_CURVE ( 'NONE', #1581, #1069, #2895, .T. ) ;
#3904 = EDGE_CURVE ( 'NONE', #118, #5336, #1259, .T. ) ;
#3905 = CARTESIAN_POINT ( 'NONE',  ( 22.85701656690109118, -44.24128587297651194, 72.99494811618663448 ) ) ;
#3906 = CARTESIAN_POINT ( 'NONE',  ( -0.6202547764937440533, -36.58165802337397565, 57.31234898034796288 ) ) ;
#3907 = FACE_OUTER_BOUND ( 'NONE', #3712, .T. ) ;
#3908 = EDGE_LOOP ( 'NONE', ( #3806, #1334, #2644, #5028, #3592 ) ) ;
#3909 = CIRCLE ( 'NONE', #2540, 0.9999999999999972244 ) ;
#3910 = FACE_OUTER_BOUND ( 'NONE', #5392, .T. ) ;
#3911 = CARTESIAN_POINT ( 'NONE',  ( -12.32467200531800700, 22.55113817599995230, 156.7000000000005002 ) ) ;
#3912 = EDGE_LOOP ( 'NONE', ( #1476, #1976, #2081, #2514 ) ) ;
#3913 = VERTEX_POINT ( 'NONE', #2150 ) ;
#3914 = CARTESIAN_POINT ( 'NONE',  ( 24.90752229866121681, -16.61737396371706765, 70.54770495381093554 ) ) ;
#3915 = CARTESIAN_POINT ( 'NONE',  ( 24.17145947669024864, -34.05557859984038060, 67.77994004271762662 ) ) ;
#3916 = CYLINDRICAL_SURFACE ( 'NONE', #93, 3.000000000000000000 ) ;
#3917 = AXIS2_PLACEMENT_3D ( 'NONE', #4522, #128, #1877 ) ;
#3918 = FACE_OUTER_BOUND ( 'NONE', #162, .T. ) ;
#3919 = LINE ( 'NONE', #934, #3076 ) ;
#3920 = EDGE_LOOP ( 'NONE', ( #959, #205, #65, #124, #4235 ) ) ;
#3921 = EDGE_CURVE ( 'NONE', #3216, #3980, #5017, .T. ) ;
#3922 = AXIS2_PLACEMENT_3D ( 'NONE', #1564, #1140, #2399 ) ;
#3923 = CARTESIAN_POINT ( 'NONE',  ( -2.904631535700193279, -38.82477312053817542, 65.78000339425339860 ) ) ;
#3924 = CARTESIAN_POINT ( 'NONE',  ( 26.63776236379004558, -33.59847791652810400, 70.24325204456243910 ) ) ;
#3925 = DIRECTION ( 'NONE',  ( -0.000000000000000000, -0.000000000000000000, 1.000000000000000000 ) ) ;
#3926 = EDGE_CURVE ( 'NONE', #1984, #4923, #2576, .T. ) ;
#3927 = VERTEX_POINT ( 'NONE', #3539 ) ;
#3928 = EDGE_CURVE ( 'NONE', #3647, #1819, #4412, .T. ) ;
#3929 = DIRECTION ( 'NONE',  ( 0.9948490747861963301, 0.1013672451882219883, 0.000000000000000000 ) ) ;
#3930 = CARTESIAN_POINT ( 'NONE',  ( 25.83437534614784781, -33.88614063689817613, 63.77996389636245311 ) ) ;
#3931 = DIRECTION ( 'NONE',  ( 0.9999999999990877297, 0.000000000000000000, -1.350714706749299984E-06 ) ) ;
#3932 = ORIENTED_EDGE ( 'NONE', *, *, #3537, .T. ) ;
#3933 = AXIS2_PLACEMENT_3D ( 'NONE', #1374, #5272, #1294 ) ;
#3934 = CARTESIAN_POINT ( 'NONE',  ( 6.979164720953406231, 22.50769113404141919, 106.7000000000005002 ) ) ;
#3935 = ADVANCED_FACE ( 'NONE', ( #1792 ), #68, .T. ) ;
#3936 = DIRECTION ( 'NONE',  ( -0.1013672451882220577, 0.9948490747861964412, 4.764560328309830114E-22 ) ) ;
#3937 = CARTESIAN_POINT ( 'NONE',  ( 25.68249098740374592, -43.95339239685532817, 49.99494007386580563 ) ) ;
#3938 = ORIENTED_EDGE ( 'NONE', *, *, #4523, .T. ) ;
#3939 = VECTOR ( 'NONE', #4799, 1000.000000000000000 ) ;
#3940 = VERTEX_POINT ( 'NONE', #480 ) ;
#3941 = VERTEX_POINT ( 'NONE', #401 ) ;
#3942 = LINE ( 'NONE', #1707, #4010 ) ;
#3943 = CIRCLE ( 'NONE', #5502, 1.000000000000000888 ) ;
#3944 = DIRECTION ( 'NONE',  ( 0.4686559358929507924, 0.8833807863836145025, -7.545979810090997037E-07 ) ) ;
#3945 = CARTESIAN_POINT ( 'NONE',  ( -0.6152014920796888831, 2.335970026501086760, 153.0500000000004945 ) ) ;
#3946 = VERTEX_POINT ( 'NONE', #2199 ) ;
#3947 = AXIS2_PLACEMENT_3D ( 'NONE', #4956, #2826, #1110 ) ;
#3948 = DIRECTION ( 'NONE',  ( 1.000000000000000000, 0.000000000000000000, 0.000000000000000000 ) ) ;
#3949 = CARTESIAN_POINT ( 'NONE',  ( -6.148378437964508336, -6.989602223649963975, 69.44010924213561964 ) ) ;
#3950 = VECTOR ( 'NONE', #949, 1000.000000000000227 ) ;
#3951 = ADVANCED_FACE ( 'NONE', ( #3513 ), #1715, .F. ) ;
#3952 = CYLINDRICAL_SURFACE ( 'NONE', #4695, 1.049999999999997380 ) ;
#3953 = CARTESIAN_POINT ( 'NONE',  ( 24.69415767170077203, -14.57416290352141708, 72.99493870362562120 ) ) ;
#3954 = ORIENTED_EDGE ( 'NONE', *, *, #3816, .F. ) ;
#3955 = VECTOR ( 'NONE', #921, 999.9999999999998863 ) ;
#3956 =( BOUNDED_CURVE ( )  B_SPLINE_CURVE ( 3, ( #3388, #3358, #4716, #3879 ),
 .UNSPECIFIED., .F., .F. ) 
 B_SPLINE_CURVE_WITH_KNOTS ( ( 4, 4 ),
 ( 1.570796326794896336, 1.661831104832311556 ),
 .UNSPECIFIED. ) 
 CURVE ( )  GEOMETRIC_REPRESENTATION_ITEM ( )  RATIONAL_B_SPLINE_CURVE ( ( 1.000000000000000000, 0.9993095083265931544, 0.9993095083265931544, 1.000000000000000000 ) ) 
 REPRESENTATION_ITEM ( '' )  );
#3957 = CARTESIAN_POINT ( 'NONE',  ( -4.726535576241402303, -19.64142873658896704, 70.03677445606447804 ) ) ;
#3958 = FACE_OUTER_BOUND ( 'NONE', #5451, .T. ) ;
#3959 = CARTESIAN_POINT ( 'NONE',  ( -3.034531934466845549, -37.54983860098134585, 69.68991249175978453 ) ) ;
#3960 = LINE ( 'NONE', #1777, #4418 ) ;
#3961 = CIRCLE ( 'NONE', #3050, 10.00000000000000178 ) ;
#3962 = ORIENTED_EDGE ( 'NONE', *, *, #943, .F. ) ;
#3963 = CARTESIAN_POINT ( 'NONE',  ( 23.61749932944541186, -3.956694915031175874, 113.3500000000004917 ) ) ;
#3964 = EDGE_CURVE ( 'NONE', #2766, #4113, #1079, .T. ) ;
#3965 = DIRECTION ( 'NONE',  ( 0.000000000000000000, 0.000000000000000000, 1.000000000000000000 ) ) ;
#3966 = DIRECTION ( 'NONE',  ( -0.9999999999990877297, 0.000000000000000000, 1.350714706455124382E-06 ) ) ;
#3967 = ORIENTED_EDGE ( 'NONE', *, *, #4997, .F. ) ;
#3968 = APPROVAL_STATUS ( 'not_yet_approved' ) ;
#3969 = VECTOR ( 'NONE', #2371, 1000.000000000000000 ) ;
#3970 = ADVANCED_FACE ( 'NONE', ( #426 ), #2630, .F. ) ;
#3971 = ORIENTED_EDGE ( 'NONE', *, *, #312, .T. ) ;
#3972 = CARTESIAN_POINT ( 'NONE',  ( -3.074456699436971974, -37.15800828040888604, 69.42821122935217204 ) ) ;
#3973 = CARTESIAN_POINT ( 'NONE',  ( 25.79942928212189557, -25.37082124980406661, 72.99493735847168807 ) ) ;
#3974 = CARTESIAN_POINT ( 'NONE',  ( -2.943139618421711123, -37.13746920189716150, 70.03701105630551638 ) ) ;
#3975 = ORIENTED_EDGE ( 'NONE', *, *, #3014, .F. ) ;
#3976 = DIRECTION ( 'NONE',  ( 2.858931984809521380E-08, -2.720911510588297100E-06, -0.9999999999962979613 ) ) ;
#3977 = CARTESIAN_POINT ( 'NONE',  ( 26.52462564997202321, -32.48811968535270722, 68.99267670003615649 ) ) ;
#3978 = FACE_OUTER_BOUND ( 'NONE', #2416, .T. ) ;
#3979 = CARTESIAN_POINT ( 'NONE',  ( -3.281684227108233820, -13.27101637536158663, 70.56898639547928553 ) ) ;
#3980 = VERTEX_POINT ( 'NONE', #2174 ) ;
#3981 = EDGE_CURVE ( 'NONE', #1533, #3997, #3418, .T. ) ;
#3982 = VECTOR ( 'NONE', #4192, 1000.000000000000114 ) ;
#3983 = CARTESIAN_POINT ( 'NONE',  ( 21.94188020287658603, -44.33453102396854462, 65.41994517883303217 ) ) ;
#3984 = CARTESIAN_POINT ( 'NONE',  ( -4.937156196500810168, -18.87689945357231736, 69.99497798108708935 ) ) ;
#3985 = CARTESIAN_POINT ( 'NONE',  ( -3.241779304811247542, -35.51585897829449578, 68.99497798108802726 ) ) ;
#3986 = B_SPLINE_CURVE_WITH_KNOTS ( 'NONE', 3,
 ( #2638, #5248, #3959, #2236, #3548, #4446, #3521, #2612, #3985, #4392 ),
 .UNSPECIFIED., .F., .F.,
 ( 4, 2, 2, 2, 4 ),
 ( 0.000000000000000000, 0.0007355231424223440716, 0.001471046284844688143, 0.002206569427267032323, 0.002942092569689376286 ),
 .UNSPECIFIED. ) ;
#3987 = CARTESIAN_POINT ( 'NONE',  ( 1.050774668356049713, -41.53779908387278397, 65.41997301185030267 ) ) ;
#3988 = VERTEX_POINT ( 'NONE', #452 ) ;
#3989 = VERTEX_POINT ( 'NONE', #3923 ) ;
#3990 = EDGE_CURVE ( 'NONE', #2822, #3710, #3909, .T. ) ;
#3991 = LINE ( 'NONE', #1870, #2615 ) ;
#3992 = DIRECTION ( 'NONE',  ( -0.9948490747852793969, -0.1013672451881286324, 1.357708159647627195E-06 ) ) ;
#3993 = DIRECTION ( 'NONE',  ( -1.350714706455073349E-06, -1.376271359134233686E-07, -0.9999999999990782928 ) ) ;
#3994 = CARTESIAN_POINT ( 'NONE',  ( -1.155410752764980176, -37.11448051980831764, 70.71376737691436176 ) ) ;
#3995 = VERTEX_POINT ( 'NONE', #2655 ) ;
#3996 = CARTESIAN_POINT ( 'NONE',  ( 9.471239131592430027, -1.999737079116899352, 112.4500000000005002 ) ) ;
#3997 = VERTEX_POINT ( 'NONE', #2228 ) ;
#3998 = EDGE_CURVE ( 'NONE', #1732, #2470, #1436, .T. ) ;
#3999 = ORIENTED_EDGE ( 'NONE', *, *, #4627, .F. ) ;
#4000 = CARTESIAN_POINT ( 'NONE',  ( 2.887247078350518414, -45.36187293912997376, 72.60076776383247932 ) ) ;
#4001 = CARTESIAN_POINT ( 'NONE',  ( -2.931167552821519529, -17.28891991536595896, 72.87399147639987973 ) ) ;
#4002 = CARTESIAN_POINT ( 'NONE',  ( -3.689177886657027283, -21.06255208566680182, 69.99497659622957713 ) ) ;
#4003 = AXIS2_PLACEMENT_3D ( 'NONE', #3635, #191, #133 ) ;
#4004 = VERTEX_POINT ( 'NONE', #5240 ) ;
#4005 = DIRECTION ( 'NONE',  ( 0.1013672451882220854, -0.9948490747861964412, 3.744813952309919148E-19 ) ) ;
#4006 = DIRECTION ( 'NONE',  ( -1.350714706455111253E-06, -1.376271359130508594E-07, -0.9999999999990782928 ) ) ;
#4007 = CARTESIAN_POINT ( 'NONE',  ( 0.7776229058263869343, -9.198912539470818217, 65.87666131859467100 ) ) ;
#4008 = LINE ( 'NONE', #2320, #4817 ) ;
#4009 = ORIENTED_EDGE ( 'NONE', *, *, #5192, .T. ) ;
#4010 = VECTOR ( 'NONE', #3060, 999.9999999999998863 ) ;
#4011 = LINE ( 'NONE', #2260, #855 ) ;
#4012 = CARTESIAN_POINT ( 'NONE',  ( -5.433738609918182583, -14.00328812452763394, 69.99497798108708935 ) ) ;
#4013 = LINE ( 'NONE', #3467, #3205 ) ;
#4014 = CARTESIAN_POINT ( 'NONE',  ( -1.324772208397245077, 9.299913550004461626, 113.3500000000004917 ) ) ;
#4015 = ORIENTED_EDGE ( 'NONE', *, *, #3495, .F. ) ;
#4016 = ORIENTED_EDGE ( 'NONE', *, *, #3495, .T. ) ;
#4017 = CARTESIAN_POINT ( 'NONE',  ( -1.805364295416690412, -8.607697532129179763, 69.99497233760887127 ) ) ;
#4018 = CARTESIAN_POINT ( 'NONE',  ( -4.158706553218710411, -6.786870409451431385, 49.99497526568921302 ) ) ;
#4019 = CIRCLE ( 'NONE', #4763, 1.000000000000000888 ) ;
#4020 = CARTESIAN_POINT ( 'NONE',  ( 1.737011461412780067, -43.36735922766104068, 49.99497233672408925 ) ) ;
#4021 = CARTESIAN_POINT ( 'NONE',  ( -0.7316232935752993161, -39.04720486308812610, 72.50525400434585777 ) ) ;
#4022 = CARTESIAN_POINT ( 'NONE',  ( -0.4551142773220233639, -37.60997177623725918, 71.36435704084377107 ) ) ;
#4023 = EDGE_CURVE ( 'NONE', #2923, #1581, #5264, .T. ) ;
#4024 = EDGE_LOOP ( 'NONE', ( #3820, #3236 ) ) ;
#4025 = ORIENTED_EDGE ( 'NONE', *, *, #1693, .T. ) ;
#4026 = CIRCLE ( 'NONE', #1280, 1.550000000000000266 ) ;
#4027 = VERTEX_POINT ( 'NONE', #42 ) ;
#4028 = CARTESIAN_POINT ( 'NONE',  ( 5.581938229760472936, -46.00147960068341746, 69.97648914128667741 ) ) ;
#4029 = EDGE_CURVE ( 'NONE', #3941, #2864, #2358, .T. ) ;
#4030 = CARTESIAN_POINT ( 'NONE',  ( -1.936504753653068622, -17.18572450442631094, 72.99497381874395785 ) ) ;
#4031 = CIRCLE ( 'NONE', #2936, 1.049999999999997380 ) ;
#4032 = CARTESIAN_POINT ( 'NONE',  ( -3.710604485836232147, -20.69708206154042074, 70.06041978108605406 ) ) ;
#4033 = ORIENTED_EDGE ( 'NONE', *, *, #5553, .F. ) ;
#4034 = VECTOR ( 'NONE', #4867, 1000.000000000000000 ) ;
#4035 = CYLINDRICAL_SURFACE ( 'NONE', #4003, 4.000000000000000000 ) ;
#4036 = LINE ( 'NONE', #1516, #2482 ) ;
#4037 = CARTESIAN_POINT ( 'NONE',  ( 25.90449606471164756, -35.37026928313051855, 72.99493859275901286 ) ) ;
#4038 = VECTOR ( 'NONE', #5340, 1000.000000000000114 ) ;
#4039 = ORIENTED_EDGE ( 'NONE', *, *, #5673, .F. ) ;
#4040 = EDGE_CURVE ( 'NONE', #442, #5566, #4461, .T. ) ;
#4041 = EDGE_CURVE ( 'NONE', #2110, #4339, #3462, .T. ) ;
#4042 = VECTOR ( 'NONE', #2618, 999.9999999999998863 ) ;
#4043 = FACE_OUTER_BOUND ( 'NONE', #2344, .T. ) ;
#4044 = LINE ( 'NONE', #1861, #4810 ) ;
#4045 = DIRECTION ( 'NONE',  ( -0.9948490747861963301, -0.1013672451882223491, -6.938893903907229918E-18 ) ) ;
#4046 = CARTESIAN_POINT ( 'NONE',  ( -3.501245016246813169, -18.29927584545706054, 70.97945375523403300 ) ) ;
#4047 = EDGE_LOOP ( 'NONE', ( #313, #5509, #3055 ) ) ;
#4048 = VERTEX_POINT ( 'NONE', #1315 ) ;
#4049 = AXIS2_PLACEMENT_3D ( 'NONE', #1517, #1089, #5323 ) ;
#4050 = ORIENTED_EDGE ( 'NONE', *, *, #3601, .F. ) ;
#4051 = ORIENTED_EDGE ( 'NONE', *, *, #2363, .T. ) ;
#4052 = CARTESIAN_POINT ( 'NONE',  ( 12.20619529901032330, -35.27634206196887590, 72.99496115544569363 ) ) ;
#4053 = CARTESIAN_POINT ( 'NONE',  ( 0.05182856204804793532, -46.56495399776029842, 72.87399147639987973 ) ) ;
#4054 = VECTOR ( 'NONE', #5328, 1000.000000000000114 ) ;
#4055 = DIRECTION ( 'NONE',  ( 6.903152180341684826E-18, 7.033765596924220165E-19, -1.000000000000000000 ) ) ;
#4056 = CARTESIAN_POINT ( 'NONE',  ( -2.838818615929697753, -18.19526056074587927, 72.96388092997466401 ) ) ;
#4057 = CARTESIAN_POINT ( 'NONE',  ( -2.488323188487786997, -36.42262107974389806, 70.26491169697365535 ) ) ;
#4058 = ORIENTED_EDGE ( 'NONE', *, *, #5051, .T. ) ;
#4059 = ORIENTED_EDGE ( 'NONE', *, *, #632, .F. ) ;
#4060 = VECTOR ( 'NONE', #1387, 999.9999999999998863 ) ;
#4061 = EDGE_CURVE ( 'NONE', #2622, #3249, #5374, .T. ) ;
#4062 = EDGE_LOOP ( 'NONE', ( #4485, #4487, #5226, #3732 ) ) ;
#4063 = FACE_OUTER_BOUND ( 'NONE', #711, .T. ) ;
#4064 = FACE_OUTER_BOUND ( 'NONE', #358, .T. ) ;
#4065 = CARTESIAN_POINT ( 'NONE',  ( 24.49141374500575452, -17.70297428378889393, 69.99493806992093425 ) ) ;
#4066 = ORIENTED_EDGE ( 'NONE', *, *, #4329, .T. ) ;
#4067 = DIRECTION ( 'NONE',  ( -6.903152180341684056E-18, -7.033765596924220165E-19, 1.000000000000000000 ) ) ;
#4068 = DIRECTION ( 'NONE',  ( 6.903152180341684826E-18, 7.033765596924220165E-19, -1.000000000000000000 ) ) ;
#4069 = CARTESIAN_POINT ( 'NONE',  ( 19.99803963941014118, -35.43232994598358943, 72.99494657923781915 ) ) ;
#4070 = CARTESIAN_POINT ( 'NONE',  ( -5.458445116841478040, -13.76081092680952445, 69.99497798108704671 ) ) ;
#4071 = ORIENTED_EDGE ( 'NONE', *, *, #3790, .F. ) ;
#4072 = VECTOR ( 'NONE', #130, 1000.000000000000114 ) ;
#4073 = EDGE_CURVE ( 'NONE', #2814, #4193, #5165, .T. ) ;
#4074 = B_SPLINE_CURVE_WITH_KNOTS ( 'NONE', 3,
 ( #5375, #1480, #4121, #4207, #3230, #186, #4984, #1990, #1052, #1452 ),
 .UNSPECIFIED., .F., .F.,
 ( 4, 2, 2, 2, 4 ),
 ( 0.000000000000000000, 0.0007251641000849064385, 0.001450328200169812877, 0.002175492300254719315, 0.002900656400339625754 ),
 .UNSPECIFIED. ) ;
#4075 = DIRECTION ( 'NONE',  ( 4.151308474493325962E-18, 7.995196928692544294E-19, 1.000000000000000000 ) ) ;
#4076 = CIRCLE ( 'NONE', #2154, 1.050000000000001155 ) ;
#4077 = CARTESIAN_POINT ( 'NONE',  ( 25.50687451306640696, -32.36470571076868907, 69.99493871617524121 ) ) ;
#4078 = DIRECTION ( 'NONE',  ( 0.9948490747861963301, 0.1013672451882223491, 0.000000000000000000 ) ) ;
#4079 = CARTESIAN_POINT ( 'NONE',  ( -3.101044314801772117, -18.62296965196507514, 71.50387464305370600 ) ) ;
#4080 = EDGE_CURVE ( 'NONE', #2844, #3641, #2905, .T. ) ;
#4081 = ADVANCED_FACE ( 'NONE', ( #3239 ), #4035, .F. ) ;
#4082 = ORIENTED_EDGE ( 'NONE', *, *, #5481, .F. ) ;
#4083 = ORIENTED_EDGE ( 'NONE', *, *, #1402, .F. ) ;
#4084 = ORIENTED_EDGE ( 'NONE', *, *, #3259, .T. ) ;
#4085 = ORIENTED_EDGE ( 'NONE', *, *, #5164, .T. ) ;
#4086 = DIRECTION ( 'NONE',  ( 6.903152180341684826E-18, 7.033765596924220165E-19, -1.000000000000000000 ) ) ;
#4087 = LINE ( 'NONE', #3280, #2650 ) ;
#4088 = CARTESIAN_POINT ( 'NONE',  ( 23.76518536619038358, -44.14875066167359563, 72.99494811571814523 ) ) ;
#4089 = CARTESIAN_POINT ( 'NONE',  ( -2.208727936420131321, -35.58141983181596402, 70.01569347011464117 ) ) ;
#4090 = AXIS2_PLACEMENT_3D ( 'NONE', #4278, #908, #2251 ) ;
#4091 = CARTESIAN_POINT ( 'NONE',  ( 50.61244431474126770, -31.36145155984409172, 63.77993008079457837 ) ) ;
#4092 = ORIENTED_EDGE ( 'NONE', *, *, #1428, .F. ) ;
#4093 = EDGE_LOOP ( 'NONE', ( #81, #4659, #4305, #731, #854 ) ) ;
#4094 = ORIENTED_EDGE ( 'NONE', *, *, #5615, .F. ) ;
#4095 = CARTESIAN_POINT ( 'NONE',  ( 2.963785393575621541, -45.35256792649849444, 72.21632589565254534 ) ) ;
#4096 = FACE_OUTER_BOUND ( 'NONE', #4093, .T. ) ;
#4097 = DIRECTION ( 'NONE',  ( -0.9999999999990877297, -4.048680389488245486E-23, 1.350714706455123959E-06 ) ) ;
#4098 = VERTEX_POINT ( 'NONE', #967 ) ;
#4099 = DIRECTION ( 'NONE',  ( -0.9948490747852795080, -0.1013672451881286601, 1.357708159647627407E-06 ) ) ;
#4100 = VECTOR ( 'NONE', #1951, 1000.000000000000227 ) ;
#4101 = LINE ( 'NONE', #3700, #1743 ) ;
#4102 = DIRECTION ( 'NONE',  ( 0.9999999999990877297, 0.000000000000000000, -1.350714706749299984E-06 ) ) ;
#4103 = CARTESIAN_POINT ( 'NONE',  ( -3.242520066914490240, -13.10190912494405957, 72.94377018831872306 ) ) ;
#4104 = EDGE_CURVE ( 'NONE', #2995, #4791, #1944, .T. ) ;
#4105 = EDGE_LOOP ( 'NONE', ( #5364, #5538, #1704, #2357 ) ) ;
#4106 = DIRECTION ( 'NONE',  ( -0.9948490747861964412, -0.1013672451882218634, 0.000000000000000000 ) ) ;
#4107 = DIRECTION ( 'NONE',  ( 1.000000000000000000, 0.000000000000000000, 0.000000000000000000 ) ) ;
#4108 = DIRECTION ( 'NONE',  ( 0.9948490747852797300, 0.1013672451881257042, -1.357708165471483539E-06 ) ) ;
#4109 = EDGE_CURVE ( 'NONE', #27, #3217, #2373, .T. ) ;
#4110 = CARTESIAN_POINT ( 'NONE',  ( -2.384083652908037365, -18.67847773169192394, 71.36435704084352949 ) ) ;
#4111 = ORIENTED_EDGE ( 'NONE', *, *, #943, .T. ) ;
#4112 = ORIENTED_EDGE ( 'NONE', *, *, #327, .T. ) ;
#4113 = VERTEX_POINT ( 'NONE', #5443 ) ;
#4114 = LINE ( 'NONE', #4513, #2962 ) ;
#4115 = DIRECTION ( 'NONE',  ( 0.1013672451882219744, -0.9948490747861963301, 0.000000000000000000 ) ) ;
#4116 = DIRECTION ( 'NONE',  ( -1.000000000000000000, 0.000000000000000000, 0.000000000000000000 ) ) ;
#4117 = ORIENTED_EDGE ( 'NONE', *, *, #2173, .F. ) ;
#4118 = PERSON_AND_ORGANIZATION_ROLE ( 'creator' ) ;
#4119 = VERTEX_POINT ( 'NONE', #5467 ) ;
#4120 = EDGE_CURVE ( 'NONE', #3826, #3679, #5306, .T. ) ;
#4121 = CARTESIAN_POINT ( 'NONE',  ( -4.715597299321490077, -21.05135917807841750, 69.01672914320008090 ) ) ;
#4122 = CARTESIAN_POINT ( 'NONE',  ( 2.376079367836082756, -46.32813124013773631, 71.21690483947398320 ) ) ;
#4123 = CARTESIAN_POINT ( 'NONE',  ( 24.69415767170077203, -14.57416290352141175, 41.71066611099396937 ) ) ;
#4124 = DIRECTION ( 'NONE',  ( -0.1013672451882219883, 0.9948490747861964412, -0.000000000000000000 ) ) ;
#4125 = AXIS2_PLACEMENT_3D ( 'NONE', #4715, #2099, #3797 ) ;
#4126 = VERTEX_POINT ( 'NONE', #3264 ) ;
#4127 = CARTESIAN_POINT ( 'NONE',  ( -1.501258507707903256, -11.59224434360635669, 100.3663236901454070 ) ) ;
#4128 = DIRECTION ( 'NONE',  ( 0.9948490747861964412, 0.1013672451882220854, 0.000000000000000000 ) ) ;
#4129 = FACE_OUTER_BOUND ( 'NONE', #485, .T. ) ;
#4130 = CARTESIAN_POINT ( 'NONE',  ( -3.671416185229629647, -21.43413851686722182, 69.99497662337893189 ) ) ;
#4131 = ORIENTED_EDGE ( 'NONE', *, *, #1441, .F. ) ;
#4132 = AXIS2_PLACEMENT_3D ( 'NONE', #5132, #4677, #2065 ) ;
#4133 = CARTESIAN_POINT ( 'NONE',  ( 23.88554599992087191, -15.55567729863801851, 72.99493859275901286 ) ) ;
#4134 = ADVANCED_FACE ( 'NONE', ( #4558 ), #2775, .T. ) ;
#4135 = CARTESIAN_POINT ( 'NONE',  ( 24.22570550200416051, -9.925789088494088475, 51.99493735844762909 ) ) ;
#4136 = FACE_OUTER_BOUND ( 'NONE', #234, .T. ) ;
#4137 = VECTOR ( 'NONE', #1654, 1000.000000000000114 ) ;
#4138 = CARTESIAN_POINT ( 'NONE',  ( -3.080242693058883319, -19.42769812792389317, 70.62688972310229474 ) ) ;
#4139 = ORIENTED_EDGE ( 'NONE', *, *, #206, .F. ) ;
#4140 = VERTEX_POINT ( 'NONE', #598 ) ;
#4141 = ORIENTED_EDGE ( 'NONE', *, *, #283, .F. ) ;
#4142 = CIRCLE ( 'NONE', #3398, 1.049999999999997602 ) ;
#4143 = EDGE_LOOP ( 'NONE', ( #2930, #4083, #148, #1257 ) ) ;
#4144 = CARTESIAN_POINT ( 'NONE',  ( 23.10859408777679036, -6.482900499656452098, 69.99493839352913938 ) ) ;
#4145 = PLANE ( 'NONE',  #2933 ) ;
#4146 = CARTESIAN_POINT ( 'NONE',  ( 25.91500274297062134, -36.37021408646316445, 113.3500000000004917 ) ) ;
#4147 = VECTOR ( 'NONE', #1749, 1000.000000000000114 ) ;
#4148 = ORIENTED_EDGE ( 'NONE', *, *, #105, .F. ) ;
#4149 = EDGE_CURVE ( 'NONE', #442, #4681, #4990, .T. ) ;
#4150 = VECTOR ( 'NONE', #1460, 1000.000000000000000 ) ;
#4151 =( BOUNDED_SURFACE ( )  B_SPLINE_SURFACE ( 3, 2, ( 
 ( #3415, #1239, #2992 ),
 ( #5627, #2044, #4684 ),
 ( #811, #4311, #2126 ),
 ( #3877, #4340, #5514 ),
 ( #1695, #4769, #1405 ),
 ( #2637, #2663, #5654 ),
 ( #4471, #5679, #3519 ),
 ( #1774, #4851, #4909 ),
 ( #3150, #2206, #869 ),
 ( #4391, #542, #3047 ),
 ( #4798, #972, #1746 ),
 ( #458, #5216, #5247 ),
 ( #2233, #2717, #1798 ),
 ( #1348, #487, #3546 ),
 ( #3466, #917, #3121 ),
 ( #3096, #3905, #4419 ) ),
 .UNSPECIFIED., .F., .F., .F. ) 
 B_SPLINE_SURFACE_WITH_KNOTS ( ( 4, 2, 2, 2, 2, 2, 2, 4 ),
 ( 3, 3 ),
 ( 0.000000000000000000, 0.0007838045671442544441, 0.001567609134288508888, 0.002351413701432763549, 0.003135218268577017776, 0.003919022835721272871, 0.004702827402865527098, 0.006270436537154035553 ),
 ( 0.000000000000000000, 1.000000000000000000 ),
 .UNSPECIFIED. ) 
 GEOMETRIC_REPRESENTATION_ITEM ( )  RATIONAL_B_SPLINE_SURFACE ( (
 ( 1.000000000000000000, 0.7071067811865465735, 1.000000000000000000),
 ( 1.000000000000000000, 0.7104162924699314319, 1.000000000000000000),
 ( 1.000000000000000000, 0.7132907976492539603, 1.000000000000000000),
 ( 1.000000000000000000, 0.7184337931689488421, 1.000000000000000000),
 ( 1.000000000000000000, 0.7207230318692766646, 1.000000000000000000),
 ( 1.000000000000000000, 0.7247515736438919776, 1.000000000000000000),
 ( 1.000000000000000000, 0.7264876199556189462, 1.000000000000000000),
 ( 1.000000000000000000, 0.7295655676725774086, 1.000000000000000000),
 ( 1.000000000000000000, 0.7309119187755445113, 1.000000000000000000),
 ( 1.000000000000000000, 0.7332054671021589476, 1.000000000000000000),
 ( 1.000000000000000000, 0.7341690976799710722, 1.000000000000000000),
 ( 1.000000000000000000, 0.7358100264199824991, 1.000000000000000000),
 ( 1.000000000000000000, 0.7364752740515180252, 1.000000000000000000),
 ( 1.000000000000000000, 0.7380401018313601513, 1.000000000000000000),
 ( 1.000000000000000000, 0.7385474140804737520, 1.000000000000000000),
 ( 1.000000000000000000, 0.7385489458759769699, 1.000000000000000000) ) ) 
 REPRESENTATION_ITEM ( '' )  SURFACE ( )  );
#4152 = ORIENTED_EDGE ( 'NONE', *, *, #493, .F. ) ;
#4153 = CARTESIAN_POINT ( 'NONE',  ( 5.873271903829574647, -44.96661741095959997, 69.99496696993605838 ) ) ;
#4154 = CARTESIAN_POINT ( 'NONE',  ( 0.7776014541909164191, -9.198914725222666178, 49.99496893010713450 ) ) ;
#4155 = EDGE_CURVE ( 'NONE', #3710, #929, #5562, .T. ) ;
#4156 = CARTESIAN_POINT ( 'NONE',  ( 23.76518536619678201, -44.14875066167293483, 113.3500000000004917 ) ) ;
#4157 = AXIS2_PLACEMENT_3D ( 'NONE', #2013, #1530, #3188 ) ;
#4158 = ORIENTED_EDGE ( 'NONE', *, *, #885, .F. ) ;
#4159 = DIRECTION ( 'NONE',  ( 0.000000000000000000, 0.9999999999962982944, -2.720911509990216877E-06 ) ) ;
#4160 = LINE ( 'NONE', #5072, #2397 ) ;
#4161 = CARTESIAN_POINT ( 'NONE',  ( 12.29255942074809127, -40.39235021104366297, 58.16995766975478688 ) ) ;
#4162 = CYLINDRICAL_SURFACE ( 'NONE', #2701, 1.550000000000000266 ) ;
#4163 = VERTEX_POINT ( 'NONE', #2283 ) ;
#4164 = CARTESIAN_POINT ( 'NONE',  ( 24.05487137017669852, -17.79512183561456240, 70.08986661755537284 ) ) ;
#4165 = CARTESIAN_POINT ( 'NONE',  ( -0.6152014920796888831, 2.335970026501086760, 150.0500000000004945 ) ) ;
#4166 = DIRECTION ( 'NONE',  ( 1.749368463876579779E-15, 1.782470987911328021E-16, 1.000000000000000000 ) ) ;
#4167 = FACE_OUTER_BOUND ( 'NONE', #2503, .T. ) ;
#4168 = ORIENTED_EDGE ( 'NONE', *, *, #1085, .T. ) ;
#4169 = ADVANCED_FACE ( 'NONE', ( #103 ), #219, .F. ) ;
#4170 = EDGE_LOOP ( 'NONE', ( #5191, #4796 ) ) ;
#4171 = B_SPLINE_CURVE_WITH_KNOTS ( 'NONE', 3,
 ( #820, #4318, #381, #2134, #23, #3520, #1349, #3097, #1920, #2382, #2784, #5000, #1039, #2004, #4938, #3734, #228, #4077 ),
 .UNSPECIFIED., .F., .F.,
 ( 4, 2, 2, 2, 2, 2, 2, 2, 4 ),
 ( 0.000000000000000000, 0.0005891512947162600745, 0.001178302589432520149, 0.001767453884148780224, 0.002356605178865040298, 0.002945756473581300373, 0.003534907768297560447, 0.004124059063013820955, 0.004713210357730080596 ),
 .UNSPECIFIED. ) ;
#4172 = ORIENTED_EDGE ( 'NONE', *, *, #1785, .T. ) ;
#4173 = ORIENTED_EDGE ( 'NONE', *, *, #4213, .F. ) ;
#4174 = CARTESIAN_POINT ( 'NONE',  ( 24.09349454788210920, -8.628257230699421854, 69.99493735846893117 ) ) ;
#4175 = PLANE ( 'NONE',  #4219 ) ;
#4176 = CARTESIAN_POINT ( 'NONE',  ( 21.76075320160354920, -44.35298643154100517, 69.51837071865142548 ) ) ;
#4177 = ORIENTED_EDGE ( 'NONE', *, *, #2234, .F. ) ;
#4178 = COORDINATED_UNIVERSAL_TIME_OFFSET ( 8, 0, .AHEAD. ) ;
#4179 = ADVANCED_FACE ( 'NONE', ( #1913 ), #3667, .T. ) ;
#4180 = VECTOR ( 'NONE', #2240, 1000.000000000000000 ) ;
#4181 = ORIENTED_EDGE ( 'NONE', *, *, #2309, .T. ) ;
#4182 = CARTESIAN_POINT ( 'NONE',  ( 48.38235170382264982, -9.474773261232762422, 53.99490466764017782 ) ) ;
#4183 = DIRECTION ( 'NONE',  ( 1.350714706455111677E-06, 1.376271359130508065E-07, 0.9999999999990782928 ) ) ;
#4184 = EDGE_CURVE ( 'NONE', #1004, #591, #224, .T. ) ;
#4185 = CARTESIAN_POINT ( 'NONE',  ( 3.348620317551953551, -75.53340923178218702, 67.78000000000457703 ) ) ;
#4186 = ORIENTED_EDGE ( 'NONE', *, *, #757, .F. ) ;
#4187 = EDGE_CURVE ( 'NONE', #3353, #2991, #1353, .T. ) ;
#4188 = APPROVAL ( #3968, '未' ) ;
#4189 = CARTESIAN_POINT ( 'NONE',  ( 2.960293275941634494, -45.35299283432826201, 72.23040822741434397 ) ) ;
#4190 = CARTESIAN_POINT ( 'NONE',  ( -0.6152014920796888831, 2.335970026501086760, 153.0500000000004945 ) ) ;
#4191 = LINE ( 'NONE', #3836, #2220 ) ;
#4192 = DIRECTION ( 'NONE',  ( -0.1013672451882220715, 0.9948490747861963301, -3.744813952309913852E-19 ) ) ;
#4193 = VERTEX_POINT ( 'NONE', #2742 ) ;
#4194 = AXIS2_PLACEMENT_3D ( 'NONE', #2783, #4621, #4937 ) ;
#4195 = CARTESIAN_POINT ( 'NONE',  ( 23.51252016759040941, -12.00881221750842798, 53.99493860843992366 ) ) ;
#4196 = DIRECTION ( 'NONE',  ( 0.9948490747861963301, 0.1013672451882220299, 0.000000000000000000 ) ) ;
#4197 = CARTESIAN_POINT ( 'NONE',  ( 25.90209658271034598, -35.35046487326688691, 72.59803245142275330 ) ) ;
#4198 = LINE ( 'NONE', #4283, #4973 ) ;
#4199 = ORIENTED_EDGE ( 'NONE', *, *, #425, .T. ) ;
#4200 = ORIENTED_EDGE ( 'NONE', *, *, #4297, .F. ) ;
#4201 = ORIENTED_EDGE ( 'NONE', *, *, #1396, .F. ) ;
#4202 = DIRECTION ( 'NONE',  ( -1.000000000000000000, -9.301141659682560167E-14, 5.390750398628623110E-15 ) ) ;
#4203 = CYLINDRICAL_SURFACE ( 'NONE', #2284, 0.9999999999999998890 ) ;
#4204 = DIRECTION ( 'NONE',  ( -1.000000000000000000, 0.000000000000000000, 0.000000000000000000 ) ) ;
#4205 = ORIENTED_EDGE ( 'NONE', *, *, #3753, .T. ) ;
#4206 = VECTOR ( 'NONE', #3400, 999.9999999999998863 ) ;
#4207 = CARTESIAN_POINT ( 'NONE',  ( -4.763831702973029714, -20.57797087702418537, 69.10226784850571846 ) ) ;
#4208 = CYLINDRICAL_SURFACE ( 'NONE', #3922, 4.000000000000000000 ) ;
#4209 = EDGE_CURVE ( 'NONE', #260, #1042, #2456, .T. ) ;
#4210 = DIRECTION ( 'NONE',  ( -1.000000000000000000, 0.000000000000000000, 0.000000000000000000 ) ) ;
#4211 = CARTESIAN_POINT ( 'NONE',  ( -12.13223936536916980, 20.76417451680400106, 106.7000000000005002 ) ) ;
#4212 = VERTEX_POINT ( 'NONE', #714 ) ;
#4213 = EDGE_CURVE ( 'NONE', #1677, #2788, #2457, .T. ) ;
#4214 = CARTESIAN_POINT ( 'NONE',  ( 19.77363389684018458, -2.337999184154962329, 61.66994232764935902 ) ) ;
#4215 = DIRECTION ( 'NONE',  ( -0.9948490747861963301, -0.1013672451882220438, 8.792206996155283382E-17 ) ) ;
#4216 = CARTESIAN_POINT ( 'NONE',  ( -6.028143506410727603, 1.626501356039936397, 113.3500000000004917 ) ) ;
#4217 = CARTESIAN_POINT ( 'NONE',  ( -3.168635254183202132, -12.85114734528441716, 70.36897016800259053 ) ) ;
#4218 = EDGE_LOOP ( 'NONE', ( #5601, #3143, #4640, #4071 ) ) ;
#4219 = AXIS2_PLACEMENT_3D ( 'NONE', #5008, #1016, #4115 ) ;
#4220 = ADVANCED_FACE ( 'NONE', ( #360 ), #3371, .T. ) ;
#4221 = DIRECTION ( 'NONE',  ( 0.000000000000000000, 0.000000000000000000, 1.000000000000000000 ) ) ;
#4222 = DIRECTION ( 'NONE',  ( 0.000000000000000000, 0.9999999999999924505, 1.233022711710772080E-07 ) ) ;
#4223 = DIRECTION ( 'NONE',  ( -0.9948490747852797300, -0.1013672451881257042, 1.357708158863013165E-06 ) ) ;
#4224 = CARTESIAN_POINT ( 'NONE',  ( -4.179562069350121867, -11.86514227425962709, 102.7000000000005002 ) ) ;
#4225 = VECTOR ( 'NONE', #5241, 1000.000000000000000 ) ;
#4226 = VERTEX_POINT ( 'NONE', #4299 ) ;
#4227 = EDGE_CURVE ( 'NONE', #3126, #2211, #259, .T. ) ;
#4228 = ADVANCED_FACE ( 'NONE', ( #335, #3782, #4698 ), #2977, .T. ) ;
#4229 = ORIENTED_EDGE ( 'NONE', *, *, #981, .T. ) ;
#4230 = ORIENTED_EDGE ( 'NONE', *, *, #3904, .T. ) ;
#4231 = VECTOR ( 'NONE', #4727, 1000.000000000000000 ) ;
#4232 = DIRECTION ( 'NONE',  ( -0.000000000000000000, -0.000000000000000000, 1.000000000000000000 ) ) ;
#4233 = DIRECTION ( 'NONE',  ( 1.350714706475886007E-06, 1.376271357091611617E-07, 0.9999999999990782928 ) ) ;
#4234 = CARTESIAN_POINT ( 'NONE',  ( -1.455630775762134510, -4.627973497002288994, 113.3500000000004917 ) ) ;
#4235 = ORIENTED_EDGE ( 'NONE', *, *, #611, .T. ) ;
#4236 = CIRCLE ( 'NONE', #4688, 7.000000000000000888 ) ;
#4237 = CARTESIAN_POINT ( 'NONE',  ( 24.69415767170077203, -14.57416290352141175, 113.3500000000004917 ) ) ;
#4238 = DIRECTION ( 'NONE',  ( -0.9948490747852793969, -0.1013672451881286324, 1.357708159647627195E-06 ) ) ;
#4239 = VECTOR ( 'NONE', #3993, 1000.000000000000000 ) ;
#4240 = CARTESIAN_POINT ( 'NONE',  ( -4.158729954350999236, -6.786872793841561169, 32.66997526570418131 ) ) ;
#4241 = CARTESIAN_POINT ( 'NONE',  ( 6.920050184381751457, 19.41517364622766095, 113.1369135949871918 ) ) ;
#4242 = ORIENTED_EDGE ( 'NONE', *, *, #2178, .F. ) ;
#4243 = VECTOR ( 'NONE', #3272, 1000.000000000000000 ) ;
#4244 = EDGE_CURVE ( 'NONE', #2822, #4740, #549, .T. ) ;
#4245 = DIRECTION ( 'NONE',  ( 6.903152180341684826E-18, 7.033765596924220165E-19, -1.000000000000000000 ) ) ;
#4246 = CARTESIAN_POINT ( 'NONE',  ( 3.348620317551953551, -75.53340923178218702, 53.99497458682431983 ) ) ;
#4247 = DIRECTION ( 'NONE',  ( -0.1013672451882220715, 0.9948490747861964412, -3.745135536382605176E-19 ) ) ;
#4248 = CYLINDRICAL_SURFACE ( 'NONE', #3483, 2.000000000000001332 ) ;
#4249 = AXIS2_PLACEMENT_3D ( 'NONE', #589, #4518, #2335 ) ;
#4250 = DIRECTION ( 'NONE',  ( -1.350714706455111253E-06, -1.376271359130508859E-07, -0.9999999999990782928 ) ) ;
#4251 = CARTESIAN_POINT ( 'NONE',  ( 3.969317873493701132, -46.16579284897923685, 69.52067851844238078 ) ) ;
#4252 = ORIENTED_EDGE ( 'NONE', *, *, #4073, .F. ) ;
#4253 = PLANE ( 'NONE',  #4831 ) ;
#4254 = DIRECTION ( 'NONE',  ( 0.9948490747861964412, 0.1013672451882220854, 0.000000000000000000 ) ) ;
#4255 = LINE ( 'NONE', #1980, #2407 ) ;
#4256 = EDGE_CURVE ( 'NONE', #1858, #269, #4616, .T. ) ;
#4257 = ORIENTED_EDGE ( 'NONE', *, *, #1428, .T. ) ;
#4258 = CIRCLE ( 'NONE', #4987, 1.000000000000001554 ) ;
#4259 = VERTEX_POINT ( 'NONE', #4214 ) ;
#4260 = ORIENTED_EDGE ( 'NONE', *, *, #3144, .F. ) ;
#4261 = DIRECTION ( 'NONE',  ( 1.000000000000000000, 0.000000000000000000, 0.000000000000000000 ) ) ;
#4262 = ADVANCED_FACE ( 'NONE', ( #2085 ), #5478, .T. ) ;
#4263 = EDGE_CURVE ( 'NONE', #4519, #5588, #1630, .T. ) ;
#4264 = CARTESIAN_POINT ( 'NONE',  ( 6.349743540596019642, 3.045642788675047452, 156.7000000000005002 ) ) ;
#4265 = DIRECTION ( 'NONE',  ( -1.000000000000000000, 0.000000000000000000, 0.000000000000000000 ) ) ;
#4266 = ORIENTED_EDGE ( 'NONE', *, *, #2266, .T. ) ;
#4267 = DIRECTION ( 'NONE',  ( -1.128276928546408485E-16, 1.107325405147169919E-15, 1.000000000000000000 ) ) ;
#4268 = CARTESIAN_POINT ( 'NONE',  ( -3.367307121094545330, -9.621248096667995853, 67.78000000000054115 ) ) ;
#4269 = CARTESIAN_POINT ( 'NONE',  ( -0.1040081307161749152, -46.58083252310170508, 56.37306058805933162 ) ) ;
#4270 = DIRECTION ( 'NONE',  ( -1.350714706455073349E-06, -1.376271359134233686E-07, -0.9999999999990782928 ) ) ;
#4271 = ORIENTED_EDGE ( 'NONE', *, *, #893, .F. ) ;
#4272 = VECTOR ( 'NONE', #2146, 1000.000000000000000 ) ;
#4273 = FACE_OUTER_BOUND ( 'NONE', #3228, .T. ) ;
#4274 = DIRECTION ( 'NONE',  ( 1.000000000000000000, 0.000000000000000000, 0.000000000000000000 ) ) ;
#4275 = CARTESIAN_POINT ( 'NONE',  ( -0.2674845622117139610, -37.73856958406707207, 71.63556163400910748 ) ) ;
#4276 = CARTESIAN_POINT ( 'NONE',  ( 9.038681259748623020, -6.784248633603233714, 65.87664982793837964 ) ) ;
#4277 = CARTESIAN_POINT ( 'NONE',  ( 9.925368438659848636, -6.407251136013163872, 102.7000000000005002 ) ) ;
#4278 = CARTESIAN_POINT ( 'NONE',  ( -10.13223936536916980, 20.76417451680400106, 156.7000000000005002 ) ) ;
#4279 = ORIENTED_EDGE ( 'NONE', *, *, #5230, .F. ) ;
#4280 = DIRECTION ( 'NONE',  ( 1.000000000000000000, 0.000000000000000000, 6.903152180341684056E-18 ) ) ;
#4281 = DIRECTION ( 'NONE',  ( 0.9948490747852793969, 0.1013672451881292985, -1.357708160238207365E-06 ) ) ;
#4282 = EDGE_CURVE ( 'NONE', #3585, #950, #1651, .T. ) ;
#4283 = CARTESIAN_POINT ( 'NONE',  ( -5.337464039854078912, -14.94839722286300976, 51.99497798110267865 ) ) ;
#4284 = ORIENTED_EDGE ( 'NONE', *, *, #4744, .F. ) ;
#4285 = ORIENTED_EDGE ( 'NONE', *, *, #5332, .F. ) ;
#4286 = ORIENTED_EDGE ( 'NONE', *, *, #1785, .F. ) ;
#4287 = LINE ( 'NONE', #5084, #1761 ) ;
#4288 = ADVANCED_FACE ( 'NONE', ( #5152 ), #2918, .F. ) ;
#4289 = CARTESIAN_POINT ( 'NONE',  ( -10.75912038262674741, 17.05145647576961210, 113.3500000000004917 ) ) ;
#4290 = CARTESIAN_POINT ( 'NONE',  ( -0.1240726348357573394, -9.290788176963951983, 61.66997016066662951 ) ) ;
#4291 = ORIENTED_EDGE ( 'NONE', *, *, #3275, .F. ) ;
#4292 = CARTESIAN_POINT ( 'NONE',  ( 22.43874454423944798, -12.11822145318847532, 53.99494007386211081 ) ) ;
#4293 = CARTESIAN_POINT ( 'NONE',  ( 23.01625390782774616, -7.920995119992901401, 70.61182887196400770 ) ) ;
#4294 = CYLINDRICAL_SURFACE ( 'NONE', #96, 10.00000000000000178 ) ;
#4295 = CARTESIAN_POINT ( 'NONE',  ( 7.181861410020324854, 20.12789552329279630, 112.6955675027653001 ) ) ;
#4296 = ORIENTED_EDGE ( 'NONE', *, *, #4802, .F. ) ;
#4297 = EDGE_CURVE ( 'NONE', #3594, #4922, #813, .T. ) ;
#4298 = LINE ( 'NONE', #5151, #560 ) ;
#4299 = CARTESIAN_POINT ( 'NONE',  ( -2.296422371342701663, -44.79386698916047038, 69.99497798108708935 ) ) ;
#4300 = DIRECTION ( 'NONE',  ( -0.9948490747861963301, -0.1013672451882219328, 0.000000000000000000 ) ) ;
#4301 = CARTESIAN_POINT ( 'NONE',  ( -0.7106950327871642825, -39.08131476680486571, 72.87399147639987973 ) ) ;
#4302 = CARTESIAN_POINT ( 'NONE',  ( -1.288077232565595143, -37.01655680633428602, 70.62688972310256474 ) ) ;
#4303 =( BOUNDED_CURVE ( )  B_SPLINE_CURVE ( 3, ( #4527, #5551, #4638, #736 ),
 .UNSPECIFIED., .F., .T. ) 
 B_SPLINE_CURVE_WITH_KNOTS ( ( 4, 4 ),
 ( 1.888356756086420285, 3.141592653589793116 ),
 .UNSPECIFIED. ) 
 CURVE ( )  GEOMETRIC_REPRESENTATION_ITEM ( )  RATIONAL_B_SPLINE_CURVE ( ( 1.000000000000000000, 0.8733436007089581121, 0.8733436007089581121, 1.000000000000000000 ) ) 
 REPRESENTATION_ITEM ( '' )  );
#4304 = DIRECTION ( 'NONE',  ( -1.350714706455073349E-06, -1.376271359134233686E-07, -0.9999999999990782928 ) ) ;
#4305 = ORIENTED_EDGE ( 'NONE', *, *, #2953, .T. ) ;
#4306 = PLANE ( 'NONE',  #5276 ) ;
#4307 = DIRECTION ( 'NONE',  ( 1.000000000000000000, 0.000000000000000000, 0.000000000000000000 ) ) ;
#4308 = CARTESIAN_POINT ( 'NONE',  ( 26.90985182134101805, -36.26884687645131322, 72.70965919608632078 ) ) ;
#4309 = VERTEX_POINT ( 'NONE', #247 ) ;
#4310 = CIRCLE ( 'NONE', #4953, 1.550000000000000266 ) ;
#4311 = CARTESIAN_POINT ( 'NONE',  ( 20.15541731905318912, -44.51655744963789374, 69.99672237363297711 ) ) ;
#4312 = DIRECTION ( 'NONE',  ( -0.000000000000000000, -0.000000000000000000, 1.000000000000000000 ) ) ;
#4313 = VECTOR ( 'NONE', #5655, 1000.000000000000000 ) ;
#4314 = CARTESIAN_POINT ( 'NONE',  ( -2.271782487551845531, -35.17058409449916923, 68.99497662337984139 ) ) ;
#4315 = ORIENTED_EDGE ( 'NONE', *, *, #239, .F. ) ;
#4316 = CIRCLE ( 'NONE', #839, 1.050000000000006706 ) ;
#4317 = CARTESIAN_POINT ( 'NONE',  ( -8.747306790902666052, -10.16942747328268659, 49.99498192910967020 ) ) ;
#4318 = CARTESIAN_POINT ( 'NONE',  ( 25.90449612482687769, -35.37026930709068040, 72.79571272148196215 ) ) ;
#4319 = FACE_OUTER_BOUND ( 'NONE', #3251, .T. ) ;
#4320 = VECTOR ( 'NONE', #4840, 1000.000000000000000 ) ;
#4321 = ORIENTED_EDGE ( 'NONE', *, *, #5186, .T. ) ;
#4322 = CARTESIAN_POINT ( 'NONE',  ( 6.496977417758829532, 18.89939825485205560, 113.3500000000004917 ) ) ;
#4323 = EDGE_CURVE ( 'NONE', #2351, #2529, #3808, .T. ) ;
#4324 = ORIENTED_EDGE ( 'NONE', *, *, #137, .T. ) ;
#4325 = VECTOR ( 'NONE', #5249, 1000.000000000000000 ) ;
#4326 = CARTESIAN_POINT ( 'NONE',  ( 23.96847688391638087, -16.59384068024503023, 70.72028838014801977 ) ) ;
#4327 = CARTESIAN_POINT ( 'NONE',  ( 25.47978351132142905, -41.96369149474021754, 69.99494007384836891 ) ) ;
#4328 = CARTESIAN_POINT ( 'NONE',  ( 18.52469822222991880, -24.23453186528169212, 65.69314762838465072 ) ) ;
#4329 = EDGE_CURVE ( 'NONE', #1044, #1043, #1624, .T. ) ;
#4330 = CARTESIAN_POINT ( 'NONE',  ( -1.626466015157093548, -38.02889032869117614, 70.81102540186839178 ) ) ;
#4331 = LINE ( 'NONE', #394, #1397 ) ;
#4332 = DIRECTION ( 'NONE',  ( -0.9948490747852792859, -0.1013672451881286185, 1.357708158863008082E-06 ) ) ;
#4333 = AXIS2_PLACEMENT_3D ( 'NONE', #2806, #629, #3573 ) ;
#4334 = EDGE_LOOP ( 'NONE', ( #1250, #60, #1417, #4971 ) ) ;
#4335 = AXIS2_PLACEMENT_3D ( 'NONE', #3796, #761, #3847 ) ;
#4336 = DIRECTION ( 'NONE',  ( 0.1013672451882220577, -0.9948490747861964412, -4.764560328309830114E-22 ) ) ;
#4337 = CARTESIAN_POINT ( 'NONE',  ( -1.298528069475580748, -13.58194290606015819, 69.99497233760887127 ) ) ;
#4338 = CARTESIAN_POINT ( 'NONE',  ( 6.349743540596019642, 3.045642788675047452, 106.7000000000005002 ) ) ;
#4339 = VERTEX_POINT ( 'NONE', #2889 ) ;
#4340 = CARTESIAN_POINT ( 'NONE',  ( 20.54579559382489506, -44.47678099379444916, 70.05892070548323147 ) ) ;
#4341 = LINE ( 'NONE', #3906, #4313 ) ;
#4342 = CYLINDRICAL_SURFACE ( 'NONE', #1120, 3.000000000000000444 ) ;
#4343 = VERTEX_POINT ( 'NONE', #4641 ) ;
#4344 = EDGE_CURVE ( 'NONE', #515, #3980, #474, .T. ) ;
#4345 = CARTESIAN_POINT ( 'NONE',  ( -11.38538899055407505, 17.48130070495862753, 113.1775355882738978 ) ) ;
#4346 = CARTESIAN_POINT ( 'NONE',  ( -5.227479597153868340, -47.10287370654943828, 106.7000000000005002 ) ) ;
#4347 = EDGE_CURVE ( 'NONE', #294, #5039, #2454, .T. ) ;
#4348 = ORIENTED_EDGE ( 'NONE', *, *, #2561, .F. ) ;
#4349 = ORIENTED_EDGE ( 'NONE', *, *, #860, .F. ) ;
#4350 = VERTEX_POINT ( 'NONE', #5180 ) ;
#4351 = CARTESIAN_POINT ( 'NONE',  ( 24.79191828231184758, -15.48280087264027749, 72.18955845001659100 ) ) ;
#4352 = CARTESIAN_POINT ( 'NONE',  ( -1.925942618476785606, -18.18612636735300114, 72.93447220312208401 ) ) ;
#4353 = EDGE_CURVE ( 'NONE', #4512, #4119, #3942, .T. ) ;
#4354 = CARTESIAN_POINT ( 'NONE',  ( 0.0008242560899022428672, -37.92354628824624285, 72.23644350736010722 ) ) ;
#4355 = FACE_BOUND ( 'NONE', #4170, .T. ) ;
#4356 = CARTESIAN_POINT ( 'NONE',  ( -0.8385663553743584187, -38.92277936030206575, 72.04927126051717323 ) ) ;
#4357 = CARTESIAN_POINT ( 'NONE',  ( 5.974637798303090719, -45.96146662337293520, 68.99496696993696787 ) ) ;
#4358 = EDGE_CURVE ( 'NONE', #2794, #3946, #5405, .T. ) ;
#4359 = ORIENTED_EDGE ( 'NONE', *, *, #1958, .F. ) ;
#4360 = DIRECTION ( 'NONE',  ( -0.000000000000000000, -0.000000000000000000, 1.000000000000000000 ) ) ;
#4361 = CARTESIAN_POINT ( 'NONE',  ( 26.74862473395837981, -34.68651504514564721, 69.79686975719683062 ) ) ;
#4362 = DIRECTION ( 'NONE',  ( -6.903152180341684826E-18, -7.033765596924220165E-19, 1.000000000000000000 ) ) ;
#4363 = ORIENTED_EDGE ( 'NONE', *, *, #649, .T. ) ;
#4364 = DIRECTION ( 'NONE',  ( -0.9999999999990877297, 1.131907068074865872E-13, 1.350714706749299984E-06 ) ) ;
#4365 = CARTESIAN_POINT ( 'NONE',  ( -2.931353828439265286, -17.28709174961453598, 72.99497369531648872 ) ) ;
#4366 = DIRECTION ( 'NONE',  ( -6.903152180341686367E-18, -7.033765596924233646E-19, 1.000000000000000000 ) ) ;
#4367 = ORIENTED_EDGE ( 'NONE', *, *, #1847, .F. ) ;
#4368 = B_SPLINE_CURVE_WITH_KNOTS ( 'NONE', 3,
 ( #423, #3142, #2708, #996, #3974, #39, #502, #1338 ),
 .UNSPECIFIED., .F., .F.,
 ( 4, 2, 2, 4 ),
 ( 0.000000000000000000, 0.0003427538822550813859, 0.0006855077645101627717, 0.001371015529020325543 ),
 .UNSPECIFIED. ) ;
#4369 = CARTESIAN_POINT ( 'NONE',  ( 14.96094822447060579, -35.46157482056315757, 72.99495746005345609 ) ) ;
#4370 = AXIS2_PLACEMENT_3D ( 'NONE', #939, #4360, #3948 ) ;
#4371 = LINE ( 'NONE', #466, #1193 ) ;
#4372 = LINE ( 'NONE', #3589, #2763 ) ;
#4373 = ORIENTED_EDGE ( 'NONE', *, *, #1402, .T. ) ;
#4374 = APPLICATION_PROTOCOL_DEFINITION ( 'international standard', 'config_control_design', 1994, #1571 ) ;
#4375 = ORIENTED_EDGE ( 'NONE', *, *, #1096, .F. ) ;
#4376 = EDGE_CURVE ( 'NONE', #294, #3832, #3350, .T. ) ;
#4377 = ORIENTED_EDGE ( 'NONE', *, *, #1515, .F. ) ;
#4378 = CARTESIAN_POINT ( 'NONE',  ( -2.931353828439265730, -17.28709174961453598, 102.1000000000004917 ) ) ;
#4379 = CARTESIAN_POINT ( 'NONE',  ( 0.09283839854599093555, -37.99888507532426729, 72.90423715452051567 ) ) ;
#4380 = VECTOR ( 'NONE', #330, 1000.000000000000114 ) ;
#4381 = CARTESIAN_POINT ( 'NONE',  ( -4.740503024538909038, -20.80691230802138492, 70.09805358344370063 ) ) ;
#4382 = ORIENTED_EDGE ( 'NONE', *, *, #1891, .T. ) ;
#4383 = EDGE_CURVE ( 'NONE', #4339, #2221, #1542, .T. ) ;
#4384 = VECTOR ( 'NONE', #5461, 1000.000000000000000 ) ;
#4385 = DIRECTION ( 'NONE',  ( 0.1013672451882220715, -0.9948490747861964412, 3.745135536382605176E-19 ) ) ;
#4386 = CARTESIAN_POINT ( 'NONE',  ( 25.71371456893344032, -33.85104483129791930, 70.37821527766314489 ) ) ;
#4387 = CARTESIAN_POINT ( 'NONE',  ( 16.66742932347564476, -6.006939597434868716, 67.78000000000051273 ) ) ;
#4388 = CARTESIAN_POINT ( 'NONE',  ( -1.940786421436062614, -18.21229222596060993, 72.56352721053868038 ) ) ;
#4389 = ORIENTED_EDGE ( 'NONE', *, *, #2590, .T. ) ;
#4390 = EDGE_CURVE ( 'NONE', #1554, #3439, #5259, .T. ) ;
#4391 = CARTESIAN_POINT ( 'NONE',  ( 22.77241620235681907, -44.24990598040096046, 70.34382572282584078 ) ) ;
#4392 = CARTESIAN_POINT ( 'NONE',  ( -3.266631562337131811, -35.27195133968730545, 68.99497798108799884 ) ) ;
#4393 = LINE ( 'NONE', #1268, #3777 ) ;
#4394 = EDGE_CURVE ( 'NONE', #5163, #72, #1997, .T. ) ;
#4395 = VERTEX_POINT ( 'NONE', #4378 ) ;
#4396 = AXIS2_PLACEMENT_3D ( 'NONE', #874, #3965, #2617 ) ;
#4397 = CARTESIAN_POINT ( 'NONE',  ( 2.923027004050249733, -44.03717287175711448, 72.99497490008567979 ) ) ;
#4398 = CARTESIAN_POINT ( 'NONE',  ( 24.23602424786754383, -11.20785705559790202, 64.50345282040402140 ) ) ;
#4399 = CARTESIAN_POINT ( 'NONE',  ( -6.028143506410727603, 1.626501356039936397, 150.0500000000004945 ) ) ;
#4400 = ORIENTED_EDGE ( 'NONE', *, *, #2796, .T. ) ;
#4401 = DIRECTION ( 'NONE',  ( -1.000000000000000000, 0.000000000000000000, 0.000000000000000000 ) ) ;
#4402 = AXIS2_PLACEMENT_3D ( 'NONE', #3735, #4539, #4565 ) ;
#4403 = ORIENTED_EDGE ( 'NONE', *, *, #3852, .F. ) ;
#4404 = ORIENTED_EDGE ( 'NONE', *, *, #5095, .T. ) ;
#4405 = CARTESIAN_POINT ( 'NONE',  ( -3.216875469517697539, -35.76027281685156822, 68.99497798552938832 ) ) ;
#4406 = CIRCLE ( 'NONE', #190, 1.550000000000000266 ) ;
#4407 = DIRECTION ( 'NONE',  ( -0.8833807863838659680, 0.4686559358930841301, 0.000000000000000000 ) ) ;
#4408 = DIRECTION ( 'NONE',  ( -1.000000000000000000, 0.000000000000000000, 0.000000000000000000 ) ) ;
#4409 = ORIENTED_EDGE ( 'NONE', *, *, #2521, .T. ) ;
#4410 = ADVANCED_FACE ( 'NONE', ( #3508 ), #1823, .T. ) ;
#4411 = AXIS2_PLACEMENT_3D ( 'NONE', #1454, #1082, #244 ) ;
#4412 = LINE ( 'NONE', #5674, #1534 ) ;
#4413 = CARTESIAN_POINT ( 'NONE',  ( 26.65627441731276548, -33.78016085843891148, 70.33225951564784850 ) ) ;
#4414 = AXIS2_PLACEMENT_3D ( 'NONE', #3225, #676, #211 ) ;
#4415 = DIRECTION ( 'NONE',  ( -6.903152180341683286E-18, -7.033765596924217276E-19, 1.000000000000000000 ) ) ;
#4416 = DIRECTION ( 'NONE',  ( 0.1013672451882219328, -0.9948490747861964412, 0.000000000000000000 ) ) ;
#4417 = ORIENTED_EDGE ( 'NONE', *, *, #3903, .F. ) ;
#4418 = VECTOR ( 'NONE', #3099, 1000.000000000000000 ) ;
#4419 = CARTESIAN_POINT ( 'NONE',  ( 22.68230372588554644, -43.34528991510744333, 72.99494811571813102 ) ) ;
#4420 = CARTESIAN_POINT ( 'NONE',  ( 3.718317227143850712, -45.25917348542187568, 70.90153067940374854 ) ) ;
#4421 = CARTESIAN_POINT ( 'NONE',  ( -2.931353827932543510, -17.28709175458765301, 72.95464163723389106 ) ) ;
#4422 = EDGE_CURVE ( 'NONE', #3881, #4004, #5640, .T. ) ;
#4423 = CARTESIAN_POINT ( 'NONE',  ( 22.23602867346523837, -10.12852140642600496, 67.77994007384941710 ) ) ;
#4424 = AXIS2_PLACEMENT_3D ( 'NONE', #3714, #3306, #5057 ) ;
#4425 = VERTEX_POINT ( 'NONE', #4865 ) ;
#4426 = CARTESIAN_POINT ( 'NONE',  ( 5.061889200311675552, -39.00041026469749994, 72.99497131789784987 ) ) ;
#4427 = DIRECTION ( 'NONE',  ( 0.000000000000000000, -1.000000000000000000, 0.000000000000000000 ) ) ;
#4428 = DIRECTION ( 'NONE',  ( 0.1013672451882220438, -0.9948490747861963301, 3.745344186392141747E-19 ) ) ;
#4429 = ORIENTED_EDGE ( 'NONE', *, *, #876, .F. ) ;
#4430 = CYLINDRICAL_SURFACE ( 'NONE', #2140, 2.000000000000000444 ) ;
#4431 = VERTEX_POINT ( 'NONE', #3888 ) ;
#4432 = AXIS2_PLACEMENT_3D ( 'NONE', #770, #4270, #3831 ) ;
#4433 = VERTEX_POINT ( 'NONE', #932 ) ;
#4434 = CARTESIAN_POINT ( 'NONE',  ( 24.42845861201715962, -11.91548534087292133, 65.77996277159833483 ) ) ;
#4435 = CARTESIAN_POINT ( 'NONE',  ( -5.715427949250789119, -11.23866281371333109, 72.99497866812185976 ) ) ;
#4436 = CARTESIAN_POINT ( 'NONE',  ( 2.543375593453282679, 3.315209227304710904, 110.4500000000004860 ) ) ;
#4437 = ORIENTED_EDGE ( 'NONE', *, *, #4834, .T. ) ;
#4438 = DIRECTION ( 'NONE',  ( 1.000000000000000000, 0.000000000000000000, 0.000000000000000000 ) ) ;
#4439 = CARTESIAN_POINT ( 'NONE',  ( 26.78438502065104032, -35.03747741039965291, 71.61770425370283988 ) ) ;
#4440 = DIRECTION ( 'NONE',  ( -0.000000000000000000, -0.000000000000000000, 1.000000000000000000 ) ) ;
#4441 = CARTESIAN_POINT ( 'NONE',  ( -2.000759859066230995, -18.27938903239538604, 72.23644350736010722 ) ) ;
#4442 = EDGE_LOOP ( 'NONE', ( #891, #4602 ) ) ;
#4443 = CARTESIAN_POINT ( 'NONE',  ( 11.39200611807132901, -10.27852274530374999, 112.4500000000005002 ) ) ;
#4444 = EDGE_CURVE ( 'NONE', #4048, #4673, #2679, .T. ) ;
#4445 = CYLINDRICAL_SURFACE ( 'NONE', #136, 1.999999999999999778 ) ;
#4446 = CARTESIAN_POINT ( 'NONE',  ( -3.145173747709903989, -36.46397309500790129, 69.16656579497535517 ) ) ;
#4447 = CARTESIAN_POINT ( 'NONE',  ( -3.848540100724012536, -20.20536981907412510, 70.25957205754565393 ) ) ;
#4448 = ORIENTED_EDGE ( 'NONE', *, *, #885, .T. ) ;
#4449 = ORIENTED_EDGE ( 'NONE', *, *, #4996, .F. ) ;
#4450 = EDGE_CURVE ( 'NONE', #3531, #3412, #2249, .T. ) ;
#4451 = CYLINDRICAL_SURFACE ( 'NONE', #3899, 2.000000000000000000 ) ;
#4452 = CARTESIAN_POINT ( 'NONE',  ( 22.43875776101717534, -12.11822010650345049, 63.77996548701650426 ) ) ;
#4453 = LINE ( 'NONE', #4020, #2122 ) ;
#4454 = LINE ( 'NONE', #2601, #210 ) ;
#4455 = EDGE_LOOP ( 'NONE', ( #4131, #3059, #5313, #1667 ) ) ;
#4456 = EDGE_LOOP ( 'NONE', ( #3195, #4058, #5221, #2635, #1224, #317, #931 ) ) ;
#4457 = ORIENTED_EDGE ( 'NONE', *, *, #1760, .T. ) ;
#4458 = CARTESIAN_POINT ( 'NONE',  ( 5.176561253938726459, -46.04278430542422740, 70.04077523314632003 ) ) ;
#4459 = LINE ( 'NONE', #3509, #4320 ) ;
#4460 = CARTESIAN_POINT ( 'NONE',  ( -4.666266610729622677, -21.53550589968248374, 68.99497798108802726 ) ) ;
#4461 = CIRCLE ( 'NONE', #983, 2.000000000000000000 ) ;
#4462 = ADVANCED_FACE ( 'NONE', ( #4063 ), #2769, .F. ) ;
#4463 = ORIENTED_EDGE ( 'NONE', *, *, #1188, .F. ) ;
#4464 = CARTESIAN_POINT ( 'NONE',  ( 1.867766938066796056, -45.37474665815660302, 72.99497515744126019 ) ) ;
#4465 = DIRECTION ( 'NONE',  ( -2.043721095135175858E-14, -1.000000000000000000, 0.000000000000000000 ) ) ;
#4466 = DIRECTION ( 'NONE',  ( 0.9948490747861964412, 0.1013672451882219050, 0.000000000000000000 ) ) ;
#4467 = CARTESIAN_POINT ( 'NONE',  ( -3.347763188854116390, -14.74566245723246460, 53.99497526568450922 ) ) ;
#4468 = ORIENTED_EDGE ( 'NONE', *, *, #2425, .T. ) ;
#4469 = VECTOR ( 'NONE', #3033, 1000.000000000000114 ) ;
#4470 = B_SPLINE_CURVE_WITH_KNOTS ( 'NONE', 3,
 ( #1682, #4699, #391, #801, #775, #5641, #2543, #3372, #361, #4275, #2114, #5181, #4354, #829, #420, #3864 ),
 .UNSPECIFIED., .F., .F.,
 ( 4, 2, 2, 2, 2, 2, 2, 4 ),
 ( 0.001739980121708201155, 0.002768038150121978225, 0.003282067164328872182, 0.003796096178535766138, 0.004310125192742660094, 0.004824154206949554484, 0.005338183221156448874, 0.005852212235363342396 ),
 .UNSPECIFIED. ) ;
#4471 = CARTESIAN_POINT ( 'NONE',  ( 21.76075320355391085, -44.35298643134228058, 69.51837071897027442 ) ) ;
#4472 = DIRECTION ( 'NONE',  ( -0.9948490747852797300, -0.1013672451881253572, 1.357708158863008718E-06 ) ) ;
#4473 = CARTESIAN_POINT ( 'NONE',  ( -1.501258507707904588, -11.59224434360636558, 21.41636012479020224 ) ) ;
#4474 = DIRECTION ( 'NONE',  ( 0.000000000000000000, 0.000000000000000000, 1.000000000000000000 ) ) ;
#4475 = ORIENTED_EDGE ( 'NONE', *, *, #3202, .T. ) ;
#4476 = EDGE_LOOP ( 'NONE', ( #4205, #548 ) ) ;
#4477 = EDGE_CURVE ( 'NONE', #3187, #340, #3010, .T. ) ;
#4478 = ORIENTED_EDGE ( 'NONE', *, *, #3606, .T. ) ;
#4479 = DIRECTION ( 'NONE',  ( 1.000000000000000000, 0.000000000000000000, 0.000000000000000000 ) ) ;
#4480 = DIRECTION ( 'NONE',  ( 1.350714706455111253E-06, 1.376271359130508594E-07, 0.9999999999990782928 ) ) ;
#4481 = CARTESIAN_POINT ( 'NONE',  ( 7.171559559592731503, 20.61946948158783854, 112.3500000000004917 ) ) ;
#4482 = FACE_BOUND ( 'NONE', #2929, .T. ) ;
#4483 = CARTESIAN_POINT ( 'NONE',  ( -1.969721351548541888, -36.48788687731239122, 70.27925343034875993 ) ) ;
#4484 = ORIENTED_EDGE ( 'NONE', *, *, #3790, .T. ) ;
#4485 = ORIENTED_EDGE ( 'NONE', *, *, #4917, .T. ) ;
#4486 = VECTOR ( 'NONE', #1185, 1000.000000000000114 ) ;
#4487 = ORIENTED_EDGE ( 'NONE', *, *, #3307, .F. ) ;
#4488 = CARTESIAN_POINT ( 'NONE',  ( 3.196181448673097059, -46.24456933028118044, 71.62645710018436773 ) ) ;
#4489 = DIRECTION ( 'NONE',  ( -1.350714706455111253E-06, -1.376271359130508594E-07, -0.9999999999990782928 ) ) ;
#4490 = AXIS2_PLACEMENT_3D ( 'NONE', #2926, #3380, #4307 ) ;
#4491 = ADVANCED_FACE ( 'NONE', ( #5376 ), #159, .F. ) ;
#4492 = DIRECTION ( 'NONE',  ( -1.350714706455111253E-06, -1.376271359130508594E-07, -0.9999999999990782928 ) ) ;
#4493 = ORIENTED_EDGE ( 'NONE', *, *, #3144, .T. ) ;
#4494 = VECTOR ( 'NONE', #4788, 1000.000000000000000 ) ;
#4495 = ADVANCED_FACE ( 'NONE', ( #4553 ), #2424, .T. ) ;
#4496 = EDGE_CURVE ( 'NONE', #4098, #100, #2913, .T. ) ;
#4497 = EDGE_CURVE ( 'NONE', #3217, #928, #243, .T. ) ;
#4498 = CARTESIAN_POINT ( 'NONE',  ( 22.48977222997884340, -39.35333495006860005, 65.41994375323946542 ) ) ;
#4499 = LINE ( 'NONE', #599, #3028 ) ;
#4500 = CARTESIAN_POINT ( 'NONE',  ( 9.476704907063437489, -2.003930334799755020, 108.4500000000004860 ) ) ;
#4501 = CARTESIAN_POINT ( 'NONE',  ( 22.68230372589182764, -43.34528991510622120, 72.99494811571814523 ) ) ;
#4502 = AXIS2_PLACEMENT_3D ( 'NONE', #160, #1910, #1055 ) ;
#4503 = EDGE_LOOP ( 'NONE', ( #58, #1597 ) ) ;
#4504 = AXIS2_PLACEMENT_3D ( 'NONE', #266, #2047, #2016 ) ;
#4505 = CARTESIAN_POINT ( 'NONE',  ( 23.88554605396815944, -15.55567726304559706, 72.79571272148196215 ) ) ;
#4506 = CARTESIAN_POINT ( 'NONE',  ( 24.23600762626823268, -10.12852355096857870, 52.19767186281061555 ) ) ;
#4507 = CYLINDRICAL_SURFACE ( 'NONE', #5409, 1.000000000000000888 ) ;
#4508 = CARTESIAN_POINT ( 'NONE',  ( -4.376713611331888742, -20.08253957878388363, 70.16016033220411430 ) ) ;
#4509 = ORIENTED_EDGE ( 'NONE', *, *, #105, .T. ) ;
#4510 = ORIENTED_EDGE ( 'NONE', *, *, #3057, .F. ) ;
#4511 = ORIENTED_EDGE ( 'NONE', *, *, #2212, .T. ) ;
#4512 = VERTEX_POINT ( 'NONE', #4690 ) ;
#4513 = CARTESIAN_POINT ( 'NONE',  ( 8.935349625867793577, 3.309095580308017759, 156.7000000000005002 ) ) ;
#4514 = DIRECTION ( 'NONE',  ( -6.903152180341683286E-18, -7.033765596924226906E-19, 1.000000000000000000 ) ) ;
#4515 = CIRCLE ( 'NONE', #3320, 2.000000000000001332 ) ;
#4516 = FACE_OUTER_BOUND ( 'NONE', #1036, .T. ) ;
#4517 = DIRECTION ( 'NONE',  ( -0.1013672451882219744, 0.9948490747861963301, 0.000000000000000000 ) ) ;
#4518 = DIRECTION ( 'NONE',  ( -0.1013672451882220577, 0.9948490747861963301, -3.745209115844092343E-19 ) ) ;
#4519 = VERTEX_POINT ( 'NONE', #5144 ) ;
#4520 = EDGE_LOOP ( 'NONE', ( #2245, #1609, #3108, #738 ) ) ;
#4521 = CARTESIAN_POINT ( 'NONE',  ( -3.326648809454107347, -17.98839025565353822, 71.24702855451690198 ) ) ;
#4522 = CARTESIAN_POINT ( 'NONE',  ( 0.05182856204804793532, -46.56495399776029842, 21.41636012479020224 ) ) ;
#4523 = EDGE_CURVE ( 'NONE', #2843, #2814, #1644, .T. ) ;
#4524 = CARTESIAN_POINT ( 'NONE',  ( -4.635144689299750098, 2.328440675662676096, 153.0500000000004945 ) ) ;
#4525 = ADVANCED_BREP_SHAPE_REPRESENTATION ( 'gello_teleop_flexiv_l3_v2', ( #2038, #397 ), #3698 ) ;
#4526 = AXIS2_PLACEMENT_3D ( 'NONE', #5015, #3665, #2343 ) ;
#4527 = CARTESIAN_POINT ( 'NONE',  ( 9.389703703201075058, -1.150073973141289008, 112.3500000000004917 ) ) ;
#4528 = ORIENTED_EDGE ( 'NONE', *, *, #4477, .T. ) ;
#4529 = ADVANCED_FACE ( 'NONE', ( #5523 ), #4208, .F. ) ;
#4530 = CARTESIAN_POINT ( 'NONE',  ( 37.59890651454199428, -41.73402639404865511, 68.99492367276162952 ) ) ;
#4531 = DIRECTION ( 'NONE',  ( 0.000000000000000000, 0.9999999999999924505, 1.233052271398804843E-07 ) ) ;
#4532 = FACE_OUTER_BOUND ( 'NONE', #3193, .T. ) ;
#4533 = DIRECTION ( 'NONE',  ( 1.350714706455073137E-06, 1.376271359134233422E-07, 0.9999999999990782928 ) ) ;
#4534 = ORIENTED_EDGE ( 'NONE', *, *, #4040, .F. ) ;
#4535 = APPROVAL ( #125, '未' ) ;
#4536 = LINE ( 'NONE', #1005, #157 ) ;
#4537 = VECTOR ( 'NONE', #3643, 1000.000000000000114 ) ;
#4538 = CARTESIAN_POINT ( 'NONE',  ( 25.91500274297062134, -36.37021408646316445, 41.71066611099396937 ) ) ;
#4539 = DIRECTION ( 'NONE',  ( 0.9948490747852793969, 0.1013672451881291181, -1.357708160238206942E-06 ) ) ;
#4540 = CARTESIAN_POINT ( 'NONE',  ( -3.167116601329282854, -17.71536232231298769, 71.60364889883703654 ) ) ;
#4541 = ORIENTED_EDGE ( 'NONE', *, *, #456, .T. ) ;
#4542 = EDGE_CURVE ( 'NONE', #4350, #294, #2882, .T. ) ;
#4543 = ORIENTED_EDGE ( 'NONE', *, *, #4998, .F. ) ;
#4544 = VECTOR ( 'NONE', #225, 1000.000000000000114 ) ;
#4545 = ORIENTED_EDGE ( 'NONE', *, *, #254, .F. ) ;
#4546 = CARTESIAN_POINT ( 'NONE',  ( 16.82605136600795603, -7.563704723693869703, 65.69314762838465072 ) ) ;
#4547 = CARTESIAN_POINT ( 'NONE',  ( -1.149908884178106439, -46.41035425025519601, 70.48493821818654226 ) ) ;
#4548 = CARTESIAN_POINT ( 'NONE',  ( 23.35725137864555023, -44.19031590567301748, 71.21512197187553284 ) ) ;
#4549 = ORIENTED_EDGE ( 'NONE', *, *, #2045, .F. ) ;
#4550 = ORIENTED_EDGE ( 'NONE', *, *, #3200, .F. ) ;
#4551 =( BOUNDED_SURFACE ( )  B_SPLINE_SURFACE ( 3, 2, ( 
 ( #1235, #807, #5476 ),
 ( #2036, #369, #2121 ),
 ( #2498, #3298, #4197 ),
 ( #2005, #3327, #5079 ),
 ( #1151, #2897, #2468 ),
 ( #5535, #4439, #2686 ),
 ( #506, #17, #3437 ),
 ( #2229, #427, #5188 ),
 ( #5649, #1741, #1769 ),
 ( #5624, #2607, #4873 ),
 ( #4361, #1716, #940 ),
 ( #3091, #4413, #4386 ),
 ( #2175, #3924, #3514 ),
 ( #5211, #1287, #2656 ),
 ( #5675, #911, #866 ),
 ( #481, #3900, #3463 ),
 ( #3977, #4846, #3013 ),
 ( #453, #402, #3489 ) ),
 .UNSPECIFIED., .F., .F., .F. ) 
 B_SPLINE_SURFACE_WITH_KNOTS ( ( 4, 2, 2, 2, 2, 2, 2, 2, 4 ),
 ( 3, 3 ),
 ( 0.01294291272239032724, 0.01373189900012747322, 0.01452088527786461747, 0.01530987155560176345, 0.01609885783333890943, 0.01688784411107605715, 0.01767683038881320140, 0.01846581666655034565, 0.01925480294428749337 ),
 ( 0.000000000000000000, 1.000000000000000000 ),
 .UNSPECIFIED. ) 
 GEOMETRIC_REPRESENTATION_ITEM ( )  RATIONAL_B_SPLINE_SURFACE ( (
 ( 1.000000000000000000, 0.7385489458759976200, 1.000000000000000000),
 ( 1.000000000000000000, 0.7385481332417351830, 1.000000000000000000),
 ( 1.000000000000000000, 0.7384204829644706036, 1.000000000000000000),
 ( 1.000000000000000000, 0.7379058798897503157, 1.000000000000000000),
 ( 1.000000000000000000, 0.7375132112489138914, 1.000000000000000000),
 ( 1.000000000000000000, 0.7364515567964594611, 1.000000000000000000),
 ( 1.000000000000000000, 0.7357876089883084170, 1.000000000000000000),
 ( 1.000000000000000000, 0.7341353039615330367, 1.000000000000000000),
 ( 1.000000000000000000, 0.7331389231623171021, 1.000000000000000000),
 ( 1.000000000000000000, 0.7308145262164680300, 1.000000000000000000),
 ( 1.000000000000000000, 0.7294800215561183521, 1.000000000000000000),
 ( 1.000000000000000000, 0.7263314844278083715, 1.000000000000000000),
 ( 1.000000000000000000, 0.7245495532594193877, 1.000000000000000000),
 ( 1.000000000000000000, 0.7204821075291522048, 1.000000000000000000),
 ( 1.000000000000000000, 0.7181646937780234996, 1.000000000000000000),
 ( 1.000000000000000000, 0.7128902982046319003, 1.000000000000000000),
 ( 1.000000000000000000, 0.7099638779254466847, 1.000000000000000000),
 ( 1.000000000000000000, 0.7066330249982440970, 1.000000000000000000) ) ) 
 REPRESENTATION_ITEM ( '' )  SURFACE ( )  );
#4552 = DIRECTION ( 'NONE',  ( -0.1013672451882220715, 0.9948490747861964412, -3.745135536382605176E-19 ) ) ;
#4553 = FACE_OUTER_BOUND ( 'NONE', #4825, .T. ) ;
#4554 = PLANE ( 'NONE',  #2756 ) ;
#4555 = DIRECTION ( 'NONE',  ( 0.1013672451882220577, -0.9948490747861964412, 5.293955920334497054E-23 ) ) ;
#4556 = ORIENTED_EDGE ( 'NONE', *, *, #4704, .T. ) ;
#4557 = EDGE_CURVE ( 'NONE', #4570, #2814, #215, .T. ) ;
#4558 = FACE_OUTER_BOUND ( 'NONE', #2264, .T. ) ;
#4559 = CARTESIAN_POINT ( 'NONE',  ( -0.6152014920796888831, 2.335970026501086760, 153.0500000000004945 ) ) ;
#4560 = CARTESIAN_POINT ( 'NONE',  ( 25.90449606471164756, -35.37026928313051855, 113.3500000000004917 ) ) ;
#4561 = CARTESIAN_POINT ( 'NONE',  ( -3.367307121094566646, -9.621248096668004735, 49.99497458682063922 ) ) ;
#4562 = ORIENTED_EDGE ( 'NONE', *, *, #5332, .T. ) ;
#4563 = CARTESIAN_POINT ( 'NONE',  ( 23.94601601287756054, -16.30462475745634521, 71.00515099885519987 ) ) ;
#4564 = CARTESIAN_POINT ( 'NONE',  ( -1.665363664782587572, -4.522463317959137363, 61.66997158626019626 ) ) ;
#4565 = DIRECTION ( 'NONE',  ( -0.1013672451882218634, 0.9948490747861964412, 0.000000000000000000 ) ) ;
#4566 = CARTESIAN_POINT ( 'NONE',  ( -3.735168450049759059, -18.72868730165948392, 70.68352141912181708 ) ) ;
#4567 = EDGE_CURVE ( 'NONE', #582, #2593, #1968, .T. ) ;
#4568 = ORIENTED_EDGE ( 'NONE', *, *, #575, .F. ) ;
#4569 = VERTEX_POINT ( 'NONE', #3722 ) ;
#4570 = VERTEX_POINT ( 'NONE', #2938 ) ;
#4571 = EDGE_LOOP ( 'NONE', ( #669, #535, #1526, #1959 ) ) ;
#4572 = PLANE ( 'NONE',  #4157 ) ;
#4573 = CARTESIAN_POINT ( 'NONE',  ( -1.021734644887406285, -46.46312735027004237, 70.58217554641272784 ) ) ;
#4574 = DIRECTION ( 'NONE',  ( -6.903152180341686367E-18, -7.033765596924231720E-19, 1.000000000000000000 ) ) ;
#4575 = DESIGN_CONTEXT ( 'detailed design', #291, 'design' ) ;
#4576 = ORIENTED_EDGE ( 'NONE', *, *, #5095, .F. ) ;
#4577 = ORIENTED_EDGE ( 'NONE', *, *, #1058, .T. ) ;
#4578 = CARTESIAN_POINT ( 'NONE',  ( 4.438069161732136614, -46.11803080348786210, 70.34306647126834378 ) ) ;
#4579 = CARTESIAN_POINT ( 'NONE',  ( -0.8072588409221244099, -38.13360808894738341, 102.1000000000004633 ) ) ;
#4580 = LINE ( 'NONE', #596, #2683 ) ;
#4581 = CIRCLE ( 'NONE', #5129, 4.000000000000000000 ) ;
#4582 = ORIENTED_EDGE ( 'NONE', *, *, #4998, .T. ) ;
#4583 =( BOUNDED_SURFACE ( )  B_SPLINE_SURFACE ( 3, 2, ( 
 ( #1733, #1706, #1276 ),
 ( #3032, #1251, #5122 ),
 ( #359, #1225, #3862 ),
 ( #4785, #4351, #3002 ),
 ( #856, #2976, #334 ),
 ( #799, #1195, #2111 ),
 ( #5613, #4755, #418 ),
 ( #2917, #2084, #3399 ),
 ( #2596, #5233, #827 ),
 ( #4326, #2166, #740 ),
 ( #773, #3914, #2056 ),
 ( #3807, #5555, #1623 ),
 ( #4697, #2515, #5580 ),
 ( #1650, #3809, #2086 ),
 ( #3455, #5205, #4669 ),
 ( #1278, #4757, #3402 ),
 ( #4729, #308, #3834 ),
 ( #1708, #5153, #1171 ) ),
 .UNSPECIFIED., .F., .F., .T. ) 
 B_SPLINE_SURFACE_WITH_KNOTS ( ( 4, 2, 2, 2, 2, 2, 2, 2, 4 ),
 ( 3, 3 ),
 ( 0.01294291272239032377, 0.01373189900012746975, 0.01452088527786461400, 0.01530987155560175825, 0.01609885783333890250, 0.01688784411107605021, 0.01767683038881319446, 0.01846581666655033871, 0.01925480294428748296 ),
 ( 0.000000000000000000, 1.000000000000000000 ),
 .UNSPECIFIED. ) 
 GEOMETRIC_REPRESENTATION_ITEM ( )  RATIONAL_B_SPLINE_SURFACE ( (
 ( 1.000000000000000000, 0.7385489458759951775, 1.000000000000000000),
 ( 1.000000000000000000, 0.7385481332414860489, 1.000000000000000000),
 ( 1.000000000000000000, 0.7384204829648065571, 1.000000000000000000),
 ( 1.000000000000000000, 0.7379058798894141402, 1.000000000000000000),
 ( 1.000000000000000000, 0.7375132112488113068, 1.000000000000000000),
 ( 1.000000000000000000, 0.7364515567965624898, 1.000000000000000000),
 ( 1.000000000000000000, 0.7357876089880875936, 1.000000000000000000),
 ( 1.000000000000000000, 0.7341353039617520837, 1.000000000000000000),
 ( 1.000000000000000000, 0.7331389231622003066, 1.000000000000000000),
 ( 1.000000000000000000, 0.7308145262165850475, 1.000000000000000000),
 ( 1.000000000000000000, 0.7294800215563105317, 1.000000000000000000),
 ( 1.000000000000000000, 0.7263314844276165250, 1.000000000000000000),
 ( 1.000000000000000000, 0.7245495532592739485, 1.000000000000000000),
 ( 1.000000000000000000, 0.7204821075292989763, 1.000000000000000000),
 ( 1.000000000000000000, 0.7181646937780827855, 1.000000000000000000),
 ( 1.000000000000000000, 0.7128902982045732806, 1.000000000000000000),
 ( 1.000000000000000000, 0.7099638779254913157, 1.000000000000000000),
 ( 1.000000000000000000, 0.7066330249982440970, 1.000000000000000000) ) ) 
 REPRESENTATION_ITEM ( '' )  SURFACE ( )  );
#4584 = CARTESIAN_POINT ( 'NONE',  ( 0.09295198939667403959, -38.00026129225146576, 101.3119653137027285 ) ) ;
#4585 = AXIS2_PLACEMENT_3D ( 'NONE', #1067, #4594, #1890 ) ;
#4586 = FACE_OUTER_BOUND ( 'NONE', #290, .T. ) ;
#4587 = DIRECTION ( 'NONE',  ( -0.9999999999990877297, 9.288357914640149922E-14, 1.350714706455111253E-06 ) ) ;
#4588 = EDGE_CURVE ( 'NONE', #340, #1679, #1537, .T. ) ;
#4589 = CARTESIAN_POINT ( 'NONE',  ( -5.673287335198498482, -11.65228384036356424, 69.99497798108711777 ) ) ;
#4590 = ORIENTED_EDGE ( 'NONE', *, *, #2008, .F. ) ;
#4591 = CIRCLE ( 'NONE', #2659, 4.000000000000000000 ) ;
#4592 = CARTESIAN_POINT ( 'NONE',  ( -5.715432001392827921, -11.23866322659761252, 69.99497798108710356 ) ) ;
#4593 = CARTESIAN_POINT ( 'NONE',  ( -10.13223936536916980, 20.76417451680400106, 156.7000000000005002 ) ) ;
#4594 = DIRECTION ( 'NONE',  ( -6.903152180341684056E-18, -7.033765596924220165E-19, 1.000000000000000000 ) ) ;
#4595 = CIRCLE ( 'NONE', #5050, 1.000000000000000222 ) ;
#4596 = ADVANCED_FACE ( 'NONE', ( #2078 ), #4720, .F. ) ;
#4597 = DIRECTION ( 'NONE',  ( 1.350714706455073349E-06, 1.376271359134233686E-07, 0.9999999999990782928 ) ) ;
#4598 = ORIENTED_EDGE ( 'NONE', *, *, #2558, .F. ) ;
#4599 = EDGE_LOOP ( 'NONE', ( #2069, #988, #4094, #2002 ) ) ;
#4600 = ORIENTED_EDGE ( 'NONE', *, *, #2733, .T. ) ;
#4601 = VECTOR ( 'NONE', #5009, 1000.000000000000000 ) ;
#4602 = ORIENTED_EDGE ( 'NONE', *, *, #5114, .F. ) ;
#4603 = DIRECTION ( 'NONE',  ( -0.000000000000000000, 0.000000000000000000, -1.000000000000000000 ) ) ;
#4604 = EDGE_CURVE ( 'NONE', #771, #4862, #2180, .T. ) ;
#4605 = CARTESIAN_POINT ( 'NONE',  ( 9.476704907063437489, -2.003930334799755020, 108.4500000000004860 ) ) ;
#4606 = CARTESIAN_POINT ( 'NONE',  ( 21.04653332476721062, -44.42575978300552464, 69.19703044858803764 ) ) ;
#4607 = EDGE_CURVE ( 'NONE', #2595, #3759, #2853, .T. ) ;
#4608 = CIRCLE ( 'NONE', #1029, 3.000000000000000444 ) ;
#4609 = ORIENTED_EDGE ( 'NONE', *, *, #3903, .T. ) ;
#4610 = PERSON_AND_ORGANIZATION ( #3704, #2594 ) ;
#4611 = CARTESIAN_POINT ( 'NONE',  ( 22.60153613523374005, -43.35199985386090304, 72.20064090128066425 ) ) ;
#4612 = LINE ( 'NONE', #681, #3650 ) ;
#4613 = CARTESIAN_POINT ( 'NONE',  ( -0.6152014920796888831, 2.335970026501086760, 150.0500000000004945 ) ) ;
#4614 = CARTESIAN_POINT ( 'NONE',  ( -2.914950281563576162, -37.54270515343436188, 53.27148793229697787 ) ) ;
#4615 = ORIENTED_EDGE ( 'NONE', *, *, #4023, .T. ) ;
#4616 = LINE ( 'NONE', #800, #437 ) ;
#4617 = DIRECTION ( 'NONE',  ( 0.9948490747852793969, 0.1013672451881286046, -1.357708159647627407E-06 ) ) ;
#4618 = CARTESIAN_POINT ( 'NONE',  ( -10.33497385574561456, 22.75387266637639527, 156.7000000000005002 ) ) ;
#4619 = CARTESIAN_POINT ( 'NONE',  ( 23.88554599992087191, -15.55567729863801851, 113.3500000000004917 ) ) ;
#4620 = ORIENTED_EDGE ( 'NONE', *, *, #3095, .T. ) ;
#4621 = DIRECTION ( 'NONE',  ( 0.1013672451882220438, -0.9948490747861963301, 3.745344186392141747E-19 ) ) ;
#4622 = CARTESIAN_POINT ( 'NONE',  ( -4.635144689299750098, 2.328440675662673431, 150.0500000000004945 ) ) ;
#4623 = CARTESIAN_POINT ( 'NONE',  ( -3.367307121094545330, -9.621248096667995853, 67.78000000000054115 ) ) ;
#4624 = FACE_OUTER_BOUND ( 'NONE', #787, .T. ) ;
#4625 = ORIENTED_EDGE ( 'NONE', *, *, #3444, .F. ) ;
#4626 = EDGE_LOOP ( 'NONE', ( #4285, #4321, #1568, #2652 ) ) ;
#4627 = EDGE_CURVE ( 'NONE', #1677, #633, #302, .T. ) ;
#4628 = ORIENTED_EDGE ( 'NONE', *, *, #2433, .T. ) ;
#4629 = CARTESIAN_POINT ( 'NONE',  ( 23.84283699026526193, -7.709107490124741169, 69.99493757053581078 ) ) ;
#4630 = CARTESIAN_POINT ( 'NONE',  ( 3.139957725405145617, -41.32492786897770998, 65.41997016066315496 ) ) ;
#4631 = DIRECTION ( 'NONE',  ( -0.9999999999990877297, 9.288357914640149922E-14, 1.350714706455111253E-06 ) ) ;
#4632 = ORIENTED_EDGE ( 'NONE', *, *, #1451, .T. ) ;
#4633 = EDGE_CURVE ( 'NONE', #2221, #1044, #4612, .T. ) ;
#4634 = CIRCLE ( 'NONE', #5546, 4.000000000000000000 ) ;
#4635 = ORIENTED_EDGE ( 'NONE', *, *, #5609, .F. ) ;
#4636 = CARTESIAN_POINT ( 'NONE',  ( 9.471239131592426475, -1.999737079116897576, 112.4500000000005002 ) ) ;
#4637 = DIRECTION ( 'NONE',  ( 6.903152180341686367E-18, 7.033765596924231720E-19, -1.000000000000000000 ) ) ;
#4638 = CARTESIAN_POINT ( 'NONE',  ( 9.198078063997435549, 0.7305985213422067082, 111.3452697851303839 ) ) ;
#4639 = EDGE_CURVE ( 'NONE', #2768, #5149, #818, .T. ) ;
#4640 = ORIENTED_EDGE ( 'NONE', *, *, #87, .T. ) ;
#4641 = CARTESIAN_POINT ( 'NONE',  ( -1.117683794713226986, -36.63234210252881695, 53.99497526568450922 ) ) ;
#4642 = EDGE_CURVE ( 'NONE', #5684, #1803, #5490, .T. ) ;
#4643 = EDGE_CURVE ( 'NONE', #2695, #704, #5061, .T. ) ;
#4644 = CARTESIAN_POINT ( 'NONE',  ( 23.23592208804795689, -10.07689906267588142, 72.99493871617984553 ) ) ;
#4645 = DIRECTION ( 'NONE',  ( 0.000000000000000000, 0.000000000000000000, 1.000000000000000000 ) ) ;
#4646 = CARTESIAN_POINT ( 'NONE',  ( -3.259889168843340901, -13.15240714750875206, 70.53342545214094628 ) ) ;
#4647 = ORIENTED_EDGE ( 'NONE', *, *, #5638, .T. ) ;
#4648 = AXIS2_PLACEMENT_3D ( 'NONE', #1550, #2836, #198 ) ;
#4649 = CARTESIAN_POINT ( 'NONE',  ( 5.974637798303090719, -45.96146662337293520, 68.99496696993696787 ) ) ;
#4650 = DIRECTION ( 'NONE',  ( 0.1013672451882223491, -0.9948490747861964412, 0.000000000000000000 ) ) ;
#4651 = CARTESIAN_POINT ( 'NONE',  ( -2.850334170634634123, -14.69497837807761265, 53.99497458682431983 ) ) ;
#4652 = DIRECTION ( 'NONE',  ( 1.350714706458008106E-06, 1.376271358846230308E-07, 0.9999999999990782928 ) ) ;
#4653 = ORIENTED_EDGE ( 'NONE', *, *, #5536, .T. ) ;
#4654 = VERTEX_POINT ( 'NONE', #3984 ) ;
#4655 = ORIENTED_EDGE ( 'NONE', *, *, #326, .T. ) ;
#4656 = CARTESIAN_POINT ( 'NONE',  ( -7.578143506410728314, 1.626501356039936175, 156.7000000000005002 ) ) ;
#4657 = CARTESIAN_POINT ( 'NONE',  ( -3.709968914734854906, -6.751516677735263983, 150.0500000000004945 ) ) ;
#4658 = DIRECTION ( 'NONE',  ( 0.1013672451882244169, -0.9948490747861961081, 2.937961964700224730E-15 ) ) ;
#4659 = ORIENTED_EDGE ( 'NONE', *, *, #2039, .T. ) ;
#4660 = EDGE_CURVE ( 'NONE', #115, #5175, #48, .T. ) ;
#4661 = VECTOR ( 'NONE', #2970, 1000.000000000000000 ) ;
#4662 = CARTESIAN_POINT ( 'NONE',  ( -11.87744850200261659, 18.35433765478687107, 112.5780742715011371 ) ) ;
#4663 = CARTESIAN_POINT ( 'NONE',  ( 0.09436922423786545111, -4.627973497002288994, 156.7000000000005002 ) ) ;
#4664 = DIRECTION ( 'NONE',  ( -0.9948490747852795080, -0.1013672451881285769, 1.357708158863012953E-06 ) ) ;
#4665 = CARTESIAN_POINT ( 'NONE',  ( 19.22239490473489454, -9.480668115718437150, 108.4500000000004860 ) ) ;
#4666 = ORIENTED_EDGE ( 'NONE', *, *, #684, .F. ) ;
#4667 = DIRECTION ( 'NONE',  ( 6.903152180341684826E-18, 7.033765596924220165E-19, -1.000000000000000000 ) ) ;
#4668 = ADVANCED_FACE ( 'NONE', ( #3958 ), #4445, .T. ) ;
#4669 = CARTESIAN_POINT ( 'NONE',  ( 24.99479921437415442, -17.47393624560351455, 69.11314426754222495 ) ) ;
#4670 = CARTESIAN_POINT ( 'NONE',  ( 5.181861410020319525, 20.41673499121138846, 113.3500000000004917 ) ) ;
#4671 = DIRECTION ( 'NONE',  ( 0.000000000000000000, 0.000000000000000000, 1.000000000000000000 ) ) ;
#4672 = CARTESIAN_POINT ( 'NONE',  ( 3.531445594567428792, -46.21040856786965634, 69.81229350578013282 ) ) ;
#4673 = VERTEX_POINT ( 'NONE', #2104 ) ;
#4674 = EDGE_CURVE ( 'NONE', #2695, #4570, #974, .T. ) ;
#4675 = AXIS2_PLACEMENT_3D ( 'NONE', #3073, #4827, #24 ) ;
#4676 = FACE_OUTER_BOUND ( 'NONE', #2313, .T. ) ;
#4677 = DIRECTION ( 'NONE',  ( -0.1013672451882220438, 0.9948490747861963301, -1.058791184066899293E-22 ) ) ;
#4678 = CARTESIAN_POINT ( 'NONE',  ( 26.77192370887322426, -34.91517829425003328, 69.99493735846893117 ) ) ;
#4679 = AXIS2_PLACEMENT_3D ( 'NONE', #192, #3145, #2347 ) ;
#4680 = ORIENTED_EDGE ( 'NONE', *, *, #3373, .T. ) ;
#4681 = VERTEX_POINT ( 'NONE', #2290 ) ;
#4682 = ORIENTED_EDGE ( 'NONE', *, *, #2433, .F. ) ;
#4683 = AXIS2_PLACEMENT_3D ( 'NONE', #4190, #3403, #2948 ) ;
#4684 = CARTESIAN_POINT ( 'NONE',  ( 19.85831598568555023, -43.55106737450640964, 69.99494788531325185 ) ) ;
#4685 = CARTESIAN_POINT ( 'NONE',  ( 25.50687451306640696, -32.36470571076868907, 69.99493871617524121 ) ) ;
#4686 = DIRECTION ( 'NONE',  ( -0.9948490747861963301, -0.1013672451882221409, 0.000000000000000000 ) ) ;
#4687 = EDGE_LOOP ( 'NONE', ( #2564, #4158, #872, #2857 ) ) ;
#4688 = AXIS2_PLACEMENT_3D ( 'NONE', #2736, #1817, #4928 ) ;
#4689 = CARTESIAN_POINT ( 'NONE',  ( -1.168664163360300989, -9.397223784411483649, 61.66997158626019626 ) ) ;
#4690 = CARTESIAN_POINT ( 'NONE',  ( -2.850334170634633679, -14.69497837807761798, 63.77999999999675396 ) ) ;
#4691 = VECTOR ( 'NONE', #522, 1000.000000000000000 ) ;
#4692 = DIRECTION ( 'NONE',  ( -0.1013672451882220993, 0.9948490747861964412, -3.744549254513903142E-19 ) ) ;
#4693 = CARTESIAN_POINT ( 'NONE',  ( 7.181861410020324854, 20.41673499121139201, 112.4931697339984424 ) ) ;
#4694 = ORIENTED_EDGE ( 'NONE', *, *, #937, .T. ) ;
#4695 = AXIS2_PLACEMENT_3D ( 'NONE', #4874, #44, #1742 ) ;
#4696 = EDGE_CURVE ( 'NONE', #3927, #36, #3547, .T. ) ;
#4697 = CARTESIAN_POINT ( 'NONE',  ( 24.01792383351287796, -17.25907978994711911, 70.28654411822144255 ) ) ;
#4698 = FACE_BOUND ( 'NONE', #2914, .T. ) ;
#4699 = CARTESIAN_POINT ( 'NONE',  ( -1.847066910091908598, -36.58627152810393568, 70.33081380112923853 ) ) ;
#4700 = LINE ( 'NONE', #4276, #371 ) ;
#4701 = VECTOR ( 'NONE', #1828, 1000.000000000000000 ) ;
#4702 = CARTESIAN_POINT ( 'NONE',  ( 27.46947866905891544, -41.76095730920807370, 67.77993735843310219 ) ) ;
#4703 = VERTEX_POINT ( 'NONE', #3579 ) ;
#4704 = EDGE_CURVE ( 'NONE', #2568, #515, #5174, .T. ) ;
#4705 = CIRCLE ( 'NONE', #3141, 3.000000000000000444 ) ;
#4706 = CARTESIAN_POINT ( 'NONE',  ( 0.09295198939667403959, -38.00026129225146576, 101.3119653137027285 ) ) ;
#4707 = CARTESIAN_POINT ( 'NONE',  ( -9.737110036353406883, 16.88625471477802620, 149.2000000000005002 ) ) ;
#4708 = DIRECTION ( 'NONE',  ( -0.1013672451882220577, 0.9948490747861964412, -7.940933880501745875E-23 ) ) ;
#4709 = APPROVAL ( #5227, '未' ) ;
#4710 = ORIENTED_EDGE ( 'NONE', *, *, #4523, .F. ) ;
#4711 = AXIS2_PLACEMENT_3D ( 'NONE', #4988, #1879, #1939 ) ;
#4712 = ORIENTED_EDGE ( 'NONE', *, *, #3884, .T. ) ;
#4713 = ORIENTED_EDGE ( 'NONE', *, *, #2212, .F. ) ;
#4714 = PLANE ( 'NONE',  #4335 ) ;
#4715 = CARTESIAN_POINT ( 'NONE',  ( 4.989466571381014681, 22.30495664366497621, 156.7000000000005002 ) ) ;
#4716 = CARTESIAN_POINT ( 'NONE',  ( -2.229535410086771030, -18.18885865291538195, 101.5740080015980311 ) ) ;
#4717 = ADVANCED_FACE ( 'NONE', ( #2664 ), #3609, .F. ) ;
#4718 = ORIENTED_EDGE ( 'NONE', *, *, #3322, .T. ) ;
#4719 = DIRECTION ( 'NONE',  ( 0.9948490747852793969, 0.1013672451881286879, -1.357708159647627619E-06 ) ) ;
#4720 = PLANE ( 'NONE',  #1455 ) ;
#4721 = CARTESIAN_POINT ( 'NONE',  ( 16.82605136600793116, -7.563704723693867926, 49.90849687428421078 ) ) ;
#4722 = AXIS2_PLACEMENT_3D ( 'NONE', #2718, #5329, #112 ) ;
#4723 = DIRECTION ( 'NONE',  ( 1.000000000000000000, 0.000000000000000000, 0.000000000000000000 ) ) ;
#4724 = ORIENTED_EDGE ( 'NONE', *, *, #3572, .F. ) ;
#4725 = B_SPLINE_CURVE_WITH_KNOTS ( 'NONE', 3,
 ( #1888, #3642, #227, #5386 ),
 .UNSPECIFIED., .F., .F.,
 ( 4, 4 ),
 ( 0.000000000000000000, 0.0001209961742478137876 ),
 .UNSPECIFIED. ) ;
#4726 = AXIS2_PLACEMENT_3D ( 'NONE', #2324, #1464, #3212 ) ;
#4727 = DIRECTION ( 'NONE',  ( 6.903152180341683286E-18, 7.033765596924217276E-19, -1.000000000000000000 ) ) ;
#4728 = CARTESIAN_POINT ( 'NONE',  ( 2.886541927406526042, -45.36195828585645984, 72.60796841949503744 ) ) ;
#4729 = CARTESIAN_POINT ( 'NONE',  ( 24.09302938638619906, -18.40910096659949247, 69.99324220744595948 ) ) ;
#4730 = B_SPLINE_CURVE_WITH_KNOTS ( 'NONE', 3,
 ( #4977, #3308, #2364, #1503, #2792, #4573, #4547, #644, #617, #5457, #1531, #2847, #2421, #236 ),
 .UNSPECIFIED., .F., .F.,
 ( 4, 2, 2, 2, 2, 2, 4 ),
 ( 2.710505431213761085E-20, 0.0009840693763390351984, 0.001476104064508569711, 0.001968138752678104224, 0.002460173440847638303, 0.002952208129017172382, 0.003936277505356234468 ),
 .UNSPECIFIED. ) ;
#4731 = DIRECTION ( 'NONE',  ( -1.000000000000000000, 0.000000000000000000, -6.903152180341686367E-18 ) ) ;
#4732 = CARTESIAN_POINT ( 'NONE',  ( -0.05162606446705717694, -37.88677910967073359, 72.07951696760446225 ) ) ;
#4733 = CARTESIAN_POINT ( 'NONE',  ( 4.934515935391901920, -46.06744680727770458, 69.12260766970662473 ) ) ;
#4734 = EDGE_CURVE ( 'NONE', #1867, #2462, #4076, .T. ) ;
#4735 = VERTEX_POINT ( 'NONE', #4012 ) ;
#4736 = DIRECTION ( 'NONE',  ( -0.1013672451882220854, 0.9948490747861963301, -3.744813952309920111E-19 ) ) ;
#4737 =( BOUNDED_CURVE ( )  B_SPLINE_CURVE ( 3, ( #5503, #3872, #2034, #368 ),
 .UNSPECIFIED., .F., .T. ) 
 B_SPLINE_CURVE_WITH_KNOTS ( ( 4, 4 ),
 ( 0.000000000000000000, 1.479761548757482004 ),
 .UNSPECIFIED. ) 
 CURVE ( )  GEOMETRIC_REPRESENTATION_ITEM ( )  RATIONAL_B_SPLINE_CURVE ( ( 1.000000000000000000, 0.8256992972506640438, 0.8256992972506640438, 1.000000000000000000 ) ) 
 REPRESENTATION_ITEM ( '' )  );
#4738 = CARTESIAN_POINT ( 'NONE',  ( 24.23258897801038003, -9.993161893493653025, 65.71223923987876958 ) ) ;
#4739 = CARTESIAN_POINT ( 'NONE',  ( 24.66883715515806585, -34.00489975179980462, 63.77996548701650426 ) ) ;
#4740 = VERTEX_POINT ( 'NONE', #4420 ) ;
#4741 = ORIENTED_EDGE ( 'NONE', *, *, #3030, .F. ) ;
#4742 = CARTESIAN_POINT ( 'NONE',  ( 9.389703703201075058, -1.150073973141289008, 112.3500000000004917 ) ) ;
#4743 = CYLINDRICAL_SURFACE ( 'NONE', #915, 1.550000000000000933 ) ;
#4744 = EDGE_CURVE ( 'NONE', #5128, #2794, #4044, .T. ) ;
#4745 = DIRECTION ( 'NONE',  ( 0.9948490747861963301, 0.1013672451882219189, 0.000000000000000000 ) ) ;
#4746 = VECTOR ( 'NONE', #4999, 1000.000000000000000 ) ;
#4747 = ORIENTED_EDGE ( 'NONE', *, *, #3921, .F. ) ;
#4748 = CARTESIAN_POINT ( 'NONE',  ( -4.635144689299750098, 2.328440675662676096, 153.0500000000004945 ) ) ;
#4749 = DIRECTION ( 'NONE',  ( -0.9948490747852793969, -0.1013672451881286324, 1.357708159647627195E-06 ) ) ;
#4750 = DIRECTION ( 'NONE',  ( 0.003078661760685939049, -0.03021492592119807627, -0.9995386836402782027 ) ) ;
#4751 = ORIENTED_EDGE ( 'NONE', *, *, #1958, .T. ) ;
#4752 = PLANE ( 'NONE',  #2322 ) ;
#4753 = AXIS2_PLACEMENT_3D ( 'NONE', #1087, #1425, #3172 ) ;
#4754 = ORIENTED_EDGE ( 'NONE', *, *, #4639, .T. ) ;
#4755 = CARTESIAN_POINT ( 'NONE',  ( 24.82444278124916792, -15.80200622951918987, 71.44054959059477028 ) ) ;
#4756 = CARTESIAN_POINT ( 'NONE',  ( 24.68900674290277308, -14.47279562315682178, 72.70965919608634920 ) ) ;
#4757 = CARTESIAN_POINT ( 'NONE',  ( 25.05971476536676690, -18.11103727093551896, 69.99408299286301371 ) ) ;
#4758 = CARTESIAN_POINT ( 'NONE',  ( 18.97840348078722528, -16.51253519878444820, 72.99494535259820793 ) ) ;
#4759 = CARTESIAN_POINT ( 'NONE',  ( 0.09295199760283479051, -38.00026128684736904, 72.96472476162308851 ) ) ;
#4760 = DIRECTION ( 'NONE',  ( -0.9948490747852793969, -0.1013672451881286324, 1.357708159647627195E-06 ) ) ;
#4761 = ORIENTED_EDGE ( 'NONE', *, *, #5326, .T. ) ;
#4762 = DIRECTION ( 'NONE',  ( 1.000000000000000000, 0.000000000000000000, 0.000000000000000000 ) ) ;
#4763 = AXIS2_PLACEMENT_3D ( 'NONE', #3392, #3362, #2535 ) ;
#4764 = EDGE_CURVE ( 'NONE', #324, #2351, #817, .T. ) ;
#4765 = DIRECTION ( 'NONE',  ( -0.9948490747852793969, -0.1013672451881286324, 1.357708159647627195E-06 ) ) ;
#4766 = CARTESIAN_POINT ( 'NONE',  ( 2.867711741399441294, -45.36423997989761858, 72.99497515744126019 ) ) ;
#4767 = ORIENTED_EDGE ( 'NONE', *, *, #5256, .F. ) ;
#4768 = AXIS2_PLACEMENT_3D ( 'NONE', #4, #3502, #5252 ) ;
#4769 = CARTESIAN_POINT ( 'NONE',  ( 20.74098316583906509, -44.45689292537061732, 70.11062051645058091 ) ) ;
#4770 = ADVANCED_FACE ( 'NONE', ( #946 ), #2691, .F. ) ;
#4771 = CARTESIAN_POINT ( 'NONE',  ( 26.74251179917205334, -34.62632510599102176, 64.60838989634561358 ) ) ;
#4772 = AXIS2_PLACEMENT_3D ( 'NONE', #4337, #4006, #2805 ) ;
#4773 = CARTESIAN_POINT ( 'NONE',  ( 10.33083741941273637, -10.38664743515794697, 112.3500000000004917 ) ) ;
#4774 = ORIENTED_EDGE ( 'NONE', *, *, #2083, .F. ) ;
#4775 = CIRCLE ( 'NONE', #2571, 4.000000000000000000 ) ;
#4776 = EDGE_CURVE ( 'NONE', #4569, #760, #4171, .T. ) ;
#4777 = CARTESIAN_POINT ( 'NONE',  ( 24.66882393838033849, -34.00490109848482945, 53.99494007386211081 ) ) ;
#4778 = EDGE_CURVE ( 'NONE', #2844, #1210, #5504, .T. ) ;
#4779 = CYLINDRICAL_SURFACE ( 'NONE', #1937, 4.000000000000000000 ) ;
#4780 = AXIS2_PLACEMENT_3D ( 'NONE', #4524, #5377, #1483 ) ;
#4781 = EDGE_LOOP ( 'NONE', ( #4475, #3288, #2824, #4628, #1664 ) ) ;
#4782 = CC_DESIGN_PERSON_AND_ORGANIZATION_ASSIGNMENT ( #7, #4118, ( #1589 ) ) ;
#4783 = ORIENTED_EDGE ( 'NONE', *, *, #5466, .F. ) ;
#4784 = VECTOR ( 'NONE', #4919, 1000.000000000000000 ) ;
#4785 = CARTESIAN_POINT ( 'NONE',  ( 23.89360046495869483, -15.65346061369888808, 72.21102673268916305 ) ) ;
#4786 = CARTESIAN_POINT ( 'NONE',  ( -1.925998066266621622, -18.18566931139690013, 72.96472476162308851 ) ) ;
#4787 = CARTESIAN_POINT ( 'NONE',  ( 5.903210848370102681, -45.96874446413331583, 68.99496706741601315 ) ) ;
#4788 = DIRECTION ( 'NONE',  ( 0.000000000000000000, 0.000000000000000000, 1.000000000000000000 ) ) ;
#4789 = CARTESIAN_POINT ( 'NONE',  ( 0.09291412218886059560, -37.99980244040526856, 72.93447220312208401 ) ) ;
#4790 = DIRECTION ( 'NONE',  ( -0.1013672451882220993, 0.9948490747861964412, -3.744549254513903142E-19 ) ) ;
#4791 = VERTEX_POINT ( 'NONE', #1093 ) ;
#4792 = AXIS2_PLACEMENT_3D ( 'NONE', #2491, #1146, #3321 ) ;
#4793 = CARTESIAN_POINT ( 'NONE',  ( 25.68249960237738705, -43.95339151905771757, 56.37302539623693320 ) ) ;
#4794 = LINE ( 'NONE', #3066, #4225 ) ;
#4795 = DIRECTION ( 'NONE',  ( 1.000000000000000000, 0.000000000000000000, 0.000000000000000000 ) ) ;
#4796 = ORIENTED_EDGE ( 'NONE', *, *, #649, .F. ) ;
#4797 = APPROVAL_PERSON_ORGANIZATION ( #3659, #4535, #3719 ) ;
#4798 = CARTESIAN_POINT ( 'NONE',  ( 22.93853579219644345, -44.23297970925027300, 70.54491213196153865 ) ) ;
#4799 = DIRECTION ( 'NONE',  ( -1.350714706458008106E-06, -1.376271358846230044E-07, -0.9999999999990782928 ) ) ;
#4800 = DIRECTION ( 'NONE',  ( 0.1013672451882219189, -0.9948490747861963301, 0.000000000000000000 ) ) ;
#4801 = ORIENTED_EDGE ( 'NONE', *, *, #2587, .F. ) ;
#4802 = EDGE_CURVE ( 'NONE', #2595, #2730, #3896, .T. ) ;
#4803 = DIRECTION ( 'NONE',  ( 1.000000000000000000, 0.000000000000000000, 0.000000000000000000 ) ) ;
#4804 = DIRECTION ( 'NONE',  ( -1.128276928546408485E-16, 1.107325405147169919E-15, 1.000000000000000000 ) ) ;
#4805 = CARTESIAN_POINT ( 'NONE',  ( 24.23602569823187380, -10.12852170957854625, 65.57722829520918140 ) ) ;
#4806 = EDGE_CURVE ( 'NONE', #324, #3786, #5048, .T. ) ;
#4807 = ORIENTED_EDGE ( 'NONE', *, *, #3537, .F. ) ;
#4808 =( NAMED_UNIT ( * ) SI_UNIT ( $, .STERADIAN. ) SOLID_ANGLE_UNIT ( ) );
#4809 = EDGE_LOOP ( 'NONE', ( #2734, #1419, #5672, #3044 ) ) ;
#4810 = VECTOR ( 'NONE', #1245, 1000.000000000000000 ) ;
#4811 = ORIENTED_EDGE ( 'NONE', *, *, #1096, .T. ) ;
#4812 = DIRECTION ( 'NONE',  ( -0.9999999999990877297, 9.367506770274751999E-14, 1.350714706749299984E-06 ) ) ;
#4813 = DIRECTION ( 'NONE',  ( 0.9948490747861966632, 0.1013672451882196290, 0.000000000000000000 ) ) ;
#4814 = EDGE_CURVE ( 'NONE', #1880, #318, #2337, .T. ) ;
#4815 = CARTESIAN_POINT ( 'NONE',  ( -4.666266610729622677, -21.53550589968248374, 68.99497798108802726 ) ) ;
#4816 = ORIENTED_EDGE ( 'NONE', *, *, #1827, .T. ) ;
#4817 = VECTOR ( 'NONE', #5354, 1000.000000000000114 ) ;
#4818 = EDGE_CURVE ( 'NONE', #3995, #1049, #2413, .T. ) ;
#4819 = ADVANCED_FACE ( 'NONE', ( #1578 ), #1125, .T. ) ;
#4820 = DIRECTION ( 'NONE',  ( 0.1013672451882220438, -0.9948490747861963301, 1.113058687203529728E-15 ) ) ;
#4821 = VECTOR ( 'NONE', #3377, 999.9999999999998863 ) ;
#4822 = CARTESIAN_POINT ( 'NONE',  ( 26.90985181775682378, -36.26884684127495717, 113.3500000000004917 ) ) ;
#4823 = CARTESIAN_POINT ( 'NONE',  ( 23.23592208804795689, -10.07689906267588142, 21.41636012479020224 ) ) ;
#4824 = CARTESIAN_POINT ( 'NONE',  ( -5.483703206933546959, -13.51292032356166928, 69.99497798108713198 ) ) ;
#4825 = EDGE_LOOP ( 'NONE', ( #798, #1713, #3355, #4271, #424, #1187 ) ) ;
#4826 = CARTESIAN_POINT ( 'NONE',  ( -4.540636146425779174, -19.92643097281658982, 70.09526673090591942 ) ) ;
#4827 = DIRECTION ( 'NONE',  ( 6.903152180341686367E-18, 7.033765596924231720E-19, -1.000000000000000000 ) ) ;
#4828 = DIRECTION ( 'NONE',  ( -1.000000000000000000, 0.000000000000000000, 0.000000000000000000 ) ) ;
#4829 = ORIENTED_EDGE ( 'NONE', *, *, #5508, .T. ) ;
#4830 = CARTESIAN_POINT ( 'NONE',  ( 19.09019461593437228, -37.42535689231152674, 72.99495215288931149 ) ) ;
#4831 = AXIS2_PLACEMENT_3D ( 'NONE', #2955, #2523, #5187 ) ;
#4832 = DIRECTION ( 'NONE',  ( -1.000000000000000000, 0.000000000000000000, 0.000000000000000000 ) ) ;
#4833 = DIRECTION ( 'NONE',  ( -1.350714706455111677E-06, -1.376271359130508330E-07, -0.9999999999990782928 ) ) ;
#4834 = EDGE_CURVE ( 'NONE', #4877, #2232, #141, .T. ) ;
#4835 = ORIENTED_EDGE ( 'NONE', *, *, #5294, .F. ) ;
#4836 = DIRECTION ( 'NONE',  ( 0.9948490747861964412, 0.1013672451882219328, 0.000000000000000000 ) ) ;
#4837 = ORIENTED_EDGE ( 'NONE', *, *, #66, .F. ) ;
#4838 = VERTEX_POINT ( 'NONE', #1006 ) ;
#4839 = CARTESIAN_POINT ( 'NONE',  ( 24.82693485537056688, -15.82646420535810350, 69.99493735846893117 ) ) ;
#4840 = DIRECTION ( 'NONE',  ( 6.903152180341684826E-18, 7.033765596924220165E-19, -1.000000000000000000 ) ) ;
#4841 = AXIS2_PLACEMENT_3D ( 'NONE', #5528, #1226, #4274 ) ;
#4842 = CARTESIAN_POINT ( 'NONE',  ( -4.839052426585668698, -19.83971203715731590, 70.57352961334778740 ) ) ;
#4843 = ORIENTED_EDGE ( 'NONE', *, *, #1714, .F. ) ;
#4844 = ADVANCED_FACE ( 'NONE', ( #2750 ), #3764, .F. ) ;
#4845 = CARTESIAN_POINT ( 'NONE',  ( -2.095584022094883814, -36.37214251903174045, 70.24179344681537884 ) ) ;
#4846 = CARTESIAN_POINT ( 'NONE',  ( 26.51890827308263709, -32.43200760400312532, 69.98519231334759638 ) ) ;
#4847 = DIRECTION ( 'NONE',  ( 0.9948490747852798410, 0.1013672451881237058, -1.357708159647627195E-06 ) ) ;
#4848 = CARTESIAN_POINT ( 'NONE',  ( -2.158949194509253378, -18.44516326506891346, 71.77546849329540635 ) ) ;
#4849 = EDGE_LOOP ( 'NONE', ( #5459, #4085, #4528, #4620, #4252 ) ) ;
#4850 = EDGE_CURVE ( 'NONE', #1988, #1912, #1982, .T. ) ;
#4851 = CARTESIAN_POINT ( 'NONE',  ( 21.63069522676443057, -44.36623830959713644, 70.55532353248911193 ) ) ;
#4852 = CARTESIAN_POINT ( 'NONE',  ( 23.11903211242113088, -8.929691780911882759, 72.02847501407077857 ) ) ;
#4853 = CARTESIAN_POINT ( 'NONE',  ( 0.6190008632940783295, -7.642147413211884732, 65.87666131859467100 ) ) ;
#4854 = CARTESIAN_POINT ( 'NONE',  ( 13.93366768849858417, 34.26051016341772737, 65.41994517883303217 ) ) ;
#4855 = ORIENTED_EDGE ( 'NONE', *, *, #4390, .F. ) ;
#4856 = AXIS2_PLACEMENT_3D ( 'NONE', #5266, #1316, #2200 ) ;
#4857 = CARTESIAN_POINT ( 'NONE',  ( 10.69066633716659709, -35.47945739995932257, 72.99496323044711232 ) ) ;
#4858 = CARTESIAN_POINT ( 'NONE',  ( -10.94101016367264911, 17.13313266158063897, 113.3500000000004917 ) ) ;
#4859 = CARTESIAN_POINT ( 'NONE',  ( 48.38235170382264982, -9.474773261232762422, 53.99490466764017782 ) ) ;
#4860 = ORIENTED_EDGE ( 'NONE', *, *, #2851, .F. ) ;
#4861 = DIRECTION ( 'NONE',  ( 0.1013672451882220438, -0.9948490747861963301, 5.293955920334496467E-23 ) ) ;
#4862 = VERTEX_POINT ( 'NONE', #199 ) ;
#4863 = AXIS2_PLACEMENT_3D ( 'NONE', #3610, #4281, #694 ) ;
#4864 = ORIENTED_EDGE ( 'NONE', *, *, #1616, .F. ) ;
#4865 = CARTESIAN_POINT ( 'NONE',  ( 21.62780117987466966, -2.159429405407458535, 49.99493979861152582 ) ) ;
#4866 = AXIS2_PLACEMENT_3D ( 'NONE', #5099, #1174, #715 ) ;
#4867 = DIRECTION ( 'NONE',  ( -3.796014740880745125E-20, 3.725524695701961627E-19, 1.000000000000000000 ) ) ;
#4868 = LINE ( 'NONE', #1994, #328 ) ;
#4869 = ORIENTED_EDGE ( 'NONE', *, *, #4604, .T. ) ;
#4870 = AXIS2_PLACEMENT_3D ( 'NONE', #3632, #1511, #4210 ) ;
#4871 = EDGE_CURVE ( 'NONE', #5034, #1378, #5454, .T. ) ;
#4872 = DIRECTION ( 'NONE',  ( -1.000000000000000000, 0.000000000000000000, 0.000000000000000000 ) ) ;
#4873 = CARTESIAN_POINT ( 'NONE',  ( 25.77633526521352891, -34.33671447185886905, 70.72028838014767871 ) ) ;
#4874 = CARTESIAN_POINT ( 'NONE',  ( 14.97825921702312613, 34.36694577086525726, 65.41994375323946542 ) ) ;
#4875 = CARTESIAN_POINT ( 'NONE',  ( 20.00696900244815524, -38.25084199216470893, 72.99495102819783199 ) ) ;
#4876 = ADVANCED_FACE ( 'NONE', ( #3297 ), #325, .F. ) ;
#4877 = VERTEX_POINT ( 'NONE', #4622 ) ;
#4878 = VECTOR ( 'NONE', #4963, 1000.000000000000000 ) ;
#4879 = CARTESIAN_POINT ( 'NONE',  ( -4.415648244072599482, -20.03601533015076086, 70.14388252081683106 ) ) ;
#4880 = CARTESIAN_POINT ( 'NONE',  ( -2.914933659964261015, -38.62203865806368697, 65.57726888989041925 ) ) ;
#4881 = CARTESIAN_POINT ( 'NONE',  ( -2.931167552821519529, -17.28891991536595896, 72.87399147639987973 ) ) ;
#4882 = DIRECTION ( 'NONE',  ( 0.000000000000000000, 0.000000000000000000, 1.000000000000000000 ) ) ;
#4883 = CIRCLE ( 'NONE', #4792, 2.000000000000000000 ) ;
#4884 = ORIENTED_EDGE ( 'NONE', *, *, #4104, .F. ) ;
#4885 = ORIENTED_EDGE ( 'NONE', *, *, #1515, .T. ) ;
#4886 = ORIENTED_EDGE ( 'NONE', *, *, #2851, .T. ) ;
#4887 = CARTESIAN_POINT ( 'NONE',  ( -4.615197715072620888, 2.330473114430012593, 153.0500000000004945 ) ) ;
#4888 = EDGE_CURVE ( 'NONE', #5149, #5384, #2339, .T. ) ;
#4889 = CARTESIAN_POINT ( 'NONE',  ( -0.6207721362580438385, -4.416027710511598592, 61.66997016066662951 ) ) ;
#4890 = LINE ( 'NONE', #1807, #4784 ) ;
#4891 = DIRECTION ( 'NONE',  ( -0.9999999999990878408, -4.048669574450878430E-23, 1.350714706455124171E-06 ) ) ;
#4892 = CARTESIAN_POINT ( 'NONE',  ( 23.76518536619038358, -44.14875066167359563, 72.99494811571814523 ) ) ;
#4893 = ORIENTED_EDGE ( 'NONE', *, *, #2600, .T. ) ;
#4894 =( LENGTH_UNIT ( ) NAMED_UNIT ( * ) SI_UNIT ( .MILLI., .METRE. ) );
#4895 = ORIENTED_EDGE ( 'NONE', *, *, #3473, .F. ) ;
#4896 = ORIENTED_EDGE ( 'NONE', *, *, #1759, .F. ) ;
#4897 = CARTESIAN_POINT ( 'NONE',  ( 3.610794643901108270, -45.27274542390946976, 71.00822198667343343 ) ) ;
#4898 = CARTESIAN_POINT ( 'NONE',  ( 3.303700934762670904, 3.137346198401063990, 153.0500000000004945 ) ) ;
#4899 = CARTESIAN_POINT ( 'NONE',  ( -10.13223936536916980, 20.76417451680400106, 156.7000000000005002 ) ) ;
#4900 = EDGE_LOOP ( 'NONE', ( #1924, #3273 ) ) ;
#4901 = CARTESIAN_POINT ( 'NONE',  ( -2.666796698698761237, -11.71100345850807933, 101.3818877596935550 ) ) ;
#4902 = CARTESIAN_POINT ( 'NONE',  ( 50.61243109796353679, -31.36145290652911299, 53.99490466764017782 ) ) ;
#4903 = CARTESIAN_POINT ( 'NONE',  ( -0.5052683354705600483, -38.10283764709196674, 101.8368677328196412 ) ) ;
#4904 = ADVANCED_FACE ( 'NONE', ( #4969 ), #3675, .T. ) ;
#4905 = CARTESIAN_POINT ( 'NONE',  ( 23.82530218208126627, -5.996135518342868842, 72.99493871617984553 ) ) ;
#4906 = ORIENTED_EDGE ( 'NONE', *, *, #2885, .T. ) ;
#4907 =( BOUNDED_SURFACE ( )  B_SPLINE_SURFACE ( 3, 2, ( 
 ( #5206, #2301, #2271 ),
 ( #5670, #2599, #2700 ),
 ( #1872, #4056, #3891 ),
 ( #1839, #5370, #1808 ) ),
 .UNSPECIFIED., .F., .F., .T. ) 
 B_SPLINE_SURFACE_WITH_KNOTS ( ( 4, 4 ),
 ( 3, 3 ),
 ( -5.421010862427522170E-20, 0.0001209961742478137605 ),
 ( 0.000000000000000000, 1.000000000000000000 ),
 .UNSPECIFIED. ) 
 GEOMETRIC_REPRESENTATION_ITEM ( )  RATIONAL_B_SPLINE_SURFACE ( (
 ( 1.000000000000000000, 0.7385399763530429151, 1.000000000000000000),
 ( 1.000000000000000000, 0.7385459538480193542, 1.000000000000000000),
 ( 1.000000000000000000, 0.7385489426697299242, 1.000000000000000000),
 ( 1.000000000000000000, 0.7385489458759965098, 1.000000000000000000) ) ) 
 REPRESENTATION_ITEM ( '' )  SURFACE ( )  );
#4908 = CIRCLE ( 'NONE', #5005, 1.999999999998634204 ) ;
#4909 = CARTESIAN_POINT ( 'NONE',  ( 21.50000146498937426, -43.43923856799895589, 70.60401585301687533 ) ) ;
#4910 = CARTESIAN_POINT ( 'NONE',  ( 22.83045445800977191, -6.097502625903955753, 69.99493871617524121 ) ) ;
#4911 = CARTESIAN_POINT ( 'NONE',  ( 18.72904236831564972, -2.444434791602501100, 61.66994375324292577 ) ) ;
#4912 = CARTESIAN_POINT ( 'NONE',  ( -2.989044588710537020, -17.40803505593283873, 72.21035069039989196 ) ) ;
#4913 = ORIENTED_EDGE ( 'NONE', *, *, #2953, .F. ) ;
#4914 = ORIENTED_EDGE ( 'NONE', *, *, #3998, .T. ) ;
#4915 = PRODUCT_DEFINITION_SHAPE ( 'NONE', 'NONE',  #1305 ) ;
#4916 = CARTESIAN_POINT ( 'NONE',  ( 5.181861410020319525, 20.41673499121138846, 149.2000000000005002 ) ) ;
#4917 = EDGE_CURVE ( 'NONE', #2402, #1927, #5637, .T. ) ;
#4918 = LINE ( 'NONE', #494, #1642 ) ;
#4919 = DIRECTION ( 'NONE',  ( 0.9948490747861961081, 0.1013672451882249859, -5.418661616548312368E-15 ) ) ;
#4920 = CARTESIAN_POINT ( 'NONE',  ( 23.88554599992087191, -15.55567729863801851, 72.99493859275901286 ) ) ;
#4921 = CARTESIAN_POINT ( 'NONE',  ( -1.682765769298792513, -37.28627047044938081, 70.81796410971703892 ) ) ;
#4922 = VERTEX_POINT ( 'NONE', #3788 ) ;
#4923 = VERTEX_POINT ( 'NONE', #1150 ) ;
#4924 = EDGE_CURVE ( 'NONE', #1957, #4703, #5078, .T. ) ;
#4925 = EDGE_CURVE ( 'NONE', #1803, #3412, #2986, .T. ) ;
#4926 = ORIENTED_EDGE ( 'NONE', *, *, #4149, .F. ) ;
#4927 = CARTESIAN_POINT ( 'NONE',  ( 3.038365121786003265, -46.26064956466936451, 71.99897167692917321 ) ) ;
#4928 = DIRECTION ( 'NONE',  ( -0.9999999999990877297, 0.000000000000000000, 1.350714706749300619E-06 ) ) ;
#4929 = DIRECTION ( 'NONE',  ( -0.7934081145762279519, 0.6086900391205654071, -0.000000000000000000 ) ) ;
#4930 = EDGE_LOOP ( 'NONE', ( #408, #5209, #3557, #3858 ) ) ;
#4931 = CARTESIAN_POINT ( 'NONE',  ( -10.16575261002717312, 1.362844472694154874, 106.7000000000005002 ) ) ;
#4932 = CARTESIAN_POINT ( 'NONE',  ( -7.578143506410728314, 1.626501356039936175, 156.7000000000005002 ) ) ;
#4933 = DIRECTION ( 'NONE',  ( -0.9999999999990878408, 0.000000000000000000, 1.350714706750223250E-06 ) ) ;
#4934 = CARTESIAN_POINT ( 'NONE',  ( -3.741182644355646403, -20.22173551343837872, 70.24179344681537884 ) ) ;
#4935 = EDGE_LOOP ( 'NONE', ( #2372, #385, #5626, #2437 ) ) ;
#4936 = ADVANCED_FACE ( 'NONE', ( #721 ), #2467, .T. ) ;
#4937 = DIRECTION ( 'NONE',  ( 0.9948490747852790639, 0.1013672451881315884, -1.357708165471473798E-06 ) ) ;
#4938 = CARTESIAN_POINT ( 'NONE',  ( 25.61866762904352512, -33.14269548624525186, 70.08986661755537284 ) ) ;
#4939 = PLANE ( 'NONE',  #1472 ) ;
#4940 = CARTESIAN_POINT ( 'NONE',  ( -2.860194578269985577, -18.25265355897706243, 72.40892973321922454 ) ) ;
#4941 = VERTEX_POINT ( 'NONE', #4017 ) ;
#4942 = ORIENTED_EDGE ( 'NONE', *, *, #3884, .F. ) ;
#4943 = ADVANCED_FACE ( 'NONE', ( #5337 ), #119, .T. ) ;
#4944 = VERTEX_POINT ( 'NONE', #3 ) ;
#4945 = DIRECTION ( 'NONE',  ( -6.903152180341684056E-18, -7.033765596924220165E-19, 1.000000000000000000 ) ) ;
#4946 = DIRECTION ( 'NONE',  ( -1.000000000000000000, 0.000000000000000000, 0.000000000000000000 ) ) ;
#4947 = DIRECTION ( 'NONE',  ( -1.000000000000000000, 0.000000000000000000, 0.000000000000000000 ) ) ;
#4948 = CYLINDRICAL_SURFACE ( 'NONE', #2203, 1.550000000000000266 ) ;
#4949 = DIRECTION ( 'NONE',  ( -0.9948490747852793969, -0.1013672451881286324, 1.357708159647627195E-06 ) ) ;
#4950 = VERTEX_POINT ( 'NONE', #4887 ) ;
#4951 = ORIENTED_EDGE ( 'NONE', *, *, #4297, .T. ) ;
#4952 = EDGE_CURVE ( 'NONE', #3477, #4877, #2215, .T. ) ;
#4953 = AXIS2_PLACEMENT_3D ( 'NONE', #2908, #380, #2133 ) ;
#4954 = ADVANCED_FACE ( 'NONE', ( #924 ), #4451, .T. ) ;
#4955 = DIRECTION ( 'NONE',  ( -0.9999999999990878408, 0.000000000000000000, 1.350714706749301043E-06 ) ) ;
#4956 = CARTESIAN_POINT ( 'NONE',  ( 25.47975649702729584, -41.96369424728293041, 49.99494007386580563 ) ) ;
#4957 = DIRECTION ( 'NONE',  ( 1.000000000000000000, 0.000000000000000000, 0.000000000000000000 ) ) ;
#4958 = EDGE_LOOP ( 'NONE', ( #1121, #517, #5250, #5141 ) ) ;
#4959 = TOROIDAL_SURFACE ( 'NONE', #3856, 7.000000000000001776, 3.000000000000000000 ) ;
#4960 = DIRECTION ( 'NONE',  ( 1.300559586444433556E-15, 1.325162134853467540E-16, 1.000000000000000000 ) ) ;
#4961 = EDGE_CURVE ( 'NONE', #3886, #5335, #3991, .T. ) ;
#4962 = DIRECTION ( 'NONE',  ( -0.9948490747861963301, -0.1013672451882221409, -0.000000000000000000 ) ) ;
#4963 = DIRECTION ( 'NONE',  ( -0.9948490747852793969, -0.1013672451881286046, 1.357708159647627407E-06 ) ) ;
#4964 = CARTESIAN_POINT ( 'NONE',  ( -9.737110036353413989, 16.88625471477804751, 113.3500000000004917 ) ) ;
#4965 = CIRCLE ( 'NONE', #4870, 9.600000000000004974 ) ;
#4966 = VERTEX_POINT ( 'NONE', #1752 ) ;
#4967 = VECTOR ( 'NONE', #4055, 1000.000000000000000 ) ;
#4968 = CARTESIAN_POINT ( 'NONE',  ( 28.63769633099662926, -72.95665258214729931, 51.99494007386395111 ) ) ;
#4969 = FACE_OUTER_BOUND ( 'NONE', #4143, .T. ) ;
#4970 = CARTESIAN_POINT ( 'NONE',  ( 27.47975649702591383, -41.96369424728293751, 21.41636012479020224 ) ) ;
#4971 = ORIENTED_EDGE ( 'NONE', *, *, #904, .F. ) ;
#4972 = ORIENTED_EDGE ( 'NONE', *, *, #5410, .T. ) ;
#4973 = VECTOR ( 'NONE', #4708, 999.9999999999998863 ) ;
#4974 = ORIENTED_EDGE ( 'NONE', *, *, #3307, .T. ) ;
#4975 = ORIENTED_EDGE ( 'NONE', *, *, #3338, .F. ) ;
#4976 = PLANE ( 'NONE',  #5064 ) ;
#4977 = CARTESIAN_POINT ( 'NONE',  ( -0.1039871348449355193, -46.58083038378863705, 71.91732847752989244 ) ) ;
#4978 = VECTOR ( 'NONE', #2072, 1000.000000000000000 ) ;
#4979 = CARTESIAN_POINT ( 'NONE',  ( 0.2252277916027548565, 9.299913550004461626, 156.7000000000005002 ) ) ;
#4980 = EDGE_CURVE ( 'NONE', #4433, #1100, #84, .T. ) ;
#4981 = EDGE_LOOP ( 'NONE', ( #4457, #4761, #2238, #923 ) ) ;
#4982 = CALENDAR_DATE ( 2025, 5, 12 ) ;
#4983 = ORIENTED_EDGE ( 'NONE', *, *, #4980, .F. ) ;
#4984 = CARTESIAN_POINT ( 'NONE',  ( -4.856256797387394464, -19.67087824277512453, 69.44239926591174594 ) ) ;
#4985 = CARTESIAN_POINT ( 'NONE',  ( -3.065285590099191992, -12.64463062139258298, 72.99497866812185976 ) ) ;
#4986 = FACE_OUTER_BOUND ( 'NONE', #3105, .T. ) ;
#4987 = AXIS2_PLACEMENT_3D ( 'NONE', #332, #2080, #5577 ) ;
#4988 = CARTESIAN_POINT ( 'NONE',  ( -0.6152014920796888831, 2.335970026501086760, 113.3500000000004917 ) ) ;
#4989 = ORIENTED_EDGE ( 'NONE', *, *, #2907, .T. ) ;
#4990 = LINE ( 'NONE', #4931, #621 ) ;
#4991 = EDGE_CURVE ( 'NONE', #4350, #2614, #3101, .T. ) ;
#4992 = DIRECTION ( 'NONE',  ( 0.1013672451882220715, -0.9948490747861963301, 3.744813952309914333E-19 ) ) ;
#4993 = LINE ( 'NONE', #4007, #4878 ) ;
#4994 = DIRECTION ( 'NONE',  ( 1.350714706475886219E-06, 1.376271357091611352E-07, 0.9999999999990782928 ) ) ;
#4995 = VERTEX_POINT ( 'NONE', #3934 ) ;
#4996 = EDGE_CURVE ( 'NONE', #2423, #5003, #2389, .T. ) ;
#4997 = EDGE_CURVE ( 'NONE', #5034, #4519, #5292, .T. ) ;
#4998 = EDGE_CURVE ( 'NONE', #4923, #620, #4008, .T. ) ;
#4999 = DIRECTION ( 'NONE',  ( -0.000000000000000000, -0.000000000000000000, 1.000000000000000000 ) ) ;
#5000 = CARTESIAN_POINT ( 'NONE',  ( 25.71570622584420818, -33.86628320290258642, 70.38700150698835500 ) ) ;
#5001 = LINE ( 'NONE', #2785, #83 ) ;
#5002 = CARTESIAN_POINT ( 'NONE',  ( 16.66740603911282648, -6.006941969927171776, 32.66994702819636842 ) ) ;
#5003 = VERTEX_POINT ( 'NONE', #455 ) ;
#5004 = ORIENTED_EDGE ( 'NONE', *, *, #2131, .F. ) ;
#5005 = AXIS2_PLACEMENT_3D ( 'NONE', #804, #3867, #3894 ) ;
#5006 = ORIENTED_EDGE ( 'NONE', *, *, #2833, .F. ) ;
#5007 = CARTESIAN_POINT ( 'NONE',  ( 8.179068707195661148, -28.18511734108541233, 72.99496154587703245 ) ) ;
#5008 = CARTESIAN_POINT ( 'NONE',  ( 6.776430230576962366, 24.49738928361381340, 156.7000000000005002 ) ) ;
#5009 = DIRECTION ( 'NONE',  ( 1.350714706458008106E-06, 1.376271358846230308E-07, 0.9999999999990782928 ) ) ;
#5010 = ORIENTED_EDGE ( 'NONE', *, *, #1233, .T. ) ;
#5011 = ADVANCED_FACE ( 'NONE', ( #19 ), #1795, .F. ) ;
#5012 = CARTESIAN_POINT ( 'NONE',  ( 21.93197447964990587, -43.40586815199919357, 71.00358878039432398 ) ) ;
#5013 = CARTESIAN_POINT ( 'NONE',  ( 2.977754728454828026, -46.26682528393911298, 72.19499779313518673 ) ) ;
#5014 = CARTESIAN_POINT ( 'NONE',  ( -6.148377688495144433, -6.989602147284974976, 69.99497798108708935 ) ) ;
#5015 = CARTESIAN_POINT ( 'NONE',  ( 12.86715977472589323, -45.25917319730781685, 72.99495756345523034 ) ) ;
#5016 = ORIENTED_EDGE ( 'NONE', *, *, #1592, .T. ) ;
#5017 = CIRCLE ( 'NONE', #5653, 1.050000000000005818 ) ;
#5018 = DIRECTION ( 'NONE',  ( 1.000000000000000000, 0.000000000000000000, 0.000000000000000000 ) ) ;
#5019 = FACE_OUTER_BOUND ( 'NONE', #5400, .T. ) ;
#5020 = DIRECTION ( 'NONE',  ( -0.9948490747861964412, -0.1013672451882218356, -6.458626222814040085E-20 ) ) ;
#5021 = ORIENTED_EDGE ( 'NONE', *, *, #4282, .F. ) ;
#5022 = EDGE_CURVE ( 'NONE', #3946, #2768, #1507, .T. ) ;
#5023 = CARTESIAN_POINT ( 'NONE',  ( -4.594597791224462213, 1.930501045748199473, 153.0500000000004945 ) ) ;
#5024 = CARTESIAN_POINT ( 'NONE',  ( 24.23257054132416499, -9.993163772046020910, 52.06266089016720855 ) ) ;
#5025 = DIRECTION ( 'NONE',  ( -1.000000000000000000, 0.000000000000000000, 0.000000000000000000 ) ) ;
#5026 = CARTESIAN_POINT ( 'NONE',  ( -3.439532052851572708, -19.12074388905165279, 70.92214884203151826 ) ) ;
#5027 = ORIENTED_EDGE ( 'NONE', *, *, #4806, .F. ) ;
#5028 = ORIENTED_EDGE ( 'NONE', *, *, #5515, .F. ) ;
#5029 = ORIENTED_EDGE ( 'NONE', *, *, #67, .T. ) ;
#5030 = ORIENTED_EDGE ( 'NONE', *, *, #5190, .F. ) ;
#5031 = DIRECTION ( 'NONE',  ( -0.000000000000000000, -0.000000000000000000, 1.000000000000000000 ) ) ;
#5032 = LINE ( 'NONE', #5485, #831 ) ;
#5033 = CARTESIAN_POINT ( 'NONE',  ( 23.55800384674767756, -44.16986081839193190, 71.69717545804888914 ) ) ;
#5034 = VERTEX_POINT ( 'NONE', #3574 ) ;
#5035 = CARTESIAN_POINT ( 'NONE',  ( 20.43773739026072178, -43.51494737455252704, 70.08867190566952843 ) ) ;
#5036 = DIRECTION ( 'NONE',  ( -6.903152180341684056E-18, -7.033765596924220165E-19, 1.000000000000000000 ) ) ;
#5037 = DIRECTION ( 'NONE',  ( 0.1013672451882220577, -0.9948490747861964412, 7.940933880514979591E-23 ) ) ;
#5038 = VECTOR ( 'NONE', #3992, 1000.000000000000114 ) ;
#5039 = VERTEX_POINT ( 'NONE', #3953 ) ;
#5040 = CARTESIAN_POINT ( 'NONE',  ( -7.578143506410728314, 1.626501356039936175, 150.0500000000004945 ) ) ;
#5041 = DIRECTION ( 'NONE',  ( 6.903152180341686367E-18, 7.033765596924233646E-19, -1.000000000000000000 ) ) ;
#5042 = CARTESIAN_POINT ( 'NONE',  ( 23.23592208804795689, -10.07689906267588142, 113.3500000000004917 ) ) ;
#5043 = CARTESIAN_POINT ( 'NONE',  ( -5.604699100510408094, -12.32542970414072592, 69.99497798108706093 ) ) ;
#5044 = EDGE_CURVE ( 'NONE', #3927, #3449, #3009, .T. ) ;
#5045 = ORIENTED_EDGE ( 'NONE', *, *, #995, .F. ) ;
#5046 = AXIS2_PLACEMENT_3D ( 'NONE', #2490, #5041, #309 ) ;
#5047 = FACE_OUTER_BOUND ( 'NONE', #1071, .T. ) ;
#5048 = LINE ( 'NONE', #666, #3616 ) ;
#5049 = DIRECTION ( 'NONE',  ( 1.000000000000000000, 0.000000000000000000, 0.000000000000000000 ) ) ;
#5050 = AXIS2_PLACEMENT_3D ( 'NONE', #4030, #1764, #12 ) ;
#5051 = EDGE_CURVE ( 'NONE', #3940, #352, #4634, .T. ) ;
#5052 = CARTESIAN_POINT ( 'NONE',  ( 26.89473997278101436, -36.12053458355718050, 71.87922453027772463 ) ) ;
#5053 = ORIENTED_EDGE ( 'NONE', *, *, #991, .F. ) ;
#5054 = ORIENTED_EDGE ( 'NONE', *, *, #412, .F. ) ;
#5055 = CIRCLE ( 'NONE', #2303, 1.550000000000000266 ) ;
#5056 = ORIENTED_EDGE ( 'NONE', *, *, #2363, .F. ) ;
#5057 = DIRECTION ( 'NONE',  ( 9.367506770274759572E-14, -0.9999999999999905631, 1.376271353825675712E-07 ) ) ;
#5058 = LINE ( 'NONE', #1135, #1648 ) ;
#5059 = CARTESIAN_POINT ( 'NONE',  ( 9.925368438659848636, -6.407251136013162096, 106.7000000000005002 ) ) ;
#5060 = EDGE_LOOP ( 'NONE', ( #4016, #3268, #4653, #3752, #792, #4033, #2321, #4972, #299, #5552, #960, #4864 ) ) ;
#5061 = B_SPLINE_CURVE_WITH_KNOTS ( 'NONE', 3,
 ( #3340, #5091, #5549, #1617, #4852, #3151, #918, #2536, #5271, #5296, #4293, #488, #1432, #2562, #2235, #4910 ),
 .UNSPECIFIED., .F., .F.,
 ( 4, 2, 2, 2, 2, 2, 2, 4 ),
 ( 0.000000000000000000, 0.0005858097395228708528, 0.001171619479045741706, 0.001757429218568612450, 0.002343238958091483411, 0.002929048697614354373, 0.003514858437137224900, 0.004686477916182968557 ),
 .UNSPECIFIED. ) ;
#5062 = ADVANCED_FACE ( 'NONE', ( #539 ), #409, .F. ) ;
#5063 = ADVANCED_FACE ( 'NONE', ( #3640 ), #4162, .F. ) ;
#5064 = AXIS2_PLACEMENT_3D ( 'NONE', #2846, #4945, #5396 ) ;
#5065 = CARTESIAN_POINT ( 'NONE',  ( 22.27919195555249487, -43.37820964677281665, 71.48209250414323890 ) ) ;
#5066 = DIRECTION ( 'NONE',  ( -0.9948490747861963301, -0.1013672451882227793, 4.096888725214604808E-16 ) ) ;
#5067 = CARTESIAN_POINT ( 'NONE',  ( 12.86715977472589323, -45.25917319730781685, 41.71066611099396937 ) ) ;
#5068 = CARTESIAN_POINT ( 'NONE',  ( 19.65830505095754077, -43.56203165984656067, 69.99494815697993033 ) ) ;
#5069 = ORIENTED_EDGE ( 'NONE', *, *, #705, .T. ) ;
#5070 =( BOUNDED_SURFACE ( )  B_SPLINE_SURFACE ( 3, 2, ( 
 ( #1789, #3111, #4460 ),
 ( #4002, #3535, #5287 ),
 ( #4032, #4381, #1765 ),
 ( #64, #13, #1311 ),
 ( #99, #4842, #449 ),
 ( #2195, #3510, #5261 ) ),
 .UNSPECIFIED., .F., .F., .F. ) 
 B_SPLINE_SURFACE_WITH_KNOTS ( ( 4, 2, 4 ),
 ( 3, 3 ),
 ( 0.000000000000000000, 0.001459289178059226984, 0.002918578356118453968 ),
 ( 0.000000000000000000, 1.000000000000000000 ),
 .UNSPECIFIED. ) 
 GEOMETRIC_REPRESENTATION_ITEM ( )  RATIONAL_B_SPLINE_SURFACE ( (
 ( 1.000000000000000000, 0.7071067811865456854, 1.000000000000000000),
 ( 1.000000000000000000, 0.7000428799436873017, 1.000000000000000000),
 ( 1.000000000000000000, 0.6943765826964560794, 1.000000000000000000),
 ( 1.000000000000000000, 0.6849398172464162826, 1.000000000000000000),
 ( 1.000000000000000000, 0.6813431994638043943, 1.000000000000000000),
 ( 1.000000000000000000, 0.6783814919462540782, 1.000000000000000000) ) ) 
 REPRESENTATION_ITEM ( '' )  SURFACE ( )  );
#5071 = CARTESIAN_POINT ( 'NONE',  ( 3.016067756499198005, -45.34620533666769404, 72.04283789174755270 ) ) ;
#5072 = CARTESIAN_POINT ( 'NONE',  ( -4.635144689299750098, 2.328440675662673431, 150.0500000000004945 ) ) ;
#5073 = DIRECTION ( 'NONE',  ( 1.000000000000000000, 0.000000000000000000, 0.000000000000000000 ) ) ;
#5074 = CARTESIAN_POINT ( 'NONE',  ( 1.644369224237865579, -4.627973497002288994, 156.7000000000005002 ) ) ;
#5075 = EDGE_LOOP ( 'NONE', ( #1499, #2741, #561, #1143 ) ) ;
#5076 = CARTESIAN_POINT ( 'NONE',  ( -3.347749972076388580, -14.74566111054744333, 63.78000067883891688 ) ) ;
#5077 = EDGE_CURVE ( 'NONE', #1049, #212, #717, .T. ) ;
#5078 = LINE ( 'NONE', #286, #1243 ) ;
#5079 = CARTESIAN_POINT ( 'NONE',  ( 25.89266306702053910, -35.27287097063506849, 72.21102673268907779 ) ) ;
#5080 = CARTESIAN_POINT ( 'NONE',  ( -0.8031900273605577789, -38.17354066677057745, 72.90171735478971016 ) ) ;
#5081 = ORIENTED_EDGE ( 'NONE', *, *, #4814, .F. ) ;
#5082 = ORIENTED_EDGE ( 'NONE', *, *, #4734, .F. ) ;
#5083 = ORIENTED_EDGE ( 'NONE', *, *, #4383, .T. ) ;
#5084 = CARTESIAN_POINT ( 'NONE',  ( -7.220361676347137880, 24.80653998831943596, 102.1000000000004633 ) ) ;
#5085 = CARTESIAN_POINT ( 'NONE',  ( 26.68631751312445743, -34.44177284198108424, 69.99493740894502025 ) ) ;
#5086 = FACE_OUTER_BOUND ( 'NONE', #992, .T. ) ;
#5087 = ORIENTED_EDGE ( 'NONE', *, *, #575, .T. ) ;
#5088 = VECTOR ( 'NONE', #1406, 1000.000000000000000 ) ;
#5089 = ADVANCED_FACE ( 'NONE', ( #3323 ), #252, .T. ) ;
#5090 = LINE ( 'NONE', #5115, #3103 ) ;
#5091 = CARTESIAN_POINT ( 'NONE',  ( 23.13455619357445059, -9.082049850262661650, 72.79685732890754934 ) ) ;
#5092 = DIRECTION ( 'NONE',  ( -0.1013672451882220854, 0.9948490747861964412, 2.857495016088091302E-17 ) ) ;
#5093 = CARTESIAN_POINT ( 'NONE',  ( 25.68249098740374592, -43.95339239685532817, 113.3500000000004917 ) ) ;
#5094 = EDGE_CURVE ( 'NONE', #1732, #2101, #601, .T. ) ;
#5095 = EDGE_CURVE ( 'NONE', #2623, #2095, #1916, .T. ) ;
#5096 = ORIENTED_EDGE ( 'NONE', *, *, #3046, .F. ) ;
#5097 = CARTESIAN_POINT ( 'NONE',  ( -1.324772208397244855, 9.299913550004461626, 106.7000000000005002 ) ) ;
#5098 = CARTESIAN_POINT ( 'NONE',  ( 24.17142138515734828, -34.05558248106603259, 53.99494075268618332 ) ) ;
#5099 = CARTESIAN_POINT ( 'NONE',  ( 0.09436922423786578418, -4.627973497002288994, 106.7000000000005002 ) ) ;
#5100 = CARTESIAN_POINT ( 'NONE',  ( 0.09241075902929961339, -37.99370441384113661, 72.73348989811044873 ) ) ;
#5101 = CARTESIAN_POINT ( 'NONE',  ( 4.201726633194527771, -46.14211223618522695, 69.39725585428526244 ) ) ;
#5102 = ORIENTED_EDGE ( 'NONE', *, *, #5646, .T. ) ;
#5103 = CIRCLE ( 'NONE', #341, 3.000000000000003553 ) ;
#5104 = CARTESIAN_POINT ( 'NONE',  ( 24.12940391764593073, -8.980682742701462828, 69.99493735846893117 ) ) ;
#5105 = FACE_OUTER_BOUND ( 'NONE', #5136, .T. ) ;
#5106 = FACE_OUTER_BOUND ( 'NONE', #4571, .T. ) ;
#5107 = VERTEX_POINT ( 'NONE', #4964 ) ;
#5108 = EDGE_LOOP ( 'NONE', ( #189, #5573, #2808, #1148 ) ) ;
#5109 = VERTEX_POINT ( 'NONE', #3243 ) ;
#5110 = LINE ( 'NONE', #2902, #3498 ) ;
#5111 = DIRECTION ( 'NONE',  ( -0.9948490747861964412, -0.1013672451882219883, -0.000000000000000000 ) ) ;
#5112 = DIRECTION ( 'NONE',  ( -0.000000000000000000, -0.000000000000000000, 1.000000000000000000 ) ) ;
#5113 = VERTEX_POINT ( 'NONE', #1090 ) ;
#5114 = EDGE_CURVE ( 'NONE', #100, #4098, #2159, .T. ) ;
#5115 = CARTESIAN_POINT ( 'NONE',  ( 4.584031446068538962, -41.17778818857561873, 67.77999360305086896 ) ) ;
#5116 = CARTESIAN_POINT ( 'NONE',  ( 5.974637798303089831, -45.96146662337293520, 68.99496696993696787 ) ) ;
#5117 = CARTESIAN_POINT ( 'NONE',  ( -10.13223936536916980, 20.76417451680400106, 156.7000000000005002 ) ) ;
#5118 = ADVANCED_FACE ( 'NONE', ( #2779 ), #1546, .F. ) ;
#5119 = CARTESIAN_POINT ( 'NONE',  ( 25.47975649702727807, -41.96369424728293751, 21.41636012479020224 ) ) ;
#5120 = ORIENTED_EDGE ( 'NONE', *, *, #2600, .F. ) ;
#5121 = CC_DESIGN_PERSON_AND_ORGANIZATION_ASSIGNMENT ( #91, #1729, ( #3629 ) ) ;
#5122 = CARTESIAN_POINT ( 'NONE',  ( 24.68900674342451040, -14.47279562827728228, 72.72808951199718308 ) ) ;
#5123 = CARTESIAN_POINT ( 'NONE',  ( 24.66883715515807296, -34.00489975179980462, 63.77996548701650426 ) ) ;
#5124 = CARTESIAN_POINT ( 'NONE',  ( -6.868733477796682863, -12.13914755246904242, 105.0431457505081170 ) ) ;
#5125 = CARTESIAN_POINT ( 'NONE',  ( 3.384798507920311117, 2.335970026501086760, 156.7000000000005002 ) ) ;
#5126 = CARTESIAN_POINT ( 'NONE',  ( -3.065285590099191992, -12.64463062139258298, 72.99497866812185976 ) ) ;
#5127 = DIRECTION ( 'NONE',  ( 0.9999999999990877297, 0.000000000000000000, -1.350714706455124382E-06 ) ) ;
#5128 = VERTEX_POINT ( 'NONE', #167 ) ;
#5129 = AXIS2_PLACEMENT_3D ( 'NONE', #2726, #1806, #925 ) ;
#5130 = EDGE_CURVE ( 'NONE', #3536, #4048, #5446, .T. ) ;
#5131 = LINE ( 'NONE', #5160, #249 ) ;
#5132 = CARTESIAN_POINT ( 'NONE',  ( -3.135453152686971112, -44.87935758375270723, 72.87399147639987973 ) ) ;
#5133 = CARTESIAN_POINT ( 'NONE',  ( 0.09295198939666800275, -38.00026129225138760, 72.99497381874395785 ) ) ;
#5134 = CIRCLE ( 'NONE', #4863, 1.000000000000000666 ) ;
#5135 = VERTEX_POINT ( 'NONE', #4561 ) ;
#5136 = EDGE_LOOP ( 'NONE', ( #2471, #3184, #3127, #218 ) ) ;
#5137 = ORIENTED_EDGE ( 'NONE', *, *, #3897, .F. ) ;
#5138 = DIRECTION ( 'NONE',  ( 0.000000000000000000, 0.000000000000000000, 1.000000000000000000 ) ) ;
#5139 = CARTESIAN_POINT ( 'NONE',  ( 26.77192370887322426, -34.91517829425003328, 69.99493735846893117 ) ) ;
#5140 = CARTESIAN_POINT ( 'NONE',  ( -1.324772208397245299, 9.299913550004461626, 150.0500000000004945 ) ) ;
#5141 = ORIENTED_EDGE ( 'NONE', *, *, #4353, .T. ) ;
#5142 = VECTOR ( 'NONE', #933, 1000.000000000000114 ) ;
#5143 = CARTESIAN_POINT ( 'NONE',  ( 26.86125387689793698, -35.79186503293522037, 51.99493735844762909 ) ) ;
#5144 = CARTESIAN_POINT ( 'NONE',  ( -2.874772208397244899, 9.299913550004461626, 106.7000000000005002 ) ) ;
#5145 = AXIS2_PLACEMENT_3D ( 'NONE', #1443, #3190, #4947 ) ;
#5146 = EDGE_CURVE ( 'NONE', #2017, #4309, #2378, .T. ) ;
#5147 = DIRECTION ( 'NONE',  ( -1.350714706455073349E-06, -1.376271359134233686E-07, -0.9999999999990782928 ) ) ;
#5148 = CARTESIAN_POINT ( 'NONE',  ( 25.79942522997777488, -25.37082166268547567, 69.99493735847444498 ) ) ;
#5149 = VERTEX_POINT ( 'NONE', #4130 ) ;
#5150 = AXIS2_PLACEMENT_3D ( 'NONE', #838, #2579, #5650 ) ;
#5151 = CARTESIAN_POINT ( 'NONE',  ( 11.39200611807132901, -10.27852274530374999, 108.4500000000004860 ) ) ;
#5152 = FACE_OUTER_BOUND ( 'NONE', #4935, .T. ) ;
#5153 = CARTESIAN_POINT ( 'NONE',  ( 25.10002348921656434, -18.50663938632355610, 69.99641074291231746 ) ) ;
#5154 = CARTESIAN_POINT ( 'NONE',  ( 24.87157704835901839, -35.99459735086714574, 67.77994007384943131 ) ) ;
#5155 = VECTOR ( 'NONE', #2460, 1000.000000000000000 ) ;
#5156 = FACE_BOUND ( 'NONE', #4900, .T. ) ;
#5157 = DIRECTION ( 'NONE',  ( -0.9948490747861963301, -0.1013672451882219466, 0.000000000000000000 ) ) ;
#5158 = ORIENTED_EDGE ( 'NONE', *, *, #184, .F. ) ;
#5159 = EDGE_CURVE ( 'NONE', #662, #3249, #2832, .T. ) ;
#5160 = CARTESIAN_POINT ( 'NONE',  ( 8.179068707195661148, -28.18511734108541233, 41.71066611099396937 ) ) ;
#5161 = DIRECTION ( 'NONE',  ( -0.1013672451882220715, 0.9948490747861964412, -5.293955920347731358E-23 ) ) ;
#5162 = CARTESIAN_POINT ( 'NONE',  ( 26.84753282270622776, -35.65722920825589171, 70.84963021795306304 ) ) ;
#5163 = VERTEX_POINT ( 'NONE', #4619 ) ;
#5164 = EDGE_CURVE ( 'NONE', #4570, #3187, #5608, .T. ) ;
#5165 =( BOUNDED_CURVE ( )  B_SPLINE_CURVE ( 3, ( #4127, #4901, #1882, #1458 ),
 .UNSPECIFIED., .F., .T. ) 
 B_SPLINE_CURVE_WITH_KNOTS ( ( 4, 4 ),
 ( 4.712388980384688786, 6.283185307179586232 ),
 .UNSPECIFIED. ) 
 CURVE ( )  GEOMETRIC_REPRESENTATION_ITEM ( )  RATIONAL_B_SPLINE_CURVE ( ( 1.000000000000000000, 0.8047378541243648264, 0.8047378541243648264, 1.000000000000000000 ) ) 
 REPRESENTATION_ITEM ( '' )  );
#5166 = ORIENTED_EDGE ( 'NONE', *, *, #1579, .F. ) ;
#5167 = FACE_OUTER_BOUND ( 'NONE', #1895, .T. ) ;
#5168 = DIRECTION ( 'NONE',  ( -0.1013672451882220021, 0.9948490747861964412, 0.000000000000000000 ) ) ;
#5169 = DIRECTION ( 'NONE',  ( 0.1013672451882229181, -0.9948490747861963301, 3.733431947074288880E-19 ) ) ;
#5170 = ORIENTED_EDGE ( 'NONE', *, *, #991, .T. ) ;
#5171 = CARTESIAN_POINT ( 'NONE',  ( -2.296423120812065566, -44.79386706552546116, 69.44010924213561964 ) ) ;
#5172 = DIRECTION ( 'NONE',  ( 0.1013672451882220715, -0.9948490747861964412, 3.745135536382605176E-19 ) ) ;
#5173 = LINE ( 'NONE', #4269, #373 ) ;
#5174 = CIRCLE ( 'NONE', #4722, 1.050000000000006706 ) ;
#5175 = VERTEX_POINT ( 'NONE', #2574 ) ;
#5176 = CARTESIAN_POINT ( 'NONE',  ( 21.62777777874256913, -4.159431789797569223, 32.66994007388176868 ) ) ;
#5177 = EDGE_LOOP ( 'NONE', ( #4983, #2276, #117, #4509 ) ) ;
#5178 = ADVANCED_FACE ( 'NONE', ( #2117 ), #5560, .F. ) ;
#5179 = DIRECTION ( 'NONE',  ( -0.1013672451882220715, 0.9948490747861963301, -3.745473813640109312E-19 ) ) ;
#5180 = CARTESIAN_POINT ( 'NONE',  ( 24.68900674648696736, -14.47279565833319381, 113.3500000000004917 ) ) ;
#5181 = CARTESIAN_POINT ( 'NONE',  ( -0.05327768599238342367, -37.88563372037399546, 72.07536461431644170 ) ) ;
#5182 = CARTESIAN_POINT ( 'NONE',  ( 12.86715977472589323, -45.25917319730781685, 72.99495756345523034 ) ) ;
#5183 = CARTESIAN_POINT ( 'NONE',  ( 30.62741879343190732, -72.75391561448259381, 69.99493735843205400 ) ) ;
#5184 = DIRECTION ( 'NONE',  ( -0.000000000000000000, -0.000000000000000000, 1.000000000000000000 ) ) ;
#5185 = EDGE_LOOP ( 'NONE', ( #1590, #4082 ) ) ;
#5186 = EDGE_CURVE ( 'NONE', #2788, #2894, #5208, .T. ) ;
#5187 = DIRECTION ( 'NONE',  ( -0.1013672451882220854, 0.9948490747861964412, -7.940933880509066854E-23 ) ) ;
#5188 = CARTESIAN_POINT ( 'NONE',  ( 25.82781241908541148, -34.74593065357884569, 71.15161770965147525 ) ) ;
#5189 = CARTESIAN_POINT ( 'NONE',  ( 6.979164720953406231, 22.50769113404141919, 156.7000000000005002 ) ) ;
#5190 = EDGE_CURVE ( 'NONE', #2534, #4339, #4908, .T. ) ;
#5191 = ORIENTED_EDGE ( 'NONE', *, *, #4227, .F. ) ;
#5192 = EDGE_CURVE ( 'NONE', #318, #1880, #3071, .T. ) ;
#5193 = LINE ( 'NONE', #374, #2132 ) ;
#5194 = DIRECTION ( 'NONE',  ( -1.350714706455073349E-06, -1.376271359134233686E-07, -0.9999999999990782928 ) ) ;
#5195 = LINE ( 'NONE', #4854, #3955 ) ;
#5196 = AXIS2_PLACEMENT_3D ( 'NONE', #836, #4385, #5320 ) ;
#5197 = ORIENTED_EDGE ( 'NONE', *, *, #2885, .F. ) ;
#5198 = CARTESIAN_POINT ( 'NONE',  ( -2.911515011706408362, -38.75740031553861797, 52.06270151282224390 ) ) ;
#5199 = LINE ( 'NONE', #2589, #195 ) ;
#5200 = VERTEX_POINT ( 'NONE', #1711 ) ;
#5201 = CYLINDRICAL_SURFACE ( 'NONE', #5435, 1.549999999999999378 ) ;
#5202 = ORIENTED_EDGE ( 'NONE', *, *, #3218, .F. ) ;
#5203 = LINE ( 'NONE', #2487, #2941 ) ;
#5204 = CARTESIAN_POINT ( 'NONE',  ( 24.70411859146278388, -14.62110791605097049, 71.87922453027766778 ) ) ;
#5205 = CARTESIAN_POINT ( 'NONE',  ( 25.01930189594501641, -17.71441303911836229, 70.05370230720281199 ) ) ;
#5206 = CARTESIAN_POINT ( 'NONE',  ( -1.925831762385402879, -18.18704015271561403, 72.90423715452051567 ) ) ;
#5207 = CARTESIAN_POINT ( 'NONE',  ( -0.5601859072985911903, -37.53765137318981004, 71.23869494743428277 ) ) ;
#5208 = LINE ( 'NONE', #3784, #4272 ) ;
#5209 = ORIENTED_EDGE ( 'NONE', *, *, #2045, .T. ) ;
#5210 = DIRECTION ( 'NONE',  ( 0.9948490747852790639, 0.1013672451881314912, -1.357708165471472740E-06 ) ) ;
#5211 = CARTESIAN_POINT ( 'NONE',  ( 26.63005712478128828, -33.52285634977107520, 69.18791688253051575 ) ) ;
#5212 = EDGE_CURVE ( 'NONE', #3081, #5309, #5620, .T. ) ;
#5213 = CARTESIAN_POINT ( 'NONE',  ( 24.66882393838033849, -34.00490109848482945, 53.99494007386211081 ) ) ;
#5214 = EDGE_LOOP ( 'NONE', ( #5054, #4111, #4843, #147 ) ) ;
#5215 = CIRCLE ( 'NONE', #5678, 2.000000000000000000 ) ;
#5216 = CARTESIAN_POINT ( 'NONE',  ( 22.43924703575829227, -44.28385328100718965, 71.44612739123910217 ) ) ;
#5217 = EDGE_CURVE ( 'NONE', #2221, #3718, #863, .T. ) ;
#5218 = CARTESIAN_POINT ( 'NONE',  ( 4.520640404319559380, -45.15591619330179896, 70.30708401036632438 ) ) ;
#5219 = AXIS2_PLACEMENT_3D ( 'NONE', #2525, #2550, #5049 ) ;
#5220 = DIRECTION ( 'NONE',  ( 1.000000000000000000, 0.000000000000000000, 0.000000000000000000 ) ) ;
#5221 = ORIENTED_EDGE ( 'NONE', *, *, #5495, .T. ) ;
#5222 = ADVANCED_FACE ( 'NONE', ( #2089 ), #3837, .T. ) ;
#5223 = CARTESIAN_POINT ( 'NONE',  ( 23.51253338436814389, -12.00881087082340670, 63.77996402159430289 ) ) ;
#5224 = CARTESIAN_POINT ( 'NONE',  ( 27.46948166089199006, -41.76095700436395930, 69.99493735843203979 ) ) ;
#5225 = AXIS2_PLACEMENT_3D ( 'NONE', #5286, #5235, #2224 ) ;
#5226 = ORIENTED_EDGE ( 'NONE', *, *, #973, .F. ) ;
#5227 = APPROVAL_STATUS ( 'not_yet_approved' ) ;
#5228 = ADVANCED_FACE ( 'NONE', ( #1628 ), #3007, .T. ) ;
#5229 = EDGE_CURVE ( 'NONE', #4512, #3786, #2492, .T. ) ;
#5230 = EDGE_CURVE ( 'NONE', #319, #672, #5531, .T. ) ;
#5231 = ORIENTED_EDGE ( 'NONE', *, *, #5394, .F. ) ;
#5232 = VECTOR ( 'NONE', #351, 1000.000000000000114 ) ;
#5233 = CARTESIAN_POINT ( 'NONE',  ( 24.86160579726803377, -16.16673540839145318, 70.95010936804349910 ) ) ;
#5234 = CARTESIAN_POINT ( 'NONE',  ( -3.266630211622431279, -35.27195120206016554, 69.99497798108711777 ) ) ;
#5235 = DIRECTION ( 'NONE',  ( -0.000000000000000000, -0.000000000000000000, 1.000000000000000000 ) ) ;
#5236 = DIRECTION ( 'NONE',  ( 1.128276928546408485E-16, -1.107325405147169919E-15, -1.000000000000000000 ) ) ;
#5237 = AXIS2_PLACEMENT_3D ( 'NONE', #2526, #316, #2440 ) ;
#5238 = ORIENTED_EDGE ( 'NONE', *, *, #3870, .T. ) ;
#5239 = CIRCLE ( 'NONE', #3876, 7.000000000000001776 ) ;
#5240 = CARTESIAN_POINT ( 'NONE',  ( -11.92954267630223519, 18.67321837397397388, 112.3500000000004917 ) ) ;
#5241 = DIRECTION ( 'NONE',  ( 0.000000000000000000, 0.000000000000000000, -1.000000000000000000 ) ) ;
#5242 = DIRECTION ( 'NONE',  ( 1.350714706455111253E-06, 1.376271359130508594E-07, 0.9999999999990782928 ) ) ;
#5243 = CARTESIAN_POINT ( 'NONE',  ( -3.298104769670045844, -13.68768610449784795, 72.87399147621553652 ) ) ;
#5244 = ORIENTED_EDGE ( 'NONE', *, *, #564, .T. ) ;
#5245 = LOCAL_TIME ( 20, 49, 34.00000000000000000, #878 ) ;
#5246 = EDGE_CURVE ( 'NONE', #3768, #929, #262, .T. ) ;
#5247 = CARTESIAN_POINT ( 'NONE',  ( 22.28082886476032698, -43.37807755513271957, 71.48493136994623853 ) ) ;
#5248 = CARTESIAN_POINT ( 'NONE',  ( -3.014441925946105272, -37.74700615237435386, 69.83343677162157803 ) ) ;
#5249 = DIRECTION ( 'NONE',  ( 6.903152180341684826E-18, 7.033765596924220165E-19, -1.000000000000000000 ) ) ;
#5250 = ORIENTED_EDGE ( 'NONE', *, *, #5229, .F. ) ;
#5251 = CARTESIAN_POINT ( 'NONE',  ( 16.72745906236007229, -36.01398277527195546, 72.99495515002760726 ) ) ;
#5252 = DIRECTION ( 'NONE',  ( -0.9999999999990877297, 9.288357914640149922E-14, 1.350714706455111253E-06 ) ) ;
#5253 = CARTESIAN_POINT ( 'NONE',  ( 6.349743540596019642, 3.045642788675047452, 113.3500000000004917 ) ) ;
#5254 = ORIENTED_EDGE ( 'NONE', *, *, #973, .T. ) ;
#5255 = DIRECTION ( 'NONE',  ( 0.7934081145762279519, -0.6086900391205654071, 0.000000000000000000 ) ) ;
#5256 = EDGE_CURVE ( 'NONE', #3257, #2139, #879, .T. ) ;
#5257 = EDGE_LOOP ( 'NONE', ( #944, #758, #2410, #4801 ) ) ;
#5258 = ORIENTED_EDGE ( 'NONE', *, *, #3186, .T. ) ;
#5259 = LINE ( 'NONE', #3915, #4469 ) ;
#5260 = LINE ( 'NONE', #3169, #3220 ) ;
#5261 = CARTESIAN_POINT ( 'NONE',  ( -4.938491670970158509, -18.86379254444722520, 70.00656420291682025 ) ) ;
#5262 = EDGE_LOOP ( 'NONE', ( #4549, #4556, #3821, #3971 ) ) ;
#5263 = AXIS2_PLACEMENT_3D ( 'NONE', #4916, #2669, #4803 ) ;
#5264 = LINE ( 'NONE', #1285, #2171 ) ;
#5265 = CIRCLE ( 'NONE', #2803, 4.000000000000000000 ) ;
#5266 = CARTESIAN_POINT ( 'NONE',  ( 6.349743540596019642, 3.045642788675047452, 106.7000000000005002 ) ) ;
#5267 = CARTESIAN_POINT ( 'NONE',  ( 3.348620317551953551, -75.53340923178218702, 63.23688373791540585 ) ) ;
#5268 = CARTESIAN_POINT ( 'NONE',  ( -3.302418686293402406, -13.52202014041082911, 70.61549811120427478 ) ) ;
#5269 = ORIENTED_EDGE ( 'NONE', *, *, #5350, .T. ) ;
#5270 = CARTESIAN_POINT ( 'NONE',  ( -4.673988628451147598, -19.74368407992718133, 70.05112279918984086 ) ) ;
#5271 = CARTESIAN_POINT ( 'NONE',  ( 23.05957904433812189, -8.346201229641989627, 71.01273864712550221 ) ) ;
#5272 = DIRECTION ( 'NONE',  ( 0.000000000000000000, 0.000000000000000000, 1.000000000000000000 ) ) ;
#5273 = CARTESIAN_POINT ( 'NONE',  ( -4.232630522367681891, -47.00150646136106047, 113.3500000000004917 ) ) ;
#5274 = ORIENTED_EDGE ( 'NONE', *, *, #4080, .F. ) ;
#5275 = CARTESIAN_POINT ( 'NONE',  ( 3.331063777407052839, -42.23297014479844336, 72.99497410063713687 ) ) ;
#5276 = AXIS2_PLACEMENT_3D ( 'NONE', #285, #3815, #4280 ) ;
#5277 = CARTESIAN_POINT ( 'NONE',  ( -10.75912038262674741, 17.05145647576961210, 113.3500000000004917 ) ) ;
#5278 = LINE ( 'NONE', #3911, #4042 ) ;
#5279 = ADVANCED_FACE ( 'NONE', ( #1737 ), #1818, .T. ) ;
#5280 = ORIENTED_EDGE ( 'NONE', *, *, #697, .F. ) ;
#5281 = DATE_AND_TIME ( #3558, #2225 ) ;
#5282 = AXIS2_PLACEMENT_3D ( 'NONE', #1972, #1514, #164 ) ;
#5283 = ORIENTED_EDGE ( 'NONE', *, *, #1692, .F. ) ;
#5284 = CARTESIAN_POINT ( 'NONE',  ( -1.987261340629970618, -37.17770295067185771, 70.75366618168089872 ) ) ;
#5285 = EDGE_CURVE ( 'NONE', #4681, #8, #476, .T. ) ;
#5286 = CARTESIAN_POINT ( 'NONE',  ( -1.298524017331461389, -13.58194249317875091, 21.41636012479020224 ) ) ;
#5287 = CARTESIAN_POINT ( 'NONE',  ( -4.716022703549154649, -21.04718442251714805, 68.99497798552938832 ) ) ;
#5288 = ORIENTED_EDGE ( 'NONE', *, *, #4244, .T. ) ;
#5289 = DIRECTION ( 'NONE',  ( -1.300521258203570299E-15, -1.328893579683918750E-16, -1.000000000000000000 ) ) ;
#5290 = FACE_OUTER_BOUND ( 'NONE', #491, .T. ) ;
#5291 = DIRECTION ( 'NONE',  ( -0.9999999999990877297, 9.280770596475915431E-14, 1.350714706749300619E-06 ) ) ;
#5292 = LINE ( 'NONE', #71, #602 ) ;
#5293 = ORIENTED_EDGE ( 'NONE', *, *, #1575, .F. ) ;
#5294 = EDGE_CURVE ( 'NONE', #2139, #5566, #3919, .T. ) ;
#5295 = CARTESIAN_POINT ( 'NONE',  ( -4.859077463174402922, -19.32600464477426527, 70.00373504132738844 ) ) ;
#5296 = CARTESIAN_POINT ( 'NONE',  ( 23.03154839131613585, -8.071099847802106098, 70.73601511499741434 ) ) ;
#5297 = CARTESIAN_POINT ( 'NONE',  ( 21.94136902958277346, -12.16890008075382212, 63.77996616582172607 ) ) ;
#5298 = CARTESIAN_POINT ( 'NONE',  ( 7.899743540596020352, 3.045642788675047452, 106.7000000000005002 ) ) ;
#5299 = CIRCLE ( 'NONE', #4396, 1.550000000000000266 ) ;
#5300 = EDGE_LOOP ( 'NONE', ( #979, #1390 ) ) ;
#5301 = ORIENTED_EDGE ( 'NONE', *, *, #451, .T. ) ;
#5302 = AXIS2_PLACEMENT_3D ( 'NONE', #134, #2777, #4531 ) ;
#5303 = CARTESIAN_POINT ( 'NONE',  ( 4.692449533293434172, -39.49129016667580316, 72.99497188446378004 ) ) ;
#5304 = CARTESIAN_POINT ( 'NONE',  ( -4.641504603523507022, -21.77852779411309569, 68.99497798108799884 ) ) ;
#5305 = LINE ( 'NONE', #1382, #3406 ) ;
#5306 =( BOUNDED_CURVE ( )  B_SPLINE_CURVE ( 3, ( #4584, #2315, #1030, #536 ),
 .UNSPECIFIED., .F., .F. ) 
 B_SPLINE_CURVE_WITH_KNOTS ( ( 4, 4 ),
 ( 4.803423758422106005, 6.283185307179586232 ),
 .UNSPECIFIED. ) 
 CURVE ( )  GEOMETRIC_REPRESENTATION_ITEM ( )  RATIONAL_B_SPLINE_CURVE ( ( 1.000000000000000000, 0.8256992972506644879, 0.8256992972506644879, 1.000000000000000000 ) ) 
 REPRESENTATION_ITEM ( '' )  );
#5307 = DIRECTION ( 'NONE',  ( -1.000000000000000000, 0.000000000000000000, 0.000000000000000000 ) ) ;
#5308 = CARTESIAN_POINT ( 'NONE',  ( -0.1868534277531621046, -37.79355680758433067, 71.77656708553821829 ) ) ;
#5309 = VERTEX_POINT ( 'NONE', #3088 ) ;
#5310 = DATE_TIME_ROLE ( 'creation_date' ) ;
#5311 = ORIENTED_EDGE ( 'NONE', *, *, #206, .T. ) ;
#5312 = VECTOR ( 'NONE', #3623, 1000.000000000000114 ) ;
#5313 = ORIENTED_EDGE ( 'NONE', *, *, #3196, .F. ) ;
#5314 = CARTESIAN_POINT ( 'NONE',  ( 3.520449952341982769, -46.21152893676822515, 71.11797035495307284 ) ) ;
#5315 = CIRCLE ( 'NONE', #3487, 9.600000000000004974 ) ;
#5316 = CARTESIAN_POINT ( 'NONE',  ( 6.776430230576962366, 24.49738928361381340, 156.7000000000005002 ) ) ;
#5317 = CARTESIAN_POINT ( 'NONE',  ( 50.61244431474126770, -31.36145155984409172, 63.77993008079457837 ) ) ;
#5318 = ORIENTED_EDGE ( 'NONE', *, *, #825, .F. ) ;
#5319 = AXIS2_PLACEMENT_3D ( 'NONE', #2727, #3655, #4116 ) ;
#5320 = DIRECTION ( 'NONE',  ( -0.9948490747852795080, -0.1013672451881289793, 1.357708158863012953E-06 ) ) ;
#5321 = DIRECTION ( 'NONE',  ( 0.1013672451882220854, -0.9948490747861964412, -2.049452756230474410E-16 ) ) ;
#5322 = VECTOR ( 'NONE', #4847, 1000.000000000000114 ) ;
#5323 = DIRECTION ( 'NONE',  ( 0.9948490747861964412, 0.1013672451882218634, 0.000000000000000000 ) ) ;
#5324 = CARTESIAN_POINT ( 'NONE',  ( -5.540198530230524554, -12.95869907329060133, 51.99497798110267865 ) ) ;
#5325 = ORIENTED_EDGE ( 'NONE', *, *, #2723, .F. ) ;
#5326 = EDGE_CURVE ( 'NONE', #3651, #4735, #3599, .T. ) ;
#5327 = AXIS2_PLACEMENT_3D ( 'NONE', #912, #3438, #2657 ) ;
#5328 = DIRECTION ( 'NONE',  ( -0.1013672451882220715, 0.9948490747861963301, -3.744813952309919630E-19 ) ) ;
#5329 = DIRECTION ( 'NONE',  ( -0.1013672451882220715, 0.9948490747861964412, -3.745135536382605176E-19 ) ) ;
#5330 = DIRECTION ( 'NONE',  ( 1.350714706455073349E-06, 1.376271359134233686E-07, 0.9999999999990782928 ) ) ;
#5331 = CARTESIAN_POINT ( 'NONE',  ( -2.942386060444549756, -17.32149220725428407, 72.53647601447578097 ) ) ;
#5332 = EDGE_CURVE ( 'NONE', #2788, #3439, #2681, .T. ) ;
#5333 = CIRCLE ( 'NONE', #1673, 1.550000000000000266 ) ;
#5334 = ORIENTED_EDGE ( 'NONE', *, *, #4888, .T. ) ;
#5335 = VERTEX_POINT ( 'NONE', #2226 ) ;
#5336 = VERTEX_POINT ( 'NONE', #534 ) ;
#5337 = FACE_OUTER_BOUND ( 'NONE', #473, .T. ) ;
#5338 = LOCAL_TIME ( 20, 49, 34.00000000000000000, #678 ) ;
#5339 = PLANE ( 'NONE',  #78 ) ;
#5340 = DIRECTION ( 'NONE',  ( 0.1013672451882220438, -0.9948490747861963301, 0.000000000000000000 ) ) ;
#5341 = CARTESIAN_POINT ( 'NONE',  ( -1.839303016125759527, -37.77553956189589002, 70.63461251803060748 ) ) ;
#5342 = CARTESIAN_POINT ( 'NONE',  ( -1.146145504235808188, -37.80894308333462561, 71.50387464305528340 ) ) ;
#5343 = VERTEX_POINT ( 'NONE', #964 ) ;
#5344 = EDGE_LOOP ( 'NONE', ( #3792, #2265, #3794, #2340 ) ) ;
#5345 = EDGE_LOOP ( 'NONE', ( #3737, #1352, #1607, #1561, #366, #779, #1232, #3310, #3507 ) ) ;
#5346 = CARTESIAN_POINT ( 'NONE',  ( 3.329749847095879289, -46.23095976785116790, 69.97753224061115418 ) ) ;
#5347 = FACE_OUTER_BOUND ( 'NONE', #4455, .T. ) ;
#5348 = CARTESIAN_POINT ( 'NONE',  ( -2.296422371342698998, -44.79386698916049880, 69.99497798108708935 ) ) ;
#5349 = ORIENTED_EDGE ( 'NONE', *, *, #3525, .F. ) ;
#5350 = EDGE_CURVE ( 'NONE', #4735, #4654, #2170, .T. ) ;
#5351 = CARTESIAN_POINT ( 'NONE',  ( 19.22239490473489454, -9.480668115718437150, 112.4500000000005002 ) ) ;
#5352 = CARTESIAN_POINT ( 'NONE',  ( -7.578143506410728314, 1.626501356039936175, 106.7000000000005002 ) ) ;
#5353 = CARTESIAN_POINT ( 'NONE',  ( 23.82530218208125916, -5.996135518342868842, 69.99493735846891695 ) ) ;
#5354 = DIRECTION ( 'NONE',  ( 0.1013672451882220438, -0.9948490747861963301, 1.113058687203529728E-15 ) ) ;
#5355 = ADVANCED_FACE ( 'NONE', ( #2738 ), #1851, .T. ) ;
#5356 = ORIENTED_EDGE ( 'NONE', *, *, #2425, .F. ) ;
#5357 = VECTOR ( 'NONE', #4994, 1000.000000000000000 ) ;
#5358 = CYLINDRICAL_SURFACE ( 'NONE', #4194, 1.050000000000004929 ) ;
#5359 = CARTESIAN_POINT ( 'NONE',  ( -5.540182612023383690, -12.95869745135130913, 63.78000339425522469 ) ) ;
#5360 = CYLINDRICAL_SURFACE ( 'NONE', #1197, 1.999999999998634870 ) ;
#5361 = EDGE_CURVE ( 'NONE', #3997, #3512, #4368, .T. ) ;
#5362 = CARTESIAN_POINT ( 'NONE',  ( -3.817186283263830138, -18.88456679180725928, 70.59664373084821420 ) ) ;
#5363 = EDGE_LOOP ( 'NONE', ( #3058, #4609, #2818, #840 ) ) ;
#5364 = ORIENTED_EDGE ( 'NONE', *, *, #5517, .T. ) ;
#5365 = EDGE_CURVE ( 'NONE', #4923, #2844, #5265, .T. ) ;
#5366 = ORIENTED_EDGE ( 'NONE', *, *, #636, .F. ) ;
#5367 = CARTESIAN_POINT ( 'NONE',  ( 14.35933284376250185, -35.35206729054162622, 72.99495825759298384 ) ) ;
#5368 = FACE_BOUND ( 'NONE', #2258, .T. ) ;
#5369 = FACE_OUTER_BOUND ( 'NONE', #1283, .T. ) ;
#5370 = CARTESIAN_POINT ( 'NONE',  ( -2.838818617136346756, -18.19526054890384614, 72.99497380845832595 ) ) ;
#5371 = FACE_OUTER_BOUND ( 'NONE', #914, .T. ) ;
#5372 = ORIENTED_EDGE ( 'NONE', *, *, #4394, .T. ) ;
#5373 = ORIENTED_EDGE ( 'NONE', *, *, #5130, .F. ) ;
#5374 = CIRCLE ( 'NONE', #1894, 1.550000000000000266 ) ;
#5375 = CARTESIAN_POINT ( 'NONE',  ( -4.666266610729622677, -21.53550589968248374, 68.99497798108802726 ) ) ;
#5376 = FACE_OUTER_BOUND ( 'NONE', #5487, .T. ) ;
#5377 = DIRECTION ( 'NONE',  ( -1.128276928546408485E-16, 1.107325405147169919E-15, 1.000000000000000000 ) ) ;
#5378 = CYLINDRICAL_SURFACE ( 'NONE', #1591, 1.050000000000004929 ) ;
#5379 = ORIENTED_EDGE ( 'NONE', *, *, #3057, .T. ) ;
#5380 = CARTESIAN_POINT ( 'NONE',  ( 7.181861410020319525, 20.41673499121138846, 149.2000000000005002 ) ) ;
#5381 = CARTESIAN_POINT ( 'NONE',  ( -7.578143506410728314, 1.626501356039936175, 156.7000000000005002 ) ) ;
#5382 = CARTESIAN_POINT ( 'NONE',  ( 7.181861410020324854, 20.41673499121139201, 112.4931697339984424 ) ) ;
#5383 = CARTESIAN_POINT ( 'NONE',  ( -3.111013781496910546, -12.73082478394034389, 72.99497815744715012 ) ) ;
#5384 = VERTEX_POINT ( 'NONE', #4815 ) ;
#5385 = AXIS2_PLACEMENT_3D ( 'NONE', #4663, #5036, #1109 ) ;
#5386 = CARTESIAN_POINT ( 'NONE',  ( -0.7106950327871642825, -39.08131476680486571, 72.87399147639987973 ) ) ;
#5387 = ADVANCED_FACE ( 'NONE', ( #2280 ), #5070, .T. ) ;
#5388 = DIRECTION ( 'NONE',  ( -0.000000000000000000, -0.000000000000000000, 1.000000000000000000 ) ) ;
#5389 = CYLINDRICAL_SURFACE ( 'NONE', #1107, 2.000000000000000000 ) ;
#5390 = FACE_OUTER_BOUND ( 'NONE', #2024, .T. ) ;
#5391 = ORIENTED_EDGE ( 'NONE', *, *, #1970, .F. ) ;
#5392 = EDGE_LOOP ( 'NONE', ( #4112, #4577, #1750, #4680, #5483, #3282, #1520, #725, #5301, #4886 ) ) ;
#5393 = EDGE_LOOP ( 'NONE', ( #2054, #3628, #1420, #2842, #3576 ) ) ;
#5394 = EDGE_CURVE ( 'NONE', #886, #1049, #4868, .T. ) ;
#5395 = ORIENTED_EDGE ( 'NONE', *, *, #3289, .F. ) ;
#5396 = DIRECTION ( 'NONE',  ( 1.000000000000000000, 0.000000000000000000, 6.903152180341684056E-18 ) ) ;
#5397 = DIRECTION ( 'NONE',  ( 0.9948490747861964412, 0.1013672451882220993, 0.000000000000000000 ) ) ;
#5398 = CARTESIAN_POINT ( 'NONE',  ( 7.178347534237905947, 20.55285022718376098, 112.3973507499124622 ) ) ;
#5399 = DIRECTION ( 'NONE',  ( -1.000000000000000000, 0.000000000000000000, 0.000000000000000000 ) ) ;
#5400 = EDGE_LOOP ( 'NONE', ( #4807, #4598, #261, #4635, #274, #3819, #292 ) ) ;
#5401 = DATE_TIME_ROLE ( 'classification_date' ) ;
#5402 = ORIENTED_EDGE ( 'NONE', *, *, #5646, .F. ) ;
#5403 = VECTOR ( 'NONE', #1299, 999.9999999999998863 ) ;
#5404 = EDGE_CURVE ( 'NONE', #4950, #3477, #3315, .T. ) ;
#5405 = B_SPLINE_CURVE_WITH_KNOTS ( 'NONE', 3,
 ( #419, #4786, #4352, #5614 ),
 .UNSPECIFIED., .F., .F.,
 ( 4, 4 ),
 ( 0.000000000000000000, 9.074717136257236987E-05 ),
 .UNSPECIFIED. ) ;
#5406 = CARTESIAN_POINT ( 'NONE',  ( 22.05747324105287177, -43.39593440602133256, 71.15440822764726647 ) ) ;
#5407 = CARTESIAN_POINT ( 'NONE',  ( 3.265331996387626390, -45.31565302413387997, 71.48889665098690216 ) ) ;
#5408 = DIRECTION ( 'NONE',  ( 0.9999999999990877297, 0.000000000000000000, -1.350714706455124382E-06 ) ) ;
#5409 = AXIS2_PLACEMENT_3D ( 'NONE', #5449, #3271, #1094 ) ;
#5410 = EDGE_CURVE ( 'NONE', #2294, #4995, #625, .T. ) ;
#5411 = CARTESIAN_POINT ( 'NONE',  ( -3.107366026076638033, -36.83507497096578476, 65.78000339425339860 ) ) ;
#5412 = VERTEX_POINT ( 'NONE', #217 ) ;
#5413 = AXIS2_PLACEMENT_3D ( 'NONE', #5352, #2830, #1945 ) ;
#5414 = CARTESIAN_POINT ( 'NONE',  ( -7.578143506410728314, 1.626501356039936175, 106.7000000000005002 ) ) ;
#5415 = FACE_OUTER_BOUND ( 'NONE', #2508, .T. ) ;
#5416 = CARTESIAN_POINT ( 'NONE',  ( 25.47975649702727807, -41.96369424728293751, 69.99494007388523187 ) ) ;
#5417 = DIRECTION ( 'NONE',  ( 9.301573989476108429E-14, -0.9999999999999904521, 1.376271359134232363E-07 ) ) ;
#5418 = VERTEX_POINT ( 'NONE', #4156 ) ;
#5419 = CIRCLE ( 'NONE', #1486, 1.550000000000000266 ) ;
#5420 = CARTESIAN_POINT ( 'NONE',  ( 23.89832663994292972, -15.71099136211345737, 72.02321637996807624 ) ) ;
#5421 = DIRECTION ( 'NONE',  ( -1.000000000000000000, 0.000000000000000000, 0.000000000000000000 ) ) ;
#5422 = FACE_OUTER_BOUND ( 'NONE', #5595, .T. ) ;
#5423 = CARTESIAN_POINT ( 'NONE',  ( 23.13455484285973540, -9.082049987889686093, 72.99493871617984553 ) ) ;
#5424 = EDGE_LOOP ( 'NONE', ( #499, #5453, #4951, #3446 ) ) ;
#5425 = ORIENTED_EDGE ( 'NONE', *, *, #5246, .T. ) ;
#5426 = AXIS2_PLACEMENT_3D ( 'NONE', #18, #2687, #3541 ) ;
#5427 = EDGE_CURVE ( 'NONE', #5135, #1819, #2429, .T. ) ;
#5428 = ORIENTED_EDGE ( 'NONE', *, *, #5615, .T. ) ;
#5429 = CARTESIAN_POINT ( 'NONE',  ( 22.83045445800977191, -6.097502625903955753, 69.99493871617524121 ) ) ;
#5430 = CARTESIAN_POINT ( 'NONE',  ( 9.313489081236575373, -0.4020804175723800555, 108.4500000000004718 ) ) ;
#5431 = AXIS2_PLACEMENT_3D ( 'NONE', #5559, #2029, #5073 ) ;
#5432 = CARTESIAN_POINT ( 'NONE',  ( 4.786732081004568151, 24.29465479323737043, 156.7000000000005002 ) ) ;
#5433 = VERTEX_POINT ( 'NONE', #5068 ) ;
#5434 = EDGE_LOOP ( 'NONE', ( #4576, #2106, #3156, #5056, #3740, #3303, #4751, #1955, #1556, #1339, #82, #1908, #4266, #3703, #5425, #2032 ) ) ;
#5435 = AXIS2_PLACEMENT_3D ( 'NONE', #2190, #1758, #4401 ) ;
#5436 = DIRECTION ( 'NONE',  ( 0.9948490747852797300, 0.1013672451881257042, -1.357708165471483539E-06 ) ) ;
#5437 = CARTESIAN_POINT ( 'NONE',  ( 3.531445593814749984, -46.21040856794633100, 69.81229350493022423 ) ) ;
#5438 = LINE ( 'NONE', #3314, #2205 ) ;
#5439 = ADVANCED_FACE ( 'NONE', ( #1142 ), #783, .F. ) ;
#5440 = VECTOR ( 'NONE', #2453, 1000.000000000000000 ) ;
#5441 = CARTESIAN_POINT ( 'NONE',  ( 24.83856935356028472, -16.30740319313836295, 69.99493740894428129 ) ) ;
#5442 = ORIENTED_EDGE ( 'NONE', *, *, #3926, .F. ) ;
#5443 = CARTESIAN_POINT ( 'NONE',  ( 20.27033339826247271, -7.212759650607319273, 61.66994232764935902 ) ) ;
#5444 = DIRECTION ( 'NONE',  ( -0.1013672451882220715, 0.9948490747861963301, -5.293955920339376531E-23 ) ) ;
#5445 = CARTESIAN_POINT ( 'NONE',  ( -10.33497385574561456, 22.75387266637639527, 156.7000000000005002 ) ) ;
#5446 = LINE ( 'NONE', #3671, #5357 ) ;
#5447 = ORIENTED_EDGE ( 'NONE', *, *, #353, .F. ) ;
#5448 = LINE ( 'NONE', #3608, #3825 ) ;
#5449 = CARTESIAN_POINT ( 'NONE',  ( 23.69415767170077203, -14.57416290352141175, 41.71066611099396937 ) ) ;
#5450 = CARTESIAN_POINT ( 'NONE',  ( -4.136031802809514879, -20.25150596823569771, 70.26491169697365535 ) ) ;
#5451 = EDGE_LOOP ( 'NONE', ( #4724, #1874, #4550, #4713 ) ) ;
#5452 = ORIENTED_EDGE ( 'NONE', *, *, #4263, .T. ) ;
#5453 = ORIENTED_EDGE ( 'NONE', *, *, #2653, .T. ) ;
#5454 = CIRCLE ( 'NONE', #2797, 1.550000000000000266 ) ;
#5455 = ORIENTED_EDGE ( 'NONE', *, *, #2723, .T. ) ;
#5456 = FACE_BOUND ( 'NONE', #2901, .T. ) ;
#5457 = CARTESIAN_POINT ( 'NONE',  ( -1.760569238569350992, -45.97360249567970669, 70.14737672709686933 ) ) ;
#5458 = CARTESIAN_POINT ( 'NONE',  ( 7.181861410020324854, 20.48456953437445094, 112.4456362016856303 ) ) ;
#5459 = ORIENTED_EDGE ( 'NONE', *, *, #4557, .F. ) ;
#5460 = ORIENTED_EDGE ( 'NONE', *, *, #4444, .T. ) ;
#5461 = DIRECTION ( 'NONE',  ( -0.000000000000000000, -0.000000000000000000, -1.000000000000000000 ) ) ;
#5462 = EDGE_CURVE ( 'NONE', #1378, #5588, #1567, .T. ) ;
#5463 = CARTESIAN_POINT ( 'NONE',  ( -2.213255691884845167, -9.503659391859022421, 61.66997301185376301 ) ) ;
#5464 = DIRECTION ( 'NONE',  ( 0.9948490747852790639, 0.1013672451881315884, -1.357708165471473798E-06 ) ) ;
#5465 = EDGE_LOOP ( 'NONE', ( #4139, #3741, #1540, #3875 ) ) ;
#5466 = EDGE_CURVE ( 'NONE', #36, #3989, #3287, .T. ) ;
#5467 = CARTESIAN_POINT ( 'NONE',  ( -0.6202547764937444974, -36.58165802337397565, 63.77999999999675396 ) ) ;
#5468 = VECTOR ( 'NONE', #3204, 1000.000000000000000 ) ;
#5469 = CARTESIAN_POINT ( 'NONE',  ( -4.202843832600387408, -4.808300875000101726, 102.1000000000004917 ) ) ;
#5470 = PLANE ( 'NONE',  #3138 ) ;
#5471 = DIRECTION ( 'NONE',  ( 6.903152180341686367E-18, 7.033765596924231720E-19, -1.000000000000000000 ) ) ;
#5472 = EDGE_LOOP ( 'NONE', ( #2678, #3070, #3136, #3967 ) ) ;
#5473 = B_SPLINE_CURVE_WITH_KNOTS ( 'NONE', 3,
 ( #4685, #1696, #2445, #350, #5599, #5085, #1669, #5139 ),
 .UNSPECIFIED., .F., .F.,
 ( 4, 2, 2, 4 ),
 ( -1.110555250214326026E-05, 0.001423954663972981042, 0.002141484772210542828, 0.002859014880448105048 ),
 .UNSPECIFIED. ) ;
#5474 = CARTESIAN_POINT ( 'NONE',  ( 23.91073336466706678, -15.86332773792059569, 71.65880690831293975 ) ) ;
#5475 = CARTESIAN_POINT ( 'NONE',  ( 21.26578773353118379, -5.538403277475447695, 67.78000000000039904 ) ) ;
#5476 = CARTESIAN_POINT ( 'NONE',  ( 25.90449606471164046, -35.37026928313044749, 72.99493859275902707 ) ) ;
#5477 = FACE_OUTER_BOUND ( 'NONE', #4062, .T. ) ;
#5478 = TOROIDAL_SURFACE ( 'NONE', #5664, 4.000000000000000000, 1.000000000000000000 ) ;
#5479 = ORIENTED_EDGE ( 'NONE', *, *, #3153, .F. ) ;
#5480 = ADVANCED_FACE ( 'NONE', ( #2311 ), #2781, .F. ) ;
#5481 = EDGE_CURVE ( 'NONE', #1181, #429, #1314, .T. ) ;
#5482 = ORIENTED_EDGE ( 'NONE', *, *, #4643, .F. ) ;
#5483 = ORIENTED_EDGE ( 'NONE', *, *, #1521, .T. ) ;
#5484 = PLANE ( 'NONE',  #479 ) ;
#5485 = CARTESIAN_POINT ( 'NONE',  ( 33.44285081253960357, -0.9452141901874402397, 69.99492367276070581 ) ) ;
#5486 = LINE ( 'NONE', #1560, #2951 ) ;
#5487 = EDGE_LOOP ( 'NONE', ( #1129, #877, #1665, #1238 ) ) ;
#5488 =( BOUNDED_CURVE ( )  B_SPLINE_CURVE ( 3, ( #2058, #5557, #5124, #1199 ),
 .UNSPECIFIED., .F., .F. ) 
 B_SPLINE_CURVE_WITH_KNOTS ( ( 4, 4 ),
 ( 0.000000000000000000, 1.570796326794896558 ),
 .UNSPECIFIED. ) 
 CURVE ( )  GEOMETRIC_REPRESENTATION_ITEM ( )  RATIONAL_B_SPLINE_CURVE ( ( 1.000000000000000000, 0.8047378541243649375, 0.8047378541243649375, 1.000000000000000000 ) ) 
 REPRESENTATION_ITEM ( '' )  );
#5489 = FACE_OUTER_BOUND ( 'NONE', #4218, .T. ) ;
#5490 = LINE ( 'NONE', #4636, #692 ) ;
#5491 = CARTESIAN_POINT ( 'NONE',  ( 21.67306208921925759, -7.069832701432309463, 65.69314762838465072 ) ) ;
#5492 = CARTESIAN_POINT ( 'NONE',  ( -0.6152014920796888831, 2.335970026501086760, 106.7000000000005002 ) ) ;
#5493 = AXIS2_PLACEMENT_3D ( 'NONE', #762, #265, #2074 ) ;
#5494 = ORIENTED_EDGE ( 'NONE', *, *, #1271, .T. ) ;
#5495 = EDGE_CURVE ( 'NONE', #352, #2614, #4580, .T. ) ;
#5496 = CARTESIAN_POINT ( 'NONE',  ( 3.461660359499438844, -45.29133562517490219, 71.19208075997983087 ) ) ;
#5497 = CIRCLE ( 'NONE', #1652, 9.599999999999997868 ) ;
#5498 = CARTESIAN_POINT ( 'NONE',  ( 0.05182856204804901779, -46.56495399776029842, 102.1000000000004917 ) ) ;
#5499 = DIRECTION ( 'NONE',  ( 1.350714706455111253E-06, 1.376271359130508594E-07, 0.9999999999990782928 ) ) ;
#5500 = CARTESIAN_POINT ( 'NONE',  ( -1.665594501567869701, -11.60898888044575905, 72.99497663500613953 ) ) ;
#5501 = VERTEX_POINT ( 'NONE', #1056 ) ;
#5502 = AXIS2_PLACEMENT_3D ( 'NONE', #4644, #1145, #3345 ) ;
#5503 = CARTESIAN_POINT ( 'NONE',  ( -2.931353828439265730, -17.28709174961453598, 102.1000000000004917 ) ) ;
#5504 = LINE ( 'NONE', #3246, #2888 ) ;
#5505 = DIRECTION ( 'NONE',  ( -0.1013672451882220993, 0.9948490747861964412, -3.744813952309920592E-19 ) ) ;
#5506 = VECTOR ( 'NONE', #3528, 1000.000000000000000 ) ;
#5507 = CARTESIAN_POINT ( 'NONE',  ( -0.8030926572547112396, -38.17449628669940154, 72.93279496472396772 ) ) ;
#5508 = EDGE_CURVE ( 'NONE', #3832, #529, #3222, .T. ) ;
#5509 = ORIENTED_EDGE ( 'NONE', *, *, #2554, .F. ) ;
#5510 = ORIENTED_EDGE ( 'NONE', *, *, #2939, .T. ) ;
#5511 = ADVANCED_FACE ( 'NONE', ( #1456 ), #5378, .F. ) ;
#5512 = CIRCLE ( 'NONE', #2578, 2.000000000000000000 ) ;
#5513 = ORIENTED_EDGE ( 'NONE', *, *, #5159, .T. ) ;
#5514 = CARTESIAN_POINT ( 'NONE',  ( 20.44088489404664699, -43.51474111205133966, 70.08945486715475681 ) ) ;
#5515 = EDGE_CURVE ( 'NONE', #4343, #2529, #3893, .T. ) ;
#5516 = EDGE_CURVE ( 'NONE', #1395, #212, #1539, .T. ) ;
#5517 = EDGE_CURVE ( 'NONE', #822, #868, #585, .T. ) ;
#5518 = CARTESIAN_POINT ( 'NONE',  ( -7.578143506410728314, 1.626501356039936175, 156.7000000000005002 ) ) ;
#5519 = FACE_OUTER_BOUND ( 'NONE', #138, .T. ) ;
#5520 = AXIS2_PLACEMENT_3D ( 'NONE', #5683, #4474, #2840 ) ;
#5521 = ORIENTED_EDGE ( 'NONE', *, *, #825, .T. ) ;
#5522 = CARTESIAN_POINT ( 'NONE',  ( 7.899743540596020352, 3.045642788675047452, 150.0500000000004945 ) ) ;
#5523 = FACE_OUTER_BOUND ( 'NONE', #281, .T. ) ;
#5524 = DIRECTION ( 'NONE',  ( 0.000000000000000000, 0.000000000000000000, -1.000000000000000000 ) ) ;
#5525 = CYLINDRICAL_SURFACE ( 'NONE', #2049, 1.000000000000000888 ) ;
#5526 = EDGE_LOOP ( 'NONE', ( #1469, #3634, #3185, #805 ) ) ;
#5527 = CC_DESIGN_SECURITY_CLASSIFICATION ( #2967, ( #1589 ) ) ;
#5528 = CARTESIAN_POINT ( 'NONE',  ( -1.380630436068336965E-17, -1.406753119384845189E-18, 112.4500000000005002 ) ) ;
#5529 = CARTESIAN_POINT ( 'NONE',  ( -4.635144689299750098, 2.328440675662673431, 150.0500000000004945 ) ) ;
#5530 = CARTESIAN_POINT ( 'NONE',  ( 0.09283839854599171271, -37.99888507532427440, 72.90423715452051567 ) ) ;
#5531 = LINE ( 'NONE', #2602, #4821 ) ;
#5532 = ORIENTED_EDGE ( 'NONE', *, *, #4633, .T. ) ;
#5533 = LINE ( 'NONE', #5104, #1712 ) ;
#5534 = DIRECTION ( 'NONE',  ( 0.9948490747861964412, 0.1013672451882218634, 0.000000000000000000 ) ) ;
#5535 = CARTESIAN_POINT ( 'NONE',  ( 26.86782487261170616, -35.85638157780574886, 71.20550262724796653 ) ) ;
#5536 = EDGE_CURVE ( 'NONE', #5343, #3343, #4303, .T. ) ;
#5537 = CARTESIAN_POINT ( 'NONE',  ( 4.786732081004570816, 24.29465479323737043, 106.7000000000005002 ) ) ;
#5538 = ORIENTED_EDGE ( 'NONE', *, *, #5583, .T. ) ;
#5539 = ORIENTED_EDGE ( 'NONE', *, *, #5190, .T. ) ;
#5540 = ORIENTED_EDGE ( 'NONE', *, *, #221, .F. ) ;
#5541 = CARTESIAN_POINT ( 'NONE',  ( -6.028143506410727603, 1.626501356039936397, 156.7000000000005002 ) ) ;
#5542 = ADVANCED_FACE ( 'NONE', ( #2772 ), #3000, .F. ) ;
#5543 = LINE ( 'NONE', #1638, #3474 ) ;
#5544 = PLANE ( 'NONE',  #3577 ) ;
#5545 = ORIENTED_EDGE ( 'NONE', *, *, #3816, .T. ) ;
#5546 = AXIS2_PLACEMENT_3D ( 'NONE', #4905, #3068, #4416 ) ;
#5547 = AXIS2_PLACEMENT_3D ( 'NONE', #4899, #1423, #4408 ) ;
#5548 = PLANE ( 'NONE',  #2102 ) ;
#5549 = CARTESIAN_POINT ( 'NONE',  ( 23.13258708252538653, -9.062724393586014671, 72.60208416306403478 ) ) ;
#5550 = CARTESIAN_POINT ( 'NONE',  ( 23.76518536619677491, -44.14875066167294904, 72.99494805949809972 ) ) ;
#5551 = CARTESIAN_POINT ( 'NONE',  ( 9.271216761087591962, 0.01279303105681975188, 112.0704520991923374 ) ) ;
#5552 = ORIENTED_EDGE ( 'NONE', *, *, #1720, .F. ) ;
#5553 = EDGE_CURVE ( 'NONE', #3846, #3517, #5635, .T. ) ;
#5554 = ADVANCED_FACE ( 'NONE', ( #2483 ), #4752, .F. ) ;
#5555 = CARTESIAN_POINT ( 'NONE',  ( 24.94258414693149817, -16.96148164116971913, 70.33225951564597267 ) ) ;
#5556 = DIRECTION ( 'NONE',  ( -1.350714706475886219E-06, -1.376271357091611617E-07, -0.9999999999990782928 ) ) ;
#5557 = CARTESIAN_POINT ( 'NONE',  ( -8.938215567431669228, -10.68457862560874183, 106.7000000000004860 ) ) ;
#5558 = CARTESIAN_POINT ( 'NONE',  ( 22.50817797476063120, -12.79953854106546984, 63.23684922493616511 ) ) ;
#5559 = CARTESIAN_POINT ( 'NONE',  ( -1.324772208397244855, 9.299913550004461626, 106.7000000000005002 ) ) ;
#5560 = PLANE ( 'NONE',  #2064 ) ;
#5561 = EDGE_LOOP ( 'NONE', ( #1132, #4084, #1013, #4625, #2714, #2528, #4367, #2906 ) ) ;
#5562 = CIRCLE ( 'NONE', #3738, 0.9999999999999972244 ) ;
#5563 = FACE_BOUND ( 'NONE', #3139, .T. ) ;
#5564 = CYLINDRICAL_SURFACE ( 'NONE', #4132, 3.000000000000000000 ) ;
#5565 = CARTESIAN_POINT ( 'NONE',  ( 18.18115034121339235, -7.425630865502389710, 61.66994517883649252 ) ) ;
#5566 = VERTEX_POINT ( 'NONE', #4211 ) ;
#5567 = ORIENTED_EDGE ( 'NONE', *, *, #2239, .T. ) ;
#5568 = EDGE_CURVE ( 'NONE', #2620, #5200, #1228, .T. ) ;
#5569 = ORIENTED_EDGE ( 'NONE', *, *, #3018, .F. ) ;
#5570 = DIRECTION ( 'NONE',  ( 0.1013672451882220577, -0.9948490747861964412, -0.000000000000000000 ) ) ;
#5571 = FACE_OUTER_BOUND ( 'NONE', #3155, .T. ) ;
#5572 = CARTESIAN_POINT ( 'NONE',  ( -26.92205216410300750, -49.31337891018544894, 125.6030514602608008 ) ) ;
#5573 = ORIENTED_EDGE ( 'NONE', *, *, #4041, .F. ) ;
#5574 = DIRECTION ( 'NONE',  ( 6.903152180341684826E-18, 7.033765596924220165E-19, -1.000000000000000000 ) ) ;
#5575 = CARTESIAN_POINT ( 'NONE',  ( -3.728565383716171411, -20.41413986592029417, 70.15955739786369350 ) ) ;
#5576 = FACE_OUTER_BOUND ( 'NONE', #3250, .T. ) ;
#5577 = DIRECTION ( 'NONE',  ( -0.9999999999999924505, 0.000000000000000000, -1.239368052630139084E-07 ) ) ;
#5578 = ADVANCED_FACE ( 'NONE', ( #2053 ), #3425, .T. ) ;
#5579 = ORIENTED_EDGE ( 'NONE', *, *, #5508, .F. ) ;
#5580 = CARTESIAN_POINT ( 'NONE',  ( 24.91929016914261652, -16.73286743538676191, 69.38374600927032532 ) ) ;
#5581 = DIRECTION ( 'NONE',  ( 1.000000000000000000, 0.000000000000000000, 0.000000000000000000 ) ) ;
#5582 = CARTESIAN_POINT ( 'NONE',  ( -0.6152014920796888831, 2.335970026501086760, 153.0500000000004945 ) ) ;
#5583 = EDGE_CURVE ( 'NONE', #868, #1181, #797, .T. ) ;
#5584 = PLANE ( 'NONE',  #3395 ) ;
#5585 = AXIS2_PLACEMENT_3D ( 'NONE', #3715, #1442, #4946 ) ;
#5586 = DIRECTION ( 'NONE',  ( 1.000000000000000000, 0.000000000000000000, 0.000000000000000000 ) ) ;
#5587 = CARTESIAN_POINT ( 'NONE',  ( -2.550442268640475962, -12.01375106026108597, 72.99497788588926994 ) ) ;
#5588 = VERTEX_POINT ( 'NONE', #272 ) ;
#5589 = VECTOR ( 'NONE', #1343, 1000.000000000000000 ) ;
#5590 = CARTESIAN_POINT ( 'NONE',  ( 8.935349625867793577, 3.309095580308017759, 156.7000000000005002 ) ) ;
#5591 = DIRECTION ( 'NONE',  ( -0.003078661760685919534, 0.03021492592119789933, -0.9995386836402780917 ) ) ;
#5592 = CARTESIAN_POINT ( 'NONE',  ( -0.8030439684723370553, -38.17497413326697853, 72.99497380845832595 ) ) ;
#5593 = AXIS2_PLACEMENT_3D ( 'NONE', #5182, #957, #4891 ) ;
#5594 = EDGE_LOOP ( 'NONE', ( #2327, #4257, #2204, #2329, #1073, #10 ) ) ;
#5595 = EDGE_LOOP ( 'NONE', ( #5030, #1290, #1869, #1783 ) ) ;
#5596 = ORIENTED_EDGE ( 'NONE', *, *, #1412, .T. ) ;
#5597 = CIRCLE ( 'NONE', #4866, 1.550000000000000266 ) ;
#5598 = CARTESIAN_POINT ( 'NONE',  ( -10.33497385574561456, 22.75387266637639527, 106.7000000000005002 ) ) ;
#5599 = CARTESIAN_POINT ( 'NONE',  ( 26.52004200111204213, -33.99028622026457924, 69.99493757139902073 ) ) ;
#5600 = DIRECTION ( 'NONE',  ( -0.000000000000000000, -0.000000000000000000, 1.000000000000000000 ) ) ;
#5601 = ORIENTED_EDGE ( 'NONE', *, *, #1085, .F. ) ;
#5602 = ADVANCED_FACE ( 'NONE', ( #3342 ), #5525, .T. ) ;
#5603 = VECTOR ( 'NONE', #1878, 999.9999999999998863 ) ;
#5604 = DIRECTION ( 'NONE',  ( 0.9948490747852793969, 0.1013672451881286046, -1.357708159647627407E-06 ) ) ;
#5605 = DIRECTION ( 'NONE',  ( -0.9948490747852793969, -0.1013672451881288961, 1.357708159647627619E-06 ) ) ;
#5606 = CIRCLE ( 'NONE', #4414, 0.9999999999999998890 ) ;
#5607 = CARTESIAN_POINT ( 'NONE',  ( 3.348620317551953551, -75.53340923178218702, 57.31234898034795577 ) ) ;
#5608 = B_SPLINE_CURVE_WITH_KNOTS ( 'NONE', 3,
 ( #2436, #5500, #1574, #3038, #339, #5587, #365, #2950, #3405, #3432 ),
 .UNSPECIFIED., .F., .F.,
 ( 4, 2, 2, 2, 4 ),
 ( 8.673617379884035472E-19, 0.0004885268231873655812, 0.0009770536463747296445, 0.001465580469562094033, 0.001954107292749457988 ),
 .UNSPECIFIED. ) ;
#5609 = EDGE_CURVE ( 'NONE', #4838, #2995, #1439, .T. ) ;
#5610 = ORIENTED_EDGE ( 'NONE', *, *, #1859, .T. ) ;
#5611 = DIRECTION ( 'NONE',  ( 1.000000000000000000, 0.000000000000000000, 0.000000000000000000 ) ) ;
#5612 = VERTEX_POINT ( 'NONE', #5093 ) ;
#5613 = CARTESIAN_POINT ( 'NONE',  ( 23.91858812105103382, -15.96030078823028298, 71.47946665021675017 ) ) ;
#5614 = CARTESIAN_POINT ( 'NONE',  ( -1.925831762385403101, -18.18704015271561403, 72.90423715452051567 ) ) ;
#5615 = EDGE_CURVE ( 'NONE', #5309, #1004, #1325, .T. ) ;
#5616 = FACE_OUTER_BOUND ( 'NONE', #1077, .T. ) ;
#5617 = DIRECTION ( 'NONE',  ( 6.903152180341684826E-18, 7.033765596924220165E-19, -1.000000000000000000 ) ) ;
#5618 = CIRCLE ( 'NONE', #2501, 1.550000000000000266 ) ;
#5619 = LINE ( 'NONE', #3135, #1493 ) ;
#5620 = LINE ( 'NONE', #3458, #2524 ) ;
#5621 = ADVANCED_FACE ( 'NONE', ( #1166 ), #3805, .T. ) ;
#5622 = EDGE_LOOP ( 'NONE', ( #4568, #706, #4647, #3480 ) ) ;
#5623 = FACE_BOUND ( 'NONE', #5300, .T. ) ;
#5624 = CARTESIAN_POINT ( 'NONE',  ( 26.76942427277929681, -34.89064806576339350, 69.96207172458852597 ) ) ;
#5625 = LINE ( 'NONE', #454, #1032 ) ;
#5626 = ORIENTED_EDGE ( 'NONE', *, *, #2782, .T. ) ;
#5627 = CARTESIAN_POINT ( 'NONE',  ( 20.02329546200653709, -44.53001962095392940, 68.99494779970569880 ) ) ;
#5628 = CARTESIAN_POINT ( 'NONE',  ( 3.718317227143850712, -45.25917348542187568, 70.90153067940374854 ) ) ;
#5629 = PLANE ( 'NONE',  #3687 ) ;
#5630 = ORIENTED_EDGE ( 'NONE', *, *, #465, .T. ) ;
#5631 = CARTESIAN_POINT ( 'NONE',  ( -11.69449124054483491, 17.90083758769397448, 112.9001916818931761 ) ) ;
#5632 = DIRECTION ( 'NONE',  ( -0.9948490747861964412, -0.1013672451882220854, 0.000000000000000000 ) ) ;
#5633 = AXIS2_PLACEMENT_3D ( 'NONE', #1675, #2261, #4472 ) ;
#5634 = EDGE_LOOP ( 'NONE', ( #1608, #5170, #2227, #5521 ) ) ;
#5635 = LINE ( 'NONE', #1647, #3793 ) ;
#5636 = VERTEX_POINT ( 'NONE', #1703 ) ;
#5637 = CIRCLE ( 'NONE', #3163, 1.000000000000001554 ) ;
#5638 = EDGE_CURVE ( 'NONE', #4569, #1636, #4258, .T. ) ;
#5639 = DIRECTION ( 'NONE',  ( 1.350714706443106255E-06, 1.376271359122040383E-07, 0.9999999999990782928 ) ) ;
#5640 = LINE ( 'NONE', #1361, #3461 ) ;
#5641 = CARTESIAN_POINT ( 'NONE',  ( -0.8734400806095132808, -37.31805133626446747, 70.93121379376228219 ) ) ;
#5642 = DIRECTION ( 'NONE',  ( 6.903152180341684056E-18, 7.033765596924220165E-19, -1.000000000000000000 ) ) ;
#5643 = CARTESIAN_POINT ( 'NONE',  ( -0.7839636647311075679, -37.38130848321604560, 71.00969962324116125 ) ) ;
#5644 = CARTESIAN_POINT ( 'NONE',  ( 48.38236492060038074, -9.474771914547739371, 63.77993008079457837 ) ) ;
#5645 = ORIENTED_EDGE ( 'NONE', *, *, #137, .F. ) ;
#5646 = EDGE_CURVE ( 'NONE', #2991, #760, #26, .T. ) ;
#5647 = B_SPLINE_CURVE_WITH_KNOTS ( 'NONE', 3,
 ( #3828, #1643, #4662, #3882, #5631, #1700, #4345, #55, #4858, #5277 ),
 .UNSPECIFIED., .F., .F.,
 ( 4, 2, 2, 2, 4 ),
 ( -8.944281848869212794E-06, 0.0005820893894722050732, 0.001173123060793279356, 0.001764156732114353747, 0.002355190403435427921 ),
 .UNSPECIFIED. ) ;
#5648 = DIRECTION ( 'NONE',  ( 0.000000000000000000, 0.000000000000000000, 1.000000000000000000 ) ) ;
#5649 = CARTESIAN_POINT ( 'NONE',  ( 26.80754738974940565, -35.26479996833559483, 70.33092510696252475 ) ) ;
#5650 = DIRECTION ( 'NONE',  ( 0.1013672451882220715, -0.9948490747861963301, 5.293955920339376531E-23 ) ) ;
#5651 = EDGE_LOOP ( 'NONE', ( #263, #4199, #347, #5460 ) ) ;
#5652 = EDGE_CURVE ( 'NONE', #4570, #4941, #4705, .T. ) ;
#5653 = AXIS2_PLACEMENT_3D ( 'NONE', #3065, #4005, #5210 ) ;
#5654 = CARTESIAN_POINT ( 'NONE',  ( 20.99839586826605853, -43.47627016680046097, 70.29596110957561450 ) ) ;
#5655 = DIRECTION ( 'NONE',  ( -2.496449296526712176E-17, 2.034627149722570794E-16, -1.000000000000000000 ) ) ;
#5656 = CARTESIAN_POINT ( 'NONE',  ( -4.365840639074367147, -20.05596040079343823, 70.16656782543454085 ) ) ;
#5657 = ADVANCED_FACE ( 'NONE', ( #1678 ), #5201, .F. ) ;
#5658 = ADVANCED_FACE ( 'NONE', ( #1812 ), #4430, .T. ) ;
#5659 = ORIENTED_EDGE ( 'NONE', *, *, #4633, .F. ) ;
#5660 = CARTESIAN_POINT ( 'NONE',  ( 24.68900674648696736, -14.47279565833319026, 72.99493871618945207 ) ) ;
#5661 = CARTESIAN_POINT ( 'NONE',  ( 14.97825921702312613, 34.36694577086525726, 65.41994375323946542 ) ) ;
#5662 = ORIENTED_EDGE ( 'NONE', *, *, #3238, .F. ) ;
#5663 =( NAMED_UNIT ( * ) PLANE_ANGLE_UNIT ( ) SI_UNIT ( $, .RADIAN. ) );
#5664 = AXIS2_PLACEMENT_3D ( 'NONE', #686, #2516, #2027 ) ;
#5665 = ORIENTED_EDGE ( 'NONE', *, *, #3619, .T. ) ;
#5666 = ORIENTED_EDGE ( 'NONE', *, *, #3473, .T. ) ;
#5667 = LINE ( 'NONE', #1680, #4231 ) ;
#5668 = DIRECTION ( 'NONE',  ( 0.1013672451882220577, -0.9948490747861964412, 3.745344186392142229E-19 ) ) ;
#5669 = DIRECTION ( 'NONE',  ( -0.1013672451882220854, 0.9948490747861964412, -3.745078650105937080E-19 ) ) ;
#5670 = CARTESIAN_POINT ( 'NONE',  ( -1.925942631399842009, -18.18612626079581673, 72.93447572885207819 ) ) ;
#5671 = DIRECTION ( 'NONE',  ( 0.1013672451882221409, -0.9948490747861964412, 0.000000000000000000 ) ) ;
#5672 = ORIENTED_EDGE ( 'NONE', *, *, #2809, .T. ) ;
#5673 = EDGE_CURVE ( 'NONE', #2253, #2017, #1331, .T. ) ;
#5674 = CARTESIAN_POINT ( 'NONE',  ( 2.476226989852993388, -25.86974403920675769, 49.99496893010713450 ) ) ;
#5675 = CARTESIAN_POINT ( 'NONE',  ( 26.60405934986968290, -33.26770625400512671, 69.11314426754222495 ) ) ;
#5676 = LINE ( 'NONE', #5267, #1755 ) ;
#5677 = ORIENTED_EDGE ( 'NONE', *, *, #1271, .F. ) ;
#5678 = AXIS2_PLACEMENT_3D ( 'NONE', #2046, #375, #2966 ) ;
#5679 = CARTESIAN_POINT ( 'NONE',  ( 21.29296373714274182, -44.40065047480457849, 70.34137897205785350 ) ) ;
#5680 = DIRECTION ( 'NONE',  ( -0.000000000000000000, -0.000000000000000000, -1.000000000000000000 ) ) ;
#5681 = VECTOR ( 'NONE', #609, 999.9999999999998863 ) ;
#5682 = ADVANCED_FACE ( 'NONE', ( #2246 ), #902, .T. ) ;
#5683 = CARTESIAN_POINT ( 'NONE',  ( 1.867766938066796056, -45.37474665815659591, 113.3500000000004917 ) ) ;
#5684 = VERTEX_POINT ( 'NONE', #3996 ) ;
ENDSEC;
END-ISO-10303-21;
