ISO-10303-21;
HEADER;
FILE_DESCRIPTION (( 'STEP AP214' ),
    '1' );
FILE_NAME ('gello_teleop_flexiv_l5.STEP',
    '2025-10-14T12:18:33',
    ( 'Windows User' ),
    ( '' ),
    'SwSTEP 2.0',
    'SolidWorks 2025',
    '' );
FILE_SCHEMA (( 'AUTOMOTIVE_DESIGN' ));
ENDSEC;

DATA;
#1 = VECTOR ( 'NONE', #3763, 1000.000000000000000 ) ;
#2 = EDGE_CURVE ( 'NONE', #1409, #7493, #6256, .T. ) ;
#3 = EDGE_CURVE ( 'NONE', #4140, #6588, #2666, .T. ) ;
#4 = AXIS2_PLACEMENT_3D ( 'NONE', #4458, #3052, #8031 ) ;
#5 = VECTOR ( 'NONE', #1084, 1000.000000000000000 ) ;
#6 = LINE ( 'NONE', #4784, #7613 ) ;
#7 = VERTEX_POINT ( 'NONE', #2798 ) ;
#8 = LINE ( 'NONE', #7669, #4609 ) ;
#9 = LINE ( 'NONE', #2785, #2213 ) ;
#10 = DIRECTION ( 'NONE',  ( -0.000000000000000000, -0.000000000000000000, -1.000000000000000000 ) ) ;
#11 = VERTEX_POINT ( 'NONE', #2125 ) ;
#12 = ORIENTED_EDGE ( 'NONE', *, *, #8821, .F. ) ;
#13 = CARTESIAN_POINT ( 'NONE',  ( -0.7970632116207700957, 13.81402832956864657, 65.73536026898153750 ) ) ;
#14 = CIRCLE ( 'NONE', #5097, 1.549999999999999378 ) ;
#15 = CARTESIAN_POINT ( 'NONE',  ( 15.71810980688029247, 27.95203658269705826, 97.19034129655530307 ) ) ;
#16 = EDGE_CURVE ( 'NONE', #6873, #7628, #2841, .T. ) ;
#17 = AXIS2_PLACEMENT_3D ( 'NONE', #2809, #2679, #3992 ) ;
#18 = CARTESIAN_POINT ( 'NONE',  ( 2.167062054358103840, 39.54446977037137145, 66.86927304221852353 ) ) ;
#19 = LINE ( 'NONE', #5704, #2661 ) ;
#20 = ORIENTED_EDGE ( 'NONE', *, *, #5154, .F. ) ;
#21 = CARTESIAN_POINT ( 'NONE',  ( -3.261409523444655623, 27.95203658269704761, 54.00336085811800757 ) ) ;
#22 = CARTESIAN_POINT ( 'NONE',  ( 9.100377905247199806, 23.95296590008068449, 97.29603624938164330 ) ) ;
#23 = ADVANCED_FACE ( 'NONE', ( #7639 ), #4063, .T. ) ;
#24 = DIRECTION ( 'NONE',  ( 0.5000180627187942317, 0.000000000000000000, 0.8660149750177208450 ) ) ;
#25 = VERTEX_POINT ( 'NONE', #3432 ) ;
#26 = CYLINDRICAL_SURFACE ( 'NONE', #4068, 1.550000000000000488 ) ;
#27 = ORIENTED_EDGE ( 'NONE', *, *, #7758, .T. ) ;
#28 = VECTOR ( 'NONE', #5384, 999.9999999999998863 ) ;
#29 = EDGE_CURVE ( 'NONE', #4340, #6798, #7539, .T. ) ;
#30 = CARTESIAN_POINT ( 'NONE',  ( 0.2029367881617080982, 39.54446977037137856, 65.73533941182485307 ) ) ;
#31 = ADVANCED_FACE ( 'NONE', ( #8408 ), #6175, .T. ) ;
#32 = VECTOR ( 'NONE', #4470, 1000.000000000000114 ) ;
#33 = DIRECTION ( 'NONE',  ( -1.000000000000000000, 0.000000000000000000, 0.000000000000000000 ) ) ;
#34 = VECTOR ( 'NONE', #7842, 1000.000000000000114 ) ;
#35 = CARTESIAN_POINT ( 'NONE',  ( 0.2031036454153041237, 39.54446977037137856, 73.73533941008470549 ) ) ;
#36 = ORIENTED_EDGE ( 'NONE', *, *, #972, .T. ) ;
#37 = CARTESIAN_POINT ( 'NONE',  ( 3.624758211226108084, 2.386298900080694896, 0.000000000000000000 ) ) ;
#38 = DIRECTION ( 'NONE',  ( -6.383782126896855077E-16, 1.000000000000000000, -2.925052111754154507E-18 ) ) ;
#39 = AXIS2_PLACEMENT_3D ( 'NONE', #1009, #7211, #2971 ) ;
#40 = VECTOR ( 'NONE', #7880, 1000.000000000000000 ) ;
#41 = EDGE_CURVE ( 'NONE', #6192, #5479, #7723, .T. ) ;
#42 = VECTOR ( 'NONE', #1155, 999.9999999999998863 ) ;
#43 = DIRECTION ( 'NONE',  ( 6.250839858758867238E-16, -1.000000000000000000, -7.292516007464944339E-32 ) ) ;
#44 = DIRECTION ( 'NONE',  ( 6.250839858758867238E-16, -1.000000000000000000, -7.292516007464944339E-32 ) ) ;
#45 = ORIENTED_EDGE ( 'NONE', *, *, #4671, .F. ) ;
#46 = CARTESIAN_POINT ( 'NONE',  ( 29.12141634979030158, 27.95203658269706892, 98.08979249570880654 ) ) ;
#47 = DIRECTION ( 'NONE',  ( -0.9999999997824894349, -6.250839857399242789E-16, 2.085715669603027339E-05 ) ) ;
#48 = AXIS2_PLACEMENT_3D ( 'NONE', #8845, #508, #4541 ) ;
#49 = CIRCLE ( 'NONE', #6161, 1.049999999999988498 ) ;
#50 = ORIENTED_EDGE ( 'NONE', *, *, #6085, .F. ) ;
#51 = ORIENTED_EDGE ( 'NONE', *, *, #7047, .T. ) ;
#52 = LINE ( 'NONE', #8429, #8888 ) ;
#53 = VERTEX_POINT ( 'NONE', #708 ) ;
#54 = VECTOR ( 'NONE', #5768, 1000.000000000000000 ) ;
#55 = EDGE_CURVE ( 'NONE', #5778, #4062, #8967, .T. ) ;
#56 = CARTESIAN_POINT ( 'NONE',  ( -0.3430635644380001237, 27.95203658269705116, 59.73535079853469654 ) ) ;
#57 = ORIENTED_EDGE ( 'NONE', *, *, #6552, .F. ) ;
#58 = DIRECTION ( 'NONE',  ( -1.000000000000000000, -6.383782126896855077E-16, 0.000000000000000000 ) ) ;
#59 = CARTESIAN_POINT ( 'NONE',  ( 0.7030855824790166464, 13.81402832956864302, 72.86930357791027291 ) ) ;
#60 = CYLINDRICAL_SURFACE ( 'NONE', #8065, 9.922827407288641766 ) ;
#61 = ORIENTED_EDGE ( 'NONE', *, *, #8415, .F. ) ;
#62 = VERTEX_POINT ( 'NONE', #4244 ) ;
#63 = DIRECTION ( 'NONE',  ( 0.8660358321744171528, 5.413451298869251709E-16, 0.4999819370636952032 ) ) ;
#64 = CIRCLE ( 'NONE', #930, 4.000000000000000888 ) ;
#65 = EDGE_CURVE ( 'NONE', #8742, #8713, #6899, .T. ) ;
#66 = AXIS2_PLACEMENT_3D ( 'NONE', #7922, #8642, #5311 ) ;
#67 = DIRECTION ( 'NONE',  ( 0.9999999997824894349, 0.000000000000000000, -2.085715669603027339E-05 ) ) ;
#68 = LINE ( 'NONE', #1522, #8160 ) ;
#69 = CARTESIAN_POINT ( 'NONE',  ( 9.224758211226102844, 23.68429699879670736, 50.00000000000000000 ) ) ;
#70 = EDGE_LOOP ( 'NONE', ( #2016, #2634, #5008, #4243 ) ) ;
#71 = DIRECTION ( 'NONE',  ( 1.166244989663167914E-16, 6.695403588083180925E-32, -1.000000000000000000 ) ) ;
#72 = DIRECTION ( 'NONE',  ( -0.8660149750177210670, -5.413320924122833812E-16, 0.5000180627187943427 ) ) ;
#73 = DIRECTION ( 'NONE',  ( 0.000000000000000000, 0.000000000000000000, 1.000000000000000000 ) ) ;
#74 = ORIENTED_EDGE ( 'NONE', *, *, #3109, .F. ) ;
#75 = CARTESIAN_POINT ( 'NONE',  ( 11.76816763782072961, 13.81402832956865190, 50.00000000000000000 ) ) ;
#76 = VERTEX_POINT ( 'NONE', #21 ) ;
#77 = EDGE_CURVE ( 'NONE', #2631, #2624, #2712, .T. ) ;
#78 = EDGE_CURVE ( 'NONE', #3886, #2821, #5445, .T. ) ;
#79 = DIRECTION ( 'NONE',  ( 4.635031619447300390E-16, -1.000000000000000000, 2.925052111754154507E-18 ) ) ;
#80 = LINE ( 'NONE', #2889, #6701 ) ;
#81 = CARTESIAN_POINT ( 'NONE',  ( -3.261242666191058071, 27.95203658269705116, 62.00336085637788130 ) ) ;
#82 = VECTOR ( 'NONE', #2965, 1000.000000000000227 ) ;
#83 = EDGE_CURVE ( 'NONE', #5140, #191, #2749, .T. ) ;
#84 = EDGE_CURVE ( 'NONE', #11, #105, #2031, .T. ) ;
#85 = ORIENTED_EDGE ( 'NONE', *, *, #3061, .F. ) ;
#86 = DIRECTION ( 'NONE',  ( 1.000000000000000000, 0.000000000000000000, -0.000000000000000000 ) ) ;
#87 = PLANE ( 'NONE',  #8073 ) ;
#88 = VECTOR ( 'NONE', #5623, 1000.000000000000000 ) ;
#89 = DIRECTION ( 'NONE',  ( 6.250839858758867238E-16, -1.000000000000000000, -7.292516007464944339E-32 ) ) ;
#90 = CARTESIAN_POINT ( 'NONE',  ( -17.61262823010006429, 27.95203658269704050, 105.1304963336029914 ) ) ;
#91 = CARTESIAN_POINT ( 'NONE',  ( -6.225284503543131898, 27.95203658269704761, 64.86944808227079307 ) ) ;
#92 = ORIENTED_EDGE ( 'NONE', *, *, #3725, .T. ) ;
#93 = CARTESIAN_POINT ( 'NONE',  ( 5.631038525802202876, 13.81402832956864479, 60.86920079221339819 ) ) ;
#94 = LINE ( 'NONE', #7612, #7751 ) ;
#95 = CARTESIAN_POINT ( 'NONE',  ( 15.71818174173036553, 27.95203658269706182, 43.35004508037952320 ) ) ;
#96 = ORIENTED_EDGE ( 'NONE', *, *, #7750, .F. ) ;
#97 = ORIENTED_EDGE ( 'NONE', *, *, #4178, .F. ) ;
#98 = DIRECTION ( 'NONE',  ( 1.000000000000000000, 0.000000000000000000, 0.000000000000000000 ) ) ;
#99 = VERTEX_POINT ( 'NONE', #876 ) ;
#100 = PLANE ( 'NONE',  #8630 ) ;
#101 = ORIENTED_EDGE ( 'NONE', *, *, #6552, .T. ) ;
#102 = CARTESIAN_POINT ( 'NONE',  ( 25.65735644971937646, 27.95203658269706892, 100.0898647465839986 ) ) ;
#103 = CARTESIAN_POINT ( 'NONE',  ( -9.541908788773802996, -11.79118635532182502, 86.10127056713264437 ) ) ;
#104 = CARTESIAN_POINT ( 'NONE',  ( 16.71813249529524015, -8.047816160479566605, 79.84967628738336032 ) ) ;
#105 = VERTEX_POINT ( 'NONE', #5658 ) ;
#106 = CARTESIAN_POINT ( 'NONE',  ( 3.624758211226111637, -6.340670791627871949, 6.649999999999999467 ) ) ;
#107 = EDGE_CURVE ( 'NONE', #481, #7249, #7111, .T. ) ;
#108 = VECTOR ( 'NONE', #4052, 1000.000000000000114 ) ;
#109 = ADVANCED_FACE ( 'NONE', ( #8446 ), #3647, .F. ) ;
#110 = CARTESIAN_POINT ( 'NONE',  ( 0.2028172338798307495, 13.81402832956864657, 60.00328860550269638 ) ) ;
#111 = DIRECTION ( 'NONE',  ( 0.8660358321744171528, 5.413451298869251709E-16, 0.4999819370636952032 ) ) ;
#112 = DIRECTION ( 'NONE',  ( -0.8660358321744171528, -5.413451298869251709E-16, -0.4999819370636950921 ) ) ;
#113 = ORIENTED_EDGE ( 'NONE', *, *, #3641, .T. ) ;
#114 = CARTESIAN_POINT ( 'NONE',  ( -6.725349869233653521, 39.54446977037137145, 61.73548391531529944 ) ) ;
#115 = LINE ( 'NONE', #2206, #7597 ) ;
#116 = DIRECTION ( 'NONE',  ( 1.000000000000000000, -3.469446951953611033E-15, 0.000000000000000000 ) ) ;
#117 = VERTEX_POINT ( 'NONE', #2338 ) ;
#118 = LINE ( 'NONE', #3016, #1911 ) ;
#119 = ORIENTED_EDGE ( 'NONE', *, *, #6189, .T. ) ;
#120 = EDGE_CURVE ( 'NONE', #6664, #4750, #7803, .T. ) ;
#121 = EDGE_CURVE ( 'NONE', #5834, #6966, #5792, .T. ) ;
#122 = CARTESIAN_POINT ( 'NONE',  ( 6.958087784488689032, -11.79118635532181258, 104.4786532314044081 ) ) ;
#123 = DIRECTION ( 'NONE',  ( 0.9999999999990734079, 0.000000000000000000, 1.361274163569944938E-06 ) ) ;
#124 = FACE_BOUND ( 'NONE', #492, .T. ) ;
#125 = ORIENTED_EDGE ( 'NONE', *, *, #7478, .T. ) ;
#126 = CARTESIAN_POINT ( 'NONE',  ( 6.131056588520976014, 39.54446977037137856, 61.73521576723111792 ) ) ;
#127 = DIRECTION ( 'NONE',  ( -0.8660149750177210670, -5.413320924122833812E-16, 0.5000180627187943427 ) ) ;
#128 = ADVANCED_FACE ( 'NONE', ( #4329 ), #2384, .T. ) ;
#129 = DIRECTION ( 'NONE',  ( 6.250839858758867238E-16, -1.000000000000000000, -7.292516007464944339E-32 ) ) ;
#130 = FACE_OUTER_BOUND ( 'NONE', #2051, .T. ) ;
#131 = DIRECTION ( 'NONE',  ( 1.000000000000000000, 6.836021955477346282E-16, 0.000000000000000000 ) ) ;
#132 = VERTEX_POINT ( 'NONE', #289 ) ;
#133 = DIRECTION ( 'NONE',  ( 5.755241451737143451E-16, -1.000000000000000000, 6.712021091176322394E-32 ) ) ;
#134 = EDGE_CURVE ( 'NONE', #1111, #7493, #3740, .T. ) ;
#135 = ORIENTED_EDGE ( 'NONE', *, *, #4314, .F. ) ;
#136 = ORIENTED_EDGE ( 'NONE', *, *, #4765, .F. ) ;
#137 = DIRECTION ( 'NONE',  ( 0.5000180627187942317, 3.217337761224692595E-16, 0.8660149750177208450 ) ) ;
#138 = ORIENTED_EDGE ( 'NONE', *, *, #4265, .F. ) ;
#139 = APPLICATION_CONTEXT ( 'automotive_design' ) ;
#140 = CARTESIAN_POINT ( 'NONE',  ( -4.261206540318459801, 27.95203658269705116, 63.73543252072671805 ) ) ;
#141 = VERTEX_POINT ( 'NONE', #8625 ) ;
#142 = DIRECTION ( 'NONE',  ( 0.5000180627187942317, 3.217337761224692595E-16, 0.8660149750177208450 ) ) ;
#143 = LINE ( 'NONE', #59, #1040 ) ;
#144 = CARTESIAN_POINT ( 'NONE',  ( 6.131306874401387219, 13.81402832956864657, 73.73521576462097471 ) ) ;
#145 = ORIENTED_EDGE ( 'NONE', *, *, #8516, .F. ) ;
#146 = ORIENTED_EDGE ( 'NONE', *, *, #7183, .T. ) ;
#147 = PLANE ( 'NONE',  #2120 ) ;
#148 = AXIS2_PLACEMENT_3D ( 'NONE', #2003, #6224, #8149 ) ;
#149 = EDGE_CURVE ( 'NONE', #5457, #6518, #7773, .T. ) ;
#150 = PLANE ( 'NONE',  #1069 ) ;
#151 = FACE_OUTER_BOUND ( 'NONE', #6850, .T. ) ;
#152 = DIRECTION ( 'NONE',  ( 6.250839858758867238E-16, -1.000000000000000000, -7.292516007464944339E-32 ) ) ;
#153 = ORIENTED_EDGE ( 'NONE', *, *, #3714, .F. ) ;
#154 = CARTESIAN_POINT ( 'NONE',  ( 9.548875010518930430E-16, -11.79118635532181791, 50.00000000000000000 ) ) ;
#155 = DIRECTION ( 'NONE',  ( 0.5000180627187942317, 0.000000000000000000, 0.8660149750177208450 ) ) ;
#156 = VECTOR ( 'NONE', #1130, 1000.000000000000227 ) ;
#157 = CARTESIAN_POINT ( 'NONE',  ( 0.7030021538522273072, 27.95203658269705116, 68.86930357878031828 ) ) ;
#158 = ORIENTED_EDGE ( 'NONE', *, *, #8648, .T. ) ;
#159 = DIRECTION ( 'NONE',  ( -1.899869150899315584E-11, 0.000000000000000000, 1.000000000000000000 ) ) ;
#160 = AXIS2_PLACEMENT_3D ( 'NONE', #4247, #8499, #7034 ) ;
#161 = ORIENTED_EDGE ( 'NONE', *, *, #3491, .F. ) ;
#162 = VECTOR ( 'NONE', #7963, 1000.000000000000114 ) ;
#163 = ADVANCED_FACE ( 'NONE', ( #6515 ), #5754, .T. ) ;
#164 = DIRECTION ( 'NONE',  ( 6.250839858758867238E-16, -1.000000000000000000, -7.292516007464944339E-32 ) ) ;
#165 = LINE ( 'NONE', #2216, #4082 ) ;
#166 = FACE_BOUND ( 'NONE', #4322, .T. ) ;
#167 = VECTOR ( 'NONE', #2933, 1000.000000000000000 ) ;
#168 = EDGE_LOOP ( 'NONE', ( #559, #4789, #4513, #6049 ) ) ;
#169 = LINE ( 'NONE', #2172, #592 ) ;
#170 = CARTESIAN_POINT ( 'NONE',  ( -4.761308031664039042, 13.81402832956863946, 58.86941754657907921 ) ) ;
#171 = AXIS2_PLACEMENT_3D ( 'NONE', #3708, #8682, #5253 ) ;
#172 = VECTOR ( 'NONE', #6700, 1000.000000000000114 ) ;
#173 = PLANE ( 'NONE',  #1771 ) ;
#174 = PLANE ( 'NONE',  #8016 ) ;
#175 = CARTESIAN_POINT ( 'NONE',  ( -7.374235094193059226, 2.386298900080692231, 50.00000000000000000 ) ) ;
#176 = ORIENTED_EDGE ( 'NONE', *, *, #7818, .T. ) ;
#177 = DIRECTION ( 'NONE',  ( 0.4999819370636950921, 3.125307020857212586E-16, -0.8660358321744171528 ) ) ;
#178 = DIRECTION ( 'NONE',  ( -0.5000180627187938986, 0.000000000000000000, -0.8660149750177210670 ) ) ;
#179 = ORIENTED_EDGE ( 'NONE', *, *, #1400, .T. ) ;
#180 = EDGE_LOOP ( 'NONE', ( #4845, #7409 ) ) ;
#181 = CARTESIAN_POINT ( 'NONE',  ( -15.88055656575124175, 27.95203658269704050, 106.1304602077303798 ) ) ;
#182 = VECTOR ( 'NONE', #3184, 1000.000000000000114 ) ;
#183 = ORIENTED_EDGE ( 'NONE', *, *, #822, .F. ) ;
#184 = VECTOR ( 'NONE', #8612, 1000.000000000000114 ) ;
#185 = EDGE_CURVE ( 'NONE', #8472, #6630, #2996, .T. ) ;
#186 = ADVANCED_FACE ( 'NONE', ( #929 ), #6475, .T. ) ;
#187 = CIRCLE ( 'NONE', #489, 9.599999999999997868 ) ;
#188 = VECTOR ( 'NONE', #7931, 1000.000000000000114 ) ;
#189 = EDGE_CURVE ( 'NONE', #7319, #7919, #5067, .T. ) ;
#190 = LINE ( 'NONE', #5145, #8055 ) ;
#191 = VERTEX_POINT ( 'NONE', #8494 ) ;
#192 = DIRECTION ( 'NONE',  ( -1.000000000000000000, -6.383782126896855077E-16, 6.066577588907693692E-48 ) ) ;
#193 = FACE_OUTER_BOUND ( 'NONE', #3443, .T. ) ;
#194 = CARTESIAN_POINT ( 'NONE',  ( 1.174758211226108351, -4.613701099919306436, 50.00000000000000000 ) ) ;
#195 = EDGE_CURVE ( 'NONE', #6535, #1510, #2290, .T. ) ;
#196 = ORIENTED_EDGE ( 'NONE', *, *, #3785, .F. ) ;
#197 = CARTESIAN_POINT ( 'NONE',  ( 5.631038525802186889, 39.54446977037137145, 60.86920079221339819 ) ) ;
#198 = EDGE_CURVE ( 'NONE', #6919, #1077, #970, .T. ) ;
#199 = AXIS2_PLACEMENT_3D ( 'NONE', #8260, #3552, #2149 ) ;
#200 = VECTOR ( 'NONE', #3142, 1000.000000000000000 ) ;
#201 = ADVANCED_FACE ( 'NONE', ( #1566 ), #800, .T. ) ;
#202 = DIRECTION ( 'NONE',  ( 0.000000000000000000, 0.000000000000000000, 1.000000000000000000 ) ) ;
#203 = LINE ( 'NONE', #927, #8924 ) ;
#204 = ORIENTED_EDGE ( 'NONE', *, *, #4048, .F. ) ;
#205 = DIRECTION ( 'NONE',  ( 1.000000000000000000, 0.000000000000000000, 0.000000000000000000 ) ) ;
#206 = VECTOR ( 'NONE', #1996, 1000.000000000000000 ) ;
#207 = FACE_OUTER_BOUND ( 'NONE', #5671, .T. ) ;
#208 = CARTESIAN_POINT ( 'NONE',  ( -6.725302566261939674, 27.95203658269704761, 64.00343310725305912 ) ) ;
#209 = ORIENTED_EDGE ( 'NONE', *, *, #1406, .T. ) ;
#210 = CARTESIAN_POINT ( 'NONE',  ( -9.784195482811801625, 27.95203658269704405, 85.39818524475184347 ) ) ;
#211 = ORIENTED_EDGE ( 'NONE', *, *, #8301, .T. ) ;
#212 = EDGE_CURVE ( 'NONE', #1018, #6260, #6386, .T. ) ;
#213 = AXIS2_PLACEMENT_3D ( 'NONE', #5886, #8676, #8036 ) ;
#214 = EDGE_CURVE ( 'NONE', #4536, #2593, #5027, .T. ) ;
#215 = CARTESIAN_POINT ( 'NONE',  ( 6.625764905806940774, 2.386298900080696672, 50.00000000000000000 ) ) ;
#216 = CARTESIAN_POINT ( 'NONE',  ( 16.71813221906915103, 27.53782302032396245, 79.72621633594732771 ) ) ;
#217 = LINE ( 'NONE', #8591, #167 ) ;
#218 = VECTOR ( 'NONE', #3588, 1000.000000000000000 ) ;
#219 = ORIENTED_EDGE ( 'NONE', *, *, #3260, .T. ) ;
#220 = FACE_OUTER_BOUND ( 'NONE', #3999, .T. ) ;
#221 = CARTESIAN_POINT ( 'NONE',  ( 16.71813220208184703, 13.81402832956865367, 79.73869531520050202 ) ) ;
#222 = EDGE_CURVE ( 'NONE', #4750, #6664, #2422, .T. ) ;
#223 = LINE ( 'NONE', #4211, #5717 ) ;
#224 = VECTOR ( 'NONE', #792, 1000.000000000000000 ) ;
#225 = CARTESIAN_POINT ( 'NONE',  ( -4.673745950346253508, 18.07212241910100659, 43.35000000000000853 ) ) ;
#226 = DIRECTION ( 'NONE',  ( 6.836021955477346282E-16, -1.000000000000000000, 1.610437498736196798E-31 ) ) ;
#227 = EDGE_LOOP ( 'NONE', ( #3379, #8063, #526, #3894 ) ) ;
#228 = CARTESIAN_POINT ( 'NONE',  ( 7.131306874183882094, 13.81402832956864657, 73.73519490746429028 ) ) ;
#229 = DIRECTION ( 'NONE',  ( -0.5000180627187942317, -3.125532836542028723E-16, -0.8660149750177209560 ) ) ;
#230 = EDGE_LOOP ( 'NONE', ( #783, #824, #3431, #6479 ) ) ;
#231 = VERTEX_POINT ( 'NONE', #8034 ) ;
#232 = CARTESIAN_POINT ( 'NONE',  ( -6.341908788773777950, -8.047034099919322614, 97.19034129655527465 ) ) ;
#233 = ORIENTED_EDGE ( 'NONE', *, *, #2211, .F. ) ;
#234 = ADVANCED_FACE ( 'NONE', ( #3776 ), #8674, .F. ) ;
#235 = EDGE_CURVE ( 'NONE', #1419, #5907, #967, .T. ) ;
#236 = EDGE_CURVE ( 'NONE', #4185, #1371, #1841, .T. ) ;
#237 = CARTESIAN_POINT ( 'NONE',  ( 6.131306874401387219, 13.81402832956864657, 73.73521576462097471 ) ) ;
#238 = ORIENTED_EDGE ( 'NONE', *, *, #3069, .F. ) ;
#239 = DIRECTION ( 'NONE',  ( 6.250839858758867238E-16, -1.000000000000000000, -7.292516007464944339E-32 ) ) ;
#240 = CARTESIAN_POINT ( 'NONE',  ( 11.22210749060577584, 23.94173199107978789, 79.73868783360404677 ) ) ;
#241 = LINE ( 'NONE', #3093, #5727 ) ;
#242 = ORIENTED_EDGE ( 'NONE', *, *, #4271, .F. ) ;
#243 = ORIENTED_EDGE ( 'NONE', *, *, #2247, .F. ) ;
#244 = PLANE ( 'NONE',  #8568 ) ;
#245 = EDGE_CURVE ( 'NONE', #1419, #2928, #1790, .T. ) ;
#246 = DIRECTION ( 'NONE',  ( 0.8660358321744171528, 5.413451298869251709E-16, 0.4999819370636952032 ) ) ;
#247 = DIRECTION ( 'NONE',  ( 4.635031659268013795E-16, -1.000000000000000000, -2.008870507704175894E-22 ) ) ;
#248 = ADVANCED_FACE ( 'NONE', ( #6748 ), #7340, .T. ) ;
#249 = CARTESIAN_POINT ( 'NONE',  ( 2.666960562795001266, 39.54446977037137856, 62.00323721091416473 ) ) ;
#250 = EDGE_LOOP ( 'NONE', ( #8858, #6350, #2694, #7399 ) ) ;
#251 = DIRECTION ( 'NONE',  ( 6.250839858758867238E-16, -1.000000000000000000, -7.292516007464944339E-32 ) ) ;
#252 = CARTESIAN_POINT ( 'NONE',  ( -0.7972300688743848562, 39.54446977037137856, 57.73536027072162113 ) ) ;
#253 = CARTESIAN_POINT ( 'NONE',  ( 2.666877134168218699, 13.81402832956864479, 58.00323721178423142 ) ) ;
#254 = ORIENTED_EDGE ( 'NONE', *, *, #6227, .T. ) ;
#255 = LINE ( 'NONE', #2343, #2054 ) ;
#256 = ORIENTED_EDGE ( 'NONE', *, *, #321, .T. ) ;
#257 = CARTESIAN_POINT ( 'NONE',  ( -3.260992380310661964, 27.95203658269705116, 74.00336085376773099 ) ) ;
#258 = CARTESIAN_POINT ( 'NONE',  ( 2.667210848675405810, 27.95203658269705471, 74.00323720830402863 ) ) ;
#259 = DIRECTION ( 'NONE',  ( 1.000000000000000000, 3.566597775297959279E-11, -1.043231600344016099E-28 ) ) ;
#260 = ORIENTED_EDGE ( 'NONE', *, *, #396, .T. ) ;
#261 = CARTESIAN_POINT ( 'NONE',  ( -2.761057746218657183, 27.95203658269704761, 70.86937582965551030 ) ) ;
#262 = CARTESIAN_POINT ( 'NONE',  ( -26.27298655184424803, 27.95203658269703340, 100.1306769629660351 ) ) ;
#263 = CARTESIAN_POINT ( 'NONE',  ( 5.631205383055799985, 13.81402832956864479, 68.86920079047328613 ) ) ;
#264 = LINE ( 'NONE', #899, #2483 ) ;
#265 = LINE ( 'NONE', #3029, #6171 ) ;
#266 = VERTEX_POINT ( 'NONE', #7291 ) ;
#267 = DIRECTION ( 'NONE',  ( 0.9999999997824894349, 0.000000000000000000, -2.085715669603027339E-05 ) ) ;
#268 = CARTESIAN_POINT ( 'NONE',  ( -8.225284503108120759, 13.81402832956863769, 64.86948979658419034 ) ) ;
#269 = LINE ( 'NONE', #3033, #7753 ) ;
#270 = EDGE_LOOP ( 'NONE', ( #612, #5327, #956, #6823 ) ) ;
#271 = ORIENTED_EDGE ( 'NONE', *, *, #6627, .T. ) ;
#272 = DIRECTION ( 'NONE',  ( 0.000000000000000000, 1.000000000000000000, 0.000000000000000000 ) ) ;
#273 = VERTEX_POINT ( 'NONE', #4601 ) ;
#274 = EDGE_CURVE ( 'NONE', #1177, #6545, #7250, .T. ) ;
#275 = DIRECTION ( 'NONE',  ( 6.250839858758867238E-16, -1.000000000000000000, -7.292516007464944339E-32 ) ) ;
#276 = ORIENTED_EDGE ( 'NONE', *, *, #8746, .T. ) ;
#277 = LINE ( 'NONE', #788, #1167 ) ;
#278 = CIRCLE ( 'NONE', #7702, 9.922827407288641766 ) ;
#279 = DIRECTION ( 'NONE',  ( 0.8660358321744171528, 5.413451298869251709E-16, 0.4999819370636952032 ) ) ;
#280 = VECTOR ( 'NONE', #2600, 1000.000000000000114 ) ;
#281 = LINE ( 'NONE', #3731, #5294 ) ;
#282 = VERTEX_POINT ( 'NONE', #1150 ) ;
#283 = ORIENTED_EDGE ( 'NONE', *, *, #895, .T. ) ;
#284 = DIRECTION ( 'NONE',  ( -0.5000180627187938986, 0.000000000000000000, -0.8660149750177210670 ) ) ;
#285 = DIRECTION ( 'NONE',  ( 2.085715669603027678E-05, 1.303747464151961922E-20, 0.9999999997824895459 ) ) ;
#286 = DIRECTION ( 'NONE',  ( 6.250839858758867238E-16, -1.000000000000000000, -7.292516007464944339E-32 ) ) ;
#287 = DIRECTION ( 'NONE',  ( 0.000000000000000000, 0.000000000000000000, 1.000000000000000000 ) ) ;
#288 = ORIENTED_EDGE ( 'NONE', *, *, #3374, .T. ) ;
#289 = CARTESIAN_POINT ( 'NONE',  ( 7.631205382620779964, 13.81402832956864657, 68.86915907615990307 ) ) ;
#290 = DIRECTION ( 'NONE',  ( 0.5000180627187940097, 3.125532836542028723E-16, 0.8660149750177211780 ) ) ;
#291 = LINE ( 'NONE', #932, #3980 ) ;
#292 = EDGE_LOOP ( 'NONE', ( #8604, #7522, #2413, #2294, #6181, #8628 ) ) ;
#293 = CARTESIAN_POINT ( 'NONE',  ( 1.174758211226104354, 9.386298900080694452, 0.000000000000000000 ) ) ;
#294 = CIRCLE ( 'NONE', #7592, 1.549999999999999378 ) ;
#295 = CIRCLE ( 'NONE', #5379, 4.000000000000000888 ) ;
#296 = EDGE_LOOP ( 'NONE', ( #8862, #4642, #136, #1698 ) ) ;
#297 = ADVANCED_BREP_SHAPE_REPRESENTATION ( 'gello_teleop_flexiv_l5', ( #1520, #1975 ), #2697 ) ;
#298 = CIRCLE ( 'NONE', #8437, 1.049999999999988498 ) ;
#299 = EDGE_CURVE ( 'NONE', #8083, #7538, #424, .T. ) ;
#300 = CARTESIAN_POINT ( 'NONE',  ( 7.131103891275191842, 13.81402832956864657, 64.00314410201221449 ) ) ;
#301 = EDGE_CURVE ( 'NONE', #6538, #8839, #522, .T. ) ;
#302 = VECTOR ( 'NONE', #5672, 1000.000000000000114 ) ;
#303 = CARTESIAN_POINT ( 'NONE',  ( 16.30391865865117751, 27.95203658269706182, 79.72477981405997127 ) ) ;
#304 = FACE_OUTER_BOUND ( 'NONE', #2497, .T. ) ;
#305 = VECTOR ( 'NONE', #4122, 1000.000000000000000 ) ;
#306 = ORIENTED_EDGE ( 'NONE', *, *, #3572, .T. ) ;
#307 = FACE_OUTER_BOUND ( 'NONE', #7729, .T. ) ;
#308 = ADVANCED_FACE ( 'NONE', ( #3915 ), #6064, .T. ) ;
#309 = CIRCLE ( 'NONE', #8311, 1.549999999999999378 ) ;
#310 = AXIS2_PLACEMENT_3D ( 'NONE', #480, #2470, #3874 ) ;
#311 = EDGE_CURVE ( 'NONE', #4864, #5744, #474, .T. ) ;
#312 = CARTESIAN_POINT ( 'NONE',  ( 16.20266776861765834, -11.79118635532180903, 50.00000000000000000 ) ) ;
#313 = CARTESIAN_POINT ( 'NONE',  ( 11.21813220210461992, 23.94547764537806955, 79.73867484341040779 ) ) ;
#314 = AXIS2_PLACEMENT_3D ( 'NONE', #2133, #9012, #4074 ) ;
#315 = CARTESIAN_POINT ( 'NONE',  ( 10.71818173700940058, 28.07818520967645526, 79.72434232171258373 ) ) ;
#316 = ORIENTED_EDGE ( 'NONE', *, *, #5307, .F. ) ;
#317 = ORIENTED_EDGE ( 'NONE', *, *, #5062, .F. ) ;
#318 = DIRECTION ( 'NONE',  ( 0.9999999997824894349, 6.250839857399241803E-16, -2.085715669636334030E-05 ) ) ;
#319 = VERTEX_POINT ( 'NONE', #6020 ) ;
#320 = ORIENTED_EDGE ( 'NONE', *, *, #5042, .T. ) ;
#321 = EDGE_CURVE ( 'NONE', #8703, #3928, #5242, .T. ) ;
#322 = VECTOR ( 'NONE', #1556, 1000.000000000000114 ) ;
#323 = LINE ( 'NONE', #7972, #8204 ) ;
#324 = ORIENTED_EDGE ( 'NONE', *, *, #7700, .F. ) ;
#325 = PLANE ( 'NONE',  #4059 ) ;
#326 = FACE_OUTER_BOUND ( 'NONE', #4288, .T. ) ;
#327 = VECTOR ( 'NONE', #4031, 1000.000000000000227 ) ;
#328 = LINE ( 'NONE', #5781, #4556 ) ;
#329 = ORIENTED_EDGE ( 'NONE', *, *, #2033, .T. ) ;
#330 = ORIENTED_EDGE ( 'NONE', *, *, #1262, .F. ) ;
#331 = CARTESIAN_POINT ( 'NONE',  ( -6.341908788773777950, -8.047034099919322614, 80.99505049563263981 ) ) ;
#332 = VECTOR ( 'NONE', #8761, 1000.000000000000114 ) ;
#333 = VECTOR ( 'NONE', #2473, 1000.000000000000000 ) ;
#334 = LINE ( 'NONE', #2291, #616 ) ;
#335 = PLANE ( 'NONE',  #8453 ) ;
#336 = CARTESIAN_POINT ( 'NONE',  ( 9.100377905247199806, 26.05203658269705613, 97.19034129655530307 ) ) ;
#337 = ORIENTED_EDGE ( 'NONE', *, *, #6845, .F. ) ;
#338 = CARTESIAN_POINT ( 'NONE',  ( -0.7968963543671740979, 13.81402832956864302, 73.73536026724137571 ) ) ;
#339 = FACE_OUTER_BOUND ( 'NONE', #250, .T. ) ;
#340 = DIRECTION ( 'NONE',  ( 1.000000000000000000, 0.000000000000000000, 0.000000000000000000 ) ) ;
#341 = ORIENTED_EDGE ( 'NONE', *, *, #1717, .F. ) ;
#342 = FACE_BOUND ( 'NONE', #7105, .T. ) ;
#343 = DIRECTION ( 'NONE',  ( -0.5000180627187942317, -3.125532836542028723E-16, -0.8660149750177209560 ) ) ;
#344 = VECTOR ( 'NONE', #2280, 1000.000000000000000 ) ;
#345 = VECTOR ( 'NONE', #7899, 1000.000000000000114 ) ;
#346 = VERTEX_POINT ( 'NONE', #1061 ) ;
#347 = EDGE_CURVE ( 'NONE', #6539, #1075, #2604, .T. ) ;
#348 = AXIS2_PLACEMENT_3D ( 'NONE', #5447, #6854, #670 ) ;
#349 = DIRECTION ( 'NONE',  ( -0.4999819370636952032, -3.125307020857213572E-16, 0.8660358321744170418 ) ) ;
#350 = VERTEX_POINT ( 'NONE', #8763 ) ;
#351 = EDGE_CURVE ( 'NONE', #1064, #8562, #1011, .T. ) ;
#352 = EDGE_CURVE ( 'NONE', #3893, #5896, #3826, .T. ) ;
#353 = VERTEX_POINT ( 'NONE', #382 ) ;
#354 = CARTESIAN_POINT ( 'NONE',  ( 6.131223445774573122, 39.54446977037137856, 69.73521576549100587 ) ) ;
#355 = VECTOR ( 'NONE', #5245, 1000.000000000000114 ) ;
#356 = LINE ( 'NONE', #441, #5879 ) ;
#357 = EDGE_CURVE ( 'NONE', #2821, #1278, #3146, .T. ) ;
#358 = EDGE_CURVE ( 'NONE', #5953, #3627, #738, .T. ) ;
#359 = LINE ( 'NONE', #5857, #3217 ) ;
#360 = CIRCLE ( 'NONE', #7484, 1.550000000000000266 ) ;
#361 = DIRECTION ( 'NONE',  ( -1.000000000000000000, -6.383782126896855077E-16, -6.703463358595613458E-49 ) ) ;
#362 = ADVANCED_FACE ( 'NONE', ( #5610 ), #7625, .T. ) ;
#363 = EDGE_CURVE ( 'NONE', #5919, #6056, #3503, .T. ) ;
#364 = LINE ( 'NONE', #3124, #4841 ) ;
#365 = ORIENTED_EDGE ( 'NONE', *, *, #6058, .F. ) ;
#366 = ORIENTED_EDGE ( 'NONE', *, *, #644, .F. ) ;
#367 = CARTESIAN_POINT ( 'NONE',  ( 4.166811768042719244, 27.95203658269705116, 54.86923133051533341 ) ) ;
#368 = EDGE_LOOP ( 'NONE', ( #8775, #5146, #5292, #161 ) ) ;
#369 = EDGE_LOOP ( 'NONE', ( #2407, #5323, #3455, #6592 ) ) ;
#370 = CARTESIAN_POINT ( 'NONE',  ( -6.725099583353257415, 39.54446977037137145, 73.73548391270512070 ) ) ;
#371 = ORIENTED_EDGE ( 'NONE', *, *, #4762, .T. ) ;
#372 = DIRECTION ( 'NONE',  ( 0.000000000000000000, -2.925052111754154507E-18, -1.000000000000000000 ) ) ;
#373 = LINE ( 'NONE', #5955, #6570 ) ;
#374 = CARTESIAN_POINT ( 'NONE',  ( 6.210588304055171156E-15, -10.79118635532181791, 96.19034129655530307 ) ) ;
#375 = ORIENTED_EDGE ( 'NONE', *, *, #7758, .F. ) ;
#376 = ORIENTED_EDGE ( 'NONE', *, *, #4382, .F. ) ;
#377 = LINE ( 'NONE', #6645, #4285 ) ;
#378 = VECTOR ( 'NONE', #1004, 999.9999999999998863 ) ;
#379 = FACE_OUTER_BOUND ( 'NONE', #841, .T. ) ;
#380 = DIRECTION ( 'NONE',  ( -0.8660358321744171528, -5.413451298869251709E-16, -0.4999819370636950921 ) ) ;
#381 = ORIENTED_EDGE ( 'NONE', *, *, #6542, .T. ) ;
#382 = CARTESIAN_POINT ( 'NONE',  ( 10.80396741512313064, 13.81402832956865012, 79.73864887361423825 ) ) ;
#383 = CARTESIAN_POINT ( 'NONE',  ( 7.131056588303485988, 13.81402832956864657, 61.73519491007443349 ) ) ;
#384 = CARTESIAN_POINT ( 'NONE',  ( 0.2027699309081167078, 27.95203658269705116, 57.73533941356493671 ) ) ;
#385 = ORIENTED_EDGE ( 'NONE', *, *, #1280, .T. ) ;
#386 = ORIENTED_EDGE ( 'NONE', *, *, #8074, .T. ) ;
#387 =( LENGTH_UNIT ( ) NAMED_UNIT ( * ) SI_UNIT ( .MILLI., .METRE. ) );
#388 = EDGE_CURVE ( 'NONE', #5247, #2352, #3004, .T. ) ;
#389 = EDGE_LOOP ( 'NONE', ( #1645, #7932, #5207, #553 ) ) ;
#390 = LINE ( 'NONE', #1675, #5712 ) ;
#391 = CARTESIAN_POINT ( 'NONE',  ( -3.261289969162755931, 13.81402832956864124, 59.73541166444011452 ) ) ;
#392 = EDGE_CURVE ( 'NONE', #7672, #9028, #5474, .T. ) ;
#393 = ORIENTED_EDGE ( 'NONE', *, *, #5062, .T. ) ;
#394 = ORIENTED_EDGE ( 'NONE', *, *, #8659, .F. ) ;
#395 = DIRECTION ( 'NONE',  ( -6.383782126896855077E-16, 1.000000000000000000, 0.000000000000000000 ) ) ;
#396 = EDGE_CURVE ( 'NONE', #5945, #699, #6314, .T. ) ;
#397 = VECTOR ( 'NONE', #7382, 1000.000000000000000 ) ;
#398 = ORIENTED_EDGE ( 'NONE', *, *, #1824, .T. ) ;
#399 = DIRECTION ( 'NONE',  ( 0.4999819370636950921, 3.125307020857212586E-16, -0.8660358321744171528 ) ) ;
#400 = EDGE_CURVE ( 'NONE', #2821, #5250, #4096, .T. ) ;
#401 = EDGE_CURVE ( 'NONE', #8958, #4321, #4028, .T. ) ;
#402 = CARTESIAN_POINT ( 'NONE',  ( 15.71818173700939525, -11.91638811123407038, 50.00000000000000000 ) ) ;
#403 = AXIS2_PLACEMENT_3D ( 'NONE', #5160, #3700, #2255 ) ;
#404 = CARTESIAN_POINT ( 'NONE',  ( 16.71824074827664930, 8.623332769272102205E-15, 2.275810919109576538E-05 ) ) ;
#405 = CARTESIAN_POINT ( 'NONE',  ( 16.71818173700939880, 26.83496383332373014, 9.594466364057121055 ) ) ;
#406 = ORIENTED_EDGE ( 'NONE', *, *, #4089, .F. ) ;
#407 = EDGE_LOOP ( 'NONE', ( #6051, #5322, #6213, #7858 ) ) ;
#408 = CARTESIAN_POINT ( 'NONE',  ( 16.71818173700939880, 27.07819122337913242, 79.72781037147979077 ) ) ;
#409 = VERTEX_POINT ( 'NONE', #6204 ) ;
#410 = VERTEX_POINT ( 'NONE', #8305 ) ;
#411 = EDGE_CURVE ( 'NONE', #7695, #25, #8, .T. ) ;
#412 = CARTESIAN_POINT ( 'NONE',  ( 5.631288811682582995, 39.54446977037137145, 72.86920078960325498 ) ) ;
#413 = ORIENTED_EDGE ( 'NONE', *, *, #6003, .F. ) ;
#414 = CARTESIAN_POINT ( 'NONE',  ( 2.666829831196503964, 27.95203658269705116, 55.73528801984643621 ) ) ;
#415 = DIRECTION ( 'NONE',  ( 6.383782135257468205E-16, -1.000000000000000000, 6.712021092795623487E-32 ) ) ;
#416 = FACE_OUTER_BOUND ( 'NONE', #5543, .T. ) ;
#417 = ORIENTED_EDGE ( 'NONE', *, *, #1807, .F. ) ;
#418 = VERTEX_POINT ( 'NONE', #2111 ) ;
#419 = LINE ( 'NONE', #1051, #5462 ) ;
#420 = FACE_BOUND ( 'NONE', #4942, .T. ) ;
#421 = CYLINDRICAL_SURFACE ( 'NONE', #2770, 1.000000000000000888 ) ;
#422 = DIRECTION ( 'NONE',  ( 1.361274163578769539E-06, 7.834461494626239284E-22, -0.9999999999990734079 ) ) ;
#423 = ORIENTED_EDGE ( 'NONE', *, *, #6299, .T. ) ;
#424 = LINE ( 'NONE', #6560, #5334 ) ;
#425 = FACE_OUTER_BOUND ( 'NONE', #6970, .T. ) ;
#426 = CARTESIAN_POINT ( 'NONE',  ( -14.38053850324993022, 27.95203658269704050, 106.9964543255914293 ) ) ;
#427 = ORIENTED_EDGE ( 'NONE', *, *, #1654, .F. ) ;
#428 = ORIENTED_EDGE ( 'NONE', *, *, #8218, .T. ) ;
#429 = PLANE ( 'NONE',  #747 ) ;
#430 = ORIENTED_EDGE ( 'NONE', *, *, #7593, .F. ) ;
#431 = ADVANCED_FACE ( 'NONE', ( #1981 ), #3328, .T. ) ;
#432 = CARTESIAN_POINT ( 'NONE',  ( -0.3430579757796885509, 27.95203658269705116, 60.00329999090746469 ) ) ;
#433 = DIRECTION ( 'NONE',  ( 0.9999999997824894349, 6.250839857399241803E-16, -2.085715669636334030E-05 ) ) ;
#434 = ORIENTED_EDGE ( 'NONE', *, *, #1674, .F. ) ;
#435 = ORIENTED_EDGE ( 'NONE', *, *, #6003, .T. ) ;
#436 = AXIS2_PLACEMENT_3D ( 'NONE', #5947, #8740, #5271 ) ;
#437 = LINE ( 'NONE', #5124, #5251 ) ;
#438 = LINE ( 'NONE', #2945, #1219 ) ;
#439 = ORIENTED_EDGE ( 'NONE', *, *, #7715, .F. ) ;
#440 = ORIENTED_EDGE ( 'NONE', *, *, #2781, .F. ) ;
#441 = CARTESIAN_POINT ( 'NONE',  ( 2.166978625731320829, 13.81402832956864302, 62.86927304308857600 ) ) ;
#442 = ADVANCED_FACE ( 'NONE', ( #607 ), #4704, .T. ) ;
#443 = VECTOR ( 'NONE', #4825, 1000.000000000000114 ) ;
#444 = VECTOR ( 'NONE', #2335, 1000.000000000000114 ) ;
#445 = VECTOR ( 'NONE', #6327, 1000.000000000000227 ) ;
#446 = DIRECTION ( 'NONE',  ( 0.9999999997824894349, 6.250839857399241803E-16, -2.085715669636334030E-05 ) ) ;
#447 = CARTESIAN_POINT ( 'NONE',  ( 16.71810945049893249, 24.01002137493218669, 96.45214181874935377 ) ) ;
#448 = CARTESIAN_POINT ( 'NONE',  ( 3.666829830979006832, 13.81402832956864479, 55.73526716268975889 ) ) ;
#449 = VECTOR ( 'NONE', #5044, 1000.000000000000000 ) ;
#450 = ORIENTED_EDGE ( 'NONE', *, *, #7712, .T. ) ;
#451 = VERTEX_POINT ( 'NONE', #2654 ) ;
#452 = DIRECTION ( 'NONE',  ( 4.401992423523295253E-17, 1.000000000000000000, -0.000000000000000000 ) ) ;
#453 = ORIENTED_EDGE ( 'NONE', *, *, #476, .T. ) ;
#454 = ORIENTED_EDGE ( 'NONE', *, *, #3374, .F. ) ;
#455 = EDGE_CURVE ( 'NONE', #5506, #1531, #2784, .T. ) ;
#456 = AXIS2_PLACEMENT_3D ( 'NONE', #9006, #1213, #3389 ) ;
#457 = DIRECTION ( 'NONE',  ( 0.8660358321744171528, 5.413451298869251709E-16, 0.4999819370636952032 ) ) ;
#458 = ORIENTED_EDGE ( 'NONE', *, *, #4631, .F. ) ;
#459 = FACE_OUTER_BOUND ( 'NONE', #8345, .T. ) ;
#460 = CARTESIAN_POINT ( 'NONE',  ( -0.7971466402475861912, 39.54446977037137856, 61.73536026985154024 ) ) ;
#461 = DIRECTION ( 'NONE',  ( 0.9999999148813263350, 0.0004125960333940974830, 1.361274047700790991E-06 ) ) ;
#462 = EDGE_LOOP ( 'NONE', ( #2227, #8803, #5455, #8091, #3677, #2436 ) ) ;
#463 = EDGE_LOOP ( 'NONE', ( #2055, #5092, #8903, #8266 ) ) ;
#464 = CARTESIAN_POINT ( 'NONE',  ( 16.71813221630366186, 26.95203658269706892, 79.72824788468312818 ) ) ;
#465 = EDGE_CURVE ( 'NONE', #8752, #1389, #560, .T. ) ;
#466 = CIRCLE ( 'NONE', #7440, 1.549999999999999378 ) ;
#467 = EDGE_CURVE ( 'NONE', #4039, #7605, #6165, .T. ) ;
#468 = FACE_BOUND ( 'NONE', #5408, .T. ) ;
#469 = VECTOR ( 'NONE', #1850, 1000.000000000000114 ) ;
#470 = VECTOR ( 'NONE', #8164, 1000.000000000000114 ) ;
#471 = CARTESIAN_POINT ( 'NONE',  ( 0.2029840911334130915, 39.54446977037137856, 68.00328860376258433 ) ) ;
#472 = CYLINDRICAL_SURFACE ( 'NONE', #1347, 1.550000000000000488 ) ;
#473 = ORIENTED_EDGE ( 'NONE', *, *, #3130, .T. ) ;
#474 = LINE ( 'NONE', #8175, #4904 ) ;
#475 = PLANE ( 'NONE',  #6275 ) ;
#476 = EDGE_CURVE ( 'NONE', #1973, #2476, #4182, .T. ) ;
#477 = DIRECTION ( 'NONE',  ( 0.8660149750177211780, 5.413320924122835784E-16, -0.5000180627187940097 ) ) ;
#478 = ORIENTED_EDGE ( 'NONE', *, *, #7400, .T. ) ;
#479 = ORIENTED_EDGE ( 'NONE', *, *, #830, .T. ) ;
#480 = CARTESIAN_POINT ( 'NONE',  ( 9.908091211226203399, -8.791186355321812584, 86.10127056713264437 ) ) ;
#481 = VERTEX_POINT ( 'NONE', #2829 ) ;
#482 = VECTOR ( 'NONE', #7109, 1000.000000000000114 ) ;
#483 = VECTOR ( 'NONE', #3672, 1000.000000000000114 ) ;
#484 = ADVANCED_FACE ( 'NONE', ( #1243 ), #4013, .F. ) ;
#485 = LINE ( 'NONE', #3247, #8632 ) ;
#486 = DIRECTION ( 'NONE',  ( 0.000000000000000000, -0.003468049767204129611, -0.9999939862973238336 ) ) ;
#487 = ORIENTED_EDGE ( 'NONE', *, *, #7712, .F. ) ;
#488 = ORIENTED_EDGE ( 'NONE', *, *, #465, .F. ) ;
#489 = AXIS2_PLACEMENT_3D ( 'NONE', #1774, #4636, #2592 ) ;
#490 = CARTESIAN_POINT ( 'NONE',  ( 16.71809176882909398, -8.048591456244471587, 109.4412004040890878 ) ) ;
#491 = VECTOR ( 'NONE', #1640, 1000.000000000000000 ) ;
#492 = EDGE_LOOP ( 'NONE', ( #3875, #4940, #6578, #684, #754, #6840 ) ) ;
#493 = EDGE_CURVE ( 'NONE', #1316, #7797, #8262, .T. ) ;
#494 = DIRECTION ( 'NONE',  ( 6.250839858758867238E-16, -1.000000000000000000, -7.292516007464944339E-32 ) ) ;
#495 = ORIENTED_EDGE ( 'NONE', *, *, #830, .F. ) ;
#496 = CARTESIAN_POINT ( 'NONE',  ( 10.95809121122619345, -11.79118635532181258, 86.10127056713264437 ) ) ;
#497 = DIRECTION ( 'NONE',  ( 0.000000000000000000, 0.000000000000000000, 1.000000000000000000 ) ) ;
#498 = VECTOR ( 'NONE', #1600, 1000.000000000000000 ) ;
#499 = DIRECTION ( 'NONE',  ( -8.696376787897792385E-17, -1.000000000000000000, 0.000000000000000000 ) ) ;
#500 = ORIENTED_EDGE ( 'NONE', *, *, #9021, .F. ) ;
#501 = ORIENTED_EDGE ( 'NONE', *, *, #4754, .T. ) ;
#502 = DIRECTION ( 'NONE',  ( -2.085715669636334030E-05, -1.303747464172781074E-20, -0.9999999997824895459 ) ) ;
#503 = ORIENTED_EDGE ( 'NONE', *, *, #29, .F. ) ;
#504 = ORIENTED_EDGE ( 'NONE', *, *, #1970, .T. ) ;
#505 = EDGE_CURVE ( 'NONE', #5250, #62, #2240, .T. ) ;
#506 = EDGE_CURVE ( 'NONE', #1570, #2015, #825, .T. ) ;
#507 = VECTOR ( 'NONE', #6399, 1000.000000000000000 ) ;
#508 = DIRECTION ( 'NONE',  ( 0.000000000000000000, 0.000000000000000000, 1.000000000000000000 ) ) ;
#509 = ORIENTED_EDGE ( 'NONE', *, *, #2896, .T. ) ;
#510 = DIRECTION ( 'NONE',  ( -2.085715669636334030E-05, -1.303747464172781074E-20, -0.9999999997824895459 ) ) ;
#511 = LINE ( 'NONE', #8801, #1348 ) ;
#512 = EDGE_CURVE ( 'NONE', #4270, #1462, #7801, .T. ) ;
#513 = DIRECTION ( 'NONE',  ( 1.000000000000000000, 0.000000000000000000, 0.000000000000000000 ) ) ;
#514 = VERTEX_POINT ( 'NONE', #5779 ) ;
#515 = VERTEX_POINT ( 'NONE', #8525 ) ;
#516 = DIRECTION ( 'NONE',  ( 0.8660149750177211780, 5.413320924122835784E-16, -0.5000180627187940097 ) ) ;
#517 = EDGE_CURVE ( 'NONE', #3621, #7221, #1463, .T. ) ;
#518 = FACE_BOUND ( 'NONE', #3292, .T. ) ;
#519 = DIRECTION ( 'NONE',  ( -0.4999819370636952032, -3.125307020857213572E-16, 0.8660358321744170418 ) ) ;
#520 = DIRECTION ( 'NONE',  ( 1.000000000000000000, 6.836021955477346282E-16, 1.166244989663167914E-16 ) ) ;
#521 = ORIENTED_EDGE ( 'NONE', *, *, #7683, .T. ) ;
#522 = LINE ( 'NONE', #7431, #3866 ) ;
#523 = DIRECTION ( 'NONE',  ( -0.000000000000000000, -0.000000000000000000, -1.000000000000000000 ) ) ;
#524 = CARTESIAN_POINT ( 'NONE',  ( 5.631205383055783997, 39.54446977037137145, 68.86920079047328613 ) ) ;
#525 = VERTEX_POINT ( 'NONE', #3635 ) ;
#526 = ORIENTED_EDGE ( 'NONE', *, *, #7311, .F. ) ;
#527 = FACE_OUTER_BOUND ( 'NONE', #8908, .T. ) ;
#528 = ORIENTED_EDGE ( 'NONE', *, *, #894, .T. ) ;
#529 = ADVANCED_FACE ( 'NONE', ( #4926 ), #6336, .T. ) ;
#530 = CARTESIAN_POINT ( 'NONE',  ( 9.908091211226185635, 23.95296590008068449, 82.35127056713264437 ) ) ;
#531 = CARTESIAN_POINT ( 'NONE',  ( -4.760974317156859925, 39.54446977037136435, 74.86941754309884800 ) ) ;
#532 = EDGE_LOOP ( 'NONE', ( #7474, #1321, #630, #1993 ) ) ;
#533 = VERTEX_POINT ( 'NONE', #5824 ) ;
#534 = CARTESIAN_POINT ( 'NONE',  ( -4.261123111691652809, 13.81402832956864124, 67.73543251985667268 ) ) ;
#535 = CYLINDRICAL_SURFACE ( 'NONE', #348, 4.000000000000000888 ) ;
#536 = VERTEX_POINT ( 'NONE', #3595 ) ;
#537 = DIRECTION ( 'NONE',  ( -0.9999999997824894349, 0.000000000000000000, 2.085715669636333691E-05 ) ) ;
#538 = ORIENTED_EDGE ( 'NONE', *, *, #1839, .T. ) ;
#539 = PLANE ( 'NONE',  #4685 ) ;
#540 = PLANE ( 'NONE',  #3359 ) ;
#541 = DIRECTION ( 'NONE',  ( 0.5000180627187942317, 0.000000000000000000, 0.8660149750177208450 ) ) ;
#542 = ORIENTED_EDGE ( 'NONE', *, *, #5312, .T. ) ;
#543 = CARTESIAN_POINT ( 'NONE',  ( -4.375241788773892360, 2.208813644678181198, 3.649999999999999467 ) ) ;
#544 = ORIENTED_EDGE ( 'NONE', *, *, #5806, .F. ) ;
#545 = CARTESIAN_POINT ( 'NONE',  ( -21.30882516064529497, 27.95203658269703695, 102.9965988290818473 ) ) ;
#546 = ORIENTED_EDGE ( 'NONE', *, *, #8015, .T. ) ;
#547 = DIRECTION ( 'NONE',  ( -0.9999999999990734079, 0.000000000000000000, -1.361274163569945150E-06 ) ) ;
#548 = ORIENTED_EDGE ( 'NONE', *, *, #5324, .F. ) ;
#549 = CARTESIAN_POINT ( 'NONE',  ( -0.7972661945294698960, 27.95203658269705116, 56.00330946352949013 ) ) ;
#550 = CARTESIAN_POINT ( 'NONE',  ( -17.84468183194762148, 27.95203658269704050, 104.9965265773366241 ) ) ;
#551 = CARTESIAN_POINT ( 'NONE',  ( 3.667043991204301800, 27.95203658269705116, 66.00321635288740652 ) ) ;
#552 = ORIENTED_EDGE ( 'NONE', *, *, #6923, .T. ) ;
#553 = ORIENTED_EDGE ( 'NONE', *, *, #6149, .F. ) ;
#554 = CARTESIAN_POINT ( 'NONE',  ( -4.261373397572064015, 39.54446977037137145, 55.73543252246685142 ) ) ;
#555 = EDGE_CURVE ( 'NONE', #3157, #6038, #7018, .T. ) ;
#556 = FACE_OUTER_BOUND ( 'NONE', #614, .T. ) ;
#557 = CARTESIAN_POINT ( 'NONE',  ( -4.260956254438055701, 13.81402832956864124, 75.73543251811656773 ) ) ;
#558 = CARTESIAN_POINT ( 'NONE',  ( 7.131056588303469113, 39.54446977037137856, 61.73519491007443349 ) ) ;
#559 = ORIENTED_EDGE ( 'NONE', *, *, #2675, .F. ) ;
#560 = LINE ( 'NONE', #5561, #5635 ) ;
#561 = DIRECTION ( 'NONE',  ( 0.000000000000000000, 0.000000000000000000, 1.000000000000000000 ) ) ;
#562 = ADVANCED_FACE ( 'NONE', ( #5100 ), #917, .T. ) ;
#563 = CARTESIAN_POINT ( 'NONE',  ( 0.7028352965986045531, 39.54446977037137856, 60.86930358052043033 ) ) ;
#564 = ORIENTED_EDGE ( 'NONE', *, *, #4998, .F. ) ;
#565 = EDGE_LOOP ( 'NONE', ( #1999, #1218, #2383, #2578 ) ) ;
#566 = CARTESIAN_POINT ( 'NONE',  ( -7.374235094193059226, 2.386298900080692231, 6.649999999999995914 ) ) ;
#567 = ORIENTED_EDGE ( 'NONE', *, *, #7572, .F. ) ;
#568 = CARTESIAN_POINT ( 'NONE',  ( -3.261242666191049633, 13.81402832956864124, 62.00336085637788130 ) ) ;
#569 = DIRECTION ( 'NONE',  ( 0.8660149750177211780, 5.413320924122835784E-16, -0.5000180627187940097 ) ) ;
#570 = ORIENTED_EDGE ( 'NONE', *, *, #1575, .F. ) ;
#571 = ORIENTED_EDGE ( 'NONE', *, *, #7183, .F. ) ;
#572 = DIRECTION ( 'NONE',  ( -1.000000000000000000, -5.755241453125620489E-16, -3.161339290746629936E-34 ) ) ;
#573 = LINE ( 'NONE', #3344, #3535 ) ;
#574 = EDGE_LOOP ( 'NONE', ( #1205, #1758, #6164, #439 ) ) ;
#575 = DIRECTION ( 'NONE',  ( 6.250839858758867238E-16, -1.000000000000000000, -7.292516007464944339E-32 ) ) ;
#576 = AXIS2_PLACEMENT_3D ( 'NONE', #691, #5553, #4878 ) ;
#577 = EDGE_LOOP ( 'NONE', ( #4823, #2797, #1988, #1467, #7967, #4836 ) ) ;
#578 = EDGE_CURVE ( 'NONE', #7845, #4380, #6246, .T. ) ;
#579 = ADVANCED_FACE ( 'NONE', ( #5741 ), #7756, .T. ) ;
#580 = PLANE ( 'NONE',  #2493 ) ;
#581 = DIRECTION ( 'NONE',  ( 1.000000000000000000, 0.000000000000000000, 0.000000000000000000 ) ) ;
#582 = VECTOR ( 'NONE', #2013, 1000.000000000000000 ) ;
#583 = ADVANCED_FACE ( 'NONE', ( #7201 ), #1653, .F. ) ;
#584 = LINE ( 'NONE', #6863, #7567 ) ;
#585 = EDGE_CURVE ( 'NONE', #7281, #6498, #298, .T. ) ;
#586 = VERTEX_POINT ( 'NONE', #5689 ) ;
#587 = DIRECTION ( 'NONE',  ( 0.000000000000000000, 0.000000000000000000, 1.000000000000000000 ) ) ;
#588 = VERTEX_POINT ( 'NONE', #4277 ) ;
#589 = ORIENTED_EDGE ( 'NONE', *, *, #7837, .T. ) ;
#590 = EDGE_CURVE ( 'NONE', #8708, #3472, #277, .T. ) ;
#591 = VECTOR ( 'NONE', #8455, 1000.000000000000000 ) ;
#592 = VECTOR ( 'NONE', #5495, 1000.000000000000227 ) ;
#593 = DIRECTION ( 'NONE',  ( -0.4999819370636950921, -3.166443754200919549E-16, 0.8660358321744171528 ) ) ;
#594 = ORIENTED_EDGE ( 'NONE', *, *, #3428, .T. ) ;
#595 = CARTESIAN_POINT ( 'NONE',  ( -9.584195482811800559, 26.05203658269704192, 85.39818524475565198 ) ) ;
#596 = DIRECTION ( 'NONE',  ( 0.9999999999990736299, 0.000000000000000000, 1.361274162836599694E-06 ) ) ;
#597 = FACE_OUTER_BOUND ( 'NONE', #5489, .T. ) ;
#598 = VECTOR ( 'NONE', #5116, 1000.000000000000000 ) ;
#599 = ORIENTED_EDGE ( 'NONE', *, *, #7174, .F. ) ;
#600 = ORIENTED_EDGE ( 'NONE', *, *, #5751, .T. ) ;
#601 = EDGE_CURVE ( 'NONE', #4206, #7421, #3042, .T. ) ;
#602 = CARTESIAN_POINT ( 'NONE',  ( 11.71439088440057041, -8.048203228075715643, 94.62330639589909254 ) ) ;
#603 = AXIS2_PLACEMENT_3D ( 'NONE', #7379, #7428, #1837 ) ;
#604 = CARTESIAN_POINT ( 'NONE',  ( -7.725349869016146620, 39.54446977037137145, 61.73550477247197676 ) ) ;
#605 = FACE_OUTER_BOUND ( 'NONE', #8979, .T. ) ;
#606 = ORIENTED_EDGE ( 'NONE', *, *, #5698, .F. ) ;
#607 = FACE_OUTER_BOUND ( 'NONE', #5771, .T. ) ;
#608 = LINE ( 'NONE', #5475, #5988 ) ;
#609 = AXIS2_PLACEMENT_3D ( 'NONE', #1625, #7178, #4297 ) ;
#610 = CARTESIAN_POINT ( 'NONE',  ( -7.725135708790827671, 13.81402832956863946, 72.00345396266968123 ) ) ;
#611 = ORIENTED_EDGE ( 'NONE', *, *, #3899, .T. ) ;
#612 = ORIENTED_EDGE ( 'NONE', *, *, #1807, .T. ) ;
#613 = CARTESIAN_POINT ( 'NONE',  ( 2.666996688450101072, 27.95203658269705116, 63.73528801810629574 ) ) ;
#614 = EDGE_LOOP ( 'NONE', ( #1711, #7574, #453, #7375, #1366, #4882, #2741, #1065, #3705, #8053, #3380, #7482, #4019, #6807 ) ) ;
#615 = EDGE_CURVE ( 'NONE', #2424, #536, #7101, .T. ) ;
#616 = VECTOR ( 'NONE', #6427, 1000.000000000000000 ) ;
#617 = AXIS2_PLACEMENT_3D ( 'NONE', #5161, #1012, #5925 ) ;
#618 = CARTESIAN_POINT ( 'NONE',  ( 15.71818173700939880, 27.97509909127807504, 50.00000000000000000 ) ) ;
#619 = DIRECTION ( 'NONE',  ( 1.000000000000000000, 5.755241453125620489E-16, 0.000000000000000000 ) ) ;
#620 = EDGE_LOOP ( 'NONE', ( #5639, #7779, #8972, #2742 ) ) ;
#621 = ORIENTED_EDGE ( 'NONE', *, *, #8287, .F. ) ;
#622 = CARTESIAN_POINT ( 'NONE',  ( 5.631038525802202876, 13.81402832956864479, 60.86920079221339819 ) ) ;
#623 = CARTESIAN_POINT ( 'NONE',  ( 3.666877133950697143, 39.54446977037137856, 58.00321635462751857 ) ) ;
#624 = ORIENTED_EDGE ( 'NONE', *, *, #3936, .F. ) ;
#625 = PLANE ( 'NONE',  #5668 ) ;
#626 = EDGE_CURVE ( 'NONE', #3762, #863, #6418, .T. ) ;
#627 = AXIS2_PLACEMENT_3D ( 'NONE', #938, #5846, #8723 ) ;
#628 = EDGE_CURVE ( 'NONE', #6194, #8633, #7149, .T. ) ;
#629 = AXIS2_PLACEMENT_3D ( 'NONE', #4134, #8425, #4915 ) ;
#630 = ORIENTED_EDGE ( 'NONE', *, *, #4089, .T. ) ;
#631 = AXIS2_PLACEMENT_3D ( 'NONE', #3010, #4375, #5790 ) ;
#632 = EDGE_CURVE ( 'NONE', #4416, #5269, #2549, .T. ) ;
#633 = VECTOR ( 'NONE', #3309, 1000.000000000000227 ) ;
#634 = LINE ( 'NONE', #7402, #3653 ) ;
#635 = CARTESIAN_POINT ( 'NONE',  ( -19.57675349629645112, 27.95203658269703695, 103.9965627032092357 ) ) ;
#636 = DIRECTION ( 'NONE',  ( -0.8660149750177210670, -5.413320924122833812E-16, 0.5000180627187943427 ) ) ;
#637 = EDGE_LOOP ( 'NONE', ( #1694, #7736, #8824, #488 ) ) ;
#638 = LINE ( 'NONE', #2632, #5359 ) ;
#639 = AXIS2_PLACEMENT_3D ( 'NONE', #694, #2700, #7706 ) ;
#640 = EDGE_LOOP ( 'NONE', ( #758, #2397, #1070, #9004 ) ) ;
#641 = CARTESIAN_POINT ( 'NONE',  ( 7.631038525367187297, 27.95203658269705471, 60.86915907790001512 ) ) ;
#642 = VERTEX_POINT ( 'NONE', #8662 ) ;
#643 = VECTOR ( 'NONE', #3281, 1000.000000000000000 ) ;
#644 = EDGE_CURVE ( 'NONE', #1249, #4294, #3481, .T. ) ;
#645 = EDGE_CURVE ( 'NONE', #191, #282, #5518, .T. ) ;
#646 = VECTOR ( 'NONE', #8969, 1000.000000000000000 ) ;
#647 = DIRECTION ( 'NONE',  ( 0.8660149750177211780, 5.413320924122835784E-16, -0.5000180627187940097 ) ) ;
#648 = EDGE_LOOP ( 'NONE', ( #7381, #3975, #571, #1951 ) ) ;
#649 = FACE_OUTER_BOUND ( 'NONE', #4495, .T. ) ;
#650 = CARTESIAN_POINT ( 'NONE',  ( -7.725302566044433661, 27.95203658269704761, 64.00345396440977197 ) ) ;
#651 = CARTESIAN_POINT ( 'NONE',  ( 6.131140017147775012, 39.54446977037137856, 65.73521576636105124 ) ) ;
#652 = EDGE_LOOP ( 'NONE', ( #4781, #7463, #4412, #695 ) ) ;
#653 = VERTEX_POINT ( 'NONE', #5914 ) ;
#654 = PLANE ( 'NONE',  #3343 ) ;
#655 = AXIS2_PLACEMENT_3D ( 'NONE', #2517, #6702, #5385 ) ;
#656 = PLANE ( 'NONE',  #3664 ) ;
#657 = VERTEX_POINT ( 'NONE', #414 ) ;
#658 = DIRECTION ( 'NONE',  ( -6.383782126896855077E-16, 1.000000000000000000, -2.925052111754154507E-18 ) ) ;
#659 = VECTOR ( 'NONE', #2687, 1000.000000000000114 ) ;
#660 = CARTESIAN_POINT ( 'NONE',  ( 2.666913259823294968, 39.54446977037137856, 59.73528801897636242 ) ) ;
#661 = DIRECTION ( 'NONE',  ( 6.250839858758867238E-16, -1.000000000000000000, -7.292516007464944339E-32 ) ) ;
#662 = ORIENTED_EDGE ( 'NONE', *, *, #5007, .T. ) ;
#663 = ORIENTED_EDGE ( 'NONE', *, *, #4348, .F. ) ;
#664 = PLANE ( 'NONE',  #3693 ) ;
#665 = DIRECTION ( 'NONE',  ( -0.000000000000000000, 0.003468049767204186423, 0.9999939862973238336 ) ) ;
#666 = DIRECTION ( 'NONE',  ( -0.8660358321744171528, -5.413451298869251709E-16, -0.4999819370636950921 ) ) ;
#667 = ORIENTED_EDGE ( 'NONE', *, *, #7207, .T. ) ;
#668 = ORIENTED_EDGE ( 'NONE', *, *, #4092, .F. ) ;
#669 = CARTESIAN_POINT ( 'NONE',  ( 6.131140017147781229, 27.95203658269705471, 65.73521576636105124 ) ) ;
#670 = DIRECTION ( 'NONE',  ( -1.000000000000000000, 0.000000000000000000, 0.000000000000000000 ) ) ;
#671 = ORIENTED_EDGE ( 'NONE', *, *, #1674, .T. ) ;
#672 = CARTESIAN_POINT ( 'NONE',  ( -17.39812996423723490, -1.106244252508754807E-14, -2.029545071789221449E-15 ) ) ;
#673 = VERTEX_POINT ( 'NONE', #8116 ) ;
#674 = ADVANCED_FACE ( 'NONE', ( #459 ), #4488, .F. ) ;
#675 = CARTESIAN_POINT ( 'NONE',  ( 0.2030675197602239135, 13.81402832956864479, 72.00328860289253896 ) ) ;
#676 = FACE_OUTER_BOUND ( 'NONE', #8720, .T. ) ;
#677 = CARTESIAN_POINT ( 'NONE',  ( -1.296997845712777542, 39.54446977037136435, 68.86934529309371555 ) ) ;
#678 = EDGE_LOOP ( 'NONE', ( #2904, #3478, #1537, #1370 ) ) ;
#679 = CARTESIAN_POINT ( 'NONE',  ( 4.166811768042687270, 39.54446977037137856, 54.86923133051532631 ) ) ;
#680 = EDGE_CURVE ( 'NONE', #6157, #1973, #1871, .T. ) ;
#681 = VERTEX_POINT ( 'NONE', #2414 ) ;
#682 = ORIENTED_EDGE ( 'NONE', *, *, #1912, .F. ) ;
#683 = DIRECTION ( 'NONE',  ( 6.250839858758867238E-16, -1.000000000000000000, -7.292516007464944339E-32 ) ) ;
#684 = ORIENTED_EDGE ( 'NONE', *, *, #65, .T. ) ;
#685 = DIRECTION ( 'NONE',  ( -0.9999999999961018959, -9.683384032488191621E-09, -2.792152884625985622E-06 ) ) ;
#686 = LINE ( 'NONE', #2053, #5991 ) ;
#687 = CARTESIAN_POINT ( 'NONE',  ( -4.761391460290853139, 39.54446977037136435, 54.86941754744913169 ) ) ;
#688 = ORIENTED_EDGE ( 'NONE', *, *, #8574, .F. ) ;
#689 = ORIENTED_EDGE ( 'NONE', *, *, #3446, .T. ) ;
#690 = ADVANCED_FACE ( 'NONE', ( #7416 ), #1776, .T. ) ;
#691 = CARTESIAN_POINT ( 'NONE',  ( -0.3752417887738916935, -4.613701099919306436, 43.35000000000000853 ) ) ;
#692 = ADVANCED_FACE ( 'NONE', ( #3902 ), #325, .T. ) ;
#693 = EDGE_CURVE ( 'NONE', #3465, #3174, #8019, .T. ) ;
#694 = CARTESIAN_POINT ( 'NONE',  ( 9.908091211226185635, 23.95296590008068449, 82.35127056713264437 ) ) ;
#695 = ORIENTED_EDGE ( 'NONE', *, *, #703, .F. ) ;
#696 = DIRECTION ( 'NONE',  ( -0.4999819370636950921, 0.000000000000000000, 0.8660358321744171528 ) ) ;
#697 = DIRECTION ( 'NONE',  ( -0.4999819370636950921, 0.000000000000000000, 0.8660358321744171528 ) ) ;
#698 = CARTESIAN_POINT ( 'NONE',  ( -0.3419087887734944542, 23.95296590008067739, 115.1012705671326444 ) ) ;
#699 = VERTEX_POINT ( 'NONE', #8068 ) ;
#700 = ORIENTED_EDGE ( 'NONE', *, *, #8460, .F. ) ;
#701 = FACE_OUTER_BOUND ( 'NONE', #2328, .T. ) ;
#702 = ADVANCED_FACE ( 'NONE', ( #1044 ), #4638, .F. ) ;
#703 = EDGE_CURVE ( 'NONE', #7912, #5732, #1187, .T. ) ;
#704 = LINE ( 'NONE', #7635, #1650 ) ;
#705 = PLANE ( 'NONE',  #1605 ) ;
#706 = CARTESIAN_POINT ( 'NONE',  ( 0.7029187252254205376, 13.81402832956864657, 64.86930357965043470 ) ) ;
#707 = ORIENTED_EDGE ( 'NONE', *, *, #6251, .T. ) ;
#708 = CARTESIAN_POINT ( 'NONE',  ( 16.71813220208183992, 23.93957471193093056, 79.73869531520048781 ) ) ;
#709 = LINE ( 'NONE', #4848, #1183 ) ;
#710 = DIRECTION ( 'NONE',  ( -2.085715669966599630E-05, -1.331475441579524806E-20, -0.9999999997824894349 ) ) ;
#711 = VERTEX_POINT ( 'NONE', #1093 ) ;
#712 = LINE ( 'NONE', #6856, #8171 ) ;
#713 = EDGE_LOOP ( 'NONE', ( #7200, #5531, #8484, #4332 ) ) ;
#714 = ADVANCED_FACE ( 'NONE', ( #4589 ), #5954, .T. ) ;
#715 = DIRECTION ( 'NONE',  ( 0.9999999999999897859, 6.383782131089537389E-16, 1.433392254052754664E-07 ) ) ;
#716 = CYLINDRICAL_SURFACE ( 'NONE', #17, 1.049999999999997158 ) ;
#717 = DIRECTION ( 'NONE',  ( 1.000000000000000000, 6.383782126896855077E-16, -2.213940725887920203E-18 ) ) ;
#718 = ORIENTED_EDGE ( 'NONE', *, *, #77, .F. ) ;
#719 = CARTESIAN_POINT ( 'NONE',  ( 2.667043991421807370, 27.95203658269705471, 66.00323721004411937 ) ) ;
#720 = EDGE_CURVE ( 'NONE', #231, #2124, #8749, .T. ) ;
#721 = LINE ( 'NONE', #5594, #1379 ) ;
#722 = ORIENTED_EDGE ( 'NONE', *, *, #3530, .T. ) ;
#723 = ADVANCED_FACE ( 'NONE', ( #3858 ), #6640, .T. ) ;
#724 = CARTESIAN_POINT ( 'NONE',  ( -12.39812996423727043, 27.95203658269704405, 43.35000000000000853 ) ) ;
#725 = DIRECTION ( 'NONE',  ( 2.085715669603027678E-05, 1.303747464151961922E-20, 0.9999999997824895459 ) ) ;
#726 = ORIENTED_EDGE ( 'NONE', *, *, #6677, .T. ) ;
#727 = CARTESIAN_POINT ( 'NONE',  ( -0.7971466402475700930, 13.81402832956864302, 61.73536026985154024 ) ) ;
#728 = LINE ( 'NONE', #3544, #2217 ) ;
#729 = ORIENTED_EDGE ( 'NONE', *, *, #8320, .T. ) ;
#730 = ORIENTED_EDGE ( 'NONE', *, *, #869, .F. ) ;
#731 = DIRECTION ( 'NONE',  ( 6.250839858758867238E-16, -1.000000000000000000, -7.292516007464944339E-32 ) ) ;
#732 = EDGE_CURVE ( 'NONE', #7745, #3885, #1732, .T. ) ;
#733 = ADVANCED_FACE ( 'NONE', ( #5189 ), #7974, .F. ) ;
#734 = VECTOR ( 'NONE', #6499, 1000.000000000000227 ) ;
#735 = VECTOR ( 'NONE', #4474, 1000.000000000000114 ) ;
#736 = DIRECTION ( 'NONE',  ( -2.085715669636334030E-05, -1.303747464172781074E-20, -0.9999999997824895459 ) ) ;
#737 = ORIENTED_EDGE ( 'NONE', *, *, #5347, .F. ) ;
#738 = LINE ( 'NONE', #5433, #4763 ) ;
#739 = DIRECTION ( 'NONE',  ( -0.9999999997824894349, -6.250839857399242789E-16, 2.085715669603027339E-05 ) ) ;
#740 = EDGE_CURVE ( 'NONE', #8565, #6369, #6920, .T. ) ;
#741 = CARTESIAN_POINT ( 'NONE',  ( 16.22533254114985368, -11.79118635532180903, 46.29669860625435263 ) ) ;
#742 = VERTEX_POINT ( 'NONE', #8940 ) ;
#743 = VERTEX_POINT ( 'NONE', #5502 ) ;
#744 = CARTESIAN_POINT ( 'NONE',  ( 5.630955097175388779, 39.54446977037137145, 56.86920079308346487 ) ) ;
#745 = VECTOR ( 'NONE', #6671, 1000.000000000000000 ) ;
#746 = EDGE_CURVE ( 'NONE', #525, #3983, #2102, .T. ) ;
#747 = AXIS2_PLACEMENT_3D ( 'NONE', #4511, #1795, #5889 ) ;
#748 = PLANE ( 'NONE',  #2230 ) ;
#749 = EDGE_CURVE ( 'NONE', #8752, #7624, #4734, .T. ) ;
#750 = VECTOR ( 'NONE', #7649, 1000.000000000000114 ) ;
#751 = LINE ( 'NONE', #5619, #6258 ) ;
#752 = EDGE_CURVE ( 'NONE', #6033, #7695, #7558, .T. ) ;
#753 = CARTESIAN_POINT ( 'NONE',  ( 0.7027518679718058880, 39.54446977037137856, 56.86930358139051123 ) ) ;
#754 = ORIENTED_EDGE ( 'NONE', *, *, #2870, .T. ) ;
#755 = CARTESIAN_POINT ( 'NONE',  ( 15.49722476269601401, 27.95203658269706182, 105.9561020631030459 ) ) ;
#756 = FACE_OUTER_BOUND ( 'NONE', #6096, .T. ) ;
#757 = LINE ( 'NONE', #4331, #4118 ) ;
#758 = ORIENTED_EDGE ( 'NONE', *, *, #5892, .T. ) ;
#759 = CARTESIAN_POINT ( 'NONE',  ( 2.667043991421800264, 39.54446977037137856, 66.00323721004411937 ) ) ;
#760 = ORIENTED_EDGE ( 'NONE', *, *, #392, .T. ) ;
#761 = CIRCLE ( 'NONE', #8462, 1.550000000000000488 ) ;
#762 = CARTESIAN_POINT ( 'NONE',  ( -0.3429328328395123693, 27.95203658269705116, 66.00329998960241085 ) ) ;
#763 = VECTOR ( 'NONE', #7732, 1000.000000000000000 ) ;
#764 = FACE_OUTER_BOUND ( 'NONE', #7569, .T. ) ;
#765 = VECTOR ( 'NONE', #7151, 1000.000000000000000 ) ;
#766 = LINE ( 'NONE', #7042, #4493 ) ;
#767 = ORIENTED_EDGE ( 'NONE', *, *, #4439, .F. ) ;
#768 = FACE_BOUND ( 'NONE', #5946, .T. ) ;
#769 = CARTESIAN_POINT ( 'NONE',  ( -9.975241788773889340, -7.213701099919300752, 6.649999999999995914 ) ) ;
#770 = CIRCLE ( 'NONE', #5990, 1.049999999999997158 ) ;
#771 = CARTESIAN_POINT ( 'NONE',  ( -0.3431052787513928504, 27.95203658269705116, 57.73535079896971922 ) ) ;
#772 = CARTESIAN_POINT ( 'NONE',  ( 2.666793705541420145, 13.81402832956864479, 54.00323721265430521 ) ) ;
#773 = CARTESIAN_POINT ( 'NONE',  ( 11.71517252853229607, -8.048203171291568481, 94.62113905939085612 ) ) ;
#774 = ORIENTED_EDGE ( 'NONE', *, *, #4623, .F. ) ;
#775 = DIRECTION ( 'NONE',  ( -0.9999999997824894349, -6.383781515425612638E-16, 2.085715669636333691E-05 ) ) ;
#776 = CIRCLE ( 'NONE', #7909, 1.000000000000000888 ) ;
#777 = EDGE_CURVE ( 'NONE', #6391, #4416, #2594, .T. ) ;
#778 = VECTOR ( 'NONE', #3667, 1000.000000000000000 ) ;
#779 = CARTESIAN_POINT ( 'NONE',  ( 4.166811768042687270, 39.54446977037137856, 54.86923133051532631 ) ) ;
#780 = ORIENTED_EDGE ( 'NONE', *, *, #7184, .T. ) ;
#781 = ORIENTED_EDGE ( 'NONE', *, *, #2791, .T. ) ;
#782 = DIRECTION ( 'NONE',  ( 0.4999819370636951477, 3.166443754200919549E-16, -0.8660358321744170418 ) ) ;
#783 = ORIENTED_EDGE ( 'NONE', *, *, #5859, .T. ) ;
#784 = EDGE_CURVE ( 'NONE', #7374, #6157, #1233, .T. ) ;
#785 = VECTOR ( 'NONE', #9007, 1000.000000000000114 ) ;
#786 = FACE_OUTER_BOUND ( 'NONE', #8653, .T. ) ;
#787 = EDGE_LOOP ( 'NONE', ( #271, #3296, #7589, #7888 ) ) ;
#788 = CARTESIAN_POINT ( 'NONE',  ( -0.3430996900930806115, 27.95203658269705116, 58.00329999134251580 ) ) ;
#789 = CARTESIAN_POINT ( 'NONE',  ( 2.667163545703707062, 13.81402832956864479, 71.73528801636619789 ) ) ;
#790 = DIRECTION ( 'NONE',  ( 0.5000180627187940097, 3.125532836542028723E-16, 0.8660149750177211780 ) ) ;
#791 = VERTEX_POINT ( 'NONE', #4133 ) ;
#792 = DIRECTION ( 'NONE',  ( 6.250839858758867238E-16, -1.000000000000000000, -7.292516007464944339E-32 ) ) ;
#793 = CIRCLE ( 'NONE', #1223, 1.550000000000000266 ) ;
#794 = EDGE_CURVE ( 'NONE', #1615, #5778, #7611, .T. ) ;
#795 = VECTOR ( 'NONE', #6321, 1000.000000000000114 ) ;
#796 = PLANE ( 'NONE',  #5129 ) ;
#797 = PLANE ( 'NONE',  #2767 ) ;
#798 = CARTESIAN_POINT ( 'NONE',  ( -1.925241788773896845, 9.386298900080694452, 50.00000000000000000 ) ) ;
#799 = ORIENTED_EDGE ( 'NONE', *, *, #7618, .F. ) ;
#800 = PLANE ( 'NONE',  #8251 ) ;
#801 = CARTESIAN_POINT ( 'NONE',  ( 8.175764905806939709, 2.386298900080696672, 6.649999999999995914 ) ) ;
#802 = DIRECTION ( 'NONE',  ( -0.8660149750177210670, -5.413320924122833812E-16, 0.5000180627187943427 ) ) ;
#803 = ORIENTED_EDGE ( 'NONE', *, *, #4731, .T. ) ;
#804 = DIRECTION ( 'NONE',  ( -0.9999999997824894349, -6.383781515425612638E-16, 2.085715669636333691E-05 ) ) ;
#805 = ORIENTED_EDGE ( 'NONE', *, *, #6692, .T. ) ;
#806 = CARTESIAN_POINT ( 'NONE',  ( 6.131270748746286969, 27.95203658269705471, 72.00316495742883660 ) ) ;
#807 = CARTESIAN_POINT ( 'NONE',  ( 10.71818173700940058, 27.83495781962105298, 9.590998314289917559 ) ) ;
#808 = FACE_BOUND ( 'NONE', #6263, .T. ) ;
#809 = VECTOR ( 'NONE', #4233, 1000.000000000000000 ) ;
#810 = ORIENTED_EDGE ( 'NONE', *, *, #3810, .F. ) ;
#811 = LINE ( 'NONE', #2220, #7577 ) ;
#812 = PLANE ( 'NONE',  #7925 ) ;
#813 = DIRECTION ( 'NONE',  ( -0.8660149750177210670, -5.413320924122833812E-16, 0.5000180627187943427 ) ) ;
#814 = LINE ( 'NONE', #6364, #449 ) ;
#815 = CARTESIAN_POINT ( 'NONE',  ( -0.3431831187198647881, 27.95203658269705116, 54.00329999221258959 ) ) ;
#816 = VERTEX_POINT ( 'NONE', #549 ) ;
#817 = CARTESIAN_POINT ( 'NONE',  ( 7.131187319901974853, 39.54446977037137856, 68.00314410114216912 ) ) ;
#818 = ORIENTED_EDGE ( 'NONE', *, *, #8962, .F. ) ;
#819 = VERTEX_POINT ( 'NONE', #727 ) ;
#820 = LINE ( 'NONE', #4269, #6105 ) ;
#821 = ORIENTED_EDGE ( 'NONE', *, *, #5787, .T. ) ;
#822 = EDGE_CURVE ( 'NONE', #7493, #346, #3410, .T. ) ;
#823 = LINE ( 'NONE', #1325, #2948 ) ;
#824 = ORIENTED_EDGE ( 'NONE', *, *, #6942, .F. ) ;
#825 = LINE ( 'NONE', #4226, #4616 ) ;
#826 = CARTESIAN_POINT ( 'NONE',  ( 2.167145482984902394, 39.54446977037137145, 70.86927304134847816 ) ) ;
#827 = CARTESIAN_POINT ( 'NONE',  ( -11.64190878877380619, 23.95296590008067028, 82.35127056713264437 ) ) ;
#828 = ORIENTED_EDGE ( 'NONE', *, *, #400, .F. ) ;
#829 = DIRECTION ( 'NONE',  ( -1.000000000000000000, -6.836021955477346282E-16, 3.421138828918010427E-49 ) ) ;
#830 = EDGE_CURVE ( 'NONE', #7117, #3483, #1367, .T. ) ;
#831 = CARTESIAN_POINT ( 'NONE',  ( 12.11513577063901437, -8.047034099919310179, 79.84966072271694770 ) ) ;
#832 = ADVANCED_FACE ( 'NONE', ( #649 ), #6195, .T. ) ;
#833 = DIRECTION ( 'NONE',  ( -2.085715669636334030E-05, -1.303747464172781074E-20, -0.9999999997824895459 ) ) ;
#834 = CARTESIAN_POINT ( 'NONE',  ( 7.131020462648393732, 13.81402832956864657, 60.00314410288227407 ) ) ;
#835 = ORIENTED_EDGE ( 'NONE', *, *, #4391, .T. ) ;
#836 = DIRECTION ( 'NONE',  ( -0.9999999997824894349, 0.000000000000000000, 2.085715669636333691E-05 ) ) ;
#837 = DIRECTION ( 'NONE',  ( 2.085715669603027678E-05, 1.303747464151961922E-20, 0.9999999997824895459 ) ) ;
#838 = FACE_BOUND ( 'NONE', #7189, .T. ) ;
#839 = ORIENTED_EDGE ( 'NONE', *, *, #2639, .T. ) ;
#840 = CARTESIAN_POINT ( 'NONE',  ( 8.858091211226184924, 27.95203658269705826, 82.35127056713264437 ) ) ;
#841 = EDGE_LOOP ( 'NONE', ( #5548, #428, #7953, #6114, #6975, #509, #2658, #1910 ) ) ;
#842 = LINE ( 'NONE', #2808, #5987 ) ;
#843 = DIRECTION ( 'NONE',  ( 0.9999999997824894349, 6.250839857399241803E-16, -2.085715669636334030E-05 ) ) ;
#844 = FACE_BOUND ( 'NONE', #2463, .T. ) ;
#845 = ADVANCED_FACE ( 'NONE', ( #5417 ), #2052, .F. ) ;
#846 = ORIENTED_EDGE ( 'NONE', *, *, #5725, .F. ) ;
#847 = CARTESIAN_POINT ( 'NONE',  ( -4.261289968945265905, 39.54446977037137145, 59.73543252159679895 ) ) ;
#848 = CARTESIAN_POINT ( 'NONE',  ( 9.908091211226182082, 27.95203658269705826, 82.35127056713264437 ) ) ;
#849 = ADVANCED_FACE ( 'NONE', ( #1918 ), #8212, .T. ) ;
#850 = LINE ( 'NONE', #7133, #6882 ) ;
#851 = LINE ( 'NONE', #2358, #6120 ) ;
#852 = EDGE_CURVE ( 'NONE', #5949, #3650, #5549, .T. ) ;
#853 = PLANE ( 'NONE',  #3097 ) ;
#854 = VERTEX_POINT ( 'NONE', #7661 ) ;
#855 = CARTESIAN_POINT ( 'NONE',  ( 6.131020462865899745, 13.81402832956864657, 60.00316496003898692 ) ) ;
#856 = LINE ( 'NONE', #904, #40 ) ;
#857 = ORIENTED_EDGE ( 'NONE', *, *, #6362, .F. ) ;
#858 = ORIENTED_EDGE ( 'NONE', *, *, #5312, .F. ) ;
#859 = CARTESIAN_POINT ( 'NONE',  ( -0.7971827659026624602, 13.81402832956864302, 60.00330946265940923 ) ) ;
#860 = ORIENTED_EDGE ( 'NONE', *, *, #4371, .T. ) ;
#861 = DIRECTION ( 'NONE',  ( -0.8660358321744171528, -5.413451298869251709E-16, -0.4999819370636950921 ) ) ;
#862 = ADVANCED_FACE ( 'NONE', ( #4171 ), #6961, .T. ) ;
#863 = VERTEX_POINT ( 'NONE', #6782 ) ;
#864 = CARTESIAN_POINT ( 'NONE',  ( -16.39812996423722780, -10.79118635532182857, 44.35000000000000853 ) ) ;
#865 = FACE_OUTER_BOUND ( 'NONE', #3506, .T. ) ;
#866 = FACE_OUTER_BOUND ( 'NONE', #8863, .T. ) ;
#867 = ORIENTED_EDGE ( 'NONE', *, *, #6950, .T. ) ;
#868 = LINE ( 'NONE', #3690, #6769 ) ;
#869 = EDGE_CURVE ( 'NONE', #6966, #6391, #3317, .T. ) ;
#870 = VECTOR ( 'NONE', #2984, 1000.000000000000000 ) ;
#871 = VECTOR ( 'NONE', #3264, 1000.000000000000114 ) ;
#872 = CARTESIAN_POINT ( 'NONE',  ( -12.79562923392932028, -37.99788827104145383, 109.5320739831618511 ) ) ;
#873 = CARTESIAN_POINT ( 'NONE',  ( -5.824235094193059403, 2.386298900080692231, 0.000000000000000000 ) ) ;
#874 = CARTESIAN_POINT ( 'NONE',  ( 5.631121954429000986, 13.81402832956864479, 64.86920079134334571 ) ) ;
#875 = ORIENTED_EDGE ( 'NONE', *, *, #7618, .T. ) ;
#876 = CARTESIAN_POINT ( 'NONE',  ( -16.39812996423725977, 26.95203658269703695, 97.19034129655530307 ) ) ;
#877 = CARTESIAN_POINT ( 'NONE',  ( -6.725469423515543888, 39.54446977037137145, 56.00343310899318539 ) ) ;
#878 = VECTOR ( 'NONE', #1282, 1000.000000000000114 ) ;
#879 = DIRECTION ( 'NONE',  ( 0.5000180627187942317, 0.000000000000000000, 0.8660149750177208450 ) ) ;
#880 = VERTEX_POINT ( 'NONE', #2642 ) ;
#881 = LINE ( 'NONE', #8411, #8597 ) ;
#882 = VECTOR ( 'NONE', #1616, 1000.000000000000114 ) ;
#883 = EDGE_LOOP ( 'NONE', ( #6814, #3679 ) ) ;
#884 = ADVANCED_FACE ( 'NONE', ( #4914 ), #1589, .T. ) ;
#885 = VECTOR ( 'NONE', #1025, 1000.000000000000114 ) ;
#886 = FACE_OUTER_BOUND ( 'NONE', #1736, .T. ) ;
#887 = CARTESIAN_POINT ( 'NONE',  ( 15.71808406389111212, 26.95203658269705826, 115.1012924291859747 ) ) ;
#888 = CARTESIAN_POINT ( 'NONE',  ( -8.225284503108138523, 39.54446977037136435, 64.86948979658419034 ) ) ;
#889 = EDGE_CURVE ( 'NONE', #4432, #6309, #2907, .T. ) ;
#890 = VECTOR ( 'NONE', #7917, 1000.000000000000000 ) ;
#891 = ORIENTED_EDGE ( 'NONE', *, *, #3573, .T. ) ;
#892 = CARTESIAN_POINT ( 'NONE',  ( -16.39812996423725977, 26.95203658269703695, 96.19034129655530307 ) ) ;
#893 = FACE_OUTER_BOUND ( 'NONE', #2543, .T. ) ;
#894 = EDGE_CURVE ( 'NONE', #8445, #8743, #3671, .T. ) ;
#895 = EDGE_CURVE ( 'NONE', #7221, #743, #5088, .T. ) ;
#896 = VECTOR ( 'NONE', #5084, 1000.000000000000114 ) ;
#897 = AXIS2_PLACEMENT_3D ( 'NONE', #7499, #4758, #3340 ) ;
#898 = LINE ( 'NONE', #724, #1502 ) ;
#899 = CARTESIAN_POINT ( 'NONE',  ( 4.167145482549898361, 13.81402832956864479, 70.86923132703508088 ) ) ;
#900 = LINE ( 'NONE', #5984, #4549 ) ;
#901 = EDGE_LOOP ( 'NONE', ( #2761, #7461, #2911, #3989, #8267, #1524 ) ) ;
#902 = CARTESIAN_POINT ( 'NONE',  ( 3.666877133950697143, 39.54446977037137856, 58.00321635462751857 ) ) ;
#903 = DIRECTION ( 'NONE',  ( 6.250839858758867238E-16, -1.000000000000000000, -7.292516007464944339E-32 ) ) ;
#904 = CARTESIAN_POINT ( 'NONE',  ( 7.130937034021578746, 39.54446977037137856, 56.00314410375234075 ) ) ;
#905 = EDGE_CURVE ( 'NONE', #7605, #6174, #7190, .T. ) ;
#906 = ORIENTED_EDGE ( 'NONE', *, *, #6493, .F. ) ;
#907 = ORIENTED_EDGE ( 'NONE', *, *, #8689, .F. ) ;
#908 = CARTESIAN_POINT ( 'NONE',  ( 0.2029840911334203357, 27.95203658269705116, 68.00328860376258433 ) ) ;
#909 = VECTOR ( 'NONE', #3471, 1000.000000000000114 ) ;
#910 = ORIENTED_EDGE ( 'NONE', *, *, #8385, .T. ) ;
#911 = VECTOR ( 'NONE', #2550, 1000.000000000000114 ) ;
#912 = EDGE_CURVE ( 'NONE', #4405, #7533, #1450, .T. ) ;
#913 = AXIS2_PLACEMENT_3D ( 'NONE', #4000, #8890, #5371 ) ;
#914 = VECTOR ( 'NONE', #6524, 1000.000000000000114 ) ;
#915 = CARTESIAN_POINT ( 'NONE',  ( 16.49493143575678289, -11.56797396538886424, 43.72023733927272104 ) ) ;
#916 = ORIENTED_EDGE ( 'NONE', *, *, #8987, .T. ) ;
#917 = CYLINDRICAL_SURFACE ( 'NONE', #1445, 1.000000000000000888 ) ;
#918 = CARTESIAN_POINT ( 'NONE',  ( 11.71439072232621292, -11.79118635532181081, 97.19034129655527465 ) ) ;
#919 = DIRECTION ( 'NONE',  ( -1.091152692702142892E-32, 1.339658354568195596E-16, -1.000000000000000000 ) ) ;
#920 = ORIENTED_EDGE ( 'NONE', *, *, #740, .T. ) ;
#921 = EDGE_LOOP ( 'NONE', ( #4446, #6494, #2195, #5332 ) ) ;
#922 = DIRECTION ( 'NONE',  ( 0.000000000000000000, 1.000000000000000000, 0.000000000000000000 ) ) ;
#923 = VECTOR ( 'NONE', #1106, 1000.000000000000000 ) ;
#924 = VECTOR ( 'NONE', #3618, 1000.000000000000114 ) ;
#925 = PLANE ( 'NONE',  #8785 ) ;
#926 = CARTESIAN_POINT ( 'NONE',  ( 7.131187319901981070, 27.95203658269705826, 68.00314410114216912 ) ) ;
#927 = CARTESIAN_POINT ( 'NONE',  ( -4.261289968945249917, 13.81402832956864124, 59.73543252159679895 ) ) ;
#928 = EDGE_LOOP ( 'NONE', ( #4620, #6622, #6679, #3018, #1907, #3366 ) ) ;
#929 = FACE_OUTER_BOUND ( 'NONE', #1865, .T. ) ;
#930 = AXIS2_PLACEMENT_3D ( 'NONE', #8907, #6023, #8765 ) ;
#931 = FACE_OUTER_BOUND ( 'NONE', #3267, .T. ) ;
#932 = CARTESIAN_POINT ( 'NONE',  ( -4.375241788773892360, 2.208813644678181198, 6.649999999999996803 ) ) ;
#933 = EDGE_LOOP ( 'NONE', ( #6735, #737, #2030, #3854 ) ) ;
#934 = DIRECTION ( 'NONE',  ( -0.5000180627187942317, -3.125532836542028723E-16, -0.8660149750177209560 ) ) ;
#935 = VERTEX_POINT ( 'NONE', #4216 ) ;
#936 = VECTOR ( 'NONE', #3817, 1000.000000000000000 ) ;
#937 = CARTESIAN_POINT ( 'NONE',  ( 10.93482071540084100, -8.047034099919310179, 50.00000000000000000 ) ) ;
#938 = CARTESIAN_POINT ( 'NONE',  ( 16.71818173700939880, 27.83495781962105298, 9.590998314289917559 ) ) ;
#939 = LINE ( 'NONE', #6442, #8177 ) ;
#940 = ORIENTED_EDGE ( 'NONE', *, *, #7275, .F. ) ;
#941 = DIRECTION ( 'NONE',  ( 0.8660358321744171528, 5.413451298869251709E-16, 0.4999819370636952032 ) ) ;
#942 =( NAMED_UNIT ( * ) SI_UNIT ( $, .STERADIAN. ) SOLID_ANGLE_UNIT ( ) );
#943 = EDGE_CURVE ( 'NONE', #4817, #3852, #3543, .T. ) ;
#944 = CARTESIAN_POINT ( 'NONE',  ( -4.673745950346253508, 18.07212241910100659, 6.649999999999999467 ) ) ;
#945 = VECTOR ( 'NONE', #7714, 1000.000000000000000 ) ;
#946 = CARTESIAN_POINT ( 'NONE',  ( -7.374235094193059226, 2.386298900080692231, 50.00000000000000000 ) ) ;
#947 = CARTESIAN_POINT ( 'NONE',  ( 9.100377905247196253, 26.05203658269705613, 85.39818524475565198 ) ) ;
#948 = ORIENTED_EDGE ( 'NONE', *, *, #3019, .T. ) ;
#949 = DIRECTION ( 'NONE',  ( -1.316946700349181129E-16, -1.000000000000000000, -8.231286079018855191E-32 ) ) ;
#950 = CARTESIAN_POINT ( 'NONE',  ( 16.71810980687937231, 24.01002137493218314, 96.19034265782947557 ) ) ;
#951 = ORIENTED_EDGE ( 'NONE', *, *, #3796, .T. ) ;
#952 = ORIENTED_EDGE ( 'NONE', *, *, #5426, .F. ) ;
#953 = FACE_BOUND ( 'NONE', #3502, .T. ) ;
#954 = ORIENTED_EDGE ( 'NONE', *, *, #2458, .F. ) ;
#955 = DIRECTION ( 'NONE',  ( 6.379699141315095093E-16, -0.9999939862973237226, 0.003468049767204244103 ) ) ;
#956 = ORIENTED_EDGE ( 'NONE', *, *, #6677, .F. ) ;
#957 = CARTESIAN_POINT ( 'NONE',  ( 11.76816763782071540, 23.95296590008068804, 79.73864887361423825 ) ) ;
#958 = PLANE ( 'NONE',  #8922 ) ;
#959 = DIRECTION ( 'NONE',  ( -0.9999999997824894349, 0.000000000000000000, 2.085715669636333691E-05 ) ) ;
#960 = EDGE_CURVE ( 'NONE', #8391, #6902, #5317, .T. ) ;
#961 = ORIENTED_EDGE ( 'NONE', *, *, #5536, .T. ) ;
#962 = CARTESIAN_POINT ( 'NONE',  ( -11.64190878877377955, -11.79118635532182502, 86.10127056713264437 ) ) ;
#963 = EDGE_CURVE ( 'NONE', #1191, #3145, #7316, .T. ) ;
#964 = EDGE_CURVE ( 'NONE', #5732, #8843, #4624, .T. ) ;
#965 = FACE_OUTER_BOUND ( 'NONE', #678, .T. ) ;
#966 = DIRECTION ( 'NONE',  ( -1.000000000000000000, -5.755241453125620489E-16, 0.000000000000000000 ) ) ;
#967 = CIRCLE ( 'NONE', #4447, 1.549999999999999822 ) ;
#968 = DIRECTION ( 'NONE',  ( -0.4999819370636950921, 0.000000000000000000, 0.8660358321744171528 ) ) ;
#969 = ORIENTED_EDGE ( 'NONE', *, *, #4946, .F. ) ;
#970 = LINE ( 'NONE', #1706, #6355 ) ;
#971 = DIRECTION ( 'NONE',  ( 0.000000000000000000, -0.000000000000000000, -1.000000000000000000 ) ) ;
#972 = EDGE_CURVE ( 'NONE', #5273, #1316, #8692, .T. ) ;
#973 = FACE_OUTER_BOUND ( 'NONE', #5039, .T. ) ;
#974 = ORIENTED_EDGE ( 'NONE', *, *, #6974, .T. ) ;
#975 = CARTESIAN_POINT ( 'NONE',  ( -4.261206540318451808, 13.81402832956864124, 63.73543252072671805 ) ) ;
#976 = ORIENTED_EDGE ( 'NONE', *, *, #4893, .T. ) ;
#977 = ADVANCED_FACE ( 'NONE', ( #1862 ), #4478, .T. ) ;
#978 = AXIS2_PLACEMENT_3D ( 'NONE', #2702, #6837, #696 ) ;
#979 = DIRECTION ( 'NONE',  ( -0.5000180627187942317, -3.125532836542028723E-16, -0.8660149750177209560 ) ) ;
#980 = LINE ( 'NONE', #6617, #6420 ) ;
#981 = CARTESIAN_POINT ( 'NONE',  ( -11.39812996423726332, 23.95296590008069160, 79.73864887361423825 ) ) ;
#982 = EDGE_CURVE ( 'NONE', #2754, #7927, #5811, .T. ) ;
#983 = ORIENTED_EDGE ( 'NONE', *, *, #4562, .T. ) ;
#984 = DIRECTION ( 'NONE',  ( 0.8660149750177211780, 5.413320924122835784E-16, -0.5000180627187940097 ) ) ;
#985 = LINE ( 'NONE', #5938, #3990 ) ;
#986 = LINE ( 'NONE', #1124, #6284 ) ;
#987 = PLANE ( 'NONE',  #5244 ) ;
#988 = LINE ( 'NONE', #7879, #483 ) ;
#989 = CARTESIAN_POINT ( 'NONE',  ( -0.3429801358112146703, 27.95203658269705116, 63.73535079766462275 ) ) ;
#990 = VERTEX_POINT ( 'NONE', #3850 ) ;
#991 = ORIENTED_EDGE ( 'NONE', *, *, #4673, .F. ) ;
#992 = CARTESIAN_POINT ( 'NONE',  ( 16.71809176882909398, -8.048591456244471587, 109.4412004040890878 ) ) ;
#993 = ORIENTED_EDGE ( 'NONE', *, *, #1976, .T. ) ;
#994 = ORIENTED_EDGE ( 'NONE', *, *, #7647, .T. ) ;
#995 = DIRECTION ( 'NONE',  ( -0.8660358321744171528, -5.413451298869251709E-16, -0.4999819370636950921 ) ) ;
#996 = ORIENTED_EDGE ( 'NONE', *, *, #7225, .F. ) ;
#997 = CARTESIAN_POINT ( 'NONE',  ( 3.923262372798469677, 27.95203658269705116, 43.35000000000000853 ) ) ;
#998 = EDGE_CURVE ( 'NONE', #1936, #8493, #5861, .T. ) ;
#999 = DIRECTION ( 'NONE',  ( 2.910875140231017979E-47, -6.712021092795624582E-32, -1.000000000000000000 ) ) ;
#1000 = EDGE_CURVE ( 'NONE', #4088, #2210, #3031, .T. ) ;
#1001 = CARTESIAN_POINT ( 'NONE',  ( -3.261039683282375812, 39.54446977037137145, 71.73541166182994289 ) ) ;
#1002 = EDGE_LOOP ( 'NONE', ( #5182, #6179 ) ) ;
#1003 = ORIENTED_EDGE ( 'NONE', *, *, #2009, .F. ) ;
#1004 = DIRECTION ( 'NONE',  ( 0.5000180627187940097, 3.125532836542028723E-16, 0.8660149750177211780 ) ) ;
#1005 = AXIS2_PLACEMENT_3D ( 'NONE', #4782, #4090, #3229 ) ;
#1006 = CARTESIAN_POINT ( 'NONE',  ( -10.59190878877381614, 27.95203658269704405, 82.35127056713264437 ) ) ;
#1007 = EDGE_CURVE ( 'NONE', #7297, #4215, #6688, .T. ) ;
#1008 = LINE ( 'NONE', #3182, #5526 ) ;
#1009 = CARTESIAN_POINT ( 'NONE',  ( 9.908091211226205175, -11.79118635532181258, 86.10127056713264437 ) ) ;
#1010 = ORIENTED_EDGE ( 'NONE', *, *, #493, .T. ) ;
#1011 = LINE ( 'NONE', #2561, #2867 ) ;
#1012 = DIRECTION ( 'NONE',  ( -0.000000000000000000, -0.000000000000000000, -1.000000000000000000 ) ) ;
#1013 = PLANE ( 'NONE',  #1078 ) ;
#1014 = VERTEX_POINT ( 'NONE', #5219 ) ;
#1015 = DIRECTION ( 'NONE',  ( 6.250839858758867238E-16, -1.000000000000000000, -7.292516007464944339E-32 ) ) ;
#1016 = DIRECTION ( 'NONE',  ( -6.383782126896855077E-16, 1.000000000000000000, 0.000000000000000000 ) ) ;
#1017 = ADVANCED_FACE ( 'NONE', ( #7928 ), #8007, .F. ) ;
#1018 = VERTEX_POINT ( 'NONE', #7228 ) ;
#1019 = VECTOR ( 'NONE', #8201, 1000.000000000000000 ) ;
#1020 = ADVANCED_FACE ( 'NONE', ( #2403 ), #7964, .F. ) ;
#1021 = EDGE_CURVE ( 'NONE', #1895, #8023, #7456, .T. ) ;
#1022 = DIRECTION ( 'NONE',  ( -0.5000180627187938986, 0.000000000000000000, -0.8660149750177210670 ) ) ;
#1023 = AXIS2_PLACEMENT_3D ( 'NONE', #8793, #502, #6188 ) ;
#1024 = CARTESIAN_POINT ( 'NONE',  ( -7.725183011762549512, 39.54446977037137145, 69.73550477073185050 ) ) ;
#1025 = DIRECTION ( 'NONE',  ( -0.9999999997824894349, -6.250839857399242789E-16, 2.085715669603027339E-05 ) ) ;
#1026 = EDGE_LOOP ( 'NONE', ( #4653, #2568, #2879, #5838 ) ) ;
#1027 = DIRECTION ( 'NONE',  ( -1.361274163578769963E-06, -7.834461494626241164E-22, 0.9999999999990736299 ) ) ;
#1028 = DIRECTION ( 'NONE',  ( 0.4999819370636951477, 3.166443754200919549E-16, -0.8660358321744170418 ) ) ;
#1029 = VECTOR ( 'NONE', #6324, 1000.000000000000000 ) ;
#1030 = PLANE ( 'NONE',  #1778 ) ;
#1031 = DIRECTION ( 'NONE',  ( -0.9999999997824894349, -6.383781515425612638E-16, 2.085715669636333691E-05 ) ) ;
#1032 = AXIS2_PLACEMENT_3D ( 'NONE', #2039, #2720, #7596 ) ;
#1033 = CARTESIAN_POINT ( 'NONE',  ( 7.131223445557083096, 13.81402832956864657, 69.73519490833432144 ) ) ;
#1034 = FACE_OUTER_BOUND ( 'NONE', #7532, .T. ) ;
#1035 = ORIENTED_EDGE ( 'NONE', *, *, #8426, .F. ) ;
#1036 = ORIENTED_EDGE ( 'NONE', *, *, #7065, .F. ) ;
#1037 = CARTESIAN_POINT ( 'NONE',  ( 16.71818173700939525, -11.81282220319165432, 79.86268715264898788 ) ) ;
#1038 = ORIENTED_EDGE ( 'NONE', *, *, #2350, .F. ) ;
#1039 = EDGE_LOOP ( 'NONE', ( #6982, #6225, #6826, #8317 ) ) ;
#1040 = VECTOR ( 'NONE', #8399, 1000.000000000000114 ) ;
#1041 = EDGE_CURVE ( 'NONE', #2928, #2777, #6262, .T. ) ;
#1042 = CARTESIAN_POINT ( 'NONE',  ( 7.631205382620763089, 39.54446977037137856, 68.86915907615990307 ) ) ;
#1043 = VERTEX_POINT ( 'NONE', #2630 ) ;
#1044 = FACE_OUTER_BOUND ( 'NONE', #1204, .T. ) ;
#1045 = PLANE ( 'NONE',  #4385 ) ;
#1046 = VECTOR ( 'NONE', #5586, 1000.000000000000000 ) ;
#1047 = CIRCLE ( 'NONE', #5555, 1.000000000000000888 ) ;
#1048 = CARTESIAN_POINT ( 'NONE',  ( -4.260992380093163057, 39.54446977037137145, 74.00338171092444384 ) ) ;
#1049 = VERTEX_POINT ( 'NONE', #5364 ) ;
#1050 = ORIENTED_EDGE ( 'NONE', *, *, #6251, .F. ) ;
#1052 = EDGE_CURVE ( 'NONE', #6032, #6423, #8837, .T. ) ;
#1051 = CARTESIAN_POINT ( 'NONE',  ( -8.225451360361716979, 13.81402832956863769, 56.86948979832430950 ) ) ;
#1053 = ADVANCED_FACE ( 'NONE', ( #8928 ), #6819, .T. ) ;
#1054 = AXIS2_PLACEMENT_3D ( 'NONE', #3645, #287, #7946 ) ;
#1055 = ADVANCED_FACE ( 'NONE', ( #2680 ), #5454, .T. ) ;
#1056 = AXIS2_PLACEMENT_3D ( 'NONE', #3255, #1638, #6037 ) ;
#1057 = FACE_BOUND ( 'NONE', #7096, .T. ) ;
#1058 = DIRECTION ( 'NONE',  ( 0.5000180627187942317, 3.217337761224692595E-16, 0.8660149750177208450 ) ) ;
#1059 = CYLINDRICAL_SURFACE ( 'NONE', #631, 1.549999999999999378 ) ;
#1060 = ORIENTED_EDGE ( 'NONE', *, *, #517, .T. ) ;
#1061 = CARTESIAN_POINT ( 'NONE',  ( 6.131270748746294963, 13.81402832956864657, 72.00316495742883660 ) ) ;
#1062 = PLANE ( 'NONE',  #2648 ) ;
#1063 = DIRECTION ( 'NONE',  ( -1.000000000000000000, -4.336808689942017736E-16, -0.000000000000000000 ) ) ;
#1064 = VERTEX_POINT ( 'NONE', #8243 ) ;
#1065 = ORIENTED_EDGE ( 'NONE', *, *, #8101, .T. ) ;
#1066 = VECTOR ( 'NONE', #7058, 1000.000000000000114 ) ;
#1067 = ADVANCED_FACE ( 'NONE', ( #3440 ), #5493, .T. ) ;
#1068 = EDGE_CURVE ( 'NONE', #8098, #5506, #584, .T. ) ;
#1069 = AXIS2_PLACEMENT_3D ( 'NONE', #5107, #246, #3601 ) ;
#1070 = ORIENTED_EDGE ( 'NONE', *, *, #2157, .F. ) ;
#1071 = VECTOR ( 'NONE', #710, 1000.000000000000227 ) ;
#1072 = CARTESIAN_POINT ( 'NONE',  ( -17.39812996423723490, -10.79118635532182680, 44.35000000000000853 ) ) ;
#1073 = CARTESIAN_POINT ( 'NONE',  ( -1.297248131593166542, 27.95203658269705116, 56.86934529570390140 ) ) ;
#1074 = ORIENTED_EDGE ( 'NONE', *, *, #8657, .T. ) ;
#1075 = VERTEX_POINT ( 'NONE', #2091 ) ;
#1076 = CARTESIAN_POINT ( 'NONE',  ( 11.71517252853224278, 74.67466570213872501, 94.62330639589909254 ) ) ;
#1077 = VERTEX_POINT ( 'NONE', #6086 ) ;
#1078 = AXIS2_PLACEMENT_3D ( 'NONE', #3742, #7342, #6517 ) ;
#1079 = DIRECTION ( 'NONE',  ( 1.000000000000000000, 6.348176284925192144E-16, 0.000000000000000000 ) ) ;
#1080 = EDGE_CURVE ( 'NONE', #8524, #7451, #4075, .T. ) ;
#1081 = CARTESIAN_POINT ( 'NONE',  ( 24.15737451287316517, 27.95203658269706537, 100.9559214359151440 ) ) ;
#1082 = AXIS2_PLACEMENT_3D ( 'NONE', #8942, #1140, #3364 ) ;
#1083 = LINE ( 'NONE', #5858, #1613 ) ;
#1084 = DIRECTION ( 'NONE',  ( 1.000000000000000000, 3.566597775297959279E-11, -1.043228439720839496E-28 ) ) ;
#1085 = CARTESIAN_POINT ( 'NONE',  ( 3.624758211226108084, 2.386298900080694896, 43.35000000000001563 ) ) ;
#1086 = ORIENTED_EDGE ( 'NONE', *, *, #2356, .T. ) ;
#1087 = VERTEX_POINT ( 'NONE', #6186 ) ;
#1088 = FACE_OUTER_BOUND ( 'NONE', #9014, .T. ) ;
#1089 = EDGE_LOOP ( 'NONE', ( #4877, #2772, #3314, #8402, #7744, #567 ) ) ;
#1090 = ORIENTED_EDGE ( 'NONE', *, *, #5173, .T. ) ;
#1091 = DIRECTION ( 'NONE',  ( -0.9999999997824894349, 0.000000000000000000, 2.085715669636333691E-05 ) ) ;
#1092 = ORIENTED_EDGE ( 'NONE', *, *, #2746, .T. ) ;
#1093 = CARTESIAN_POINT ( 'NONE',  ( -11.39812996423726510, -8.047034099919326167, 79.84962713355503183 ) ) ;
#1094 = CARTESIAN_POINT ( 'NONE',  ( -0.3752417887738916935, -4.613701099919306436, 3.650000000000000355 ) ) ;
#1095 = CARTESIAN_POINT ( 'NONE',  ( 10.93546717651006439, -8.047034099919311956, 80.99469013869470757 ) ) ;
#1096 = ORIENTED_EDGE ( 'NONE', *, *, #4512, .F. ) ;
#1097 = ORIENTED_EDGE ( 'NONE', *, *, #6455, .F. ) ;
#1098 = ADVANCED_FACE ( 'NONE', ( #4724 ), #5407, .T. ) ;
#1099 = PLANE ( 'NONE',  #8638 ) ;
#1100 = CARTESIAN_POINT ( 'NONE',  ( 3.667210848457903349, 13.81402832956864657, 74.00321635114731578 ) ) ;
#1101 = DIRECTION ( 'NONE',  ( -1.361274163578769539E-06, -7.834461494626239284E-22, 0.9999999999990734079 ) ) ;
#1102 = FACE_OUTER_BOUND ( 'NONE', #921, .T. ) ;
#1103 = ORIENTED_EDGE ( 'NONE', *, *, #121, .T. ) ;
#1104 = CARTESIAN_POINT ( 'NONE',  ( 0.7030855824790005482, 39.54446977037137856, 72.86930357791027291 ) ) ;
#1105 = LINE ( 'NONE', #4602, #1626 ) ;
#1106 = DIRECTION ( 'NONE',  ( -0.000000000000000000, -0.000000000000000000, -1.000000000000000000 ) ) ;
#1107 = ORIENTED_EDGE ( 'NONE', *, *, #4634, .T. ) ;
#1108 = VERTEX_POINT ( 'NONE', #3352 ) ;
#1109 = CARTESIAN_POINT ( 'NONE',  ( -6.725135709008332796, 13.81402832956863946, 72.00343310551296838 ) ) ;
#1110 = EDGE_CURVE ( 'NONE', #935, #4231, #1175, .T. ) ;
#1111 = VERTEX_POINT ( 'NONE', #7599 ) ;
#1112 = EDGE_CURVE ( 'NONE', #1550, #1191, #1905, .T. ) ;
#1113 = DIRECTION ( 'NONE',  ( 0.8660358321744171528, 5.413451298869251709E-16, 0.4999819370636952032 ) ) ;
#1114 = PLANE ( 'NONE',  #5711 ) ;
#1115 = ORIENTED_EDGE ( 'NONE', *, *, #4359, .T. ) ;
#1116 = ORIENTED_EDGE ( 'NONE', *, *, #3238, .F. ) ;
#1117 = CARTESIAN_POINT ( 'NONE',  ( 25.65735644971944751, 27.95203658269706892, 100.0898647465839559 ) ) ;
#1118 = DIRECTION ( 'NONE',  ( -0.000000000000000000, -0.000000000000000000, -1.000000000000000000 ) ) ;
#1119 = VERTEX_POINT ( 'NONE', #7404 ) ;
#1120 = EDGE_CURVE ( 'NONE', #2983, #8713, #6911, .T. ) ;
#1121 = AXIS2_PLACEMENT_3D ( 'NONE', #7987, #8080, #3869 ) ;
#1122 = VERTEX_POINT ( 'NONE', #5538 ) ;
#1123 = PLANE ( 'NONE',  #4138 ) ;
#1124 = CARTESIAN_POINT ( 'NONE',  ( 7.631288811247578963, 13.81402832956864657, 72.86915907528985770 ) ) ;
#1125 = LINE ( 'NONE', #3890, #745 ) ;
#1126 = EDGE_CURVE ( 'NONE', #6498, #7281, #4804, .T. ) ;
#1127 = LINE ( 'NONE', #448, #633 ) ;
#1128 = ORIENTED_EDGE ( 'NONE', *, *, #2698, .T. ) ;
#1129 = VERTEX_POINT ( 'NONE', #4677 ) ;
#1130 = DIRECTION ( 'NONE',  ( 2.406425471801890024E-18, -0.003468049767204245404, -0.9999939862973237226 ) ) ;
#1131 = ORIENTED_EDGE ( 'NONE', *, *, #4909, .F. ) ;
#1132 = ORIENTED_EDGE ( 'NONE', *, *, #214, .F. ) ;
#1133 = ADVANCED_FACE ( 'NONE', ( #1267 ), #3993, .T. ) ;
#1134 = EDGE_CURVE ( 'NONE', #1186, #1754, #8375, .T. ) ;
#1135 = EDGE_CURVE ( 'NONE', #6309, #6117, #766, .T. ) ;
#1136 = LINE ( 'NONE', #6193, #4538 ) ;
#1137 = EDGE_LOOP ( 'NONE', ( #594, #7881, #906, #7855 ) ) ;
#1138 = DIRECTION ( 'NONE',  ( 1.000000000000000000, 0.000000000000000000, 0.000000000000000000 ) ) ;
#1139 = DIRECTION ( 'NONE',  ( 6.250839858758867238E-16, -1.000000000000000000, -7.292516007464944339E-32 ) ) ;
#1140 = DIRECTION ( 'NONE',  ( -0.8660149750177210670, -5.413320924122833812E-16, 0.5000180627187943427 ) ) ;
#1141 = VERTEX_POINT ( 'NONE', #3781 ) ;
#1142 = ORIENTED_EDGE ( 'NONE', *, *, #2967, .F. ) ;
#1143 = DIRECTION ( 'NONE',  ( -0.4999819370636952032, -3.125307020857213572E-16, 0.8660358321744170418 ) ) ;
#1144 = EDGE_CURVE ( 'NONE', #863, #2748, #4205, .T. ) ;
#1145 = ADVANCED_FACE ( 'NONE', ( #5720 ), #8506, .F. ) ;
#1146 = CARTESIAN_POINT ( 'NONE',  ( -6.725302566261946779, 39.54446977037137145, 64.00343310725305912 ) ) ;
#1147 = DIRECTION ( 'NONE',  ( -0.000000000000000000, -0.000000000000000000, -1.000000000000000000 ) ) ;
#1148 = CARTESIAN_POINT ( 'NONE',  ( -0.7972300688743775288, 27.95203658269704761, 57.73536027072162113 ) ) ;
#1149 = ORIENTED_EDGE ( 'NONE', *, *, #5747, .T. ) ;
#1150 = CARTESIAN_POINT ( 'NONE',  ( -1.925241788773896845, 9.386298900080694452, 43.35000000000000853 ) ) ;
#1151 = DIRECTION ( 'NONE',  ( 1.000000000000000000, 0.000000000000000000, 0.000000000000000000 ) ) ;
#1152 = CARTESIAN_POINT ( 'NONE',  ( 15.71808406389111568, 27.95203658269706182, 115.1012924291859747 ) ) ;
#1153 = ORIENTED_EDGE ( 'NONE', *, *, #6770, .F. ) ;
#1154 = VERTEX_POINT ( 'NONE', #7824 ) ;
#1155 = DIRECTION ( 'NONE',  ( 0.5000180627187940097, 3.125532836542028723E-16, 0.8660149750177211780 ) ) ;
#1156 = EDGE_CURVE ( 'NONE', #681, #4012, #6356, .T. ) ;
#1157 = ORIENTED_EDGE ( 'NONE', *, *, #4727, .F. ) ;
#1158 = CARTESIAN_POINT ( 'NONE',  ( -6.225201074916359545, 39.54446977037137145, 68.86944808140074770 ) ) ;
#1159 = CYLINDRICAL_SURFACE ( 'NONE', #6719, 1.049999999999988498 ) ;
#1160 = VERTEX_POINT ( 'NONE', #4298 ) ;
#1161 = ORIENTED_EDGE ( 'NONE', *, *, #2779, .T. ) ;
#1162 = DIRECTION ( 'NONE',  ( 6.250839858758867238E-16, -1.000000000000000000, -7.292516007464944339E-32 ) ) ;
#1163 = EDGE_CURVE ( 'NONE', #6081, #4380, #4999, .T. ) ;
#1164 = DIRECTION ( 'NONE',  ( 0.000000000000000000, 0.9999939862973238336, -0.003468049767210716356 ) ) ;
#1165 = EDGE_LOOP ( 'NONE', ( #5865, #4376, #2130, #2926 ) ) ;
#1166 = PLANE ( 'NONE',  #7614 ) ;
#1167 = VECTOR ( 'NONE', #5017, 1000.000000000000114 ) ;
#1168 = EDGE_LOOP ( 'NONE', ( #8059, #8535, #6169, #1157 ) ) ;
#1169 = ADVANCED_FACE ( 'NONE', ( #2265, #166, #124, #7687, #4905, #7783, #5631, #6396, #4951, #7734, #4255, #4338, #6564, #6995, #1579, #8416, #808, #7127, #7650, #2170, #6954, #2134, #2891, #1401, #3482, #342, #1536, #844 ), #5888, .F. ) ;
#1170 = VECTOR ( 'NONE', #2251, 1000.000000000000227 ) ;
#1171 = ADVANCED_FACE ( 'NONE', ( #4160 ), #2810, .T. ) ;
#1172 = VECTOR ( 'NONE', #6586, 1000.000000000000114 ) ;
#1173 = CARTESIAN_POINT ( 'NONE',  ( 0.2027338052530331669, 13.81402832956864302, 56.00328860637277728 ) ) ;
#1174 = LINE ( 'NONE', #3122, #1323 ) ;
#1175 = LINE ( 'NONE', #4811, #305 ) ;
#1176 = DIRECTION ( 'NONE',  ( -1.000000000000000000, -7.507767431955600962E-16, 0.000000000000000000 ) ) ;
#1177 = VERTEX_POINT ( 'NONE', #6317 ) ;
#1178 = VERTEX_POINT ( 'NONE', #81 ) ;
#1179 = DIRECTION ( 'NONE',  ( -0.000000000000000000, -0.000000000000000000, -1.000000000000000000 ) ) ;
#1180 = EDGE_CURVE ( 'NONE', #1746, #2597, #6261, .T. ) ;
#1181 = EDGE_LOOP ( 'NONE', ( #1731, #624, #564, #991 ) ) ;
#1182 = VERTEX_POINT ( 'NONE', #2620 ) ;
#1183 = VECTOR ( 'NONE', #2616, 1000.000000000000000 ) ;
#1184 = VECTOR ( 'NONE', #2587, 1000.000000000000227 ) ;
#1185 = DIRECTION ( 'NONE',  ( 0.4999819370636951477, 0.000000000000000000, -0.8660358321744170418 ) ) ;
#1186 = VERTEX_POINT ( 'NONE', #4803 ) ;
#1187 = LINE ( 'NONE', #3953, #2759 ) ;
#1188 = CARTESIAN_POINT ( 'NONE',  ( -29.73712988054192152, 27.95203658269703340, 98.13074921471127254 ) ) ;
#1189 = DIRECTION ( 'NONE',  ( -2.085715669636334030E-05, -1.303747464172781074E-20, -0.9999999997824895459 ) ) ;
#1190 = VERTEX_POINT ( 'NONE', #6080 ) ;
#1191 = VERTEX_POINT ( 'NONE', #4155 ) ;
#1192 = DIRECTION ( 'NONE',  ( 0.8660358321744171528, 5.413451298869251709E-16, 0.4999819370636952032 ) ) ;
#1193 = VECTOR ( 'NONE', #4744, 1000.000000000000114 ) ;
#1194 = ADVANCED_FACE ( 'NONE', ( #4761 ), #625, .T. ) ;
#1195 = PLANE ( 'NONE',  #3528 ) ;
#1196 = VECTOR ( 'NONE', #6721, 1000.000000000000114 ) ;
#1197 = VECTOR ( 'NONE', #739, 1000.000000000000114 ) ;
#1198 = CARTESIAN_POINT ( 'NONE',  ( 3.624758211226108084, 2.386298900080694896, 109.3221854111122013 ) ) ;
#1199 = LINE ( 'NONE', #5240, #5261 ) ;
#1200 = ORIENTED_EDGE ( 'NONE', *, *, #8950, .F. ) ;
#1201 = CARTESIAN_POINT ( 'NONE',  ( -7.374235094193059226, 2.386298900080692231, 6.649999999999995914 ) ) ;
#1202 = LINE ( 'NONE', #2605, #6556 ) ;
#1203 = LINE ( 'NONE', #3378, #6313 ) ;
#1204 = EDGE_LOOP ( 'NONE', ( #5255, #8215, #7521, #7156 ) ) ;
#1205 = ORIENTED_EDGE ( 'NONE', *, *, #2576, .T. ) ;
#1206 = CARTESIAN_POINT ( 'NONE',  ( 0.2029006625066157310, 39.54446977037137856, 64.00328860463270075 ) ) ;
#1207 = ORIENTED_EDGE ( 'NONE', *, *, #2805, .T. ) ;
#1208 = CIRCLE ( 'NONE', #1494, 9.599999999999997868 ) ;
#1209 = VECTOR ( 'NONE', #5388, 1000.000000000000000 ) ;
#1210 = DIRECTION ( 'NONE',  ( 1.000000000000000000, 0.000000000000000000, 0.000000000000000000 ) ) ;
#1211 = EDGE_LOOP ( 'NONE', ( #2364, #4568, #337, #3094 ) ) ;
#1212 = EDGE_LOOP ( 'NONE', ( #92, #2105, #1670, #6417 ) ) ;
#1213 = DIRECTION ( 'NONE',  ( -2.792169676620096552E-06, 0.003468049767190725836, 0.9999939862934257295 ) ) ;
#1214 = AXIS2_PLACEMENT_3D ( 'NONE', #3469, #1473, #3561 ) ;
#1215 = CARTESIAN_POINT ( 'NONE',  ( -0.7970993372758625739, 13.81402832956864657, 64.00330946178941360 ) ) ;
#1216 = ORIENTED_EDGE ( 'NONE', *, *, #5137, .T. ) ;
#1217 = CARTESIAN_POINT ( 'NONE',  ( 7.131223445557067109, 39.54446977037137856, 69.73519490833432144 ) ) ;
#1218 = ORIENTED_EDGE ( 'NONE', *, *, #5467, .F. ) ;
#1219 = VECTOR ( 'NONE', #3717, 1000.000000000000000 ) ;
#1220 = CARTESIAN_POINT ( 'NONE',  ( 16.38443697683234745, -11.45749281450243018, 43.60040504984795007 ) ) ;
#1221 = PLANE ( 'NONE',  #1032 ) ;
#1222 = DIRECTION ( 'NONE',  ( -2.406425471801890024E-18, 0.003468049767204245404, 0.9999939862973237226 ) ) ;
#1223 = AXIS2_PLACEMENT_3D ( 'NONE', #3779, #7990, #340 ) ;
#1224 = LINE ( 'NONE', #3994, #5275 ) ;
#1225 = ORIENTED_EDGE ( 'NONE', *, *, #5736, .T. ) ;
#1226 = CARTESIAN_POINT ( 'NONE',  ( 6.625764905806940774, 2.386298900080696672, 43.35000000000000853 ) ) ;
#1227 = ADVANCED_FACE ( 'NONE', ( #4898 ), #26, .F. ) ;
#1228 = ORIENTED_EDGE ( 'NONE', *, *, #8250, .T. ) ;
#1229 = ORIENTED_EDGE ( 'NONE', *, *, #6923, .F. ) ;
#1230 = AXIS2_PLACEMENT_3D ( 'NONE', #374, #3137, #7154 ) ;
#1231 = CARTESIAN_POINT ( 'NONE',  ( 6.958091330701747346, -8.047034099919319061, 79.73864887361423825 ) ) ;
#1232 = ORIENTED_EDGE ( 'NONE', *, *, #6447, .T. ) ;
#1233 = LINE ( 'NONE', #2692, #6978 ) ;
#1234 = LINE ( 'NONE', #2595, #1929 ) ;
#1235 = CARTESIAN_POINT ( 'NONE',  ( 11.21394985331377292, 23.95069489608635394, 79.73868782249925857 ) ) ;
#1236 = ORIENTED_EDGE ( 'NONE', *, *, #8205, .T. ) ;
#1237 = ORIENTED_EDGE ( 'NONE', *, *, #7565, .T. ) ;
#1238 = LINE ( 'NONE', #6880, #7716 ) ;
#1239 = CARTESIAN_POINT ( 'NONE',  ( 6.131103891492688973, 27.95203658269705471, 64.00316495916892734 ) ) ;
#1240 = FACE_OUTER_BOUND ( 'NONE', #1554, .T. ) ;
#1241 = FACE_OUTER_BOUND ( 'NONE', #4906, .T. ) ;
#1242 = EDGE_LOOP ( 'NONE', ( #6706, #5163, #3721, #2043 ) ) ;
#1243 = FACE_OUTER_BOUND ( 'NONE', #2936, .T. ) ;
#1244 = CARTESIAN_POINT ( 'NONE',  ( 0.2028533595349153729, 27.95203658269705116, 61.73533941269485581 ) ) ;
#1245 = AXIS2_PLACEMENT_3D ( 'NONE', #8486, #1425, #4187 ) ;
#1246 = ADVANCED_FACE ( 'NONE', ( #6813 ), #1394, .F. ) ;
#1247 = LINE ( 'NONE', #7573, #2099 ) ;
#1248 = ORIENTED_EDGE ( 'NONE', *, *, #7980, .T. ) ;
#1249 = VERTEX_POINT ( 'NONE', #8191 ) ;
#1250 = DIRECTION ( 'NONE',  ( -0.5000180627187938986, -3.217337761224690623E-16, -0.8660149750177210670 ) ) ;
#1251 = ORIENTED_EDGE ( 'NONE', *, *, #5591, .T. ) ;
#1252 = EDGE_CURVE ( 'NONE', #6174, #1014, #4027, .T. ) ;
#1253 = CARTESIAN_POINT ( 'NONE',  ( 2.667246974330506948, 13.81402832956864657, 75.73528801549615252 ) ) ;
#1254 = EDGE_CURVE ( 'NONE', #1845, #7260, #2080, .T. ) ;
#1255 = LINE ( 'NONE', #3877, #8049 ) ;
#1256 = ORIENTED_EDGE ( 'NONE', *, *, #4858, .T. ) ;
#1257 = VERTEX_POINT ( 'NONE', #7587 ) ;
#1258 = DIRECTION ( 'NONE',  ( -0.5000180627187938986, 0.000000000000000000, -0.8660149750177210670 ) ) ;
#1259 = CARTESIAN_POINT ( 'NONE',  ( 15.71818173700939880, 27.07819122337913242, 79.72781037147980499 ) ) ;
#1260 = ORIENTED_EDGE ( 'NONE', *, *, #5023, .T. ) ;
#1261 = DIRECTION ( 'NONE',  ( 0.8660149750177211780, 5.413320924122835784E-16, -0.5000180627187940097 ) ) ;
#1262 = EDGE_CURVE ( 'NONE', #3139, #99, #4854, .T. ) ;
#1263 = ORIENTED_EDGE ( 'NONE', *, *, #4623, .T. ) ;
#1264 = EDGE_CURVE ( 'NONE', #6331, #346, #712, .T. ) ;
#1265 = DIRECTION ( 'NONE',  ( -1.000000000000000000, -6.383782126896855077E-16, -1.166244989663167914E-16 ) ) ;
#1266 = DIRECTION ( 'NONE',  ( 2.085715669603027678E-05, 1.303747464151961922E-20, 0.9999999997824895459 ) ) ;
#1267 = FACE_OUTER_BOUND ( 'NONE', #4173, .T. ) ;
#1268 = EDGE_LOOP ( 'NONE', ( #3542, #179, #2155, #1232, #8989, #4363 ) ) ;
#1269 = CARTESIAN_POINT ( 'NONE',  ( -1.925241788773896845, 9.386298900080694452, 50.00000000000000000 ) ) ;
#1270 = ORIENTED_EDGE ( 'NONE', *, *, #1963, .F. ) ;
#1271 = EDGE_LOOP ( 'NONE', ( #2160, #2862, #4929, #2588 ) ) ;
#1272 = CARTESIAN_POINT ( 'NONE',  ( -4.673745950346255285, 11.32975269197696200, 97.24134129655530501 ) ) ;
#1273 = ORIENTED_EDGE ( 'NONE', *, *, #1915, .T. ) ;
#1274 = CARTESIAN_POINT ( 'NONE',  ( 11.21813220208693807, 23.95296590008067739, 79.73868782819258172 ) ) ;
#1275 = CARTESIAN_POINT ( 'NONE',  ( 15.71810980688029602, 26.95203658269705826, 96.19034129655530307 ) ) ;
#1276 = SPHERICAL_SURFACE ( 'NONE', #2108, 1.000000000000000000 ) ;
#1277 = VERTEX_POINT ( 'NONE', #3477 ) ;
#1278 = VERTEX_POINT ( 'NONE', #5581 ) ;
#1279 = CARTESIAN_POINT ( 'NONE',  ( -1.296914417085978988, 39.54446977037136435, 72.86934529222367019 ) ) ;
#1280 = EDGE_CURVE ( 'NONE', #816, #5713, #7502, .T. ) ;
#1281 = EDGE_CURVE ( 'NONE', #3896, #4231, #6180, .T. ) ;
#1282 = DIRECTION ( 'NONE',  ( -0.9999999997824894349, -6.250839857399242789E-16, 2.085715669603027339E-05 ) ) ;
#1283 = DIRECTION ( 'NONE',  ( -0.4999819370636952032, -3.125307020857213572E-16, 0.8660358321744170418 ) ) ;
#1284 = EDGE_LOOP ( 'NONE', ( #7346, #6063, #8916, #7938 ) ) ;
#1285 = CARTESIAN_POINT ( 'NONE',  ( 4.166895196669502255, 13.81402832956864479, 58.86923132964525252 ) ) ;
#1286 = LINE ( 'NONE', #2022, #172 ) ;
#1287 = CYLINDRICAL_SURFACE ( 'NONE', #6172, 1.000000000000000888 ) ;
#1288 = VERTEX_POINT ( 'NONE', #7544 ) ;
#1289 = ORIENTED_EDGE ( 'NONE', *, *, #1342, .F. ) ;
#1290 = LINE ( 'NONE', #5480, #3961 ) ;
#1291 = EDGE_LOOP ( 'NONE', ( #7831, #238, #4738, #2900 ) ) ;
#1292 = ADVANCED_FACE ( 'NONE', ( #3435 ), #2753, .T. ) ;
#1293 = ADVANCED_FACE ( 'NONE', ( #3988 ), #3346, .T. ) ;
#1294 = LINE ( 'NONE', #432, #3964 ) ;
#1295 = CARTESIAN_POINT ( 'NONE',  ( -3.260956254655569708, 27.95203658269704761, 75.73541166095988331 ) ) ;
#1296 = ORIENTED_EDGE ( 'NONE', *, *, #5841, .T. ) ;
#1297 = ORIENTED_EDGE ( 'NONE', *, *, #4594, .F. ) ;
#1298 = CARTESIAN_POINT ( 'NONE',  ( -17.39812996423724911, -11.79118635532182857, 96.19034129655530307 ) ) ;
#1299 = EDGE_CURVE ( 'NONE', #4866, #2883, #3301, .T. ) ;
#1300 = LINE ( 'NONE', #4665, #785 ) ;
#1301 = ORIENTED_EDGE ( 'NONE', *, *, #1701, .F. ) ;
#1302 = DIRECTION ( 'NONE',  ( -0.000000000000000000, -0.000000000000000000, -1.000000000000000000 ) ) ;
#1303 = ORIENTED_EDGE ( 'NONE', *, *, #3641, .F. ) ;
#1304 = EDGE_CURVE ( 'NONE', #8683, #3995, #8237, .T. ) ;
#1305 = CARTESIAN_POINT ( 'NONE',  ( 15.86124284972084730, -10.93452808080055050, 43.35971210268844089 ) ) ;
#1306 = DIRECTION ( 'NONE',  ( -0.5000180627187938986, -3.217337761224690623E-16, -0.8660149750177210670 ) ) ;
#1307 = DIRECTION ( 'NONE',  ( 0.9999999997824894349, 0.000000000000000000, -2.085715669603027339E-05 ) ) ;
#1308 = VERTEX_POINT ( 'NONE', #4114 ) ;
#1309 = DIRECTION ( 'NONE',  ( -6.383782126896854090E-16, 1.000000000000000000, -2.925052111754154507E-18 ) ) ;
#1310 = ORIENTED_EDGE ( 'NONE', *, *, #3611, .T. ) ;
#1311 = CARTESIAN_POINT ( 'NONE',  ( 15.71808657644716334, -8.048244284197235032, 97.19034129655530307 ) ) ;
#1312 = ORIENTED_EDGE ( 'NONE', *, *, #2059, .F. ) ;
#1313 = VECTOR ( 'NONE', #5488, 1000.000000000000114 ) ;
#1314 = VECTOR ( 'NONE', #6398, 1000.000000000000000 ) ;
#1315 = DIRECTION ( 'NONE',  ( 0.9999999997824894349, 0.000000000000000000, -2.085715669603027339E-05 ) ) ;
#1316 = VERTEX_POINT ( 'NONE', #6218 ) ;
#1317 = CARTESIAN_POINT ( 'NONE',  ( 12.03316486262512619, 27.95203658269705826, 107.9561743139782237 ) ) ;
#1318 = CARTESIAN_POINT ( 'NONE',  ( 2.667163545703691074, 39.54446977037137856, 71.73528801636619789 ) ) ;
#1319 = CARTESIAN_POINT ( 'NONE',  ( -4.261039683064869799, 39.54446977037137145, 71.73543251898661310 ) ) ;
#1320 = ORIENTED_EDGE ( 'NONE', *, *, #4157, .F. ) ;
#1321 = ORIENTED_EDGE ( 'NONE', *, *, #411, .T. ) ;
#1322 = CARTESIAN_POINT ( 'NONE',  ( 3.923262372798469677, 27.95203658269704405, 0.000000000000000000 ) ) ;
#1323 = VECTOR ( 'NONE', #3938, 1000.000000000000000 ) ;
#1324 = ADVANCED_FACE ( 'NONE', ( #9009 ), #6390, .F. ) ;
#1325 = CARTESIAN_POINT ( 'NONE',  ( 11.21818173701449517, 27.95203658269705826, 43.35003895464578960 ) ) ;
#1326 = VERTEX_POINT ( 'NONE', #5627 ) ;
#1327 = CARTESIAN_POINT ( 'NONE',  ( 16.71818145508051856, 27.53925636605242744, 43.76425932558142051 ) ) ;
#1328 = DIRECTION ( 'NONE',  ( 6.250839858758867238E-16, -1.000000000000000000, -7.292516007464944339E-32 ) ) ;
#1329 = AXIS2_PLACEMENT_3D ( 'NONE', #8000, #5256, #4569 ) ;
#1330 = CARTESIAN_POINT ( 'NONE',  ( 11.71517252853230318, -10.80008920893059532, 43.35003963118651171 ) ) ;
#1331 = EDGE_LOOP ( 'NONE', ( #4613, #4494, #4737, #8605 ) ) ;
#1332 = ORIENTED_EDGE ( 'NONE', *, *, #2890, .F. ) ;
#1333 = CARTESIAN_POINT ( 'NONE',  ( -6.225451360796738776, 13.81402832956863946, 56.86944808401091933 ) ) ;
#1334 = EDGE_CURVE ( 'NONE', #6855, #3178, #881, .T. ) ;
#1335 = VECTOR ( 'NONE', #7302, 1000.000000000000000 ) ;
#1336 = CIRCLE ( 'NONE', #8030, 1.550000000000000488 ) ;
#1337 = LINE ( 'NONE', #6979, #8461 ) ;
#1338 = CARTESIAN_POINT ( 'NONE',  ( 3.923262372798469677, -7.213701099919310522, 6.649999999999995914 ) ) ;
#1339 = ORIENTED_EDGE ( 'NONE', *, *, #752, .F. ) ;
#1340 = CARTESIAN_POINT ( 'NONE',  ( 9.100377905247198029, 27.95203658269705826, 97.19034129655530307 ) ) ;
#1341 = DIRECTION ( 'NONE',  ( -0.9999999997824894349, -6.250839857399242789E-16, 2.085715669603027339E-05 ) ) ;
#1342 = EDGE_CURVE ( 'NONE', #3465, #7672, #3522, .T. ) ;
#1343 = ADVANCED_FACE ( 'NONE', ( #7727 ), #6310, .T. ) ;
#1344 = CARTESIAN_POINT ( 'NONE',  ( -7.641908909138014572, -11.79118635532182324, 79.73864887361423825 ) ) ;
#1345 = ORIENTED_EDGE ( 'NONE', *, *, #2301, .F. ) ;
#1346 = DIRECTION ( 'NONE',  ( -9.683384032525929255E-09, 0.9999999999999998890, -2.925052111754154122E-18 ) ) ;
#1347 = AXIS2_PLACEMENT_3D ( 'NONE', #8811, #5381, #2513 ) ;
#1348 = VECTOR ( 'NONE', #3363, 1000.000000000000114 ) ;
#1349 = ORIENTED_EDGE ( 'NONE', *, *, #8741, .T. ) ;
#1350 = VECTOR ( 'NONE', #8039, 1000.000000000000000 ) ;
#1351 = VECTOR ( 'NONE', #6502, 1000.000000000000000 ) ;
#1352 = VECTOR ( 'NONE', #4469, 1000.000000000000227 ) ;
#1353 = CARTESIAN_POINT ( 'NONE',  ( -0.3429801358112146703, 27.95203658269705116, 63.73535079766459432 ) ) ;
#1354 = CARTESIAN_POINT ( 'NONE',  ( -4.375241788773892360, 2.208813644678181198, 6.649999999999996803 ) ) ;
#1355 = DIRECTION ( 'NONE',  ( -0.9999999997824894349, -6.250839857399242789E-16, 2.085715669603027339E-05 ) ) ;
#1356 = VERTEX_POINT ( 'NONE', #2845 ) ;
#1357 = LINE ( 'NONE', #5593, #302 ) ;
#1358 = AXIS2_PLACEMENT_3D ( 'NONE', #5625, #2163, #116 ) ;
#1359 = ORIENTED_EDGE ( 'NONE', *, *, #3008, .T. ) ;
#1360 = DIRECTION ( 'NONE',  ( 6.250839858758867238E-16, -1.000000000000000000, -7.292516007464944339E-32 ) ) ;
#1361 = ORIENTED_EDGE ( 'NONE', *, *, #6469, .F. ) ;
#1362 = ADVANCED_FACE ( 'NONE', ( #8540 ), #1482, .T. ) ;
#1363 = VECTOR ( 'NONE', #1385, 1000.000000000000000 ) ;
#1364 = AXIS2_PLACEMENT_3D ( 'NONE', #2078, #4291, #2882 ) ;
#1365 = CARTESIAN_POINT ( 'NONE',  ( -0.7970993372758785611, 39.54446977037137856, 64.00330946178941360 ) ) ;
#1366 = ORIENTED_EDGE ( 'NONE', *, *, #6066, .T. ) ;
#1367 = LINE ( 'NONE', #7470, #6395 ) ;
#1368 = LINE ( 'NONE', #1217, #2082 ) ;
#1369 = PLANE ( 'NONE',  #6021 ) ;
#1370 = ORIENTED_EDGE ( 'NONE', *, *, #6928, .F. ) ;
#1371 = VERTEX_POINT ( 'NONE', #6480 ) ;
#1372 = CARTESIAN_POINT ( 'NONE',  ( 2.166811768477707734, 39.54446977037137145, 54.86927304482872358 ) ) ;
#1373 = ADVANCED_FACE ( 'NONE', ( #5758 ), #3608, .F. ) ;
#1374 = VECTOR ( 'NONE', #790, 999.9999999999998863 ) ;
#1375 = CARTESIAN_POINT ( 'NONE',  ( 22.19329654964849041, 27.95203658269706537, 102.0899369974591764 ) ) ;
#1376 = EDGE_CURVE ( 'NONE', #1119, #6033, #5031, .T. ) ;
#1377 = ORIENTED_EDGE ( 'NONE', *, *, #6759, .T. ) ;
#1378 = CARTESIAN_POINT ( 'NONE',  ( 16.71818105637232321, 26.95549863958137138, 44.35004644165275067 ) ) ;
#1379 = VECTOR ( 'NONE', #2173, 1000.000000000000000 ) ;
#1380 = CARTESIAN_POINT ( 'NONE',  ( -16.39812996423722780, -11.79118635532182680, 44.35000000000000853 ) ) ;
#1381 = FACE_OUTER_BOUND ( 'NONE', #2529, .T. ) ;
#1382 = EDGE_LOOP ( 'NONE', ( #5280, #5827, #7309 ) ) ;
#1383 = ORIENTED_EDGE ( 'NONE', *, *, #5942, .T. ) ;
#1384 = DIRECTION ( 'NONE',  ( -1.091152692702142892E-32, 1.339658354568195596E-16, -1.000000000000000000 ) ) ;
#1385 = DIRECTION ( 'NONE',  ( 6.250839858758867238E-16, -1.000000000000000000, -7.292516007464944339E-32 ) ) ;
#1386 = LINE ( 'NONE', #4148, #4353 ) ;
#1387 = DIRECTION ( 'NONE',  ( -1.000000000000000000, -8.145007187700838718E-17, 0.000000000000000000 ) ) ;
#1388 = EDGE_CURVE ( 'NONE', #6151, #4012, #6988, .T. ) ;
#1389 = VERTEX_POINT ( 'NONE', #7856 ) ;
#1390 = ORIENTED_EDGE ( 'NONE', *, *, #8844, .T. ) ;
#1391 = LINE ( 'NONE', #4152, #1772 ) ;
#1392 = FACE_OUTER_BOUND ( 'NONE', #5501, .T. ) ;
#1393 = ORIENTED_EDGE ( 'NONE', *, *, #3965, .T. ) ;
#1394 = PLANE ( 'NONE',  #8302 ) ;
#1395 = ORIENTED_EDGE ( 'NONE', *, *, #3280, .T. ) ;
#1396 = AXIS2_PLACEMENT_3D ( 'NONE', #2880, #3012, #8536 ) ;
#1397 = CARTESIAN_POINT ( 'NONE',  ( -7.725183011762549512, 39.54446977037137145, 69.73550477073185050 ) ) ;
#1398 = EDGE_CURVE ( 'NONE', #4876, #3030, #6351, .T. ) ;
#1399 = LINE ( 'NONE', #4159, #1474 ) ;
#1400 = EDGE_CURVE ( 'NONE', #2565, #4663, #7170, .T. ) ;
#1401 = FACE_BOUND ( 'NONE', #5683, .T. ) ;
#1402 = ORIENTED_EDGE ( 'NONE', *, *, #3248, .F. ) ;
#1403 = DIRECTION ( 'NONE',  ( -2.212511412187153450E-18, -2.925052111754156048E-18, -1.000000000000000000 ) ) ;
#1404 = LINE ( 'NONE', #8842, #6905 ) ;
#1405 = VERTEX_POINT ( 'NONE', #3704 ) ;
#1406 = EDGE_CURVE ( 'NONE', #8897, #6776, #255, .T. ) ;
#1407 = DIRECTION ( 'NONE',  ( -6.383782126896855077E-16, 1.000000000000000000, -2.925052111754154507E-18 ) ) ;
#1408 = CARTESIAN_POINT ( 'NONE',  ( -1.297164702966374872, 39.54446977037136435, 60.86934529483382050 ) ) ;
#1409 = VERTEX_POINT ( 'NONE', #2884 ) ;
#1410 = CARTESIAN_POINT ( 'NONE',  ( -4.375241788773892360, 2.208813644678181198, 6.649999999999996803 ) ) ;
#1411 = LINE ( 'NONE', #6368, #1632 ) ;
#1412 = EDGE_CURVE ( 'NONE', #5464, #4876, #118, .T. ) ;
#1413 = ORIENTED_EDGE ( 'NONE', *, *, #1299, .F. ) ;
#1414 = VERTEX_POINT ( 'NONE', #4941 ) ;
#1415 = LINE ( 'NONE', #5734, #7841 ) ;
#1416 = EDGE_CURVE ( 'NONE', #2476, #141, #7778, .T. ) ;
#1417 = CARTESIAN_POINT ( 'NONE',  ( 2.667163545703707062, 13.81402832956864479, 71.73528801636619789 ) ) ;
#1418 = EDGE_CURVE ( 'NONE', #2624, #2389, #5662, .T. ) ;
#1419 = VERTEX_POINT ( 'NONE', #1571 ) ;
#1420 = DIRECTION ( 'NONE',  ( -0.9999999997824894349, -6.383781515425612638E-16, 2.085715669636333691E-05 ) ) ;
#1421 = CARTESIAN_POINT ( 'NONE',  ( -4.375241788773893248, 2.386298900080694452, 6.650000000000003020 ) ) ;
#1422 = CARTESIAN_POINT ( 'NONE',  ( 12.11513577063899483, 23.95296590008068449, 97.19034129655527465 ) ) ;
#1423 = ORIENTED_EDGE ( 'NONE', *, *, #8853, .F. ) ;
#1424 = EDGE_LOOP ( 'NONE', ( #994, #8067, #3711, #1793 ) ) ;
#1425 = DIRECTION ( 'NONE',  ( 0.000000000000000000, 0.000000000000000000, 1.000000000000000000 ) ) ;
#1426 = EDGE_CURVE ( 'NONE', #7575, #7169, #5534, .T. ) ;
#1427 = DIRECTION ( 'NONE',  ( -0.4999819370636950921, 0.000000000000000000, 0.8660358321744171528 ) ) ;
#1428 = DIRECTION ( 'NONE',  ( -0.4999819370636952032, -3.125307020857213572E-16, 0.8660358321744170418 ) ) ;
#1429 = LINE ( 'NONE', #2159, #8196 ) ;
#1430 = ORIENTED_EDGE ( 'NONE', *, *, #6323, .T. ) ;
#1431 = VERTEX_POINT ( 'NONE', #840 ) ;
#1432 = DIRECTION ( 'NONE',  ( -1.000000000000000000, 0.000000000000000000, 0.000000000000000000 ) ) ;
#1433 = CARTESIAN_POINT ( 'NONE',  ( -8.225284503108131418, 27.95203658269704761, 64.86948979658419034 ) ) ;
#1434 = VERTEX_POINT ( 'NONE', #4333 ) ;
#1435 = DIRECTION ( 'NONE',  ( 6.250839858758867238E-16, -1.000000000000000000, -7.292516007464944339E-32 ) ) ;
#1436 = ORIENTED_EDGE ( 'NONE', *, *, #6132, .F. ) ;
#1437 = LINE ( 'NONE', #762, #3370 ) ;
#1438 = CARTESIAN_POINT ( 'NONE',  ( 12.11513577063899483, 23.95296590008068449, 79.73868904926293055 ) ) ;
#1439 = EDGE_CURVE ( 'NONE', #642, #6130, #7115, .T. ) ;
#1440 = DIRECTION ( 'NONE',  ( -0.4999819370636950921, 0.000000000000000000, 0.8660358321744171528 ) ) ;
#1441 = ORIENTED_EDGE ( 'NONE', *, *, #7981, .T. ) ;
#1442 = FACE_BOUND ( 'NONE', #5505, .T. ) ;
#1443 = CARTESIAN_POINT ( 'NONE',  ( -4.673745950346253508, 18.07212241910100659, 6.650000000000003020 ) ) ;
#1444 = ADVANCED_FACE ( 'NONE', ( #4427 ), #7993, .T. ) ;
#1445 = AXIS2_PLACEMENT_3D ( 'NONE', #1598, #2999, #2912 ) ;
#1446 = CARTESIAN_POINT ( 'NONE',  ( 4.167062053923099363, 13.81402832956864479, 66.86923132790514046 ) ) ;
#1447 = DIRECTION ( 'NONE',  ( -8.145007187700838718E-17, 1.000000000000000000, -0.000000000000000000 ) ) ;
#1448 = LINE ( 'NONE', #4774, #5568 ) ;
#1449 = EDGE_LOOP ( 'NONE', ( #7128, #7550, #7100, #821, #2067, #961 ) ) ;
#1450 = LINE ( 'NONE', #5600, #3487 ) ;
#1451 = CARTESIAN_POINT ( 'NONE',  ( -7.725385994671223777, 13.81402832956863946, 60.00345396527984576 ) ) ;
#1452 = ADVANCED_FACE ( 'NONE', ( #4561 ), #429, .T. ) ;
#1453 = AXIS2_PLACEMENT_3D ( 'NONE', #554, #516, #4007 ) ;
#1454 = LINE ( 'NONE', #7615, #3111 ) ;
#1455 = ORIENTED_EDGE ( 'NONE', *, *, #1813, .F. ) ;
#1456 = ORIENTED_EDGE ( 'NONE', *, *, #8584, .F. ) ;
#1457 = DIRECTION ( 'NONE',  ( -0.4999819370636952032, -3.125307020857213572E-16, 0.8660358321744170418 ) ) ;
#1458 = EDGE_LOOP ( 'NONE', ( #1852, #5423, #1745, #952 ) ) ;
#1459 = VECTOR ( 'NONE', #2151, 1000.000000000000000 ) ;
#1460 = CIRCLE ( 'NONE', #8589, 1.549999999999999378 ) ;
#1461 = CARTESIAN_POINT ( 'NONE',  ( 20.46126659961303673, 27.95203658269706537, 103.0899731228967795 ) ) ;
#1462 = VERTEX_POINT ( 'NONE', #3782 ) ;
#1463 = LINE ( 'NONE', #6464, #6501 ) ;
#1464 = CARTESIAN_POINT ( 'NONE',  ( -8.225117645854533421, 27.95203658269704761, 72.86948979484408540 ) ) ;
#1465 = CARTESIAN_POINT ( 'NONE',  ( -9.975241788773892893, 2.386298900080692675, 50.00000000000000000 ) ) ;
#1466 = ADVANCED_FACE ( 'NONE', ( #2566 ), #3191, .F. ) ;
#1467 = ORIENTED_EDGE ( 'NONE', *, *, #6802, .T. ) ;
#1468 = EDGE_LOOP ( 'NONE', ( #8909, #5976, #5436, #7095 ) ) ;
#1469 = DIRECTION ( 'NONE',  ( 0.5000180627187942317, 3.217337761224692595E-16, 0.8660149750177208450 ) ) ;
#1470 = AXIS2_PLACEMENT_3D ( 'NONE', #3540, #8598, #2944 ) ;
#1471 = B_SPLINE_CURVE_WITH_KNOTS ( 'NONE', 3,
 ( #3350, #2536, #8973, #5452, #2000, #8241, #5491, #1859, #4621, #1305, #2038, #4120, #6908, #4073, #7454, #1220, #8787, #6859 ),
 .UNSPECIFIED., .F., .F.,
 ( 4, 2, 2, 2, 2, 2, 2, 2, 4 ),
 ( 1.580487726363190677E-06, 1.995620883963443532E-05, 3.833192995290567976E-05, 7.508337217944066730E-05, 0.0001485862566325033105, 0.0002955920255386301960, 0.0005896035633508802266, 0.0008836151011631303114, 0.001177626638975380396 ),
 .UNSPECIFIED. ) ;
#1472 = VECTOR ( 'NONE', #4381, 1000.000000000000000 ) ;
#1473 = DIRECTION ( 'NONE',  ( 0.8660358321744171528, 5.413451298869251709E-16, 0.4999819370636952032 ) ) ;
#1474 = VECTOR ( 'NONE', #1306, 1000.000000000000114 ) ;
#1475 = DIRECTION ( 'NONE',  ( 0.4999819370636951477, 3.166443754200919549E-16, -0.8660358321744170418 ) ) ;
#1476 = LINE ( 'NONE', #798, #7897 ) ;
#1477 = ORIENTED_EDGE ( 'NONE', *, *, #8657, .F. ) ;
#1478 = DIRECTION ( 'NONE',  ( 0.9999999997824894349, 6.250839857399241803E-16, -2.085715669636334030E-05 ) ) ;
#1479 = CYLINDRICAL_SURFACE ( 'NONE', #1924, 1.550000000000000488 ) ;
#1480 = PLANE ( 'NONE',  #1801 ) ;
#1481 = EDGE_LOOP ( 'NONE', ( #3743, #663, #2056, #1597 ) ) ;
#1482 = SPHERICAL_SURFACE ( 'NONE', #160, 1.000000000000000000 ) ;
#1483 = EDGE_LOOP ( 'NONE', ( #5188, #5522 ) ) ;
#1484 = AXIS2_PLACEMENT_3D ( 'NONE', #8917, #2077, #4064 ) ;
#1485 = LINE ( 'NONE', #3479, #8921 ) ;
#1486 = VECTOR ( 'NONE', #2847, 1000.000000000000000 ) ;
#1487 = PLANE ( 'NONE',  #3787 ) ;
#1488 = AXIS2_PLACEMENT_3D ( 'NONE', #6921, #3451, #7007 ) ;
#1489 = DIRECTION ( 'NONE',  ( -1.000000000000000000, 0.000000000000000000, -1.166645790364704205E-16 ) ) ;
#1490 = EDGE_LOOP ( 'NONE', ( #2488, #2204, #4219, #860, #1775, #5073 ) ) ;
#1491 = LINE ( 'NONE', #126, #1314 ) ;
#1492 = DIRECTION ( 'NONE',  ( 2.085715669603027678E-05, 1.303747464151961922E-20, 0.9999999997824895459 ) ) ;
#1493 = AXIS2_PLACEMENT_3D ( 'NONE', #69, #1387, #3563 ) ;
#1494 = AXIS2_PLACEMENT_3D ( 'NONE', #5944, #8150, #1765 ) ;
#1495 = CARTESIAN_POINT ( 'NONE',  ( -0.3419087887734970077, 27.95203658269705116, 115.1012705671326444 ) ) ;
#1496 = LINE ( 'NONE', #4261, #3778 ) ;
#1497 = DIRECTION ( 'NONE',  ( -0.9999999997824894349, -6.383781515425612638E-16, 2.085715669636333691E-05 ) ) ;
#1498 = EDGE_CURVE ( 'NONE', #5479, #5783, #5248, .T. ) ;
#1499 = ORIENTED_EDGE ( 'NONE', *, *, #8688, .T. ) ;
#1500 = DIRECTION ( 'NONE',  ( -0.8660358321744171528, -5.413451298869251709E-16, -0.4999819370636950921 ) ) ;
#1501 = AXIS2_PLACEMENT_3D ( 'NONE', #370, #1869, #1091 ) ;
#1502 = VECTOR ( 'NONE', #2986, 1000.000000000000000 ) ;
#1503 = LINE ( 'NONE', #4266, #1965 ) ;
#1504 = ORIENTED_EDGE ( 'NONE', *, *, #4806, .T. ) ;
#1505 = ORIENTED_EDGE ( 'NONE', *, *, #4344, .T. ) ;
#1506 = CARTESIAN_POINT ( 'NONE',  ( -1.925241788773896845, 9.386298900080694452, 50.00000000000000000 ) ) ;
#1507 = ORIENTED_EDGE ( 'NONE', *, *, #1120, .T. ) ;
#1508 = VECTOR ( 'NONE', #6216, 1000.000000000000114 ) ;
#1509 = CARTESIAN_POINT ( 'NONE',  ( -0.3428076898993361876, 27.95203658269705116, 72.00329998829737121 ) ) ;
#1510 = VERTEX_POINT ( 'NONE', #293 ) ;
#1511 = DIRECTION ( 'NONE',  ( 6.250839858758867238E-16, -1.000000000000000000, -7.292516007464944339E-32 ) ) ;
#1512 = DIRECTION ( 'NONE',  ( 2.085715669603027678E-05, 1.303747464151961922E-20, 0.9999999997824895459 ) ) ;
#1513 = DIRECTION ( 'NONE',  ( -1.000000000000000000, 0.000000000000000000, 0.000000000000000000 ) ) ;
#1514 = ORIENTED_EDGE ( 'NONE', *, *, #7313, .F. ) ;
#1515 = ORIENTED_EDGE ( 'NONE', *, *, #8809, .T. ) ;
#1516 = LINE ( 'NONE', #2876, #945 ) ;
#1517 = VECTOR ( 'NONE', #6206, 1000.000000000000000 ) ;
#1518 = VECTOR ( 'NONE', #1734, 1000.000000000000000 ) ;
#1519 = CARTESIAN_POINT ( 'NONE',  ( -0.7972661945294611252, 13.81402832956864302, 56.00330946352949013 ) ) ;
#1520 = MANIFOLD_SOLID_BREP ( '\X2\51f853f0\X0\-\X2\62c94f38\X0\18', #8381 ) ;
#1521 = EDGE_CURVE ( 'NONE', #5643, #8112, #3151, .T. ) ;
#1522 = CARTESIAN_POINT ( 'NONE',  ( -4.761224603037240044, 13.81402832956863946, 62.86941754570900542 ) ) ;
#1523 = LINE ( 'NONE', #6212, #3955 ) ;
#1524 = ORIENTED_EDGE ( 'NONE', *, *, #6751, .T. ) ;
#1525 = CARTESIAN_POINT ( 'NONE',  ( 15.71810980688032089, -32.97402951153657114, 96.19034129655530307 ) ) ;
#1526 = FACE_OUTER_BOUND ( 'NONE', #8211, .T. ) ;
#1527 = DIRECTION ( 'NONE',  ( 1.000000000000000000, 0.000000000000000000, -0.000000000000000000 ) ) ;
#1528 = ORIENTED_EDGE ( 'NONE', *, *, #212, .T. ) ;
#1529 = DIRECTION ( 'NONE',  ( 0.9999999997824894349, 6.250839857399241803E-16, -2.085715669636334030E-05 ) ) ;
#1530 = EDGE_CURVE ( 'NONE', #711, #8959, #7387, .T. ) ;
#1531 = VERTEX_POINT ( 'NONE', #7952 ) ;
#1532 = EDGE_CURVE ( 'NONE', #7868, #5273, #1710, .T. ) ;
#1533 = DIRECTION ( 'NONE',  ( -0.9999999999990736299, 0.000000000000000000, -1.361274162836599694E-06 ) ) ;
#1534 = EDGE_CURVE ( 'NONE', #5298, #4532, #8679, .T. ) ;
#1535 = DIRECTION ( 'NONE',  ( 0.5000180627187942317, 0.000000000000000000, 0.8660149750177208450 ) ) ;
#1536 = FACE_BOUND ( 'NONE', #7268, .T. ) ;
#1537 = ORIENTED_EDGE ( 'NONE', *, *, #6361, .F. ) ;
#1538 = CARTESIAN_POINT ( 'NONE',  ( -4.260992380093156839, 27.95203658269704761, 74.00338171092444384 ) ) ;
#1539 = DIRECTION ( 'NONE',  ( 0.000000000000000000, 0.000000000000000000, 1.000000000000000000 ) ) ;
#1540 = ADVANCED_FACE ( 'NONE', ( #2430 ), #6705, .F. ) ;
#1541 = VECTOR ( 'NONE', #3517, 1000.000000000000114 ) ;
#1542 = LINE ( 'NONE', #5726, #5569 ) ;
#1543 = DIRECTION ( 'NONE',  ( 1.000000000000000000, 0.000000000000000000, 0.000000000000000000 ) ) ;
#1544 = CARTESIAN_POINT ( 'NONE',  ( -4.761057745783651818, 27.95203658269704761, 70.86941754396890758 ) ) ;
#1545 = ORIENTED_EDGE ( 'NONE', *, *, #4129, .T. ) ;
#1546 = ADVANCED_FACE ( 'NONE', ( #3242 ), #1747, .T. ) ;
#1547 = LINE ( 'NONE', #2731, #6871 ) ;
#1548 = DIRECTION ( 'NONE',  ( -0.9999999997824894349, -6.250839857399242789E-16, 2.085715669603027339E-05 ) ) ;
#1549 = VERTEX_POINT ( 'NONE', #3744 ) ;
#1550 = VERTEX_POINT ( 'NONE', #5438 ) ;
#1551 = CARTESIAN_POINT ( 'NONE',  ( 9.224758211226104621, 4.896777690040630127, 97.24134129655530501 ) ) ;
#1552 = EDGE_LOOP ( 'NONE', ( #3357, #3533 ) ) ;
#1553 = CARTESIAN_POINT ( 'NONE',  ( -17.39812996423725977, 26.95203658269703695, 96.19034129655530307 ) ) ;
#1554 = EDGE_LOOP ( 'NONE', ( #5877, #5387, #2548, #4887 ) ) ;
#1555 = CARTESIAN_POINT ( 'NONE',  ( -3.260992380310653527, 13.81402832956864124, 74.00336085376773099 ) ) ;
#1556 = DIRECTION ( 'NONE',  ( -0.4999819370636952032, -3.125307020857213572E-16, 0.8660358321744170418 ) ) ;
#1557 = CARTESIAN_POINT ( 'NONE',  ( 3.923262372798467901, 11.32975269197696200, 6.650000000000003020 ) ) ;
#1558 = EDGE_LOOP ( 'NONE', ( #2519, #4604, #5209, #7084 ) ) ;
#1560 = ADVANCED_FACE ( 'NONE', ( #527 ), #2707, .F. ) ;
#1559 = LINE ( 'NONE', #8356, #2836 ) ;
#1561 = EDGE_CURVE ( 'NONE', #1278, #8703, #8181, .T. ) ;
#1562 = CARTESIAN_POINT ( 'NONE',  ( -1.925241788773891960, -4.613701099919306436, 43.35000000000000853 ) ) ;
#1563 = DIRECTION ( 'NONE',  ( -0.9999999997824894349, -6.383781515425612638E-16, 2.085715669636333691E-05 ) ) ;
#1564 = FACE_OUTER_BOUND ( 'NONE', #2575, .T. ) ;
#1565 = ORIENTED_EDGE ( 'NONE', *, *, #8001, .T. ) ;
#1566 = FACE_OUTER_BOUND ( 'NONE', #637, .T. ) ;
#1567 = CARTESIAN_POINT ( 'NONE',  ( -9.975241788773892893, 4.896777690040619468, 6.650000000000003020 ) ) ;
#1568 = LINE ( 'NONE', #5579, #8058 ) ;
#1569 = EDGE_CURVE ( 'NONE', #1014, #4536, #1290, .T. ) ;
#1570 = VERTEX_POINT ( 'NONE', #2068 ) ;
#1571 = CARTESIAN_POINT ( 'NONE',  ( -8.924235094193059936, 2.386298900080692231, 6.649999999999995914 ) ) ;
#1572 = EDGE_CURVE ( 'NONE', #1409, #673, #6842, .T. ) ;
#1573 = VERTEX_POINT ( 'NONE', #13 ) ;
#1574 = DIRECTION ( 'NONE',  ( 0.4999819370636951477, 3.166443754200919549E-16, -0.8660358321744170418 ) ) ;
#1575 = EDGE_CURVE ( 'NONE', #8843, #1434, #8228, .T. ) ;
#1576 = CARTESIAN_POINT ( 'NONE',  ( -17.39812996423725266, 26.95203658269703695, 44.35000000000000853 ) ) ;
#1577 = LINE ( 'NONE', #4204, #3500 ) ;
#1578 = EDGE_CURVE ( 'NONE', #2875, #2448, #1989, .T. ) ;
#1579 = FACE_BOUND ( 'NONE', #2178, .T. ) ;
#1580 = EDGE_CURVE ( 'NONE', #8582, #7458, #5516, .T. ) ;
#1581 = ORIENTED_EDGE ( 'NONE', *, *, #8526, .F. ) ;
#1582 = CARTESIAN_POINT ( 'NONE',  ( 0.2028172338798318319, 13.81402832956864302, 60.00328860550269638 ) ) ;
#1583 = LINE ( 'NONE', #1629, #795 ) ;
#1584 = CIRCLE ( 'NONE', #8430, 4.000000000000000888 ) ;
#1585 = CARTESIAN_POINT ( 'NONE',  ( -5.824235094193059403, 2.386298900080692231, 6.649999999999995914 ) ) ;
#1586 = DIRECTION ( 'NONE',  ( 0.000000000000000000, 0.000000000000000000, 1.000000000000000000 ) ) ;
#1587 = CARTESIAN_POINT ( 'NONE',  ( -16.39812996423723490, -10.79118635532182502, 96.19034129655530307 ) ) ;
#1588 = ORIENTED_EDGE ( 'NONE', *, *, #6264, .F. ) ;
#1589 = PLANE ( 'NONE',  #2047 ) ;
#1590 = CARTESIAN_POINT ( 'NONE',  ( 2.167228911611702280, 39.54446977037137145, 74.86927304047844700 ) ) ;
#1591 = DIRECTION ( 'NONE',  ( 6.250839858758867238E-16, -1.000000000000000000, -7.292516007464944339E-32 ) ) ;
#1592 = ORIENTED_EDGE ( 'NONE', *, *, #3048, .F. ) ;
#1593 = ORIENTED_EDGE ( 'NONE', *, *, #8516, .T. ) ;
#1594 = CARTESIAN_POINT ( 'NONE',  ( 6.625764905806940774, 2.386298900080696672, 6.649999999999995914 ) ) ;
#1595 = ORIENTED_EDGE ( 'NONE', *, *, #8281, .F. ) ;
#1596 = DIRECTION ( 'NONE',  ( -0.4999819370636950921, 0.000000000000000000, 0.8660358321744171528 ) ) ;
#1597 = ORIENTED_EDGE ( 'NONE', *, *, #2745, .F. ) ;
#1598 = CARTESIAN_POINT ( 'NONE',  ( 15.71810980688032089, -32.97402951153657114, 96.19034129655530307 ) ) ;
#1599 = DIRECTION ( 'NONE',  ( 1.000000000000000000, -0.000000000000000000, -0.000000000000000000 ) ) ;
#1600 = DIRECTION ( 'NONE',  ( 6.250839858758867238E-16, -1.000000000000000000, -7.292516007464944339E-32 ) ) ;
#1601 = VERTEX_POINT ( 'NONE', #8960 ) ;
#1602 = VERTEX_POINT ( 'NONE', #3333 ) ;
#1603 = DIRECTION ( 'NONE',  ( -0.8660358321744171528, -5.413451298869251709E-16, -0.4999819370636950921 ) ) ;
#1604 = AXIS2_PLACEMENT_3D ( 'NONE', #3278, #2696, #8473 ) ;
#1605 = AXIS2_PLACEMENT_3D ( 'NONE', #18, #111, #2122 ) ;
#1606 = VECTOR ( 'NONE', #3586, 1000.000000000000114 ) ;
#1607 = CARTESIAN_POINT ( 'NONE',  ( -4.375241788773887919, -6.340670791627875502, 50.00000000000000000 ) ) ;
#1608 = LINE ( 'NONE', #5921, #5091 ) ;
#1609 = DIRECTION ( 'NONE',  ( 6.250839858758867238E-16, -1.000000000000000000, -7.292516007464944339E-32 ) ) ;
#1610 = VERTEX_POINT ( 'NONE', #6892 ) ;
#1611 = DIRECTION ( 'NONE',  ( -0.9999999997824894349, -6.250839857399242789E-16, 2.085715669603027339E-05 ) ) ;
#1612 = FACE_OUTER_BOUND ( 'NONE', #2491, .T. ) ;
#1613 = VECTOR ( 'NONE', #1031, 1000.000000000000114 ) ;
#1614 = CARTESIAN_POINT ( 'NONE',  ( 18.96128466276690006, 27.95203658269706537, 103.9560298122278681 ) ) ;
#1615 = VERTEX_POINT ( 'NONE', #613 ) ;
#1616 = DIRECTION ( 'NONE',  ( 0.9999999997824894349, 6.383781515425612638E-16, -2.085715669603027339E-05 ) ) ;
#1617 = ADVANCED_FACE ( 'NONE', ( #3381 ), #6170, .F. ) ;
#1618 = ADVANCED_FACE ( 'NONE', ( #2609 ), #3427, .T. ) ;
#1619 = VECTOR ( 'NONE', #8971, 1000.000000000000114 ) ;
#1620 = EDGE_LOOP ( 'NONE', ( #6787, #7903, #8397, #5661, #589 ) ) ;
#1621 = VECTOR ( 'NONE', #6316, 1000.000000000000114 ) ;
#1622 = DIRECTION ( 'NONE',  ( 6.383782126896855077E-16, -1.000000000000000000, 2.925052111754154507E-18 ) ) ;
#1623 = ADVANCED_FACE ( 'NONE', ( #1938 ), #664, .T. ) ;
#1624 = DIRECTION ( 'NONE',  ( 0.8660149750177211780, 5.413320924122835784E-16, -0.5000180627187940097 ) ) ;
#1625 = CARTESIAN_POINT ( 'NONE',  ( 11.21809176883418857, -8.048591456244475140, 109.4411929170811817 ) ) ;
#1626 = VECTOR ( 'NONE', #3870, 1000.000000000000227 ) ;
#1627 = ORIENTED_EDGE ( 'NONE', *, *, #3220, .F. ) ;
#1628 = CARTESIAN_POINT ( 'NONE',  ( 3.667246974112984947, 39.54446977037137856, 75.73526715833948231 ) ) ;
#1629 = CARTESIAN_POINT ( 'NONE',  ( 22.42534456283781452, 27.95203658269706537, 101.9559575613526761 ) ) ;
#1630 = ADVANCED_FACE ( 'NONE', ( #3977 ), #2659, .F. ) ;
#1631 = VECTOR ( 'NONE', #2664, 1000.000000000000114 ) ;
#1632 = VECTOR ( 'NONE', #4875, 1000.000000000000000 ) ;
#1633 = CARTESIAN_POINT ( 'NONE',  ( -7.725385994671231771, 27.95203658269704761, 60.00345396527984576 ) ) ;
#1634 = CYLINDRICAL_SURFACE ( 'NONE', #6991, 1.549999999999999378 ) ;
#1635 = EDGE_CURVE ( 'NONE', #2451, #1108, #8864, .T. ) ;
#1636 = DIRECTION ( 'NONE',  ( -0.000000000000000000, -0.000000000000000000, -1.000000000000000000 ) ) ;
#1637 = ORIENTED_EDGE ( 'NONE', *, *, #3216, .T. ) ;
#1638 = DIRECTION ( 'NONE',  ( -6.383782126896855077E-16, 1.000000000000000000, -2.925052111754154507E-18 ) ) ;
#1639 = EDGE_CURVE ( 'NONE', #8424, #6011, #9001, .T. ) ;
#1640 = DIRECTION ( 'NONE',  ( 6.250839858758867238E-16, -1.000000000000000000, -7.292516007464944339E-32 ) ) ;
#1641 = ORIENTED_EDGE ( 'NONE', *, *, #7139, .T. ) ;
#1642 = ORIENTED_EDGE ( 'NONE', *, *, #467, .F. ) ;
#1643 = PLANE ( 'NONE',  #6824 ) ;
#1644 = VECTOR ( 'NONE', #7390, 1000.000000000000114 ) ;
#1645 = ORIENTED_EDGE ( 'NONE', *, *, #7918, .T. ) ;
#1646 = VECTOR ( 'NONE', #1591, 1000.000000000000000 ) ;
#1647 = AXIS2_PLACEMENT_3D ( 'NONE', #1886, #4655, #4057 ) ;
#1648 = EDGE_CURVE ( 'NONE', #1434, #7761, #8310, .T. ) ;
#1649 = AXIS2_PLACEMENT_3D ( 'NONE', #6969, #6883, #8395 ) ;
#1650 = VECTOR ( 'NONE', #9002, 1000.000000000000000 ) ;
#1651 = CARTESIAN_POINT ( 'NONE',  ( 5.631038525802186889, 39.54446977037137145, 60.86920079221339819 ) ) ;
#1652 = EDGE_LOOP ( 'NONE', ( #8585, #256, #3375, #398, #7833, #3128 ) ) ;
#1653 = PLANE ( 'NONE',  #7860 ) ;
#1654 = EDGE_CURVE ( 'NONE', #5907, #1419, #8961, .T. ) ;
#1655 = LINE ( 'NONE', #4414, #6286 ) ;
#1656 = PLANE ( 'NONE',  #6593 ) ;
#1657 = ORIENTED_EDGE ( 'NONE', *, *, #4858, .F. ) ;
#1658 = DIRECTION ( 'NONE',  ( -1.000000000000000000, -6.348176284925192144E-16, 0.000000000000000000 ) ) ;
#1659 = VECTOR ( 'NONE', #5114, 1000.000000000000114 ) ;
#1660 = VECTOR ( 'NONE', #8668, 1000.000000000000000 ) ;
#1661 = ADVANCED_FACE ( 'NONE', ( #701 ), #3467, .T. ) ;
#1662 = LINE ( 'NONE', #1607, #5691 ) ;
#1663 = DIRECTION ( 'NONE',  ( -1.000000000000000000, -6.195442106892150886E-16, -1.166244989663167914E-16 ) ) ;
#1664 = DIRECTION ( 'NONE',  ( -1.166645790364705931E-16, 2.925052111754080166E-18, 1.000000000000000000 ) ) ;
#1665 = ORIENTED_EDGE ( 'NONE', *, *, #8532, .F. ) ;
#1666 = CARTESIAN_POINT ( 'NONE',  ( -0.3752417887738960234, 9.386298900080694452, 0.000000000000000000 ) ) ;
#1667 = VECTOR ( 'NONE', #4508, 1000.000000000000114 ) ;
#1668 = FACE_OUTER_BOUND ( 'NONE', #6474, .T. ) ;
#1669 = CARTESIAN_POINT ( 'NONE',  ( -3.261159237564267066, 39.54446977037137145, 66.00336085550782173 ) ) ;
#1670 = ORIENTED_EDGE ( 'NONE', *, *, #8393, .T. ) ;
#1671 = DIRECTION ( 'NONE',  ( 0.8660149750177211780, 5.413320924122835784E-16, -0.5000180627187940097 ) ) ;
#1672 = ORIENTED_EDGE ( 'NONE', *, *, #5736, .F. ) ;
#1673 = VECTOR ( 'NONE', #5216, 1000.000000000000114 ) ;
#1674 = EDGE_CURVE ( 'NONE', #3170, #3767, #8439, .T. ) ;
#1675 = CARTESIAN_POINT ( 'NONE',  ( -9.784195483035837526, 27.95203658269704405, 97.19034129655530307 ) ) ;
#1676 = CARTESIAN_POINT ( 'NONE',  ( -7.374235094193059226, 2.386298900080692231, 50.00000000000000000 ) ) ;
#1677 = DIRECTION ( 'NONE',  ( 1.166645790364705931E-16, -2.925052111754080166E-18, -1.000000000000000000 ) ) ;
#1678 = ORIENTED_EDGE ( 'NONE', *, *, #388, .T. ) ;
#1679 = CARTESIAN_POINT ( 'NONE',  ( -7.641907232787898074, -8.047034099919322614, 97.19034129655527465 ) ) ;
#1680 = EDGE_CURVE ( 'NONE', #5817, #5949, #4931, .T. ) ;
#1681 = EDGE_CURVE ( 'NONE', #353, #536, #1516, .T. ) ;
#1682 = CARTESIAN_POINT ( 'NONE',  ( 15.97988596424631069, -8.048244283485026074, 97.19034129655530307 ) ) ;
#1683 = DIRECTION ( 'NONE',  ( 0.000000000000000000, 0.000000000000000000, 1.000000000000000000 ) ) ;
#1684 = DIRECTION ( 'NONE',  ( -0.000000000000000000, -0.000000000000000000, -1.000000000000000000 ) ) ;
#1685 = DIRECTION ( 'NONE',  ( 0.000000000000000000, 0.000000000000000000, 1.000000000000000000 ) ) ;
#1686 = DIRECTION ( 'NONE',  ( 0.5000180627187942317, 3.217337761224692595E-16, 0.8660149750177208450 ) ) ;
#1687 = EDGE_LOOP ( 'NONE', ( #7435, #8791 ) ) ;
#1688 = ORIENTED_EDGE ( 'NONE', *, *, #5079, .F. ) ;
#1689 = LINE ( 'NONE', #5773, #4632 ) ;
#1690 = VERTEX_POINT ( 'NONE', #4889 ) ;
#1691 = EDGE_CURVE ( 'NONE', #2564, #5457, #6381, .T. ) ;
#1692 = EDGE_CURVE ( 'NONE', #1043, #3215, #7064, .T. ) ;
#1693 = DIRECTION ( 'NONE',  ( 0.4999819370636951477, 3.166443754200919549E-16, -0.8660358321744170418 ) ) ;
#1694 = ORIENTED_EDGE ( 'NONE', *, *, #749, .T. ) ;
#1695 = CARTESIAN_POINT ( 'NONE',  ( 4.167145482549881486, 39.54446977037137856, 70.86923132703508088 ) ) ;
#1696 = LINE ( 'NONE', #3001, #5120 ) ;
#1697 = CARTESIAN_POINT ( 'NONE',  ( -3.261289969162771918, 39.54446977037137145, 59.73541166444011452 ) ) ;
#1698 = ORIENTED_EDGE ( 'NONE', *, *, #7705, .F. ) ;
#1699 = DIRECTION ( 'NONE',  ( 5.755241453125620489E-16, -1.000000000000000000, 6.712021092795624582E-32 ) ) ;
#1700 = EDGE_CURVE ( 'NONE', #525, #5049, #868, .T. ) ;
#1701 = EDGE_CURVE ( 'NONE', #7117, #8142, #1559, .T. ) ;
#1702 = CARTESIAN_POINT ( 'NONE',  ( 22.42534456283778610, 27.95203658269706537, 101.9559575613527045 ) ) ;
#1703 = FACE_OUTER_BOUND ( 'NONE', #2776, .T. ) ;
#1704 = LINE ( 'NONE', #5065, #2222 ) ;
#1705 = ORIENTED_EDGE ( 'NONE', *, *, #84, .T. ) ;
#1706 = CARTESIAN_POINT ( 'NONE',  ( 10.71902452340722967, 27.83496288818218645, 50.00000000000000000 ) ) ;
#1707 = LINE ( 'NONE', #6561, #2930 ) ;
#1708 = CARTESIAN_POINT ( 'NONE',  ( -6.725385994888728902, 13.81402832956863946, 60.00343310812314002 ) ) ;
#1709 = ORIENTED_EDGE ( 'NONE', *, *, #1007, .T. ) ;
#1710 = LINE ( 'NONE', #975, #42 ) ;
#1711 = ORIENTED_EDGE ( 'NONE', *, *, #5986, .T. ) ;
#1712 = DIRECTION ( 'NONE',  ( 0.4999819370636951477, 3.166443754200919549E-16, -0.8660358321744170418 ) ) ;
#1713 = CARTESIAN_POINT ( 'NONE',  ( 2.167062054358103840, 39.54446977037137145, 66.86927304221852353 ) ) ;
#1714 = DIRECTION ( 'NONE',  ( 1.316946700349181129E-16, 1.000000000000000000, 8.648033858237370937E-32 ) ) ;
#1715 = VERTEX_POINT ( 'NONE', #6424 ) ;
#1716 = LINE ( 'NONE', #3793, #3049 ) ;
#1717 = EDGE_CURVE ( 'NONE', #863, #1601, #6341, .T. ) ;
#1718 = EDGE_CURVE ( 'NONE', #6028, #7297, #7106, .T. ) ;
#1719 = DIRECTION ( 'NONE',  ( 2.085715669603027678E-05, 1.303747464151961922E-20, 0.9999999997824895459 ) ) ;
#1720 = CARTESIAN_POINT ( 'NONE',  ( 11.21813220212229645, 23.94922173895548312, 79.73866185862945599 ) ) ;
#1721 = LINE ( 'NONE', #5090, #4537 ) ;
#1722 = EDGE_LOOP ( 'NONE', ( #1395, #2672 ) ) ;
#1723 = ORIENTED_EDGE ( 'NONE', *, *, #5460, .T. ) ;
#1724 = DIRECTION ( 'NONE',  ( -1.000000000000000000, 0.000000000000000000, 0.000000000000000000 ) ) ;
#1725 = ORIENTED_EDGE ( 'NONE', *, *, #5570, .T. ) ;
#1726 = ORIENTED_EDGE ( 'NONE', *, *, #5617, .T. ) ;
#1727 = EDGE_CURVE ( 'NONE', #410, #5834, #5652, .T. ) ;
#1728 = ADVANCED_FACE ( 'NONE', ( #6977 ), #8530, .T. ) ;
#1729 = ADVANCED_FACE ( 'NONE', ( #2833 ), #147, .T. ) ;
#1730 = CARTESIAN_POINT ( 'NONE',  ( -16.39812996423723135, -10.79118635532182680, 44.35000000000000853 ) ) ;
#1731 = ORIENTED_EDGE ( 'NONE', *, *, #8359, .T. ) ;
#1732 = LINE ( 'NONE', #1695, #6104 ) ;
#1733 = LINE ( 'NONE', #6597, #7892 ) ;
#1734 = DIRECTION ( 'NONE',  ( 6.250839858758867238E-16, -1.000000000000000000, -7.292516007464944339E-32 ) ) ;
#1735 = ORIENTED_EDGE ( 'NONE', *, *, #4863, .F. ) ;
#1736 = EDGE_LOOP ( 'NONE', ( #3775, #8725, #5930, #4757 ) ) ;
#1737 = CARTESIAN_POINT ( 'NONE',  ( -21.07677155879775199, 27.95203658269703695, 103.1305685853482004 ) ) ;
#1738 = CARTESIAN_POINT ( 'NONE',  ( -3.261123111909158379, 13.81402832956864124, 67.73541166269998826 ) ) ;
#1739 = CARTESIAN_POINT ( 'NONE',  ( -4.261206540318466907, 39.54446977037137145, 63.73543252072671805 ) ) ;
#1740 = LINE ( 'NONE', #249, #4534 ) ;
#1741 = EDGE_LOOP ( 'NONE', ( #8438, #1256, #393, #8984 ) ) ;
#1742 = DIRECTION ( 'NONE',  ( -0.8660358321744171528, -5.413451298869251709E-16, -0.4999819370636950921 ) ) ;
#1743 = CARTESIAN_POINT ( 'NONE',  ( -16.39812996423722780, -10.79118635532182502, 44.35000000000000853 ) ) ;
#1744 = CARTESIAN_POINT ( 'NONE',  ( -11.64190878877381152, 24.95203658269704405, 82.35127056713264437 ) ) ;
#1745 = ORIENTED_EDGE ( 'NONE', *, *, #1264, .F. ) ;
#1746 = VERTEX_POINT ( 'NONE', #5697 ) ;
#1747 = PLANE ( 'NONE',  #7162 ) ;
#1748 = ADVANCED_FACE ( 'NONE', ( #7846 ), #7673, .T. ) ;
#1749 = ORIENTED_EDGE ( 'NONE', *, *, #235, .F. ) ;
#1750 = AXIS2_PLACEMENT_3D ( 'NONE', #7508, #6043, #8331 ) ;
#1751 = CARTESIAN_POINT ( 'NONE',  ( 8.858091211226215123, -8.791186355321812584, 86.10127056713264437 ) ) ;
#1752 = VECTOR ( 'NONE', #7069, 1000.000000000000114 ) ;
#1753 = CARTESIAN_POINT ( 'NONE',  ( -4.673745950346255285, 11.32975269197696200, 70.86314093385026069 ) ) ;
#1754 = VERTEX_POINT ( 'NONE', #2116 ) ;
#1755 = ORIENTED_EDGE ( 'NONE', *, *, #2555, .F. ) ;
#1756 = CARTESIAN_POINT ( 'NONE',  ( 11.71517252853229785, -8.047816158224488703, 79.84962984578817213 ) ) ;
#1757 = VECTOR ( 'NONE', #8719, 1000.000000000000114 ) ;
#1758 = ORIENTED_EDGE ( 'NONE', *, *, #7766, .T. ) ;
#1759 = PLANE ( 'NONE',  #66 ) ;
#1760 = AXIS2_PLACEMENT_3D ( 'NONE', #5597, #3967, #3283 ) ;
#1761 = EDGE_CURVE ( 'NONE', #7628, #3276, #3558, .T. ) ;
#1762 = DIRECTION ( 'NONE',  ( 0.5000180627187942317, 0.000000000000000000, 0.8660149750177208450 ) ) ;
#1763 = LINE ( 'NONE', #4528, #5961 ) ;
#1764 = VECTOR ( 'NONE', #4902, 1000.000000000000000 ) ;
#1765 = DIRECTION ( 'NONE',  ( 1.000000000000000000, 0.000000000000000000, 0.000000000000000000 ) ) ;
#1766 = ORIENTED_EDGE ( 'NONE', *, *, #299, .T. ) ;
#1767 = VERTEX_POINT ( 'NONE', #106 ) ;
#1768 = DIRECTION ( 'NONE',  ( 0.8660149750177211780, 5.413320924122835784E-16, -0.5000180627187940097 ) ) ;
#1769 = ORIENTED_EDGE ( 'NONE', *, *, #8669, .F. ) ;
#1770 = EDGE_LOOP ( 'NONE', ( #4554, #5895, #8694, #3496 ) ) ;
#1771 = AXIS2_PLACEMENT_3D ( 'NONE', #1495, #1407, #7658 ) ;
#1772 = VECTOR ( 'NONE', #6945, 1000.000000000000000 ) ;
#1773 = EDGE_CURVE ( 'NONE', #5753, #5410, #2261, .T. ) ;
#1774 = CARTESIAN_POINT ( 'NONE',  ( -0.3752417887738929148, 2.386298900080694452, 3.650000000000000355 ) ) ;
#1775 = ORIENTED_EDGE ( 'NONE', *, *, #6554, .T. ) ;
#1776 = PLANE ( 'NONE',  #2174 ) ;
#1777 = CARTESIAN_POINT ( 'NONE',  ( -11.39812996423726688, 23.95296590008067028, 79.73864887361423825 ) ) ;
#1778 = AXIS2_PLACEMENT_3D ( 'NONE', #5174, #1719, #3120 ) ;
#1779 = AXIS2_PLACEMENT_3D ( 'NONE', #817, #8986, #3587 ) ;
#1780 = PLANE ( 'NONE',  #1082 ) ;
#1781 = ORIENTED_EDGE ( 'NONE', *, *, #5034, .T. ) ;
#1782 = EDGE_LOOP ( 'NONE', ( #8695, #1794, #4785, #8450 ) ) ;
#1783 = PLANE ( 'NONE',  #2121 ) ;
#1784 = VECTOR ( 'NONE', #422, 1000.000000000000227 ) ;
#1785 = VECTOR ( 'NONE', #1686, 1000.000000000000114 ) ;
#1786 = DIRECTION ( 'NONE',  ( 0.000000000000000000, 0.000000000000000000, 1.000000000000000000 ) ) ;
#1787 = CARTESIAN_POINT ( 'NONE',  ( -8.924235094193059936, 2.386298900080692231, 0.000000000000000000 ) ) ;
#1788 = DIRECTION ( 'NONE',  ( -2.858278422420061203E-07, 0.000000000000000000, 0.9999999999999590328 ) ) ;
#1789 = ORIENTED_EDGE ( 'NONE', *, *, #8148, .T. ) ;
#1790 = LINE ( 'NONE', #3236, #2002 ) ;
#1791 = CARTESIAN_POINT ( 'NONE',  ( -24.77296848934296136, 27.95203658269703340, 100.9966710808270705 ) ) ;
#1792 = FACE_OUTER_BOUND ( 'NONE', #8953, .T. ) ;
#1793 = ORIENTED_EDGE ( 'NONE', *, *, #198, .T. ) ;
#1794 = ORIENTED_EDGE ( 'NONE', *, *, #5227, .F. ) ;
#1795 = DIRECTION ( 'NONE',  ( 0.8660358321744171528, 5.413451298869251709E-16, 0.4999819370636952032 ) ) ;
#1796 = AXIS2_PLACEMENT_3D ( 'NONE', #4912, #8252, #6918 ) ;
#1797 = AXIS2_PLACEMENT_3D ( 'NONE', #7828, #813, #6449 ) ;
#1798 = ORIENTED_EDGE ( 'NONE', *, *, #7400, .F. ) ;
#1799 = EDGE_CURVE ( 'NONE', #8112, #7, #1983, .T. ) ;
#1800 = EDGE_CURVE ( 'NONE', #7169, #99, #2546, .T. ) ;
#1801 = AXIS2_PLACEMENT_3D ( 'NONE', #8321, #802, #24 ) ;
#1802 = DIRECTION ( 'NONE',  ( -1.000000000000000000, 0.000000000000000000, 0.000000000000000000 ) ) ;
#1803 = LINE ( 'NONE', #6525, #4525 ) ;
#1804 = ORIENTED_EDGE ( 'NONE', *, *, #732, .T. ) ;
#1805 = ORIENTED_EDGE ( 'NONE', *, *, #3694, .T. ) ;
#1806 = DIRECTION ( 'NONE',  ( 0.5000180627187942317, 3.217337761224692595E-16, 0.8660149750177208450 ) ) ;
#1807 = EDGE_CURVE ( 'NONE', #6518, #4206, #377, .T. ) ;
#1808 = DIRECTION ( 'NONE',  ( 0.5000180627187940097, 3.125532836542028723E-16, 0.8660149750177211780 ) ) ;
#1809 = ORIENTED_EDGE ( 'NONE', *, *, #4539, .F. ) ;
#1810 = ORIENTED_EDGE ( 'NONE', *, *, #7770, .T. ) ;
#1811 = VECTOR ( 'NONE', #8265, 1000.000000000000000 ) ;
#1812 = CARTESIAN_POINT ( 'NONE',  ( -0.3752417887738929148, 2.386298900080694452, 6.649999999999995914 ) ) ;
#1813 = EDGE_CURVE ( 'NONE', #6747, #5424, #5153, .T. ) ;
#1814 = CARTESIAN_POINT ( 'NONE',  ( 9.224758211226104621, 2.386298900080695340, 50.00000000000000000 ) ) ;
#1815 = EDGE_CURVE ( 'NONE', #5694, #5778, #7979, .T. ) ;
#1816 = VECTOR ( 'NONE', #6156, 1000.000000000000114 ) ;
#1817 = FACE_OUTER_BOUND ( 'NONE', #8095, .T. ) ;
#1818 = CARTESIAN_POINT ( 'NONE',  ( 10.71818173700940058, 27.83495781962105298, 9.590998314289917559 ) ) ;
#1819 = ORIENTED_EDGE ( 'NONE', *, *, #8697, .T. ) ;
#1820 = EDGE_LOOP ( 'NONE', ( #2377, #4978, #2232, #7148 ) ) ;
#1821 = LINE ( 'NONE', #4726, #4916 ) ;
#1822 = ORIENTED_EDGE ( 'NONE', *, *, #3537, .T. ) ;
#1823 = ORIENTED_EDGE ( 'NONE', *, *, #8269, .F. ) ;
#1824 = EDGE_CURVE ( 'NONE', #1690, #3289, #419, .T. ) ;
#1825 = AXIS2_PLACEMENT_3D ( 'NONE', #2156, #3599, #4369 ) ;
#1826 = ADVANCED_FACE ( 'NONE', ( #8709 ), #1099, .T. ) ;
#1827 = PLANE ( 'NONE',  #3811 ) ;
#1828 = ORIENTED_EDGE ( 'NONE', *, *, #7704, .F. ) ;
#1829 = DIRECTION ( 'NONE',  ( 6.250839858758867238E-16, -1.000000000000000000, -7.292516007464944339E-32 ) ) ;
#1830 = CARTESIAN_POINT ( 'NONE',  ( 15.79004767447313462, 27.97509909127807859, 50.00000000000000000 ) ) ;
#1831 = LINE ( 'NONE', #3319, #6318 ) ;
#1832 = VERTEX_POINT ( 'NONE', #2330 ) ;
#1833 = ORIENTED_EDGE ( 'NONE', *, *, #120, .T. ) ;
#1834 = DIRECTION ( 'NONE',  ( 2.085715669603027678E-05, 1.303747464151961922E-20, 0.9999999997824895459 ) ) ;
#1835 = VECTOR ( 'NONE', #7030, 1000.000000000000114 ) ;
#1836 = LINE ( 'NONE', #1146, #200 ) ;
#1837 = DIRECTION ( 'NONE',  ( -0.4999819370636950921, 0.000000000000000000, 0.8660358321744171528 ) ) ;
#1838 = FACE_OUTER_BOUND ( 'NONE', #6757, .T. ) ;
#1839 = EDGE_CURVE ( 'NONE', #3170, #1288, #6602, .T. ) ;
#1840 = EDGE_LOOP ( 'NONE', ( #910, #6340, #6643, #3564 ) ) ;
#1841 = LINE ( 'NONE', #4555, #397 ) ;
#1842 = LINE ( 'NONE', #7383, #3369 ) ;
#1843 = FACE_OUTER_BOUND ( 'NONE', #2243, .T. ) ;
#1844 = VERTEX_POINT ( 'NONE', #3047 ) ;
#1845 = VERTEX_POINT ( 'NONE', #3180 ) ;
#1846 = EDGE_LOOP ( 'NONE', ( #5401, #5099, #4695, #8257 ) ) ;
#1847 = EDGE_CURVE ( 'NONE', #7845, #4355, #3769, .T. ) ;
#1848 = LINE ( 'NONE', #568, #4252 ) ;
#1849 = EDGE_CURVE ( 'NONE', #7755, #8288, #6741, .T. ) ;
#1850 = DIRECTION ( 'NONE',  ( -0.5000180627187938986, -3.217337761224690623E-16, -0.8660149750177210670 ) ) ;
#1851 = VERTEX_POINT ( 'NONE', #4496 ) ;
#1852 = ORIENTED_EDGE ( 'NONE', *, *, #7411, .T. ) ;
#1853 = DIRECTION ( 'NONE',  ( -0.4999819370636950921, -3.166443754200919549E-16, 0.8660358321744171528 ) ) ;
#1854 = ADVANCED_FACE ( 'NONE', ( #8072 ), #1783, .T. ) ;
#1855 = ORIENTED_EDGE ( 'NONE', *, *, #1799, .T. ) ;
#1856 = CARTESIAN_POINT ( 'NONE',  ( 0.2028533595349081287, 39.54446977037137856, 61.73533941269485581 ) ) ;
#1857 = ORIENTED_EDGE ( 'NONE', *, *, #680, .F. ) ;
#1858 = ADVANCED_FACE ( 'NONE', ( #7334 ), #3863, .T. ) ;
#1859 = CARTESIAN_POINT ( 'NONE',  ( 15.79159282910214124, -10.86515036893814390, 43.35258880317901742 ) ) ;
#1860 = DIRECTION ( 'NONE',  ( 0.000000000000000000, 0.003468049767204245404, 0.9999939862973237226 ) ) ;
#1861 = ADVANCED_FACE ( 'NONE', ( #5959, #6551, #5196 ), #7205, .F. ) ;
#1862 = FACE_OUTER_BOUND ( 'NONE', #1242, .T. ) ;
#1863 = CARTESIAN_POINT ( 'NONE',  ( 7.131187319901990840, 13.81402832956864657, 68.00314410114216912 ) ) ;
#1864 = ORIENTED_EDGE ( 'NONE', *, *, #720, .T. ) ;
#1865 = EDGE_LOOP ( 'NONE', ( #1383, #7438, #3400, #8290 ) ) ;
#1866 = CARTESIAN_POINT ( 'NONE',  ( 9.100377905247199806, 26.05203658269705613, 97.29603624938164330 ) ) ;
#1867 = ORIENTED_EDGE ( 'NONE', *, *, #5532, .T. ) ;
#1868 = ORIENTED_EDGE ( 'NONE', *, *, #9025, .T. ) ;
#1869 = DIRECTION ( 'NONE',  ( -2.085715669636334030E-05, -1.303747464172781074E-20, -0.9999999997824895459 ) ) ;
#1870 = ORIENTED_EDGE ( 'NONE', *, *, #1532, .T. ) ;
#1871 = LINE ( 'NONE', #997, #3183 ) ;
#1872 = CARTESIAN_POINT ( 'NONE',  ( 0.2029367881617153424, 27.95203658269705116, 65.73533941182485307 ) ) ;
#1873 = CARTESIAN_POINT ( 'NONE',  ( -2.761391460725857616, 13.81402832956864124, 54.86937583313574152 ) ) ;
#1874 = VERTEX_POINT ( 'NONE', #7283 ) ;
#1875 = ORIENTED_EDGE ( 'NONE', *, *, #5194, .T. ) ;
#1876 = LINE ( 'NONE', #2647, #8299 ) ;
#1877 = CARTESIAN_POINT ( 'NONE',  ( -7.725385994671238876, 39.54446977037137145, 60.00345396527984576 ) ) ;
#1878 = CARTESIAN_POINT ( 'NONE',  ( 6.131056588520992001, 13.81402832956864657, 61.73521576723111792 ) ) ;
#1879 = DIRECTION ( 'NONE',  ( 0.9999999999990736299, 0.000000000000000000, 1.361274162836599694E-06 ) ) ;
#1880 = ORIENTED_EDGE ( 'NONE', *, *, #5960, .T. ) ;
#1881 = DIRECTION ( 'NONE',  ( 0.5000180627187940097, 3.125532836542028723E-16, 0.8660149750177211780 ) ) ;
#1882 = DIRECTION ( 'NONE',  ( 1.000000000000000000, 6.383782126896855077E-16, -6.066577588907693692E-48 ) ) ;
#1883 = DIRECTION ( 'NONE',  ( 6.505213034913020688E-16, -1.000000000000000000, 0.000000000000000000 ) ) ;
#1884 = ORIENTED_EDGE ( 'NONE', *, *, #2, .F. ) ;
#1885 = EDGE_LOOP ( 'NONE', ( #4714, #6589, #4617, #3101 ) ) ;
#1886 = CARTESIAN_POINT ( 'NONE',  ( -4.375241788773892360, 2.208813644678181198, 3.649999999999999467 ) ) ;
#1887 = ORIENTED_EDGE ( 'NONE', *, *, #1041, .T. ) ;
#1888 = LINE ( 'NONE', #7494, #6877 ) ;
#1889 = FACE_OUTER_BOUND ( 'NONE', #8680, .T. ) ;
#1890 = ADVANCED_FACE ( 'NONE', ( #4595 ), #8754, .T. ) ;
#1891 = VERTEX_POINT ( 'NONE', #962 ) ;
#1892 = ORIENTED_EDGE ( 'NONE', *, *, #3600, .T. ) ;
#1893 = CARTESIAN_POINT ( 'NONE',  ( 11.21813220208693807, 23.95296590008067739, 79.73868782819258172 ) ) ;
#1894 = LINE ( 'NONE', #7446, #7621 ) ;
#1895 = VERTEX_POINT ( 'NONE', #2506 ) ;
#1896 = LINE ( 'NONE', #6407, #5125 ) ;
#1897 = VECTOR ( 'NONE', #8847, 1000.000000000000114 ) ;
#1898 = ORIENTED_EDGE ( 'NONE', *, *, #5471, .T. ) ;
#1899 = ADVANCED_FACE ( 'NONE', ( #7376 ), #244, .T. ) ;
#1900 =( BOUNDED_CURVE ( )  B_SPLINE_CURVE ( 3, ( #7997, #303, #216, #3657 ),
 .UNSPECIFIED., .F., .T. ) 
 B_SPLINE_CURVE_WITH_KNOTS ( ( 4, 4 ),
 ( 6.282792790924418114, 7.853589117719301349 ),
 .UNSPECIFIED. ) 
 CURVE ( )  GEOMETRIC_REPRESENTATION_ITEM ( )  RATIONAL_B_SPLINE_CURVE ( ( 1.000000000000000000, 0.8047378541243681571, 0.8047378541243681571, 1.000000000000000000 ) ) 
 REPRESENTATION_ITEM ( '' )  );
#1901 = AXIS2_PLACEMENT_3D ( 'NONE', #8509, #5722, #2267 ) ;
#1902 = AXIS2_PLACEMENT_3D ( 'NONE', #3308, #636, #541 ) ;
#1903 = DIRECTION ( 'NONE',  ( -0.8660149750177210670, -5.413320924122833812E-16, 0.5000180627187943427 ) ) ;
#1904 = CARTESIAN_POINT ( 'NONE',  ( 7.900377905283197499, 23.95296590008068449, 85.39818524475565198 ) ) ;
#1905 = LINE ( 'NONE', #6723, #3347 ) ;
#1906 = CIRCLE ( 'NONE', #7131, 1.049999999999988498 ) ;
#1907 = ORIENTED_EDGE ( 'NONE', *, *, #214, .T. ) ;
#1908 = DIRECTION ( 'NONE',  ( 5.755241453125620489E-16, -1.000000000000000000, 6.712021092795624582E-32 ) ) ;
#1909 = ORIENTED_EDGE ( 'NONE', *, *, #8697, .F. ) ;
#1910 = ORIENTED_EDGE ( 'NONE', *, *, #1163, .T. ) ;
#1911 = VECTOR ( 'NONE', #5796, 1000.000000000000000 ) ;
#1912 = EDGE_CURVE ( 'NONE', #1550, #1018, #8618, .T. ) ;
#1913 = EDGE_CURVE ( 'NONE', #4334, #6174, #2057, .T. ) ;
#1914 = VECTOR ( 'NONE', #8974, 1000.000000000000227 ) ;
#1915 = EDGE_CURVE ( 'NONE', #8182, #418, #7563, .T. ) ;
#1916 = CYLINDRICAL_SURFACE ( 'NONE', #7763, 1.550000000000000266 ) ;
#1917 = ORIENTED_EDGE ( 'NONE', *, *, #6907, .F. ) ;
#1918 = FACE_OUTER_BOUND ( 'NONE', #4708, .T. ) ;
#1919 = CARTESIAN_POINT ( 'NONE',  ( -0.7968963543671901961, 39.54446977037137856, 73.73536026724137571 ) ) ;
#1920 = CARTESIAN_POINT ( 'NONE',  ( 16.71810980687937231, 26.95203658269705826, 96.19034265782947557 ) ) ;
#1921 = ORIENTED_EDGE ( 'NONE', *, *, #3795, .T. ) ;
#1922 = ORIENTED_EDGE ( 'NONE', *, *, #8044, .F. ) ;
#1923 = LINE ( 'NONE', #1279, #8877 ) ;
#1924 = AXIS2_PLACEMENT_3D ( 'NONE', #5755, #8447, #1432 ) ;
#1925 = EDGE_CURVE ( 'NONE', #1108, #4536, #1923, .T. ) ;
#1926 = ADVANCED_FACE ( 'NONE', ( #6200 ), #7475, .T. ) ;
#1927 = DIRECTION ( 'NONE',  ( 2.085715669603027678E-05, 1.303747464151961922E-20, 0.9999999997824895459 ) ) ;
#1928 = CIRCLE ( 'NONE', #8192, 1.550000000000000488 ) ;
#1929 = VECTOR ( 'NONE', #6737, 1000.000000000000114 ) ;
#1930 = FACE_BOUND ( 'NONE', #1002, .T. ) ;
#1931 = CARTESIAN_POINT ( 'NONE',  ( 5.631288811682598983, 13.81402832956864657, 72.86920078960325498 ) ) ;
#1932 = ORIENTED_EDGE ( 'NONE', *, *, #6636, .F. ) ;
#1933 = DIRECTION ( 'NONE',  ( 0.000000000000000000, 1.000000000000000000, 0.000000000000000000 ) ) ;
#1934 = PLANE ( 'NONE',  #6421 ) ;
#1935 = DIRECTION ( 'NONE',  ( 0.8660358321744171528, 5.413451298869251709E-16, 0.4999819370636952032 ) ) ;
#1936 = VERTEX_POINT ( 'NONE', #6159 ) ;
#1937 = ORIENTED_EDGE ( 'NONE', *, *, #4799, .T. ) ;
#1938 = FACE_OUTER_BOUND ( 'NONE', #227, .T. ) ;
#1939 = VERTEX_POINT ( 'NONE', #2734 ) ;
#1940 = VECTOR ( 'NONE', #4892, 1000.000000000000000 ) ;
#1941 = VECTOR ( 'NONE', #349, 1000.000000000000114 ) ;
#1942 = EDGE_CURVE ( 'NONE', #7668, #4449, #8990, .T. ) ;
#1943 = DIRECTION ( 'NONE',  ( 6.250839858758867238E-16, -1.000000000000000000, -7.292516007464944339E-32 ) ) ;
#1944 = CARTESIAN_POINT ( 'NONE',  ( 25.88940446290863662, 27.95203658269706892, 99.95588531047754088 ) ) ;
#1945 = ORIENTED_EDGE ( 'NONE', *, *, #8273, .F. ) ;
#1946 = VERTEX_POINT ( 'NONE', #2017 ) ;
#1947 = AXIS2_PLACEMENT_3D ( 'NONE', #2958, #995, #1596 ) ;
#1948 = DIRECTION ( 'NONE',  ( 0.8660149750177211780, 5.413320924122835784E-16, -0.5000180627187940097 ) ) ;
#1949 = VECTOR ( 'NONE', #89, 1000.000000000000000 ) ;
#1950 = CARTESIAN_POINT ( 'NONE',  ( -3.261242666191065620, 39.54446977037137145, 62.00336085637788130 ) ) ;
#1951 = ORIENTED_EDGE ( 'NONE', *, *, #5072, .F. ) ;
#1952 = CARTESIAN_POINT ( 'NONE',  ( -0.7969324800222664651, 13.81402832956864302, 72.00330946004925181 ) ) ;
#1953 = VERTEX_POINT ( 'NONE', #8258 ) ;
#1954 = VECTOR ( 'NONE', #7830, 1000.000000000000114 ) ;
#1955 = DIRECTION ( 'NONE',  ( -0.5000180627187938986, -3.217337761224690623E-16, -0.8660149750177210670 ) ) ;
#1956 = DIRECTION ( 'NONE',  ( 0.9999999997824894349, 0.000000000000000000, -2.085715669603027339E-05 ) ) ;
#1957 = CARTESIAN_POINT ( 'NONE',  ( -4.761224603037256031, 39.54446977037136435, 62.86941754570900542 ) ) ;
#1958 = VECTOR ( 'NONE', #661, 1000.000000000000000 ) ;
#1959 = VERTEX_POINT ( 'NONE', #6013 ) ;
#1960 = PLANE ( 'NONE',  #7863 ) ;
#1961 = ORIENTED_EDGE ( 'NONE', *, *, #4468, .F. ) ;
#1962 = VERTEX_POINT ( 'NONE', #464 ) ;
#1963 = EDGE_CURVE ( 'NONE', #2571, #7533, #7122, .T. ) ;
#1964 = EDGE_CURVE ( 'NONE', #6776, #319, #7619, .T. ) ;
#1965 = VECTOR ( 'NONE', #3444, 1000.000000000000000 ) ;
#1966 = FACE_OUTER_BOUND ( 'NONE', #8138, .T. ) ;
#1967 = ORIENTED_EDGE ( 'NONE', *, *, #1126, .F. ) ;
#1968 = DIRECTION ( 'NONE',  ( 0.000000000000000000, 0.003468049767204477857, 0.9999939862973237226 ) ) ;
#1969 = LINE ( 'NONE', #6686, #3218 ) ;
#1970 = EDGE_CURVE ( 'NONE', #2572, #2424, #1876, .T. ) ;
#1971 = CARTESIAN_POINT ( 'NONE',  ( 2.667080117076908508, 13.81402832956864479, 67.73528801723624326 ) ) ;
#1972 = ORIENTED_EDGE ( 'NONE', *, *, #65, .F. ) ;
#1973 = VERTEX_POINT ( 'NONE', #1322 ) ;
#1974 = DIRECTION ( 'NONE',  ( 6.250839858758867238E-16, -1.000000000000000000, -7.292516007464944339E-32 ) ) ;
#1975 = AXIS2_PLACEMENT_3D ( 'NONE', #4117, #7505, #6039 ) ;
#1976 = EDGE_CURVE ( 'NONE', #5575, #1531, #1238, .T. ) ;
#1977 = EDGE_CURVE ( 'NONE', #2828, #2844, #4739, .T. ) ;
#1978 = CARTESIAN_POINT ( 'NONE',  ( -0.3419087887734903464, 23.95296590008067739, 79.73864887361423825 ) ) ;
#1979 = DIRECTION ( 'NONE',  ( -0.9999999997824894349, 0.000000000000000000, 2.085715669636333691E-05 ) ) ;
#1980 = ORIENTED_EDGE ( 'NONE', *, *, #8420, .F. ) ;
#1981 = FACE_OUTER_BOUND ( 'NONE', #8227, .T. ) ;
#1982 = FACE_OUTER_BOUND ( 'NONE', #3521, .T. ) ;
#1983 = CIRCLE ( 'NONE', #8513, 1.000000000000000888 ) ;
#1984 = EDGE_CURVE ( 'NONE', #3289, #4181, #5425, .T. ) ;
#1985 = FACE_OUTER_BOUND ( 'NONE', #5997, .T. ) ;
#1986 = ADVANCED_FACE ( 'NONE', ( #7422 ), #654, .T. ) ;
#1987 = VERTEX_POINT ( 'NONE', #602 ) ;
#1988 = ORIENTED_EDGE ( 'NONE', *, *, #4472, .T. ) ;
#1989 = LINE ( 'NONE', #4749, #6294 ) ;
#1990 = EDGE_LOOP ( 'NONE', ( #3090, #5344, #4225, #6698 ) ) ;
#1991 = CARTESIAN_POINT ( 'NONE',  ( -10.59190878877379305, -8.047034099919326167, 86.10127056713264437 ) ) ;
#1992 = FACE_OUTER_BOUND ( 'NONE', #6296, .T. ) ;
#1993 = ORIENTED_EDGE ( 'NONE', *, *, #29, .T. ) ;
#1994 = DIRECTION ( 'NONE',  ( -0.4999819370636950921, -3.166443754200919549E-16, 0.8660358321744171528 ) ) ;
#1995 = CARTESIAN_POINT ( 'NONE',  ( 11.71517252853228186, 27.95203658269705826, 43.35000000000000853 ) ) ;
#1996 = DIRECTION ( 'NONE',  ( 6.383782124087150455E-16, -1.000000000000000000, 3.329025500162365365E-33 ) ) ;
#1997 = ORIENTED_EDGE ( 'NONE', *, *, #4731, .F. ) ;
#1998 = DIRECTION ( 'NONE',  ( 2.085715669603027678E-05, 1.303747464151961922E-20, 0.9999999997824895459 ) ) ;
#1999 = ORIENTED_EDGE ( 'NONE', *, *, #4923, .T. ) ;
#2000 = CARTESIAN_POINT ( 'NONE',  ( 15.74312829051396889, -10.81784437455977077, 43.35034636323732116 ) ) ;
#2001 = CARTESIAN_POINT ( 'NONE',  ( -0.3752417887738929148, 2.386298900080694452, 50.00000000000000000 ) ) ;
#2002 = VECTOR ( 'NONE', #6699, 1000.000000000000000 ) ;
#2003 = CARTESIAN_POINT ( 'NONE',  ( -1.297248131593173648, 39.54446977037136435, 56.86934529570390140 ) ) ;
#2004 = ORIENTED_EDGE ( 'NONE', *, *, #2359, .T. ) ;
#2005 = CARTESIAN_POINT ( 'NONE',  ( 7.130973159676686990, 13.81402832956864657, 57.73519491094450018 ) ) ;
#2006 = ORIENTED_EDGE ( 'NONE', *, *, #784, .F. ) ;
#2007 = DIRECTION ( 'NONE',  ( -1.000000000000000000, 0.000000000000000000, 0.000000000000000000 ) ) ;
#2008 = ORIENTED_EDGE ( 'NONE', *, *, #5751, .F. ) ;
#2009 = EDGE_CURVE ( 'NONE', #4626, #3922, #3960, .T. ) ;
#2010 = LINE ( 'NONE', #6232, #5716 ) ;
#2011 = ADVANCED_FACE ( 'NONE', ( #8805 ), #2554, .T. ) ;
#2012 = EDGE_LOOP ( 'NONE', ( #4393, #5985, #74, #324 ) ) ;
#2013 = DIRECTION ( 'NONE',  ( 5.755241453125620489E-16, -1.000000000000000000, 6.712021092795624582E-32 ) ) ;
#2014 = LINE ( 'NONE', #4778, #3511 ) ;
#2015 = VERTEX_POINT ( 'NONE', #5333 ) ;
#2016 = ORIENTED_EDGE ( 'NONE', *, *, #6015, .T. ) ;
#2017 = CARTESIAN_POINT ( 'NONE',  ( 3.923262372798468789, 11.32975269197696200, 0.000000000000000000 ) ) ;
#2018 = EDGE_CURVE ( 'NONE', #4270, #6904, #3322, .T. ) ;
#2019 = DIRECTION ( 'NONE',  ( 0.5000180627187942317, 3.217337761224692595E-16, 0.8660149750177208450 ) ) ;
#2020 = ORIENTED_EDGE ( 'NONE', *, *, #8689, .T. ) ;
#2021 = CARTESIAN_POINT ( 'NONE',  ( -5.824235094193059403, 2.386298900080692231, 50.00000000000000000 ) ) ;
#2022 = CARTESIAN_POINT ( 'NONE',  ( -4.261075808719946068, 13.81402832956864124, 70.00338171179448921 ) ) ;
#2023 = DIRECTION ( 'NONE',  ( -4.635031659268013795E-16, 1.000000000000000000, 2.008870507704175424E-22 ) ) ;
#2024 = ORIENTED_EDGE ( 'NONE', *, *, #8396, .T. ) ;
#2025 = ORIENTED_EDGE ( 'NONE', *, *, #8949, .F. ) ;
#2026 = CARTESIAN_POINT ( 'NONE',  ( -0.3752417887738929148, 2.386298900080694452, 109.3221854111122013 ) ) ;
#2027 = ADVANCED_FACE ( 'NONE', ( #6103 ), #3416, .T. ) ;
#2028 = CARTESIAN_POINT ( 'NONE',  ( 4.166895196669485379, 39.54446977037137856, 58.86923132964525252 ) ) ;
#2029 = FACE_OUTER_BOUND ( 'NONE', #2410, .T. ) ;
#2030 = ORIENTED_EDGE ( 'NONE', *, *, #5850, .F. ) ;
#2031 = LINE ( 'NONE', #4797, #8088 ) ;
#2032 = FACE_OUTER_BOUND ( 'NONE', #407, .T. ) ;
#2033 = EDGE_CURVE ( 'NONE', #6808, #1844, #4176, .T. ) ;
#2034 = DIRECTION ( 'NONE',  ( 6.250839858758867238E-16, -1.000000000000000000, -7.292516007464944339E-32 ) ) ;
#2035 = EDGE_LOOP ( 'NONE', ( #6457, #3585, #2711, #2832 ) ) ;
#2036 = CARTESIAN_POINT ( 'NONE',  ( 15.71808681781311456, -32.97402928259742794, 97.19034129655530307 ) ) ;
#2037 = ORIENTED_EDGE ( 'NONE', *, *, #2941, .T. ) ;
#2038 = CARTESIAN_POINT ( 'NONE',  ( 15.89591431384251230, -10.96916306762069127, 43.36533670587571976 ) ) ;
#2039 = CARTESIAN_POINT ( 'NONE',  ( 3.667043991204294251, 39.54446977037137856, 66.00321635288740652 ) ) ;
#2040 = DIRECTION ( 'NONE',  ( 0.4999819370636951477, 0.000000000000000000, -0.8660358321744170418 ) ) ;
#2041 = ORIENTED_EDGE ( 'NONE', *, *, #7150, .T. ) ;
#2042 = CARTESIAN_POINT ( 'NONE',  ( -0.7972300688743687580, 13.81402832956864302, 57.73536027072162113 ) ) ;
#2043 = ORIENTED_EDGE ( 'NONE', *, *, #4903, .F. ) ;
#2044 = CARTESIAN_POINT ( 'NONE',  ( -0.7970159086490651301, 13.81402832956864302, 68.00330946091929718 ) ) ;
#2045 = ORIENTED_EDGE ( 'NONE', *, *, #84, .F. ) ;
#2046 = VECTOR ( 'NONE', #452, 1000.000000000000000 ) ;
#2047 = AXIS2_PLACEMENT_3D ( 'NONE', #902, #4306, #7092 ) ;
#2048 = EDGE_CURVE ( 'NONE', #3277, #5386, #6332, .T. ) ;
#2049 = VECTOR ( 'NONE', #7360, 1000.000000000000114 ) ;
#2050 = LINE ( 'NONE', #3541, #8634 ) ;
#2051 = EDGE_LOOP ( 'NONE', ( #146, #8485, #3037, #3803 ) ) ;
#2052 = PLANE ( 'NONE',  #8733 ) ;
#2053 = CARTESIAN_POINT ( 'NONE',  ( 24.15737451287321491, 27.95203658269706537, 100.9559214359151156 ) ) ;
#2054 = VECTOR ( 'NONE', #804, 1000.000000000000114 ) ;
#2055 = ORIENTED_EDGE ( 'NONE', *, *, #1068, .T. ) ;
#2056 = ORIENTED_EDGE ( 'NONE', *, *, #7960, .F. ) ;
#2057 = LINE ( 'NONE', #6057, #2169 ) ;
#2058 = AXIS2_PLACEMENT_3D ( 'NONE', #8242, #5537, #4860 ) ;
#2059 = EDGE_CURVE ( 'NONE', #6902, #2665, #3548, .T. ) ;
#2060 = DIRECTION ( 'NONE',  ( 0.9999999997824894349, 0.000000000000000000, -2.085715669603027339E-05 ) ) ;
#2061 = ORIENTED_EDGE ( 'NONE', *, *, #1700, .T. ) ;
#2062 = DIRECTION ( 'NONE',  ( 1.000000000000000000, 0.000000000000000000, 0.000000000000000000 ) ) ;
#2063 = CARTESIAN_POINT ( 'NONE',  ( -0.3752417887738960234, 9.386298900080694452, 0.000000000000000000 ) ) ;
#2064 = AXIS2_PLACEMENT_3D ( 'NONE', #3187, #7292, #4424 ) ;
#2065 = DIRECTION ( 'NONE',  ( -0.9999999999961017849, 7.315456407000724079E-11, -2.792186721704525723E-06 ) ) ;
#2066 = EDGE_LOOP ( 'NONE', ( #7397, #767, #6661, #7689 ) ) ;
#2067 = ORIENTED_EDGE ( 'NONE', *, *, #77, .T. ) ;
#2068 = CARTESIAN_POINT ( 'NONE',  ( 0.2030202167885127029, 27.95203658269705116, 69.73533941095475086 ) ) ;
#2069 = EDGE_CURVE ( 'NONE', #319, #935, #7835, .T. ) ;
#2070 = VECTOR ( 'NONE', #8503, 999.9999999999998863 ) ;
#2071 = AXIS2_PLACEMENT_3D ( 'NONE', #8224, #523, #4705 ) ;
#2072 = CARTESIAN_POINT ( 'NONE',  ( 3.666829830978990845, 39.54446977037137856, 55.73526716268975889 ) ) ;
#2073 = LINE ( 'NONE', #4326, #1752 ) ;
#2074 = FACE_OUTER_BOUND ( 'NONE', #8216, .T. ) ;
#2075 = ORIENTED_EDGE ( 'NONE', *, *, #2345, .T. ) ;
#2076 = ORIENTED_EDGE ( 'NONE', *, *, #1163, .F. ) ;
#2077 = DIRECTION ( 'NONE',  ( 0.8660149750177211780, 5.413320924122835784E-16, -0.5000180627187940097 ) ) ;
#2078 = CARTESIAN_POINT ( 'NONE',  ( -2.761224603472276939, 39.54446977037137145, 62.86937583139560815 ) ) ;
#2079 = ORIENTED_EDGE ( 'NONE', *, *, #2837, .F. ) ;
#2080 = LINE ( 'NONE', #4719, #7578 ) ;
#2081 = VECTOR ( 'NONE', #1283, 1000.000000000000114 ) ;
#2082 = VECTOR ( 'NONE', #5731, 1000.000000000000000 ) ;
#2083 = ORIENTED_EDGE ( 'NONE', *, *, #3692, .F. ) ;
#2084 = VECTOR ( 'NONE', #343, 1000.000000000000114 ) ;
#2085 = EDGE_CURVE ( 'NONE', #1414, #6935, #5644, .T. ) ;
#2086 = VECTOR ( 'NONE', #683, 1000.000000000000000 ) ;
#2087 = VECTOR ( 'NONE', #494, 1000.000000000000000 ) ;
#2088 = EDGE_CURVE ( 'NONE', #3699, #5464, #4311, .T. ) ;
#2089 = FACE_OUTER_BOUND ( 'NONE', #6740, .T. ) ;
#2090 = DIRECTION ( 'NONE',  ( -1.000000000000000000, -4.336808689942017736E-16, -0.000000000000000000 ) ) ;
#2091 = CARTESIAN_POINT ( 'NONE',  ( -4.260956254438063695, 27.95203658269705116, 75.73543251811656773 ) ) ;
#2092 = EDGE_CURVE ( 'NONE', #7575, #99, #8157, .T. ) ;
#2093 = ORIENTED_EDGE ( 'NONE', *, *, #1304, .F. ) ;
#2094 = CARTESIAN_POINT ( 'NONE',  ( 12.11513577063899483, 23.95296590008068449, 115.1012705671326444 ) ) ;
#2095 = AXIS2_PLACEMENT_3D ( 'NONE', #4717, #3986, #2671 ) ;
#2096 = ORIENTED_EDGE ( 'NONE', *, *, #5429, .F. ) ;
#2097 = ORIENTED_EDGE ( 'NONE', *, *, #4283, .F. ) ;
#2098 = FACE_BOUND ( 'NONE', #3549, .T. ) ;
#2099 = VECTOR ( 'NONE', #4788, 1000.000000000000000 ) ;
#2100 = CARTESIAN_POINT ( 'NONE',  ( -16.39812996423723135, -10.79118635532182680, 44.35000000000000853 ) ) ;
#2101 = ORIENTED_EDGE ( 'NONE', *, *, #6942, .T. ) ;
#2102 = LINE ( 'NONE', #3362, #8002 ) ;
#2103 = FACE_OUTER_BOUND ( 'NONE', #270, .T. ) ;
#2104 = EDGE_LOOP ( 'NONE', ( #3159, #1592, #7651, #5647 ) ) ;
#2105 = ORIENTED_EDGE ( 'NONE', *, *, #5800, .T. ) ;
#2106 = EDGE_CURVE ( 'NONE', #7533, #2571, #295, .T. ) ;
#2107 = CARTESIAN_POINT ( 'NONE',  ( -6.225284503543157655, 39.54446977037137145, 64.86944808227079307 ) ) ;
#2108 = AXIS2_PLACEMENT_3D ( 'NONE', #4640, #513, #6785 ) ;
#2109 = DIRECTION ( 'NONE',  ( -0.000000000000000000, -0.000000000000000000, -1.000000000000000000 ) ) ;
#2110 = EDGE_LOOP ( 'NONE', ( #4641, #8521, #4930, #7535 ) ) ;
#2111 = CARTESIAN_POINT ( 'NONE',  ( -8.225117645854522763, 13.81402832956863769, 72.86948979484408540 ) ) ;
#2112 = LINE ( 'NONE', #5611, #4229 ) ;
#2113 = FACE_OUTER_BOUND ( 'NONE', #4460, .T. ) ;
#2114 = VERTEX_POINT ( 'NONE', #1506 ) ;
#2115 = ORIENTED_EDGE ( 'NONE', *, *, #8148, .F. ) ;
#2116 = CARTESIAN_POINT ( 'NONE',  ( 0.2031036454153201942, 13.81402832956864302, 73.73533941008470549 ) ) ;
#2117 = EDGE_CURVE ( 'NONE', #1249, #5753, #52, .T. ) ;
#2118 = EDGE_CURVE ( 'NONE', #99, #2231, #6967, .T. ) ;
#2119 = FACE_OUTER_BOUND ( 'NONE', #3110, .T. ) ;
#2120 = AXIS2_PLACEMENT_3D ( 'NONE', #2287, #7762, #6297 ) ;
#2121 = AXIS2_PLACEMENT_3D ( 'NONE', #4548, #1834, #3140 ) ;
#2122 = DIRECTION ( 'NONE',  ( 0.4999819370636951477, 0.000000000000000000, -0.8660358321744170418 ) ) ;
#2123 = LINE ( 'NONE', #4844, #7305 ) ;
#2124 = VERTEX_POINT ( 'NONE', #4137 ) ;
#2125 = CARTESIAN_POINT ( 'NONE',  ( -3.261409523444646297, 13.81402832956864302, 54.00336085811800757 ) ) ;
#2126 = LINE ( 'NONE', #6348, #7739 ) ;
#2127 = FACE_OUTER_BOUND ( 'NONE', #1026, .T. ) ;
#2128 = DIRECTION ( 'NONE',  ( -0.9999999997824894349, -6.250839857399242789E-16, 2.085715669603027339E-05 ) ) ;
#2129 = EDGE_CURVE ( 'NONE', #3290, #8708, #820, .T. ) ;
#2130 = ORIENTED_EDGE ( 'NONE', *, *, #6728, .F. ) ;
#2131 = EDGE_CURVE ( 'NONE', #2352, #5247, #1584, .T. ) ;
#2132 = LINE ( 'NONE', #4900, #6870 ) ;
#2133 = CARTESIAN_POINT ( 'NONE',  ( 3.666829830978990845, 39.54446977037137856, 55.73526716268975889 ) ) ;
#2134 = FACE_BOUND ( 'NONE', #6549, .T. ) ;
#2135 = VERTEX_POINT ( 'NONE', #2905 ) ;
#2136 = DIRECTION ( 'NONE',  ( -4.635031619447300390E-16, 1.000000000000000000, -2.925052111754154507E-18 ) ) ;
#2137 = LINE ( 'NONE', #1443, #3258 ) ;
#2138 = EDGE_CURVE ( 'NONE', #2015, #1182, #4220, .T. ) ;
#2139 = DIRECTION ( 'NONE',  ( 0.9999999997824894349, 6.383781515425612638E-16, -2.085715669603027339E-05 ) ) ;
#2140 = DIRECTION ( 'NONE',  ( -1.000000000000000000, 0.000000000000000000, -1.166244989663167914E-16 ) ) ;
#2141 = PLANE ( 'NONE',  #1796 ) ;
#2142 = ORIENTED_EDGE ( 'NONE', *, *, #1400, .F. ) ;
#2143 = PLANE ( 'NONE',  #629 ) ;
#2144 = DIRECTION ( 'NONE',  ( 6.250839858758867238E-16, -1.000000000000000000, -7.292516007464944339E-32 ) ) ;
#2145 = ORIENTED_EDGE ( 'NONE', *, *, #5970, .T. ) ;
#2146 = EDGE_LOOP ( 'NONE', ( #8084, #8753, #5840, #1036 ) ) ;
#2147 = LINE ( 'NONE', #4920, #5074 ) ;
#2148 = EDGE_LOOP ( 'NONE', ( #6168, #320, #8236, #7933, #839, #5221 ) ) ;
#2149 = DIRECTION ( 'NONE',  ( -1.000000000000000000, 0.000000000000000000, 0.000000000000000000 ) ) ;
#2150 = ORIENTED_EDGE ( 'NONE', *, *, #912, .T. ) ;
#2151 = DIRECTION ( 'NONE',  ( -2.863166359789729019E-18, 7.194095227371746348E-32, 1.000000000000000000 ) ) ;
#2152 = CARTESIAN_POINT ( 'NONE',  ( 3.667246974112992497, 27.95203658269705471, 75.73526715833948231 ) ) ;
#2153 = DIRECTION ( 'NONE',  ( -0.4999819370636950921, -3.166443754200919549E-16, 0.8660358321744171528 ) ) ;
#2154 = ORIENTED_EDGE ( 'NONE', *, *, #6804, .F. ) ;
#2155 = ORIENTED_EDGE ( 'NONE', *, *, #3048, .T. ) ;
#2156 = CARTESIAN_POINT ( 'NONE',  ( 2.667163545703691074, 39.54446977037137856, 71.73528801636619789 ) ) ;
#2157 = EDGE_CURVE ( 'NONE', #7538, #7851, #6283, .T. ) ;
#2158 = CARTESIAN_POINT ( 'NONE',  ( -7.725302566044440766, 39.54446977037137145, 64.00345396440977197 ) ) ;
#2159 = CARTESIAN_POINT ( 'NONE',  ( 7.130937034021594734, 13.81402832956864657, 56.00314410375234075 ) ) ;
#2160 = ORIENTED_EDGE ( 'NONE', *, *, #555, .T. ) ;
#2161 = ORIENTED_EDGE ( 'NONE', *, *, #4178, .T. ) ;
#2162 = CARTESIAN_POINT ( 'NONE',  ( 22.19329654964856857, 27.95203658269706537, 102.0899369974591337 ) ) ;
#2163 = DIRECTION ( 'NONE',  ( 0.000000000000000000, 0.000000000000000000, 1.000000000000000000 ) ) ;
#2164 = DIRECTION ( 'NONE',  ( 6.250839858758867238E-16, -1.000000000000000000, -7.292516007464944339E-32 ) ) ;
#2165 = ORIENTED_EDGE ( 'NONE', *, *, #1521, .T. ) ;
#2166 = EDGE_CURVE ( 'NONE', #5632, #3312, #6238, .T. ) ;
#2167 = CARTESIAN_POINT ( 'NONE',  ( 2.166895197104522275, 13.81402832956864302, 58.86927304395864269 ) ) ;
#2168 = VECTOR ( 'NONE', #318, 1000.000000000000227 ) ;
#2169 = VECTOR ( 'NONE', #7523, 1000.000000000000000 ) ;
#2170 = FACE_BOUND ( 'NONE', #462, .T. ) ;
#2171 = VERTEX_POINT ( 'NONE', #6412 ) ;
#2172 = CARTESIAN_POINT ( 'NONE',  ( 0.2028533595349241991, 13.81402832956864302, 61.73533941269485581 ) ) ;
#2173 = DIRECTION ( 'NONE',  ( 6.250839858758867238E-16, -1.000000000000000000, -7.292516007464944339E-32 ) ) ;
#2174 = AXIS2_PLACEMENT_3D ( 'NONE', #3223, #8800, #4543 ) ;
#2175 = FACE_BOUND ( 'NONE', #6674, .T. ) ;
#2176 = DIRECTION ( 'NONE',  ( -0.000000000000000000, -0.000000000000000000, -1.000000000000000000 ) ) ;
#2177 = LINE ( 'NONE', #8339, #2521 ) ;
#2178 = EDGE_LOOP ( 'NONE', ( #2722, #7075, #4328, #835, #5284, #4824 ) ) ;
#2179 = LINE ( 'NONE', #1451, #6717 ) ;
#2180 = DIRECTION ( 'NONE',  ( 0.8660358321744171528, 5.413451298869251709E-16, 0.4999819370636952032 ) ) ;
#2181 = EDGE_LOOP ( 'NONE', ( #2471, #729, #552, #8594, #7992, #8354 ) ) ;
#2182 = ORIENTED_EDGE ( 'NONE', *, *, #7705, .T. ) ;
#2183 = DIRECTION ( 'NONE',  ( 0.000000000000000000, 0.000000000000000000, 1.000000000000000000 ) ) ;
#2184 = VERTEX_POINT ( 'NONE', #2954 ) ;
#2185 = VECTOR ( 'NONE', #3801, 1000.000000000000227 ) ;
#2186 = EDGE_CURVE ( 'NONE', #5410, #5753, #4190, .T. ) ;
#2187 = VECTOR ( 'NONE', #7920, 1000.000000000000000 ) ;
#2188 = EDGE_CURVE ( 'NONE', #2318, #7323, #1415, .T. ) ;
#2189 = VECTOR ( 'NONE', #575, 1000.000000000000000 ) ;
#2190 = DIRECTION ( 'NONE',  ( 2.085715669603027678E-05, 1.303747464151961922E-20, 0.9999999997824895459 ) ) ;
#2191 = VERTEX_POINT ( 'NONE', #2823 ) ;
#2192 = CARTESIAN_POINT ( 'NONE',  ( -2.761224603472260508, 13.81402832956864124, 62.86937583139560815 ) ) ;
#2193 = DIRECTION ( 'NONE',  ( 6.250839858758867238E-16, -1.000000000000000000, -7.292516007464944339E-32 ) ) ;
#2194 = DIRECTION ( 'NONE',  ( 1.000000000000000000, 1.629001437540167744E-16, -0.000000000000000000 ) ) ;
#2195 = ORIENTED_EDGE ( 'NONE', *, *, #1773, .F. ) ;
#2196 = CARTESIAN_POINT ( 'NONE',  ( -16.39812996423725977, 26.95203658269703695, 96.19034129655530307 ) ) ;
#2197 = EDGE_CURVE ( 'NONE', #5732, #7761, #8392, .T. ) ;
#2198 = AXIS2_PLACEMENT_3D ( 'NONE', #2538, #8836, #1860 ) ;
#2199 = EDGE_CURVE ( 'NONE', #2875, #5973, #2147, .T. ) ;
#2200 = CARTESIAN_POINT ( 'NONE',  ( -4.261242665973559163, 39.54446977037137145, 62.00338171353458705 ) ) ;
#2201 = CIRCLE ( 'NONE', #5685, 4.000000000000000888 ) ;
#2202 = CARTESIAN_POINT ( 'NONE',  ( 2.667127420048606368, 27.95203658269705471, 70.00323720917405979 ) ) ;
#2203 = LINE ( 'NONE', #7771, #2367 ) ;
#2204 = ORIENTED_EDGE ( 'NONE', *, *, #2885, .T. ) ;
#2205 = DIRECTION ( 'NONE',  ( -0.4999819370636950921, -3.166443754200919549E-16, 0.8660358321744171528 ) ) ;
#2206 = CARTESIAN_POINT ( 'NONE',  ( -0.3428076898993361876, 27.95203658269705116, 72.00329998829732858 ) ) ;
#2207 = LINE ( 'NONE', #6946, #1071 ) ;
#2208 = ORIENTED_EDGE ( 'NONE', *, *, #6027, .T. ) ;
#2209 = CARTESIAN_POINT ( 'NONE',  ( -9.784195482811799849, 26.05203658269704192, 85.39818524475184347 ) ) ;
#2210 = VERTEX_POINT ( 'NONE', #408 ) ;
#2211 = EDGE_CURVE ( 'NONE', #3814, #4012, #2447, .T. ) ;
#2212 = AXIS2_PLACEMENT_3D ( 'NONE', #2769, #3232, #6744 ) ;
#2213 = VECTOR ( 'NONE', #6243, 1000.000000000000114 ) ;
#2214 = CARTESIAN_POINT ( 'NONE',  ( 16.20266776861765834, -11.79118635532180903, 50.00000000000000000 ) ) ;
#2215 = VECTOR ( 'NONE', #7822, 1000.000000000000114 ) ;
#2216 = CARTESIAN_POINT ( 'NONE',  ( -12.39812996128689804, -8.048203228935721043, 94.62330639589909254 ) ) ;
#2217 = VECTOR ( 'NONE', #4962, 1000.000000000000114 ) ;
#2218 = DIRECTION ( 'NONE',  ( -8.331789900495953501E-05, -2.978240433053330775E-18, -0.9999999965290637949 ) ) ;
#2219 = ORIENTED_EDGE ( 'NONE', *, *, #822, .T. ) ;
#2220 = CARTESIAN_POINT ( 'NONE',  ( 15.71810980688031023, -8.048218084801835204, 97.19034129655530307 ) ) ;
#2221 = DIRECTION ( 'NONE',  ( 6.250839858758867238E-16, -1.000000000000000000, -7.292516007464944339E-32 ) ) ;
#2222 = VECTOR ( 'NONE', #4459, 1000.000000000000227 ) ;
#2223 = VECTOR ( 'NONE', #1712, 1000.000000000000114 ) ;
#2224 = LINE ( 'NONE', #5636, #7025 ) ;
#2225 = CARTESIAN_POINT ( 'NONE',  ( 10.74299131841077681, 23.95296590008068449, 79.73864887361423825 ) ) ;
#2226 = LINE ( 'NONE', #5729, #2813 ) ;
#2227 = ORIENTED_EDGE ( 'NONE', *, *, #5325, .T. ) ;
#2228 = LINE ( 'NONE', #7093, #8193 ) ;
#2229 = VECTOR ( 'NONE', #5912, 1000.000000000000114 ) ;
#2230 = AXIS2_PLACEMENT_3D ( 'NONE', #2709, #5481, #4191 ) ;
#2231 = VERTEX_POINT ( 'NONE', #7934 ) ;
#2232 = ORIENTED_EDGE ( 'NONE', *, *, #5353, .F. ) ;
#2233 = DIRECTION ( 'NONE',  ( -0.000000000000000000, -0.000000000000000000, -1.000000000000000000 ) ) ;
#2234 = ORIENTED_EDGE ( 'NONE', *, *, #5137, .F. ) ;
#2235 = EDGE_CURVE ( 'NONE', #8633, #8304, #1689, .T. ) ;
#2236 = VECTOR ( 'NONE', #1497, 1000.000000000000114 ) ;
#2237 = EDGE_CURVE ( 'NONE', #141, #3157, #3082, .T. ) ;
#2238 = CARTESIAN_POINT ( 'NONE',  ( 6.131103891492697855, 13.81402832956864657, 64.00316495916892734 ) ) ;
#2239 = ORIENTED_EDGE ( 'NONE', *, *, #8643, .F. ) ;
#2240 = LINE ( 'NONE', #4413, #8270 ) ;
#2241 = DIRECTION ( 'NONE',  ( -0.9999999997824894349, -6.250839857399242789E-16, 2.085715669603027339E-05 ) ) ;
#2242 = FACE_BOUND ( 'NONE', #4016, .T. ) ;
#2243 = EDGE_LOOP ( 'NONE', ( #5883, #5935, #5872, #3718 ) ) ;
#2244 = VERTEX_POINT ( 'NONE', #367 ) ;
#2245 = CARTESIAN_POINT ( 'NONE',  ( 11.71517252853230318, -10.79118635532181081, 44.35000000000000853 ) ) ;
#2246 = VECTOR ( 'NONE', #5693, 1000.000000000000000 ) ;
#2247 = EDGE_CURVE ( 'NONE', #6935, #1946, #278, .T. ) ;
#2248 = EDGE_CURVE ( 'NONE', #6630, #4574, #7233, .T. ) ;
#2249 = VECTOR ( 'NONE', #3453, 1000.000000000000000 ) ;
#2250 = PLANE ( 'NONE',  #3674 ) ;
#2251 = DIRECTION ( 'NONE',  ( -2.085715669966597936E-05, -2.938366865533646693E-18, -0.9999999997824894349 ) ) ;
#2252 = ADVANCED_FACE ( 'NONE', ( #953, #6537 ), #2490, .F. ) ;
#2253 = CARTESIAN_POINT ( 'NONE',  ( 6.131223445774580227, 27.95203658269705471, 69.73521576549100587 ) ) ;
#2254 = ORIENTED_EDGE ( 'NONE', *, *, #5194, .F. ) ;
#2255 = DIRECTION ( 'NONE',  ( 0.4999819370636951477, 0.000000000000000000, -0.8660358321744170418 ) ) ;
#2256 = PLANE ( 'NONE',  #3208 ) ;
#2257 = CARTESIAN_POINT ( 'NONE',  ( 16.71811116815540643, -10.79118635532180726, 97.19034129655530307 ) ) ;
#2258 = ORIENTED_EDGE ( 'NONE', *, *, #5570, .F. ) ;
#2259 = DIRECTION ( 'NONE',  ( -1.000000000000000000, 0.000000000000000000, -1.166244989663167914E-16 ) ) ;
#2260 = ORIENTED_EDGE ( 'NONE', *, *, #7225, .T. ) ;
#2261 = CIRCLE ( 'NONE', #1245, 1.550000000000000266 ) ;
#2262 = LINE ( 'NONE', #5166, #6436 ) ;
#2263 = LINE ( 'NONE', #5036, #2215 ) ;
#2264 = DIRECTION ( 'NONE',  ( -1.091152692702142892E-32, 1.339658354568195596E-16, -1.000000000000000000 ) ) ;
#2265 = FACE_BOUND ( 'NONE', #2148, .T. ) ;
#2266 = ORIENTED_EDGE ( 'NONE', *, *, #5144, .T. ) ;
#2267 = DIRECTION ( 'NONE',  ( 0.9999999997824894349, 0.000000000000000000, -2.085715669603027339E-05 ) ) ;
#2268 = DIRECTION ( 'NONE',  ( -0.000000000000000000, -1.000000000000000000, -0.000000000000000000 ) ) ;
#2269 = LINE ( 'NONE', #4302, #778 ) ;
#2270 = CARTESIAN_POINT ( 'NONE',  ( -4.260956254438070800, 39.54446977037137145, 75.73543251811656773 ) ) ;
#2271 = FACE_OUTER_BOUND ( 'NONE', #7294, .T. ) ;
#2272 = ORIENTED_EDGE ( 'NONE', *, *, #5467, .T. ) ;
#2273 = PLANE ( 'NONE',  #7898 ) ;
#2274 = CARTESIAN_POINT ( 'NONE',  ( -4.261159237346745066, 13.81402832956864124, 66.00338171266453458 ) ) ;
#2275 = ORIENTED_EDGE ( 'NONE', *, *, #4635, .F. ) ;
#2276 = VERTEX_POINT ( 'NONE', #7143 ) ;
#2277 = CARTESIAN_POINT ( 'NONE',  ( -0.7970993372758785611, 39.54446977037137856, 64.00330946178941360 ) ) ;
#2278 = ORIENTED_EDGE ( 'NONE', *, *, #6791, .T. ) ;
#2279 = EDGE_CURVE ( 'NONE', #6754, #1434, #5141, .T. ) ;
#2280 = DIRECTION ( 'NONE',  ( 6.250839858758867238E-16, -1.000000000000000000, -7.292516007464944339E-32 ) ) ;
#2281 = ORIENTED_EDGE ( 'NONE', *, *, #149, .F. ) ;
#2282 = DIRECTION ( 'NONE',  ( -1.000000000000000000, -0.000000000000000000, -0.000000000000000000 ) ) ;
#2283 = CARTESIAN_POINT ( 'NONE',  ( -1.297164702966367766, 27.95203658269705116, 60.86934529483382050 ) ) ;
#2284 = DIRECTION ( 'NONE',  ( 0.9999999999961017849, 6.383782208544878776E-16, 2.792186467997117298E-06 ) ) ;
#2285 = VERTEX_POINT ( 'NONE', #908 ) ;
#2286 = ORIENTED_EDGE ( 'NONE', *, *, #5173, .F. ) ;
#2287 = CARTESIAN_POINT ( 'NONE',  ( 0.2029840911334130915, 39.54446977037137856, 68.00328860376258433 ) ) ;
#2288 = EDGE_CURVE ( 'NONE', #4769, #2015, #2994, .T. ) ;
#2289 = VECTOR ( 'NONE', #7483, 1000.000000000000114 ) ;
#2290 = CIRCLE ( 'NONE', #2868, 1.550000000000000488 ) ;
#2291 = CARTESIAN_POINT ( 'NONE',  ( -17.39812996423723845, -1.106244252508755123E-14, 44.35000000000000853 ) ) ;
#2292 = LINE ( 'NONE', #5200, #444 ) ;
#2293 = DIRECTION ( 'NONE',  ( 0.000000000000000000, -1.000000000000000000, 2.925052111754154507E-18 ) ) ;
#2294 = ORIENTED_EDGE ( 'NONE', *, *, #1635, .T. ) ;
#2295 = DIRECTION ( 'NONE',  ( 0.000000000000000000, 1.000000000000000000, 0.000000000000000000 ) ) ;
#2296 = CARTESIAN_POINT ( 'NONE',  ( -6.725302566261946779, 39.54446977037137145, 64.00343310725305912 ) ) ;
#2297 = CARTESIAN_POINT ( 'NONE',  ( 6.958088829189673419, -8.047034099919313732, 97.19034129655527465 ) ) ;
#2298 = ORIENTED_EDGE ( 'NONE', *, *, #2746, .F. ) ;
#2299 = CARTESIAN_POINT ( 'NONE',  ( -0.3752417887738916935, -4.613701099919306436, 50.00000000000000000 ) ) ;
#2300 = ORIENTED_EDGE ( 'NONE', *, *, #2359, .F. ) ;
#2301 = EDGE_CURVE ( 'NONE', #8010, #8780, #6459, .T. ) ;
#2302 = ADVANCED_FACE ( 'NONE', ( #3127 ), #1643, .T. ) ;
#2303 = CARTESIAN_POINT ( 'NONE',  ( 3.624758211226112525, -6.340670791627871949, 3.650000000000000355 ) ) ;
#2304 = EDGE_CURVE ( 'NONE', #7217, #2688, #8654, .T. ) ;
#2305 = PLANE ( 'NONE',  #5258 ) ;
#2306 = LINE ( 'NONE', #5078, #1764 ) ;
#2307 = ORIENTED_EDGE ( 'NONE', *, *, #6361, .T. ) ;
#2308 = CARTESIAN_POINT ( 'NONE',  ( 7.131306874183865219, 39.54446977037137856, 73.73519490746429028 ) ) ;
#2309 = FACE_OUTER_BOUND ( 'NONE', #4150, .T. ) ;
#2310 = EDGE_CURVE ( 'NONE', #1959, #6497, #5222, .T. ) ;
#2311 = EDGE_CURVE ( 'NONE', #7297, #1191, #2366, .T. ) ;
#2312 = PLANE ( 'NONE',  #7012 ) ;
#2313 = CARTESIAN_POINT ( 'NONE',  ( -0.3428549928710364902, 27.95203658269705116, 69.73535079635954048 ) ) ;
#2314 = CARTESIAN_POINT ( 'NONE',  ( 0.7030855824790166464, 13.81402832956864302, 72.86930357791027291 ) ) ;
#2315 = ORIENTED_EDGE ( 'NONE', *, *, #3220, .T. ) ;
#2316 = DIRECTION ( 'NONE',  ( 0.000000000000000000, 1.000000000000000000, 0.000000000000000000 ) ) ;
#2317 = LINE ( 'NONE', #4618, #7159 ) ;
#2318 = VERTEX_POINT ( 'NONE', #6632 ) ;
#2319 = ORIENTED_EDGE ( 'NONE', *, *, #8096, .T. ) ;
#2320 = DIRECTION ( 'NONE',  ( -0.5000180627187938986, 0.000000000000000000, -0.8660149750177210670 ) ) ;
#2321 = ORIENTED_EDGE ( 'NONE', *, *, #5939, .F. ) ;
#2322 = ADVANCED_FACE ( 'NONE', ( #7883 ), #4407, .F. ) ;
#2323 = CARTESIAN_POINT ( 'NONE',  ( 2.667127420048614805, 13.81402832956864479, 70.00323720917405979 ) ) ;
#2324 = ORIENTED_EDGE ( 'NONE', *, *, #400, .T. ) ;
#2325 = DIRECTION ( 'NONE',  ( 2.085715669603027678E-05, 1.303747464151961922E-20, 0.9999999997824895459 ) ) ;
#2326 = LINE ( 'NONE', #6641, #5844 ) ;
#2327 = CARTESIAN_POINT ( 'NONE',  ( -17.39812996423723845, -10.79118635532182680, 97.19034129655527465 ) ) ;
#2328 = EDGE_LOOP ( 'NONE', ( #8168, #2641, #6045, #1413 ) ) ;
#2329 = ORIENTED_EDGE ( 'NONE', *, *, #6845, .T. ) ;
#2330 = CARTESIAN_POINT ( 'NONE',  ( 10.95809121122617924, 27.95203658269705826, 82.35127056713264437 ) ) ;
#2331 = ADVANCED_FACE ( 'NONE', ( #1088 ), #3853, .T. ) ;
#2332 = VECTOR ( 'NONE', #6089, 1000.000000000000000 ) ;
#2333 = VECTOR ( 'NONE', #8163, 1000.000000000000114 ) ;
#2334 = DIRECTION ( 'NONE',  ( 0.000000000000000000, 0.000000000000000000, 1.000000000000000000 ) ) ;
#2335 = DIRECTION ( 'NONE',  ( -0.4999819370636950921, -3.166443754200919549E-16, 0.8660358321744171528 ) ) ;
#2336 = CARTESIAN_POINT ( 'NONE',  ( 0.2027338052530344159, 13.81402832956864657, 56.00328860637277728 ) ) ;
#2337 = EDGE_LOOP ( 'NONE', ( #2518, #8108, #4250, #6100 ) ) ;
#2338 = CARTESIAN_POINT ( 'NONE',  ( -6.725183011980049308, 27.95203658269704761, 69.73548391357518028 ) ) ;
#2339 = DIRECTION ( 'NONE',  ( -0.8660149750177210670, -5.413320924122833812E-16, 0.5000180627187943427 ) ) ;
#2340 = AXIS2_PLACEMENT_3D ( 'NONE', #4911, #6696, #2140 ) ;
#2341 = CARTESIAN_POINT ( 'NONE',  ( -3.260956254655561271, 13.81402832956864124, 75.73541166095988331 ) ) ;
#2342 = ORIENTED_EDGE ( 'NONE', *, *, #8710, .F. ) ;
#2343 = CARTESIAN_POINT ( 'NONE',  ( -0.3428549928710364902, 27.95203658269705116, 69.73535079635951206 ) ) ;
#2344 = ORIENTED_EDGE ( 'NONE', *, *, #6280, .T. ) ;
#2345 = EDGE_CURVE ( 'NONE', #4132, #2184, #294, .T. ) ;
#2346 = CIRCLE ( 'NONE', #7433, 4.000000000000000888 ) ;
#2347 = DIRECTION ( 'NONE',  ( 6.250839858758867238E-16, -1.000000000000000000, -7.292516007464944339E-32 ) ) ;
#2348 = FACE_OUTER_BOUND ( 'NONE', #1089, .T. ) ;
#2349 = CARTESIAN_POINT ( 'NONE',  ( -17.39812996423725266, 26.95203658269703695, 43.35000000000000853 ) ) ;
#2350 = EDGE_CURVE ( 'NONE', #2191, #6508, #3036, .T. ) ;
#2351 = VECTOR ( 'NONE', #6378, 1000.000000000000000 ) ;
#2352 = VERTEX_POINT ( 'NONE', #6865 ) ;
#2353 = LINE ( 'NONE', #2308, #2187 ) ;
#2354 = EDGE_CURVE ( 'NONE', #7695, #6798, #7365, .T. ) ;
#2355 = VECTOR ( 'NONE', #7471, 1000.000000000000114 ) ;
#2356 = EDGE_CURVE ( 'NONE', #266, #1431, #3996, .T. ) ;
#2357 = LINE ( 'NONE', #1814, #2649 ) ;
#2358 = CARTESIAN_POINT ( 'NONE',  ( 3.620818644216918791, 2.208813644678184751, 109.3221854111122013 ) ) ;
#2359 = EDGE_CURVE ( 'NONE', #350, #4571, #638, .T. ) ;
#2360 = EDGE_CURVE ( 'NONE', #4088, #990, #1821, .T. ) ;
#2361 = ORIENTED_EDGE ( 'NONE', *, *, #6148, .F. ) ;
#2362 = DIRECTION ( 'NONE',  ( -2.085715669636334030E-05, -1.303747464172781074E-20, -0.9999999997824895459 ) ) ;
#2363 = LINE ( 'NONE', #7094, #4398 ) ;
#2364 = ORIENTED_EDGE ( 'NONE', *, *, #2345, .F. ) ;
#2365 = ORIENTED_EDGE ( 'NONE', *, *, #465, .T. ) ;
#2366 = LINE ( 'NONE', #1037, #5948 ) ;
#2367 = VECTOR ( 'NONE', #4149, 1000.000000000000227 ) ;
#2368 = ORIENTED_EDGE ( 'NONE', *, *, #1915, .F. ) ;
#2369 = AXIS2_PLACEMENT_3D ( 'NONE', #215, #8502, #3113 ) ;
#2370 = VECTOR ( 'NONE', #8670, 1000.000000000000227 ) ;
#2371 = CARTESIAN_POINT ( 'NONE',  ( -3.261326094817864174, 39.54446977037137145, 58.00336085724795510 ) ) ;
#2372 = ORIENTED_EDGE ( 'NONE', *, *, #8629, .F. ) ;
#2373 = CARTESIAN_POINT ( 'NONE',  ( -4.760974317156844826, 13.81402832956863946, 74.86941754309884800 ) ) ;
#2374 = DIRECTION ( 'NONE',  ( 6.250839858758867238E-16, -1.000000000000000000, -7.292516007464944339E-32 ) ) ;
#2375 = CARTESIAN_POINT ( 'NONE',  ( -16.39812996423723490, -10.79118635532182680, 96.19034129655530307 ) ) ;
#2376 = EDGE_LOOP ( 'NONE', ( #4725, #1665, #7498, #5769 ) ) ;
#2377 = ORIENTED_EDGE ( 'NONE', *, *, #8768, .T. ) ;
#2378 = DIRECTION ( 'NONE',  ( -0.006013943137674153221, 0.9999819160804543916, -7.013731052431002560E-19 ) ) ;
#2379 = VECTOR ( 'NONE', #8497, 1000.000000000000114 ) ;
#2380 = DIRECTION ( 'NONE',  ( 8.331789900495953501E-05, 0.000000000000000000, 0.9999999965290637949 ) ) ;
#2381 = FACE_BOUND ( 'NONE', #5305, .T. ) ;
#2382 = CARTESIAN_POINT ( 'NONE',  ( -2.761141174845455737, 27.95203658269704761, 66.86937583052555567 ) ) ;
#2383 = ORIENTED_EDGE ( 'NONE', *, *, #7808, .F. ) ;
#2384 = PLANE ( 'NONE',  #8820 ) ;
#2385 = VECTOR ( 'NONE', #6752, 1000.000000000000114 ) ;
#2386 = LINE ( 'NONE', #1791, #7000 ) ;
#2387 = DIRECTION ( 'NONE',  ( -0.8660149750177210670, -5.413320924122833812E-16, 0.5000180627187943427 ) ) ;
#2388 = ORIENTED_EDGE ( 'NONE', *, *, #8044, .T. ) ;
#2389 = VERTEX_POINT ( 'NONE', #5409 ) ;
#2390 = EDGE_CURVE ( 'NONE', #7366, #2565, #4680, .T. ) ;
#2391 = VECTOR ( 'NONE', #8894, 1000.000000000000000 ) ;
#2392 = DIRECTION ( 'NONE',  ( 1.000000000000000000, 9.683386037462318795E-09, 0.000000000000000000 ) ) ;
#2393 = EDGE_CURVE ( 'NONE', #4608, #8424, #3355, .T. ) ;
#2394 = FACE_OUTER_BOUND ( 'NONE', #7991, .T. ) ;
#2395 = LINE ( 'NONE', #3116, #4970 ) ;
#2396 = ADVANCED_FACE ( 'NONE', ( #5998 ), #4770, .T. ) ;
#2397 = ORIENTED_EDGE ( 'NONE', *, *, #6372, .F. ) ;
#2398 = FACE_OUTER_BOUND ( 'NONE', #6230, .T. ) ;
#2399 = DIRECTION ( 'NONE',  ( 0.000000000000000000, 1.000000000000000000, 1.339658354568195596E-16 ) ) ;
#2400 = EDGE_CURVE ( 'NONE', #8565, #2875, #2542, .T. ) ;
#2401 = DIRECTION ( 'NONE',  ( -0.5000180627187938986, -3.217337761224690623E-16, -0.8660149750177210670 ) ) ;
#2402 = CARTESIAN_POINT ( 'NONE',  ( 16.24009601878854525, 24.01002137493218669, 97.08256839502081448 ) ) ;
#2403 = FACE_OUTER_BOUND ( 'NONE', #2995, .T. ) ;
#2404 = LINE ( 'NONE', #1590, #8344 ) ;
#2405 = DIRECTION ( 'NONE',  ( 0.8660149750177211780, 5.413320924122835784E-16, -0.5000180627187940097 ) ) ;
#2406 = ORIENTED_EDGE ( 'NONE', *, *, #2677, .F. ) ;
#2407 = ORIENTED_EDGE ( 'NONE', *, *, #8914, .T. ) ;
#2408 = CARTESIAN_POINT ( 'NONE',  ( -0.3752417887738929148, 2.386298900080694452, 0.000000000000000000 ) ) ;
#2409 = EDGE_LOOP ( 'NONE', ( #5540, #2417, #5814, #6443 ) ) ;
#2410 = EDGE_LOOP ( 'NONE', ( #5730, #1709, #2824, #7839, #6410, #6453, #4815, #5772, #3303, #5351, #288, #8151, #8202, #7216, #233, #7473, #3133, #3661, #3829, #3628 ) ) ;
#2411 = VECTOR ( 'NONE', #1994, 1000.000000000000114 ) ;
#2412 = CARTESIAN_POINT ( 'NONE',  ( 8.858091211226215123, -8.047034099919311956, 86.10127056713264437 ) ) ;
#2413 = ORIENTED_EDGE ( 'NONE', *, *, #3293, .T. ) ;
#2414 = CARTESIAN_POINT ( 'NONE',  ( 10.93544329375152557, -8.047034099919306627, 79.84962713355503183 ) ) ;
#2415 = CARTESIAN_POINT ( 'NONE',  ( -8.225201074481331531, 27.95203658269704405, 68.86948979571414498 ) ) ;
#2416 = PLANE ( 'NONE',  #6894 ) ;
#2417 = ORIENTED_EDGE ( 'NONE', *, *, #2967, .T. ) ;
#2418 = ORIENTED_EDGE ( 'NONE', *, *, #3578, .F. ) ;
#2419 = DIRECTION ( 'NONE',  ( 1.000000000000000000, 6.383782126896855077E-16, 0.000000000000000000 ) ) ;
#2420 = CARTESIAN_POINT ( 'NONE',  ( 2.666996688450109954, 13.81402832956864479, 63.73528801810629574 ) ) ;
#2421 = DIRECTION ( 'NONE',  ( 0.000000000000000000, 0.000000000000000000, 1.000000000000000000 ) ) ;
#2422 = CIRCLE ( 'NONE', #1121, 1.550000000000000933 ) ;
#2423 = LINE ( 'NONE', #3144, #482 ) ;
#2424 = VERTEX_POINT ( 'NONE', #8245 ) ;
#2425 = DIRECTION ( 'NONE',  ( 0.9999999997824894349, 0.000000000000000000, -2.085715669603027339E-05 ) ) ;
#2426 = DIRECTION ( 'NONE',  ( -0.5000180627187938986, 0.000000000000000000, -0.8660149750177210670 ) ) ;
#2427 = LINE ( 'NONE', #1708, #1667 ) ;
#2428 = EDGE_LOOP ( 'NONE', ( #5797, #317 ) ) ;
#2429 = ORIENTED_EDGE ( 'NONE', *, *, #6191, .T. ) ;
#2430 = FACE_OUTER_BOUND ( 'NONE', #532, .T. ) ;
#2431 = ORIENTED_EDGE ( 'NONE', *, *, #4092, .T. ) ;
#2432 = EDGE_CURVE ( 'NONE', #8445, #8417, #2723, .T. ) ;
#2433 = DIRECTION ( 'NONE',  ( 5.755241451737143451E-16, -1.000000000000000000, 6.712021091176322394E-32 ) ) ;
#2434 = DIRECTION ( 'NONE',  ( -0.000000000000000000, -0.000000000000000000, -1.000000000000000000 ) ) ;
#2435 = EDGE_LOOP ( 'NONE', ( #7777, #5494, #4305, #7013 ) ) ;
#2436 = ORIENTED_EDGE ( 'NONE', *, *, #2350, .T. ) ;
#2437 = DIRECTION ( 'NONE',  ( 0.5000180627187942317, 3.217337761224692595E-16, 0.8660149750177208450 ) ) ;
#2438 = EDGE_LOOP ( 'NONE', ( #5604, #1961, #4080, #4046 ) ) ;
#2439 = DIRECTION ( 'NONE',  ( 6.250839858758867238E-16, -1.000000000000000000, -7.292516007464944339E-32 ) ) ;
#2440 = EDGE_CURVE ( 'NONE', #5868, #5487, #8203, .T. ) ;
#2441 = CARTESIAN_POINT ( 'NONE',  ( -9.784195482811799849, 26.05203658269704192, 85.39818524475565198 ) ) ;
#2442 = CARTESIAN_POINT ( 'NONE',  ( 3.666877133950713130, 13.81402832956864479, 58.00321635462751857 ) ) ;
#2443 = CARTESIAN_POINT ( 'NONE',  ( 15.71818173700939525, -10.81282821689433149, 79.85921910288182346 ) ) ;
#2444 = CARTESIAN_POINT ( 'NONE',  ( 7.630955096740383858, 13.81402832956864657, 56.86915907877006759 ) ) ;
#2445 = VERTEX_POINT ( 'NONE', #3401 ) ;
#2446 = ORIENTED_EDGE ( 'NONE', *, *, #7198, .T. ) ;
#2447 = LINE ( 'NONE', #3168, #734 ) ;
#2448 = VERTEX_POINT ( 'NONE', #5367 ) ;
#2449 = EDGE_LOOP ( 'NONE', ( #330, #2804, #7749, #4649 ) ) ;
#2450 = DIRECTION ( 'NONE',  ( -1.000000000000000000, 0.000000000000000000, 0.000000000000000000 ) ) ;
#2451 = VERTEX_POINT ( 'NONE', #7408 ) ;
#2452 = DIRECTION ( 'NONE',  ( -0.9999999997824894349, 0.000000000000000000, 2.085715669636333691E-05 ) ) ;
#2453 = CARTESIAN_POINT ( 'NONE',  ( -1.297081274339574986, 39.54446977037137145, 64.86934529396381777 ) ) ;
#2454 = DIRECTION ( 'NONE',  ( 0.4999819370636950921, 3.125307020857212586E-16, -0.8660358321744171528 ) ) ;
#2455 = VERTEX_POINT ( 'NONE', #2683 ) ;
#2456 = ORIENTED_EDGE ( 'NONE', *, *, #4539, .T. ) ;
#2457 = DIRECTION ( 'NONE',  ( -0.8660149750177210670, -5.413320924122833812E-16, 0.5000180627187943427 ) ) ;
#2458 = EDGE_CURVE ( 'NONE', #2114, #282, #3895, .T. ) ;
#2459 = EDGE_CURVE ( 'NONE', #1946, #1973, #6676, .T. ) ;
#2460 = LINE ( 'NONE', #5964, #7622 ) ;
#2461 = DIRECTION ( 'NONE',  ( 1.000000000000000000, 0.000000000000000000, 0.000000000000000000 ) ) ;
#2462 = CARTESIAN_POINT ( 'NONE',  ( -2.761224603472254291, 27.95203658269705116, 62.86937583139562236 ) ) ;
#2463 = EDGE_LOOP ( 'NONE', ( #8431, #3295, #3918, #8600, #7056, #4518 ) ) ;
#2464 = DIRECTION ( 'NONE',  ( -0.4999819370636950921, 0.000000000000000000, 0.8660358321744171528 ) ) ;
#2465 = CARTESIAN_POINT ( 'NONE',  ( 16.71818173700939525, -11.05605560694973555, 9.725875095459132424 ) ) ;
#2466 = ADVANCED_FACE ( 'NONE', ( #8152 ), #1960, .T. ) ;
#2467 = CARTESIAN_POINT ( 'NONE',  ( -4.761391460290846034, 27.95203658269705116, 54.86941754744913169 ) ) ;
#2468 = ORIENTED_EDGE ( 'NONE', *, *, #8543, .T. ) ;
#2469 = EDGE_LOOP ( 'NONE', ( #1798, #8221 ) ) ;
#2470 = DIRECTION ( 'NONE',  ( 5.755241451737143451E-16, -1.000000000000000000, 6.712021091176322394E-32 ) ) ;
#2471 = ORIENTED_EDGE ( 'NONE', *, *, #185, .F. ) ;
#2472 = AXIS2_PLACEMENT_3D ( 'NONE', #6628, #6531, #267 ) ;
#2473 = DIRECTION ( 'NONE',  ( 6.250839858758867238E-16, -1.000000000000000000, -7.292516007464944339E-32 ) ) ;
#2474 = VECTOR ( 'NONE', #5541, 1000.000000000000114 ) ;
#2475 = CARTESIAN_POINT ( 'NONE',  ( 8.858091211226216899, -11.79118635532181258, 86.10127056713264437 ) ) ;
#2476 = VERTEX_POINT ( 'NONE', #6727 ) ;
#2477 = ORIENTED_EDGE ( 'NONE', *, *, #4456, .T. ) ;
#2478 = CARTESIAN_POINT ( 'NONE',  ( -9.784195483035835750, 23.95296590008067028, 97.19034129655527465 ) ) ;
#2479 = LINE ( 'NONE', #3201, #7317 ) ;
#2480 = EDGE_CURVE ( 'NONE', #8424, #8944, #3266, .T. ) ;
#2481 = ORIENTED_EDGE ( 'NONE', *, *, #3452, .F. ) ;
#2482 = DIRECTION ( 'NONE',  ( -6.379699141315096079E-16, 0.9999939862973237226, -0.003468049767204244536 ) ) ;
#2483 = VECTOR ( 'NONE', #4400, 1000.000000000000114 ) ;
#2484 = DIRECTION ( 'NONE',  ( 0.8660358321744171528, 5.413451298869251709E-16, 0.4999819370636952032 ) ) ;
#2485 = CARTESIAN_POINT ( 'NONE',  ( 6.625764905806940774, 2.386298900080696672, 50.00000000000000000 ) ) ;
#2486 = VECTOR ( 'NONE', #3882, 1000.000000000000114 ) ;
#2487 = CARTESIAN_POINT ( 'NONE',  ( 6.130973159894177016, 39.54446977037137856, 57.73521576810117750 ) ) ;
#2488 = ORIENTED_EDGE ( 'NONE', *, *, #149, .T. ) ;
#2489 = ORIENTED_EDGE ( 'NONE', *, *, #3611, .F. ) ;
#2490 = PLANE ( 'NONE',  #4932 ) ;
#2491 = EDGE_LOOP ( 'NONE', ( #7791, #8994, #145, #5224 ) ) ;
#2492 = ORIENTED_EDGE ( 'NONE', *, *, #5117, .F. ) ;
#2493 = AXIS2_PLACEMENT_3D ( 'NONE', #5404, #1903, #6133 ) ;
#2494 = AXIS2_PLACEMENT_3D ( 'NONE', #4833, #6796, #5341 ) ;
#2495 = EDGE_CURVE ( 'NONE', #409, #8839, #1460, .T. ) ;
#2496 = DIRECTION ( 'NONE',  ( -0.4999819370636952032, -3.125307020857213572E-16, 0.8660358321744170418 ) ) ;
#2497 = EDGE_LOOP ( 'NONE', ( #2165, #1855, #4443, #6397 ) ) ;
#2498 = DIRECTION ( 'NONE',  ( 0.4999819370636951477, 3.166443754200919549E-16, -0.8660358321744170418 ) ) ;
#2499 = LINE ( 'NONE', #5282, #8614 ) ;
#2500 = VECTOR ( 'NONE', #6163, 1000.000000000000114 ) ;
#2501 = EDGE_CURVE ( 'NONE', #5411, #1767, #6046, .T. ) ;
#2502 = VECTOR ( 'NONE', #4590, 1000.000000000000114 ) ;
#2503 = DIRECTION ( 'NONE',  ( 6.250839858758867238E-16, -1.000000000000000000, -7.292516007464944339E-32 ) ) ;
#2504 = ORIENTED_EDGE ( 'NONE', *, *, #2979, .F. ) ;
#2505 = ORIENTED_EDGE ( 'NONE', *, *, #5890, .F. ) ;
#2506 = CARTESIAN_POINT ( 'NONE',  ( 3.666877133950711354, 13.81402832956864657, 58.00321635462751857 ) ) ;
#2507 = VECTOR ( 'NONE', #6519, 1000.000000000000000 ) ;
#2508 = VECTOR ( 'NONE', #955, 1000.000000000000114 ) ;
#2509 = ADVANCED_FACE ( 'NONE', ( #7459 ), #6140, .T. ) ;
#2510 = VECTOR ( 'NONE', #7929, 1000.000000000000000 ) ;
#2511 = DIRECTION ( 'NONE',  ( 6.250839858758867238E-16, -1.000000000000000000, -7.292516007464944339E-32 ) ) ;
#2512 = CARTESIAN_POINT ( 'NONE',  ( -1.297164702966358885, 13.81402832956864124, 60.86934529483382050 ) ) ;
#2513 = DIRECTION ( 'NONE',  ( -1.000000000000000000, 0.000000000000000000, 0.000000000000000000 ) ) ;
#2514 = VERTEX_POINT ( 'NONE', #6998 ) ;
#2515 = DIRECTION ( 'NONE',  ( -0.5000180627187942317, -3.125532836542028723E-16, -0.8660149750177209560 ) ) ;
#2516 = PLANE ( 'NONE',  #6707 ) ;
#2517 = CARTESIAN_POINT ( 'NONE',  ( 0.2028533595349081287, 39.54446977037137856, 61.73533941269485581 ) ) ;
#2518 = ORIENTED_EDGE ( 'NONE', *, *, #3172, .T. ) ;
#2519 = ORIENTED_EDGE ( 'NONE', *, *, #6455, .T. ) ;
#2520 =( NAMED_UNIT ( * ) PLANE_ANGLE_UNIT ( ) SI_UNIT ( $, .RADIAN. ) );
#2521 = VECTOR ( 'NONE', #4169, 1000.000000000000000 ) ;
#2522 = VECTOR ( 'NONE', #4500, 1000.000000000000114 ) ;
#2523 = ADVANCED_FACE ( 'NONE', ( #4865 ), #4300, .T. ) ;
#2524 = ORIENTED_EDGE ( 'NONE', *, *, #1334, .T. ) ;
#2525 = VECTOR ( 'NONE', #5232, 1000.000000000000114 ) ;
#2526 = CARTESIAN_POINT ( 'NONE',  ( 12.71617560430866867, -10.80024225936581139, 43.35004099382614129 ) ) ;
#2527 = DIRECTION ( 'NONE',  ( 0.000000000000000000, 0.9999939862973237226, -0.003468049767204129177 ) ) ;
#2528 = ORIENTED_EDGE ( 'NONE', *, *, #2088, .T. ) ;
#2529 = EDGE_LOOP ( 'NONE', ( #5614, #113, #406, #4921, #4167, #5299, #8698, #7388, #4309, #8014, #6864 ) ) ;
#2530 = LINE ( 'NONE', #8093, #6414 ) ;
#2531 = CARTESIAN_POINT ( 'NONE',  ( 2.166895197104506732, 39.54446977037137145, 58.86927304395864269 ) ) ;
#2532 = ORIENTED_EDGE ( 'NONE', *, *, #6816, .F. ) ;
#2533 = ORIENTED_EDGE ( 'NONE', *, *, #3304, .T. ) ;
#2534 = VECTOR ( 'NONE', #8538, 1000.000000000000000 ) ;
#2535 = LINE ( 'NONE', #6668, #3843 ) ;
#2536 = CARTESIAN_POINT ( 'NONE',  ( 15.72430722669642122, -10.80068242845397464, 43.35004508871801221 ) ) ;
#2537 = AXIS2_PLACEMENT_3D ( 'NONE', #4908, #2268, #1539 ) ;
#2538 = CARTESIAN_POINT ( 'NONE',  ( 16.71818173700939525, -12.05604959324705838, 9.729343145226332368 ) ) ;
#2539 = DIRECTION ( 'NONE',  ( 5.755241451737143451E-16, -1.000000000000000000, 6.712021091176322394E-32 ) ) ;
#2540 = EDGE_LOOP ( 'NONE', ( #7772, #7760, #7509, #7053 ) ) ;
#2541 = ORIENTED_EDGE ( 'NONE', *, *, #4456, .F. ) ;
#2542 = LINE ( 'NONE', #543, #6682 ) ;
#2543 = EDGE_LOOP ( 'NONE', ( #6563, #2142, #3045, #7155 ) ) ;
#2544 = ORIENTED_EDGE ( 'NONE', *, *, #6759, .F. ) ;
#2545 = VECTOR ( 'NONE', #1028, 1000.000000000000114 ) ;
#2546 = CIRCLE ( 'NONE', #8240, 1.000000000000000888 ) ;
#2547 = PLANE ( 'NONE',  #1501 ) ;
#2548 = ORIENTED_EDGE ( 'NONE', *, *, #8756, .F. ) ;
#2549 = LINE ( 'NONE', #7240, #8728 ) ;
#2550 = DIRECTION ( 'NONE',  ( -1.317038076657560007E-16, -0.9999939862973237226, 0.003468049767204185990 ) ) ;
#2551 = PLANE ( 'NONE',  #3550 ) ;
#2552 = ORIENTED_EDGE ( 'NONE', *, *, #5426, .T. ) ;
#2553 = ORIENTED_EDGE ( 'NONE', *, *, #7995, .F. ) ;
#2554 = PLANE ( 'NONE',  #1453 ) ;
#2555 = EDGE_CURVE ( 'NONE', #6389, #1851, #4207, .T. ) ;
#2556 = EDGE_CURVE ( 'NONE', #4231, #6101, #1357, .T. ) ;
#2557 = FACE_BOUND ( 'NONE', #6088, .T. ) ;
#2558 = PLANE ( 'NONE',  #2340 ) ;
#2559 = CARTESIAN_POINT ( 'NONE',  ( -0.3752417887738916935, -4.613701099919306436, 50.00000000000000000 ) ) ;
#2560 = VERTEX_POINT ( 'NONE', #5001 ) ;
#2561 = CARTESIAN_POINT ( 'NONE',  ( 2.666793705541404158, 39.54446977037137856, 54.00323721265430521 ) ) ;
#2562 = CARTESIAN_POINT ( 'NONE',  ( -6.341908788773777950, -8.047034099919322614, 97.19034129655527465 ) ) ;
#2563 = DIRECTION ( 'NONE',  ( 0.8660358321744171528, 5.413451298869251709E-16, 0.4999819370636952032 ) ) ;
#2564 = VERTEX_POINT ( 'NONE', #1538 ) ;
#2565 = VERTEX_POINT ( 'NONE', #7652 ) ;
#2566 = FACE_OUTER_BOUND ( 'NONE', #6925, .T. ) ;
#2567 = EDGE_CURVE ( 'NONE', #8256, #2748, #8458, .T. ) ;
#2568 = ORIENTED_EDGE ( 'NONE', *, *, #5042, .F. ) ;
#2569 = FACE_OUTER_BOUND ( 'NONE', #7022, .T. ) ;
#2570 = FACE_OUTER_BOUND ( 'NONE', #168, .T. ) ;
#2571 = VERTEX_POINT ( 'NONE', #37 ) ;
#2572 = VERTEX_POINT ( 'NONE', #2852 ) ;
#2573 = CARTESIAN_POINT ( 'NONE',  ( -6.225367932169940666, 27.95203658269704405, 60.86944808314086686 ) ) ;
#2574 = DIRECTION ( 'NONE',  ( 6.250839858758867238E-16, -1.000000000000000000, -7.292516007464944339E-32 ) ) ;
#2575 = EDGE_LOOP ( 'NONE', ( #707, #4001, #6358, #430 ) ) ;
#2576 = EDGE_CURVE ( 'NONE', #6025, #2715, #8378, .T. ) ;
#2577 = CARTESIAN_POINT ( 'NONE',  ( -0.3427659755859441271, 27.95203658269705116, 74.00329998786232011 ) ) ;
#2578 = ORIENTED_EDGE ( 'NONE', *, *, #8015, .F. ) ;
#2579 = EDGE_CURVE ( 'NONE', #2455, #8683, #811, .T. ) ;
#2580 = ADVANCED_FACE ( 'NONE', ( #3484, #7045, #4907, #1442, #768, #7085 ), #2812, .F. ) ;
#2581 = FACE_OUTER_BOUND ( 'NONE', #1741, .T. ) ;
#2582 = DIRECTION ( 'NONE',  ( 1.000000000000000000, 0.000000000000000000, 0.000000000000000000 ) ) ;
#2583 = CARTESIAN_POINT ( 'NONE',  ( -15.88055656575122043, 27.95203658269704050, 106.1304602077303940 ) ) ;
#2584 = EDGE_CURVE ( 'NONE', #1851, #3402, #5633, .T. ) ;
#2585 = LINE ( 'NONE', #8107, #3231 ) ;
#2586 = ORIENTED_EDGE ( 'NONE', *, *, #5738, .F. ) ;
#2587 = DIRECTION ( 'NONE',  ( 0.9999999997824894349, 6.250839857399241803E-16, -2.085715669636334030E-05 ) ) ;
#2588 = ORIENTED_EDGE ( 'NONE', *, *, #3386, .T. ) ;
#2589 = LINE ( 'NONE', #5369, #659 ) ;
#2590 = ORIENTED_EDGE ( 'NONE', *, *, #3464, .T. ) ;
#2591 = EDGE_CURVE ( 'NONE', #819, #1953, #169, .T. ) ;
#2592 = DIRECTION ( 'NONE',  ( 0.000000000000000000, 1.000000000000000000, 0.000000000000000000 ) ) ;
#2593 = VERTEX_POINT ( 'NONE', #8418 ) ;
#2594 = LINE ( 'NONE', #1317, #1897 ) ;
#2595 = CARTESIAN_POINT ( 'NONE',  ( -23.04089682499412106, 27.95203658269703695, 101.9966349549544589 ) ) ;
#2596 = CARTESIAN_POINT ( 'NONE',  ( 0.2027699309081255341, 13.81402832956864302, 57.73533941356493671 ) ) ;
#2597 = VERTEX_POINT ( 'NONE', #6913 ) ;
#2598 = ORIENTED_EDGE ( 'NONE', *, *, #6974, .F. ) ;
#2599 = EDGE_CURVE ( 'NONE', #4294, #5410, #4953, .T. ) ;
#2600 = DIRECTION ( 'NONE',  ( -0.4999819370636952032, -3.125307020857213572E-16, 0.8660358321744170418 ) ) ;
#2601 = DIRECTION ( 'NONE',  ( 0.5000180627187940097, 3.125532836542028723E-16, 0.8660149750177211780 ) ) ;
#2602 = CARTESIAN_POINT ( 'NONE',  ( 10.71832043613284213, 27.95203658269705826, 50.00000000000000000 ) ) ;
#2603 = ORIENTED_EDGE ( 'NONE', *, *, #351, .F. ) ;
#2604 = LINE ( 'NONE', #8813, #8992 ) ;
#2605 = CARTESIAN_POINT ( 'NONE',  ( 20.69331461280227913, 27.95203658269706537, 102.9559936867903218 ) ) ;
#2606 = CARTESIAN_POINT ( 'NONE',  ( -3.261123111909158379, 13.81402832956864124, 67.73541166269998826 ) ) ;
#2607 = ORIENTED_EDGE ( 'NONE', *, *, #2018, .T. ) ;
#2608 = ORIENTED_EDGE ( 'NONE', *, *, #4586, .T. ) ;
#2609 = FACE_OUTER_BOUND ( 'NONE', #70, .T. ) ;
#2610 = ORIENTED_EDGE ( 'NONE', *, *, #632, .F. ) ;
#2611 = EDGE_CURVE ( 'NONE', #7919, #3041, #1491, .T. ) ;
#2612 = CARTESIAN_POINT ( 'NONE',  ( -0.3429328328395124248, 27.95203658269705116, 66.00329998960238242 ) ) ;
#2613 = CARTESIAN_POINT ( 'NONE',  ( 11.76816763782071540, 23.95296590008068804, 79.73864887361423825 ) ) ;
#2614 = ORIENTED_EDGE ( 'NONE', *, *, #198, .F. ) ;
#2615 = ORIENTED_EDGE ( 'NONE', *, *, #512, .F. ) ;
#2616 = DIRECTION ( 'NONE',  ( 6.250839858758867238E-16, -1.000000000000000000, -7.292516007464944339E-32 ) ) ;
#2617 = VECTOR ( 'NONE', #6371, 1000.000000000000114 ) ;
#2618 = CARTESIAN_POINT ( 'NONE',  ( 16.71818173700939170, -11.91638811123407038, 50.00000000000000000 ) ) ;
#2619 = ORIENTED_EDGE ( 'NONE', *, *, #134, .F. ) ;
#2620 = CARTESIAN_POINT ( 'NONE',  ( 0.7030021538522179814, 13.81402832956864302, 68.86930357878031828 ) ) ;
#2621 = EDGE_CURVE ( 'NONE', #2244, #2565, #8286, .T. ) ;
#2622 = EDGE_CURVE ( 'NONE', #8944, #8782, #4814, .T. ) ;
#2623 = AXIS2_PLACEMENT_3D ( 'NONE', #3134, #5230, #7329 ) ;
#2624 = VERTEX_POINT ( 'NONE', #719 ) ;
#2625 = VECTOR ( 'NONE', #2762, 1000.000000000000227 ) ;
#2626 = AXIS2_PLACEMENT_3D ( 'NONE', #4033, #3576, #1489 ) ;
#2627 = DIRECTION ( 'NONE',  ( -6.383782126896854090E-16, 1.000000000000000000, -2.925052111754154507E-18 ) ) ;
#2628 = LINE ( 'NONE', #6185, #750 ) ;
#2629 = EDGE_CURVE ( 'NONE', #8232, #3650, #8333, .T. ) ;
#2630 = CARTESIAN_POINT ( 'NONE',  ( 6.958088829189674307, -9.447034099919312311, 97.19034129655530307 ) ) ;
#2631 = VERTEX_POINT ( 'NONE', #4163 ) ;
#2632 = CARTESIAN_POINT ( 'NONE',  ( -0.3431414044064727276, 27.95203658269705116, 56.00329999177758111 ) ) ;
#2633 = EDGE_LOOP ( 'NONE', ( #875, #4406, #176, #8666, #5688, #7253 ) ) ;
#2634 = ORIENTED_EDGE ( 'NONE', *, *, #2085, .T. ) ;
#2635 = EDGE_CURVE ( 'NONE', #4084, #5694, #4433, .T. ) ;
#2636 = ADVANCED_FACE ( 'NONE', ( #4394 ), #6444, .T. ) ;
#2637 = ADVANCED_FACE ( 'NONE', ( #7869 ), #3712, .T. ) ;
#2638 = AXIS2_PLACEMENT_3D ( 'NONE', #5719, #2264, #5037 ) ;
#2639 = EDGE_CURVE ( 'NONE', #6545, #3906, #5040, .T. ) ;
#2640 = CARTESIAN_POINT ( 'NONE',  ( -3.260992380310652639, 13.81402832956864302, 74.00336085376773099 ) ) ;
#2641 = ORIENTED_EDGE ( 'NONE', *, *, #943, .F. ) ;
#2642 = CARTESIAN_POINT ( 'NONE',  ( 11.71439088440057219, -8.047034099919315508, 94.62330639589909254 ) ) ;
#2643 = CARTESIAN_POINT ( 'NONE',  ( 20.46126659961312910, 27.95203658269706537, 103.0899731228967227 ) ) ;
#2644 = DIRECTION ( 'NONE',  ( -1.433392254052754664E-07, 2.924960607115602298E-18, 0.9999999999999897859 ) ) ;
#2645 = ORIENTED_EDGE ( 'NONE', *, *, #7035, .T. ) ;
#2646 = ORIENTED_EDGE ( 'NONE', *, *, #7980, .F. ) ;
#2647 = CARTESIAN_POINT ( 'NONE',  ( 11.76816763782072961, 13.81402832956865190, 50.00000000000000000 ) ) ;
#2648 = AXIS2_PLACEMENT_3D ( 'NONE', #252, #3013, #2426 ) ;
#2649 = VECTOR ( 'NONE', #4578, 1000.000000000000000 ) ;
#2650 = AXIS2_PLACEMENT_3D ( 'NONE', #7052, #133, #8388 ) ;
#2651 = LINE ( 'NONE', #8760, #7424 ) ;
#2652 = CARTESIAN_POINT ( 'NONE',  ( -0.3430579757796885509, 27.95203658269705116, 60.00329999090750022 ) ) ;
#2653 = ORIENTED_EDGE ( 'NONE', *, *, #3810, .T. ) ;
#2654 = CARTESIAN_POINT ( 'NONE',  ( 7.630955096740384747, 27.95203658269705826, 56.86915907877006759 ) ) ;
#2655 = CARTESIAN_POINT ( 'NONE',  ( 3.667043991204310682, 13.81402832956864479, 66.00321635288740652 ) ) ;
#2656 = DIRECTION ( 'NONE',  ( 6.250839858758867238E-16, -1.000000000000000000, -7.292516007464944339E-32 ) ) ;
#2657 = ORIENTED_EDGE ( 'NONE', *, *, #5843, .F. ) ;
#2658 = ORIENTED_EDGE ( 'NONE', *, *, #3947, .T. ) ;
#2659 = PLANE ( 'NONE',  #2826 ) ;
#2660 = ORIENTED_EDGE ( 'NONE', *, *, #3420, .T. ) ;
#2661 = VECTOR ( 'NONE', #2796, 1000.000000000000114 ) ;
#2662 = VECTOR ( 'NONE', #949, 1000.000000000000000 ) ;
#2663 = DIRECTION ( 'NONE',  ( 0.4999819370636950921, 3.125307020857212586E-16, -0.8660358321744171528 ) ) ;
#2664 = DIRECTION ( 'NONE',  ( 0.4999819370636951477, 3.166443754200919549E-16, -0.8660358321744170418 ) ) ;
#2665 = VERTEX_POINT ( 'NONE', #261 ) ;
#2666 = LINE ( 'NONE', #7678, #6772 ) ;
#2667 = VECTOR ( 'NONE', #3173, 1000.000000000000000 ) ;
#2668 = CARTESIAN_POINT ( 'NONE',  ( 7.131187319901991728, 13.81402832956864835, 68.00314410114216912 ) ) ;
#2669 = EDGE_CURVE ( 'NONE', #4383, #5783, #7180, .T. ) ;
#2670 = AXIS2_PLACEMENT_3D ( 'NONE', #7740, #4870, #6276 ) ;
#2671 = DIRECTION ( 'NONE',  ( -0.4999819370636950921, 0.000000000000000000, 0.8660358321744171528 ) ) ;
#2672 = ORIENTED_EDGE ( 'NONE', *, *, #7395, .T. ) ;
#2673 = CARTESIAN_POINT ( 'NONE',  ( 3.666913259605789399, 39.54446977037137856, 59.73526716181967799 ) ) ;
#2674 = EDGE_LOOP ( 'NONE', ( #7844, #7671, #2025, #3034 ) ) ;
#2675 = EDGE_CURVE ( 'NONE', #3265, #353, #4341, .T. ) ;
#2676 = AXIS2_PLACEMENT_3D ( 'NONE', #7188, #226, #131 ) ;
#2677 = EDGE_CURVE ( 'NONE', #514, #3441, #5081, .T. ) ;
#2678 = FACE_OUTER_BOUND ( 'NONE', #7059, .T. ) ;
#2679 = DIRECTION ( 'NONE',  ( -6.383782126896854090E-16, 1.000000000000000000, -2.925052111754154507E-18 ) ) ;
#2680 = FACE_OUTER_BOUND ( 'NONE', #7114, .T. ) ;
#2681 = VECTOR ( 'NONE', #3148, 1000.000000000000000 ) ;
#2682 = ORIENTED_EDGE ( 'NONE', *, *, #8468, .T. ) ;
#2683 = CARTESIAN_POINT ( 'NONE',  ( 15.71810980688031023, -10.79118635532180726, 97.19034129655530307 ) ) ;
#2684 = ADVANCED_FACE ( 'NONE', ( #220 ), #5899, .T. ) ;
#2685 = ORIENTED_EDGE ( 'NONE', *, *, #2639, .F. ) ;
#2686 = EDGE_CURVE ( 'NONE', #7554, #5632, #7826, .T. ) ;
#2687 = DIRECTION ( 'NONE',  ( -0.9999999997824894349, -6.383781515425612638E-16, 2.085715669636333691E-05 ) ) ;
#2688 = VERTEX_POINT ( 'NONE', #5764 ) ;
#2689 = CIRCLE ( 'NONE', #7784, 9.922827407288641766 ) ;
#2690 = CARTESIAN_POINT ( 'NONE',  ( -4.260956254438070800, 39.54446977037137145, 75.73543251811656773 ) ) ;
#2691 = ORIENTED_EDGE ( 'NONE', *, *, #8197, .T. ) ;
#2692 = CARTESIAN_POINT ( 'NONE',  ( 3.923262372798469677, 31.03359710010020223, 43.35000000000000853 ) ) ;
#2693 = CARTESIAN_POINT ( 'NONE',  ( -11.64190878877378132, -8.791186355321823243, 86.10127056713264437 ) ) ;
#2694 = ORIENTED_EDGE ( 'NONE', *, *, #1388, .F. ) ;
#2695 = ORIENTED_EDGE ( 'NONE', *, *, #8987, .F. ) ;
#2696 = DIRECTION ( 'NONE',  ( 2.085715669603027678E-05, 1.303747464151961922E-20, 0.9999999997824895459 ) ) ;
#2697 =( GEOMETRIC_REPRESENTATION_CONTEXT ( 3 ) GLOBAL_UNCERTAINTY_ASSIGNED_CONTEXT ( ( #6624 ) ) GLOBAL_UNIT_ASSIGNED_CONTEXT ( ( #5900, #8783, #942 ) ) REPRESENTATION_CONTEXT ( 'NONE', 'WORKASPACE' ) );
#2698 = EDGE_CURVE ( 'NONE', #7794, #743, #2353, .T. ) ;
#2699 = FACE_BOUND ( 'NONE', #5093, .T. ) ;
#2700 = DIRECTION ( 'NONE',  ( -6.383782126896855077E-16, 1.000000000000000000, -2.925052111754154507E-18 ) ) ;
#2701 = ORIENTED_EDGE ( 'NONE', *, *, #4869, .T. ) ;
#2702 = CARTESIAN_POINT ( 'NONE',  ( 4.167145482549881486, 39.54446977037137856, 70.86923132703508088 ) ) ;
#2703 = CARTESIAN_POINT ( 'NONE',  ( 6.131140017147790111, 13.81402832956864657, 65.73521576636105124 ) ) ;
#2704 = LINE ( 'NONE', #426, #8357 ) ;
#2705 = ORIENTED_EDGE ( 'NONE', *, *, #7590, .T. ) ;
#2706 = ORIENTED_EDGE ( 'NONE', *, *, #7910, .T. ) ;
#2707 = PLANE ( 'NONE',  #1647 ) ;
#2708 = VECTOR ( 'NONE', #251, 1000.000000000000000 ) ;
#2709 = CARTESIAN_POINT ( 'NONE',  ( 4.167062053923083376, 39.54446977037137856, 66.86923132790514046 ) ) ;
#2710 = DIRECTION ( 'NONE',  ( 5.755241451737143451E-16, -1.000000000000000000, 6.712021091176322394E-32 ) ) ;
#2711 = ORIENTED_EDGE ( 'NONE', *, *, #2941, .F. ) ;
#2712 = LINE ( 'NONE', #8366, #6041 ) ;
#2713 = CARTESIAN_POINT ( 'NONE',  ( 4.167228911176697359, 13.81402832956864657, 74.86923132616504972 ) ) ;
#2714 = DIRECTION ( 'NONE',  ( 0.000000000000000000, 0.003468049767204130045, 0.9999939862973239446 ) ) ;
#2715 = VERTEX_POINT ( 'NONE', #1679 ) ;
#2716 = CARTESIAN_POINT ( 'NONE',  ( -0.7970632116207861939, 39.54446977037137856, 65.73536026898153750 ) ) ;
#2717 = ORIENTED_EDGE ( 'NONE', *, *, #3600, .F. ) ;
#2718 = EDGE_CURVE ( 'NONE', #1129, #819, #1716, .T. ) ;
#2719 = CARTESIAN_POINT ( 'NONE',  ( 15.71813222102373331, 27.95203658269706182, 79.72477981405998548 ) ) ;
#2720 = DIRECTION ( 'NONE',  ( -0.8660149750177210670, -5.413320924122833812E-16, 0.5000180627187943427 ) ) ;
#2721 = AXIS2_PLACEMENT_3D ( 'NONE', #8128, #4650, #2425 ) ;
#2722 = ORIENTED_EDGE ( 'NONE', *, *, #4439, .T. ) ;
#2723 = LINE ( 'NONE', #7510, #3349 ) ;
#2724 = ADVANCED_FACE ( 'NONE', ( #6579 ), #3071, .T. ) ;
#2725 = ORIENTED_EDGE ( 'NONE', *, *, #2834, .T. ) ;
#2726 = LINE ( 'NONE', #4683, #2825 ) ;
#2727 = ORIENTED_EDGE ( 'NONE', *, *, #3570, .T. ) ;
#2728 = CARTESIAN_POINT ( 'NONE',  ( -6.341908788773777950, -8.047034099919322614, 79.84962713355503183 ) ) ;
#2729 = ORIENTED_EDGE ( 'NONE', *, *, #8746, .F. ) ;
#2730 = DIRECTION ( 'NONE',  ( 4.401992423523295253E-17, 1.000000000000000000, -0.000000000000000000 ) ) ;
#2731 = CARTESIAN_POINT ( 'NONE',  ( 7.131103891275175855, 39.54446977037137856, 64.00314410201221449 ) ) ;
#2732 = ORIENTED_EDGE ( 'NONE', *, *, #7847, .F. ) ;
#2733 = ORIENTED_EDGE ( 'NONE', *, *, #5394, .T. ) ;
#2734 = CARTESIAN_POINT ( 'NONE',  ( 1.174758211226108351, -4.613701099919306436, 0.000000000000000000 ) ) ;
#2735 = DIRECTION ( 'NONE',  ( 0.5000180627187942317, 3.217337761224692595E-16, 0.8660149750177208450 ) ) ;
#2736 = ORIENTED_EDGE ( 'NONE', *, *, #960, .T. ) ;
#2737 = CARTESIAN_POINT ( 'NONE',  ( 0.2031036454153041237, 39.54446977037137856, 73.73533941008470549 ) ) ;
#2738 = CARTESIAN_POINT ( 'NONE',  ( -6.725385994888745778, 39.54446977037137145, 60.00343310812314002 ) ) ;
#2739 = ADVANCED_FACE ( 'NONE', ( #307 ), #2937, .T. ) ;
#2740 = CARTESIAN_POINT ( 'NONE',  ( -0.3752417887738929148, 2.386298900080694452, 97.24134129655530501 ) ) ;
#2741 = ORIENTED_EDGE ( 'NONE', *, *, #8298, .T. ) ;
#2742 = ORIENTED_EDGE ( 'NONE', *, *, #7040, .T. ) ;
#2743 = DIRECTION ( 'NONE',  ( 0.9999999997824894349, 6.383781515425612638E-16, -2.085715669603027339E-05 ) ) ;
#2744 = ADVANCED_FACE ( 'NONE', ( #2398 ), #797, .T. ) ;
#2745 = EDGE_CURVE ( 'NONE', #8524, #3579, #4240, .T. ) ;
#2746 = EDGE_CURVE ( 'NONE', #2514, #7868, #68, .T. ) ;
#2747 = CARTESIAN_POINT ( 'NONE',  ( 0.7027518679718058880, 39.54446977037137856, 56.86930358139051123 ) ) ;
#2748 = VERTEX_POINT ( 'NONE', #6383 ) ;
#2749 = LINE ( 'NONE', #8276, #6916 ) ;
#2750 = DIRECTION ( 'NONE',  ( -0.9999999997824894349, 0.000000000000000000, 2.085715669636333691E-05 ) ) ;
#2751 = LINE ( 'NONE', #4153, #6438 ) ;
#2752 = ORIENTED_EDGE ( 'NONE', *, *, #6511, .F. ) ;
#2753 = PLANE ( 'NONE',  #8744 ) ;
#2754 = VERTEX_POINT ( 'NONE', #5750 ) ;
#2755 = EDGE_CURVE ( 'NONE', #8633, #6919, #8363, .T. ) ;
#2756 = EDGE_CURVE ( 'NONE', #3703, #5247, #6252, .T. ) ;
#2757 = CYLINDRICAL_SURFACE ( 'NONE', #3073, 1.000000000000000888 ) ;
#2758 = CARTESIAN_POINT ( 'NONE',  ( 3.666877133950704692, 27.95203658269705471, 58.00321635462751857 ) ) ;
#2759 = VECTOR ( 'NONE', #2498, 1000.000000000000114 ) ;
#2760 = DIRECTION ( 'NONE',  ( 6.250839858758867238E-16, -1.000000000000000000, -7.292516007464944339E-32 ) ) ;
#2761 = ORIENTED_EDGE ( 'NONE', *, *, #9021, .T. ) ;
#2762 = DIRECTION ( 'NONE',  ( -6.379651010538043620E-16, 0.9999939862973237226, -0.003468049767204186423 ) ) ;
#2763 = ADVANCED_FACE ( 'NONE', ( #151 ), #4286, .T. ) ;
#2764 = ORIENTED_EDGE ( 'NONE', *, *, #1691, .F. ) ;
#2765 = ORIENTED_EDGE ( 'NONE', *, *, #1299, .T. ) ;
#2766 = VECTOR ( 'NONE', #782, 1000.000000000000114 ) ;
#2767 = AXIS2_PLACEMENT_3D ( 'NONE', #2158, #6940, #6980 ) ;
#2768 = AXIS2_PLACEMENT_3D ( 'NONE', #6234, #9023, #2773 ) ;
#2769 = CARTESIAN_POINT ( 'NONE',  ( 9.908091211226183859, 24.95203658269705826, 82.35127056713264437 ) ) ;
#2770 = AXIS2_PLACEMENT_3D ( 'NONE', #7210, #966, #3736 ) ;
#2771 = CARTESIAN_POINT ( 'NONE',  ( 0.2029840911334252485, 13.81402832956864657, 68.00328860376258433 ) ) ;
#2772 = ORIENTED_EDGE ( 'NONE', *, *, #555, .F. ) ;
#2773 = DIRECTION ( 'NONE',  ( 0.5000180627187942317, 0.000000000000000000, 0.8660149750177208450 ) ) ;
#2774 = CARTESIAN_POINT ( 'NONE',  ( -0.3430635644380001237, 27.95203658269705116, 59.73535079853466101 ) ) ;
#2775 = ADVANCED_FACE ( 'NONE', ( #6344 ), #705, .T. ) ;
#2776 = EDGE_LOOP ( 'NONE', ( #5350, #7386, #5274, #6568, #6631, #6607, #5270 ) ) ;
#2777 = VERTEX_POINT ( 'NONE', #873 ) ;
#2778 = DIRECTION ( 'NONE',  ( 0.000000000000000000, 0.000000000000000000, 1.000000000000000000 ) ) ;
#2779 = EDGE_CURVE ( 'NONE', #4682, #8529, #6428, .T. ) ;
#2780 = VECTOR ( 'NONE', #1677, 1000.000000000000000 ) ;
#2781 = EDGE_CURVE ( 'NONE', #1715, #5115, #7636, .T. ) ;
#2782 = LINE ( 'NONE', #4880, #6881 ) ;
#2783 = EDGE_LOOP ( 'NONE', ( #2061, #5898, #3387, #3081 ) ) ;
#2784 = LINE ( 'NONE', #1285, #3302 ) ;
#2785 = CARTESIAN_POINT ( 'NONE',  ( 4.167228911176697359, 13.81402832956864657, 74.86923132616504972 ) ) ;
#2786 = AXIS2_PLACEMENT_3D ( 'NONE', #3605, #72, #4378 ) ;
#2787 = LINE ( 'NONE', #5564, #4410 ) ;
#2788 = EDGE_LOOP ( 'NONE', ( #6891, #5642, #3015, #153 ) ) ;
#2789 = ORIENTED_EDGE ( 'NONE', *, *, #8965, .T. ) ;
#2790 = DIRECTION ( 'NONE',  ( -0.4999819370636950921, 0.000000000000000000, 0.8660358321744171528 ) ) ;
#2791 = EDGE_CURVE ( 'NONE', #1767, #5424, #7810, .T. ) ;
#2792 = CIRCLE ( 'NONE', #2929, 1.550000000000000266 ) ;
#2793 = AXIS2_PLACEMENT_3D ( 'NONE', #5176, #2362, #3078 ) ;
#2794 = CARTESIAN_POINT ( 'NONE',  ( -0.7970993372758713447, 27.95203658269705116, 64.00330946178941360 ) ) ;
#2795 = LINE ( 'NONE', #5024, #6843 ) ;
#2796 = DIRECTION ( 'NONE',  ( 0.9999999997824894349, 6.383781515425612638E-16, -2.085715669603027339E-05 ) ) ;
#2797 = ORIENTED_EDGE ( 'NONE', *, *, #6372, .T. ) ;
#2798 = CARTESIAN_POINT ( 'NONE',  ( 11.71517252853230673, -10.79118635532180726, 43.35000000000000853 ) ) ;
#2799 = DIRECTION ( 'NONE',  ( -0.5000180627187938986, 0.000000000000000000, -0.8660149750177210670 ) ) ;
#2800 = CARTESIAN_POINT ( 'NONE',  ( -0.3428967071844292169, 27.95203658269705116, 67.73535079679454896 ) ) ;
#2801 = ORIENTED_EDGE ( 'NONE', *, *, #2459, .T. ) ;
#2802 = DIRECTION ( 'NONE',  ( -6.348176284925190171E-16, 1.000000000000000000, 0.000000000000000000 ) ) ;
#2803 = AXIS2_PLACEMENT_3D ( 'NONE', #7362, #5995, #499 ) ;
#2804 = ORIENTED_EDGE ( 'NONE', *, *, #3446, .F. ) ;
#2805 = EDGE_CURVE ( 'NONE', #816, #4270, #2073, .T. ) ;
#2806 = CIRCLE ( 'NONE', #639, 1.049999999999993605 ) ;
#2807 = VECTOR ( 'NONE', #5348, 1000.000000000000000 ) ;
#2808 = CARTESIAN_POINT ( 'NONE',  ( 0.2028172338798157615, 39.54446977037137856, 60.00328860550269638 ) ) ;
#2809 = CARTESIAN_POINT ( 'NONE',  ( -10.59190878877381436, 24.95203658269704405, 82.35127056713264437 ) ) ;
#2810 = PLANE ( 'NONE',  #3631 ) ;
#2811 = ORIENTED_EDGE ( 'NONE', *, *, #4201, .F. ) ;
#2812 = PLANE ( 'NONE',  #5237 ) ;
#2813 = VECTOR ( 'NONE', #7877, 1000.000000000000000 ) ;
#2814 = DIRECTION ( 'NONE',  ( 6.250839858758867238E-16, -1.000000000000000000, -7.292516007464944339E-32 ) ) ;
#2815 = CARTESIAN_POINT ( 'NONE',  ( -3.261326094817857069, 27.95203658269704761, 58.00336085724795510 ) ) ;
#2816 = VECTOR ( 'NONE', #7242, 1000.000000000000000 ) ;
#2817 = CARTESIAN_POINT ( 'NONE',  ( 18.72923664957760792, 27.95203658269706182, 104.0900092483343684 ) ) ;
#2818 = ORIENTED_EDGE ( 'NONE', *, *, #5585, .T. ) ;
#2819 = DIRECTION ( 'NONE',  ( -0.5000180627187942317, -3.125532836542028723E-16, -0.8660149750177209560 ) ) ;
#2820 = LINE ( 'NONE', #2774, #7014 ) ;
#2821 = VERTEX_POINT ( 'NONE', #4192 ) ;
#2822 = ORIENTED_EDGE ( 'NONE', *, *, #3213, .T. ) ;
#2823 = CARTESIAN_POINT ( 'NONE',  ( 6.130973159894193003, 13.81402832956864657, 57.73521576810117750 ) ) ;
#2824 = ORIENTED_EDGE ( 'NONE', *, *, #6756, .F. ) ;
#2825 = VECTOR ( 'NONE', #7604, 1000.000000000000000 ) ;
#2826 = AXIS2_PLACEMENT_3D ( 'NONE', #6755, #6209, #6070 ) ;
#2827 = CYLINDRICAL_SURFACE ( 'NONE', #199, 1.550000000000000266 ) ;
#2828 = VERTEX_POINT ( 'NONE', #4843 ) ;
#2829 = CARTESIAN_POINT ( 'NONE',  ( -3.261039683282368706, 27.95203658269704761, 71.73541166182994289 ) ) ;
#2830 = CARTESIAN_POINT ( 'NONE',  ( 2.666960562795008816, 27.95203658269705471, 62.00323721091416473 ) ) ;
#2831 = ORIENTED_EDGE ( 'NONE', *, *, #8807, .F. ) ;
#2832 = ORIENTED_EDGE ( 'NONE', *, *, #5144, .F. ) ;
#2833 = FACE_OUTER_BOUND ( 'NONE', #5958, .T. ) ;
#2834 = EDGE_CURVE ( 'NONE', #7458, #5996, #7675, .T. ) ;
#2835 = PLANE ( 'NONE',  #4111 ) ;
#2836 = VECTOR ( 'NONE', #3639, 1000.000000000000000 ) ;
#2837 = EDGE_CURVE ( 'NONE', #6241, #3174, #2795, .T. ) ;
#2838 = CARTESIAN_POINT ( 'NONE',  ( 4.167062053923099363, 13.81402832956864479, 66.86923132790514046 ) ) ;
#2839 = FACE_OUTER_BOUND ( 'NONE', #5126, .T. ) ;
#2840 = VERTEX_POINT ( 'NONE', #6302 ) ;
#2841 = LINE ( 'NONE', #755, #1541 ) ;
#2842 = DIRECTION ( 'NONE',  ( 0.9999999999990734079, 6.383782166708962996E-16, 1.361274163569944938E-06 ) ) ;
#2843 = DIRECTION ( 'NONE',  ( 6.250839858758867238E-16, -1.000000000000000000, -7.292516007464944339E-32 ) ) ;
#2844 = VERTEX_POINT ( 'NONE', #5573 ) ;
#2845 = CARTESIAN_POINT ( 'NONE',  ( 7.130973159676678108, 27.95203658269705471, 57.73519491094450018 ) ) ;
#2846 = ORIENTED_EDGE ( 'NONE', *, *, #83, .T. ) ;
#2847 = DIRECTION ( 'NONE',  ( 6.250839858758867238E-16, -1.000000000000000000, -7.292516007464944339E-32 ) ) ;
#2848 = DIRECTION ( 'NONE',  ( 0.4999819370636951477, 0.000000000000000000, -0.8660358321744170418 ) ) ;
#2849 = DIRECTION ( 'NONE',  ( -0.000000000000000000, -0.000000000000000000, -1.000000000000000000 ) ) ;
#2850 = EDGE_CURVE ( 'NONE', #3699, #3030, #751, .T. ) ;
#2851 = EDGE_LOOP ( 'NONE', ( #1805, #1263, #209, #3646, #7137, #3997 ) ) ;
#2852 = CARTESIAN_POINT ( 'NONE',  ( 10.80334715146340407, 13.81402832956865190, 50.00000000000000000 ) ) ;
#2853 = CARTESIAN_POINT ( 'NONE',  ( -3.260992380310669514, 39.54446977037137145, 74.00336085376773099 ) ) ;
#2854 = VECTOR ( 'NONE', #2923, 1000.000000000000000 ) ;
#2855 = CARTESIAN_POINT ( 'NONE',  ( 15.71818174173036553, 27.95203658269706182, 43.35004508037952320 ) ) ;
#2856 = CARTESIAN_POINT ( 'NONE',  ( -4.761057745783642936, 13.81402832956863946, 70.86941754396890758 ) ) ;
#2857 = EDGE_CURVE ( 'NONE', #6389, #816, #7108, .T. ) ;
#2858 = LINE ( 'NONE', #5638, #5863 ) ;
#2859 = VERTEX_POINT ( 'NONE', #2202 ) ;
#2860 = DIRECTION ( 'NONE',  ( 0.9999999997824894349, 6.250839857399241803E-16, -2.085715669636334030E-05 ) ) ;
#2861 = LINE ( 'NONE', #651, #2249 ) ;
#2862 = ORIENTED_EDGE ( 'NONE', *, *, #8871, .T. ) ;
#2863 = ORIENTED_EDGE ( 'NONE', *, *, #1007, .F. ) ;
#2864 = DIRECTION ( 'NONE',  ( -0.000000000000000000, -0.000000000000000000, -1.000000000000000000 ) ) ;
#2865 = EDGE_CURVE ( 'NONE', #1154, #6081, #4071, .T. ) ;
#2866 = ORIENTED_EDGE ( 'NONE', *, *, #8669, .T. ) ;
#2867 = VECTOR ( 'NONE', #5383, 1000.000000000000000 ) ;
#2868 = AXIS2_PLACEMENT_3D ( 'NONE', #1666, #7948, #7213 ) ;
#2869 = DIRECTION ( 'NONE',  ( -0.8660149750177210670, -5.413320924122833812E-16, 0.5000180627187943427 ) ) ;
#2870 = EDGE_CURVE ( 'NONE', #8713, #4769, #1386, .T. ) ;
#2871 = ORIENTED_EDGE ( 'NONE', *, *, #6511, .T. ) ;
#2872 = DIRECTION ( 'NONE',  ( 7.090150446771690890E-17, 0.000000000000000000, -1.000000000000000000 ) ) ;
#2873 = LINE ( 'NONE', #4884, #3660 ) ;
#2874 = DIRECTION ( 'NONE',  ( 2.085715669966599630E-05, 1.200379728329256937E-20, 0.9999999997824894349 ) ) ;
#2875 = VERTEX_POINT ( 'NONE', #6472 ) ;
#2876 = CARTESIAN_POINT ( 'NONE',  ( 11.76816763782072606, 13.81402832956865190, 79.73864887361423825 ) ) ;
#2877 = DIRECTION ( 'NONE',  ( -0.000000000000000000, -0.000000000000000000, -1.000000000000000000 ) ) ;
#2878 = DIRECTION ( 'NONE',  ( -0.000000000000000000, -0.000000000000000000, -1.000000000000000000 ) ) ;
#2879 = ORIENTED_EDGE ( 'NONE', *, *, #1334, .F. ) ;
#2880 = CARTESIAN_POINT ( 'NONE',  ( 3.923262372798469677, 31.03359710010020223, 70.86314093385026069 ) ) ;
#2881 = DIRECTION ( 'NONE',  ( 6.250839858758867238E-16, -1.000000000000000000, -7.292516007464944339E-32 ) ) ;
#2882 = DIRECTION ( 'NONE',  ( -0.4999819370636950921, 0.000000000000000000, 0.8660358321744171528 ) ) ;
#2883 = VERTEX_POINT ( 'NONE', #3823 ) ;
#2884 = CARTESIAN_POINT ( 'NONE',  ( 7.131270748528780068, 27.95203658269705471, 72.00314410027212375 ) ) ;
#2885 = EDGE_CURVE ( 'NONE', #6518, #6539, #2292, .T. ) ;
#2886 = ORIENTED_EDGE ( 'NONE', *, *, #1439, .T. ) ;
#2887 = LINE ( 'NONE', #6222, #763 ) ;
#2888 = EDGE_CURVE ( 'NONE', #1987, #2754, #3697, .T. ) ;
#2889 = CARTESIAN_POINT ( 'NONE',  ( -6.725099583353240540, 13.81402832956863946, 73.73548391270512070 ) ) ;
#2890 = EDGE_CURVE ( 'NONE', #76, #11, #1008, .T. ) ;
#2891 = FACE_BOUND ( 'NONE', #7998, .T. ) ;
#2892 = EDGE_LOOP ( 'NONE', ( #2037, #4764, #8932, #2504 ) ) ;
#2893 = DIRECTION ( 'NONE',  ( -0.5000180627187938986, 0.000000000000000000, -0.8660149750177210670 ) ) ;
#2894 = CARTESIAN_POINT ( 'NONE',  ( -54.89290318739411845, -7.213701099919307858, 6.649999999999995914 ) ) ;
#2895 = ADVANCED_FACE ( 'NONE', ( #6605, #3773 ), #5109, .F. ) ;
#2896 = EDGE_CURVE ( 'NONE', #6821, #9027, #1608, .T. ) ;
#2897 = FACE_BOUND ( 'NONE', #6272, .T. ) ;
#2898 = CARTESIAN_POINT ( 'NONE',  ( 7.631288811247562087, 39.54446977037137856, 72.86915907528985770 ) ) ;
#2899 = LINE ( 'NONE', #3620, #2236 ) ;
#2900 = ORIENTED_EDGE ( 'NONE', *, *, #4371, .F. ) ;
#2901 = CARTESIAN_POINT ( 'NONE',  ( 5.631038525802193995, 27.95203658269705471, 60.86920079221339819 ) ) ;
#2902 = EDGE_CURVE ( 'NONE', #5945, #8547, #3099, .T. ) ;
#2903 = VERTEX_POINT ( 'NONE', #926 ) ;
#2904 = ORIENTED_EDGE ( 'NONE', *, *, #8259, .T. ) ;
#2905 = CARTESIAN_POINT ( 'NONE',  ( -7.641908909138016348, -9.447034099919322969, 79.73864887361423825 ) ) ;
#2906 = ORIENTED_EDGE ( 'NONE', *, *, #3694, .F. ) ;
#2907 = CIRCLE ( 'NONE', #7419, 1.550000000000000266 ) ;
#2908 = EDGE_CURVE ( 'NONE', #5396, #586, #4807, .T. ) ;
#2909 = VECTOR ( 'NONE', #1179, 1000.000000000000000 ) ;
#2910 = DIRECTION ( 'NONE',  ( 2.361434247515509765E-21, 1.000000000000000000, -1.734723475976805517E-15 ) ) ;
#2911 = ORIENTED_EDGE ( 'NONE', *, *, #3298, .T. ) ;
#2912 = DIRECTION ( 'NONE',  ( 1.000000000000000000, 0.000000000000000000, 0.000000000000000000 ) ) ;
#2913 = CARTESIAN_POINT ( 'NONE',  ( 15.71813203339619136, -11.79118635532180903, 79.86261211800061233 ) ) ;
#2914 = DIRECTION ( 'NONE',  ( 1.000000000000000000, 6.383782126896855077E-16, 1.322825065608700598E-34 ) ) ;
#2915 = ORIENTED_EDGE ( 'NONE', *, *, #6958, .T. ) ;
#2916 = CARTESIAN_POINT ( 'NONE',  ( -4.761057745783658923, 39.54446977037136435, 70.86941754396890758 ) ) ;
#2917 = VECTOR ( 'NONE', #7049, 1000.000000000000114 ) ;
#2918 = CARTESIAN_POINT ( 'NONE',  ( 3.667246974113000935, 13.81402832956864657, 75.73526715833948231 ) ) ;
#2919 = VECTOR ( 'NONE', #1162, 1000.000000000000000 ) ;
#2920 = DIRECTION ( 'NONE',  ( -0.9999999997824894349, 0.000000000000000000, 2.085715669636333691E-05 ) ) ;
#2921 = LINE ( 'NONE', #6941, #3523 ) ;
#2922 = ORIENTED_EDGE ( 'NONE', *, *, #4072, .T. ) ;
#2923 = DIRECTION ( 'NONE',  ( 1.000000000000000000, 5.755241453125620489E-16, 1.166244989663167914E-16 ) ) ;
#2924 = DIRECTION ( 'NONE',  ( 0.5000180627187942317, 3.217337761224692595E-16, 0.8660149750177208450 ) ) ;
#2925 = PLANE ( 'NONE',  #6893 ) ;
#2926 = ORIENTED_EDGE ( 'NONE', *, *, #8205, .F. ) ;
#2927 = DIRECTION ( 'NONE',  ( 1.899869150899315584E-11, 1.426377573609902211E-26, -1.000000000000000000 ) ) ;
#2928 = VERTEX_POINT ( 'NONE', #1787 ) ;
#2929 = AXIS2_PLACEMENT_3D ( 'NONE', #1676, #5894, #4430 ) ;
#2930 = VECTOR ( 'NONE', #8580, 1000.000000000000114 ) ;
#2931 = LINE ( 'NONE', #5718, #2070 ) ;
#2932 = VECTOR ( 'NONE', #7257, 1000.000000000000114 ) ;
#2933 = DIRECTION ( 'NONE',  ( 6.250839858758867238E-16, -1.000000000000000000, -7.292516007464944339E-32 ) ) ;
#2934 = VECTOR ( 'NONE', #6972, 1000.000000000000000 ) ;
#2935 = CARTESIAN_POINT ( 'NONE',  ( -6.341908788773777950, -8.047034099919322614, 79.84962713355504604 ) ) ;
#2936 = EDGE_LOOP ( 'NONE', ( #2915, #5139, #6778, #7332 ) ) ;
#2937 = SPHERICAL_SURFACE ( 'NONE', #6534, 1.000000000000000000 ) ;
#2938 = FACE_OUTER_BOUND ( 'NONE', #7664, .T. ) ;
#2939 = ADVANCED_FACE ( 'NONE', ( #6557 ), #335, .T. ) ;
#2940 = VECTOR ( 'NONE', #5966, 1000.000000000000114 ) ;
#2941 = EDGE_CURVE ( 'NONE', #7196, #5273, #8533, .T. ) ;
#2942 = VECTOR ( 'NONE', #903, 1000.000000000000000 ) ;
#2943 = CARTESIAN_POINT ( 'NONE',  ( -4.761308031664055029, 39.54446977037136435, 58.86941754657907921 ) ) ;
#2944 = DIRECTION ( 'NONE',  ( 0.5000180627187942317, 0.000000000000000000, 0.8660149750177208450 ) ) ;
#2945 = CARTESIAN_POINT ( 'NONE',  ( -16.39812996423725977, 27.95203658269704050, 97.19034129655527465 ) ) ;
#2946 = ORIENTED_EDGE ( 'NONE', *, *, #8781, .F. ) ;
#2947 = FACE_OUTER_BOUND ( 'NONE', #1990, .T. ) ;
#2948 = VECTOR ( 'NONE', #8993, 1000.000000000000227 ) ;
#2949 = EDGE_CURVE ( 'NONE', #1141, #2244, #8622, .T. ) ;
#2950 = VECTOR ( 'NONE', #2663, 1000.000000000000114 ) ;
#2951 = CARTESIAN_POINT ( 'NONE',  ( 1.174758211226104354, 9.386298900080694452, 50.00000000000000000 ) ) ;
#2952 = ORIENTED_EDGE ( 'NONE', *, *, #6401, .T. ) ;
#2953 = ORIENTED_EDGE ( 'NONE', *, *, #3069, .T. ) ;
#2954 = CARTESIAN_POINT ( 'NONE',  ( 5.075764905806941840, 2.386298900080696672, 6.649999999999995914 ) ) ;
#2955 = ORIENTED_EDGE ( 'NONE', *, *, #1388, .T. ) ;
#2956 = VECTOR ( 'NONE', #3006, 1000.000000000000114 ) ;
#2957 = AXIS2_PLACEMENT_3D ( 'NONE', #6259, #6388, #4246 ) ;
#2958 = CARTESIAN_POINT ( 'NONE',  ( 4.166978625296284378, 39.54446977037137856, 62.86923132877518583 ) ) ;
#2959 = ORIENTED_EDGE ( 'NONE', *, *, #3785, .T. ) ;
#2960 = DIRECTION ( 'NONE',  ( 0.000000000000000000, 0.000000000000000000, 1.000000000000000000 ) ) ;
#2961 = PLANE ( 'NONE',  #8337 ) ;
#2962 = CARTESIAN_POINT ( 'NONE',  ( -4.261242665973559163, 39.54446977037137145, 62.00338171353458705 ) ) ;
#2963 = ORIENTED_EDGE ( 'NONE', *, *, #4314, .T. ) ;
#2964 = ORIENTED_EDGE ( 'NONE', *, *, #1815, .T. ) ;
#2965 = DIRECTION ( 'NONE',  ( -2.406425471801890024E-18, 0.003468049767204245404, 0.9999939862973237226 ) ) ;
#2966 = VECTOR ( 'NONE', #7434, 1000.000000000000000 ) ;
#2967 = EDGE_CURVE ( 'NONE', #7323, #6025, #5157, .T. ) ;
#2968 = AXIS2_PLACEMENT_3D ( 'NONE', #3536, #5724, #4208 ) ;
#2969 = FACE_OUTER_BOUND ( 'NONE', #7677, .T. ) ;
#2970 = DIRECTION ( 'NONE',  ( 1.000000000000000000, 0.000000000000000000, 0.000000000000000000 ) ) ;
#2971 = DIRECTION ( 'NONE',  ( 1.000000000000000000, 0.000000000000000000, 0.000000000000000000 ) ) ;
#2972 = EDGE_LOOP ( 'NONE', ( #6055, #4454, #7194, #7973 ) ) ;
#2973 = CARTESIAN_POINT ( 'NONE',  ( -0.3430218501246073970, 27.95203658269705116, 61.73535079809961701 ) ) ;
#2974 = CARTESIAN_POINT ( 'NONE',  ( 4.166978625296309247, 27.95203658269705471, 62.86923132877520004 ) ) ;
#2975 = CARTESIAN_POINT ( 'NONE',  ( -8.225201074481338637, 39.54446977037136435, 68.86948979571414498 ) ) ;
#2976 = EDGE_LOOP ( 'NONE', ( #1515, #7703, #417, #2281 ) ) ;
#2977 = DIRECTION ( 'NONE',  ( -1.000000000000000000, -6.383782126897411223E-16, -1.899869150899315584E-11 ) ) ;
#2978 = EDGE_LOOP ( 'NONE', ( #8559, #2075 ) ) ;
#2979 = EDGE_CURVE ( 'NONE', #7196, #6335, #5881, .T. ) ;
#2980 = CARTESIAN_POINT ( 'NONE',  ( 8.175764905806939709, 2.386298900080696672, 0.000000000000000000 ) ) ;
#2981 = CARTESIAN_POINT ( 'NONE',  ( -7.725099583135735415, 13.81402832956863946, 73.73550476986180513 ) ) ;
#2982 = ADVANCED_FACE ( 'NONE', ( #379, #4374, #2381 ), #7945, .T. ) ;
#2983 = VERTEX_POINT ( 'NONE', #4420 ) ;
#2984 = DIRECTION ( 'NONE',  ( 6.250839858758867238E-16, -1.000000000000000000, -7.292516007464944339E-32 ) ) ;
#2985 = LINE ( 'NONE', #4395, #7043 ) ;
#2986 = DIRECTION ( 'NONE',  ( -1.000000000000000000, -5.755241453125612600E-16, 0.000000000000000000 ) ) ;
#2987 = CARTESIAN_POINT ( 'NONE',  ( -10.59190878877379127, -11.79118635532182502, 86.10127056713264437 ) ) ;
#2988 = CARTESIAN_POINT ( 'NONE',  ( 8.175764905806939709, 2.386298900080696672, 50.00000000000000000 ) ) ;
#2989 = ADVANCED_FACE ( 'NONE', ( #3143 ), #3009, .T. ) ;
#2990 = ORIENTED_EDGE ( 'NONE', *, *, #960, .F. ) ;
#2991 = CARTESIAN_POINT ( 'NONE',  ( -6.225201074916342669, 13.81402832956863946, 68.86944808140074770 ) ) ;
#2992 = EDGE_LOOP ( 'NONE', ( #3492, #7033, #1980, #1672 ) ) ;
#2993 = ORIENTED_EDGE ( 'NONE', *, *, #2584, .F. ) ;
#2994 = LINE ( 'NONE', #4481, #2168 ) ;
#2995 = EDGE_LOOP ( 'NONE', ( #6304, #6878, #4509, #4637 ) ) ;
#2996 = B_SPLINE_CURVE_WITH_KNOTS ( 'NONE', 3,
 ( #6347, #7852, #7072, #5835 ),
 .UNSPECIFIED., .F., .F.,
 ( 4, 4 ),
 ( -0.06563815998319988410, 0.9999999999999977796 ),
 .UNSPECIFIED. ) ;
#2997 = CARTESIAN_POINT ( 'NONE',  ( -6.225451360796755651, 39.54446977037137145, 56.86944808401091933 ) ) ;
#2998 = ORIENTED_EDGE ( 'NONE', *, *, #5747, .F. ) ;
#2999 = DIRECTION ( 'NONE',  ( 4.635031619447300390E-16, -1.000000000000000000, 2.925052111754154507E-18 ) ) ;
#3000 = ADVANCED_FACE ( 'NONE', ( #1703 ), #421, .T. ) ;
#3001 = CARTESIAN_POINT ( 'NONE',  ( 6.131223445774589109, 13.81402832956864657, 69.73521576549100587 ) ) ;
#3002 = ADVANCED_FACE ( 'NONE', ( #6512 ), #8855, .T. ) ;
#3003 = CARTESIAN_POINT ( 'NONE',  ( 4.166978625296284378, 39.54446977037137856, 62.86923132877518583 ) ) ;
#3004 = CIRCLE ( 'NONE', #5917, 4.000000000000000888 ) ;
#3005 = ORIENTED_EDGE ( 'NONE', *, *, #4239, .T. ) ;
#3006 = DIRECTION ( 'NONE',  ( 0.4999819370636951477, 3.166443754200919549E-16, -0.8660358321744170418 ) ) ;
#3007 = LINE ( 'NONE', #7848, #3390 ) ;
#3008 = EDGE_CURVE ( 'NONE', #3312, #1129, #8172, .T. ) ;
#3009 = PLANE ( 'NONE',  #4507 ) ;
#3010 = CARTESIAN_POINT ( 'NONE',  ( -7.374235094193059226, 2.386298900080692231, 50.00000000000000000 ) ) ;
#3011 = ORIENTED_EDGE ( 'NONE', *, *, #6656, .T. ) ;
#3012 = DIRECTION ( 'NONE',  ( -1.000000000000000000, 4.401992423523295253E-17, 0.000000000000000000 ) ) ;
#3013 = DIRECTION ( 'NONE',  ( 0.8660149750177211780, 5.413320924122835784E-16, -0.5000180627187940097 ) ) ;
#3014 = DIRECTION ( 'NONE',  ( 0.5000180627187942317, 3.217337761224692595E-16, 0.8660149750177208450 ) ) ;
#3015 = ORIENTED_EDGE ( 'NONE', *, *, #3213, .F. ) ;
#3016 = CARTESIAN_POINT ( 'NONE',  ( -4.261373397572064015, 39.54446977037137145, 55.73543252246685142 ) ) ;
#3017 = EDGE_CURVE ( 'NONE', #4128, #2571, #4740, .T. ) ;
#3018 = ORIENTED_EDGE ( 'NONE', *, *, #1569, .T. ) ;
#3019 = EDGE_CURVE ( 'NONE', #6965, #5087, #8951, .T. ) ;
#3020 = CARTESIAN_POINT ( 'NONE',  ( 3.666829830978998395, 27.95203658269705471, 55.73526716268975889 ) ) ;
#3021 = CARTESIAN_POINT ( 'NONE',  ( -7.725099583135743408, 27.95203658269704405, 73.73550476986180513 ) ) ;
#3022 = DIRECTION ( 'NONE',  ( -1.361265977236396021E-06, 0.003468049767207691432, 0.9999939862963972415 ) ) ;
#3023 = ORIENTED_EDGE ( 'NONE', *, *, #8914, .F. ) ;
#3024 = CARTESIAN_POINT ( 'NONE',  ( 10.74302839648771624, 23.94680065948339731, 79.73864887361423825 ) ) ;
#3025 = ADVANCED_FACE ( 'NONE', ( #1930, #3911, #6792, #6162, #2699, #4212 ), #2558, .F. ) ;
#3026 = VECTOR ( 'NONE', #731, 1000.000000000000000 ) ;
#3027 = LINE ( 'NONE', #7263, #4981 ) ;
#3028 = FACE_OUTER_BOUND ( 'NONE', #4894, .T. ) ;
#3029 = CARTESIAN_POINT ( 'NONE',  ( 23.92532649968395830, 27.95203658269706537, 101.0899008720215733 ) ) ;
#3030 = VERTEX_POINT ( 'NONE', #6061 ) ;
#3031 = LINE ( 'NONE', #405, #6540 ) ;
#3032 = CARTESIAN_POINT ( 'NONE',  ( 3.923262372798469677, 18.07212241910100659, 6.650000000000003020 ) ) ;
#3033 = CARTESIAN_POINT ( 'NONE',  ( -3.261206540535973364, 39.54446977037137145, 63.73541166357004073 ) ) ;
#3034 = ORIENTED_EDGE ( 'NONE', *, *, #8543, .F. ) ;
#3035 = ORIENTED_EDGE ( 'NONE', *, *, #2576, .F. ) ;
#3036 = LINE ( 'NONE', #2005, #1184 ) ;
#3037 = ORIENTED_EDGE ( 'NONE', *, *, #3791, .F. ) ;
#3038 = VECTOR ( 'NONE', #137, 1000.000000000000114 ) ;
#3039 = ADVANCED_FACE ( 'NONE', ( #4049 ), #8901, .F. ) ;
#3040 = DIRECTION ( 'NONE',  ( -0.000000000000000000, 0.000000000000000000, 1.000000000000000000 ) ) ;
#3041 = VERTEX_POINT ( 'NONE', #1878 ) ;
#3042 = LINE ( 'NONE', #1555, #7718 ) ;
#3043 = DIRECTION ( 'NONE',  ( 0.5000180627187940097, 3.125532836542028723E-16, 0.8660149750177211780 ) ) ;
#3044 = LINE ( 'NONE', #3003, #7631 ) ;
#3045 = ORIENTED_EDGE ( 'NONE', *, *, #2621, .F. ) ;
#3046 = ORIENTED_EDGE ( 'NONE', *, *, #2779, .F. ) ;
#3048 = EDGE_CURVE ( 'NONE', #4663, #8562, #8384, .T. ) ;
#3047 = CARTESIAN_POINT ( 'NONE',  ( 2.167145482984918381, 13.81402832956864302, 70.86927304134847816 ) ) ;
#3049 = VECTOR ( 'NONE', #7222, 999.9999999999998863 ) ;
#3050 = VECTOR ( 'NONE', #4529, 1000.000000000000114 ) ;
#3051 = CARTESIAN_POINT ( 'NONE',  ( 16.71824074827664930, 8.623332769272102205E-15, 2.275810919109576538E-05 ) ) ;
#3052 = DIRECTION ( 'NONE',  ( 1.999572045686677377E-33, -2.925052111754154507E-18, -1.000000000000000000 ) ) ;
#3053 = FACE_OUTER_BOUND ( 'NONE', #8132, .T. ) ;
#3054 = ORIENTED_EDGE ( 'NONE', *, *, #7747, .F. ) ;
#3055 = DIRECTION ( 'NONE',  ( -0.8660149750177210670, -5.413320924122833812E-16, 0.5000180627187943427 ) ) ;
#3056 = PLANE ( 'NONE',  #4827 ) ;
#3057 = AXIS2_PLACEMENT_3D ( 'NONE', #5064, #7849, #7163 ) ;
#3058 = LINE ( 'NONE', #1614, #355 ) ;
#3059 = ORIENTED_EDGE ( 'NONE', *, *, #4879, .T. ) ;
#3060 = CARTESIAN_POINT ( 'NONE',  ( -3.260992380310669514, 39.54446977037137145, 74.00336085376773099 ) ) ;
#3061 = EDGE_CURVE ( 'NONE', #4408, #6935, #2651, .T. ) ;
#3062 = MECHANICAL_DESIGN_GEOMETRIC_PRESENTATION_REPRESENTATION (  '', ( #6992 ), #4984 ) ;
#3063 = ORIENTED_EDGE ( 'NONE', *, *, #3526, .F. ) ;
#3064 = AXIS2_PLACEMENT_3D ( 'NONE', #4254, #4390, #1535 ) ;
#3065 = LINE ( 'NONE', #5893, #8925 ) ;
#3066 = DIRECTION ( 'NONE',  ( 6.250839858758867238E-16, -1.000000000000000000, -7.292516007464944339E-32 ) ) ;
#3067 = DIRECTION ( 'NONE',  ( -1.000000000000000000, 1.316946700349181129E-16, -2.863166359789728634E-18 ) ) ;
#3068 = VECTOR ( 'NONE', #3237, 1000.000000000000000 ) ;
#3069 = EDGE_CURVE ( 'NONE', #2124, #1405, #8125, .T. ) ;
#3070 = ORIENTED_EDGE ( 'NONE', *, *, #7035, .F. ) ;
#3071 = PLANE ( 'NONE',  #3632 ) ;
#3072 = DIRECTION ( 'NONE',  ( -0.4999819370636952032, -3.125307020857213572E-16, 0.8660358321744170418 ) ) ;
#3073 = AXIS2_PLACEMENT_3D ( 'NONE', #887, #6315, #1533 ) ;
#3074 = VECTOR ( 'NONE', #7662, 1000.000000000000000 ) ;
#3075 = FACE_OUTER_BOUND ( 'NONE', #3497, .T. ) ;
#3076 = CARTESIAN_POINT ( 'NONE',  ( 11.71517252853229962, -8.047034099919310179, 50.00000000000000000 ) ) ;
#3077 = CARTESIAN_POINT ( 'NONE',  ( 11.21809176883417614, -8.048270484325396268, 97.19034129655530307 ) ) ;
#3078 = DIRECTION ( 'NONE',  ( -0.9999999997824894349, 0.000000000000000000, 2.085715669636333691E-05 ) ) ;
#3079 = CARTESIAN_POINT ( 'NONE',  ( 5.631205383055783997, 39.54446977037137145, 68.86920079047328613 ) ) ;
#3080 = EDGE_LOOP ( 'NONE', ( #2959, #8390, #4966, #1359, #3780, #3415 ) ) ;
#3081 = ORIENTED_EDGE ( 'NONE', *, *, #746, .F. ) ;
#3082 = LINE ( 'NONE', #7968, #6968 ) ;
#3083 = AXIS2_PLACEMENT_3D ( 'NONE', #558, #3913, #8078 ) ;
#3084 = ORIENTED_EDGE ( 'NONE', *, *, #2949, .T. ) ;
#3085 = ORIENTED_EDGE ( 'NONE', *, *, #7984, .T. ) ;
#3086 = AXIS2_PLACEMENT_3D ( 'NONE', #5075, #7861, #2392 ) ;
#3087 = AXIS2_PLACEMENT_3D ( 'NONE', #1730, #3040, #4361 ) ;
#3088 = VECTOR ( 'NONE', #129, 1000.000000000000000 ) ;
#3089 = CARTESIAN_POINT ( 'NONE',  ( -10.59190878877381259, 23.95296590008067028, 82.35127056713264437 ) ) ;
#3090 = ORIENTED_EDGE ( 'NONE', *, *, #7466, .T. ) ;
#3091 = DIRECTION ( 'NONE',  ( -2.085715669636334030E-05, -1.303747464172781074E-20, -0.9999999997824895459 ) ) ;
#3092 = CARTESIAN_POINT ( 'NONE',  ( -4.761391460290838040, 13.81402832956863946, 54.86941754744913169 ) ) ;
#3093 = CARTESIAN_POINT ( 'NONE',  ( 7.631205382620779964, 13.81402832956864657, 68.86915907615990307 ) ) ;
#3094 = ORIENTED_EDGE ( 'NONE', *, *, #4274, .F. ) ;
#3095 = ORIENTED_EDGE ( 'NONE', *, *, #4644, .T. ) ;
#3096 = DIRECTION ( 'NONE',  ( 6.383782126896855077E-16, -1.000000000000000000, 2.925052111754154507E-18 ) ) ;
#3097 = AXIS2_PLACEMENT_3D ( 'NONE', #2531, #5086, #4262 ) ;
#3098 = DIRECTION ( 'NONE',  ( 0.4999819370636951477, 0.000000000000000000, -0.8660358321744170418 ) ) ;
#3099 = LINE ( 'NONE', #4502, #3486 ) ;
#3100 = CARTESIAN_POINT ( 'NONE',  ( -8.225284503108120759, 13.81402832956863769, 64.86948979658419034 ) ) ;
#3101 = ORIENTED_EDGE ( 'NONE', *, *, #3537, .F. ) ;
#3102 = DIRECTION ( 'NONE',  ( -0.000000000000000000, -0.000000000000000000, -1.000000000000000000 ) ) ;
#3103 = VECTOR ( 'NONE', #4976, 999.9999999999998863 ) ;
#3104 = DIRECTION ( 'NONE',  ( -6.383782126896855077E-16, 1.000000000000000000, 0.000000000000000000 ) ) ;
#3105 = PLANE ( 'NONE',  #213 ) ;
#3106 = ORIENTED_EDGE ( 'NONE', *, *, #6267, .F. ) ;
#3107 = DIRECTION ( 'NONE',  ( -6.383782126896855077E-16, 1.000000000000000000, -7.376873529711326503E-32 ) ) ;
#3108 = DIRECTION ( 'NONE',  ( -0.8660149750177210670, -5.413320924122833812E-16, 0.5000180627187943427 ) ) ;
#3109 = EDGE_CURVE ( 'NONE', #2285, #7497, #5430, .T. ) ;
#3110 = EDGE_LOOP ( 'NONE', ( #993, #5118, #3862, #4051 ) ) ;
#3111 = VECTOR ( 'NONE', #4779, 1000.000000000000000 ) ;
#3112 =( BOUNDED_CURVE ( )  B_SPLINE_CURVE ( 3, ( #5612, #741, #8997, #4143 ),
 .UNSPECIFIED., .F., .T. ) 
 B_SPLINE_CURVE_WITH_KNOTS ( ( 4, 4 ),
 ( 5.738334288359605573, 5.777409762565492990 ),
 .UNSPECIFIED. ) 
 CURVE ( )  GEOMETRIC_REPRESENTATION_ITEM ( )  RATIONAL_B_SPLINE_CURVE ( ( 1.000000000000000000, 0.9998727629904854419, 0.9998727629904854419, 1.000000000000000000 ) ) 
 REPRESENTATION_ITEM ( '' )  );
#3113 = DIRECTION ( 'NONE',  ( -1.000000000000000000, 0.000000000000000000, 0.000000000000000000 ) ) ;
#3114 = LINE ( 'NONE', #1713, #8758 ) ;
#3115 = ORIENTED_EDGE ( 'NONE', *, *, #964, .T. ) ;
#3116 = CARTESIAN_POINT ( 'NONE',  ( -19.34469989444889748, 27.95203658269703695, 104.1305324594756030 ) ) ;
#3117 = ORIENTED_EDGE ( 'NONE', *, *, #8781, .T. ) ;
#3118 = DIRECTION ( 'NONE',  ( 0.9999999999990736299, 0.000000000000000000, 1.361274163578769328E-06 ) ) ;
#3119 = FACE_OUTER_BOUND ( 'NONE', #2438, .T. ) ;
#3120 = DIRECTION ( 'NONE',  ( 0.9999999997824894349, 0.000000000000000000, -2.085715669603027339E-05 ) ) ;
#3121 = VECTOR ( 'NONE', #4281, 1000.000000000000114 ) ;
#3122 = CARTESIAN_POINT ( 'NONE',  ( 3.923262372798469677, 18.07212241910100659, 43.35000000000000853 ) ) ;
#3123 = ADVANCED_FACE ( 'NONE', ( #6834 ), #5290, .F. ) ;
#3124 = CARTESIAN_POINT ( 'NONE',  ( 6.958088829189676083, -11.79118635532181258, 97.19034129655530307 ) ) ;
#3125 = ORIENTED_EDGE ( 'NONE', *, *, #5198, .F. ) ;
#3126 = ORIENTED_EDGE ( 'NONE', *, *, #3418, .T. ) ;
#3127 = FACE_OUTER_BOUND ( 'NONE', #4630, .T. ) ;
#3128 = ORIENTED_EDGE ( 'NONE', *, *, #7275, .T. ) ;
#3129 = VERTEX_POINT ( 'NONE', #7002 ) ;
#3130 = EDGE_CURVE ( 'NONE', #5907, #2777, #5965, .T. ) ;
#3131 = EDGE_CURVE ( 'NONE', #8023, #6233, #4701, .T. ) ;
#3132 = FACE_OUTER_BOUND ( 'NONE', #787, .T. ) ;
#3133 = ORIENTED_EDGE ( 'NONE', *, *, #6869, .F. ) ;
#3134 = CARTESIAN_POINT ( 'NONE',  ( -0.3752417887738960234, 9.386298900080694452, 50.00000000000000000 ) ) ;
#3135 = EDGE_CURVE ( 'NONE', #3265, #4547, #6017, .T. ) ;
#3136 = FACE_OUTER_BOUND ( 'NONE', #652, .T. ) ;
#3137 = DIRECTION ( 'NONE',  ( 1.000000000000000000, 5.755241453125620489E-16, 3.161339290746629936E-34 ) ) ;
#3138 = ORIENTED_EDGE ( 'NONE', *, *, #4634, .F. ) ;
#3139 = VERTEX_POINT ( 'NONE', #4647 ) ;
#3140 = DIRECTION ( 'NONE',  ( 0.9999999997824894349, 0.000000000000000000, -2.085715669603027339E-05 ) ) ;
#3141 = ADVANCED_FACE ( 'NONE', ( #1240 ), #7527, .T. ) ;
#3142 = DIRECTION ( 'NONE',  ( 6.250839858758867238E-16, -1.000000000000000000, -7.292516007464944339E-32 ) ) ;
#3143 = FACE_OUTER_BOUND ( 'NONE', #6600, .T. ) ;
#3144 = CARTESIAN_POINT ( 'NONE',  ( -2.761308032099059062, 13.81402832956864124, 58.86937583226568904 ) ) ;
#3145 = VERTEX_POINT ( 'NONE', #3372 ) ;
#3146 = LINE ( 'NONE', #5293, #7961 ) ;
#3147 = CARTESIAN_POINT ( 'NONE',  ( -6.725266440606837648, 13.81402832956863946, 65.73548391444522565 ) ) ;
#3148 = DIRECTION ( 'NONE',  ( -6.383782126896854090E-16, 1.000000000000000000, -2.925052111754154507E-18 ) ) ;
#3149 = ORIENTED_EDGE ( 'NONE', *, *, #1180, .T. ) ;
#3150 = ORIENTED_EDGE ( 'NONE', *, *, #2288, .F. ) ;
#3151 = LINE ( 'NONE', #4606, #1350 ) ;
#3152 = ADVANCED_FACE ( 'NONE', ( #3619 ), #1634, .F. ) ;
#3153 = EDGE_LOOP ( 'NONE', ( #1514, #6333, #3466, #5469, #6514, #1228 ) ) ;
#3154 = CARTESIAN_POINT ( 'NONE',  ( -0.7969797829939888612, 39.54446977037137856, 69.73536026811143529 ) ) ;
#3155 = CARTESIAN_POINT ( 'NONE',  ( 10.95809121122619167, -8.047034099919311956, 86.10127056713264437 ) ) ;
#3156 = EDGE_LOOP ( 'NONE', ( #7392, #7277, #8180, #3868 ) ) ;
#3157 = VERTEX_POINT ( 'NONE', #225 ) ;
#3158 = CARTESIAN_POINT ( 'NONE',  ( -0.7970159086490739009, 27.95203658269705116, 68.00330946091929718 ) ) ;
#3159 = ORIENTED_EDGE ( 'NONE', *, *, #351, .T. ) ;
#3160 = LINE ( 'NONE', #262, #2545 ) ;
#3161 = EDGE_CURVE ( 'NONE', #1891, #4465, #1906, .T. ) ;
#3162 = DIRECTION ( 'NONE',  ( -0.8660149750177210670, -5.413320924122833812E-16, 0.5000180627187943427 ) ) ;
#3163 = CARTESIAN_POINT ( 'NONE',  ( 2.166895197104513837, 27.95203658269705471, 58.86927304395864269 ) ) ;
#3164 = DIRECTION ( 'NONE',  ( 0.000000000000000000, 0.9999939862973237226, -0.003468049767210710285 ) ) ;
#3165 = DIRECTION ( 'NONE',  ( 0.4999819370636950921, 3.125307020857212586E-16, -0.8660358321744171528 ) ) ;
#3166 = ORIENTED_EDGE ( 'NONE', *, *, #5023, .F. ) ;
#3167 = ORIENTED_EDGE ( 'NONE', *, *, #222, .T. ) ;
#3168 = CARTESIAN_POINT ( 'NONE',  ( 11.71517252853224456, 74.62243523090604924, 79.56292357553742534 ) ) ;
#3169 = EDGE_CURVE ( 'NONE', #2883, #4817, #7741, .T. ) ;
#3170 = VERTEX_POINT ( 'NONE', #5131 ) ;
#3171 = ORIENTED_EDGE ( 'NONE', *, *, #506, .T. ) ;
#3172 = EDGE_CURVE ( 'NONE', #673, #1111, #7926, .T. ) ;
#3173 = DIRECTION ( 'NONE',  ( 6.250839858758867238E-16, -1.000000000000000000, -7.292516007464944339E-32 ) ) ;
#3174 = VERTEX_POINT ( 'NONE', #5085 ) ;
#3175 = CARTESIAN_POINT ( 'NONE',  ( -7.725219137417641768, 39.54446977037137145, 68.00345396353972660 ) ) ;
#3176 = CARTESIAN_POINT ( 'NONE',  ( -0.7969324800222825633, 39.54446977037137856, 72.00330946004925181 ) ) ;
#3177 = CARTESIAN_POINT ( 'NONE',  ( 7.131223445557083096, 13.81402832956864657, 69.73519490833432144 ) ) ;
#3178 = VERTEX_POINT ( 'NONE', #8422 ) ;
#3179 = ORIENTED_EDGE ( 'NONE', *, *, #4397, .F. ) ;
#3180 = CARTESIAN_POINT ( 'NONE',  ( 7.131103891275191842, 13.81402832956864835, 64.00314410201221449 ) ) ;
#3181 = EDGE_CURVE ( 'NONE', #4422, #6965, #1496, .T. ) ;
#3182 = CARTESIAN_POINT ( 'NONE',  ( -3.261409523444662728, 39.54446977037137145, 54.00336085811800757 ) ) ;
#3183 = VECTOR ( 'NONE', #372, 1000.000000000000000 ) ;
#3184 = DIRECTION ( 'NONE',  ( 0.9999999997824894349, 6.383781515425612638E-16, -2.085715669603027339E-05 ) ) ;
#3185 = ORIENTED_EDGE ( 'NONE', *, *, #388, .F. ) ;
#3186 = CARTESIAN_POINT ( 'NONE',  ( -6.725469423515527900, 13.81402832956863946, 56.00343310899318539 ) ) ;
#3187 = CARTESIAN_POINT ( 'NONE',  ( 15.71818173700939525, -11.05605560694973377, 9.725875095459128872 ) ) ;
#3188 = DIRECTION ( 'NONE',  ( -0.4999819370636950921, -3.166443754200919549E-16, 0.8660358321744171528 ) ) ;
#3189 = ORIENTED_EDGE ( 'NONE', *, *, #1156, .F. ) ;
#3190 = ORIENTED_EDGE ( 'NONE', *, *, #3842, .T. ) ;
#3191 = CYLINDRICAL_SURFACE ( 'NONE', #310, 1.049999999999988498 ) ;
#3192 = VECTOR ( 'NONE', #5804, 999.9999999999998863 ) ;
#3193 = EDGE_LOOP ( 'NONE', ( #5891, #8226, #8656, #6644 ) ) ;
#3194 = AXIS2_PLACEMENT_3D ( 'NONE', #7265, #7549, #6138 ) ;
#3195 = DIRECTION ( 'NONE',  ( -6.383782126896855077E-16, 1.000000000000000000, -2.925052111754154507E-18 ) ) ;
#3196 = VECTOR ( 'NONE', #1663, 1000.000000000000000 ) ;
#3197 = DIRECTION ( 'NONE',  ( -5.755241453125620489E-16, 1.000000000000000000, 0.000000000000000000 ) ) ;
#3198 = EDGE_LOOP ( 'NONE', ( #2239, #3861, #1086, #9000 ) ) ;
#3199 = ORIENTED_EDGE ( 'NONE', *, *, #321, .F. ) ;
#3200 = LINE ( 'NONE', #7394, #4514 ) ;
#3201 = CARTESIAN_POINT ( 'NONE',  ( -0.7970632116207700957, 13.81402832956864657, 65.73536026898153750 ) ) ;
#3202 = ORIENTED_EDGE ( 'NONE', *, *, #7160, .F. ) ;
#3203 = ORIENTED_EDGE ( 'NONE', *, *, #222, .F. ) ;
#3204 = LINE ( 'NONE', #7357, #1673 ) ;
#3205 = CIRCLE ( 'NONE', #5106, 1.049999999999988498 ) ;
#3206 = LINE ( 'NONE', #7962, #8029 ) ;
#3207 = LINE ( 'NONE', #5993, #6265 ) ;
#3208 = AXIS2_PLACEMENT_3D ( 'NONE', #7032, #4330, #3648 ) ;
#3209 = CARTESIAN_POINT ( 'NONE',  ( -7.725433297642938513, 27.95203658269704761, 57.73550477334202924 ) ) ;
#3210 = ORIENTED_EDGE ( 'NONE', *, *, #2106, .F. ) ;
#3211 = EDGE_LOOP ( 'NONE', ( #2822, #8887, #1588, #8394 ) ) ;
#3212 = DIRECTION ( 'NONE',  ( 0.000000000000000000, 0.000000000000000000, 1.000000000000000000 ) ) ;
#3213 = EDGE_CURVE ( 'NONE', #4748, #6830, #7874, .T. ) ;
#3214 = EDGE_LOOP ( 'NONE', ( #1810, #3568, #4790, #8817 ) ) ;
#3215 = VERTEX_POINT ( 'NONE', #6451 ) ;
#3216 = EDGE_CURVE ( 'NONE', #6538, #4504, #309, .T. ) ;
#3217 = VECTOR ( 'NONE', #5264, 1000.000000000000000 ) ;
#3218 = VECTOR ( 'NONE', #1139, 1000.000000000000000 ) ;
#3219 = EDGE_CURVE ( 'NONE', #1075, #1405, #5767, .T. ) ;
#3220 = EDGE_CURVE ( 'NONE', #3627, #3885, #264, .T. ) ;
#3221 = CARTESIAN_POINT ( 'NONE',  ( 2.167062054358119383, 13.81402832956864302, 66.86927304221852353 ) ) ;
#3222 = ORIENTED_EDGE ( 'NONE', *, *, #777, .T. ) ;
#3223 = CARTESIAN_POINT ( 'NONE',  ( 0.7028352965986045531, 39.54446977037137856, 60.86930358052043033 ) ) ;
#3224 = CARTESIAN_POINT ( 'NONE',  ( -1.925241788773896845, 9.386298900080694452, 6.649999999999995914 ) ) ;
#3225 = VECTOR ( 'NONE', #3954, 1000.000000000000114 ) ;
#3226 = DIRECTION ( 'NONE',  ( 0.000000000000000000, 0.000000000000000000, 1.000000000000000000 ) ) ;
#3227 = ORIENTED_EDGE ( 'NONE', *, *, #3974, .T. ) ;
#3228 = EDGE_LOOP ( 'NONE', ( #8162, #1390, #4198, #7978, #6217, #454 ) ) ;
#3229 = DIRECTION ( 'NONE',  ( -0.4999819370636950921, 0.000000000000000000, 0.8660358321744171528 ) ) ;
#3230 = AXIS2_PLACEMENT_3D ( 'NONE', #6594, #3951, #6005 ) ;
#3231 = VECTOR ( 'NONE', #6044, 1000.000000000000114 ) ;
#3232 = DIRECTION ( 'NONE',  ( -6.383782126896854090E-16, 1.000000000000000000, -2.925052111754154507E-18 ) ) ;
#3233 = CARTESIAN_POINT ( 'NONE',  ( -5.824235094193059403, 2.386298900080692231, 50.00000000000000000 ) ) ;
#3234 = CARTESIAN_POINT ( 'NONE',  ( -6.725183011980039538, 13.81402832956863946, 69.73548391357518028 ) ) ;
#3235 = ORIENTED_EDGE ( 'NONE', *, *, #1000, .T. ) ;
#3236 = CARTESIAN_POINT ( 'NONE',  ( -8.924235094193058160, 2.386298900080692231, 50.00000000000000000 ) ) ;
#3237 = DIRECTION ( 'NONE',  ( -0.000000000000000000, -0.000000000000000000, -1.000000000000000000 ) ) ;
#3238 = EDGE_CURVE ( 'NONE', #1570, #791, #5808, .T. ) ;
#3239 = LINE ( 'NONE', #4652, #7921 ) ;
#3240 = VERTEX_POINT ( 'NONE', #5005 ) ;
#3241 = ORIENTED_EDGE ( 'NONE', *, *, #2495, .F. ) ;
#3242 = FACE_OUTER_BOUND ( 'NONE', #7654, .T. ) ;
#3243 = VECTOR ( 'NONE', #4083, 1000.000000000000114 ) ;
#3244 = ADVANCED_FACE ( 'NONE', ( #3028 ), #174, .T. ) ;
#3245 = ORIENTED_EDGE ( 'NONE', *, *, #4850, .T. ) ;
#3246 = AXIS2_PLACEMENT_3D ( 'NONE', #8861, #2563, #4015 ) ;
#3247 = CARTESIAN_POINT ( 'NONE',  ( 5.631121954429000986, 13.81402832956864479, 64.86920079134334571 ) ) ;
#3248 = EDGE_CURVE ( 'NONE', #410, #4532, #814, .T. ) ;
#3249 = LINE ( 'NONE', #8823, #4691 ) ;
#3250 = ORIENTED_EDGE ( 'NONE', *, *, #8096, .F. ) ;
#3251 = ORIENTED_EDGE ( 'NONE', *, *, #2908, .T. ) ;
#3252 = DIRECTION ( 'NONE',  ( 1.361274163096739818E-06, 2.619996788081942755E-05, -0.9999999996558543991 ) ) ;
#3253 = CARTESIAN_POINT ( 'NONE',  ( -0.3428132785576437636, 27.95203658269705116, 71.73535079592448938 ) ) ;
#3254 = ORIENTED_EDGE ( 'NONE', *, *, #7121, .T. ) ;
#3255 = CARTESIAN_POINT ( 'NONE',  ( -10.59190878877381614, 27.95203658269704405, 82.35127056713264437 ) ) ;
#3256 = ADVANCED_FACE ( 'NONE', ( #130 ), #8464, .T. ) ;
#3257 = EDGE_LOOP ( 'NONE', ( #671, #8003, #7638, #8092 ) ) ;
#3258 = VECTOR ( 'NONE', #3617, 1000.000000000000000 ) ;
#3259 = VECTOR ( 'NONE', #1250, 1000.000000000000114 ) ;
#3260 = EDGE_CURVE ( 'NONE', #2597, #2859, #7829, .T. ) ;
#3261 = CARTESIAN_POINT ( 'NONE',  ( 2.667246974330498066, 27.95203658269705471, 75.73528801549615252 ) ) ;
#3262 = AXIS2_PLACEMENT_3D ( 'NONE', #6623, #7223, #1079 ) ;
#3263 = LINE ( 'NONE', #8788, #162 ) ;
#3264 = DIRECTION ( 'NONE',  ( 0.4999819370636951477, 3.166443754200919549E-16, -0.8660358321744170418 ) ) ;
#3265 = VERTEX_POINT ( 'NONE', #2225 ) ;
#3266 = LINE ( 'NONE', #4036, #2332 ) ;
#3267 = EDGE_LOOP ( 'NONE', ( #8261, #4222, #5743, #2115 ) ) ;
#3268 = DIRECTION ( 'NONE',  ( 6.250839858758867238E-16, -1.000000000000000000, -7.292516007464944339E-32 ) ) ;
#3269 = ORIENTED_EDGE ( 'NONE', *, *, #7391, .T. ) ;
#3270 = EDGE_CURVE ( 'NONE', #8555, #8677, #851, .T. ) ;
#3271 = CARTESIAN_POINT ( 'NONE',  ( 16.37919921348742491, -11.69061593807407640, 43.89902069063637668 ) ) ;
#3272 = ORIENTED_EDGE ( 'NONE', *, *, #5698, .T. ) ;
#3273 = DIRECTION ( 'NONE',  ( 0.000000000000000000, 0.000000000000000000, 1.000000000000000000 ) ) ;
#3274 = DIRECTION ( 'NONE',  ( -1.361274162836599694E-06, 4.722868495026644058E-21, 0.9999999999990735189 ) ) ;
#3275 = CARTESIAN_POINT ( 'NONE',  ( -4.375241788773892360, 2.208813644678181198, 6.649999999999996803 ) ) ;
#3276 = VERTEX_POINT ( 'NONE', #2856 ) ;
#3277 = VERTEX_POINT ( 'NONE', #5637 ) ;
#3278 = CARTESIAN_POINT ( 'NONE',  ( -7.725385994671238876, 39.54446977037137145, 60.00345396527984576 ) ) ;
#3279 = VECTOR ( 'NONE', #3565, 1000.000000000000114 ) ;
#3280 = EDGE_CURVE ( 'NONE', #2171, #6056, #5533, .T. ) ;
#3281 = DIRECTION ( 'NONE',  ( 6.250839858758867238E-16, -1.000000000000000000, -7.292516007464944339E-32 ) ) ;
#3282 = ADVANCED_FACE ( 'NONE', ( #7134 ), #8735, .F. ) ;
#3283 = DIRECTION ( 'NONE',  ( -1.000000000000000000, 0.000000000000000000, 0.000000000000000000 ) ) ;
#3284 = DIRECTION ( 'NONE',  ( -1.361274162836595036E-06, 0.000000000000000000, 0.9999999999990735189 ) ) ;
#3285 = EDGE_LOOP ( 'NONE', ( #1097, #2505 ) ) ;
#3286 = CARTESIAN_POINT ( 'NONE',  ( -4.761141174410441934, 13.81402832956863946, 66.86941754483895295 ) ) ;
#3287 = LINE ( 'NONE', #8860, #5108 ) ;
#3288 = PLANE ( 'NONE',  #655 ) ;
#3289 = VERTEX_POINT ( 'NONE', #3752 ) ;
#3290 = VERTEX_POINT ( 'NONE', #3163 ) ;
#3291 = DIRECTION ( 'NONE',  ( 0.8660149750177211780, 5.413320924122835784E-16, -0.5000180627187940097 ) ) ;
#3292 = EDGE_LOOP ( 'NONE', ( #3722, #1103, #7825, #3222, #5212, #3254 ) ) ;
#3293 = EDGE_CURVE ( 'NONE', #1186, #2451, #1083, .T. ) ;
#3294 = PLANE ( 'NONE',  #7152 ) ;
#3295 = ORIENTED_EDGE ( 'NONE', *, *, #2677, .T. ) ;
#3296 = ORIENTED_EDGE ( 'NONE', *, *, #720, .F. ) ;
#3297 = CARTESIAN_POINT ( 'NONE',  ( 0.2027699309081094636, 39.54446977037137856, 57.73533941356493671 ) ) ;
#3298 = EDGE_CURVE ( 'NONE', #6904, #5713, #3263, .T. ) ;
#3299 = DIRECTION ( 'NONE',  ( 6.250839858758867238E-16, -1.000000000000000000, -7.292516007464944339E-32 ) ) ;
#3300 = ORIENTED_EDGE ( 'NONE', *, *, #8853, .T. ) ;
#3301 = LINE ( 'NONE', #5449, #1619 ) ;
#3302 = VECTOR ( 'NONE', #3376, 1000.000000000000114 ) ;
#3303 = ORIENTED_EDGE ( 'NONE', *, *, #3464, .F. ) ;
#3304 = EDGE_CURVE ( 'NONE', #8452, #25, #5941, .T. ) ;
#3305 = EDGE_CURVE ( 'NONE', #5357, #8959, #5904, .T. ) ;
#3306 = LINE ( 'NONE', #6040, #6145 ) ;
#3307 = DIRECTION ( 'NONE',  ( 0.9999819158629555949, 0.006013943136366104933, -2.085677952052245350E-05 ) ) ;
#3308 = CARTESIAN_POINT ( 'NONE',  ( -6.725135709008349671, 39.54446977037137145, 72.00343310551296838 ) ) ;
#3309 = DIRECTION ( 'NONE',  ( 0.9999999997824894349, 6.250839857399241803E-16, -2.085715669636334030E-05 ) ) ;
#3310 = ORIENTED_EDGE ( 'NONE', *, *, #5787, .F. ) ;
#3311 = CARTESIAN_POINT ( 'NONE',  ( 3.923262372798469677, 31.03359710010020223, 0.000000000000000000 ) ) ;
#3312 = VERTEX_POINT ( 'NONE', #5316 ) ;
#3313 = CARTESIAN_POINT ( 'NONE',  ( 3.620818644216919679, 2.208813644678184751, 6.649999999999996803 ) ) ;
#3314 = ORIENTED_EDGE ( 'NONE', *, *, #2237, .F. ) ;
#3315 = CARTESIAN_POINT ( 'NONE',  ( -0.3431469930647855771, 27.95203658269705116, 55.73535079940473480 ) ) ;
#3316 = ORIENTED_EDGE ( 'NONE', *, *, #7620, .F. ) ;
#3317 = LINE ( 'NONE', #6097, #6989 ) ;
#3318 = LINE ( 'NONE', #1318, #7450 ) ;
#3319 = CARTESIAN_POINT ( 'NONE',  ( 0.7029187252254045504, 39.54446977037137856, 64.86930357965043470 ) ) ;
#3320 = ORIENTED_EDGE ( 'NONE', *, *, #7555, .T. ) ;
#3321 = ORIENTED_EDGE ( 'NONE', *, *, #4239, .F. ) ;
#3322 = LINE ( 'NONE', #3367, #5665 ) ;
#3323 = FACE_BOUND ( 'NONE', #1449, .T. ) ;
#3324 = DIRECTION ( 'NONE',  ( -6.383782126896854090E-16, 1.000000000000000000, -2.925052111754154507E-18 ) ) ;
#3325 = LINE ( 'NONE', #2652, #182 ) ;
#3326 = EDGE_CURVE ( 'NONE', #3995, #5193, #8440, .T. ) ;
#3327 = ORIENTED_EDGE ( 'NONE', *, *, #7066, .F. ) ;
#3328 = PLANE ( 'NONE',  #5192 ) ;
#3329 = CARTESIAN_POINT ( 'NONE',  ( 6.130973159894184121, 27.95203658269705471, 57.73521576810117750 ) ) ;
#3330 = FACE_OUTER_BOUND ( 'NONE', #2788, .T. ) ;
#3331 = ORIENTED_EDGE ( 'NONE', *, *, #7989, .F. ) ;
#3332 = ORIENTED_EDGE ( 'NONE', *, *, #3293, .F. ) ;
#3333 = CARTESIAN_POINT ( 'NONE',  ( -11.64190878877381330, 27.95203658269704405, 82.35127056713264437 ) ) ;
#3334 = ORIENTED_EDGE ( 'NONE', *, *, #4468, .T. ) ;
#3335 = AXIS2_PLACEMENT_3D ( 'NONE', #1274, #6827, #1968 ) ;
#3336 = DIRECTION ( 'NONE',  ( -0.5000180627187942317, -3.125532836542028723E-16, -0.8660149750177209560 ) ) ;
#3337 = CARTESIAN_POINT ( 'NONE',  ( -6.725099583353240540, 13.81402832956863946, 73.73548391270512070 ) ) ;
#3338 = ORIENTED_EDGE ( 'NONE', *, *, #2908, .F. ) ;
#3339 = DIRECTION ( 'NONE',  ( 0.4999819370636951477, 3.166443754200919549E-16, -0.8660358321744170418 ) ) ;
#3340 = DIRECTION ( 'NONE',  ( -0.9999999997824894349, 0.000000000000000000, 2.085715669636333691E-05 ) ) ;
#3341 = EDGE_CURVE ( 'NONE', #4467, #3767, #8103, .T. ) ;
#3342 = EDGE_CURVE ( 'NONE', #4504, #6538, #14, .T. ) ;
#3343 = AXIS2_PLACEMENT_3D ( 'NONE', #1372, #1192, #4643 ) ;
#3344 = CARTESIAN_POINT ( 'NONE',  ( 7.631121953993964979, 39.54446977037137856, 64.86915907702994843 ) ) ;
#3345 = ORIENTED_EDGE ( 'NONE', *, *, #2018, .F. ) ;
#3346 = PLANE ( 'NONE',  #4499 ) ;
#3347 = VECTOR ( 'NONE', #1222, 1000.000000000000227 ) ;
#3348 = ORIENTED_EDGE ( 'NONE', *, *, #1727, .F. ) ;
#3349 = VECTOR ( 'NONE', #8061, 1000.000000000000000 ) ;
#3350 = CARTESIAN_POINT ( 'NONE',  ( 15.71818173701034560, -10.80068155031562149, 43.35004508037951609 ) ) ;
#3351 = CARTESIAN_POINT ( 'NONE',  ( 0.2029367881617241687, 13.81402832956864657, 65.73533941182485307 ) ) ;
#3352 = CARTESIAN_POINT ( 'NONE',  ( -1.296914417085971882, 27.95203658269704761, 72.86934529222367019 ) ) ;
#3353 = VECTOR ( 'NONE', #3865, 1000.000000000000114 ) ;
#3354 = VERTEX_POINT ( 'NONE', #496 ) ;
#3355 = LINE ( 'NONE', #8978, #6239 ) ;
#3356 = ORIENTED_EDGE ( 'NONE', *, *, #2857, .T. ) ;
#3357 = ORIENTED_EDGE ( 'NONE', *, *, #2106, .T. ) ;
#3358 = ADVANCED_FACE ( 'NONE', ( #1817 ), #987, .T. ) ;
#3359 = AXIS2_PLACEMENT_3D ( 'NONE', #6773, #3307, #4032 ) ;
#3360 = DIRECTION ( 'NONE',  ( -0.000000000000000000, -0.000000000000000000, -1.000000000000000000 ) ) ;
#3361 = ORIENTED_EDGE ( 'NONE', *, *, #7486, .F. ) ;
#3362 = CARTESIAN_POINT ( 'NONE',  ( 25.65735644971941909, 27.95203658269706892, 100.0898647465839701 ) ) ;
#3363 = DIRECTION ( 'NONE',  ( -0.5000180627187938986, -3.217337761224690623E-16, -0.8660149750177210670 ) ) ;
#3364 = DIRECTION ( 'NONE',  ( 0.5000180627187942317, 0.000000000000000000, 0.8660149750177208450 ) ) ;
#3365 = ORIENTED_EDGE ( 'NONE', *, *, #6199, .F. ) ;
#3366 = ORIENTED_EDGE ( 'NONE', *, *, #7657, .T. ) ;
#3367 = CARTESIAN_POINT ( 'NONE',  ( 0.2027338052530170964, 39.54446977037137856, 56.00328860637277728 ) ) ;
#3368 = VECTOR ( 'NONE', #1943, 1000.000000000000000 ) ;
#3369 = VECTOR ( 'NONE', #6476, 1000.000000000000114 ) ;
#3370 = VECTOR ( 'NONE', #8413, 1000.000000000000114 ) ;
#3371 = AXIS2_PLACEMENT_3D ( 'NONE', #7743, #1500, #3494 ) ;
#3372 = CARTESIAN_POINT ( 'NONE',  ( 10.95796109054929524, -11.79118635532181614, 79.86261211800059812 ) ) ;
#3373 = LINE ( 'NONE', #6697, #2940 ) ;
#3374 = EDGE_CURVE ( 'NONE', #6660, #5026, #6924, .T. ) ;
#3375 = ORIENTED_EDGE ( 'NONE', *, *, #5132, .T. ) ;
#3376 = DIRECTION ( 'NONE',  ( 0.4999819370636950921, 3.125307020857212586E-16, -0.8660358321744171528 ) ) ;
#3377 = DIRECTION ( 'NONE',  ( 0.000000000000000000, 0.000000000000000000, 1.000000000000000000 ) ) ;
#3378 = CARTESIAN_POINT ( 'NONE',  ( -7.725266440389332523, 13.81402832956863946, 65.73550477160191008 ) ) ;
#3379 = ORIENTED_EDGE ( 'NONE', *, *, #2611, .T. ) ;
#3380 = ORIENTED_EDGE ( 'NONE', *, *, #8701, .F. ) ;
#3381 = FACE_OUTER_BOUND ( 'NONE', #5259, .T. ) ;
#3382 = CIRCLE ( 'NONE', #1054, 1.550000000000000266 ) ;
#3383 = VECTOR ( 'NONE', #2433, 1000.000000000000000 ) ;
#3384 = CARTESIAN_POINT ( 'NONE',  ( 3.667163545486201492, 13.81402832956864479, 71.73526715920951347 ) ) ;
#3385 = FACE_OUTER_BOUND ( 'NONE', #5934, .T. ) ;
#3386 = EDGE_CURVE ( 'NONE', #7374, #3157, #1174, .T. ) ;
#3387 = ORIENTED_EDGE ( 'NONE', *, *, #8359, .F. ) ;
#3388 = DIRECTION ( 'NONE',  ( -0.5000180627187942317, -3.125532836542028723E-16, -0.8660149750177209560 ) ) ;
#3389 = DIRECTION ( 'NONE',  ( 0.000000000000000000, -0.9999939862973237226, 0.003468049767204244103 ) ) ;
#3390 = VECTOR ( 'NONE', #4372, 1000.000000000000114 ) ;
#3391 = DIRECTION ( 'NONE',  ( -2.792169675906450118E-06, 0.003468049767190648641, 0.9999939862934257295 ) ) ;
#3392 = ORIENTED_EDGE ( 'NONE', *, *, #2304, .T. ) ;
#3393 = DIRECTION ( 'NONE',  ( -1.000000000000000000, -7.507767432027760041E-16, 1.964890524745092702E-34 ) ) ;
#3394 = ORIENTED_EDGE ( 'NONE', *, *, #2756, .T. ) ;
#3395 = VECTOR ( 'NONE', #5527, 1000.000000000000000 ) ;
#3396 = LINE ( 'NONE', #1173, #1196 ) ;
#3397 = CARTESIAN_POINT ( 'NONE',  ( -0.3752417887738916935, -4.613701099919306436, 0.000000000000000000 ) ) ;
#3398 = DIRECTION ( 'NONE',  ( 6.250839858758867238E-16, -1.000000000000000000, -7.292516007464944339E-32 ) ) ;
#3399 = VECTOR ( 'NONE', #5476, 1000.000000000000227 ) ;
#3400 = ORIENTED_EDGE ( 'NONE', *, *, #2480, .F. ) ;
#3401 = CARTESIAN_POINT ( 'NONE',  ( -0.7969324800222752359, 27.95203658269705116, 72.00330946004925181 ) ) ;
#3402 = VERTEX_POINT ( 'NONE', #4579 ) ;
#3403 = CARTESIAN_POINT ( 'NONE',  ( -4.261159237346761053, 39.54446977037137145, 66.00338171266453458 ) ) ;
#3404 = ORIENTED_EDGE ( 'NONE', *, *, #7439, .T. ) ;
#3405 = ADVANCED_FACE ( 'NONE', ( #5218 ), #8691, .T. ) ;
#3406 = AXIS2_PLACEMENT_3D ( 'NONE', #4320, #919, #3687 ) ;
#3407 = EDGE_CURVE ( 'NONE', #1531, #1895, #6585, .T. ) ;
#3408 = DIRECTION ( 'NONE',  ( -0.5000180627187938986, 0.000000000000000000, -0.8660149750177210670 ) ) ;
#3409 = EDGE_LOOP ( 'NONE', ( #7800, #3414, #2234, #5957 ) ) ;
#3410 = LINE ( 'NONE', #4777, #2333 ) ;
#3411 = LINE ( 'NONE', #3903, #911 ) ;
#3412 = CARTESIAN_POINT ( 'NONE',  ( 15.86149806235176030, 27.95203658269706537, 45.57527570178183396 ) ) ;
#3413 = EDGE_CURVE ( 'NONE', #7912, #653, #1763, .T. ) ;
#3414 = ORIENTED_EDGE ( 'NONE', *, *, #4515, .F. ) ;
#3415 = ORIENTED_EDGE ( 'NONE', *, *, #2591, .T. ) ;
#3416 = PLANE ( 'NONE',  #1604 ) ;
#3417 = VECTOR ( 'NONE', #8403, 1000.000000000000114 ) ;
#3418 = EDGE_CURVE ( 'NONE', #8843, #7430, #6626, .T. ) ;
#3419 = CARTESIAN_POINT ( 'NONE',  ( 27.62143441294410451, 27.95203658269706892, 98.95584918503993777 ) ) ;
#3420 = EDGE_CURVE ( 'NONE', #5817, #1610, #1125, .T. ) ;
#3421 = ORIENTED_EDGE ( 'NONE', *, *, #5504, .T. ) ;
#3422 = DIRECTION ( 'NONE',  ( 0.000000000000000000, 0.000000000000000000, 1.000000000000000000 ) ) ;
#3423 = DIRECTION ( 'NONE',  ( -0.5000180627187938986, -3.217337761224690623E-16, -0.8660149750177210670 ) ) ;
#3424 = CARTESIAN_POINT ( 'NONE',  ( 16.71810980687938653, -11.79118635532180903, 96.19034265782947557 ) ) ;
#3425 = ORIENTED_EDGE ( 'NONE', *, *, #2310, .T. ) ;
#3426 = ORIENTED_EDGE ( 'NONE', *, *, #1281, .T. ) ;
#3427 = CYLINDRICAL_SURFACE ( 'NONE', #4273, 9.922827407288641766 ) ;
#3428 = EDGE_CURVE ( 'NONE', #3277, #4140, #3207, .T. ) ;
#3429 = LINE ( 'NONE', #4933, #5278 ) ;
#3430 = DIRECTION ( 'NONE',  ( 6.250839858758867238E-16, -1.000000000000000000, -7.292516007464944339E-32 ) ) ;
#3431 = ORIENTED_EDGE ( 'NONE', *, *, #8158, .F. ) ;
#3432 = CARTESIAN_POINT ( 'NONE',  ( 9.100377905247199806, 23.95296590008068449, 85.39818524475565198 ) ) ;
#3433 = LINE ( 'NONE', #3474, #4672 ) ;
#3434 = CARTESIAN_POINT ( 'NONE',  ( -0.3430218501246073970, 27.95203658269705116, 61.73535079809963833 ) ) ;
#3435 = FACE_OUTER_BOUND ( 'NONE', #389, .T. ) ;
#3436 = ORIENTED_EDGE ( 'NONE', *, *, #4409, .T. ) ;
#3437 = LINE ( 'NONE', #4809, #327 ) ;
#3438 = FACE_OUTER_BOUND ( 'NONE', #1481, .T. ) ;
#3439 = EDGE_CURVE ( 'NONE', #1939, #6117, #7284, .T. ) ;
#3440 = FACE_OUTER_BOUND ( 'NONE', #1820, .T. ) ;
#3441 = VERTEX_POINT ( 'NONE', #4810 ) ;
#3442 = DIRECTION ( 'NONE',  ( 0.8660149750177211780, 5.413320924122835784E-16, -0.5000180627187940097 ) ) ;
#3443 = EDGE_LOOP ( 'NONE', ( #1898, #2254, #1402, #6844 ) ) ;
#3444 = DIRECTION ( 'NONE',  ( 6.250839858758867238E-16, -1.000000000000000000, -7.292516007464944339E-32 ) ) ;
#3445 = ORIENTED_EDGE ( 'NONE', *, *, #7837, .F. ) ;
#3446 = EDGE_CURVE ( 'NONE', #8673, #3139, #8456, .T. ) ;
#3447 = AXIS2_PLACEMENT_3D ( 'NONE', #4883, #658, #8222 ) ;
#3448 = LINE ( 'NONE', #3490, #5128 ) ;
#3449 = EDGE_LOOP ( 'NONE', ( #1657, #6831, #5599, #4317 ) ) ;
#3450 = DIRECTION ( 'NONE',  ( -2.792152884625985622E-06, 0.000000000000000000, 0.9999999999961018959 ) ) ;
#3451 = DIRECTION ( 'NONE',  ( -1.091152692702142892E-32, 1.339658354568195596E-16, -1.000000000000000000 ) ) ;
#3452 = EDGE_CURVE ( 'NONE', #7624, #8869, #2628, .T. ) ;
#3453 = DIRECTION ( 'NONE',  ( 6.250839858758867238E-16, -1.000000000000000000, -7.292516007464944339E-32 ) ) ;
#3454 = ORIENTED_EDGE ( 'NONE', *, *, #4274, .T. ) ;
#3455 = ORIENTED_EDGE ( 'NONE', *, *, #8827, .F. ) ;
#3456 = CARTESIAN_POINT ( 'NONE',  ( -0.3752417887738929148, 2.386298900080694452, 43.35000000000001563 ) ) ;
#3457 =( BOUNDED_CURVE ( )  B_SPLINE_CURVE ( 3, ( #4639, #1830, #4003, #5418 ),
 .UNSPECIFIED., .F., .T. ) 
 B_SPLINE_CURVE_WITH_KNOTS ( ( 4, 4 ),
 ( -3.286260152890463360E-14, 0.2151816191752772556 ),
 .UNSPECIFIED. ) 
 CURVE ( )  GEOMETRIC_REPRESENTATION_ITEM ( )  RATIONAL_B_SPLINE_CURVE ( ( 1.000000000000000000, 0.9961451266485923384, 0.9961451266485923384, 1.000000000000000000 ) ) 
 REPRESENTATION_ITEM ( '' )  );
#3458 = ADVANCED_FACE ( 'NONE', ( #4723 ), #5405, .T. ) ;
#3459 = FACE_OUTER_BOUND ( 'NONE', #5382, .T. ) ;
#3460 = ORIENTED_EDGE ( 'NONE', *, *, #5226, .T. ) ;
#3461 = DIRECTION ( 'NONE',  ( 0.4999819370636951477, 0.000000000000000000, -0.8660358321744170418 ) ) ;
#3462 = DIRECTION ( 'NONE',  ( -0.5000180627187938986, -3.217337761224690623E-16, -0.8660149750177210670 ) ) ;
#3463 = DIRECTION ( 'NONE',  ( -6.383782126896855077E-16, 1.000000000000000000, -2.925052111754154507E-18 ) ) ;
#3464 = EDGE_CURVE ( 'NONE', #53, #1962, #6223, .T. ) ;
#3465 = VERTEX_POINT ( 'NONE', #4121 ) ;
#3466 = ORIENTED_EDGE ( 'NONE', *, *, #1680, .T. ) ;
#3467 = PLANE ( 'NONE',  #4575 ) ;
#3468 = AXIS2_PLACEMENT_3D ( 'NONE', #5920, #2457, #8025 ) ;
#3469 = CARTESIAN_POINT ( 'NONE',  ( 2.167228911611702280, 39.54446977037137145, 74.86927304047844700 ) ) ;
#3470 = CARTESIAN_POINT ( 'NONE',  ( 23.92532649968399383, 27.95203658269706537, 101.0899008720215591 ) ) ;
#3471 = DIRECTION ( 'NONE',  ( -0.5000180627187942317, -3.125532836542028723E-16, -0.8660149750177209560 ) ) ;
#3472 = VERTEX_POINT ( 'NONE', #2758 ) ;
#3473 = ORIENTED_EDGE ( 'NONE', *, *, #3883, .F. ) ;
#3474 = CARTESIAN_POINT ( 'NONE',  ( 4.166978625296301253, 13.81402832956864479, 62.86923132877518583 ) ) ;
#3475 = DIRECTION ( 'NONE',  ( -0.8660149750177210670, -5.413320924122833812E-16, 0.5000180627187943427 ) ) ;
#3476 = ORIENTED_EDGE ( 'NONE', *, *, #8947, .F. ) ;
#3477 = CARTESIAN_POINT ( 'NONE',  ( -9.541908788773818983, 27.95203658269704405, 82.35127056713264437 ) ) ;
#3478 = ORIENTED_EDGE ( 'NONE', *, *, #2166, .F. ) ;
#3479 = CARTESIAN_POINT ( 'NONE',  ( -4.261373397572048916, 13.81402832956864124, 55.73543252246685142 ) ) ;
#3480 = CARTESIAN_POINT ( 'NONE',  ( -4.261409523227157159, 39.54446977037137145, 54.00338171527472042 ) ) ;
#3481 = CIRCLE ( 'NONE', #4484, 1.550000000000000266 ) ;
#3482 = FACE_BOUND ( 'NONE', #4707, .T. ) ;
#3483 = VERTEX_POINT ( 'NONE', #7507 ) ;
#3484 = FACE_BOUND ( 'NONE', #1552, .T. ) ;
#3485 = DIRECTION ( 'NONE',  ( -6.843807702385142139E-16, 1.000000000000000000, -1.368761540477028428E-15 ) ) ;
#3486 = VECTOR ( 'NONE', #247, 1000.000000000000000 ) ;
#3487 = VECTOR ( 'NONE', #7696, 1000.000000000000000 ) ;
#3488 = FACE_OUTER_BOUND ( 'NONE', #6983, .T. ) ;
#3489 = AXIS2_PLACEMENT_3D ( 'NONE', #7789, #1586, #1543 ) ;
#3490 = CARTESIAN_POINT ( 'NONE',  ( -3.261075808937468068, 39.54446977037137145, 70.00336085463777636 ) ) ;
#3491 = EDGE_CURVE ( 'NONE', #7882, #1570, #6910, .T. ) ;
#3492 = ORIENTED_EDGE ( 'NONE', *, *, #8950, .T. ) ;
#3493 = CARTESIAN_POINT ( 'NONE',  ( 0.2030675197602278270, 13.81402832956864302, 72.00328860289253896 ) ) ;
#3494 = DIRECTION ( 'NONE',  ( -0.4999819370636950921, 0.000000000000000000, 0.8660358321744171528 ) ) ;
#3495 = VECTOR ( 'NONE', #1346, 1000.000000000000114 ) ;
#3496 = ORIENTED_EDGE ( 'NONE', *, *, #3260, .F. ) ;
#3497 = EDGE_LOOP ( 'NONE', ( #2682, #6330, #5111, #2764 ) ) ;
#3498 = DIRECTION ( 'NONE',  ( 0.000000000000000000, 0.000000000000000000, 1.000000000000000000 ) ) ;
#3499 = ORIENTED_EDGE ( 'NONE', *, *, #8380, .F. ) ;
#3500 = VECTOR ( 'NONE', #6485, 1000.000000000000114 ) ;
#3501 = DIRECTION ( 'NONE',  ( -0.9999999997824894349, 0.000000000000000000, 2.085715669636333691E-05 ) ) ;
#3502 = EDGE_LOOP ( 'NONE', ( #4820, #4186 ) ) ;
#3503 = LINE ( 'NONE', #2021, #6939 ) ;
#3504 = LINE ( 'NONE', #789, #7287 ) ;
#3505 = FACE_OUTER_BOUND ( 'NONE', #5566, .T. ) ;
#3506 = EDGE_LOOP ( 'NONE', ( #3171, #3150, #2532, #1116 ) ) ;
#3507 = VERTEX_POINT ( 'NONE', #3351 ) ;
#3508 = DIRECTION ( 'NONE',  ( 0.9999999997824894349, 6.383781515425612638E-16, -2.085715669603027339E-05 ) ) ;
#3509 = ADVANCED_FACE ( 'NONE', ( #676 ), #8200, .T. ) ;
#3510 = AXIS2_PLACEMENT_3D ( 'NONE', #5596, #8383, #4910 ) ;
#3511 = VECTOR ( 'NONE', #7559, 1000.000000000000114 ) ;
#3512 = CARTESIAN_POINT ( 'NONE',  ( 17.22925471273139664, 27.95203658269706182, 104.9560659376654854 ) ) ;
#3513 = EDGE_CURVE ( 'NONE', #3872, #3703, #2201, .T. ) ;
#3514 = DIRECTION ( 'NONE',  ( -0.000000000000000000, -0.000000000000000000, -1.000000000000000000 ) ) ;
#3515 = DIRECTION ( 'NONE',  ( 6.250839858758867238E-16, -1.000000000000000000, -7.292516007464944339E-32 ) ) ;
#3516 = VERTEX_POINT ( 'NONE', #8880 ) ;
#3517 = DIRECTION ( 'NONE',  ( -0.5000180627187938986, -3.217337761224690623E-16, -0.8660149750177210670 ) ) ;
#3518 = PLANE ( 'NONE',  #5831 ) ;
#3519 = ADVANCED_FACE ( 'NONE', ( #3438 ), #1221, .T. ) ;
#3520 = CARTESIAN_POINT ( 'NONE',  ( -4.761224603037240044, 13.81402832956863946, 62.86941754570900542 ) ) ;
#3521 = EDGE_LOOP ( 'NONE', ( #8655, #1823, #3023, #2752 ) ) ;
#3522 = LINE ( 'NONE', #3651, #882 ) ;
#3523 = VECTOR ( 'NONE', #5656, 1000.000000000000000 ) ;
#3524 = AXIS2_PLACEMENT_3D ( 'NONE', #3892, #2539, #6673 ) ;
#3525 = ORIENTED_EDGE ( 'NONE', *, *, #2117, .T. ) ;
#3526 = EDGE_CURVE ( 'NONE', #6367, #8565, #7455, .T. ) ;
#3527 = AXIS2_PLACEMENT_3D ( 'NONE', #3089, #5015, #7799 ) ;
#3528 = AXIS2_PLACEMENT_3D ( 'NONE', #6604, #1927, #4700 ) ;
#3529 = CARTESIAN_POINT ( 'NONE',  ( -4.261075808719946068, 13.81402832956864124, 70.00338171179448921 ) ) ;
#3530 = EDGE_CURVE ( 'NONE', #4267, #3170, #1399, .T. ) ;
#3531 = PLANE ( 'NONE',  #5403 ) ;
#3532 = DIRECTION ( 'NONE',  ( 5.755241451737143451E-16, -1.000000000000000000, 6.712021091176322394E-32 ) ) ;
#3533 = ORIENTED_EDGE ( 'NONE', *, *, #1963, .T. ) ;
#3534 = DIRECTION ( 'NONE',  ( 6.250839858758867238E-16, -1.000000000000000000, -7.292516007464944339E-32 ) ) ;
#3535 = VECTOR ( 'NONE', #2034, 1000.000000000000000 ) ;
#3536 = CARTESIAN_POINT ( 'NONE',  ( -2.761057746218679831, 39.54446977037137145, 70.86937582965551030 ) ) ;
#3537 = EDGE_CURVE ( 'NONE', #4383, #6192, #8927, .T. ) ;
#3538 = CARTESIAN_POINT ( 'NONE',  ( -7.641908909138017236, -8.047034099919327943, 79.73864887361423825 ) ) ;
#3539 = VECTOR ( 'NONE', #3556, 1000.000000000000114 ) ;
#3540 = CARTESIAN_POINT ( 'NONE',  ( 3.667210848457892691, 39.54446977037137856, 74.00321635114731578 ) ) ;
#3541 = CARTESIAN_POINT ( 'NONE',  ( 7.630955096740367871, 39.54446977037137856, 56.86915907877006759 ) ) ;
#3542 = ORIENTED_EDGE ( 'NONE', *, *, #2390, .T. ) ;
#3543 = LINE ( 'NONE', #93, #6835 ) ;
#3544 = CARTESIAN_POINT ( 'NONE',  ( -0.3429745471529044298, 27.95203658269705116, 64.00329999003741932 ) ) ;
#3545 = CARTESIAN_POINT ( 'NONE',  ( 15.93170659943753087, 27.95203658269706182, 50.00000000000000000 ) ) ;
#3546 = ORIENTED_EDGE ( 'NONE', *, *, #4792, .F. ) ;
#3547 = ORIENTED_EDGE ( 'NONE', *, *, #2501, .T. ) ;
#3548 = LINE ( 'NONE', #4968, #3038 ) ;
#3549 = EDGE_LOOP ( 'NONE', ( #3084, #4154, #3269, #1545, #6158, #8244 ) ) ;
#3550 = AXIS2_PLACEMENT_3D ( 'NONE', #7418, #1189, #4693 ) ;
#3551 = ADVANCED_FACE ( 'NONE', ( #4767 ), #716, .F. ) ;
#3552 = DIRECTION ( 'NONE',  ( -0.000000000000000000, -0.000000000000000000, -1.000000000000000000 ) ) ;
#3553 = ORIENTED_EDGE ( 'NONE', *, *, #189, .T. ) ;
#3554 = CARTESIAN_POINT ( 'NONE',  ( -0.3419087887734970632, 27.95203658269705116, 79.72477981405998548 ) ) ;
#3555 = PLANE ( 'NONE',  #3798 ) ;
#3556 = DIRECTION ( 'NONE',  ( -0.4999819370636952032, -3.125307020857213572E-16, 0.8660358321744170418 ) ) ;
#3557 = ORIENTED_EDGE ( 'NONE', *, *, #392, .F. ) ;
#3558 = LINE ( 'NONE', #2916, #809 ) ;
#3559 = ADVANCED_FACE ( 'NONE', ( #5587 ), #540, .F. ) ;
#3560 = EDGE_CURVE ( 'NONE', #4465, #1891, #3205, .T. ) ;
#3561 = DIRECTION ( 'NONE',  ( 0.4999819370636951477, 0.000000000000000000, -0.8660358321744170418 ) ) ;
#3562 = CARTESIAN_POINT ( 'NONE',  ( 0.2029367881617080982, 39.54446977037137856, 65.73533941182485307 ) ) ;
#3563 = DIRECTION ( 'NONE',  ( 8.145007187700838718E-17, -1.000000000000000000, 0.000000000000000000 ) ) ;
#3564 = ORIENTED_EDGE ( 'NONE', *, *, #2188, .F. ) ;
#3565 = DIRECTION ( 'NONE',  ( 0.5000180627187942317, 3.217337761224692595E-16, 0.8660149750177208450 ) ) ;
#3566 = CARTESIAN_POINT ( 'NONE',  ( 0.7030855824790155362, 27.95203658269705116, 72.86930357791027291 ) ) ;
#3567 = SPHERICAL_SURFACE ( 'NONE', #1358, 1.000000000000000000 ) ;
#3568 = ORIENTED_EDGE ( 'NONE', *, *, #3407, .F. ) ;
#3569 = DIRECTION ( 'NONE',  ( -1.000000000000000000, 0.000000000000000000, 0.000000000000000000 ) ) ;
#3570 = EDGE_CURVE ( 'NONE', #3472, #5575, #6135, .T. ) ;
#3571 = VERTEX_POINT ( 'NONE', #7686 ) ;
#3572 = EDGE_CURVE ( 'NONE', #7005, #6500, #80, .T. ) ;
#3573 = EDGE_CURVE ( 'NONE', #2903, #3896, #217, .T. ) ;
#3574 = DIRECTION ( 'NONE',  ( 1.000000000000000000, 0.000000000000000000, 0.000000000000000000 ) ) ;
#3575 = DIRECTION ( 'NONE',  ( 0.9999819158629555949, 0.006013943136366104933, -2.085677952052245350E-05 ) ) ;
#3576 = DIRECTION ( 'NONE',  ( 1.166645790364705931E-16, 2.307121025834449284E-35, -1.000000000000000000 ) ) ;
#3577 = ADVANCED_FACE ( 'NONE', ( #4948 ), #8504, .T. ) ;
#3578 = EDGE_CURVE ( 'NONE', #6192, #6032, #3659, .T. ) ;
#3579 = VERTEX_POINT ( 'NONE', #7733 ) ;
#3580 = DIRECTION ( 'NONE',  ( 0.8660149750177211780, 5.413320924122835784E-16, -0.5000180627187940097 ) ) ;
#3581 = CARTESIAN_POINT ( 'NONE',  ( 7.631205382620780853, 27.95203658269705826, 68.86915907615990307 ) ) ;
#3582 = CARTESIAN_POINT ( 'NONE',  ( 12.11513577063899483, 23.95106672185283969, 79.73868904926037260 ) ) ;
#3583 = DIRECTION ( 'NONE',  ( 5.755241451737143451E-16, -1.000000000000000000, 6.712021091176322394E-32 ) ) ;
#3584 = FACE_OUTER_BOUND ( 'NONE', #3689, .T. ) ;
#3585 = ORIENTED_EDGE ( 'NONE', *, *, #972, .F. ) ;
#3586 = DIRECTION ( 'NONE',  ( 0.5000180627187942317, 3.217337761224692595E-16, 0.8660149750177208450 ) ) ;
#3587 = DIRECTION ( 'NONE',  ( 0.5000180627187942317, 0.000000000000000000, 0.8660149750177208450 ) ) ;
#3588 = DIRECTION ( 'NONE',  ( 6.250839858758867238E-16, -1.000000000000000000, -7.292516007464944339E-32 ) ) ;
#3589 = ORIENTED_EDGE ( 'NONE', *, *, #5460, .F. ) ;
#3590 = ORIENTED_EDGE ( 'NONE', *, *, #245, .F. ) ;
#3591 = CARTESIAN_POINT ( 'NONE',  ( -26.50504015369178745, 27.95203658269703340, 99.99670720669969626 ) ) ;
#3592 = ORIENTED_EDGE ( 'NONE', *, *, #1639, .T. ) ;
#3593 = DIRECTION ( 'NONE',  ( 0.9999999997824894349, 6.383781515425612638E-16, -2.085715669603027339E-05 ) ) ;
#3594 = ORIENTED_EDGE ( 'NONE', *, *, #185, .T. ) ;
#3595 = CARTESIAN_POINT ( 'NONE',  ( -11.39812996423726332, 13.81402832956863769, 79.73864887361423825 ) ) ;
#3596 = CARTESIAN_POINT ( 'NONE',  ( 9.224758211226104621, 2.386298900080695340, 0.000000000000000000 ) ) ;
#3597 = CARTESIAN_POINT ( 'NONE',  ( 16.71811116815538512, 27.95203658269706182, 96.19034129655530307 ) ) ;
#3598 = ORIENTED_EDGE ( 'NONE', *, *, #1281, .F. ) ;
#3599 = DIRECTION ( 'NONE',  ( 0.8660149750177211780, 5.413320924122835784E-16, -0.5000180627187940097 ) ) ;
#3600 = EDGE_CURVE ( 'NONE', #1405, #8024, #939, .T. ) ;
#3601 = DIRECTION ( 'NONE',  ( 0.4999819370636951477, 0.000000000000000000, -0.8660358321744170418 ) ) ;
#3602 = DIRECTION ( 'NONE',  ( -0.000000000000000000, -0.000000000000000000, -1.000000000000000000 ) ) ;
#3603 = LINE ( 'NONE', #6254, #5847 ) ;
#3604 = CARTESIAN_POINT ( 'NONE',  ( -6.725385994888745778, 39.54446977037137145, 60.00343310812314002 ) ) ;
#3605 = CARTESIAN_POINT ( 'NONE',  ( 0.2029006625066157310, 39.54446977037137856, 64.00328860463270075 ) ) ;
#3606 = FACE_OUTER_BOUND ( 'NONE', #5498, .T. ) ;
#3607 = ORIENTED_EDGE ( 'NONE', *, *, #943, .T. ) ;
#3608 = CYLINDRICAL_SURFACE ( 'NONE', #6118, 1.550000000000000266 ) ;
#3609 = ADVANCED_FACE ( 'NONE', ( #3613 ), #1487, .F. ) ;
#3610 = ORIENTED_EDGE ( 'NONE', *, *, #6362, .T. ) ;
#3611 = EDGE_CURVE ( 'NONE', #2276, #5193, #6393, .T. ) ;
#3612 = CARTESIAN_POINT ( 'NONE',  ( 11.21809176883050085, -8.047816158242198981, 79.84962984578854162 ) ) ;
#3613 = FACE_OUTER_BOUND ( 'NONE', #620, .T. ) ;
#3614 = CARTESIAN_POINT ( 'NONE',  ( 11.76816763782072961, 13.81402832956865190, 50.00000000000000000 ) ) ;
#3615 = ORIENTED_EDGE ( 'NONE', *, *, #4221, .T. ) ;
#3616 = DIRECTION ( 'NONE',  ( 0.000000000000000000, 0.000000000000000000, 1.000000000000000000 ) ) ;
#3617 = DIRECTION ( 'NONE',  ( 1.000000000000000000, 0.000000000000000000, 0.000000000000000000 ) ) ;
#3618 = DIRECTION ( 'NONE',  ( -0.9999999997824894349, -6.383781515425612638E-16, 2.085715669636333691E-05 ) ) ;
#3619 = FACE_OUTER_BOUND ( 'NONE', #1558, .T. ) ;
#3620 = CARTESIAN_POINT ( 'NONE',  ( -0.3427715642442510369, 27.95203658269705116, 73.73535079548945248 ) ) ;
#3621 = VERTEX_POINT ( 'NONE', #8546 ) ;
#3622 = CARTESIAN_POINT ( 'NONE',  ( -8.225367931734918869, 13.81402832956863769, 60.86948979745426414 ) ) ;
#3623 = ADVANCED_FACE ( 'NONE', ( #5667 ), #3709, .T. ) ;
#3624 = VECTOR ( 'NONE', #8123, 1000.000000000000114 ) ;
#3625 = CARTESIAN_POINT ( 'NONE',  ( -7.725135708790827671, 13.81402832956863946, 72.00345396266968123 ) ) ;
#3626 = VECTOR ( 'NONE', #4125, 999.9999999999998863 ) ;
#3627 = VERTEX_POINT ( 'NONE', #5802 ) ;
#3628 = ORIENTED_EDGE ( 'NONE', *, *, #963, .F. ) ;
#3629 = DIRECTION ( 'NONE',  ( -0.9999999997824894349, -6.250839857399242789E-16, 2.085715669603027339E-05 ) ) ;
#3630 = VERTEX_POINT ( 'NONE', #7041 ) ;
#3631 = AXIS2_PLACEMENT_3D ( 'NONE', #6270, #5589, #1440 ) ;
#3632 = AXIS2_PLACEMENT_3D ( 'NONE', #354, #984, #7129 ) ;
#3633 = LINE ( 'NONE', #2323, #8776 ) ;
#3634 = EDGE_LOOP ( 'NONE', ( #2208, #6139, #8883, #2093 ) ) ;
#3635 = CARTESIAN_POINT ( 'NONE',  ( 3.666960562577503246, 27.95203658269705471, 62.00321635375745188 ) ) ;
#3636 = DIRECTION ( 'NONE',  ( -2.085715669636334030E-05, -1.303747464172781074E-20, -0.9999999997824895459 ) ) ;
#3637 = CARTESIAN_POINT ( 'NONE',  ( -9.784195482811798072, 23.95296590008068449, 85.39818524475565198 ) ) ;
#3638 = ORIENTED_EDGE ( 'NONE', *, *, #7395, .F. ) ;
#3639 = DIRECTION ( 'NONE',  ( 6.250839858758867238E-16, -1.000000000000000000, -7.292516007464944339E-32 ) ) ;
#3640 = VECTOR ( 'NONE', #4622, 1000.000000000000114 ) ;
#3641 = EDGE_CURVE ( 'NONE', #8232, #4340, #2306, .T. ) ;
#3642 = CARTESIAN_POINT ( 'NONE',  ( 16.71818121401370760, -11.16838871265339783, 44.11843753206100160 ) ) ;
#3643 = CIRCLE ( 'NONE', #1329, 9.922827407288641766 ) ;
#3644 = CARTESIAN_POINT ( 'NONE',  ( 10.71967825872268065, 27.95203658269705826, 115.1010398538781914 ) ) ;
#3645 = CARTESIAN_POINT ( 'NONE',  ( -7.374235094193059226, 2.386298900080692231, 0.000000000000000000 ) ) ;
#3646 = ORIENTED_EDGE ( 'NONE', *, *, #1964, .T. ) ;
#3647 = PLANE ( 'NONE',  #1396 ) ;
#3648 = DIRECTION ( 'NONE',  ( -1.000000000000000000, -4.336808689942017736E-16, 0.000000000000000000 ) ) ;
#3649 = DIRECTION ( 'NONE',  ( 6.250839858758867238E-16, -1.000000000000000000, -7.292516007464944339E-32 ) ) ;
#3650 = VERTEX_POINT ( 'NONE', #1438 ) ;
#3651 = CARTESIAN_POINT ( 'NONE',  ( -0.3428911185261203642, 27.95203658269705116, 68.00329998916741658 ) ) ;
#3652 = ORIENTED_EDGE ( 'NONE', *, *, #1847, .F. ) ;
#3653 = VECTOR ( 'NONE', #6083, 1000.000000000000114 ) ;
#3654 = AXIS2_PLACEMENT_3D ( 'NONE', #2296, #5659, #155 ) ;
#3655 = EDGE_CURVE ( 'NONE', #8033, #4268, #1577, .T. ) ;
#3656 = CARTESIAN_POINT ( 'NONE',  ( -8.225367931734918869, 13.81402832956863769, 60.86948979745426414 ) ) ;
#3657 = CARTESIAN_POINT ( 'NONE',  ( 16.71813221630366186, 26.95203658269706892, 79.72824788468312818 ) ) ;
#3658 = AXIS2_PLACEMENT_3D ( 'NONE', #3738, #1664, #4421 ) ;
#3659 = LINE ( 'NONE', #5630, #4818 ) ;
#3660 = VECTOR ( 'NONE', #2241, 1000.000000000000114 ) ;
#3661 = ORIENTED_EDGE ( 'NONE', *, *, #4397, .T. ) ;
#3662 = DIRECTION ( 'NONE',  ( 0.000000000000000000, 0.000000000000000000, 1.000000000000000000 ) ) ;
#3663 = DIRECTION ( 'NONE',  ( 0.9999999997824894349, 0.000000000000000000, -2.085715669603027339E-05 ) ) ;
#3664 = AXIS2_PLACEMENT_3D ( 'NONE', #5509, #8303, #2060 ) ;
#3665 = VECTOR ( 'NONE', #7832, 1000.000000000000000 ) ;
#3666 = ADVANCED_FACE ( 'NONE', ( #4337 ), #6994, .F. ) ;
#3667 = DIRECTION ( 'NONE',  ( -4.635031659268013795E-16, 1.000000000000000000, 2.008870507704175424E-22 ) ) ;
#3668 = DIRECTION ( 'NONE',  ( 1.000000000000000000, 0.000000000000000000, 0.000000000000000000 ) ) ;
#3669 = LINE ( 'NONE', #2988, #4710 ) ;
#3670 = ORIENTED_EDGE ( 'NONE', *, *, #6728, .T. ) ;
#3671 = LINE ( 'NONE', #46, #1606 ) ;
#3672 = DIRECTION ( 'NONE',  ( -0.4999819370636950921, -3.166443754200919549E-16, 0.8660358321744171528 ) ) ;
#3673 = VECTOR ( 'NONE', #5756, 1000.000000000000000 ) ;
#3674 = AXIS2_PLACEMENT_3D ( 'NONE', #3051, #7982, #4457 ) ;
#3675 = CARTESIAN_POINT ( 'NONE',  ( 20.46126659961310779, 27.95203658269706537, 103.0899731228967369 ) ) ;
#3676 = ORIENTED_EDGE ( 'NONE', *, *, #7515, .T. ) ;
#3677 = ORIENTED_EDGE ( 'NONE', *, *, #4234, .T. ) ;
#3678 = DIRECTION ( 'NONE',  ( 9.605659310295823491E-08, 0.000000000000000000, 0.9999999999999953371 ) ) ;
#3679 = ORIENTED_EDGE ( 'NONE', *, *, #3439, .T. ) ;
#3680 = EDGE_CURVE ( 'NONE', #1987, #273, #165, .T. ) ;
#3681 = CIRCLE ( 'NONE', #7634, 1.000000000000000888 ) ;
#3682 = ADVANCED_FACE ( 'NONE', ( #764 ), #3531, .F. ) ;
#3683 = LINE ( 'NONE', #7886, #5427 ) ;
#3684 = VERTEX_POINT ( 'NONE', #6354 ) ;
#3685 = DIRECTION ( 'NONE',  ( 0.4999819370636950921, 3.125307020857212586E-16, -0.8660358321744171528 ) ) ;
#3686 = LINE ( 'NONE', #240, #8330 ) ;
#3687 = DIRECTION ( 'NONE',  ( 0.000000000000000000, 1.000000000000000000, 0.000000000000000000 ) ) ;
#3688 = EDGE_LOOP ( 'NONE', ( #7364, #6291, #2097, #2553 ) ) ;
#3689 = EDGE_LOOP ( 'NONE', ( #7543, #1749, #5763, #4056 ) ) ;
#3690 = CARTESIAN_POINT ( 'NONE',  ( 3.666960562577495697, 39.54446977037137856, 62.00321635375745188 ) ) ;
#3691 = VECTOR ( 'NONE', #8549, 1000.000000000000114 ) ;
#3692 = EDGE_CURVE ( 'NONE', #6367, #4405, #6858, .T. ) ;
#3693 = AXIS2_PLACEMENT_3D ( 'NONE', #8910, #3291, #4709 ) ;
#3694 = EDGE_CURVE ( 'NONE', #2903, #8885, #7125, .T. ) ;
#3695 = VECTOR ( 'NONE', #3860, 1000.000000000000227 ) ;
#3696 = DIRECTION ( 'NONE',  ( 0.8660149750177211780, 5.413320924122835784E-16, -0.5000180627187940097 ) ) ;
#3697 = LINE ( 'NONE', #7247, #7413 ) ;
#3698 = LINE ( 'NONE', #3100, #4248 ) ;
#3699 = VERTEX_POINT ( 'NONE', #6034 ) ;
#3700 = DIRECTION ( 'NONE',  ( 0.8660358321744171528, 5.413451298869251709E-16, 0.4999819370636952032 ) ) ;
#3701 = LINE ( 'NONE', #6516, #8608 ) ;
#3702 = CARTESIAN_POINT ( 'NONE',  ( 27.38938639975487987, 27.95203658269706892, 99.08982862114638124 ) ) ;
#3703 = VERTEX_POINT ( 'NONE', #3790 ) ;
#3704 = CARTESIAN_POINT ( 'NONE',  ( -4.260956254438055701, 13.81402832956864124, 75.73543251811656773 ) ) ;
#3705 = ORIENTED_EDGE ( 'NONE', *, *, #628, .T. ) ;
#3706 = EDGE_CURVE ( 'NONE', #7217, #6545, #7306, .T. ) ;
#3707 = DIRECTION ( 'NONE',  ( 0.9999999997824894349, 0.000000000000000000, -2.085715669603027339E-05 ) ) ;
#3708 = CARTESIAN_POINT ( 'NONE',  ( -3.261326094817864174, 39.54446977037137145, 58.00336085724795510 ) ) ;
#3709 = PLANE ( 'NONE',  #3064 ) ;
#3710 = VECTOR ( 'NONE', #2205, 1000.000000000000114 ) ;
#3711 = ORIENTED_EDGE ( 'NONE', *, *, #8701, .T. ) ;
#3712 = PLANE ( 'NONE',  #1901 ) ;
#3713 = DIRECTION ( 'NONE',  ( 0.9999999997824894349, 0.000000000000000000, -2.085715669603027339E-05 ) ) ;
#3714 = EDGE_CURVE ( 'NONE', #3922, #4748, #6526, .T. ) ;
#3715 = DIRECTION ( 'NONE',  ( 0.5000180627187940097, 3.125532836542028723E-16, 0.8660149750177211780 ) ) ;
#3716 = DIRECTION ( 'NONE',  ( 6.250839858758867238E-16, -1.000000000000000000, -7.292516007464944339E-32 ) ) ;
#3717 = DIRECTION ( 'NONE',  ( -1.166645790364705931E-16, 2.925052111754080166E-18, 1.000000000000000000 ) ) ;
#3718 = ORIENTED_EDGE ( 'NONE', *, *, #7818, .F. ) ;
#3719 = LINE ( 'NONE', #7398, #2942 ) ;
#3720 = LINE ( 'NONE', #3625, #4103 ) ;
#3721 = ORIENTED_EDGE ( 'NONE', *, *, #4923, .F. ) ;
#3722 = ORIENTED_EDGE ( 'NONE', *, *, #1727, .T. ) ;
#3723 = DIRECTION ( 'NONE',  ( -1.091152692702142892E-32, 1.339658354568195596E-16, -1.000000000000000000 ) ) ;
#3724 = ORIENTED_EDGE ( 'NONE', *, *, #1942, .F. ) ;
#3725 = EDGE_CURVE ( 'NONE', #7169, #5432, #3841, .T. ) ;
#3726 = ADVANCED_FACE ( 'NONE', ( #304 ), #5306, .T. ) ;
#3727 = CARTESIAN_POINT ( 'NONE',  ( 7.131056588303476218, 27.95203658269705471, 61.73519491007443349 ) ) ;
#3728 = ORIENTED_EDGE ( 'NONE', *, *, #6789, .F. ) ;
#3729 = DIRECTION ( 'NONE',  ( 1.166244989663167914E-16, 7.112151367301696671E-32, -1.000000000000000000 ) ) ;
#3730 = LINE ( 'NONE', #6505, #4982 ) ;
#3731 = CARTESIAN_POINT ( 'NONE',  ( 6.958102760377768981, -9.447034099919312311, 9.973690599628677380E-07 ) ) ;
#3732 = ORIENTED_EDGE ( 'NONE', *, *, #6601, .T. ) ;
#3733 = ORIENTED_EDGE ( 'NONE', *, *, #1110, .T. ) ;
#3734 = CARTESIAN_POINT ( 'NONE',  ( -7.725433297642945618, 39.54446977037137145, 57.73550477334202924 ) ) ;
#3735 = CARTESIAN_POINT ( 'NONE',  ( 16.71818173700939525, -11.05605560694973022, 9.725875095459128872 ) ) ;
#3736 = DIRECTION ( 'NONE',  ( 5.755241453125612600E-16, -1.000000000000000000, 0.000000000000000000 ) ) ;
#3737 = EDGE_CURVE ( 'NONE', #1108, #2445, #2395, .T. ) ;
#3738 = CARTESIAN_POINT ( 'NONE',  ( -16.39812996423724911, 26.95203658269703695, -1.991716604275044095E-15 ) ) ;
#3739 = ORIENTED_EDGE ( 'NONE', *, *, #5307, .T. ) ;
#3740 = LINE ( 'NONE', #4988, #7209 ) ;
#3741 = CARTESIAN_POINT ( 'NONE',  ( 16.71818173700939525, -10.81282821689432616, 79.85921910288178083 ) ) ;
#3742 = CARTESIAN_POINT ( 'NONE',  ( -6.725183011980055525, 39.54446977037137145, 69.73548391357518028 ) ) ;
#3743 = ORIENTED_EDGE ( 'NONE', *, *, #1080, .T. ) ;
#3744 = CARTESIAN_POINT ( 'NONE',  ( -2.761391460725857616, 13.81402832956864124, 54.86937583313574152 ) ) ;
#3745 = VERTEX_POINT ( 'NONE', #3158 ) ;
#3746 = CARTESIAN_POINT ( 'NONE',  ( -6.725219137635131794, 13.81402832956863946, 68.00343310638301375 ) ) ;
#3747 = FACE_OUTER_BOUND ( 'NONE', #5103, .T. ) ;
#3748 = LINE ( 'NONE', #7258, #885 ) ;
#3749 = EDGE_LOOP ( 'NONE', ( #8285, #2298, #700, #6247 ) ) ;
#3750 = FACE_OUTER_BOUND ( 'NONE', #5346, .T. ) ;
#3751 = CARTESIAN_POINT ( 'NONE',  ( 16.71809819166035282, -8.048244284842871465, 96.19034408870739128 ) ) ;
#3752 = CARTESIAN_POINT ( 'NONE',  ( -8.225451360361716979, 13.81402832956863769, 56.86948979832430950 ) ) ;
#3753 = CARTESIAN_POINT ( 'NONE',  ( -3.261159237564250635, 13.81402832956864124, 66.00336085550782173 ) ) ;
#3754 = ORIENTED_EDGE ( 'NONE', *, *, #3706, .F. ) ;
#3755 = ORIENTED_EDGE ( 'NONE', *, *, #7197, .F. ) ;
#3756 = DIRECTION ( 'NONE',  ( -0.000000000000000000, -0.000000000000000000, 1.000000000000000000 ) ) ;
#3757 = VERTEX_POINT ( 'NONE', #6662 ) ;
#3758 = ORIENTED_EDGE ( 'NONE', *, *, #2555, .T. ) ;
#3759 = ADVANCED_FACE ( 'NONE', ( #8726 ), #5897, .T. ) ;
#3760 = VECTOR ( 'NONE', #2864, 1000.000000000000000 ) ;
#3761 = CARTESIAN_POINT ( 'NONE',  ( 15.71810980688031378, -10.79118635532180903, 96.19034129655530307 ) ) ;
#3762 = VERTEX_POINT ( 'NONE', #2478 ) ;
#3763 = DIRECTION ( 'NONE',  ( -1.000000000000000000, -6.383782126896855077E-16, 2.213940725887920203E-18 ) ) ;
#3764 = DIRECTION ( 'NONE',  ( 0.4999819370636951477, 0.000000000000000000, -0.8660358321744170418 ) ) ;
#3765 = CARTESIAN_POINT ( 'NONE',  ( -0.3431831187198647881, 27.95203658269705116, 54.00329999221261090 ) ) ;
#3766 = AXIS2_PLACEMENT_3D ( 'NONE', #5669, #3532, #8678 ) ;
#3767 = VERTEX_POINT ( 'NONE', #6620 ) ;
#3768 = ORIENTED_EDGE ( 'NONE', *, *, #5314, .F. ) ;
#3769 = LINE ( 'NONE', #7245, #1660 ) ;
#3770 = VECTOR ( 'NONE', #8491, 1000.000000000000114 ) ;
#3771 = VECTOR ( 'NONE', #717, 1000.000000000000000 ) ;
#3772 = DIRECTION ( 'NONE',  ( -6.383782126896855077E-16, 1.000000000000000000, -2.925052111754154507E-18 ) ) ;
#3773 = FACE_OUTER_BOUND ( 'NONE', #7239, .T. ) ;
#3774 = CARTESIAN_POINT ( 'NONE',  ( -2.761141174845478385, 39.54446977037137145, 66.86937583052555567 ) ) ;
#3775 = ORIENTED_EDGE ( 'NONE', *, *, #6816, .T. ) ;
#3776 = FACE_OUTER_BOUND ( 'NONE', #1211, .T. ) ;
#3777 = DIRECTION ( 'NONE',  ( -0.4999819370636950921, -3.166443754200919549E-16, 0.8660358321744171528 ) ) ;
#3778 = VECTOR ( 'NONE', #4438, 1000.000000000000227 ) ;
#3779 = CARTESIAN_POINT ( 'NONE',  ( -0.3752417887738916935, -4.613701099919306436, 50.00000000000000000 ) ) ;
#3780 = ORIENTED_EDGE ( 'NONE', *, *, #2718, .T. ) ;
#3781 = CARTESIAN_POINT ( 'NONE',  ( 3.666793705323905694, 27.95203658269705116, 54.00321635549759947 ) ) ;
#3782 = CARTESIAN_POINT ( 'NONE',  ( 0.7027518679718278705, 27.95203658269705116, 56.86930358139051123 ) ) ;
#3783 = VECTOR ( 'NONE', #1529, 1000.000000000000227 ) ;
#3784 = ORIENTED_EDGE ( 'NONE', *, *, #5585, .F. ) ;
#3785 = EDGE_CURVE ( 'NONE', #1953, #7554, #437, .T. ) ;
#3786 = EDGE_CURVE ( 'NONE', #6841, #7851, #3200, .T. ) ;
#3787 = AXIS2_PLACEMENT_3D ( 'NONE', #7823, #7865, #123 ) ;
#3788 = CYLINDRICAL_SURFACE ( 'NONE', #2369, 1.549999999999999378 ) ;
#3789 = CARTESIAN_POINT ( 'NONE',  ( 7.631038525367182856, 13.81402832956864657, 60.86915907790000801 ) ) ;
#3790 = CARTESIAN_POINT ( 'NONE',  ( 3.624758211226108084, 2.386298900080694896, 50.00000000000000000 ) ) ;
#3791 = EDGE_CURVE ( 'NONE', #6957, #3893, #7220, .T. ) ;
#3792 = ORIENTED_EDGE ( 'NONE', *, *, #8741, .F. ) ;
#3793 = CARTESIAN_POINT ( 'NONE',  ( -0.7971466402475700930, 13.81402832956864302, 61.73536026985154024 ) ) ;
#3794 = DIRECTION ( 'NONE',  ( 0.000000000000000000, 1.000000000000000000, 9.035018104045871927E-17 ) ) ;
#3795 = EDGE_CURVE ( 'NONE', #588, #6855, #8685, .T. ) ;
#3796 = EDGE_CURVE ( 'NONE', #4087, #8607, #3643, .T. ) ;
#3797 = AXIS2_PLACEMENT_3D ( 'NONE', #5361, #2627, #5666 ) ;
#3798 = AXIS2_PLACEMENT_3D ( 'NONE', #5690, #3636, #8352 ) ;
#3799 = CARTESIAN_POINT ( 'NONE',  ( 2.667246974330506948, 13.81402832956864657, 75.73528801549615252 ) ) ;
#3800 = CARTESIAN_POINT ( 'NONE',  ( 16.61033619477861834, 24.01002137493217958, 96.71232872302874739 ) ) ;
#3801 = DIRECTION ( 'NONE',  ( 0.9999999997824894349, 6.250839857399241803E-16, -2.085715669636334030E-05 ) ) ;
#3802 = CARTESIAN_POINT ( 'NONE',  ( -1.966042185662416890E-14, 26.05203658269704903, 0.000000000000000000 ) ) ;
#3803 = ORIENTED_EDGE ( 'NONE', *, *, #4754, .F. ) ;
#3804 = ORIENTED_EDGE ( 'NONE', *, *, #4221, .F. ) ;
#3805 = DIRECTION ( 'NONE',  ( -1.000000000000000000, 0.000000000000000000, 0.000000000000000000 ) ) ;
#3806 = VECTOR ( 'NONE', #7164, 1000.000000000000000 ) ;
#3807 = ORIENTED_EDGE ( 'NONE', *, *, #6365, .F. ) ;
#3808 = ORIENTED_EDGE ( 'NONE', *, *, #5617, .F. ) ;
#3809 = CIRCLE ( 'NONE', #3524, 1.049999999999988498 ) ;
#3810 = EDGE_CURVE ( 'NONE', #2665, #481, #2530, .T. ) ;
#3811 = AXIS2_PLACEMENT_3D ( 'NONE', #8210, #6780, #547 ) ;
#3812 = AXIS2_PLACEMENT_3D ( 'NONE', #6510, #285, #8490 ) ;
#3813 = DIRECTION ( 'NONE',  ( -0.000000000000000000, -0.000000000000000000, -1.000000000000000000 ) ) ;
#3814 = VERTEX_POINT ( 'NONE', #1756 ) ;
#3815 = DIRECTION ( 'NONE',  ( 0.9999819158629555949, 0.006013943136366104933, -2.085677952052245350E-05 ) ) ;
#3816 = DIRECTION ( 'NONE',  ( 0.8660358321744171528, 5.413451298869251709E-16, 0.4999819370636952032 ) ) ;
#3817 = DIRECTION ( 'NONE',  ( 6.250839858758867238E-16, -1.000000000000000000, -7.292516007464944339E-32 ) ) ;
#3818 = ORIENTED_EDGE ( 'NONE', *, *, #4751, .T. ) ;
#3819 = ORIENTED_EDGE ( 'NONE', *, *, #1692, .T. ) ;
#3820 = CARTESIAN_POINT ( 'NONE',  ( 6.131270748746279864, 39.54446977037137856, 72.00316495742883660 ) ) ;
#3821 = CIRCLE ( 'NONE', #7175, 0.9999999999999988898 ) ;
#3822 = FACE_BOUND ( 'NONE', #5542, .T. ) ;
#3823 = CARTESIAN_POINT ( 'NONE',  ( 6.131020462865890863, 27.95203658269705471, 60.00316496003898692 ) ) ;
#3824 = DIRECTION ( 'NONE',  ( -2.406425471801890409E-18, 0.003468049767204245837, 0.9999939862973238336 ) ) ;
#3825 = ORIENTED_EDGE ( 'NONE', *, *, #6210, .F. ) ;
#3826 = LINE ( 'NONE', #6608, #7373 ) ;
#3827 = LINE ( 'NONE', #2465, #8759 ) ;
#3828 = DIRECTION ( 'NONE',  ( -6.379660775701297415E-16, 1.000000000000000000, 0.000000000000000000 ) ) ;
#3829 = ORIENTED_EDGE ( 'NONE', *, *, #7308, .F. ) ;
#3830 = EDGE_LOOP ( 'NONE', ( #6503, #1361, #4116, #718 ) ) ;
#3831 = DIRECTION ( 'NONE',  ( -0.5000180627187938986, 0.000000000000000000, -0.8660149750177210670 ) ) ;
#3832 = ORIENTED_EDGE ( 'NONE', *, *, #1578, .F. ) ;
#3833 = ADVANCED_FACE ( 'NONE', ( #8637 ), #5168, .F. ) ;
#3834 = EDGE_CURVE ( 'NONE', #4574, #6352, #6712, .T. ) ;
#3835 = VECTOR ( 'NONE', #7331, 1000.000000000000114 ) ;
#3836 = DIRECTION ( 'NONE',  ( 2.085715669603027678E-05, 1.303747464151961922E-20, 0.9999999997824895459 ) ) ;
#3837 = VECTOR ( 'NONE', #2743, 1000.000000000000114 ) ;
#3838 = LINE ( 'NONE', #8545, #6860 ) ;
#3839 = ORIENTED_EDGE ( 'NONE', *, *, #7476, .T. ) ;
#3840 = ORIENTED_EDGE ( 'NONE', *, *, #7324, .T. ) ;
#3841 = LINE ( 'NONE', #2349, #2780 ) ;
#3842 = EDGE_CURVE ( 'NONE', #536, #4547, #7956, .T. ) ;
#3843 = VECTOR ( 'NONE', #399, 1000.000000000000114 ) ;
#3844 = ORIENTED_EDGE ( 'NONE', *, *, #7981, .F. ) ;
#3845 = LINE ( 'NONE', #7182, #5590 ) ;
#3846 = EDGE_CURVE ( 'NONE', #5896, #3129, #3748, .T. ) ;
#3847 = CARTESIAN_POINT ( 'NONE',  ( -16.39812996423723490, -11.79118635532182680, 96.19034129655530307 ) ) ;
#3848 = DIRECTION ( 'NONE',  ( 6.250839858758867238E-16, -1.000000000000000000, -7.292516007464944339E-32 ) ) ;
#3849 = EDGE_CURVE ( 'NONE', #1141, #4663, #8277, .T. ) ;
#3850 = CARTESIAN_POINT ( 'NONE',  ( 16.71818173700939525, -10.91638209749522481, 50.00000000000000000 ) ) ;
#3851 = ORIENTED_EDGE ( 'NONE', *, *, #7923, .F. ) ;
#3852 = VERTEX_POINT ( 'NONE', #622 ) ;
#3853 = PLANE ( 'NONE',  #436 ) ;
#3854 = ORIENTED_EDGE ( 'NONE', *, *, #1439, .F. ) ;
#3855 = VERTEX_POINT ( 'NONE', #5446 ) ;
#3856 = CARTESIAN_POINT ( 'NONE',  ( 16.43940445722311239, -11.63616460490015925, 43.80434782596582011 ) ) ;
#3857 = EDGE_LOOP ( 'NONE', ( #8945, #3460, #3594, #5010, #2789 ) ) ;
#3858 = FACE_OUTER_BOUND ( 'NONE', #2972, .T. ) ;
#3859 = CARTESIAN_POINT ( 'NONE',  ( 16.71818105637233032, -10.93597653545308823, 44.35004644165275067 ) ) ;
#3860 = DIRECTION ( 'NONE',  ( 2.085715669966597936E-05, 2.938366865533646693E-18, 0.9999999997824894349 ) ) ;
#3861 = ORIENTED_EDGE ( 'NONE', *, *, #5532, .F. ) ;
#3862 = ORIENTED_EDGE ( 'NONE', *, *, #1068, .F. ) ;
#3863 = CYLINDRICAL_SURFACE ( 'NONE', #7067, 1.000000000000000888 ) ;
#3864 = FACE_BOUND ( 'NONE', #2428, .T. ) ;
#3865 = DIRECTION ( 'NONE',  ( -0.5000180627187938986, -3.217337761224690623E-16, -0.8660149750177210670 ) ) ;
#3866 = VECTOR ( 'NONE', #3970, 1000.000000000000000 ) ;
#3867 = DIRECTION ( 'NONE',  ( -1.000000000000000000, 0.000000000000000000, 0.000000000000000000 ) ) ;
#3868 = ORIENTED_EDGE ( 'NONE', *, *, #2356, .F. ) ;
#3869 = DIRECTION ( 'NONE',  ( 0.000000000000000000, 1.000000000000000000, 0.000000000000000000 ) ) ;
#3870 = DIRECTION ( 'NONE',  ( 0.9999999997824894349, 6.250839857399241803E-16, -2.085715669636334030E-05 ) ) ;
#3871 = DIRECTION ( 'NONE',  ( 0.000000000000000000, 1.000000000000000000, 0.000000000000000000 ) ) ;
#3872 = VERTEX_POINT ( 'NONE', #4024 ) ;
#3873 = ORIENTED_EDGE ( 'NONE', *, *, #6636, .T. ) ;
#3874 = DIRECTION ( 'NONE',  ( 1.000000000000000000, 0.000000000000000000, 0.000000000000000000 ) ) ;
#3875 = ORIENTED_EDGE ( 'NONE', *, *, #2138, .T. ) ;
#3876 = LINE ( 'NONE', #2612, #7286 ) ;
#3877 = CARTESIAN_POINT ( 'NONE',  ( 7.131140016930284986, 13.81402832956864657, 65.73519490920438102 ) ) ;
#3878 = ADVANCED_FACE ( 'NONE', ( #3985 ), #7584, .F. ) ;
#3879 = ORIENTED_EDGE ( 'NONE', *, *, #3655, .F. ) ;
#3880 = EDGE_LOOP ( 'NONE', ( #5735, #2541, #7501, #3914 ) ) ;
#3881 = VECTOR ( 'NONE', #1309, 1000.000000000000000 ) ;
#3882 = DIRECTION ( 'NONE',  ( -0.5000180627187938986, -3.217337761224690623E-16, -0.8660149750177210670 ) ) ;
#3883 = EDGE_CURVE ( 'NONE', #6559, #4467, #6076, .T. ) ;
#3884 = DIRECTION ( 'NONE',  ( -1.000000000000000000, 0.000000000000000000, 0.000000000000000000 ) ) ;
#3885 = VERTEX_POINT ( 'NONE', #6900 ) ;
#3886 = VERTEX_POINT ( 'NONE', #6809 ) ;
#3887 = CARTESIAN_POINT ( 'NONE',  ( -0.7972661945294772234, 39.54446977037137856, 56.00330946352949013 ) ) ;
#3888 = EDGE_CURVE ( 'NONE', #2244, #5390, #6852, .T. ) ;
#3889 = CARTESIAN_POINT ( 'NONE',  ( 16.71808657644716689, -8.048244283628342544, 96.45214068435444688 ) ) ;
#3890 = CARTESIAN_POINT ( 'NONE',  ( 12.11513577063901437, -8.047034099919310179, 80.99505049563263981 ) ) ;
#3891 = CARTESIAN_POINT ( 'NONE',  ( -0.3428494042127283037, 27.95203658269705116, 70.00329998873237969 ) ) ;
#3892 = CARTESIAN_POINT ( 'NONE',  ( 9.908091211226205175, -11.79118635532181258, 86.10127056713264437 ) ) ;
#3893 = VERTEX_POINT ( 'NONE', #2713 ) ;
#3894 = ORIENTED_EDGE ( 'NONE', *, *, #7139, .F. ) ;
#3895 = LINE ( 'NONE', #1269, #2909 ) ;
#3896 = VERTEX_POINT ( 'NONE', #2668 ) ;
#3897 = ORIENTED_EDGE ( 'NONE', *, *, #8541, .F. ) ;
#3898 = VECTOR ( 'NONE', #7011, 1000.000000000000000 ) ;
#3899 = EDGE_CURVE ( 'NONE', #1356, #6508, #709, .T. ) ;
#3900 = CARTESIAN_POINT ( 'NONE',  ( 16.23718300517941060, -11.79118635532183390, 44.22582565836717094 ) ) ;
#3901 = ORIENTED_EDGE ( 'NONE', *, *, #7752, .F. ) ;
#3902 = FACE_OUTER_BOUND ( 'NONE', #2674, .T. ) ;
#3903 = CARTESIAN_POINT ( 'NONE',  ( -11.39812996423726510, 27.84940152979613615, 79.72513575967182931 ) ) ;
#3904 = CARTESIAN_POINT ( 'NONE',  ( 2.666793705541420145, 13.81402832956864479, 54.00323721265430521 ) ) ;
#3905 = EDGE_LOOP ( 'NONE', ( #2725, #6779, #3334, #6718, #3732, #5450 ) ) ;
#3906 = VERTEX_POINT ( 'NONE', #534 ) ;
#3907 = DIRECTION ( 'NONE',  ( 0.9999999997824894349, 0.000000000000000000, -2.085715669603027339E-05 ) ) ;
#3908 = ADVANCED_FACE ( 'NONE', ( #5397 ), #8188, .T. ) ;
#3909 = EDGE_CURVE ( 'NONE', #4128, #8677, #2346, .T. ) ;
#3910 = FACE_BOUND ( 'NONE', #8280, .T. ) ;
#3911 = FACE_BOUND ( 'NONE', #4037, .T. ) ;
#3912 = VECTOR ( 'NONE', #4042, 1000.000000000000000 ) ;
#3913 = DIRECTION ( 'NONE',  ( -2.085715669636334030E-05, -1.303747464172781074E-20, -0.9999999997824895459 ) ) ;
#3914 = ORIENTED_EDGE ( 'NONE', *, *, #1180, .F. ) ;
#3915 = FACE_OUTER_BOUND ( 'NONE', #8062, .T. ) ;
#3916 = CARTESIAN_POINT ( 'NONE',  ( 0.2027338052530243406, 27.95203658269705116, 56.00328860637277728 ) ) ;
#3917 = DIRECTION ( 'NONE',  ( -0.000000000000000000, -0.000000000000000000, -1.000000000000000000 ) ) ;
#3918 = ORIENTED_EDGE ( 'NONE', *, *, #4265, .T. ) ;
#3919 = VERTEX_POINT ( 'NONE', #6176 ) ;
#3920 = DIRECTION ( 'NONE',  ( 1.000000000000000000, 6.383782126896855077E-16, -0.000000000000000000 ) ) ;
#3921 = VECTOR ( 'NONE', #5655, 1000.000000000000114 ) ;
#3922 = VERTEX_POINT ( 'NONE', #669 ) ;
#3923 = VECTOR ( 'NONE', #8105, 1000.000000000000227 ) ;
#3924 = ADVANCED_FACE ( 'NONE', ( #6215 ), #8319, .T. ) ;
#3925 = DIRECTION ( 'NONE',  ( 0.4999819370636951477, 0.000000000000000000, -0.8660358321744170418 ) ) ;
#3926 = AXIS2_PLACEMENT_3D ( 'NONE', #5380, #3324, #8077 ) ;
#3927 = DIRECTION ( 'NONE',  ( 0.8660149750177211780, 5.413320924122835784E-16, -0.5000180627187940097 ) ) ;
#3928 = VERTEX_POINT ( 'NONE', #5485 ) ;
#3929 = ORIENTED_EDGE ( 'NONE', *, *, #2092, .F. ) ;
#3930 = DIRECTION ( 'NONE',  ( -1.316946700349181129E-16, -1.000000000000000000, 0.000000000000000000 ) ) ;
#3931 = LINE ( 'NONE', #8189, #8209 ) ;
#3932 = ORIENTED_EDGE ( 'NONE', *, *, #2235, .T. ) ;
#3933 = FACE_OUTER_BOUND ( 'NONE', #6931, .T. ) ;
#3934 = VERTEX_POINT ( 'NONE', #1995 ) ;
#3935 = VECTOR ( 'NONE', #7640, 1000.000000000000114 ) ;
#3936 = EDGE_CURVE ( 'NONE', #4062, #3855, #3433, .T. ) ;
#3937 = CARTESIAN_POINT ( 'NONE',  ( -0.3419087887734903464, 23.95296590008067739, 79.73864887361423825 ) ) ;
#3938 = DIRECTION ( 'NONE',  ( -1.000000000000000000, 0.000000000000000000, 0.000000000000000000 ) ) ;
#3939 = VECTOR ( 'NONE', #7485, 1000.000000000000000 ) ;
#3940 = CARTESIAN_POINT ( 'NONE',  ( 3.667043991204294251, 39.54446977037137856, 66.00321635288740652 ) ) ;
#3941 = DIRECTION ( 'NONE',  ( 0.5000180627187942317, 3.217337761224692595E-16, 0.8660149750177208450 ) ) ;
#3942 = ORIENTED_EDGE ( 'NONE', *, *, #2896, .F. ) ;
#3943 = ORIENTED_EDGE ( 'NONE', *, *, #6087, .F. ) ;
#3944 = DIRECTION ( 'NONE',  ( -0.4999819370636950921, 0.000000000000000000, 0.8660358321744171528 ) ) ;
#3945 = ORIENTED_EDGE ( 'NONE', *, *, #6810, .T. ) ;
#3946 = EDGE_LOOP ( 'NONE', ( #7304, #2161, #6618, #3235 ) ) ;
#3947 = EDGE_CURVE ( 'NONE', #9027, #6081, #4716, .T. ) ;
#3948 = CIRCLE ( 'NONE', #4992, 9.599999999999997868 ) ;
#3949 = ADVANCED_FACE ( 'NONE', ( #2032 ), #5523, .T. ) ;
#3950 = CIRCLE ( 'NONE', #4236, 1.550000000000000266 ) ;
#3951 = DIRECTION ( 'NONE',  ( 0.8660358321744171528, 5.413451298869251709E-16, 0.4999819370636952032 ) ) ;
#3952 = ORIENTED_EDGE ( 'NONE', *, *, #8396, .F. ) ;
#3953 = CARTESIAN_POINT ( 'NONE',  ( -22.80884322314655321, 27.95203658269703695, 102.1306047112208262 ) ) ;
#3954 = DIRECTION ( 'NONE',  ( 0.4999819370636951477, 3.166443754200919549E-16, -0.8660358321744170418 ) ) ;
#3955 = VECTOR ( 'NONE', #7070, 1000.000000000000227 ) ;
#3956 = VECTOR ( 'NONE', #3941, 1000.000000000000114 ) ;
#3957 = DIRECTION ( 'NONE',  ( 0.9999999997824894349, 6.383781515425612638E-16, -2.085715669603027339E-05 ) ) ;
#3958 = ORIENTED_EDGE ( 'NONE', *, *, #7647, .F. ) ;
#3959 = EDGE_LOOP ( 'NONE', ( #6753, #5033, #6684, #3185 ) ) ;
#3960 = LINE ( 'NONE', #6742, #7857 ) ;
#3961 = VECTOR ( 'NONE', #6249, 1000.000000000000114 ) ;
#3962 = ADVANCED_FACE ( 'NONE', ( #6124 ), #8826, .T. ) ;
#3963 = AXIS2_PLACEMENT_3D ( 'NONE', #1365, #725, #1315 ) ;
#3964 = VECTOR ( 'NONE', #8772, 1000.000000000000114 ) ;
#3965 = EDGE_CURVE ( 'NONE', #350, #1690, #1391, .T. ) ;
#3966 = FACE_BOUND ( 'NONE', #4667, .T. ) ;
#3967 = DIRECTION ( 'NONE',  ( -0.000000000000000000, -0.000000000000000000, -1.000000000000000000 ) ) ;
#3968 = CARTESIAN_POINT ( 'NONE',  ( -19.57675349629646888, 27.95203658269703695, 103.9965627032092215 ) ) ;
#3969 = VERTEX_POINT ( 'NONE', #2573 ) ;
#3970 = DIRECTION ( 'NONE',  ( -0.000000000000000000, -0.000000000000000000, -1.000000000000000000 ) ) ;
#3971 = CARTESIAN_POINT ( 'NONE',  ( -4.261075808719962055, 39.54446977037137145, 70.00338171179448921 ) ) ;
#3972 = EDGE_CURVE ( 'NONE', #5026, #3650, #8140, .T. ) ;
#3973 = LINE ( 'NONE', #5972, #2385 ) ;
#3974 = EDGE_CURVE ( 'NONE', #7711, #7745, #7167, .T. ) ;
#3975 = ORIENTED_EDGE ( 'NONE', *, *, #3846, .F. ) ;
#3976 = ORIENTED_EDGE ( 'NONE', *, *, #5670, .F. ) ;
#3977 = FACE_OUTER_BOUND ( 'NONE', #7907, .T. ) ;
#3978 = VECTOR ( 'NONE', #7354, 1000.000000000000114 ) ;
#3979 = ORIENTED_EDGE ( 'NONE', *, *, #6804, .T. ) ;
#3980 = VECTOR ( 'NONE', #1063, 1000.000000000000000 ) ;
#3981 = CARTESIAN_POINT ( 'NONE',  ( 3.666913259605805386, 13.81402832956864479, 59.73526716181967799 ) ) ;
#3982 = CARTESIAN_POINT ( 'NONE',  ( 2.667080117076908508, 13.81402832956864479, 67.73528801723624326 ) ) ;
#3983 = VERTEX_POINT ( 'NONE', #2974 ) ;
#3984 = ORIENTED_EDGE ( 'NONE', *, *, #7644, .F. ) ;
#3985 = FACE_OUTER_BOUND ( 'NONE', #3153, .T. ) ;
#3986 = DIRECTION ( 'NONE',  ( -0.8660358321744171528, -5.413451298869251709E-16, -0.4999819370636950921 ) ) ;
#3987 = VERTEX_POINT ( 'NONE', #7853 ) ;
#3988 = FACE_OUTER_BOUND ( 'NONE', #463, .T. ) ;
#3989 = ORIENTED_EDGE ( 'NONE', *, *, #8281, .T. ) ;
#3990 = VECTOR ( 'NONE', #2482, 1000.000000000000227 ) ;
#3991 = CYLINDRICAL_SURFACE ( 'NONE', #3797, 1.049999999999997158 ) ;
#3992 = DIRECTION ( 'NONE',  ( -1.000000000000000000, 0.000000000000000000, 0.000000000000000000 ) ) ;
#3993 = CYLINDRICAL_SURFACE ( 'NONE', #2626, 1.000000000000000888 ) ;
#3994 = CARTESIAN_POINT ( 'NONE',  ( -6.725183011980055525, 39.54446977037137145, 69.73548391357518028 ) ) ;
#3995 = VERTEX_POINT ( 'NONE', #4245 ) ;
#3996 = LINE ( 'NONE', #8884, #3881 ) ;
#3997 = ORIENTED_EDGE ( 'NONE', *, *, #6770, .T. ) ;
#3998 = LINE ( 'NONE', #6048, #6749 ) ;
#3999 = EDGE_LOOP ( 'NONE', ( #3179, #1229, #1917, #3942 ) ) ;
#4000 = CARTESIAN_POINT ( 'NONE',  ( -0.3752417887738960234, 9.386298900080694452, 50.00000000000000000 ) ) ;
#4001 = ORIENTED_EDGE ( 'NONE', *, *, #3725, .F. ) ;
#4002 = DIRECTION ( 'NONE',  ( -0.9999999997824894349, 0.000000000000000000, 2.085715669636333691E-05 ) ) ;
#4003 = CARTESIAN_POINT ( 'NONE',  ( 15.86149806080607050, 27.96738183938908406, 50.00000000000000000 ) ) ;
#4004 = DIRECTION ( 'NONE',  ( -0.4999819370636950921, -3.166443754200919549E-16, 0.8660358321744171528 ) ) ;
#4005 = ORIENTED_EDGE ( 'NONE', *, *, #7971, .T. ) ;
#4006 = ORIENTED_EDGE ( 'NONE', *, *, #1534, .T. ) ;
#4007 = DIRECTION ( 'NONE',  ( -0.5000180627187938986, 0.000000000000000000, -0.8660149750177210670 ) ) ;
#4008 = ADVANCED_FACE ( 'NONE', ( #931 ), #2256, .F. ) ;
#4009 = CARTESIAN_POINT ( 'NONE',  ( 15.71818173700939880, 28.07818520967645526, 79.72434232171258373 ) ) ;
#4010 = DIRECTION ( 'NONE',  ( 0.8660149750177211780, 5.413320924122835784E-16, -0.5000180627187940097 ) ) ;
#4011 = CARTESIAN_POINT ( 'NONE',  ( 4.167228911176698247, 27.95203658269705471, 74.86923132616504972 ) ) ;
#4012 = VERTEX_POINT ( 'NONE', #7775 ) ;
#4013 = PLANE ( 'NONE',  #8550 ) ;
#4014 = LINE ( 'NONE', #2703, #28 ) ;
#4015 = DIRECTION ( 'NONE',  ( 0.4999819370636951477, 0.000000000000000000, -0.8660358321744170418 ) ) ;
#4016 = EDGE_LOOP ( 'NONE', ( #1867, #51 ) ) ;
#4017 = EDGE_LOOP ( 'NONE', ( #6411, #6036, #6619, #6612 ) ) ;
#4018 = CARTESIAN_POINT ( 'NONE',  ( -0.3430996900930806115, 27.95203658269705116, 58.00329999134255132 ) ) ;
#4019 = ORIENTED_EDGE ( 'NONE', *, *, #7040, .F. ) ;
#4020 = LINE ( 'NONE', #6072, #2807 ) ;
#4021 = CARTESIAN_POINT ( 'NONE',  ( -21.07677155879772002, 27.95203658269703695, 103.1305685853482146 ) ) ;
#4022 = ORIENTED_EDGE ( 'NONE', *, *, #4838, .F. ) ;
#4023 = ORIENTED_EDGE ( 'NONE', *, *, #5960, .F. ) ;
#4024 = CARTESIAN_POINT ( 'NONE',  ( -4.375241788773893248, 2.386298900080694452, 50.00000000000000000 ) ) ;
#4025 = DIRECTION ( 'NONE',  ( 6.383782126896855077E-16, -1.000000000000000000, 2.925052111754154507E-18 ) ) ;
#4026 = ORIENTED_EDGE ( 'NONE', *, *, #3706, .T. ) ;
#4027 = LINE ( 'NONE', #1952, #5530 ) ;
#4028 = CIRCLE ( 'NONE', #3447, 1.049999999999988498 ) ;
#4029 = EDGE_LOOP ( 'NONE', ( #7272, #5910, #2429, #2701, #7698, #6912 ) ) ;
#4030 = AXIS2_PLACEMENT_3D ( 'NONE', #1525, #7166, #205 ) ;
#4031 = DIRECTION ( 'NONE',  ( 0.9999999997824894349, 6.250839857399241803E-16, -2.085715669636334030E-05 ) ) ;
#4032 = DIRECTION ( 'NONE',  ( -0.006013943137674153221, 0.9999819160804542806, 0.000000000000000000 ) ) ;
#4033 = CARTESIAN_POINT ( 'NONE',  ( -16.39812996423722424, -10.79118635532182680, -1.912880492752750190E-15 ) ) ;
#4034 = ADVANCED_FACE ( 'NONE', ( #756 ), #7679, .T. ) ;
#4035 = ORIENTED_EDGE ( 'NONE', *, *, #1580, .F. ) ;
#4036 = CARTESIAN_POINT ( 'NONE',  ( -4.261326094600358161, 39.54446977037137145, 58.00338171440466795 ) ) ;
#4037 = EDGE_LOOP ( 'NONE', ( #366, #1922 ) ) ;
#4038 = CARTESIAN_POINT ( 'NONE',  ( 15.71810980688029957, 27.95203658269706182, 96.19034129655530307 ) ) ;
#4039 = VERTEX_POINT ( 'NONE', #3566 ) ;
#4040 = CARTESIAN_POINT ( 'NONE',  ( 3.667043991204309794, 13.81402832956864657, 66.00321635288740652 ) ) ;
#4041 = ORIENTED_EDGE ( 'NONE', *, *, #6201, .F. ) ;
#4042 = DIRECTION ( 'NONE',  ( 6.250839858758867238E-16, -1.000000000000000000, -7.292516007464944339E-32 ) ) ;
#4043 = DIRECTION ( 'NONE',  ( 6.250839858758867238E-16, -1.000000000000000000, -7.292516007464944339E-32 ) ) ;
#4044 = CARTESIAN_POINT ( 'NONE',  ( -24.54091488749541483, 27.95203658269703695, 101.1306408370934236 ) ) ;
#4045 = EDGE_LOOP ( 'NONE', ( #6689, #8309, #7935, #810 ) ) ;
#4046 = ORIENTED_EDGE ( 'NONE', *, *, #5536, .F. ) ;
#4047 = CARTESIAN_POINT ( 'NONE',  ( -7.725433297642929631, 13.81402832956863946, 57.73550477334202924 ) ) ;
#4048 = EDGE_CURVE ( 'NONE', #6391, #7005, #2126, .T. ) ;
#4049 = FACE_OUTER_BOUND ( 'NONE', #6311, .T. ) ;
#4050 = CARTESIAN_POINT ( 'NONE',  ( -6.725099583353250310, 27.95203658269704761, 73.73548391270512070 ) ) ;
#4051 = ORIENTED_EDGE ( 'NONE', *, *, #8688, .F. ) ;
#4052 = DIRECTION ( 'NONE',  ( 0.5000180627187942317, 3.217337761224692595E-16, 0.8660149750177208450 ) ) ;
#4053 = CARTESIAN_POINT ( 'NONE',  ( 1.174758211226108351, -4.613701099919306436, 50.00000000000000000 ) ) ;
#4054 = CARTESIAN_POINT ( 'NONE',  ( -4.371302221764704399, 2.208813644678181198, 109.3221854111122013 ) ) ;
#4055 = ORIENTED_EDGE ( 'NONE', *, *, #6066, .F. ) ;
#4056 = ORIENTED_EDGE ( 'NONE', *, *, #6846, .F. ) ;
#4057 = DIRECTION ( 'NONE',  ( 5.755241453125620489E-16, -1.000000000000000000, 0.000000000000000000 ) ) ;
#4058 = ORIENTED_EDGE ( 'NONE', *, *, #78, .T. ) ;
#4059 = AXIS2_PLACEMENT_3D ( 'NONE', #7278, #510, #2452 ) ;
#4060 = CARTESIAN_POINT ( 'NONE',  ( 15.38484841047516127, -10.80063376429788846, 43.35004462662147517 ) ) ;
#4061 = PLANE ( 'NONE',  #6288 ) ;
#4062 = VERTEX_POINT ( 'NONE', #5624 ) ;
#4063 = PLANE ( 'NONE',  #6621 ) ;
#4064 = DIRECTION ( 'NONE',  ( -0.5000180627187938986, 0.000000000000000000, -0.8660149750177210670 ) ) ;
#4065 = CARTESIAN_POINT ( 'NONE',  ( -7.641907232787896298, -11.79118635532182324, 97.19034129655530307 ) ) ;
#4066 = ORIENTED_EDGE ( 'NONE', *, *, #3578, .T. ) ;
#4067 = DIRECTION ( 'NONE',  ( -0.9999999997824894349, -6.250839857399242789E-16, 2.085715669603027339E-05 ) ) ;
#4068 = AXIS2_PLACEMENT_3D ( 'NONE', #7681, #1302, #5400 ) ;
#4069 = ORIENTED_EDGE ( 'NONE', *, *, #8936, .T. ) ;
#4070 = ADVANCED_FACE ( 'NONE', ( #1526 ), #3518, .T. ) ;
#4071 = CIRCLE ( 'NONE', #7566, 1.000000000000000888 ) ;
#4072 = EDGE_CURVE ( 'NONE', #6331, #1409, #115, .T. ) ;
#4073 = CARTESIAN_POINT ( 'NONE',  ( 16.19901621402281577, -11.27210207813655529, 43.47025487727536586 ) ) ;
#4074 = DIRECTION ( 'NONE',  ( -0.9999999997824894349, 0.000000000000000000, 2.085715669636333691E-05 ) ) ;
#4075 = LINE ( 'NONE', #3940, #1019 ) ;
#4076 = ADVANCED_FACE ( 'NONE', ( #207 ), #1479, .F. ) ;
#4077 = VECTOR ( 'NONE', #8810, 1000.000000000000000 ) ;
#4078 = ORIENTED_EDGE ( 'NONE', *, *, #7766, .F. ) ;
#4079 = DIRECTION ( 'NONE',  ( -0.8660358321744171528, -5.413451298869251709E-16, -0.4999819370636950921 ) ) ;
#4080 = ORIENTED_EDGE ( 'NONE', *, *, #1080, .F. ) ;
#4081 = ORIENTED_EDGE ( 'NONE', *, *, #7004, .F. ) ;
#4082 = VECTOR ( 'NONE', #259, 1000.000000000000000 ) ;
#4083 = DIRECTION ( 'NONE',  ( 1.166077662057104580E-16, 2.619996788079515158E-05, -0.9999999996567807692 ) ) ;
#4084 = VERTEX_POINT ( 'NONE', #7813 ) ;
#4085 = DIRECTION ( 'NONE',  ( -0.9999999997824894349, -6.383781515425612638E-16, 2.085715669636333691E-05 ) ) ;
#4086 = CARTESIAN_POINT ( 'NONE',  ( -0.7969797829939727629, 13.81402832956864302, 69.73536026811143529 ) ) ;
#4087 = VERTEX_POINT ( 'NONE', #1567 ) ;
#4088 = VERTEX_POINT ( 'NONE', #6257 ) ;
#4089 = EDGE_CURVE ( 'NONE', #25, #4340, #7112, .T. ) ;
#4090 = DIRECTION ( 'NONE',  ( -0.8660358321744171528, -5.413451298869251709E-16, -0.4999819370636950921 ) ) ;
#4091 = AXIS2_PLACEMENT_3D ( 'NONE', #6387, #4989, #2799 ) ;
#4092 = EDGE_CURVE ( 'NONE', #4571, #3928, #4938, .T. ) ;
#4093 = VECTOR ( 'NONE', #415, 1000.000000000000000 ) ;
#4094 = DIRECTION ( 'NONE',  ( 0.5000180627187942317, 3.217337761224692595E-16, 0.8660149750177208450 ) ) ;
#4095 = EDGE_LOOP ( 'NONE', ( #4720, #3728, #4972, #242 ) ) ;
#4096 = LINE ( 'NONE', #6886, #2289 ) ;
#4097 = FACE_OUTER_BOUND ( 'NONE', #6799, .T. ) ;
#4098 = PLANE ( 'NONE',  #4260 ) ;
#4099 = ORIENTED_EDGE ( 'NONE', *, *, #2432, .T. ) ;
#4100 = ORIENTED_EDGE ( 'NONE', *, *, #8460, .T. ) ;
#4101 = CARTESIAN_POINT ( 'NONE',  ( -0.3752417887738929148, 2.386298900080694452, 97.24134129655530501 ) ) ;
#4102 = AXIS2_PLACEMENT_3D ( 'NONE', #4327, #3824, #5025 ) ;
#4103 = VECTOR ( 'NONE', #5138, 1000.000000000000114 ) ;
#4104 = ADVANCED_FACE ( 'NONE', ( #8537 ), #8367, .T. ) ;
#4105 = PLANE ( 'NONE',  #6300 ) ;
#4106 = CARTESIAN_POINT ( 'NONE',  ( -6.225367932169956653, 39.54446977037137145, 60.86944808314086686 ) ) ;
#4107 = ORIENTED_EDGE ( 'NONE', *, *, #3169, .T. ) ;
#4108 = ORIENTED_EDGE ( 'NONE', *, *, #8239, .T. ) ;
#4109 = VECTOR ( 'NONE', #2019, 1000.000000000000114 ) ;
#4110 = CARTESIAN_POINT ( 'NONE',  ( -23.04089682499412461, 27.95203658269703695, 101.9966349549544589 ) ) ;
#4111 = AXIS2_PLACEMENT_3D ( 'NONE', #4983, #665, #7767 ) ;
#4112 = DIRECTION ( 'NONE',  ( -0.5000180627187942317, -3.125532836542028723E-16, -0.8660149750177209560 ) ) ;
#4113 = EDGE_LOOP ( 'NONE', ( #8335, #6430, #570, #8296 ) ) ;
#4114 = CARTESIAN_POINT ( 'NONE',  ( -0.7971827659026712309, 27.95203658269705116, 60.00330946265940923 ) ) ;
#4115 = EDGE_CURVE ( 'NONE', #282, #191, #761, .T. ) ;
#4116 = ORIENTED_EDGE ( 'NONE', *, *, #1418, .F. ) ;
#4117 = CARTESIAN_POINT ( 'NONE',  ( 0.000000000000000000, 0.000000000000000000, 0.000000000000000000 ) ) ;
#4118 = VECTOR ( 'NONE', #3649, 1000.000000000000000 ) ;
#4119 = ADVANCED_FACE ( 'NONE', ( #1612 ), #8409, .T. ) ;
#4120 = CARTESIAN_POINT ( 'NONE',  ( 15.99914795239425835, -11.07229104752201110, 43.38774732856246885 ) ) ;
#4121 = CARTESIAN_POINT ( 'NONE',  ( -7.725219137417634663, 27.95203658269704761, 68.00345396353972660 ) ) ;
#4122 = DIRECTION ( 'NONE',  ( 6.250839858758867238E-16, -1.000000000000000000, -7.292516007464944339E-32 ) ) ;
#4123 = VECTOR ( 'NONE', #4279, 1000.000000000000114 ) ;
#4124 = ORIENTED_EDGE ( 'NONE', *, *, #5686, .T. ) ;
#4125 = DIRECTION ( 'NONE',  ( 0.5000180627187940097, 3.125532836542028723E-16, 0.8660149750177211780 ) ) ;
#4126 = ORIENTED_EDGE ( 'NONE', *, *, #4048, .T. ) ;
#4127 = LINE ( 'NONE', #7653, #4418 ) ;
#4128 = VERTEX_POINT ( 'NONE', #4196 ) ;
#4129 = EDGE_CURVE ( 'NONE', #657, #4185, #8496, .T. ) ;
#4130 = CIRCLE ( 'NONE', #5300, 1.049999999999997158 ) ;
#4131 = FACE_OUTER_BOUND ( 'NONE', #1137, .T. ) ;
#4132 = VERTEX_POINT ( 'NONE', #801 ) ;
#4133 = CARTESIAN_POINT ( 'NONE',  ( -0.7969797829939815337, 27.95203658269705116, 69.73536026811143529 ) ) ;
#4134 = CARTESIAN_POINT ( 'NONE',  ( 3.667246974112984947, 39.54446977037137856, 75.73526715833948231 ) ) ;
#4135 = ORIENTED_EDGE ( 'NONE', *, *, #1135, .F. ) ;
#4136 = EDGE_LOOP ( 'NONE', ( #5592, #6550, #1642, #6639 ) ) ;
#4137 = CARTESIAN_POINT ( 'NONE',  ( -4.760974317156844826, 13.81402832956863946, 74.86941754309884800 ) ) ;
#4138 = AXIS2_PLACEMENT_3D ( 'NONE', #3887, #6580, #3713 ) ;
#4139 = LINE ( 'NONE', #3419, #1066 ) ;
#4140 = VERTEX_POINT ( 'NONE', #5707 ) ;
#4141 = CARTESIAN_POINT ( 'NONE',  ( -0.3752417887738929148, 2.386298900080694452, 43.35000000000001563 ) ) ;
#4142 = CARTESIAN_POINT ( 'NONE',  ( 1.174758211226108351, -4.613701099919306436, 3.650000000000000355 ) ) ;
#4143 = CARTESIAN_POINT ( 'NONE',  ( 16.20266776861765834, -11.79118635532180903, 50.00000000000000000 ) ) ;
#4144 = VERTEX_POINT ( 'NONE', #383 ) ;
#4145 = VERTEX_POINT ( 'NONE', #5204 ) ;
#4146 = DIRECTION ( 'NONE',  ( -0.000000000000000000, -0.000000000000000000, -1.000000000000000000 ) ) ;
#4147 = FACE_OUTER_BOUND ( 'NONE', #6786, .T. ) ;
#4148 = CARTESIAN_POINT ( 'NONE',  ( -0.7969797829939727629, 13.81402832956864302, 69.73536026811143529 ) ) ;
#4149 = DIRECTION ( 'NONE',  ( 0.9999999997824894349, 6.250839857399241803E-16, -2.085715669636334030E-05 ) ) ;
#4150 = EDGE_LOOP ( 'NONE', ( #3873, #7517, #6762, #8340, #4069, #2695, #7805, #3063, #6890, #6019, #8156, #4780, #3547, #7586, #3272, #8350 ) ) ;
#4151 = DIRECTION ( 'NONE',  ( 0.8660358321744171528, 5.413451298869251709E-16, 0.4999819370636952032 ) ) ;
#4152 = CARTESIAN_POINT ( 'NONE',  ( -7.725469423298037874, 39.54446977037137145, 56.00345396614989824 ) ) ;
#4153 = CARTESIAN_POINT ( 'NONE',  ( -8.225117645854540527, 39.54446977037136435, 72.86948979484408540 ) ) ;
#4154 = ORIENTED_EDGE ( 'NONE', *, *, #3888, .T. ) ;
#4155 = CARTESIAN_POINT ( 'NONE',  ( 10.95809121122619345, -11.81282220319165432, 79.86268715264898788 ) ) ;
#4156 = ORIENTED_EDGE ( 'NONE', *, *, #5544, .F. ) ;
#4157 = EDGE_CURVE ( 'NONE', #9028, #117, #8715, .T. ) ;
#4158 = DIRECTION ( 'NONE',  ( 0.000000000000000000, 0.000000000000000000, 1.000000000000000000 ) ) ;
#4159 = CARTESIAN_POINT ( 'NONE',  ( 29.35346436297951556, 27.95203658269706892, 97.95581305960236307 ) ) ;
#4160 = FACE_OUTER_BOUND ( 'NONE', #8154, .T. ) ;
#4161 = ADVANCED_FACE ( 'NONE', ( #1668 ), #1062, .T. ) ;
#4162 = ORIENTED_EDGE ( 'NONE', *, *, #2579, .T. ) ;
#4163 = CARTESIAN_POINT ( 'NONE',  ( 2.167062054358111389, 27.95203658269705116, 66.86927304221852353 ) ) ;
#4164 = EDGE_CURVE ( 'NONE', #515, #6841, #5243, .T. ) ;
#4165 = EDGE_CURVE ( 'NONE', #4380, #5343, #8325, .T. ) ;
#4166 = DIRECTION ( 'NONE',  ( -0.9999999997824894349, -6.250839857399242789E-16, 2.085715669603027339E-05 ) ) ;
#4167 = ORIENTED_EDGE ( 'NONE', *, *, #5500, .F. ) ;
#4168 = DIRECTION ( 'NONE',  ( -0.9999999997824894349, -6.383781515425612638E-16, 2.085715669636333691E-05 ) ) ;
#4169 = DIRECTION ( 'NONE',  ( 1.000000000000000000, 5.755241453125620489E-16, 0.000000000000000000 ) ) ;
#4170 = EDGE_LOOP ( 'NONE', ( #6190, #2733, #8819, #6434, #2964, #5151 ) ) ;
#4171 = FACE_OUTER_BOUND ( 'NONE', #4936, .T. ) ;
#4172 = LINE ( 'NONE', #7697, #3074 ) ;
#4173 = EDGE_LOOP ( 'NONE', ( #6898, #2076, #7271, #6690 ) ) ;
#4174 = ORIENTED_EDGE ( 'NONE', *, *, #5186, .T. ) ;
#4175 = EDGE_CURVE ( 'NONE', #6997, #1160, #2386, .T. ) ;
#4176 = LINE ( 'NONE', #6927, #6680 ) ;
#4177 = ADVANCED_FACE ( 'NONE', ( #6652 ), #8035, .F. ) ;
#4178 = EDGE_CURVE ( 'NONE', #4215, #990, #3827, .T. ) ;
#4179 = AXIS2_PLACEMENT_3D ( 'NONE', #6377, #2325, #8566 ) ;
#4180 = FACE_OUTER_BOUND ( 'NONE', #2035, .T. ) ;
#4181 = VERTEX_POINT ( 'NONE', #5836 ) ;
#4182 = LINE ( 'NONE', #6971, #8119 ) ;
#4183 = LINE ( 'NONE', #826, #2934 ) ;
#4184 = CARTESIAN_POINT ( 'NONE',  ( -12.79809365867679283, -8.047034099919326167, 79.84962713355503183 ) ) ;
#4185 = VERTEX_POINT ( 'NONE', #7949 ) ;
#4186 = ORIENTED_EDGE ( 'NONE', *, *, #889, .T. ) ;
#4187 = DIRECTION ( 'NONE',  ( 1.000000000000000000, 0.000000000000000000, 0.000000000000000000 ) ) ;
#4188 = ADVANCED_FACE ( 'NONE', ( #425 ), #4557, .T. ) ;
#4189 = ADVANCED_FACE ( 'NONE', ( #5295 ), #5885, .T. ) ;
#4190 = CIRCLE ( 'NONE', #576, 1.550000000000000266 ) ;
#4191 = DIRECTION ( 'NONE',  ( -0.4999819370636950921, 0.000000000000000000, 0.8660358321744171528 ) ) ;
#4192 = CARTESIAN_POINT ( 'NONE',  ( -6.725433297860444526, 27.95203658269704761, 57.73548391618534481 ) ) ;
#4193 = CARTESIAN_POINT ( 'NONE',  ( 16.71813190727979048, -8.047818925517303157, 79.95525864962804974 ) ) ;
#4194 = ORIENTED_EDGE ( 'NONE', *, *, #5500, .T. ) ;
#4195 = EDGE_LOOP ( 'NONE', ( #2145, #8207, #7617, #8229 ) ) ;
#4196 = CARTESIAN_POINT ( 'NONE',  ( 3.624758211226108084, 2.386298900080694896, 6.650000000000003020 ) ) ;
#4197 = LINE ( 'NONE', #2257, #3395 ) ;
#4198 = ORIENTED_EDGE ( 'NONE', *, *, #8505, .F. ) ;
#4199 = DIRECTION ( 'NONE',  ( 1.166244989663167914E-16, 6.695403588083180925E-32, -1.000000000000000000 ) ) ;
#4200 = ORIENTED_EDGE ( 'NONE', *, *, #78, .F. ) ;
#4201 = EDGE_CURVE ( 'NONE', #1573, #3507, #1105, .T. ) ;
#4202 = AXIS2_PLACEMENT_3D ( 'NONE', #5605, #9029, #2778 ) ;
#4203 = CARTESIAN_POINT ( 'NONE',  ( -1.925241788773891960, -4.613701099919306436, 3.650000000000000355 ) ) ;
#4204 = CARTESIAN_POINT ( 'NONE',  ( -23.04089682499412817, 27.95203658269703695, 101.9966349549544589 ) ) ;
#4205 = LINE ( 'NONE', #5038, #7728 ) ;
#4206 = VERTEX_POINT ( 'NONE', #5969 ) ;
#4207 = LINE ( 'NONE', #7690, #8448 ) ;
#4208 = DIRECTION ( 'NONE',  ( -0.4999819370636950921, 0.000000000000000000, 0.8660358321744171528 ) ) ;
#4209 = VECTOR ( 'NONE', #1908, 1000.000000000000000 ) ;
#4210 = AXIS2_PLACEMENT_3D ( 'NONE', #1957, #8882, #2040 ) ;
#4211 = CARTESIAN_POINT ( 'NONE',  ( 2.666829831196512401, 13.81402832956864479, 55.73528801984643621 ) ) ;
#4212 = FACE_OUTER_BOUND ( 'NONE', #8167, .T. ) ;
#4213 = VECTOR ( 'NONE', #4347, 1000.000000000000000 ) ;
#4214 = CARTESIAN_POINT ( 'NONE',  ( -4.375241788773893248, 2.386298900080694452, 0.000000000000000000 ) ) ;
#4215 = VERTEX_POINT ( 'NONE', #3741 ) ;
#4216 = CARTESIAN_POINT ( 'NONE',  ( 6.131187320119487971, 27.95203658269705471, 68.00316495829888197 ) ) ;
#4217 = DIRECTION ( 'NONE',  ( 9.605659310295823491E-08, 6.566449810306139112E-23, 0.9999999999999954481 ) ) ;
#4218 = EDGE_LOOP ( 'NONE', ( #4107, #2729, #5974, #3784 ) ) ;
#4219 = ORIENTED_EDGE ( 'NONE', *, *, #347, .T. ) ;
#4220 = LINE ( 'NONE', #8347, #6665 ) ;
#4221 = EDGE_CURVE ( 'NONE', #4584, #3465, #1707, .T. ) ;
#4222 = ORIENTED_EDGE ( 'NONE', *, *, #2400, .T. ) ;
#4223 = ADVANCED_FACE ( 'NONE', ( #5113 ), #2516, .T. ) ;
#4224 = CARTESIAN_POINT ( 'NONE',  ( -3.261123111909174366, 39.54446977037137145, 67.73541166269998826 ) ) ;
#4225 = ORIENTED_EDGE ( 'NONE', *, *, #8259, .F. ) ;
#4226 = CARTESIAN_POINT ( 'NONE',  ( 0.2030202167885054587, 39.54446977037137856, 69.73533941095475086 ) ) ;
#4227 = LINE ( 'NONE', #6337, #6137 ) ;
#4228 = EDGE_CURVE ( 'NONE', #681, #3265, #1842, .T. ) ;
#4229 = VECTOR ( 'NONE', #2193, 1000.000000000000000 ) ;
#4230 = LINE ( 'NONE', #7021, #3103 ) ;
#4231 = VERTEX_POINT ( 'NONE', #5793 ) ;
#4232 = ORIENTED_EDGE ( 'NONE', *, *, #7066, .T. ) ;
#4233 = DIRECTION ( 'NONE',  ( 6.250839858758867238E-16, -1.000000000000000000, -7.292516007464944339E-32 ) ) ;
#4234 = EDGE_CURVE ( 'NONE', #3767, #2191, #3701, .T. ) ;
#4235 = VECTOR ( 'NONE', #1955, 1000.000000000000114 ) ;
#4236 = AXIS2_PLACEMENT_3D ( 'NONE', #1094, #999, #6465 ) ;
#4237 = ADVANCED_FACE ( 'NONE', ( #339 ), #3056, .T. ) ;
#4238 = CARTESIAN_POINT ( 'NONE',  ( 9.224758211226104621, -7.213701099919302528, 6.649999999999995914 ) ) ;
#4239 = EDGE_CURVE ( 'NONE', #6885, #105, #6166, .T. ) ;
#4240 = LINE ( 'NONE', #3470, #3770 ) ;
#4241 = EDGE_CURVE ( 'NONE', #1510, #6535, #1336, .T. ) ;
#4242 = DIRECTION ( 'NONE',  ( 6.250839858758867238E-16, -1.000000000000000000, -7.292516007464944339E-32 ) ) ;
#4243 = ORIENTED_EDGE ( 'NONE', *, *, #4806, .F. ) ;
#4244 = CARTESIAN_POINT ( 'NONE',  ( -8.225451360361727637, 27.95203658269704405, 56.86948979832430950 ) ) ;
#4245 = CARTESIAN_POINT ( 'NONE',  ( 15.71810980688029602, 24.01002137493218314, 97.19034129655530307 ) ) ;
#4246 = DIRECTION ( 'NONE',  ( -0.9999999997824894349, 0.000000000000000000, 2.085715669636333691E-05 ) ) ;
#4247 = CARTESIAN_POINT ( 'NONE',  ( 15.71810980688029602, 26.95203658269705826, 96.19034129655530307 ) ) ;
#4248 = VECTOR ( 'NONE', #5882, 1000.000000000000114 ) ;
#4249 = VECTOR ( 'NONE', #7389, 1000.000000000000000 ) ;
#4250 = ORIENTED_EDGE ( 'NONE', *, *, #2698, .F. ) ;
#4251 = AXIS2_PLACEMENT_3D ( 'NONE', #7623, #2190, #4971 ) ;
#4252 = VECTOR ( 'NONE', #3336, 1000.000000000000114 ) ;
#4253 = DIRECTION ( 'NONE',  ( 6.250839858758867238E-16, -1.000000000000000000, -7.292516007464944339E-32 ) ) ;
#4254 = CARTESIAN_POINT ( 'NONE',  ( 7.130937034021578746, 39.54446977037137856, 56.00314410375234075 ) ) ;
#4255 = FACE_BOUND ( 'NONE', #3905, .T. ) ;
#4256 = ORIENTED_EDGE ( 'NONE', *, *, #7730, .F. ) ;
#4257 = DIRECTION ( 'NONE',  ( 9.605659310295823491E-08, 2.925113432190363512E-18, 0.9999999999999954481 ) ) ;
#4258 = FACE_BOUND ( 'NONE', #2978, .T. ) ;
#4259 = PLANE ( 'NONE',  #1797 ) ;
#4260 = AXIS2_PLACEMENT_3D ( 'NONE', #698, #3463, #8307 ) ;
#4261 = CARTESIAN_POINT ( 'NONE',  ( -6.725183011980039538, 13.81402832956863946, 69.73548391357518028 ) ) ;
#4262 = DIRECTION ( 'NONE',  ( 0.4999819370636951477, 0.000000000000000000, -0.8660358321744170418 ) ) ;
#4263 = ORIENTED_EDGE ( 'NONE', *, *, #1849, .T. ) ;
#4264 = FACE_OUTER_BOUND ( 'NONE', #5560, .T. ) ;
#4265 = EDGE_CURVE ( 'NONE', #3441, #6305, #1286, .T. ) ;
#4266 = CARTESIAN_POINT ( 'NONE',  ( -6.225367932169956653, 39.54446977037137145, 60.86944808314086686 ) ) ;
#4267 = VERTEX_POINT ( 'NONE', #3329 ) ;
#4268 = VERTEX_POINT ( 'NONE', #1244 ) ;
#4269 = CARTESIAN_POINT ( 'NONE',  ( -22.80884322314658164, 27.95203658269703695, 102.1306047112208120 ) ) ;
#4270 = VERTEX_POINT ( 'NONE', #3916 ) ;
#4271 = EDGE_CURVE ( 'NONE', #1326, #4608, #1202, .T. ) ;
#4272 = VECTOR ( 'NONE', #2144, 1000.000000000000000 ) ;
#4273 = AXIS2_PLACEMENT_3D ( 'NONE', #4101, #4146, #5345 ) ;
#4274 = EDGE_CURVE ( 'NONE', #2184, #586, #7571, .T. ) ;
#4275 = LINE ( 'NONE', #1375, #4109 ) ;
#4276 = EDGE_LOOP ( 'NONE', ( #8624, #4592, #5080, #544 ) ) ;
#4277 = CARTESIAN_POINT ( 'NONE',  ( -3.261159237564259517, 27.95203658269704761, 66.00336085550782173 ) ) ;
#4278 = CARTESIAN_POINT ( 'NONE',  ( 16.71813203811811732, -10.79118635532181258, 79.85914404737746963 ) ) ;
#4279 = DIRECTION ( 'NONE',  ( 0.4999819370636951477, 3.166443754200919549E-16, -0.8660358321744170418 ) ) ;
#4280 = ORIENTED_EDGE ( 'NONE', *, *, #7752, .T. ) ;
#4281 = DIRECTION ( 'NONE',  ( -6.379699141315096079E-16, 0.9999939862973237226, -0.003468049767204244103 ) ) ;
#4282 = ADVANCED_FACE ( 'NONE', ( #1982 ), #1934, .T. ) ;
#4283 = EDGE_CURVE ( 'NONE', #8911, #1874, #7432, .T. ) ;
#4284 = LINE ( 'NONE', #15, #7911 ) ;
#4285 = VECTOR ( 'NONE', #5784, 1000.000000000000000 ) ;
#4286 = PLANE ( 'NONE',  #8300 ) ;
#4287 = LINE ( 'NONE', #834, #909 ) ;
#4288 = EDGE_LOOP ( 'NONE', ( #158, #1809, #3321, #7054 ) ) ;
#4289 = DIRECTION ( 'NONE',  ( -2.085715669636334030E-05, -1.303747464172781074E-20, -0.9999999997824895459 ) ) ;
#4290 = CARTESIAN_POINT ( 'NONE',  ( 2.666960562795001266, 39.54446977037137856, 62.00323721091416473 ) ) ;
#4291 = DIRECTION ( 'NONE',  ( -0.8660358321744171528, -5.413451298869251709E-16, -0.4999819370636950921 ) ) ;
#4292 = ORIENTED_EDGE ( 'NONE', *, *, #7038, .F. ) ;
#4293 = DIRECTION ( 'NONE',  ( 1.000000000000000000, 0.000000000000000000, 0.000000000000000000 ) ) ;
#4294 = VERTEX_POINT ( 'NONE', #4053 ) ;
#4295 = EDGE_CURVE ( 'NONE', #6830, #2840, #4014, .T. ) ;
#4296 = CARTESIAN_POINT ( 'NONE',  ( -4.761224603037248926, 27.95203658269704761, 62.86941754570900542 ) ) ;
#4297 = DIRECTION ( 'NONE',  ( 0.000000000000000000, 2.619996788079515158E-05, -0.9999999996567807692 ) ) ;
#4298 = CARTESIAN_POINT ( 'NONE',  ( -3.261206540535965814, 27.95203658269704761, 63.73541166357004073 ) ) ;
#4299 = VERTEX_POINT ( 'NONE', #6838 ) ;
#4300 = PLANE ( 'NONE',  #4497 ) ;
#4301 = CARTESIAN_POINT ( 'NONE',  ( 8.175764905806939709, 2.386298900080696672, 43.35000000000000853 ) ) ;
#4302 = CARTESIAN_POINT ( 'NONE',  ( 16.71818037573524052, 27.95203658269706182, 44.35004644165275067 ) ) ;
#4303 = DIRECTION ( 'NONE',  ( 0.4999819370636951477, 3.166443754200919549E-16, -0.8660358321744170418 ) ) ;
#4304 = DIRECTION ( 'NONE',  ( 0.4999819370636951477, 3.166443754200919549E-16, -0.8660358321744170418 ) ) ;
#4305 = ORIENTED_EDGE ( 'NONE', *, *, #7150, .F. ) ;
#4306 = DIRECTION ( 'NONE',  ( -0.8660149750177210670, -5.413320924122833812E-16, 0.5000180627187943427 ) ) ;
#4307 = DIRECTION ( 'NONE',  ( -6.383782126896854090E-16, 1.000000000000000000, -2.925052111754154507E-18 ) ) ;
#4308 = LINE ( 'NONE', #8603, #6720 ) ;
#4309 = ORIENTED_EDGE ( 'NONE', *, *, #3135, .F. ) ;
#4310 = ORIENTED_EDGE ( 'NONE', *, *, #3386, .F. ) ;
#4311 = LINE ( 'NONE', #7746, #7862 ) ;
#4312 = ORIENTED_EDGE ( 'NONE', *, *, #4901, .T. ) ;
#4313 = AXIS2_PLACEMENT_3D ( 'NONE', #1104, #1742, #2464 ) ;
#4314 = EDGE_CURVE ( 'NONE', #6033, #8452, #608, .T. ) ;
#4315 = VECTOR ( 'NONE', #3212, 1000.000000000000000 ) ;
#4316 = DIRECTION ( 'NONE',  ( 6.250839858758867238E-16, -1.000000000000000000, -7.292516007464944339E-32 ) ) ;
#4317 = ORIENTED_EDGE ( 'NONE', *, *, #5775, .T. ) ;
#4318 = CARTESIAN_POINT ( 'NONE',  ( -11.39812996423727043, 13.81402832956863769, 50.00000000000000000 ) ) ;
#4319 = CARTESIAN_POINT ( 'NONE',  ( -7.725183011762533525, 13.81402832956863946, 69.73550477073185050 ) ) ;
#4320 = CARTESIAN_POINT ( 'NONE',  ( 6.625764905806940774, 2.386298900080696672, 6.649999999999995914 ) ) ;
#4321 = VERTEX_POINT ( 'NONE', #8263 ) ;
#4322 = EDGE_LOOP ( 'NONE', ( #3945, #5444, #7722, #5370, #4853, #3425 ) ) ;
#4323 = DIRECTION ( 'NONE',  ( 0.4999819370636951477, 0.000000000000000000, -0.8660358321744170418 ) ) ;
#4324 = ADVANCED_FACE ( 'NONE', ( #4787 ), #6065, .T. ) ;
#4325 = CARTESIAN_POINT ( 'NONE',  ( 16.49493143575678289, -11.56797396538886424, 43.72023733927272104 ) ) ;
#4326 = CARTESIAN_POINT ( 'NONE',  ( -0.3431414044064727276, 27.95203658269705116, 56.00329999177757401 ) ) ;
#4327 = CARTESIAN_POINT ( 'NONE',  ( 15.71818173700939880, 26.83496383332373014, 9.594466364057121055 ) ) ;
#4328 = ORIENTED_EDGE ( 'NONE', *, *, #3846, .T. ) ;
#4329 = FACE_OUTER_BOUND ( 'NONE', #9022, .T. ) ;
#4330 = DIRECTION ( 'NONE',  ( -4.336808689942017736E-16, 1.000000000000000000, 0.000000000000000000 ) ) ;
#4331 = CARTESIAN_POINT ( 'NONE',  ( -0.7970632116207861939, 39.54446977037137856, 65.73536026898153750 ) ) ;
#4332 = ORIENTED_EDGE ( 'NONE', *, *, #3680, .F. ) ;
#4333 = CARTESIAN_POINT ( 'NONE',  ( 0.2029006625066287761, 13.81402832956864657, 64.00328860463270075 ) ) ;
#4334 = VERTEX_POINT ( 'NONE', #6111 ) ;
#4335 = LINE ( 'NONE', #7996, #2223 ) ;
#4336 = DIRECTION ( 'NONE',  ( 1.433392254052754664E-07, 0.000000000000000000, -0.9999999999999897859 ) ) ;
#4337 = FACE_OUTER_BOUND ( 'NONE', #713, .T. ) ;
#4338 = FACE_BOUND ( 'NONE', #1268, .T. ) ;
#4339 = ADVANCED_FACE ( 'NONE', ( #4097 ), #475, .T. ) ;
#4340 = VERTEX_POINT ( 'NONE', #5512 ) ;
#4341 = LINE ( 'NONE', #3024, #3192 ) ;
#4342 = FACE_OUTER_BOUND ( 'NONE', #648, .T. ) ;
#4343 = AXIS2_PLACEMENT_3D ( 'NONE', #8012, #4533, #3678 ) ;
#4344 = EDGE_CURVE ( 'NONE', #8839, #409, #466, .T. ) ;
#4345 = AXIS2_PLACEMENT_3D ( 'NONE', #6007, #3815, #8704 ) ;
#4346 = LINE ( 'NONE', #7048, #3088 ) ;
#4347 = DIRECTION ( 'NONE',  ( 6.250839858758867238E-16, -1.000000000000000000, -7.292516007464944339E-32 ) ) ;
#4348 = EDGE_CURVE ( 'NONE', #5996, #7451, #6022, .T. ) ;
#4349 = CARTESIAN_POINT ( 'NONE',  ( 0.2031036454153201942, 13.81402832956864302, 73.73533941008470549 ) ) ;
#4350 = ORIENTED_EDGE ( 'NONE', *, *, #7486, .T. ) ;
#4351 = DIRECTION ( 'NONE',  ( 0.8660358321744171528, 5.413451298869251709E-16, 0.4999819370636952032 ) ) ;
#4352 = LINE ( 'NONE', #3079, #1646 ) ;
#4353 = VECTOR ( 'NONE', #7769, 999.9999999999998863 ) ;
#4354 = EDGE_LOOP ( 'NONE', ( #3320, #5603, #5551, #2598 ) ) ;
#4355 = VERTEX_POINT ( 'NONE', #8129 ) ;
#4356 = DIRECTION ( 'NONE',  ( 1.361274163096739818E-06, 2.619996788081942755E-05, -0.9999999996558543991 ) ) ;
#4357 = ORIENTED_EDGE ( 'NONE', *, *, #889, .F. ) ;
#4358 = VECTOR ( 'NONE', #4874, 1000.000000000000000 ) ;
#4359 = EDGE_CURVE ( 'NONE', #1601, #2715, #8814, .T. ) ;
#4360 = VECTOR ( 'NONE', #6403, 1000.000000000000000 ) ;
#4361 = DIRECTION ( 'NONE',  ( 1.000000000000000000, 3.469446951953611033E-15, 0.000000000000000000 ) ) ;
#4362 = ADVANCED_FACE ( 'NONE', ( #7530 ), #6750, .F. ) ;
#4363 = ORIENTED_EDGE ( 'NONE', *, *, #5227, .T. ) ;
#4364 = DIRECTION ( 'NONE',  ( -0.5000180627187942317, -3.125532836542028723E-16, -0.8660149750177209560 ) ) ;
#4365 = DIRECTION ( 'NONE',  ( 1.000000000000000000, 0.000000000000000000, -0.000000000000000000 ) ) ;
#4366 = LINE ( 'NONE', #2962, #1518 ) ;
#4367 = ORIENTED_EDGE ( 'NONE', *, *, #6601, .F. ) ;
#4368 = ORIENTED_EDGE ( 'NONE', *, *, #7132, .T. ) ;
#4369 = DIRECTION ( 'NONE',  ( -0.5000180627187938986, 0.000000000000000000, -0.8660149750177210670 ) ) ;
#4370 = VECTOR ( 'NONE', #8968, 1000.000000000000000 ) ;
#4371 = EDGE_CURVE ( 'NONE', #1075, #8767, #3287, .T. ) ;
#4372 = DIRECTION ( 'NONE',  ( -0.5000180627187938986, -3.217337761224690623E-16, -0.8660149750177210670 ) ) ;
#4373 = AXIS2_PLACEMENT_3D ( 'NONE', #8764, #7341, #7214 ) ;
#4374 = FACE_BOUND ( 'NONE', #5066, .T. ) ;
#4375 = DIRECTION ( 'NONE',  ( -0.000000000000000000, -0.000000000000000000, -1.000000000000000000 ) ) ;
#4376 = ORIENTED_EDGE ( 'NONE', *, *, #7412, .F. ) ;
#4377 = CARTESIAN_POINT ( 'NONE',  ( -23.04089682499410685, 27.95203658269703695, 101.9966349549544731 ) ) ;
#4378 = DIRECTION ( 'NONE',  ( 0.5000180627187942317, 0.000000000000000000, 0.8660149750177208450 ) ) ;
#4379 = DIRECTION ( 'NONE',  ( -2.910875140231017979E-47, 6.712021092795624582E-32, 1.000000000000000000 ) ) ;
#4380 = VERTEX_POINT ( 'NONE', #1380 ) ;
#4381 = DIRECTION ( 'NONE',  ( 7.774966115627097936E-17, -2.925052111754104818E-18, -1.000000000000000000 ) ) ;
#4382 = EDGE_CURVE ( 'NONE', #1754, #7605, #143, .T. ) ;
#4383 = VERTEX_POINT ( 'NONE', #2152 ) ;
#4384 = VECTOR ( 'NONE', #4517, 1000.000000000000114 ) ;
#4385 = AXIS2_PLACEMENT_3D ( 'NONE', #5825, #5915, #7330 ) ;
#4386 = EDGE_CURVE ( 'NONE', #533, #6841, #2112, .T. ) ;
#4387 = CARTESIAN_POINT ( 'NONE',  ( -4.261373397572057797, 27.95203658269704761, 55.73543252246685142 ) ) ;
#4388 = DIRECTION ( 'NONE',  ( -0.5000180627187938986, 0.000000000000000000, -0.8660149750177210670 ) ) ;
#4389 = CIRCLE ( 'NONE', #8770, 1.549999999999999378 ) ;
#4390 = DIRECTION ( 'NONE',  ( -0.8660149750177210670, -5.413320924122833812E-16, 0.5000180627187943427 ) ) ;
#4391 = EDGE_CURVE ( 'NONE', #3129, #4711, #5649, .T. ) ;
#4392 = VECTOR ( 'NONE', #4625, 1000.000000000000114 ) ;
#4393 = ORIENTED_EDGE ( 'NONE', *, *, #7798, .T. ) ;
#4394 = FACE_OUTER_BOUND ( 'NONE', #1284, .T. ) ;
#4395 = CARTESIAN_POINT ( 'NONE',  ( 2.166895197104506732, 39.54446977037137145, 58.86927304395864269 ) ) ;
#4396 = VECTOR ( 'NONE', #7609, 1000.000000000000114 ) ;
#4397 = EDGE_CURVE ( 'NONE', #854, #6821, #6253, .T. ) ;
#4398 = VECTOR ( 'NONE', #1548, 1000.000000000000114 ) ;
#4399 = CARTESIAN_POINT ( 'NONE',  ( 16.24007323521044555, -8.048244282788429516, 97.08256820016512734 ) ) ;
#4400 = DIRECTION ( 'NONE',  ( 0.4999819370636950921, 3.125307020857212586E-16, -0.8660358321744171528 ) ) ;
#4401 = CYLINDRICAL_SURFACE ( 'NONE', #5439, 1.549999999999999378 ) ;
#4402 = ORIENTED_EDGE ( 'NONE', *, *, #476, .F. ) ;
#4403 = LINE ( 'NONE', #7191, #2662 ) ;
#4404 = VECTOR ( 'NONE', #3299, 1000.000000000000000 ) ;
#4405 = VERTEX_POINT ( 'NONE', #1421 ) ;
#4406 = ORIENTED_EDGE ( 'NONE', *, *, #3655, .T. ) ;
#4407 = PLANE ( 'NONE',  #4343 ) ;
#4408 = VERTEX_POINT ( 'NONE', #3596 ) ;
#4409 = EDGE_CURVE ( 'NONE', #273, #1610, #7709, .T. ) ;
#4410 = VECTOR ( 'NONE', #8353, 1000.000000000000114 ) ;
#4411 = LINE ( 'NONE', #7199, #2508 ) ;
#4412 = ORIENTED_EDGE ( 'NONE', *, *, #2197, .F. ) ;
#4413 = CARTESIAN_POINT ( 'NONE',  ( 18.96128466276682545, 27.95203658269706537, 103.9560298122279107 ) ) ;
#4414 = CARTESIAN_POINT ( 'NONE',  ( -4.261039683064853811, 13.81402832956864124, 71.73543251898661310 ) ) ;
#4415 = DIRECTION ( 'NONE',  ( -2.085715669636334030E-05, -1.303747464172781074E-20, -0.9999999997824895459 ) ) ;
#4416 = VERTEX_POINT ( 'NONE', #1464 ) ;
#4417 = DIRECTION ( 'NONE',  ( -1.000000000000000000, 0.000000000000000000, 0.000000000000000000 ) ) ;
#4418 = VECTOR ( 'NONE', #8248, 1000.000000000000114 ) ;
#4419 = FACE_OUTER_BOUND ( 'NONE', #2540, .T. ) ;
#4420 = CARTESIAN_POINT ( 'NONE',  ( -1.296997845712770436, 27.95203658269705116, 68.86934529309371555 ) ) ;
#4421 = DIRECTION ( 'NONE',  ( 1.000000000000000000, 0.000000000000000000, 1.166645790364704205E-16 ) ) ;
#4422 = VERTEX_POINT ( 'NONE', #4319 ) ;
#4423 = CARTESIAN_POINT ( 'NONE',  ( -3.261039683282375812, 39.54446977037137145, 71.73541166182994289 ) ) ;
#4424 = DIRECTION ( 'NONE',  ( 0.000000000000000000, -0.9999939862973239446, 0.003468049767203771824 ) ) ;
#4425 = LINE ( 'NONE', #6610, #1659 ) ;
#4426 = ORIENTED_EDGE ( 'NONE', *, *, #3407, .T. ) ;
#4427 = FACE_OUTER_BOUND ( 'NONE', #2976, .T. ) ;
#4428 = ORIENTED_EDGE ( 'NONE', *, *, #7132, .F. ) ;
#4429 = PLANE ( 'NONE',  #7453 ) ;
#4430 = DIRECTION ( 'NONE',  ( 1.000000000000000000, 0.000000000000000000, 0.000000000000000000 ) ) ;
#4431 = DIRECTION ( 'NONE',  ( 1.000000000000000000, 6.383782126896855077E-16, 1.166244917344064875E-16 ) ) ;
#4432 = VERTEX_POINT ( 'NONE', #4142 ) ;
#4433 = LINE ( 'NONE', #5127, #6985 ) ;
#4434 = APPLICATION_PROTOCOL_DEFINITION ( 'draft international standard', 'automotive_design', 1998, #4670 ) ;
#4435 = EDGE_CURVE ( 'NONE', #5740, #1549, #4227, .T. ) ;
#4436 = PRODUCT_RELATED_PRODUCT_CATEGORY ( 'part', '', ( #4793 ) ) ;
#4437 = PLANE ( 'NONE',  #6569 ) ;
#4438 = DIRECTION ( 'NONE',  ( 0.9999999997824894349, 6.250839857399241803E-16, -2.085715669636334030E-05 ) ) ;
#4439 = EDGE_CURVE ( 'NONE', #5783, #3893, #9, .T. ) ;
#4440 = DIRECTION ( 'NONE',  ( -1.000000000000000000, 0.000000000000000000, 0.000000000000000000 ) ) ;
#4441 = DIRECTION ( 'NONE',  ( 6.250839858758867238E-16, -1.000000000000000000, -7.292516007464944339E-32 ) ) ;
#4442 = CARTESIAN_POINT ( 'NONE',  ( -7.725183011762542407, 27.95203658269704761, 69.73550477073185050 ) ) ;
#4443 = ORIENTED_EDGE ( 'NONE', *, *, #7197, .T. ) ;
#4444 = VERTEX_POINT ( 'NONE', #7102 ) ;
#4445 = CARTESIAN_POINT ( 'NONE',  ( 3.624758211226107196, 2.208813644678184751, 3.649999999999999467 ) ) ;
#4446 = ORIENTED_EDGE ( 'NONE', *, *, #644, .T. ) ;
#4447 = AXIS2_PLACEMENT_3D ( 'NONE', #1201, #5340, #1933 ) ;
#4448 = PLANE ( 'NONE',  #5854 ) ;
#4449 = VERTEX_POINT ( 'NONE', #2283 ) ;
#4450 = DIRECTION ( 'NONE',  ( 6.250839858758867238E-16, -1.000000000000000000, -7.292516007464944339E-32 ) ) ;
#4451 = DIRECTION ( 'NONE',  ( 0.4999819370636951477, 0.000000000000000000, -0.8660358321744170418 ) ) ;
#4452 = DIRECTION ( 'NONE',  ( 0.000000000000000000, 0.000000000000000000, -1.000000000000000000 ) ) ;
#4453 = ORIENTED_EDGE ( 'NONE', *, *, #7989, .T. ) ;
#4454 = ORIENTED_EDGE ( 'NONE', *, *, #7198, .F. ) ;
#4455 = DIRECTION ( 'NONE',  ( 2.085715669603027678E-05, 1.303747464151961922E-20, 0.9999999997824895459 ) ) ;
#4456 = EDGE_CURVE ( 'NONE', #1844, #7051, #3504, .T. ) ;
#4457 = DIRECTION ( 'NONE',  ( 1.361274163578769539E-06, 0.000000000000000000, -0.9999999999990734079 ) ) ;
#4458 = CARTESIAN_POINT ( 'NONE',  ( -7.924387460749048095, -32.97402951153658535, 97.19034129655530307 ) ) ;
#4459 = DIRECTION ( 'NONE',  ( 4.720966082604344240E-09, 0.9999939862973237226, -0.003468049767204129177 ) ) ;
#4460 = EDGE_LOOP ( 'NONE', ( #6726, #7104, #2342, #3070 ) ) ;
#4461 = DIRECTION ( 'NONE',  ( -0.006013943137674153221, 0.9999819160804543916, -7.013731052431002560E-19 ) ) ;
#4462 = CARTESIAN_POINT ( 'NONE',  ( 11.71517252853224278, 74.67466570213872501, 94.62330639589909254 ) ) ;
#4463 = ADVANCED_FACE ( 'NONE', ( #865 ), #3555, .T. ) ;
#4464 = LINE ( 'NONE', #2975, #2534 ) ;
#4465 = VERTEX_POINT ( 'NONE', #103 ) ;
#4466 = CARTESIAN_POINT ( 'NONE',  ( 9.100377905247198029, 27.95203658269705826, 97.29603624938164330 ) ) ;
#4467 = VERTEX_POINT ( 'NONE', #8482 ) ;
#4468 = EDGE_CURVE ( 'NONE', #7451, #2389, #2873, .T. ) ;
#4469 = DIRECTION ( 'NONE',  ( -2.406425471801890024E-18, 0.003468049767204245404, 0.9999939862973237226 ) ) ;
#4470 = DIRECTION ( 'NONE',  ( 0.4999819370636950921, 3.125307020857212586E-16, -0.8660358321744171528 ) ) ;
#4471 = CARTESIAN_POINT ( 'NONE',  ( -1.296914417085978988, 39.54446977037136435, 72.86934529222367019 ) ) ;
#4472 = EDGE_CURVE ( 'NONE', #5220, #5058, #6419, .T. ) ;
#4473 = ORIENTED_EDGE ( 'NONE', *, *, #4697, .T. ) ;
#4474 = DIRECTION ( 'NONE',  ( -0.5000180627187942317, -3.125532836542028723E-16, -0.8660149750177209560 ) ) ;
#4475 = CARTESIAN_POINT ( 'NONE',  ( -7.725266440389347622, 39.54446977037137145, 65.73550477160191008 ) ) ;
#4476 = FACE_OUTER_BOUND ( 'NONE', #933, .T. ) ;
#4477 = CARTESIAN_POINT ( 'NONE',  ( 0.2027338052530170964, 39.54446977037137856, 56.00328860637277728 ) ) ;
#4478 = PLANE ( 'NONE',  #2472 ) ;
#4479 = ORIENTED_EDGE ( 'NONE', *, *, #6751, .F. ) ;
#4480 = ORIENTED_EDGE ( 'NONE', *, *, #8593, .F. ) ;
#4481 = CARTESIAN_POINT ( 'NONE',  ( 0.2030202167885215292, 13.81402832956864302, 69.73533941095475086 ) ) ;
#4482 = VERTEX_POINT ( 'NONE', #2830 ) ;
#4483 = EDGE_LOOP ( 'NONE', ( #4100, #818, #3054, #7503 ) ) ;
#4484 = AXIS2_PLACEMENT_3D ( 'NONE', #6546, #3273, #1138 ) ;
#4485 = VECTOR ( 'NONE', #8898, 1000.000000000000114 ) ;
#4486 = DIRECTION ( 'NONE',  ( 1.000000000000000000, 5.755241453125620489E-16, -1.995958381271845284E-18 ) ) ;
#4487 = VERTEX_POINT ( 'NONE', #7757 ) ;
#4488 = PLANE ( 'NONE',  #4345 ) ;
#4489 = ADVANCED_FACE ( 'NONE', ( #193 ), #2961, .T. ) ;
#4490 = CARTESIAN_POINT ( 'NONE',  ( -4.761308031664047924, 27.95203658269704761, 58.86941754657907921 ) ) ;
#4491 = EDGE_CURVE ( 'NONE', #2597, #1844, #4183, .T. ) ;
#4492 = CARTESIAN_POINT ( 'NONE',  ( -4.261326094600351055, 27.95203658269704761, 58.00338171440466795 ) ) ;
#4493 = VECTOR ( 'NONE', #2849, 1000.000000000000000 ) ;
#4494 = ORIENTED_EDGE ( 'NONE', *, *, #4762, .F. ) ;
#4495 = EDGE_LOOP ( 'NONE', ( #7282, #4733, #7295, #6926 ) ) ;
#4496 = CARTESIAN_POINT ( 'NONE',  ( -1.297248131593157661, 13.81402832956864124, 56.86934529570390140 ) ) ;
#4497 = AXIS2_PLACEMENT_3D ( 'NONE', #847, #3442, #6320 ) ;
#4498 = ADVANCED_FACE ( 'NONE', ( #8527 ), #6933, .T. ) ;
#4499 = AXIS2_PLACEMENT_3D ( 'NONE', #2673, #8279, #537 ) ;
#4500 = DIRECTION ( 'NONE',  ( -0.5000180627187938986, -3.217337761224690623E-16, -0.8660149750177210670 ) ) ;
#4501 = ADVANCED_FACE ( 'NONE', ( #326 ), #5149, .T. ) ;
#4502 = CARTESIAN_POINT ( 'NONE',  ( 15.71818173701034560, -11.79118635532180548, 43.35004508037951609 ) ) ;
#4503 = CARTESIAN_POINT ( 'NONE',  ( -4.261409523227150054, 27.95203658269704761, 54.00338171527472042 ) ) ;
#4504 = VERTEX_POINT ( 'NONE', #7940 ) ;
#4505 = DIRECTION ( 'NONE',  ( 0.5000180627187940097, 3.125532836542028723E-16, 0.8660149750177211780 ) ) ;
#4506 = DIRECTION ( 'NONE',  ( 2.406425471801890024E-18, -0.003468049767204245837, -0.9999939862973237226 ) ) ;
#4507 = AXIS2_PLACEMENT_3D ( 'NONE', #5789, #5239, #6648 ) ;
#4508 = DIRECTION ( 'NONE',  ( -0.5000180627187942317, -3.125532836542028723E-16, -0.8660149750177209560 ) ) ;
#4509 = ORIENTED_EDGE ( 'NONE', *, *, #8250, .F. ) ;
#4510 = ORIENTED_EDGE ( 'NONE', *, *, #585, .F. ) ;
#4511 = CARTESIAN_POINT ( 'NONE',  ( -8.225201074481338637, 39.54446977037136435, 68.86948979571414498 ) ) ;
#4512 = EDGE_CURVE ( 'NONE', #1182, #7497, #2326, .T. ) ;
#4513 = ORIENTED_EDGE ( 'NONE', *, *, #3842, .F. ) ;
#4514 = VECTOR ( 'NONE', #5983, 1000.000000000000114 ) ;
#4515 = EDGE_CURVE ( 'NONE', #6101, #1936, #1696, .T. ) ;
#4516 = FACE_OUTER_BOUND ( 'NONE', #3634, .T. ) ;
#4517 = DIRECTION ( 'NONE',  ( -0.4999819370636952032, -3.125307020857213572E-16, 0.8660358321744170418 ) ) ;
#4518 = ORIENTED_EDGE ( 'NONE', *, *, #6614, .T. ) ;
#4519 = ORIENTED_EDGE ( 'NONE', *, *, #4752, .T. ) ;
#4520 = CARTESIAN_POINT ( 'NONE',  ( 25.88940446290867925, 27.95203658269706892, 99.95588531047751246 ) ) ;
#4521 = VECTOR ( 'NONE', #7905, 1000.000000000000114 ) ;
#4522 = VERTEX_POINT ( 'NONE', #3859 ) ;
#4523 = CARTESIAN_POINT ( 'NONE',  ( -4.761224603037256031, 39.54446977037136435, 62.86941754570900542 ) ) ;
#4524 = PRODUCT_DEFINITION_CONTEXT ( 'detailed design', #139, 'design' ) ;
#4525 = VECTOR ( 'NONE', #7177, 1000.000000000000114 ) ;
#4526 = VECTOR ( 'NONE', #8255, 1000.000000000000000 ) ;
#4527 = CARTESIAN_POINT ( 'NONE',  ( 15.71808657644716334, -8.048244284197235032, 97.19034129655530307 ) ) ;
#4528 = CARTESIAN_POINT ( 'NONE',  ( -1.297081274339574986, 39.54446977037137145, 64.86934529396381777 ) ) ;
#4529 = DIRECTION ( 'NONE',  ( 0.9999999997824894349, 6.383781515425612638E-16, -2.085715669603027339E-05 ) ) ;
#4530 = DIRECTION ( 'NONE',  ( 6.250839858758867238E-16, -1.000000000000000000, -7.292516007464944339E-32 ) ) ;
#4531 = ORIENTED_EDGE ( 'NONE', *, *, #1761, .F. ) ;
#4532 = VERTEX_POINT ( 'NONE', #7241 ) ;
#4533 = DIRECTION ( 'NONE',  ( -0.9999999999999954481, -6.383782124087120873E-16, 9.605659310295824814E-08 ) ) ;
#4534 = VECTOR ( 'NONE', #1609, 1000.000000000000000 ) ;
#4535 = EDGE_LOOP ( 'NONE', ( #7513, #8041, #2603, #688 ) ) ;
#4536 = VERTEX_POINT ( 'NONE', #8020 ) ;
#4537 = VECTOR ( 'NONE', #7793, 1000.000000000000114 ) ;
#4538 = VECTOR ( 'NONE', #44, 1000.000000000000000 ) ;
#4539 = EDGE_CURVE ( 'NONE', #105, #8831, #5874, .T. ) ;
#4540 = CIRCLE ( 'NONE', #5855, 1.049999999999997158 ) ;
#4541 = DIRECTION ( 'NONE',  ( 1.000000000000000000, 0.000000000000000000, 0.000000000000000000 ) ) ;
#4542 = ORIENTED_EDGE ( 'NONE', *, *, #2599, .F. ) ;
#4543 = DIRECTION ( 'NONE',  ( -0.4999819370636950921, 0.000000000000000000, 0.8660358321744171528 ) ) ;
#4544 = LINE ( 'NONE', #3176, #765 ) ;
#4545 = CARTESIAN_POINT ( 'NONE',  ( 3.620818644216918791, 2.208813644678184751, 3.649999999999999467 ) ) ;
#4546 = ORIENTED_EDGE ( 'NONE', *, *, #1701, .T. ) ;
#4547 = VERTEX_POINT ( 'NONE', #1777 ) ;
#4548 = CARTESIAN_POINT ( 'NONE',  ( 2.666793705541404158, 39.54446977037137856, 54.00323721265430521 ) ) ;
#4549 = VECTOR ( 'NONE', #5045, 1000.000000000000114 ) ;
#4550 = ADVANCED_FACE ( 'NONE', ( #3136 ), #958, .T. ) ;
#4551 = CARTESIAN_POINT ( 'NONE',  ( -6.225117646289540119, 27.95203658269704761, 72.86944808053070233 ) ) ;
#4552 = DIRECTION ( 'NONE',  ( 6.250839858758867238E-16, -1.000000000000000000, -7.292516007464944339E-32 ) ) ;
#4553 = CARTESIAN_POINT ( 'NONE',  ( -2.841466721017159027E-15, -9.447034099919317640, 79.73864887361423825 ) ) ;
#4554 = ORIENTED_EDGE ( 'NONE', *, *, #4491, .T. ) ;
#4555 = CARTESIAN_POINT ( 'NONE',  ( 2.166811768477707734, 39.54446977037137145, 54.86927304482872358 ) ) ;
#4556 = VECTOR ( 'NONE', #2284, 1000.000000000000114 ) ;
#4557 = CYLINDRICAL_SURFACE ( 'NONE', #2064, 1.000000000000000444 ) ;
#4558 = CYLINDRICAL_SURFACE ( 'NONE', #4857, 1.000000000000000888 ) ;
#4559 = EDGE_LOOP ( 'NONE', ( #5473, #1430, #2489, #5170, #2590 ) ) ;
#4560 = EDGE_LOOP ( 'NONE', ( #1507, #1972, #5937, #6078 ) ) ;
#4561 = FACE_OUTER_BOUND ( 'NONE', #6481, .T. ) ;
#4562 = EDGE_CURVE ( 'NONE', #2445, #1014, #4544, .T. ) ;
#4563 = ORIENTED_EDGE ( 'NONE', *, *, #1925, .F. ) ;
#4564 = VECTOR ( 'NONE', #4166, 1000.000000000000114 ) ;
#4565 = LINE ( 'NONE', #7348, #4249 ) ;
#4566 = LINE ( 'NONE', #2981, #5700 ) ;
#4567 = ORIENTED_EDGE ( 'NONE', *, *, #4697, .F. ) ;
#4568 = ORIENTED_EDGE ( 'NONE', *, *, #7633, .T. ) ;
#4569 = DIRECTION ( 'NONE',  ( 0.000000000000000000, 1.000000000000000000, 1.748214903649937399E-16 ) ) ;
#4570 = CARTESIAN_POINT ( 'NONE',  ( -17.61262823010007850, 27.95203658269704050, 105.1304963336029914 ) ) ;
#4571 = VERTEX_POINT ( 'NONE', #7975 ) ;
#4572 = ADVANCED_FACE ( 'NONE', ( #8567 ), #1045, .T. ) ;
#4573 = AXIS2_PLACEMENT_3D ( 'NONE', #1812, #4576, #3794 ) ;
#4574 = VERTEX_POINT ( 'NONE', #8664 ) ;
#4575 = AXIS2_PLACEMENT_3D ( 'NONE', #197, #63, #4323 ) ;
#4576 = DIRECTION ( 'NONE',  ( -1.091152692702142892E-32, 1.339658354568195596E-16, -1.000000000000000000 ) ) ;
#4577 = EDGE_CURVE ( 'NONE', #6309, #4432, #3950, .T. ) ;
#4578 = DIRECTION ( 'NONE',  ( -0.000000000000000000, -0.000000000000000000, -1.000000000000000000 ) ) ;
#4579 = CARTESIAN_POINT ( 'NONE',  ( -0.7972300688743687580, 13.81402832956864302, 57.73536027072162113 ) ) ;
#4580 = LINE ( 'NONE', #1818, #1352 ) ;
#4581 = ORIENTED_EDGE ( 'NONE', *, *, #5471, .F. ) ;
#4582 = EDGE_LOOP ( 'NONE', ( #2524, #3807, #1301, #6198 ) ) ;
#4583 = DIRECTION ( 'NONE',  ( 0.4999819370636951477, 3.166443754200919549E-16, -0.8660358321744170418 ) ) ;
#4584 = VERTEX_POINT ( 'NONE', #2415 ) ;
#4585 = EDGE_LOOP ( 'NONE', ( #7243, #4367, #4961, #3310 ) ) ;
#4586 = EDGE_CURVE ( 'NONE', #8304, #5868, #373, .T. ) ;
#4587 = DIRECTION ( 'NONE',  ( -1.000000000000000000, 0.000000000000000000, 0.000000000000000000 ) ) ;
#4588 = ORIENTED_EDGE ( 'NONE', *, *, #3491, .T. ) ;
#4589 = FACE_OUTER_BOUND ( 'NONE', #8332, .T. ) ;
#4590 = DIRECTION ( 'NONE',  ( -0.4999819370636952032, -3.125307020857213572E-16, 0.8660358321744170418 ) ) ;
#4591 = CARTESIAN_POINT ( 'NONE',  ( -0.3428076898993361876, 27.95203658269705116, 72.00329998829734279 ) ) ;
#4592 = ORIENTED_EDGE ( 'NONE', *, *, #6287, .F. ) ;
#4593 = ORIENTED_EDGE ( 'NONE', *, *, #2979, .T. ) ;
#4594 = EDGE_CURVE ( 'NONE', #2455, #9027, #7299, .T. ) ;
#4595 = FACE_OUTER_BOUND ( 'NONE', #7009, .T. ) ;
#4596 = FACE_BOUND ( 'NONE', #7393, .T. ) ;
#4597 = DIRECTION ( 'NONE',  ( 6.250839858758867238E-16, -1.000000000000000000, -7.292516007464944339E-32 ) ) ;
#4598 = AXIS2_PLACEMENT_3D ( 'NONE', #4786, #6795, #3461 ) ;
#4599 = DIRECTION ( 'NONE',  ( -2.085715669636334030E-05, -1.303747464172781074E-20, -0.9999999997824895459 ) ) ;
#4600 = ORIENTED_EDGE ( 'NONE', *, *, #8326, .T. ) ;
#4601 = CARTESIAN_POINT ( 'NONE',  ( 12.11513577063901437, -8.048203228061431957, 94.62330639589909254 ) ) ;
#4602 = CARTESIAN_POINT ( 'NONE',  ( 0.2029367881617241687, 13.81402832956864657, 65.73533941182485307 ) ) ;
#4603 = CARTESIAN_POINT ( 'NONE',  ( -0.3752417887738929148, 2.386298900080694452, 50.00000000000000000 ) ) ;
#4604 = ORIENTED_EDGE ( 'NONE', *, *, #363, .T. ) ;
#4605 = ORIENTED_EDGE ( 'NONE', *, *, #3947, .F. ) ;
#4606 = CARTESIAN_POINT ( 'NONE',  ( 11.71517252853224811, 74.67466570213872501, 43.35003963118651171 ) ) ;
#4607 = EDGE_CURVE ( 'NONE', #8780, #2754, #5780, .T. ) ;
#4608 = VERTEX_POINT ( 'NONE', #4490 ) ;
#4609 = VECTOR ( 'NONE', #8995, 1000.000000000000000 ) ;
#4610 = CARTESIAN_POINT ( 'NONE',  ( 15.05151508399133853, -10.80058561851707033, 43.35004417286342715 ) ) ;
#4611 = DIRECTION ( 'NONE',  ( -1.091152692702142892E-32, 1.339658354568195596E-16, -1.000000000000000000 ) ) ;
#4612 = ORIENTED_EDGE ( 'NONE', *, *, #3109, .T. ) ;
#4613 = ORIENTED_EDGE ( 'NONE', *, *, #7515, .F. ) ;
#4614 = DIRECTION ( 'NONE',  ( 0.4999819370636951477, 3.166443754200919549E-16, -0.8660358321744170418 ) ) ;
#4615 = LINE ( 'NONE', #3253, #7467 ) ;
#4616 = VECTOR ( 'NONE', #1511, 1000.000000000000000 ) ;
#4617 = ORIENTED_EDGE ( 'NONE', *, *, #41, .F. ) ;
#4618 = CARTESIAN_POINT ( 'NONE',  ( -17.84468183194761082, 27.95203658269704050, 104.9965265773366383 ) ) ;
#4619 = EDGE_CURVE ( 'NONE', #53, #6660, #3686, .T. ) ;
#4620 = ORIENTED_EDGE ( 'NONE', *, *, #4382, .T. ) ;
#4621 = CARTESIAN_POINT ( 'NONE',  ( 15.80902413411251040, -10.88251029058704589, 43.35402601374137532 ) ) ;
#4622 = DIRECTION ( 'NONE',  ( -0.4999819370636952032, -3.125307020857213572E-16, 0.8660358321744170418 ) ) ;
#4623 = EDGE_CURVE ( 'NONE', #8885, #8897, #5101, .T. ) ;
#4624 = LINE ( 'NONE', #8789, #1172 ) ;
#4625 = DIRECTION ( 'NONE',  ( -0.5000180627187942317, -3.125532836542028723E-16, -0.8660149750177209560 ) ) ;
#4626 = VERTEX_POINT ( 'NONE', #7890 ) ;
#4627 = ORIENTED_EDGE ( 'NONE', *, *, #7971, .F. ) ;
#4628 = DIRECTION ( 'NONE',  ( -8.696376787897791152E-17, -1.000000000000000000, -7.709614173794068882E-32 ) ) ;
#4629 = ORIENTED_EDGE ( 'NONE', *, *, #4869, .F. ) ;
#4630 = EDGE_LOOP ( 'NONE', ( #435, #2685, #3754, #3984 ) ) ;
#4631 = EDGE_CURVE ( 'NONE', #3276, #4444, #1655, .T. ) ;
#4632 = VECTOR ( 'NONE', #8696, 1000.000000000000114 ) ;
#4633 = VECTOR ( 'NONE', #2378, 999.9999999999998863 ) ;
#4634 = EDGE_CURVE ( 'NONE', #7977, #8560, #1733, .T. ) ;
#4635 = EDGE_CURVE ( 'NONE', #4626, #2828, #3730, .T. ) ;
#4636 = DIRECTION ( 'NONE',  ( 2.910875140231017979E-47, -6.712021092795624582E-32, -1.000000000000000000 ) ) ;
#4637 = ORIENTED_EDGE ( 'NONE', *, *, #3834, .T. ) ;
#4638 = CYLINDRICAL_SURFACE ( 'NONE', #2623, 1.550000000000000488 ) ;
#4639 = CARTESIAN_POINT ( 'NONE',  ( 15.71818173700939880, 27.97509909127807504, 50.00000000000000000 ) ) ;
#4640 = CARTESIAN_POINT ( 'NONE',  ( -16.39812996423723490, -10.79118635532182680, 96.19034129655530307 ) ) ;
#4641 = ORIENTED_EDGE ( 'NONE', *, *, #4946, .T. ) ;
#4642 = ORIENTED_EDGE ( 'NONE', *, *, #5714, .F. ) ;
#4643 = DIRECTION ( 'NONE',  ( 0.4999819370636951477, 0.000000000000000000, -0.8660358321744170418 ) ) ;
#4644 = EDGE_CURVE ( 'NONE', #8071, #6885, #7417, .T. ) ;
#4645 = EDGE_CURVE ( 'NONE', #6855, #7117, #1234, .T. ) ;
#4646 = FACE_BOUND ( 'NONE', #4029, .T. ) ;
#4647 = CARTESIAN_POINT ( 'NONE',  ( 15.71810980688029247, 26.95203658269705826, 97.19034129655530307 ) ) ;
#4648 = LINE ( 'NONE', #3968, #2500 ) ;
#4649 = ORIENTED_EDGE ( 'NONE', *, *, #2092, .T. ) ;
#4650 = DIRECTION ( 'NONE',  ( 2.085715669603027678E-05, 1.303747464151961922E-20, 0.9999999997824895459 ) ) ;
#4651 = DIRECTION ( 'NONE',  ( 0.9999999997824894349, 0.000000000000000000, -2.085715669603027339E-05 ) ) ;
#4652 = CARTESIAN_POINT ( 'NONE',  ( -6.725099583353257415, 39.54446977037137145, 73.73548391270512070 ) ) ;
#4653 = ORIENTED_EDGE ( 'NONE', *, *, #5353, .T. ) ;
#4654 = ORIENTED_EDGE ( 'NONE', *, *, #5132, .F. ) ;
#4655 = DIRECTION ( 'NONE',  ( -1.000000000000000000, -5.755241453125620489E-16, 0.000000000000000000 ) ) ;
#4656 = AXIS2_PLACEMENT_3D ( 'NONE', #7261, #941, #8595 ) ;
#4657 = ORIENTED_EDGE ( 'NONE', *, *, #6079, .T. ) ;
#4658 = AXIS2_PLACEMENT_3D ( 'NONE', #5943, #1684, #4440 ) ;
#4659 = LINE ( 'NONE', #1158, #333 ) ;
#4660 = VECTOR ( 'NONE', #3716, 1000.000000000000000 ) ;
#4661 = LINE ( 'NONE', #3982, #5419 ) ;
#4662 = ORIENTED_EDGE ( 'NONE', *, *, #6667, .F. ) ;
#4663 = VERTEX_POINT ( 'NONE', #7519 ) ;
#4664 = CARTESIAN_POINT ( 'NONE',  ( 3.666793705323898589, 39.54446977037137856, 54.00321635549759947 ) ) ;
#4665 = CARTESIAN_POINT ( 'NONE',  ( -0.3431414044064727276, 27.95203658269705116, 56.00329999177752427 ) ) ;
#4666 = AXIS2_PLACEMENT_3D ( 'NONE', #75, #4199, #2259 ) ;
#4667 = EDGE_LOOP ( 'NONE', ( #1766, #1937, #2468, #4519, #1248, #8896 ) ) ;
#4668 = FACE_OUTER_BOUND ( 'NONE', #8520, .T. ) ;
#4669 = EDGE_LOOP ( 'NONE', ( #1393, #4654, #668, #2300 ) ) ;
#4670 = APPLICATION_CONTEXT ( 'automotive_design' ) ;
#4671 = EDGE_CURVE ( 'NONE', #5487, #6385, #3457, .T. ) ;
#4672 = VECTOR ( 'NONE', #5352, 1000.000000000000114 ) ;
#4673 = EDGE_CURVE ( 'NONE', #3983, #5213, #5374, .T. ) ;
#4674 = CARTESIAN_POINT ( 'NONE',  ( 6.131306874401372120, 39.54446977037137856, 73.73521576462097471 ) ) ;
#4675 = CARTESIAN_POINT ( 'NONE',  ( 15.97990896780041759, 24.01002137493217958, 97.19034129655531729 ) ) ;
#4676 = VECTOR ( 'NONE', #2881, 1000.000000000000000 ) ;
#4677 = CARTESIAN_POINT ( 'NONE',  ( -1.297164702966358885, 13.81402832956864124, 60.86934529483382050 ) ) ;
#4678 = PLANE ( 'NONE',  #2803 ) ;
#4679 = VERTEX_POINT ( 'NONE', #8848 ) ;
#4680 = LINE ( 'NONE', #5456, #7236 ) ;
#4681 = EDGE_CURVE ( 'NONE', #3630, #8582, #1969, .T. ) ;
#4682 = VERTEX_POINT ( 'NONE', #1872 ) ;
#4683 = CARTESIAN_POINT ( 'NONE',  ( -8.225284503108138523, 39.54446977037136435, 64.86948979658419034 ) ) ;
#4684 = EDGE_LOOP ( 'NONE', ( #5928, #8729, #8047, #4200 ) ) ;
#4685 = AXIS2_PLACEMENT_3D ( 'NONE', #4674, #7547, #8879 ) ;
#4686 = AXIS2_PLACEMENT_3D ( 'NONE', #6547, #3816, #3764 ) ;
#4687 = DIRECTION ( 'NONE',  ( -0.000000000000000000, -0.000000000000000000, -1.000000000000000000 ) ) ;
#4688 = EDGE_LOOP ( 'NONE', ( #6794, #1131, #8121, #5803 ) ) ;
#4689 = DIRECTION ( 'NONE',  ( 0.8660149750177211780, 5.413320924122835784E-16, -0.5000180627187940097 ) ) ;
#4690 = CARTESIAN_POINT ( 'NONE',  ( -19.57675349629646178, 27.95203658269703695, 103.9965627032092357 ) ) ;
#4691 = VECTOR ( 'NONE', #7442, 1000.000000000000227 ) ;
#4692 = AXIS2_PLACEMENT_3D ( 'NONE', #8651, #2405, #178 ) ;
#4693 = DIRECTION ( 'NONE',  ( -0.9999999997824894349, 0.000000000000000000, 2.085715669636333691E-05 ) ) ;
#4694 = EDGE_LOOP ( 'NONE', ( #6006, #7966 ) ) ;
#4695 = ORIENTED_EDGE ( 'NONE', *, *, #8835, .T. ) ;
#4696 = CARTESIAN_POINT ( 'NONE',  ( -0.3752417887738929148, 2.386298900080694452, 0.000000000000000000 ) ) ;
#4697 = EDGE_CURVE ( 'NONE', #8571, #8673, #1047, .T. ) ;
#4698 = VECTOR ( 'NONE', #3593, 1000.000000000000114 ) ;
#4699 = VECTOR ( 'NONE', #2511, 1000.000000000000000 ) ;
#4700 = DIRECTION ( 'NONE',  ( 0.9999999997824894349, 0.000000000000000000, -2.085715669603027339E-05 ) ) ;
#4701 = LINE ( 'NONE', #7480, #8899 ) ;
#4702 = LINE ( 'NONE', #6649, #1784 ) ;
#4703 = ORIENTED_EDGE ( 'NONE', *, *, #3342, .T. ) ;
#4704 = PLANE ( 'NONE',  #4598 ) ;
#4705 = DIRECTION ( 'NONE',  ( -1.000000000000000000, 0.000000000000000000, 0.000000000000000000 ) ) ;
#4706 = DIRECTION ( 'NONE',  ( -1.000000000000000000, 0.000000000000000000, 0.000000000000000000 ) ) ;
#4707 = EDGE_LOOP ( 'NONE', ( #2315, #27, #2260, #329, #2477, #7561 ) ) ;
#4708 = EDGE_LOOP ( 'NONE', ( #5981, #375, #6413, #5195 ) ) ;
#4709 = DIRECTION ( 'NONE',  ( -0.5000180627187938986, 0.000000000000000000, -0.8660149750177210670 ) ) ;
#4710 = VECTOR ( 'NONE', #5677, 1000.000000000000000 ) ;
#4711 = VERTEX_POINT ( 'NONE', #6196 ) ;
#4712 = VECTOR ( 'NONE', #2914, 1000.000000000000000 ) ;
#4713 = DIRECTION ( 'NONE',  ( -0.5000180627187938986, 0.000000000000000000, -0.8660149750177210670 ) ) ;
#4714 = ORIENTED_EDGE ( 'NONE', *, *, #2669, .T. ) ;
#4715 = ORIENTED_EDGE ( 'NONE', *, *, #784, .T. ) ;
#4716 = LINE ( 'NONE', #1298, #5692 ) ;
#4717 = CARTESIAN_POINT ( 'NONE',  ( 7.631121953993964979, 39.54446977037137856, 64.86915907702994843 ) ) ;
#4718 = ORIENTED_EDGE ( 'NONE', *, *, #703, .T. ) ;
#4719 = CARTESIAN_POINT ( 'NONE',  ( 6.131103891492697855, 13.81402832956864657, 64.00316495916892734 ) ) ;
#4720 = ORIENTED_EDGE ( 'NONE', *, *, #8710, .T. ) ;
#4721 = AXIS2_PLACEMENT_3D ( 'NONE', #5003, #127, #8379 ) ;
#4722 = LINE ( 'NONE', #3937, #8613 ) ;
#4723 = FACE_OUTER_BOUND ( 'NONE', #1782, .T. ) ;
#4724 = FACE_OUTER_BOUND ( 'NONE', #3749, .T. ) ;
#4725 = ORIENTED_EDGE ( 'NONE', *, *, #4435, .T. ) ;
#4726 = CARTESIAN_POINT ( 'NONE',  ( 16.71818173700939880, 27.83495781962105298, 49.99999999999999289 ) ) ;
#4727 = EDGE_CURVE ( 'NONE', #3579, #2560, #5466, .T. ) ;
#4728 = ORIENTED_EDGE ( 'NONE', *, *, #512, .T. ) ;
#4729 = CARTESIAN_POINT ( 'NONE',  ( -6.225451360796738776, 13.81402832956863946, 56.86944808401091933 ) ) ;
#4730 = ORIENTED_EDGE ( 'NONE', *, *, #2556, .T. ) ;
#4731 = EDGE_CURVE ( 'NONE', #2451, #2593, #6008, .T. ) ;
#4732 = CYLINDRICAL_SURFACE ( 'NONE', #8343, 1.549999999999999378 ) ;
#4733 = ORIENTED_EDGE ( 'NONE', *, *, #5931, .F. ) ;
#4734 = LINE ( 'NONE', #8254, #3912 ) ;
#4735 = LINE ( 'NONE', #6098, #2502 ) ;
#4736 = DIRECTION ( 'NONE',  ( 0.9999999997824894349, 6.383781515425612638E-16, -2.085715669603027339E-05 ) ) ;
#4737 = ORIENTED_EDGE ( 'NONE', *, *, #4871, .T. ) ;
#4738 = ORIENTED_EDGE ( 'NONE', *, *, #6627, .F. ) ;
#4739 = LINE ( 'NONE', #8852, #443 ) ;
#4740 = LINE ( 'NONE', #1198, #5820 ) ;
#4741 = DIRECTION ( 'NONE',  ( -1.000000000000000000, 0.000000000000000000, 0.000000000000000000 ) ) ;
#4742 = ORIENTED_EDGE ( 'NONE', *, *, #1530, .F. ) ;
#4743 = DIRECTION ( 'NONE',  ( -2.085715669636334030E-05, -1.303747464172781074E-20, -0.9999999997824895459 ) ) ;
#4744 = DIRECTION ( 'NONE',  ( -0.5000180627187942317, -3.125532836542028723E-16, -0.8660149750177209560 ) ) ;
#4745 = EDGE_CURVE ( 'NONE', #7668, #819, #8213, .T. ) ;
#4746 = DIRECTION ( 'NONE',  ( -0.5000180627187938986, 0.000000000000000000, -0.8660149750177210670 ) ) ;
#4747 = EDGE_LOOP ( 'NONE', ( #4546, #2586, #413, #495 ) ) ;
#4748 = VERTEX_POINT ( 'NONE', #6783 ) ;
#4749 = CARTESIAN_POINT ( 'NONE',  ( 3.624758211226107196, 2.208813644678184751, 3.649999999999999467 ) ) ;
#4750 = VERTEX_POINT ( 'NONE', #3224 ) ;
#4751 = EDGE_CURVE ( 'NONE', #7761, #653, #4735, .T. ) ;
#4752 = EDGE_CURVE ( 'NONE', #1087, #7878, #511, .T. ) ;
#4753 = LINE ( 'NONE', #5979, #2950 ) ;
#4754 = EDGE_CURVE ( 'NONE', #5095, #6957, #6875, .T. ) ;
#4755 = PLANE ( 'NONE',  #7891 ) ;
#4756 = ORIENTED_EDGE ( 'NONE', *, *, #2629, .T. ) ;
#4757 = ORIENTED_EDGE ( 'NONE', *, *, #8074, .F. ) ;
#4758 = DIRECTION ( 'NONE',  ( -2.085715669636334030E-05, -1.303747464172781074E-20, -0.9999999997824895459 ) ) ;
#4759 = LINE ( 'NONE', #6035, #7774 ) ;
#4760 = ORIENTED_EDGE ( 'NONE', *, *, #411, .F. ) ;
#4761 = FACE_OUTER_BOUND ( 'NONE', #2435, .T. ) ;
#4762 = EDGE_CURVE ( 'NONE', #4547, #711, #3411, .T. ) ;
#4763 = VECTOR ( 'NONE', #8904, 1000.000000000000000 ) ;
#4764 = ORIENTED_EDGE ( 'NONE', *, *, #1532, .F. ) ;
#4765 = EDGE_CURVE ( 'NONE', #1746, #7051, #3318, .T. ) ;
#4766 = CARTESIAN_POINT ( 'NONE',  ( -17.39812996423724556, -1.078108076414771420E-14, 96.19034129655530307 ) ) ;
#4767 = FACE_OUTER_BOUND ( 'NONE', #3449, .T. ) ;
#4768 = DIRECTION ( 'NONE',  ( 1.000000000000000000, 0.000000000000000000, 0.000000000000000000 ) ) ;
#4769 = VERTEX_POINT ( 'NONE', #4086 ) ;
#4770 = PLANE ( 'NONE',  #1023 ) ;
#4771 = ORIENTED_EDGE ( 'NONE', *, *, #7747, .T. ) ;
#4772 = CARTESIAN_POINT ( 'NONE',  ( -4.261326094600342174, 13.81402832956864124, 58.00338171440466795 ) ) ;
#4773 = ORIENTED_EDGE ( 'NONE', *, *, #5911, .T. ) ;
#4774 = CARTESIAN_POINT ( 'NONE',  ( 2.667127420048598818, 39.54446977037137856, 70.00323720917405979 ) ) ;
#4775 = B_SPLINE_CURVE_WITH_KNOTS ( 'NONE', 3,
 ( #4527, #1682, #4399, #8690, #3889, #3751 ),
 .UNSPECIFIED., .F., .F.,
 ( 4, 2, 4 ),
 ( 0.000000000000000000, 0.5000000000000000000, 1.000000000000000000 ),
 .UNSPECIFIED. ) ;
#4776 = ORIENTED_EDGE ( 'NONE', *, *, #4234, .F. ) ;
#4777 = CARTESIAN_POINT ( 'NONE',  ( 6.131270748746294963, 13.81402832956864657, 72.00316495742883660 ) ) ;
#4778 = CARTESIAN_POINT ( 'NONE',  ( -26.50504015369178390, 27.95203658269703340, 99.99670720669969626 ) ) ;
#4779 = DIRECTION ( 'NONE',  ( -6.383782126896854090E-16, 1.000000000000000000, -2.925052111754154507E-18 ) ) ;
#4780 = ORIENTED_EDGE ( 'NONE', *, *, #8001, .F. ) ;
#4781 = ORIENTED_EDGE ( 'NONE', *, *, #3413, .T. ) ;
#4782 = CARTESIAN_POINT ( 'NONE',  ( 0.7030021538522018831, 39.54446977037137856, 68.86930357878031828 ) ) ;
#4783 = EDGE_CURVE ( 'NONE', #6423, #3129, #8893, .T. ) ;
#4784 = CARTESIAN_POINT ( 'NONE',  ( 30.85344629982572684, 27.95203658269706892, 97.08975637027123184 ) ) ;
#4785 = ORIENTED_EDGE ( 'NONE', *, *, #6482, .F. ) ;
#4786 = CARTESIAN_POINT ( 'NONE',  ( 2.166978625731305286, 39.54446977037137145, 62.86927304308857600 ) ) ;
#4787 = FACE_OUTER_BOUND ( 'NONE', #230, .T. ) ;
#4788 = DIRECTION ( 'NONE',  ( 6.250839858758867238E-16, -1.000000000000000000, -7.292516007464944339E-32 ) ) ;
#4789 = ORIENTED_EDGE ( 'NONE', *, *, #3135, .T. ) ;
#4790 = ORIENTED_EDGE ( 'NONE', *, *, #1976, .F. ) ;
#4791 = DIRECTION ( 'NONE',  ( -0.000000000000000000, -0.000000000000000000, -1.000000000000000000 ) ) ;
#4792 = EDGE_CURVE ( 'NONE', #8958, #1891, #8117, .T. ) ;
#4793 = PRODUCT ( 'gello_teleop_flexiv_l5', 'gello_teleop_flexiv_l5', '', ( #7546 ) ) ;
#4794 = DIRECTION ( 'NONE',  ( -0.8660358321744171528, -5.413451298869251709E-16, -0.4999819370636950921 ) ) ;
#4795 = CARTESIAN_POINT ( 'NONE',  ( -24.54091488749541483, 27.95203658269703695, 101.1306408370934236 ) ) ;
#4796 = ORIENTED_EDGE ( 'NONE', *, *, #4645, .T. ) ;
#4797 = CARTESIAN_POINT ( 'NONE',  ( -4.261409523227141172, 13.81402832956864124, 54.00338171527472042 ) ) ;
#4798 = DIRECTION ( 'NONE',  ( -1.091152692702142892E-32, 1.339658354568195596E-16, -1.000000000000000000 ) ) ;
#4799 = EDGE_CURVE ( 'NONE', #7538, #533, #2014, .T. ) ;
#4800 = VECTOR ( 'NONE', #1403, 1000.000000000000000 ) ;
#4801 = LINE ( 'NONE', #3434, #1508 ) ;
#4802 = ORIENTED_EDGE ( 'NONE', *, *, #3786, .F. ) ;
#4803 = CARTESIAN_POINT ( 'NONE',  ( 0.2031036454153113679, 27.95203658269705116, 73.73533941008470549 ) ) ;
#4804 = CIRCLE ( 'NONE', #1750, 1.049999999999988498 ) ;
#4805 = VERTEX_POINT ( 'NONE', #650 ) ;
#4806 = EDGE_CURVE ( 'NONE', #8480, #1946, #2499, .T. ) ;
#4807 = CIRCLE ( 'NONE', #6693, 1.549999999999999378 ) ;
#4808 = AXIS2_PLACEMENT_3D ( 'NONE', #210, #2977, #159 ) ;
#4809 = CARTESIAN_POINT ( 'NONE',  ( -6.725349869233636646, 13.81402832956863946, 61.73548391531529944 ) ) ;
#4810 = CARTESIAN_POINT ( 'NONE',  ( -3.261075808937446752, 13.81402832956864479, 70.00336085463777636 ) ) ;
#4811 = CARTESIAN_POINT ( 'NONE',  ( 6.131187320119480866, 39.54446977037137856, 68.00316495829888197 ) ) ;
#4812 = AXIS2_PLACEMENT_3D ( 'NONE', #4477, #6722, #8147 ) ;
#4813 = ORIENTED_EDGE ( 'NONE', *, *, #8380, .T. ) ;
#4814 = LINE ( 'NONE', #6955, #2474 ) ;
#4815 = ORIENTED_EDGE ( 'NONE', *, *, #628, .F. ) ;
#4816 = DIRECTION ( 'NONE',  ( -1.000000000000000000, -6.383782126896855077E-16, -1.166244989663167914E-16 ) ) ;
#4817 = VERTEX_POINT ( 'NONE', #855 ) ;
#4818 = VECTOR ( 'NONE', #7782, 1000.000000000000114 ) ;
#4819 = DIRECTION ( 'NONE',  ( 6.250839858758867238E-16, -1.000000000000000000, -7.292516007464944339E-32 ) ) ;
#4820 = ORIENTED_EDGE ( 'NONE', *, *, #4577, .T. ) ;
#4821 = CARTESIAN_POINT ( 'NONE',  ( 16.71804960704504595, -37.99787925054140914, 109.5346749970985769 ) ) ;
#4822 = DIRECTION ( 'NONE',  ( 5.755241451737143451E-16, -1.000000000000000000, 6.712021091176322394E-32 ) ) ;
#4823 = ORIENTED_EDGE ( 'NONE', *, *, #3786, .T. ) ;
#4824 = ORIENTED_EDGE ( 'NONE', *, *, #1498, .T. ) ;
#4825 = DIRECTION ( 'NONE',  ( 0.4999819370636950921, 3.125307020857212586E-16, -0.8660358321744171528 ) ) ;
#4826 = VECTOR ( 'NONE', #6268, 1000.000000000000114 ) ;
#4827 = AXIS2_PLACEMENT_3D ( 'NONE', #4462, #7251, #3104 ) ;
#4828 = VECTOR ( 'NONE', #3515, 1000.000000000000000 ) ;
#4829 = VECTOR ( 'NONE', #4307, 1000.000000000000000 ) ;
#4830 = FACE_OUTER_BOUND ( 'NONE', #4747, .T. ) ;
#4831 = ORIENTED_EDGE ( 'NONE', *, *, #4594, .T. ) ;
#4832 = CARTESIAN_POINT ( 'NONE',  ( 0.7030855824790005482, 39.54446977037137856, 72.86930357791027291 ) ) ;
#4833 = CARTESIAN_POINT ( 'NONE',  ( -6.225117646289560547, 39.54446977037137145, 72.86944808053070233 ) ) ;
#4834 = PLANE ( 'NONE',  #7037 ) ;
#4835 = ORIENTED_EDGE ( 'NONE', *, *, #1135, .T. ) ;
#4836 = ORIENTED_EDGE ( 'NONE', *, *, #4164, .T. ) ;
#4837 = CARTESIAN_POINT ( 'NONE',  ( 3.667080116859402938, 13.81402832956864479, 67.73526716007955883 ) ) ;
#4838 = EDGE_CURVE ( 'NONE', #7927, #8232, #1411, .T. ) ;
#4839 = AXIS2_PLACEMENT_3D ( 'NONE', #6683, #457, #1185 ) ;
#4840 = ADVANCED_FACE ( 'NONE', ( #9024 ), #6279, .F. ) ;
#4841 = VECTOR ( 'NONE', #5905, 1000.000000000000000 ) ;
#4842 = DIRECTION ( 'NONE',  ( 2.085715669603027678E-05, 1.303747464151961922E-20, 0.9999999997824895459 ) ) ;
#4843 = CARTESIAN_POINT ( 'NONE',  ( 7.131140016930284986, 13.81402832956864657, 65.73519490920438102 ) ) ;
#4844 = CARTESIAN_POINT ( 'NONE',  ( 3.667080116859386951, 39.54446977037137856, 67.73526716007955883 ) ) ;
#4845 = ORIENTED_EDGE ( 'NONE', *, *, #5583, .F. ) ;
#4846 = CARTESIAN_POINT ( 'NONE',  ( 11.76816763782072961, 13.81402832956865190, 50.00000000000000000 ) ) ;
#4847 = VECTOR ( 'NONE', #6366, 1000.000000000000227 ) ;
#4848 = CARTESIAN_POINT ( 'NONE',  ( 7.130973159676671003, 39.54446977037137856, 57.73519491094450018 ) ) ;
#4849 = ADVANCED_FACE ( 'NONE', ( #8294 ), #2143, .T. ) ;
#4850 = EDGE_CURVE ( 'NONE', #8098, #6521, #2820, .T. ) ;
#4851 = CIRCLE ( 'NONE', #7312, 1.550000000000000266 ) ;
#4852 = FACE_OUTER_BOUND ( 'NONE', #296, .T. ) ;
#4853 = ORIENTED_EDGE ( 'NONE', *, *, #6789, .T. ) ;
#4854 = LINE ( 'NONE', #6948, #4965 ) ;
#4855 = AXIS2_PLACEMENT_3D ( 'NONE', #2026, #4791, #7576 ) ;
#4856 = EDGE_LOOP ( 'NONE', ( #2705, #3473, #20, #3901 ) ) ;
#4857 = AXIS2_PLACEMENT_3D ( 'NONE', #8815, #2023, #7531 ) ;
#4858 = EDGE_CURVE ( 'NONE', #7755, #1277, #6235, .T. ) ;
#4859 = LINE ( 'NONE', #30, #5842 ) ;
#4860 = DIRECTION ( 'NONE',  ( 6.938893903907222067E-15, 0.000000000000000000, -1.000000000000000000 ) ) ;
#4861 = DIRECTION ( 'NONE',  ( -1.000000000000000000, -6.383782126896855077E-16, 0.000000000000000000 ) ) ;
#4862 = VECTOR ( 'NONE', #7310, 1000.000000000000000 ) ;
#4863 = EDGE_CURVE ( 'NONE', #4405, #4128, #5701, .T. ) ;
#4864 = VERTEX_POINT ( 'NONE', #3622 ) ;
#4865 = FACE_OUTER_BOUND ( 'NONE', #4095, .T. ) ;
#4866 = VERTEX_POINT ( 'NONE', #2901 ) ;
#4867 = CARTESIAN_POINT ( 'NONE',  ( -0.3752417887738929148, 2.386298900080694452, 0.000000000000000000 ) ) ;
#4868 = ORIENTED_EDGE ( 'NONE', *, *, #2791, .F. ) ;
#4869 = EDGE_CURVE ( 'NONE', #1615, #4084, #686, .T. ) ;
#4870 = DIRECTION ( 'NONE',  ( -0.8660149750177210670, -5.413320924122833812E-16, 0.5000180627187943427 ) ) ;
#4871 = EDGE_CURVE ( 'NONE', #4547, #2748, #4172, .T. ) ;
#4872 = DIRECTION ( 'NONE',  ( -0.000000000000000000, 1.000000000000000000, -1.734723475976805319E-15 ) ) ;
#4873 = ORIENTED_EDGE ( 'NONE', *, *, #6102, .T. ) ;
#4874 = DIRECTION ( 'NONE',  ( -6.379660775701298401E-16, 1.000000000000000000, -1.368761477293906647E-15 ) ) ;
#4875 = DIRECTION ( 'NONE',  ( -6.379660775701297415E-16, 1.000000000000000000, -2.925052111754154507E-18 ) ) ;
#4876 = VERTEX_POINT ( 'NONE', #8467 ) ;
#4877 = ORIENTED_EDGE ( 'NONE', *, *, #8362, .F. ) ;
#4878 = DIRECTION ( 'NONE',  ( 1.000000000000000000, 0.000000000000000000, 0.000000000000000000 ) ) ;
#4879 = EDGE_CURVE ( 'NONE', #6498, #3354, #2228, .T. ) ;
#4880 = CARTESIAN_POINT ( 'NONE',  ( -4.375241788773893248, 2.386298900080694452, 109.3221854111122013 ) ) ;
#4881 = EDGE_CURVE ( 'NONE', #3934, #5643, #6962, .T. ) ;
#4882 = ORIENTED_EDGE ( 'NONE', *, *, #7593, .T. ) ;
#4883 = CARTESIAN_POINT ( 'NONE',  ( -10.59190878877379305, -8.047034099919326167, 86.10127056713264437 ) ) ;
#4884 = CARTESIAN_POINT ( 'NONE',  ( 2.667043991421816251, 13.81402832956864479, 66.00323721004411937 ) ) ;
#4885 = VECTOR ( 'NONE', #1478, 1000.000000000000227 ) ;
#4886 = LINE ( 'NONE', #5650, #7477 ) ;
#4887 = ORIENTED_EDGE ( 'NONE', *, *, #5629, .F. ) ;
#4888 = ORIENTED_EDGE ( 'NONE', *, *, #8835, .F. ) ;
#4889 = CARTESIAN_POINT ( 'NONE',  ( -7.725469423298021887, 13.81402832956863946, 56.00345396614989824 ) ) ;
#4890 = CARTESIAN_POINT ( 'NONE',  ( 11.71517252853228186, 27.95203658269705826, 43.35003963118651171 ) ) ;
#4891 = CARTESIAN_POINT ( 'NONE',  ( 3.624758211226112525, -6.340670791627871949, 50.00000000000000000 ) ) ;
#4892 = DIRECTION ( 'NONE',  ( 4.401992423523295253E-17, 1.000000000000000000, 1.339658354568195596E-16 ) ) ;
#4893 = EDGE_CURVE ( 'NONE', #2135, #3215, #94, .T. ) ;
#4894 = EDGE_LOOP ( 'NONE', ( #3421, #5416, #3768, #1320 ) ) ;
#4895 = CARTESIAN_POINT ( 'NONE',  ( 7.131270748528772963, 39.54446977037137856, 72.00314410027212375 ) ) ;
#4896 = DIRECTION ( 'NONE',  ( 0.000000000000000000, 0.000000000000000000, 1.000000000000000000 ) ) ;
#4897 = DIRECTION ( 'NONE',  ( 2.229226102169153035E-18, -2.619996788079515158E-05, 0.9999999996567807692 ) ) ;
#4898 = FACE_OUTER_BOUND ( 'NONE', #7344, .T. ) ;
#4899 = ORIENTED_EDGE ( 'NONE', *, *, #311, .T. ) ;
#4900 = CARTESIAN_POINT ( 'NONE',  ( 16.71810980687937231, 24.01348944083434844, 96.19034265782947557 ) ) ;
#4901 = EDGE_CURVE ( 'NONE', #1874, #6536, #2179, .T. ) ;
#4902 = DIRECTION ( 'NONE',  ( -1.000000000000000000, -6.383782126896855077E-16, 6.066577588907693692E-48 ) ) ;
#4903 = EDGE_CURVE ( 'NONE', #5866, #1190, #728, .T. ) ;
#4904 = VECTOR ( 'NONE', #1881, 999.9999999999998863 ) ;
#4905 = FACE_BOUND ( 'NONE', #7063, .T. ) ;
#4906 = EDGE_LOOP ( 'NONE', ( #478, #2846, #5050, #954 ) ) ;
#4907 = FACE_BOUND ( 'NONE', #4694, .T. ) ;
#4908 = CARTESIAN_POINT ( 'NONE',  ( 15.71810980688029247, 26.95203658269705826, 96.19034129655530307 ) ) ;
#4909 = EDGE_CURVE ( 'NONE', #3041, #4144, #6328, .T. ) ;
#4910 = DIRECTION ( 'NONE',  ( 0.000000000000000000, 1.000000000000000000, 1.748214903649937399E-16 ) ) ;
#4911 = CARTESIAN_POINT ( 'NONE',  ( 11.76816763782072961, 13.81402832956865190, 50.00000000000000000 ) ) ;
#4912 = CARTESIAN_POINT ( 'NONE',  ( -2.761308032099075493, 39.54446977037137145, 58.86937583226568904 ) ) ;
#4913 = ORIENTED_EDGE ( 'NONE', *, *, #3270, .F. ) ;
#4914 = FACE_OUTER_BOUND ( 'NONE', #3214, .T. ) ;
#4915 = DIRECTION ( 'NONE',  ( -0.9999999997824894349, 0.000000000000000000, 2.085715669636333691E-05 ) ) ;
#4916 = VECTOR ( 'NONE', #4628, 1000.000000000000000 ) ;
#4917 = ADVANCED_FACE ( 'NONE', ( #2103 ), #5601, .T. ) ;
#4918 = ORIENTED_EDGE ( 'NONE', *, *, #2129, .T. ) ;
#4919 = EDGE_LOOP ( 'NONE', ( #4969, #183, #1884, #8915 ) ) ;
#4920 = CARTESIAN_POINT ( 'NONE',  ( -4.375241788773892360, 2.208813644678181198, 3.649999999999999467 ) ) ;
#4921 = ORIENTED_EDGE ( 'NONE', *, *, #3304, .F. ) ;
#4922 = ADVANCED_FACE ( 'NONE', ( #4264 ), #5009, .T. ) ;
#4923 = EDGE_CURVE ( 'NONE', #1190, #1845, #1547, .T. ) ;
#4924 = PLANE ( 'NONE',  #1649 ) ;
#4925 = ORIENTED_EDGE ( 'NONE', *, *, #5595, .T. ) ;
#4926 = FACE_OUTER_BOUND ( 'NONE', #4218, .T. ) ;
#4927 = CARTESIAN_POINT ( 'NONE',  ( 2.167228911611717823, 13.81402832956864479, 74.86927304047844700 ) ) ;
#4928 = FACE_OUTER_BOUND ( 'NONE', #8578, .T. ) ;
#4929 = ORIENTED_EDGE ( 'NONE', *, *, #4963, .T. ) ;
#4930 = ORIENTED_EDGE ( 'NONE', *, *, #8145, .F. ) ;
#4931 = LINE ( 'NONE', #5745, #3121 ) ;
#4932 = AXIS2_PLACEMENT_3D ( 'NONE', #4445, #8561, #5816 ) ;
#4933 = CARTESIAN_POINT ( 'NONE',  ( 20.46126659961307226, 27.95203658269706537, 103.0899731228967511 ) ) ;
#4934 = CARTESIAN_POINT ( 'NONE',  ( -0.3429384214978219436, 27.95203658269705116, 65.73535079722964269 ) ) ;
#4935 = PLANE ( 'NONE',  #8619 ) ;
#4936 = EDGE_LOOP ( 'NONE', ( #3011, #4035, #5795, #8929 ) ) ;
#4937 = DIRECTION ( 'NONE',  ( -1.000000000000000000, 0.000000000000000000, -1.166244989663167914E-16 ) ) ;
#4938 = LINE ( 'NONE', #877, #4676 ) ;
#4939 = CARTESIAN_POINT ( 'NONE',  ( 0.2028172338798157615, 39.54446977037137856, 60.00328860550269638 ) ) ;
#4940 = ORIENTED_EDGE ( 'NONE', *, *, #4512, .T. ) ;
#4941 = CARTESIAN_POINT ( 'NONE',  ( 9.224758211226104621, 4.896777690040630127, 6.650000000000003020 ) ) ;
#4942 = EDGE_LOOP ( 'NONE', ( #528, #1225, #3553, #1641, #2765, #2818 ) ) ;
#4943 = VECTOR ( 'NONE', #1829, 1000.000000000000000 ) ;
#4944 = VECTOR ( 'NONE', #5180, 1000.000000000000114 ) ;
#4945 = VECTOR ( 'NONE', #7097, 1000.000000000000000 ) ;
#4946 = EDGE_CURVE ( 'NONE', #8897, #8493, #1368, .T. ) ;
#4947 = CARTESIAN_POINT ( 'NONE',  ( 6.131103891492682756, 39.54446977037137856, 64.00316495916892734 ) ) ;
#4948 = FACE_OUTER_BOUND ( 'NONE', #6406, .T. ) ;
#4949 = AXIS2_PLACEMENT_3D ( 'NONE', #8985, #4689, #8293 ) ;
#4950 = EDGE_CURVE ( 'NONE', #4039, #1186, #2317, .T. ) ;
#4951 = FACE_BOUND ( 'NONE', #6460, .T. ) ;
#4952 = ORIENTED_EDGE ( 'NONE', *, *, #5402, .T. ) ;
#4953 = LINE ( 'NONE', #7737, #5813 ) ;
#4954 = CARTESIAN_POINT ( 'NONE',  ( -4.761391460290838040, 13.81402832956863946, 54.86941754744913169 ) ) ;
#4955 = VECTOR ( 'NONE', #9015, 1000.000000000000000 ) ;
#4956 = ADVANCED_FACE ( 'NONE', ( #3933 ), #5812, .T. ) ;
#4957 = LINE ( 'NONE', #771, #924 ) ;
#4958 = DIRECTION ( 'NONE',  ( -1.000000000000000000, 0.000000000000000000, 0.000000000000000000 ) ) ;
#4959 = AXIS2_PLACEMENT_3D ( 'NONE', #604, #4010, #6106 ) ;
#4960 = LINE ( 'NONE', #1272, #8784 ) ;
#4961 = ORIENTED_EDGE ( 'NONE', *, *, #6415, .F. ) ;
#4962 = DIRECTION ( 'NONE',  ( 0.9999999997824894349, 6.383781515425612638E-16, -2.085715669603027339E-05 ) ) ;
#4963 = EDGE_CURVE ( 'NONE', #5319, #7374, #7448, .T. ) ;
#4964 = DIRECTION ( 'NONE',  ( 0.4999819370636951477, 0.000000000000000000, -0.8660358321744170418 ) ) ;
#4965 = VECTOR ( 'NONE', #3393, 1000.000000000000000 ) ;
#4966 = ORIENTED_EDGE ( 'NONE', *, *, #2166, .T. ) ;
#4967 = VERTEX_POINT ( 'NONE', #268 ) ;
#4968 = CARTESIAN_POINT ( 'NONE',  ( 16.99720669954221819, 27.95203658269706182, 105.0900453737719147 ) ) ;
#4969 = ORIENTED_EDGE ( 'NONE', *, *, #1264, .T. ) ;
#4970 = VECTOR ( 'NONE', #4614, 1000.000000000000114 ) ;
#4971 = DIRECTION ( 'NONE',  ( 0.9999999997824894349, 0.000000000000000000, -2.085715669603027339E-05 ) ) ;
#4972 = ORIENTED_EDGE ( 'NONE', *, *, #5942, .F. ) ;
#4973 = CARTESIAN_POINT ( 'NONE',  ( -4.673745950346255285, 18.07212241910100659, 43.35000000000000853 ) ) ;
#4974 = CARTESIAN_POINT ( 'NONE',  ( -7.725302566044424779, 13.81402832956863946, 64.00345396440977197 ) ) ;
#4975 = VECTOR ( 'NONE', #6307, 1000.000000000000114 ) ;
#4976 = DIRECTION ( 'NONE',  ( 0.5000180627187940097, 3.125532836542028723E-16, 0.8660149750177211780 ) ) ;
#4977 = ORIENTED_EDGE ( 'NONE', *, *, #8807, .T. ) ;
#4978 = ORIENTED_EDGE ( 'NONE', *, *, #5185, .F. ) ;
#4979 = CARTESIAN_POINT ( 'NONE',  ( -7.924387460749064083, -9.447034099919322969, 97.19034129655530307 ) ) ;
#4980 = ADVANCED_FACE ( 'NONE', ( #4668 ), #2273, .F. ) ;
#4981 = VECTOR ( 'NONE', #446, 1000.000000000000227 ) ;
#4982 = VECTOR ( 'NONE', #2374, 1000.000000000000000 ) ;
#4983 = CARTESIAN_POINT ( 'NONE',  ( 0.000000000000000000, 0.2768240308124161886, 79.82075940570057071 ) ) ;
#4984 =( GEOMETRIC_REPRESENTATION_CONTEXT ( 3 ) GLOBAL_UNCERTAINTY_ASSIGNED_CONTEXT ( ( #5358 ) ) GLOBAL_UNIT_ASSIGNED_CONTEXT ( ( #387, #2520, #5929 ) ) REPRESENTATION_CONTEXT ( 'NONE', 'WORKASPACE' ) );
#4985 = CARTESIAN_POINT ( 'NONE',  ( -16.39812996423723490, -10.79118635532182680, 96.19034129655530307 ) ) ;
#4986 = DIRECTION ( 'NONE',  ( -0.5000180627187942317, -3.125532836542028723E-16, -0.8660149750177209560 ) ) ;
#4987 = ORIENTED_EDGE ( 'NONE', *, *, #1572, .T. ) ;
#4988 = CARTESIAN_POINT ( 'NONE',  ( 7.131270748528789838, 13.81402832956864657, 72.00314410027212375 ) ) ;
#4989 = DIRECTION ( 'NONE',  ( 0.8660149750177211780, 5.413320924122835784E-16, -0.5000180627187940097 ) ) ;
#4990 = ORIENTED_EDGE ( 'NONE', *, *, #6280, .F. ) ;
#4991 = DIRECTION ( 'NONE',  ( -0.000000000000000000, -0.000000000000000000, -1.000000000000000000 ) ) ;
#4992 = AXIS2_PLACEMENT_3D ( 'NONE', #5482, #4611, #7496 ) ;
#4993 = VECTOR ( 'NONE', #2347, 1000.000000000000000 ) ;
#4994 = ORIENTED_EDGE ( 'NONE', *, *, #1052, .F. ) ;
#4995 = VECTOR ( 'NONE', #4094, 1000.000000000000114 ) ;
#4996 = VECTOR ( 'NONE', #6382, 1000.000000000000114 ) ;
#4997 = DIRECTION ( 'NONE',  ( -0.006013943137674153221, 0.9999819160804542806, 0.000000000000000000 ) ) ;
#4998 = EDGE_CURVE ( 'NONE', #5213, #4062, #3719, .T. ) ;
#4999 = LINE ( 'NONE', #7082, #591 ) ;
#5000 = ORIENTED_EDGE ( 'NONE', *, *, #3161, .T. ) ;
#5001 = CARTESIAN_POINT ( 'NONE',  ( 3.667080116859394057, 27.95203658269705471, 67.73526716007955883 ) ) ;
#5002 = VECTOR ( 'NONE', #5354, 1000.000000000000000 ) ;
#5003 = CARTESIAN_POINT ( 'NONE',  ( 3.666793705323898589, 39.54446977037137856, 54.00321635549759947 ) ) ;
#5004 = FACE_BOUND ( 'NONE', #6914, .T. ) ;
#5005 = CARTESIAN_POINT ( 'NONE',  ( 2.666829831196512401, 13.81402832956864479, 55.73528801984643621 ) ) ;
#5006 = LINE ( 'NONE', #8515, #7914 ) ;
#5007 = EDGE_CURVE ( 'NONE', #6798, #1119, #5356, .T. ) ;
#5008 = ORIENTED_EDGE ( 'NONE', *, *, #2247, .T. ) ;
#5009 = PLANE ( 'NONE',  #1779 ) ;
#5010 = ORIENTED_EDGE ( 'NONE', *, *, #2248, .T. ) ;
#5011 = ORIENTED_EDGE ( 'NONE', *, *, #5007, .F. ) ;
#5012 = CARTESIAN_POINT ( 'NONE',  ( -0.3752417887738929148, 2.386298900080694452, 0.000000000000000000 ) ) ;
#5013 = ORIENTED_EDGE ( 'NONE', *, *, #5583, .T. ) ;
#5014 = VECTOR ( 'NONE', #4004, 1000.000000000000114 ) ;
#5015 = DIRECTION ( 'NONE',  ( -6.383782126896855077E-16, 1.000000000000000000, -2.925052111754154507E-18 ) ) ;
#5016 = ORIENTED_EDGE ( 'NONE', *, *, #2118, .T. ) ;
#5017 = DIRECTION ( 'NONE',  ( 0.9999999997824894349, 6.383781515425612638E-16, -2.085715669603027339E-05 ) ) ;
#5018 = DIRECTION ( 'NONE',  ( 6.250839858758867238E-16, -1.000000000000000000, -7.292516007464944339E-32 ) ) ;
#5019 = CARTESIAN_POINT ( 'NONE',  ( -0.7971827659026785584, 39.54446977037137856, 60.00330946265940923 ) ) ;
#5020 = ORIENTED_EDGE ( 'NONE', *, *, #6149, .T. ) ;
#5021 = CARTESIAN_POINT ( 'NONE',  ( 7.631038525367165981, 39.54446977037137856, 60.86915907790000801 ) ) ;
#5022 = LINE ( 'NONE', #7246, #4996 ) ;
#5023 = EDGE_CURVE ( 'NONE', #6032, #4711, #2404, .T. ) ;
#5024 = CARTESIAN_POINT ( 'NONE',  ( -7.725219137417625781, 13.81402832956863946, 68.00345396353972660 ) ) ;
#5025 = DIRECTION ( 'NONE',  ( 0.000000000000000000, -0.9999939862973238336, 0.003468049767203777462 ) ) ;
#5026 = VERTEX_POINT ( 'NONE', #6715 ) ;
#5027 = LINE ( 'NONE', #338, #7524 ) ;
#5028 = DIRECTION ( 'NONE',  ( 0.9999999997824894349, 6.383781515425612638E-16, -2.085715669603027339E-05 ) ) ;
#5029 = FACE_BOUND ( 'NONE', #1722, .T. ) ;
#5030 = ORIENTED_EDGE ( 'NONE', *, *, #4963, .F. ) ;
#5031 = LINE ( 'NONE', #2209, #5963 ) ;
#5032 = ADVANCED_FACE ( 'NONE', ( #2947 ), #1166, .T. ) ;
#5033 = ORIENTED_EDGE ( 'NONE', *, *, #3513, .F. ) ;
#5034 = EDGE_CURVE ( 'NONE', #5740, #3699, #988, .T. ) ;
#5035 = CARTESIAN_POINT ( 'NONE',  ( -3.261159237564267066, 39.54446977037137145, 66.00336085550782173 ) ) ;
#5036 = CARTESIAN_POINT ( 'NONE',  ( -2.761141174845461954, 13.81402832956864124, 66.86937583052555567 ) ) ;
#5037 = DIRECTION ( 'NONE',  ( 0.000000000000000000, 1.000000000000000000, 2.168404344971008375E-16 ) ) ;
#5038 = CARTESIAN_POINT ( 'NONE',  ( -12.79561133308403242, 23.95296590008067028, 109.5320739816703934 ) ) ;
#5039 = EDGE_LOOP ( 'NONE', ( #2706, #6143, #4756, #8135, #6936, #2660, #5046 ) ) ;
#5040 = LINE ( 'NONE', #6488, #5389 ) ;
#5041 = CARTESIAN_POINT ( 'NONE',  ( 2.667127420048598818, 39.54446977037137856, 70.00323720917405979 ) ) ;
#5042 = EDGE_CURVE ( 'NONE', #3178, #3919, #7138, .T. ) ;
#5043 = CARTESIAN_POINT ( 'NONE',  ( 3.667163545486193055, 27.95203658269705471, 71.73526715920951347 ) ) ;
#5044 = DIRECTION ( 'NONE',  ( 6.250839858758867238E-16, -1.000000000000000000, -7.292516007464944339E-32 ) ) ;
#5045 = DIRECTION ( 'NONE',  ( 0.9999999997824894349, 6.383781515425612638E-16, -2.085715669603027339E-05 ) ) ;
#5046 = ORIENTED_EDGE ( 'NONE', *, *, #4409, .F. ) ;
#5047 = CARTESIAN_POINT ( 'NONE',  ( -8.225451360361734743, 39.54446977037136435, 56.86948979832430950 ) ) ;
#5048 = DIRECTION ( 'NONE',  ( 5.755241451737143451E-16, -1.000000000000000000, 6.712021091176322394E-32 ) ) ;
#5049 = VERTEX_POINT ( 'NONE', #6532 ) ;
#5050 = ORIENTED_EDGE ( 'NONE', *, *, #4115, .F. ) ;
#5051 = DIRECTION ( 'NONE',  ( -0.9999999997824894349, -6.383781515425612638E-16, 2.085715669636333691E-05 ) ) ;
#5052 = ORIENTED_EDGE ( 'NONE', *, *, #5859, .F. ) ;
#5053 = SPHERICAL_SURFACE ( 'NONE', #3087, 1.000000000000000000 ) ;
#5054 = ORIENTED_EDGE ( 'NONE', *, *, #1977, .T. ) ;
#5055 = CARTESIAN_POINT ( 'NONE',  ( -0.7970159086490812284, 39.54446977037137856, 68.00330946091929718 ) ) ;
#5056 = DIRECTION ( 'NONE',  ( 0.000000000000000000, 0.000000000000000000, -1.000000000000000000 ) ) ;
#5057 = DIRECTION ( 'NONE',  ( -2.085715669636334030E-05, -1.303747464172781074E-20, -0.9999999997824895459 ) ) ;
#5058 = VERTEX_POINT ( 'NONE', #5770 ) ;
#5059 = ORIENTED_EDGE ( 'NONE', *, *, #8301, .F. ) ;
#5061 = EDGE_CURVE ( 'NONE', #4268, #1953, #8650, .T. ) ;
#5060 = CARTESIAN_POINT ( 'NONE',  ( 13.53314679947133392, 27.95203658269706182, 107.0901176246470925 ) ) ;
#5062 = EDGE_CURVE ( 'NONE', #1277, #1602, #5849, .T. ) ;
#5063 = DIRECTION ( 'NONE',  ( 0.8660358321744171528, 5.413451298869251709E-16, 0.4999819370636952032 ) ) ;
#5064 = CARTESIAN_POINT ( 'NONE',  ( 6.786112449367733204E-15, -11.79118635532181791, 7.914269152600397752E-31 ) ) ;
#5065 = CARTESIAN_POINT ( 'NONE',  ( 16.71813209037013337, 0.2768239518871526972, 79.82075940597431440 ) ) ;
#5066 = EDGE_LOOP ( 'NONE', ( #5576, #6657 ) ) ;
#5067 = LINE ( 'NONE', #2973, #5490 ) ;
#5068 = DIRECTION ( 'NONE',  ( 0.9999999997824894349, 0.000000000000000000, -2.085715669603027339E-05 ) ) ;
#5069 = DIRECTION ( 'NONE',  ( 0.5000180627187942317, 0.000000000000000000, 0.8660149750177208450 ) ) ;
#5070 = EDGE_LOOP ( 'NONE', ( #1060, #1945, #5448, #2831 ) ) ;
#5071 = CARTESIAN_POINT ( 'NONE',  ( 11.71517252853229607, -8.047034099919310179, 94.62330639589909254 ) ) ;
#5072 = EDGE_CURVE ( 'NONE', #6423, #5095, #8830, .T. ) ;
#5073 = ORIENTED_EDGE ( 'NONE', *, *, #1691, .T. ) ;
#5074 = VECTOR ( 'NONE', #7701, 1000.000000000000000 ) ;
#5075 = CARTESIAN_POINT ( 'NONE',  ( 15.71808686646098252, -37.99787926022443685, 96.19034129655530307 ) ) ;
#5076 = EDGE_CURVE ( 'NONE', #8024, #4206, #1896, .T. ) ;
#5077 = PLANE ( 'NONE',  #171 ) ;
#5078 = CARTESIAN_POINT ( 'NONE',  ( -0.3419087887734944542, 23.95296590008067739, 97.19034129655527465 ) ) ;
#5079 = EDGE_CURVE ( 'NONE', #62, #3289, #8519, .T. ) ;
#5080 = ORIENTED_EDGE ( 'NONE', *, *, #8648, .F. ) ;
#5081 = LINE ( 'NONE', #7958, #5951 ) ;
#5082 = FACE_BOUND ( 'NONE', #5913, .T. ) ;
#5083 = VECTOR ( 'NONE', #6152, 1000.000000000000000 ) ;
#5084 = DIRECTION ( 'NONE',  ( -0.5000180627187938986, -3.217337761224690623E-16, -0.8660149750177210670 ) ) ;
#5085 = CARTESIAN_POINT ( 'NONE',  ( -7.725219137417625781, 13.81402832956863946, 68.00345396353972660 ) ) ;
#5086 = DIRECTION ( 'NONE',  ( 0.8660358321744171528, 5.413451298869251709E-16, 0.4999819370636952032 ) ) ;
#5087 = VERTEX_POINT ( 'NONE', #2991 ) ;
#5088 = LINE ( 'NONE', #228, #445 ) ;
#5089 = CARTESIAN_POINT ( 'NONE',  ( -9.975241788773892893, 2.386298900080692675, 0.000000000000000000 ) ) ;
#5090 = CARTESIAN_POINT ( 'NONE',  ( -0.7970159086490651301, 13.81402832956864302, 68.00330946091929718 ) ) ;
#5091 = VECTOR ( 'NONE', #1101, 1000.000000000000227 ) ;
#5092 = ORIENTED_EDGE ( 'NONE', *, *, #6079, .F. ) ;
#5093 = EDGE_LOOP ( 'NONE', ( #6487, #5399 ) ) ;
#5094 = DIRECTION ( 'NONE',  ( 0.9999999997824894349, 6.250839857399241803E-16, -2.085715669636334030E-05 ) ) ;
#5095 = VERTEX_POINT ( 'NONE', #8557 ) ;
#5096 = VECTOR ( 'NONE', #5373, 1000.000000000000000 ) ;
#5097 = AXIS2_PLACEMENT_3D ( 'NONE', #2485, #7403, #5362 ) ;
#5098 = FACE_OUTER_BOUND ( 'NONE', #1382, .T. ) ;
#5099 = ORIENTED_EDGE ( 'NONE', *, *, #6323, .F. ) ;
#5100 = FACE_OUTER_BOUND ( 'NONE', #4017, .T. ) ;
#5101 = LINE ( 'NONE', #7279, #184 ) ;
#5102 = CARTESIAN_POINT ( 'NONE',  ( -2.761057746218679831, 39.54446977037137145, 70.86937582965551030 ) ) ;
#5103 = EDGE_LOOP ( 'NONE', ( #2344, #857, #8407, #50 ) ) ;
#5104 = ORIENTED_EDGE ( 'NONE', *, *, #1398, .F. ) ;
#5105 = CARTESIAN_POINT ( 'NONE',  ( -10.59190878877381259, 23.95296590008067028, 82.35127056713264437 ) ) ;
#5106 = AXIS2_PLACEMENT_3D ( 'NONE', #5453, #6818, #581 ) ;
#5107 = CARTESIAN_POINT ( 'NONE',  ( -1.296997845712777542, 39.54446977037136435, 68.86934529309371555 ) ) ;
#5108 = VECTOR ( 'NONE', #3462, 1000.000000000000114 ) ;
#5109 = PLANE ( 'NONE',  #4 ) ;
#5110 = DIRECTION ( 'NONE',  ( 6.250839858758867238E-16, -1.000000000000000000, -7.292516007464944339E-32 ) ) ;
#5111 = ORIENTED_EDGE ( 'NONE', *, *, #8809, .F. ) ;
#5112 = DIRECTION ( 'NONE',  ( -1.091152692702142892E-32, 1.339658354568195596E-16, -1.000000000000000000 ) ) ;
#5113 = FACE_OUTER_BOUND ( 'NONE', #8401, .T. ) ;
#5114 = DIRECTION ( 'NONE',  ( 0.4999819370636951477, 3.166443754200919549E-16, -0.8660358321744170418 ) ) ;
#5115 = VERTEX_POINT ( 'NONE', #5089 ) ;
#5116 = DIRECTION ( 'NONE',  ( 0.000000000000000000, 2.925052111754154507E-18, 1.000000000000000000 ) ) ;
#5117 = EDGE_CURVE ( 'NONE', #2424, #8959, #4403, .T. ) ;
#5118 = ORIENTED_EDGE ( 'NONE', *, *, #455, .F. ) ;
#5119 = VECTOR ( 'NONE', #3715, 999.9999999999998863 ) ;
#5120 = VECTOR ( 'NONE', #3043, 999.9999999999998863 ) ;
#5121 = CARTESIAN_POINT ( 'NONE',  ( 1.174758211226108351, -4.613701099919306436, 43.35000000000000853 ) ) ;
#5122 = CARTESIAN_POINT ( 'NONE',  ( -4.375241788773887919, -6.340670791627875502, 6.649999999999996803 ) ) ;
#5123 = VECTOR ( 'NONE', #5110, 1000.000000000000000 ) ;
#5124 = CARTESIAN_POINT ( 'NONE',  ( 0.7028352965986206513, 13.81402832956864302, 60.86930358052043033 ) ) ;
#5125 = VECTOR ( 'NONE', #177, 1000.000000000000114 ) ;
#5126 = EDGE_LOOP ( 'NONE', ( #7385, #500, #3138, #8850 ) ) ;
#5127 = CARTESIAN_POINT ( 'NONE',  ( 2.166978625731305286, 39.54446977037137145, 62.86927304308857600 ) ) ;
#5128 = VECTOR ( 'NONE', #6277, 1000.000000000000000 ) ;
#5129 = AXIS2_PLACEMENT_3D ( 'NONE', #2028, #4794, #1427 ) ;
#5130 = CARTESIAN_POINT ( 'NONE',  ( 15.71818173700939525, -11.91638811123407038, 50.00000000000000000 ) ) ;
#5131 = CARTESIAN_POINT ( 'NONE',  ( 5.630955097175394997, 27.95203658269705471, 56.86920079308346487 ) ) ;
#5132 = EDGE_CURVE ( 'NONE', #3928, #1690, #2363, .T. ) ;
#5133 = ORIENTED_EDGE ( 'NONE', *, *, #5477, .F. ) ;
#5134 = CARTESIAN_POINT ( 'NONE',  ( -3.261206540535956933, 13.81402832956864124, 63.73541166357004073 ) ) ;
#5135 = DIRECTION ( 'NONE',  ( -4.336808689942017736E-16, 1.000000000000000000, 0.000000000000000000 ) ) ;
#5136 = VECTOR ( 'NONE', #2574, 1000.000000000000000 ) ;
#5137 = EDGE_CURVE ( 'NONE', #319, #6101, #4352, .T. ) ;
#5138 = DIRECTION ( 'NONE',  ( -0.9999999997824894349, -6.250839857399242789E-16, 2.085715669603027339E-05 ) ) ;
#5139 = ORIENTED_EDGE ( 'NONE', *, *, #4607, .T. ) ;
#5140 = VERTEX_POINT ( 'NONE', #2951 ) ;
#5141 = LINE ( 'NONE', #8606, #6094 ) ;
#5142 = ORIENTED_EDGE ( 'NONE', *, *, #5556, .T. ) ;
#5143 = AXIS2_PLACEMENT_3D ( 'NONE', #7384, #477, #4746 ) ;
#5144 = EDGE_CURVE ( 'NONE', #1160, #7196, #8558, .T. ) ;
#5145 = CARTESIAN_POINT ( 'NONE',  ( -31.46920154489075117, 27.95203658269702984, 97.13078534058386992 ) ) ;
#5146 = ORIENTED_EDGE ( 'NONE', *, *, #2138, .F. ) ;
#5147 = DIRECTION ( 'NONE',  ( -0.4999819370636952032, -3.125307020857213572E-16, 0.8660358321744170418 ) ) ;
#5148 = EDGE_CURVE ( 'NONE', #7497, #8742, #1721, .T. ) ;
#5149 = PLANE ( 'NONE',  #4686 ) ;
#5150 = CARTESIAN_POINT ( 'NONE',  ( 7.131020462648393732, 13.81402832956864835, 60.00314410288227407 ) ) ;
#5151 = ORIENTED_EDGE ( 'NONE', *, *, #55, .T. ) ;
#5152 = EDGE_LOOP ( 'NONE', ( #7231, #8079, #2219, #5206, #8724, #283 ) ) ;
#5153 = LINE ( 'NONE', #7943, #7206 ) ;
#5154 = EDGE_CURVE ( 'NONE', #4299, #6559, #856, .T. ) ;
#5155 = CIRCLE ( 'NONE', #4573, 9.599999999999997868 ) ;
#5156 = CARTESIAN_POINT ( 'NONE',  ( -7.725349869016130633, 13.81402832956863946, 61.73550477247197676 ) ) ;
#5157 = LINE ( 'NONE', #8711, #3196 ) ;
#5158 = CYLINDRICAL_SURFACE ( 'NONE', #4102, 0.9999999999999988898 ) ;
#5159 = ORIENTED_EDGE ( 'NONE', *, *, #1252, .F. ) ;
#5160 = CARTESIAN_POINT ( 'NONE',  ( -4.761308031664055029, 39.54446977037136435, 58.86941754657907921 ) ) ;
#5161 = CARTESIAN_POINT ( 'NONE',  ( -0.3752417887738929148, 2.386298900080694452, 109.3221854111122013 ) ) ;
#5162 = CARTESIAN_POINT ( 'NONE',  ( -9.975241788773892893, 4.896777690040619468, 97.24134129655530501 ) ) ;
#5163 = ORIENTED_EDGE ( 'NONE', *, *, #1254, .F. ) ;
#5164 = EDGE_LOOP ( 'NONE', ( #1528, #9018, #6868, #7552 ) ) ;
#5165 = VECTOR ( 'NONE', #1469, 1000.000000000000114 ) ;
#5166 = CARTESIAN_POINT ( 'NONE',  ( -21.07677155879773423, 27.95203658269703695, 103.1305685853482146 ) ) ;
#5167 = LINE ( 'NONE', #5801, #1335 ) ;
#5168 = PLANE ( 'NONE',  #7591 ) ;
#5169 = AXIS2_PLACEMENT_3D ( 'NONE', #8579, #5112, #2295 ) ;
#5170 = ORIENTED_EDGE ( 'NONE', *, *, #8844, .F. ) ;
#5171 = DIRECTION ( 'NONE',  ( 0.5000180627187940097, 3.125532836542028723E-16, 0.8660149750177211780 ) ) ;
#5172 = CARTESIAN_POINT ( 'NONE',  ( -11.39812996423726865, -8.047034099919326167, 50.00000000000000000 ) ) ;
#5173 = EDGE_CURVE ( 'NONE', #5250, #4181, #7230, .T. ) ;
#5174 = CARTESIAN_POINT ( 'NONE',  ( -4.260992380093163057, 39.54446977037137145, 74.00338171092444384 ) ) ;
#5175 = CARTESIAN_POINT ( 'NONE',  ( 15.71810980688029602, 24.01002137493218314, 97.19034129655530307 ) ) ;
#5176 = CARTESIAN_POINT ( 'NONE',  ( 7.131140016930268111, 39.54446977037137856, 65.73519490920438102 ) ) ;
#5177 = PLANE ( 'NONE',  #8778 ) ;
#5178 = ORIENTED_EDGE ( 'NONE', *, *, #401, .T. ) ;
#5179 = EDGE_LOOP ( 'NONE', ( #1107, #4479, #5059, #7179 ) ) ;
#5180 = DIRECTION ( 'NONE',  ( 0.4999819370636951477, 3.166443754200919549E-16, -0.8660358321744170418 ) ) ;
#5181 = ADVANCED_FACE ( 'NONE', ( #7192 ), #6496, .T. ) ;
#5182 = ORIENTED_EDGE ( 'NONE', *, *, #3513, .T. ) ;
#5183 = EDGE_LOOP ( 'NONE', ( #667, #4263 ) ) ;
#5184 = AXIS2_PLACEMENT_3D ( 'NONE', #331, #3096, #2419 ) ;
#5185 = EDGE_CURVE ( 'NONE', #3919, #1177, #8470, .T. ) ;
#5186 = EDGE_CURVE ( 'NONE', #4321, #4465, #4308, .T. ) ;
#5187 = CARTESIAN_POINT ( 'NONE',  ( 15.71818173700939525, -11.81282220319165432, 79.86268715264898788 ) ) ;
#5188 = ORIENTED_EDGE ( 'NONE', *, *, #1773, .T. ) ;
#5189 = FACE_OUTER_BOUND ( 'NONE', #8667, .T. ) ;
#5190 = DIRECTION ( 'NONE',  ( 6.250839858758867238E-16, -1.000000000000000000, -7.292516007464944339E-32 ) ) ;
#5191 = DIRECTION ( 'NONE',  ( 6.250839858758867238E-16, -1.000000000000000000, -7.292516007464944339E-32 ) ) ;
#5193 = VERTEX_POINT ( 'NONE', #950 ) ;
#5192 = AXIS2_PLACEMENT_3D ( 'NONE', #2737, #4743, #6292 ) ;
#5194 = EDGE_CURVE ( 'NONE', #4532, #8182, #3720, .T. ) ;
#5195 = ORIENTED_EDGE ( 'NONE', *, *, #3974, .F. ) ;
#5196 = FACE_BOUND ( 'NONE', #180, .T. ) ;
#5197 = EDGE_CURVE ( 'NONE', #1160, #1316, #269, .T. ) ;
#5198 = EDGE_CURVE ( 'NONE', #2285, #7882, #7266, .T. ) ;
#5199 = FACE_OUTER_BOUND ( 'NONE', #4560, .T. ) ;
#5200 = CARTESIAN_POINT ( 'NONE',  ( -19.57675349629644046, 27.95203658269703695, 103.9965627032092499 ) ) ;
#5201 = CYLINDRICAL_SURFACE ( 'NONE', #3658, 1.000000000000000888 ) ;
#5202 = ORIENTED_EDGE ( 'NONE', *, *, #274, .F. ) ;
#5203 = DIRECTION ( 'NONE',  ( 0.5000180627187942317, 3.217337761224692595E-16, 0.8660149750177208450 ) ) ;
#5204 = CARTESIAN_POINT ( 'NONE',  ( 16.23647242388829071, -11.79118635532180726, 44.35000000000000853 ) ) ;
#5205 = CARTESIAN_POINT ( 'NONE',  ( 12.11513577063903391, -38.10046751228106388, 79.95388703538455388 ) ) ;
#5206 = ORIENTED_EDGE ( 'NONE', *, *, #6917, .T. ) ;
#5207 = ORIENTED_EDGE ( 'NONE', *, *, #3413, .F. ) ;
#5208 = CARTESIAN_POINT ( 'NONE',  ( -29.73712988054190731, 27.95203658269703340, 98.13074921471127254 ) ) ;
#5209 = ORIENTED_EDGE ( 'NONE', *, *, #3280, .F. ) ;
#5210 = CARTESIAN_POINT ( 'NONE',  ( 3.666960562577511684, 13.81402832956864479, 62.00321635375745188 ) ) ;
#5211 = CARTESIAN_POINT ( 'NONE',  ( 2.167062054358119383, 13.81402832956864302, 66.86927304221852353 ) ) ;
#5212 = ORIENTED_EDGE ( 'NONE', *, *, #632, .T. ) ;
#5213 = VERTEX_POINT ( 'NONE', #6456 ) ;
#5214 = DIRECTION ( 'NONE',  ( 0.4999819370636951477, 0.000000000000000000, -0.8660358321744170418 ) ) ;
#5215 = VERTEX_POINT ( 'NONE', #4442 ) ;
#5216 = DIRECTION ( 'NONE',  ( -0.9999999997824894349, -6.250839857399242789E-16, 2.085715669603027339E-05 ) ) ;
#5217 = CARTESIAN_POINT ( 'NONE',  ( -8.225367931734936633, 39.54446977037136435, 60.86948979745426414 ) ) ;
#5218 = FACE_OUTER_BOUND ( 'NONE', #7407, .T. ) ;
#5219 = CARTESIAN_POINT ( 'NONE',  ( -0.7969324800222664651, 13.81402832956864302, 72.00330946004925181 ) ) ;
#5220 = VERTEX_POINT ( 'NONE', #6533 ) ;
#5221 = ORIENTED_EDGE ( 'NONE', *, *, #5738, .T. ) ;
#5222 = LINE ( 'NONE', #7270, #8153 ) ;
#5223 = ADVANCED_FACE ( 'NONE', ( #1034 ), #5177, .F. ) ;
#5224 = ORIENTED_EDGE ( 'NONE', *, *, #3418, .F. ) ;
#5225 = ORIENTED_EDGE ( 'NONE', *, *, #693, .F. ) ;
#5226 = EDGE_CURVE ( 'NONE', #5193, #8472, #5268, .T. ) ;
#5227 = EDGE_CURVE ( 'NONE', #3240, #7366, #1127, .T. ) ;
#5228 = CARTESIAN_POINT ( 'NONE',  ( 16.49493143575678289, -11.56797396538886424, 43.72023733927272104 ) ) ;
#5229 = ORIENTED_EDGE ( 'NONE', *, *, #4783, .F. ) ;
#5230 = DIRECTION ( 'NONE',  ( -0.000000000000000000, -0.000000000000000000, -1.000000000000000000 ) ) ;
#5231 = DIRECTION ( 'NONE',  ( -0.5000180627187942317, -3.125532836542028723E-16, -0.8660149750177209560 ) ) ;
#5232 = DIRECTION ( 'NONE',  ( 0.9999999997824894349, 6.383781515425612638E-16, -2.085715669603027339E-05 ) ) ;
#5233 = AXIS2_PLACEMENT_3D ( 'NONE', #3614, #3107, #4861 ) ;
#5234 = ORIENTED_EDGE ( 'NONE', *, *, #2186, .F. ) ;
#5235 = ORIENTED_EDGE ( 'NONE', *, *, #6250, .T. ) ;
#5236 = DIRECTION ( 'NONE',  ( -6.383782126896855077E-16, 1.000000000000000000, -2.925052111754154507E-18 ) ) ;
#5237 = AXIS2_PLACEMENT_3D ( 'NONE', #6359, #3616, #86 ) ;
#5238 = LINE ( 'NONE', #8028, #4699 ) ;
#5239 = DIRECTION ( 'NONE',  ( -0.8660358321744171528, -5.413451298869251709E-16, -0.4999819370636950921 ) ) ;
#5240 = CARTESIAN_POINT ( 'NONE',  ( 11.71439336311621915, -8.047034099919311956, 85.95124832390064284 ) ) ;
#5241 = ORIENTED_EDGE ( 'NONE', *, *, #7995, .T. ) ;
#5242 = LINE ( 'NONE', #3186, #6219 ) ;
#5243 = LINE ( 'NONE', #3147, #7885 ) ;
#5244 = AXIS2_PLACEMENT_3D ( 'NONE', #404, #5265, #8647 ) ;
#5245 = DIRECTION ( 'NONE',  ( -0.5000180627187938986, -3.217337761224690623E-16, -0.8660149750177210670 ) ) ;
#5246 = EDGE_LOOP ( 'NONE', ( #760, #7817, #3300, #8048, #3615, #6761 ) ) ;
#5247 = VERTEX_POINT ( 'NONE', #1085 ) ;
#5248 = LINE ( 'NONE', #5839, #6543 ) ;
#5249 = ADVANCED_FACE ( 'NONE', ( #6724 ), #4678, .F. ) ;
#5250 = VERTEX_POINT ( 'NONE', #3209 ) ;
#5251 = VECTOR ( 'NONE', #5936, 1000.000000000000114 ) ;
#5252 = PLANE ( 'NONE',  #8208 ) ;
#5253 = DIRECTION ( 'NONE',  ( 0.5000180627187942317, 0.000000000000000000, 0.8660149750177208450 ) ) ;
#5254 = ORIENTED_EDGE ( 'NONE', *, *, #8100, .F. ) ;
#5255 = ORIENTED_EDGE ( 'NONE', *, *, #120, .F. ) ;
#5256 = DIRECTION ( 'NONE',  ( -1.091152692702142892E-32, 1.339658354568195596E-16, -1.000000000000000000 ) ) ;
#5257 = LINE ( 'NONE', #6492, #1954 ) ;
#5258 = AXIS2_PLACEMENT_3D ( 'NONE', #1024, #1624, #4388 ) ;
#5259 = EDGE_LOOP ( 'NONE', ( #7895, #1735, #2150, #1270 ) ) ;
#5260 = CARTESIAN_POINT ( 'NONE',  ( -11.64190878877378132, -8.047034099919326167, 86.10127056713264437 ) ) ;
#5261 = VECTOR ( 'NONE', #1788, 1000.000000000000114 ) ;
#5262 = VECTOR ( 'NONE', #6828, 1000.000000000000000 ) ;
#5263 = EDGE_CURVE ( 'NONE', #673, #7794, #2585, .T. ) ;
#5264 = DIRECTION ( 'NONE',  ( 6.250839858758867238E-16, -1.000000000000000000, -7.292516007464944339E-32 ) ) ;
#5265 = DIRECTION ( 'NONE',  ( 0.9999999999990735189, 4.635031659260987017E-16, 1.361274163578769751E-06 ) ) ;
#5266 =( BOUNDED_CURVE ( )  B_SPLINE_CURVE ( 3, ( #5788, #3642, #5830, #4325 ),
 .UNSPECIFIED., .F., .T. ) 
 B_SPLINE_CURVE_WITH_KNOTS ( ( 4, 4 ),
 ( 1.570795646157813863, 2.252103077471972359 ),
 .UNSPECIFIED. ) 
 CURVE ( )  GEOMETRIC_REPRESENTATION_ITEM ( )  RATIONAL_B_SPLINE_CURVE ( ( 1.000000000000000000, 0.9616909722466424615, 0.9616909722466424615, 1.000000000000000000 ) ) 
 REPRESENTATION_ITEM ( '' )  );
#5267 = DIRECTION ( 'NONE',  ( -0.4999819370636952032, -3.125307020857213572E-16, 0.8660358321744170418 ) ) ;
#5268 = LINE ( 'NONE', #7405, #8620 ) ;
#5269 = VERTEX_POINT ( 'NONE', #7457 ) ;
#5270 = ORIENTED_EDGE ( 'NONE', *, *, #6199, .T. ) ;
#5271 = DIRECTION ( 'NONE',  ( -0.5000180627187938986, 0.000000000000000000, -0.8660149750177210670 ) ) ;
#5272 = VECTOR ( 'NONE', #275, 1000.000000000000000 ) ;
#5273 = VERTEX_POINT ( 'NONE', #7318 ) ;
#5274 = ORIENTED_EDGE ( 'NONE', *, *, #578, .F. ) ;
#5275 = VECTOR ( 'NONE', #4530, 1000.000000000000000 ) ;
#5276 = EDGE_CURVE ( 'NONE', #4334, #4039, #8008, .T. ) ;
#5277 = VECTOR ( 'NONE', #6462, 1000.000000000000000 ) ;
#5278 = VECTOR ( 'NONE', #6343, 1000.000000000000114 ) ;
#5279 = FACE_OUTER_BOUND ( 'NONE', #3257, .T. ) ;
#5280 = ORIENTED_EDGE ( 'NONE', *, *, #578, .T. ) ;
#5281 = CARTESIAN_POINT ( 'NONE',  ( -3.261409523444662728, 39.54446977037137145, 54.00336085811800757 ) ) ;
#5282 = CARTESIAN_POINT ( 'NONE',  ( 3.923262372798468789, 11.32975269197696200, 97.24134129655530501 ) ) ;
#5283 = LINE ( 'NONE', #5330, #5014 ) ;
#5284 = ORIENTED_EDGE ( 'NONE', *, *, #6132, .T. ) ;
#5285 = ORIENTED_EDGE ( 'NONE', *, *, #2, .T. ) ;
#5286 = DIRECTION ( 'NONE',  ( 0.000000000000000000, 0.000000000000000000, 1.000000000000000000 ) ) ;
#5287 = VECTOR ( 'NONE', #6825, 1000.000000000000000 ) ;
#5288 = EDGE_CURVE ( 'NONE', #6467, #3354, #3809, .T. ) ;
#5289 = LINE ( 'NONE', #1877, #643 ) ;
#5290 = CYLINDRICAL_SURFACE ( 'NONE', #3926, 1.049999999999997158 ) ;
#5291 = DIRECTION ( 'NONE',  ( -6.383782126896855077E-16, 1.000000000000000000, -2.925052111754154507E-18 ) ) ;
#5292 = ORIENTED_EDGE ( 'NONE', *, *, #506, .F. ) ;
#5293 = CARTESIAN_POINT ( 'NONE',  ( -6.725433297860451631, 39.54446977037137145, 57.73548391618534481 ) ) ;
#5294 = VECTOR ( 'NONE', #6466, 999.9999999999998863 ) ;
#5295 = FACE_OUTER_BOUND ( 'NONE', #4559, .T. ) ;
#5296 = FACE_OUTER_BOUND ( 'NONE', #3211, .T. ) ;
#5297 = ORIENTED_EDGE ( 'NONE', *, *, #6907, .T. ) ;
#5298 = VERTEX_POINT ( 'NONE', #8790 ) ;
#5299 = ORIENTED_EDGE ( 'NONE', *, *, #626, .T. ) ;
#5300 = AXIS2_PLACEMENT_3D ( 'NONE', #848, #38, #8459 ) ;
#5301 = EDGE_CURVE ( 'NONE', #4267, #2191, #8838, .T. ) ;
#5302 = CARTESIAN_POINT ( 'NONE',  ( 13.71717868069233504, -10.80039137522961568, 43.35004235646575665 ) ) ;
#5303 = CARTESIAN_POINT ( 'NONE',  ( -3.261326094817846410, 13.81402832956864479, 58.00336085724795510 ) ) ;
#5304 = ORIENTED_EDGE ( 'NONE', *, *, #41, .T. ) ;
#5305 = EDGE_LOOP ( 'NONE', ( #2154, #8639 ) ) ;
#5306 = PLANE ( 'NONE',  #8906 ) ;
#5307 = EDGE_CURVE ( 'NONE', #132, #3896, #5318, .T. ) ;
#5308 = FACE_OUTER_BOUND ( 'NONE', #4195, .T. ) ;
#5309 = ORIENTED_EDGE ( 'NONE', *, *, #3172, .F. ) ;
#5310 = EDGE_LOOP ( 'NONE', ( #8038, #9010, #2946, #8794 ) ) ;
#5311 = DIRECTION ( 'NONE',  ( 0.9999999997824894349, 0.000000000000000000, -2.085715669603027339E-05 ) ) ;
#5312 = EDGE_CURVE ( 'NONE', #5115, #4408, #1208, .T. ) ;
#5313 = LINE ( 'NONE', #4766, #6716 ) ;
#5314 = EDGE_CURVE ( 'NONE', #117, #6965, #1224, .T. ) ;
#5315 = AXIS2_PLACEMENT_3D ( 'NONE', #4846, #71, #4937 ) ;
#5316 = CARTESIAN_POINT ( 'NONE',  ( -0.7971827659026624602, 13.81402832956864302, 60.00330946265940923 ) ) ;
#5317 = LINE ( 'NONE', #3891, #3050 ) ;
#5318 = LINE ( 'NONE', #1863, #4392 ) ;
#5319 = VERTEX_POINT ( 'NONE', #6775 ) ;
#5320 = ORIENTED_EDGE ( 'NONE', *, *, #2131, .T. ) ;
#5321 = CARTESIAN_POINT ( 'NONE',  ( 15.71818173700939880, 27.83495781962105298, 9.590998314289917559 ) ) ;
#5322 = ORIENTED_EDGE ( 'NONE', *, *, #55, .F. ) ;
#5323 = ORIENTED_EDGE ( 'NONE', *, *, #3131, .F. ) ;
#5324 = EDGE_CURVE ( 'NONE', #1043, #8010, #364, .T. ) ;
#5325 = EDGE_CURVE ( 'NONE', #6508, #4679, #8693, .T. ) ;
#5326 = CARTESIAN_POINT ( 'NONE',  ( 16.23647242388829071, -11.79118635532180726, 44.35000000000000853 ) ) ;
#5327 = ORIENTED_EDGE ( 'NONE', *, *, #5076, .F. ) ;
#5328 = DIRECTION ( 'NONE',  ( 0.000000000000000000, 0.000000000000000000, 1.000000000000000000 ) ) ;
#5329 = CARTESIAN_POINT ( 'NONE',  ( 2.667210848675398260, 39.54446977037137856, 74.00323720830402863 ) ) ;
#5330 = CARTESIAN_POINT ( 'NONE',  ( -16.11261016759878117, 27.95203658269704050, 105.9964904514640267 ) ) ;
#5331 = ORIENTED_EDGE ( 'NONE', *, *, #7476, .F. ) ;
#5332 = ORIENTED_EDGE ( 'NONE', *, *, #2117, .F. ) ;
#5333 = CARTESIAN_POINT ( 'NONE',  ( 0.2030202167885215292, 13.81402832956864302, 69.73533941095475086 ) ) ;
#5334 = VECTOR ( 'NONE', #5203, 1000.000000000000114 ) ;
#5335 = EDGE_CURVE ( 'NONE', #1077, #8304, #4580, .T. ) ;
#5336 = DIRECTION ( 'NONE',  ( -0.000000000000000000, -0.000000000000000000, -1.000000000000000000 ) ) ;
#5337 = DIRECTION ( 'NONE',  ( -0.000000000000000000, -0.000000000000000000, -1.000000000000000000 ) ) ;
#5338 = ADVANCED_FACE ( 'NONE', ( #886 ), #6572, .T. ) ;
#5339 = ORIENTED_EDGE ( 'NONE', *, *, #505, .F. ) ;
#5340 = DIRECTION ( 'NONE',  ( -1.091152692702142892E-32, 1.339658354568195596E-16, -1.000000000000000000 ) ) ;
#5341 = DIRECTION ( 'NONE',  ( -0.4999819370636950921, 0.000000000000000000, 0.8660358321744171528 ) ) ;
#5342 = CARTESIAN_POINT ( 'NONE',  ( -0.3419087887734963416, 26.95203658269704761, 96.19034129655530307 ) ) ;
#5343 = VERTEX_POINT ( 'NONE', #1072 ) ;
#5344 = ORIENTED_EDGE ( 'NONE', *, *, #3008, .F. ) ;
#5345 = DIRECTION ( 'NONE',  ( -1.000000000000000000, 0.000000000000000000, 0.000000000000000000 ) ) ;
#5346 = EDGE_LOOP ( 'NONE', ( #385, #6437, #3345, #5355 ) ) ;
#5347 = EDGE_CURVE ( 'NONE', #6536, #4864, #8587, .T. ) ;
#5348 = DIRECTION ( 'NONE',  ( -0.000000000000000000, -1.000000000000000000, -0.000000000000000000 ) ) ;
#5349 = CARTESIAN_POINT ( 'NONE',  ( 2.667246974330490517, 39.54446977037137856, 75.73528801549615252 ) ) ;
#5350 = ORIENTED_EDGE ( 'NONE', *, *, #7326, .T. ) ;
#5351 = ORIENTED_EDGE ( 'NONE', *, *, #4619, .T. ) ;
#5352 = DIRECTION ( 'NONE',  ( 0.4999819370636950921, 3.125307020857212586E-16, -0.8660358321744171528 ) ) ;
#5353 = EDGE_CURVE ( 'NONE', #588, #3919, #7256, .T. ) ;
#5354 = DIRECTION ( 'NONE',  ( 6.250839858758867238E-16, -1.000000000000000000, -7.292516007464944339E-32 ) ) ;
#5355 = ORIENTED_EDGE ( 'NONE', *, *, #2805, .F. ) ;
#5356 = LINE ( 'NONE', #8602, #2510 ) ;
#5357 = VERTEX_POINT ( 'NONE', #937 ) ;
#5358 = UNCERTAINTY_MEASURE_WITH_UNIT (LENGTH_MEASURE( 1.000000000000000082E-05 ), #387, 'distance_accuracy_value', 'NONE');
#5359 = VECTOR ( 'NONE', #6777, 1000.000000000000114 ) ;
#5360 = VECTOR ( 'NONE', #2872, 1000.000000000000000 ) ;
#5361 = CARTESIAN_POINT ( 'NONE',  ( -10.59190878877381436, 24.95203658269704405, 82.35127056713264437 ) ) ;
#5362 = DIRECTION ( 'NONE',  ( 1.000000000000000000, 0.000000000000000000, 0.000000000000000000 ) ) ;
#5363 = ADVANCED_FACE ( 'NONE', ( #6616 ), #3788, .F. ) ;
#5364 = CARTESIAN_POINT ( 'NONE',  ( 0.7027518679718219863, 13.81402832956864302, 56.86930358139051123 ) ) ;
#5365 = DIRECTION ( 'NONE',  ( 6.250839858758867238E-16, -1.000000000000000000, -7.292516007464944339E-32 ) ) ;
#5366 = ORIENTED_EDGE ( 'NONE', *, *, #6767, .T. ) ;
#5367 = CARTESIAN_POINT ( 'NONE',  ( -4.371302221764704399, 2.208813644678181198, 3.650000000000000355 ) ) ;
#5368 = ORIENTED_EDGE ( 'NONE', *, *, #7633, .F. ) ;
#5369 = CARTESIAN_POINT ( 'NONE',  ( -0.3431052787513928504, 27.95203658269705116, 57.73535079896966948 ) ) ;
#5370 = ORIENTED_EDGE ( 'NONE', *, *, #2622, .T. ) ;
#5371 = DIRECTION ( 'NONE',  ( 1.000000000000000000, 0.000000000000000000, 0.000000000000000000 ) ) ;
#5372 = ORIENTED_EDGE ( 'NONE', *, *, #4950, .F. ) ;
#5373 = DIRECTION ( 'NONE',  ( 6.250839858758867238E-16, -1.000000000000000000, -7.292516007464944339E-32 ) ) ;
#5374 = LINE ( 'NONE', #4690, #470 ) ;
#5375 = DIRECTION ( 'NONE',  ( 0.4999819370636951477, 3.166443754200919549E-16, -0.8660358321744170418 ) ) ;
#5376 = ORIENTED_EDGE ( 'NONE', *, *, #6144, .F. ) ;
#5377 = VERTEX_POINT ( 'NONE', #7954 ) ;
#5378 = DIRECTION ( 'NONE',  ( 6.250839858758867238E-16, -1.000000000000000000, -7.292516007464944339E-32 ) ) ;
#5379 = AXIS2_PLACEMENT_3D ( 'NONE', #5012, #3498, #98 ) ;
#5380 = CARTESIAN_POINT ( 'NONE',  ( 9.908091211226183859, 24.95203658269705826, 82.35127056713264437 ) ) ;
#5381 = DIRECTION ( 'NONE',  ( -0.000000000000000000, -0.000000000000000000, -1.000000000000000000 ) ) ;
#5382 = EDGE_LOOP ( 'NONE', ( #5285, #2619, #5309, #6236 ) ) ;
#5383 = DIRECTION ( 'NONE',  ( 6.250839858758867238E-16, -1.000000000000000000, -7.292516007464944339E-32 ) ) ;
#5384 = DIRECTION ( 'NONE',  ( 0.5000180627187940097, 3.125532836542028723E-16, 0.8660149750177211780 ) ) ;
#5385 = DIRECTION ( 'NONE',  ( -0.9999999997824894349, 0.000000000000000000, 2.085715669636333691E-05 ) ) ;
#5386 = VERTEX_POINT ( 'NONE', #7820 ) ;
#5387 = ORIENTED_EDGE ( 'NONE', *, *, #311, .F. ) ;
#5388 = DIRECTION ( 'NONE',  ( 6.250839858758867238E-16, -1.000000000000000000, -7.292516007464944339E-32 ) ) ;
#5389 = VECTOR ( 'NONE', #5171, 999.9999999999998863 ) ;
#5390 = VERTEX_POINT ( 'NONE', #3020 ) ;
#5391 = VECTOR ( 'NONE', #2760, 1000.000000000000000 ) ;
#5392 = DIRECTION ( 'NONE',  ( 0.9999999997824894349, 6.383781515425612638E-16, -2.085715669603027339E-05 ) ) ;
#5393 = PLANE ( 'NONE',  #5554 ) ;
#5394 = EDGE_CURVE ( 'NONE', #3855, #5049, #5799, .T. ) ;
#5395 = ORIENTED_EDGE ( 'NONE', *, *, #6267, .T. ) ;
#5396 = VERTEX_POINT ( 'NONE', #2980 ) ;
#5397 = FACE_OUTER_BOUND ( 'NONE', #5179, .T. ) ;
#5398 = LINE ( 'NONE', #6077, #646 ) ;
#5399 = ORIENTED_EDGE ( 'NONE', *, *, #3216, .F. ) ;
#5400 = DIRECTION ( 'NONE',  ( -1.000000000000000000, 0.000000000000000000, 0.000000000000000000 ) ) ;
#5401 = ORIENTED_EDGE ( 'NONE', *, *, #3326, .T. ) ;
#5402 = EDGE_CURVE ( 'NONE', #5709, #2171, #3065, .T. ) ;
#5403 = AXIS2_PLACEMENT_3D ( 'NONE', #807, #3575, #4997 ) ;
#5404 = CARTESIAN_POINT ( 'NONE',  ( 7.131020462648376856, 39.54446977037137856, 60.00314410288227407 ) ) ;
#5405 = PLANE ( 'NONE',  #314 ) ;
#5406 = VECTOR ( 'NONE', #5578, 1000.000000000000000 ) ;
#5407 = PLANE ( 'NONE',  #4210 ) ;
#5408 = EDGE_LOOP ( 'NONE', ( #2727, #1499, #3245, #2871, #4918, #8804 ) ) ;
#5409 = CARTESIAN_POINT ( 'NONE',  ( 2.667043991421816251, 13.81402832956864479, 66.00323721004411937 ) ) ;
#5410 = VERTEX_POINT ( 'NONE', #5121 ) ;
#5411 = VERTEX_POINT ( 'NONE', #7301 ) ;
#5412 = AXIS2_PLACEMENT_3D ( 'NONE', #5217, #8005, #8282 ) ;
#5413 = VECTOR ( 'NONE', #5550, 1000.000000000000000 ) ;
#5414 = ADVANCED_FACE ( 'NONE', ( #8544 ), #4429, .T. ) ;
#5415 = FACE_OUTER_BOUND ( 'NONE', #3228, .T. ) ;
#5416 = ORIENTED_EDGE ( 'NONE', *, *, #3019, .F. ) ;
#5417 = FACE_OUTER_BOUND ( 'NONE', #3857, .T. ) ;
#5418 = CARTESIAN_POINT ( 'NONE',  ( 15.93170659943753087, 27.95203658269706182, 50.00000000000000000 ) ) ;
#5419 = VECTOR ( 'NONE', #6709, 999.9999999999998863 ) ;
#5420 = VECTOR ( 'NONE', #5365, 1000.000000000000000 ) ;
#5421 = LINE ( 'NONE', #4044, #8507 ) ;
#5422 = EDGE_CURVE ( 'NONE', #2983, #3745, #2262, .T. ) ;
#5423 = ORIENTED_EDGE ( 'NONE', *, *, #6917, .F. ) ;
#5424 = VERTEX_POINT ( 'NONE', #2303 ) ;
#5425 = LINE ( 'NONE', #4047, #5525 ) ;
#5426 = EDGE_CURVE ( 'NONE', #1257, #6331, #4335, .T. ) ;
#5427 = VECTOR ( 'NONE', #4486, 1000.000000000000000 ) ;
#5428 = AXIS2_PLACEMENT_3D ( 'NONE', #530, #8866, #1802 ) ;
#5429 = EDGE_CURVE ( 'NONE', #7281, #6467, #8681, .T. ) ;
#5430 = LINE ( 'NONE', #471, #8745 ) ;
#5431 = FACE_OUTER_BOUND ( 'NONE', #4688, .T. ) ;
#5432 = VERTEX_POINT ( 'NONE', #7915 ) ;
#5433 = CARTESIAN_POINT ( 'NONE',  ( 3.667163545486185505, 39.54446977037137856, 71.73526715920951347 ) ) ;
#5434 = DIRECTION ( 'NONE',  ( 1.000000000000000000, 0.000000000000000000, 0.000000000000000000 ) ) ;
#5435 = FACE_OUTER_BOUND ( 'NONE', #2449, .T. ) ;
#5436 = ORIENTED_EDGE ( 'NONE', *, *, #4562, .F. ) ;
#5437 = ORIENTED_EDGE ( 'NONE', *, *, #3131, .T. ) ;
#5438 = CARTESIAN_POINT ( 'NONE',  ( 10.95809121122619345, -11.91638811123407748, 50.00000000000000000 ) ) ;
#5439 = AXIS2_PLACEMENT_3D ( 'NONE', #175, #1118, #3884 ) ;
#5440 = ORIENTED_EDGE ( 'NONE', *, *, #7847, .T. ) ;
#5441 = ADVANCED_FACE ( 'NONE', ( #4516 ), #6483, .T. ) ;
#5442 = VECTOR ( 'NONE', #3014, 1000.000000000000114 ) ;
#5443 = CARTESIAN_POINT ( 'NONE',  ( -4.761141174410441934, 13.81402832956863946, 66.86941754483895295 ) ) ;
#5444 = ORIENTED_EDGE ( 'NONE', *, *, #3, .T. ) ;
#5445 = LINE ( 'NONE', #8233, #2411 ) ;
#5446 = CARTESIAN_POINT ( 'NONE',  ( 4.166978625296301253, 13.81402832956864479, 62.86923132877518583 ) ) ;
#5447 = CARTESIAN_POINT ( 'NONE',  ( -0.3752417887738929148, 2.386298900080694452, 109.3221854111122013 ) ) ;
#5448 = ORIENTED_EDGE ( 'NONE', *, *, #7411, .F. ) ;
#5449 = CARTESIAN_POINT ( 'NONE',  ( -19.34469989444891880, 27.95203658269703695, 104.1305324594755888 ) ) ;
#5450 = ORIENTED_EDGE ( 'NONE', *, *, #1580, .T. ) ;
#5451 = VECTOR ( 'NONE', #6956, 1000.000000000000114 ) ;
#5452 = CARTESIAN_POINT ( 'NONE',  ( 15.73864315683867332, -10.81361526918721871, 43.35024352665999459 ) ) ;
#5453 = CARTESIAN_POINT ( 'NONE',  ( -10.59190878877379127, -11.79118635532182502, 86.10127056713264437 ) ) ;
#5454 = PLANE ( 'NONE',  #148 ) ;
#5455 = ORIENTED_EDGE ( 'NONE', *, *, #3883, .T. ) ;
#5456 = CARTESIAN_POINT ( 'NONE',  ( 4.166811768042703257, 13.81402832956864479, 54.86923133051532631 ) ) ;
#5457 = VERTEX_POINT ( 'NONE', #257 ) ;
#5458 = CARTESIAN_POINT ( 'NONE',  ( 6.131020462865899745, 13.81402832956864657, 60.00316496003898692 ) ) ;
#5459 = EDGE_LOOP ( 'NONE', ( #4813, #3739, #3426, #4730, #7645, #7894 ) ) ;
#5460 = EDGE_CURVE ( 'NONE', #1119, #3762, #390, .T. ) ;
#5461 = EDGE_CURVE ( 'NONE', #5087, #6241, #7218, .T. ) ;
#5462 = VECTOR ( 'NONE', #1143, 1000.000000000000114 ) ;
#5463 = PLANE ( 'NONE',  #3963 ) ;
#5464 = VERTEX_POINT ( 'NONE', #4387 ) ;
#5465 = CARTESIAN_POINT ( 'NONE',  ( 2.666996688450093966, 39.54446977037137856, 63.73528801810629574 ) ) ;
#5466 = LINE ( 'NONE', #550, #2355 ) ;
#5467 = EDGE_CURVE ( 'NONE', #2844, #1845, #7176, .T. ) ;
#5468 = ORIENTED_EDGE ( 'NONE', *, *, #1052, .T. ) ;
#5469 = ORIENTED_EDGE ( 'NONE', *, *, #8505, .T. ) ;
#5470 = CARTESIAN_POINT ( 'NONE',  ( 22.42534456283775413, 27.95203658269706537, 101.9559575613527187 ) ) ;
#5471 = EDGE_CURVE ( 'NONE', #5269, #8182, #8635, .T. ) ;
#5472 = PLANE ( 'NONE',  #6729 ) ;
#5473 = ORIENTED_EDGE ( 'NONE', *, *, #7026, .T. ) ;
#5474 = LINE ( 'NONE', #6932, #108 ) ;
#5475 = CARTESIAN_POINT ( 'NONE',  ( -9.784195482811801625, 27.95203658269704405, 85.39818524475565198 ) ) ;
#5476 = DIRECTION ( 'NONE',  ( 1.361274163578769539E-06, -2.924183103983917879E-18, -0.9999999999990734079 ) ) ;
#5477 = EDGE_CURVE ( 'NONE', #1601, #8256, #1888, .T. ) ;
#5478 = ORIENTED_EDGE ( 'NONE', *, *, #301, .T. ) ;
#5479 = VERTEX_POINT ( 'NONE', #1253 ) ;
#5480 = CARTESIAN_POINT ( 'NONE',  ( -1.296914417085963001, 13.81402832956864124, 72.86934529222367019 ) ) ;
#5481 = DIRECTION ( 'NONE',  ( -0.8660358321744171528, -5.413451298869251709E-16, -0.4999819370636950921 ) ) ;
#5482 = CARTESIAN_POINT ( 'NONE',  ( -0.3752417887738929148, 2.386298900080694452, 6.649999999999995914 ) ) ;
#5483 = EDGE_LOOP ( 'NONE', ( #2319, #196, #8109, #3879 ) ) ;
#5484 = DIRECTION ( 'NONE',  ( -0.000000000000000000, -0.000000000000000000, -1.000000000000000000 ) ) ;
#5485 = CARTESIAN_POINT ( 'NONE',  ( -6.725469423515531453, 13.81402832956864124, 56.00343310899318539 ) ) ;
#5486 = CARTESIAN_POINT ( 'NONE',  ( -9.541908788773818983, 23.95296590008067028, 82.35127056713264437 ) ) ;
#5487 = VERTEX_POINT ( 'NONE', #618 ) ;
#5488 = DIRECTION ( 'NONE',  ( -0.5000180627187938986, -3.217337761224690623E-16, -0.8660149750177210670 ) ) ;
#5489 = EDGE_LOOP ( 'NONE', ( #726, #2717, #6092, #8247 ) ) ;
#5490 = VECTOR ( 'NONE', #5706, 1000.000000000000114 ) ;
#5491 = CARTESIAN_POINT ( 'NONE',  ( 15.76529143998867077, -10.83922127881772646, 43.35111682923464826 ) ) ;
#5492 = DIRECTION ( 'NONE',  ( -0.9999999997824894349, -6.383781515425612638E-16, 2.085715669636333691E-05 ) ) ;
#5493 = PLANE ( 'NONE',  #8166 ) ;
#5494 = ORIENTED_EDGE ( 'NONE', *, *, #8700, .F. ) ;
#5495 = DIRECTION ( 'NONE',  ( 0.9999999997824894349, 6.250839857399241803E-16, -2.085715669636334030E-05 ) ) ;
#5496 = VERTEX_POINT ( 'NONE', #7441 ) ;
#5497 = CARTESIAN_POINT ( 'NONE',  ( -1.296997845712761555, 13.81402832956864124, 68.86934529309371555 ) ) ;
#5498 = EDGE_LOOP ( 'NONE', ( #2307, #8186, #3250, #799 ) ) ;
#5499 = LINE ( 'NONE', #8291, #6733 ) ;
#5500 = EDGE_CURVE ( 'NONE', #3762, #8452, #4565, .T. ) ;
#5501 = EDGE_LOOP ( 'NONE', ( #4831, #5297, #599 ) ) ;
#5502 = CARTESIAN_POINT ( 'NONE',  ( 7.131306874183882094, 13.81402832956864657, 73.73519490746429028 ) ) ;
#5503 = DIRECTION ( 'NONE',  ( 6.250839858758867238E-16, -1.000000000000000000, -7.292516007464944339E-32 ) ) ;
#5504 = EDGE_CURVE ( 'NONE', #9028, #5087, #4659, .T. ) ;
#5505 = EDGE_LOOP ( 'NONE', ( #2329, #3251 ) ) ;
#5506 = VERTEX_POINT ( 'NONE', #3981 ) ;
#5507 = CARTESIAN_POINT ( 'NONE',  ( -8.225117645854522763, 13.81402832956863769, 72.86948979484408540 ) ) ;
#5508 = EDGE_CURVE ( 'NONE', #4482, #525, #8136, .T. ) ;
#5509 = CARTESIAN_POINT ( 'NONE',  ( -7.725469423298037874, 39.54446977037137145, 56.00345396614989824 ) ) ;
#5510 = ORIENTED_EDGE ( 'NONE', *, *, #7361, .F. ) ;
#5511 = DIRECTION ( 'NONE',  ( -0.000000000000000000, -0.000000000000000000, -1.000000000000000000 ) ) ;
#5512 = CARTESIAN_POINT ( 'NONE',  ( 9.100377905247199806, 23.95296590008068449, 97.19034129655527465 ) ) ;
#5513 = LINE ( 'NONE', #6934, #2246 ) ;
#5514 = ORIENTED_EDGE ( 'NONE', *, *, #8532, .T. ) ;
#5515 = ORIENTED_EDGE ( 'NONE', *, *, #2501, .F. ) ;
#5516 = LINE ( 'NONE', #4837, #7020 ) ;
#5517 = EDGE_CURVE ( 'NONE', #2476, #7660, #4020, .T. ) ;
#5518 = CIRCLE ( 'NONE', #7118, 1.550000000000000488 ) ;
#5519 = LINE ( 'NONE', #3384, #6440 ) ;
#5520 = DIRECTION ( 'NONE',  ( -0.4999819370636950921, 0.000000000000000000, 0.8660358321744171528 ) ) ;
#5521 = ORIENTED_EDGE ( 'NONE', *, *, #7704, .T. ) ;
#5522 = ORIENTED_EDGE ( 'NONE', *, *, #2186, .T. ) ;
#5523 = PLANE ( 'NONE',  #897 ) ;
#5524 = ADVANCED_FACE ( 'NONE', ( #2569 ), #5252, .T. ) ;
#5525 = VECTOR ( 'NONE', #6832, 999.9999999999998863 ) ;
#5526 = VECTOR ( 'NONE', #286, 1000.000000000000000 ) ;
#5527 = DIRECTION ( 'NONE',  ( 1.000000000000000000, 5.755241453125620489E-16, 3.161339290746629936E-34 ) ) ;
#5528 = ORIENTED_EDGE ( 'NONE', *, *, #2902, .F. ) ;
#5529 = DIRECTION ( 'NONE',  ( -0.9999999997824894349, -6.250839857399242789E-16, 2.085715669603027339E-05 ) ) ;
#5530 = VECTOR ( 'NONE', #5529, 1000.000000000000114 ) ;
#5531 = ORIENTED_EDGE ( 'NONE', *, *, #982, .T. ) ;
#5532 = EDGE_CURVE ( 'NONE', #266, #5645, #6732, .T. ) ;
#5533 = CIRCLE ( 'NONE', #3489, 1.550000000000000266 ) ;
#5534 = CIRCLE ( 'NONE', #5821, 1.000000000000000888 ) ;
#5535 = LINE ( 'NONE', #4947, #1486 ) ;
#5536 = EDGE_CURVE ( 'NONE', #2624, #8524, #3876, .T. ) ;
#5537 = DIRECTION ( 'NONE',  ( 1.000000000000000000, -0.000000000000000000, 6.938893903907221278E-15 ) ) ;
#5538 = CARTESIAN_POINT ( 'NONE',  ( 7.631038525367182856, 13.81402832956864657, 60.86915907790000801 ) ) ;
#5539 = AXIS2_PLACEMENT_3D ( 'NONE', #3397, #6084, #6269 ) ;
#5540 = ORIENTED_EDGE ( 'NONE', *, *, #2188, .T. ) ;
#5541 = DIRECTION ( 'NONE',  ( -0.4999819370636952032, -3.125307020857213572E-16, 0.8660358321744170418 ) ) ;
#5542 = EDGE_LOOP ( 'NONE', ( #4987, #7603, #7815, #4977, #2552, #2922 ) ) ;
#5543 = EDGE_LOOP ( 'NONE', ( #8977, #6285, #7562, #3557 ) ) ;
#5544 = EDGE_CURVE ( 'NONE', #7711, #8774, #8822, .T. ) ;
#5545 = VECTOR ( 'NONE', #1882, 1000.000000000000000 ) ;
#5546 = FACE_BOUND ( 'NONE', #1490, .T. ) ;
#5547 = LINE ( 'NONE', #2728, #5287 ) ;
#5548 = ORIENTED_EDGE ( 'NONE', *, *, #7525, .T. ) ;
#5549 = LINE ( 'NONE', #8341, #4358 ) ;
#5550 = DIRECTION ( 'NONE',  ( -2.877620725868571726E-16, 2.925052111753971544E-18, 1.000000000000000000 ) ) ;
#5551 = ORIENTED_EDGE ( 'NONE', *, *, #3899, .F. ) ;
#5552 = ORIENTED_EDGE ( 'NONE', *, *, #5892, .F. ) ;
#5553 = DIRECTION ( 'NONE',  ( 0.000000000000000000, 0.000000000000000000, 1.000000000000000000 ) ) ;
#5554 = AXIS2_PLACEMENT_3D ( 'NONE', #2613, #8867, #8913 ) ;
#5555 = AXIS2_PLACEMENT_3D ( 'NONE', #1275, #3274, #596 ) ;
#5556 = EDGE_CURVE ( 'NONE', #7797, #3684, #1848, .T. ) ;
#5557 = AXIS2_PLACEMENT_3D ( 'NONE', #8126, #3284, #1879 ) ;
#5558 = VECTOR ( 'NONE', #1685, 1000.000000000000000 ) ;
#5559 = CARTESIAN_POINT ( 'NONE',  ( 2.666960562795017697, 13.81402832956864479, 62.00323721091416473 ) ) ;
#5560 = EDGE_LOOP ( 'NONE', ( #891, #316, #8661, #2906 ) ) ;
#5561 = CARTESIAN_POINT ( 'NONE',  ( -0.3430218501246073415, 27.95203658269705116, 61.73535079809968806 ) ) ;
#5562 = CARTESIAN_POINT ( 'NONE',  ( 12.11513577063896285, 74.67466570213872501, 94.62330639589909254 ) ) ;
#5563 = AXIS2_PLACEMENT_3D ( 'NONE', #4466, #3920, #1016 ) ;
#5564 = CARTESIAN_POINT ( 'NONE',  ( -28.23711181804062065, 27.95203658269703340, 98.99674333257230785 ) ) ;
#5565 = EDGE_LOOP ( 'NONE', ( #6678, #2079, #2657, #1289 ) ) ;
#5566 = EDGE_LOOP ( 'NONE', ( #951, #6857, #2020, #4627 ) ) ;
#5567 = DIRECTION ( 'NONE',  ( 0.000000000000000000, 1.000000000000000000, -0.000000000000000000 ) ) ;
#5568 = VECTOR ( 'NONE', #7556, 1000.000000000000000 ) ;
#5569 = VECTOR ( 'NONE', #4168, 1000.000000000000114 ) ;
#5570 = EDGE_CURVE ( 'NONE', #8555, #6747, #6119, .T. ) ;
#5571 = EDGE_CURVE ( 'NONE', #7249, #514, #4753, .T. ) ;
#5572 = LINE ( 'NONE', #3512, #7764 ) ;
#5573 = CARTESIAN_POINT ( 'NONE',  ( 7.631121953993980966, 13.81402832956864657, 64.86915907702994843 ) ) ;
#5574 = PLANE ( 'NONE',  #6575 ) ;
#5575 = VERTEX_POINT ( 'NONE', #8230 ) ;
#5576 = ORIENTED_EDGE ( 'NONE', *, *, #3560, .F. ) ;
#5577 = AXIS2_PLACEMENT_3D ( 'NONE', #1669, #2387, #5069 ) ;
#5578 = DIRECTION ( 'NONE',  ( -1.867289539125807317E-33, 2.925052111754154507E-18, 1.000000000000000000 ) ) ;
#5579 = CARTESIAN_POINT ( 'NONE',  ( 12.11513577063901437, -8.048591456212481177, 109.4411929170811817 ) ) ;
#5580 = ORIENTED_EDGE ( 'NONE', *, *, #3181, .F. ) ;
#5581 = CARTESIAN_POINT ( 'NONE',  ( -6.725433297860435644, 13.81402832956863946, 57.73548391618534481 ) ) ;
#5582 = ORIENTED_EDGE ( 'NONE', *, *, #8768, .F. ) ;
#5583 = EDGE_CURVE ( 'NONE', #4321, #8958, #49, .T. ) ;
#5584 = VECTOR ( 'NONE', #5191, 1000.000000000000000 ) ;
#5585 = EDGE_CURVE ( 'NONE', #2883, #8445, #1294, .T. ) ;
#5586 = DIRECTION ( 'NONE',  ( 6.250839858758867238E-16, -1.000000000000000000, -7.292516007464944339E-32 ) ) ;
#5587 = FACE_OUTER_BOUND ( 'NONE', #1620, .T. ) ;
#5588 = EDGE_CURVE ( 'NONE', #8547, #8112, #8064, .T. ) ;
#5589 = DIRECTION ( 'NONE',  ( -0.8660358321744171528, -5.413451298869251709E-16, -0.4999819370636950921 ) ) ;
#5590 = VECTOR ( 'NONE', #2439, 1000.000000000000000 ) ;
#5591 = EDGE_CURVE ( 'NONE', #7260, #6830, #485, .T. ) ;
#5592 = ORIENTED_EDGE ( 'NONE', *, *, #1913, .T. ) ;
#5593 = CARTESIAN_POINT ( 'NONE',  ( 5.631205383055799985, 13.81402832956864479, 68.86920079047328613 ) ) ;
#5594 = CARTESIAN_POINT ( 'NONE',  ( 2.666877134168202712, 39.54446977037137856, 58.00323721178423142 ) ) ;
#5595 = EDGE_CURVE ( 'NONE', #3995, #3139, #4284, .T. ) ;
#5596 = CARTESIAN_POINT ( 'NONE',  ( -0.3752417887738929148, 2.386298900080694452, 6.650000000000003020 ) ) ;
#5597 = CARTESIAN_POINT ( 'NONE',  ( 6.625764905806940774, 2.386298900080696672, 50.00000000000000000 ) ) ;
#5598 = LINE ( 'NONE', #2817, #4396 ) ;
#5599 = ORIENTED_EDGE ( 'NONE', *, *, #8027, .T. ) ;
#5600 = CARTESIAN_POINT ( 'NONE',  ( -4.375241788773893248, 2.386298900080694452, 109.3221854111122013 ) ) ;
#5601 = PLANE ( 'NONE',  #3371 ) ;
#5602 = LINE ( 'NONE', #687, #218 ) ;
#5603 = ORIENTED_EDGE ( 'NONE', *, *, #5325, .F. ) ;
#5604 = ORIENTED_EDGE ( 'NONE', *, *, #1418, .T. ) ;
#5605 = CARTESIAN_POINT ( 'NONE',  ( -16.39812996423725977, 26.95203658269703695, 96.19034129655530307 ) ) ;
#5606 = ORIENTED_EDGE ( 'NONE', *, *, #4903, .T. ) ;
#5607 = VECTOR ( 'NONE', #3508, 1000.000000000000114 ) ;
#5608 = PLANE ( 'NONE',  #4251 ) ;
#5609 = EDGE_LOOP ( 'NONE', ( #5906, #4588, #6703, #386, #8829, #7343 ) ) ;
#5610 = FACE_OUTER_BOUND ( 'NONE', #9008, .T. ) ;
#5611 = CARTESIAN_POINT ( 'NONE',  ( -6.725266440606854523, 39.54446977037137145, 65.73548391444522565 ) ) ;
#5612 = CARTESIAN_POINT ( 'NONE',  ( 16.23647242388829071, -11.79118635532180726, 44.35000000000000853 ) ) ;
#5613 = ORIENTED_EDGE ( 'NONE', *, *, #7326, .F. ) ;
#5614 = ORIENTED_EDGE ( 'NONE', *, *, #2629, .F. ) ;
#5615 = DIRECTION ( 'NONE',  ( 6.250839858758867238E-16, -1.000000000000000000, -7.292516007464944339E-32 ) ) ;
#5616 = ADVANCED_FACE ( 'NONE', ( #2119 ), #796, .T. ) ;
#5617 = EDGE_CURVE ( 'NONE', #6747, #5411, #704, .T. ) ;
#5618 = CARTESIAN_POINT ( 'NONE',  ( -8.924235094193059936, 2.386298900080692231, 50.00000000000000000 ) ) ;
#5619 = CARTESIAN_POINT ( 'NONE',  ( -3.261373397789570472, 39.54446977037137145, 55.73541166531016700 ) ) ;
#5620 =( BOUNDED_CURVE ( )  B_SPLINE_CURVE ( 3, ( #3545, #3412, #6329, #95 ),
 .UNSPECIFIED., .F., .F. ) 
 B_SPLINE_CURVE_WITH_KNOTS ( ( 4, 4 ),
 ( 2.926411034414482693, 3.141592648870680016 ),
 .UNSPECIFIED. ) 
 CURVE ( )  GEOMETRIC_REPRESENTATION_ITEM ( )  RATIONAL_B_SPLINE_CURVE ( ( 1.000000000000000000, 0.9961451268175103291, 0.9961451268175103291, 1.000000000000000000 ) ) 
 REPRESENTATION_ITEM ( '' )  );
#5621 = CARTESIAN_POINT ( 'NONE',  ( 11.21813220211345552, 23.94173355144522830, 79.73866835077161852 ) ) ;
#5622 = ORIENTED_EDGE ( 'NONE', *, *, #1700, .F. ) ;
#5623 = DIRECTION ( 'NONE',  ( 6.250839858758867238E-16, -1.000000000000000000, -7.292516007464944339E-32 ) ) ;
#5624 = CARTESIAN_POINT ( 'NONE',  ( 3.666996688232604384, 13.81402832956864479, 63.73526716094961131 ) ) ;
#5625 = CARTESIAN_POINT ( 'NONE',  ( 15.71810980688031378, -10.79118635532180903, 96.19034129655530307 ) ) ;
#5626 = ORIENTED_EDGE ( 'NONE', *, *, #7324, .F. ) ;
#5627 = CARTESIAN_POINT ( 'NONE',  ( -4.261289968945258799, 27.95203658269704761, 59.73543252159679895 ) ) ;
#5628 = ORIENTED_EDGE ( 'NONE', *, *, #2440, .T. ) ;
#5629 = EDGE_CURVE ( 'NONE', #1389, #642, #5572, .T. ) ;
#5630 = CARTESIAN_POINT ( 'NONE',  ( 18.96128466276692492, 27.95203658269706537, 103.9560298122278539 ) ) ;
#5631 = FACE_BOUND ( 'NONE', #1652, .T. ) ;
#5632 = VERTEX_POINT ( 'NONE', #110 ) ;
#5633 = LINE ( 'NONE', #2042, #3626 ) ;
#5634 = CARTESIAN_POINT ( 'NONE',  ( 0.2029006625066229752, 27.95203658269705116, 64.00328860463270075 ) ) ;
#5635 = VECTOR ( 'NONE', #1420, 1000.000000000000114 ) ;
#5636 = CARTESIAN_POINT ( 'NONE',  ( 0.7029187252254205376, 13.81402832956864657, 64.86930357965043470 ) ) ;
#5637 = CARTESIAN_POINT ( 'NONE',  ( -2.761308032099049736, 27.95203658269704761, 58.86937583226569615 ) ) ;
#5638 = CARTESIAN_POINT ( 'NONE',  ( -24.77296848934295781, 27.95203658269703340, 100.9966710808270705 ) ) ;
#5639 = ORIENTED_EDGE ( 'NONE', *, *, #2902, .T. ) ;
#5640 = CARTESIAN_POINT ( 'NONE',  ( 11.71517252853229607, 27.95203658269705826, -3.136289662747627993 ) ) ;
#5641 = CARTESIAN_POINT ( 'NONE',  ( 5.631288811682582995, 39.54446977037137145, 72.86920078960325498 ) ) ;
#5642 = ORIENTED_EDGE ( 'NONE', *, *, #4295, .F. ) ;
#5643 = VERTEX_POINT ( 'NONE', #4890 ) ;
#5644 = LINE ( 'NONE', #1551, #3760 ) ;
#5645 = VERTEX_POINT ( 'NONE', #7068 ) ;
#5646 = DIRECTION ( 'NONE',  ( 0.5000180627187942317, 0.000000000000000000, 0.8660149750177208450 ) ) ;
#5647 = ORIENTED_EDGE ( 'NONE', *, *, #7600, .F. ) ;
#5648 = CARTESIAN_POINT ( 'NONE',  ( 9.908091211226203399, -8.047034099919311956, 86.10127056713264437 ) ) ;
#5649 = LINE ( 'NONE', #4927, #322 ) ;
#5650 = CARTESIAN_POINT ( 'NONE',  ( 10.95629537876732762, -11.79118635532181081, -0.0002285171696124813079 ) ) ;
#5651 = ORIENTED_EDGE ( 'NONE', *, *, #3017, .T. ) ;
#5652 = LINE ( 'NONE', #5060, #5165 ) ;
#5653 = VECTOR ( 'NONE', #5867, 1000.000000000000000 ) ;
#5654 = DIRECTION ( 'NONE',  ( -6.698291772840976747E-17, 1.000000000000000000, 1.339658354568195349E-16 ) ) ;
#5655 = DIRECTION ( 'NONE',  ( 0.4999819370636950921, 3.125307020857212586E-16, -0.8660358321744171528 ) ) ;
#5656 = DIRECTION ( 'NONE',  ( 6.250839858758867238E-16, -1.000000000000000000, -7.292516007464944339E-32 ) ) ;
#5657 = ORIENTED_EDGE ( 'NONE', *, *, #4909, .T. ) ;
#5658 = CARTESIAN_POINT ( 'NONE',  ( -4.261409523227141172, 13.81402832956864124, 54.00338171527472042 ) ) ;
#5659 = DIRECTION ( 'NONE',  ( -0.8660149750177210670, -5.413320924122833812E-16, 0.5000180627187943427 ) ) ;
#5660 = PLANE ( 'NONE',  #1364 ) ;
#5661 = ORIENTED_EDGE ( 'NONE', *, *, #2675, .T. ) ;
#5662 = LINE ( 'NONE', #759, #8313 ) ;
#5663 = EDGE_LOOP ( 'NONE', ( #8652, #4402, #6326, #243, #85, #858, #7234, #907 ) ) ;
#5664 = ADVANCED_FACE ( 'NONE', ( #7579 ), #748, .T. ) ;
#5665 = VECTOR ( 'NONE', #8946, 1000.000000000000000 ) ;
#5666 = DIRECTION ( 'NONE',  ( -1.000000000000000000, 0.000000000000000000, 0.000000000000000000 ) ) ;
#5667 = FACE_OUTER_BOUND ( 'NONE', #2146, .T. ) ;
#5668 = AXIS2_PLACEMENT_3D ( 'NONE', #6903, #1998, #6127 ) ;
#5669 = CARTESIAN_POINT ( 'NONE',  ( 9.908091211226203399, -8.791186355321812584, 86.10127056713264437 ) ) ;
#5670 = EDGE_CURVE ( 'NONE', #1178, #6997, #3429, .T. ) ;
#5671 = EDGE_LOOP ( 'NONE', ( #7410, #3203, #805, #6711 ) ) ;
#5672 = DIRECTION ( 'NONE',  ( -0.4999819370636952032, -3.125307020857213572E-16, 0.8660358321744170418 ) ) ;
#5673 = FACE_OUTER_BOUND ( 'NONE', #4045, .T. ) ;
#5674 = VECTOR ( 'NONE', #3514, 1000.000000000000000 ) ;
#5675 = CARTESIAN_POINT ( 'NONE',  ( -5.824235094193059403, 2.386298900080692231, 50.00000000000000000 ) ) ;
#5676 = CARTESIAN_POINT ( 'NONE',  ( -6.225201074916359545, 39.54446977037137145, 68.86944808140074770 ) ) ;
#5677 = DIRECTION ( 'NONE',  ( -0.000000000000000000, -0.000000000000000000, -1.000000000000000000 ) ) ;
#5678 = ORIENTED_EDGE ( 'NONE', *, *, #3909, .F. ) ;
#5679 = DIRECTION ( 'NONE',  ( -0.5000180627187938986, -3.217337761224690623E-16, -0.8660149750177210670 ) ) ;
#5680 = ORIENTED_EDGE ( 'NONE', *, *, #8158, .T. ) ;
#5681 = EDGE_LOOP ( 'NONE', ( #1967, #4510 ) ) ;
#5682 = CARTESIAN_POINT ( 'NONE',  ( -16.39812996423722069, -32.97402951153659245, 97.19034129655530307 ) ) ;
#5683 = EDGE_LOOP ( 'NONE', ( #6075, #5696, #867, #1864, #2953, #1892 ) ) ;
#5684 = ADVANCED_FACE ( 'NONE', ( #4147 ), #8404, .T. ) ;
#5685 = AXIS2_PLACEMENT_3D ( 'NONE', #2001, #8329, #33 ) ;
#5686 = EDGE_CURVE ( 'NONE', #3852, #3041, #1337, .T. ) ;
#5687 = CARTESIAN_POINT ( 'NONE',  ( 11.71517252853228364, 23.95296590008068449, 43.35000000000000853 ) ) ;
#5688 = ORIENTED_EDGE ( 'NONE', *, *, #6522, .T. ) ;
#5689 = CARTESIAN_POINT ( 'NONE',  ( 5.075764905806941840, 2.386298900080696672, 0.000000000000000000 ) ) ;
#5690 = CARTESIAN_POINT ( 'NONE',  ( 0.2030202167885054587, 39.54446977037137856, 69.73533941095475086 ) ) ;
#5691 = VECTOR ( 'NONE', #2334, 1000.000000000000000 ) ;
#5692 = VECTOR ( 'NONE', #572, 1000.000000000000000 ) ;
#5693 = DIRECTION ( 'NONE',  ( 6.250839858758867238E-16, -1.000000000000000000, -7.292516007464944339E-32 ) ) ;
#5694 = VERTEX_POINT ( 'NONE', #6301 ) ;
#5695 = ADVANCED_FACE ( 'NONE', ( #8272 ), #4105, .T. ) ;
#5696 = ORIENTED_EDGE ( 'NONE', *, *, #601, .T. ) ;
#5697 = CARTESIAN_POINT ( 'NONE',  ( 2.667163545703698624, 27.95203658269705471, 71.73528801636619789 ) ) ;
#5698 = EDGE_CURVE ( 'NONE', #3516, #1414, #6895, .T. ) ;
#5699 = ADVANCED_FACE ( 'NONE', ( #8442 ), #2835, .T. ) ;
#5700 = VECTOR ( 'NONE', #7349, 999.9999999999998863 ) ;
#5701 = CIRCLE ( 'NONE', #1488, 4.000000000000000888 ) ;
#5702 = PLANE ( 'NONE',  #7464 ) ;
#5703 = CARTESIAN_POINT ( 'NONE',  ( -9.975241788773892893, 2.386298900080692675, 50.00000000000000000 ) ) ;
#5704 = CARTESIAN_POINT ( 'NONE',  ( -0.3428911185261203642, 27.95203658269705116, 68.00329998916735974 ) ) ;
#5705 = ORIENTED_EDGE ( 'NONE', *, *, #1654, .T. ) ;
#5706 = DIRECTION ( 'NONE',  ( -0.9999999997824894349, -6.383781515425612638E-16, 2.085715669636333691E-05 ) ) ;
#5707 = CARTESIAN_POINT ( 'NONE',  ( -2.761308032099059062, 13.81402832956864124, 58.86937583226568904 ) ) ;
#5708 = LINE ( 'NONE', #2800, #2379 ) ;
#5709 = VERTEX_POINT ( 'NONE', #5618 ) ;
#5710 = CARTESIAN_POINT ( 'NONE',  ( 3.666793705323914576, 13.81402832956864479, 54.00321635549759947 ) ) ;
#5711 = AXIS2_PLACEMENT_3D ( 'NONE', #6659, #486, #2527 ) ;
#5712 = VECTOR ( 'NONE', #1622, 1000.000000000000000 ) ;
#5713 = VERTEX_POINT ( 'NONE', #1519 ) ;
#5714 = EDGE_CURVE ( 'NONE', #7051, #3627, #5519, .T. ) ;
#5715 = EDGE_CURVE ( 'NONE', #5390, #7366, #8314, .T. ) ;
#5716 = VECTOR ( 'NONE', #8423, 1000.000000000000114 ) ;
#5717 = VECTOR ( 'NONE', #8463, 999.9999999999998863 ) ;
#5718 = CARTESIAN_POINT ( 'NONE',  ( -7.725183011762533525, 13.81402832956863946, 69.73550477073185050 ) ) ;
#5719 = CARTESIAN_POINT ( 'NONE',  ( -0.3752417887738929148, 2.386298900080694452, 6.650000000000003020 ) ) ;
#5720 = FACE_OUTER_BOUND ( 'NONE', #6725, .T. ) ;
#5721 = EDGE_LOOP ( 'NONE', ( #1921, #4796, #479, #7969, #3392, #5235 ) ) ;
#5722 = DIRECTION ( 'NONE',  ( 2.085715669603027678E-05, 1.303747464151961922E-20, 0.9999999997824895459 ) ) ;
#5723 = AXIS2_PLACEMENT_3D ( 'NONE', #6986, #73, #1527 ) ;
#5724 = DIRECTION ( 'NONE',  ( -0.8660358321744171528, -5.413451298869251709E-16, -0.4999819370636950921 ) ) ;
#5725 = EDGE_CURVE ( 'NONE', #4522, #7303, #5266, .T. ) ;
#5726 = CARTESIAN_POINT ( 'NONE',  ( -0.3428132785576437636, 27.95203658269705116, 71.73535079592451780 ) ) ;
#5727 = VECTOR ( 'NONE', #2454, 1000.000000000000114 ) ;
#5728 = DIRECTION ( 'NONE',  ( 1.000000000000000000, 0.000000000000000000, 0.000000000000000000 ) ) ;
#5729 = CARTESIAN_POINT ( 'NONE',  ( 2.666913259823294968, 39.54446977037137856, 59.73528801897636242 ) ) ;
#5730 = ORIENTED_EDGE ( 'NONE', *, *, #2311, .F. ) ;
#5731 = DIRECTION ( 'NONE',  ( 6.250839858758867238E-16, -1.000000000000000000, -7.292516007464944339E-32 ) ) ;
#5732 = VERTEX_POINT ( 'NONE', #2794 ) ;
#5733 = ORIENTED_EDGE ( 'NONE', *, *, #3714, .T. ) ;
#5734 = CARTESIAN_POINT ( 'NONE',  ( 6.958091330701750010, -11.79118635532181258, 79.73864887361423825 ) ) ;
#5735 = ORIENTED_EDGE ( 'NONE', *, *, #4765, .T. ) ;
#5736 = EDGE_CURVE ( 'NONE', #8743, #7319, #5022, .T. ) ;
#5737 = VECTOR ( 'NONE', #8980, 1000.000000000000000 ) ;
#5738 = EDGE_CURVE ( 'NONE', #3906, #8142, #8575, .T. ) ;
#5739 = CARTESIAN_POINT ( 'NONE',  ( 3.667210848457892691, 39.54446977037137856, 74.00321635114731578 ) ) ;
#5740 = VERTEX_POINT ( 'NONE', #6471 ) ;
#5741 = FACE_OUTER_BOUND ( 'NONE', #2012, .T. ) ;
#5742 = CARTESIAN_POINT ( 'NONE',  ( -7.725135708790842770, 39.54446977037137145, 72.00345396266968123 ) ) ;
#5743 = ORIENTED_EDGE ( 'NONE', *, *, #1578, .T. ) ;
#5744 = VERTEX_POINT ( 'NONE', #5156 ) ;
#5745 = CARTESIAN_POINT ( 'NONE',  ( 12.11513577063903391, -38.10046750840770358, 79.95388815224571033 ) ) ;
#5746 = AXIS2_PLACEMENT_3D ( 'NONE', #566, #1384, #6937 ) ;
#5747 = EDGE_CURVE ( 'NONE', #5973, #6369, #1662, .T. ) ;
#5748 = PLANE ( 'NONE',  #8056 ) ;
#5749 = VECTOR ( 'NONE', #7583, 1000.000000000000000 ) ;
#5750 = CARTESIAN_POINT ( 'NONE',  ( 11.71439015067052480, -8.048270484307693096, 97.19034129655530307 ) ) ;
#5751 = EDGE_CURVE ( 'NONE', #990, #4522, #7809, .T. ) ;
#5752 = DIRECTION ( 'NONE',  ( 0.000000000000000000, 0.000000000000000000, 1.000000000000000000 ) ) ;
#5753 = VERTEX_POINT ( 'NONE', #1562 ) ;
#5754 = CYLINDRICAL_SURFACE ( 'NONE', #4030, 1.000000000000000888 ) ;
#5755 = CARTESIAN_POINT ( 'NONE',  ( -0.3752417887738960234, 9.386298900080694452, 50.00000000000000000 ) ) ;
#5756 = DIRECTION ( 'NONE',  ( 6.250839858758867238E-16, -1.000000000000000000, -7.292516007464944339E-32 ) ) ;
#5757 = ORIENTED_EDGE ( 'NONE', *, *, #7923, .T. ) ;
#5758 = FACE_OUTER_BOUND ( 'NONE', #7699, .T. ) ;
#5759 = ORIENTED_EDGE ( 'NONE', *, *, #7514, .T. ) ;
#5760 = DIRECTION ( 'NONE',  ( -0.000000000000000000, -0.000000000000000000, -1.000000000000000000 ) ) ;
#5761 = FACE_OUTER_BOUND ( 'NONE', #8060, .T. ) ;
#5762 = CARTESIAN_POINT ( 'NONE',  ( 16.71813220208183992, 23.95296590008068094, 79.73869531520048781 ) ) ;
#5763 = ORIENTED_EDGE ( 'NONE', *, *, #245, .T. ) ;
#5764 = CARTESIAN_POINT ( 'NONE',  ( -4.261159237346753947, 27.95203658269704761, 66.00338171266453458 ) ) ;
#5765 = CARTESIAN_POINT ( 'NONE',  ( -6.725385994888738672, 27.95203658269704405, 60.00343310812314002 ) ) ;
#5766 = CARTESIAN_POINT ( 'NONE',  ( -4.261123111691668797, 39.54446977037137145, 67.73543251985667268 ) ) ;
#5767 = LINE ( 'NONE', #2270, #4360 ) ;
#5768 = DIRECTION ( 'NONE',  ( 1.000000000000000000, 4.044619988046513669E-19, 1.166244989663168160E-16 ) ) ;
#5769 = ORIENTED_EDGE ( 'NONE', *, *, #5034, .F. ) ;
#5770 = CARTESIAN_POINT ( 'NONE',  ( -7.725302566044424779, 13.81402832956863946, 64.00345396440977197 ) ) ;
#5771 = EDGE_LOOP ( 'NONE', ( #7193, #3476, #8308, #621 ) ) ;
#5772 = ORIENTED_EDGE ( 'NONE', *, *, #6409, .T. ) ;
#5773 = CARTESIAN_POINT ( 'NONE',  ( 10.71818173700940058, 28.07818520967645526, 79.72434232171258373 ) ) ;
#5774 = ORIENTED_EDGE ( 'NONE', *, *, #5806, .T. ) ;
#5775 = EDGE_CURVE ( 'NONE', #1602, #1277, #4540, .T. ) ;
#5776 = ADVANCED_FACE ( 'NONE', ( #5199 ), #150, .T. ) ;
#5777 = CARTESIAN_POINT ( 'NONE',  ( -3.261039683282359825, 13.81402832956864124, 71.73541166182994289 ) ) ;
#5778 = VERTEX_POINT ( 'NONE', #2420 ) ;
#5779 = CARTESIAN_POINT ( 'NONE',  ( -2.761057746218662956, 13.81402832956864124, 70.86937582965551030 ) ) ;
#5780 = LINE ( 'NONE', #918, #4093 ) ;
#5781 = CARTESIAN_POINT ( 'NONE',  ( -6.341905590488057243, -8.047034099919322614, 79.84960918721581891 ) ) ;
#5782 = ORIENTED_EDGE ( 'NONE', *, *, #6058, .T. ) ;
#5783 = VERTEX_POINT ( 'NONE', #2918 ) ;
#5784 = DIRECTION ( 'NONE',  ( 6.250839858758867238E-16, -1.000000000000000000, -7.292516007464944339E-32 ) ) ;
#5785 = ADVANCED_FACE ( 'NONE', ( #4419 ), #5702, .F. ) ;
#5786 = ADVANCED_FACE ( 'NONE', ( #965 ), #8621, .T. ) ;
#5787 = EDGE_CURVE ( 'NONE', #3630, #2631, #7944, .T. ) ;
#5788 = CARTESIAN_POINT ( 'NONE',  ( 16.71818105637233032, -10.93597653545308823, 44.35004644165275067 ) ) ;
#5789 = CARTESIAN_POINT ( 'NONE',  ( 0.7029187252254045504, 39.54446977037137856, 64.86930357965043470 ) ) ;
#5790 = DIRECTION ( 'NONE',  ( -1.000000000000000000, 0.000000000000000000, 0.000000000000000000 ) ) ;
#5791 = ORIENTED_EDGE ( 'NONE', *, *, #3428, .F. ) ;
#5792 = LINE ( 'NONE', #4377, #3710 ) ;
#5793 = CARTESIAN_POINT ( 'NONE',  ( 6.131187320119496853, 13.81402832956864657, 68.00316495829888197 ) ) ;
#5794 = PLANE ( 'NONE',  #7325 ) ;
#5795 = ORIENTED_EDGE ( 'NONE', *, *, #4681, .F. ) ;
#5796 = DIRECTION ( 'NONE',  ( 6.250839858758867238E-16, -1.000000000000000000, -7.292516007464944339E-32 ) ) ;
#5797 = ORIENTED_EDGE ( 'NONE', *, *, #5775, .F. ) ;
#5798 = ADVANCED_FACE ( 'NONE', ( #6555 ), #2250, .T. ) ;
#5799 = LINE ( 'NONE', #5210, #7307 ) ;
#5800 = EDGE_CURVE ( 'NONE', #5432, #5343, #334, .T. ) ;
#5801 = CARTESIAN_POINT ( 'NONE',  ( 2.666829831196496414, 39.54446977037137856, 55.73528801984643621 ) ) ;
#5802 = CARTESIAN_POINT ( 'NONE',  ( 3.667163545486201492, 13.81402832956864479, 71.73526715920951347 ) ) ;
#5803 = ORIENTED_EDGE ( 'NONE', *, *, #189, .F. ) ;
#5804 = DIRECTION ( 'NONE',  ( 0.006013943137674153221, -0.9999819160804543916, 7.013731049379949157E-19 ) ) ;
#5805 = ADVANCED_FACE ( 'NONE', ( #2969 ), #5748, .T. ) ;
#5806 = EDGE_CURVE ( 'NONE', #5464, #8071, #3007, .T. ) ;
#5807 = FACE_OUTER_BOUND ( 'NONE', #1770, .T. ) ;
#5808 = LINE ( 'NONE', #2313, #2917 ) ;
#5809 = LINE ( 'NONE', #4349, #4847 ) ;
#5810 = ORIENTED_EDGE ( 'NONE', *, *, #1648, .T. ) ;
#5811 = LINE ( 'NONE', #3077, #5 ) ;
#5812 = PLANE ( 'NONE',  #2793 ) ;
#5813 = VECTOR ( 'NONE', #7786, 1000.000000000000000 ) ;
#5814 = ORIENTED_EDGE ( 'NONE', *, *, #7715, .T. ) ;
#5815 = ORIENTED_EDGE ( 'NONE', *, *, #1112, .F. ) ;
#5816 = DIRECTION ( 'NONE',  ( 0.000000000000000000, 1.000000000000000000, -6.712021092795624582E-32 ) ) ;
#5817 = VERTEX_POINT ( 'NONE', #831 ) ;
#5818 = AXIS2_PLACEMENT_3D ( 'NONE', #6774, #497, #4768 ) ;
#5819 = ADVANCED_FACE ( 'NONE', ( #7161 ), #925, .T. ) ;
#5820 = VECTOR ( 'NONE', #1147, 1000.000000000000000 ) ;
#5821 = AXIS2_PLACEMENT_3D ( 'NONE', #7076, #8451, #4293 ) ;
#5822 = LINE ( 'NONE', #5687, #5277 ) ;
#5823 = ORIENTED_EDGE ( 'NONE', *, *, #8573, .T. ) ;
#5824 = CARTESIAN_POINT ( 'NONE',  ( -6.725266440606847418, 27.95203658269704761, 65.73548391444522565 ) ) ;
#5825 = CARTESIAN_POINT ( 'NONE',  ( 7.131223445557067109, 39.54446977037137856, 69.73519490833432144 ) ) ;
#5826 = DIRECTION ( 'NONE',  ( -0.9999999997824894349, 0.000000000000000000, 2.085715669636333691E-05 ) ) ;
#5827 = ORIENTED_EDGE ( 'NONE', *, *, #4165, .T. ) ;
#5828 = CARTESIAN_POINT ( 'NONE',  ( 10.71902452340722967, 27.83496288818218645, 50.00000000000000000 ) ) ;
#5829 = VECTOR ( 'NONE', #5492, 1000.000000000000114 ) ;
#5830 = CARTESIAN_POINT ( 'NONE',  ( 16.64080028567738267, -11.38744635518950332, 43.90013827954431491 ) ) ;
#5831 = AXIS2_PLACEMENT_3D ( 'NONE', #4290, #837, #5068 ) ;
#5832 = CARTESIAN_POINT ( 'NONE',  ( 3.258002875080335487E-16, 18.07212241910100659, 0.000000000000000000 ) ) ;
#5833 = PLANE ( 'NONE',  #7158 ) ;
#5834 = VERTEX_POINT ( 'NONE', #4551 ) ;
#5835 = CARTESIAN_POINT ( 'NONE',  ( 16.71813190727979048, -8.047818925517303157, 79.95525864962804974 ) ) ;
#5836 = CARTESIAN_POINT ( 'NONE',  ( -7.725433297642929631, 13.81402832956863946, 57.73550477334202924 ) ) ;
#5837 = LINE ( 'NONE', #5162, #923 ) ;
#5838 = ORIENTED_EDGE ( 'NONE', *, *, #3795, .F. ) ;
#5839 = CARTESIAN_POINT ( 'NONE',  ( 3.667246974113000935, 13.81402832956864657, 75.73526715833948231 ) ) ;
#5840 = ORIENTED_EDGE ( 'NONE', *, *, #7555, .F. ) ;
#5841 = EDGE_CURVE ( 'NONE', #5357, #2572, #2460, .T. ) ;
#5842 = VECTOR ( 'NONE', #4253, 1000.000000000000000 ) ;
#5843 = EDGE_CURVE ( 'NONE', #7672, #6241, #8854, .T. ) ;
#5844 = VECTOR ( 'NONE', #5231, 1000.000000000000114 ) ;
#5845 = DIRECTION ( 'NONE',  ( -0.5000180627187942317, -3.125532836542028723E-16, -0.8660149750177209560 ) ) ;
#5846 = DIRECTION ( 'NONE',  ( 0.000000000000000000, -0.9999939862973238336, 0.003468049767204245837 ) ) ;
#5847 = VECTOR ( 'NONE', #152, 1000.000000000000000 ) ;
#5848 = CARTESIAN_POINT ( 'NONE',  ( -11.39812996423726510, 27.60617413974073386, 9.591791752249168468 ) ) ;
#5849 = CIRCLE ( 'NONE', #1056, 1.049999999999997158 ) ;
#5850 = EDGE_CURVE ( 'NONE', #6130, #6536, #5289, .T. ) ;
#5851 = ORIENTED_EDGE ( 'NONE', *, *, #5301, .T. ) ;
#5852 = CARTESIAN_POINT ( 'NONE',  ( 15.71824074827757656, -10.79118635532180903, 2.139683502756110762E-05 ) ) ;
#5853 = LINE ( 'NONE', #4523, #8511 ) ;
#5854 = AXIS2_PLACEMENT_3D ( 'NONE', #1042, #861, #7238 ) ;
#5855 = AXIS2_PLACEMENT_3D ( 'NONE', #1006, #3772, #7107 ) ;
#5856 = ADVANCED_FACE ( 'NONE', ( #7378 ), #1195, .T. ) ;
#5857 = CARTESIAN_POINT ( 'NONE',  ( 0.7030021538522018831, 39.54446977037137856, 68.86930357878031828 ) ) ;
#5858 = CARTESIAN_POINT ( 'NONE',  ( -0.3427715642442510369, 27.95203658269705116, 73.73535079548948090 ) ) ;
#5859 = EDGE_CURVE ( 'NONE', #5834, #5298, #5238, .T. ) ;
#5860 = ADVANCED_FACE ( 'NONE', ( #7479 ), #6060, .F. ) ;
#5861 = LINE ( 'NONE', #1033, #2185 ) ;
#5862 = CARTESIAN_POINT ( 'NONE',  ( -1.297164702966374872, 39.54446977037136435, 60.86934529483382050 ) ) ;
#5863 = VECTOR ( 'NONE', #593, 1000.000000000000114 ) ;
#5864 = CARTESIAN_POINT ( 'NONE',  ( -7.725433297642945618, 39.54446977037137145, 57.73550477334202924 ) ) ;
#5865 = ORIENTED_EDGE ( 'NONE', *, *, #1761, .T. ) ;
#5866 = VERTEX_POINT ( 'NONE', #1239 ) ;
#5867 = DIRECTION ( 'NONE',  ( 1.000000000000000000, 6.383782126896855077E-16, -6.066577588907693692E-48 ) ) ;
#5868 = VERTEX_POINT ( 'NONE', #4009 ) ;
#5869 = ORIENTED_EDGE ( 'NONE', *, *, #5939, .T. ) ;
#5870 = AXIS2_PLACEMENT_3D ( 'NONE', #4603, #3917, #4706 ) ;
#5871 = LINE ( 'NONE', #8660, #7024 ) ;
#5872 = ORIENTED_EDGE ( 'NONE', *, *, #4745, .F. ) ;
#5873 = CARTESIAN_POINT ( 'NONE',  ( -0.3752417887738960234, 9.386298900080694452, 43.35000000000000853 ) ) ;
#5874 = LINE ( 'NONE', #3092, #34 ) ;
#5875 = LINE ( 'NONE', #5102, #5584 ) ;
#5876 = ORIENTED_EDGE ( 'NONE', *, *, #3572, .F. ) ;
#5877 = ORIENTED_EDGE ( 'NONE', *, *, #7717, .T. ) ;
#5878 = CARTESIAN_POINT ( 'NONE',  ( -16.39812996423724201, -1.014626313565519429E-14, 96.19034129655530307 ) ) ;
#5879 = VECTOR ( 'NONE', #3072, 1000.000000000000114 ) ;
#5880 = CARTESIAN_POINT ( 'NONE',  ( -4.261206540318466907, 39.54446977037137145, 63.73543252072671805 ) ) ;
#5881 = LINE ( 'NONE', #8671, #3353 ) ;
#5882 = DIRECTION ( 'NONE',  ( -0.4999819370636952032, -3.125307020857213572E-16, 0.8660358321744170418 ) ) ;
#5883 = ORIENTED_EDGE ( 'NONE', *, *, #5061, .T. ) ;
#5884 = DIRECTION ( 'NONE',  ( -1.000000000000000000, 0.000000000000000000, 0.000000000000000000 ) ) ;
#5885 = PLANE ( 'NONE',  #4373 ) ;
#5886 = CARTESIAN_POINT ( 'NONE',  ( -6.225451360796755651, 39.54446977037137145, 56.86944808401091933 ) ) ;
#5887 = ORIENTED_EDGE ( 'NONE', *, *, #3452, .T. ) ;
#5888 = PLANE ( 'NONE',  #5233 ) ;
#5889 = DIRECTION ( 'NONE',  ( 0.4999819370636951477, 0.000000000000000000, -0.8660358321744170418 ) ) ;
#5890 = EDGE_CURVE ( 'NONE', #5919, #5709, #4851, .T. ) ;
#5891 = ORIENTED_EDGE ( 'NONE', *, *, #2621, .T. ) ;
#5892 = EDGE_CURVE ( 'NONE', #8083, #5220, #1836, .T. ) ;
#5893 = CARTESIAN_POINT ( 'NONE',  ( -8.924235094193058160, 2.386298900080692231, 50.00000000000000000 ) ) ;
#5894 = DIRECTION ( 'NONE',  ( 0.000000000000000000, 0.000000000000000000, 1.000000000000000000 ) ) ;
#5895 = ORIENTED_EDGE ( 'NONE', *, *, #2033, .F. ) ;
#5896 = VERTEX_POINT ( 'NONE', #1100 ) ;
#5897 = PLANE ( 'NONE',  #6131 ) ;
#5898 = ORIENTED_EDGE ( 'NONE', *, *, #5394, .F. ) ;
#5899 = CYLINDRICAL_SURFACE ( 'NONE', #8889, 1.000000000000000888 ) ;
#5900 =( LENGTH_UNIT ( ) NAMED_UNIT ( * ) SI_UNIT ( .MILLI., .METRE. ) );
#5901 = ADVANCED_FACE ( 'NONE', ( #556, #2557, #3864, #6647, #4646, #468, #2098, #6016, #3323, #6231, #4596, #8808, #420, #7285, #7427, #3822, #3910, #9019, #3966, #6695, #518, #5546, #1057, #7692, #7788, #6402, #2897, #2175, #6322, #5004 ), #173, .T. ) ;
#5902 = EDGE_CURVE ( 'NONE', #4522, #699, #2269, .T. ) ;
#5903 = PLANE ( 'NONE',  #5412 ) ;
#5904 = LINE ( 'NONE', #3076, #7274 ) ;
#5905 = DIRECTION ( 'NONE',  ( -6.383782126896856063E-16, 1.000000000000000000, -2.925052111754154892E-18 ) ) ;
#5906 = ORIENTED_EDGE ( 'NONE', *, *, #5198, .T. ) ;
#5907 = VERTEX_POINT ( 'NONE', #1585 ) ;
#5908 = CARTESIAN_POINT ( 'NONE',  ( -4.261123111691668797, 39.54446977037137145, 67.73543251985667268 ) ) ;
#5909 = ORIENTED_EDGE ( 'NONE', *, *, #3061, .T. ) ;
#5910 = ORIENTED_EDGE ( 'NONE', *, *, #4673, .T. ) ;
#5911 = EDGE_CURVE ( 'NONE', #7977, #6947, #4957, .T. ) ;
#5912 = DIRECTION ( 'NONE',  ( -0.9999999997824894349, -6.383781515425612638E-16, 2.085715669636333691E-05 ) ) ;
#5913 = EDGE_LOOP ( 'NONE', ( #3167, #1833 ) ) ;
#5914 = CARTESIAN_POINT ( 'NONE',  ( -1.297081274339558998, 13.81402832956864479, 64.86934529396381777 ) ) ;
#5915 = DIRECTION ( 'NONE',  ( -2.085715669636334030E-05, -1.303747464172781074E-20, -0.9999999997824895459 ) ) ;
#5916 = CARTESIAN_POINT ( 'NONE',  ( 16.71809819166035282, -8.048244284842871465, 96.19034408870739128 ) ) ;
#5918 = ORIENTED_EDGE ( 'NONE', *, *, #8376, .F. ) ;
#5917 = AXIS2_PLACEMENT_3D ( 'NONE', #4141, #3422, #2062 ) ;
#5919 = VERTEX_POINT ( 'NONE', #5675 ) ;
#5920 = CARTESIAN_POINT ( 'NONE',  ( -6.725469423515543888, 39.54446977037137145, 56.00343310899318539 ) ) ;
#5921 = CARTESIAN_POINT ( 'NONE',  ( 15.71824074827757656, -11.79118635532180903, 2.139683502756110762E-05 ) ) ;
#5922 = DIRECTION ( 'NONE',  ( 0.5000180627187940097, 3.125532836542028723E-16, 0.8660149750177211780 ) ) ;
#5923 = ORIENTED_EDGE ( 'NONE', *, *, #2755, .F. ) ;
#5924 = DIRECTION ( 'NONE',  ( 6.250839858758867238E-16, -1.000000000000000000, -7.292516007464944339E-32 ) ) ;
#5925 = DIRECTION ( 'NONE',  ( -1.000000000000000000, 0.000000000000000000, 0.000000000000000000 ) ) ;
#5926 = CARTESIAN_POINT ( 'NONE',  ( 0.7028352965986264245, 27.95203658269705116, 60.86930358052043744 ) ) ;
#5927 = ORIENTED_EDGE ( 'NONE', *, *, #7807, .F. ) ;
#5928 = ORIENTED_EDGE ( 'NONE', *, *, #7160, .T. ) ;
#5929 =( NAMED_UNIT ( * ) SI_UNIT ( $, .STERADIAN. ) SOLID_ANGLE_UNIT ( ) );
#5930 = ORIENTED_EDGE ( 'NONE', *, *, #1120, .F. ) ;
#5931 = EDGE_CURVE ( 'NONE', #1371, #3240, #223, .T. ) ;
#5932 = CARTESIAN_POINT ( 'NONE',  ( -0.3430162614662964904, 27.95203658269705116, 62.00329999047244911 ) ) ;
#5933 = LINE ( 'NONE', #6441, #2932 ) ;
#5934 = EDGE_LOOP ( 'NONE', ( #5013, #7355, #5000, #6731 ) ) ;
#5935 = ORIENTED_EDGE ( 'NONE', *, *, #2591, .F. ) ;
#5936 = DIRECTION ( 'NONE',  ( 0.4999819370636950921, 3.125307020857212586E-16, -0.8660358321744171528 ) ) ;
#5937 = ORIENTED_EDGE ( 'NONE', *, *, #7798, .F. ) ;
#5938 = CARTESIAN_POINT ( 'NONE',  ( 16.71813220208187900, -38.10046746383512328, 79.95390100451547255 ) ) ;
#5939 = EDGE_CURVE ( 'NONE', #481, #6873, #1542, .T. ) ;
#5940 = CARTESIAN_POINT ( 'NONE',  ( 2.167145482984902394, 39.54446977037137145, 70.86927304134847816 ) ) ;
#5941 = LINE ( 'NONE', #1904, #7871 ) ;
#5942 = EDGE_CURVE ( 'NONE', #4608, #8782, #7088, .T. ) ;
#5943 = CARTESIAN_POINT ( 'NONE',  ( -0.3752417887738929148, 2.386298900080694452, 109.3221854111122013 ) ) ;
#5944 = CARTESIAN_POINT ( 'NONE',  ( -0.3752417887738929148, 2.386298900080694452, 0.000000000000000000 ) ) ;
#5945 = VERTEX_POINT ( 'NONE', #2855 ) ;
#5946 = EDGE_LOOP ( 'NONE', ( #1887, #6376 ) ) ;
#5947 = CARTESIAN_POINT ( 'NONE',  ( 6.130973159894177016, 39.54446977037137856, 57.73521576810117750 ) ) ;
#5948 = VECTOR ( 'NONE', #3805, 1000.000000000000000 ) ;
#5949 = VERTEX_POINT ( 'NONE', #3582 ) ;
#5950 = ORIENTED_EDGE ( 'NONE', *, *, #1847, .T. ) ;
#5951 = VECTOR ( 'NONE', #8548, 1000.000000000000114 ) ;
#5952 = DIRECTION ( 'NONE',  ( -0.4999819370636952032, -3.125307020857213572E-16, 0.8660358321744170418 ) ) ;
#5953 = VERTEX_POINT ( 'NONE', #5043 ) ;
#5954 = PLANE ( 'NONE',  #8586 ) ;
#5955 = CARTESIAN_POINT ( 'NONE',  ( 16.71818173700939880, 28.07818520967645526, 79.72434232171258373 ) ) ;
#5956 = LINE ( 'NONE', #6010, #8360 ) ;
#5957 = ORIENTED_EDGE ( 'NONE', *, *, #1964, .F. ) ;
#5958 = EDGE_LOOP ( 'NONE', ( #4612, #1096, #6024, #3125 ) ) ;
#5959 = FACE_OUTER_BOUND ( 'NONE', #8825, .T. ) ;
#5960 = EDGE_CURVE ( 'NONE', #3507, #6754, #2224, .T. ) ;
#5961 = VECTOR ( 'NONE', #3848, 1000.000000000000000 ) ;
#5962 = ADVANCED_FACE ( 'NONE', ( #8512 ), #4259, .T. ) ;
#5963 = VECTOR ( 'NONE', #2927, 1000.000000000000000 ) ;
#5964 = CARTESIAN_POINT ( 'NONE',  ( 10.71902452340722967, 27.83496288818218645, 50.00000000000000000 ) ) ;
#5965 = LINE ( 'NONE', #3233, #7580 ) ;
#5966 = DIRECTION ( 'NONE',  ( -0.9999999997824894349, -6.250839857399242789E-16, 2.085715669603027339E-05 ) ) ;
#5967 = ORIENTED_EDGE ( 'NONE', *, *, #8415, .T. ) ;
#5968 = DIRECTION ( 'NONE',  ( -0.9999999997824894349, -6.383781515425612638E-16, 2.085715669636333691E-05 ) ) ;
#5969 = CARTESIAN_POINT ( 'NONE',  ( -2.760974317591864402, 13.81402832956864124, 74.86937582878546493 ) ) ;
#5970 = EDGE_CURVE ( 'NONE', #6997, #7797, #4346, .T. ) ;
#5971 = AXIS2_PLACEMENT_3D ( 'NONE', #3480, #1266, #1956 ) ;
#5972 = CARTESIAN_POINT ( 'NONE',  ( -22.80884322314656742, 27.95203658269703695, 102.1306047112208262 ) ) ;
#5973 = VERTEX_POINT ( 'NONE', #8421 ) ;
#5974 = ORIENTED_EDGE ( 'NONE', *, *, #2432, .F. ) ;
#5975 = PRESENTATION_STYLE_ASSIGNMENT (( #7345 ) ) ;
#5976 = ORIENTED_EDGE ( 'NONE', *, *, #1569, .F. ) ;
#5977 = EDGE_CURVE ( 'NONE', #5496, #1178, #850, .T. ) ;
#5978 = VECTOR ( 'NONE', #3252, 999.9999999999998863 ) ;
#5979 = CARTESIAN_POINT ( 'NONE',  ( -2.761057746218662956, 13.81402832956864124, 70.86937582965551030 ) ) ;
#5980 = LINE ( 'NONE', #1944, #469 ) ;
#5981 = ORIENTED_EDGE ( 'NONE', *, *, #5544, .T. ) ;
#5982 = VERTEX_POINT ( 'NONE', #6959 ) ;
#5983 = DIRECTION ( 'NONE',  ( 0.4999819370636950921, 3.125307020857212586E-16, -0.8660358321744171528 ) ) ;
#5984 = CARTESIAN_POINT ( 'NONE',  ( -0.3428911185261203642, 27.95203658269705116, 68.00329998916737395 ) ) ;
#5985 = ORIENTED_EDGE ( 'NONE', *, *, #5148, .F. ) ;
#5986 = EDGE_CURVE ( 'NONE', #3934, #6157, #898, .T. ) ;
#5987 = VECTOR ( 'NONE', #164, 1000.000000000000000 ) ;
#5988 = VECTOR ( 'NONE', #8176, 1000.000000000000000 ) ;
#5989 = EDGE_LOOP ( 'NONE', ( #5927, #7406, #7244, #5815 ) ) ;
#5990 = AXIS2_PLACEMENT_3D ( 'NONE', #7429, #5291, #4741 ) ;
#5991 = VECTOR ( 'NONE', #5679, 1000.000000000000114 ) ;
#5992 = CARTESIAN_POINT ( 'NONE',  ( 16.05358970038367872, -11.87375009427762329, 50.00000000000000000 ) ) ;
#5993 = CARTESIAN_POINT ( 'NONE',  ( -2.761308032099075493, 39.54446977037137145, 58.86937583226568904 ) ) ;
#5994 = DIRECTION ( 'NONE',  ( -0.006013979302649533933, 0.9999759022690321020, -0.003467987050516862461 ) ) ;
#5995 = DIRECTION ( 'NONE',  ( -1.000000000000000000, 8.696376787897792385E-17, -2.708036432075722296E-18 ) ) ;
#5996 = VERTEX_POINT ( 'NONE', #1446 ) ;
#5997 = EDGE_LOOP ( 'NONE', ( #1216, #6595, #6319, #7682 ) ) ;
#5998 = FACE_OUTER_BOUND ( 'NONE', #7601, .T. ) ;
#5999 = VECTOR ( 'NONE', #2496, 1000.000000000000114 ) ;
#6000 = ORIENTED_EDGE ( 'NONE', *, *, #1134, .T. ) ;
#6001 = ORIENTED_EDGE ( 'NONE', *, *, #2157, .T. ) ;
#6002 = VECTOR ( 'NONE', #5392, 1000.000000000000114 ) ;
#6003 = EDGE_CURVE ( 'NONE', #3483, #3906, #7001, .T. ) ;
#6004 = AXIS2_PLACEMENT_3D ( 'NONE', #2100, #4872, #6960 ) ;
#6005 = DIRECTION ( 'NONE',  ( 0.4999819370636951477, 0.000000000000000000, -0.8660358321744170418 ) ) ;
#6006 = ORIENTED_EDGE ( 'NONE', *, *, #195, .T. ) ;
#6007 = CARTESIAN_POINT ( 'NONE',  ( 10.71818173700940058, 27.83495781962105298, 9.590998314289917559 ) ) ;
#6008 = LINE ( 'NONE', #1919, #8476 ) ;
#6009 = ADVANCED_FACE ( 'NONE', ( #3488 ), #8552, .T. ) ;
#6010 = CARTESIAN_POINT ( 'NONE',  ( -0.3429745471529044298, 27.95203658269705116, 64.00329999003746195 ) ) ;
#6011 = VERTEX_POINT ( 'NONE', #2815 ) ;
#6012 = ORIENTED_EDGE ( 'NONE', *, *, #2718, .F. ) ;
#6013 = CARTESIAN_POINT ( 'NONE',  ( -4.261289968945249917, 13.81402832956864124, 59.73543252159679895 ) ) ;
#6014 = AXIS2_PLACEMENT_3D ( 'NONE', #524, #1935, #6067 ) ;
#6015 = EDGE_CURVE ( 'NONE', #8480, #1414, #7748, .T. ) ;
#6016 = FACE_BOUND ( 'NONE', #7142, .T. ) ;
#6017 = LINE ( 'NONE', #1978, #4077 ) ;
#6018 = CYLINDRICAL_SURFACE ( 'NONE', #7460, 1.550000000000000266 ) ;
#6019 = ORIENTED_EDGE ( 'NONE', *, *, #4863, .T. ) ;
#6020 = CARTESIAN_POINT ( 'NONE',  ( 5.631205383055791103, 27.95203658269705471, 68.86920079047328613 ) ) ;
#6021 = AXIS2_PLACEMENT_3D ( 'NONE', #779, #6922, #7560 ) ;
#6022 = LINE ( 'NONE', #2655, #1193 ) ;
#6023 = DIRECTION ( 'NONE',  ( 1.166244989663167914E-16, 6.695403588083180925E-32, -1.000000000000000000 ) ) ;
#6024 = ORIENTED_EDGE ( 'NONE', *, *, #6082, .F. ) ;
#6025 = VERTEX_POINT ( 'NONE', #3538 ) ;
#6026 = CARTESIAN_POINT ( 'NONE',  ( -0.7971466402475861912, 39.54446977037137856, 61.73536026985154024 ) ) ;
#6027 = EDGE_CURVE ( 'NONE', #8683, #8472, #4775, .T. ) ;
#6028 = VERTEX_POINT ( 'NONE', #5130 ) ;
#6029 = ADVANCED_FACE ( 'NONE', ( #7314 ), #4437, .T. ) ;
#6030 = CARTESIAN_POINT ( 'NONE',  ( -8.225117645854540527, 39.54446977037136435, 72.86948979484408540 ) ) ;
#6031 = CARTESIAN_POINT ( 'NONE',  ( -1.925241788773896845, 9.386298900080694452, 0.000000000000000000 ) ) ;
#6032 = VERTEX_POINT ( 'NONE', #6529 ) ;
#6033 = VERTEX_POINT ( 'NONE', #2441 ) ;
#6034 = CARTESIAN_POINT ( 'NONE',  ( -3.261373397789562922, 27.95203658269704761, 55.73541166531016700 ) ) ;
#6035 = CARTESIAN_POINT ( 'NONE',  ( -12.39812996423724023, -8.047034099919331496, 94.62330639589909254 ) ) ;
#6036 = ORIENTED_EDGE ( 'NONE', *, *, #8320, .F. ) ;
#6037 = DIRECTION ( 'NONE',  ( -1.000000000000000000, 0.000000000000000000, 0.000000000000000000 ) ) ;
#6038 = VERTEX_POINT ( 'NONE', #944 ) ;
#6039 = DIRECTION ( 'NONE',  ( 1.000000000000000000, 0.000000000000000000, 0.000000000000000000 ) ) ;
#6040 = CARTESIAN_POINT ( 'NONE',  ( 16.71818173700939880, 26.83496383332373014, 9.594466364057121055 ) ) ;
#6041 = VECTOR ( 'NONE', #3339, 1000.000000000000114 ) ;
#6042 = CARTESIAN_POINT ( 'NONE',  ( 16.71810980687937231, 24.01002137493218314, 96.19034265782947557 ) ) ;
#6043 = DIRECTION ( 'NONE',  ( -6.383782126896855077E-16, 1.000000000000000000, -2.925052111754154507E-18 ) ) ;
#6044 = DIRECTION ( 'NONE',  ( -0.4999819370636950921, -3.166443754200919549E-16, 0.8660358321744171528 ) ) ;
#6045 = ORIENTED_EDGE ( 'NONE', *, *, #3169, .F. ) ;
#6046 = LINE ( 'NONE', #8840, #4209 ) ;
#6047 = ORIENTED_EDGE ( 'NONE', *, *, #6767, .F. ) ;
#6048 = CARTESIAN_POINT ( 'NONE',  ( -0.3419087887734894027, 27.95203658269705116, 50.00000000000000000 ) ) ;
#6049 = ORIENTED_EDGE ( 'NONE', *, *, #1681, .F. ) ;
#6050 = CARTESIAN_POINT ( 'NONE',  ( -0.3752417887738916935, -4.613701099919306436, 50.00000000000000000 ) ) ;
#6051 = ORIENTED_EDGE ( 'NONE', *, *, #4998, .T. ) ;
#6052 = CARTESIAN_POINT ( 'NONE',  ( 3.667080116859386951, 39.54446977037137856, 67.73526716007955883 ) ) ;
#6053 = DIRECTION ( 'NONE',  ( 6.250839858758867238E-16, -1.000000000000000000, -7.292516007464944339E-32 ) ) ;
#6054 = LINE ( 'NONE', #1235, #8223 ) ;
#6055 = ORIENTED_EDGE ( 'NONE', *, *, #2890, .T. ) ;
#6056 = VERTEX_POINT ( 'NONE', #7359 ) ;
#6057 = CARTESIAN_POINT ( 'NONE',  ( 0.2030675197602117565, 39.54446977037137856, 72.00328860289253896 ) ) ;
#6058 = EDGE_CURVE ( 'NONE', #6947, #6389, #7185, .T. ) ;
#6059 = PRODUCT_DEFINITION ( 'æœ', '', #8372, #4524 ) ;
#6060 = CYLINDRICAL_SURFACE ( 'NONE', #2212, 1.049999999999997158 ) ;
#6061 = CARTESIAN_POINT ( 'NONE',  ( -3.261373397789554485, 13.81402832956864124, 55.73541166531016700 ) ) ;
#6062 = DIRECTION ( 'NONE',  ( -2.085715669636334030E-05, -1.303747464172781074E-20, -0.9999999997824895459 ) ) ;
#6063 = ORIENTED_EDGE ( 'NONE', *, *, #1824, .F. ) ;
#6064 = PLANE ( 'NONE',  #4313 ) ;
#6065 = PLANE ( 'NONE',  #2494 ) ;
#6066 = EDGE_CURVE ( 'NONE', #141, #4355, #3206, .T. ) ;
#6067 = DIRECTION ( 'NONE',  ( 0.4999819370636951477, 0.000000000000000000, -0.8660358321744170418 ) ) ;
#6068 = ORIENTED_EDGE ( 'NONE', *, *, #2781, .T. ) ;
#6069 = ORIENTED_EDGE ( 'NONE', *, *, #4799, .F. ) ;
#6070 = DIRECTION ( 'NONE',  ( 0.000000000000000000, 1.000000000000000000, -2.925052111754154507E-18 ) ) ;
#6071 = ORIENTED_EDGE ( 'NONE', *, *, #396, .F. ) ;
#6072 = CARTESIAN_POINT ( 'NONE',  ( -4.673745950346255285, 11.32975269197696200, 0.000000000000000000 ) ) ;
#6073 = CARTESIAN_POINT ( 'NONE',  ( 2.666913259823302518, 27.95203658269705471, 59.73528801897636242 ) ) ;
#6074 = ORIENTED_EDGE ( 'NONE', *, *, #615, .T. ) ;
#6075 = ORIENTED_EDGE ( 'NONE', *, *, #5076, .T. ) ;
#6076 = LINE ( 'NONE', #8870, #7876 ) ;
#6077 = CARTESIAN_POINT ( 'NONE',  ( -0.7970159086490812284, 39.54446977037137856, 68.00330946091929718 ) ) ;
#6078 = ORIENTED_EDGE ( 'NONE', *, *, #5422, .F. ) ;
#6079 = EDGE_CURVE ( 'NONE', #4487, #5506, #3027, .T. ) ;
#6080 = CARTESIAN_POINT ( 'NONE',  ( 7.131103891275182960, 27.95203658269705471, 64.00314410201221449 ) ) ;
#6081 = VERTEX_POINT ( 'NONE', #3847 ) ;
#6082 = EDGE_CURVE ( 'NONE', #7882, #1182, #359, .T. ) ;
#6083 = DIRECTION ( 'NONE',  ( -0.9999999997824894349, -6.250839857399242789E-16, 2.085715669603027339E-05 ) ) ;
#6084 = DIRECTION ( 'NONE',  ( 0.000000000000000000, 0.000000000000000000, 1.000000000000000000 ) ) ;
#6085 = EDGE_CURVE ( 'NONE', #5215, #4584, #8734, .T. ) ;
#6086 = CARTESIAN_POINT ( 'NONE',  ( 10.71818173700940058, 27.97509909127807504, 49.99999999999999289 ) ) ;
#6087 = EDGE_CURVE ( 'NONE', #6260, #6028, #7491, .T. ) ;
#6088 = EDGE_LOOP ( 'NONE', ( #12, #6943 ) ) ;
#6089 = DIRECTION ( 'NONE',  ( 6.250839858758867238E-16, -1.000000000000000000, -7.292516007464944339E-32 ) ) ;
#6090 = ORIENTED_EDGE ( 'NONE', *, *, #7688, .T. ) ;
#6091 = CARTESIAN_POINT ( 'NONE',  ( 2.666877134168210262, 27.95203658269705471, 58.00323721178423142 ) ) ;
#6092 = ORIENTED_EDGE ( 'NONE', *, *, #3219, .F. ) ;
#6093 = ADVANCED_FACE ( 'NONE', ( #5807 ), #2312, .T. ) ;
#6094 = VECTOR ( 'NONE', #7195, 1000.000000000000114 ) ;
#6095 = CARTESIAN_POINT ( 'NONE',  ( 16.27827871139983884, -11.76769614533081842, 44.10754476326429341 ) ) ;
#6096 = EDGE_LOOP ( 'NONE', ( #803, #1132, #4563, #8174 ) ) ;
#6097 = CARTESIAN_POINT ( 'NONE',  ( -0.3427715642442510369, 27.95203658269705116, 73.73535079548950932 ) ) ;
#6098 = CARTESIAN_POINT ( 'NONE',  ( -1.297081274339558998, 13.81402832956864479, 64.86934529396381777 ) ) ;
#6099 = CARTESIAN_POINT ( 'NONE',  ( -17.39812996423723135, -10.79118635532182857, 43.35000000000000853 ) ) ;
#6100 = ORIENTED_EDGE ( 'NONE', *, *, #5263, .F. ) ;
#6101 = VERTEX_POINT ( 'NONE', #263 ) ;
#6102 = EDGE_CURVE ( 'NONE', #3516, #4408, #2357, .T. ) ;
#6103 = FACE_OUTER_BOUND ( 'NONE', #3688, .T. ) ;
#6104 = VECTOR ( 'NONE', #4450, 1000.000000000000000 ) ;
#6105 = VECTOR ( 'NONE', #7666, 1000.000000000000114 ) ;
#6106 = DIRECTION ( 'NONE',  ( -0.5000180627187938986, 0.000000000000000000, -0.8660149750177210670 ) ) ;
#6107 = VECTOR ( 'NONE', #5994, 1000.000000000000114 ) ;
#6108 = CARTESIAN_POINT ( 'NONE',  ( -6.225117646289543671, 13.81402832956863946, 72.86944808053070233 ) ) ;
#6109 = ORIENTED_EDGE ( 'NONE', *, *, #5725, .T. ) ;
#6110 = DIRECTION ( 'NONE',  ( -0.9999999999999591438, -6.383782135257208867E-16, -2.858278422420061733E-07 ) ) ;
#6111 = CARTESIAN_POINT ( 'NONE',  ( 0.2030675197602190007, 27.95203658269705116, 72.00328860289253896 ) ) ;
#6112 = CYLINDRICAL_SURFACE ( 'NONE', #5870, 9.599999999999997868 ) ;
#6113 = ORIENTED_EDGE ( 'NONE', *, *, #5986, .F. ) ;
#6114 = ORIENTED_EDGE ( 'NONE', *, *, #8246, .T. ) ;
#6115 = DIRECTION ( 'NONE',  ( 0.5000180627187942317, 3.217337761224692595E-16, 0.8660149750177208450 ) ) ;
#6116 = VECTOR ( 'NONE', #1563, 1000.000000000000114 ) ;
#6117 = VERTEX_POINT ( 'NONE', #7924 ) ;
#6118 = AXIS2_PLACEMENT_3D ( 'NONE', #2299, #4991, #3569 ) ;
#6119 = LINE ( 'NONE', #8912, #8935 ) ;
#6120 = VECTOR ( 'NONE', #1683, 1000.000000000000000 ) ;
#6121 = CARTESIAN_POINT ( 'NONE',  ( 7.130973159676686990, 13.81402832956864657, 57.73519491094450018 ) ) ;
#6122 = EDGE_LOOP ( 'NONE', ( #3404, #3499, #969, #774 ) ) ;
#6123 = CARTESIAN_POINT ( 'NONE',  ( 3.666996688232604384, 13.81402832956864479, 63.73526716094961131 ) ) ;
#6124 = FACE_OUTER_BOUND ( 'NONE', #4585, .T. ) ;
#6125 = LINE ( 'NONE', #8141, #5136 ) ;
#6126 = ORIENTED_EDGE ( 'NONE', *, *, #5670, .T. ) ;
#6127 = DIRECTION ( 'NONE',  ( 0.9999999997824894349, 0.000000000000000000, -2.085715669603027339E-05 ) ) ;
#6128 = EDGE_CURVE ( 'NONE', #743, #1111, #986, .T. ) ;
#6129 = ADVANCED_FACE ( 'NONE', ( #3075 ), #1030, .T. ) ;
#6130 = VERTEX_POINT ( 'NONE', #1633 ) ;
#6131 = AXIS2_PLACEMENT_3D ( 'NONE', #4471, #7352, #5214 ) ;
#6132 = EDGE_CURVE ( 'NONE', #4711, #5479, #8645, .T. ) ;
#6133 = DIRECTION ( 'NONE',  ( 0.5000180627187942317, 0.000000000000000000, 0.8660149750177208450 ) ) ;
#6134 = VECTOR ( 'NONE', #5654, 1000.000000000000000 ) ;
#6135 = LINE ( 'NONE', #6861, #1621 ) ;
#6136 = ADVANCED_FACE ( 'NONE', ( #4476 ), #5903, .T. ) ;
#6137 = VECTOR ( 'NONE', #5018, 1000.000000000000000 ) ;
#6138 = DIRECTION ( 'NONE',  ( 0.000000000000000000, 2.619996788079515158E-05, -0.9999999996567807692 ) ) ;
#6139 = ORIENTED_EDGE ( 'NONE', *, *, #5226, .F. ) ;
#6140 = PLANE ( 'NONE',  #8732 ) ;
#6141 = ORIENTED_EDGE ( 'NONE', *, *, #1280, .F. ) ;
#6142 = LINE ( 'NONE', #8886, #8646 ) ;
#6143 = ORIENTED_EDGE ( 'NONE', *, *, #4838, .T. ) ;
#6144 = EDGE_CURVE ( 'NONE', #699, #4088, #3306, .T. ) ;
#6145 = VECTOR ( 'NONE', #8102, 1000.000000000000114 ) ;
#6146 = VECTOR ( 'NONE', #2860, 1000.000000000000227 ) ;
#6147 = ADVANCED_FACE ( 'NONE', ( #2678 ), #580, .T. ) ;
#6148 = EDGE_CURVE ( 'NONE', #1154, #7169, #5313, .T. ) ;
#6149 = EDGE_CURVE ( 'NONE', #8529, #7912, #7594, .T. ) ;
#6150 = FACE_OUTER_BOUND ( 'NONE', #1291, .T. ) ;
#6151 = VERTEX_POINT ( 'NONE', #8199 ) ;
#6152 = DIRECTION ( 'NONE',  ( 1.000000000000000000, 7.507767432046597053E-16, 0.000000000000000000 ) ) ;
#6153 = DIRECTION ( 'NONE',  ( 0.5000180627187942317, 3.217337761224692595E-16, 0.8660149750177208450 ) ) ;
#6154 = AXIS2_PLACEMENT_3D ( 'NONE', #8534, #6473, #2293 ) ;
#6155 = AXIS2_PLACEMENT_3D ( 'NONE', #3154, #6439, #1022 ) ;
#6156 = DIRECTION ( 'NONE',  ( -0.9999999997824894349, -6.383781515425612638E-16, 2.085715669636333691E-05 ) ) ;
#6157 = VERTEX_POINT ( 'NONE', #6771 ) ;
#6158 = ORIENTED_EDGE ( 'NONE', *, *, #8574, .T. ) ;
#6159 = CARTESIAN_POINT ( 'NONE',  ( 6.131223445774589109, 13.81402832956864657, 69.73521576549100587 ) ) ;
#6160 = CIRCLE ( 'NONE', #3527, 1.049999999999993605 ) ;
#6161 = AXIS2_PLACEMENT_3D ( 'NONE', #1991, #3195, #7536 ) ;
#6162 = FACE_BOUND ( 'NONE', #3285, .T. ) ;
#6163 = DIRECTION ( 'NONE',  ( -0.4999819370636950921, -3.166443754200919549E-16, 0.8660358321744171528 ) ) ;
#6164 = ORIENTED_EDGE ( 'NONE', *, *, #4893, .F. ) ;
#6165 = LINE ( 'NONE', #4832, #7377 ) ;
#6166 = LINE ( 'NONE', #8996, #3939 ) ;
#6167 = CARTESIAN_POINT ( 'NONE',  ( 3.666913259605796949, 27.95203658269705471, 59.73526716181967799 ) ) ;
#6168 = ORIENTED_EDGE ( 'NONE', *, *, #6365, .T. ) ;
#6169 = ORIENTED_EDGE ( 'NONE', *, *, #6656, .F. ) ;
#6170 = CYLINDRICAL_SURFACE ( 'NONE', #4855, 4.000000000000000888 ) ;
#6171 = VECTOR ( 'NONE', #7742, 1000.000000000000114 ) ;
#6172 = AXIS2_PLACEMENT_3D ( 'NONE', #5342, #6653, #1883 ) ;
#6173 = CARTESIAN_POINT ( 'NONE',  ( -4.261039683064869799, 39.54446977037137145, 71.73543251898661310 ) ) ;
#6174 = VERTEX_POINT ( 'NONE', #675 ) ;
#6175 = PLANE ( 'NONE',  #5315 ) ;
#6176 = CARTESIAN_POINT ( 'NONE',  ( -3.261159237564249302, 13.81402832956864302, 66.00336085550782173 ) ) ;
#6177 = ADVANCED_FACE ( 'NONE', ( #8926 ), #539, .T. ) ;
#6178 = CARTESIAN_POINT ( 'NONE',  ( 7.131306874183872324, 27.95203658269705471, 73.73519490746429028 ) ) ;
#6179 = ORIENTED_EDGE ( 'NONE', *, *, #8100, .T. ) ;
#6180 = LINE ( 'NONE', #8370, #7425 ) ;
#6181 = ORIENTED_EDGE ( 'NONE', *, *, #3737, .T. ) ;
#6182 = VECTOR ( 'NONE', #4736, 1000.000000000000114 ) ;
#6183 = EDGE_CURVE ( 'NONE', #5026, #3265, #4722, .T. ) ;
#6184 = DIRECTION ( 'NONE',  ( -0.9999999997824894349, -6.383781515425612638E-16, 2.085715669636333691E-05 ) ) ;
#6185 = CARTESIAN_POINT ( 'NONE',  ( -6.225367932169939778, 13.81402832956863946, 60.86944808314086686 ) ) ;
#6186 = CARTESIAN_POINT ( 'NONE',  ( -7.725266440389341405, 27.95203658269704761, 65.73550477160191008 ) ) ;
#6187 = ORIENTED_EDGE ( 'NONE', *, *, #777, .F. ) ;
#6188 = DIRECTION ( 'NONE',  ( -0.9999999997824894349, 0.000000000000000000, 2.085715669636333691E-05 ) ) ;
#6189 = EDGE_CURVE ( 'NONE', #5744, #7624, #3437, .T. ) ;
#6190 = ORIENTED_EDGE ( 'NONE', *, *, #3936, .T. ) ;
#6191 = EDGE_CURVE ( 'NONE', #5213, #1615, #6817, .T. ) ;
#6192 = VERTEX_POINT ( 'NONE', #3261 ) ;
#6193 = CARTESIAN_POINT ( 'NONE',  ( 7.631205382620763089, 39.54446977037137856, 68.86915907615990307 ) ) ;
#6194 = VERTEX_POINT ( 'NONE', #2719 ) ;
#6195 = PLANE ( 'NONE',  #4949 ) ;
#6196 = CARTESIAN_POINT ( 'NONE',  ( 2.167228911611717823, 13.81402832956864479, 74.86927304047844700 ) ) ;
#6197 = ORIENTED_EDGE ( 'NONE', *, *, #5800, .F. ) ;
#6198 = ORIENTED_EDGE ( 'NONE', *, *, #4645, .F. ) ;
#6199 = EDGE_CURVE ( 'NONE', #8547, #7303, #1471, .T. ) ;
#6200 = FACE_OUTER_BOUND ( 'NONE', #368, .T. ) ;
#6201 = EDGE_CURVE ( 'NONE', #5049, #7029, #634, .T. ) ;
#6202 = DIRECTION ( 'NONE',  ( -1.361274163578769539E-06, 2.924183103983917879E-18, 0.9999999999990734079 ) ) ;
#6203 = ORIENTED_EDGE ( 'NONE', *, *, #4577, .F. ) ;
#6204 = CARTESIAN_POINT ( 'NONE',  ( 5.075764905806941840, 2.386298900080696672, 43.35000000000000853 ) ) ;
#6205 = CARTESIAN_POINT ( 'NONE',  ( 6.625764905806940774, 2.386298900080696672, 43.35000000000000853 ) ) ;
#6206 = DIRECTION ( 'NONE',  ( 4.635031619447300390E-16, -1.000000000000000000, 2.925052111754154507E-18 ) ) ;
#6207 = ORIENTED_EDGE ( 'NONE', *, *, #4607, .F. ) ;
#6208 = ORIENTED_EDGE ( 'NONE', *, *, #2009, .T. ) ;
#6209 = DIRECTION ( 'NONE',  ( 0.000000000000000000, -2.925052111754154507E-18, -1.000000000000000000 ) ) ;
#6210 = EDGE_CURVE ( 'NONE', #1049, #6904, #3396, .T. ) ;
#6211 = DIRECTION ( 'NONE',  ( 0.9999999997824894349, 6.250839857399241803E-16, -2.085715669636334030E-05 ) ) ;
#6212 = CARTESIAN_POINT ( 'NONE',  ( 16.71818173700939880, 28.07818520967645526, 79.72434232171258373 ) ) ;
#6213 = ORIENTED_EDGE ( 'NONE', *, *, #794, .F. ) ;
#6214 = CARTESIAN_POINT ( 'NONE',  ( 2.667246974330490517, 39.54446977037137856, 75.73528801549615252 ) ) ;
#6215 = FACE_OUTER_BOUND ( 'NONE', #8369, .T. ) ;
#6216 = DIRECTION ( 'NONE',  ( -0.9999999997824894349, -6.383781515425612638E-16, 2.085715669636333691E-05 ) ) ;
#6217 = ORIENTED_EDGE ( 'NONE', *, *, #3972, .F. ) ;
#6218 = CARTESIAN_POINT ( 'NONE',  ( -3.261206540535956933, 13.81402832956864124, 63.73541166357004073 ) ) ;
#6219 = VECTOR ( 'NONE', #8859, 1000.000000000000114 ) ;
#6220 = ORIENTED_EDGE ( 'NONE', *, *, #645, .F. ) ;
#6221 = ADVANCED_FACE ( 'NONE', ( #2581 ), #3991, .F. ) ;
#6222 = CARTESIAN_POINT ( 'NONE',  ( -9.975241788773892893, 2.386298900080692675, 0.000000000000000000 ) ) ;
#6223 = LINE ( 'NONE', #8374, #1914 ) ;
#6224 = DIRECTION ( 'NONE',  ( 0.8660358321744171528, 5.413451298869251709E-16, 0.4999819370636952032 ) ) ;
#6225 = ORIENTED_EDGE ( 'NONE', *, *, #1021, .F. ) ;
#6226 = CARTESIAN_POINT ( 'NONE',  ( -7.641908788452354884, -8.047034099919324390, 80.99505052289663354 ) ) ;
#6227 = EDGE_CURVE ( 'NONE', #7970, #5115, #2887, .T. ) ;
#6228 = ORIENTED_EDGE ( 'NONE', *, *, #5556, .F. ) ;
#6229 = CARTESIAN_POINT ( 'NONE',  ( -4.760974317156852820, 27.95203658269704761, 74.86941754309884800 ) ) ;
#6230 = EDGE_LOOP ( 'NONE', ( #5366, #8792, #5552, #3897 ) ) ;
#6231 = FACE_BOUND ( 'NONE', #2851, .T. ) ;
#6232 = CARTESIAN_POINT ( 'NONE',  ( 23.92532649968391922, 27.95203658269706537, 101.0899008720216017 ) ) ;
#6233 = VERTEX_POINT ( 'NONE', #2167 ) ;
#6234 = CARTESIAN_POINT ( 'NONE',  ( 3.667127419831093249, 39.54446977037137856, 70.00321635201734694 ) ) ;
#6235 = LINE ( 'NONE', #7792, #4829 ) ;
#6236 = ORIENTED_EDGE ( 'NONE', *, *, #1572, .F. ) ;
#6237 = ORIENTED_EDGE ( 'NONE', *, *, #5072, .T. ) ;
#6238 = LINE ( 'NONE', #859, #8588 ) ;
#6239 = VECTOR ( 'NONE', #4583, 1000.000000000000114 ) ;
#6240 = LINE ( 'NONE', #2371, #6298 ) ;
#6241 = VERTEX_POINT ( 'NONE', #8454 ) ;
#6242 = CARTESIAN_POINT ( 'NONE',  ( 16.30396817716461655, 27.95203617789258033, 43.35004548185199980 ) ) ;
#6243 = DIRECTION ( 'NONE',  ( 0.4999819370636950921, 3.125307020857212586E-16, -0.8660358321744171528 ) ) ;
#6244 = EDGE_CURVE ( 'NONE', #3814, #6352, #8327, .T. ) ;
#6245 = CARTESIAN_POINT ( 'NONE',  ( 10.71818173700940058, 28.07818520967645526, 79.72434232171258373 ) ) ;
#6246 = CIRCLE ( 'NONE', #8721, 1.000000000000000888 ) ;
#6247 = ORIENTED_EDGE ( 'NONE', *, *, #9025, .F. ) ;
#6248 = ORIENTED_EDGE ( 'NONE', *, *, #8385, .F. ) ;
#6249 = DIRECTION ( 'NONE',  ( -0.4999819370636952032, -3.125307020857213572E-16, 0.8660358321744170418 ) ) ;
#6250 = EDGE_CURVE ( 'NONE', #2688, #588, #1437, .T. ) ;
#6251 = EDGE_CURVE ( 'NONE', #4355, #5432, #7235, .T. ) ;
#6252 = LINE ( 'NONE', #7027, #6400 ) ;
#6253 =( BOUNDED_CURVE ( )  B_SPLINE_CURVE ( 3, ( #4278, #7802, #7061, #2913 ),
 .UNSPECIFIED., .F., .F. ) 
 B_SPLINE_CURVE_WITH_KNOTS ( ( 4, 4 ),
 ( 4.711996464129521556, 6.282792790924414561 ),
 .UNSPECIFIED. ) 
 CURVE ( )  GEOMETRIC_REPRESENTATION_ITEM ( )  RATIONAL_B_SPLINE_CURVE ( ( 1.000000000000000000, 0.8047378541243658256, 0.8047378541243658256, 1.000000000000000000 ) ) 
 REPRESENTATION_ITEM ( '' )  );
#6254 = CARTESIAN_POINT ( 'NONE',  ( -7.725302566044440766, 39.54446977037137145, 64.00345396440977197 ) ) ;
#6255 = ORIENTED_EDGE ( 'NONE', *, *, #4386, .F. ) ;
#6256 = LINE ( 'NONE', #4895, #5749 ) ;
#6257 = CARTESIAN_POINT ( 'NONE',  ( 16.71818173700939880, 26.97509307753923480, 50.00000000000000000 ) ) ;
#6258 = VECTOR ( 'NONE', #8405, 1000.000000000000000 ) ;
#6259 = CARTESIAN_POINT ( 'NONE',  ( 3.667163545486185505, 39.54446977037137856, 71.73526715920951347 ) ) ;
#6260 = VERTEX_POINT ( 'NONE', #2214 ) ;
#6261 = LINE ( 'NONE', #8874, #1313 ) ;
#6262 = CIRCLE ( 'NONE', #5818, 1.550000000000000266 ) ;
#6263 = EDGE_LOOP ( 'NONE', ( #5054, #2272, #8738, #1251, #7141, #101 ) ) ;
#6264 = EDGE_CURVE ( 'NONE', #5866, #7260, #5535, .T. ) ;
#6265 = VECTOR ( 'NONE', #8283, 1000.000000000000000 ) ;
#6266 = COLOUR_RGB ( '',0.7921568627450980005, 0.8196078431372548767, 0.9333333333333333481 ) ;
#6267 = EDGE_CURVE ( 'NONE', #2859, #7711, #7685, .T. ) ;
#6268 = DIRECTION ( 'NONE',  ( 0.9999999997824894349, 6.383781515425612638E-16, -2.085715669603027339E-05 ) ) ;
#6269 = DIRECTION ( 'NONE',  ( 1.000000000000000000, 0.000000000000000000, 0.000000000000000000 ) ) ;
#6270 = CARTESIAN_POINT ( 'NONE',  ( -6.225284503543157655, 39.54446977037137145, 64.86944808227079307 ) ) ;
#6271 = AXIS2_PLACEMENT_3D ( 'NONE', #3297, #6763, #2750 ) ;
#6272 = EDGE_LOOP ( 'NONE', ( #4368, #6373, #2645, #7444, #7369, #3592 ) ) ;
#6273 = CARTESIAN_POINT ( 'NONE',  ( -7.725266440389347622, 39.54446977037137145, 65.73550477160191008 ) ) ;
#6274 = PLANE ( 'NONE',  #4721 ) ;
#6275 = AXIS2_PLACEMENT_3D ( 'NONE', #3971, #6887, #4651 ) ;
#6276 = DIRECTION ( 'NONE',  ( 0.5000180627187942317, 0.000000000000000000, 0.8660149750177208450 ) ) ;
#6277 = DIRECTION ( 'NONE',  ( 6.250839858758867238E-16, -1.000000000000000000, -7.292516007464944339E-32 ) ) ;
#6278 = ORIENTED_EDGE ( 'NONE', *, *, #585, .T. ) ;
#6279 = CYLINDRICAL_SURFACE ( 'NONE', #2650, 1.049999999999988498 ) ;
#6280 = EDGE_CURVE ( 'NONE', #5215, #4422, #7039, .T. ) ;
#6281 = ORIENTED_EDGE ( 'NONE', *, *, #7361, .T. ) ;
#6282 = EDGE_LOOP ( 'NONE', ( #4350, #4600, #2365, #7204, #2886, #5241 ) ) ;
#6283 = LINE ( 'NONE', #2107, #3026 ) ;
#6284 = VECTOR ( 'NONE', #7873, 1000.000000000000114 ) ;
#6285 = ORIENTED_EDGE ( 'NONE', *, *, #5461, .F. ) ;
#6286 = VECTOR ( 'NONE', #7202, 999.9999999999998863 ) ;
#6287 = EDGE_CURVE ( 'NONE', #8831, #4876, #1485, .T. ) ;
#6288 = AXIS2_PLACEMENT_3D ( 'NONE', #6849, #619, #3197 ) ;
#6289 = VECTOR ( 'NONE', #3165, 1000.000000000000114 ) ;
#6290 = FACE_OUTER_BOUND ( 'NONE', #5565, .T. ) ;
#6291 = ORIENTED_EDGE ( 'NONE', *, *, #4901, .F. ) ;
#6292 = DIRECTION ( 'NONE',  ( -0.9999999997824894349, 0.000000000000000000, 2.085715669636333691E-05 ) ) ;
#6293 = DIRECTION ( 'NONE',  ( -0.8660358321744171528, -5.413451298869251709E-16, -0.4999819370636950921 ) ) ;
#6294 = VECTOR ( 'NONE', #8133, 1000.000000000000000 ) ;
#6295 = CARTESIAN_POINT ( 'NONE',  ( -21.30882516064525944, 27.95203658269703695, 102.9965988290818615 ) ) ;
#6296 = EDGE_LOOP ( 'NONE', ( #5304, #1436, #3166, #2418 ) ) ;
#6297 = DIRECTION ( 'NONE',  ( 0.5000180627187942317, 0.000000000000000000, 0.8660149750177208450 ) ) ;
#6298 = VECTOR ( 'NONE', #4316, 1000.000000000000000 ) ;
#6299 = EDGE_CURVE ( 'NONE', #4682, #3507, #4859, .T. ) ;
#6300 = AXIS2_PLACEMENT_3D ( 'NONE', #2200, #4842, #67 ) ;
#6301 = CARTESIAN_POINT ( 'NONE',  ( 2.166978625731320829, 13.81402832956864302, 62.86927304308857600 ) ) ;
#6302 = CARTESIAN_POINT ( 'NONE',  ( 6.131140017147790111, 13.81402832956864657, 65.73521576636105124 ) ) ;
#6303 = FACE_OUTER_BOUND ( 'NONE', #6714, .T. ) ;
#6304 = ORIENTED_EDGE ( 'NONE', *, *, #6244, .F. ) ;
#6305 = VERTEX_POINT ( 'NONE', #3529 ) ;
#6306 = VECTOR ( 'NONE', #4025, 1000.000000000000000 ) ;
#6307 = DIRECTION ( 'NONE',  ( -0.5000180627187938986, -3.217337761224690623E-16, -0.8660149750177210670 ) ) ;
#6308 = PLANE ( 'NONE',  #5577 ) ;
#6309 = VERTEX_POINT ( 'NONE', #4203 ) ;
#6310 = PLANE ( 'NONE',  #4666 ) ;
#6311 = EDGE_LOOP ( 'NONE', ( #4703, #5478, #3241, #8686 ) ) ;
#6312 = ADVANCED_FACE ( 'NONE', ( #2089 ), #2757, .T. ) ;
#6313 = VECTOR ( 'NONE', #8957, 999.9999999999998863 ) ;
#6314 =( BOUNDED_CURVE ( )  B_SPLINE_CURVE ( 3, ( #8398, #6242, #1327, #1378 ),
 .UNSPECIFIED., .F., .T. ) 
 B_SPLINE_CURVE_WITH_KNOTS ( ( 4, 4 ),
 ( 6.853575801772602791E-07, 1.570797007431971926 ),
 .UNSPECIFIED. ) 
 CURVE ( )  GEOMETRIC_REPRESENTATION_ITEM ( )  RATIONAL_B_SPLINE_CURVE ( ( 1.000000000000000000, 0.8047378552369985893, 0.8047378552369985893, 1.000000000000000000 ) ) 
 REPRESENTATION_ITEM ( '' )  );
#6315 = DIRECTION ( 'NONE',  ( 1.361274163578769963E-06, -2.924183103983918649E-18, -0.9999999999990736299 ) ) ;
#6316 = DIRECTION ( 'NONE',  ( 0.5000180627187942317, 3.217337761224692595E-16, 0.8660149750177208450 ) ) ;
#6317 = CARTESIAN_POINT ( 'NONE',  ( -4.261159237346745066, 13.81402832956864124, 66.00338171266453458 ) ) ;
#6318 = VECTOR ( 'NONE', #2503, 1000.000000000000000 ) ;
#6319 = ORIENTED_EDGE ( 'NONE', *, *, #1110, .F. ) ;
#6320 = DIRECTION ( 'NONE',  ( -0.5000180627187938986, 0.000000000000000000, -0.8660149750177210670 ) ) ;
#6321 = DIRECTION ( 'NONE',  ( -0.5000180627187938986, -3.217337761224690623E-16, -0.8660149750177210670 ) ) ;
#6322 = FACE_BOUND ( 'NONE', #5721, .T. ) ;
#6323 = EDGE_CURVE ( 'NONE', #8571, #5193, #2132, .T. ) ;
#6324 = DIRECTION ( 'NONE',  ( 6.250839858758867238E-16, -1.000000000000000000, -7.292516007464944339E-32 ) ) ;
#6325 = DIRECTION ( 'NONE',  ( 6.250839858758867238E-16, -1.000000000000000000, -7.292516007464944339E-32 ) ) ;
#6326 = ORIENTED_EDGE ( 'NONE', *, *, #2459, .F. ) ;
#6327 = DIRECTION ( 'NONE',  ( 0.9999999997824894349, 6.250839857399241803E-16, -2.085715669636334030E-05 ) ) ;
#6328 = LINE ( 'NONE', #8342, #6146 ) ;
#6329 = CARTESIAN_POINT ( 'NONE',  ( 15.79004767761007066, 27.95203658269706537, 43.35004653944314867 ) ) ;
#6330 = ORIENTED_EDGE ( 'NONE', *, *, #6950, .F. ) ;
#6331 = VERTEX_POINT ( 'NONE', #806 ) ;
#6332 = LINE ( 'NONE', #3591, #2617 ) ;
#6333 = ORIENTED_EDGE ( 'NONE', *, *, #8376, .T. ) ;
#6334 = CARTESIAN_POINT ( 'NONE',  ( -3.261123111909167260, 27.95203658269704761, 67.73541166269998826 ) ) ;
#6335 = VERTEX_POINT ( 'NONE', #4296 ) ;
#6336 = PLANE ( 'NONE',  #4179 ) ;
#6337 = CARTESIAN_POINT ( 'NONE',  ( -2.761391460725874492, 39.54446977037137145, 54.86937583313574152 ) ) ;
#6338 = LINE ( 'NONE', #6379, #4123 ) ;
#6339 = ORIENTED_EDGE ( 'NONE', *, *, #2850, .T. ) ;
#6340 = ORIENTED_EDGE ( 'NONE', *, *, #5324, .T. ) ;
#6341 = LINE ( 'NONE', #7023, #3417 ) ;
#6342 = EDGE_CURVE ( 'NONE', #5140, #2114, #1928, .T. ) ;
#6343 = DIRECTION ( 'NONE',  ( 0.5000180627187942317, 3.217337761224692595E-16, 0.8660149750177208450 ) ) ;
#6344 = FACE_OUTER_BOUND ( 'NONE', #3830, .T. ) ;
#6345 = CARTESIAN_POINT ( 'NONE',  ( 7.630955096740367871, 39.54446977037137856, 56.86915907877006759 ) ) ;
#6346 = ORIENTED_EDGE ( 'NONE', *, *, #5461, .T. ) ;
#6347 = CARTESIAN_POINT ( 'NONE',  ( 16.71809819166035282, -8.048244284842871465, 96.19034408870739128 ) ) ;
#6348 = CARTESIAN_POINT ( 'NONE',  ( -7.725099583135750514, 39.54446977037137145, 73.73550476986180513 ) ) ;
#6349 = FACE_OUTER_BOUND ( 'NONE', #565, .T. ) ;
#6350 = ORIENTED_EDGE ( 'NONE', *, *, #2211, .T. ) ;
#6351 = LINE ( 'NONE', #7816, #3783 ) ;
#6352 = VERTEX_POINT ( 'NONE', #6353 ) ;
#6353 = CARTESIAN_POINT ( 'NONE',  ( 16.71813205106955635, -8.047816158046034118, 79.84962984578785949 ) ) ;
#6354 = CARTESIAN_POINT ( 'NONE',  ( -3.261242666191047856, 13.81402832956864479, 62.00336085637788130 ) ) ;
#6355 = VECTOR ( 'NONE', #4461, 999.9999999999998863 ) ;
#6356 = LINE ( 'NONE', #2935, #3771 ) ;
#6357 = ADVANCED_FACE ( 'NONE', ( #7080 ), #6392, .F. ) ;
#6358 = ORIENTED_EDGE ( 'NONE', *, *, #1426, .F. ) ;
#6359 = CARTESIAN_POINT ( 'NONE',  ( -0.3752417887738929148, 2.386298900080694452, 0.000000000000000000 ) ) ;
#6360 = DIRECTION ( 'NONE',  ( 0.9999999997824894349, 0.000000000000000000, -2.085715669603027339E-05 ) ) ;
#6361 = EDGE_CURVE ( 'NONE', #3987, #5632, #842, .T. ) ;
#6362 = EDGE_CURVE ( 'NONE', #3571, #4422, #2931, .T. ) ;
#6363 = DIRECTION ( 'NONE',  ( 0.4999819370636950921, 3.125307020857212586E-16, -0.8660358321744171528 ) ) ;
#6364 = CARTESIAN_POINT ( 'NONE',  ( -6.725135709008349671, 39.54446977037137145, 72.00343310551296838 ) ) ;
#6365 = EDGE_CURVE ( 'NONE', #8142, #3178, #2263, .T. ) ;
#6366 = DIRECTION ( 'NONE',  ( 0.9999999997824894349, 6.250839857399241803E-16, -2.085715669636334030E-05 ) ) ;
#6367 = VERTEX_POINT ( 'NONE', #7864 ) ;
#6368 = CARTESIAN_POINT ( 'NONE',  ( 12.11513577063903391, -38.10046751228106388, 97.19034129655530307 ) ) ;
#6369 = VERTEX_POINT ( 'NONE', #5122 ) ;
#6370 = ORIENTED_EDGE ( 'NONE', *, *, #4745, .T. ) ;
#6371 = DIRECTION ( 'NONE',  ( -0.4999819370636950921, -3.166443754200919549E-16, 0.8660358321744171528 ) ) ;
#6372 = EDGE_CURVE ( 'NONE', #7851, #5220, #1803, .T. ) ;
#6373 = ORIENTED_EDGE ( 'NONE', *, *, #2048, .T. ) ;
#6374 = LINE ( 'NONE', #1651, #5272 ) ;
#6375 = ADVANCED_FACE ( 'NONE', ( #2348 ), #8590, .F. ) ;
#6376 = ORIENTED_EDGE ( 'NONE', *, *, #6846, .T. ) ;
#6377 = CARTESIAN_POINT ( 'NONE',  ( 6.131020462865883758, 39.54446977037137856, 60.00316496003898692 ) ) ;
#6378 = DIRECTION ( 'NONE',  ( -6.379660775701297415E-16, 1.000000000000000000, -2.925052111754154507E-18 ) ) ;
#6379 = CARTESIAN_POINT ( 'NONE',  ( -21.07677155879774844, 27.95203658269703695, 103.1305685853482004 ) ) ;
#6380 = ORIENTED_EDGE ( 'NONE', *, *, #5890, .T. ) ;
#6381 = LINE ( 'NONE', #7806, #5607 ) ;
#6382 = DIRECTION ( 'NONE',  ( -0.4999819370636950921, -3.166443754200919549E-16, 0.8660358321744171528 ) ) ;
#6383 = CARTESIAN_POINT ( 'NONE',  ( -12.79809365867681414, 23.95296590008067028, 79.73864887361425247 ) ) ;
#6384 = CARTESIAN_POINT ( 'NONE',  ( -3.260956254655577258, 39.54446977037137145, 75.73541166095988331 ) ) ;
#6385 = VERTEX_POINT ( 'NONE', #8046 ) ;
#6386 = LINE ( 'NONE', #154, #2854 ) ;
#6387 = CARTESIAN_POINT ( 'NONE',  ( -0.7968963543671901961, 39.54446977037137856, 73.73536026724137571 ) ) ;
#6388 = DIRECTION ( 'NONE',  ( -2.085715669636334030E-05, -1.303747464172781074E-20, -0.9999999997824895459 ) ) ;
#6389 = VERTEX_POINT ( 'NONE', #1073 ) ;
#6390 = PLANE ( 'NONE',  #4808 ) ;
#6391 = VERTEX_POINT ( 'NONE', #3021 ) ;
#6392 = PLANE ( 'NONE',  #8474 ) ;
#6393 = LINE ( 'NONE', #5762, #6553 ) ;
#6394 = ADVANCED_FACE ( 'NONE', ( #5761 ), #6573, .F. ) ;
#6395 = VECTOR ( 'NONE', #4085, 1000.000000000000114 ) ;
#6396 = FACE_BOUND ( 'NONE', #928, .T. ) ;
#6397 = ORIENTED_EDGE ( 'NONE', *, *, #4881, .T. ) ;
#6398 = DIRECTION ( 'NONE',  ( 6.250839858758867238E-16, -1.000000000000000000, -7.292516007464944339E-32 ) ) ;
#6399 = DIRECTION ( 'NONE',  ( 1.629001437540167744E-16, -1.000000000000000000, -1.339658354568195596E-16 ) ) ;
#6400 = VECTOR ( 'NONE', #3602, 1000.000000000000000 ) ;
#6401 = EDGE_CURVE ( 'NONE', #418, #7005, #4566, .T. ) ;
#6402 = FACE_BOUND ( 'NONE', #8539, .T. ) ;
#6403 = DIRECTION ( 'NONE',  ( 6.250839858758867238E-16, -1.000000000000000000, -7.292516007464944339E-32 ) ) ;
#6404 = VECTOR ( 'NONE', #2601, 999.9999999999998863 ) ;
#6405 = CARTESIAN_POINT ( 'NONE',  ( 16.71818173700939525, 27.97509909127807504, 50.00000000000000000 ) ) ;
#6406 = EDGE_LOOP ( 'NONE', ( #3117, #6615, #6047, #2646 ) ) ;
#6407 = CARTESIAN_POINT ( 'NONE',  ( -2.760974317591864402, 13.81402832956864124, 74.86937582878546493 ) ) ;
#6408 = DIRECTION ( 'NONE',  ( -0.9999999997824894349, -6.383781515425612638E-16, 2.085715669636333691E-05 ) ) ;
#6409 = EDGE_CURVE ( 'NONE', #6194, #1962, #1900, .T. ) ;
#6410 = ORIENTED_EDGE ( 'NONE', *, *, #4586, .F. ) ;
#6411 = ORIENTED_EDGE ( 'NONE', *, *, #7174, .T. ) ;
#6412 = CARTESIAN_POINT ( 'NONE',  ( -8.924235094193059936, 2.386298900080692231, 43.35000000000000853 ) ) ;
#6413 = ORIENTED_EDGE ( 'NONE', *, *, #732, .F. ) ;
#6414 = VECTOR ( 'NONE', #1853, 1000.000000000000114 ) ;
#6415 = EDGE_CURVE ( 'NONE', #2631, #7415, #3114, .T. ) ;
#6416 = DIRECTION ( 'NONE',  ( -0.9999999997824894349, -6.250839857399242789E-16, 2.085715669603027339E-05 ) ) ;
#6417 = ORIENTED_EDGE ( 'NONE', *, *, #6148, .T. ) ;
#6418 = LINE ( 'NONE', #7708, #7564 ) ;
#6419 = LINE ( 'NONE', #4974, #1197 ) ;
#6420 = VECTOR ( 'NONE', #3066, 1000.000000000000000 ) ;
#6421 = AXIS2_PLACEMENT_3D ( 'NONE', #660, #8956, #8905 ) ;
#6422 = LINE ( 'NONE', #194, #6743 ) ;
#6423 = VERTEX_POINT ( 'NONE', #258 ) ;
#6424 = CARTESIAN_POINT ( 'NONE',  ( -9.975241788773891116, 2.386298900080693564, 6.649999999999996803 ) ) ;
#6425 = AXIS2_PLACEMENT_3D ( 'NONE', #8220, #4599, #1979 ) ;
#6426 = AXIS2_PLACEMENT_3D ( 'NONE', #8750, #4365, #5056 ) ;
#6427 = DIRECTION ( 'NONE',  ( 6.348176284925190171E-16, -1.000000000000000000, 0.000000000000000000 ) ) ;
#6428 = LINE ( 'NONE', #4934, #6116 ) ;
#6429 = CARTESIAN_POINT ( 'NONE',  ( -0.7969797829939888612, 39.54446977037137856, 69.73536026811143529 ) ) ;
#6430 = ORIENTED_EDGE ( 'NONE', *, *, #1648, .F. ) ;
#6431 = DIRECTION ( 'NONE',  ( 0.5000180627187942317, 0.000000000000000000, 0.8660149750177208450 ) ) ;
#6432 = DIRECTION ( 'NONE',  ( 6.250839858758867238E-16, -1.000000000000000000, -7.292516007464944339E-32 ) ) ;
#6433 = CARTESIAN_POINT ( 'NONE',  ( 6.131056588520983119, 27.95203658269705471, 61.73521576723111792 ) ) ;
#6434 = ORIENTED_EDGE ( 'NONE', *, *, #8947, .T. ) ;
#6435 = VECTOR ( 'NONE', #8349, 1000.000000000000114 ) ;
#6436 = VECTOR ( 'NONE', #1574, 1000.000000000000114 ) ;
#6437 = ORIENTED_EDGE ( 'NONE', *, *, #3298, .F. ) ;
#6438 = VECTOR ( 'NONE', #2843, 1000.000000000000000 ) ;
#6439 = DIRECTION ( 'NONE',  ( 0.8660149750177211780, 5.413320924122835784E-16, -0.5000180627187940097 ) ) ;
#6440 = VECTOR ( 'NONE', #6211, 1000.000000000000227 ) ;
#6441 = CARTESIAN_POINT ( 'NONE',  ( 2.166811768477723721, 13.81402832956864302, 54.86927304482872358 ) ) ;
#6442 = CARTESIAN_POINT ( 'NONE',  ( -3.260956254655561271, 13.81402832956864124, 75.73541166095988331 ) ) ;
#6443 = ORIENTED_EDGE ( 'NONE', *, *, #7004, .T. ) ;
#6444 = PLANE ( 'NONE',  #4656 ) ;
#6445 = VECTOR ( 'NONE', #6901, 1000.000000000000000 ) ;
#6446 = CARTESIAN_POINT ( 'NONE',  ( -6.225367932169939778, 13.81402832956863946, 60.86944808314086686 ) ) ;
#6447 = EDGE_CURVE ( 'NONE', #8562, #1371, #5933, .T. ) ;
#6448 = EDGE_CURVE ( 'NONE', #6664, #1510, #3838, .T. ) ;
#6449 = DIRECTION ( 'NONE',  ( 0.5000180627187942317, 0.000000000000000000, 0.8660149750177208450 ) ) ;
#6450 = VECTOR ( 'NONE', #6507, 1000.000000000000000 ) ;
#6451 = CARTESIAN_POINT ( 'NONE',  ( -7.641907232787897186, -9.447034099919322969, 97.19034129655530307 ) ) ;
#6452 = LINE ( 'NONE', #4570, #8495 ) ;
#6453 = ORIENTED_EDGE ( 'NONE', *, *, #2235, .F. ) ;
#6454 = CARTESIAN_POINT ( 'NONE',  ( -2.943726089327328174E-15, 2.208813644678182975, -9.396829529913873101E-31 ) ) ;
#6455 = EDGE_CURVE ( 'NONE', #5709, #5919, #2792, .T. ) ;
#6456 = CARTESIAN_POINT ( 'NONE',  ( 3.666996688232595503, 27.95203658269705471, 63.73526716094961131 ) ) ;
#6457 = ORIENTED_EDGE ( 'NONE', *, *, #5197, .T. ) ;
#6458 = ORIENTED_EDGE ( 'NONE', *, *, #1530, .T. ) ;
#6459 = LINE ( 'NONE', #232, #5653 ) ;
#6460 = EDGE_LOOP ( 'NONE', ( #8292, #1377, #276, #3607, #4124, #5657 ) ) ;
#6461 = CIRCLE ( 'NONE', #2537, 1.000000000000000888 ) ;
#6462 = DIRECTION ( 'NONE',  ( -6.309117370181858604E-16, 1.000000000000000000, 0.000000000000000000 ) ) ;
#6463 = ORIENTED_EDGE ( 'NONE', *, *, #912, .F. ) ;
#6464 = CARTESIAN_POINT ( 'NONE',  ( 6.131306874401372120, 39.54446977037137856, 73.73521576462097471 ) ) ;
#6465 = DIRECTION ( 'NONE',  ( 0.000000000000000000, 1.000000000000000000, 0.000000000000000000 ) ) ;
#6466 = DIRECTION ( 'NONE',  ( -1.433392254052754664E-07, -9.798700903411417582E-23, 0.9999999999999897859 ) ) ;
#6467 = VERTEX_POINT ( 'NONE', #2475 ) ;
#6468 = CARTESIAN_POINT ( 'NONE',  ( 15.71818173700939525, -12.05604959324705838, 9.729343145226332368 ) ) ;
#6469 = EDGE_CURVE ( 'NONE', #2389, #7415, #7219, .T. ) ;
#6470 = ADVANCED_FACE ( 'NONE', ( #2394 ), #5077, .T. ) ;
#6471 = CARTESIAN_POINT ( 'NONE',  ( -2.761391460725851843, 27.95203658269704761, 54.86937583313574862 ) ) ;
#6472 = CARTESIAN_POINT ( 'NONE',  ( -4.375241788773892360, 2.208813644678181198, 3.649999999999999467 ) ) ;
#6473 = DIRECTION ( 'NONE',  ( -1.683438116612014725E-33, 2.925052111754154507E-18, 1.000000000000000000 ) ) ;
#6474 = EDGE_LOOP ( 'NONE', ( #211, #2993, #1755, #365 ) ) ;
#6475 = PLANE ( 'NONE',  #403 ) ;
#6476 = DIRECTION ( 'NONE',  ( -0.006013979302649533933, 0.9999759022690321020, -0.003467987050516862461 ) ) ;
#6477 = ADVANCED_FACE ( 'NONE', ( #3747 ), #2305, .T. ) ;
#6478 = DIRECTION ( 'NONE',  ( 1.000000000000000000, 6.379660775701297415E-16, -2.212511412187155376E-18 ) ) ;
#6479 = ORIENTED_EDGE ( 'NONE', *, *, #121, .F. ) ;
#6480 = CARTESIAN_POINT ( 'NONE',  ( 2.166811768477723721, 13.81402832956864302, 54.86927304482872358 ) ) ;
#6481 = EDGE_LOOP ( 'NONE', ( #3085, #5510, #5225, #3804 ) ) ;
#6482 = EDGE_CURVE ( 'NONE', #657, #3240, #5167, .T. ) ;
#6483 = CYLINDRICAL_SURFACE ( 'NONE', #3086, 1.000000000000000888 ) ;
#6484 = DIRECTION ( 'NONE',  ( 0.000000000000000000, 0.000000000000000000, -1.000000000000000000 ) ) ;
#6485 = DIRECTION ( 'NONE',  ( -0.4999819370636950921, -3.166443754200919549E-16, 0.8660358321744171528 ) ) ;
#6486 = EDGE_CURVE ( 'NONE', #4144, #1122, #7955, .T. ) ;
#6487 = ORIENTED_EDGE ( 'NONE', *, *, #3342, .F. ) ;
#6488 = CARTESIAN_POINT ( 'NONE',  ( -4.261123111691652809, 13.81402832956864124, 67.73543251985667268 ) ) ;
#6489 = DIRECTION ( 'NONE',  ( -1.091152692702142892E-32, 1.339658354568195596E-16, -1.000000000000000000 ) ) ;
#6490 = DIRECTION ( 'NONE',  ( 0.4999819370636951477, 0.000000000000000000, -0.8660358321744170418 ) ) ;
#6491 = DIRECTION ( 'NONE',  ( 0.000000000000000000, 0.000000000000000000, 1.000000000000000000 ) ) ;
#6492 = CARTESIAN_POINT ( 'NONE',  ( 17.22925471273143927, 27.95203658269706182, 104.9560659376654712 ) ) ;
#6493 = EDGE_CURVE ( 'NONE', #5386, #6497, #980, .T. ) ;
#6494 = ORIENTED_EDGE ( 'NONE', *, *, #2599, .T. ) ;
#6495 = DIRECTION ( 'NONE',  ( -0.4999819370636950921, -3.166443754200919549E-16, 0.8660358321744171528 ) ) ;
#6496 = PLANE ( 'NONE',  #4692 ) ;
#6497 = VERTEX_POINT ( 'NONE', #391 ) ;
#6498 = VERTEX_POINT ( 'NONE', #3155 ) ;
#6499 = DIRECTION ( 'NONE',  ( -6.379699141315095093E-16, 0.9999939862973237226, -0.003468049767204129177 ) ) ;
#6500 = VERTEX_POINT ( 'NONE', #3337 ) ;
#6501 = VECTOR ( 'NONE', #239, 1000.000000000000000 ) ;
#6502 = DIRECTION ( 'NONE',  ( 6.250839858758867238E-16, -1.000000000000000000, -7.292516007464944339E-32 ) ) ;
#6503 = ORIENTED_EDGE ( 'NONE', *, *, #6415, .T. ) ;
#6504 = DIRECTION ( 'NONE',  ( 1.000000000000000000, 0.000000000000000000, 0.000000000000000000 ) ) ;
#6505 = CARTESIAN_POINT ( 'NONE',  ( 7.131140016930268111, 39.54446977037137856, 65.73519490920438102 ) ) ;
#6506 = ADVANCED_FACE ( 'NONE', ( #1889 ), #3294, .T. ) ;
#6507 = DIRECTION ( 'NONE',  ( -1.166645790364705931E-16, -2.307121025834449284E-35, 1.000000000000000000 ) ) ;
#6508 = VERTEX_POINT ( 'NONE', #6121 ) ;
#6509 = DIRECTION ( 'NONE',  ( 0.8660149750177211780, 5.413320924122835784E-16, -0.5000180627187940097 ) ) ;
#6510 = CARTESIAN_POINT ( 'NONE',  ( -0.7971827659026785584, 39.54446977037137856, 60.00330946265940923 ) ) ;
#6511 = EDGE_CURVE ( 'NONE', #6521, #3290, #5980, .T. ) ;
#6512 = FACE_OUTER_BOUND ( 'NONE', #2066, .T. ) ;
#6513 = DIRECTION ( 'NONE',  ( 1.000000000000000000, 0.000000000000000000, 0.000000000000000000 ) ) ;
#6514 = ORIENTED_EDGE ( 'NONE', *, *, #8965, .F. ) ;
#6515 = FACE_OUTER_BOUND ( 'NONE', #1846, .T. ) ;
#6516 = CARTESIAN_POINT ( 'NONE',  ( 6.130973159894193003, 13.81402832956864657, 57.73521576810117750 ) ) ;
#6517 = DIRECTION ( 'NONE',  ( -0.9999999997824894349, 0.000000000000000000, 2.085715669636333691E-05 ) ) ;
#6518 = VERTEX_POINT ( 'NONE', #8231 ) ;
#6519 = DIRECTION ( 'NONE',  ( 2.863166359789728634E-18, -2.925052111754152966E-18, -1.000000000000000000 ) ) ;
#6520 = ADVANCED_FACE ( 'NONE', ( #2570 ), #5393, .F. ) ;
#6521 = VERTEX_POINT ( 'NONE', #6073 ) ;
#6522 = EDGE_CURVE ( 'NONE', #4449, #1308, #8185, .T. ) ;
#6523 = ADVANCED_FACE ( 'NONE', ( #1992 ), #4755, .T. ) ;
#6524 = DIRECTION ( 'NONE',  ( -0.5000180627187942317, -3.125532836542028723E-16, -0.8660149750177209560 ) ) ;
#6525 = CARTESIAN_POINT ( 'NONE',  ( -6.725302566261930792, 13.81402832956863946, 64.00343310725305912 ) ) ;
#6526 = LINE ( 'NONE', #4520, #2486 ) ;
#6527 = EDGE_LOOP ( 'NONE', ( #3589, #5011, #503, #1303, #4022, #6633, #6207, #1345, #548, #3819, #4078, #6976, #341, #6879 ) ) ;
#6528 = DIRECTION ( 'NONE',  ( 0.000000000000000000, 1.000000000000000000, -0.000000000000000000 ) ) ;
#6529 = CARTESIAN_POINT ( 'NONE',  ( 2.167228911611709385, 27.95203658269705116, 74.86927304047844700 ) ) ;
#6530 = CARTESIAN_POINT ( 'NONE',  ( 11.21813220211345552, 23.94173355144522830, 79.73866835077161852 ) ) ;
#6531 = DIRECTION ( 'NONE',  ( 2.085715669603027678E-05, 1.303747464151961922E-20, 0.9999999997824895459 ) ) ;
#6532 = CARTESIAN_POINT ( 'NONE',  ( 3.666960562577509464, 13.81402832956864657, 62.00321635375745188 ) ) ;
#6533 = CARTESIAN_POINT ( 'NONE',  ( -6.725302566261932569, 13.81402832956864302, 64.00343310725305912 ) ) ;
#6534 = AXIS2_PLACEMENT_3D ( 'NONE', #892, #6528, #3662 ) ;
#6535 = VERTEX_POINT ( 'NONE', #6031 ) ;
#6536 = VERTEX_POINT ( 'NONE', #6806 ) ;
#6537 = FACE_OUTER_BOUND ( 'NONE', #8322, .T. ) ;
#6538 = VERTEX_POINT ( 'NONE', #8274 ) ;
#6539 = VERTEX_POINT ( 'NONE', #1295 ) ;
#6540 = VECTOR ( 'NONE', #8601, 1000.000000000000114 ) ;
#6541 = VECTOR ( 'NONE', #519, 1000.000000000000114 ) ;
#6542 = EDGE_CURVE ( 'NONE', #3516, #1767, #3948, .T. ) ;
#6543 = VECTOR ( 'NONE', #7254, 1000.000000000000227 ) ;
#6544 = LINE ( 'NONE', #5739, #344 ) ;
#6545 = VERTEX_POINT ( 'NONE', #5443 ) ;
#6546 = CARTESIAN_POINT ( 'NONE',  ( -0.3752417887738916935, -4.613701099919306436, 50.00000000000000000 ) ) ;
#6547 = CARTESIAN_POINT ( 'NONE',  ( -4.761391460290853139, 39.54446977037136435, 54.86941754744913169 ) ) ;
#6548 = CARTESIAN_POINT ( 'NONE',  ( 7.131056588303469113, 39.54446977037137856, 61.73519491007443349 ) ) ;
#6549 = EDGE_LOOP ( 'NONE', ( #5887, #1441, #4312, #7010, #4899, #119 ) ) ;
#6550 = ORIENTED_EDGE ( 'NONE', *, *, #905, .F. ) ;
#6552 = EDGE_CURVE ( 'NONE', #2840, #2828, #1255, .T. ) ;
#6551 = FACE_BOUND ( 'NONE', #5681, .T. ) ;
#6553 = VECTOR ( 'NONE', #3022, 1000.000000000000000 ) ;
#6554 = EDGE_CURVE ( 'NONE', #8767, #2564, #8773, .T. ) ;
#6555 = FACE_OUTER_BOUND ( 'NONE', #2181, .T. ) ;
#6556 = VECTOR ( 'NONE', #3423, 1000.000000000000114 ) ;
#6557 = FACE_OUTER_BOUND ( 'NONE', #1271, .T. ) ;
#6558 = LINE ( 'NONE', #7811, #3806 ) ;
#6559 = VERTEX_POINT ( 'NONE', #8137 ) ;
#6560 = CARTESIAN_POINT ( 'NONE',  ( 16.99720669954218977, 27.95203658269706182, 105.0900453737719289 ) ) ;
#6561 = CARTESIAN_POINT ( 'NONE',  ( -26.27298655184423382, 27.95203658269703340, 100.1306769629660351 ) ) ;
#6562 = LINE ( 'NONE', #7950, #3673 ) ;
#6563 = ORIENTED_EDGE ( 'NONE', *, *, #3849, .T. ) ;
#6564 = FACE_BOUND ( 'NONE', #4170, .T. ) ;
#6565 = FILL_AREA_STYLE ('',( #8818 ) ) ;
#6566 = ADVANCED_FACE ( 'NONE', ( #7537 ), #4061, .F. ) ;
#6567 = ADVANCED_FACE ( 'NONE', ( #3385 ), #1159, .F. ) ;
#6568 = ORIENTED_EDGE ( 'NONE', *, *, #8563, .F. ) ;
#6569 = AXIS2_PLACEMENT_3D ( 'NONE', #6670, #3162, #1762 ) ;
#6570 = VECTOR ( 'NONE', #1599, 1000.000000000000000 ) ;
#6571 = VECTOR ( 'NONE', #6115, 1000.000000000000114 ) ;
#6572 = PLANE ( 'NONE',  #6155 ) ;
#6573 = PLANE ( 'NONE',  #627 ) ;
#6574 = ORIENTED_EDGE ( 'NONE', *, *, #358, .F. ) ;
#6575 = AXIS2_PLACEMENT_3D ( 'NONE', #2747, #8492, #9003 ) ;
#6576 = CARTESIAN_POINT ( 'NONE',  ( -4.761141174410457033, 39.54446977037136435, 66.86941754483895295 ) ) ;
#6577 = VECTOR ( 'NONE', #229, 1000.000000000000114 ) ;
#6578 = ORIENTED_EDGE ( 'NONE', *, *, #5148, .T. ) ;
#6579 = FACE_OUTER_BOUND ( 'NONE', #3409, .T. ) ;
#6580 = DIRECTION ( 'NONE',  ( 2.085715669603027678E-05, 1.303747464151961922E-20, 0.9999999997824895459 ) ) ;
#6581 = CIRCLE ( 'NONE', #48, 1.550000000000000266 ) ;
#6582 = ADVANCED_FACE ( 'NONE', ( #2029 ), #1114, .F. ) ;
#6583 = VECTOR ( 'NONE', #43, 1000.000000000000000 ) ;
#6584 = DIRECTION ( 'NONE',  ( -1.000000000000000000, -5.755241453125612600E-16, 0.000000000000000000 ) ) ;
#6585 = LINE ( 'NONE', #2442, #8737 ) ;
#6586 = DIRECTION ( 'NONE',  ( 0.9999999997824894349, 6.383781515425612638E-16, -2.085715669603027339E-05 ) ) ;
#6587 = AXIS2_PLACEMENT_3D ( 'NONE', #2690, #647, #3408 ) ;
#6588 = VERTEX_POINT ( 'NONE', #5303 ) ;
#6589 = ORIENTED_EDGE ( 'NONE', *, *, #1498, .F. ) ;
#6590 = DIRECTION ( 'NONE',  ( 0.000000000000000000, -1.000000000000000000, 0.000000000000000000 ) ) ;
#6591 = ORIENTED_EDGE ( 'NONE', *, *, #1913, .F. ) ;
#6592 = ORIENTED_EDGE ( 'NONE', *, *, #2129, .F. ) ;
#6593 = AXIS2_PLACEMENT_3D ( 'NONE', #1697, #4415, #5826 ) ;
#6594 = CARTESIAN_POINT ( 'NONE',  ( -4.760974317156859925, 39.54446977037136435, 74.86941754309884800 ) ) ;
#6595 = ORIENTED_EDGE ( 'NONE', *, *, #2556, .F. ) ;
#6596 = DIRECTION ( 'NONE',  ( 0.4999819370636951477, 3.166443754200919549E-16, -0.8660358321744170418 ) ) ;
#6597 = CARTESIAN_POINT ( 'NONE',  ( 0.2027699309081094636, 39.54446977037137856, 57.73533941356493671 ) ) ;
#6598 = CARTESIAN_POINT ( 'NONE',  ( 7.131020462648383962, 27.95203658269705471, 60.00314410288227407 ) ) ;
#6599 = ORIENTED_EDGE ( 'NONE', *, *, #4344, .F. ) ;
#6600 = EDGE_LOOP ( 'NONE', ( #1593, #4023, #8371, #7489 ) ) ;
#6601 = EDGE_CURVE ( 'NONE', #7415, #8582, #4661, .T. ) ;
#6602 = LINE ( 'NONE', #1737, #2956 ) ;
#6603 = VECTOR ( 'NONE', #2644, 999.9999999999998863 ) ;
#6604 = CARTESIAN_POINT ( 'NONE',  ( 6.130937034239084760, 39.54446977037137856, 56.00316496090904650 ) ) ;
#6605 = FACE_BOUND ( 'NONE', #6527, .T. ) ;
#6606 = FACE_OUTER_BOUND ( 'NONE', #4582, .T. ) ;
#6607 = ORIENTED_EDGE ( 'NONE', *, *, #5588, .F. ) ;
#6608 = CARTESIAN_POINT ( 'NONE',  ( 3.667210848457908678, 13.81402832956864657, 74.00321635114731578 ) ) ;
#6609 = DIRECTION ( 'NONE',  ( 0.9999999997824894349, 6.250839857399241803E-16, -2.085715669636334030E-05 ) ) ;
#6610 = CARTESIAN_POINT ( 'NONE',  ( -28.00505821619307767, 27.95203658269703340, 99.13071308883866095 ) ) ;
#6611 = ORIENTED_EDGE ( 'NONE', *, *, #83, .F. ) ;
#6612 = ORIENTED_EDGE ( 'NONE', *, *, #2579, .F. ) ;
#6613 = SURFACE_STYLE_FILL_AREA ( #6565 ) ;
#6614 = EDGE_CURVE ( 'NONE', #4444, #7249, #3249, .T. ) ;
#6615 = ORIENTED_EDGE ( 'NONE', *, *, #6802, .F. ) ;
#6616 = FACE_OUTER_BOUND ( 'NONE', #8868, .T. ) ;
#6617 = CARTESIAN_POINT ( 'NONE',  ( -3.261289969162771918, 39.54446977037137145, 59.73541166444011452 ) ) ;
#6618 = ORIENTED_EDGE ( 'NONE', *, *, #2360, .F. ) ;
#6619 = ORIENTED_EDGE ( 'NONE', *, *, #6027, .F. ) ;
#6620 = CARTESIAN_POINT ( 'NONE',  ( 5.630955097175403878, 13.81402832956864479, 56.86920079308346487 ) ) ;
#6621 = AXIS2_PLACEMENT_3D ( 'NONE', #6851, #4151, #6944 ) ;
#6622 = ORIENTED_EDGE ( 'NONE', *, *, #905, .T. ) ;
#6623 = CARTESIAN_POINT ( 'NONE',  ( -16.39812996423723490, -1.042762489659503132E-14, 44.35000000000000853 ) ) ;
#6624 = UNCERTAINTY_MEASURE_WITH_UNIT (LENGTH_MEASURE( 1.000000000000000082E-05 ), #5900, 'distance_accuracy_value', 'NONE');
#6625 = CARTESIAN_POINT ( 'NONE',  ( 13.76519481266055323, 27.95203658269706182, 106.9561381885406490 ) ) ;
#6626 = LINE ( 'NONE', #8057, #2049 ) ;
#6627 = EDGE_CURVE ( 'NONE', #8767, #2124, #6760, .T. ) ;
#6628 = CARTESIAN_POINT ( 'NONE',  ( 6.131103891492682756, 39.54446977037137856, 64.00316495916892734 ) ) ;
#6629 = DIRECTION ( 'NONE',  ( 9.683384032525929255E-09, -0.9999999999999998890, 2.925052111756086985E-18 ) ) ;
#6630 = VERTEX_POINT ( 'NONE', #4193 ) ;
#6631 = ORIENTED_EDGE ( 'NONE', *, *, #1799, .F. ) ;
#6632 = CARTESIAN_POINT ( 'NONE',  ( 6.958091330701748234, -9.447034099919312311, 79.73864887361423825 ) ) ;
#6633 = ORIENTED_EDGE ( 'NONE', *, *, #982, .F. ) ;
#6634 = ORIENTED_EDGE ( 'NONE', *, *, #3530, .F. ) ;
#6635 = ADVANCED_FACE ( 'NONE', ( #6303 ), #7028, .F. ) ;
#6636 = EDGE_CURVE ( 'NONE', #8480, #5319, #7637, .T. ) ;
#6637 = ADVANCED_FACE ( 'NONE', ( #2839 ), #5574, .T. ) ;
#6638 = LINE ( 'NONE', #412, #2667 ) ;
#6639 = ORIENTED_EDGE ( 'NONE', *, *, #5276, .F. ) ;
#6640 = PLANE ( 'NONE',  #8881 ) ;
#6641 = CARTESIAN_POINT ( 'NONE',  ( 0.2029840911334291620, 13.81402832956864302, 68.00328860376258433 ) ) ;
#6642 = CARTESIAN_POINT ( 'NONE',  ( 15.71818173701034560, -10.80068155031562149, 43.35004508037951609 ) ) ;
#6643 = ORIENTED_EDGE ( 'NONE', *, *, #8573, .F. ) ;
#6644 = ORIENTED_EDGE ( 'NONE', *, *, #3888, .F. ) ;
#6645 = CARTESIAN_POINT ( 'NONE',  ( -2.760974317591880833, 39.54446977037137145, 74.86937582878546493 ) ) ;
#6646 = ADVANCED_FACE ( 'NONE', ( #6981 ), #7676, .T. ) ;
#6647 = FACE_BOUND ( 'NONE', #7017, .T. ) ;
#6648 = DIRECTION ( 'NONE',  ( -0.4999819370636950921, 0.000000000000000000, 0.8660358321744171528 ) ) ;
#6649 = CARTESIAN_POINT ( 'NONE',  ( 16.71824074827665285, -10.79118635532180903, 2.275810919109576538E-05 ) ) ;
#6650 = EDGE_LOOP ( 'NONE', ( #7333, #1505 ) ) ;
#6651 = DIRECTION ( 'NONE',  ( -0.4999819370636952032, -3.125307020857213572E-16, 0.8660358321744170418 ) ) ;
#6652 = FACE_OUTER_BOUND ( 'NONE', #3959, .T. ) ;
#6653 = DIRECTION ( 'NONE',  ( -1.000000000000000000, -6.383782126896855077E-16, -1.322825065608700598E-34 ) ) ;
#6654 = ORIENTED_EDGE ( 'NONE', *, *, #7026, .F. ) ;
#6655 = ORIENTED_EDGE ( 'NONE', *, *, #3181, .T. ) ;
#6656 = EDGE_CURVE ( 'NONE', #2560, #7458, #2123, .T. ) ;
#6657 = ORIENTED_EDGE ( 'NONE', *, *, #3161, .F. ) ;
#6658 = DIRECTION ( 'NONE',  ( 1.000000000000000000, 4.336808689942017736E-16, -0.000000000000000000 ) ) ;
#6659 = CARTESIAN_POINT ( 'NONE',  ( 0.000000000000000000, 0.2768240308124116922, 79.82075940570058492 ) ) ;
#6660 = VERTEX_POINT ( 'NONE', #5621 ) ;
#6661 = ORIENTED_EDGE ( 'NONE', *, *, #2669, .F. ) ;
#6662 = CARTESIAN_POINT ( 'NONE',  ( 16.71810980687938653, -10.79118635532180903, 96.19034265782947557 ) ) ;
#6663 = CARTESIAN_POINT ( 'NONE',  ( -6.725349869233636646, 13.81402832956863946, 61.73548391531529944 ) ) ;
#6664 = VERTEX_POINT ( 'NONE', #8406 ) ;
#6665 = VECTOR ( 'NONE', #7796, 1000.000000000000114 ) ;
#6666 = ORIENTED_EDGE ( 'NONE', *, *, #2635, .F. ) ;
#6667 = EDGE_CURVE ( 'NONE', #1462, #1049, #8316, .T. ) ;
#6668 = CARTESIAN_POINT ( 'NONE',  ( 0.7027518679718219863, 13.81402832956864302, 56.86930358139051123 ) ) ;
#6669 = EDGE_CURVE ( 'NONE', #4679, #6559, #1429, .T. ) ;
#6670 = CARTESIAN_POINT ( 'NONE',  ( 0.2030675197602117565, 39.54446977037137856, 72.00328860289253896 ) ) ;
#6671 = DIRECTION ( 'NONE',  ( 2.212511412187153450E-18, 2.925052111754156048E-18, 1.000000000000000000 ) ) ;
#6672 = AXIS2_PLACEMENT_3D ( 'NONE', #5055, #8481, #7889 ) ;
#6673 = DIRECTION ( 'NONE',  ( 1.000000000000000000, 0.000000000000000000, 0.000000000000000000 ) ) ;
#6674 = EDGE_LOOP ( 'NONE', ( #6126, #8542, #2266, #4593, #1868, #8841 ) ) ;
#6675 = ORIENTED_EDGE ( 'NONE', *, *, #5117, .T. ) ;
#6676 = LINE ( 'NONE', #3311, #2046 ) ;
#6677 = EDGE_CURVE ( 'NONE', #6539, #8024, #8364, .T. ) ;
#6678 = ORIENTED_EDGE ( 'NONE', *, *, #693, .T. ) ;
#6679 = ORIENTED_EDGE ( 'NONE', *, *, #1252, .T. ) ;
#6680 = VECTOR ( 'NONE', #1457, 1000.000000000000114 ) ;
#6681 = ADVANCED_FACE ( 'NONE', ( #2074 ), #4935, .T. ) ;
#6682 = VECTOR ( 'NONE', #6820, 1000.000000000000000 ) ;
#6683 = CARTESIAN_POINT ( 'NONE',  ( 5.630955097175388779, 39.54446977037137145, 56.86920079308346487 ) ) ;
#6684 = ORIENTED_EDGE ( 'NONE', *, *, #7038, .T. ) ;
#6685 = DIRECTION ( 'NONE',  ( 1.000000000000000000, 0.000000000000000000, 0.000000000000000000 ) ) ;
#6686 = CARTESIAN_POINT ( 'NONE',  ( 2.667080117076892520, 39.54446977037137856, 67.73528801723624326 ) ) ;
#6687 = CARTESIAN_POINT ( 'NONE',  ( -0.3752417887738916935, -4.613701099919306436, 0.000000000000000000 ) ) ;
#6688 = CIRCLE ( 'NONE', #8441, 1.000000000000000666 ) ;
#6689 = ORIENTED_EDGE ( 'NONE', *, *, #8426, .T. ) ;
#6690 = ORIENTED_EDGE ( 'NONE', *, *, #8393, .F. ) ;
#6691 = DIRECTION ( 'NONE',  ( -0.9999999997824894349, -6.383781515425612638E-16, 2.085715669636333691E-05 ) ) ;
#6692 = EDGE_CURVE ( 'NONE', #4750, #6535, #1476, .T. ) ;
#6693 = AXIS2_PLACEMENT_3D ( 'NONE', #8576, #2421, #2461 ) ;
#6694 = AXIS2_PLACEMENT_3D ( 'NONE', #3060, #3108, #8085 ) ;
#6695 = FACE_BOUND ( 'NONE', #5246, .T. ) ;
#6696 = DIRECTION ( 'NONE',  ( 1.166244989663167914E-16, 6.695403588083180925E-32, -1.000000000000000000 ) ) ;
#6697 = CARTESIAN_POINT ( 'NONE',  ( -4.260992380093147958, 13.81402832956864124, 74.00338171092444384 ) ) ;
#6698 = ORIENTED_EDGE ( 'NONE', *, *, #6522, .F. ) ;
#6699 = DIRECTION ( 'NONE',  ( -0.000000000000000000, -0.000000000000000000, -1.000000000000000000 ) ) ;
#6700 = DIRECTION ( 'NONE',  ( -0.9999999997824894349, -6.250839857399242789E-16, 2.085715669603027339E-05 ) ) ;
#6701 = VECTOR ( 'NONE', #843, 1000.000000000000227 ) ;
#6702 = DIRECTION ( 'NONE',  ( -2.085715669636334030E-05, -1.303747464172781074E-20, -0.9999999997824895459 ) ) ;
#6703 = ORIENTED_EDGE ( 'NONE', *, *, #3238, .T. ) ;
#6704 = ORIENTED_EDGE ( 'NONE', *, *, #8218, .F. ) ;
#6705 = PLANE ( 'NONE',  #5563 ) ;
#6706 = ORIENTED_EDGE ( 'NONE', *, *, #6264, .T. ) ;
#6707 = AXIS2_PLACEMENT_3D ( 'NONE', #8675, #2339, #8081 ) ;
#6708 = CARTESIAN_POINT ( 'NONE',  ( 15.71818173701034560, -10.80068155031562149, 43.35004508037951609 ) ) ;
#6709 = DIRECTION ( 'NONE',  ( 0.5000180627187940097, 3.125532836542028723E-16, 0.8660149750177211780 ) ) ;
#6710 = ORIENTED_EDGE ( 'NONE', *, *, #1041, .F. ) ;
#6711 = ORIENTED_EDGE ( 'NONE', *, *, #4241, .F. ) ;
#6712 = LINE ( 'NONE', #490, #5978 ) ;
#6713 = LINE ( 'NONE', #4065, #6306 ) ;
#6714 = EDGE_LOOP ( 'NONE', ( #5909, #6987, #606, #4873 ) ) ;
#6715 = CARTESIAN_POINT ( 'NONE',  ( 11.21813220212671425, 23.95296586630678704, 79.73865861237595709 ) ) ;
#6716 = VECTOR ( 'NONE', #7506, 1000.000000000000000 ) ;
#6717 = VECTOR ( 'NONE', #47, 1000.000000000000114 ) ;
#6718 = ORIENTED_EDGE ( 'NONE', *, *, #6469, .T. ) ;
#6719 = AXIS2_PLACEMENT_3D ( 'NONE', #8964, #2710, #1210 ) ;
#6720 = VECTOR ( 'NONE', #5048, 1000.000000000000000 ) ;
#6721 = DIRECTION ( 'NONE',  ( -0.5000180627187942317, -3.125532836542028723E-16, -0.8660149750177209560 ) ) ;
#6722 = DIRECTION ( 'NONE',  ( -0.8660149750177210670, -5.413320924122833812E-16, 0.5000180627187943427 ) ) ;
#6723 = CARTESIAN_POINT ( 'NONE',  ( 10.95809121122619345, -12.05604959324705838, 9.729343145226332368 ) ) ;
#6724 = FACE_OUTER_BOUND ( 'NONE', #3946, .T. ) ;
#6725 = EDGE_LOOP ( 'NONE', ( #8412, #8919, #6765, #8377 ) ) ;
#6726 = ORIENTED_EDGE ( 'NONE', *, *, #6493, .T. ) ;
#6727 = CARTESIAN_POINT ( 'NONE',  ( -4.673745950346255285, 27.95203658269704405, 0.000000000000000000 ) ) ;
#6728 = EDGE_CURVE ( 'NONE', #8391, #6305, #2921, .T. ) ;
#6729 = AXIS2_PLACEMENT_3D ( 'NONE', #4224, #736, #3501 ) ;
#6730 = ORIENTED_EDGE ( 'NONE', *, *, #2059, .T. ) ;
#6731 = ORIENTED_EDGE ( 'NONE', *, *, #5186, .F. ) ;
#6732 = CIRCLE ( 'NONE', #5428, 1.049999999999993605 ) ;
#6733 = VECTOR ( 'NONE', #4819, 1000.000000000000000 ) ;
#6734 = CARTESIAN_POINT ( 'NONE',  ( -8.225201074481322649, 13.81402832956863769, 68.86948979571414498 ) ) ;
#6735 = ORIENTED_EDGE ( 'NONE', *, *, #8756, .T. ) ;
#6736 = CARTESIAN_POINT ( 'NONE',  ( -3.261373397789570472, 39.54446977037137145, 55.73541166531016700 ) ) ;
#6737 = DIRECTION ( 'NONE',  ( -0.4999819370636950921, -3.166443754200919549E-16, 0.8660358321744171528 ) ) ;
#6738 = CARTESIAN_POINT ( 'NONE',  ( -0.3429384214978219436, 27.95203658269705116, 65.73535079722961427 ) ) ;
#6739 = EDGE_LOOP ( 'NONE', ( #5678, #5651, #3210, #6463, #2083, #1789, #4453, #7328 ) ) ;
#6740 = EDGE_LOOP ( 'NONE', ( #8988, #7044, #4567, #6654 ) ) ;
#6741 = CIRCLE ( 'NONE', #7495, 1.049999999999993605 ) ;
#6742 = CARTESIAN_POINT ( 'NONE',  ( -0.3429384214978219436, 27.95203658269705116, 65.73535079722955743 ) ) ;
#6743 = VECTOR ( 'NONE', #7976, 1000.000000000000000 ) ;
#6744 = DIRECTION ( 'NONE',  ( -1.000000000000000000, 0.000000000000000000, 0.000000000000000000 ) ) ;
#6745 = DIRECTION ( 'NONE',  ( 0.4999819370636950921, 3.125307020857212586E-16, -0.8660358321744171528 ) ) ;
#6746 = LINE ( 'NONE', #4553, #7606 ) ;
#6747 = VERTEX_POINT ( 'NONE', #8444 ) ;
#6748 = FACE_OUTER_BOUND ( 'NONE', #8498, .T. ) ;
#6749 = VECTOR ( 'NONE', #4816, 1000.000000000000000 ) ;
#6750 = CYLINDRICAL_SURFACE ( 'NONE', #2071, 1.549999999999999378 ) ;
#6751 = EDGE_CURVE ( 'NONE', #3402, #8560, #2203, .T. ) ;
#6752 = DIRECTION ( 'NONE',  ( 0.4999819370636951477, 3.166443754200919549E-16, -0.8660358321744170418 ) ) ;
#6753 = ORIENTED_EDGE ( 'NONE', *, *, #2756, .F. ) ;
#6754 = VERTEX_POINT ( 'NONE', #706 ) ;
#6755 = CARTESIAN_POINT ( 'NONE',  ( 7.900377905283195723, 27.95203658269705826, 85.39818524475565198 ) ) ;
#6756 = EDGE_CURVE ( 'NONE', #2210, #4215, #1523, .T. ) ;
#6757 = EDGE_LOOP ( 'NONE', ( #8295, #940, #2286, #828 ) ) ;
#6758 = CARTESIAN_POINT ( 'NONE',  ( -7.725135708790842770, 39.54446977037137145, 72.00345396266968123 ) ) ;
#6759 = EDGE_CURVE ( 'NONE', #1122, #8417, #4287, .T. ) ;
#6760 = LINE ( 'NONE', #531, #4828 ) ;
#6761 = ORIENTED_EDGE ( 'NONE', *, *, #1342, .T. ) ;
#6762 = ORIENTED_EDGE ( 'NONE', *, *, #8362, .T. ) ;
#6763 = DIRECTION ( 'NONE',  ( -2.085715669636334030E-05, -1.303747464172781074E-20, -0.9999999997824895459 ) ) ;
#6764 = FACE_OUTER_BOUND ( 'NONE', #6739, .T. ) ;
#6765 = ORIENTED_EDGE ( 'NONE', *, *, #5288, .T. ) ;
#6766 = CARTESIAN_POINT ( 'NONE',  ( -0.7972661945294772234, 39.54446977037137856, 56.00330946352949013 ) ) ;
#6767 = EDGE_CURVE ( 'NONE', #4805, #5058, #3603, .T. ) ;
#6768 = EDGE_LOOP ( 'NONE', ( #4473, #689, #4888 ) ) ;
#6769 = VECTOR ( 'NONE', #5615, 1000.000000000000000 ) ;
#6770 = EDGE_CURVE ( 'NONE', #935, #2903, #19, .T. ) ;
#6771 = CARTESIAN_POINT ( 'NONE',  ( 3.923262372798469677, 27.95203658269705471, 43.35000000000000853 ) ) ;
#6772 = VECTOR ( 'NONE', #3388, 1000.000000000000114 ) ;
#6773 = CARTESIAN_POINT ( 'NONE',  ( 10.71818173700940058, 27.83495781962105298, 9.590998314289917559 ) ) ;
#6774 = CARTESIAN_POINT ( 'NONE',  ( -7.374235094193059226, 2.386298900080692231, 0.000000000000000000 ) ) ;
#6775 = CARTESIAN_POINT ( 'NONE',  ( 3.923262372798470121, 18.07212241910100659, 6.649999999999999467 ) ) ;
#6776 = VERTEX_POINT ( 'NONE', #2253 ) ;
#6777 = DIRECTION ( 'NONE',  ( 0.9999999997824894349, 6.383781515425612638E-16, -2.085715669603027339E-05 ) ) ;
#6778 = ORIENTED_EDGE ( 'NONE', *, *, #2888, .F. ) ;
#6779 = ORIENTED_EDGE ( 'NONE', *, *, #4348, .T. ) ;
#6780 = DIRECTION ( 'NONE',  ( 1.361274163569945362E-06, -1.368760608845899916E-15, -0.9999999999990735189 ) ) ;
#6781 = ORIENTED_EDGE ( 'NONE', *, *, #4283, .T. ) ;
#6782 = CARTESIAN_POINT ( 'NONE',  ( -12.79663962032500812, 23.95296590008067028, 97.19034129655527465 ) ) ;
#6783 = CARTESIAN_POINT ( 'NONE',  ( 5.631121954428992993, 27.95203658269705471, 64.86920079134334571 ) ) ;
#6784 = ADVANCED_FACE ( 'NONE', ( #7581 ), #5158, .T. ) ;
#6785 = DIRECTION ( 'NONE',  ( 0.000000000000000000, 0.000000000000000000, -1.000000000000000000 ) ) ;
#6786 = EDGE_LOOP ( 'NONE', ( #1260, #7098, #5229, #4994 ) ) ;
#6787 = ORIENTED_EDGE ( 'NONE', *, *, #5841, .F. ) ;
#6788 = DIRECTION ( 'NONE',  ( 0.000000000000000000, 0.000000000000000000, 1.000000000000000000 ) ) ;
#6789 = EDGE_CURVE ( 'NONE', #8782, #1959, #203, .T. ) ;
#6790 = CARTESIAN_POINT ( 'NONE',  ( -7.374235094193059226, 2.386298900080692231, 50.00000000000000000 ) ) ;
#6791 = EDGE_CURVE ( 'NONE', #880, #1987, #6558, .T. ) ;
#6792 = FACE_BOUND ( 'NONE', #2469, .T. ) ;
#6793 = CARTESIAN_POINT ( 'NONE',  ( 7.130973159676671003, 39.54446977037137856, 57.73519491094450018 ) ) ;
#6794 = ORIENTED_EDGE ( 'NONE', *, *, #8420, .T. ) ;
#6795 = DIRECTION ( 'NONE',  ( 0.8660358321744171528, 5.413451298869251709E-16, 0.4999819370636952032 ) ) ;
#6796 = DIRECTION ( 'NONE',  ( -0.8660358321744171528, -5.413451298869251709E-16, -0.4999819370636950921 ) ) ;
#6797 = PLANE ( 'NONE',  #6014 ) ;
#6798 = VERTEX_POINT ( 'NONE', #336 ) ;
#6799 = EDGE_LOOP ( 'NONE', ( #3670, #138, #5331, #2990 ) ) ;
#6800 = DIRECTION ( 'NONE',  ( -0.9999999997824894349, -6.250839857399242789E-16, 2.085715669603027339E-05 ) ) ;
#6801 = ORIENTED_EDGE ( 'NONE', *, *, #1021, .T. ) ;
#6802 = EDGE_CURVE ( 'NONE', #5058, #4967, #3698, .T. ) ;
#6803 = VECTOR ( 'NONE', #142, 1000.000000000000114 ) ;
#6804 = EDGE_CURVE ( 'NONE', #3354, #6467, #7015, .T. ) ;
#6805 = DIRECTION ( 'NONE',  ( 0.9999999997824894349, 6.383781515425612638E-16, -2.085715669603027339E-05 ) ) ;
#6806 = CARTESIAN_POINT ( 'NONE',  ( -7.725385994671223777, 13.81402832956863946, 60.00345396527984576 ) ) ;
#6807 = ORIENTED_EDGE ( 'NONE', *, *, #4881, .F. ) ;
#6808 = VERTEX_POINT ( 'NONE', #7902 ) ;
#6809 = CARTESIAN_POINT ( 'NONE',  ( -6.225451360796732558, 27.95203658269704761, 56.86944808401092644 ) ) ;
#6810 = EDGE_CURVE ( 'NONE', #6497, #4140, #2423, .T. ) ;
#6811 = LINE ( 'NONE', #623, #4404 ) ;
#6812 = EDGE_LOOP ( 'NONE', ( #427, #473, #6710, #3590 ) ) ;
#6813 = FACE_OUTER_BOUND ( 'NONE', #1212, .T. ) ;
#6814 = ORIENTED_EDGE ( 'NONE', *, *, #8629, .T. ) ;
#6815 = ADVANCED_FACE ( 'NONE', ( #6606 ), #5833, .T. ) ;
#6816 = EDGE_CURVE ( 'NONE', #791, #4769, #8672, .T. ) ;
#6817 = LINE ( 'NONE', #1353, #7595 ) ;
#6818 = DIRECTION ( 'NONE',  ( 5.755241451737143451E-16, -1.000000000000000000, 6.712021091176322394E-32 ) ) ;
#6819 = PLANE ( 'NONE',  #1902 ) ;
#6820 = DIRECTION ( 'NONE',  ( -0.000000000000000000, -0.000000000000000000, -1.000000000000000000 ) ) ;
#6821 = VERTEX_POINT ( 'NONE', #8712 ) ;
#6822 = CARTESIAN_POINT ( 'NONE',  ( 11.71438880979870945, -8.047034099919310179, 97.19034129655527465 ) ) ;
#6823 = ORIENTED_EDGE ( 'NONE', *, *, #2885, .F. ) ;
#6824 = AXIS2_PLACEMENT_3D ( 'NONE', #5908, #1768, #2320 ) ;
#6825 = DIRECTION ( 'NONE',  ( -1.000000000000000000, -6.383782126896856063E-16, 2.213940725887957181E-18 ) ) ;
#6826 = ORIENTED_EDGE ( 'NONE', *, *, #7770, .F. ) ;
#6827 = DIRECTION ( 'NONE',  ( 4.720965907700215658E-09, 0.9999939862973238336, -0.003468049767204478290 ) ) ;
#6828 = DIRECTION ( 'NONE',  ( 6.250839858758867238E-16, -1.000000000000000000, -7.292516007464944339E-32 ) ) ;
#6829 = LINE ( 'NONE', #1873, #3835 ) ;
#6830 = VERTEX_POINT ( 'NONE', #874 ) ;
#6831 = ORIENTED_EDGE ( 'NONE', *, *, #7207, .F. ) ;
#6832 = DIRECTION ( 'NONE',  ( 0.5000180627187940097, 3.125532836542028723E-16, 0.8660149750177211780 ) ) ;
#6833 = ADVANCED_FACE ( 'NONE', ( #1564 ), #5201, .T. ) ;
#6834 = FACE_OUTER_BOUND ( 'NONE', #3198, .T. ) ;
#6835 = VECTOR ( 'NONE', #5267, 1000.000000000000114 ) ;
#6836 = EDGE_LOOP ( 'NONE', ( #2006, #5030, #1932, #1504, #2801, #1857 ) ) ;
#6837 = DIRECTION ( 'NONE',  ( -0.8660358321744171528, -5.413451298869251709E-16, -0.4999819370636950921 ) ) ;
#6838 = CARTESIAN_POINT ( 'NONE',  ( 7.130937034021585852, 27.95203658269705826, 56.00314410375234075 ) ) ;
#6839 = FACE_OUTER_BOUND ( 'NONE', #7884, .T. ) ;
#6840 = ORIENTED_EDGE ( 'NONE', *, *, #2288, .T. ) ;
#6841 = VERTEX_POINT ( 'NONE', #7248 ) ;
#6842 = LINE ( 'NONE', #7437, #6571 ) ;
#6843 = VECTOR ( 'NONE', #8443, 1000.000000000000114 ) ;
#6844 = ORIENTED_EDGE ( 'NONE', *, *, #7121, .F. ) ;
#6845 = EDGE_CURVE ( 'NONE', #586, #5396, #4389, .T. ) ;
#6846 = EDGE_CURVE ( 'NONE', #2777, #2928, #3382, .T. ) ;
#6847 = DIRECTION ( 'NONE',  ( 6.250839858758867238E-16, -1.000000000000000000, -7.292516007464944339E-32 ) ) ;
#6848 = VECTOR ( 'NONE', #4303, 1000.000000000000114 ) ;
#6849 = CARTESIAN_POINT ( 'NONE',  ( 3.624758211226107196, 2.208813644678184751, 6.649999999999999467 ) ) ;
#6850 = EDGE_LOOP ( 'NONE', ( #423, #2811, #7795, #3046 ) ) ;
#6851 = CARTESIAN_POINT ( 'NONE',  ( -4.761057745783658923, 39.54446977037136435, 70.86941754396890758 ) ) ;
#6852 = LINE ( 'NONE', #4110, #3935 ) ;
#6853 = ADVANCED_FACE ( 'NONE', ( #3053 ), #8623, .T. ) ;
#6854 = DIRECTION ( 'NONE',  ( -0.000000000000000000, -0.000000000000000000, -1.000000000000000000 ) ) ;
#6855 = VERTEX_POINT ( 'NONE', #2382 ) ;
#6856 = CARTESIAN_POINT ( 'NONE',  ( 6.131270748746279864, 39.54446977037137856, 72.00316495742883660 ) ) ;
#6857 = ORIENTED_EDGE ( 'NONE', *, *, #7572, .T. ) ;
#6858 = CIRCLE ( 'NONE', #2638, 4.000000000000000888 ) ;
#6859 = CARTESIAN_POINT ( 'NONE',  ( 16.49493143575678289, -11.56797396538886424, 43.72023733927272104 ) ) ;
#6860 = VECTOR ( 'NONE', #2434, 1000.000000000000000 ) ;
#6861 = CARTESIAN_POINT ( 'NONE',  ( 27.38938639975483724, 27.95203658269706892, 99.08982862114640966 ) ) ;
#6862 = AXIS2_PLACEMENT_3D ( 'NONE', #1743, #971, #7988 ) ;
#6863 = CARTESIAN_POINT ( 'NONE',  ( 3.666913259605789399, 39.54446977037137856, 59.73526716181967799 ) ) ;
#6864 = ORIENTED_EDGE ( 'NONE', *, *, #3972, .T. ) ;
#6865 = CARTESIAN_POINT ( 'NONE',  ( -4.375241788773893248, 2.386298900080694452, 43.35000000000001563 ) ) ;
#6866 = ORIENTED_EDGE ( 'NONE', *, *, #3680, .T. ) ;
#6867 = LINE ( 'NONE', #3403, #5737 ) ;
#6868 = ORIENTED_EDGE ( 'NONE', *, *, #7807, .T. ) ;
#6869 = EDGE_CURVE ( 'NONE', #854, #6352, #1704, .T. ) ;
#6870 = VECTOR ( 'NONE', #79, 1000.000000000000000 ) ;
#6871 = VECTOR ( 'NONE', #5503, 1000.000000000000000 ) ;
#6872 = CARTESIAN_POINT ( 'NONE',  ( -16.39812996423725977, 27.95203658269704050, 96.19034129655530307 ) ) ;
#6873 = VERTEX_POINT ( 'NONE', #7850 ) ;
#6874 = DIRECTION ( 'NONE',  ( 0.5000180627187942317, 3.217337761224692595E-16, 0.8660149750177208450 ) ) ;
#6875 = LINE ( 'NONE', #2643, #7607 ) ;
#6876 = AXIS2_PLACEMENT_3D ( 'NONE', #6793, #6062, #7481 ) ;
#6877 = VECTOR ( 'NONE', #8722, 1000.000000000000114 ) ;
#6878 = ORIENTED_EDGE ( 'NONE', *, *, #7541, .F. ) ;
#6879 = ORIENTED_EDGE ( 'NONE', *, *, #626, .F. ) ;
#6880 = CARTESIAN_POINT ( 'NONE',  ( 4.166895196669485379, 39.54446977037137856, 58.86923132964525252 ) ) ;
#6881 = VECTOR ( 'NONE', #2109, 1000.000000000000000 ) ;
#6882 = VECTOR ( 'NONE', #2139, 1000.000000000000114 ) ;
#6883 = DIRECTION ( 'NONE',  ( -2.085715669636334030E-05, -1.303747464172781074E-20, -0.9999999997824895459 ) ) ;
#6884 = EDGE_CURVE ( 'NONE', #4482, #7029, #1740, .T. ) ;
#6885 = VERTEX_POINT ( 'NONE', #4503 ) ;
#6886 = CARTESIAN_POINT ( 'NONE',  ( -0.3431052787513928504, 27.95203658269705116, 57.73535079896972633 ) ) ;
#6887 = DIRECTION ( 'NONE',  ( 2.085715669603027678E-05, 1.303747464151961922E-20, 0.9999999997824895459 ) ) ;
#6888 = LINE ( 'NONE', #144, #1374 ) ;
#6889 = B_SPLINE_CURVE_WITH_KNOTS ( 'NONE', 3,
 ( #5228, #3856, #3271, #6095, #3900, #5326 ),
 .UNSPECIFIED., .F., .F.,
 ( 4, 2, 4 ),
 ( 0.0007767053311641519122, 0.001141783612570687048, 0.001506861893977222292 ),
 .UNSPECIFIED. ) ;
#6890 = ORIENTED_EDGE ( 'NONE', *, *, #3692, .T. ) ;
#6891 = ORIENTED_EDGE ( 'NONE', *, *, #8659, .T. ) ;
#6892 = CARTESIAN_POINT ( 'NONE',  ( 12.11513577063901437, -8.047034099919315508, 94.62330639589909254 ) ) ;
#6893 = AXIS2_PLACEMENT_3D ( 'NONE', #4939, #3475, #879 ) ;
#6894 = AXIS2_PLACEMENT_3D ( 'NONE', #1001, #5057, #959 ) ;
#6895 = LINE ( 'NONE', #4238, #6134 ) ;
#6896 = DIRECTION ( 'NONE',  ( 6.250839858758867238E-16, -1.000000000000000000, -7.292516007464944339E-32 ) ) ;
#6897 = ADVANCED_FACE ( 'NONE', ( #7289 ), #1059, .F. ) ;
#6898 = ORIENTED_EDGE ( 'NONE', *, *, #4165, .F. ) ;
#6899 = LINE ( 'NONE', #9005, #1835 ) ;
#6900 = CARTESIAN_POINT ( 'NONE',  ( 4.167145482549898361, 13.81402832956864479, 70.86923132703508088 ) ) ;
#6901 = DIRECTION ( 'NONE',  ( -1.000000000000000000, -4.044619988046513669E-19, -1.166244989663168160E-16 ) ) ;
#6902 = VERTEX_POINT ( 'NONE', #8577 ) ;
#6903 = CARTESIAN_POINT ( 'NONE',  ( -4.261326094600358161, 39.54446977037137145, 58.00338171440466795 ) ) ;
#6904 = VERTEX_POINT ( 'NONE', #2336 ) ;
#6905 = VECTOR ( 'NONE', #3268, 1000.000000000000000 ) ;
#6906 = SHAPE_DEFINITION_REPRESENTATION ( #8878, #297 ) ;
#6907 = EDGE_CURVE ( 'NONE', #9027, #3757, #7452, .T. ) ;
#6908 = CARTESIAN_POINT ( 'NONE',  ( 16.06737378838546704, -11.14049750970595909, 43.41020580400226692 ) ) ;
#6909 = EDGE_CURVE ( 'NONE', #1832, #1431, #770, .T. ) ;
#6910 = LINE ( 'NONE', #635, #8315 ) ;
#6911 = LINE ( 'NONE', #677, #5391 ) ;
#6912 = ORIENTED_EDGE ( 'NONE', *, *, #5508, .T. ) ;
#6913 = CARTESIAN_POINT ( 'NONE',  ( 2.167145482984909943, 27.95203658269705471, 70.86927304134847816 ) ) ;
#6914 = EDGE_LOOP ( 'NONE', ( #6730, #2653, #5869, #7994, #1236, #2736 ) ) ;
#6915 = ORIENTED_EDGE ( 'NONE', *, *, #5902, .T. ) ;
#6916 = VECTOR ( 'NONE', #5484, 1000.000000000000000 ) ;
#6917 = EDGE_CURVE ( 'NONE', #346, #742, #8902, .T. ) ;
#6918 = DIRECTION ( 'NONE',  ( -0.4999819370636950921, 0.000000000000000000, 0.8660358321744171528 ) ) ;
#6919 = VERTEX_POINT ( 'NONE', #2602 ) ;
#6920 = LINE ( 'NONE', #1410, #582 ) ;
#6921 = CARTESIAN_POINT ( 'NONE',  ( -0.3752417887738929148, 2.386298900080694452, 6.650000000000003020 ) ) ;
#6922 = DIRECTION ( 'NONE',  ( -0.8660358321744171528, -5.413451298869251709E-16, -0.4999819370636950921 ) ) ;
#6923 = EDGE_CURVE ( 'NONE', #3757, #854, #4702, .T. ) ;
#6924 = B_SPLINE_CURVE_WITH_KNOTS ( 'NONE', 3,
 ( #6530, #313, #1720, #7315 ),
 .UNSPECIFIED., .F., .F.,
 ( 4, 4 ),
 ( 0.000000000000000000, 1.000000000000000000 ),
 .UNSPECIFIED. ) ;
#6925 = EDGE_LOOP ( 'NONE', ( #2096, #6278, #3059, #3979 ) ) ;
#6926 = ORIENTED_EDGE ( 'NONE', *, *, #4129, .F. ) ;
#6927 = CARTESIAN_POINT ( 'NONE',  ( 2.167145482984918381, 13.81402832956864302, 70.86927304134847816 ) ) ;
#6928 = EDGE_CURVE ( 'NONE', #1308, #3987, #3325, .T. ) ;
#6929 = LINE ( 'NONE', #1509, #4698 ) ;
#6930 = ADVANCED_FACE ( 'NONE', ( #5431 ), #7380, .T. ) ;
#6931 = EDGE_LOOP ( 'NONE', ( #8324, #57, #394, #1003 ) ) ;
#6932 = CARTESIAN_POINT ( 'NONE',  ( 15.26517674950676273, 27.95203658269706182, 106.0900814992095036 ) ) ;
#6933 = PLANE ( 'NONE',  #8043 ) ;
#6934 = CARTESIAN_POINT ( 'NONE',  ( -0.7972300688743848562, 39.54446977037137856, 57.73536027072162113 ) ) ;
#6935 = VERTEX_POINT ( 'NONE', #8173 ) ;
#6936 = ORIENTED_EDGE ( 'NONE', *, *, #1680, .F. ) ;
#6937 = DIRECTION ( 'NONE',  ( 0.000000000000000000, 1.000000000000000000, 0.000000000000000000 ) ) ;
#6938 = ADVANCED_FACE ( 'NONE', ( #605 ), #7528, .T. ) ;
#6939 = VECTOR ( 'NONE', #5511, 1000.000000000000000 ) ;
#6940 = DIRECTION ( 'NONE',  ( 2.085715669603027678E-05, 1.303747464151961922E-20, 0.9999999997824895459 ) ) ;
#6941 = CARTESIAN_POINT ( 'NONE',  ( -4.261075808719962055, 39.54446977037137145, 70.00338171179448921 ) ) ;
#6942 = EDGE_CURVE ( 'NONE', #6500, #5298, #8032, .T. ) ;
#6943 = ORIENTED_EDGE ( 'NONE', *, *, #6909, .F. ) ;
#6944 = DIRECTION ( 'NONE',  ( 0.4999819370636951477, 0.000000000000000000, -0.8660358321744170418 ) ) ;
#6945 = DIRECTION ( 'NONE',  ( 6.250839858758867238E-16, -1.000000000000000000, -7.292516007464944339E-32 ) ) ;
#6946 = CARTESIAN_POINT ( 'NONE',  ( 10.80334715188311989, 13.81402832956865190, 50.00002012341207092 ) ) ;
#6947 = VERTEX_POINT ( 'NONE', #1148 ) ;
#6948 = CARTESIAN_POINT ( 'NONE',  ( -9.584195482858177684, 26.95203658269704050, 97.19034129655530307 ) ) ;
#6949 = ORIENTED_EDGE ( 'NONE', *, *, #5335, .F. ) ;
#6950 = EDGE_CURVE ( 'NONE', #7421, #231, #3373, .T. ) ;
#6951 = CARTESIAN_POINT ( 'NONE',  ( -0.3428494042127283037, 27.95203658269705116, 70.00329998873233706 ) ) ;
#6952 = CARTESIAN_POINT ( 'NONE',  ( -0.3427298499308583102, 27.95203658269705116, 75.73535079505445822 ) ) ;
#6953 = ADVANCED_FACE ( 'NONE', ( #1241 ), #472, .F. ) ;
#6954 = FACE_BOUND ( 'NONE', #5152, .T. ) ;
#6955 = CARTESIAN_POINT ( 'NONE',  ( -4.761308031664039042, 13.81402832956863946, 58.86941754657907921 ) ) ;
#6956 = DIRECTION ( 'NONE',  ( -0.4999819370636950921, -3.166443754200919549E-16, 0.8660358321744171528 ) ) ;
#6957 = VERTEX_POINT ( 'NONE', #4011 ) ;
#6958 = EDGE_CURVE ( 'NONE', #880, #8780, #1199, .T. ) ;
#6959 = CARTESIAN_POINT ( 'NONE',  ( 11.71517252853229785, -8.047816160113578476, 79.84966231818496851 ) ) ;
#6960 = DIRECTION ( 'NONE',  ( 0.000000000000000000, -1.734723475976805517E-15, -1.000000000000000000 ) ) ;
#6961 = PLANE ( 'NONE',  #7866 ) ;
#6962 = LINE ( 'NONE', #5640, #5413 ) ;
#6963 = ADVANCED_FACE ( 'NONE', ( #1838 ), #8856, .T. ) ;
#6964 = FACE_OUTER_BOUND ( 'NONE', #1458, .T. ) ;
#6965 = VERTEX_POINT ( 'NONE', #3234 ) ;
#6966 = VERTEX_POINT ( 'NONE', #4050 ) ;
#6967 = LINE ( 'NONE', #5682, #4945 ) ;
#6968 = VECTOR ( 'NONE', #6590, 1000.000000000000000 ) ;
#6969 = CARTESIAN_POINT ( 'NONE',  ( -3.261206540535973364, 39.54446977037137145, 63.73541166357004073 ) ) ;
#6970 = EDGE_LOOP ( 'NONE', ( #846, #2008, #97, #2863, #8190, #3943, #6704, #5613 ) ) ;
#6971 = CARTESIAN_POINT ( 'NONE',  ( 3.923262372798498099, 27.95203658269705116, 0.000000000000000000 ) ) ;
#6972 = DIRECTION ( 'NONE',  ( 6.250839858758867238E-16, -1.000000000000000000, -7.292516007464944339E-32 ) ) ;
#6973 = LINE ( 'NONE', #3424, #1517 ) ;
#6974 = EDGE_CURVE ( 'NONE', #451, #1356, #4648, .T. ) ;
#6975 = ORIENTED_EDGE ( 'NONE', *, *, #7308, .T. ) ;
#6976 = ORIENTED_EDGE ( 'NONE', *, *, #4359, .F. ) ;
#6977 = FACE_OUTER_BOUND ( 'NONE', #2992, .T. ) ;
#6978 = VECTOR ( 'NONE', #2730, 1000.000000000000000 ) ;
#6979 = CARTESIAN_POINT ( 'NONE',  ( 6.131056588520992001, 13.81402832956864657, 61.73521576723111792 ) ) ;
#6980 = DIRECTION ( 'NONE',  ( 0.9999999997824894349, 0.000000000000000000, -2.085715669603027339E-05 ) ) ;
#6981 = FACE_OUTER_BOUND ( 'NONE', #4354, .T. ) ;
#6982 = ORIENTED_EDGE ( 'NONE', *, *, #8827, .T. ) ;
#6983 = EDGE_LOOP ( 'NONE', ( #3839, #2406, #1035, #1312 ) ) ;
#6984 = CARTESIAN_POINT ( 'NONE',  ( 27.62143441294405122, 27.95203658269706892, 98.95584918503996619 ) ) ;
#6985 = VECTOR ( 'NONE', #8640, 1000.000000000000000 ) ;
#6986 = CARTESIAN_POINT ( 'NONE',  ( -54.89290318739411845, -7.213701099919307858, 43.35000000000000853 ) ) ;
#6987 = ORIENTED_EDGE ( 'NONE', *, *, #2085, .F. ) ;
#6988 = LINE ( 'NONE', #5071, #1472 ) ;
#6989 = VECTOR ( 'NONE', #8892, 1000.000000000000114 ) ;
#6990 = ORIENTED_EDGE ( 'NONE', *, *, #6342, .T. ) ;
#6991 = AXIS2_PLACEMENT_3D ( 'NONE', #946, #2176, #4958 ) ;
#6992 = STYLED_ITEM ( 'NONE', ( #5975 ), #1520 ) ;
#6993 = DIRECTION ( 'NONE',  ( 1.000000000000000000, 3.566598099370971597E-11, -1.236921409301008028E-13 ) ) ;
#6994 = PLANE ( 'NONE',  #609 ) ;
#6995 = FACE_OUTER_BOUND ( 'NONE', #8707, .T. ) ;
#6996 = AXIS2_PLACEMENT_3D ( 'NONE', #888, #7081, #2848 ) ;
#6997 = VERTEX_POINT ( 'NONE', #2462 ) ;
#6998 = CARTESIAN_POINT ( 'NONE',  ( -4.261242665973544064, 13.81402832956864124, 62.00338171353458705 ) ) ;
#6999 = LINE ( 'NONE', #769, #507 ) ;
#7000 = VECTOR ( 'NONE', #3777, 1000.000000000000114 ) ;
#7001 = LINE ( 'NONE', #5766, #6583 ) ;
#7002 = CARTESIAN_POINT ( 'NONE',  ( 2.667210848675414248, 13.81402832956864657, 74.00323720830402863 ) ) ;
#7003 = LINE ( 'NONE', #773, #3243 ) ;
#7004 = EDGE_CURVE ( 'NONE', #2135, #2318, #6746, .T. ) ;
#7005 = VERTEX_POINT ( 'NONE', #7338 ) ;
#7006 = CARTESIAN_POINT ( 'NONE',  ( -0.3752417887738916935, -4.613701099919306436, 3.650000000000000355 ) ) ;
#7007 = DIRECTION ( 'NONE',  ( 0.000000000000000000, 1.000000000000000000, 2.168404344971008375E-16 ) ) ;
#7008 = ADVANCED_FACE ( 'NONE', ( #1102 ), #6018, .F. ) ;
#7009 = EDGE_LOOP ( 'NONE', ( #2431, #3199, #3202, #3327 ) ) ;
#7010 = ORIENTED_EDGE ( 'NONE', *, *, #5347, .T. ) ;
#7011 = DIRECTION ( 'NONE',  ( 6.250839858758867238E-16, -1.000000000000000000, -7.292516007464944339E-32 ) ) ;
#7012 = AXIS2_PLACEMENT_3D ( 'NONE', #5940, #2484, #6490 ) ;
#7013 = ORIENTED_EDGE ( 'NONE', *, *, #1639, .F. ) ;
#7014 = VECTOR ( 'NONE', #775, 1000.000000000000114 ) ;
#7015 = CIRCLE ( 'NONE', #39, 1.049999999999988498 ) ;
#7016 = LINE ( 'NONE', #56, #6435 ) ;
#7017 = EDGE_LOOP ( 'NONE', ( #501, #2691, #1822, #4066, #5468, #6237 ) ) ;
#7018 = LINE ( 'NONE', #4973, #5360 ) ;
#7019 = DIRECTION ( 'NONE',  ( 0.5000180627187940097, 3.125532836542028723E-16, 0.8660149750177211780 ) ) ;
#7020 = VECTOR ( 'NONE', #8268, 1000.000000000000227 ) ;
#7021 = CARTESIAN_POINT ( 'NONE',  ( 2.666913259823311400, 13.81402832956864479, 59.73528801897636242 ) ) ;
#7022 = EDGE_LOOP ( 'NONE', ( #5757, #2368, #4581, #2610 ) ) ;
#7023 = CARTESIAN_POINT ( 'NONE',  ( -12.79665752117041677, -37.99788827074433328, 97.19034129655530307 ) ) ;
#7024 = VECTOR ( 'NONE', #8564, 1000.000000000000227 ) ;
#7025 = VECTOR ( 'NONE', #6363, 1000.000000000000114 ) ;
#7026 = EDGE_CURVE ( 'NONE', #1962, #8571, #7568, .T. ) ;
#7027 = CARTESIAN_POINT ( 'NONE',  ( 3.624758211226108084, 2.386298900080694896, 109.3221854111122013 ) ) ;
#7028 = PLANE ( 'NONE',  #1493 ) ;
#7029 = VERTEX_POINT ( 'NONE', #5559 ) ;
#7030 = DIRECTION ( 'NONE',  ( -0.4999819370636952032, -3.125307020857213572E-16, 0.8660358321744170418 ) ) ;
#7031 = CIRCLE ( 'NONE', #8348, 1.000000000000000888 ) ;
#7032 = CARTESIAN_POINT ( 'NONE',  ( -2.943726089327328174E-15, 2.208813644678182975, -9.396829529913873101E-31 ) ) ;
#7033 = ORIENTED_EDGE ( 'NONE', *, *, #6486, .F. ) ;
#7034 = DIRECTION ( 'NONE',  ( -1.000000000000000000, 3.469446951953611033E-15, 0.000000000000000000 ) ) ;
#7035 = EDGE_CURVE ( 'NONE', #5386, #1326, #7016, .T. ) ;
#7036 = ORIENTED_EDGE ( 'NONE', *, *, #2088, .F. ) ;
#7037 = AXIS2_PLACEMENT_3D ( 'NONE', #1465, #2194, #8483 ) ;
#7038 = EDGE_CURVE ( 'NONE', #3872, #2352, #2782, .T. ) ;
#7039 = LINE ( 'NONE', #1397, #1046 ) ;
#7040 = EDGE_CURVE ( 'NONE', #5643, #5945, #823, .T. ) ;
#7041 = CARTESIAN_POINT ( 'NONE',  ( 2.667080117076900070, 27.95203658269705116, 67.73528801723624326 ) ) ;
#7042 = CARTESIAN_POINT ( 'NONE',  ( -1.925241788773891960, -4.613701099919306436, 50.00000000000000000 ) ) ;
#7043 = VECTOR ( 'NONE', #2814, 1000.000000000000000 ) ;
#7044 = ORIENTED_EDGE ( 'NONE', *, *, #8101, .F. ) ;
#7045 = FACE_OUTER_BOUND ( 'NONE', #5663, .T. ) ;
#7046 = PLANE ( 'NONE',  #8796 ) ;
#7047 = EDGE_CURVE ( 'NONE', #5645, #266, #2806, .T. ) ;
#7048 = CARTESIAN_POINT ( 'NONE',  ( -2.761224603472276939, 39.54446977037137145, 62.86937583139560815 ) ) ;
#7049 = DIRECTION ( 'NONE',  ( -0.9999999997824894349, -6.383781515425612638E-16, 2.085715669636333691E-05 ) ) ;
#7050 = LINE ( 'NONE', #6405, #54 ) ;
#7051 = VERTEX_POINT ( 'NONE', #1417 ) ;
#7052 = CARTESIAN_POINT ( 'NONE',  ( -10.59190878877379305, -8.791186355321823243, 86.10127056713264437 ) ) ;
#7053 = ORIENTED_EDGE ( 'NONE', *, *, #2567, .T. ) ;
#7054 = ORIENTED_EDGE ( 'NONE', *, *, #4644, .F. ) ;
#7055 = DIRECTION ( 'NONE',  ( 1.000000000000000000, 0.000000000000000000, 0.000000000000000000 ) ) ;
#7056 = ORIENTED_EDGE ( 'NONE', *, *, #4631, .T. ) ;
#7057 = VECTOR ( 'NONE', #829, 1000.000000000000000 ) ;
#7058 = DIRECTION ( 'NONE',  ( -0.5000180627187938986, -3.217337761224690623E-16, -0.8660149750177210670 ) ) ;
#7059 = EDGE_LOOP ( 'NONE', ( #4099, #2544, #1200, #8873 ) ) ;
#7060 = DIRECTION ( 'NONE',  ( -0.5000180627187938986, -3.217337761224690623E-16, -0.8660149750177210670 ) ) ;
#7061 = CARTESIAN_POINT ( 'NONE',  ( 16.30391847102363556, -11.79118635532180903, 79.86261211800061233 ) ) ;
#7062 = CARTESIAN_POINT ( 'NONE',  ( -1.297248131593157661, 13.81402832956864124, 56.86934529570390140 ) ) ;
#7063 = EDGE_LOOP ( 'NONE', ( #2101, #4006, #1875, #1273, #2952, #306 ) ) ;
#7064 = LINE ( 'NONE', #4979, #7057 ) ;
#7065 = EDGE_CURVE ( 'NONE', #4299, #451, #6, .T. ) ;
#7066 = EDGE_CURVE ( 'NONE', #4571, #3886, #8433, .T. ) ;
#7067 = AXIS2_PLACEMENT_3D ( 'NONE', #5878, #7896, #1658 ) ;
#7068 = CARTESIAN_POINT ( 'NONE',  ( 10.95809121122617924, 23.95296590008068449, 82.35127056713264437 ) ) ;
#7069 = DIRECTION ( 'NONE',  ( 0.9999999997824894349, 6.383781515425612638E-16, -2.085715669603027339E-05 ) ) ;
#7070 = DIRECTION ( 'NONE',  ( -8.697263650985211814E-17, -0.9999939862973237226, 0.003468049767204129177 ) ) ;
#7071 = EDGE_LOOP ( 'NONE', ( #8876, #974, #1349, #722, #538, #4280 ) ) ;
#7072 = CARTESIAN_POINT ( 'NONE',  ( 16.71811679700094899, -8.047960712973118547, 85.36695379598252487 ) ) ;
#7073 = CARTESIAN_POINT ( 'NONE',  ( -0.3752417887738960234, 9.386298900080694452, 43.35000000000000853 ) ) ;
#7074 = PLANE ( 'NONE',  #5723 ) ;
#7075 = ORIENTED_EDGE ( 'NONE', *, *, #352, .T. ) ;
#7076 = CARTESIAN_POINT ( 'NONE',  ( -16.39812996423725977, 26.95203658269703695, 96.19034129655530307 ) ) ;
#7077 = ADVANCED_FACE ( 'NONE', ( #4180 ), #4924, .T. ) ;
#7078 = ORIENTED_EDGE ( 'NONE', *, *, #2237, .T. ) ;
#7079 = ADVANCED_FACE ( 'NONE', ( #4830 ), #5472, .T. ) ;
#7080 = FACE_OUTER_BOUND ( 'NONE', #1840, .T. ) ;
#7081 = DIRECTION ( 'NONE',  ( 0.8660358321744171528, 5.413451298869251709E-16, 0.4999819370636952032 ) ) ;
#7082 = CARTESIAN_POINT ( 'NONE',  ( -16.39812996423722780, -11.79118635532182680, 43.35000000000000853 ) ) ;
#7083 = ADVANCED_FACE ( 'NONE', ( #6290 ), #5608, .T. ) ;
#7084 = ORIENTED_EDGE ( 'NONE', *, *, #5402, .F. ) ;
#7085 = FACE_BOUND ( 'NONE', #883, .T. ) ;
#7086 = LINE ( 'NONE', #8419, #3691 ) ;
#7087 = VECTOR ( 'NONE', #3685, 1000.000000000000114 ) ;
#7088 = LINE ( 'NONE', #2943, #1949 ) ;
#7089 = CARTESIAN_POINT ( 'NONE',  ( 5.631121954428985887, 39.54446977037137145, 64.86920079134334571 ) ) ;
#7090 = PLANE ( 'NONE',  #2676 ) ;
#7091 = ORIENTED_EDGE ( 'NONE', *, *, #1970, .F. ) ;
#7092 = DIRECTION ( 'NONE',  ( 0.5000180627187942317, 0.000000000000000000, 0.8660149750177208450 ) ) ;
#7093 = CARTESIAN_POINT ( 'NONE',  ( 10.95809121122619167, -8.791186355321812584, 86.10127056713264437 ) ) ;
#7094 = CARTESIAN_POINT ( 'NONE',  ( -7.725469423298021887, 13.81402832956863946, 56.00345396614989824 ) ) ;
#7095 = ORIENTED_EDGE ( 'NONE', *, *, #3737, .F. ) ;
#7096 = EDGE_LOOP ( 'NONE', ( #125, #1781, #2528, #5774, #3095, #5967 ) ) ;
#7097 = DIRECTION ( 'NONE',  ( 6.348176284925190171E-16, -1.000000000000000000, 2.925052111754154507E-18 ) ) ;
#7098 = ORIENTED_EDGE ( 'NONE', *, *, #4391, .F. ) ;
#7099 = FACE_OUTER_BOUND ( 'NONE', #6122, .T. ) ;
#7100 = ORIENTED_EDGE ( 'NONE', *, *, #7887, .T. ) ;
#7101 = LINE ( 'NONE', #4318, #1459 ) ;
#7102 = CARTESIAN_POINT ( 'NONE',  ( -4.261039683064853811, 13.81402832956864124, 71.73543251898661310 ) ) ;
#7103 = LINE ( 'NONE', #2327, #6450 ) ;
#7104 = ORIENTED_EDGE ( 'NONE', *, *, #2310, .F. ) ;
#7105 = EDGE_LOOP ( 'NONE', ( #1880, #8508, #5810, #3818, #521, #7785 ) ) ;
#7106 = LINE ( 'NONE', #6468, #82 ) ;
#7107 = DIRECTION ( 'NONE',  ( -1.000000000000000000, 0.000000000000000000, 0.000000000000000000 ) ) ;
#7108 = LINE ( 'NONE', #7720, #7123 ) ;
#7109 = DIRECTION ( 'NONE',  ( 0.4999819370636950921, 3.125307020857212586E-16, -0.8660358321744171528 ) ) ;
#7110 = ORIENTED_EDGE ( 'NONE', *, *, #2360, .T. ) ;
#7111 = LINE ( 'NONE', #4423, #2708 ) ;
#7112 = LINE ( 'NONE', #22, #5406 ) ;
#7113 = CARTESIAN_POINT ( 'NONE',  ( -6.225284503543141668, 13.81402832956863946, 64.86944808227079307 ) ) ;
#7114 = EDGE_LOOP ( 'NONE', ( #3758, #1595, #6141, #8500 ) ) ;
#7115 = LINE ( 'NONE', #5208, #1757 ) ;
#7116 = ADVANCED_FACE ( 'NONE', ( #786 ), #2827, .F. ) ;
#7117 = VERTEX_POINT ( 'NONE', #6334 ) ;
#7118 = AXIS2_PLACEMENT_3D ( 'NONE', #5873, #5328, #6685 ) ;
#7119 = CARTESIAN_POINT ( 'NONE',  ( 6.131187320119480866, 39.54446977037137856, 68.00316495829888197 ) ) ;
#7120 = ADVANCED_FACE ( 'NONE', ( #3459 ), #100, .T. ) ;
#7121 = EDGE_CURVE ( 'NONE', #5269, #410, #6929, .T. ) ;
#7122 = CIRCLE ( 'NONE', #8731, 4.000000000000000888 ) ;
#7123 = VECTOR ( 'NONE', #1475, 1000.000000000000114 ) ;
#7124 = CARTESIAN_POINT ( 'NONE',  ( -16.98391640186415330, 27.95203658269703695, 43.35000000000000853 ) ) ;
#7125 = LINE ( 'NONE', #1117, #7735 ) ;
#7126 = VECTOR ( 'NONE', #2819, 1000.000000000000114 ) ;
#7127 = FACE_BOUND ( 'NONE', #5459, .T. ) ;
#7128 = ORIENTED_EDGE ( 'NONE', *, *, #2745, .T. ) ;
#7129 = DIRECTION ( 'NONE',  ( -0.5000180627187938986, 0.000000000000000000, -0.8660149750177210670 ) ) ;
#7130 = CARTESIAN_POINT ( 'NONE',  ( 7.131223445557074214, 27.95203658269705471, 69.73519490833432144 ) ) ;
#7131 = AXIS2_PLACEMENT_3D ( 'NONE', #2987, #3583, #3668 ) ;
#7132 = EDGE_CURVE ( 'NONE', #6011, #3277, #4275, .T. ) ;
#7133 = CARTESIAN_POINT ( 'NONE',  ( -0.3430162614662964904, 27.95203658269705116, 62.00329999047247753 ) ) ;
#7134 = FACE_OUTER_BOUND ( 'NONE', #5989, .T. ) ;
#7135 = VECTOR ( 'NONE', #2090, 1000.000000000000000 ) ;
#7136 = DIRECTION ( 'NONE',  ( 1.000000000000000000, -0.000000000000000000, -0.000000000000000000 ) ) ;
#7137 = ORIENTED_EDGE ( 'NONE', *, *, #2069, .T. ) ;
#7138 = LINE ( 'NONE', #3753, #6577 ) ;
#7139 = EDGE_CURVE ( 'NONE', #7919, #4866, #4139, .T. ) ;
#7140 = DIRECTION ( 'NONE',  ( 6.250839858758867238E-16, -1.000000000000000000, -7.292516007464944339E-32 ) ) ;
#7141 = ORIENTED_EDGE ( 'NONE', *, *, #4295, .T. ) ;
#7142 = EDGE_LOOP ( 'NONE', ( #546, #1819, #6208, #5733, #6090, #5606 ) ) ;
#7143 = CARTESIAN_POINT ( 'NONE',  ( 16.71813220208183992, 23.95296606114143145, 79.73869531464191596 ) ) ;
#7144 = ORIENTED_EDGE ( 'NONE', *, *, #2118, .F. ) ;
#7145 = VECTOR ( 'NONE', #2842, 1000.000000000000227 ) ;
#7146 = ADVANCED_FACE ( 'NONE', ( #8952 ), #656, .T. ) ;
#7147 = DIRECTION ( 'NONE',  ( -0.5000180627187942317, -3.125532836542028723E-16, -0.8660149750177209560 ) ) ;
#7148 = ORIENTED_EDGE ( 'NONE', *, *, #6250, .F. ) ;
#7149 = LINE ( 'NONE', #3554, #1 ) ;
#7150 = EDGE_CURVE ( 'NONE', #6011, #6588, #6240, .T. ) ;
#7151 = DIRECTION ( 'NONE',  ( 6.250839858758867238E-16, -1.000000000000000000, -7.292516007464944339E-32 ) ) ;
#7152 = AXIS2_PLACEMENT_3D ( 'NONE', #6173, #569, #8090 ) ;
#7153 = VECTOR ( 'NONE', #2924, 1000.000000000000114 ) ;
#7154 = DIRECTION ( 'NONE',  ( -5.755241453125612600E-16, 1.000000000000000000, 0.000000000000000000 ) ) ;
#7155 = ORIENTED_EDGE ( 'NONE', *, *, #2949, .F. ) ;
#7156 = ORIENTED_EDGE ( 'NONE', *, *, #6692, .F. ) ;
#7157 = DIRECTION ( 'NONE',  ( 1.000000000000000000, 6.383782126896855077E-16, 1.166244917344064875E-16 ) ) ;
#7158 = AXIS2_PLACEMENT_3D ( 'NONE', #3774, #380, #968 ) ;
#7159 = VECTOR ( 'NONE', #6495, 1000.000000000000114 ) ;
#7160 = EDGE_CURVE ( 'NONE', #3886, #8703, #7276, .T. ) ;
#7161 = FACE_OUTER_BOUND ( 'NONE', #2892, .T. ) ;
#7162 = AXIS2_PLACEMENT_3D ( 'NONE', #6026, #1671, #3831 ) ;
#7163 = DIRECTION ( 'NONE',  ( 1.000000000000000000, 5.755241453125620489E-16, 0.000000000000000000 ) ) ;
#7164 = DIRECTION ( 'NONE',  ( 6.383782126896855077E-16, -1.000000000000000000, 2.925052111754154507E-18 ) ) ;
#7165 = ORIENTED_EDGE ( 'NONE', *, *, #7632, .T. ) ;
#7166 = DIRECTION ( 'NONE',  ( 4.635031619447300390E-16, -1.000000000000000000, 2.925052111754154507E-18 ) ) ;
#7167 = LINE ( 'NONE', #2162, #7153 ) ;
#7168 = DIRECTION ( 'NONE',  ( 0.9999999997824894349, 6.383781515425612638E-16, -2.085715669603027339E-05 ) ) ;
#7169 = VERTEX_POINT ( 'NONE', #1553 ) ;
#7170 = LINE ( 'NONE', #5710, #7273 ) ;
#7171 = VECTOR ( 'NONE', #5952, 1000.000000000000114 ) ;
#7172 = VECTOR ( 'NONE', #8143, 1000.000000000000114 ) ;
#7173 = ORIENTED_EDGE ( 'NONE', *, *, #1815, .F. ) ;
#7174 = EDGE_CURVE ( 'NONE', #2455, #3757, #776, .T. ) ;
#7175 = AXIS2_PLACEMENT_3D ( 'NONE', #1259, #2714, #1164 ) ;
#7176 = LINE ( 'NONE', #300, #8198 ) ;
#7177 = DIRECTION ( 'NONE',  ( -0.5000180627187942317, -3.125532836542028723E-16, -0.8660149750177209560 ) ) ;
#7178 = DIRECTION ( 'NONE',  ( 3.566597774073834078E-11, -0.9999999996567808802, -2.619996788079515497E-05 ) ) ;
#7179 = ORIENTED_EDGE ( 'NONE', *, *, #5911, .F. ) ;
#7180 = LINE ( 'NONE', #1628, #870 ) ;
#7181 = AXIS2_PLACEMENT_3D ( 'NONE', #7215, #4379, #3871 ) ;
#7182 = CARTESIAN_POINT ( 'NONE',  ( 7.631038525367165981, 39.54446977037137856, 60.86915907790000801 ) ) ;
#7183 = EDGE_CURVE ( 'NONE', #5095, #5896, #6544, .T. ) ;
#7184 = EDGE_CURVE ( 'NONE', #62, #350, #190, .T. ) ;
#7185 = LINE ( 'NONE', #1081, #896 ) ;
#7186 = VECTOR ( 'NONE', #7553, 1000.000000000000114 ) ;
#7187 = CARTESIAN_POINT ( 'NONE',  ( 6.625764905806940774, 2.386298900080696672, 50.00000000000000000 ) ) ;
#7188 = CARTESIAN_POINT ( 'NONE',  ( 6.458013252119162410E-15, -9.447034099919317640, 1.521385796634962373E-30 ) ) ;
#7189 = EDGE_LOOP ( 'NONE', ( #5320, #1678 ) ) ;
#7190 = LINE ( 'NONE', #3493, #7126 ) ;
#7191 = CARTESIAN_POINT ( 'NONE',  ( -11.39812996423726510, 27.60617413974073386, 49.99999999999999289 ) ) ;
#7192 = FACE_OUTER_BOUND ( 'NONE', #7665, .T. ) ;
#7193 = ORIENTED_EDGE ( 'NONE', *, *, #2635, .T. ) ;
#7194 = ORIENTED_EDGE ( 'NONE', *, *, #4435, .F. ) ;
#7195 = DIRECTION ( 'NONE',  ( -0.5000180627187942317, -3.125532836542028723E-16, -0.8660149750177209560 ) ) ;
#7196 = VERTEX_POINT ( 'NONE', #140 ) ;
#7197 = EDGE_CURVE ( 'NONE', #7, #3934, #5822, .T. ) ;
#7198 = EDGE_CURVE ( 'NONE', #1549, #11, #323, .T. ) ;
#7199 = CARTESIAN_POINT ( 'NONE',  ( 11.71517252853224456, 74.62243534352123220, 79.56295604753681516 ) ) ;
#7200 = ORIENTED_EDGE ( 'NONE', *, *, #2888, .T. ) ;
#7201 = FACE_OUTER_BOUND ( 'NONE', #2409, .T. ) ;
#7202 = DIRECTION ( 'NONE',  ( 0.5000180627187940097, 3.125532836542028723E-16, 0.8660149750177211780 ) ) ;
#7203 = CARTESIAN_POINT ( 'NONE',  ( -4.673745950346253508, -7.213701099919307858, 6.649999999999995914 ) ) ;
#7204 = ORIENTED_EDGE ( 'NONE', *, *, #5629, .T. ) ;
#7205 = PLANE ( 'NONE',  #5184 ) ;
#7206 = VECTOR ( 'NONE', #1699, 1000.000000000000000 ) ;
#7207 = EDGE_CURVE ( 'NONE', #8288, #7755, #6160, .T. ) ;
#7208 = DIRECTION ( 'NONE',  ( -0.9999999965290221615, 2.889523572836790403E-07, 8.331789900495606557E-05 ) ) ;
#7209 = VECTOR ( 'NONE', #7812, 1000.000000000000114 ) ;
#7210 = CARTESIAN_POINT ( 'NONE',  ( 6.210588304055171156E-15, -10.79118635532181791, 44.35000000000000853 ) ) ;
#7211 = DIRECTION ( 'NONE',  ( 5.755241451737143451E-16, -1.000000000000000000, 6.712021091176322394E-32 ) ) ;
#7212 = ORIENTED_EDGE ( 'NONE', *, *, #301, .F. ) ;
#7213 = DIRECTION ( 'NONE',  ( 1.000000000000000000, 0.000000000000000000, 0.000000000000000000 ) ) ;
#7214 = DIRECTION ( 'NONE',  ( 1.361274163578769539E-06, 0.000000000000000000, -0.9999999999990734079 ) ) ;
#7215 = CARTESIAN_POINT ( 'NONE',  ( -0.3752417887738929148, 2.386298900080694452, 3.650000000000000355 ) ) ;
#7216 = ORIENTED_EDGE ( 'NONE', *, *, #1156, .T. ) ;
#7217 = VERTEX_POINT ( 'NONE', #7937 ) ;
#7218 = LINE ( 'NONE', #3746, #914 ) ;
#7219 = LINE ( 'NONE', #5211, #4384 ) ;
#7220 = LINE ( 'NONE', #8050, #2919 ) ;
#7221 = VERTEX_POINT ( 'NONE', #237 ) ;
#7222 = DIRECTION ( 'NONE',  ( 0.5000180627187940097, 3.125532836542028723E-16, 0.8660149750177211780 ) ) ;
#7223 = DIRECTION ( 'NONE',  ( 6.348176284925190171E-16, -1.000000000000000000, 0.000000000000000000 ) ) ;
#7224 = ADVANCED_FACE ( 'NONE', ( #7099 ), #4448, .T. ) ;
#7225 = EDGE_CURVE ( 'NONE', #8774, #6808, #3633, .T. ) ;
#7226 = CARTESIAN_POINT ( 'NONE',  ( 15.88859581926469922, -11.91638811123407038, 50.00000000000000000 ) ) ;
#7227 = DIRECTION ( 'NONE',  ( -0.4999819370636950921, 0.000000000000000000, 0.8660358321744171528 ) ) ;
#7228 = CARTESIAN_POINT ( 'NONE',  ( 10.95733824136875612, -11.79118635532180903, 50.00000000000000000 ) ) ;
#7229 = DIRECTION ( 'NONE',  ( 0.4999819370636951477, 0.000000000000000000, -0.8660358321744170418 ) ) ;
#7230 = LINE ( 'NONE', #5864, #491 ) ;
#7231 = ORIENTED_EDGE ( 'NONE', *, *, #6128, .T. ) ;
#7232 = EDGE_LOOP ( 'NONE', ( #3952, #7642, #1828 ) ) ;
#7233 = LINE ( 'NONE', #992, #8875 ) ;
#7234 = ORIENTED_EDGE ( 'NONE', *, *, #6227, .F. ) ;
#7235 =( BOUNDED_CURVE ( )  B_SPLINE_CURVE ( 3, ( #9011, #7124, #8373, #1576 ),
 .UNSPECIFIED., .F., .T. ) 
 B_SPLINE_CURVE_WITH_KNOTS ( ( 4, 4 ),
 ( 3.141592653589792672, 4.712388980384689674 ),
 .UNSPECIFIED. ) 
 CURVE ( )  GEOMETRIC_REPRESENTATION_ITEM ( )  RATIONAL_B_SPLINE_CURVE ( ( 1.000000000000000000, 0.8047378541243649375, 0.8047378541243649375, 1.000000000000000000 ) ) 
 REPRESENTATION_ITEM ( '' )  );
#7236 = VECTOR ( 'NONE', #8110, 1000.000000000000114 ) ;
#7237 = ADVANCED_FACE ( 'NONE', ( #7838 ), #8609, .T. ) ;
#7238 = DIRECTION ( 'NONE',  ( -0.4999819370636950921, 0.000000000000000000, 0.8660358321744171528 ) ) ;
#7239 = EDGE_LOOP ( 'NONE', ( #8865, #4925, #8471, #5016, #5440, #4162 ) ) ;
#7240 = CARTESIAN_POINT ( 'NONE',  ( -24.54091488749539351, 27.95203658269703695, 101.1306408370934378 ) ) ;
#7241 = CARTESIAN_POINT ( 'NONE',  ( -6.725135709008331020, 13.81402832956864124, 72.00343310551296838 ) ) ;
#7242 = DIRECTION ( 'NONE',  ( 0.000000000000000000, -1.000000000000000000, -1.339658354568195596E-16 ) ) ;
#7243 = ORIENTED_EDGE ( 'NONE', *, *, #4681, .T. ) ;
#7244 = ORIENTED_EDGE ( 'NONE', *, *, #2311, .T. ) ;
#7245 = CARTESIAN_POINT ( 'NONE',  ( -16.39812996423723490, -7.213701099919282989, 43.35000000000000853 ) ) ;
#7246 = CARTESIAN_POINT ( 'NONE',  ( -17.84468183194762858, 27.95203658269704050, 104.9965265773366241 ) ) ;
#7247 = CARTESIAN_POINT ( 'NONE',  ( 11.71439336308818646, -8.047976023002181734, 85.95134639589115011 ) ) ;
#7248 = CARTESIAN_POINT ( 'NONE',  ( -6.725266440606837648, 13.81402832956863946, 65.73548391444522565 ) ) ;
#7249 = VERTEX_POINT ( 'NONE', #5777 ) ;
#7250 = LINE ( 'NONE', #3286, #7819 ) ;
#7251 = DIRECTION ( 'NONE',  ( 1.000000000000000000, 6.383782126896855077E-16, 1.166244917344064875E-16 ) ) ;
#7252 = CARTESIAN_POINT ( 'NONE',  ( -0.3430579757796885509, 27.95203658269705116, 60.00329999090754285 ) ) ;
#7253 = ORIENTED_EDGE ( 'NONE', *, *, #6928, .T. ) ;
#7254 = DIRECTION ( 'NONE',  ( 0.9999999997824894349, 6.250839857399241803E-16, -2.085715669636334030E-05 ) ) ;
#7255 = ORIENTED_EDGE ( 'NONE', *, *, #752, .T. ) ;
#7256 = LINE ( 'NONE', #5035, #4993 ) ;
#7257 = DIRECTION ( 'NONE',  ( -0.4999819370636952032, -3.125307020857213572E-16, 0.8660358321744170418 ) ) ;
#7258 = CARTESIAN_POINT ( 'NONE',  ( 2.667210848675414248, 13.81402832956864657, 74.00323720830402863 ) ) ;
#7259 = VECTOR ( 'NONE', #5147, 1000.000000000000114 ) ;
#7260 = VERTEX_POINT ( 'NONE', #2238 ) ;
#7261 = CARTESIAN_POINT ( 'NONE',  ( -8.225451360361734743, 39.54446977037136435, 56.86948979832430950 ) ) ;
#7262 = CYLINDRICAL_SURFACE ( 'NONE', #3262, 1.000000000000000888 ) ;
#7263 = CARTESIAN_POINT ( 'NONE',  ( 3.666913259605805386, 13.81402832956864479, 59.73526716181967799 ) ) ;
#7264 = CARTESIAN_POINT ( 'NONE',  ( 5.630955097175403878, 13.81402832956864479, 56.86920079308346487 ) ) ;
#7265 = CARTESIAN_POINT ( 'NONE',  ( 11.21809176883418857, -8.048591456244475140, 109.4411929170811817 ) ) ;
#7266 = LINE ( 'NONE', #3675, #1785 ) ;
#7267 = VECTOR ( 'NONE', #2877, 1000.000000000000000 ) ;
#7268 = EDGE_LOOP ( 'NONE', ( #1010, #5142, #7363, #1092, #1870, #36 ) ) ;
#7269 = ORIENTED_EDGE ( 'NONE', *, *, #467, .T. ) ;
#7270 = CARTESIAN_POINT ( 'NONE',  ( -3.261289969162755931, 13.81402832956864124, 59.73541166444011452 ) ) ;
#7271 = ORIENTED_EDGE ( 'NONE', *, *, #2865, .F. ) ;
#7272 = ORIENTED_EDGE ( 'NONE', *, *, #746, .T. ) ;
#7273 = VECTOR ( 'NONE', #934, 1000.000000000000114 ) ;
#7274 = VECTOR ( 'NONE', #361, 1000.000000000000000 ) ;
#7275 = EDGE_CURVE ( 'NONE', #4181, #1278, #5871, .T. ) ;
#7276 = LINE ( 'NONE', #2997, #1351 ) ;
#7277 = ORIENTED_EDGE ( 'NONE', *, *, #8643, .T. ) ;
#7278 = CARTESIAN_POINT ( 'NONE',  ( -6.725266440606854523, 39.54446977037137145, 65.73548391444522565 ) ) ;
#7279 = CARTESIAN_POINT ( 'NONE',  ( -14.38053850324995153, 27.95203658269704050, 106.9964543255914009 ) ) ;
#7280 = LINE ( 'NONE', #1048, #936 ) ;
#7281 = VERTEX_POINT ( 'NONE', #2412 ) ;
#7282 = ORIENTED_EDGE ( 'NONE', *, *, #6482, .T. ) ;
#7283 = CARTESIAN_POINT ( 'NONE',  ( -6.725385994888732455, 13.81402832956864124, 60.00343310812314002 ) ) ;
#7284 = CIRCLE ( 'NONE', #5539, 1.550000000000000266 ) ;
#7285 = FACE_BOUND ( 'NONE', #7071, .T. ) ;
#7286 = VECTOR ( 'NONE', #6805, 1000.000000000000114 ) ;
#7287 = VECTOR ( 'NONE', #7019, 999.9999999999998863 ) ;
#7288 = CARTESIAN_POINT ( 'NONE',  ( 29.12141634979025895, 27.95203658269706892, 98.08979249570882075 ) ) ;
#7289 = FACE_OUTER_BOUND ( 'NONE', #7339, .T. ) ;
#7290 = ORIENTED_EDGE ( 'NONE', *, *, #749, .F. ) ;
#7291 = CARTESIAN_POINT ( 'NONE',  ( 8.858091211226192030, 23.95296590008068449, 82.35127056713264437 ) ) ;
#7292 = DIRECTION ( 'NONE',  ( -2.406425471801890409E-18, 0.003468049767204245837, 0.9999939862973238336 ) ) ;
#7293 = LINE ( 'NONE', #7252, #7780 ) ;
#7294 = EDGE_LOOP ( 'NONE', ( #6248, #4081, #976, #7367 ) ) ;
#7295 = ORIENTED_EDGE ( 'NONE', *, *, #236, .F. ) ;
#7296 = CARTESIAN_POINT ( 'NONE',  ( -11.39812996423727043, -8.047034099919326167, 80.99505049563263981 ) ) ;
#7297 = VERTEX_POINT ( 'NONE', #5187 ) ;
#7298 = VECTOR ( 'NONE', #6993, 1000.000000000000000 ) ;
#7299 = CIRCLE ( 'NONE', #6426, 1.000000000000000888 ) ;
#7300 = ADVANCED_FACE ( 'NONE', ( #5098 ), #5053, .T. ) ;
#7301 = CARTESIAN_POINT ( 'NONE',  ( 3.624758211226107196, 2.208813644678184751, 6.649999999999999467 ) ) ;
#7302 = DIRECTION ( 'NONE',  ( 6.250839858758867238E-16, -1.000000000000000000, -7.292516007464944339E-32 ) ) ;
#7303 = VERTEX_POINT ( 'NONE', #915 ) ;
#7304 = ORIENTED_EDGE ( 'NONE', *, *, #6756, .T. ) ;
#7305 = VECTOR ( 'NONE', #6896, 1000.000000000000000 ) ;
#7306 = LINE ( 'NONE', #6576, #890 ) ;
#7307 = VECTOR ( 'NONE', #979, 1000.000000000000114 ) ;
#7308 = EDGE_CURVE ( 'NONE', #3145, #6821, #3683, .T. ) ;
#7309 = ORIENTED_EDGE ( 'NONE', *, *, #7526, .F. ) ;
#7310 = DIRECTION ( 'NONE',  ( 6.250839858758867238E-16, -1.000000000000000000, -7.292516007464944339E-32 ) ) ;
#7311 = EDGE_CURVE ( 'NONE', #4866, #3852, #6374, .T. ) ;
#7312 = AXIS2_PLACEMENT_3D ( 'NONE', #6790, #1786, #7336 ) ;
#7313 = EDGE_CURVE ( 'NONE', #6151, #5982, #4411, .T. ) ;
#7314 = FACE_OUTER_BOUND ( 'NONE', #4136, .T. ) ;
#7315 = CARTESIAN_POINT ( 'NONE',  ( 11.21813220212671425, 23.95296586630678704, 79.73865861237595709 ) ) ;
#7316 = LINE ( 'NONE', #315, #6107 ) ;
#7317 = VECTOR ( 'NONE', #1808, 999.9999999999998863 ) ;
#7318 = CARTESIAN_POINT ( 'NONE',  ( -4.261206540318451808, 13.81402832956864124, 63.73543252072671805 ) ) ;
#7319 = VERTEX_POINT ( 'NONE', #3727 ) ;
#7320 = ORIENTED_EDGE ( 'NONE', *, *, #3305, .F. ) ;
#7321 = CARTESIAN_POINT ( 'NONE',  ( -24.54091488749540773, 27.95203658269703695, 101.1306408370934236 ) ) ;
#7322 = ORIENTED_EDGE ( 'NONE', *, *, #2199, .F. ) ;
#7323 = VERTEX_POINT ( 'NONE', #1231 ) ;
#7324 = EDGE_CURVE ( 'NONE', #5424, #5973, #187, .T. ) ;
#7325 = AXIS2_PLACEMENT_3D ( 'NONE', #5205, #6478, #3828 ) ;
#7326 = EDGE_CURVE ( 'NONE', #7303, #4145, #6889, .T. ) ;
#7327 = FACE_OUTER_BOUND ( 'NONE', #8748, .T. ) ;
#7328 = ORIENTED_EDGE ( 'NONE', *, *, #3270, .T. ) ;
#7329 = DIRECTION ( 'NONE',  ( -1.000000000000000000, 0.000000000000000000, 0.000000000000000000 ) ) ;
#7330 = DIRECTION ( 'NONE',  ( -0.9999999997824894349, 0.000000000000000000, 2.085715669636333691E-05 ) ) ;
#7331 = DIRECTION ( 'NONE',  ( 0.4999819370636950921, 3.125307020857212586E-16, -0.8660358321744171528 ) ) ;
#7332 = ORIENTED_EDGE ( 'NONE', *, *, #6791, .F. ) ;
#7333 = ORIENTED_EDGE ( 'NONE', *, *, #2495, .T. ) ;
#7334 = FACE_OUTER_BOUND ( 'NONE', #7610, .T. ) ;
#7335 = AXIS2_PLACEMENT_3D ( 'NONE', #5641, #2180, #4964 ) ;
#7336 = DIRECTION ( 'NONE',  ( 1.000000000000000000, 0.000000000000000000, 0.000000000000000000 ) ) ;
#7337 = DIRECTION ( 'NONE',  ( -2.858278421438878884E-07, -2.619996788080427582E-05, 0.9999999996567400240 ) ) ;
#7338 = CARTESIAN_POINT ( 'NONE',  ( -7.725099583135735415, 13.81402832956863946, 73.73550476986180513 ) ) ;
#7339 = EDGE_LOOP ( 'NONE', ( #8812, #6380, #4952, #3638 ) ) ;
#7340 = PLANE ( 'NONE',  #2721 ) ;
#7341 = DIRECTION ( 'NONE',  ( 0.9999999999990735189, 4.635031659260987017E-16, 1.361274163578769751E-06 ) ) ;
#7342 = DIRECTION ( 'NONE',  ( -2.085715669636334030E-05, -1.303747464172781074E-20, -0.9999999997824895459 ) ) ;
#7343 = ORIENTED_EDGE ( 'NONE', *, *, #7700, .T. ) ;
#7344 = EDGE_LOOP ( 'NONE', ( #6611, #6990, #8466, #6220 ) ) ;
#7345 = SURFACE_STYLE_USAGE ( .BOTH. , #7908 ) ;
#7346 = ORIENTED_EDGE ( 'NONE', *, *, #5079, .T. ) ;
#7347 = ADVANCED_FACE ( 'NONE', ( #7414 ), #2547, .T. ) ;
#7348 = CARTESIAN_POINT ( 'NONE',  ( -9.784195482811799849, 23.95296590008067028, 85.39818524475184347 ) ) ;
#7349 = DIRECTION ( 'NONE',  ( 0.5000180627187940097, 3.125532836542028723E-16, 0.8660149750177211780 ) ) ;
#7350 = ORIENTED_EDGE ( 'NONE', *, *, #16, .F. ) ;
#7351 = ORIENTED_EDGE ( 'NONE', *, *, #7466, .F. ) ;
#7352 = DIRECTION ( 'NONE',  ( 0.8660358321744171528, 5.413451298869251709E-16, 0.4999819370636952032 ) ) ;
#7353 = ADVANCED_FACE ( 'NONE', ( #5279 ), #8114, .T. ) ;
#7354 = DIRECTION ( 'NONE',  ( 0.9999999997824894349, 6.383781515425612638E-16, -2.085715669603027339E-05 ) ) ;
#7355 = ORIENTED_EDGE ( 'NONE', *, *, #4792, .T. ) ;
#7356 = EDGE_LOOP ( 'NONE', ( #8334, #8934, #2275, #1909 ) ) ;
#7357 = CARTESIAN_POINT ( 'NONE',  ( -4.261242665973544064, 13.81402832956864124, 62.00338171353458705 ) ) ;
#7358 = ADVANCED_FACE ( 'NONE', ( #3132 ), #8702, .T. ) ;
#7359 = CARTESIAN_POINT ( 'NONE',  ( -5.824235094193059403, 2.386298900080692231, 43.35000000000000853 ) ) ;
#7360 = DIRECTION ( 'NONE',  ( 0.5000180627187942317, 3.217337761224692595E-16, 0.8660149750177208450 ) ) ;
#7361 = EDGE_CURVE ( 'NONE', #3174, #3571, #8161, .T. ) ;
#7362 = CARTESIAN_POINT ( 'NONE',  ( 16.71818173700939880, 27.83495781962105298, 9.590998314289917559 ) ) ;
#7363 = ORIENTED_EDGE ( 'NONE', *, *, #8962, .T. ) ;
#7364 = ORIENTED_EDGE ( 'NONE', *, *, #5850, .T. ) ;
#7365 = LINE ( 'NONE', #1866, #4315 ) ;
#7366 = VERTEX_POINT ( 'NONE', #8798 ) ;
#7367 = ORIENTED_EDGE ( 'NONE', *, *, #1692, .F. ) ;
#7368 = CARTESIAN_POINT ( 'NONE',  ( 0.7029187252254320839, 27.95203658269705116, 64.86930357965043470 ) ) ;
#7369 = ORIENTED_EDGE ( 'NONE', *, *, #2393, .T. ) ;
#7370 = DIRECTION ( 'NONE',  ( -0.8660149750177210670, -5.413320924122833812E-16, 0.5000180627187943427 ) ) ;
#7371 = DIRECTION ( 'NONE',  ( -0.000000000000000000, -0.000000000000000000, -1.000000000000000000 ) ) ;
#7372 = CARTESIAN_POINT ( 'NONE',  ( -4.673745950346255285, 11.32975269197696200, 6.650000000000003020 ) ) ;
#7374 = VERTEX_POINT ( 'NONE', #8017 ) ;
#7373 = VECTOR ( 'NONE', #2515, 1000.000000000000114 ) ;
#7375 = ORIENTED_EDGE ( 'NONE', *, *, #1416, .T. ) ;
#7376 = FACE_OUTER_BOUND ( 'NONE', #8355, .T. ) ;
#7377 = VECTOR ( 'NONE', #8351, 1000.000000000000000 ) ;
#7378 = FACE_OUTER_BOUND ( 'NONE', #4856, .T. ) ;
#7379 = CARTESIAN_POINT ( 'NONE',  ( 4.167228911176681372, 39.54446977037137856, 74.86923132616504972 ) ) ;
#7380 = PLANE ( 'NONE',  #3083 ) ;
#7381 = ORIENTED_EDGE ( 'NONE', *, *, #4783, .T. ) ;
#7382 = DIRECTION ( 'NONE',  ( 6.250839858758867238E-16, -1.000000000000000000, -7.292516007464944339E-32 ) ) ;
#7383 = CARTESIAN_POINT ( 'NONE',  ( 10.71818173700940058, 28.07818520967645526, 79.72434232171258373 ) ) ;
#7384 = CARTESIAN_POINT ( 'NONE',  ( 6.131140017147775012, 39.54446977037137856, 65.73521576636105124 ) ) ;
#7385 = ORIENTED_EDGE ( 'NONE', *, *, #6667, .T. ) ;
#7386 = ORIENTED_EDGE ( 'NONE', *, *, #7525, .F. ) ;
#7387 = LINE ( 'NONE', #7296, #2507 ) ;
#7388 = ORIENTED_EDGE ( 'NONE', *, *, #4871, .F. ) ;
#7389 = DIRECTION ( 'NONE',  ( 1.899869150899315584E-11, -2.925052099625803661E-18, -1.000000000000000000 ) ) ;
#7390 = DIRECTION ( 'NONE',  ( 0.4999819370636951477, 3.166443754200919549E-16, -0.8660358321744170418 ) ) ;
#7391 = EDGE_CURVE ( 'NONE', #5390, #657, #8066, .T. ) ;
#7392 = ORIENTED_EDGE ( 'NONE', *, *, #7047, .F. ) ;
#7393 = EDGE_LOOP ( 'NONE', ( #4728, #1237, #4773, #5782, #3356, #1207 ) ) ;
#7394 = CARTESIAN_POINT ( 'NONE',  ( -6.225284503543141668, 13.81402832956863946, 64.86944808227079307 ) ) ;
#7395 = EDGE_CURVE ( 'NONE', #6056, #2171, #6581, .T. ) ;
#7396 = CARTESIAN_POINT ( 'NONE',  ( 3.667127419831100354, 27.95203658269705471, 70.00321635201734694 ) ) ;
#7397 = ORIENTED_EDGE ( 'NONE', *, *, #3791, .T. ) ;
#7398 = CARTESIAN_POINT ( 'NONE',  ( 3.666996688232587953, 39.54446977037137856, 63.73526716094961131 ) ) ;
#7399 = ORIENTED_EDGE ( 'NONE', *, *, #7313, .T. ) ;
#7400 = EDGE_CURVE ( 'NONE', #2114, #5140, #8487, .T. ) ;
#7401 = ADVANCED_FACE ( 'NONE', ( #7327 ), #1916, .F. ) ;
#7402 = CARTESIAN_POINT ( 'NONE',  ( 2.666960562795017697, 13.81402832956864479, 62.00323721091416473 ) ) ;
#7403 = DIRECTION ( 'NONE',  ( 0.000000000000000000, 0.000000000000000000, 1.000000000000000000 ) ) ;
#7404 = CARTESIAN_POINT ( 'NONE',  ( -9.784195483035835750, 26.05203658269704192, 97.19034129655530307 ) ) ;
#7405 = CARTESIAN_POINT ( 'NONE',  ( 16.71808686645708164, -37.99787925054105386, 96.19034408870818709 ) ) ;
#7406 = ORIENTED_EDGE ( 'NONE', *, *, #1718, .T. ) ;
#7407 = EDGE_LOOP ( 'NONE', ( #2607, #3825, #4662, #2615 ) ) ;
#7408 = CARTESIAN_POINT ( 'NONE',  ( -0.7968963543671828686, 27.95203658269705116, 73.73536026724137571 ) ) ;
#7409 = ORIENTED_EDGE ( 'NONE', *, *, #401, .F. ) ;
#7410 = ORIENTED_EDGE ( 'NONE', *, *, #6448, .F. ) ;
#7411 = EDGE_CURVE ( 'NONE', #1257, #742, #6638, .T. ) ;
#7412 = EDGE_CURVE ( 'NONE', #6305, #3276, #7468, .T. ) ;
#7413 = VECTOR ( 'NONE', #7337, 1000.000000000000000 ) ;
#7414 = FACE_OUTER_BOUND ( 'NONE', #7713, .T. ) ;
#7415 = VERTEX_POINT ( 'NONE', #3221 ) ;
#7416 = FACE_OUTER_BOUND ( 'NONE', #5483, .T. ) ;
#7417 = LINE ( 'NONE', #1188, #3225 ) ;
#7418 = CARTESIAN_POINT ( 'NONE',  ( -3.260956254655577258, 39.54446977037137145, 75.73541166095988331 ) ) ;
#7419 = AXIS2_PLACEMENT_3D ( 'NONE', #7006, #8518, #2316 ) ;
#7420 = ORIENTED_EDGE ( 'NONE', *, *, #1984, .F. ) ;
#7421 = VERTEX_POINT ( 'NONE', #2640 ) ;
#7422 = FACE_OUTER_BOUND ( 'NONE', #4535, .T. ) ;
#7423 = ADVANCED_FACE ( 'NONE', ( #5415 ), #1827, .F. ) ;
#7424 = VECTOR ( 'NONE', #1447, 1000.000000000000000 ) ;
#7425 = VECTOR ( 'NONE', #2128, 1000.000000000000114 ) ;
#7426 = ADVANCED_FACE ( 'NONE', ( #1966 ), #4732, .F. ) ;
#7427 = FACE_BOUND ( 'NONE', #292, .T. ) ;
#7428 = DIRECTION ( 'NONE',  ( -0.8660358321744171528, -5.413451298869251709E-16, -0.4999819370636950921 ) ) ;
#7429 = CARTESIAN_POINT ( 'NONE',  ( 9.908091211226182082, 27.95203658269705826, 82.35127056713264437 ) ) ;
#7430 = VERTEX_POINT ( 'NONE', #7368 ) ;
#7431 = CARTESIAN_POINT ( 'NONE',  ( 8.175764905806939709, 2.386298900080696672, 50.00000000000000000 ) ) ;
#7432 = LINE ( 'NONE', #2738, #8183 ) ;
#7433 = AXIS2_PLACEMENT_3D ( 'NONE', #7445, #4798, #7540 ) ;
#7434 = DIRECTION ( 'NONE',  ( -0.000000000000000000, -0.000000000000000000, -1.000000000000000000 ) ) ;
#7435 = ORIENTED_EDGE ( 'NONE', *, *, #4115, .T. ) ;
#7436 = ORIENTED_EDGE ( 'NONE', *, *, #1398, .T. ) ;
#7437 = CARTESIAN_POINT ( 'NONE',  ( 23.92532649968401515, 27.95203658269706537, 101.0899008720215448 ) ) ;
#7438 = ORIENTED_EDGE ( 'NONE', *, *, #2622, .F. ) ;
#7439 = EDGE_CURVE ( 'NONE', #8885, #132, #1136, .T. ) ;
#7440 = AXIS2_PLACEMENT_3D ( 'NONE', #6205, #3377, #1151 ) ;
#7441 = CARTESIAN_POINT ( 'NONE',  ( -4.261242665973552946, 27.95203658269704761, 62.00338171353458705 ) ) ;
#7442 = DIRECTION ( 'NONE',  ( 0.9999999997824894349, 6.250839857399241803E-16, -2.085715669636334030E-05 ) ) ;
#7443 = ORIENTED_EDGE ( 'NONE', *, *, #8432, .F. ) ;
#7444 = ORIENTED_EDGE ( 'NONE', *, *, #4271, .T. ) ;
#7445 = CARTESIAN_POINT ( 'NONE',  ( -0.3752417887738929148, 2.386298900080694452, 6.650000000000003020 ) ) ;
#7446 = CARTESIAN_POINT ( 'NONE',  ( 16.71804960704500687, 24.05555427443514205, 109.3194693072250203 ) ) ;
#7447 = ORIENTED_EDGE ( 'NONE', *, *, #107, .T. ) ;
#7448 = LINE ( 'NONE', #3032, #5558 ) ;
#7449 = VECTOR ( 'NONE', #2401, 1000.000000000000114 ) ;
#7450 = VECTOR ( 'NONE', #8941, 1000.000000000000000 ) ;
#7451 = VERTEX_POINT ( 'NONE', #4040 ) ;
#7452 = CIRCLE ( 'NONE', #5557, 1.000000000000000888 ) ;
#7453 = AXIS2_PLACEMENT_3D ( 'NONE', #7119, #3836, #3707 ) ;
#7454 = CARTESIAN_POINT ( 'NONE',  ( 16.26259324590766653, -11.33566791306584065, 43.50774307950844388 ) ) ;
#7455 = LINE ( 'NONE', #1354, #7135 ) ;
#7456 = LINE ( 'NONE', #8976, #8592 ) ;
#7457 = CARTESIAN_POINT ( 'NONE',  ( -7.725135708790835665, 27.95203658269704761, 72.00345396266968123 ) ) ;
#7458 = VERTEX_POINT ( 'NONE', #7659 ) ;
#7459 = FACE_OUTER_BOUND ( 'NONE', #5310, .T. ) ;
#7460 = AXIS2_PLACEMENT_3D ( 'NONE', #2559, #5337, #3867 ) ;
#7461 = ORIENTED_EDGE ( 'NONE', *, *, #6210, .T. ) ;
#7462 = DIRECTION ( 'NONE',  ( -0.000000000000000000, -0.000000000000000000, 1.000000000000000000 ) ) ;
#7463 = ORIENTED_EDGE ( 'NONE', *, *, #4751, .F. ) ;
#7464 = AXIS2_PLACEMENT_3D ( 'NONE', #872, #7208, #2380 ) ;
#7465 = ADVANCED_FACE ( 'NONE', ( #9020 ), #5463, .T. ) ;
#7466 = EDGE_CURVE ( 'NONE', #4449, #1129, #8386, .T. ) ;
#7467 = VECTOR ( 'NONE', #7500, 1000.000000000000114 ) ;
#7468 = LINE ( 'NONE', #8747, #5999 ) ;
#7469 = ORIENTED_EDGE ( 'NONE', *, *, #2400, .F. ) ;
#7470 = CARTESIAN_POINT ( 'NONE',  ( -0.3428967071844292169, 27.95203658269705116, 67.73535079679457738 ) ) ;
#7471 = DIRECTION ( 'NONE',  ( -0.4999819370636950921, -3.166443754200919549E-16, 0.8660358321744171528 ) ) ;
#7472 = CARTESIAN_POINT ( 'NONE',  ( 10.71894041052342139, 27.95203658269705826, 79.72477981405995706 ) ) ;
#7473 = ORIENTED_EDGE ( 'NONE', *, *, #6244, .T. ) ;
#7474 = ORIENTED_EDGE ( 'NONE', *, *, #2354, .F. ) ;
#7475 = PLANE ( 'NONE',  #1005 ) ;
#7476 = EDGE_CURVE ( 'NONE', #6902, #3441, #3448, .T. ) ;
#7477 = VECTOR ( 'NONE', #2874, 1000.000000000000227 ) ;
#7478 = EDGE_CURVE ( 'NONE', #76, #5740, #2010, .T. ) ;
#7479 = FACE_OUTER_BOUND ( 'NONE', #3156, .T. ) ;
#7480 = CARTESIAN_POINT ( 'NONE',  ( 2.166895197104522275, 13.81402832956864302, 58.86927304395864269 ) ) ;
#7481 = DIRECTION ( 'NONE',  ( -0.9999999997824894349, 0.000000000000000000, 2.085715669636333691E-05 ) ) ;
#7482 = ORIENTED_EDGE ( 'NONE', *, *, #8658, .T. ) ;
#7483 = DIRECTION ( 'NONE',  ( -0.9999999997824894349, -6.383781515425612638E-16, 2.085715669636333691E-05 ) ) ;
#7484 = AXIS2_PLACEMENT_3D ( 'NONE', #6687, #3226, #7520 ) ;
#7485 = DIRECTION ( 'NONE',  ( 6.250839858758867238E-16, -1.000000000000000000, -7.292516007464944339E-32 ) ) ;
#7486 = EDGE_CURVE ( 'NONE', #8911, #3969, #5598, .T. ) ;
#7487 = PLANE ( 'NONE',  #3246 ) ;
#7488 = ADVANCED_FACE ( 'NONE', ( #4131 ), #2141, .T. ) ;
#7489 = ORIENTED_EDGE ( 'NONE', *, *, #8239, .F. ) ;
#7490 = EDGE_LOOP ( 'NONE', ( #3546, #5178, #4174, #8238 ) ) ;
#7491 =( BOUNDED_CURVE ( )  B_SPLINE_CURVE ( 3, ( #312, #5992, #7226, #402 ),
 .UNSPECIFIED., .F., .T. ) 
 B_SPLINE_CURVE_WITH_KNOTS ( ( 4, 4 ),
 ( 2.635817108975667011, 3.141592653589760253 ),
 .UNSPECIFIED. ) 
 CURVE ( )  GEOMETRIC_REPRESENTATION_ITEM ( )  RATIONAL_B_SPLINE_CURVE ( ( 1.000000000000000000, 0.9787959576086789903, 0.9787959576086789903, 1.000000000000000000 ) ) 
 REPRESENTATION_ITEM ( '' )  );
#7492 = CARTESIAN_POINT ( 'NONE',  ( 17.22925471273147480, 27.95203658269706182, 104.9560659376654428 ) ) ;
#7493 = VERTEX_POINT ( 'NONE', #7694 ) ;
#7494 = CARTESIAN_POINT ( 'NONE',  ( -12.79799817959111508, -8.047034099919326167, 80.99558840343834731 ) ) ;
#7495 = AXIS2_PLACEMENT_3D ( 'NONE', #5105, #5236, #4417 ) ;
#7496 = DIRECTION ( 'NONE',  ( 0.000000000000000000, 1.000000000000000000, 9.035018104045871927E-17 ) ) ;
#7497 = VERTEX_POINT ( 'NONE', #2771 ) ;
#7498 = ORIENTED_EDGE ( 'NONE', *, *, #2850, .F. ) ;
#7499 = CARTESIAN_POINT ( 'NONE',  ( 3.666996688232587953, 39.54446977037137856, 63.73526716094961131 ) ) ;
#7500 = DIRECTION ( 'NONE',  ( -0.9999999997824894349, -6.383781515425612638E-16, 2.085715669636333691E-05 ) ) ;
#7501 = ORIENTED_EDGE ( 'NONE', *, *, #4491, .F. ) ;
#7502 = LINE ( 'NONE', #6766, #2189 ) ;
#7503 = ORIENTED_EDGE ( 'NONE', *, *, #5977, .F. ) ;
#7504 = AXIS2_PLACEMENT_3D ( 'NONE', #5021, #1603, #2790 ) ;
#7505 = DIRECTION ( 'NONE',  ( 0.000000000000000000, 0.000000000000000000, 1.000000000000000000 ) ) ;
#7506 = DIRECTION ( 'NONE',  ( -6.348176284925190171E-16, 1.000000000000000000, -2.925052111754154507E-18 ) ) ;
#7507 = CARTESIAN_POINT ( 'NONE',  ( -4.261123111691661691, 27.95203658269704761, 67.73543251985667268 ) ) ;
#7508 = CARTESIAN_POINT ( 'NONE',  ( 9.908091211226203399, -8.047034099919311956, 86.10127056713264437 ) ) ;
#7509 = ORIENTED_EDGE ( 'NONE', *, *, #5477, .T. ) ;
#7510 = CARTESIAN_POINT ( 'NONE',  ( 7.131020462648376856, 39.54446977037137856, 60.00314410288227407 ) ) ;
#7511 = ORIENTED_EDGE ( 'NONE', *, *, #455, .T. ) ;
#7512 = LINE ( 'NONE', #5458, #7186 ) ;
#7513 = ORIENTED_EDGE ( 'NONE', *, *, #236, .T. ) ;
#7514 = EDGE_CURVE ( 'NONE', #2859, #6808, #1448, .T. ) ;
#7515 = EDGE_CURVE ( 'NONE', #711, #8256, #5547, .T. ) ;
#7516 = CARTESIAN_POINT ( 'NONE',  ( 6.625764905806940774, 2.386298900080696672, 50.00000000000000000 ) ) ;
#7517 = ORIENTED_EDGE ( 'NONE', *, *, #8871, .F. ) ;
#7518 = DIRECTION ( 'NONE',  ( -2.085715669636334030E-05, -1.303747464172781074E-20, -0.9999999997824895459 ) ) ;
#7519 = CARTESIAN_POINT ( 'NONE',  ( 3.666793705323914132, 13.81402832956864657, 54.00321635549759947 ) ) ;
#7520 = DIRECTION ( 'NONE',  ( 1.000000000000000000, 0.000000000000000000, 0.000000000000000000 ) ) ;
#7521 = ORIENTED_EDGE ( 'NONE', *, *, #195, .F. ) ;
#7522 = ORIENTED_EDGE ( 'NONE', *, *, #4950, .T. ) ;
#7523 = DIRECTION ( 'NONE',  ( 6.250839858758867238E-16, -1.000000000000000000, -7.292516007464944339E-32 ) ) ;
#7524 = VECTOR ( 'NONE', #4505, 999.9999999999998863 ) ;
#7525 = EDGE_CURVE ( 'NONE', #4380, #4145, #2177, .T. ) ;
#7526 = EDGE_CURVE ( 'NONE', #7845, #5343, #8937, .T. ) ;
#7527 = PLANE ( 'NONE',  #4959 ) ;
#7528 = PLANE ( 'NONE',  #6876 ) ;
#7529 = ORIENTED_EDGE ( 'NONE', *, *, #1134, .F. ) ;
#7530 = FACE_OUTER_BOUND ( 'NONE', #6812, .T. ) ;
#7531 = DIRECTION ( 'NONE',  ( -1.000000000000000000, 0.000000000000000000, 0.000000000000000000 ) ) ;
#7532 = EDGE_LOOP ( 'NONE', ( #662, #8087, #7255, #8146 ) ) ;
#7533 = VERTEX_POINT ( 'NONE', #4214 ) ;
#7534 = DIRECTION ( 'NONE',  ( 0.4999819370636950921, 3.125307020857212586E-16, -0.8660358321744171528 ) ) ;
#7535 = ORIENTED_EDGE ( 'NONE', *, *, #1406, .F. ) ;
#7536 = DIRECTION ( 'NONE',  ( 1.000000000000000000, 0.000000000000000000, 0.000000000000000000 ) ) ;
#7537 = FACE_OUTER_BOUND ( 'NONE', #8795, .T. ) ;
#7538 = VERTEX_POINT ( 'NONE', #91 ) ;
#7539 = LINE ( 'NONE', #1340, #7656 ) ;
#7540 = DIRECTION ( 'NONE',  ( 0.000000000000000000, 1.000000000000000000, 2.168404344971008375E-16 ) ) ;
#7541 = EDGE_CURVE ( 'NONE', #5982, #3814, #7003, .T. ) ;
#7542 = LINE ( 'NONE', #1950, #5002 ) ;
#7543 = ORIENTED_EDGE ( 'NONE', *, *, #3130, .F. ) ;
#7544 = CARTESIAN_POINT ( 'NONE',  ( 6.130937034239091865, 27.95203658269705471, 56.00316496090904650 ) ) ;
#7545 = ORIENTED_EDGE ( 'NONE', *, *, #2440, .F. ) ;
#7546 = PRODUCT_CONTEXT ( 'NONE', #4670, 'mechanical' ) ;
#7547 = DIRECTION ( 'NONE',  ( 0.8660149750177211780, 5.413320924122835784E-16, -0.5000180627187940097 ) ) ;
#7548 = DIRECTION ( 'NONE',  ( -0.4999819370636950921, -3.166443754200919549E-16, 0.8660358321744171528 ) ) ;
#7549 = DIRECTION ( 'NONE',  ( 3.566597774073834078E-11, -0.9999999996567808802, -2.619996788079515497E-05 ) ) ;
#7550 = ORIENTED_EDGE ( 'NONE', *, *, #4727, .T. ) ;
#7551 = CARTESIAN_POINT ( 'NONE',  ( -2.761391460725874492, 39.54446977037137145, 54.86937583313574152 ) ) ;
#7552 = ORIENTED_EDGE ( 'NONE', *, *, #1912, .T. ) ;
#7553 = DIRECTION ( 'NONE',  ( -0.9999999997824894349, -6.250839857399242789E-16, 2.085715669603027339E-05 ) ) ;
#7554 = VERTEX_POINT ( 'NONE', #8983 ) ;
#7555 = EDGE_CURVE ( 'NONE', #451, #4679, #2050, .T. ) ;
#7556 = DIRECTION ( 'NONE',  ( 6.250839858758867238E-16, -1.000000000000000000, -7.292516007464944339E-32 ) ) ;
#7557 = ORIENTED_EDGE ( 'NONE', *, *, #8936, .F. ) ;
#7558 = LINE ( 'NONE', #595, #5083 ) ;
#7559 = DIRECTION ( 'NONE',  ( -0.4999819370636950921, -3.166443754200919549E-16, 0.8660358321744171528 ) ) ;
#7560 = DIRECTION ( 'NONE',  ( -0.4999819370636950921, 0.000000000000000000, 0.8660358321744171528 ) ) ;
#7561 = ORIENTED_EDGE ( 'NONE', *, *, #5714, .T. ) ;
#7562 = ORIENTED_EDGE ( 'NONE', *, *, #5504, .F. ) ;
#7563 = LINE ( 'NONE', #5507, #280 ) ;
#7564 = VECTOR ( 'NONE', #192, 1000.000000000000000 ) ;
#7565 = EDGE_CURVE ( 'NONE', #1462, #7977, #2858, .T. ) ;
#7566 = AXIS2_PLACEMENT_3D ( 'NONE', #4985, #202, #2970 ) ;
#7567 = VECTOR ( 'NONE', #3398, 1000.000000000000000 ) ;
#7568 = LINE ( 'NONE', #7667, #8931 ) ;
#7569 = EDGE_LOOP ( 'NONE', ( #5923, #3932, #6949, #2614 ) ) ;
#7570 = CARTESIAN_POINT ( 'NONE',  ( 11.71439336311622093, -11.79118635532181081, 85.95124832390064284 ) ) ;
#7571 = LINE ( 'NONE', #8306, #3068 ) ;
#7572 = EDGE_CURVE ( 'NONE', #8607, #7660, #4960, .T. ) ;
#7573 = CARTESIAN_POINT ( 'NONE',  ( 6.131223445774573122, 39.54446977037137856, 69.73521576549100587 ) ) ;
#7574 = ORIENTED_EDGE ( 'NONE', *, *, #680, .T. ) ;
#7575 = VERTEX_POINT ( 'NONE', #6872 ) ;
#7576 = DIRECTION ( 'NONE',  ( -1.000000000000000000, 0.000000000000000000, 0.000000000000000000 ) ) ;
#7577 = VECTOR ( 'NONE', #2136, 1000.000000000000000 ) ;
#7578 = VECTOR ( 'NONE', #4067, 1000.000000000000114 ) ;
#7579 = FACE_OUTER_BOUND ( 'NONE', #1168, .T. ) ;
#7580 = VECTOR ( 'NONE', #5336, 1000.000000000000000 ) ;
#7581 = FACE_OUTER_BOUND ( 'NONE', #8275, .T. ) ;
#7582 = ORIENTED_EDGE ( 'NONE', *, *, #2131, .F. ) ;
#7583 = DIRECTION ( 'NONE',  ( 6.250839858758867238E-16, -1.000000000000000000, -7.292516007464944339E-32 ) ) ;
#7584 = PLANE ( 'NONE',  #456 ) ;
#7585 = CARTESIAN_POINT ( 'NONE',  ( 4.167145482549907243, 27.95203658269705471, 70.86923132703508088 ) ) ;
#7586 = ORIENTED_EDGE ( 'NONE', *, *, #6542, .F. ) ;
#7587 = CARTESIAN_POINT ( 'NONE',  ( 5.631288811682590101, 27.95203658269705471, 72.86920078960325498 ) ) ;
#7588 = ADVANCED_FACE ( 'NONE', ( #6150 ), #8938, .T. ) ;
#7589 = ORIENTED_EDGE ( 'NONE', *, *, #8468, .F. ) ;
#7590 = EDGE_CURVE ( 'NONE', #1288, #4467, #5499, .T. ) ;
#7591 = AXIS2_PLACEMENT_3D ( 'NONE', #5848, #3067, #3930 ) ;
#7592 = AXIS2_PLACEMENT_3D ( 'NONE', #1594, #3723, #272 ) ;
#7593 = EDGE_CURVE ( 'NONE', #4355, #7575, #438, .T. ) ;
#7594 = LINE ( 'NONE', #8834, #4235 ) ;
#7595 = VECTOR ( 'NONE', #6184, 1000.000000000000114 ) ;
#7596 = DIRECTION ( 'NONE',  ( 0.5000180627187942317, 0.000000000000000000, 0.8660149750177208450 ) ) ;
#7597 = VECTOR ( 'NONE', #5028, 1000.000000000000114 ) ;
#7598 = ADVANCED_FACE ( 'NONE', ( #8779 ), #853, .T. ) ;
#7599 = CARTESIAN_POINT ( 'NONE',  ( 7.631288811247578963, 13.81402832956864657, 72.86915907528985770 ) ) ;
#7600 = EDGE_CURVE ( 'NONE', #1064, #1141, #8052, .T. ) ;
#7601 = EDGE_LOOP ( 'NONE', ( #1128, #8179, #7834, #3316 ) ) ;
#7602 = CARTESIAN_POINT ( 'NONE',  ( -12.79809365867677506, -38.10046762489590577, 79.95385456348779485 ) ) ;
#7603 = ORIENTED_EDGE ( 'NONE', *, *, #5263, .T. ) ;
#7604 = DIRECTION ( 'NONE',  ( 6.250839858758867238E-16, -1.000000000000000000, -7.292516007464944339E-32 ) ) ;
#7605 = VERTEX_POINT ( 'NONE', #2314 ) ;
#7606 = VECTOR ( 'NONE', #520, 1000.000000000000000 ) ;
#7607 = VECTOR ( 'NONE', #6153, 1000.000000000000114 ) ;
#7608 = EDGE_CURVE ( 'NONE', #6521, #4487, #2226, .T. ) ;
#7609 = DIRECTION ( 'NONE',  ( 0.5000180627187942317, 3.217337761224692595E-16, 0.8660149750177208450 ) ) ;
#7610 = EDGE_LOOP ( 'NONE', ( #2024, #7144, #8699, #2361 ) ) ;
#7611 = LINE ( 'NONE', #5465, #5096 ) ;
#7612 = CARTESIAN_POINT ( 'NONE',  ( -7.641908788452353996, -9.447034099919322969, 80.99505052289663354 ) ) ;
#7613 = VECTOR ( 'NONE', #2735, 1000.000000000000114 ) ;
#7614 = AXIS2_PLACEMENT_3D ( 'NONE', #5862, #4351, #7229 ) ;
#7615 = CARTESIAN_POINT ( 'NONE',  ( 10.95809121122618102, 24.95203658269705826, 82.35127056713264437 ) ) ;
#7616 = ORIENTED_EDGE ( 'NONE', *, *, #5508, .F. ) ;
#7617 = ORIENTED_EDGE ( 'NONE', *, *, #5197, .F. ) ;
#7618 = EDGE_CURVE ( 'NONE', #3987, #8033, #265, .T. ) ;
#7619 = LINE ( 'NONE', #8217, #4485 ) ;
#7620 = EDGE_CURVE ( 'NONE', #7794, #3621, #2899, .T. ) ;
#7621 = VECTOR ( 'NONE', #3391, 1000.000000000000114 ) ;
#7622 = VECTOR ( 'NONE', #8338, 999.9999999999998863 ) ;
#7623 = CARTESIAN_POINT ( 'NONE',  ( -7.725219137417641768, 39.54446977037137145, 68.00345396353972660 ) ) ;
#7624 = VERTEX_POINT ( 'NONE', #6663 ) ;
#7625 = PLANE ( 'NONE',  #978 ) ;
#7626 = CARTESIAN_POINT ( 'NONE',  ( 7.631288811247562087, 39.54446977037137856, 72.86915907528985770 ) ) ;
#7627 = LINE ( 'NONE', #3597, #4712 ) ;
#7628 = VERTEX_POINT ( 'NONE', #1544 ) ;
#7629 = ORIENTED_EDGE ( 'NONE', *, *, #1376, .F. ) ;
#7630 = CARTESIAN_POINT ( 'NONE',  ( -0.7970993372758625739, 13.81402832956864657, 64.00330946178941360 ) ) ;
#7631 = VECTOR ( 'NONE', #7843, 1000.000000000000000 ) ;
#7632 = EDGE_CURVE ( 'NONE', #4504, #409, #5006, .T. ) ;
#7633 = EDGE_CURVE ( 'NONE', #4132, #5396, #3669, .T. ) ;
#7634 = AXIS2_PLACEMENT_3D ( 'NONE', #2375, #8615, #4452 ) ;
#7635 = CARTESIAN_POINT ( 'NONE',  ( 3.624758211226107196, 2.208813644678184751, 6.649999999999999467 ) ) ;
#7636 = LINE ( 'NONE', #5703, #7267 ) ;
#7637 = LINE ( 'NONE', #1338, #1940 ) ;
#7638 = ORIENTED_EDGE ( 'NONE', *, *, #7590, .F. ) ;
#7639 = FACE_OUTER_BOUND ( 'NONE', #1165, .T. ) ;
#7640 = DIRECTION ( 'NONE',  ( -0.4999819370636950921, -3.166443754200919549E-16, 0.8660358321744171528 ) ) ;
#7641 = CARTESIAN_POINT ( 'NONE',  ( -1.297081274339567880, 27.95203658269705116, 64.86934529396381777 ) ) ;
#7642 = ORIENTED_EDGE ( 'NONE', *, *, #2865, .T. ) ;
#7643 = DIRECTION ( 'NONE',  ( 6.250839858758867238E-16, -1.000000000000000000, -7.292516007464944339E-32 ) ) ;
#7644 = EDGE_CURVE ( 'NONE', #3483, #7217, #5257, .T. ) ;
#7645 = ORIENTED_EDGE ( 'NONE', *, *, #4515, .T. ) ;
#7646 = VECTOR ( 'NONE', #3485, 1000.000000000000000 ) ;
#7647 = EDGE_CURVE ( 'NONE', #1077, #5487, #7050, .T. ) ;
#7648 = CARTESIAN_POINT ( 'NONE',  ( -0.3752417887738960234, 9.386298900080694452, 50.00000000000000000 ) ) ;
#7649 = DIRECTION ( 'NONE',  ( 0.4999819370636950921, 3.125307020857212586E-16, -0.8660358321744171528 ) ) ;
#7650 = FACE_BOUND ( 'NONE', #3080, .T. ) ;
#7651 = ORIENTED_EDGE ( 'NONE', *, *, #3849, .F. ) ;
#7652 = CARTESIAN_POINT ( 'NONE',  ( 4.166811768042703257, 13.81402832956864479, 54.86923133051532631 ) ) ;
#7653 = CARTESIAN_POINT ( 'NONE',  ( -16.11261016759879183, 27.95203658269704050, 105.9964904514640125 ) ) ;
#7654 = EDGE_LOOP ( 'NONE', ( #6370, #6012, #7351, #3724 ) ) ;
#7655 = ADVANCED_FACE ( 'NONE', ( #3584 ), #4401, .F. ) ;
#7656 = VECTOR ( 'NONE', #8318, 1000.000000000000000 ) ;
#7657 = EDGE_CURVE ( 'NONE', #2593, #1754, #5809, .T. ) ;
#7658 = DIRECTION ( 'NONE',  ( -1.000000000000000000, -6.383782126896855077E-16, 0.000000000000000000 ) ) ;
#7659 = CARTESIAN_POINT ( 'NONE',  ( 3.667080116859402938, 13.81402832956864479, 67.73526716007955883 ) ) ;
#7660 = VERTEX_POINT ( 'NONE', #8465 ) ;
#7661 = CARTESIAN_POINT ( 'NONE',  ( 16.71813203811811732, -10.79118635532181258, 79.85914404737746963 ) ) ;
#7662 = DIRECTION ( 'NONE',  ( -1.000000000000000000, -6.383782126896855077E-16, -1.166244989663167914E-16 ) ) ;
#7663 = FACE_OUTER_BOUND ( 'NONE', #3193, .T. ) ;
#7664 = EDGE_LOOP ( 'NONE', ( #5759, #996, #4156, #3106 ) ) ;
#7665 = EDGE_LOOP ( 'NONE', ( #4126, #7951, #3851, #6187 ) ) ;
#7666 = DIRECTION ( 'NONE',  ( 0.4999819370636951477, 3.166443754200919549E-16, -0.8660358321744170418 ) ) ;
#7667 = CARTESIAN_POINT ( 'NONE',  ( 16.71824074827663509, 26.95203658269705826, 2.275810919101693371E-05 ) ) ;
#7668 = VERTEX_POINT ( 'NONE', #7790 ) ;
#7669 = CARTESIAN_POINT ( 'NONE',  ( 9.100377905247198029, 27.95203658269705826, 85.39818524475565198 ) ) ;
#7670 = DIRECTION ( 'NONE',  ( 0.9999999997824894349, 0.000000000000000000, -2.085715669603027339E-05 ) ) ;
#7671 = ORIENTED_EDGE ( 'NONE', *, *, #4164, .F. ) ;
#7672 = VERTEX_POINT ( 'NONE', #8727 ) ;
#7673 = PLANE ( 'NONE',  #1825 ) ;
#7674 = DIRECTION ( 'NONE',  ( -4.635031619447300390E-16, 1.000000000000000000, -2.925052111754154507E-18 ) ) ;
#7675 = LINE ( 'NONE', #2838, #3921 ) ;
#7676 = PLANE ( 'NONE',  #8477 ) ;
#7677 = EDGE_LOOP ( 'NONE', ( #4026, #5202, #5582, #8187 ) ) ;
#7678 = CARTESIAN_POINT ( 'NONE',  ( -3.261326094817848187, 13.81402832956864124, 58.00336085724795510 ) ) ;
#7679 = PLANE ( 'NONE',  #4091 ) ;
#7680 = FACE_OUTER_BOUND ( 'NONE', #8684, .T. ) ;
#7681 = CARTESIAN_POINT ( 'NONE',  ( -0.3752417887738960234, 9.386298900080694452, 50.00000000000000000 ) ) ;
#7682 = ORIENTED_EDGE ( 'NONE', *, *, #2069, .F. ) ;
#7683 = EDGE_CURVE ( 'NONE', #653, #1573, #2479, .T. ) ;
#7684 = ADVANCED_FACE ( 'NONE', ( #2271 ), #7090, .F. ) ;
#7685 = LINE ( 'NONE', #6951, #4826 ) ;
#7686 = CARTESIAN_POINT ( 'NONE',  ( -8.225201074481322649, 13.81402832956863769, 68.86948979571414498 ) ) ;
#7687 = FACE_BOUND ( 'NONE', #7707, .T. ) ;
#7688 = EDGE_CURVE ( 'NONE', #4748, #5866, #6452, .T. ) ;
#7689 = ORIENTED_EDGE ( 'NONE', *, *, #8197, .F. ) ;
#7690 = CARTESIAN_POINT ( 'NONE',  ( -1.297248131593173648, 39.54446977037136435, 56.86934529570390140 ) ) ;
#7691 = CARTESIAN_POINT ( 'NONE',  ( 2.667210848675398260, 39.54446977037137856, 74.00323720830402863 ) ) ;
#7692 = FACE_BOUND ( 'NONE', #8018, .T. ) ;
#7693 = CARTESIAN_POINT ( 'NONE',  ( -6.225201074916342669, 13.81402832956863946, 68.86944808140074770 ) ) ;
#7694 = CARTESIAN_POINT ( 'NONE',  ( 7.131270748528788062, 13.81402832956864835, 72.00314410027212375 ) ) ;
#7695 = VERTEX_POINT ( 'NONE', #947 ) ;
#7696 = DIRECTION ( 'NONE',  ( -0.000000000000000000, -0.000000000000000000, -1.000000000000000000 ) ) ;
#7697 = CARTESIAN_POINT ( 'NONE',  ( -0.3419087887734903464, 23.95296590008067739, 79.73864887361423825 ) ) ;
#7698 = ORIENTED_EDGE ( 'NONE', *, *, #8287, .T. ) ;
#7699 = EDGE_LOOP ( 'NONE', ( #7443, #6203, #4835, #8717 ) ) ;
#7700 = EDGE_CURVE ( 'NONE', #3745, #2285, #900, .T. ) ;
#7701 = DIRECTION ( 'NONE',  ( 5.755241453125620489E-16, -1.000000000000000000, 6.712021092795624582E-32 ) ) ;
#7702 = AXIS2_PLACEMENT_3D ( 'NONE', #2408, #3756, #1724 ) ;
#7703 = ORIENTED_EDGE ( 'NONE', *, *, #601, .F. ) ;
#7704 = EDGE_CURVE ( 'NONE', #2231, #6081, #7031, .T. ) ;
#7705 = EDGE_CURVE ( 'NONE', #5953, #1746, #4615, .T. ) ;
#7706 = DIRECTION ( 'NONE',  ( -1.000000000000000000, 0.000000000000000000, 0.000000000000000000 ) ) ;
#7707 = EDGE_LOOP ( 'NONE', ( #5514, #2446, #1705, #2456, #8718, #7436 ) ) ;
#7708 = CARTESIAN_POINT ( 'NONE',  ( -0.3419087887734944542, 23.95296590008067739, 97.19034129655527465 ) ) ;
#7709 = LINE ( 'NONE', #5562, #2351 ) ;
#7710 = LINE ( 'NONE', #104, #8641 ) ;
#7711 = VERTEX_POINT ( 'NONE', #7396 ) ;
#7712 = EDGE_CURVE ( 'NONE', #880, #1610, #4759, .T. ) ;
#7713 = EDGE_LOOP ( 'NONE', ( #5680, #5876, #204, #730 ) ) ;
#7714 = DIRECTION ( 'NONE',  ( -1.000000000000000000, -6.383782126896855077E-16, -1.166244989663167914E-16 ) ) ;
#7715 = EDGE_CURVE ( 'NONE', #6025, #2135, #8094, .T. ) ;
#7716 = VECTOR ( 'NONE', #1974, 1000.000000000000000 ) ;
#7717 = EDGE_CURVE ( 'NONE', #1389, #5744, #6125, .T. ) ;
#7718 = VECTOR ( 'NONE', #4364, 1000.000000000000114 ) ;
#7719 = DIRECTION ( 'NONE',  ( 0.5000180627187940097, 3.125532836542028723E-16, 0.8660149750177211780 ) ) ;
#7720 = CARTESIAN_POINT ( 'NONE',  ( -26.27298655184424803, 27.95203658269703340, 100.1306769629660351 ) ) ;
#7721 = DIRECTION ( 'NONE',  ( -0.4999819370636950921, 0.000000000000000000, 0.8660358321744171528 ) ) ;
#7722 = ORIENTED_EDGE ( 'NONE', *, *, #8700, .T. ) ;
#7723 = LINE ( 'NONE', #6214, #88 ) ;
#7724 = DIRECTION ( 'NONE',  ( 1.000000000000000000, 0.000000000000000000, 0.000000000000000000 ) ) ;
#7725 = PLANE ( 'NONE',  #2957 ) ;
#7726 = EDGE_LOOP ( 'NONE', ( #371, #6458, #2492, #6074, #3190 ) ) ;
#7727 = FACE_OUTER_BOUND ( 'NONE', #1424, .T. ) ;
#7728 = VECTOR ( 'NONE', #2218, 1000.000000000000114 ) ;
#7729 = EDGE_LOOP ( 'NONE', ( #7957, #8428, #3929 ) ) ;
#7730 = EDGE_CURVE ( 'NONE', #2210, #5868, #3821, .T. ) ;
#7731 = VECTOR ( 'NONE', #6745, 1000.000000000000114 ) ;
#7732 = DIRECTION ( 'NONE',  ( 1.629001437540167497E-16, -1.000000000000000000, -0.000000000000000000 ) ) ;
#7733 = CARTESIAN_POINT ( 'NONE',  ( 4.167062053923104692, 27.95203658269705116, 66.86923132790515467 ) ) ;
#7734 = FACE_BOUND ( 'NONE', #901, .T. ) ;
#7735 = VECTOR ( 'NONE', #2437, 1000.000000000000114 ) ;
#7736 = ORIENTED_EDGE ( 'NONE', *, *, #6189, .F. ) ;
#7737 = CARTESIAN_POINT ( 'NONE',  ( 1.174758211226108351, -4.613701099919306436, 50.00000000000000000 ) ) ;
#7738 = LINE ( 'NONE', #221, #7646 ) ;
#7739 = VECTOR ( 'NONE', #6432, 1000.000000000000000 ) ;
#7740 = CARTESIAN_POINT ( 'NONE',  ( -3.261075808937468068, 39.54446977037137145, 70.00336085463777636 ) ) ;
#7741 = LINE ( 'NONE', #8514, #4660 ) ;
#7742 = DIRECTION ( 'NONE',  ( 0.5000180627187942317, 3.217337761224692595E-16, 0.8660149750177208450 ) ) ;
#7743 = CARTESIAN_POINT ( 'NONE',  ( -2.760974317591880833, 39.54446977037137145, 74.86937582878546493 ) ) ;
#7744 = ORIENTED_EDGE ( 'NONE', *, *, #5517, .T. ) ;
#7745 = VERTEX_POINT ( 'NONE', #7585 ) ;
#7746 = CARTESIAN_POINT ( 'NONE',  ( -0.3431469930647855771, 27.95203658269705116, 55.73535079940474901 ) ) ;
#7747 = EDGE_CURVE ( 'NONE', #1178, #3684, #7542, .T. ) ;
#7748 = CIRCLE ( 'NONE', #3510, 9.922827407288641766 ) ;
#7749 = ORIENTED_EDGE ( 'NONE', *, *, #8298, .F. ) ;
#7750 = EDGE_CURVE ( 'NONE', #2276, #5193, #1894, .T. ) ;
#7751 = VECTOR ( 'NONE', #4217, 999.9999999999998863 ) ;
#7752 = EDGE_CURVE ( 'NONE', #1288, #4299, #1300, .T. ) ;
#7753 = VECTOR ( 'NONE', #7140, 1000.000000000000000 ) ;
#7754 = CARTESIAN_POINT ( 'NONE',  ( 7.131270748528772963, 39.54446977037137856, 72.00314410027212375 ) ) ;
#7755 = VERTEX_POINT ( 'NONE', #5486 ) ;
#7756 = PLANE ( 'NONE',  #6672 ) ;
#7757 = CARTESIAN_POINT ( 'NONE',  ( 2.666913259823311400, 13.81402832956864479, 59.73528801897636242 ) ) ;
#7758 = EDGE_CURVE ( 'NONE', #3885, #8774, #3931, .T. ) ;
#7759 = LINE ( 'NONE', #7062, #3539 ) ;
#7760 = ORIENTED_EDGE ( 'NONE', *, *, #1717, .T. ) ;
#7761 = VERTEX_POINT ( 'NONE', #1215 ) ;
#7762 = DIRECTION ( 'NONE',  ( -0.8660149750177210670, -5.413320924122833812E-16, 0.5000180627187943427 ) ) ;
#7763 = AXIS2_PLACEMENT_3D ( 'NONE', #6050, #4687, #2450 ) ;
#7764 = VECTOR ( 'NONE', #8361, 1000.000000000000114 ) ;
#7765 = ADVANCED_FACE ( 'NONE', ( #8235 ), #8918, .T. ) ;
#7766 = EDGE_CURVE ( 'NONE', #2715, #3215, #6713, .T. ) ;
#7767 = DIRECTION ( 'NONE',  ( 0.000000000000000000, -0.9999939862973237226, 0.003468049767204185990 ) ) ;
#7768 = ADVANCED_FACE ( 'NONE', ( #6764 ), #535, .F. ) ;
#7769 = DIRECTION ( 'NONE',  ( 0.5000180627187940097, 3.125532836542028723E-16, 0.8660149750177211780 ) ) ;
#7770 = EDGE_CURVE ( 'NONE', #3472, #1895, #6811, .T. ) ;
#7771 = CARTESIAN_POINT ( 'NONE',  ( 0.2027699309081255341, 13.81402832956864302, 57.73533941356493671 ) ) ;
#7772 = ORIENTED_EDGE ( 'NONE', *, *, #1144, .F. ) ;
#7773 = LINE ( 'NONE', #7904, #3279 ) ;
#7774 = VECTOR ( 'NONE', #8828, 1000.000000000000000 ) ;
#7775 = CARTESIAN_POINT ( 'NONE',  ( 11.71517252853229785, -8.047034099919310179, 79.84962848967502680 ) ) ;
#7776 = FACE_BOUND ( 'NONE', #1483, .T. ) ;
#7777 = ORIENTED_EDGE ( 'NONE', *, *, #2480, .T. ) ;
#7778 = LINE ( 'NONE', #8583, #598 ) ;
#7779 = ORIENTED_EDGE ( 'NONE', *, *, #5588, .T. ) ;
#7780 = VECTOR ( 'NONE', #7168, 1000.000000000000114 ) ;
#7781 = DIRECTION ( 'NONE',  ( 0.5000180627187940097, 3.125532836542028723E-16, 0.8660149750177211780 ) ) ;
#7782 = DIRECTION ( 'NONE',  ( -0.5000180627187938986, -3.217337761224690623E-16, -0.8660149750177210670 ) ) ;
#7783 = FACE_BOUND ( 'NONE', #577, .T. ) ;
#7784 = AXIS2_PLACEMENT_3D ( 'NONE', #4867, #7462, #2007 ) ;
#7785 = ORIENTED_EDGE ( 'NONE', *, *, #4201, .T. ) ;
#7786 = DIRECTION ( 'NONE',  ( -0.000000000000000000, -0.000000000000000000, -1.000000000000000000 ) ) ;
#7787 = PLANE ( 'NONE',  #2968 ) ;
#7788 = FACE_BOUND ( 'NONE', #5609, .T. ) ;
#7789 = CARTESIAN_POINT ( 'NONE',  ( -7.374235094193059226, 2.386298900080692231, 43.35000000000000853 ) ) ;
#7790 = CARTESIAN_POINT ( 'NONE',  ( -0.7971466402475788637, 27.95203658269705116, 61.73536026985154024 ) ) ;
#7791 = ORIENTED_EDGE ( 'NONE', *, *, #1575, .T. ) ;
#7792 = CARTESIAN_POINT ( 'NONE',  ( -9.541908788773817207, 24.95203658269704405, 82.35127056713264437 ) ) ;
#7793 = DIRECTION ( 'NONE',  ( -0.9999999997824894349, -6.250839857399242789E-16, 2.085715669603027339E-05 ) ) ;
#7794 = VERTEX_POINT ( 'NONE', #6178 ) ;
#7795 = ORIENTED_EDGE ( 'NONE', *, *, #7918, .F. ) ;
#7796 = DIRECTION ( 'NONE',  ( 0.4999819370636950921, 3.125307020857212586E-16, -0.8660358321744171528 ) ) ;
#7797 = VERTEX_POINT ( 'NONE', #8278 ) ;
#7798 = EDGE_CURVE ( 'NONE', #3745, #8742, #5398, .T. ) ;
#7799 = DIRECTION ( 'NONE',  ( -1.000000000000000000, 0.000000000000000000, 0.000000000000000000 ) ) ;
#7800 = ORIENTED_EDGE ( 'NONE', *, *, #8145, .T. ) ;
#7801 = LINE ( 'NONE', #102, #6803 ) ;
#7802 = CARTESIAN_POINT ( 'NONE',  ( 16.71813203535261749, -11.37697279294871677, 79.86117559611324168 ) ) ;
#7803 = CIRCLE ( 'NONE', #5169, 1.550000000000000933 ) ;
#7804 = FACE_BOUND ( 'NONE', #5183, .T. ) ;
#7805 = ORIENTED_EDGE ( 'NONE', *, *, #740, .F. ) ;
#7806 = CARTESIAN_POINT ( 'NONE',  ( -0.3427659755859441271, 27.95203658269705116, 74.00329998786232011 ) ) ;
#7807 = EDGE_CURVE ( 'NONE', #6028, #1550, #8872, .T. ) ;
#7808 = EDGE_CURVE ( 'NONE', #5377, #2844, #573, .T. ) ;
#7809 = LINE ( 'NONE', #3735, #345 ) ;
#7810 = LINE ( 'NONE', #4891, #5674 ) ;
#7811 = CARTESIAN_POINT ( 'NONE',  ( 11.71439088440051712, 74.67466570213872501, 94.62330639589909254 ) ) ;
#7812 = DIRECTION ( 'NONE',  ( -0.5000180627187942317, -3.125532836542028723E-16, -0.8660149750177209560 ) ) ;
#7813 = CARTESIAN_POINT ( 'NONE',  ( 2.166978625731312835, 27.95203658269705116, 62.86927304308857600 ) ) ;
#7814 = FACE_BOUND ( 'NONE', #1687, .T. ) ;
#7815 = ORIENTED_EDGE ( 'NONE', *, *, #7620, .T. ) ;
#7816 = CARTESIAN_POINT ( 'NONE',  ( -3.261373397789554485, 13.81402832956864124, 55.73541166531016700 ) ) ;
#7817 = ORIENTED_EDGE ( 'NONE', *, *, #4157, .T. ) ;
#7818 = EDGE_CURVE ( 'NONE', #4268, #7668, #4801, .T. ) ;
#7819 = VECTOR ( 'NONE', #6651, 1000.000000000000114 ) ;
#7820 = CARTESIAN_POINT ( 'NONE',  ( -3.261289969162764368, 27.95203658269704761, 59.73541166444011452 ) ) ;
#7821 = ADVANCED_FACE ( 'NONE', ( #5308 ), #5660, .T. ) ;
#7822 = DIRECTION ( 'NONE',  ( 0.4999819370636950921, 3.125307020857212586E-16, -0.8660358321744171528 ) ) ;
#7823 = CARTESIAN_POINT ( 'NONE',  ( 11.21818173701449517, 27.95203658269705826, 43.35003895464578960 ) ) ;
#7824 = CARTESIAN_POINT ( 'NONE',  ( -17.39812996423723845, -10.79118635532182680, 96.19034129655530307 ) ) ;
#7825 = ORIENTED_EDGE ( 'NONE', *, *, #869, .T. ) ;
#7826 = LINE ( 'NONE', #1582, #735 ) ;
#7827 = DIRECTION ( 'NONE',  ( 2.085715669603027678E-05, 1.303747464151961922E-20, 0.9999999997824895459 ) ) ;
#7828 = CARTESIAN_POINT ( 'NONE',  ( 3.666960562577495697, 39.54446977037137856, 62.00321635375745188 ) ) ;
#7829 = LINE ( 'NONE', #90, #6848 ) ;
#7830 = DIRECTION ( 'NONE',  ( -0.5000180627187938986, -3.217337761224690623E-16, -0.8660149750177210670 ) ) ;
#7831 = ORIENTED_EDGE ( 'NONE', *, *, #3219, .T. ) ;
#7832 = DIRECTION ( 'NONE',  ( 6.250839858758867238E-16, -1.000000000000000000, -7.292516007464944339E-32 ) ) ;
#7833 = ORIENTED_EDGE ( 'NONE', *, *, #1984, .T. ) ;
#7834 = ORIENTED_EDGE ( 'NONE', *, *, #517, .F. ) ;
#7835 = LINE ( 'NONE', #181, #2766 ) ;
#7836 = ORIENTED_EDGE ( 'NONE', *, *, #8326, .F. ) ;
#7837 = EDGE_CURVE ( 'NONE', #353, #2572, #2207, .T. ) ;
#7838 = FACE_OUTER_BOUND ( 'NONE', #1181, .T. ) ;
#7839 = ORIENTED_EDGE ( 'NONE', *, *, #7730, .T. ) ;
#7840 = DIRECTION ( 'NONE',  ( -1.000000000000000000, 0.000000000000000000, -1.166244989663167914E-16 ) ) ;
#7841 = VECTOR ( 'NONE', #8522, 1000.000000000000000 ) ;
#7842 = DIRECTION ( 'NONE',  ( -0.4999819370636952032, -3.125307020857213572E-16, 0.8660358321744170418 ) ) ;
#7843 = DIRECTION ( 'NONE',  ( 6.250839858758867238E-16, -1.000000000000000000, -7.292516007464944339E-32 ) ) ;
#7844 = ORIENTED_EDGE ( 'NONE', *, *, #4386, .T. ) ;
#7845 = VERTEX_POINT ( 'NONE', #8449 ) ;
#7846 = FACE_OUTER_BOUND ( 'NONE', #3880, .T. ) ;
#7847 = EDGE_CURVE ( 'NONE', #2231, #2455, #4197, .T. ) ;
#7848 = CARTESIAN_POINT ( 'NONE',  ( 22.42534456283771149, 27.95203658269706537, 101.9559575613527471 ) ) ;
#7849 = DIRECTION ( 'NONE',  ( 5.755241453125620489E-16, -1.000000000000000000, 6.712021092795623487E-32 ) ) ;
#7850 = CARTESIAN_POINT ( 'NONE',  ( -4.261039683064862693, 27.95203658269704761, 71.73543251898661310 ) ) ;
#7851 = VERTEX_POINT ( 'NONE', #7113 ) ;
#7852 = CARTESIAN_POINT ( 'NONE',  ( 16.71810168672210395, -8.048102499212179239, 90.77864894233705684 ) ) ;
#7853 = CARTESIAN_POINT ( 'NONE',  ( 0.2028172338798230057, 27.95203658269705116, 60.00328860550269638 ) ) ;
#7854 = FACE_OUTER_BOUND ( 'NONE', #8970, .T. ) ;
#7855 = ORIENTED_EDGE ( 'NONE', *, *, #2048, .F. ) ;
#7856 = CARTESIAN_POINT ( 'NONE',  ( -7.725349869016139515, 27.95203658269704405, 61.73550477247197676 ) ) ;
#7857 = VECTOR ( 'NONE', #6691, 1000.000000000000114 ) ;
#7858 = ORIENTED_EDGE ( 'NONE', *, *, #6191, .F. ) ;
#7859 = ADVANCED_FACE ( 'NONE', ( #838, #7814, #8410, #5029, #7776, #7680 ), #7074, .F. ) ;
#7860 = AXIS2_PLACEMENT_3D ( 'NONE', #957, #3729, #7840 ) ;
#7861 = DIRECTION ( 'NONE',  ( 9.683384032525930910E-09, -1.000000000000000000, 2.925052111754154507E-18 ) ) ;
#7862 = VECTOR ( 'NONE', #5051, 1000.000000000000114 ) ;
#7863 = AXIS2_PLACEMENT_3D ( 'NONE', #7551, #4079, #3944 ) ;
#7864 = CARTESIAN_POINT ( 'NONE',  ( -4.371302221764704399, 2.208813644678181198, 6.649999999999996803 ) ) ;
#7865 = DIRECTION ( 'NONE',  ( -1.361274163569945150E-06, -8.318419352792597377E-22, 0.9999999999990735189 ) ) ;
#7866 = AXIS2_PLACEMENT_3D ( 'NONE', #6052, #7518, #4002 ) ;
#7867 = ADVANCED_FACE ( 'NONE', ( #6349 ), #1480, .T. ) ;
#7868 = VERTEX_POINT ( 'NONE', #3520 ) ;
#7869 = FACE_OUTER_BOUND ( 'NONE', #1039, .T. ) ;
#7870 = FACE_BOUND ( 'NONE', #7986, .T. ) ;
#7871 = VECTOR ( 'NONE', #2582, 1000.000000000000000 ) ;
#7872 = ADVANCED_FACE ( 'NONE', ( #3606 ), #2925, .T. ) ;
#7873 = DIRECTION ( 'NONE',  ( 0.4999819370636950921, 3.125307020857212586E-16, -0.8660358321744171528 ) ) ;
#7874 = LINE ( 'NONE', #7089, #1029 ) ;
#7875 = ADVANCED_FACE ( 'NONE', ( #4852 ), #7725, .T. ) ;
#7876 = VECTOR ( 'NONE', #1341, 1000.000000000000114 ) ;
#7877 = DIRECTION ( 'NONE',  ( 6.250839858758867238E-16, -1.000000000000000000, -7.292516007464944339E-32 ) ) ;
#7878 = VERTEX_POINT ( 'NONE', #1433 ) ;
#7879 = CARTESIAN_POINT ( 'NONE',  ( -28.23711181804062775, 27.95203658269703340, 98.99674333257229364 ) ) ;
#7880 = DIRECTION ( 'NONE',  ( 6.250839858758867238E-16, -1.000000000000000000, -7.292516007464944339E-32 ) ) ;
#7881 = ORIENTED_EDGE ( 'NONE', *, *, #6810, .F. ) ;
#7882 = VERTEX_POINT ( 'NONE', #157 ) ;
#7883 = FACE_OUTER_BOUND ( 'NONE', #574, .T. ) ;
#7884 = EDGE_LOOP ( 'NONE', ( #381, #781, #3840, #1149, #916, #6068, #542, #8766 ) ) ;
#7885 = VECTOR ( 'NONE', #6609, 1000.000000000000227 ) ;
#7886 = CARTESIAN_POINT ( 'NONE',  ( 6.945514899374919470E-15, -11.79118635532181791, 79.86261211800061233 ) ) ;
#7887 = EDGE_CURVE ( 'NONE', #2560, #3630, #5708, .T. ) ;
#7888 = ORIENTED_EDGE ( 'NONE', *, *, #6554, .F. ) ;
#7889 = DIRECTION ( 'NONE',  ( 0.9999999997824894349, 0.000000000000000000, -2.085715669603027339E-05 ) ) ;
#7890 = CARTESIAN_POINT ( 'NONE',  ( 7.131140016930275216, 27.95203658269705471, 65.73519490920438102 ) ) ;
#7891 = AXIS2_PLACEMENT_3D ( 'NONE', #5349, #3927, #4713 ) ;
#7892 = VECTOR ( 'NONE', #5190, 1000.000000000000000 ) ;
#7893 = CYLINDRICAL_SURFACE ( 'NONE', #1230, 1.000000000000000888 ) ;
#7894 = ORIENTED_EDGE ( 'NONE', *, *, #998, .T. ) ;
#7895 = ORIENTED_EDGE ( 'NONE', *, *, #3017, .F. ) ;
#7896 = DIRECTION ( 'NONE',  ( -6.348176284925190171E-16, 1.000000000000000000, -2.925052111754154507E-18 ) ) ;
#7897 = VECTOR ( 'NONE', #2878, 1000.000000000000000 ) ;
#7898 = AXIS2_PLACEMENT_3D ( 'NONE', #6454, #5135, #8097 ) ;
#7899 = DIRECTION ( 'NONE',  ( 2.406425471801890024E-18, -0.003468049767204245404, -0.9999939862973237226 ) ) ;
#7900 = VECTOR ( 'NONE', #7534, 1000.000000000000114 ) ;
#7901 = DIRECTION ( 'NONE',  ( 0.000000000000000000, -0.000000000000000000, -1.000000000000000000 ) ) ;
#7902 = CARTESIAN_POINT ( 'NONE',  ( 2.667127420048614805, 13.81402832956864479, 70.00323720917405979 ) ) ;
#7903 = ORIENTED_EDGE ( 'NONE', *, *, #8584, .T. ) ;
#7904 = CARTESIAN_POINT ( 'NONE',  ( 15.26517674950678760, 27.95203658269706182, 106.0900814992094894 ) ) ;
#7905 = DIRECTION ( 'NONE',  ( -0.4999819370636950921, -3.166443754200919549E-16, 0.8660358321744171528 ) ) ;
#7906 = LINE ( 'NONE', #1744, #2681 ) ;
#7907 = EDGE_LOOP ( 'NONE', ( #1339, #2963, #2533, #4760 ) ) ;
#7908 = SURFACE_SIDE_STYLE ('',( #6613 ) ) ;
#7909 = AXIS2_PLACEMENT_3D ( 'NONE', #3761, #2910, #8479 ) ;
#7910 = EDGE_CURVE ( 'NONE', #273, #7927, #1568, .T. ) ;
#7911 = VECTOR ( 'NONE', #7674, 1000.000000000000000 ) ;
#7912 = VERTEX_POINT ( 'NONE', #7641 ) ;
#7913 = ADVANCED_FACE ( 'NONE', ( #1392 ), #3567, .T. ) ;
#7914 = VECTOR ( 'NONE', #1636, 1000.000000000000000 ) ;
#7915 = CARTESIAN_POINT ( 'NONE',  ( -17.39812996423725266, 26.95203658269703695, 44.35000000000000853 ) ) ;
#7916 = DIRECTION ( 'NONE',  ( 1.000000000000000000, 0.000000000000000000, 0.000000000000000000 ) ) ;
#7917 = DIRECTION ( 'NONE',  ( 6.250839858758867238E-16, -1.000000000000000000, -7.292516007464944339E-32 ) ) ;
#7918 = EDGE_CURVE ( 'NONE', #8529, #1573, #757, .T. ) ;
#7919 = VERTEX_POINT ( 'NONE', #6433 ) ;
#7920 = DIRECTION ( 'NONE',  ( 6.250839858758867238E-16, -1.000000000000000000, -7.292516007464944339E-32 ) ) ;
#7921 = VECTOR ( 'NONE', #2656, 1000.000000000000000 ) ;
#7922 = CARTESIAN_POINT ( 'NONE',  ( 2.667043991421800264, 39.54446977037137856, 66.00323721004411937 ) ) ;
#7923 = EDGE_CURVE ( 'NONE', #4416, #418, #2751, .T. ) ;
#7924 = CARTESIAN_POINT ( 'NONE',  ( -1.925241788773891960, -4.613701099919306436, 0.000000000000000000 ) ) ;
#7925 = AXIS2_PLACEMENT_3D ( 'NONE', #7691, #1492, #3663 ) ;
#7926 = LINE ( 'NONE', #2898, #4213 ) ;
#7927 = VERTEX_POINT ( 'NONE', #8368 ) ;
#7928 = FACE_OUTER_BOUND ( 'NONE', #8127, .T. ) ;
#7929 = DIRECTION ( 'NONE',  ( -1.000000000000000000, -7.507767431955600962E-16, 0.000000000000000000 ) ) ;
#7930 = VECTOR ( 'NONE', #6800, 1000.000000000000114 ) ;
#7931 = DIRECTION ( 'NONE',  ( -0.9999999997824894349, -6.250839857399242789E-16, 2.085715669603027339E-05 ) ) ;
#7932 = ORIENTED_EDGE ( 'NONE', *, *, #7683, .F. ) ;
#7933 = ORIENTED_EDGE ( 'NONE', *, *, #274, .T. ) ;
#7934 = CARTESIAN_POINT ( 'NONE',  ( -16.39812996423723490, -10.79118635532182680, 97.19034129655530307 ) ) ;
#7935 = ORIENTED_EDGE ( 'NONE', *, *, #107, .F. ) ;
#7936 = ADVANCED_FACE ( 'NONE', ( #2127 ), #6308, .T. ) ;
#7937 = CARTESIAN_POINT ( 'NONE',  ( -4.761141174410450816, 27.95203658269705116, 66.86941754483895295 ) ) ;
#7938 = ORIENTED_EDGE ( 'NONE', *, *, #7184, .F. ) ;
#7939 = DIRECTION ( 'NONE',  ( 0.5000180627187942317, 0.000000000000000000, 0.8660149750177208450 ) ) ;
#7940 = CARTESIAN_POINT ( 'NONE',  ( 5.075764905806941840, 2.386298900080696672, 50.00000000000000000 ) ) ;
#7941 = LINE ( 'NONE', #6548, #498 ) ;
#7942 = ORIENTED_EDGE ( 'NONE', *, *, #3420, .F. ) ;
#7943 = CARTESIAN_POINT ( 'NONE',  ( 3.624758211226107196, 2.208813644678184751, 3.649999999999999467 ) ) ;
#7944 = LINE ( 'NONE', #1702, #2522 ) ;
#7945 = PLANE ( 'NONE',  #3057 ) ;
#7946 = DIRECTION ( 'NONE',  ( 1.000000000000000000, 0.000000000000000000, 0.000000000000000000 ) ) ;
#7947 = ORIENTED_EDGE ( 'NONE', *, *, #7526, .T. ) ;
#7948 = DIRECTION ( 'NONE',  ( 0.000000000000000000, 0.000000000000000000, 1.000000000000000000 ) ) ;
#7949 = CARTESIAN_POINT ( 'NONE',  ( 2.166811768477715283, 27.95203658269705471, 54.86927304482872358 ) ) ;
#7950 = CARTESIAN_POINT ( 'NONE',  ( 4.167062053923083376, 39.54446977037137856, 66.86923132790514046 ) ) ;
#7951 = ORIENTED_EDGE ( 'NONE', *, *, #6401, .F. ) ;
#7952 = CARTESIAN_POINT ( 'NONE',  ( 4.166895196669502255, 13.81402832956864479, 58.86923132964525252 ) ) ;
#7953 = ORIENTED_EDGE ( 'NONE', *, *, #212, .F. ) ;
#7954 = CARTESIAN_POINT ( 'NONE',  ( 7.631121953993992513, 27.95203658269705471, 64.86915907702994843 ) ) ;
#7955 = LINE ( 'NONE', #3789, #32 ) ;
#7956 = LINE ( 'NONE', #981, #8755 ) ;
#7957 = ORIENTED_EDGE ( 'NONE', *, *, #1426, .T. ) ;
#7958 = CARTESIAN_POINT ( 'NONE',  ( -3.261075808937452081, 13.81402832956864124, 70.00336085463777636 ) ) ;
#7959 = DIRECTION ( 'NONE',  ( 6.250839858758867238E-16, -1.000000000000000000, -7.292516007464944339E-32 ) ) ;
#7960 = EDGE_CURVE ( 'NONE', #3579, #5996, #6562, .T. ) ;
#7961 = VECTOR ( 'NONE', #5924, 1000.000000000000000 ) ;
#7962 = CARTESIAN_POINT ( 'NONE',  ( -12.39812996423727043, 27.95203658269704405, 43.35000000000000853 ) ) ;
#7963 = DIRECTION ( 'NONE',  ( -0.9999999997824894349, -6.250839857399242789E-16, 2.085715669603027339E-05 ) ) ;
#7964 = PLANE ( 'NONE',  #3194 ) ;
#7965 = DIRECTION ( 'NONE',  ( -7.507767431955600962E-16, 1.000000000000000000, 0.000000000000000000 ) ) ;
#7966 = ORIENTED_EDGE ( 'NONE', *, *, #4241, .T. ) ;
#7967 = ORIENTED_EDGE ( 'NONE', *, *, #8195, .T. ) ;
#7968 = CARTESIAN_POINT ( 'NONE',  ( -4.673745950346255285, 11.32975269197696200, 43.35000000000000853 ) ) ;
#7969 = ORIENTED_EDGE ( 'NONE', *, *, #7644, .T. ) ;
#7970 = VERTEX_POINT ( 'NONE', #8716 ) ;
#7971 = EDGE_CURVE ( 'NONE', #4087, #7970, #5837, .T. ) ;
#7972 = CARTESIAN_POINT ( 'NONE',  ( -3.261409523444646741, 13.81402832956864124, 54.00336085811800757 ) ) ;
#7973 = ORIENTED_EDGE ( 'NONE', *, *, #7478, .F. ) ;
#7974 = PLANE ( 'NONE',  #3335 ) ;
#7975 = CARTESIAN_POINT ( 'NONE',  ( -6.725469423515537670, 27.95203658269704761, 56.00343310899318539 ) ) ;
#7976 = DIRECTION ( 'NONE',  ( -0.000000000000000000, -0.000000000000000000, -1.000000000000000000 ) ) ;
#7977 = VERTEX_POINT ( 'NONE', #384 ) ;
#7978 = ORIENTED_EDGE ( 'NONE', *, *, #852, .T. ) ;
#7979 = LINE ( 'NONE', #8572, #378 ) ;
#7980 = EDGE_CURVE ( 'NONE', #7878, #4805, #4425, .T. ) ;
#7981 = EDGE_CURVE ( 'NONE', #8869, #1874, #2427, .T. ) ;
#7982 = DIRECTION ( 'NONE',  ( 0.9999999999990735189, 4.635031659260987017E-16, 1.361274163578769751E-06 ) ) ;
#7983 = DIRECTION ( 'NONE',  ( 0.000000000000000000, -1.000000000000000000, 0.000000000000000000 ) ) ;
#7984 = EDGE_CURVE ( 'NONE', #4584, #3571, #4464, .T. ) ;
#7985 = CARTESIAN_POINT ( 'NONE',  ( 6.625764905806940774, 2.386298900080696672, 0.000000000000000000 ) ) ;
#7986 = EDGE_LOOP ( 'NONE', ( #8011, #5705 ) ) ;
#7987 = CARTESIAN_POINT ( 'NONE',  ( -0.3752417887738960234, 9.386298900080694452, 6.649999999999995914 ) ) ;
#7988 = DIRECTION ( 'NONE',  ( -1.000000000000000000, 0.000000000000000000, 0.000000000000000000 ) ) ;
#7989 = EDGE_CURVE ( 'NONE', #2448, #8555, #8948, .T. ) ;
#7990 = DIRECTION ( 'NONE',  ( 0.000000000000000000, 0.000000000000000000, 1.000000000000000000 ) ) ;
#7991 = EDGE_LOOP ( 'NONE', ( #2041, #8346, #5791, #4428 ) ) ;
#7992 = ORIENTED_EDGE ( 'NONE', *, *, #3834, .F. ) ;
#7993 = PLANE ( 'NONE',  #6694 ) ;
#7994 = ORIENTED_EDGE ( 'NONE', *, *, #16, .T. ) ;
#7995 = EDGE_CURVE ( 'NONE', #6130, #8911, #7293, .T. ) ;
#7996 = CARTESIAN_POINT ( 'NONE',  ( -14.14848490140239079, 27.95203658269704050, 107.1304240818577824 ) ) ;
#7997 = CARTESIAN_POINT ( 'NONE',  ( 15.71813222102373331, 27.95203658269706182, 79.72477981405998548 ) ) ;
#7998 = EDGE_LOOP ( 'NONE', ( #948, #6346, #8115, #6281, #3610, #6655 ) ) ;
#7999 = ORIENTED_EDGE ( 'NONE', *, *, #8432, .T. ) ;
#8000 = CARTESIAN_POINT ( 'NONE',  ( -0.3752417887738929148, 2.386298900080694452, 6.650000000000003020 ) ) ;
#8001 = EDGE_CURVE ( 'NONE', #5411, #8677, #291, .T. ) ;
#8002 = VECTOR ( 'NONE', #6874, 1000.000000000000114 ) ;
#8003 = ORIENTED_EDGE ( 'NONE', *, *, #3341, .F. ) ;
#8004 = LINE ( 'NONE', #4475, #4862 ) ;
#8005 = DIRECTION ( 'NONE',  ( 0.8660358321744171528, 5.413451298869251709E-16, 0.4999819370636952032 ) ) ;
#8006 = DIRECTION ( 'NONE',  ( -0.5000180627187942317, -3.125532836542028723E-16, -0.8660149750177209560 ) ) ;
#8007 = CYLINDRICAL_SURFACE ( 'NONE', #4658, 4.000000000000000888 ) ;
#8008 = LINE ( 'NONE', #8736, #3956 ) ;
#8009 = VECTOR ( 'NONE', #4257, 999.9999999999998863 ) ;
#8010 = VERTEX_POINT ( 'NONE', #2297 ) ;
#8011 = ORIENTED_EDGE ( 'NONE', *, *, #235, .T. ) ;
#8012 = CARTESIAN_POINT ( 'NONE',  ( -7.641908788452352219, -11.79118635532182324, 80.99505052289663354 ) ) ;
#8013 = ORIENTED_EDGE ( 'NONE', *, *, #2199, .T. ) ;
#8014 = ORIENTED_EDGE ( 'NONE', *, *, #6183, .F. ) ;
#8015 = EDGE_CURVE ( 'NONE', #1190, #5377, #8581, .T. ) ;
#8016 = AXIS2_PLACEMENT_3D ( 'NONE', #5676, #8553, #7227 ) ;
#8017 = CARTESIAN_POINT ( 'NONE',  ( 3.923262372798469677, 18.07212241910100659, 43.35000000000000853 ) ) ;
#8018 = EDGE_LOOP ( 'NONE', ( #3227, #8120, #2182, #3149, #219, #5395 ) ) ;
#8019 = LINE ( 'NONE', #3175, #4943 ) ;
#8020 = CARTESIAN_POINT ( 'NONE',  ( -1.296914417085963001, 13.81402832956864124, 72.86934529222367019 ) ) ;
#8021 = ADVANCED_FACE ( 'NONE', ( #973 ), #5794, .F. ) ;
#8022 = CARTESIAN_POINT ( 'NONE',  ( 6.958091150609838849, -8.047034099919313732, 80.99505240204433676 ) ) ;
#8023 = VERTEX_POINT ( 'NONE', #253 ) ;
#8024 = VERTEX_POINT ( 'NONE', #2341 ) ;
#8025 = DIRECTION ( 'NONE',  ( 0.5000180627187942317, 0.000000000000000000, 0.8660149750177208450 ) ) ;
#8026 = VECTOR ( 'NONE', #1806, 1000.000000000000114 ) ;
#8027 = EDGE_CURVE ( 'NONE', #8288, #1602, #7906, .T. ) ;
#8028 = CARTESIAN_POINT ( 'NONE',  ( -6.225117646289560547, 39.54446977037137145, 72.86944808053070233 ) ) ;
#8029 = VECTOR ( 'NONE', #6584, 1000.000000000000000 ) ;
#8030 = AXIS2_PLACEMENT_3D ( 'NONE', #2063, #561, #5434 ) ;
#8031 = DIRECTION ( 'NONE',  ( 0.000000000000000000, 1.000000000000000000, -2.925052111754154507E-18 ) ) ;
#8032 = LINE ( 'NONE', #6108, #332 ) ;
#8033 = VERTEX_POINT ( 'NONE', #5926 ) ;
#8034 = CARTESIAN_POINT ( 'NONE',  ( -4.260992380093147958, 13.81402832956864124, 74.00338171092444384 ) ) ;
#8035 = CYLINDRICAL_SURFACE ( 'NONE', #617, 4.000000000000000888 ) ;
#8036 = DIRECTION ( 'NONE',  ( -0.4999819370636950921, 0.000000000000000000, 0.8660358321744171528 ) ) ;
#8037 = ORIENTED_EDGE ( 'NONE', *, *, #5335, .T. ) ;
#8038 = ORIENTED_EDGE ( 'NONE', *, *, #8949, .T. ) ;
#8039 = DIRECTION ( 'NONE',  ( 6.383782126896855077E-16, -1.000000000000000000, 3.716583224120309415E-23 ) ) ;
#8040 = ADVANCED_FACE ( 'NONE', ( #7854 ), #1013, .T. ) ;
#8041 = ORIENTED_EDGE ( 'NONE', *, *, #6447, .F. ) ;
#8042 = VECTOR ( 'NONE', #3430, 1000.000000000000000 ) ;
#8043 = AXIS2_PLACEMENT_3D ( 'NONE', #7626, #6293, #697 ) ;
#8044 = EDGE_CURVE ( 'NONE', #4294, #1249, #793, .T. ) ;
#8045 = CARTESIAN_POINT ( 'NONE',  ( 14.71818175756281377, -10.80053709420117514, 43.35004371910538623 ) ) ;
#8046 = CARTESIAN_POINT ( 'NONE',  ( 15.93170659943753087, 27.95203658269706182, 50.00000000000000000 ) ) ;
#8047 = ORIENTED_EDGE ( 'NONE', *, *, #357, .F. ) ;
#8048 = ORIENTED_EDGE ( 'NONE', *, *, #6085, .T. ) ;
#8049 = VECTOR ( 'NONE', #433, 1000.000000000000227 ) ;
#8050 = CARTESIAN_POINT ( 'NONE',  ( 4.167228911176681372, 39.54446977037137856, 74.86923132616504972 ) ) ;
#8051 = VECTOR ( 'NONE', #6408, 1000.000000000000114 ) ;
#8052 = LINE ( 'NONE', #815, #3978 ) ;
#8053 = ORIENTED_EDGE ( 'NONE', *, *, #2755, .T. ) ;
#8054 = FACE_OUTER_BOUND ( 'NONE', #8475, .T. ) ;
#8055 = VECTOR ( 'NONE', #1693, 1000.000000000000114 ) ;
#8056 = AXIS2_PLACEMENT_3D ( 'NONE', #8531, #5063, #3098 ) ;
#8057 = CARTESIAN_POINT ( 'NONE',  ( 22.19329654964851173, 27.95203658269706537, 102.0899369974591622 ) ) ;
#8058 = VECTOR ( 'NONE', #4897, 1000.000000000000114 ) ;
#8059 = ORIENTED_EDGE ( 'NONE', *, *, #7960, .T. ) ;
#8060 = EDGE_LOOP ( 'NONE', ( #2608, #5628, #3958, #8037 ) ) ;
#8061 = DIRECTION ( 'NONE',  ( 6.250839858758867238E-16, -1.000000000000000000, -7.292516007464944339E-32 ) ) ;
#8062 = EDGE_LOOP ( 'NONE', ( #7269, #376, #7529, #5372 ) ) ;
#8063 = ORIENTED_EDGE ( 'NONE', *, *, #5686, .F. ) ;
#8064 = B_SPLINE_CURVE_WITH_KNOTS ( 'NONE', 3,
 ( #6708, #4060, #4610, #8045, #5302, #2526, #8089 ),
 .UNSPECIFIED., .F., .F.,
 ( 4, 3, 4 ),
 ( 0.001000000010122889093, 0.002000000000004547186, 0.005003009262449776423 ),
 .UNSPECIFIED. ) ;
#8065 = AXIS2_PLACEMENT_3D ( 'NONE', #2740, #10, #1513 ) ;
#8066 = LINE ( 'NONE', #3315, #2229 ) ;
#8067 = ORIENTED_EDGE ( 'NONE', *, *, #4671, .T. ) ;
#8068 = CARTESIAN_POINT ( 'NONE',  ( 16.71818105637232321, 26.95549863958137138, 44.35004644165275067 ) ) ;
#8069 = LINE ( 'NONE', #4591, #6182 ) ;
#8070 = ORIENTED_EDGE ( 'NONE', *, *, #505, .T. ) ;
#8071 = VERTEX_POINT ( 'NONE', #2467 ) ;
#8072 = FACE_OUTER_BOUND ( 'NONE', #2104, .T. ) ;
#8073 = AXIS2_PLACEMENT_3D ( 'NONE', #5041, #7827, #6360 ) ;
#8074 = EDGE_CURVE ( 'NONE', #791, #2983, #3058, .T. ) ;
#8075 = ADVANCED_FACE ( 'NONE', ( #8627 ), #3105, .T. ) ;
#8076 = DIRECTION ( 'NONE',  ( 6.250839858758867238E-16, -1.000000000000000000, -7.292516007464944339E-32 ) ) ;
#8077 = DIRECTION ( 'NONE',  ( -1.000000000000000000, 0.000000000000000000, 0.000000000000000000 ) ) ;
#8078 = DIRECTION ( 'NONE',  ( -0.9999999997824894349, 0.000000000000000000, 2.085715669636333691E-05 ) ) ;
#8079 = ORIENTED_EDGE ( 'NONE', *, *, #134, .T. ) ;
#8080 = DIRECTION ( 'NONE',  ( -1.091152692702142892E-32, 1.339658354568195596E-16, -1.000000000000000000 ) ) ;
#8081 = DIRECTION ( 'NONE',  ( 0.5000180627187942317, 0.000000000000000000, 0.8660149750177208450 ) ) ;
#8082 = LINE ( 'NONE', #4054, #2966 ) ;
#8083 = VERTEX_POINT ( 'NONE', #208 ) ;
#8084 = ORIENTED_EDGE ( 'NONE', *, *, #5154, .T. ) ;
#8085 = DIRECTION ( 'NONE',  ( 0.5000180627187942317, 0.000000000000000000, 0.8660149750177208450 ) ) ;
#8086 = ADVANCED_FACE ( 'NONE', ( #1792 ), #4558, .T. ) ;
#8087 = ORIENTED_EDGE ( 'NONE', *, *, #1376, .T. ) ;
#8088 = VECTOR ( 'NONE', #1611, 1000.000000000000114 ) ;
#8089 = CARTESIAN_POINT ( 'NONE',  ( 11.71517252853230318, -10.80008920893059532, 43.35003963118651171 ) ) ;
#8090 = DIRECTION ( 'NONE',  ( -0.5000180627187938986, 0.000000000000000000, -0.8660149750177210670 ) ) ;
#8091 = ORIENTED_EDGE ( 'NONE', *, *, #3341, .T. ) ;
#8092 = ORIENTED_EDGE ( 'NONE', *, *, #1839, .F. ) ;
#8093 = CARTESIAN_POINT ( 'NONE',  ( -21.30882516064527366, 27.95203658269703695, 102.9965988290818473 ) ) ;
#8094 = LINE ( 'NONE', #1344, #206 ) ;
#8095 = EDGE_LOOP ( 'NONE', ( #7110, #600, #6915, #8891 ) ) ;
#8096 = EDGE_CURVE ( 'NONE', #8033, #7554, #8225, .T. ) ;
#8097 = DIRECTION ( 'NONE',  ( -1.000000000000000000, -4.336808689942017736E-16, 0.000000000000000000 ) ) ;
#8098 = VERTEX_POINT ( 'NONE', #6167 ) ;
#8099 = CARTESIAN_POINT ( 'NONE',  ( 15.71810980688031023, -11.79118635532180903, 96.19034129655530307 ) ) ;
#8100 = EDGE_CURVE ( 'NONE', #3703, #3872, #64, .T. ) ;
#8101 = EDGE_CURVE ( 'NONE', #8673, #6194, #8130, .T. ) ;
#8102 = DIRECTION ( 'NONE',  ( -2.406425471801890024E-18, 0.003468049767204245404, 0.9999939862973237226 ) ) ;
#8103 = LINE ( 'NONE', #7264, #3640 ) ;
#8104 = AXIS2_PLACEMENT_3D ( 'NONE', #8714, #3102, #5884 ) ;
#8105 = DIRECTION ( 'NONE',  ( 0.9999999997824894349, 6.250839857399241803E-16, -2.085715669636334030E-05 ) ) ;
#8106 = ADVANCED_FACE ( 'NONE', ( #1843 ), #3288, .T. ) ;
#8107 = CARTESIAN_POINT ( 'NONE',  ( -12.64846683890110590, 27.95203658269704405, 107.9964181997188035 ) ) ;
#8108 = ORIENTED_EDGE ( 'NONE', *, *, #6128, .F. ) ;
#8109 = ORIENTED_EDGE ( 'NONE', *, *, #5061, .F. ) ;
#8110 = DIRECTION ( 'NONE',  ( 0.4999819370636950921, 3.125307020857212586E-16, -0.8660358321744171528 ) ) ;
#8111 = ORIENTED_EDGE ( 'NONE', *, *, #8563, .T. ) ;
#8112 = VERTEX_POINT ( 'NONE', #1330 ) ;
#8113 = ADVANCED_FACE ( 'NONE', ( #1985 ), #6797, .T. ) ;
#8114 = PLANE ( 'NONE',  #4839 ) ;
#8115 = ORIENTED_EDGE ( 'NONE', *, *, #2837, .T. ) ;
#8116 = CARTESIAN_POINT ( 'NONE',  ( 7.631288811247579851, 27.95203658269705471, 72.86915907528985770 ) ) ;
#8117 = LINE ( 'NONE', #2693, #4526 ) ;
#8118 = CARTESIAN_POINT ( 'NONE',  ( -0.7970632116207789775, 27.95203658269705116, 65.73536026898153750 ) ) ;
#8120 = ORIENTED_EDGE ( 'NONE', *, *, #8526, .T. ) ;
#8119 = VECTOR ( 'NONE', #58, 1000.000000000000000 ) ;
#8121 = ORIENTED_EDGE ( 'NONE', *, *, #2611, .F. ) ;
#8122 = ADVANCED_FACE ( 'NONE', ( #5296 ), #7487, .T. ) ;
#8123 = DIRECTION ( 'NONE',  ( -0.5000180627187938986, -3.217337761224690623E-16, -0.8660149750177210670 ) ) ;
#8124 = DIRECTION ( 'NONE',  ( -0.5000180627187938986, 0.000000000000000000, -0.8660149750177210670 ) ) ;
#8125 = LINE ( 'NONE', #557, #6404 ) ;
#8126 = CARTESIAN_POINT ( 'NONE',  ( 15.71810980688031023, -10.79118635532180726, 96.19034129655530307 ) ) ;
#8127 = EDGE_LOOP ( 'NONE', ( #5254, #3394, #7582, #4292 ) ) ;
#8128 = CARTESIAN_POINT ( 'NONE',  ( -0.7969324800222825633, 39.54446977037137856, 72.00330946004925181 ) ) ;
#8129 = CARTESIAN_POINT ( 'NONE',  ( -16.39812996423725266, 27.95203658269704050, 43.35000000000000853 ) ) ;
#8130 = LINE ( 'NONE', #1152, #3399 ) ;
#8131 = ORIENTED_EDGE ( 'NONE', *, *, #8658, .F. ) ;
#8132 = EDGE_LOOP ( 'NONE', ( #6866, #3436, #487, #2278 ) ) ;
#8133 = DIRECTION ( 'NONE',  ( 1.000000000000000000, 4.336808689942017736E-16, -0.000000000000000000 ) ) ;
#8134 = ADVANCED_FACE ( 'NONE', ( #6839 ), #6112, .T. ) ;
#8135 = ORIENTED_EDGE ( 'NONE', *, *, #852, .F. ) ;
#8136 = LINE ( 'NONE', #5932, #6002 ) ;
#8137 = CARTESIAN_POINT ( 'NONE',  ( 7.130937034021592069, 13.81402832956865012, 56.00314410375234075 ) ) ;
#8138 = EDGE_LOOP ( 'NONE', ( #5368, #8799, #3454, #3338 ) ) ;
#8139 = ORIENTED_EDGE ( 'NONE', *, *, #6958, .F. ) ;
#8140 = LINE ( 'NONE', #1893, #7145 ) ;
#8141 = CARTESIAN_POINT ( 'NONE',  ( -7.725349869016146620, 39.54446977037137145, 61.73550477247197676 ) ) ;
#8142 = VERTEX_POINT ( 'NONE', #2606 ) ;
#8143 = DIRECTION ( 'NONE',  ( 0.9999999997824894349, 6.383781515425612638E-16, -2.085715669603027339E-05 ) ) ;
#8144 = ADVANCED_FACE ( 'NONE', ( #3330 ), #8178, .T. ) ;
#8145 = EDGE_CURVE ( 'NONE', #6776, #1936, #1247, .T. ) ;
#8146 = ORIENTED_EDGE ( 'NONE', *, *, #2354, .T. ) ;
#8147 = DIRECTION ( 'NONE',  ( 0.5000180627187942317, 0.000000000000000000, 0.8660149750177208450 ) ) ;
#8148 = EDGE_CURVE ( 'NONE', #6367, #2448, #8082, .T. ) ;
#8149 = DIRECTION ( 'NONE',  ( 0.4999819370636951477, 0.000000000000000000, -0.8660358321744170418 ) ) ;
#8150 = DIRECTION ( 'NONE',  ( 0.000000000000000000, 0.000000000000000000, 1.000000000000000000 ) ) ;
#8151 = ORIENTED_EDGE ( 'NONE', *, *, #6183, .T. ) ;
#8152 = FACE_OUTER_BOUND ( 'NONE', #2376, .T. ) ;
#8153 = VECTOR ( 'NONE', #5094, 1000.000000000000227 ) ;
#8154 = EDGE_LOOP ( 'NONE', ( #6001, #4802, #6255, #6069 ) ) ;
#8155 = CARTESIAN_POINT ( 'NONE',  ( -6.725349869233646416, 27.95203658269704761, 61.73548391531529944 ) ) ;
#8156 = ORIENTED_EDGE ( 'NONE', *, *, #3909, .T. ) ;
#8157 = CIRCLE ( 'NONE', #4202, 1.000000000000000888 ) ;
#8158 = EDGE_CURVE ( 'NONE', #6966, #6500, #3239, .T. ) ;
#8159 = ADVANCED_FACE ( 'NONE', ( #5435 ), #1287, .T. ) ;
#8160 = VECTOR ( 'NONE', #1428, 1000.000000000000114 ) ;
#8161 = LINE ( 'NONE', #6734, #7171 ) ;
#8162 = ORIENTED_EDGE ( 'NONE', *, *, #4619, .F. ) ;
#8163 = DIRECTION ( 'NONE',  ( -0.9999999997824894349, -6.250839857399242789E-16, 2.085715669603027339E-05 ) ) ;
#8164 = DIRECTION ( 'NONE',  ( -0.4999819370636950921, -3.166443754200919549E-16, 0.8660358321744171528 ) ) ;
#8165 = LINE ( 'NONE', #1095, #3695 ) ;
#8166 = AXIS2_PLACEMENT_3D ( 'NONE', #8284, #9013, #1307 ) ;
#8167 = EDGE_LOOP ( 'NONE', ( #1296, #504, #6675, #7320 ) ) ;
#8168 = ORIENTED_EDGE ( 'NONE', *, *, #7311, .T. ) ;
#8169 = DIRECTION ( 'NONE',  ( 1.000000000000000000, 0.000000000000000000, 0.000000000000000000 ) ) ;
#8170 = VECTOR ( 'NONE', #1058, 1000.000000000000114 ) ;
#8171 = VECTOR ( 'NONE', #7643, 1000.000000000000000 ) ;
#8172 = LINE ( 'NONE', #2512, #6541 ) ;
#8173 = CARTESIAN_POINT ( 'NONE',  ( 9.224758211226104621, 4.896777690040630127, 0.000000000000000000 ) ) ;
#8174 = ORIENTED_EDGE ( 'NONE', *, *, #1635, .F. ) ;
#8175 = CARTESIAN_POINT ( 'NONE',  ( -7.725349869016130633, 13.81402832956863946, 61.73550477247197676 ) ) ;
#8176 = DIRECTION ( 'NONE',  ( 6.383782126896855077E-16, -1.000000000000000000, 2.925052111754154507E-18 ) ) ;
#8177 = VECTOR ( 'NONE', #8414, 1000.000000000000227 ) ;
#8178 = PLANE ( 'NONE',  #5143 ) ;
#8179 = ORIENTED_EDGE ( 'NONE', *, *, #895, .F. ) ;
#8180 = ORIENTED_EDGE ( 'NONE', *, *, #6909, .T. ) ;
#8181 = LINE ( 'NONE', #1333, #7900 ) ;
#8182 = VERTEX_POINT ( 'NONE', #610 ) ;
#8183 = VECTOR ( 'NONE', #1328, 1000.000000000000000 ) ;
#8184 = CARTESIAN_POINT ( 'NONE',  ( 3.667127419831093249, 39.54446977037137856, 70.00321635201734694 ) ) ;
#8185 = LINE ( 'NONE', #4795, #1631 ) ;
#8186 = ORIENTED_EDGE ( 'NONE', *, *, #2686, .F. ) ;
#8187 = ORIENTED_EDGE ( 'NONE', *, *, #2304, .F. ) ;
#8188 = PLANE ( 'NONE',  #6271 ) ;
#8189 = CARTESIAN_POINT ( 'NONE',  ( 3.667127419831109236, 13.81402832956864479, 70.00321635201734694 ) ) ;
#8190 = ORIENTED_EDGE ( 'NONE', *, *, #1718, .F. ) ;
#8191 = CARTESIAN_POINT ( 'NONE',  ( -1.925241788773891960, -4.613701099919306436, 50.00000000000000000 ) ) ;
#8192 = AXIS2_PLACEMENT_3D ( 'NONE', #7648, #4158, #3574 ) ;
#8193 = VECTOR ( 'NONE', #4822, 1000.000000000000000 ) ;
#8194 = ORIENTED_EDGE ( 'NONE', *, *, #8246, .F. ) ;
#8195 = EDGE_CURVE ( 'NONE', #4967, #515, #1203, .T. ) ;
#8196 = VECTOR ( 'NONE', #4986, 1000.000000000000114 ) ;
#8197 = EDGE_CURVE ( 'NONE', #6957, #4383, #2704, .T. ) ;
#8198 = VECTOR ( 'NONE', #5845, 1000.000000000000114 ) ;
#8199 = CARTESIAN_POINT ( 'NONE',  ( 11.71517252853229785, -8.047034099919310179, 79.84966096206561303 ) ) ;
#8200 = PLANE ( 'NONE',  #5971 ) ;
#8201 = DIRECTION ( 'NONE',  ( 6.250839858758867238E-16, -1.000000000000000000, -7.292516007464944339E-32 ) ) ;
#8202 = ORIENTED_EDGE ( 'NONE', *, *, #4228, .F. ) ;
#8203 = LINE ( 'NONE', #5321, #156 ) ;
#8204 = VECTOR ( 'NONE', #7147, 1000.000000000000114 ) ;
#8205 = EDGE_CURVE ( 'NONE', #7628, #8391, #3973, .T. ) ;
#8206 = ORIENTED_EDGE ( 'NONE', *, *, #963, .T. ) ;
#8207 = ORIENTED_EDGE ( 'NONE', *, *, #493, .F. ) ;
#8208 = AXIS2_PLACEMENT_3D ( 'NONE', #6030, #1113, #3925 ) ;
#8209 = VECTOR ( 'NONE', #4112, 1000.000000000000114 ) ;
#8210 = CARTESIAN_POINT ( 'NONE',  ( 11.21813220208694517, 13.81402832956865012, 79.73868782819259593 ) ) ;
#8211 = EDGE_LOOP ( 'NONE', ( #8846, #4041, #5622, #7616 ) ) ;
#8212 = PLANE ( 'NONE',  #2768 ) ;
#8213 = LINE ( 'NONE', #460, #5262 ) ;
#8214 = LINE ( 'NONE', #8022, #6603 ) ;
#8215 = ORIENTED_EDGE ( 'NONE', *, *, #6448, .T. ) ;
#8216 = EDGE_LOOP ( 'NONE', ( #2866, #2481, #7290, #7836 ) ) ;
#8217 = CARTESIAN_POINT ( 'NONE',  ( 24.15737451287325044, 27.95203658269706537, 100.9559214359151014 ) ) ;
#8218 = EDGE_CURVE ( 'NONE', #4145, #6260, #3112, .T. ) ;
#8219 = DIRECTION ( 'NONE',  ( -0.4999819370636952032, -3.125307020857213572E-16, 0.8660358321744170418 ) ) ;
#8220 = CARTESIAN_POINT ( 'NONE',  ( -6.725433297860451631, 39.54446977037137145, 57.73548391618534481 ) ) ;
#8221 = ORIENTED_EDGE ( 'NONE', *, *, #6342, .F. ) ;
#8222 = DIRECTION ( 'NONE',  ( 1.000000000000000000, 0.000000000000000000, 0.000000000000000000 ) ) ;
#8223 = VECTOR ( 'NONE', #461, 1000.000000000000000 ) ;
#8224 = CARTESIAN_POINT ( 'NONE',  ( -7.374235094193059226, 2.386298900080692231, 50.00000000000000000 ) ) ;
#8225 = LINE ( 'NONE', #563, #1811 ) ;
#8226 = ORIENTED_EDGE ( 'NONE', *, *, #2390, .F. ) ;
#8227 = EDGE_LOOP ( 'NONE', ( #6000, #8966, #1997, #3332 ) ) ;
#8228 = LINE ( 'NONE', #1206, #1209 ) ;
#8229 = ORIENTED_EDGE ( 'NONE', *, *, #4175, .F. ) ;
#8230 = CARTESIAN_POINT ( 'NONE',  ( 4.166895196669504031, 27.95203658269705471, 58.86923132964525962 ) ) ;
#8231 = CARTESIAN_POINT ( 'NONE',  ( -2.760974317591861737, 27.95203658269705116, 74.86937582878547914 ) ) ;
#8232 = VERTEX_POINT ( 'NONE', #1422 ) ;
#8233 = CARTESIAN_POINT ( 'NONE',  ( -29.96918348238946095, 27.95203658269703340, 97.99677945844490523 ) ) ;
#8234 = CARTESIAN_POINT ( 'NONE',  ( 2.666996688450093966, 39.54446977037137856, 63.73528801810629574 ) ) ;
#8235 = FACE_OUTER_BOUND ( 'NONE', #7356, .T. ) ;
#8236 = ORIENTED_EDGE ( 'NONE', *, *, #5185, .T. ) ;
#8237 = LINE ( 'NONE', #2036, #3495 ) ;
#8238 = ORIENTED_EDGE ( 'NONE', *, *, #3560, .T. ) ;
#8239 = EDGE_CURVE ( 'NONE', #7430, #4682, #8400, .T. ) ;
#8240 = AXIS2_PLACEMENT_3D ( 'NONE', #2196, #5567, #5286 ) ;
#8241 = CARTESIAN_POINT ( 'NONE',  ( 15.75651322460398163, -10.83058157412121503, 43.35074017859916751 ) ) ;
#8242 = CARTESIAN_POINT ( 'NONE',  ( 15.71810980688029957, 26.95203658269705826, 96.19034129655530307 ) ) ;
#8243 = CARTESIAN_POINT ( 'NONE',  ( 2.666793705541411708, 27.95203658269705471, 54.00323721265430521 ) ) ;
#8244 = ORIENTED_EDGE ( 'NONE', *, *, #7600, .T. ) ;
#8245 = CARTESIAN_POINT ( 'NONE',  ( -11.39812996423726688, 13.81402832956863769, 50.00000000000000000 ) ) ;
#8246 = EDGE_CURVE ( 'NONE', #1018, #3145, #4886, .T. ) ;
#8247 = ORIENTED_EDGE ( 'NONE', *, *, #347, .F. ) ;
#8248 = DIRECTION ( 'NONE',  ( -0.4999819370636950921, -3.166443754200919549E-16, 0.8660358321744171528 ) ) ;
#8249 = ORIENTED_EDGE ( 'NONE', *, *, #8269, .T. ) ;
#8250 = EDGE_CURVE ( 'NONE', #4574, #5982, #7710, .T. ) ;
#8251 = AXIS2_PLACEMENT_3D ( 'NONE', #114, #4289, #836 ) ;
#8252 = DIRECTION ( 'NONE',  ( -0.8660358321744171528, -5.413451298869251709E-16, -0.4999819370636950921 ) ) ;
#8253 = ORIENTED_EDGE ( 'NONE', *, *, #5970, .F. ) ;
#8254 = CARTESIAN_POINT ( 'NONE',  ( -6.725349869233653521, 39.54446977037137145, 61.73548391531529944 ) ) ;
#8255 = DIRECTION ( 'NONE',  ( 5.755241451737143451E-16, -1.000000000000000000, 6.712021091176322394E-32 ) ) ;
#8256 = VERTEX_POINT ( 'NONE', #4184 ) ;
#8257 = ORIENTED_EDGE ( 'NONE', *, *, #5595, .F. ) ;
#8258 = CARTESIAN_POINT ( 'NONE',  ( 0.2028533595349241991, 13.81402832956864302, 61.73533941269485581 ) ) ;
#8259 = EDGE_CURVE ( 'NONE', #1308, #3312, #8436, .T. ) ;
#8260 = CARTESIAN_POINT ( 'NONE',  ( -0.3752417887738916935, -4.613701099919306436, 50.00000000000000000 ) ) ;
#8261 = ORIENTED_EDGE ( 'NONE', *, *, #3526, .T. ) ;
#8262 = LINE ( 'NONE', #2192, #7087 ) ;
#8263 = CARTESIAN_POINT ( 'NONE',  ( -9.541908788773804773, -8.047034099919326167, 86.10127056713264437 ) ) ;
#8264 = ADVANCED_FACE ( 'NONE', ( #4928 ), #4834, .F. ) ;
#8265 = DIRECTION ( 'NONE',  ( 6.250839858758867238E-16, -1.000000000000000000, -7.292516007464944339E-32 ) ) ;
#8266 = ORIENTED_EDGE ( 'NONE', *, *, #4850, .F. ) ;
#8267 = ORIENTED_EDGE ( 'NONE', *, *, #2584, .T. ) ;
#8268 = DIRECTION ( 'NONE',  ( 0.9999999997824894349, 6.250839857399241803E-16, -2.085715669636334030E-05 ) ) ;
#8269 = EDGE_CURVE ( 'NONE', #6233, #4487, #4230, .T. ) ;
#8270 = VECTOR ( 'NONE', #7060, 1000.000000000000114 ) ;
#8271 = ADVANCED_FACE ( 'NONE', ( #3505 ), #60, .T. ) ;
#8272 = FACE_OUTER_BOUND ( 'NONE', #4483, .T. ) ;
#8273 = EDGE_CURVE ( 'NONE', #742, #7221, #6888, .T. ) ;
#8274 = CARTESIAN_POINT ( 'NONE',  ( 8.175764905806939709, 2.386298900080696672, 50.00000000000000000 ) ) ;
#8275 = EDGE_LOOP ( 'NONE', ( #8457, #5376, #6071, #8131, #45, #7545, #4256 ) ) ;
#8276 = CARTESIAN_POINT ( 'NONE',  ( 1.174758211226104354, 9.386298900080694452, 50.00000000000000000 ) ) ;
#8277 = LINE ( 'NONE', #4664, #4370 ) ;
#8278 = CARTESIAN_POINT ( 'NONE',  ( -2.761224603472260508, 13.81402832956864124, 62.86937583139560815 ) ) ;
#8279 = DIRECTION ( 'NONE',  ( -2.085715669636334030E-05, -1.303747464172781074E-20, -0.9999999997824895459 ) ) ;
#8280 = EDGE_LOOP ( 'NONE', ( #4232, #4058, #2324, #8070, #780, #2004 ) ) ;
#8281 = EDGE_CURVE ( 'NONE', #5713, #1851, #7759, .T. ) ;
#8282 = DIRECTION ( 'NONE',  ( 0.4999819370636951477, 0.000000000000000000, -0.8660358321744170418 ) ) ;
#8283 = DIRECTION ( 'NONE',  ( 6.250839858758867238E-16, -1.000000000000000000, -7.292516007464944339E-32 ) ) ;
#8284 = CARTESIAN_POINT ( 'NONE',  ( -4.261159237346761053, 39.54446977037137145, 66.00338171266453458 ) ) ;
#8285 = ORIENTED_EDGE ( 'NONE', *, *, #8998, .T. ) ;
#8286 = LINE ( 'NONE', #679, #4955 ) ;
#8287 = EDGE_CURVE ( 'NONE', #4084, #4482, #6338, .T. ) ;
#8288 = VERTEX_POINT ( 'NONE', #827 ) ;
#8289 = LINE ( 'NONE', #545, #5451 ) ;
#8290 = ORIENTED_EDGE ( 'NONE', *, *, #2393, .F. ) ;
#8291 = CARTESIAN_POINT ( 'NONE',  ( 6.130937034239084760, 39.54446977037137856, 56.00316496090904650 ) ) ;
#8292 = ORIENTED_EDGE ( 'NONE', *, *, #6486, .T. ) ;
#8293 = DIRECTION ( 'NONE',  ( -0.5000180627187938986, 0.000000000000000000, -0.8660149750177210670 ) ) ;
#8294 = FACE_OUTER_BOUND ( 'NONE', #1885, .T. ) ;
#8295 = ORIENTED_EDGE ( 'NONE', *, *, #357, .T. ) ;
#8296 = ORIENTED_EDGE ( 'NONE', *, *, #964, .F. ) ;
#8297 = DIRECTION ( 'NONE',  ( -1.000000000000000000, -6.383782126896855077E-16, -1.166244989663167914E-16 ) ) ;
#8298 = EDGE_CURVE ( 'NONE', #7575, #8673, #7627, .T. ) ;
#8299 = VECTOR ( 'NONE', #8297, 1000.000000000000000 ) ;
#8300 = AXIS2_PLACEMENT_3D ( 'NONE', #3562, #833, #2920 ) ;
#8301 = EDGE_CURVE ( 'NONE', #6947, #3402, #5513, .T. ) ;
#8302 = AXIS2_PLACEMENT_3D ( 'NONE', #672, #8323, #2802 ) ;
#8303 = DIRECTION ( 'NONE',  ( 2.085715669603027678E-05, 1.303747464151961922E-20, 0.9999999997824895459 ) ) ;
#8304 = VERTEX_POINT ( 'NONE', #6245 ) ;
#8305 = CARTESIAN_POINT ( 'NONE',  ( -6.725135709008342566, 27.95203658269704761, 72.00343310551296838 ) ) ;
#8306 = CARTESIAN_POINT ( 'NONE',  ( 5.075764905806941840, 2.386298900080696672, 50.00000000000000000 ) ) ;
#8307 = DIRECTION ( 'NONE',  ( -1.000000000000000000, -6.383782126896855077E-16, 0.000000000000000000 ) ) ;
#8308 = ORIENTED_EDGE ( 'NONE', *, *, #6884, .F. ) ;
#8309 = ORIENTED_EDGE ( 'NONE', *, *, #5571, .F. ) ;
#8310 = LINE ( 'NONE', #7630, #7930 ) ;
#8311 = AXIS2_PLACEMENT_3D ( 'NONE', #7187, #6491, #5728 ) ;
#8312 = ADVANCED_FACE ( 'NONE', ( #2242, #7804, #1381 ), #4098, .F. ) ;
#8313 = VECTOR ( 'NONE', #1435, 1000.000000000000000 ) ;
#8314 = LINE ( 'NONE', #2072, #1363 ) ;
#8315 = VECTOR ( 'NONE', #7548, 1000.000000000000114 ) ;
#8316 = LINE ( 'NONE', #753, #8336 ) ;
#8317 = ORIENTED_EDGE ( 'NONE', *, *, #590, .F. ) ;
#8318 = DIRECTION ( 'NONE',  ( -6.383782126896855077E-16, 1.000000000000000000, -2.925052111754154507E-18 ) ) ;
#8319 = PLANE ( 'NONE',  #8599 ) ;
#8320 = EDGE_CURVE ( 'NONE', #8472, #3757, #6973, .T. ) ;
#8321 = CARTESIAN_POINT ( 'NONE',  ( 7.131103891275175855, 39.54446977037137856, 64.00314410201221449 ) ) ;
#8322 = EDGE_LOOP ( 'NONE', ( #1455, #2258, #3331, #3832, #8013, #5626 ) ) ;
#8323 = DIRECTION ( 'NONE',  ( 1.000000000000000000, 6.348176284925190171E-16, 1.166645790364705931E-16 ) ) ;
#8324 = ORIENTED_EDGE ( 'NONE', *, *, #4635, .T. ) ;
#8325 = CIRCLE ( 'NONE', #6862, 1.000000000000000888 ) ;
#8326 = EDGE_CURVE ( 'NONE', #3969, #8752, #2787, .T. ) ;
#8327 = LINE ( 'NONE', #3612, #7298 ) ;
#8328 = AXIS2_PLACEMENT_3D ( 'NONE', #1753, #7916, #6484 ) ;
#8329 = DIRECTION ( 'NONE',  ( 1.166244989663167914E-16, 6.695403588083180925E-32, -1.000000000000000000 ) ) ;
#8330 = VECTOR ( 'NONE', #8705, 1000.000000000000114 ) ;
#8331 = DIRECTION ( 'NONE',  ( 1.000000000000000000, 0.000000000000000000, 0.000000000000000000 ) ) ;
#8332 = EDGE_LOOP ( 'NONE', ( #6339, #5104, #9016, #7036 ) ) ;
#8333 = LINE ( 'NONE', #2094, #4800 ) ;
#8334 = ORIENTED_EDGE ( 'NONE', *, *, #7808, .T. ) ;
#8335 = ORIENTED_EDGE ( 'NONE', *, *, #2197, .T. ) ;
#8336 = VECTOR ( 'NONE', #4242, 1000.000000000000000 ) ;
#8337 = AXIS2_PLACEMENT_3D ( 'NONE', #5742, #1512, #7670 ) ;
#8338 = DIRECTION ( 'NONE',  ( -0.006013943137674153221, 0.9999819160804543916, -7.013731052431002560E-19 ) ) ;
#8339 = CARTESIAN_POINT ( 'NONE',  ( 11.71517252853230673, -11.79118635532181081, 44.35000000000000853 ) ) ;
#8340 = ORIENTED_EDGE ( 'NONE', *, *, #3796, .F. ) ;
#8341 = CARTESIAN_POINT ( 'NONE',  ( 12.11513577063903391, -38.10046751228106388, 79.73868904926045786 ) ) ;
#8342 = CARTESIAN_POINT ( 'NONE',  ( 7.131056588303485988, 13.81402832956864657, 61.73519491007443349 ) ) ;
#8343 = AXIS2_PLACEMENT_3D ( 'NONE', #7516, #3813, #4587 ) ;
#8344 = VECTOR ( 'NONE', #4441, 1000.000000000000000 ) ;
#8345 = EDGE_LOOP ( 'NONE', ( #8194, #682, #8570, #8206 ) ) ;
#8346 = ORIENTED_EDGE ( 'NONE', *, *, #3, .F. ) ;
#8347 = CARTESIAN_POINT ( 'NONE',  ( 0.7030021538522179814, 13.81402832956864302, 68.86930357878031828 ) ) ;
#8348 = AXIS2_PLACEMENT_3D ( 'NONE', #1587, #7136, #8554 ) ;
#8349 = DIRECTION ( 'NONE',  ( -0.9999999997824894349, -6.383781515425612638E-16, 2.085715669636333691E-05 ) ) ;
#8350 = ORIENTED_EDGE ( 'NONE', *, *, #6015, .F. ) ;
#8351 = DIRECTION ( 'NONE',  ( 6.250839858758867238E-16, -1.000000000000000000, -7.292516007464944339E-32 ) ) ;
#8352 = DIRECTION ( 'NONE',  ( -0.9999999997824894349, 0.000000000000000000, 2.085715669636333691E-05 ) ) ;
#8353 = DIRECTION ( 'NONE',  ( -0.4999819370636950921, -3.166443754200919549E-16, 0.8660358321744171528 ) ) ;
#8354 = ORIENTED_EDGE ( 'NONE', *, *, #2248, .F. ) ;
#8355 = EDGE_LOOP ( 'NONE', ( #1090, #7420, #1688, #5339 ) ) ;
#8356 = CARTESIAN_POINT ( 'NONE',  ( -3.261123111909174366, 39.54446977037137145, 67.73541166269998826 ) ) ;
#8357 = VECTOR ( 'NONE', #3188, 1000.000000000000114 ) ;
#8358 = ADVANCED_FACE ( 'NONE', ( #2113 ), #1656, .T. ) ;
#8359 = EDGE_CURVE ( 'NONE', #3983, #3855, #3044, .T. ) ;
#8360 = VECTOR ( 'NONE', #3957, 1000.000000000000114 ) ;
#8361 = DIRECTION ( 'NONE',  ( -0.5000180627187938986, -3.217337761224690623E-16, -0.8660149750177210670 ) ) ;
#8362 = EDGE_CURVE ( 'NONE', #6038, #8607, #8528, .T. ) ;
#8363 = LINE ( 'NONE', #3644, #1170 ) ;
#8364 = LINE ( 'NONE', #6384, #8042 ) ;
#8365 = ORIENTED_EDGE ( 'NONE', *, *, #1813, .T. ) ;
#8366 = CARTESIAN_POINT ( 'NONE',  ( -19.34469989444891169, 27.95203658269703695, 104.1305324594755888 ) ) ;
#8367 = PLANE ( 'NONE',  #3654 ) ;
#8368 = CARTESIAN_POINT ( 'NONE',  ( 12.11513577063901437, -8.048270484293402305, 97.19034129655530307 ) ) ;
#8369 = EDGE_LOOP ( 'NONE', ( #8999, #7173, #6666, #4629 ) ) ;
#8370 = CARTESIAN_POINT ( 'NONE',  ( 6.131187320119496853, 13.81402832956864657, 68.00316495829888197 ) ) ;
#8371 = ORIENTED_EDGE ( 'NONE', *, *, #6299, .F. ) ;
#8372 = PRODUCT_DEFINITION_FORMATION_WITH_SPECIFIED_SOURCE ( 'ä»', '', #4793, .NOT_KNOWN. ) ;
#8373 = CARTESIAN_POINT ( 'NONE',  ( -17.39812996423725266, 27.53782302032394469, 43.76421356237308657 ) ) ;
#8374 = CARTESIAN_POINT ( 'NONE',  ( 16.71813209037013337, 0.2768239518871526972, 79.82075940597431440 ) ) ;
#8375 = LINE ( 'NONE', #35, #8895 ) ;
#8376 = EDGE_CURVE ( 'NONE', #6151, #5817, #328, .T. ) ;
#8377 = ORIENTED_EDGE ( 'NONE', *, *, #4879, .F. ) ;
#8378 = LINE ( 'NONE', #6226, #8009 ) ;
#8379 = DIRECTION ( 'NONE',  ( 0.5000180627187942317, 0.000000000000000000, 0.8660149750177208450 ) ) ;
#8380 = EDGE_CURVE ( 'NONE', #8493, #132, #241, .T. ) ;
#8381 = CLOSED_SHELL ( 'NONE', ( #1017, #7768, #6567, #1145, #5860, #6221, #7401, #4362, #234, #702, #7008, #3152, #3039, #6953, #7859, #6635, #8264, #1540, #1324, #1630, #5901, #1169, #1861, #2982, #5798, #4189, #4237, #1020, #3025, #6520, #7423, #8312, #3666, #733, #1246, #3358, #8021, #845, #5785, #6853, #484, #3726, #8134, #1227, #5363, #6897, #7116, #2580, #4076, #7426, #7655, #1373, #8943, #7684, #2322, #2895, #6357, #3551, #3123, #1466, #4840, #583, #3609, #3878, #3559, #674, #31, #6582, #5249, #3282, #3682, #6394, #1343, #3833, #5699, #3002, #4849, #6523, #5684, #8857, #3256, #7237, #3949, #3924, #442, #4070, #5962, #5616, #1293, #4282, #7598, #2637, #884, #8644, #3458, #832, #1986, #1854, #8833, #7765, #4956, #8144, #8122, #977, #7867, #5664, #862, #3962, #2775, #8975, #3519, #7224, #4572, #2724, #8113, #5414, #4922, #6637, #3908, #4161, #1055, #8991, #3405, #690, #8106, #1546, #5032, #5786, #7872, #1728, #6930, #1623, #1661, #529, #6147, #6646, #6938, #2331, #7353, #5856, #3623, #308, #431, #4034, #3759, #248, #6029, #4498, #2396, #6177, #8663, #1826, #7120, #8075, #6963, #1899, #2636, #7146, #1890, #6681, #201, #3141, #6136, #2027, #128, #1171, #692, #2509, #3577, #2744, #4104, #3244, #8040, #6477, #1452, #7083, #8551, #4324, #7347, #5181, #5524, #4489, #1053, #4917, #8631, #7588, #7358, #6129, #1444, #2466, #714, #2011, #4501, #3509, #723, #362, #7875, #1748, #6093, #8797, #849, #1926, #4463, #5338, #5776, #579, #1729, #2989, #2763, #1292, #4550, #7465, #4119, #7488, #8358, #2523, #186, #1194, #6470, #7821, #7077, #5819, #1098, #5695, #4223, #6815, #7079, #2302, #5805, #1067, #7936, #8786, #8382, #6506, #23, #4339, #6009, #1617, #4177, #6784, #4188, #8086, #3000, #1133, #7300, #8556, #8982, #2684, #8469, #1858, #6833, #7913, #2739, #562, #8159, #6312, #5441, #1362, #163, #6566, #1560, #2252, #4980, #4008, #5223, #8271, #1618, #109, #6375, #2939 ) ) ;
#8382 = ADVANCED_FACE ( 'NONE', ( #8665 ), #2416, .T. ) ;
#8383 = DIRECTION ( 'NONE',  ( -1.091152692702142892E-32, 1.339658354568195596E-16, -1.000000000000000000 ) ) ;
#8384 = LINE ( 'NONE', #772, #878 ) ;
#8385 = EDGE_CURVE ( 'NONE', #2318, #1043, #281, .T. ) ;
#8386 = LINE ( 'NONE', #1408, #2086 ) ;
#8387 = EDGE_LOOP ( 'NONE', ( #7629, #1723, #4194, #135 ) ) ;
#8388 = DIRECTION ( 'NONE',  ( 1.000000000000000000, 0.000000000000000000, 0.000000000000000000 ) ) ;
#8389 = LINE ( 'NONE', #1319, #4272 ) ;
#8390 = ORIENTED_EDGE ( 'NONE', *, *, #2686, .T. ) ;
#8391 = VERTEX_POINT ( 'NONE', #8706 ) ;
#8392 = LINE ( 'NONE', #2277, #3898 ) ;
#8393 = EDGE_CURVE ( 'NONE', #5343, #1154, #7103, .T. ) ;
#8394 = ORIENTED_EDGE ( 'NONE', *, *, #7688, .F. ) ;
#8395 = DIRECTION ( 'NONE',  ( -0.9999999997824894349, 0.000000000000000000, 2.085715669636333691E-05 ) ) ;
#8396 = EDGE_CURVE ( 'NONE', #1154, #2231, #3681, .T. ) ;
#8397 = ORIENTED_EDGE ( 'NONE', *, *, #4228, .T. ) ;
#8398 = CARTESIAN_POINT ( 'NONE',  ( 15.71818174173036553, 27.95203658269706182, 43.35004508037952320 ) ) ;
#8399 = DIRECTION ( 'NONE',  ( 0.4999819370636950921, 3.125307020857212586E-16, -0.8660358321744171528 ) ) ;
#8400 = LINE ( 'NONE', #6295, #8501 ) ;
#8401 = EDGE_LOOP ( 'NONE', ( #4771, #6228, #8253, #3976 ) ) ;
#8402 = ORIENTED_EDGE ( 'NONE', *, *, #1416, .F. ) ;
#8403 = DIRECTION ( 'NONE',  ( -2.889523582866138543E-07, -0.9999999999999582556, 2.925052111754032018E-18 ) ) ;
#8404 = PLANE ( 'NONE',  #1214 ) ;
#8405 = DIRECTION ( 'NONE',  ( 6.250839858758867238E-16, -1.000000000000000000, -7.292516007464944339E-32 ) ) ;
#8406 = CARTESIAN_POINT ( 'NONE',  ( 1.174758211226104354, 9.386298900080694452, 6.649999999999995914 ) ) ;
#8407 = ORIENTED_EDGE ( 'NONE', *, *, #7984, .F. ) ;
#8408 = FACE_OUTER_BOUND ( 'NONE', #5164, .T. ) ;
#8409 = PLANE ( 'NONE',  #2786 ) ;
#8410 = FACE_BOUND ( 'NONE', #6650, .T. ) ;
#8411 = CARTESIAN_POINT ( 'NONE',  ( -2.761141174845478385, 39.54446977037137145, 66.86937583052555567 ) ) ;
#8412 = ORIENTED_EDGE ( 'NONE', *, *, #1126, .T. ) ;
#8413 = DIRECTION ( 'NONE',  ( 0.9999999997824894349, 6.383781515425612638E-16, -2.085715669603027339E-05 ) ) ;
#8414 = DIRECTION ( 'NONE',  ( 0.9999999997824894349, 6.250839857399241803E-16, -2.085715669636334030E-05 ) ) ;
#8415 = EDGE_CURVE ( 'NONE', #6885, #76, #8569, .T. ) ;
#8416 = FACE_BOUND ( 'NONE', #8610, .T. ) ;
#8417 = VERTEX_POINT ( 'NONE', #5150 ) ;
#8418 = CARTESIAN_POINT ( 'NONE',  ( -0.7968963543671740979, 13.81402832956864302, 73.73536026724137571 ) ) ;
#8419 = CARTESIAN_POINT ( 'NONE',  ( -0.3428549928710364902, 27.95203658269705116, 69.73535079635956890 ) ) ;
#8420 = EDGE_CURVE ( 'NONE', #7319, #4144, #7941, .T. ) ;
#8421 = CARTESIAN_POINT ( 'NONE',  ( -4.375241788773887919, -6.340670791627875502, 3.649999999999999467 ) ) ;
#8422 = CARTESIAN_POINT ( 'NONE',  ( -2.761141174845461954, 13.81402832956864124, 66.86937583052555567 ) ) ;
#8423 = DIRECTION ( 'NONE',  ( 0.5000180627187942317, 3.217337761224692595E-16, 0.8660149750177208450 ) ) ;
#8424 = VERTEX_POINT ( 'NONE', #4492 ) ;
#8425 = DIRECTION ( 'NONE',  ( -2.085715669636334030E-05, -1.303747464172781074E-20, -0.9999999997824895459 ) ) ;
#8426 = EDGE_CURVE ( 'NONE', #2665, #514, #5875, .T. ) ;
#8427 = ORIENTED_EDGE ( 'NONE', *, *, #5314, .T. ) ;
#8428 = ORIENTED_EDGE ( 'NONE', *, *, #1800, .T. ) ;
#8429 = CARTESIAN_POINT ( 'NONE',  ( -1.925241788773891960, -4.613701099919306436, 50.00000000000000000 ) ) ;
#8430 = AXIS2_PLACEMENT_3D ( 'NONE', #3456, #2183, #7055 ) ;
#8431 = ORIENTED_EDGE ( 'NONE', *, *, #5571, .T. ) ;
#8432 = EDGE_CURVE ( 'NONE', #4432, #1939, #6422, .T. ) ;
#8433 = LINE ( 'NONE', #1461, #4995 ) ;
#8434 = ORIENTED_EDGE ( 'NONE', *, *, #2301, .T. ) ;
#8435 = DIRECTION ( 'NONE',  ( -6.383782126896855077E-16, 1.000000000000000000, -2.925052111754154507E-18 ) ) ;
#8436 = LINE ( 'NONE', #5019, #1958 ) ;
#8437 = AXIS2_PLACEMENT_3D ( 'NONE', #5648, #8435, #6504 ) ;
#8438 = ORIENTED_EDGE ( 'NONE', *, *, #1849, .F. ) ;
#8439 = LINE ( 'NONE', #744, #224 ) ;
#8440 = B_SPLINE_CURVE_WITH_KNOTS ( 'NONE', 3,
 ( #5175, #4675, #2402, #3800, #447, #6042 ),
 .UNSPECIFIED., .F., .F.,
 ( 4, 2, 4 ),
 ( 0.000000000000000000, 0.5000000000000000000, 1.000000000000000000 ),
 .UNSPECIFIED. ) ;
#8441 = AXIS2_PLACEMENT_3D ( 'NONE', #2443, #8649, #3164 ) ;
#8442 = FACE_OUTER_BOUND ( 'NONE', #1331, .T. ) ;
#8443 = DIRECTION ( 'NONE',  ( -0.9999999997824894349, -6.250839857399242789E-16, 2.085715669603027339E-05 ) ) ;
#8444 = CARTESIAN_POINT ( 'NONE',  ( 3.624758211226107196, 2.208813644678184751, 3.649999999999999467 ) ) ;
#8445 = VERTEX_POINT ( 'NONE', #6598 ) ;
#8446 = FACE_OUTER_BOUND ( 'NONE', #6836, .T. ) ;
#8447 = DIRECTION ( 'NONE',  ( -0.000000000000000000, -0.000000000000000000, -1.000000000000000000 ) ) ;
#8448 = VECTOR ( 'NONE', #3534, 1000.000000000000000 ) ;
#8449 = CARTESIAN_POINT ( 'NONE',  ( -16.39812996423722780, -10.79118635532182857, 43.35000000000000853 ) ) ;
#8450 = ORIENTED_EDGE ( 'NONE', *, *, #7391, .F. ) ;
#8451 = DIRECTION ( 'NONE',  ( 0.000000000000000000, -0.000000000000000000, 1.000000000000000000 ) ) ;
#8452 = VERTEX_POINT ( 'NONE', #3637 ) ;
#8453 = AXIS2_PLACEMENT_3D ( 'NONE', #5832, #7983, #7901 ) ;
#8454 = CARTESIAN_POINT ( 'NONE',  ( -6.725219137635125577, 13.81402832956864124, 68.00343310638301375 ) ) ;
#8455 = DIRECTION ( 'NONE',  ( 1.166645790364705931E-16, 2.307121025834449284E-35, -1.000000000000000000 ) ) ;
#8456 = CIRCLE ( 'NONE', #2058, 1.000000000000000888 ) ;
#8457 = ORIENTED_EDGE ( 'NONE', *, *, #1000, .F. ) ;
#8458 = LINE ( 'NONE', #7602, #2625 ) ;
#8459 = DIRECTION ( 'NONE',  ( -1.000000000000000000, 0.000000000000000000, 0.000000000000000000 ) ) ;
#8460 = EDGE_CURVE ( 'NONE', #5496, #2514, #4366, .T. ) ;
#8461 = VECTOR ( 'NONE', #7719, 999.9999999999998863 ) ;
#8462 = AXIS2_PLACEMENT_3D ( 'NONE', #7073, #4896, #7724 ) ;
#8463 = DIRECTION ( 'NONE',  ( 0.5000180627187940097, 3.125532836542028723E-16, 0.8660149750177211780 ) ) ;
#8464 = PLANE ( 'NONE',  #1470 ) ;
#8465 = CARTESIAN_POINT ( 'NONE',  ( -4.673745950346255285, 11.32975269197696200, 0.000000000000000000 ) ) ;
#8466 = ORIENTED_EDGE ( 'NONE', *, *, #2458, .T. ) ;
#8467 = CARTESIAN_POINT ( 'NONE',  ( -4.261373397572048916, 13.81402832956864124, 55.73543252246685142 ) ) ;
#8468 = EDGE_CURVE ( 'NONE', #2564, #231, #7280, .T. ) ;
#8469 = ADVANCED_FACE ( 'NONE', ( #866 ), #7893, .T. ) ;
#8470 = LINE ( 'NONE', #2274, #188 ) ;
#8471 = ORIENTED_EDGE ( 'NONE', *, *, #1262, .T. ) ;
#8472 = VERTEX_POINT ( 'NONE', #5916 ) ;
#8473 = DIRECTION ( 'NONE',  ( 0.9999999997824894349, 0.000000000000000000, -2.085715669603027339E-05 ) ) ;
#8474 = AXIS2_PLACEMENT_3D ( 'NONE', #122, #715, #4336 ) ;
#8475 = EDGE_LOOP ( 'NONE', ( #7947, #6197, #1050, #3652 ) ) ;
#8476 = VECTOR ( 'NONE', #4043, 1000.000000000000000 ) ;
#8477 = AXIS2_PLACEMENT_3D ( 'NONE', #6345, #112, #5520 ) ;
#8478 = VECTOR ( 'NONE', #6847, 1000.000000000000000 ) ;
#8479 = DIRECTION ( 'NONE',  ( 0.000000000000000000, -1.734723475976805517E-15, -1.000000000000000000 ) ) ;
#8480 = VERTEX_POINT ( 'NONE', #1557 ) ;
#8481 = DIRECTION ( 'NONE',  ( 2.085715669603027678E-05, 1.303747464151961922E-20, 0.9999999997824895459 ) ) ;
#8482 = CARTESIAN_POINT ( 'NONE',  ( 6.130937034239100747, 13.81402832956864657, 56.00316496090904650 ) ) ;
#8483 = DIRECTION ( 'NONE',  ( -1.629001437540167744E-16, 1.000000000000000000, 0.000000000000000000 ) ) ;
#8484 = ORIENTED_EDGE ( 'NONE', *, *, #7910, .F. ) ;
#8485 = ORIENTED_EDGE ( 'NONE', *, *, #352, .F. ) ;
#8486 = CARTESIAN_POINT ( 'NONE',  ( -0.3752417887738916935, -4.613701099919306436, 43.35000000000000853 ) ) ;
#8487 = CIRCLE ( 'NONE', #913, 1.550000000000000488 ) ;
#8488 = EDGE_CURVE ( 'NONE', #2184, #4132, #8955, .T. ) ;
#8489 = VECTOR ( 'NONE', #8076, 1000.000000000000000 ) ;
#8490 = DIRECTION ( 'NONE',  ( 0.9999999997824894349, 0.000000000000000000, -2.085715669603027339E-05 ) ) ;
#8491 = DIRECTION ( 'NONE',  ( 0.5000180627187942317, 3.217337761224692595E-16, 0.8660149750177208450 ) ) ;
#8492 = DIRECTION ( 'NONE',  ( -0.8660358321744171528, -5.413451298869251709E-16, -0.4999819370636950921 ) ) ;
#8493 = VERTEX_POINT ( 'NONE', #3177 ) ;
#8494 = CARTESIAN_POINT ( 'NONE',  ( 1.174758211226104354, 9.386298900080694452, 43.35000000000000853 ) ) ;
#8495 = VECTOR ( 'NONE', #4304, 1000.000000000000114 ) ;
#8496 = LINE ( 'NONE', #6984, #4975 ) ;
#8497 = DIRECTION ( 'NONE',  ( -0.9999999997824894349, -6.383781515425612638E-16, 2.085715669636333691E-05 ) ) ;
#8498 = EDGE_LOOP ( 'NONE', ( #983, #5159, #6591, #4480 ) ) ;
#8499 = DIRECTION ( 'NONE',  ( 0.000000000000000000, -0.000000000000000000, 1.000000000000000000 ) ) ;
#8500 = ORIENTED_EDGE ( 'NONE', *, *, #2857, .F. ) ;
#8501 = VECTOR ( 'NONE', #2153, 1000.000000000000114 ) ;
#8502 = DIRECTION ( 'NONE',  ( -0.000000000000000000, -0.000000000000000000, -1.000000000000000000 ) ) ;
#8503 = DIRECTION ( 'NONE',  ( 0.5000180627187940097, 3.125532836542028723E-16, 0.8660149750177211780 ) ) ;
#8504 = PLANE ( 'NONE',  #6996 ) ;
#8505 = EDGE_CURVE ( 'NONE', #5949, #2276, #6054, .T. ) ;
#8506 = CYLINDRICAL_SURFACE ( 'NONE', #3766, 1.049999999999988498 ) ;
#8507 = VECTOR ( 'NONE', #5375, 1000.000000000000114 ) ;
#8508 = ORIENTED_EDGE ( 'NONE', *, *, #2279, .T. ) ;
#8509 = CARTESIAN_POINT ( 'NONE',  ( 2.666877134168202712, 39.54446977037137856, 58.00323721178423142 ) ) ;
#8510 = LINE ( 'NONE', #2853, #8806 ) ;
#8511 = VECTOR ( 'NONE', #7959, 1000.000000000000000 ) ;
#8512 = FACE_OUTER_BOUND ( 'NONE', #2783, .T. ) ;
#8513 = AXIS2_PLACEMENT_3D ( 'NONE', #2245, #7157, #922 ) ;
#8514 = CARTESIAN_POINT ( 'NONE',  ( 6.131020462865883758, 39.54446977037137856, 60.00316496003898692 ) ) ;
#8515 = CARTESIAN_POINT ( 'NONE',  ( 5.075764905806941840, 2.386298900080696672, 50.00000000000000000 ) ) ;
#8516 = EDGE_CURVE ( 'NONE', #7430, #6754, #1831, .T. ) ;
#8517 = EDGE_LOOP ( 'NONE', ( #8816, #8616, #5052, #3348 ) ) ;
#8518 = DIRECTION ( 'NONE',  ( 2.910875140231017979E-47, -6.712021092795624582E-32, -1.000000000000000000 ) ) ;
#8519 = LINE ( 'NONE', #5047, #3665 ) ;
#8520 = EDGE_LOOP ( 'NONE', ( #1725, #1726, #1565, #4913 ) ) ;
#8521 = ORIENTED_EDGE ( 'NONE', *, *, #998, .F. ) ;
#8522 = DIRECTION ( 'NONE',  ( -6.383782131089602470E-16, 1.000000000000000000, -3.329025581828120607E-33 ) ) ;
#8523 = ORIENTED_EDGE ( 'NONE', *, *, #5301, .F. ) ;
#8524 = VERTEX_POINT ( 'NONE', #551 ) ;
#8525 = CARTESIAN_POINT ( 'NONE',  ( -7.725266440389332523, 13.81402832956863946, 65.73550477160191008 ) ) ;
#8526 = EDGE_CURVE ( 'NONE', #7745, #5953, #5283, .T. ) ;
#8527 = FACE_OUTER_BOUND ( 'NONE', #2337, .T. ) ;
#8528 = LINE ( 'NONE', #7203, #2816 ) ;
#8529 = VERTEX_POINT ( 'NONE', #8118 ) ;
#8530 = PLANE ( 'NONE',  #7504 ) ;
#8531 = CARTESIAN_POINT ( 'NONE',  ( -4.761141174410457033, 39.54446977037136435, 66.86941754483895295 ) ) ;
#8532 = EDGE_CURVE ( 'NONE', #3030, #1549, #6829, .T. ) ;
#8533 = LINE ( 'NONE', #1739, #8596 ) ;
#8534 = CARTESIAN_POINT ( 'NONE',  ( -12.39812996423728997, 74.67466570213871080, 94.62330639589909254 ) ) ;
#8535 = ORIENTED_EDGE ( 'NONE', *, *, #2834, .F. ) ;
#8536 = DIRECTION ( 'NONE',  ( -4.401992423523295253E-17, -1.000000000000000000, 0.000000000000000000 ) ) ;
#8537 = FACE_OUTER_BOUND ( 'NONE', #640, .T. ) ;
#8538 = DIRECTION ( 'NONE',  ( 6.250839858758867238E-16, -1.000000000000000000, -7.292516007464944339E-32 ) ) ;
#8539 = EDGE_LOOP ( 'NONE', ( #3126, #4108, #1161, #5020, #4718, #3115 ) ) ;
#8540 = FACE_OUTER_BOUND ( 'NONE', #6768, .T. ) ;
#8541 = EDGE_CURVE ( 'NONE', #4805, #8083, #5956, .T. ) ;
#8542 = ORIENTED_EDGE ( 'NONE', *, *, #4175, .T. ) ;
#8543 = EDGE_CURVE ( 'NONE', #533, #1087, #8751, .T. ) ;
#8544 = FACE_OUTER_BOUND ( 'NONE', #8851, .T. ) ;
#8545 = CARTESIAN_POINT ( 'NONE',  ( 1.174758211226104354, 9.386298900080694452, 50.00000000000000000 ) ) ;
#8546 = CARTESIAN_POINT ( 'NONE',  ( 6.131306874401379226, 27.95203658269705471, 73.73521576462097471 ) ) ;
#8547 = VERTEX_POINT ( 'NONE', #6642 ) ;
#8548 = DIRECTION ( 'NONE',  ( -0.5000180627187942317, -3.125532836542028723E-16, -0.8660149750177209560 ) ) ;
#8549 = DIRECTION ( 'NONE',  ( -0.9999999997824894349, -6.383781515425612638E-16, 2.085715669636333691E-05 ) ) ;
#8550 = AXIS2_PLACEMENT_3D ( 'NONE', #7570, #6110, #8954 ) ;
#8551 = ADVANCED_FACE ( 'NONE', ( #416 ), #1780, .T. ) ;
#8552 = PLANE ( 'NONE',  #2670 ) ;
#8553 = DIRECTION ( 'NONE',  ( -0.8660358321744171528, -5.413451298869251709E-16, -0.4999819370636950921 ) ) ;
#8554 = DIRECTION ( 'NONE',  ( 0.000000000000000000, -1.734723475976805517E-15, 1.000000000000000000 ) ) ;
#8555 = VERTEX_POINT ( 'NONE', #4545 ) ;
#8556 = ADVANCED_FACE ( 'NONE', ( #8849 ), #1276, .T. ) ;
#8557 = CARTESIAN_POINT ( 'NONE',  ( 3.667210848457900241, 27.95203658269705471, 74.00321635114731578 ) ) ;
#8558 = LINE ( 'NONE', #989, #8051 ) ;
#8559 = ORIENTED_EDGE ( 'NONE', *, *, #8488, .T. ) ;
#8560 = VERTEX_POINT ( 'NONE', #2596 ) ;
#8561 = DIRECTION ( 'NONE',  ( 2.910875140231017979E-47, -6.712021092795624582E-32, -1.000000000000000000 ) ) ;
#8562 = VERTEX_POINT ( 'NONE', #3904 ) ;
#8563 = EDGE_CURVE ( 'NONE', #7, #7845, #8802, .T. ) ;
#8564 = DIRECTION ( 'NONE',  ( 0.9999999997824894349, 6.250839857399241803E-16, -2.085715669636334030E-05 ) ) ;
#8565 = VERTEX_POINT ( 'NONE', #3275 ) ;
#8566 = DIRECTION ( 'NONE',  ( 0.9999999997824894349, 0.000000000000000000, -2.085715669603027339E-05 ) ) ;
#8567 = FACE_OUTER_BOUND ( 'NONE', #2110, .T. ) ;
#8568 = AXIS2_PLACEMENT_3D ( 'NONE', #3734, #6509, #284 ) ;
#8569 = LINE ( 'NONE', #3765, #2525 ) ;
#8570 = ORIENTED_EDGE ( 'NONE', *, *, #1112, .T. ) ;
#8571 = VERTEX_POINT ( 'NONE', #1920 ) ;
#8573 = EDGE_CURVE ( 'NONE', #7323, #8010, #8214, .T. ) ;
#8572 = CARTESIAN_POINT ( 'NONE',  ( 2.666996688450109954, 13.81402832956864479, 63.73528801810629574 ) ) ;
#8574 = EDGE_CURVE ( 'NONE', #4185, #1064, #5421, .T. ) ;
#8575 = LINE ( 'NONE', #1738, #2370 ) ;
#8576 = CARTESIAN_POINT ( 'NONE',  ( 6.625764905806940774, 2.386298900080696672, 0.000000000000000000 ) ) ;
#8577 = CARTESIAN_POINT ( 'NONE',  ( -3.261075808937460963, 27.95203658269704761, 70.00336085463777636 ) ) ;
#8578 = EDGE_LOOP ( 'NONE', ( #7557, #4005, #254, #440 ) ) ;
#8579 = CARTESIAN_POINT ( 'NONE',  ( -0.3752417887738960234, 9.386298900080694452, 6.649999999999995914 ) ) ;
#8580 = DIRECTION ( 'NONE',  ( 0.4999819370636951477, 3.166443754200919549E-16, -0.8660358321744170418 ) ) ;
#8581 = LINE ( 'NONE', #3702, #5442 ) ;
#8582 = VERTEX_POINT ( 'NONE', #1971 ) ;
#8583 = CARTESIAN_POINT ( 'NONE',  ( -4.673745950346255285, 27.95203658269705116, 1.292704617549806251E-16 ) ) ;
#8584 = EDGE_CURVE ( 'NONE', #5357, #681, #8165, .T. ) ;
#8585 = ORIENTED_EDGE ( 'NONE', *, *, #1561, .T. ) ;
#8586 = AXIS2_PLACEMENT_3D ( 'NONE', #6736, #3091, #8611 ) ;
#8587 = LINE ( 'NONE', #3656, #1941 ) ;
#8588 = VECTOR ( 'NONE', #3629, 1000.000000000000114 ) ;
#8589 = AXIS2_PLACEMENT_3D ( 'NONE', #1226, #587, #8930 ) ;
#8590 = PLANE ( 'NONE',  #8328 ) ;
#8591 = CARTESIAN_POINT ( 'NONE',  ( 7.131187319901974853, 39.54446977037137856, 68.00314410114216912 ) ) ;
#8592 = VECTOR ( 'NONE', #1355, 1000.000000000000114 ) ;
#8593 = EDGE_CURVE ( 'NONE', #2445, #4334, #8069, .T. ) ;
#8594 = ORIENTED_EDGE ( 'NONE', *, *, #6869, .T. ) ;
#8595 = DIRECTION ( 'NONE',  ( 0.4999819370636951477, 0.000000000000000000, -0.8660358321744170418 ) ) ;
#8596 = VECTOR ( 'NONE', #4552, 1000.000000000000000 ) ;
#8597 = VECTOR ( 'NONE', #2164, 1000.000000000000000 ) ;
#8598 = DIRECTION ( 'NONE',  ( -0.8660149750177210670, -5.413320924122833812E-16, 0.5000180627187943427 ) ) ;
#8599 = AXIS2_PLACEMENT_3D ( 'NONE', #8234, #1948, #1258 ) ;
#8600 = ORIENTED_EDGE ( 'NONE', *, *, #7412, .T. ) ;
#8601 = DIRECTION ( 'NONE',  ( -2.406425471801890024E-18, 0.003468049767204245837, 0.9999939862973237226 ) ) ;
#8602 = CARTESIAN_POINT ( 'NONE',  ( 8.900377905247196964, 26.05203658269705613, 97.19034129655530307 ) ) ;
#8603 = CARTESIAN_POINT ( 'NONE',  ( -9.541908788773804773, -8.791186355321823243, 86.10127056713264437 ) ) ;
#8604 = ORIENTED_EDGE ( 'NONE', *, *, #5276, .T. ) ;
#8605 = ORIENTED_EDGE ( 'NONE', *, *, #2567, .F. ) ;
#8606 = CARTESIAN_POINT ( 'NONE',  ( 0.2029006625066318015, 13.81402832956864657, 64.00328860463270075 ) ) ;
#8607 = VERTEX_POINT ( 'NONE', #7372 ) ;
#8608 = VECTOR ( 'NONE', #290, 999.9999999999998863 ) ;
#8609 = PLANE ( 'NONE',  #1947 ) ;
#8610 = EDGE_LOOP ( 'NONE', ( #7511, #4426, #6801, #5437, #8249, #4657 ) ) ;
#8611 = DIRECTION ( 'NONE',  ( -0.9999999997824894349, 0.000000000000000000, 2.085715669636333691E-05 ) ) ;
#8612 = DIRECTION ( 'NONE',  ( -0.4999819370636950921, -3.166443754200919549E-16, 0.8660358321744171528 ) ) ;
#8613 = VECTOR ( 'NONE', #1265, 1000.000000000000000 ) ;
#8614 = VECTOR ( 'NONE', #7371, 1000.000000000000000 ) ;
#8615 = DIRECTION ( 'NONE',  ( -0.000000000000000000, 1.000000000000000000, -0.000000000000000000 ) ) ;
#8616 = ORIENTED_EDGE ( 'NONE', *, *, #1534, .F. ) ;
#8617 = ORIENTED_EDGE ( 'NONE', *, *, #6614, .F. ) ;
#8618 = LINE ( 'NONE', #5828, #4633 ) ;
#8619 = AXIS2_PLACEMENT_3D ( 'NONE', #4106, #666, #7721 ) ;
#8620 = VECTOR ( 'NONE', #6629, 1000.000000000000114 ) ;
#8621 = PLANE ( 'NONE',  #3812 ) ;
#8622 = LINE ( 'NONE', #7288, #8170 ) ;
#8623 = PLANE ( 'NONE',  #6154 ) ;
#8624 = ORIENTED_EDGE ( 'NONE', *, *, #1412, .T. ) ;
#8625 = CARTESIAN_POINT ( 'NONE',  ( -4.673745950346253508, 27.95203658269704761, 43.35000000000000853 ) ) ;
#8626 = CARTESIAN_POINT ( 'NONE',  ( -24.77296848934294360, 27.95203658269703340, 100.9966710808270705 ) ) ;
#8627 = FACE_OUTER_BOUND ( 'NONE', #4684, .T. ) ;
#8628 = ORIENTED_EDGE ( 'NONE', *, *, #8593, .T. ) ;
#8629 = EDGE_CURVE ( 'NONE', #6117, #1939, #360, .T. ) ;
#8630 = AXIS2_PLACEMENT_3D ( 'NONE', #7754, #2869, #5646 ) ;
#8631 = ADVANCED_FACE ( 'NONE', ( #597 ), #2551, .T. ) ;
#8632 = VECTOR ( 'NONE', #8963, 1000.000000000000114 ) ;
#8633 = VERTEX_POINT ( 'NONE', #7472 ) ;
#8634 = VECTOR ( 'NONE', #6325, 1000.000000000000000 ) ;
#8635 = LINE ( 'NONE', #6758, #8478 ) ;
#8636 = DIRECTION ( 'NONE',  ( 6.250839858758867238E-16, -1.000000000000000000, -7.292516007464944339E-32 ) ) ;
#8637 = FACE_OUTER_BOUND ( 'NONE', #7726, .T. ) ;
#8638 = AXIS2_PLACEMENT_3D ( 'NONE', #3820, #4455, #3907 ) ;
#8639 = ORIENTED_EDGE ( 'NONE', *, *, #5288, .F. ) ;
#8640 = DIRECTION ( 'NONE',  ( 6.250839858758867238E-16, -1.000000000000000000, -7.292516007464944339E-32 ) ) ;
#8641 = VECTOR ( 'NONE', #2065, 1000.000000000000227 ) ;
#8642 = DIRECTION ( 'NONE',  ( 2.085715669603027678E-05, 1.303747464151961922E-20, 0.9999999997824895459 ) ) ;
#8643 = EDGE_CURVE ( 'NONE', #5645, #1832, #1454, .T. ) ;
#8644 = ADVANCED_FACE ( 'NONE', ( #7663 ), #1369, .T. ) ;
#8645 = LINE ( 'NONE', #3799, #5119 ) ;
#8646 = VECTOR ( 'NONE', #1360, 1000.000000000000000 ) ;
#8647 = DIRECTION ( 'NONE',  ( 1.361274163578769539E-06, 0.000000000000000000, -0.9999999999990734079 ) ) ;
#8648 = EDGE_CURVE ( 'NONE', #8071, #8831, #5602, .T. ) ;
#8649 = DIRECTION ( 'NONE',  ( 0.000000000000000000, 0.003468049767204130045, 0.9999939862973239446 ) ) ;
#8650 = LINE ( 'NONE', #1856, #2087 ) ;
#8651 = CARTESIAN_POINT ( 'NONE',  ( -7.725099583135750514, 39.54446977037137145, 73.73550476986180513 ) ) ;
#8652 = ORIENTED_EDGE ( 'NONE', *, *, #5517, .F. ) ;
#8653 = EDGE_LOOP ( 'NONE', ( #4542, #2388, #3525, #5234 ) ) ;
#8654 = LINE ( 'NONE', #7321, #4944 ) ;
#8655 = ORIENTED_EDGE ( 'NONE', *, *, #7608, .T. ) ;
#8656 = ORIENTED_EDGE ( 'NONE', *, *, #5715, .F. ) ;
#8657 = EDGE_CURVE ( 'NONE', #6873, #4444, #8389, .T. ) ;
#8658 = EDGE_CURVE ( 'NONE', #6385, #5945, #5620, .T. ) ;
#8659 = EDGE_CURVE ( 'NONE', #3922, #2840, #2861, .T. ) ;
#8660 = CARTESIAN_POINT ( 'NONE',  ( -6.725433297860435644, 13.81402832956863946, 57.73548391618534481 ) ) ;
#8661 = ORIENTED_EDGE ( 'NONE', *, *, #7439, .F. ) ;
#8662 = CARTESIAN_POINT ( 'NONE',  ( -8.225367931734929527, 27.95203658269704761, 60.86948979745426414 ) ) ;
#8663 = ADVANCED_FACE ( 'NONE', ( #6964 ), #9026, .T. ) ;
#8664 = CARTESIAN_POINT ( 'NONE',  ( 16.71813205100633581, -8.047816159262801250, 79.84967628738213818 ) ) ;
#8665 = FACE_OUTER_BOUND ( 'NONE', #8939, .T. ) ;
#8666 = ORIENTED_EDGE ( 'NONE', *, *, #1942, .T. ) ;
#8667 = EDGE_LOOP ( 'NONE', ( #1310, #96 ) ) ;
#8668 = DIRECTION ( 'NONE',  ( -6.348176284925190171E-16, 1.000000000000000000, -0.000000000000000000 ) ) ;
#8669 = EDGE_CURVE ( 'NONE', #3969, #8869, #1503, .T. ) ;
#8670 = DIRECTION ( 'NONE',  ( 0.9999999997824894349, 6.250839857399241803E-16, -2.085715669636334030E-05 ) ) ;
#8671 = CARTESIAN_POINT ( 'NONE',  ( 18.96128466276687163, 27.95203658269706537, 103.9560298122278823 ) ) ;
#8672 = LINE ( 'NONE', #6429, #5123 ) ;
#8673 = VERTEX_POINT ( 'NONE', #4038 ) ;
#8674 = CYLINDRICAL_SURFACE ( 'NONE', #8104, 1.549999999999999378 ) ;
#8675 = CARTESIAN_POINT ( 'NONE',  ( -3.261242666191065620, 39.54446977037137145, 62.00336085637788130 ) ) ;
#8676 = DIRECTION ( 'NONE',  ( -0.8660358321744171528, -5.413451298869251709E-16, -0.4999819370636950921 ) ) ;
#8677 = VERTEX_POINT ( 'NONE', #3313 ) ;
#8678 = DIRECTION ( 'NONE',  ( 1.000000000000000000, 0.000000000000000000, 0.000000000000000000 ) ) ;
#8679 = LINE ( 'NONE', #1109, #2084 ) ;
#8680 = EDGE_LOOP ( 'NONE', ( #1074, #458, #4531, #7350 ) ) ;
#8681 = LINE ( 'NONE', #1751, #3383 ) ;
#8682 = DIRECTION ( 'NONE',  ( -0.8660149750177210670, -5.413320924122833812E-16, 0.5000180627187943427 ) ) ;
#8683 = VERTEX_POINT ( 'NONE', #1311 ) ;
#8684 = EDGE_LOOP ( 'NONE', ( #7078, #4310, #4715, #6113, #3755, #8111, #5950, #4055 ) ) ;
#8685 = LINE ( 'NONE', #8777, #8026 ) ;
#8686 = ORIENTED_EDGE ( 'NONE', *, *, #7632, .F. ) ;
#8687 = CARTESIAN_POINT ( 'NONE',  ( -4.261326094600342174, 13.81402832956864124, 58.00338171440466795 ) ) ;
#8688 = EDGE_CURVE ( 'NONE', #5575, #8098, #8289, .T. ) ;
#8689 = EDGE_CURVE ( 'NONE', #7660, #7970, #2689, .T. ) ;
#8690 = CARTESIAN_POINT ( 'NONE',  ( 16.61031348005697694, -8.048244282849047693, 96.71232795531858528 ) ) ;
#8691 = PLANE ( 'NONE',  #4812 ) ;
#8692 = LINE ( 'NONE', #5134, #3923 ) ;
#8693 = LINE ( 'NONE', #2444, #6289 ) ;
#8694 = ORIENTED_EDGE ( 'NONE', *, *, #7514, .F. ) ;
#8695 = ORIENTED_EDGE ( 'NONE', *, *, #5715, .T. ) ;
#8696 = DIRECTION ( 'NONE',  ( -0.006013979302649533933, 0.9999759022690321020, -0.003467987050516862461 ) ) ;
#8697 = EDGE_CURVE ( 'NONE', #5377, #4626, #4127, .T. ) ;
#8698 = ORIENTED_EDGE ( 'NONE', *, *, #1144, .T. ) ;
#8699 = ORIENTED_EDGE ( 'NONE', *, *, #1800, .F. ) ;
#8700 = EDGE_CURVE ( 'NONE', #6588, #8944, #8933, .T. ) ;
#8701 = EDGE_CURVE ( 'NONE', #6385, #6919, #3998, .T. ) ;
#8702 = PLANE ( 'NONE',  #3230 ) ;
#8703 = VERTEX_POINT ( 'NONE', #4729 ) ;
#8704 = DIRECTION ( 'NONE',  ( -0.006013943137674153221, 0.9999819160804542806, 0.000000000000000000 ) ) ;
#8705 = DIRECTION ( 'NONE',  ( -0.9999999229645690768, 0.0003925162450899246269, -1.361274058705401960E-06 ) ) ;
#8706 = CARTESIAN_POINT ( 'NONE',  ( -4.261075808719954949, 27.95203658269704761, 70.00338171179448921 ) ) ;
#8707 = EDGE_LOOP ( 'NONE', ( #3445, #8923, #8981, #7091 ) ) ;
#8708 = VERTEX_POINT ( 'NONE', #6091 ) ;
#8709 = FACE_OUTER_BOUND ( 'NONE', #4919, .T. ) ;
#8710 = EDGE_CURVE ( 'NONE', #1326, #1959, #1404, .T. ) ;
#8711 = CARTESIAN_POINT ( 'NONE',  ( 6.658089332347903344, -8.047034099919319061, 79.73864887361423825 ) ) ;
#8712 = CARTESIAN_POINT ( 'NONE',  ( 15.71813203339619136, -11.79118635532180903, 79.86261211800061233 ) ) ;
#8713 = VERTEX_POINT ( 'NONE', #5497 ) ;
#8714 = CARTESIAN_POINT ( 'NONE',  ( 6.625764905806940774, 2.386298900080696672, 50.00000000000000000 ) ) ;
#8715 = LINE ( 'NONE', #8626, #4521 ) ;
#8716 = CARTESIAN_POINT ( 'NONE',  ( -9.975241788773892893, 4.896777690040619468, 0.000000000000000000 ) ) ;
#8717 = ORIENTED_EDGE ( 'NONE', *, *, #3439, .F. ) ;
#8718 = ORIENTED_EDGE ( 'NONE', *, *, #6287, .T. ) ;
#8719 = DIRECTION ( 'NONE',  ( 0.4999819370636951477, 3.166443754200919549E-16, -0.8660358321744170418 ) ) ;
#8720 = EDGE_LOOP ( 'NONE', ( #3005, #2045, #1332, #61 ) ) ;
#8721 = AXIS2_PLACEMENT_3D ( 'NONE', #864, #2282, #2960 ) ;
#8722 = DIRECTION ( 'NONE',  ( -8.331789900495953501E-05, -2.978240433053330775E-18, -0.9999999965290637949 ) ) ;
#8723 = DIRECTION ( 'NONE',  ( 0.000000000000000000, -0.003468049767204245404, -0.9999939862973237226 ) ) ;
#8724 = ORIENTED_EDGE ( 'NONE', *, *, #8273, .T. ) ;
#8725 = ORIENTED_EDGE ( 'NONE', *, *, #2870, .F. ) ;
#8726 = FACE_OUTER_BOUND ( 'NONE', #1468, .T. ) ;
#8727 = CARTESIAN_POINT ( 'NONE',  ( -6.725219137635141564, 27.95203658269704761, 68.00343310638301375 ) ) ;
#8728 = VECTOR ( 'NONE', #6596, 1000.000000000000114 ) ;
#8729 = ORIENTED_EDGE ( 'NONE', *, *, #1561, .F. ) ;
#8730 = CARTESIAN_POINT ( 'NONE',  ( -6.225201074916331123, 27.95203658269704761, 68.86944808140074770 ) ) ;
#8731 = AXIS2_PLACEMENT_3D ( 'NONE', #4696, #6788, #8169 ) ;
#8732 = AXIS2_PLACEMENT_3D ( 'NONE', #6273, #3580, #2893 ) ;
#8733 = AXIS2_PLACEMENT_3D ( 'NONE', #4821, #685, #3450 ) ;
#8734 = LINE ( 'NONE', #6625, #7449 ) ;
#8735 = PLANE ( 'NONE',  #2198 ) ;
#8736 = CARTESIAN_POINT ( 'NONE',  ( 18.72923664957767542, 27.95203658269706182, 104.0900092483343258 ) ) ;
#8737 = VECTOR ( 'NONE', #8006, 1000.000000000000114 ) ;
#8738 = ORIENTED_EDGE ( 'NONE', *, *, #1254, .T. ) ;
#8739 = ORIENTED_EDGE ( 'NONE', *, *, #3305, .T. ) ;
#8740 = DIRECTION ( 'NONE',  ( 0.8660149750177211780, 5.413320924122835784E-16, -0.5000180627187940097 ) ) ;
#8741 = EDGE_CURVE ( 'NONE', #1356, #4267, #2589, .T. ) ;
#8742 = VERTEX_POINT ( 'NONE', #2044 ) ;
#8743 = VERTEX_POINT ( 'NONE', #641 ) ;
#8744 = AXIS2_PLACEMENT_3D ( 'NONE', #2716, #1261, #8920 ) ;
#8745 = VECTOR ( 'NONE', #4597, 1000.000000000000000 ) ;
#8746 = EDGE_CURVE ( 'NONE', #8417, #4817, #7512, .T. ) ;
#8747 = CARTESIAN_POINT ( 'NONE',  ( -4.761057745783642936, 13.81402832956863946, 70.86941754396890758 ) ) ;
#8748 = EDGE_LOOP ( 'NONE', ( #4357, #7999, #2372, #4135 ) ) ;
#8749 = LINE ( 'NONE', #2373, #7259 ) ;
#8750 = CARTESIAN_POINT ( 'NONE',  ( 15.71810980688031023, -10.79118635532180726, 96.19034129655530307 ) ) ;
#8751 = LINE ( 'NONE', #6738, #1816 ) ;
#8752 = VERTEX_POINT ( 'NONE', #8155 ) ;
#8753 = ORIENTED_EDGE ( 'NONE', *, *, #6669, .F. ) ;
#8754 = PLANE ( 'NONE',  #3468 ) ;
#8755 = VECTOR ( 'NONE', #1714, 1000.000000000000000 ) ;
#8756 = EDGE_CURVE ( 'NONE', #642, #4864, #6142, .T. ) ;
#8757 = CARTESIAN_POINT ( 'NONE',  ( -6.725219137635148670, 39.54446977037137145, 68.00343310638301375 ) ) ;
#8758 = VECTOR ( 'NONE', #8636, 1000.000000000000000 ) ;
#8759 = VECTOR ( 'NONE', #4506, 1000.000000000000114 ) ;
#8760 = CARTESIAN_POINT ( 'NONE',  ( 9.224758211226102844, 23.68429699879670736, 0.000000000000000000 ) ) ;
#8761 = DIRECTION ( 'NONE',  ( 0.4999819370636950921, 3.125307020857212586E-16, -0.8660358321744171528 ) ) ;
#8762 = ORIENTED_EDGE ( 'NONE', *, *, #3573, .F. ) ;
#8763 = CARTESIAN_POINT ( 'NONE',  ( -7.725469423298030769, 27.95203658269704761, 56.00345396614989824 ) ) ;
#8764 = CARTESIAN_POINT ( 'NONE',  ( 16.71824074827664930, 8.623332769272102205E-15, 2.275810919109576538E-05 ) ) ;
#8765 = DIRECTION ( 'NONE',  ( -1.000000000000000000, 0.000000000000000000, 0.000000000000000000 ) ) ;
#8766 = ORIENTED_EDGE ( 'NONE', *, *, #6102, .F. ) ;
#8767 = VERTEX_POINT ( 'NONE', #6229 ) ;
#8768 = EDGE_CURVE ( 'NONE', #2688, #1177, #6867, .T. ) ;
#8769 = ORIENTED_EDGE ( 'NONE', *, *, #5902, .F. ) ;
#8770 = AXIS2_PLACEMENT_3D ( 'NONE', #7985, #5752, #6513 ) ;
#8771 = VECTOR ( 'NONE', #6053, 1000.000000000000000 ) ;
#8772 = DIRECTION ( 'NONE',  ( 0.9999999997824894349, 6.383781515425612638E-16, -2.085715669603027339E-05 ) ) ;
#8773 = LINE ( 'NONE', #4021, #1644 ) ;
#8774 = VERTEX_POINT ( 'NONE', #9017 ) ;
#8775 = ORIENTED_EDGE ( 'NONE', *, *, #6082, .T. ) ;
#8776 = VECTOR ( 'NONE', #6416, 1000.000000000000114 ) ;
#8777 = CARTESIAN_POINT ( 'NONE',  ( 18.72923664957764700, 27.95203658269706182, 104.0900092483343400 ) ) ;
#8778 = AXIS2_PLACEMENT_3D ( 'NONE', #3802, #7965, #1176 ) ;
#8779 = FACE_OUTER_BOUND ( 'NONE', #369, .T. ) ;
#8780 = VERTEX_POINT ( 'NONE', #6822 ) ;
#8781 = EDGE_CURVE ( 'NONE', #7878, #4967, #2726, .T. ) ;
#8782 = VERTEX_POINT ( 'NONE', #170 ) ;
#8783 =( NAMED_UNIT ( * ) PLANE_ANGLE_UNIT ( ) SI_UNIT ( $, .RADIAN. ) );
#8784 = VECTOR ( 'NONE', #3360, 1000.000000000000000 ) ;
#8785 = AXIS2_PLACEMENT_3D ( 'NONE', #5880, #3696, #8124 ) ;
#8786 = ADVANCED_FACE ( 'NONE', ( #5673 ), #7787, .T. ) ;
#8787 = CARTESIAN_POINT ( 'NONE',  ( 16.44287264728352582, -11.51592135251697968, 43.65603247723183244 ) ) ;
#8788 = CARTESIAN_POINT ( 'NONE',  ( -0.7972661945294611252, 13.81402832956864302, 56.00330946352949013 ) ) ;
#8789 = CARTESIAN_POINT ( 'NONE',  ( -0.3429745471529044298, 27.95203658269705116, 64.00329999003749037 ) ) ;
#8790 = CARTESIAN_POINT ( 'NONE',  ( -6.225117646289543671, 13.81402832956863946, 72.86944808053070233 ) ) ;
#8791 = ORIENTED_EDGE ( 'NONE', *, *, #645, .T. ) ;
#8792 = ORIENTED_EDGE ( 'NONE', *, *, #4472, .F. ) ;
#8793 = CARTESIAN_POINT ( 'NONE',  ( 7.131306874183865219, 39.54446977037137856, 73.73519490746429028 ) ) ;
#8794 = ORIENTED_EDGE ( 'NONE', *, *, #4752, .F. ) ;
#8795 = EDGE_LOOP ( 'NONE', ( #5515, #3808, #8365, #4868 ) ) ;
#8796 = AXIS2_PLACEMENT_3D ( 'NONE', #2894, #6489, #2399 ) ;
#8797 = ADVANCED_FACE ( 'NONE', ( #2938 ), #87, .T. ) ;
#8798 = CARTESIAN_POINT ( 'NONE',  ( 3.666829830979006832, 13.81402832956864479, 55.73526716268975889 ) ) ;
#8799 = ORIENTED_EDGE ( 'NONE', *, *, #8488, .F. ) ;
#8800 = DIRECTION ( 'NONE',  ( -0.8660358321744171528, -5.413451298869251709E-16, -0.4999819370636950921 ) ) ;
#8801 = CARTESIAN_POINT ( 'NONE',  ( 15.49722476269598381, 27.95203658269706182, 105.9561020631030601 ) ) ;
#8802 = LINE ( 'NONE', #6099, #2391 ) ;
#8803 = ORIENTED_EDGE ( 'NONE', *, *, #6669, .T. ) ;
#8804 = ORIENTED_EDGE ( 'NONE', *, *, #590, .T. ) ;
#8805 = FACE_OUTER_BOUND ( 'NONE', #4276, .T. ) ;
#8806 = VECTOR ( 'NONE', #2221, 1000.000000000000000 ) ;
#8807 = EDGE_CURVE ( 'NONE', #3621, #1257, #1583, .T. ) ;
#8808 = FACE_BOUND ( 'NONE', #2633, .T. ) ;
#8809 = EDGE_CURVE ( 'NONE', #5457, #7421, #8510, .T. ) ;
#8810 = DIRECTION ( 'NONE',  ( -1.000000000000000000, -6.383782126896855077E-16, -1.166244989663167914E-16 ) ) ;
#8811 = CARTESIAN_POINT ( 'NONE',  ( -0.3752417887738960234, 9.386298900080694452, 50.00000000000000000 ) ) ;
#8812 = ORIENTED_EDGE ( 'NONE', *, *, #363, .F. ) ;
#8813 = CARTESIAN_POINT ( 'NONE',  ( -0.3427298499308583102, 27.95203658269705116, 75.73535079505447243 ) ) ;
#8814 = LINE ( 'NONE', #2562, #5545 ) ;
#8815 = CARTESIAN_POINT ( 'NONE',  ( 15.71818037573616600, 27.95203658269706182, 44.35004508037859239 ) ) ;
#8816 = ORIENTED_EDGE ( 'NONE', *, *, #3248, .T. ) ;
#8817 = ORIENTED_EDGE ( 'NONE', *, *, #3570, .F. ) ;
#8818 = FILL_AREA_STYLE_COLOUR ( '', #6266 ) ;
#8819 = ORIENTED_EDGE ( 'NONE', *, *, #6201, .T. ) ;
#8820 = AXIS2_PLACEMENT_3D ( 'NONE', #3604, #3055, #6431 ) ;
#8821 = EDGE_CURVE ( 'NONE', #1431, #1832, #4130, .T. ) ;
#8822 = LINE ( 'NONE', #8184, #3368 ) ;
#8823 = CARTESIAN_POINT ( 'NONE',  ( -3.261039683282359825, 13.81402832956864124, 71.73541166182994289 ) ) ;
#8824 = ORIENTED_EDGE ( 'NONE', *, *, #7717, .F. ) ;
#8825 = EDGE_LOOP ( 'NONE', ( #5133, #1115, #3035, #1142, #5823, #8434, #8139, #450, #7942, #5918, #2955, #3189, #1456, #8739, #4742, #3676 ) ) ;
#8826 = PLANE ( 'NONE',  #1484 ) ;
#8827 = EDGE_CURVE ( 'NONE', #8708, #8023, #721, .T. ) ;
#8828 = DIRECTION ( 'NONE',  ( 1.000000000000000000, 6.383782126896855077E-16, 6.703463358595418989E-49 ) ) ;
#8829 = ORIENTED_EDGE ( 'NONE', *, *, #5422, .T. ) ;
#8830 = LINE ( 'NONE', #2577, #7172 ) ;
#8831 = VERTEX_POINT ( 'NONE', #4954 ) ;
#8832 = APPLICATION_PROTOCOL_DEFINITION ( 'draft international standard', 'automotive_design', 1998, #139 ) ;
#8833 = ADVANCED_FACE ( 'NONE', ( #893 ), #6274, .T. ) ;
#8834 = CARTESIAN_POINT ( 'NONE',  ( 20.69331461280230400, 27.95203658269706537, 102.9559936867903076 ) ) ;
#8835 = EDGE_CURVE ( 'NONE', #8571, #3139, #6461, .T. ) ;
#8836 = DIRECTION ( 'NONE',  ( 0.000000000000000000, 0.9999939862973238336, -0.003468049767204245837 ) ) ;
#8837 = LINE ( 'NONE', #2583, #871 ) ;
#8838 = LINE ( 'NONE', #2487, #5420 ) ;
#8839 = VERTEX_POINT ( 'NONE', #4301 ) ;
#8840 = CARTESIAN_POINT ( 'NONE',  ( 3.624758211226107196, 2.208813644678184751, 6.649999999999999467 ) ) ;
#8841 = ORIENTED_EDGE ( 'NONE', *, *, #5977, .T. ) ;
#8842 = CARTESIAN_POINT ( 'NONE',  ( -4.261289968945265905, 39.54446977037137145, 59.73543252159679895 ) ) ;
#8843 = VERTEX_POINT ( 'NONE', #5634 ) ;
#8844 = EDGE_CURVE ( 'NONE', #53, #2276, #7738, .T. ) ;
#8845 = CARTESIAN_POINT ( 'NONE',  ( -7.374235094193059226, 2.386298900080692231, 43.35000000000000853 ) ) ;
#8846 = ORIENTED_EDGE ( 'NONE', *, *, #6884, .T. ) ;
#8847 = DIRECTION ( 'NONE',  ( -0.5000180627187938986, -3.217337761224690623E-16, -0.8660149750177210670 ) ) ;
#8848 = CARTESIAN_POINT ( 'NONE',  ( 7.630955096740383858, 13.81402832956864657, 56.86915907877006759 ) ) ;
#8849 = FACE_OUTER_BOUND ( 'NONE', #7232, .T. ) ;
#8850 = ORIENTED_EDGE ( 'NONE', *, *, #7565, .F. ) ;
#8851 = EDGE_LOOP ( 'NONE', ( #3733, #3598, #8762, #1153 ) ) ;
#8852 = CARTESIAN_POINT ( 'NONE',  ( 7.631121953993980966, 13.81402832956864657, 64.86915907702994843 ) ) ;
#8853 = EDGE_CURVE ( 'NONE', #117, #5215, #7086, .T. ) ;
#8854 = LINE ( 'NONE', #8757, #8489 ) ;
#8855 = PLANE ( 'NONE',  #603 ) ;
#8856 = PLANE ( 'NONE',  #6425 ) ;
#8857 = ADVANCED_FACE ( 'NONE', ( #4342 ), #812, .T. ) ;
#8858 = ORIENTED_EDGE ( 'NONE', *, *, #7541, .T. ) ;
#8859 = DIRECTION ( 'NONE',  ( -0.5000180627187942317, -3.125532836542028723E-16, -0.8660149750177209560 ) ) ;
#8860 = CARTESIAN_POINT ( 'NONE',  ( 13.76519481266058520, 27.95203658269706182, 106.9561381885406348 ) ) ;
#8861 = CARTESIAN_POINT ( 'NONE',  ( 5.631121954428985887, 39.54446977037137145, 64.86920079134334571 ) ) ;
#8862 = ORIENTED_EDGE ( 'NONE', *, *, #358, .T. ) ;
#8863 = EDGE_LOOP ( 'NONE', ( #5521, #4605, #1297, #2732 ) ) ;
#8864 = LINE ( 'NONE', #7492, #3259 ) ;
#8865 = ORIENTED_EDGE ( 'NONE', *, *, #1304, .T. ) ;
#8866 = DIRECTION ( 'NONE',  ( -6.383782126896855077E-16, 1.000000000000000000, -2.925052111754154507E-18 ) ) ;
#8867 = DIRECTION ( 'NONE',  ( 1.166244989663167914E-16, 7.112151367301696671E-32, -1.000000000000000000 ) ) ;
#8868 = EDGE_LOOP ( 'NONE', ( #7212, #1637, #7165, #6599 ) ) ;
#8869 = VERTEX_POINT ( 'NONE', #6446 ) ;
#8870 = CARTESIAN_POINT ( 'NONE',  ( 6.130937034239100747, 13.81402832956864657, 56.00316496090904650 ) ) ;
#8871 = EDGE_CURVE ( 'NONE', #6038, #5319, #2137, .T. ) ;
#8872 = LINE ( 'NONE', #2618, #6445 ) ;
#8873 = ORIENTED_EDGE ( 'NONE', *, *, #894, .F. ) ;
#8874 = CARTESIAN_POINT ( 'NONE',  ( 20.69331461280236084, 27.95203658269706537, 102.9559936867902792 ) ) ;
#8875 = VECTOR ( 'NONE', #4356, 999.9999999999998863 ) ;
#8876 = ORIENTED_EDGE ( 'NONE', *, *, #7065, .T. ) ;
#8877 = VECTOR ( 'NONE', #5378, 1000.000000000000000 ) ;
#8878 = PRODUCT_DEFINITION_SHAPE ( 'NONE', 'NONE',  #6059 ) ;
#8879 = DIRECTION ( 'NONE',  ( -0.5000180627187938986, 0.000000000000000000, -0.8660149750177210670 ) ) ;
#8880 = CARTESIAN_POINT ( 'NONE',  ( 9.224758211226104621, 2.386298900080694896, 6.649999999999996803 ) ) ;
#8881 = AXIS2_PLACEMENT_3D ( 'NONE', #5281, #7370, #7939 ) ;
#8882 = DIRECTION ( 'NONE',  ( 0.8660358321744171528, 5.413451298869251709E-16, 0.4999819370636952032 ) ) ;
#8883 = ORIENTED_EDGE ( 'NONE', *, *, #3326, .F. ) ;
#8884 = CARTESIAN_POINT ( 'NONE',  ( 8.858091211226186701, 24.95203658269705826, 82.35127056713264437 ) ) ;
#8885 = VERTEX_POINT ( 'NONE', #3581 ) ;
#8886 = CARTESIAN_POINT ( 'NONE',  ( -8.225367931734936633, 39.54446977037136435, 60.86948979745426414 ) ) ;
#8887 = ORIENTED_EDGE ( 'NONE', *, *, #5591, .F. ) ;
#8888 = VECTOR ( 'NONE', #2233, 1000.000000000000000 ) ;
#8889 = AXIS2_PLACEMENT_3D ( 'NONE', #5852, #1027, #3118 ) ;
#8890 = DIRECTION ( 'NONE',  ( 0.000000000000000000, 0.000000000000000000, 1.000000000000000000 ) ) ;
#8891 = ORIENTED_EDGE ( 'NONE', *, *, #6144, .T. ) ;
#8892 = DIRECTION ( 'NONE',  ( -0.9999999997824894349, -6.383781515425612638E-16, 2.085715669636333691E-05 ) ) ;
#8893 = LINE ( 'NONE', #5329, #8771 ) ;
#8894 = DIRECTION ( 'NONE',  ( -1.000000000000000000, -5.755241453125620489E-16, 0.000000000000000000 ) ) ;
#8895 = VECTOR ( 'NONE', #1015, 1000.000000000000000 ) ;
#8896 = ORIENTED_EDGE ( 'NONE', *, *, #8541, .T. ) ;
#8897 = VERTEX_POINT ( 'NONE', #7130 ) ;
#8898 = DIRECTION ( 'NONE',  ( -0.5000180627187938986, -3.217337761224690623E-16, -0.8660149750177210670 ) ) ;
#8899 = VECTOR ( 'NONE', #8219, 1000.000000000000114 ) ;
#8900 = PRESENTATION_LAYER_ASSIGNMENT (  '', '', ( #6992 ) ) ;
#8901 = CYLINDRICAL_SURFACE ( 'NONE', #1760, 1.549999999999999378 ) ;
#8902 = LINE ( 'NONE', #1931, #2081 ) ;
#8903 = ORIENTED_EDGE ( 'NONE', *, *, #7608, .F. ) ;
#8904 = DIRECTION ( 'NONE',  ( 6.250839858758867238E-16, -1.000000000000000000, -7.292516007464944339E-32 ) ) ;
#8905 = DIRECTION ( 'NONE',  ( -0.5000180627187938986, 0.000000000000000000, -0.8660149750177210670 ) ) ;
#8906 = AXIS2_PLACEMENT_3D ( 'NONE', #1076, #4431, #395 ) ;
#8907 = CARTESIAN_POINT ( 'NONE',  ( -0.3752417887738929148, 2.386298900080694452, 50.00000000000000000 ) ) ;
#8908 = EDGE_LOOP ( 'NONE', ( #7322, #7469, #920, #2998 ) ) ;
#8909 = ORIENTED_EDGE ( 'NONE', *, *, #1925, .T. ) ;
#8910 = CARTESIAN_POINT ( 'NONE',  ( 6.131056588520976014, 39.54446977037137856, 61.73521576723111792 ) ) ;
#8911 = VERTEX_POINT ( 'NONE', #5765 ) ;
#8912 = CARTESIAN_POINT ( 'NONE',  ( 3.624758211226107196, 2.208813644678184751, 3.649999999999999467 ) ) ;
#8913 = DIRECTION ( 'NONE',  ( -1.000000000000000000, 0.000000000000000000, -1.166244989663167914E-16 ) ) ;
#8914 = EDGE_CURVE ( 'NONE', #3290, #6233, #2985, .T. ) ;
#8915 = ORIENTED_EDGE ( 'NONE', *, *, #4072, .F. ) ;
#8916 = ORIENTED_EDGE ( 'NONE', *, *, #3965, .F. ) ;
#8917 = CARTESIAN_POINT ( 'NONE',  ( 2.667080117076892520, 39.54446977037137856, 67.73528801723624326 ) ) ;
#8918 = PLANE ( 'NONE',  #2095 ) ;
#8919 = ORIENTED_EDGE ( 'NONE', *, *, #5429, .T. ) ;
#8920 = DIRECTION ( 'NONE',  ( -0.5000180627187938986, 0.000000000000000000, -0.8660149750177210670 ) ) ;
#8921 = VECTOR ( 'NONE', #7781, 999.9999999999998863 ) ;
#8922 = AXIS2_PLACEMENT_3D ( 'NONE', #2453, #279, #4451 ) ;
#8923 = ORIENTED_EDGE ( 'NONE', *, *, #1681, .T. ) ;
#8924 = VECTOR ( 'NONE', #5922, 999.9999999999998863 ) ;
#8925 = VECTOR ( 'NONE', #5760, 1000.000000000000000 ) ;
#8926 = FACE_OUTER_BOUND ( 'NONE', #5070, .T. ) ;
#8927 = LINE ( 'NONE', #6952, #5829 ) ;
#8928 = FACE_OUTER_BOUND ( 'NONE', #8517, .T. ) ;
#8929 = ORIENTED_EDGE ( 'NONE', *, *, #7887, .F. ) ;
#8930 = DIRECTION ( 'NONE',  ( 1.000000000000000000, 0.000000000000000000, 0.000000000000000000 ) ) ;
#8931 = VECTOR ( 'NONE', #6202, 1000.000000000000227 ) ;
#8932 = ORIENTED_EDGE ( 'NONE', *, *, #8998, .F. ) ;
#8933 = LINE ( 'NONE', #4772, #4564 ) ;
#8934 = ORIENTED_EDGE ( 'NONE', *, *, #1977, .F. ) ;
#8935 = VECTOR ( 'NONE', #6658, 1000.000000000000000 ) ;
#8936 = EDGE_CURVE ( 'NONE', #4087, #1715, #6999, .T. ) ;
#8937 = CIRCLE ( 'NONE', #6004, 1.000000000000000888 ) ;
#8938 = PLANE ( 'NONE',  #6587 ) ;
#8939 = EDGE_LOOP ( 'NONE', ( #7447, #8617, #1477, #2321 ) ) ;
#8940 = CARTESIAN_POINT ( 'NONE',  ( 5.631288811682598983, 13.81402832956864657, 72.86920078960325498 ) ) ;
#8941 = DIRECTION ( 'NONE',  ( 6.250839858758867238E-16, -1.000000000000000000, -7.292516007464944339E-32 ) ) ;
#8942 = CARTESIAN_POINT ( 'NONE',  ( -6.725219137635148670, 39.54446977037137145, 68.00343310638301375 ) ) ;
#8943 = ADVANCED_FACE ( 'NONE', ( #2309, #5082, #4258, #7870 ), #7046, .F. ) ;
#8944 = VERTEX_POINT ( 'NONE', #8687 ) ;
#8945 = ORIENTED_EDGE ( 'NONE', *, *, #7750, .T. ) ;
#8946 = DIRECTION ( 'NONE',  ( 6.250839858758867238E-16, -1.000000000000000000, -7.292516007464944339E-32 ) ) ;
#8947 = EDGE_CURVE ( 'NONE', #7029, #5694, #356, .T. ) ;
#8948 = CIRCLE ( 'NONE', #7181, 4.000000000000000888 ) ;
#8949 = EDGE_CURVE ( 'NONE', #1087, #515, #8004, .T. ) ;
#8950 = EDGE_CURVE ( 'NONE', #8743, #1122, #3845, .T. ) ;
#8951 = LINE ( 'NONE', #7693, #7731 ) ;
#8952 = FACE_OUTER_BOUND ( 'NONE', #4669, .T. ) ;
#8953 = EDGE_LOOP ( 'NONE', ( #8769, #6109, #3365, #5528, #260 ) ) ;
#8954 = DIRECTION ( 'NONE',  ( -2.858278422420061203E-07, 0.000000000000000000, 0.9999999999999590328 ) ) ;
#8955 = CIRCLE ( 'NONE', #3406, 1.549999999999999378 ) ;
#8956 = DIRECTION ( 'NONE',  ( 0.8660149750177211780, 5.413320924122835784E-16, -0.5000180627187940097 ) ) ;
#8957 = DIRECTION ( 'NONE',  ( 0.5000180627187940097, 3.125532836542028723E-16, 0.8660149750177211780 ) ) ;
#8958 = VERTEX_POINT ( 'NONE', #5260 ) ;
#8959 = VERTEX_POINT ( 'NONE', #5172 ) ;
#8960 = CARTESIAN_POINT ( 'NONE',  ( -12.79664886680047253, -8.047034099919326167, 97.19034129655527465 ) ) ;
#8961 = CIRCLE ( 'NONE', #5746, 1.549999999999999822 ) ;
#8962 = EDGE_CURVE ( 'NONE', #3684, #2514, #3204, .T. ) ;
#8963 = DIRECTION ( 'NONE',  ( -0.4999819370636952032, -3.125307020857213572E-16, 0.8660358321744170418 ) ) ;
#8964 = CARTESIAN_POINT ( 'NONE',  ( -10.59190878877379305, -8.791186355321823243, 86.10127056713264437 ) ) ;
#8965 = EDGE_CURVE ( 'NONE', #4574, #2276, #985, .T. ) ;
#8966 = ORIENTED_EDGE ( 'NONE', *, *, #7657, .F. ) ;
#8967 = LINE ( 'NONE', #6123, #4885 ) ;
#8968 = DIRECTION ( 'NONE',  ( 6.250839858758867238E-16, -1.000000000000000000, -7.292516007464944339E-32 ) ) ;
#8969 = DIRECTION ( 'NONE',  ( 6.250839858758867238E-16, -1.000000000000000000, -7.292516007464944339E-32 ) ) ;
#8970 = EDGE_LOOP ( 'NONE', ( #8427, #5580, #4990, #1423 ) ) ;
#8971 = DIRECTION ( 'NONE',  ( 0.4999819370636951477, 3.166443754200919549E-16, -0.8660358321744170418 ) ) ;
#8972 = ORIENTED_EDGE ( 'NONE', *, *, #1521, .F. ) ;
#8973 = CARTESIAN_POINT ( 'NONE',  ( 15.72929077155043132, -10.80560110384821471, 43.35009586600146747 ) ) ;
#8974 = DIRECTION ( 'NONE',  ( 4.720966082604344240E-09, 0.9999939862973237226, -0.003468049767204129177 ) ) ;
#8975 = ADVANCED_FACE ( 'NONE', ( #3119 ), #1759, .T. ) ;
#8976 = CARTESIAN_POINT ( 'NONE',  ( 2.666877134168218699, 13.81402832956864479, 58.00323721178423142 ) ) ;
#8977 = ORIENTED_EDGE ( 'NONE', *, *, #5843, .T. ) ;
#8978 = CARTESIAN_POINT ( 'NONE',  ( -28.00505821619307767, 27.95203658269703340, 99.13071308883866095 ) ) ;
#8979 = EDGE_LOOP ( 'NONE', ( #611, #1038, #8523, #3792 ) ) ;
#8980 = DIRECTION ( 'NONE',  ( 6.250839858758867238E-16, -1.000000000000000000, -7.292516007464944339E-32 ) ) ;
#8981 = ORIENTED_EDGE ( 'NONE', *, *, #615, .F. ) ;
#8982 = ADVANCED_FACE ( 'NONE', ( #8054 ), #7262, .T. ) ;
#8983 = CARTESIAN_POINT ( 'NONE',  ( 0.7028352965986206513, 13.81402832956864302, 60.86930358052043033 ) ) ;
#8984 = ORIENTED_EDGE ( 'NONE', *, *, #8027, .F. ) ;
#8985 = CARTESIAN_POINT ( 'NONE',  ( 2.666829831196496414, 39.54446977037137856, 55.73528801984643621 ) ) ;
#8986 = DIRECTION ( 'NONE',  ( -0.8660149750177210670, -5.413320924122833812E-16, 0.5000180627187943427 ) ) ;
#8987 = EDGE_CURVE ( 'NONE', #6369, #1715, #5155, .T. ) ;
#8988 = ORIENTED_EDGE ( 'NONE', *, *, #6409, .F. ) ;
#8989 = ORIENTED_EDGE ( 'NONE', *, *, #5931, .T. ) ;
#8990 = LINE ( 'NONE', #5470, #3624 ) ;
#8991 = ADVANCED_FACE ( 'NONE', ( #3750 ), #1123, .T. ) ;
#8992 = VECTOR ( 'NONE', #5968, 1000.000000000000114 ) ;
#8993 = DIRECTION ( 'NONE',  ( 0.9999999999990734079, 6.383782166708962996E-16, 1.361274163569944938E-06 ) ) ;
#8994 = ORIENTED_EDGE ( 'NONE', *, *, #2279, .F. ) ;
#8995 = DIRECTION ( 'NONE',  ( 6.383782126896855077E-16, -1.000000000000000000, 2.925052111754154507E-18 ) ) ;
#8996 = CARTESIAN_POINT ( 'NONE',  ( -4.261409523227157159, 39.54446977037137145, 54.00338171527472042 ) ) ;
#8997 = CARTESIAN_POINT ( 'NONE',  ( 16.21406288880945112, -11.79118635532180903, 48.18027159978247909 ) ) ;
#8998 = EDGE_CURVE ( 'NONE', #6335, #7868, #5853, .T. ) ;
#8999 = ORIENTED_EDGE ( 'NONE', *, *, #794, .T. ) ;
#9000 = ORIENTED_EDGE ( 'NONE', *, *, #8821, .T. ) ;
#9001 = LINE ( 'NONE', #4018, #3837 ) ;
#9002 = DIRECTION ( 'NONE',  ( -0.000000000000000000, -0.000000000000000000, 1.000000000000000000 ) ) ;
#9003 = DIRECTION ( 'NONE',  ( -0.4999819370636950921, 0.000000000000000000, 0.8660358321744171528 ) ) ;
#9004 = ORIENTED_EDGE ( 'NONE', *, *, #299, .F. ) ;
#9005 = CARTESIAN_POINT ( 'NONE',  ( -1.296997845712761555, 13.81402832956864124, 68.86934529309371555 ) ) ;
#9006 = CARTESIAN_POINT ( 'NONE',  ( 16.71813220208187900, -38.10046746383512328, 79.95390100451547255 ) ) ;
#9007 = DIRECTION ( 'NONE',  ( 0.9999999997824894349, 6.383781515425612638E-16, -2.085715669603027339E-05 ) ) ;
#9008 = EDGE_LOOP ( 'NONE', ( #1804, #1627, #6574, #1581 ) ) ;
#9009 = FACE_OUTER_BOUND ( 'NONE', #8387, .T. ) ;
#9010 = ORIENTED_EDGE ( 'NONE', *, *, #8195, .F. ) ;
#9011 = CARTESIAN_POINT ( 'NONE',  ( -16.39812996423725266, 27.95203658269704050, 43.35000000000000853 ) ) ;
#9012 = DIRECTION ( 'NONE',  ( -2.085715669636334030E-05, -1.303747464172781074E-20, -0.9999999997824895459 ) ) ;
#9013 = DIRECTION ( 'NONE',  ( 2.085715669603027678E-05, 1.303747464151961922E-20, 0.9999999997824895459 ) ) ;
#9014 = EDGE_LOOP ( 'NONE', ( #5851, #4776, #434, #6634 ) ) ;
#9015 = DIRECTION ( 'NONE',  ( 6.250839858758867238E-16, -1.000000000000000000, -7.292516007464944339E-32 ) ) ;
#9016 = ORIENTED_EDGE ( 'NONE', *, *, #1412, .F. ) ;
#9017 = CARTESIAN_POINT ( 'NONE',  ( 3.667127419831107460, 13.81402832956864657, 70.00321635201734694 ) ) ;
#9018 = ORIENTED_EDGE ( 'NONE', *, *, #6087, .T. ) ;
#9019 = FACE_BOUND ( 'NONE', #6282, .T. ) ;
#9020 = FACE_OUTER_BOUND ( 'NONE', #4113, .T. ) ;
#9021 = EDGE_CURVE ( 'NONE', #8560, #1049, #2535, .T. ) ;
#9022 = EDGE_LOOP ( 'NONE', ( #6781, #3844, #1769, #3361 ) ) ;
#9023 = DIRECTION ( 'NONE',  ( -0.8660149750177210670, -5.413320924122833812E-16, 0.5000180627187943427 ) ) ;
#9024 = FACE_OUTER_BOUND ( 'NONE', #7490, .T. ) ;
#9025 = EDGE_CURVE ( 'NONE', #6335, #5496, #3160, .T. ) ;
#9026 = PLANE ( 'NONE',  #7335 ) ;
#9027 = VERTEX_POINT ( 'NONE', #8099 ) ;
#9028 = VERTEX_POINT ( 'NONE', #8730 ) ;
#9029 = DIRECTION ( 'NONE',  ( 1.000000000000000000, -0.000000000000000000, -0.000000000000000000 ) ) ;
ENDSEC;
END-ISO-10303-21;
