ISO-10303-21;
HEADER;
FILE_DESCRIPTION (( 'STEP AP214' ),
    '1' );
FILE_NAME ('gello_teleop_flexiv_l6.STEP',
    '2025-10-13T13:18:42',
    ( 'Windows User' ),
    ( '' ),
    'SwSTEP 2.0',
    'SolidWorks 2025',
    '' );
FILE_SCHEMA (( 'AUTOMOTIVE_DESIGN' ));
ENDSEC;

DATA;
#1 = EDGE_CURVE ( 'NONE', #1877, #4497, #3927, .T. ) ;
#2 = EDGE_LOOP ( 'NONE', ( #10974, #6958, #8979, #3823, #9258, #11097 ) ) ;
#3 = FACE_OUTER_BOUND ( 'NONE', #6086, .T. ) ;
#4 = ORIENTED_EDGE ( 'NONE', *, *, #6461, .T. ) ;
#5 = ORIENTED_EDGE ( 'NONE', *, *, #10648, .T. ) ;
#7 = ADVANCED_FACE ( 'NONE', ( #2190 ), #5840, .T. ) ;
#6 = VECTOR ( 'NONE', #8247, 1000.000000000000114 ) ;
#8 = VERTEX_POINT ( 'NONE', #454 ) ;
#9 = CYLINDRICAL_SURFACE ( 'NONE', #449, 1.049999999999992273 ) ;
#10 = ORIENTED_EDGE ( 'NONE', *, *, #2401, .T. ) ;
#11 = LINE ( 'NONE', #10005, #7700 ) ;
#12 = DIRECTION ( 'NONE',  ( 0.1013672451882219883, -0.9948490747861964412, 1.075499326746823620E-17 ) ) ;
#13 = VECTOR ( 'NONE', #1091, 1000.000000000000000 ) ;
#14 = LINE ( 'NONE', #9888, #2361 ) ;
#15 = CARTESIAN_POINT ( 'NONE',  ( -1.281847275191228430, 23.67631459758922929, 136.7000000000005002 ) ) ;
#16 = EDGE_LOOP ( 'NONE', ( #2063, #9709, #7233, #10232 ) ) ;
#17 = EDGE_CURVE ( 'NONE', #7908, #9824, #5726, .T. ) ;
#18 = VERTEX_POINT ( 'NONE', #6660 ) ;
#19 = LINE ( 'NONE', #9783, #8042 ) ;
#20 = LINE ( 'NONE', #3729, #8241 ) ;
#21 = CARTESIAN_POINT ( 'NONE',  ( -17.28258873793147288, 46.19616079662706909, 128.4022622365814641 ) ) ;
#22 = CARTESIAN_POINT ( 'NONE',  ( -9.128143506410728136, 1.626501356039936175, 105.4200000000005986 ) ) ;
#23 = ADVANCED_FACE ( 'NONE', ( #11082 ), #6830, .T. ) ;
#24 = CIRCLE ( 'NONE', #1874, 1.049999999999992273 ) ;
#25 = ORIENTED_EDGE ( 'NONE', *, *, #7695, .F. ) ;
#26 = LINE ( 'NONE', #1074, #9851 ) ;
#27 = DIRECTION ( 'NONE',  ( -1.000000000000000000, 0.000000000000000000, 0.000000000000000000 ) ) ;
#28 = PLANE ( 'NONE',  #4005 ) ;
#29 = PLANE ( 'NONE',  #10147 ) ;
#30 = ORIENTED_EDGE ( 'NONE', *, *, #2842, .F. ) ;
#31 = CARTESIAN_POINT ( 'NONE',  ( -3.087256161519419173, 104.7657045427582290, 142.2928748423236414 ) ) ;
#32 = FACE_BOUND ( 'NONE', #4708, .T. ) ;
#33 = EDGE_CURVE ( 'NONE', #5955, #6928, #11188, .T. ) ;
#34 = CARTESIAN_POINT ( 'NONE',  ( 1.102898273715022581, 105.1926481091521737, 134.9977377634196785 ) ) ;
#35 = DIRECTION ( 'NONE',  ( -1.000000000000000000, 0.000000000000000000, 0.000000000000000000 ) ) ;
#36 = VERTEX_POINT ( 'NONE', #2353 ) ;
#37 = FACE_OUTER_BOUND ( 'NONE', #5038, .T. ) ;
#38 = EDGE_LOOP ( 'NONE', ( #227, #10564, #7488, #9446 ) ) ;
#39 = DIRECTION ( 'NONE',  ( -0.5019378298181113029, 0.000000000000000000, -0.8649037027308211778 ) ) ;
#40 = CARTESIAN_POINT ( 'NONE',  ( 47.23262371434679352, 82.87770671821296276, 31.97967206125550987 ) ) ;
#41 = CARTESIAN_POINT ( 'NONE',  ( 0.6054737363219274693, 105.1419644865580523, 138.9951370789045200 ) ) ;
#42 = FACE_OUTER_BOUND ( 'NONE', #7773, .T. ) ;
#43 = EDGE_CURVE ( 'NONE', #4927, #7681, #1664, .T. ) ;
#44 = ADVANCED_FACE ( 'NONE', ( #5898 ), #5197, .T. ) ;
#45 = LINE ( 'NONE', #11318, #6982 ) ;
#46 = CARTESIAN_POINT ( 'NONE',  ( -7.872481210540179575, 77.26293275539438810, 142.2928748423236129 ) ) ;
#47 = ORIENTED_EDGE ( 'NONE', *, *, #10341, .T. ) ;
#48 = CARTESIAN_POINT ( 'NONE',  ( -13.09243430269706465, 46.62310436302099959, 135.6973993154854270 ) ) ;
#49 = ORIENTED_EDGE ( 'NONE', *, *, #470, .T. ) ;
#50 = CARTESIAN_POINT ( 'NONE',  ( -18.85302482767101040, 103.1592975223707072, 142.2928748423235845 ) ) ;
#51 = ORIENTED_EDGE ( 'NONE', *, *, #2359, .T. ) ;
#52 = ORIENTED_EDGE ( 'NONE', *, *, #4331, .T. ) ;
#53 = FACE_OUTER_BOUND ( 'NONE', #872, .T. ) ;
#54 = EDGE_CURVE ( 'NONE', #6278, #708, #9503, .T. ) ;
#55 = DIRECTION ( 'NONE',  ( -0.4974245373931011072, -0.05068362259411127169, 0.8660254037844369313 ) ) ;
#56 = FACE_OUTER_BOUND ( 'NONE', #8483, .T. ) ;
#57 = ORIENTED_EDGE ( 'NONE', *, *, #1540, .T. ) ;
#58 = FACE_OUTER_BOUND ( 'NONE', #7211, .T. ) ;
#59 = ORIENTED_EDGE ( 'NONE', *, *, #9245, .T. ) ;
#60 = CIRCLE ( 'NONE', #257, 1.550000000000000266 ) ;
#61 = VERTEX_POINT ( 'NONE', #1489 ) ;
#62 = ORIENTED_EDGE ( 'NONE', *, *, #11474, .F. ) ;
#63 = DIRECTION ( 'NONE',  ( 0.9948490747861963301, 0.1013672451882221270, -0.000000000000000000 ) ) ;
#64 = VERTEX_POINT ( 'NONE', #10485 ) ;
#65 = LINE ( 'NONE', #8022, #5661 ) ;
#66 = VECTOR ( 'NONE', #5794, 1000.000000000000114 ) ;
#67 = DIRECTION ( 'NONE',  ( 0.4974245373930948899, 0.05068362259411066800, 0.8660254037844405950 ) ) ;
#68 = DIRECTION ( 'NONE',  ( 0.9948490747861963301, 0.1013672451882220021, -1.200647045275744145E-16 ) ) ;
#69 = DIRECTION ( 'NONE',  ( -0.8615645716962926359, -0.08778660944464630744, 0.4999999999999969469 ) ) ;
#70 = AXIS2_PLACEMENT_3D ( 'NONE', #1362, #1257, #10405 ) ;
#71 = EDGE_LOOP ( 'NONE', ( #10628, #10910, #870, #581 ) ) ;
#72 = ORIENTED_EDGE ( 'NONE', *, *, #80, .F. ) ;
#73 = CARTESIAN_POINT ( 'NONE',  ( 5.781581155790761706, 24.39602203842559902, 115.4200000000005844 ) ) ;
#74 = DIRECTION ( 'NONE',  ( -0.9948490747861964412, -0.1013672451882218634, -3.164135620181696535E-15 ) ) ;
#75 = DIRECTION ( 'NONE',  ( 0.1013672451882219883, -0.9948490747861964412, 1.075499326746823620E-17 ) ) ;
#76 = FACE_BOUND ( 'NONE', #7187, .T. ) ;
#77 = ORIENTED_EDGE ( 'NONE', *, *, #5764, .F. ) ;
#78 = VECTOR ( 'NONE', #7334, 999.9999999999998863 ) ;
#79 = ADVANCED_FACE ( 'NONE', ( #3460 ), #3393, .T. ) ;
#80 = EDGE_CURVE ( 'NONE', #8616, #4559, #3280, .T. ) ;
#81 = CARTESIAN_POINT ( 'NONE',  ( 3.827248611387674693, 78.45504260557461862, 134.9977377634196785 ) ) ;
#82 = DIRECTION ( 'NONE',  ( 1.000000000000000000, 0.000000000000000000, 3.480278902931750302E-15 ) ) ;
#83 = LINE ( 'NONE', #6472, #8311 ) ;
#84 = EDGE_CURVE ( 'NONE', #3671, #9141, #5248, .T. ) ;
#85 = ORIENTED_EDGE ( 'NONE', *, *, #10336, .F. ) ;
#86 = EDGE_LOOP ( 'NONE', ( #10320, #9535, #2121, #7795, #2976, #661 ) ) ;
#87 = DIRECTION ( 'NONE',  ( -0.4974245373931009961, -0.05068362259411093862, 0.8660254037844370423 ) ) ;
#88 = PLANE ( 'NONE',  #2261 ) ;
#89 = PRESENTATION_STYLE_ASSIGNMENT (( #4495 ) ) ;
#90 = CARTESIAN_POINT ( 'NONE',  ( 7.858337873475187862, 48.75782219499068049, 118.6754127980428279 ) ) ;
#91 = ORIENTED_EDGE ( 'NONE', *, *, #7389, .T. ) ;
#92 = CARTESIAN_POINT ( 'NONE',  ( -4.849163595045231645, 23.31283330457367953, 136.7000000000005002 ) ) ;
#93 = ORIENTED_EDGE ( 'NONE', *, *, #2203, .T. ) ;
#94 = LINE ( 'NONE', #4993, #11032 ) ;
#95 = LINE ( 'NONE', #10794, #7249 ) ;
#96 = VECTOR ( 'NONE', #652, 999.9999999999998863 ) ;
#97 = CARTESIAN_POINT ( 'NONE',  ( -20.34529843985030695, 103.0072466545883856, 131.7000000000005286 ) ) ;
#98 = AXIS2_PLACEMENT_3D ( 'NONE', #857, #10551, #1613 ) ;
#99 = VECTOR ( 'NONE', #8006, 1000.000000000000000 ) ;
#100 = DIRECTION ( 'NONE',  ( 0.4974245373930948899, 0.05068362259411066800, 0.8660254037844405950 ) ) ;
#101 = EDGE_CURVE ( 'NONE', #2427, #1557, #6943, .T. ) ;
#102 = DIRECTION ( 'NONE',  ( 0.4974245373931009961, 0.05068362259411126475, -0.8660254037844370423 ) ) ;
#103 = CARTESIAN_POINT ( 'NONE',  ( 14.63573856315995769, 79.55634216831606409, 156.7000000000005002 ) ) ;
#104 = PLANE ( 'NONE',  #6923 ) ;
#105 = VECTOR ( 'NONE', #10956, 1000.000000000000000 ) ;
#106 = VERTEX_POINT ( 'NONE', #1609 ) ;
#107 = CARTESIAN_POINT ( 'NONE',  ( 14.66942590959625647, 79.55977464223846596, 156.7000000000005002 ) ) ;
#108 = ORIENTED_EDGE ( 'NONE', *, *, #3354, .F. ) ;
#109 = CARTESIAN_POINT ( 'NONE',  ( -23.96398171567220103, 48.63143028759501618, 103.7875013368247039 ) ) ;
#110 = VERTEX_POINT ( 'NONE', #10548 ) ;
#111 = LINE ( 'NONE', #1974, #4071 ) ;
#112 = ADVANCED_FACE ( 'NONE', ( #4148 ), #7005, .T. ) ;
#113 = EDGE_CURVE ( 'NONE', #8971, #11311, #10373, .T. ) ;
#114 = DIRECTION ( 'NONE',  ( 0.8615645716962927469, 0.08778660944464633520, -0.4999999999999967248 ) ) ;
#115 = AXIS2_PLACEMENT_3D ( 'NONE', #10258, #517, #6609 ) ;
#116 = DIRECTION ( 'NONE',  ( -0.5019378298181113029, 0.000000000000000000, -0.8649037027308211778 ) ) ;
#117 = ORIENTED_EDGE ( 'NONE', *, *, #3273, .F. ) ;
#118 = LINE ( 'NONE', #3713, #6243 ) ;
#119 = VERTEX_POINT ( 'NONE', #5141 ) ;
#120 = VERTEX_POINT ( 'NONE', #2407 ) ;
#121 = ORIENTED_EDGE ( 'NONE', *, *, #2969, .F. ) ;
#122 = AXIS2_PLACEMENT_3D ( 'NONE', #10366, #2515, #8866 ) ;
#123 = CARTESIAN_POINT ( 'NONE',  ( -26.00929394717266874, 67.05632498404774822, 102.7180135504454341 ) ) ;
#124 = EDGE_LOOP ( 'NONE', ( #9532, #482, #8589, #11182 ) ) ;
#125 = CARTESIAN_POINT ( 'NONE',  ( -5.706974507014352938, 47.37562425062068883, 121.1071251576774301 ) ) ;
#126 = FACE_OUTER_BOUND ( 'NONE', #371, .T. ) ;
#127 = EDGE_CURVE ( 'NONE', #11266, #924, #792, .T. ) ;
#128 = CARTESIAN_POINT ( 'NONE',  ( 5.319522223566922392, 78.60709347335694019, 138.9951370789045200 ) ) ;
#129 = AXIS2_PLACEMENT_3D ( 'NONE', #10742, #8129, #1206 ) ;
#130 = DIRECTION ( 'NONE',  ( 0.1013672451882219883, -0.9948490747861964412, 1.075499326746823620E-17 ) ) ;
#131 = VECTOR ( 'NONE', #11304, 1000.000000000000000 ) ;
#132 = LINE ( 'NONE', #7219, #10650 ) ;
#133 = VERTEX_POINT ( 'NONE', #8808 ) ;
#134 = ORIENTED_EDGE ( 'NONE', *, *, #6097, .T. ) ;
#135 = ORIENTED_EDGE ( 'NONE', *, *, #2340, .T. ) ;
#136 = CARTESIAN_POINT ( 'NONE',  ( 5.319522223566935715, 78.60709347335694019, 119.5414382018272477 ) ) ;
#137 = DIRECTION ( 'NONE',  ( 0.5019378298181175202, 0.000000000000000000, -0.8649037027308175141 ) ) ;
#138 = ORIENTED_EDGE ( 'NONE', *, *, #8759, .F. ) ;
#139 = APPLICATION_PROTOCOL_DEFINITION ( 'draft international standard', 'automotive_design', 1998, #8635 ) ;
#140 = VECTOR ( 'NONE', #1078, 999.9999999999998863 ) ;
#141 = DIRECTION ( 'NONE',  ( -0.8615645716962893053, -0.08778660944464596050, -0.5000000000000027756 ) ) ;
#142 = FACE_OUTER_BOUND ( 'NONE', #7859, .T. ) ;
#143 = CARTESIAN_POINT ( 'NONE',  ( 43.04246927911236043, 82.45076315181903226, 29.54795970162082597 ) ) ;
#144 = ORIENTED_EDGE ( 'NONE', *, *, #1688, .T. ) ;
#145 = VERTEX_POINT ( 'NONE', #1719 ) ;
#146 = AXIS2_PLACEMENT_3D ( 'NONE', #4775, #2160, #4826 ) ;
#147 = ADVANCED_FACE ( 'NONE', ( #7764 ), #11308, .T. ) ;
#148 = ORIENTED_EDGE ( 'NONE', *, *, #4794, .F. ) ;
#149 = ADVANCED_FACE ( 'NONE', ( #10424 ), #6009, .T. ) ;
#150 = LINE ( 'NONE', #3684, #799 ) ;
#151 =( BOUNDED_CURVE ( )  B_SPLINE_CURVE ( 3, ( #7854, #6280, #9833, #8150 ),
 .UNSPECIFIED., .F., .F. ) 
 B_SPLINE_CURVE_WITH_KNOTS ( ( 4, 4 ),
 ( 5.517739654210711109, 6.283185307107309825 ),
 .UNSPECIFIED. ) 
 CURVE ( )  GEOMETRIC_REPRESENTATION_ITEM ( )  RATIONAL_B_SPLINE_CURVE ( ( 1.000000000000000000, 0.9517674948685228564, 0.9517674948685228564, 1.000000000000000000 ) ) 
 REPRESENTATION_ITEM ( '' )  );
#152 = FACE_BOUND ( 'NONE', #7079, .T. ) ;
#153 =( LENGTH_UNIT ( ) NAMED_UNIT ( * ) SI_UNIT ( .MILLI., .METRE. ) );
#154 = CARTESIAN_POINT ( 'NONE',  ( 3.346152073540036742, 48.29806618183347666, 115.4200000000005844 ) ) ;
#155 = EDGE_CURVE ( 'NONE', #5729, #6842, #7875, .T. ) ;
#156 = VERTEX_POINT ( 'NONE', #1023 ) ;
#157 = CARTESIAN_POINT ( 'NONE',  ( -5.706974507014352938, 47.37562425062068883, 122.8391759652463833 ) ) ;
#158 = ORIENTED_EDGE ( 'NONE', *, *, #3451, .T. ) ;
#159 = ADVANCED_FACE ( 'NONE', ( #10602 ), #8049, .F. ) ;
#160 = LINE ( 'NONE', #8855, #2665 ) ;
#161 = FACE_OUTER_BOUND ( 'NONE', #7503, .T. ) ;
#162 = CARTESIAN_POINT ( 'NONE',  ( -13.09243430269705044, 46.62310436302102801, 142.2928748423235845 ) ) ;
#163 = DIRECTION ( 'NONE',  ( 0.1013672451882219883, -0.9948490747861964412, 1.075499326746823620E-17 ) ) ;
#164 = CARTESIAN_POINT ( 'NONE',  ( -8.404855330069507247, 47.10073155200907991, 143.8585617981738380 ) ) ;
#165 = DIRECTION ( 'NONE',  ( -0.5019378298181113029, 0.000000000000000000, -0.8649037027308211778 ) ) ;
#166 = DIRECTION ( 'NONE',  ( 0.4974245373930950564, 0.05068362259411089699, 0.8660254037844403729 ) ) ;
#167 = ORIENTED_EDGE ( 'NONE', *, *, #10765, .T. ) ;
#168 = CARTESIAN_POINT ( 'NONE',  ( -18.85302482767101040, 103.1592975223707072, 132.5660254037849484 ) ) ;
#169 = ORIENTED_EDGE ( 'NONE', *, *, #5543, .T. ) ;
#170 = EDGE_CURVE ( 'NONE', #2667, #9559, #10705, .T. ) ;
#171 = CARTESIAN_POINT ( 'NONE',  ( -3.709968914734876222, -6.751516677735245331, 156.7000000000005002 ) ) ;
#172 = VERTEX_POINT ( 'NONE', #966 ) ;
#173 = DIRECTION ( 'NONE',  ( -3.480278902931750302E-15, -3.438021909835086216E-16, 1.000000000000000000 ) ) ;
#174 = DIRECTION ( 'NONE',  ( -0.9948490747861963301, -0.1013672451882219466, 1.214431771098593503E-16 ) ) ;
#175 = AXIS2_PLACEMENT_3D ( 'NONE', #10850, #7125, #10795 ) ;
#176 = CARTESIAN_POINT ( 'NONE',  ( 2.097747348501219911, 105.2940153543403881, 134.9977377634196216 ) ) ;
#177 = VERTEX_POINT ( 'NONE', #9798 ) ;
#178 = LINE ( 'NONE', #9010, #641 ) ;
#179 = ORIENTED_EDGE ( 'NONE', *, *, #8996, .F. ) ;
#180 = VERTEX_POINT ( 'NONE', #1891 ) ;
#181 = ORIENTED_EDGE ( 'NONE', *, *, #101, .T. ) ;
#182 = DIRECTION ( 'NONE',  ( 0.1013672451882219883, -0.9948490747861964412, 1.075499326746823620E-17 ) ) ;
#183 = EDGE_CURVE ( 'NONE', #10108, #11205, #6184, .T. ) ;
#184 = ORIENTED_EDGE ( 'NONE', *, *, #11372, .F. ) ;
#185 = CARTESIAN_POINT ( 'NONE',  ( -11.93852005476391298, 76.84863558518712523, 133.2656869558508106 ) ) ;
#186 = CARTESIAN_POINT ( 'NONE',  ( -23.04317926290545770, 102.7323539559767624, 130.1343130441503035 ) ) ;
#187 = VECTOR ( 'NONE', #8124, 999.9999999999998863 ) ;
#188 = CARTESIAN_POINT ( 'NONE',  ( -7.277410596753870031, 104.3387609763642985, 130.1343130441503604 ) ) ;
#189 = LINE ( 'NONE', #4533, #2545 ) ;
#190 = VECTOR ( 'NONE', #9760, 999.9999999999998863 ) ;
#191 = LINE ( 'NONE', #9954, #11400 ) ;
#192 = EDGE_LOOP ( 'NONE', ( #6529, #3186, #8988, #8045 ) ) ;
#193 = EDGE_CURVE ( 'NONE', #145, #5744, #9854, .T. ) ;
#194 = ORIENTED_EDGE ( 'NONE', *, *, #8235, .T. ) ;
#195 = VERTEX_POINT ( 'NONE', #8872 ) ;
#196 = CARTESIAN_POINT ( 'NONE',  ( -7.872481210540164476, 77.26293275539438810, 137.4294501230542949 ) ) ;
#197 = CARTESIAN_POINT ( 'NONE',  ( -0.5219709969937064153, 47.90393506220283371, 144.7245872019582293 ) ) ;
#198 = ORIENTED_EDGE ( 'NONE', *, *, #2842, .T. ) ;
#199 = ADVANCED_FACE ( 'NONE', ( #9972 ), #3568, .T. ) ;
#200 = CARTESIAN_POINT ( 'NONE',  ( 41.55019566693309230, 82.29871228403669647, 28.68193429783640980 ) ) ;
#201 = VECTOR ( 'NONE', #6131, 999.9999999999998863 ) ;
#202 = LINE ( 'NONE', #1944, #8103 ) ;
#203 = CARTESIAN_POINT ( 'NONE',  ( -5.706974507014351161, 47.37562425062068172, 130.8339745962160521 ) ) ;
#204 = ORIENTED_EDGE ( 'NONE', *, *, #5361, .T. ) ;
#205 = MANIFOLD_SOLID_BREP ( '\X2\570689d2\X0\1', #4199 ) ;
#206 = VERTEX_POINT ( 'NONE', #10730 ) ;
#207 = CARTESIAN_POINT ( 'NONE',  ( -7.872481210540177798, 77.26293275539438810, 128.4022622365814357 ) ) ;
#208 = FACE_BOUND ( 'NONE', #6854, .T. ) ;
#209 = LINE ( 'NONE', #7940, #3256 ) ;
#210 = FACE_OUTER_BOUND ( 'NONE', #9095, .T. ) ;
#211 = ORIENTED_EDGE ( 'NONE', *, *, #3853, .F. ) ;
#212 = DIRECTION ( 'NONE',  ( 0.9948490747871269191, 0.1013672451790882251, 0.000000000000000000 ) ) ;
#213 = ADVANCED_FACE ( 'NONE', ( #2870 ), #5540, .T. ) ;
#214 = EDGE_LOOP ( 'NONE', ( #5854, #8283, #8632, #5793 ) ) ;
#215 = CARTESIAN_POINT ( 'NONE',  ( 10.57892698134218357, 50.33459532139430337, 99.31000000000057071 ) ) ;
#216 = DIRECTION ( 'NONE',  ( 0.1013672451882219883, -0.9948490747861964412, 1.075499326746823620E-17 ) ) ;
#217 = LINE ( 'NONE', #9051, #4064 ) ;
#218 = CARTESIAN_POINT ( 'NONE',  ( -18.55920386506063835, 49.47652340328221499, 103.0600000000005707 ) ) ;
#219 = EDGE_CURVE ( 'NONE', #6619, #3830, #2012, .T. ) ;
#220 = LINE ( 'NONE', #10036, #1993 ) ;
#221 = DIRECTION ( 'NONE',  ( -6.903152180341683286E-18, -7.033765596924217276E-19, 1.000000000000000000 ) ) ;
#222 = CARTESIAN_POINT ( 'NONE',  ( -59.95019872520359172, 71.95662560394391960, 30.22275939929274102 ) ) ;
#223 = EDGE_LOOP ( 'NONE', ( #7600, #775, #2323, #6897 ) ) ;
#224 = CARTESIAN_POINT ( 'NONE',  ( -9.975291419809021676, 104.0638682777526896, 131.7000000000005002 ) ) ;
#225 = ORIENTED_EDGE ( 'NONE', *, *, #4043, .F. ) ;
#226 = DIRECTION ( 'NONE',  ( 0.9948490747861963301, 0.1013672451882219744, 3.164135620181696535E-15 ) ) ;
#227 = ORIENTED_EDGE ( 'NONE', *, *, #7029, .T. ) ;
#228 = CARTESIAN_POINT ( 'NONE',  ( 10.70998192154906370, 49.04838214899451998, 105.4200000000005701 ) ) ;
#229 = ADVANCED_FACE ( 'NONE', ( #912 ), #10659, .F. ) ;
#230 = CARTESIAN_POINT ( 'NONE',  ( -11.46756503198831645, 103.9118174099703538, 140.5608240347546882 ) ) ;
#231 = EDGE_CURVE ( 'NONE', #4307, #6458, #1083, .T. ) ;
#232 = EDGE_CURVE ( 'NONE', #5982, #10520, #209, .T. ) ;
#233 = FACE_OUTER_BOUND ( 'NONE', #301, .T. ) ;
#234 = EDGE_CURVE ( 'NONE', #5417, #929, #5369, .T. ) ;
#235 = ORIENTED_EDGE ( 'NONE', *, *, #9458, .T. ) ;
#236 = LINE ( 'NONE', #6505, #3222 ) ;
#237 = VERTEX_POINT ( 'NONE', #10904 ) ;
#238 = EDGE_LOOP ( 'NONE', ( #169, #6849, #4237, #5231 ) ) ;
#239 = VERTEX_POINT ( 'NONE', #2231 ) ;
#240 = CARTESIAN_POINT ( 'NONE',  ( -26.00929394716765586, 67.05632498399857866, 103.4019864493814111 ) ) ;
#241 = ORIENTED_EDGE ( 'NONE', *, *, #1397, .F. ) ;
#242 = CYLINDRICAL_SURFACE ( 'NONE', #10957, 0.9999999999999978906 ) ;
#243 = CARTESIAN_POINT ( 'NONE',  ( -7.872481210540186680, 77.26293275539438810, 144.7245872019582293 ) ) ;
#244 = CARTESIAN_POINT ( 'NONE',  ( -22.54575472551236714, 102.7830375785708839, 138.9951370789045200 ) ) ;
#245 = EDGE_CURVE ( 'NONE', #7451, #647, #6860, .T. ) ;
#246 = CARTESIAN_POINT ( 'NONE',  ( -7.872481210540186680, 77.26293275539438810, 130.8339745962161089 ) ) ;
#247 = DIRECTION ( 'NONE',  ( 0.4974245373930950564, 0.05068362259411089699, 0.8660254037844403729 ) ) ;
#248 = EDGE_CURVE ( 'NONE', #4397, #8390, #5984, .T. ) ;
#249 = VECTOR ( 'NONE', #9478, 1000.000000000000114 ) ;
#250 = ORIENTED_EDGE ( 'NONE', *, *, #1048, .F. ) ;
#251 = VERTEX_POINT ( 'NONE', #4674 ) ;
#252 = EDGE_LOOP ( 'NONE', ( #4576, #5993, #1331, #7650 ) ) ;
#253 = VECTOR ( 'NONE', #9041, 999.9999999999998863 ) ;
#254 = CARTESIAN_POINT ( 'NONE',  ( -31.02595163181688065, 73.89859981487160212, 87.77148351815341698 ) ) ;
#255 = LINE ( 'NONE', #197, #9555 ) ;
#256 = DIRECTION ( 'NONE',  ( 0.8615645716962927469, 0.08778660944464633520, -0.4999999999999967248 ) ) ;
#257 = AXIS2_PLACEMENT_3D ( 'NONE', #8184, #8130, #7196 ) ;
#258 = LINE ( 'NONE', #2803, #5734 ) ;
#259 = ADVANCED_FACE ( 'NONE', ( #8287 ), #6533, .T. ) ;
#260 = LINE ( 'NONE', #2059, #2707 ) ;
#261 = DIRECTION ( 'NONE',  ( 0.9948490747861963301, 0.1013672451882219744, 3.164135620181696535E-15 ) ) ;
#262 = VECTOR ( 'NONE', #1826, 999.9999999999998863 ) ;
#263 = EDGE_LOOP ( 'NONE', ( #11154, #11233 ) ) ;
#264 = VERTEX_POINT ( 'NONE', #3312 ) ;
#265 = DIRECTION ( 'NONE',  ( 0.1013672451882219883, -0.9948490747861964412, 1.075499326746823620E-17 ) ) ;
#266 = FACE_BOUND ( 'NONE', #4644, .T. ) ;
#267 = VECTOR ( 'NONE', #4170, 1000.000000000000114 ) ;
#268 = DIRECTION ( 'NONE',  ( 0.9948490747861964412, 0.1013672451882221409, -0.000000000000000000 ) ) ;
#269 = CARTESIAN_POINT ( 'NONE',  ( 16.24487314378675507, 73.62892402029990535, 99.31000000000055650 ) ) ;
#270 = ORIENTED_EDGE ( 'NONE', *, *, #4392, .F. ) ;
#271 = DIRECTION ( 'NONE',  ( -0.9938949685030576964, -0.1103303747129771861, -6.514758705377155282E-13 ) ) ;
#272 = EDGE_LOOP ( 'NONE', ( #5096, #8136, #3623, #2807 ) ) ;
#273 = CARTESIAN_POINT ( 'NONE',  ( -7.872481210540143159, 77.26293275539438810, 118.6754127980427427 ) ) ;
#274 = PLANE ( 'NONE',  #1685 ) ;
#275 = DIRECTION ( 'NONE',  ( 1.000000000000000000, 0.000000000000000000, 0.000000000000000000 ) ) ;
#276 = CARTESIAN_POINT ( 'NONE',  ( -5.785136984574577923, 104.4908118441466343, 138.9951370789045200 ) ) ;
#277 = LINE ( 'NONE', #9981, #11078 ) ;
#278 = VECTOR ( 'NONE', #247, 1000.000000000000000 ) ;
#279 = CARTESIAN_POINT ( 'NONE',  ( 39.45511844931587575, 82.08524050083971701, 27.46607811801906962 ) ) ;
#280 = LINE ( 'NONE', #9985, #11195 ) ;
#281 = VECTOR ( 'NONE', #7980, 1000.000000000000114 ) ;
#282 = ORIENTED_EDGE ( 'NONE', *, *, #6213, .T. ) ;
#283 = DIRECTION ( 'NONE',  ( 0.4974245373931009961, 0.05068362259411126475, -0.8660254037844370423 ) ) ;
#284 = ORIENTED_EDGE ( 'NONE', *, *, #9447, .F. ) ;
#285 = EDGE_CURVE ( 'NONE', #3600, #180, #11010, .T. ) ;
#286 = CARTESIAN_POINT ( 'NONE',  ( -21.48983621540677191, 49.09755830639779361, 103.5894505508483405 ) ) ;
#287 = VECTOR ( 'NONE', #6139, 1000.000000000000114 ) ;
#288 = VERTEX_POINT ( 'NONE', #2119 ) ;
#289 = DIRECTION ( 'NONE',  ( 7.327943828065814241E-12, -7.191747867590729583E-11, 1.000000000000000000 ) ) ;
#290 = VECTOR ( 'NONE', #1507, 1000.000000000000114 ) ;
#291 = LINE ( 'NONE', #2832, #7344 ) ;
#292 = VECTOR ( 'NONE', #7498, 999.9999999999998863 ) ;
#293 = CARTESIAN_POINT ( 'NONE',  ( -18.77486235011079074, 46.04410992884476173, 119.5414382018272477 ) ) ;
#294 = VECTOR ( 'NONE', #7473, 999.9999999999998863 ) ;
#295 = VERTEX_POINT ( 'NONE', #6649 ) ;
#296 = CARTESIAN_POINT ( 'NONE',  ( -10.73195911113960399, 16.78488746958980471, 150.0500000000005230 ) ) ;
#297 = ORIENTED_EDGE ( 'NONE', *, *, #7886, .F. ) ;
#298 = ORIENTED_EDGE ( 'NONE', *, *, #9488, .F. ) ;
#299 = FACE_OUTER_BOUND ( 'NONE', #3900, .T. ) ;
#300 = EDGE_CURVE ( 'NONE', #5519, #7909, #1411, .T. ) ;
#301 = EDGE_LOOP ( 'NONE', ( #10468, #5352, #1280, #6219 ) ) ;
#302 = DIRECTION ( 'NONE',  ( 0.1013672451882219883, -0.9948490747861964412, 1.075499326746823620E-17 ) ) ;
#303 = ORIENTED_EDGE ( 'NONE', *, *, #2742, .F. ) ;
#304 = CARTESIAN_POINT ( 'NONE',  ( -20.31882892523280404, 75.99474845239923582, 128.4022622365814925 ) ) ;
#305 = CARTESIAN_POINT ( 'NONE',  ( -21.31367800001900292, 75.89338120721100722, 142.9925363943893615 ) ) ;
#306 = EDGE_CURVE ( 'NONE', #916, #1981, #384, .T. ) ;
#307 = AXIS2_PLACEMENT_3D ( 'NONE', #3399, #9689, #10430 ) ;
#308 = CIRCLE ( 'NONE', #8836, 4.000000000000000000 ) ;
#309 = DIRECTION ( 'NONE',  ( 0.1013672451882219883, -0.9948490747861964412, 1.075499326746823620E-17 ) ) ;
#310 = LINE ( 'NONE', #6574, #10726 ) ;
#311 = AXIS2_PLACEMENT_3D ( 'NONE', #11060, #3855, #8444 ) ;
#312 = LINE ( 'NONE', #3782, #78 ) ;
#313 = ORIENTED_EDGE ( 'NONE', *, *, #7529, .F. ) ;
#314 = ORIENTED_EDGE ( 'NONE', *, *, #909, .F. ) ;
#315 = ORIENTED_EDGE ( 'NONE', *, *, #489, .F. ) ;
#316 = CARTESIAN_POINT ( 'NONE',  ( -24.53545287508475425, 102.5803030881944409, 124.4048629210965657 ) ) ;
#317 = EDGE_CURVE ( 'NONE', #11288, #8945, #5299, .T. ) ;
#318 = COLOUR_RGB ( '',0.7921568627450980005, 0.8196078431372548767, 0.9333333333333333481 ) ;
#319 = AXIS2_PLACEMENT_3D ( 'NONE', #1037, #9114, #165 ) ;
#320 = PLANE ( 'NONE',  #680 ) ;
#321 = VECTOR ( 'NONE', #10067, 999.9999999999998863 ) ;
#322 = LINE ( 'NONE', #203, #11278 ) ;
#323 = ORIENTED_EDGE ( 'NONE', *, *, #1105, .T. ) ;
#324 = DIRECTION ( 'NONE',  ( 3.148927598275349405E-15, 3.100401161182723417E-16, -1.000000000000000000 ) ) ;
#325 = EDGE_CURVE ( 'NONE', #6330, #3220, #7353, .T. ) ;
#326 = FACE_BOUND ( 'NONE', #2746, .T. ) ;
#327 = ADVANCED_FACE ( 'NONE', ( #5654 ), #3038, .T. ) ;
#328 = CARTESIAN_POINT ( 'NONE',  ( 22.50821977369969318, 2.293409412921596058, 88.77148351815341698 ) ) ;
#329 = DIRECTION ( 'NONE',  ( 0.1013672451882219883, -0.9948490747861964412, 1.075499326746823620E-17 ) ) ;
#330 = VECTOR ( 'NONE', #261, 1000.000000000000114 ) ;
#331 = ORIENTED_EDGE ( 'NONE', *, *, #2903, .F. ) ;
#332 = PLANE ( 'NONE',  #3420 ) ;
#333 = ORIENTED_EDGE ( 'NONE', *, *, #5960, .T. ) ;
#334 = DIRECTION ( 'NONE',  ( -0.1013672451882220160, 0.9948490747861963301, -8.425943506694158568E-34 ) ) ;
#335 = EDGE_CURVE ( 'NONE', #11420, #9189, #9153, .T. ) ;
#336 = DIRECTION ( 'NONE',  ( 0.1013672451882220160, -0.9948490747861964412, 0.000000000000000000 ) ) ;
#337 = PLANE ( 'NONE',  #9275 ) ;
#338 = DIRECTION ( 'NONE',  ( -0.4974245373931011072, -0.05068362259411127169, 0.8660254037844369313 ) ) ;
#339 = LINE ( 'NONE', #3751, #7558 ) ;
#340 = AXIS2_PLACEMENT_3D ( 'NONE', #548, #2113, #8335 ) ;
#341 = CARTESIAN_POINT ( 'NONE',  ( 10.70998192154905482, 49.04838214899448445, 50.04579744993567658 ) ) ;
#342 = DIRECTION ( 'NONE',  ( -0.5019378298181174092, 0.000000000000000000, 0.8649037027308177361 ) ) ;
#343 = EDGE_CURVE ( 'NONE', #3607, #8469, #4187, .T. ) ;
#344 = ORIENTED_EDGE ( 'NONE', *, *, #3302, .T. ) ;
#345 = DIRECTION ( 'NONE',  ( 0.4974245373931009961, 0.05068362259411126475, -0.8660254037844370423 ) ) ;
#346 = VERTEX_POINT ( 'NONE', #5715 ) ;
#347 = DIRECTION ( 'NONE',  ( -0.4974245373931011072, -0.05068362259411127169, 0.8660254037844369313 ) ) ;
#348 = EDGE_CURVE ( 'NONE', #8882, #708, #4897, .T. ) ;
#349 = ORIENTED_EDGE ( 'NONE', *, *, #8181, .F. ) ;
#350 = FACE_OUTER_BOUND ( 'NONE', #1005, .T. ) ;
#351 = DIRECTION ( 'NONE',  ( -0.4974245373930951675, -0.05068362259411070270, -0.8660254037844403729 ) ) ;
#352 = LINE ( 'NONE', #3883, #2762 ) ;
#353 = VERTEX_POINT ( 'NONE', #5768 ) ;
#354 = CARTESIAN_POINT ( 'NONE',  ( -18.77486235011079074, 46.04410992884476173, 134.1317123596352019 ) ) ;
#355 = EDGE_CURVE ( 'NONE', #7748, #3546, #2161, .T. ) ;
#356 = ORIENTED_EDGE ( 'NONE', *, *, #80, .T. ) ;
#357 = EDGE_LOOP ( 'NONE', ( #8671, #6903, #11029, #718, #11100 ) ) ;
#358 = LINE ( 'NONE', #10932, #1550 ) ;
#359 = VERTEX_POINT ( 'NONE', #3915 ) ;
#360 = CARTESIAN_POINT ( 'NONE',  ( -21.50115342733687740, 49.19950774710639507, 103.0600000000780909 ) ) ;
#361 = ORIENTED_EDGE ( 'NONE', *, *, #5647, .T. ) ;
#362 = LINE ( 'NONE', #6570, #7794 ) ;
#363 = DIRECTION ( 'NONE',  ( 0.9948490747861963301, 0.1013672451882219744, 3.164135620181696535E-15 ) ) ;
#364 = VECTOR ( 'NONE', #6559, 1000.000000000000114 ) ;
#365 = CARTESIAN_POINT ( 'NONE',  ( -29.08592776448998407, 44.99349398869743766, 88.77148351815341698 ) ) ;
#366 = EDGE_CURVE ( 'NONE', #6507, #916, #7460, .T. ) ;
#367 = DIRECTION ( 'NONE',  ( 6.903152180341682515E-18, 7.033765596924227869E-19, -1.000000000000000000 ) ) ;
#368 = EDGE_CURVE ( 'NONE', #4602, #10411, #2177, .T. ) ;
#369 = LINE ( 'NONE', #4716, #278 ) ;
#370 = ORIENTED_EDGE ( 'NONE', *, *, #3845, .T. ) ;
#371 = EDGE_LOOP ( 'NONE', ( #5860, #1761, #6561, #1919 ) ) ;
#372 = VECTOR ( 'NONE', #9764, 999.9999999999998863 ) ;
#373 = ORIENTED_EDGE ( 'NONE', *, *, #8382, .T. ) ;
#374 = FACE_OUTER_BOUND ( 'NONE', #4422, .T. ) ;
#375 = PLANE ( 'NONE',  #5680 ) ;
#376 = EDGE_CURVE ( 'NONE', #1579, #7358, #649, .T. ) ;
#377 = LINE ( 'NONE', #3032, #5516 ) ;
#378 = EDGE_CURVE ( 'NONE', #9048, #10620, #7122, .T. ) ;
#379 = EDGE_LOOP ( 'NONE', ( #8367, #2798, #7703, #313 ) ) ;
#380 = EDGE_CURVE ( 'NONE', #3371, #8767, #8729, .T. ) ;
#381 = ORIENTED_EDGE ( 'NONE', *, *, #10370, .T. ) ;
#382 = DIRECTION ( 'NONE',  ( 0.9948490747861964412, 0.1013672451882218634, 3.497202527569243497E-15 ) ) ;
#383 = DIRECTION ( 'NONE',  ( -0.9948490747861963301, -0.1013672451882219605, -3.497202527569243497E-15 ) ) ;
#384 = LINE ( 'NONE', #4846, #10883 ) ;
#385 = CARTESIAN_POINT ( 'NONE',  ( -26.06617769531152717, 67.56875387058212823, 102.2685456441854086 ) ) ;
#386 = VECTOR ( 'NONE', #11155, 1000.000000000000000 ) ;
#387 = ORIENTED_EDGE ( 'NONE', *, *, #6531, .F. ) ;
#388 = AXIS2_PLACEMENT_3D ( 'NONE', #4391, #4273, #7946 ) ;
#389 = ORIENTED_EDGE ( 'NONE', *, *, #3736, .F. ) ;
#390 = CARTESIAN_POINT ( 'NONE',  ( 9.908475179674731237, -6.241455537639465589, 150.0500000000005230 ) ) ;
#391 = LINE ( 'NONE', #6597, #5554 ) ;
#392 = DIRECTION ( 'NONE',  ( 0.4974245373930948899, 0.05068362259411066800, 0.8660254037844405950 ) ) ;
#393 = FACE_OUTER_BOUND ( 'NONE', #4387, .T. ) ;
#394 = VECTOR ( 'NONE', #668, 1000.000000000000114 ) ;
#395 = EDGE_CURVE ( 'NONE', #2542, #3406, #3492, .T. ) ;
#396 = CARTESIAN_POINT ( 'NONE',  ( 3.329824073994578804, 78.40435898298051143, 143.8585617981738665 ) ) ;
#397 = DIRECTION ( 'NONE',  ( -0.1013672451882218634, 0.9948490747861964412, 0.000000000000000000 ) ) ;
#398 = VERTEX_POINT ( 'NONE', #3427 ) ;
#399 = DIRECTION ( 'NONE',  ( 0.4974245373930950564, 0.05068362259411089699, 0.8660254037844403729 ) ) ;
#400 = EDGE_LOOP ( 'NONE', ( #2651, #2757, #9614, #9926 ) ) ;
#401 = FACE_OUTER_BOUND ( 'NONE', #10997, .T. ) ;
#402 = ORIENTED_EDGE ( 'NONE', *, *, #4258, .T. ) ;
#403 = CARTESIAN_POINT ( 'NONE',  ( 40.94739206149513677, 82.23729136862205280, 28.33210352180348224 ) ) ;
#404 = AXIS2_PLACEMENT_3D ( 'NONE', #9898, #3732, #1013 ) ;
#405 = ADVANCED_FACE ( 'NONE', ( #9537 ), #9, .F. ) ;
#406 = CARTESIAN_POINT ( 'NONE',  ( 6.379444975182973820, 18.52840408682722284, 150.0500000000005230 ) ) ;
#407 = ADVANCED_FACE ( 'NONE', ( #6156 ), #4298, .T. ) ;
#408 = CARTESIAN_POINT ( 'NONE',  ( -5.785136984574577923, 104.4908118441466343, 129.2682876403658838 ) ) ;
#409 = ORIENTED_EDGE ( 'NONE', *, *, #10612, .F. ) ;
#410 = LINE ( 'NONE', #3228, #3267 ) ;
#411 = EDGE_LOOP ( 'NONE', ( #10642, #9827, #1739, #8728 ) ) ;
#413 = EDGE_CURVE ( 'NONE', #6778, #7588, #7036, .T. ) ;
#412 = CARTESIAN_POINT ( 'NONE',  ( 6.863488798688985426, 48.65645494980250163, 133.2656869558507253 ) ) ;
#414 = ORIENTED_EDGE ( 'NONE', *, *, #43, .F. ) ;
#415 = CARTESIAN_POINT ( 'NONE',  ( -70.42558481328974551, 70.88926668795907915, 36.30204029837938151 ) ) ;
#416 = VERTEX_POINT ( 'NONE', #823 ) ;
#417 = FACE_BOUND ( 'NONE', #10013, .T. ) ;
#418 = DIRECTION ( 'NONE',  ( 0.1013672451882219883, -0.9948490747861964412, 1.075499326746823620E-17 ) ) ;
#419 = ADVANCED_FACE ( 'NONE', ( #9601 ), #11397, .T. ) ;
#420 = AXIS2_PLACEMENT_3D ( 'NONE', #11067, #7459, #2282 ) ;
#421 = LINE ( 'NONE', #365, #1062 ) ;
#422 = PLANE ( 'NONE',  #5706 ) ;
#423 = LINE ( 'NONE', #10119, #633 ) ;
#424 = ORIENTED_EDGE ( 'NONE', *, *, #4619, .T. ) ;
#425 = VERTEX_POINT ( 'NONE', #4357 ) ;
#426 = VERTEX_POINT ( 'NONE', #5343 ) ;
#427 = PLANE ( 'NONE',  #3793 ) ;
#428 = ORIENTED_EDGE ( 'NONE', *, *, #7969, .T. ) ;
#429 = CARTESIAN_POINT ( 'NONE',  ( -10.39455347964189791, 46.89799706163263693, 124.4048629210965657 ) ) ;
#430 = EDGE_CURVE ( 'NONE', #9579, #8938, #10460, .T. ) ;
#431 = LINE ( 'NONE', #3093, #1269 ) ;
#432 = VECTOR ( 'NONE', #7991, 1000.000000000000114 ) ;
#433 = ORIENTED_EDGE ( 'NONE', *, *, #1525, .F. ) ;
#434 = ORIENTED_EDGE ( 'NONE', *, *, #7113, .T. ) ;
#435 = LINE ( 'NONE', #6701, #7475 ) ;
#436 = AXIS2_PLACEMENT_3D ( 'NONE', #2579, #6124, #4384 ) ;
#437 = FACE_BOUND ( 'NONE', #8092, .T. ) ;
#438 = VECTOR ( 'NONE', #6990, 1000.000000000000114 ) ;
#439 = DIRECTION ( 'NONE',  ( -7.841598581462557900E-17, -3.291132365970988441E-16, -1.000000000000000000 ) ) ;
#440 = EDGE_CURVE ( 'NONE', #10587, #7514, #9772, .T. ) ;
#441 = CARTESIAN_POINT ( 'NONE',  ( -5.785136984574577923, 104.4908118441466343, 124.4048629210965657 ) ) ;
#443 = ORIENTED_EDGE ( 'NONE', *, *, #3590, .T. ) ;
#442 = EDGE_CURVE ( 'NONE', #5739, #6087, #10631, .T. ) ;
#444 = VERTEX_POINT ( 'NONE', #6917 ) ;
#445 = LINE ( 'NONE', #390, #7070 ) ;
#446 = VECTOR ( 'NONE', #1879, 1000.000000000000114 ) ;
#447 = CARTESIAN_POINT ( 'NONE',  ( -7.774835134146968585, 104.2880773537701913, 129.2682876403658838 ) ) ;
#448 = DIRECTION ( 'NONE',  ( 0.5019378298181115250, 0.000000000000000000, 0.8649037027308210668 ) ) ;
#449 = AXIS2_PLACEMENT_3D ( 'NONE', #6976, #63, #711 ) ;
#450 = DIRECTION ( 'NONE',  ( 0.08666870560954235969, -0.8505931223490442727, -0.5186326982368834049 ) ) ;
#451 = AXIS2_PLACEMENT_3D ( 'NONE', #4001, #1392, #10219 ) ;
#452 = DIRECTION ( 'NONE',  ( 0.1013672451882219883, -0.9948490747861964412, 1.075499326746823620E-17 ) ) ;
#453 = CARTESIAN_POINT ( 'NONE',  ( -12.93336912955011186, 76.74726833999886821, 139.8611624826889965 ) ) ;
#454 = CARTESIAN_POINT ( 'NONE',  ( -17.12352356478456272, 76.32032477360495193, 122.8391759652463833 ) ) ;
#455 = LINE ( 'NONE', #3217, #1399 ) ;
#456 = EDGE_LOOP ( 'NONE', ( #2819, #8683 ) ) ;
#457 = CARTESIAN_POINT ( 'NONE',  ( -14.08728337748324755, 46.52173711783281362, 140.5608240347546882 ) ) ;
#458 = ORIENTED_EDGE ( 'NONE', *, *, #5977, .F. ) ;
#459 = CARTESIAN_POINT ( 'NONE',  ( -17.28258873793149419, 46.19616079662709041, 118.6754127980428279 ) ) ;
#460 = EDGE_CURVE ( 'NONE', #6821, #11288, #8846, .T. ) ;
#461 = VECTOR ( 'NONE', #1090, 999.9999999999998863 ) ;
#462 = CARTESIAN_POINT ( 'NONE',  ( 3.668183438240740557, 48.33087862859677131, 142.2928748423235845 ) ) ;
#463 = ORIENTED_EDGE ( 'NONE', *, *, #9430, .F. ) ;
#464 = PLANE ( 'NONE',  #1247 ) ;
#465 = ORIENTED_EDGE ( 'NONE', *, *, #1859, .F. ) ;
#466 = EDGE_LOOP ( 'NONE', ( #5471, #8316, #4142, #1285 ) ) ;
#467 = DIRECTION ( 'NONE',  ( -5.089571141214401552E-24, 4.995060417686127567E-23, 1.000000000000000000 ) ) ;
#468 = VERTEX_POINT ( 'NONE', #4471 ) ;
#469 = LINE ( 'NONE', #582, #5655 ) ;
#470 = EDGE_CURVE ( 'NONE', #5351, #10928, #2668, .T. ) ;
#471 = DIRECTION ( 'NONE',  ( -0.5019378298181113029, 0.000000000000000000, -0.8649037027308211778 ) ) ;
#472 = EDGE_CURVE ( 'NONE', #4354, #3124, #8094, .T. ) ;
#473 = ORIENTED_EDGE ( 'NONE', *, *, #10086, .T. ) ;
#474 = LINE ( 'NONE', #6848, #10575 ) ;
#475 = DIRECTION ( 'NONE',  ( 0.4974245373930950564, 0.05068362259411089699, 0.8660254037844403729 ) ) ;
#476 = VECTOR ( 'NONE', #3957, 1000.000000000000000 ) ;
#477 = DIRECTION ( 'NONE',  ( 6.903152180341684826E-18, 7.033765596924220165E-19, -1.000000000000000000 ) ) ;
#478 = VECTOR ( 'NONE', #5198, 1000.000000000000114 ) ;
#479 = CARTESIAN_POINT ( 'NONE',  ( -15.65771946722276020, 103.4848738435764233, 123.5388375173120892 ) ) ;
#480 = CARTESIAN_POINT ( 'NONE',  ( -31.50788244595067411, 68.76329625126524547, 103.0600000000005707 ) ) ;
#481 = CARTESIAN_POINT ( 'NONE',  ( -12.93336912955011009, 76.74726833999888242, 133.2656869558507253 ) ) ;
#482 = ORIENTED_EDGE ( 'NONE', *, *, #8694, .F. ) ;
#483 = ORIENTED_EDGE ( 'NONE', *, *, #7328, .T. ) ;
#484 = ORIENTED_EDGE ( 'NONE', *, *, #9702, .T. ) ;
#485 = AXIS2_PLACEMENT_3D ( 'NONE', #6435, #4683, #1845 ) ;
#486 = EDGE_CURVE ( 'NONE', #9577, #8422, #8675, .T. ) ;
#487 = AXIS2_PLACEMENT_3D ( 'NONE', #2988, #7354, #1024 ) ;
#488 = DIRECTION ( 'NONE',  ( 3.148927598275349405E-15, 3.100401161182723417E-16, -1.000000000000000000 ) ) ;
#489 = EDGE_CURVE ( 'NONE', #7272, #4486, #7796, .T. ) ;
#490 = LINE ( 'NONE', #4070, #7170 ) ;
#491 = VECTOR ( 'NONE', #4905, 999.9999999999998863 ) ;
#492 = LINE ( 'NONE', #1471, #5333 ) ;
#493 = AXIS2_PLACEMENT_3D ( 'NONE', #6335, #993, #10056 ) ;
#494 = ORIENTED_EDGE ( 'NONE', *, *, #10248, .T. ) ;
#495 = EDGE_LOOP ( 'NONE', ( #5792, #4248, #7383, #3377, #1460, #3971 ) ) ;
#496 = CARTESIAN_POINT ( 'NONE',  ( -11.93852005476391298, 76.84863558518711102, 144.7245872019582293 ) ) ;
#497 = FACE_BOUND ( 'NONE', #9602, .T. ) ;
#498 = DIRECTION ( 'NONE',  ( -0.4974245373930948344, -0.05068362259411087617, -0.8660254037844405950 ) ) ;
#499 = VECTOR ( 'NONE', #6840, 1000.000000000000000 ) ;
#500 = VERTEX_POINT ( 'NONE', #5115 ) ;
#501 = CARTESIAN_POINT ( 'NONE',  ( 3.668183438240751215, 48.33087862859674289, 135.6973993154854270 ) ) ;
#502 = VECTOR ( 'NONE', #656, 999.9999999999998863 ) ;
#503 = CARTESIAN_POINT ( 'NONE',  ( -11.96498956938141589, 103.8611337873762466, 121.9731505614619067 ) ) ;
#504 = DIRECTION ( 'NONE',  ( 0.9948490747861964412, 0.1013672451882218634, 3.497202527569243497E-15 ) ) ;
#505 = LINE ( 'NONE', #8402, #887 ) ;
#506 = ADVANCED_FACE ( 'NONE', ( #4242 ), #11341, .T. ) ;
#507 = EDGE_CURVE ( 'NONE', #3303, #9490, #6045, .T. ) ;
#508 = VECTOR ( 'NONE', #9644, 999.9999999999998863 ) ;
#509 = ORIENTED_EDGE ( 'NONE', *, *, #5337, .T. ) ;
#510 = ADVANCED_FACE ( 'NONE', ( #5626 ), #5453, .T. ) ;
#511 = VECTOR ( 'NONE', #6090, 1000.000000000000114 ) ;
#512 = DIRECTION ( 'NONE',  ( -0.9948490747861964412, -0.1013672451882218634, -3.164135620181696535E-15 ) ) ;
#513 = CARTESIAN_POINT ( 'NONE',  ( -21.27119596870833718, 46.79493088947390333, 87.77148351815341698 ) ) ;
#514 = ORIENTED_EDGE ( 'NONE', *, *, #9445, .F. ) ;
#515 = DIRECTION ( 'NONE',  ( -0.4974245373931009961, -0.05068362259411093862, 0.8660254037844370423 ) ) ;
#516 = ORIENTED_EDGE ( 'NONE', *, *, #4678, .T. ) ;
#517 = DIRECTION ( 'NONE',  ( -0.1013672451882220160, 0.9948490747861964412, 0.000000000000000000 ) ) ;
#518 = VERTEX_POINT ( 'NONE', #8952 ) ;
#519 = CARTESIAN_POINT ( 'NONE',  ( -0.6152014920796888831, 2.335970026501086760, 150.0500000000005230 ) ) ;
#520 = FACE_OUTER_BOUND ( 'NONE', #7858, .T. ) ;
#521 = AXIS2_PLACEMENT_3D ( 'NONE', #3318, #2616, #3434 ) ;
#522 = EDGE_CURVE ( 'NONE', #8091, #3262, #8081, .T. ) ;
#523 = EDGE_LOOP ( 'NONE', ( #9333, #8428, #4287, #7555, #10746, #5610 ) ) ;
#524 = DIRECTION ( 'NONE',  ( 0.1013672451882219883, -0.9948490747861964412, 1.075499326746823620E-17 ) ) ;
#525 = ORIENTED_EDGE ( 'NONE', *, *, #9690, .F. ) ;
#526 = ORIENTED_EDGE ( 'NONE', *, *, #2987, .F. ) ;
#527 = PLANE ( 'NONE',  #6410 ) ;
#528 = VERTEX_POINT ( 'NONE', #10759 ) ;
#529 = ADVANCED_FACE ( 'NONE', ( #4593 ), #10875, .T. ) ;
#530 = DIRECTION ( 'NONE',  ( 0.1013672451882219883, -0.9948490747861964412, 1.075499326746823620E-17 ) ) ;
#531 = CARTESIAN_POINT ( 'NONE',  ( 5.781581155790766147, 24.39602203842559192, 114.4200000000005701 ) ) ;
#532 = ORIENTED_EDGE ( 'NONE', *, *, #1856, .F. ) ;
#533 = DIRECTION ( 'NONE',  ( -2.216144822561715349E-17, 2.174992150791856382E-16, -1.000000000000000000 ) ) ;
#534 = LINE ( 'NONE', #8374, #6773 ) ;
#535 = VERTEX_POINT ( 'NONE', #3717 ) ;
#536 = DIRECTION ( 'NONE',  ( 0.8615645716962891942, 0.08778660944464597438, 0.5000000000000029976 ) ) ;
#537 = EDGE_CURVE ( 'NONE', #518, #4553, #6511, .T. ) ;
#538 = DIRECTION ( 'NONE',  ( 1.000000000000000000, 0.000000000000000000, 3.480278902931750302E-15 ) ) ;
#539 = LINE ( 'NONE', #5923, #6177 ) ;
#540 = EDGE_LOOP ( 'NONE', ( #9211, #8750, #3351, #10359 ) ) ;
#541 = EDGE_CURVE ( 'NONE', #1661, #9464, #9188, .T. ) ;
#542 = ORIENTED_EDGE ( 'NONE', *, *, #8820, .F. ) ;
#543 = EDGE_LOOP ( 'NONE', ( #3320, #5394, #3647, #822 ) ) ;
#544 = LINE ( 'NONE', #8441, #8265 ) ;
#545 = ORIENTED_EDGE ( 'NONE', *, *, #1234, .T. ) ;
#546 = EDGE_CURVE ( 'NONE', #359, #3406, #1985, .T. ) ;
#547 = CARTESIAN_POINT ( 'NONE',  ( -11.82817543111401193, 17.67836929918779276, 150.0500000000005230 ) ) ;
#548 = CARTESIAN_POINT ( 'NONE',  ( -19.84787390245720928, 103.0579302771824928, 127.7026006845156871 ) ) ;
#549 = EDGE_CURVE ( 'NONE', #18, #11443, #8145, .T. ) ;
#550 = VECTOR ( 'NONE', #1900, 1000.000000000000114 ) ;
#551 = ORIENTED_EDGE ( 'NONE', *, *, #11114, .F. ) ;
#552 = ORIENTED_EDGE ( 'NONE', *, *, #2916, .T. ) ;
#553 = DIRECTION ( 'NONE',  ( -1.000000000000000000, 0.000000000000000000, 0.000000000000000000 ) ) ;
#554 = FACE_BOUND ( 'NONE', #4647, .T. ) ;
#555 = CARTESIAN_POINT ( 'NONE',  ( 47.83542731978472062, 82.93912763362759222, 32.32950283728842322 ) ) ;
#556 = EDGE_CURVE ( 'NONE', #2836, #9941, #6434, .T. ) ;
#557 = ORIENTED_EDGE ( 'NONE', *, *, #2511, .F. ) ;
#558 = LINE ( 'NONE', #6761, #7448 ) ;
#559 = AXIS2_PLACEMENT_3D ( 'NONE', #10475, #11415, #5074 ) ;
#560 = CYLINDRICAL_SURFACE ( 'NONE', #1858, 1.550000000000000266 ) ;
#561 = CARTESIAN_POINT ( 'NONE',  ( 6.863488798688985426, 48.65645494980250163, 118.6754127980427853 ) ) ;
#562 = PLANE ( 'NONE',  #3469 ) ;
#563 = ORIENTED_EDGE ( 'NONE', *, *, #5748, .T. ) ;
#564 = AXIS2_PLACEMENT_3D ( 'NONE', #4169, #2372, #3074 ) ;
#565 = DIRECTION ( 'NONE',  ( -8.141667454118532778E-17, -3.990033831470024719E-16, -1.000000000000000000 ) ) ;
#566 = EDGE_CURVE ( 'NONE', #4676, #2435, #2041, .T. ) ;
#567 = DIRECTION ( 'NONE',  ( 0.1013672451882219883, -0.9948490747861964412, 1.075499326746823620E-17 ) ) ;
#568 = VERTEX_POINT ( 'NONE', #10817 ) ;
#569 = CARTESIAN_POINT ( 'NONE',  ( -21.31367800001900292, 75.89338120721100722, 128.4022622365814073 ) ) ;
#570 = VERTEX_POINT ( 'NONE', #3838 ) ;
#571 = LINE ( 'NONE', #2356, #6784 ) ;
#572 = ORIENTED_EDGE ( 'NONE', *, *, #2915, .F. ) ;
#573 = DIRECTION ( 'NONE',  ( -0.4974245373931009961, -0.05068362259411093862, 0.8660254037844370423 ) ) ;
#574 = DIRECTION ( 'NONE',  ( 0.08786539972137211163, -0.8623378435136063169, 0.4986512961740965921 ) ) ;
#575 = VECTOR ( 'NONE', #1615, 1000.000000000000114 ) ;
#576 = VERTEX_POINT ( 'NONE', #4528 ) ;
#577 = PLANE ( 'NONE',  #878 ) ;
#578 = ORIENTED_EDGE ( 'NONE', *, *, #6407, .T. ) ;
#579 = ORIENTED_EDGE ( 'NONE', *, *, #10032, .F. ) ;
#580 = LINE ( 'NONE', #4049, #11191 ) ;
#581 = ORIENTED_EDGE ( 'NONE', *, *, #1568, .F. ) ;
#582 = CARTESIAN_POINT ( 'NONE',  ( -5.706974507014352938, 47.37562425062068883, 142.2928748423236414 ) ) ;
#583 = ORIENTED_EDGE ( 'NONE', *, *, #8219, .T. ) ;
#584 = LINE ( 'NONE', #1457, #1486 ) ;
#585 = LINE ( 'NONE', #4111, #9175 ) ;
#586 = ADVANCED_FACE ( 'NONE', ( #5518 ), #4134, .F. ) ;
#587 = EDGE_CURVE ( 'NONE', #10096, #10208, #1115, .T. ) ;
#588 = ADVANCED_FACE ( 'NONE', ( #9829 ), #6594, .F. ) ;
#589 = DIRECTION ( 'NONE',  ( -6.903152180341685597E-18, -7.033765596924229795E-19, 1.000000000000000000 ) ) ;
#590 = EDGE_CURVE ( 'NONE', #5383, #9581, #9940, .T. ) ;
#591 = CARTESIAN_POINT ( 'NONE',  ( -22.54575472551236714, 102.7830375785708839, 129.2682876403658838 ) ) ;
#592 = CARTESIAN_POINT ( 'NONE',  ( -7.277410596753870031, 104.3387609763642985, 139.8611624826889965 ) ) ;
#593 =( BOUNDED_CURVE ( )  B_SPLINE_CURVE ( 3, ( #2391, #10588, #10360, #11408 ),
 .UNSPECIFIED., .F., .F. ) 
 B_SPLINE_CURVE_WITH_KNOTS ( ( 4, 4 ),
 ( 6.283185307107309825, 7.048630960148488889 ),
 .UNSPECIFIED. ) 
 CURVE ( )  GEOMETRIC_REPRESENTATION_ITEM ( )  RATIONAL_B_SPLINE_CURVE ( ( 1.000000000000000000, 0.9517674948505250310, 0.9517674948505250310, 1.000000000000000000 ) ) 
 REPRESENTATION_ITEM ( '' )  );
#594 = ORIENTED_EDGE ( 'NONE', *, *, #4417, .T. ) ;
#595 = ORIENTED_EDGE ( 'NONE', *, *, #6264, .T. ) ;
#596 = VERTEX_POINT ( 'NONE', #6730 ) ;
#597 = CARTESIAN_POINT ( 'NONE',  ( -23.70936940939913740, 70.72390900400752400, 50.04579744993566237 ) ) ;
#598 = ADVANCED_FACE ( 'NONE', ( #10109 ), #8489, .T. ) ;
#599 = CARTESIAN_POINT ( 'NONE',  ( -0.6152014920796844422, 6.335970026501104968, 150.0500000000005230 ) ) ;
#600 = ADVANCED_FACE ( 'NONE', ( #6792 ), #4932, .T. ) ;
#601 = LINE ( 'NONE', #4955, #7386 ) ;
#602 = ORIENTED_EDGE ( 'NONE', *, *, #10176, .F. ) ;
#603 = VERTEX_POINT ( 'NONE', #1286 ) ;
#604 = CARTESIAN_POINT ( 'NONE',  ( -26.06617769532787676, 67.56875387074259720, 100.0372883279489429 ) ) ;
#605 = FACE_BOUND ( 'NONE', #7584, .T. ) ;
#606 = DIRECTION ( 'NONE',  ( 0.4974245373931012182, 0.05068362259411096638, -0.8660254037844369313 ) ) ;
#607 = VERTEX_POINT ( 'NONE', #632 ) ;
#608 = ADVANCED_FACE ( 'NONE', ( #6679 ), #1337, .T. ) ;
#609 = DIRECTION ( 'NONE',  ( 0.1013672451882219883, -0.9948490747861964412, 1.075499326746823620E-17 ) ) ;
#610 = FACE_OUTER_BOUND ( 'NONE', #10415, .T. ) ;
#611 = CARTESIAN_POINT ( 'NONE',  ( 0.6054737363219310220, 105.1419644865580523, 143.8585617981738380 ) ) ;
#612 = VECTOR ( 'NONE', #3278, 1000.000000000000114 ) ;
#613 = CARTESIAN_POINT ( 'NONE',  ( 1.644369224237865579, -4.627973497002288994, 153.0500000000005230 ) ) ;
#614 = ORIENTED_EDGE ( 'NONE', *, *, #84, .T. ) ;
#615 = LINE ( 'NONE', #4145, #612 ) ;
#616 = DIRECTION ( 'NONE',  ( 6.903152180341684826E-18, 7.033765596924220165E-19, -1.000000000000000000 ) ) ;
#617 = DIRECTION ( 'NONE',  ( 0.4974245373930948899, 0.05068362259411066800, 0.8660254037844405950 ) ) ;
#618 = FACE_OUTER_BOUND ( 'NONE', #10264, .T. ) ;
#619 = VERTEX_POINT ( 'NONE', #3015 ) ;
#620 = VECTOR ( 'NONE', #10054, 999.9999999999998863 ) ;
#621 = CARTESIAN_POINT ( 'NONE',  ( -22.54575472551236714, 102.7830375785708839, 119.5414382018272477 ) ) ;
#622 = ORIENTED_EDGE ( 'NONE', *, *, #1351, .T. ) ;
#623 = PLANE ( 'NONE',  #758 ) ;
#624 = CARTESIAN_POINT ( 'NONE',  ( 17.67197875046128175, 49.75775451254386894, 156.7000000000005002 ) ) ;
#625 = AXIS2_PLACEMENT_3D ( 'NONE', #2743, #7282, #10829 ) ;
#626 = EDGE_CURVE ( 'NONE', #1333, #6797, #10335, .T. ) ;
#627 = ORIENTED_EDGE ( 'NONE', *, *, #6071, .T. ) ;
#628 = CARTESIAN_POINT ( 'NONE',  ( 0.6054737363219240276, 105.1419644865580665, 124.4048629210965657 ) ) ;
#629 = ORIENTED_EDGE ( 'NONE', *, *, #743, .T. ) ;
#630 = DIRECTION ( 'NONE',  ( -0.9948490747861964412, -0.1013672451882218634, -3.164135620181696535E-15 ) ) ;
#631 = ORIENTED_EDGE ( 'NONE', *, *, #3858, .T. ) ;
#632 = CARTESIAN_POINT ( 'NONE',  ( 6.863488798688985426, 48.65645494980250163, 128.4022622365814073 ) ) ;
#633 = VECTOR ( 'NONE', #10825, 1000.000000000000114 ) ;
#634 = ORIENTED_EDGE ( 'NONE', *, *, #3965, .F. ) ;
#635 = CARTESIAN_POINT ( 'NONE',  ( -1.455630775762134732, -4.627973497002288994, 156.7000000000005002 ) ) ;
#636 = LINE ( 'NONE', #7945, #267 ) ;
#637 = ORIENTED_EDGE ( 'NONE', *, *, #2203, .F. ) ;
#638 = ORIENTED_EDGE ( 'NONE', *, *, #6339, .T. ) ;
#639 = LINE ( 'NONE', #7728, #4776 ) ;
#640 = DIRECTION ( 'NONE',  ( -0.4974245373930948344, -0.05068362259411087617, -0.8660254037844405950 ) ) ;
#641 = VECTOR ( 'NONE', #7317, 1000.000000000000114 ) ;
#642 = ADVANCED_FACE ( 'NONE', ( #3942 ), #4990, .T. ) ;
#643 = ORIENTED_EDGE ( 'NONE', *, *, #5869, .F. ) ;
#644 = CARTESIAN_POINT ( 'NONE',  ( -13.09243430269705044, 46.62310436302102801, 125.9705498769468051 ) ) ;
#645 = ORIENTED_EDGE ( 'NONE', *, *, #2509, .T. ) ;
#646 = ADVANCED_FACE ( 'NONE', ( #9413 ), #4819, .T. ) ;
#647 = VERTEX_POINT ( 'NONE', #4873 ) ;
#648 = EDGE_CURVE ( 'NONE', #5396, #7761, #7494, .T. ) ;
#649 = LINE ( 'NONE', #4182, #7671 ) ;
#650 = ORIENTED_EDGE ( 'NONE', *, *, #7970, .F. ) ;
#651 = VECTOR ( 'NONE', #8731, 999.9999999999998863 ) ;
#652 = DIRECTION ( 'NONE',  ( 0.1013672451882219883, -0.9948490747861964412, 1.075499326746823620E-17 ) ) ;
#653 = VECTOR ( 'NONE', #8925, 1000.000000000000114 ) ;
#654 = VECTOR ( 'NONE', #3394, 1000.000000000000114 ) ;
#655 = ORIENTED_EDGE ( 'NONE', *, *, #9399, .F. ) ;
#656 = DIRECTION ( 'NONE',  ( 0.1013672451882219883, -0.9948490747861964412, 1.075499326746823620E-17 ) ) ;
#657 = VECTOR ( 'NONE', #4000, 1000.000000000000000 ) ;
#658 = DIRECTION ( 'NONE',  ( -1.000000000000000000, 0.000000000000000000, -3.148927598275349405E-15 ) ) ;
#659 = VECTOR ( 'NONE', #1642, 999.9999999999998863 ) ;
#660 = AXIS2_PLACEMENT_3D ( 'NONE', #4439, #7995, #1720 ) ;
#661 = ORIENTED_EDGE ( 'NONE', *, *, #11489, .T. ) ;
#662 = EDGE_CURVE ( 'NONE', #7514, #619, #5797, .T. ) ;
#663 = ORIENTED_EDGE ( 'NONE', *, *, #10341, .F. ) ;
#664 = DIRECTION ( 'NONE',  ( 0.1013672451882219883, -0.9948490747861964412, 1.075499326746823620E-17 ) ) ;
#665 = FACE_BOUND ( 'NONE', #11313, .T. ) ;
#666 = PLANE ( 'NONE',  #3225 ) ;
#667 = ORIENTED_EDGE ( 'NONE', *, *, #7221, .F. ) ;
#668 = DIRECTION ( 'NONE',  ( -0.4974245373931011072, -0.05068362259411127169, 0.8660254037844369313 ) ) ;
#669 = DIRECTION ( 'NONE',  ( -0.8615645716962926359, -0.08778660944464630744, 0.4999999999999969469 ) ) ;
#670 = AXIS2_PLACEMENT_3D ( 'NONE', #7069, #1789, #8880 ) ;
#671 = CARTESIAN_POINT ( 'NONE',  ( 2.595171885894314912, 105.3446989769345095, 134.1317123596352019 ) ) ;
#672 = LINE ( 'NONE', #7988, #7378 ) ;
#673 = ORIENTED_EDGE ( 'NONE', *, *, #732, .F. ) ;
#674 = VECTOR ( 'NONE', #4889, 1000.000000000000114 ) ;
#675 = DIRECTION ( 'NONE',  ( -0.9948490747861964412, -0.1013672451882219050, 0.000000000000000000 ) ) ;
#676 = CYLINDRICAL_SURFACE ( 'NONE', #6556, 1.000000000000000888 ) ;
#677 = ADVANCED_FACE ( 'NONE', ( #5914 ), #11041, .T. ) ;
#678 = CARTESIAN_POINT ( 'NONE',  ( -6.282561521967672924, 104.4401282215525129, 118.6754127980428279 ) ) ;
#679 = CYLINDRICAL_SURFACE ( 'NONE', #8645, 1.550000000000000266 ) ;
#680 = AXIS2_PLACEMENT_3D ( 'NONE', #2112, #2170, #4836 ) ;
#681 = ORIENTED_EDGE ( 'NONE', *, *, #366, .F. ) ;
#682 = FACE_OUTER_BOUND ( 'NONE', #8953, .T. ) ;
#683 = ORIENTED_EDGE ( 'NONE', *, *, #219, .F. ) ;
#684 = DIRECTION ( 'NONE',  ( 1.000000000000000000, 0.000000000000000000, 3.480278902931750302E-15 ) ) ;
#685 = VECTOR ( 'NONE', #5951, 1000.000000000000114 ) ;
#686 = DIRECTION ( 'NONE',  ( 1.000000000000000000, 0.000000000000000000, 3.480278902931750302E-15 ) ) ;
#687 = AXIS2_PLACEMENT_3D ( 'NONE', #9633, #1676, #5205 ) ;
#688 = VECTOR ( 'NONE', #11389, 999.9999999999998863 ) ;
#689 = EDGE_CURVE ( 'NONE', #10353, #7605, #7604, .T. ) ;
#690 = ORIENTED_EDGE ( 'NONE', *, *, #11447, .T. ) ;
#691 = ADVANCED_FACE ( 'NONE', ( #1508 ), #2257, .T. ) ;
#692 = LINE ( 'NONE', #5260, #9592 ) ;
#693 = ORIENTED_EDGE ( 'NONE', *, *, #10263, .T. ) ;
#694 = LINE ( 'NONE', #9635, #6209 ) ;
#695 = ORIENTED_EDGE ( 'NONE', *, *, #5959, .T. ) ;
#696 = CARTESIAN_POINT ( 'NONE',  ( -11.86671074220773825, 22.59780080334810748, 115.4200000000005844 ) ) ;
#697 = VERTEX_POINT ( 'NONE', #10168 ) ;
#698 = CARTESIAN_POINT ( 'NONE',  ( -61.44247233738272485, 71.80457473616159803, 31.08878480307705772 ) ) ;
#699 = EDGE_LOOP ( 'NONE', ( #10996, #7045, #3276, #9574 ) ) ;
#700 = ORIENTED_EDGE ( 'NONE', *, *, #1726, .F. ) ;
#701 = CARTESIAN_POINT ( 'NONE',  ( -10.39455347964189791, 46.89799706163263693, 119.5414382018272477 ) ) ;
#702 = VECTOR ( 'NONE', #10295, 1000.000000000000000 ) ;
#703 = CARTESIAN_POINT ( 'NONE',  ( -21.50325650842539105, 49.07244383562553480, 102.5434237851241335 ) ) ;
#704 = CARTESIAN_POINT ( 'NONE',  ( 6.379444975182973820, 18.52840408682722284, 150.0500000000005230 ) ) ;
#705 = VECTOR ( 'NONE', #10177, 999.9999999999998863 ) ;
#706 = ORIENTED_EDGE ( 'NONE', *, *, #10032, .T. ) ;
#707 = LINE ( 'NONE', #5755, #7661 ) ;
#708 = VERTEX_POINT ( 'NONE', #3123 ) ;
#709 = ORIENTED_EDGE ( 'NONE', *, *, #8633, .T. ) ;
#710 = VERTEX_POINT ( 'NONE', #2207 ) ;
#711 = DIRECTION ( 'NONE',  ( -0.1013672451882220160, 0.9948490747861964412, 0.000000000000000000 ) ) ;
#712 = ORIENTED_EDGE ( 'NONE', *, *, #2248, .T. ) ;
#713 = CARTESIAN_POINT ( 'NONE',  ( 4.341001148326234294, 48.39943342702169105, 156.7000000000005002 ) ) ;
#714 = EDGE_CURVE ( 'NONE', #6481, #1485, #1455, .T. ) ;
#715 = CARTESIAN_POINT ( 'NONE',  ( -12.93336912955011009, 76.74726833999888242, 138.1291116751200434 ) ) ;
#716 = ADVANCED_FACE ( 'NONE', ( #8592 ), #7720, .T. ) ;
#717 = DIRECTION ( 'NONE',  ( 0.8615645716962891942, 0.08778660944464597438, 0.5000000000000029976 ) ) ;
#718 = ORIENTED_EDGE ( 'NONE', *, *, #3590, .F. ) ;
#719 = ORIENTED_EDGE ( 'NONE', *, *, #8570, .F. ) ;
#720 = LINE ( 'NONE', #5937, #6558 ) ;
#721 = DIRECTION ( 'NONE',  ( 0.000000000000000000, 0.000000000000000000, 1.000000000000000000 ) ) ;
#722 = DIRECTION ( 'NONE',  ( 0.4974245373930950564, 0.05068362259411089699, 0.8660254037844403729 ) ) ;
#723 = ORIENTED_EDGE ( 'NONE', *, *, #1712, .T. ) ;
#724 = LINE ( 'NONE', #5889, #9484 ) ;
#725 = ADVANCED_FACE ( 'NONE', ( #6713 ), #3000, .T. ) ;
#726 = ADVANCED_FACE ( 'NONE', ( #11081 ), #8521, .T. ) ;
#727 = LINE ( 'NONE', #4259, #2045 ) ;
#728 = CARTESIAN_POINT ( 'NONE',  ( 1.102898273715022581, 105.1926481091521737, 123.5388375173120892 ) ) ;
#729 = AXIS2_PLACEMENT_3D ( 'NONE', #7315, #6450, #116 ) ;
#730 = ADVANCED_FACE ( 'NONE', ( #4800 ), #6659, .F. ) ;
#731 = CARTESIAN_POINT ( 'NONE',  ( -9.975291419809025228, 104.0638682777526896, 141.4268494385391648 ) ) ;
#732 = EDGE_CURVE ( 'NONE', #3137, #1333, #7424, .T. ) ;
#733 = EDGE_LOOP ( 'NONE', ( #8118, #8017, #458, #2554 ) ) ;
#734 = LINE ( 'NONE', #3515, #8584 ) ;
#735 = DIRECTION ( 'NONE',  ( 0.4974245373930950564, 0.05068362259411089699, 0.8660254037844403729 ) ) ;
#736 = DIRECTION ( 'NONE',  ( -0.8615645716962893053, -0.08778660944464596050, -0.5000000000000027756 ) ) ;
#737 = LINE ( 'NONE', #11424, #654 ) ;
#738 = VECTOR ( 'NONE', #2287, 999.9999999999998863 ) ;
#739 = ORIENTED_EDGE ( 'NONE', *, *, #1917, .T. ) ;
#740 = LINE ( 'NONE', #1722, #8629 ) ;
#741 = ORIENTED_EDGE ( 'NONE', *, *, #2626, .F. ) ;
#742 = LINE ( 'NONE', #1787, #2057 ) ;
#743 = EDGE_CURVE ( 'NONE', #2146, #295, #1271, .T. ) ;
#744 = LINE ( 'NONE', #1671, #11056 ) ;
#745 = VECTOR ( 'NONE', #533, 1000.000000000000000 ) ;
#746 = VERTEX_POINT ( 'NONE', #3980 ) ;
#747 = CARTESIAN_POINT ( 'NONE',  ( -3.584680698912517727, 104.7150209201641218, 141.4268494385391648 ) ) ;
#748 = EDGE_LOOP ( 'NONE', ( #4613, #5259, #2298, #8198 ) ) ;
#749 = LINE ( 'NONE', #9514, #287 ) ;
#750 = VERTEX_POINT ( 'NONE', #1436 ) ;
#751 = DIRECTION ( 'NONE',  ( 0.9948490747861963301, 0.1013672451882219744, 3.164135620181696535E-15 ) ) ;
#752 = ORIENTED_EDGE ( 'NONE', *, *, #6926, .F. ) ;
#753 = DIRECTION ( 'NONE',  ( 0.4974245373930950564, 0.05068362259411089699, 0.8660254037844403729 ) ) ;
#754 = VERTEX_POINT ( 'NONE', #5725 ) ;
#755 = VERTEX_POINT ( 'NONE', #513 ) ;
#756 = DIRECTION ( 'NONE',  ( 1.000000000000000000, 0.000000000000000000, -1.194462602137353357E-16 ) ) ;
#757 = VECTOR ( 'NONE', #289, 1000.000000000000000 ) ;
#758 = AXIS2_PLACEMENT_3D ( 'NONE', #1495, #3059, #5034 ) ;
#759 = EDGE_CURVE ( 'NONE', #5744, #3531, #4089, .T. ) ;
#760 = CARTESIAN_POINT ( 'NONE',  ( -7.872481210540141383, 77.26293275539438810, 130.1343130441503035 ) ) ;
#761 = LINE ( 'NONE', #11333, #6449 ) ;
#762 = LINE ( 'NONE', #7789, #5728 ) ;
#763 = VECTOR ( 'NONE', #8160, 1000.000000000000114 ) ;
#764 = ORIENTED_EDGE ( 'NONE', *, *, #10809, .F. ) ;
#765 = ORIENTED_EDGE ( 'NONE', *, *, #2781, .T. ) ;
#766 = VERTEX_POINT ( 'NONE', #9230 ) ;
#767 = ORIENTED_EDGE ( 'NONE', *, *, #2370, .T. ) ;
#768 = DIRECTION ( 'NONE',  ( -0.4974245373931009961, -0.05068362259411093862, 0.8660254037844370423 ) ) ;
#769 = ORIENTED_EDGE ( 'NONE', *, *, #9419, .T. ) ;
#770 = CARTESIAN_POINT ( 'NONE',  ( -22.54575472551236714, 102.7830375785708839, 124.4048629210965657 ) ) ;
#771 = DIRECTION ( 'NONE',  ( -0.4974245373930951675, -0.05068362259411070270, -0.8660254037844403729 ) ) ;
#772 = DIRECTION ( 'NONE',  ( 6.903152180341685597E-18, 7.033765596924229795E-19, -1.000000000000000000 ) ) ;
#773 = LINE ( 'NONE', #5404, #5825 ) ;
#774 = ORIENTED_EDGE ( 'NONE', *, *, #7594, .F. ) ;
#775 = ORIENTED_EDGE ( 'NONE', *, *, #6604, .T. ) ;
#776 = CARTESIAN_POINT ( 'NONE',  ( 43.64527288455030174, 82.51218406723364751, 29.89779047765374997 ) ) ;
#777 = CARTESIAN_POINT ( 'NONE',  ( -7.872481210540228425, 77.26293275539438810, 142.9925363943894183 ) ) ;
#778 = LINE ( 'NONE', #10717, #4320 ) ;
#779 = DIRECTION ( 'NONE',  ( -0.4974245373930951675, -0.05068362259411070270, -0.8660254037844403729 ) ) ;
#780 = ORIENTED_EDGE ( 'NONE', *, *, #4356, .F. ) ;
#781 = CARTESIAN_POINT ( 'NONE',  ( -0.6152014920796875508, -1.664029973498913462, 105.4200000000005844 ) ) ;
#782 = CARTESIAN_POINT ( 'NONE',  ( 52.02558175501916082, 83.36607120002152271, 34.76121519692311068 ) ) ;
#783 = AXIS2_PLACEMENT_3D ( 'NONE', #7750, #5015, #3264 ) ;
#784 = EDGE_CURVE ( 'NONE', #755, #5985, #5779, .T. ) ;
#785 = CARTESIAN_POINT ( 'NONE',  ( -9.128143506410729913, 1.626501356039936175, 156.7000000000005002 ) ) ;
#786 = DIRECTION ( 'NONE',  ( -0.8615645716962926359, -0.08778660944464630744, 0.4999999999999969469 ) ) ;
#787 = ORIENTED_EDGE ( 'NONE', *, *, #9428, .T. ) ;
#788 = EDGE_CURVE ( 'NONE', #4130, #2228, #7641, .T. ) ;
#789 = EDGE_CURVE ( 'NONE', #3795, #10792, #2189, .T. ) ;
#790 = LINE ( 'NONE', #5138, #9336 ) ;
#791 = DIRECTION ( 'NONE',  ( 0.4974245373931012182, 0.05068362259411096638, -0.8660254037844369313 ) ) ;
#792 = LINE ( 'NONE', #11423, #685 ) ;
#793 = DIRECTION ( 'NONE',  ( 0.5019378298181115250, 0.000000000000000000, 0.8649037027308210668 ) ) ;
#794 = EDGE_LOOP ( 'NONE', ( #9169, #572, #9800, #4753 ) ) ;
#795 = CARTESIAN_POINT ( 'NONE',  ( -15.63124995260529992, 76.47237564138727350, 126.8365752807312248 ) ) ;
#796 = ORIENTED_EDGE ( 'NONE', *, *, #8547, .T. ) ;
#797 = CARTESIAN_POINT ( 'NONE',  ( -11.93852005476391298, 76.84863558518711102, 134.9977377634196216 ) ) ;
#798 = DIRECTION ( 'NONE',  ( 0.1013672451882219883, -0.9948490747861964412, 1.075499326746823620E-17 ) ) ;
#799 = VECTOR ( 'NONE', #2810, 1000.000000000000114 ) ;
#800 = VERTEX_POINT ( 'NONE', #4036 ) ;
#801 = DIRECTION ( 'NONE',  ( -0.4974245373930948344, -0.05068362259411087617, -0.8660254037844405950 ) ) ;
#802 = ORIENTED_EDGE ( 'NONE', *, *, #10263, .F. ) ;
#803 = PLANE ( 'NONE',  #10075 ) ;
#804 = ORIENTED_EDGE ( 'NONE', *, *, #10265, .T. ) ;
#805 = DIRECTION ( 'NONE',  ( 6.903152180341685597E-18, 7.033765596924229795E-19, -1.000000000000000000 ) ) ;
#806 = ORIENTED_EDGE ( 'NONE', *, *, #2893, .T. ) ;
#807 = EDGE_CURVE ( 'NONE', #3309, #8246, #1373, .T. ) ;
#808 = DIRECTION ( 'NONE',  ( 6.903152180341684056E-18, 7.033765596924220165E-19, -1.000000000000000000 ) ) ;
#809 = ORIENTED_EDGE ( 'NONE', *, *, #4949, .F. ) ;
#810 = VERTEX_POINT ( 'NONE', #5668 ) ;
#811 = DIRECTION ( 'NONE',  ( 1.194462602137354589E-16, 1.217062834229806583E-17, 1.000000000000000000 ) ) ;
#812 = CIRCLE ( 'NONE', #4881, 1.550000000000000266 ) ;
#813 = CARTESIAN_POINT ( 'NONE',  ( 7.858337873475186086, 48.75782219499070891, 139.8611624826889397 ) ) ;
#814 = DIRECTION ( 'NONE',  ( -1.000000000000000000, 0.000000000000000000, 0.000000000000000000 ) ) ;
#815 = AXIS2_PLACEMENT_3D ( 'NONE', #4167, #8371, #6567 ) ;
#816 = ORIENTED_EDGE ( 'NONE', *, *, #6030, .T. ) ;
#817 = EDGE_CURVE ( 'NONE', #7779, #145, #3874, .T. ) ;
#818 = CARTESIAN_POINT ( 'NONE',  ( -19.84787390245720928, 103.0579302771824928, 125.9705498769467482 ) ) ;
#819 = VERTEX_POINT ( 'NONE', #3214 ) ;
#820 = EDGE_CURVE ( 'NONE', #10599, #1252, #5897, .T. ) ;
#821 = ORIENTED_EDGE ( 'NONE', *, *, #11489, .F. ) ;
#822 = ORIENTED_EDGE ( 'NONE', *, *, #6750, .F. ) ;
#823 = CARTESIAN_POINT ( 'NONE',  ( -21.48634488483881100, 48.90646800144946837, 103.7875013368263239 ) ) ;
#824 = ADVANCED_FACE ( 'NONE', ( #3161 ), #1207, .T. ) ;
#825 = ORIENTED_EDGE ( 'NONE', *, *, #10070, .F. ) ;
#826 = PLANE ( 'NONE',  #2686 ) ;
#827 = VECTOR ( 'NONE', #5289, 999.9999999999998863 ) ;
#828 = FACE_BOUND ( 'NONE', #8940, .T. ) ;
#829 = CARTESIAN_POINT ( 'NONE',  ( 0.09436922423786574254, -4.627973497002288994, 113.3500000000005059 ) ) ;
#830 = FACE_OUTER_BOUND ( 'NONE', #10406, .T. ) ;
#831 = EDGE_CURVE ( 'NONE', #7611, #11168, #3926, .T. ) ;
#832 = VECTOR ( 'NONE', #3088, 999.9999999999998863 ) ;
#833 = VERTEX_POINT ( 'NONE', #9282 ) ;
#834 = VERTEX_POINT ( 'NONE', #1321 ) ;
#835 = LINE ( 'NONE', #776, #6920 ) ;
#836 = EDGE_CURVE ( 'NONE', #2364, #568, #7532, .T. ) ;
#837 = VECTOR ( 'NONE', #11367, 1000.000000000000114 ) ;
#838 = DIRECTION ( 'NONE',  ( -0.1013672451882218634, 0.9948490747861964412, -3.194691864677670162E-16 ) ) ;
#839 = DIRECTION ( 'NONE',  ( 0.9948490747861964412, 0.1013672451882220160, -1.214431771062136297E-16 ) ) ;
#840 = CARTESIAN_POINT ( 'NONE',  ( 4.341001148326234294, 48.39943342702169105, 114.4200000000005701 ) ) ;
#841 = VERTEX_POINT ( 'NONE', #453 ) ;
#842 = PLANE ( 'NONE',  #9299 ) ;
#843 = VECTOR ( 'NONE', #2621, 1000.000000000000000 ) ;
#844 = PLANE ( 'NONE',  #5176 ) ;
#845 = VECTOR ( 'NONE', #3893, 1000.000000000000114 ) ;
#846 = CARTESIAN_POINT ( 'NONE',  ( -14.76010108756873507, 46.45318231940783704, 146.7000000000005002 ) ) ;
#847 = LINE ( 'NONE', #10654, #5508 ) ;
#848 = CIRCLE ( 'NONE', #6586, 1.000000000000000666 ) ;
#849 = ADVANCED_FACE ( 'NONE', ( #7763 ), #3392, .T. ) ;
#850 = ORIENTED_EDGE ( 'NONE', *, *, #3007, .T. ) ;
#851 = DIRECTION ( 'NONE',  ( 0.1013672451882219883, -0.9948490747861964412, 1.075499326746823620E-17 ) ) ;
#852 = CARTESIAN_POINT ( 'NONE',  ( -6.282561521967672924, 104.4401282215525129, 134.9977377634196216 ) ) ;
#853 = EDGE_CURVE ( 'NONE', #10050, #8005, #5247, .T. ) ;
#854 = DIRECTION ( 'NONE',  ( -0.4974245373930951675, -0.05068362259411070270, -0.8660254037844403729 ) ) ;
#855 = DIRECTION ( 'NONE',  ( -0.8615645716962926359, -0.08778660944464630744, 0.4999999999999969469 ) ) ;
#856 = ORIENTED_EDGE ( 'NONE', *, *, #3258, .F. ) ;
#857 = CARTESIAN_POINT ( 'NONE',  ( -0.6152014920796842201, 2.335970026501107633, 156.7000000000005002 ) ) ;
#858 = CIRCLE ( 'NONE', #4181, 1.550000000000000266 ) ;
#859 = ORIENTED_EDGE ( 'NONE', *, *, #6194, .F. ) ;
#860 = CARTESIAN_POINT ( 'NONE',  ( -26.06617769531146678, 67.56875387074427408, 100.0372883279489429 ) ) ;
#861 = PLANE ( 'NONE',  #388 ) ;
#862 = CIRCLE ( 'NONE', #10309, 1.550000000000000266 ) ;
#863 = DIRECTION ( 'NONE',  ( -1.000000000000000000, 0.000000000000000000, -3.148927598275349405E-15 ) ) ;
#864 = ADVANCED_FACE ( 'NONE', ( #6884 ), #676, .T. ) ;
#865 = ADVANCED_FACE ( 'NONE', ( #2406 ), #8807, .T. ) ;
#866 = EDGE_CURVE ( 'NONE', #5590, #4163, #7060, .T. ) ;
#867 = VECTOR ( 'NONE', #1015, 1000.000000000000114 ) ;
#868 = DIRECTION ( 'NONE',  ( 0.1013672451882219883, -0.9948490747861964412, 1.075499326746823620E-17 ) ) ;
#869 = CARTESIAN_POINT ( 'NONE',  ( 7.858337873475182533, 48.75782219499071601, 134.9977377634196216 ) ) ;
#870 = ORIENTED_EDGE ( 'NONE', *, *, #7183, .F. ) ;
#871 = DIRECTION ( 'NONE',  ( -0.4974245373930948344, -0.05068362259411087617, -0.8660254037844405950 ) ) ;
#872 = EDGE_LOOP ( 'NONE', ( #5033, #7565, #1114, #7590 ) ) ;
#873 = FACE_OUTER_BOUND ( 'NONE', #10421, .T. ) ;
#874 = VERTEX_POINT ( 'NONE', #9502 ) ;
#875 = MECHANICAL_DESIGN_GEOMETRIC_PRESENTATION_REPRESENTATION (  '', ( #2717 ), #1246 ) ;
#876 = VERTEX_POINT ( 'NONE', #2521 ) ;
#877 = CARTESIAN_POINT ( 'NONE',  ( -6.028455490777949954, 40.66561709319565665, 115.4200000000005844 ) ) ;
#878 = AXIS2_PLACEMENT_3D ( 'NONE', #5791, #9512, #1556 ) ;
#879 = CIRCLE ( 'NONE', #1243, 4.000000000000000000 ) ;
#880 = EDGE_CURVE ( 'NONE', #1326, #7057, #1718, .T. ) ;
#881 = LINE ( 'NONE', #5446, #372 ) ;
#882 = EDGE_CURVE ( 'NONE', #4603, #9625, #9681, .T. ) ;
#883 = ORIENTED_EDGE ( 'NONE', *, *, #4123, .F. ) ;
#884 = CARTESIAN_POINT ( 'NONE',  ( -7.748365619529460346, 77.27557915158104151, 125.9705498769468335 ) ) ;
#885 = EDGE_LOOP ( 'NONE', ( #10576, #5230, #2700, #10328 ) ) ;
#886 = ORIENTED_EDGE ( 'NONE', *, *, #2886, .F. ) ;
#887 = VECTOR ( 'NONE', #6601, 999.9999999999998863 ) ;
#888 = ORIENTED_EDGE ( 'NONE', *, *, #7025, .F. ) ;
#889 = DIRECTION ( 'NONE',  ( 0.000000000000000000, 1.000000000000000000, 0.000000000000000000 ) ) ;
#890 = ORIENTED_EDGE ( 'NONE', *, *, #831, .T. ) ;
#891 = CARTESIAN_POINT ( 'NONE',  ( -8.902279867462580043, 47.05004792941493719, 123.5388375173121460 ) ) ;
#892 = DIRECTION ( 'NONE',  ( -0.4974245373931009961, -0.05068362259411093862, 0.8660254037844370423 ) ) ;
#893 = LINE ( 'NONE', #7040, #7752 ) ;
#894 = ADVANCED_FACE ( 'NONE', ( #11482 ), #7819, .T. ) ;
#895 = CARTESIAN_POINT ( 'NONE',  ( -7.277410596753870031, 104.3387609763642985, 128.4022622365814073 ) ) ;
#896 = VERTEX_POINT ( 'NONE', #6829 ) ;
#897 = ORIENTED_EDGE ( 'NONE', *, *, #10433, .T. ) ;
#898 = CARTESIAN_POINT ( 'NONE',  ( 6.877797475765183854, 23.50254020882761807, 114.4200000000005701 ) ) ;
#899 = FACE_OUTER_BOUND ( 'NONE', #7220, .T. ) ;
#900 = CARTESIAN_POINT ( 'NONE',  ( -18.48906368776232512, 92.91547873448445216, 146.7000000000005002 ) ) ;
#901 = CARTESIAN_POINT ( 'NONE',  ( -4.712125432228154054, 47.47699149580889610, 130.8339745962161089 ) ) ;
#902 = VERTEX_POINT ( 'NONE', #11422 ) ;
#903 = EDGE_CURVE ( 'NONE', #1282, #2330, #2462, .T. ) ;
#904 = DIRECTION ( 'NONE',  ( 0.9948490747861964412, 0.1013672451882218634, 3.497202527569243497E-15 ) ) ;
#905 = EDGE_CURVE ( 'NONE', #10520, #239, #3459, .T. ) ;
#906 = DIRECTION ( 'NONE',  ( -0.5019378298181113029, 0.000000000000000000, -0.8649037027308211778 ) ) ;
#907 = CARTESIAN_POINT ( 'NONE',  ( -3.558211184295021479, 77.70252271797497201, 125.2708883248809855 ) ) ;
#908 = VERTEX_POINT ( 'NONE', #3279 ) ;
#909 = EDGE_CURVE ( 'NONE', #11368, #3485, #6008, .T. ) ;
#910 = CARTESIAN_POINT ( 'NONE',  ( 8.170441235670029556, 73.97220933831431466, 87.77148351815341698 ) ) ;
#911 = CARTESIAN_POINT ( 'NONE',  ( -18.27743781271769308, 46.09479355143887602, 120.4074636056117242 ) ) ;
#912 = FACE_OUTER_BOUND ( 'NONE', #6710, .T. ) ;
#913 = CARTESIAN_POINT ( 'NONE',  ( -6.028143506410727603, 1.626501356039936397, 113.3500000000005059 ) ) ;
#914 = VERTEX_POINT ( 'NONE', #7004 ) ;
#915 = DIRECTION ( 'NONE',  ( -0.9948490747861964412, -0.1013672451882218634, -3.164135620181696535E-15 ) ) ;
#916 = VERTEX_POINT ( 'NONE', #1546 ) ;
#917 = DIRECTION ( 'NONE',  ( -0.4974245373930951675, -0.05068362259411070270, -0.8660254037844403729 ) ) ;
#918 = CARTESIAN_POINT ( 'NONE',  ( -0.5219709969936959792, 47.90393506220281239, 128.4022622365814641 ) ) ;
#919 = LINE ( 'NONE', #6433, #550 ) ;
#920 = CARTESIAN_POINT ( 'NONE',  ( -18.85302482767101040, 103.1592975223707072, 130.8339745962161373 ) ) ;
#921 = AXIS2_PLACEMENT_3D ( 'NONE', #2143, #3063, #2197 ) ;
#922 = CARTESIAN_POINT ( 'NONE',  ( -55.15724068453112494, 72.44499008575250798, 27.44121626362511890 ) ) ;
#923 = FACE_OUTER_BOUND ( 'NONE', #8763, .T. ) ;
#924 = VERTEX_POINT ( 'NONE', #5080 ) ;
#925 = LINE ( 'NONE', #6199, #3612 ) ;
#926 = ORIENTED_EDGE ( 'NONE', *, *, #9773, .T. ) ;
#927 = FACE_OUTER_BOUND ( 'NONE', #6251, .T. ) ;
#928 = ORIENTED_EDGE ( 'NONE', *, *, #2222, .T. ) ;
#929 = VERTEX_POINT ( 'NONE', #8637 ) ;
#930 = LINE ( 'NONE', #6205, #190 ) ;
#931 = CIRCLE ( 'NONE', #3894, 1.549999999999999378 ) ;
#932 = DIRECTION ( 'NONE',  ( 0.1013672451882219883, -0.9948490747861964412, 1.075499326746823620E-17 ) ) ;
#933 = VERTEX_POINT ( 'NONE', #10546 ) ;
#934 = LINE ( 'NONE', #2725, #6203 ) ;
#935 = ORIENTED_EDGE ( 'NONE', *, *, #1205, .T. ) ;
#936 = ADVANCED_FACE ( 'NONE', ( #7939 ), #11363, .T. ) ;
#937 = ORIENTED_EDGE ( 'NONE', *, *, #5250, .F. ) ;
#938 = AXIS2_PLACEMENT_3D ( 'NONE', #9353, #6794, #4821 ) ;
#939 = EDGE_CURVE ( 'NONE', #4129, #8650, #3388, .T. ) ;
#940 = ORIENTED_EDGE ( 'NONE', *, *, #7816, .F. ) ;
#941 = DIRECTION ( 'NONE',  ( 0.4974245373931012182, 0.05068362259411096638, -0.8660254037844369313 ) ) ;
#942 = ORIENTED_EDGE ( 'NONE', *, *, #7320, .F. ) ;
#943 = CARTESIAN_POINT ( 'NONE',  ( 8.170441235670029556, 73.97220933831431466, 105.4200000000005559 ) ) ;
#944 = EDGE_CURVE ( 'NONE', #9802, #10436, #1488, .T. ) ;
#945 = CYLINDRICAL_SURFACE ( 'NONE', #1427, 9.599999999999997868 ) ;
#946 = AXIS2_PLACEMENT_3D ( 'NONE', #4979, #2358, #2246 ) ;
#947 = CARTESIAN_POINT ( 'NONE',  ( -3.584680698912521279, 104.7150209201641360, 131.7000000000005286 ) ) ;
#948 = DIRECTION ( 'NONE',  ( 6.903152180341684826E-18, 7.033765596924220165E-19, -1.000000000000000000 ) ) ;
#949 = EDGE_LOOP ( 'NONE', ( #11035, #7753, #1494, #6918, #10649, #8533 ) ) ;
#950 = DIRECTION ( 'NONE',  ( -0.9948490747861963301, -0.1013672451882219605, -3.497202527569243497E-15 ) ) ;
#951 = CARTESIAN_POINT ( 'NONE',  ( -6.282561521967669371, 104.4401282215525129, 144.7245872019582293 ) ) ;
#952 = CARTESIAN_POINT ( 'NONE',  ( -26.02645714701895585, 67.21093714787647855, 103.0600000000005707 ) ) ;
#953 = DIRECTION ( 'NONE',  ( -0.1013672451882220160, 0.9948490747861964412, 0.000000000000000000 ) ) ;
#954 = EDGE_CURVE ( 'NONE', #10019, #6261, #6070, .T. ) ;
#955 = VECTOR ( 'NONE', #609, 999.9999999999998863 ) ;
#956 = VERTEX_POINT ( 'NONE', #1836 ) ;
#957 =( NAMED_UNIT ( * ) SI_UNIT ( $, .STERADIAN. ) SOLID_ANGLE_UNIT ( ) );
#958 = LINE ( 'NONE', #7342, #5003 ) ;
#959 = DIRECTION ( 'NONE',  ( -0.4974245373930948344, -0.05068362259411087617, -0.8660254037844405950 ) ) ;
#960 = DIRECTION ( 'NONE',  ( -0.4974245373931011072, -0.05068362259411127169, 0.8660254037844369313 ) ) ;
#961 = ORIENTED_EDGE ( 'NONE', *, *, #10765, .F. ) ;
#962 = CARTESIAN_POINT ( 'NONE',  ( -0.6990781796957880045, 23.73569415504008262, 136.7000000000004718 ) ) ;
#963 =( BOUNDED_SURFACE ( )  B_SPLINE_SURFACE ( 3, 1, ( 
 ( #5612, #109 ),
 ( #286, #3004 ),
 ( #9002, #2773 ),
 ( #2027, #3705 ) ),
 .UNSPECIFIED., .F., .F., .F. ) 
 B_SPLINE_SURFACE_WITH_KNOTS ( ( 4, 4 ),
 ( 2, 2 ),
 ( 0.000000000000000000, 1.000000000000000000 ),
 ( 0.000000000000000000, 1.000000000000000000 ),
 .UNSPECIFIED. ) 
 GEOMETRIC_REPRESENTATION_ITEM ( )  RATIONAL_B_SPLINE_SURFACE ( (
 ( 1.000000000000000000, 1.000000000000000000),
 ( 0.9517674948505252530, 0.9517674948505252530),
 ( 0.9517674948505252530, 0.9517674948505252530),
 ( 1.000000000000000000, 1.000000000000000000) ) ) 
 REPRESENTATION_ITEM ( '' )  SURFACE ( )  );
#964 = LINE ( 'NONE', #8983, #1915 ) ;
#965 = EDGE_CURVE ( 'NONE', #4759, #9625, #964, .T. ) ;
#966 = CARTESIAN_POINT ( 'NONE',  ( -8.743214694315666335, 77.17421190639281292, 121.1071251576774301 ) ) ;
#967 = LINE ( 'NONE', #4496, #10124 ) ;
#968 = ORIENTED_EDGE ( 'NONE', *, *, #7885, .F. ) ;
#969 = CARTESIAN_POINT ( 'NONE',  ( 58.31081340787082468, 84.00648654961243267, 38.40878373637514187 ) ) ;
#970 = ORIENTED_EDGE ( 'NONE', *, *, #2691, .F. ) ;
#971 = LINE ( 'NONE', #2587, #3211 ) ;
#972 = CARTESIAN_POINT ( 'NONE',  ( -18.85302482767101040, 103.1592975223707072, 122.8391759652463264 ) ) ;
#973 = DIRECTION ( 'NONE',  ( 0.9948490747861963301, 0.1013672451882219744, 3.164135620181696535E-15 ) ) ;
#974 = CARTESIAN_POINT ( 'NONE',  ( -12.22330476012978373, 21.55628910121375696, 114.4200000000005701 ) ) ;
#975 = PLANE ( 'NONE',  #4947 ) ;
#976 = CARTESIAN_POINT ( 'NONE',  ( -18.27743781271769308, 46.09479355143887602, 128.4022622365814073 ) ) ;
#977 = DIRECTION ( 'NONE',  ( 0.5019378298181175202, 0.000000000000000000, -0.8649037027308175141 ) ) ;
#978 = ORIENTED_EDGE ( 'NONE', *, *, #6401, .F. ) ;
#979 = CARTESIAN_POINT ( 'NONE',  ( -23.04317926290545770, 102.7323539559767624, 133.2656869558507822 ) ) ;
#980 = ORIENTED_EDGE ( 'NONE', *, *, #3578, .F. ) ;
#981 = LINE ( 'NONE', #4752, #7161 ) ;
#982 = ORIENTED_EDGE ( 'NONE', *, *, #9691, .T. ) ;
#983 = DIRECTION ( 'NONE',  ( -1.000000000000000000, 0.000000000000000000, -3.148927598275349405E-15 ) ) ;
#984 = VECTOR ( 'NONE', #10073, 1000.000000000000114 ) ;
#985 = DIRECTION ( 'NONE',  ( 0.9948490747861965522, 0.1013672451882214887, -1.214431771098591778E-16 ) ) ;
#986 = VERTEX_POINT ( 'NONE', #9797 ) ;
#987 = AXIS2_PLACEMENT_3D ( 'NONE', #4746, #8354, #397 ) ;
#988 = PLANE ( 'NONE',  #8621 ) ;
#989 = ORIENTED_EDGE ( 'NONE', *, *, #1444, .F. ) ;
#990 = VECTOR ( 'NONE', #11184, 1000.000000000000000 ) ;
#991 = ORIENTED_EDGE ( 'NONE', *, *, #10651, .F. ) ;
#992 = ORIENTED_EDGE ( 'NONE', *, *, #7044, .F. ) ;
#993 = DIRECTION ( 'NONE',  ( 0.8615645716962891942, 0.08778660944464597438, 0.5000000000000029976 ) ) ;
#994 = ORIENTED_EDGE ( 'NONE', *, *, #9273, .F. ) ;
#995 = DIRECTION ( 'NONE',  ( 3.148927598275349405E-15, 3.100401161182723417E-16, -1.000000000000000000 ) ) ;
#996 = CYLINDRICAL_SURFACE ( 'NONE', #1220, 1.000000000000000666 ) ;
#997 = VECTOR ( 'NONE', #9244, 1000.000000000000114 ) ;
#998 = LINE ( 'NONE', #9079, #3086 ) ;
#999 = EDGE_CURVE ( 'NONE', #10888, #288, #4616, .T. ) ;
#1000 = ADVANCED_FACE ( 'NONE', ( #4557 ), #5481, .T. ) ;
#1001 = LINE ( 'NONE', #8088, #2179 ) ;
#1002 = ADVANCED_FACE ( 'NONE', ( #5539 ), #6358, .F. ) ;
#1003 = FACE_OUTER_BOUND ( 'NONE', #9121, .T. ) ;
#1004 = ADVANCED_FACE ( 'NONE', ( #2693, #8223, #32, #2868, #8112, #6423, #7351, #208, #4493, #3685, #5368, #3798, #5420, #8921, #152, #7236, #4673, #3626, #9042, #8048, #1779, #6245, #266, #10729, #5310, #9907, #1951, #9100, #1082, #9971, #3741, #7116, #10658, #6301, #7292, #2011, #10840, #6183, #9737, #8871 ), #88, .F. ) ;
#1005 = EDGE_LOOP ( 'NONE', ( #11144, #2389, #1040, #9434 ) ) ;
#1006 = EDGE_LOOP ( 'NONE', ( #629, #11175, #1566, #6692 ) ) ;
#1007 = LINE ( 'NONE', #3998, #2466 ) ;
#1008 = FACE_OUTER_BOUND ( 'NONE', #4805, .T. ) ;
#1009 = FACE_OUTER_BOUND ( 'NONE', #16, .T. ) ;
#1010 = CARTESIAN_POINT ( 'NONE',  ( 3.827248611387674249, 78.45504260557461862, 138.1291116751200434 ) ) ;
#1011 = VERTEX_POINT ( 'NONE', #9853 ) ;
#1012 = VECTOR ( 'NONE', #2818, 999.9999999999998863 ) ;
#1013 = DIRECTION ( 'NONE',  ( 1.000000000000000000, 0.000000000000000000, 0.000000000000000000 ) ) ;
#1014 = PLANE ( 'NONE',  #3138 ) ;
#1015 = DIRECTION ( 'NONE',  ( -0.4974245373930948344, -0.05068362259411087617, -0.8660254037844405950 ) ) ;
#1016 = CARTESIAN_POINT ( 'NONE',  ( -23.41783902623789970, 67.86274086807284789, 103.8514543557159868 ) ) ;
#1017 = EDGE_CURVE ( 'NONE', #3744, #3101, #10191, .T. ) ;
#1018 = ORIENTED_EDGE ( 'NONE', *, *, #8559, .T. ) ;
#1019 = ORIENTED_EDGE ( 'NONE', *, *, #3496, .T. ) ;
#1020 = ORIENTED_EDGE ( 'NONE', *, *, #8126, .F. ) ;
#1021 = LINE ( 'NONE', #7115, #3575 ) ;
#1022 = DIRECTION ( 'NONE',  ( 0.1013672451882219883, -0.9948490747861964412, 1.075499326746823620E-17 ) ) ;
#1023 = CARTESIAN_POINT ( 'NONE',  ( -12.93336912955011009, 76.74726833999888242, 128.4022622365814073 ) ) ;
#1024 = DIRECTION ( 'NONE',  ( 0.5019378298181175202, 0.000000000000000000, -0.8649037027308175141 ) ) ;
#1025 = ORIENTED_EDGE ( 'NONE', *, *, #368, .T. ) ;
#1026 = CARTESIAN_POINT ( 'NONE',  ( -23.04317926290545770, 102.7323539559767624, 142.9925363943894183 ) ) ;
#1027 = ORIENTED_EDGE ( 'NONE', *, *, #10238, .T. ) ;
#1028 = CARTESIAN_POINT ( 'NONE',  ( 2.673334363454543450, 48.22951138340855692, 142.2928748423236414 ) ) ;
#1029 = CARTESIAN_POINT ( 'NONE',  ( -8.743214694315666335, 77.17421190639281292, 142.2928748423236698 ) ) ;
#1030 = CIRCLE ( 'NONE', #6763, 1.000000000000000000 ) ;
#1031 = DIRECTION ( 'NONE',  ( 0.5019378298181115250, 0.000000000000000000, 0.8649037027308210668 ) ) ;
#1032 = AXIS2_PLACEMENT_3D ( 'NONE', #7643, #9394, #2191 ) ;
#1033 = CARTESIAN_POINT ( 'NONE',  ( -12.22845568534358662, 21.65765634640197845, 114.5213672451887987 ) ) ;
#1034 = DIRECTION ( 'NONE',  ( -0.4974245373931009961, -0.05068362259411093862, 0.8660254037844370423 ) ) ;
#1035 = EDGE_CURVE ( 'NONE', #9866, #1513, #2985, .T. ) ;
#1036 = VECTOR ( 'NONE', #3525, 999.9999999999998863 ) ;
#1037 = CARTESIAN_POINT ( 'NONE',  ( -7.277410596753870031, 104.3387609763642985, 130.1343130441503604 ) ) ;
#1038 = CARTESIAN_POINT ( 'NONE',  ( -14.66287039243656487, 103.5862410887646377, 130.1343130441503035 ) ) ;
#1039 = AXIS2_PLACEMENT_3D ( 'NONE', #8170, #6478, #2068 ) ;
#1040 = ORIENTED_EDGE ( 'NONE', *, *, #5011, .T. ) ;
#1041 = CARTESIAN_POINT ( 'NONE',  ( -7.277410596753870031, 104.3387609763642985, 123.5388375173120892 ) ) ;
#1042 = ORIENTED_EDGE ( 'NONE', *, *, #6820, .F. ) ;
#1043 = DIRECTION ( 'NONE',  ( 0.9948490747861964412, 0.1013672451882220160, 6.938893903907229918E-18 ) ) ;
#1044 = EDGE_LOOP ( 'NONE', ( #5331, #5036, #7152, #10481 ) ) ;
#1045 = CARTESIAN_POINT ( 'NONE',  ( -10.73195911113960399, 16.78488746958980471, 113.3500000000005059 ) ) ;
#1046 = CARTESIAN_POINT ( 'NONE',  ( -0.5219709969937098570, 47.90393506220284081, 138.1291116751201002 ) ) ;
#1047 = VECTOR ( 'NONE', #8349, 999.9999999999998863 ) ;
#1048 = EDGE_CURVE ( 'NONE', #7437, #7384, #7576, .T. ) ;
#1049 = VECTOR ( 'NONE', #6457, 1000.000000000000000 ) ;
#1050 = DIRECTION ( 'NONE',  ( 0.1013672451882219883, -0.9948490747861964412, 1.075499326746823620E-17 ) ) ;
#1051 = VERTEX_POINT ( 'NONE', #8341 ) ;
#1052 = CARTESIAN_POINT ( 'NONE',  ( -21.48406718373292890, 48.88411394779415531, 87.77148351815341698 ) ) ;
#1053 = ORIENTED_EDGE ( 'NONE', *, *, #1790, .F. ) ;
#1054 = ORIENTED_EDGE ( 'NONE', *, *, #7669, .F. ) ;
#1055 = EDGE_CURVE ( 'NONE', #9427, #3295, #3149, .T. ) ;
#1056 = ORIENTED_EDGE ( 'NONE', *, *, #10638, .T. ) ;
#1057 = VECTOR ( 'NONE', #9937, 999.9999999999998863 ) ;
#1058 = CARTESIAN_POINT ( 'NONE',  ( -5.785136984574577923, 104.4908118441466343, 129.2682876403658838 ) ) ;
#1059 = ORIENTED_EDGE ( 'NONE', *, *, #4098, .F. ) ;
#1060 = FACE_OUTER_BOUND ( 'NONE', #5425, .T. ) ;
#1061 = DIRECTION ( 'NONE',  ( -0.9948490747861963301, -0.1013672451882219605, -3.497202527569243497E-15 ) ) ;
#1062 = VECTOR ( 'NONE', #8432, 999.9999999999998863 ) ;
#1063 = CARTESIAN_POINT ( 'NONE',  ( 4.239633903138015469, 49.39428250180789348, 155.7000000000005002 ) ) ;
#1064 = LINE ( 'NONE', #2917, #8128 ) ;
#1065 = VECTOR ( 'NONE', #2239, 1000.000000000000114 ) ;
#1066 = CARTESIAN_POINT ( 'NONE',  ( 4.822097686173875353, 78.55640985076284721, 144.7245872019582293 ) ) ;
#1067 = ORIENTED_EDGE ( 'NONE', *, *, #3244, .F. ) ;
#1068 = VERTEX_POINT ( 'NONE', #6702 ) ;
#1069 = ORIENTED_EDGE ( 'NONE', *, *, #10308, .T. ) ;
#1070 = LINE ( 'NONE', #951, #6214 ) ;
#1071 = DIRECTION ( 'NONE',  ( 0.1013672451882219883, -0.9948490747861964412, 1.075499326746823620E-17 ) ) ;
#1072 = EDGE_CURVE ( 'NONE', #924, #7611, #1308, .T. ) ;
#1073 = VERTEX_POINT ( 'NONE', #8393 ) ;
#1074 = CARTESIAN_POINT ( 'NONE',  ( 6.366064261295886872, 48.60577132720839444, 124.4048629210965657 ) ) ;
#1075 = AXIS2_PLACEMENT_3D ( 'NONE', #4072, #5762, #3145 ) ;
#1076 = LINE ( 'NONE', #8161, #4629 ) ;
#1077 = DIRECTION ( 'NONE',  ( -0.1013672451882219605, 0.9948490747861964412, 0.000000000000000000 ) ) ;
#1078 = DIRECTION ( 'NONE',  ( -0.1013672451882219883, 0.9948490747861964412, -0.000000000000000000 ) ) ;
#1079 = ORIENTED_EDGE ( 'NONE', *, *, #8146, .F. ) ;
#1080 = ORIENTED_EDGE ( 'NONE', *, *, #3627, .F. ) ;
#1081 = DIRECTION ( 'NONE',  ( 0.9948490747861965522, 0.1013672451882214887, -1.214431771098591778E-16 ) ) ;
#1082 = FACE_BOUND ( 'NONE', #8804, .T. ) ;
#1083 = LINE ( 'NONE', #4617, #2897 ) ;
#1084 = ADVANCED_FACE ( 'NONE', ( #4845 ), #9323, .T. ) ;
#1085 = DIRECTION ( 'NONE',  ( 0.1013672451882219883, -0.9948490747861964412, 1.075499326746823620E-17 ) ) ;
#1087 = VERTEX_POINT ( 'NONE', #10241 ) ;
#1086 = EDGE_CURVE ( 'NONE', #133, #10578, #2066, .T. ) ;
#1088 = LINE ( 'NONE', #10028, #10288 ) ;
#1089 = ORIENTED_EDGE ( 'NONE', *, *, #2142, .T. ) ;
#1090 = DIRECTION ( 'NONE',  ( 0.9948490747861964412, 0.1013672451882220160, 6.938893903907231459E-18 ) ) ;
#1091 = DIRECTION ( 'NONE',  ( 0.4974245373930950564, 0.05068362259411089699, 0.8660254037844403729 ) ) ;
#1092 = EDGE_CURVE ( 'NONE', #9199, #5922, #5593, .T. ) ;
#1093 = FACE_BOUND ( 'NONE', #1870, .T. ) ;
#1094 = LINE ( 'NONE', #3695, #5849 ) ;
#1095 = EDGE_CURVE ( 'NONE', #9468, #1464, #8387, .T. ) ;
#1096 = CARTESIAN_POINT ( 'NONE',  ( -16.78516420053840363, 46.24684441922120470, 134.1317123596352019 ) ) ;
#1097 = CARTESIAN_POINT ( 'NONE',  ( 2.097747348501219911, 105.2940153543403881, 123.5388375173121460 ) ) ;
#1098 = DIRECTION ( 'NONE',  ( -0.8615645716962893053, -0.08778660944464596050, -0.5000000000000027756 ) ) ;
#1099 = ORIENTED_EDGE ( 'NONE', *, *, #2424, .T. ) ;
#1100 = CARTESIAN_POINT ( 'NONE',  ( -14.86146833275696366, 47.44803139419402527, 155.7000000000005002 ) ) ;
#1101 = ORIENTED_EDGE ( 'NONE', *, *, #193, .T. ) ;
#1102 = PLANE ( 'NONE',  #1601 ) ;
#1103 = ORIENTED_EDGE ( 'NONE', *, *, #10651, .T. ) ;
#1104 = LINE ( 'NONE', #3824, #11132 ) ;
#1105 = EDGE_CURVE ( 'NONE', #986, #8391, #4297, .T. ) ;
#1106 = DIRECTION ( 'NONE',  ( 0.4974245373931009961, 0.05068362259411126475, -0.8660254037844370423 ) ) ;
#1107 = ADVANCED_FACE ( 'NONE', ( #11008, #437, #4730, #5824, #9268, #1360, #3966, #3036, #9152, #8285, #3098, #5767, #6590, #9376, #4895, #4960, #6476, #497, #10135, #4025, #554, #2176, #4077, #7630, #2932, #326, #10021, #3861, #8686, #2393, #665, #9666, #8563, #9611, #5885, #605, #7862, #4132, #11410, #5938 ), #10413, .T. ) ;
#1108 = AXIS2_PLACEMENT_3D ( 'NONE', #4462, #8891, #10625 ) ;
#1109 = CARTESIAN_POINT ( 'NONE',  ( -7.277410596753870031, 104.3387609763642985, 138.1291116751200434 ) ) ;
#1110 = ORIENTED_EDGE ( 'NONE', *, *, #10086, .F. ) ;
#1111 = CARTESIAN_POINT ( 'NONE',  ( -7.872481210540141383, 77.26293275539438810, 130.1343130441503035 ) ) ;
#1112 = ORIENTED_EDGE ( 'NONE', *, *, #11315, .F. ) ;
#1113 = VERTEX_POINT ( 'NONE', #10534 ) ;
#1114 = ORIENTED_EDGE ( 'NONE', *, *, #9065, .F. ) ;
#1115 = LINE ( 'NONE', #1229, #9026 ) ;
#1116 = ADVANCED_FACE ( 'NONE', ( #9492 ), #8620, .T. ) ;
#1117 = VERTEX_POINT ( 'NONE', #1705 ) ;
#1118 = CARTESIAN_POINT ( 'NONE',  ( 2.097747348501219911, 105.2940153543403881, 133.2656869558507822 ) ) ;
#1119 = LINE ( 'NONE', #2912, #4359 ) ;
#1120 = VECTOR ( 'NONE', #1200, 1000.000000000000114 ) ;
#1121 = DIRECTION ( 'NONE',  ( -0.9948490747861964412, -0.1013672451882219883, -6.938893903907228378E-18 ) ) ;
#1122 = CARTESIAN_POINT ( 'NONE',  ( -10.47271595720211934, 104.0131846551585681, 137.4294501230542664 ) ) ;
#1123 = VECTOR ( 'NONE', #10935, 1000.000000000000114 ) ;
#1124 = CARTESIAN_POINT ( 'NONE',  ( -10.73195911113960399, 16.78488746958980471, 150.0500000000005230 ) ) ;
#1125 = ORIENTED_EDGE ( 'NONE', *, *, #8610, .T. ) ;
#1126 = ORIENTED_EDGE ( 'NONE', *, *, #6429, .F. ) ;
#1127 = DIRECTION ( 'NONE',  ( -0.9948490747861964412, -0.1013672451882218634, -3.164135620181696535E-15 ) ) ;
#1128 = CARTESIAN_POINT ( 'NONE',  ( -7.578143506410728314, 1.626501356039936175, 150.0500000000005230 ) ) ;
#1129 = CARTESIAN_POINT ( 'NONE',  ( 8.698725416233425989, 68.78746719323780212, 87.77148351815341698 ) ) ;
#1130 = VECTOR ( 'NONE', #9339, 999.9999999999998863 ) ;
#1131 = LINE ( 'NONE', #3791, #6796 ) ;
#1132 = CARTESIAN_POINT ( 'NONE',  ( -14.08728337748324755, 46.52173711783281362, 137.4294501230543233 ) ) ;
#1133 = EDGE_CURVE ( 'NONE', #4652, #7451, #3925, .T. ) ;
#1134 = ORIENTED_EDGE ( 'NONE', *, *, #1688, .F. ) ;
#1135 = ORIENTED_EDGE ( 'NONE', *, *, #7107, .F. ) ;
#1136 = CARTESIAN_POINT ( 'NONE',  ( -20.34529843985030695, 103.0072466545883856, 136.5634247192698467 ) ) ;
#1137 = DIRECTION ( 'NONE',  ( 1.000000000000000000, 0.000000000000000000, 3.480278902931750302E-15 ) ) ;
#1138 = DIRECTION ( 'NONE',  ( 0.4974245373930950564, 0.05068362259411089699, 0.8660254037844403729 ) ) ;
#1139 = LINE ( 'NONE', #8985, #7154 ) ;
#1140 = ORIENTED_EDGE ( 'NONE', *, *, #1930, .F. ) ;
#1141 = CARTESIAN_POINT ( 'NONE',  ( 3.346152073540041183, 48.29806618183347666, 147.7000000000005002 ) ) ;
#1142 = ORIENTED_EDGE ( 'NONE', *, *, #1202, .F. ) ;
#1143 = LINE ( 'NONE', #4737, #2858 ) ;
#1144 = FACE_OUTER_BOUND ( 'NONE', #10983, .T. ) ;
#1145 = FACE_BOUND ( 'NONE', #8504, .T. ) ;
#1146 = DIRECTION ( 'NONE',  ( 0.1013672451882219883, -0.9948490747861964412, 1.075499326746823620E-17 ) ) ;
#1147 = LINE ( 'NONE', #8127, #8493 ) ;
#1148 = EDGE_CURVE ( 'NONE', #7681, #1051, #6895, .T. ) ;
#1149 = EDGE_CURVE ( 'NONE', #6496, #2460, #11351, .T. ) ;
#1150 = PLANE ( 'NONE',  #2168 ) ;
#1151 = PLANE ( 'NONE',  #7481 ) ;
#1152 = ORIENTED_EDGE ( 'NONE', *, *, #11113, .T. ) ;
#1153 = DIRECTION ( 'NONE',  ( 0.1013672451882219883, -0.9948490747861964412, 1.075499326746823620E-17 ) ) ;
#1154 = ORIENTED_EDGE ( 'NONE', *, *, #6258, .F. ) ;
#1155 = CARTESIAN_POINT ( 'NONE',  ( -4.553060259081219030, 77.60115547278674342, 118.6754127980427853 ) ) ;
#1156 = EDGE_LOOP ( 'NONE', ( #6814, #2306, #8140, #7429, #1348, #5692 ) ) ;
#1157 = CARTESIAN_POINT ( 'NONE',  ( -7.872481210540179575, 77.26293275539438810, 142.2928748423235561 ) ) ;
#1158 = DIRECTION ( 'NONE',  ( 6.903152180341685597E-18, 7.033765596924229795E-19, -1.000000000000000000 ) ) ;
#1159 = CARTESIAN_POINT ( 'NONE',  ( -13.09243430269705044, 46.62310436302102801, 142.2928748423235845 ) ) ;
#1160 = EDGE_CURVE ( 'NONE', #908, #6392, #4309, .T. ) ;
#1161 = ORIENTED_EDGE ( 'NONE', *, *, #10101, .F. ) ;
#1162 = CARTESIAN_POINT ( 'NONE',  ( -17.12352356478455562, 76.32032477360495193, 140.5608240347546882 ) ) ;
#1163 = ORIENTED_EDGE ( 'NONE', *, *, #2004, .F. ) ;
#1164 = ORIENTED_EDGE ( 'NONE', *, *, #7246, .F. ) ;
#1165 = EDGE_LOOP ( 'NONE', ( #1612, #3121, #3959, #4769 ) ) ;
#1166 = CARTESIAN_POINT ( 'NONE',  ( -23.40194899422290931, 67.86450479005294767, 103.8514543557241439 ) ) ;
#1167 = ORIENTED_EDGE ( 'NONE', *, *, #8783, .F. ) ;
#1168 = LINE ( 'NONE', #9016, #2972 ) ;
#1169 = PLANE ( 'NONE',  #1192 ) ;
#1170 = VECTOR ( 'NONE', #10787, 999.9999999999998863 ) ;
#1171 = CARTESIAN_POINT ( 'NONE',  ( 8.698725416233427765, 68.78746719323780212, 105.4200000000005701 ) ) ;
#1172 = EDGE_CURVE ( 'NONE', #9581, #7958, #1476, .T. ) ;
#1173 = DIRECTION ( 'NONE',  ( -1.000000000000000000, 0.000000000000000000, 0.000000000000000000 ) ) ;
#1174 = EDGE_CURVE ( 'NONE', #2982, #9938, #2567, .T. ) ;
#1175 = CARTESIAN_POINT ( 'NONE',  ( -23.04317926290545770, 102.7323539559767624, 144.7245872019582293 ) ) ;
#1176 = AXIS2_PLACEMENT_3D ( 'NONE', #1746, #8016, #5220 ) ;
#1177 = EDGE_CURVE ( 'NONE', #7913, #4589, #2450, .T. ) ;
#1178 = ORIENTED_EDGE ( 'NONE', *, *, #2592, .T. ) ;
#1179 = ORIENTED_EDGE ( 'NONE', *, *, #7188, .F. ) ;
#1180 = VECTOR ( 'NONE', #5995, 1000.000000000000114 ) ;
#1181 = DIRECTION ( 'NONE',  ( 0.1013672451882219883, -0.9948490747861964412, 1.075499326746823620E-17 ) ) ;
#1182 = DIRECTION ( 'NONE',  ( 0.9948490747861964412, 0.1013672451882219605, -1.214431771098593503E-16 ) ) ;
#1183 = LINE ( 'NONE', #143, #9605 ) ;
#1184 = VECTOR ( 'NONE', #439, 1000.000000000000000 ) ;
#1185 = CIRCLE ( 'NONE', #10641, 4.000000000000000000 ) ;
#1186 = EDGE_CURVE ( 'NONE', #6928, #6451, #4251, .T. ) ;
#1187 = EDGE_CURVE ( 'NONE', #7474, #6778, #1651, .T. ) ;
#1188 = EDGE_LOOP ( 'NONE', ( #552, #6934, #2430, #2473 ) ) ;
#1189 = EDGE_LOOP ( 'NONE', ( #4118, #6430, #4537, #4033, #9884, #6022 ) ) ;
#1190 = CARTESIAN_POINT ( 'NONE',  ( 6.366064261295886872, 48.60577132720839444, 129.2682876403658838 ) ) ;
#1191 = DIRECTION ( 'NONE',  ( 0.4974245373931009961, 0.05068362259411126475, -0.8660254037844370423 ) ) ;
#1192 = AXIS2_PLACEMENT_3D ( 'NONE', #10112, #2155, #3075 ) ;
#1193 = DIRECTION ( 'NONE',  ( 0.1013672451882219883, -0.9948490747861964412, 1.075499326746823620E-17 ) ) ;
#1194 = PLANE ( 'NONE',  #3993 ) ;
#1195 = ORIENTED_EDGE ( 'NONE', *, *, #3046, .T. ) ;
#1196 = CARTESIAN_POINT ( 'NONE',  ( -5.261243574336011974, 23.27084561683632913, 137.8695945436746229 ) ) ;
#1197 = ORIENTED_EDGE ( 'NONE', *, *, #1515, .T. ) ;
#1198 = LINE ( 'NONE', #6431, #1012 ) ;
#1199 = CARTESIAN_POINT ( 'NONE',  ( -22.54575472551236714, 102.7830375785708839, 119.5414382018272477 ) ) ;
#1200 = DIRECTION ( 'NONE',  ( -0.9948490747861963301, -0.1013672451882219605, -3.497202527569243497E-15 ) ) ;
#1201 = CARTESIAN_POINT ( 'NONE',  ( -21.16982872352014766, 45.80008181468771511, 88.77148351815343119 ) ) ;
#1202 = EDGE_CURVE ( 'NONE', #5900, #4063, #7696, .T. ) ;
#1203 = FACE_OUTER_BOUND ( 'NONE', #3849, .T. ) ;
#1204 = AXIS2_PLACEMENT_3D ( 'NONE', #7844, #9649, #10572 ) ;
#1205 = EDGE_CURVE ( 'NONE', #3236, #2606, #5233, .T. ) ;
#1206 = DIRECTION ( 'NONE',  ( 0.9948490747861963301, 0.1013672451882219744, 0.000000000000000000 ) ) ;
#1207 = CYLINDRICAL_SURFACE ( 'NONE', #987, 1.000000000000000666 ) ;
#1208 = VECTOR ( 'NONE', #5939, 1000.000000000000114 ) ;
#1209 = VERTEX_POINT ( 'NONE', #2506 ) ;
#1210 = FACE_OUTER_BOUND ( 'NONE', #10874, .T. ) ;
#1211 = ORIENTED_EDGE ( 'NONE', *, *, #11151, .F. ) ;
#1212 = CARTESIAN_POINT ( 'NONE',  ( -7.872481210540155594, 77.26293275539438810, 134.9977377634195932 ) ) ;
#1213 = VECTOR ( 'NONE', #7878, 999.9999999999998863 ) ;
#1214 = ORIENTED_EDGE ( 'NONE', *, *, #9968, .T. ) ;
#1215 = DIRECTION ( 'NONE',  ( -0.4974245373930951675, -0.05068362259411070270, -0.8660254037844403729 ) ) ;
#1216 = EDGE_CURVE ( 'NONE', #4994, #5442, #6058, .T. ) ;
#1217 = VECTOR ( 'NONE', #5996, 999.9999999999998863 ) ;
#1218 = CARTESIAN_POINT ( 'NONE',  ( -19.84787390245720928, 103.0579302771824928, 132.5660254037850052 ) ) ;
#1219 = EDGE_CURVE ( 'NONE', #4352, #10208, #8795, .T. ) ;
#1220 = AXIS2_PLACEMENT_3D ( 'NONE', #1924, #5521, #8149 ) ;
#1221 = DIRECTION ( 'NONE',  ( 0.4974245373930948899, 0.05068362259411066800, 0.8660254037844405950 ) ) ;
#1222 = AXIS2_PLACEMENT_3D ( 'NONE', #11484, #855, #793 ) ;
#1223 = ORIENTED_EDGE ( 'NONE', *, *, #5719, .F. ) ;
#1224 = DIRECTION ( 'NONE',  ( 0.1013672451882219883, -0.9948490747861964412, 1.075499326746823620E-17 ) ) ;
#1225 = VERTEX_POINT ( 'NONE', #6757 ) ;
#1226 = ORIENTED_EDGE ( 'NONE', *, *, #1092, .T. ) ;
#1227 = DIRECTION ( 'NONE',  ( 0.5019378298181175202, 0.000000000000000000, -0.8649037027308175141 ) ) ;
#1228 = ORIENTED_EDGE ( 'NONE', *, *, #3127, .F. ) ;
#1229 = CARTESIAN_POINT ( 'NONE',  ( -24.03802833769165659, 102.6309867107885481, 130.1343130441503604 ) ) ;
#1230 = ORIENTED_EDGE ( 'NONE', *, *, #11031, .F. ) ;
#1231 = DIRECTION ( 'NONE',  ( -0.4974245373931011072, -0.05068362259411127169, 0.8660254037844369313 ) ) ;
#1232 = DIRECTION ( 'NONE',  ( -8.141667454118532778E-17, -3.990033831470024719E-16, -1.000000000000000000 ) ) ;
#1233 = VECTOR ( 'NONE', #5602, 1000.000000000000000 ) ;
#1234 = EDGE_CURVE ( 'NONE', #6334, #11379, #5354, .T. ) ;
#1235 = VECTOR ( 'NONE', #5843, 1000.000000000000114 ) ;
#1236 = DIRECTION ( 'NONE',  ( 0.5019378298181175202, 0.000000000000000000, -0.8649037027308175141 ) ) ;
#1237 = ADVANCED_FACE ( 'NONE', ( #2800 ), #8859, .F. ) ;
#1238 = DIRECTION ( 'NONE',  ( -0.9948490747861964412, -0.1013672451882214748, 1.214431771098591531E-16 ) ) ;
#1239 = VECTOR ( 'NONE', #100, 1000.000000000000114 ) ;
#1240 = DIRECTION ( 'NONE',  ( -0.4974245373930951675, -0.05068362259411070270, -0.8660254037844403729 ) ) ;
#1241 = ORIENTED_EDGE ( 'NONE', *, *, #7546, .T. ) ;
#1242 = EDGE_LOOP ( 'NONE', ( #5236, #6454, #1638, #7559 ) ) ;
#1243 = AXIS2_PLACEMENT_3D ( 'NONE', #3418, #589, #6969 ) ;
#1244 = VERTEX_POINT ( 'NONE', #9725 ) ;
#1245 = DIRECTION ( 'NONE',  ( -0.8615645716962926359, -0.08778660944464630744, 0.4999999999999969469 ) ) ;
#1246 =( GEOMETRIC_REPRESENTATION_CONTEXT ( 3 ) GLOBAL_UNCERTAINTY_ASSIGNED_CONTEXT ( ( #4754 ) ) GLOBAL_UNIT_ASSIGNED_CONTEXT ( ( #153, #2755, #3742 ) ) REPRESENTATION_CONTEXT ( 'NONE', 'WORKASPACE' ) );
#1247 = AXIS2_PLACEMENT_3D ( 'NONE', #7598, #1501, #10214 ) ;
#1248 = EDGE_CURVE ( 'NONE', #2325, #3901, #5529, .T. ) ;
#1249 = CARTESIAN_POINT ( 'NONE',  ( -18.27743781271769308, 46.09479355143887602, 144.7245872019582862 ) ) ;
#1250 = VECTOR ( 'NONE', #8867, 999.9999999999998863 ) ;
#1251 = DIRECTION ( 'NONE',  ( 0.8615645716962927469, 0.08778660944464633520, -0.4999999999999967248 ) ) ;
#1252 = VERTEX_POINT ( 'NONE', #3610 ) ;
#1253 = ORIENTED_EDGE ( 'NONE', *, *, #5114, .T. ) ;
#1254 = DIRECTION ( 'NONE',  ( 0.9948490747861949979, 0.1013672451882359493, 0.000000000000000000 ) ) ;
#1255 = DIRECTION ( 'NONE',  ( -0.8615645716962893053, -0.08778660944464596050, -0.5000000000000027756 ) ) ;
#1256 = EDGE_CURVE ( 'NONE', #9220, #876, #9785, .T. ) ;
#1257 = DIRECTION ( 'NONE',  ( -6.903152180341685597E-18, -7.033765596924229795E-19, 1.000000000000000000 ) ) ;
#1258 = FACE_OUTER_BOUND ( 'NONE', #7214, .T. ) ;
#1259 = AXIS2_PLACEMENT_3D ( 'NONE', #9677, #6180, #9618 ) ;
#1260 = EDGE_LOOP ( 'NONE', ( #4679, #1018, #8605, #6915, #9364, #3250 ) ) ;
#1261 = DIRECTION ( 'NONE',  ( -0.5019378298181113029, 0.000000000000000000, -0.8649037027308211778 ) ) ;
#1262 = ORIENTED_EDGE ( 'NONE', *, *, #10541, .T. ) ;
#1263 = EDGE_CURVE ( 'NONE', #8469, #10571, #9893, .T. ) ;
#1264 = LINE ( 'NONE', #7580, #2795 ) ;
#1265 = CARTESIAN_POINT ( 'NONE',  ( -32.02080070660307598, 73.79723256968338774, 88.77148351815341698 ) ) ;
#1266 = LINE ( 'NONE', #2185, #2332 ) ;
#1267 = FACE_OUTER_BOUND ( 'NONE', #9939, .T. ) ;
#1268 = EDGE_CURVE ( 'NONE', #5143, #3624, #2680, .T. ) ;
#1269 = VECTOR ( 'NONE', #5990, 999.9999999999998863 ) ;
#1270 = CARTESIAN_POINT ( 'NONE',  ( 0.09436922423786545111, -4.627973497002288994, 156.7000000000005002 ) ) ;
#1271 = LINE ( 'NONE', #7587, #5814 ) ;
#1272 = ORIENTED_EDGE ( 'NONE', *, *, #10223, .F. ) ;
#1273 = DIRECTION ( 'NONE',  ( -1.000000000000000000, 0.000000000000000000, -3.148927598275349405E-15 ) ) ;
#1274 = ORIENTED_EDGE ( 'NONE', *, *, #5190, .F. ) ;
#1275 = DIRECTION ( 'NONE',  ( 0.1013672451882219883, -0.9948490747861964412, 1.075499326746823620E-17 ) ) ;
#1276 = ORIENTED_EDGE ( 'NONE', *, *, #8532, .F. ) ;
#1277 = DIRECTION ( 'NONE',  ( -0.4974245373930951675, -0.05068362259411070270, -0.8660254037844403729 ) ) ;
#1278 = DIRECTION ( 'NONE',  ( 0.8615645716962891942, 0.08778660944464597438, 0.5000000000000029976 ) ) ;
#1279 = CARTESIAN_POINT ( 'NONE',  ( 0.4226985389623079126, 51.33854890261021353, 100.0372883279649301 ) ) ;
#1280 = ORIENTED_EDGE ( 'NONE', *, *, #2274, .F. ) ;
#1281 = LINE ( 'NONE', #4814, #8851 ) ;
#1282 = VERTEX_POINT ( 'NONE', #8909 ) ;
#1283 = ORIENTED_EDGE ( 'NONE', *, *, #6604, .F. ) ;
#1284 = CARTESIAN_POINT ( 'NONE',  ( -23.41796853575741366, 67.86401191401505173, 102.2471851642393972 ) ) ;
#1285 = ORIENTED_EDGE ( 'NONE', *, *, #6641, .F. ) ;
#1286 = CARTESIAN_POINT ( 'NONE',  ( -4.594597791224473760, 1.930501045748201916, 153.0500000000005230 ) ) ;
#1287 = ORIENTED_EDGE ( 'NONE', *, *, #2840, .T. ) ;
#1288 = CARTESIAN_POINT ( 'NONE',  ( -5.460737086723169043, 10.43105637960247556, 150.0500000000005230 ) ) ;
#1289 = LINE ( 'NONE', #4055, #7336 ) ;
#1290 = VECTOR ( 'NONE', #1221, 1000.000000000000114 ) ;
#1291 = CARTESIAN_POINT ( 'NONE',  ( 0.6319432509394263819, 78.12946628436891672, 137.4294501230542664 ) ) ;
#1292 = CARTESIAN_POINT ( 'NONE',  ( 16.35130875123438798, 72.58433249177440416, 99.31000000000055650 ) ) ;
#1293 = EDGE_CURVE ( 'NONE', #10050, #9619, #5468, .T. ) ;
#1294 = ADVANCED_FACE ( 'NONE', ( #899 ), #8095, .T. ) ;
#1295 = CARTESIAN_POINT ( 'NONE',  ( 9.908475179674731237, -6.241455537639465589, 113.3500000000005059 ) ) ;
#1296 = ORIENTED_EDGE ( 'NONE', *, *, #10057, .T. ) ;
#1297 = ORIENTED_EDGE ( 'NONE', *, *, #944, .F. ) ;
#1298 = AXIS2_PLACEMENT_3D ( 'NONE', #3205, #8515, #4082 ) ;
#1299 = ORIENTED_EDGE ( 'NONE', *, *, #9928, .F. ) ;
#1300 = DIRECTION ( 'NONE',  ( -1.000000000000000000, 0.000000000000000000, -3.148927598275349405E-15 ) ) ;
#1301 = CARTESIAN_POINT ( 'NONE',  ( -7.872481210540110297, 77.26293275539438810, 120.4074636056117100 ) ) ;
#1302 = VECTOR ( 'NONE', #10221, 1000.000000000000114 ) ;
#1303 = DIRECTION ( 'NONE',  ( -8.141667454118532778E-17, -3.990033831470024719E-16, -1.000000000000000000 ) ) ;
#1304 = ORIENTED_EDGE ( 'NONE', *, *, #2857, .T. ) ;
#1305 = EDGE_CURVE ( 'NONE', #7989, #7425, #1070, .T. ) ;
#1306 = ORIENTED_EDGE ( 'NONE', *, *, #6823, .F. ) ;
#1307 = CARTESIAN_POINT ( 'NONE',  ( -18.27743781271769308, 46.09479355143887602, 125.2708883248810423 ) ) ;
#1308 = LINE ( 'NONE', #1421, #8943 ) ;
#1309 = CARTESIAN_POINT ( 'NONE',  ( 14.73710580834817030, 79.56149309352979060, -2.739071452976793891E-14 ) ) ;
#1310 = LINE ( 'NONE', #6592, #8086 ) ;
#1311 = VECTOR ( 'NONE', #3113, 999.9999999999998863 ) ;
#1312 = ORIENTED_EDGE ( 'NONE', *, *, #4701, .T. ) ;
#1313 = ORIENTED_EDGE ( 'NONE', *, *, #2779, .T. ) ;
#1314 = DIRECTION ( 'NONE',  ( -1.000000000000000000, 0.000000000000000000, 0.000000000000000000 ) ) ;
#1315 = PLANE ( 'NONE',  #4440 ) ;
#1316 = DIRECTION ( 'NONE',  ( 0.4974245373930950564, 0.05068362259411089699, 0.8660254037844403729 ) ) ;
#1317 = CARTESIAN_POINT ( 'NONE',  ( -14.58470791487634521, 46.47105349523869933, 131.7000000000005286 ) ) ;
#1318 = EDGE_CURVE ( 'NONE', #1619, #4109, #8033, .T. ) ;
#1319 = EDGE_CURVE ( 'NONE', #8208, #5758, #8157, .T. ) ;
#1320 = CARTESIAN_POINT ( 'NONE',  ( -11.96498956938141589, 103.8611337873762466, 136.5634247192698467 ) ) ;
#1321 = CARTESIAN_POINT ( 'NONE',  ( -21.31367800001900292, 75.89338120721100722, 138.1291116751200434 ) ) ;
#1322 = ORIENTED_EDGE ( 'NONE', *, *, #11007, .F. ) ;
#1323 = CARTESIAN_POINT ( 'NONE',  ( -23.04317926290545770, 102.7323539559767624, 142.9925363943894183 ) ) ;
#1324 = ORIENTED_EDGE ( 'NONE', *, *, #3183, .F. ) ;
#1325 = CARTESIAN_POINT ( 'NONE',  ( 52.02558175501918214, 83.36607120002152271, 34.76121519692312489 ) ) ;
#1326 = VERTEX_POINT ( 'NONE', #136 ) ;
#1327 = CARTESIAN_POINT ( 'NONE',  ( -7.872481210540110297, 77.26293275539438810, 120.4074636056116248 ) ) ;
#1328 = LINE ( 'NONE', #406, #6416 ) ;
#1329 = DIRECTION ( 'NONE',  ( 0.1013672451882219883, -0.9948490747861964412, 1.075499326746823620E-17 ) ) ;
#1330 = EDGE_CURVE ( 'NONE', #6005, #3476, #7047, .T. ) ;
#1331 = ORIENTED_EDGE ( 'NONE', *, *, #7177, .F. ) ;
#1332 = LINE ( 'NONE', #6724, #10895 ) ;
#1333 = VERTEX_POINT ( 'NONE', #4424 ) ;
#1334 = CARTESIAN_POINT ( 'NONE',  ( -17.12352356478455562, 76.32032477360495193, 137.4294501230543517 ) ) ;
#1335 = EDGE_LOOP ( 'NONE', ( #10544, #1425, #9595, #1809 ) ) ;
#1336 = DIRECTION ( 'NONE',  ( 1.000000000000000000, 0.000000000000000000, 0.000000000000000000 ) ) ;
#1337 = PLANE ( 'NONE',  #451 ) ;
#1338 = ORIENTED_EDGE ( 'NONE', *, *, #6613, .T. ) ;
#1339 = DIRECTION ( 'NONE',  ( -0.4974245373930948344, -0.05068362259411087617, -0.8660254037844405950 ) ) ;
#1340 = LINE ( 'NONE', #10171, #845 ) ;
#1341 = VECTOR ( 'NONE', #9437, 1000.000000000000000 ) ;
#1342 = LINE ( 'NONE', #5974, #9645 ) ;
#1343 = DIRECTION ( 'NONE',  ( -0.4974245373931009961, -0.05068362259411093862, 0.8660254037844370423 ) ) ;
#1344 = LINE ( 'NONE', #4880, #10012 ) ;
#1345 = LINE ( 'NONE', #9533, #3193 ) ;
#1346 = VERTEX_POINT ( 'NONE', #7978 ) ;
#1347 = EDGE_LOOP ( 'NONE', ( #7297, #3014, #8831, #7257 ) ) ;
#1348 = ORIENTED_EDGE ( 'NONE', *, *, #7091, .T. ) ;
#1349 = LINE ( 'NONE', #597, #476 ) ;
#1350 = ADVANCED_FACE ( 'NONE', ( #1880 ), #2855, .T. ) ;
#1351 = EDGE_CURVE ( 'NONE', #6062, #2638, #11469, .T. ) ;
#1352 = CARTESIAN_POINT ( 'NONE',  ( -69.82278120785177578, 70.95068760337372282, 35.95220952234644329 ) ) ;
#1353 = EDGE_CURVE ( 'NONE', #5784, #9338, #20, .T. ) ;
#1354 = CARTESIAN_POINT ( 'NONE',  ( 5.781581155790758153, 24.39602203842559192, 156.7000000000005002 ) ) ;
#1355 = VECTOR ( 'NONE', #11306, 999.9999999999998863 ) ;
#1356 = ORIENTED_EDGE ( 'NONE', *, *, #11114, .T. ) ;
#1357 = VERTEX_POINT ( 'NONE', #6409 ) ;
#1358 = FACE_OUTER_BOUND ( 'NONE', #7966, .T. ) ;
#1359 = VECTOR ( 'NONE', #616, 1000.000000000000000 ) ;
#1360 = FACE_BOUND ( 'NONE', #10802, .T. ) ;
#1361 = VECTOR ( 'NONE', #9726, 999.9999999999998863 ) ;
#1362 = CARTESIAN_POINT ( 'NONE',  ( -0.6152014920796847752, 2.335970026501104524, 150.0500000000005230 ) ) ;
#1363 = CARTESIAN_POINT ( 'NONE',  ( 11.95895714047458291, 54.54777357455753162, 105.4200000000005701 ) ) ;
#1364 = ORIENTED_EDGE ( 'NONE', *, *, #10010, .F. ) ;
#1365 = FACE_OUTER_BOUND ( 'NONE', #10467, .T. ) ;
#1366 = FACE_OUTER_BOUND ( 'NONE', #3230, .T. ) ;
#1367 = DIRECTION ( 'NONE',  ( 0.8615645716962927469, 0.08778660944464633520, -0.4999999999999967248 ) ) ;
#1368 = EDGE_CURVE ( 'NONE', #8437, #5928, #10645, .T. ) ;
#1369 = DIRECTION ( 'NONE',  ( -1.000000000000000000, 0.000000000000000000, 0.000000000000000000 ) ) ;
#1370 = AXIS2_PLACEMENT_3D ( 'NONE', #4973, #10252, #6605 ) ;
#1371 = ADVANCED_FACE ( 'NONE', ( #1008 ), #1999, .T. ) ;
#1372 = DIRECTION ( 'NONE',  ( 0.1013672451882219883, -0.9948490747861964412, 1.075499326746823620E-17 ) ) ;
#1373 = LINE ( 'NONE', #11186, #4330 ) ;
#1374 = ORIENTED_EDGE ( 'NONE', *, *, #1187, .F. ) ;
#1375 = CARTESIAN_POINT ( 'NONE',  ( 6.863488798688992532, 48.65645494980249453, 142.9925363943893615 ) ) ;
#1376 = ORIENTED_EDGE ( 'NONE', *, *, #8879, .F. ) ;
#1377 = DIRECTION ( 'NONE',  ( -8.141667454118532778E-17, -3.990033831470024719E-16, -1.000000000000000000 ) ) ;
#1378 = ORIENTED_EDGE ( 'NONE', *, *, #6700, .T. ) ;
#1379 = LINE ( 'NONE', #10608, #10967 ) ;
#1380 = VECTOR ( 'NONE', #8272, 999.9999999999998863 ) ;
#1381 = LINE ( 'NONE', #7708, #10688 ) ;
#1382 = EDGE_CURVE ( 'NONE', #9294, #2364, #5277, .T. ) ;
#1383 = CIRCLE ( 'NONE', #2862, 1.049999999999992273 ) ;
#1384 = EDGE_LOOP ( 'NONE', ( #10734, #8079 ) ) ;
#1385 = CARTESIAN_POINT ( 'NONE',  ( 0.6054737363219240276, 105.1419644865580665, 124.4048629210965657 ) ) ;
#1386 = VECTOR ( 'NONE', #7715, 1000.000000000000114 ) ;
#1387 = ORIENTED_EDGE ( 'NONE', *, *, #10848, .T. ) ;
#1388 = ORIENTED_EDGE ( 'NONE', *, *, #3244, .T. ) ;
#1389 = CARTESIAN_POINT ( 'NONE',  ( 0.4226985389714846275, 51.33854890250540137, 103.7875013368406911 ) ) ;
#1390 = EDGE_LOOP ( 'NONE', ( #3615, #4859, #4409, #2551 ) ) ;
#1391 = DIRECTION ( 'NONE',  ( 1.000000000000000000, 0.000000000000000000, 0.000000000000000000 ) ) ;
#1392 = DIRECTION ( 'NONE',  ( -0.8615645716962893053, -0.08778660944464596050, -0.5000000000000027756 ) ) ;
#1393 = EDGE_CURVE ( 'NONE', #3917, #5061, #5742, .T. ) ;
#1394 = ORIENTED_EDGE ( 'NONE', *, *, #6048, .T. ) ;
#1395 = FACE_OUTER_BOUND ( 'NONE', #8857, .T. ) ;
#1396 = LINE ( 'NONE', #6682, #5283 ) ;
#1397 = EDGE_CURVE ( 'NONE', #596, #5019, #3234, .T. ) ;
#1398 = AXIS2_PLACEMENT_3D ( 'NONE', #6279, #7327, #1988 ) ;
#1399 = VECTOR ( 'NONE', #5841, 1000.000000000000114 ) ;
#1400 = DIRECTION ( 'NONE',  ( -0.5019378298181113029, 0.000000000000000000, -0.8649037027308211778 ) ) ;
#1401 = CARTESIAN_POINT ( 'NONE',  ( -23.69923268488031454, 70.62442409652889808, 50.04579744993566237 ) ) ;
#1402 = EDGE_CURVE ( 'NONE', #3261, #5729, #3206, .T. ) ;
#1403 = LINE ( 'NONE', #644, #4697 ) ;
#1404 = EDGE_LOOP ( 'NONE', ( #4659, #7739, #5136, #8174, #6509, #3412 ) ) ;
#1405 = ORIENTED_EDGE ( 'NONE', *, *, #3517, .F. ) ;
#1406 = AXIS2_PLACEMENT_3D ( 'NONE', #6557, #8310, #5678 ) ;
#1407 = VECTOR ( 'NONE', #8454, 1000.000000000000000 ) ;
#1408 = CARTESIAN_POINT ( 'NONE',  ( -12.93336912955011186, 76.74726833999888242, 144.7245872019582862 ) ) ;
#1409 = VECTOR ( 'NONE', #3219, 1000.000000000000114 ) ;
#1410 = EDGE_LOOP ( 'NONE', ( #5657, #6235, #8065, #7149 ) ) ;
#1411 = CIRCLE ( 'NONE', #4374, 1.550000000000000266 ) ;
#1412 = CARTESIAN_POINT ( 'NONE',  ( -10.47271595720211934, 104.0131846551585681, 135.6973993154854270 ) ) ;
#1413 = AXIS2_PLACEMENT_3D ( 'NONE', #6696, #11115, #9262 ) ;
#1414 = EDGE_CURVE ( 'NONE', #3520, #7407, #469, .T. ) ;
#1415 = CARTESIAN_POINT ( 'NONE',  ( 2.595171885894314912, 105.3446989769345095, 119.5414382018272477 ) ) ;
#1416 = VECTOR ( 'NONE', #182, 999.9999999999998863 ) ;
#1417 = ORIENTED_EDGE ( 'NONE', *, *, #245, .F. ) ;
#1418 = ORIENTED_EDGE ( 'NONE', *, *, #6213, .F. ) ;
#1419 = LINE ( 'NONE', #1475, #10435 ) ;
#1420 = ADVANCED_FACE ( 'NONE', ( #6845 ), #3122, .T. ) ;
#1421 = CARTESIAN_POINT ( 'NONE',  ( 4.165607975633832005, 48.38156225119089271, 136.5634247192698467 ) ) ;
#1422 = AXIS2_PLACEMENT_3D ( 'NONE', #4213, #11250, #8753 ) ;
#1423 = CARTESIAN_POINT ( 'NONE',  ( 2.097747348501219911, 105.2940153543403881, 130.1343130441503035 ) ) ;
#1424 = VECTOR ( 'NONE', #5606, 1000.000000000000114 ) ;
#1425 = ORIENTED_EDGE ( 'NONE', *, *, #4657, .F. ) ;
#1426 = CARTESIAN_POINT ( 'NONE',  ( -0.3629058238467693931, 78.02809903918068812, 140.5608240347546882 ) ) ;
#1427 = AXIS2_PLACEMENT_3D ( 'NONE', #1756, #9776, #8087 ) ;
#1428 = DIRECTION ( 'NONE',  ( 0.4974245373930950564, 0.05068362259411089699, 0.8660254037844403729 ) ) ;
#1429 = CARTESIAN_POINT ( 'NONE',  ( -10.47271595720211934, 104.0131846551585681, 140.5608240347547451 ) ) ;
#1430 = DIRECTION ( 'NONE',  ( -0.8615645716962893053, -0.08778660944464596050, -0.5000000000000027756 ) ) ;
#1431 = VERTEX_POINT ( 'NONE', #4930 ) ;
#1432 = EDGE_CURVE ( 'NONE', #3112, #4352, #10271, .T. ) ;
#1433 = VECTOR ( 'NONE', #2882, 999.9999999999998863 ) ;
#1434 = EDGE_CURVE ( 'NONE', #1619, #10442, #8426, .T. ) ;
#1435 = CARTESIAN_POINT ( 'NONE',  ( -6.204399044407451491, 47.32494062802657453, 136.5634247192698467 ) ) ;
#1436 = CARTESIAN_POINT ( 'NONE',  ( -13.09243430269705044, 46.62310436302102801, 132.5660254037849484 ) ) ;
#1437 = DIRECTION ( 'NONE',  ( 0.5019378298181115250, 0.000000000000000000, 0.8649037027308210668 ) ) ;
#1438 = DIRECTION ( 'NONE',  ( -0.1103303747129771861, 0.9938949685030576964, 7.107736897306561784E-11 ) ) ;
#1439 = ORIENTED_EDGE ( 'NONE', *, *, #10569, .F. ) ;
#1440 = EDGE_CURVE ( 'NONE', #6821, #10680, #1185, .T. ) ;
#1441 = CARTESIAN_POINT ( 'NONE',  ( -14.66287039243656487, 103.5862410887646377, 125.2708883248809855 ) ) ;
#1442 = ORIENTED_EDGE ( 'NONE', *, *, #8958, .F. ) ;
#1443 = FACE_OUTER_BOUND ( 'NONE', #3889, .T. ) ;
#1444 = EDGE_CURVE ( 'NONE', #9826, #9321, #9411, .T. ) ;
#1445 = CARTESIAN_POINT ( 'NONE',  ( -5.706974507014351161, 47.37562425062068172, 132.5660254037849768 ) ) ;
#1446 = VECTOR ( 'NONE', #10068, 1000.000000000000114 ) ;
#1447 = ORIENTED_EDGE ( 'NONE', *, *, #183, .T. ) ;
#1448 = DIRECTION ( 'NONE',  ( -0.9948490747861964412, -0.1013672451882218634, -3.164135620181696535E-15 ) ) ;
#1449 = ORIENTED_EDGE ( 'NONE', *, *, #2833, .T. ) ;
#1450 = ORIENTED_EDGE ( 'NONE', *, *, #6749, .T. ) ;
#1451 = CARTESIAN_POINT ( 'NONE',  ( -11.93852005476391298, 76.84863558518709681, 138.1291116751201287 ) ) ;
#1452 = ORIENTED_EDGE ( 'NONE', *, *, #2401, .F. ) ;
#1453 = EDGE_CURVE ( 'NONE', #4559, #766, #5857, .T. ) ;
#1454 = CARTESIAN_POINT ( 'NONE',  ( 14.73710580834817918, 78.56149309352980481, 87.77148351815341698 ) ) ;
#1455 = LINE ( 'NONE', #10272, #7490 ) ;
#1456 = ORIENTED_EDGE ( 'NONE', *, *, #9342, .T. ) ;
#1457 = CARTESIAN_POINT ( 'NONE',  ( -4.712125432228155830, 47.47699149580890321, 127.7026006845156445 ) ) ;
#1458 = DIRECTION ( 'NONE',  ( -0.4974245373930948344, -0.05068362259411087617, -0.8660254037844405950 ) ) ;
#1459 = EDGE_CURVE ( 'NONE', #3268, #10655, #9466, .T. ) ;
#1460 = ORIENTED_EDGE ( 'NONE', *, *, #1790, .T. ) ;
#1461 = CARTESIAN_POINT ( 'NONE',  ( -7.872481210540141383, 77.26293275539438810, 130.1343130441502751 ) ) ;
#1462 = DIRECTION ( 'NONE',  ( -0.9948490747861963301, -0.1013672451882219605, -3.497202527569243497E-15 ) ) ;
#1463 = CARTESIAN_POINT ( 'NONE',  ( -9.240639231708758672, 77.12352828379870573, 141.4268494385391648 ) ) ;
#1464 = VERTEX_POINT ( 'NONE', #1454 ) ;
#1465 = EDGE_CURVE ( 'NONE', #11443, #9521, #4051, .T. ) ;
#1466 = ORIENTED_EDGE ( 'NONE', *, *, #2083, .T. ) ;
#1467 = ORIENTED_EDGE ( 'NONE', *, *, #10841, .T. ) ;
#1468 = CARTESIAN_POINT ( 'NONE',  ( -9.897128942248800243, 46.94868068422675123, 125.2708883248810423 ) ) ;
#1469 = ORIENTED_EDGE ( 'NONE', *, *, #5321, .F. ) ;
#1470 = CARTESIAN_POINT ( 'NONE',  ( -14.16544585504347076, 103.6369247113587591, 143.8585617981738380 ) ) ;
#1471 = CARTESIAN_POINT ( 'NONE',  ( 1.644369224237865579, -4.627973497002288994, 156.7000000000005002 ) ) ;
#1472 = AXIS2_PLACEMENT_3D ( 'NONE', #7904, #8666, #8548 ) ;
#1473 = ORIENTED_EDGE ( 'NONE', *, *, #7771, .F. ) ;
#1474 = VERTEX_POINT ( 'NONE', #6791 ) ;
#1475 = CARTESIAN_POINT ( 'NONE',  ( -9.897128942248800243, 46.94868068422675123, 134.9977377634196785 ) ) ;
#1476 = LINE ( 'NONE', #6931, #2816 ) ;
#1477 = FACE_OUTER_BOUND ( 'NONE', #885, .T. ) ;
#1478 = ORIENTED_EDGE ( 'NONE', *, *, #442, .F. ) ;
#1479 = DIRECTION ( 'NONE',  ( 0.5019378298181115250, 0.000000000000000000, 0.8649037027308210668 ) ) ;
#1480 = VECTOR ( 'NONE', #8747, 1000.000000000000000 ) ;
#1481 = DIRECTION ( 'NONE',  ( -0.8615645716962926359, -0.08778660944464630744, 0.4999999999999969469 ) ) ;
#1482 = DIRECTION ( 'NONE',  ( 0.1013672451882219883, -0.9948490747861964412, 1.075499326746823620E-17 ) ) ;
#1483 = EDGE_CURVE ( 'NONE', #3687, #10436, #10334, .T. ) ;
#1484 = DIRECTION ( 'NONE',  ( 0.8615645716962891942, 0.08778660944464597438, 0.5000000000000029976 ) ) ;
#1485 = VERTEX_POINT ( 'NONE', #10167 ) ;
#1486 = VECTOR ( 'NONE', #5745, 1000.000000000000114 ) ;
#1487 = CARTESIAN_POINT ( 'NONE',  ( 49.93050453740195138, 83.15259941682455747, 33.54535901710577406 ) ) ;
#1488 = LINE ( 'NONE', #5139, #3949 ) ;
#1489 = CARTESIAN_POINT ( 'NONE',  ( -14.86146833275695656, 47.44803139419403237, 156.7000000000005002 ) ) ;
#1490 = FACE_OUTER_BOUND ( 'NONE', #6137, .T. ) ;
#1491 = PRODUCT_DEFINITION_SHAPE ( 'NONE', 'NONE',  #8499 ) ;
#1492 = ORIENTED_EDGE ( 'NONE', *, *, #7758, .F. ) ;
#1493 = DIRECTION ( 'NONE',  ( 0.1013672451882219883, -0.9948490747861964412, 1.075499326746823620E-17 ) ) ;
#1494 = ORIENTED_EDGE ( 'NONE', *, *, #2381, .T. ) ;
#1495 = CARTESIAN_POINT ( 'NONE',  ( -53.36986330302548254, -12.68901729815845592, 150.0500000000005230 ) ) ;
#1496 = CARTESIAN_POINT ( 'NONE',  ( -6.520263506488861438, 39.71351774349695773, 146.7000000000005002 ) ) ;
#1497 = EDGE_CURVE ( 'NONE', #468, #7477, #5042, .T. ) ;
#1498 = AXIS2_PLACEMENT_3D ( 'NONE', #10081, #7466, #1314 ) ;
#1499 = ADVANCED_FACE ( 'NONE', ( #8590 ), #7719, .T. ) ;
#1500 = VERTEX_POINT ( 'NONE', #2206 ) ;
#1501 = DIRECTION ( 'NONE',  ( -0.8615645716962926359, -0.08778660944464630744, 0.4999999999999969469 ) ) ;
#1502 = ORIENTED_EDGE ( 'NONE', *, *, #2627, .F. ) ;
#1503 = ORIENTED_EDGE ( 'NONE', *, *, #5419, .T. ) ;
#1504 = CARTESIAN_POINT ( 'NONE',  ( 7.858337873475182533, 48.75782219499071601, 120.4074636056116674 ) ) ;
#1505 = ORIENTED_EDGE ( 'NONE', *, *, #788, .F. ) ;
#1506 = VECTOR ( 'NONE', #7983, 1000.000000000000000 ) ;
#1507 = DIRECTION ( 'NONE',  ( -0.4974245373931011072, -0.05068362259411127169, 0.8660254037844369313 ) ) ;
#1508 = FACE_OUTER_BOUND ( 'NONE', #4982, .T. ) ;
#1509 = ORIENTED_EDGE ( 'NONE', *, *, #5958, .F. ) ;
#1510 = CARTESIAN_POINT ( 'NONE',  ( 5.781581155790761706, 24.39602203842559902, 115.4200000000005844 ) ) ;
#1511 = CARTESIAN_POINT ( 'NONE',  ( 7.858337873475189639, 48.75782219499070891, 142.9925363943894183 ) ) ;
#1512 = VERTEX_POINT ( 'NONE', #4166 ) ;
#1513 = VERTEX_POINT ( 'NONE', #254 ) ;
#1514 = DIRECTION ( 'NONE',  ( 0.5019378298181175202, 0.000000000000000000, -0.8649037027308175141 ) ) ;
#1515 = EDGE_CURVE ( 'NONE', #1862, #8469, #7492, .T. ) ;
#1516 = DIRECTION ( 'NONE',  ( 0.4974245373931012182, 0.05068362259411096638, -0.8660254037844369313 ) ) ;
#1517 = ORIENTED_EDGE ( 'NONE', *, *, #10991, .T. ) ;
#1518 = CARTESIAN_POINT ( 'NONE',  ( -24.03802833769165659, 102.6309867107885481, 138.1291116751200434 ) ) ;
#1519 = ORIENTED_EDGE ( 'NONE', *, *, #1728, .T. ) ;
#1520 = EDGE_LOOP ( 'NONE', ( #3718, #9489, #9415, #5447 ) ) ;
#1521 = ORIENTED_EDGE ( 'NONE', *, *, #9807, .T. ) ;
#1522 = EDGE_LOOP ( 'NONE', ( #5264, #7414, #9651, #10844 ) ) ;
#1523 = DIRECTION ( 'NONE',  ( -0.8615645716962893053, -0.08778660944464596050, -0.5000000000000027756 ) ) ;
#1524 = ORIENTED_EDGE ( 'NONE', *, *, #5509, .T. ) ;
#1525 = EDGE_CURVE ( 'NONE', #8229, #10573, #1737, .T. ) ;
#1526 = DIRECTION ( 'NONE',  ( 0.1013672451882219883, -0.9948490747861964412, 1.075499326746823620E-17 ) ) ;
#1527 = CARTESIAN_POINT ( 'NONE',  ( 7.517940360332937999, 51.07814149077608334, 99.31000000000057071 ) ) ;
#1528 = EDGE_CURVE ( 'NONE', #10998, #10924, #2715, .T. ) ;
#1529 = ORIENTED_EDGE ( 'NONE', *, *, #5173, .F. ) ;
#1530 = ORIENTED_EDGE ( 'NONE', *, *, #4096, .T. ) ;
#1531 = PLANE ( 'NONE',  #4509 ) ;
#1532 = CARTESIAN_POINT ( 'NONE',  ( -28.19244593489199602, 46.08971030867184027, 155.7000000000005002 ) ) ;
#1533 = LINE ( 'NONE', #10536, #3605 ) ;
#1534 = ORIENTED_EDGE ( 'NONE', *, *, #1263, .T. ) ;
#1535 = DIRECTION ( 'NONE',  ( 0.1013672451882219883, -0.9948490747861964412, 1.075499326746823620E-17 ) ) ;
#1536 = CARTESIAN_POINT ( 'NONE',  ( -10.47271595720211579, 104.0131846551585681, 130.8339745962161089 ) ) ;
#1537 = EDGE_CURVE ( 'NONE', #10617, #10988, #10503, .T. ) ;
#1538 = LINE ( 'NONE', #3330, #3641 ) ;
#1539 = CIRCLE ( 'NONE', #11002, 0.9999999999999986677 ) ;
#1540 = EDGE_CURVE ( 'NONE', #9288, #177, #10443, .T. ) ;
#1541 = CARTESIAN_POINT ( 'NONE',  ( 6.366064261295893978, 48.60577132720838733, 143.8585617981738380 ) ) ;
#1542 = VECTOR ( 'NONE', #8404, 1000.000000000000000 ) ;
#1543 = ORIENTED_EDGE ( 'NONE', *, *, #8204, .F. ) ;
#1544 = AXIS2_PLACEMENT_3D ( 'NONE', #7863, #11470, #8967 ) ;
#1545 = LINE ( 'NONE', #10422, #10257 ) ;
#1546 = CARTESIAN_POINT ( 'NONE',  ( -16.12867448999835673, 76.42169201879318052, 125.9705498769468335 ) ) ;
#1547 = CARTESIAN_POINT ( 'NONE',  ( 60.40589062548802701, 84.21995833280939792, 39.62463991619247849 ) ) ;
#1548 = DIRECTION ( 'NONE',  ( -0.9938949685030576964, -0.1103303747129771861, -6.514758705377155282E-13 ) ) ;
#1549 = EDGE_LOOP ( 'NONE', ( #2423, #3233, #9990, #5478 ) ) ;
#1550 = VECTOR ( 'NONE', #7489, 1000.000000000000114 ) ;
#1551 = CARTESIAN_POINT ( 'NONE',  ( -7.872481210540170693, 77.26293275539438810, 139.8611624826889397 ) ) ;
#1552 = ORIENTED_EDGE ( 'NONE', *, *, #6104, .F. ) ;
#1553 = CARTESIAN_POINT ( 'NONE',  ( -24.03802833769165659, 102.6309867107885481, 125.2708883248810423 ) ) ;
#1554 = CARTESIAN_POINT ( 'NONE',  ( -5.977908582575245156, 40.16953431255591767, 114.5531973207108223 ) ) ;
#1555 = ORIENTED_EDGE ( 'NONE', *, *, #8252, .T. ) ;
#1556 = DIRECTION ( 'NONE',  ( -1.000000000000000000, 0.000000000000000000, -3.148927598275349405E-15 ) ) ;
#1557 = VERTEX_POINT ( 'NONE', #8770 ) ;
#1558 = CARTESIAN_POINT ( 'NONE',  ( 6.364350251286190918, 24.45540159587645590, 146.7000000000005002 ) ) ;
#1559 = ORIENTED_EDGE ( 'NONE', *, *, #4143, .T. ) ;
#1560 = DIRECTION ( 'NONE',  ( 0.1013672451882219883, -0.9948490747861964412, 1.075499326746823620E-17 ) ) ;
#1561 = ORIENTED_EDGE ( 'NONE', *, *, #8252, .F. ) ;
#1562 = LINE ( 'NONE', #6905, #9209 ) ;
#1563 = ADVANCED_FACE ( 'NONE', ( #873 ), #5211, .T. ) ;
#1564 = ORIENTED_EDGE ( 'NONE', *, *, #3306, .T. ) ;
#1565 = VECTOR ( 'NONE', #6227, 1000.000000000000000 ) ;
#1566 = ORIENTED_EDGE ( 'NONE', *, *, #1318, .F. ) ;
#1567 = CARTESIAN_POINT ( 'NONE',  ( -23.04317926290545770, 102.7323539559767624, 125.2708883248809855 ) ) ;
#1568 = EDGE_CURVE ( 'NONE', #8229, #2669, #10563, .T. ) ;
#1569 = EDGE_LOOP ( 'NONE', ( #3085, #11496, #1297, #10217 ) ) ;
#1570 = FACE_OUTER_BOUND ( 'NONE', #7568, .T. ) ;
#1571 = CARTESIAN_POINT ( 'NONE',  ( 4.822097686173870912, 78.55640985076284721, 133.2656869558507822 ) ) ;
#1572 = DIRECTION ( 'NONE',  ( 0.5019378298181115250, 0.000000000000000000, 0.8649037027308210668 ) ) ;
#1573 = ORIENTED_EDGE ( 'NONE', *, *, #3905, .T. ) ;
#1574 = DIRECTION ( 'NONE',  ( 0.1013672451882219883, -0.9948490747861964412, 1.075499326746823620E-17 ) ) ;
#1575 = ADVANCED_FACE ( 'NONE', ( #8008 ), #7835, .T. ) ;
#1576 = ORIENTED_EDGE ( 'NONE', *, *, #10687, .F. ) ;
#1577 = ORIENTED_EDGE ( 'NONE', *, *, #4407, .F. ) ;
#1578 = DIRECTION ( 'NONE',  ( -7.327943828065848168E-12, 7.191747867590729583E-11, -1.000000000000000000 ) ) ;
#1579 = VERTEX_POINT ( 'NONE', #6085 ) ;
#1580 = VECTOR ( 'NONE', #6863, 999.9999999999998863 ) ;
#1581 = CARTESIAN_POINT ( 'NONE',  ( -1.516820071779903412, 47.80256781701461932, 144.7245872019582862 ) ) ;
#1582 = ADVANCED_FACE ( 'NONE', ( #3532 ), #9639, .T. ) ;
#1583 = VECTOR ( 'NONE', #283, 1000.000000000000114 ) ;
#1584 = EDGE_CURVE ( 'NONE', #10150, #9579, #8830, .T. ) ;
#1585 = FACE_OUTER_BOUND ( 'NONE', #748, .T. ) ;
#1586 = FACE_OUTER_BOUND ( 'NONE', #5970, .T. ) ;
#1587 = CIRCLE ( 'NONE', #1599, 1.550000000000000044 ) ;
#1588 = VECTOR ( 'NONE', #2013, 1000.000000000000114 ) ;
#1589 = ORIENTED_EDGE ( 'NONE', *, *, #5395, .T. ) ;
#1590 = ORIENTED_EDGE ( 'NONE', *, *, #6550, .F. ) ;
#1591 = EDGE_CURVE ( 'NONE', #6496, #1907, #308, .T. ) ;
#1592 = CARTESIAN_POINT ( 'NONE',  ( 4.822097686173871800, 78.55640985076284721, 130.1343130441503035 ) ) ;
#1593 = DIRECTION ( 'NONE',  ( -0.9948490747861963301, -0.1013672451882219466, 1.214431771098593503E-16 ) ) ;
#1594 = CARTESIAN_POINT ( 'NONE',  ( -12.59500976530395455, 46.67378798561514230, 131.7000000000005286 ) ) ;
#1595 = ORIENTED_EDGE ( 'NONE', *, *, #8193, .F. ) ;
#1596 = EDGE_CURVE ( 'NONE', #8, #596, #2599, .T. ) ;
#1597 = CARTESIAN_POINT ( 'NONE',  ( 8.355762410868281975, 48.80850581758482321, 138.9951370789045200 ) ) ;
#1598 = DIRECTION ( 'NONE',  ( -0.1013672451882220160, 0.9948490747861964412, 2.233936898030800847E-17 ) ) ;
#1599 = AXIS2_PLACEMENT_3D ( 'NONE', #5564, #1158, #7377 ) ;
#1600 = LINE ( 'NONE', #2574, #3450 ) ;
#1601 = AXIS2_PLACEMENT_3D ( 'NONE', #7428, #4636, #10973 ) ;
#1602 = CARTESIAN_POINT ( 'NONE',  ( 4.249394959998318733, -5.940242957613681263, 153.0500000000005230 ) ) ;
#1603 = EDGE_LOOP ( 'NONE', ( #7207, #4586, #1853, #6994 ) ) ;
#1604 = ADVANCED_FACE ( 'NONE', ( #927 ), #6143, .T. ) ;
#1605 = VECTOR ( 'NONE', #6999, 999.9999999999998863 ) ;
#1606 = CARTESIAN_POINT ( 'NONE',  ( -11.93852005476391476, 76.84863558518709681, 130.1343130441503035 ) ) ;
#1607 = DIRECTION ( 'NONE',  ( 0.5019378298181115250, 0.000000000000000000, 0.8649037027308210668 ) ) ;
#1608 = EDGE_CURVE ( 'NONE', #7086, #1579, #4341, .T. ) ;
#1609 = CARTESIAN_POINT ( 'NONE',  ( -0.3629058238467678943, 78.02809903918070233, 142.2928748423236414 ) ) ;
#1610 = DIRECTION ( 'NONE',  ( 0.9948490747861963301, 0.1013672451882218772, -1.214431771098593503E-16 ) ) ;
#1611 = AXIS2_PLACEMENT_3D ( 'NONE', #1412, #10947, #5761 ) ;
#1612 = ORIENTED_EDGE ( 'NONE', *, *, #6615, .T. ) ;
#1613 = DIRECTION ( 'NONE',  ( 1.000000000000000000, 0.000000000000000000, 0.000000000000000000 ) ) ;
#1614 = EDGE_LOOP ( 'NONE', ( #1524, #6504, #6506, #11224 ) ) ;
#1615 = DIRECTION ( 'NONE',  ( 0.9948490747861963301, 0.1013672451882219744, 3.164135620181696535E-15 ) ) ;
#1616 = DIRECTION ( 'NONE',  ( 0.5019378298181115250, 0.000000000000000000, 0.8649037027308210668 ) ) ;
#1617 = AXIS2_PLACEMENT_3D ( 'NONE', #9809, #7774, #7949 ) ;
#1618 = AXIS2_PLACEMENT_3D ( 'NONE', #5892, #1484, #4907 ) ;
#1619 = VERTEX_POINT ( 'NONE', #3586 ) ;
#1620 = LINE ( 'NONE', #5151, #3837 ) ;
#1621 = VERTEX_POINT ( 'NONE', #3477 ) ;
#1622 = CARTESIAN_POINT ( 'NONE',  ( -12.22330476012978373, 21.55628910121375696, 147.7000000000005002 ) ) ;
#1623 = EDGE_LOOP ( 'NONE', ( #2095, #4985, #8425, #7712, #928 ) ) ;
#1624 = CARTESIAN_POINT ( 'NONE',  ( -8.902279867462603136, 47.05004792941496561, 120.4074636056116674 ) ) ;
#1625 = ORIENTED_EDGE ( 'NONE', *, *, #9773, .F. ) ;
#1626 = DIRECTION ( 'NONE',  ( -0.9948490747861964412, -0.1013672451882218634, -3.164135620181696535E-15 ) ) ;
#1627 = EDGE_LOOP ( 'NONE', ( #9024, #9259, #6741, #8784, #1253, #926 ) ) ;
#1628 = ORIENTED_EDGE ( 'NONE', *, *, #7071, .T. ) ;
#1629 = DIRECTION ( 'NONE',  ( -0.1013672451882220160, 0.9948490747861964412, 0.000000000000000000 ) ) ;
#1630 = VECTOR ( 'NONE', #9020, 999.9999999999998863 ) ;
#1631 = DIRECTION ( 'NONE',  ( -0.4974245373931011072, -0.05068362259411127169, 0.8660254037844369313 ) ) ;
#1632 = CARTESIAN_POINT ( 'NONE',  ( -8.743214694315668112, 77.17421190639281292, 132.5660254037849768 ) ) ;
#1633 = DIRECTION ( 'NONE',  ( 1.000000000000000000, 0.000000000000000000, 3.480278902931750302E-15 ) ) ;
#1634 = EDGE_LOOP ( 'NONE', ( #638, #5780, #3662, #10378 ) ) ;
#1635 = CARTESIAN_POINT ( 'NONE',  ( -55.76004428996914442, 72.38356917033785010, 27.79104703965808554 ) ) ;
#1636 = ORIENTED_EDGE ( 'NONE', *, *, #11373, .T. ) ;
#1637 = ORIENTED_EDGE ( 'NONE', *, *, #10917, .F. ) ;
#1638 = ORIENTED_EDGE ( 'NONE', *, *, #9306, .F. ) ;
#1639 = EDGE_CURVE ( 'NONE', #10920, #10571, #7134, .T. ) ;
#1640 = CARTESIAN_POINT ( 'NONE',  ( 1.102898273715026134, 105.1926481091521595, 139.8611624826889965 ) ) ;
#1641 = VERTEX_POINT ( 'NONE', #5157 ) ;
#1642 = DIRECTION ( 'NONE',  ( 0.1013672451882219883, -0.9948490747861964412, 1.075499326746823620E-17 ) ) ;
#1643 = DIRECTION ( 'NONE',  ( -8.141667454118532778E-17, -3.990033831470024719E-16, -1.000000000000000000 ) ) ;
#1644 = EDGE_CURVE ( 'NONE', #5804, #2525, #1562, .T. ) ;
#1645 = EDGE_CURVE ( 'NONE', #5109, #4594, #5097, .T. ) ;
#1646 = DIRECTION ( 'NONE',  ( -7.841598581462559132E-17, -3.291132365970988441E-16, -1.000000000000000000 ) ) ;
#1647 = CARTESIAN_POINT ( 'NONE',  ( 3.364794073075953573, 2.741500067716508671, 153.0500000000005230 ) ) ;
#1648 = ORIENTED_EDGE ( 'NONE', *, *, #5815, .T. ) ;
#1649 = ORIENTED_EDGE ( 'NONE', *, *, #1639, .F. ) ;
#1650 = DIRECTION ( 'NONE',  ( -0.9948490747861963301, -0.1013672451882219744, -6.938893903907227607E-18 ) ) ;
#1651 = LINE ( 'NONE', #3379, #10864 ) ;
#1652 = CARTESIAN_POINT ( 'NONE',  ( -3.558211184295021479, 77.70252271797498622, 139.8611624826889397 ) ) ;
#1653 = CARTESIAN_POINT ( 'NONE',  ( -21.51603499205861780, 49.19785577314123515, 103.0600000000780767 ) ) ;
#1654 = VERTEX_POINT ( 'NONE', #1852 ) ;
#1655 = LINE ( 'NONE', #5020, #7808 ) ;
#1656 = CARTESIAN_POINT ( 'NONE',  ( -11.44109551737084551, 76.89931920778120400, 119.5414382018272761 ) ) ;
#1657 = LINE ( 'NONE', #671, #11247 ) ;
#1658 = AXIS2_PLACEMENT_3D ( 'NONE', #5735, #6669, #2089 ) ;
#1659 = CARTESIAN_POINT ( 'NONE',  ( -12.22330476012978373, 21.55628910121375696, 147.7000000000005002 ) ) ;
#1660 = EDGE_CURVE ( 'NONE', #11013, #833, #2084, .T. ) ;
#1661 = VERTEX_POINT ( 'NONE', #1155 ) ;
#1662 = DIRECTION ( 'NONE',  ( 0.1013672451882220438, -0.9948490747861963301, 4.814824860968088777E-34 ) ) ;
#1663 = CARTESIAN_POINT ( 'NONE',  ( -14.76010108756873151, 46.45318231940783704, 115.4200000000005844 ) ) ;
#1664 = LINE ( 'NONE', #8575, #2167 ) ;
#1665 = DIRECTION ( 'NONE',  ( -0.08666870560954237357, 0.8505931223490442727, 0.5186326982368834049 ) ) ;
#1666 = VECTOR ( 'NONE', #9730, 1000.000000000000000 ) ;
#1667 = VERTEX_POINT ( 'NONE', #8939 ) ;
#1668 = CARTESIAN_POINT ( 'NONE',  ( -12.22845568534358485, 22.19732394552128696, 147.0617449431363468 ) ) ;
#1669 = ORIENTED_EDGE ( 'NONE', *, *, #2097, .T. ) ;
#1670 = PLANE ( 'NONE',  #10779 ) ;
#1671 = CARTESIAN_POINT ( 'NONE',  ( -19.84787390245720928, 103.0579302771824928, 121.1071251576774301 ) ) ;
#1672 = ADVANCED_FACE ( 'NONE', ( #5441 ), #8066, .T. ) ;
#1673 = EDGE_CURVE ( 'NONE', #10682, #9593, #6380, .T. ) ;
#1674 = VECTOR ( 'NONE', #4653, 999.9999999999998863 ) ;
#1675 = ORIENTED_EDGE ( 'NONE', *, *, #7396, .F. ) ;
#1676 = DIRECTION ( 'NONE',  ( -0.1013672451882219883, 0.9948490747861963301, 2.465190328815661892E-32 ) ) ;
#1677 = CARTESIAN_POINT ( 'NONE',  ( -11.46756503198831467, 103.9118174099703538, 132.5660254037849768 ) ) ;
#1678 = ORIENTED_EDGE ( 'NONE', *, *, #343, .F. ) ;
#1679 = DIRECTION ( 'NONE',  ( -0.9948490747861963301, -0.1013672451882219605, -3.497202527569243497E-15 ) ) ;
#1680 = EDGE_LOOP ( 'NONE', ( #8655, #5527, #7427, #10931 ) ) ;
#1681 = CARTESIAN_POINT ( 'NONE',  ( 6.776430230576960589, 24.49738928361382762, 105.4200000000005701 ) ) ;
#1682 = ORIENTED_EDGE ( 'NONE', *, *, #8238, .F. ) ;
#1683 = ORIENTED_EDGE ( 'NONE', *, *, #10294, .F. ) ;
#1684 = CARTESIAN_POINT ( 'NONE',  ( 4.249394959998319621, -5.940242957613684815, 150.0500000000005230 ) ) ;
#1685 = AXIS2_PLACEMENT_3D ( 'NONE', #972, #3808, #3748 ) ;
#1686 = EDGE_CURVE ( 'NONE', #9824, #8357, #981, .T. ) ;
#1687 = DIRECTION ( 'NONE',  ( -0.5019378298181174092, 0.000000000000000000, 0.8649037027308177361 ) ) ;
#1688 = EDGE_CURVE ( 'NONE', #2040, #3784, #10923, .T. ) ;
#1689 = FACE_OUTER_BOUND ( 'NONE', #1006, .T. ) ;
#1690 = ORIENTED_EDGE ( 'NONE', *, *, #8774, .T. ) ;
#1691 = CARTESIAN_POINT ( 'NONE',  ( -23.41783902623775404, 67.86274086807142680, 103.8717683390324709 ) ) ;
#1692 = ORIENTED_EDGE ( 'NONE', *, *, #5047, .F. ) ;
#1693 = ORIENTED_EDGE ( 'NONE', *, *, #1248, .T. ) ;
#1694 = EDGE_LOOP ( 'NONE', ( #10273, #723, #10689, #1534, #6145, #2784, #9128, #9652 ) ) ;
#1695 = CARTESIAN_POINT ( 'NONE',  ( -0.6152014920796827768, -1.664029973498888371, 168.0137084989852951 ) ) ;
#1696 = EDGE_LOOP ( 'NONE', ( #1152, #4761, #9183, #8757, #2770, #473 ) ) ;
#1697 = CARTESIAN_POINT ( 'NONE',  ( -14.66287039243656487, 103.5862410887646377, 120.4074636056116674 ) ) ;
#1698 = FACE_OUTER_BOUND ( 'NONE', #5385, .T. ) ;
#1699 = CARTESIAN_POINT ( 'NONE',  ( -31.02595163181688775, 73.89859981487158791, -2.167802211605327997E-14 ) ) ;
#1700 = EDGE_CURVE ( 'NONE', #6186, #7670, #10747, .T. ) ;
#1701 = CARTESIAN_POINT ( 'NONE',  ( -11.44109551737085972, 76.89931920778120400, 138.9951370789045200 ) ) ;
#1702 = ORIENTED_EDGE ( 'NONE', *, *, #9983, .T. ) ;
#1703 = ORIENTED_EDGE ( 'NONE', *, *, #714, .T. ) ;
#1704 = CARTESIAN_POINT ( 'NONE',  ( -4.553060259081222583, 77.60115547278675763, 139.8611624826889965 ) ) ;
#1705 = CARTESIAN_POINT ( 'NONE',  ( 4.822097686173874465, 78.55640985076284721, 123.5388375173121602 ) ) ;
#1706 = LINE ( 'NONE', #5234, #8973 ) ;
#1707 = DIRECTION ( 'NONE',  ( 0.4974245373931009961, 0.05068362259411126475, -0.8660254037844370423 ) ) ;
#1708 = ADVANCED_FACE ( 'NONE', ( #2892 ), #963, .F. ) ;
#1709 = EDGE_CURVE ( 'NONE', #9189, #6580, #3821, .T. ) ;
#1710 = ORIENTED_EDGE ( 'NONE', *, *, #4485, .F. ) ;
#1711 = LINE ( 'NONE', #11238, #11335 ) ;
#1712 = EDGE_CURVE ( 'NONE', #8226, #3607, #9814, .T. ) ;
#1713 = LINE ( 'NONE', #8626, #1480 ) ;
#1714 = DIRECTION ( 'NONE',  ( 6.903152180341684826E-18, 7.033765596924220165E-19, -1.000000000000000000 ) ) ;
#1715 = DIRECTION ( 'NONE',  ( 0.1013672451882220160, -0.9948490747861963301, 0.000000000000000000 ) ) ;
#1716 = ORIENTED_EDGE ( 'NONE', *, *, #903, .T. ) ;
#1717 = CARTESIAN_POINT ( 'NONE',  ( -9.897128942248800243, 46.94868068422675123, 138.1291116751200434 ) ) ;
#1718 = LINE ( 'NONE', #5196, #3022 ) ;
#1719 = CARTESIAN_POINT ( 'NONE',  ( -0.3629058238467715580, 78.02809903918067391, 127.7026006845157156 ) ) ;
#1720 = DIRECTION ( 'NONE',  ( 0.5019378298181115250, 0.000000000000000000, 0.8649037027308210668 ) ) ;
#1721 = ORIENTED_EDGE ( 'NONE', *, *, #8853, .F. ) ;
#1722 = CARTESIAN_POINT ( 'NONE',  ( -24.53545287508475425, 102.5803030881944409, 134.1317123596352019 ) ) ;
#1723 = ORIENTED_EDGE ( 'NONE', *, *, #7495, .F. ) ;
#1724 = LINE ( 'NONE', #3633, #6747 ) ;
#1725 = CARTESIAN_POINT ( 'NONE',  ( -18.77486235011079074, 46.04410992884476173, 119.5414382018272477 ) ) ;
#1726 = EDGE_CURVE ( 'NONE', #6481, #10108, #9927, .T. ) ;
#1727 = CARTESIAN_POINT ( 'NONE',  ( -4.214700894835060829, 47.52767511840301751, 136.5634247192698467 ) ) ;
#1728 = EDGE_CURVE ( 'NONE', #110, #7210, #3758, .T. ) ;
#1729 = VECTOR ( 'NONE', #8670, 999.9999999999998863 ) ;
#1730 = VECTOR ( 'NONE', #10953, 1000.000000000000114 ) ;
#1731 = EDGE_LOOP ( 'NONE', ( #8147, #10363, #1914 ) ) ;
#1732 = LINE ( 'NONE', #6080, #4767 ) ;
#1733 = DIRECTION ( 'NONE',  ( -0.4974245373930948344, -0.05068362259411087617, -0.8660254037844405950 ) ) ;
#1734 = VERTEX_POINT ( 'NONE', #7373 ) ;
#1735 = DIRECTION ( 'NONE',  ( 0.1013672451882219883, -0.9948490747861964412, 1.075499326746823620E-17 ) ) ;
#1736 = ORIENTED_EDGE ( 'NONE', *, *, #1465, .T. ) ;
#1737 = LINE ( 'NONE', #2541, #10293 ) ;
#1738 = VERTEX_POINT ( 'NONE', #9869 ) ;
#1739 = ORIENTED_EDGE ( 'NONE', *, *, #3786, .F. ) ;
#1740 = DIRECTION ( 'NONE',  ( 0.1013672451882219883, -0.9948490747861964412, 1.075499326746823620E-17 ) ) ;
#1741 = AXIS2_PLACEMENT_3D ( 'NONE', #9612, #839, #8034 ) ;
#1742 = ADVANCED_FACE ( 'NONE', ( #10803 ), #5502, .T. ) ;
#1743 = FACE_OUTER_BOUND ( 'NONE', #794, .T. ) ;
#1744 = PLANE ( 'NONE',  #4434 ) ;
#1745 = ORIENTED_EDGE ( 'NONE', *, *, #6531, .T. ) ;
#1746 = CARTESIAN_POINT ( 'NONE',  ( 23.50306884848588140, 2.394776658109817102, -2.681518359543301734E-15 ) ) ;
#1747 = EDGE_CURVE ( 'NONE', #172, #2653, #2829, .T. ) ;
#1748 = VECTOR ( 'NONE', #917, 1000.000000000000000 ) ;
#1749 = ORIENTED_EDGE ( 'NONE', *, *, #4364, .T. ) ;
#1750 = VERTEX_POINT ( 'NONE', #10043 ) ;
#1751 = CARTESIAN_POINT ( 'NONE',  ( 49.93050453740196559, 83.15259941682455747, 33.54535901710578116 ) ) ;
#1752 = EDGE_CURVE ( 'NONE', #3864, #8405, #8307, .T. ) ;
#1753 = ORIENTED_EDGE ( 'NONE', *, *, #3970, .T. ) ;
#1754 = FACE_OUTER_BOUND ( 'NONE', #10391, .T. ) ;
#1755 = VECTOR ( 'NONE', #7397, 999.9999999999998863 ) ;
#1756 = CARTESIAN_POINT ( 'NONE',  ( -0.6152014920796888831, 2.335970026501086760, 156.7000000000005002 ) ) ;
#1757 = ADVANCED_FACE ( 'NONE', ( #3878 ), #1102, .F. ) ;
#1758 = CARTESIAN_POINT ( 'NONE',  ( -26.04053986110324814, 67.33779920837470456, 102.4711234285141757 ) ) ;
#1759 = FACE_OUTER_BOUND ( 'NONE', #6426, .T. ) ;
#1760 = VECTOR ( 'NONE', #4360, 999.9999999999998863 ) ;
#1761 = ORIENTED_EDGE ( 'NONE', *, *, #10979, .F. ) ;
#1762 = ORIENTED_EDGE ( 'NONE', *, *, #965, .T. ) ;
#1763 = CARTESIAN_POINT ( 'NONE',  ( 6.776430230576962366, 24.49738928361381340, 156.7000000000005002 ) ) ;
#1764 = VECTOR ( 'NONE', #915, 999.9999999999998863 ) ;
#1765 = CARTESIAN_POINT ( 'NONE',  ( -7.872481210540132501, 77.26293275539438810, 127.7026006845156587 ) ) ;
#1766 = CARTESIAN_POINT ( 'NONE',  ( -7.375781709117444684, 72.38817228894207290, 87.77148351815341698 ) ) ;
#1767 = LINE ( 'NONE', #3381, #7141 ) ;
#1768 = ORIENTED_EDGE ( 'NONE', *, *, #9023, .T. ) ;
#1769 = LINE ( 'NONE', #6292, #2605 ) ;
#1770 = VECTOR ( 'NONE', #7895, 1000.000000000000114 ) ;
#1771 = CARTESIAN_POINT ( 'NONE',  ( -18.85302482767101040, 103.1592975223707072, 132.5660254037849484 ) ) ;
#1772 = EDGE_CURVE ( 'NONE', #4397, #3795, #3985, .T. ) ;
#1773 = VECTOR ( 'NONE', #7914, 999.9999999999998863 ) ;
#1774 = CARTESIAN_POINT ( 'NONE',  ( -7.277410596753870031, 104.3387609763642985, 120.4074636056117242 ) ) ;
#1775 = CARTESIAN_POINT ( 'NONE',  ( -6.579834871760929182, 36.21190295570863782, 116.2357417587436146 ) ) ;
#1776 = CIRCLE ( 'NONE', #8276, 1.000000000000000666 ) ;
#1777 = ORIENTED_EDGE ( 'NONE', *, *, #11212, .F. ) ;
#1778 = CARTESIAN_POINT ( 'NONE',  ( -11.93852005476390943, 76.84863558518709681, 118.6754127980428564 ) ) ;
#1779 = FACE_BOUND ( 'NONE', #5317, .T. ) ;
#1780 = DIRECTION ( 'NONE',  ( 0.1013672451882219883, -0.9948490747861964412, 1.075499326746823620E-17 ) ) ;
#1781 = PLANE ( 'NONE',  #660 ) ;
#1782 = VERTEX_POINT ( 'NONE', #3165 ) ;
#1783 = DIRECTION ( 'NONE',  ( 0.9948490747861964412, 0.1013672451882220854, 0.000000000000000000 ) ) ;
#1784 = VECTOR ( 'NONE', #10609, 999.9999999999998863 ) ;
#1785 = VERTEX_POINT ( 'NONE', #4806 ) ;
#1786 = LINE ( 'NONE', #5917, #9542 ) ;
#1787 = CARTESIAN_POINT ( 'NONE',  ( -18.85302482767101040, 103.1592975223707072, 137.4294501230542664 ) ) ;
#1788 = AXIS2_PLACEMENT_3D ( 'NONE', #621, #11138, #5730 ) ;
#1789 = DIRECTION ( 'NONE',  ( -3.480278902931750302E-15, -3.438021909835086216E-16, 1.000000000000000000 ) ) ;
#1790 = EDGE_CURVE ( 'NONE', #5763, #874, #2244, .T. ) ;
#1791 = EDGE_CURVE ( 'NONE', #3877, #8330, #1971, .T. ) ;
#1792 = VECTOR ( 'NONE', #7245, 999.9999999999998863 ) ;
#1793 = FACE_OUTER_BOUND ( 'NONE', #2656, .T. ) ;
#1794 = LINE ( 'NONE', #5325, #8413 ) ;
#1795 = ORIENTED_EDGE ( 'NONE', *, *, #10519, .T. ) ;
#1796 = DIRECTION ( 'NONE',  ( -0.5019378298181113029, 0.000000000000000000, -0.8649037027308211778 ) ) ;
#1797 = ORIENTED_EDGE ( 'NONE', *, *, #5322, .T. ) ;
#1798 = EDGE_CURVE ( 'NONE', #5718, #5590, #5118, .T. ) ;
#1799 = DIRECTION ( 'NONE',  ( 0.5019378298181175202, 0.000000000000000000, -0.8649037027308175141 ) ) ;
#1800 = ORIENTED_EDGE ( 'NONE', *, *, #2111, .T. ) ;
#1801 = AXIS2_PLACEMENT_3D ( 'NONE', #8984, #4438, #2636 ) ;
#1802 = EDGE_LOOP ( 'NONE', ( #5110, #992, #10815, #5893 ) ) ;
#1803 = LINE ( 'NONE', #8659, #6683 ) ;
#1804 = VECTOR ( 'NONE', #524, 999.9999999999998863 ) ;
#1805 = LINE ( 'NONE', #5390, #10512 ) ;
#1806 = AXIS2_PLACEMENT_3D ( 'NONE', #479, #10006, #4008 ) ;
#1807 = CARTESIAN_POINT ( 'NONE',  ( 7.411504752885305081, 52.12273301930157743, 99.31000000000057071 ) ) ;
#1808 = EDGE_CURVE ( 'NONE', #7675, #1051, #2891, .T. ) ;
#1809 = ORIENTED_EDGE ( 'NONE', *, *, #7713, .F. ) ;
#1810 = DIRECTION ( 'NONE',  ( -0.9948490747861963301, -0.1013672451882218772, 1.200647045275744145E-16 ) ) ;
#1811 = ORIENTED_EDGE ( 'NONE', *, *, #5185, .T. ) ;
#1812 = ORIENTED_EDGE ( 'NONE', *, *, #8464, .F. ) ;
#1813 = VECTOR ( 'NONE', #7345, 1000.000000000000114 ) ;
#1814 = ORIENTED_EDGE ( 'NONE', *, *, #880, .T. ) ;
#1815 = CARTESIAN_POINT ( 'NONE',  ( -0.02454645960061480059, 47.95461868479695511, 129.2682876403658838 ) ) ;
#1816 = EDGE_LOOP ( 'NONE', ( #5152, #8154, #4292, #2201 ) ) ;
#1817 = FACE_OUTER_BOUND ( 'NONE', #6109, .T. ) ;
#1818 = CARTESIAN_POINT ( 'NONE',  ( -1.377659601439745085, 94.65899535172187029, 115.4200000000005844 ) ) ;
#1819 = CIRCLE ( 'NONE', #521, 1.000000000000000666 ) ;
#1820 = CARTESIAN_POINT ( 'NONE',  ( -1.324772208397245299, 9.299913550004461626, 156.7000000000005002 ) ) ;
#1821 = EDGE_CURVE ( 'NONE', #7210, #4399, #9453, .T. ) ;
#1822 = PLANE ( 'NONE',  #6195 ) ;
#1823 = ORIENTED_EDGE ( 'NONE', *, *, #10466, .F. ) ;
#1824 = ORIENTED_EDGE ( 'NONE', *, *, #378, .T. ) ;
#1825 = CARTESIAN_POINT ( 'NONE',  ( 7.272926804780959209, 19.62462040680164321, 113.3500000000005059 ) ) ;
#1826 = DIRECTION ( 'NONE',  ( -0.9948490747861964412, -0.1013672451882219050, -0.000000000000000000 ) ) ;
#1827 = CARTESIAN_POINT ( 'NONE',  ( -5.261243574336011974, 23.27084561683632913, 124.2663348996349697 ) ) ;
#1828 = CARTESIAN_POINT ( 'NONE',  ( -12.22330476012978373, 21.55628910121375696, 114.4200000000005701 ) ) ;
#1829 = VERTEX_POINT ( 'NONE', #10153 ) ;
#1830 = CARTESIAN_POINT ( 'NONE',  ( -3.584680698912517727, 104.7150209201641218, 141.4268494385391648 ) ) ;
#1831 = CARTESIAN_POINT ( 'NONE',  ( -0.2869982004050278812, 23.77768184277744012, 137.8695945436746513 ) ) ;
#1832 = CARTESIAN_POINT ( 'NONE',  ( -6.820021738534591371, 38.56917015520571113, 115.4200000000005844 ) ) ;
#1833 = LINE ( 'NONE', #9147, #330 ) ;
#1834 = ORIENTED_EDGE ( 'NONE', *, *, #3549, .T. ) ;
#1835 = DIRECTION ( 'NONE',  ( 0.1013672451882220160, -0.9948490747861964412, 0.000000000000000000 ) ) ;
#1836 = CARTESIAN_POINT ( 'NONE',  ( -9.240639231708769330, 77.12352828379869152, 121.9731505614619067 ) ) ;
#1837 = PLANE ( 'NONE',  #3622 ) ;
#1838 = ORIENTED_EDGE ( 'NONE', *, *, #4547, .F. ) ;
#1839 = CARTESIAN_POINT ( 'NONE',  ( -9.975291419809025228, 104.0638682777526896, 126.8365752807312248 ) ) ;
#1840 = ORIENTED_EDGE ( 'NONE', *, *, #6560, .F. ) ;
#1841 = CARTESIAN_POINT ( 'NONE',  ( -16.15514400461585964, 103.4341902209823161, 134.1317123596352019 ) ) ;
#1842 = LINE ( 'NONE', #2017, #7617 ) ;
#1843 = CIRCLE ( 'NONE', #1658, 1.549999999999999378 ) ;
#1844 = DIRECTION ( 'NONE',  ( -1.000000000000000000, 0.000000000000000000, -6.903152180341685597E-18 ) ) ;
#1845 = DIRECTION ( 'NONE',  ( 0.5019378298181175202, 0.000000000000000000, -0.8649037027308175141 ) ) ;
#1846 = AXIS2_PLACEMENT_3D ( 'NONE', #503, #11178, #10245 ) ;
#1847 = DIRECTION ( 'NONE',  ( -0.5019378298181174092, 0.000000000000000000, 0.8649037027308177361 ) ) ;
#1848 = DIRECTION ( 'NONE',  ( -0.1013672451882220438, 0.9948490747861963301, -4.814824860968088777E-34 ) ) ;
#1849 = ORIENTED_EDGE ( 'NONE', *, *, #4969, .T. ) ;
#1850 = CARTESIAN_POINT ( 'NONE',  ( -16.78516420053840363, 46.24684441922120470, 124.4048629210965657 ) ) ;
#1851 = ORIENTED_EDGE ( 'NONE', *, *, #2273, .F. ) ;
#1852 = CARTESIAN_POINT ( 'NONE',  ( -0.5219709969937064153, 47.90393506220281239, 118.6754127980428137 ) ) ;
#1853 = ORIENTED_EDGE ( 'NONE', *, *, #2781, .F. ) ;
#1854 = DIRECTION ( 'NONE',  ( 0.8615645716962891942, 0.08778660944464597438, 0.5000000000000029976 ) ) ;
#1855 = ADVANCED_FACE ( 'NONE', ( #8409 ), #8578, .T. ) ;
#1856 = EDGE_CURVE ( 'NONE', #11406, #2253, #10207, .T. ) ;
#1857 = CARTESIAN_POINT ( 'NONE',  ( 73.41218055162735823, 55.43723981943232815, 105.4200000000005844 ) ) ;
#1859 = EDGE_CURVE ( 'NONE', #3083, #7268, #3056, .T. ) ;
#1858 = AXIS2_PLACEMENT_3D ( 'NONE', #3869, #4903, #8457 ) ;
#1860 = EDGE_CURVE ( 'NONE', #10179, #2563, #6777, .T. ) ;
#1861 = DIRECTION ( 'NONE',  ( 6.903152180341683286E-18, 7.033765596924227869E-19, -1.000000000000000000 ) ) ;
#1862 = VERTEX_POINT ( 'NONE', #9287 ) ;
#1863 = DIRECTION ( 'NONE',  ( 0.1013672451882220577, -0.9948490747861964412, 8.425943506694160278E-34 ) ) ;
#1864 = EDGE_LOOP ( 'NONE', ( #148, #7280, #645, #6715 ) ) ;
#1865 = ORIENTED_EDGE ( 'NONE', *, *, #3965, .T. ) ;
#1866 = AXIS2_PLACEMENT_3D ( 'NONE', #3589, #811, #756 ) ;
#1867 = EDGE_LOOP ( 'NONE', ( #3040, #1995, #9461, #7828, #3544, #9286 ) ) ;
#1868 = VECTOR ( 'NONE', #6779, 1000.000000000000114 ) ;
#1869 = CARTESIAN_POINT ( 'NONE',  ( -5.785136984574577923, 104.4908118441466343, 134.1317123596352019 ) ) ;
#1870 = EDGE_LOOP ( 'NONE', ( #3146, #3357 ) ) ;
#1871 = DIRECTION ( 'NONE',  ( -1.000000000000000000, 0.000000000000000000, -3.148927598275349405E-15 ) ) ;
#1872 = ADVANCED_FACE ( 'NONE', ( #4860 ), #7476, .T. ) ;
#1873 = DIRECTION ( 'NONE',  ( -0.4974245373930951675, -0.05068362259411070270, -0.8660254037844403729 ) ) ;
#1874 = AXIS2_PLACEMENT_3D ( 'NONE', #4029, #6652, #11124 ) ;
#1875 = LINE ( 'NONE', #5403, #1630 ) ;
#1876 = CARTESIAN_POINT ( 'NONE',  ( -2.092407086733225619, 104.8670717879464576, 125.9705498769468051 ) ) ;
#1877 = VERTEX_POINT ( 'NONE', #2193 ) ;
#1878 = ORIENTED_EDGE ( 'NONE', *, *, #1035, .F. ) ;
#1879 = DIRECTION ( 'NONE',  ( 0.1013672451882209891, -0.9948490747861964412, 5.020922815613633229E-23 ) ) ;
#1880 = FACE_OUTER_BOUND ( 'NONE', #2311, .T. ) ;
#1881 = DIRECTION ( 'NONE',  ( 0.9948490747861964412, 0.1013672451882220160, -1.200647045275743899E-16 ) ) ;
#1882 = PLANE ( 'NONE',  #3052 ) ;
#1883 = ORIENTED_EDGE ( 'NONE', *, *, #4919, .F. ) ;
#1884 = LINE ( 'NONE', #8914, #3699 ) ;
#1885 = EDGE_CURVE ( 'NONE', #9941, #2836, #862, .T. ) ;
#1886 = LINE ( 'NONE', #8976, #867 ) ;
#1887 = DIRECTION ( 'NONE',  ( 0.9948490747861964412, 0.1013672451882218634, 3.497202527569243497E-15 ) ) ;
#1888 = ORIENTED_EDGE ( 'NONE', *, *, #33, .T. ) ;
#1889 = CARTESIAN_POINT ( 'NONE',  ( -17.62094810217766039, 76.26964115101083053, 126.8365752807312248 ) ) ;
#1890 = DIRECTION ( 'NONE',  ( -0.9948490747861963301, -0.1013672451882219605, -3.497202527569243497E-15 ) ) ;
#1891 = CARTESIAN_POINT ( 'NONE',  ( -3.558211184295022367, 77.70252271797497201, 134.9977377634196216 ) ) ;
#1892 = DIRECTION ( 'NONE',  ( 3.148927598275349405E-15, 3.100401161182723417E-16, -1.000000000000000000 ) ) ;
#1893 = EDGE_LOOP ( 'NONE', ( #8674, #11043, #10692, #7295, #1287, #2465 ) ) ;
#1894 = CARTESIAN_POINT ( 'NONE',  ( -9.897128942248800243, 46.94868068422675123, 128.4022622365814073 ) ) ;
#1895 = AXIS2_PLACEMENT_3D ( 'NONE', #10903, #10788, #7992 ) ;
#1896 = ORIENTED_EDGE ( 'NONE', *, *, #4445, .F. ) ;
#1897 = CARTESIAN_POINT ( 'NONE',  ( -24.03802833769165659, 102.6309867107885481, 128.4022622365814073 ) ) ;
#1898 = EDGE_CURVE ( 'NONE', #3943, #6186, #571, .T. ) ;
#1899 = DIRECTION ( 'NONE',  ( 1.000000000000000000, 0.000000000000000000, 0.000000000000000000 ) ) ;
#1900 = DIRECTION ( 'NONE',  ( 0.4974245373931009961, 0.05068362259411126475, -0.8660254037844370423 ) ) ;
#1901 = FACE_OUTER_BOUND ( 'NONE', #10770, .T. ) ;
#1902 = FACE_OUTER_BOUND ( 'NONE', #10771, .T. ) ;
#1903 = LINE ( 'NONE', #2022, #4382 ) ;
#1904 = DIRECTION ( 'NONE',  ( 0.8615645716962927469, 0.08778660944464633520, -0.4999999999999967248 ) ) ;
#1905 = ORIENTED_EDGE ( 'NONE', *, *, #7633, .T. ) ;
#1906 = DIRECTION ( 'NONE',  ( 0.9948490747861964412, 0.1013672451882220577, 6.938893903907228378E-18 ) ) ;
#1907 = VERTEX_POINT ( 'NONE', #8473 ) ;
#1908 = CARTESIAN_POINT ( 'NONE',  ( 4.165607975633832005, 48.38156225119089271, 131.7000000000005286 ) ) ;
#1909 = ORIENTED_EDGE ( 'NONE', *, *, #11446, .T. ) ;
#1910 = CARTESIAN_POINT ( 'NONE',  ( -31.12731887700509859, 74.89344888965784719, 156.7000000000005002 ) ) ;
#1911 = CARTESIAN_POINT ( 'NONE',  ( -7.277410596753870031, 104.3387609763642985, 134.9977377634196785 ) ) ;
#1912 = VECTOR ( 'NONE', #4492, 1000.000000000000227 ) ;
#1913 = CARTESIAN_POINT ( 'NONE',  ( -0.02454645960061480059, 47.95461868479695511, 124.4048629210965657 ) ) ;
#1914 = ORIENTED_EDGE ( 'NONE', *, *, #1133, .F. ) ;
#1915 = VECTOR ( 'NONE', #1022, 999.9999999999998863 ) ;
#1916 = CARTESIAN_POINT ( 'NONE',  ( -14.08728337748324755, 46.52173711783281362, 132.5660254037850052 ) ) ;
#1917 = EDGE_CURVE ( 'NONE', #4067, #2181, #4040, .T. ) ;
#1918 = VECTOR ( 'NONE', #11022, 999.9999999999998863 ) ;
#1919 = ORIENTED_EDGE ( 'NONE', *, *, #3711, .F. ) ;
#1920 = ORIENTED_EDGE ( 'NONE', *, *, #4840, .T. ) ;
#1921 = CARTESIAN_POINT ( 'NONE',  ( 0.09436922423786579806, -4.627973497002288994, 105.4200000000005986 ) ) ;
#1922 = ORIENTED_EDGE ( 'NONE', *, *, #11042, .T. ) ;
#1923 = DIRECTION ( 'NONE',  ( 1.000000000000000000, 0.000000000000000000, 0.000000000000000000 ) ) ;
#1924 = CARTESIAN_POINT ( 'NONE',  ( 73.31081330643912963, 56.43208889421852348, 88.77148351815341698 ) ) ;
#1925 = VECTOR ( 'NONE', #3888, 999.9999999999998863 ) ;
#1926 = AXIS2_PLACEMENT_3D ( 'NONE', #7092, #9712, #7849 ) ;
#1927 = CARTESIAN_POINT ( 'NONE',  ( -6.282561521967672924, 104.4401282215525129, 138.1291116751201002 ) ) ;
#1928 = VECTOR ( 'NONE', #5743, 999.9999999999998863 ) ;
#1929 = LINE ( 'NONE', #947, #8680 ) ;
#1930 = EDGE_CURVE ( 'NONE', #8390, #3704, #6552, .T. ) ;
#1931 = ADVANCED_FACE ( 'NONE', ( #5032 ), #7645, .T. ) ;
#1932 = CARTESIAN_POINT ( 'NONE',  ( -15.65771946722276020, 103.4848738435764233, 118.6754127980427853 ) ) ;
#1933 = EDGE_LOOP ( 'NONE', ( #1564, #5756, #9500, #6962 ) ) ;
#1934 = EDGE_LOOP ( 'NONE', ( #3203, #2026, #179, #7485 ) ) ;
#1935 = ADVANCED_FACE ( 'NONE', ( #401 ), #6718, .T. ) ;
#1936 = ORIENTED_EDGE ( 'NONE', *, *, #10889, .F. ) ;
#1937 = CARTESIAN_POINT ( 'NONE',  ( 4.249394959998317844, -5.940242957613689256, 156.7000000000005002 ) ) ;
#1938 = CARTESIAN_POINT ( 'NONE',  ( -11.44109551737085262, 76.89931920778120400, 124.4048629210965942 ) ) ;
#1939 = EDGE_CURVE ( 'NONE', #2910, #6079, #740, .T. ) ;
#1940 = VERTEX_POINT ( 'NONE', #9626 ) ;
#1941 = VECTOR ( 'NONE', #8791, 1000.000000000000114 ) ;
#1942 = PRODUCT_CONTEXT ( 'NONE', #3725, 'mechanical' ) ;
#1943 = LINE ( 'NONE', #10722, #1666 ) ;
#1944 = CARTESIAN_POINT ( 'NONE',  ( -7.872481210540148489, 77.26293275539438810, 132.5660254037849199 ) ) ;
#1945 = DIRECTION ( 'NONE',  ( 0.1103303747129771861, -0.9938949685030576964, -7.102734540597741232E-11 ) ) ;
#1946 = AXIS2_PLACEMENT_3D ( 'NONE', #10125, #7453, #7567 ) ;
#1947 = VECTOR ( 'NONE', #5658, 1000.000000000000000 ) ;
#1948 = VERTEX_POINT ( 'NONE', #3396 ) ;
#1949 = ORIENTED_EDGE ( 'NONE', *, *, #732, .T. ) ;
#1950 = CARTESIAN_POINT ( 'NONE',  ( 17.67197875046127109, 49.75775451254386894, 88.77148351815341698 ) ) ;
#1951 = FACE_BOUND ( 'NONE', #10270, .T. ) ;
#1952 = CARTESIAN_POINT ( 'NONE',  ( -16.15514400461585964, 103.4341902209823161, 129.2682876403658838 ) ) ;
#1953 = DIRECTION ( 'NONE',  ( -0.4974245373931011072, -0.05068362259411127169, 0.8660254037844369313 ) ) ;
#1954 = ORIENTED_EDGE ( 'NONE', *, *, #3248, .F. ) ;
#1955 = ORIENTED_EDGE ( 'NONE', *, *, #10070, .T. ) ;
#1956 = DIRECTION ( 'NONE',  ( -0.5019378298181113029, 0.000000000000000000, -0.8649037027308211778 ) ) ;
#1957 = DIRECTION ( 'NONE',  ( -0.1013672451882220160, 0.9948490747861964412, 0.000000000000000000 ) ) ;
#1958 = VECTOR ( 'NONE', #779, 1000.000000000000000 ) ;
#1959 = LINE ( 'NONE', #10033, #5172 ) ;
#1960 = VECTOR ( 'NONE', #11365, 1000.000000000000114 ) ;
#1961 = PLANE ( 'NONE',  #2162 ) ;
#1962 = PLANE ( 'NONE',  #7931 ) ;
#1963 = EDGE_CURVE ( 'NONE', #9641, #8587, #5258, .T. ) ;
#1964 = VECTOR ( 'NONE', #8138, 999.9999999999998863 ) ;
#1965 = FACE_OUTER_BOUND ( 'NONE', #10254, .T. ) ;
#1966 = DIRECTION ( 'NONE',  ( 3.148927598275349405E-15, 3.100401161182723417E-16, -1.000000000000000000 ) ) ;
#1967 = VECTOR ( 'NONE', #7462, 1000.000000000000114 ) ;
#1968 = ORIENTED_EDGE ( 'NONE', *, *, #7421, .T. ) ;
#1969 = DIRECTION ( 'NONE',  ( -1.000000000000000000, 0.000000000000000000, 0.000000000000000000 ) ) ;
#1970 = EDGE_LOOP ( 'NONE', ( #3487, #8884 ) ) ;
#1972 = CARTESIAN_POINT ( 'NONE',  ( -7.872481210540152041, 77.26293275539438810, 121.1071251576774301 ) ) ;
#1971 = CIRCLE ( 'NONE', #4923, 1.550000000000000266 ) ;
#1973 = ORIENTED_EDGE ( 'NONE', *, *, #3909, .T. ) ;
#1974 = CARTESIAN_POINT ( 'NONE',  ( -3.087256161519422726, 104.7657045427582432, 125.9705498769467482 ) ) ;
#1975 = CARTESIAN_POINT ( 'NONE',  ( 7.858337873475189639, 48.75782219499070891, 144.7245872019582293 ) ) ;
#1976 = VECTOR ( 'NONE', #1714, 1000.000000000000000 ) ;
#1977 = VECTOR ( 'NONE', #10002, 999.9999999999998863 ) ;
#1978 = DIRECTION ( 'NONE',  ( 0.4974245373930950564, 0.05068362259411089699, 0.8660254037844403729 ) ) ;
#1979 = ORIENTED_EDGE ( 'NONE', *, *, #10026, .F. ) ;
#1980 = CARTESIAN_POINT ( 'NONE',  ( 10.48945375098246302, 68.96992823326263533, 125.3534062786461902 ) ) ;
#1981 = VERTEX_POINT ( 'NONE', #795 ) ;
#1982 = ORIENTED_EDGE ( 'NONE', *, *, #10624, .F. ) ;
#1983 = VERTEX_POINT ( 'NONE', #6946 ) ;
#1984 = AXIS2_PLACEMENT_3D ( 'NONE', #1385, #2199, #10384 ) ;
#1985 = LINE ( 'NONE', #1058, #8474 ) ;
#1986 = ORIENTED_EDGE ( 'NONE', *, *, #11434, .T. ) ;
#1987 = CARTESIAN_POINT ( 'NONE',  ( -16.15514400461585964, 103.4341902209823161, 129.2682876403658838 ) ) ;
#1988 = DIRECTION ( 'NONE',  ( -0.5019378298181113029, 0.000000000000000000, -0.8649037027308211778 ) ) ;
#1989 = VECTOR ( 'NONE', #9254, 999.9999999999998863 ) ;
#1990 = CARTESIAN_POINT ( 'NONE',  ( -1.964856687679976455, 40.24469700717492771, 115.4200000000005844 ) ) ;
#1991 = AXIS2_PLACEMENT_3D ( 'NONE', #2721, #7786, #11505 ) ;
#1992 = DIRECTION ( 'NONE',  ( 0.1013672451882219883, -0.9948490747861964412, 1.075499326746823620E-17 ) ) ;
#1993 = VECTOR ( 'NONE', #7247, 1000.000000000000000 ) ;
#1994 = DIRECTION ( 'NONE',  ( 0.1013672451882219883, -0.9948490747861964412, 1.075499326746823620E-17 ) ) ;
#1995 = ORIENTED_EDGE ( 'NONE', *, *, #3197, .T. ) ;
#1996 = EDGE_CURVE ( 'NONE', #2935, #908, #6187, .T. ) ;
#1997 = ORIENTED_EDGE ( 'NONE', *, *, #7861, .F. ) ;
#1998 = VERTEX_POINT ( 'NONE', #6888 ) ;
#1999 = PLANE ( 'NONE',  #7672 ) ;
#2000 = CARTESIAN_POINT ( 'NONE',  ( 11.95895714032850954, 54.54777357599110132, 87.77148351815341698 ) ) ;
#2001 = PLANE ( 'NONE',  #4834 ) ;
#2002 = EDGE_CURVE ( 'NONE', #11146, #3706, #6075, .T. ) ;
#2003 = VECTOR ( 'NONE', #7571, 999.9999999999998863 ) ;
#2004 = EDGE_CURVE ( 'NONE', #2518, #3236, #9565, .T. ) ;
#2005 = DIRECTION ( 'NONE',  ( 0.4974245373931012182, 0.05068362259411096638, -0.8660254037844369313 ) ) ;
#2006 = CARTESIAN_POINT ( 'NONE',  ( -5.706974507014352938, 47.37562425062068883, 140.5608240347546882 ) ) ;
#2007 = CARTESIAN_POINT ( 'NONE',  ( -7.872481210540212437, 77.26293275539438810, 138.1291116751200434 ) ) ;
#2008 = ORIENTED_EDGE ( 'NONE', *, *, #6675, .T. ) ;
#2009 = ORIENTED_EDGE ( 'NONE', *, *, #6615, .F. ) ;
#2010 = CARTESIAN_POINT ( 'NONE',  ( -23.48534779753316215, 68.52529254873003595, 103.0600000000005707 ) ) ;
#2011 = FACE_BOUND ( 'NONE', #10194, .T. ) ;
#2012 = LINE ( 'NONE', #1952, #9960 ) ;
#2013 = DIRECTION ( 'NONE',  ( -0.9948490747861963301, -0.1013672451882219605, -3.497202527569243497E-15 ) ) ;
#2014 = DIRECTION ( 'NONE',  ( -0.08786539972137212551, 0.8623378435136063169, -0.4986512961740964256 ) ) ;
#2015 = EDGE_LOOP ( 'NONE', ( #30, #3649, #7655, #7375 ) ) ;
#2016 = CARTESIAN_POINT ( 'NONE',  ( -15.65771946722276020, 103.4848738435764233, 120.4074636056117242 ) ) ;
#2017 = CARTESIAN_POINT ( 'NONE',  ( -18.27743781271769308, 46.09479355143887602, 144.7245872019582862 ) ) ;
#2018 = FACE_BOUND ( 'NONE', #11093, .T. ) ;
#2019 = LINE ( 'NONE', #276, #10306 ) ;
#2020 = EDGE_CURVE ( 'NONE', #8793, #8672, #7065, .T. ) ;
#2021 = CARTESIAN_POINT ( 'NONE',  ( 1.644369224237865801, -4.627973497002288994, 113.3500000000005059 ) ) ;
#2022 = CARTESIAN_POINT ( 'NONE',  ( 6.877797475765183854, 23.50254020882761807, 156.7000000000005002 ) ) ;
#2023 = FACE_OUTER_BOUND ( 'NONE', #11332, .T. ) ;
#2024 = ORIENTED_EDGE ( 'NONE', *, *, #3978, .F. ) ;
#2025 = LINE ( 'NONE', #2771, #6222 ) ;
#2026 = ORIENTED_EDGE ( 'NONE', *, *, #3227, .F. ) ;
#2027 = CARTESIAN_POINT ( 'NONE',  ( -21.50115342733687740, 49.19950774710639507, 103.0600000000022050 ) ) ;
#2028 = ORIENTED_EDGE ( 'NONE', *, *, #9678, .F. ) ;
#2029 = CARTESIAN_POINT ( 'NONE',  ( 10.70998192154906015, 49.04838214899448445, 87.77148351815341698 ) ) ;
#2030 = EDGE_CURVE ( 'NONE', #1907, #6496, #5833, .T. ) ;
#2031 = ADVANCED_FACE ( 'NONE', ( #2526, #682 ), #4442, .F. ) ;
#2032 = DIRECTION ( 'NONE',  ( 0.1013672451882219883, -0.9948490747861964412, 1.075499326746823620E-17 ) ) ;
#2033 = EDGE_CURVE ( 'NONE', #3664, #2115, #8701, .T. ) ;
#2034 = AXIS2_PLACEMENT_3D ( 'NONE', #3245, #3305, #6799 ) ;
#2035 = CARTESIAN_POINT ( 'NONE',  ( -2.014244609173005518, 47.75188419442051924, 138.9951370789045200 ) ) ;
#2036 = VERTEX_POINT ( 'NONE', #5144 ) ;
#2037 = CARTESIAN_POINT ( 'NONE',  ( 6.366064261295886872, 48.60577132720839444, 129.2682876403658838 ) ) ;
#2038 = ORIENTED_EDGE ( 'NONE', *, *, #10294, .T. ) ;
#2039 = ORIENTED_EDGE ( 'NONE', *, *, #8947, .F. ) ;
#2040 = VERTEX_POINT ( 'NONE', #11426 ) ;
#2041 = LINE ( 'NONE', #10987, #1416 ) ;
#2042 = ORIENTED_EDGE ( 'NONE', *, *, #1393, .F. ) ;
#2043 = DIRECTION ( 'NONE',  ( 0.1013672451882219883, -0.9948490747861964412, 1.075499326746823620E-17 ) ) ;
#2044 = DIRECTION ( 'NONE',  ( -0.4974245373931011072, -0.05068362259411127169, 0.8660254037844369313 ) ) ;
#2045 = VECTOR ( 'NONE', #6064, 999.9999999999998863 ) ;
#2046 = EDGE_CURVE ( 'NONE', #1738, #3738, #11312, .T. ) ;
#2047 = EDGE_CURVE ( 'NONE', #10513, #3095, #6012, .T. ) ;
#2048 = LINE ( 'NONE', #11104, #7920 ) ;
#2049 = LINE ( 'NONE', #9778, #2735 ) ;
#2050 = CIRCLE ( 'NONE', #7053, 1.000000000000000666 ) ;
#2051 = DIRECTION ( 'NONE',  ( -3.480278902931750302E-15, -3.438021909835086216E-16, 1.000000000000000000 ) ) ;
#2052 = ORIENTED_EDGE ( 'NONE', *, *, #6412, .T. ) ;
#2053 = EDGE_LOOP ( 'NONE', ( #6344, #6419, #6704, #1452 ) ) ;
#2054 = ORIENTED_EDGE ( 'NONE', *, *, #7013, .F. ) ;
#2055 = DIRECTION ( 'NONE',  ( 0.000000000000000000, 1.000000000000000000, -3.291132365970982032E-16 ) ) ;
#2056 = ADVANCED_FACE ( 'NONE', ( #9685 ), #8811, .T. ) ;
#2057 = VECTOR ( 'NONE', #7706, 999.9999999999998863 ) ;
#2058 = ADVANCED_FACE ( 'NONE', ( #3521 ), #10605, .T. ) ;
#2059 = CARTESIAN_POINT ( 'NONE',  ( -14.16544585504347076, 103.6369247113587591, 129.2682876403658838 ) ) ;
#2060 = CARTESIAN_POINT ( 'NONE',  ( -23.38134108081431961, 67.50453889495196336, 103.2093484483726797 ) ) ;
#2061 = ORIENTED_EDGE ( 'NONE', *, *, #1726, .T. ) ;
#2062 = EDGE_CURVE ( 'NONE', #2228, #5744, #5316, .T. ) ;
#2063 = ORIENTED_EDGE ( 'NONE', *, *, #836, .F. ) ;
#2064 = EDGE_CURVE ( 'NONE', #106, #7620, #3283, .T. ) ;
#2065 = CARTESIAN_POINT ( 'NONE',  ( -8.902279867462580043, 47.05004792941493719, 142.9925363943894183 ) ) ;
#2066 = LINE ( 'NONE', #10074, #8762 ) ;
#2067 = CARTESIAN_POINT ( 'NONE',  ( 7.624375967780570029, 50.03354996225058215, 99.31000000000057071 ) ) ;
#2068 = DIRECTION ( 'NONE',  ( 0.9948490747861963301, 0.1013672451882218772, 0.000000000000000000 ) ) ;
#2069 = ADVANCED_FACE ( 'NONE', ( #5954 ), #9506, .F. ) ;
#2070 = ORIENTED_EDGE ( 'NONE', *, *, #2997, .F. ) ;
#2071 = CARTESIAN_POINT ( 'NONE',  ( -6.603817015546204594, 36.44727103256492029, 116.6469990883675223 ) ) ;
#2072 = ORIENTED_EDGE ( 'NONE', *, *, #9676, .T. ) ;
#2073 = FACE_OUTER_BOUND ( 'NONE', #9830, .T. ) ;
#2074 = CARTESIAN_POINT ( 'NONE',  ( -1.377659601439741532, 94.65899535172187029, 146.7000000000005002 ) ) ;
#2075 = DIRECTION ( 'NONE',  ( -0.8615645716962926359, -0.08778660944464630744, 0.4999999999999969469 ) ) ;
#2076 = DIRECTION ( 'NONE',  ( -7.327943828065848168E-12, 7.191747867590729583E-11, -1.000000000000000000 ) ) ;
#2077 = DIRECTION ( 'NONE',  ( -3.480278902931750302E-15, -3.438021909835086216E-16, 1.000000000000000000 ) ) ;
#2078 = DIRECTION ( 'NONE',  ( 0.9948490747861964412, 0.1013672451882219605, -1.214431771098593503E-16 ) ) ;
#2079 = CARTESIAN_POINT ( 'NONE',  ( -4.266394499549816643, 23.37221286202456128, 136.7000000000005002 ) ) ;
#2080 = ORIENTED_EDGE ( 'NONE', *, *, #714, .F. ) ;
#2081 = FACE_OUTER_BOUND ( 'NONE', #8535, .T. ) ;
#2082 = ORIENTED_EDGE ( 'NONE', *, *, #8070, .T. ) ;
#2083 = EDGE_CURVE ( 'NONE', #2115, #2395, #5334, .T. ) ;
#2084 = LINE ( 'NONE', #1908, #3441 ) ;
#2085 = ORIENTED_EDGE ( 'NONE', *, *, #11382, .T. ) ;
#2086 = PLANE ( 'NONE',  #4264 ) ;
#2087 = EDGE_CURVE ( 'NONE', #5442, #10019, #7356, .T. ) ;
#2088 = CYLINDRICAL_SURFACE ( 'NONE', #8458, 4.000000000000000000 ) ;
#2089 = DIRECTION ( 'NONE',  ( 0.000000000000000000, 1.000000000000000000, 0.000000000000000000 ) ) ;
#2090 = ORIENTED_EDGE ( 'NONE', *, *, #2211, .T. ) ;
#2091 = CARTESIAN_POINT ( 'NONE',  ( -1.281847275191226654, 23.67631459758921864, 125.4200000000005844 ) ) ;
#2092 = VERTEX_POINT ( 'NONE', #10733 ) ;
#2093 = EDGE_LOOP ( 'NONE', ( #9062, #5107, #1692, #1110 ) ) ;
#2094 = LINE ( 'NONE', #5624, #1925 ) ;
#2095 = ORIENTED_EDGE ( 'NONE', *, *, #11088, .T. ) ;
#2096 = CARTESIAN_POINT ( 'NONE',  ( -26.06617769529930584, 67.56875387046277126, 103.8514543557223959 ) ) ;
#2097 = EDGE_CURVE ( 'NONE', #7592, #8664, #8073, .T. ) ;
#2098 = EDGE_LOOP ( 'NONE', ( #3759, #8063, #9670, #690, #428, #2905 ) ) ;
#2099 = DIRECTION ( 'NONE',  ( 0.000000000000000000, -0.5005873897721082599, -0.8656860084355917362 ) ) ;
#2100 = CARTESIAN_POINT ( 'NONE',  ( -28.19244593489200668, 46.08971030867185448, 88.77148351815343119 ) ) ;
#2101 = VECTOR ( 'NONE', #2520, 1000.000000000000114 ) ;
#2102 = LINE ( 'NONE', #4774, #6240 ) ;
#2103 = DIRECTION ( 'NONE',  ( 3.148927598275349405E-15, 3.100401161182723417E-16, -1.000000000000000000 ) ) ;
#2104 = EDGE_CURVE ( 'NONE', #7620, #11158, #6250, .T. ) ;
#2105 = DIRECTION ( 'NONE',  ( 0.4974245373930948899, 0.05068362259411066800, 0.8660254037844405950 ) ) ;
#2106 = ADVANCED_FACE ( 'NONE', ( #8119 ), #6306, .T. ) ;
#2107 = ORIENTED_EDGE ( 'NONE', *, *, #10452, .F. ) ;
#2108 = ORIENTED_EDGE ( 'NONE', *, *, #3007, .F. ) ;
#2109 = VECTOR ( 'NONE', #10165, 999.9999999999998863 ) ;
#2110 = LINE ( 'NONE', #10999, #7511 ) ;
#2111 = EDGE_CURVE ( 'NONE', #10922, #5955, #9912, .T. ) ;
#2112 = CARTESIAN_POINT ( 'NONE',  ( 2.595171885894321573, 105.3446989769344952, 143.8585617981738380 ) ) ;
#2113 = DIRECTION ( 'NONE',  ( 0.8615645716962927469, 0.08778660944464633520, -0.4999999999999967248 ) ) ;
#2114 = ORIENTED_EDGE ( 'NONE', *, *, #9205, .T. ) ;
#2115 = VERTEX_POINT ( 'NONE', #9801 ) ;
#2116 = LINE ( 'NONE', #5652, #9715 ) ;
#2117 = DIRECTION ( 'NONE',  ( 0.1013672451882219883, -0.9948490747861964412, 1.075499326746823620E-17 ) ) ;
#2118 = VECTOR ( 'NONE', #9139, 999.9999999999998863 ) ;
#2119 = CARTESIAN_POINT ( 'NONE',  ( -18.27743781271769308, 46.09479355143887602, 120.4074636056117242 ) ) ;
#2120 = LINE ( 'NONE', #3686, #7524 ) ;
#2121 = ORIENTED_EDGE ( 'NONE', *, *, #5961, .T. ) ;
#2122 = DIRECTION ( 'NONE',  ( 0.8615645716962927469, 0.08778660944464633520, -0.4999999999999967248 ) ) ;
#2123 = ORIENTED_EDGE ( 'NONE', *, *, #3652, .F. ) ;
#2124 = CARTESIAN_POINT ( 'NONE',  ( -7.872481210540126284, 77.26293275539438810, 125.2708883248809570 ) ) ;
#2125 = LINE ( 'NONE', #3920, #8352 ) ;
#2126 = FACE_OUTER_BOUND ( 'NONE', #1410, .T. ) ;
#2127 = DIRECTION ( 'NONE',  ( 0.1013672451882219883, -0.9948490747861964412, 1.075499326746823620E-17 ) ) ;
#2128 = AXIS2_PLACEMENT_3D ( 'NONE', #592, #10178, #4944 ) ;
#2129 = FACE_OUTER_BOUND ( 'NONE', #6806, .T. ) ;
#2130 = CARTESIAN_POINT ( 'NONE',  ( -0.2418925456968679111, 2.374007252908631571, 5.217054032275447099E-16 ) ) ;
#2131 = AXIS2_PLACEMENT_3D ( 'NONE', #316, #5530, #137 ) ;
#2132 = ORIENTED_EDGE ( 'NONE', *, *, #3764, .F. ) ;
#2133 = CARTESIAN_POINT ( 'NONE',  ( -16.12867448999835673, 76.42169201879316631, 122.8391759652463264 ) ) ;
#2134 = EDGE_LOOP ( 'NONE', ( #7686, #968, #8010, #2510 ) ) ;
#2135 = DIRECTION ( 'NONE',  ( -0.4974245373930951675, -0.05068362259411070270, -0.8660254037844403729 ) ) ;
#2136 = ORIENTED_EDGE ( 'NONE', *, *, #4750, .T. ) ;
#2137 = LINE ( 'NONE', #5675, #5389 ) ;
#2138 = VECTOR ( 'NONE', #1665, 1000.000000000000114 ) ;
#2140 = EDGE_CURVE ( 'NONE', #7602, #6056, #3794, .T. ) ;
#2139 = AXIS2_PLACEMENT_3D ( 'NONE', #8488, #6678, #1336 ) ;
#2141 = DIRECTION ( 'NONE',  ( -0.5019378298181113029, 0.000000000000000000, -0.8649037027308211778 ) ) ;
#2142 = EDGE_CURVE ( 'NONE', #11354, #4307, #4498, .T. ) ;
#2143 = CARTESIAN_POINT ( 'NONE',  ( -7.578143506410728314, 1.626501356039936175, 150.0500000000005230 ) ) ;
#2144 = AXIS2_PLACEMENT_3D ( 'NONE', #9855, #9044, #10789 ) ;
#2145 = EDGE_CURVE ( 'NONE', #119, #10662, #4735, .T. ) ;
#2146 = VERTEX_POINT ( 'NONE', #8987 ) ;
#2147 = LINE ( 'NONE', #10871, #4126 ) ;
#2148 = EDGE_LOOP ( 'NONE', ( #5875, #1473, #7348, #8839 ) ) ;
#2149 = EDGE_LOOP ( 'NONE', ( #3559, #4090, #1112, #2411 ) ) ;
#2150 = LINE ( 'NONE', #5353, #5617 ) ;
#2151 = ORIENTED_EDGE ( 'NONE', *, *, #4696, .F. ) ;
#2152 = DIRECTION ( 'NONE',  ( 0.4974245373930950564, 0.05068362259411089699, 0.8660254037844403729 ) ) ;
#2153 = ORIENTED_EDGE ( 'NONE', *, *, #4506, .F. ) ;
#2154 = CARTESIAN_POINT ( 'NONE',  ( 4.799743540596020708, 3.045642788675047452, 156.7000000000005002 ) ) ;
#2155 = DIRECTION ( 'NONE',  ( 0.8615645716962927469, 0.08778660944464633520, -0.4999999999999967248 ) ) ;
#2156 = AXIS2_PLACEMENT_3D ( 'NONE', #8704, #5203, #2644 ) ;
#2157 = VECTOR ( 'NONE', #8715, 1000.000000000000114 ) ;
#2158 = DIRECTION ( 'NONE',  ( -1.000000000000000000, 0.000000000000000000, -3.148927598275349405E-15 ) ) ;
#2159 = ADVANCED_FACE ( 'NONE', ( #37 ), #8052, .T. ) ;
#2160 = DIRECTION ( 'NONE',  ( 0.8615645716962891942, 0.08778660944464597438, 0.5000000000000029976 ) ) ;
#2161 = CIRCLE ( 'NONE', #70, 4.000000000000000000 ) ;
#2162 = AXIS2_PLACEMENT_3D ( 'NONE', #8125, #9917, #448 ) ;
#2163 = CARTESIAN_POINT ( 'NONE',  ( 2.673334363454540341, 48.22951138340856403, 137.4294501230543233 ) ) ;
#2164 = ORIENTED_EDGE ( 'NONE', *, *, #11360, .T. ) ;
#2165 = AXIS2_PLACEMENT_3D ( 'NONE', #10580, #8788, #7743 ) ;
#2166 = ORIENTED_EDGE ( 'NONE', *, *, #10806, .T. ) ;
#2167 = VECTOR ( 'NONE', #2463, 1000.000000000000000 ) ;
#2168 = AXIS2_PLACEMENT_3D ( 'NONE', #341, #2078, #10798 ) ;
#2169 = EDGE_CURVE ( 'NONE', #6062, #3291, #3630, .T. ) ;
#2170 = DIRECTION ( 'NONE',  ( -0.8615645716962893053, -0.08778660944464596050, -0.5000000000000027756 ) ) ;
#2171 = VECTOR ( 'NONE', #7469, 999.9999999999998863 ) ;
#2172 = FACE_OUTER_BOUND ( 'NONE', #2922, .T. ) ;
#2173 = ORIENTED_EDGE ( 'NONE', *, *, #1382, .T. ) ;
#2174 = EDGE_LOOP ( 'NONE', ( #6857, #2385 ) ) ;
#2175 = LINE ( 'NONE', #5884, #3190 ) ;
#2176 = FACE_BOUND ( 'NONE', #7199, .T. ) ;
#2177 = LINE ( 'NONE', #1309, #1184 ) ;
#2178 = DIRECTION ( 'NONE',  ( -0.9948490747861963301, -0.1013672451882219605, -3.497202527569243497E-15 ) ) ;
#2179 = VECTOR ( 'NONE', #4714, 999.9999999999998863 ) ;
#2180 = ORIENTED_EDGE ( 'NONE', *, *, #2087, .T. ) ;
#2181 = VERTEX_POINT ( 'NONE', #7120 ) ;
#2182 = CARTESIAN_POINT ( 'NONE',  ( -12.59500976530395455, 46.67378798561514230, 136.5634247192698467 ) ) ;
#2183 = FACE_OUTER_BOUND ( 'NONE', #2536, .T. ) ;
#2184 = EDGE_CURVE ( 'NONE', #2192, #11266, #5597, .T. ) ;
#2185 = CARTESIAN_POINT ( 'NONE',  ( 47.83542731978474194, 82.93912763362759222, 32.32950283728843743 ) ) ;
#2186 = LINE ( 'NONE', #5023, #10711 ) ;
#2187 = AXIS2_PLACEMENT_3D ( 'NONE', #7616, #367, #7560 ) ;
#2188 = LINE ( 'NONE', #5724, #3020 ) ;
#2189 = LINE ( 'NONE', #11134, #6383 ) ;
#2190 = FACE_OUTER_BOUND ( 'NONE', #5689, .T. ) ;
#2191 = DIRECTION ( 'NONE',  ( -0.5019378298181113029, 0.000000000000000000, -0.8649037027308211778 ) ) ;
#2192 = VERTEX_POINT ( 'NONE', #7186 ) ;
#2193 = CARTESIAN_POINT ( 'NONE',  ( -8.743214694315666335, 77.17421190639281292, 127.7026006845157156 ) ) ;
#2194 = ORIENTED_EDGE ( 'NONE', *, *, #3227, .T. ) ;
#2195 = DIRECTION ( 'NONE',  ( -8.706254885897550187E-17, -3.299942529224549211E-16, -1.000000000000000000 ) ) ;
#2196 = LINE ( 'NONE', #4155, #4921 ) ;
#2197 = DIRECTION ( 'NONE',  ( 1.000000000000000000, 0.000000000000000000, 0.000000000000000000 ) ) ;
#2198 = ORIENTED_EDGE ( 'NONE', *, *, #8013, .T. ) ;
#2199 = DIRECTION ( 'NONE',  ( 0.8615645716962891942, 0.08778660944464597438, 0.5000000000000029976 ) ) ;
#2200 = ORIENTED_EDGE ( 'NONE', *, *, #759, .T. ) ;
#2201 = ORIENTED_EDGE ( 'NONE', *, *, #8472, .F. ) ;
#2202 = CARTESIAN_POINT ( 'NONE',  ( -0.3629058238467713360, 78.02809903918067391, 132.5660254037850336 ) ) ;
#2203 = EDGE_CURVE ( 'NONE', #6458, #2718, #6480, .T. ) ;
#2204 = ORIENTED_EDGE ( 'NONE', *, *, #4318, .F. ) ;
#2205 = EDGE_CURVE ( 'NONE', #4339, #2447, #1088, .T. ) ;
#2206 = CARTESIAN_POINT ( 'NONE',  ( -1.516820071779906964, 47.80256781701462643, 133.2656869558507253 ) ) ;
#2207 = CARTESIAN_POINT ( 'NONE',  ( -21.30088366372698871, 47.08629498708749850, 103.0600000000005707 ) ) ;
#2208 = ORIENTED_EDGE ( 'NONE', *, *, #10854, .T. ) ;
#2209 = CARTESIAN_POINT ( 'NONE',  ( 0.6319432509394320441, 78.12946628436891672, 125.9705498769468335 ) ) ;
#2210 = DIRECTION ( 'NONE',  ( -2.639883250961008913E-16, -2.466556117306983583E-16, 1.000000000000000000 ) ) ;
#2211 = EDGE_CURVE ( 'NONE', #4380, #9240, #10791, .T. ) ;
#2212 = EDGE_CURVE ( 'NONE', #1512, #7456, #4621, .T. ) ;
#2213 = CIRCLE ( 'NONE', #3512, 1.550000000000000266 ) ;
#2214 = DIRECTION ( 'NONE',  ( -1.000000000000000000, 0.000000000000000000, -3.148927598275349405E-15 ) ) ;
#2215 = FACE_OUTER_BOUND ( 'NONE', #8585, .T. ) ;
#2216 = CARTESIAN_POINT ( 'NONE',  ( -24.53545287508475425, 102.5803030881944409, 129.2682876403658838 ) ) ;
#2217 = EDGE_LOOP ( 'NONE', ( #2553, #11366, #144, #2845, #2782, #9765 ) ) ;
#2218 = ORIENTED_EDGE ( 'NONE', *, *, #1216, .T. ) ;
#2219 = VECTOR ( 'NONE', #5360, 1000.000000000000000 ) ;
#2220 = ORIENTED_EDGE ( 'NONE', *, *, #3845, .F. ) ;
#2221 = DIRECTION ( 'NONE',  ( 0.1013672451882219883, -0.9948490747861964412, 1.075499326746823620E-17 ) ) ;
#2222 = EDGE_CURVE ( 'NONE', #5357, #2906, #5545, .T. ) ;
#2223 = VERTEX_POINT ( 'NONE', #7413 ) ;
#2224 = DIRECTION ( 'NONE',  ( 0.9948490747861965522, 0.1013672451882214887, -1.214431771098591778E-16 ) ) ;
#2225 = VECTOR ( 'NONE', #10059, 1000.000000000000000 ) ;
#2226 = CARTESIAN_POINT ( 'NONE',  ( 45.74035010216753250, 82.72565585043062697, 31.11364665747110081 ) ) ;
#2227 = EDGE_LOOP ( 'NONE', ( #2527, #6333 ) ) ;
#2228 = VERTEX_POINT ( 'NONE', #9218 ) ;
#2229 = CARTESIAN_POINT ( 'NONE',  ( -8.902279867462572938, 47.05004792941494429, 118.6754127980428279 ) ) ;
#2230 = DIRECTION ( 'NONE',  ( -0.9948490747861964412, -0.1013672451882218634, 0.000000000000000000 ) ) ;
#2231 = CARTESIAN_POINT ( 'NONE',  ( -15.63124995260530703, 76.47237564138727350, 141.4268494385391648 ) ) ;
#2232 = LINE ( 'NONE', #10302, #1407 ) ;
#2233 = AXIS2_PLACEMENT_3D ( 'NONE', #7416, #6540, #4902 ) ;
#2234 = ORIENTED_EDGE ( 'NONE', *, *, #1095, .F. ) ;
#2235 = EDGE_CURVE ( 'NONE', #11171, #5962, #10959, .T. ) ;
#2236 = CARTESIAN_POINT ( 'NONE',  ( -14.16544585504347076, 103.6369247113587591, 138.9951370789045200 ) ) ;
#2237 = DIRECTION ( 'NONE',  ( -0.4974245373931009961, -0.05068362259411093862, 0.8660254037844370423 ) ) ;
#2238 = CARTESIAN_POINT ( 'NONE',  ( 7.899743540596020352, 3.045642788675047452, 113.3500000000005059 ) ) ;
#2239 = DIRECTION ( 'NONE',  ( -0.4974245373931011072, -0.05068362259411127169, 0.8660254037844369313 ) ) ;
#2240 = CARTESIAN_POINT ( 'NONE',  ( 3.668183438240737448, 48.33087862859677841, 127.7026006845156445 ) ) ;
#2241 = ADVANCED_FACE ( 'NONE', ( #10079 ), #332, .T. ) ;
#2242 = CARTESIAN_POINT ( 'NONE',  ( -2.014244609173005518, 47.75188419442051924, 129.2682876403658838 ) ) ;
#2243 = VERTEX_POINT ( 'NONE', #11495 ) ;
#2244 = LINE ( 'NONE', #1325, #10130 ) ;
#2245 = ORIENTED_EDGE ( 'NONE', *, *, #10402, .T. ) ;
#2246 = DIRECTION ( 'NONE',  ( 0.5019378298181175202, 0.000000000000000000, -0.8649037027308175141 ) ) ;
#2247 = CARTESIAN_POINT ( 'NONE',  ( -6.851385058206322931, 38.87697934445341019, 146.7000000000005002 ) ) ;
#2248 = EDGE_CURVE ( 'NONE', #1225, #10620, #4336, .T. ) ;
#2249 = LINE ( 'NONE', #293, #364 ) ;
#2250 = ORIENTED_EDGE ( 'NONE', *, *, #4582, .T. ) ;
#2251 = FACE_OUTER_BOUND ( 'NONE', #4499, .T. ) ;
#2252 = VERTEX_POINT ( 'NONE', #3473 ) ;
#2253 = VERTEX_POINT ( 'NONE', #9694 ) ;
#2254 = DIRECTION ( 'NONE',  ( 0.000000000000000000, -1.000000000000000000, 4.995060417686127567E-23 ) ) ;
#2255 = ORIENTED_EDGE ( 'NONE', *, *, #9600, .T. ) ;
#2256 = CARTESIAN_POINT ( 'NONE',  ( -1.516820071779906964, 47.80256781701462643, 130.1343130441503604 ) ) ;
#2257 = PLANE ( 'NONE',  #8424 ) ;
#2258 = EDGE_LOOP ( 'NONE', ( #2959, #2601, #6453, #4389, #7673, #8098 ) ) ;
#2259 = DIRECTION ( 'NONE',  ( -0.4974245373931011072, -0.05068362259411127169, 0.8660254037844369313 ) ) ;
#2260 = PLANE ( 'NONE',  #9200 ) ;
#2261 = AXIS2_PLACEMENT_3D ( 'NONE', #4437, #7180, #2754 ) ;
#2262 = ORIENTED_EDGE ( 'NONE', *, *, #7061, .F. ) ;
#2263 = CARTESIAN_POINT ( 'NONE',  ( -53.66496707235185681, 72.59704095353482955, 26.57519085984071694 ) ) ;
#2264 = CARTESIAN_POINT ( 'NONE',  ( -2.092407086733225619, 104.8670717879464576, 127.7026006845156445 ) ) ;
#2265 = EDGE_CURVE ( 'NONE', #8587, #8481, #11281, .T. ) ;
#2266 = DIRECTION ( 'NONE',  ( -0.4974245373930948344, -0.05068362259411087617, -0.8660254037844405950 ) ) ;
#2267 = DIRECTION ( 'NONE',  ( -0.006052226562857958986, 0.05939839822297141719, -0.9982160091093397192 ) ) ;
#2268 = EDGE_LOOP ( 'NONE', ( #2965, #7496, #10827, #6121, #8606, #10901 ) ) ;
#2269 = ORIENTED_EDGE ( 'NONE', *, *, #1898, .F. ) ;
#2270 = ORIENTED_EDGE ( 'NONE', *, *, #944, .T. ) ;
#2271 = FACE_OUTER_BOUND ( 'NONE', #1242, .T. ) ;
#2272 = FACE_OUTER_BOUND ( 'NONE', #5031, .T. ) ;
#2273 = EDGE_CURVE ( 'NONE', #7290, #11146, #749, .T. ) ;
#2274 = EDGE_CURVE ( 'NONE', #500, #1734, #8162, .T. ) ;
#2275 = CARTESIAN_POINT ( 'NONE',  ( -7.277410596753870031, 104.3387609763642985, 125.2708883248810423 ) ) ;
#2276 = EDGE_CURVE ( 'NONE', #3069, #288, #11438, .T. ) ;
#2277 = AXIS2_PLACEMENT_3D ( 'NONE', #7291, #10839, #3740 ) ;
#2278 = ORIENTED_EDGE ( 'NONE', *, *, #10026, .T. ) ;
#2279 = ADVANCED_FACE ( 'NONE', ( #923 ), #4280, .T. ) ;
#2280 = EDGE_LOOP ( 'NONE', ( #3963, #4885, #9133, #9363 ) ) ;
#2281 = LINE ( 'NONE', #5712, #5987 ) ;
#2282 = DIRECTION ( 'NONE',  ( 0.000000000000000000, -1.000000000000000000, 0.000000000000000000 ) ) ;
#2283 = VECTOR ( 'NONE', #3701, 1000.000000000000000 ) ;
#2284 = CARTESIAN_POINT ( 'NONE',  ( -10.39455347964189791, 46.89799706163263693, 134.1317123596352019 ) ) ;
#2285 = VERTEX_POINT ( 'NONE', #10499 ) ;
#2286 = FACE_OUTER_BOUND ( 'NONE', #10331, .T. ) ;
#2287 = DIRECTION ( 'NONE',  ( -0.4974245373931009961, -0.05068362259411093862, 0.8660254037844370423 ) ) ;
#2288 = DIRECTION ( 'NONE',  ( -1.000000000000000000, 0.000000000000000000, 0.000000000000000000 ) ) ;
#2289 = LINE ( 'NONE', #5834, #8116 ) ;
#2290 = VECTOR ( 'NONE', #2352, 999.9999999999998863 ) ;
#2291 = EDGE_CURVE ( 'NONE', #5398, #4037, #2537, .T. ) ;
#2292 = ORIENTED_EDGE ( 'NONE', *, *, #8610, .F. ) ;
#2293 = DIRECTION ( 'NONE',  ( -0.4974245373931009961, -0.05068362259411093862, 0.8660254037844370423 ) ) ;
#2294 = EDGE_CURVE ( 'NONE', #3406, #11014, #694, .T. ) ;
#2295 = DIRECTION ( 'NONE',  ( 0.1013672451882219883, -0.9948490747861964412, 1.075499326746823620E-17 ) ) ;
#2296 = ORIENTED_EDGE ( 'NONE', *, *, #5605, .T. ) ;
#2297 = CARTESIAN_POINT ( 'NONE',  ( 4.822097686173876241, 78.55640985076284721, 138.1291116751201287 ) ) ;
#2298 = ORIENTED_EDGE ( 'NONE', *, *, #537, .F. ) ;
#2299 = DIRECTION ( 'NONE',  ( 0.9948490747861963301, 0.1013672451882218495, 4.154952649863260936E-15 ) ) ;
#2300 = ORIENTED_EDGE ( 'NONE', *, *, #6995, .T. ) ;
#2301 = CARTESIAN_POINT ( 'NONE',  ( -1.455630775762134510, -4.627973497002288994, 113.3500000000005059 ) ) ;
#2302 = VECTOR ( 'NONE', #10793, 999.9999999999998863 ) ;
#2303 = CARTESIAN_POINT ( 'NONE',  ( -0.6152014920796875508, -1.664029973498909909, 113.3500000000005059 ) ) ;
#2304 = EDGE_CURVE ( 'NONE', #8067, #6797, #10439, .T. ) ;
#2305 = AXIS2_PLACEMENT_3D ( 'NONE', #8554, #488, #1300 ) ;
#2306 = ORIENTED_EDGE ( 'NONE', *, *, #4457, .T. ) ;
#2307 = CARTESIAN_POINT ( 'NONE',  ( 2.097747348501219911, 105.2940153543403881, 123.5388375173121460 ) ) ;
#2308 = VECTOR ( 'NONE', #7997, 1000.000000000000114 ) ;
#2309 = EDGE_LOOP ( 'NONE', ( #7380, #1710, #4161, #3439 ) ) ;
#2310 = CARTESIAN_POINT ( 'NONE',  ( -12.22845568534358662, 21.65765634640197845, 114.5213672451887987 ) ) ;
#2311 = EDGE_LOOP ( 'NONE', ( #7255, #9374, #2080, #3198 ) ) ;
#2312 = CARTESIAN_POINT ( 'NONE',  ( -70.42558481328968867, 70.88926668795907915, 36.30204029837935309 ) ) ;
#2313 = DIRECTION ( 'NONE',  ( -1.194462602137354589E-16, -1.217062834229803810E-17, -1.000000000000000000 ) ) ;
#2314 = ORIENTED_EDGE ( 'NONE', *, *, #4794, .T. ) ;
#2315 = FACE_OUTER_BOUND ( 'NONE', #3226, .T. ) ;
#2316 = DIRECTION ( 'NONE',  ( 0.1013672451882215303, -0.9948490747861964412, 8.425943506694158568E-34 ) ) ;
#2317 = VECTOR ( 'NONE', #10301, 1000.000000000000114 ) ;
#2318 = CARTESIAN_POINT ( 'NONE',  ( -10.16575261002717312, 1.362844472694154874, 156.7000000000005002 ) ) ;
#2319 = VECTOR ( 'NONE', #8576, 1000.000000000000114 ) ;
#2320 = DIRECTION ( 'NONE',  ( 0.1013672451882219883, -0.9948490747861964412, 1.075499326746823620E-17 ) ) ;
#2321 = FACE_OUTER_BOUND ( 'NONE', #6776, .T. ) ;
#2322 = DIRECTION ( 'NONE',  ( 0.1013672451882219883, -0.9948490747861964412, 1.075499326746823620E-17 ) ) ;
#2323 = ORIENTED_EDGE ( 'NONE', *, *, #9399, .T. ) ;
#2324 = ORIENTED_EDGE ( 'NONE', *, *, #1596, .F. ) ;
#2325 = VERTEX_POINT ( 'NONE', #11265 ) ;
#2326 = AXIS2_PLACEMENT_3D ( 'NONE', #230, #3763, #5615 ) ;
#2327 = CARTESIAN_POINT ( 'NONE',  ( -23.04317926290545770, 102.7323539559767624, 138.1291116751201002 ) ) ;
#2328 = EDGE_CURVE ( 'NONE', #11205, #1485, #7950, .T. ) ;
#2329 = VECTOR ( 'NONE', #11383, 1000.000000000000114 ) ;
#2330 = VERTEX_POINT ( 'NONE', #10559 ) ;
#2331 = DIRECTION ( 'NONE',  ( -0.9948490747861964412, -0.1013672451882218634, -3.164135620181696535E-15 ) ) ;
#2332 = VECTOR ( 'NONE', #4140, 1000.000000000000000 ) ;
#2333 = LINE ( 'NONE', #6751, #2003 ) ;
#2334 = VERTEX_POINT ( 'NONE', #5207 ) ;
#2335 = ORIENTED_EDGE ( 'NONE', *, *, #11197, .F. ) ;
#2336 = CARTESIAN_POINT ( 'NONE',  ( -11.44109551737085262, 76.89931920778121821, 143.8585617981738665 ) ) ;
#2337 = DIRECTION ( 'NONE',  ( -0.1013672451882081244, 0.9948490747861977734, -0.000000000000000000 ) ) ;
#2338 = VECTOR ( 'NONE', #854, 1000.000000000000000 ) ;
#2339 = DIRECTION ( 'NONE',  ( -0.9948490747861964412, -0.1013672451882219744, -0.000000000000000000 ) ) ;
#2340 = EDGE_CURVE ( 'NONE', #7871, #2092, #8652, .T. ) ;
#2341 = AXIS2_PLACEMENT_3D ( 'NONE', #2837, #10929, #2958 ) ;
#2342 = ORIENTED_EDGE ( 'NONE', *, *, #9780, .T. ) ;
#2343 = LINE ( 'NONE', #4738, #10211 ) ;
#2344 = EDGE_CURVE ( 'NONE', #9071, #7611, #2420, .T. ) ;
#2345 = VECTOR ( 'NONE', #6798, 999.9999999999998863 ) ;
#2346 = DIRECTION ( 'NONE',  ( 0.8615645716962927469, 0.08778660944464633520, -0.4999999999999967248 ) ) ;
#2347 = DIRECTION ( 'NONE',  ( 3.148927598275349405E-15, 3.100401161182723417E-16, -1.000000000000000000 ) ) ;
#2348 = DIRECTION ( 'NONE',  ( -3.480278902931750302E-15, -3.438021909835086216E-16, 1.000000000000000000 ) ) ;
#2349 = EDGE_LOOP ( 'NONE', ( #7080, #2008, #4099, #1449, #9713, #5091 ) ) ;
#2350 = VECTOR ( 'NONE', #5076, 1000.000000000000000 ) ;
#2351 = CARTESIAN_POINT ( 'NONE',  ( -1.594982549340130618, 104.9177554105405790, 126.8365752807312248 ) ) ;
#2352 = DIRECTION ( 'NONE',  ( -0.9948490747861964412, -0.1013672451882218634, -3.164135620181696535E-15 ) ) ;
#2353 = CARTESIAN_POINT ( 'NONE',  ( -0.5219709969937098570, 47.90393506220284081, 134.9977377634196216 ) ) ;
#2354 = LINE ( 'NONE', #5899, #4361 ) ;
#2355 = EDGE_LOOP ( 'NONE', ( #2270, #4022, #5393, #3185 ) ) ;
#2356 = CARTESIAN_POINT ( 'NONE',  ( -18.27743781271769308, 46.09479355143887602, 139.8611624826889965 ) ) ;
#2357 = ORIENTED_EDGE ( 'NONE', *, *, #4445, .T. ) ;
#2358 = DIRECTION ( 'NONE',  ( 0.8615645716962891942, 0.08778660944464597438, 0.5000000000000029976 ) ) ;
#2359 = EDGE_CURVE ( 'NONE', #5757, #18, #10614, .T. ) ;
#2360 = CARTESIAN_POINT ( 'NONE',  ( -23.41783902623775404, 67.86274086807142680, 103.8717683390324709 ) ) ;
#2361 = VECTOR ( 'NONE', #6400, 1000.000000000000114 ) ;
#2362 = ORIENTED_EDGE ( 'NONE', *, *, #5563, .F. ) ;
#2363 = CARTESIAN_POINT ( 'NONE',  ( -3.558211184295018814, 77.70252271797498622, 123.5388375173121744 ) ) ;
#2364 = VERTEX_POINT ( 'NONE', #7776 ) ;
#2365 = LINE ( 'NONE', #6727, #10082 ) ;
#2366 = ORIENTED_EDGE ( 'NONE', *, *, #2927, .T. ) ;
#2367 = DIRECTION ( 'NONE',  ( 6.903152180341685597E-18, 7.033765596924229795E-19, -1.000000000000000000 ) ) ;
#2368 = ADVANCED_FACE ( 'NONE', ( #2650 ), #11320, .F. ) ;
#2369 = CARTESIAN_POINT ( 'NONE',  ( -3.087256161519422726, 104.7657045427582432, 121.1071251576774301 ) ) ;
#2370 = EDGE_CURVE ( 'NONE', #10988, #2036, #1794, .T. ) ;
#2371 = ORIENTED_EDGE ( 'NONE', *, *, #325, .F. ) ;
#2372 = DIRECTION ( 'NONE',  ( -0.08666870560954240132, 0.8505931223490443838, 0.5186326982368835159 ) ) ;
#2373 = CARTESIAN_POINT ( 'NONE',  ( -7.872481210540221319, 77.26293275539438810, 140.5608240347546598 ) ) ;
#2374 = ADVANCED_FACE ( 'NONE', ( #2476 ), #803, .T. ) ;
#2375 = FACE_OUTER_BOUND ( 'NONE', #4978, .T. ) ;
#2376 = LINE ( 'NONE', #6970, #9820 ) ;
#2377 = EDGE_LOOP ( 'NONE', ( #2977, #859, #6466, #1299 ) ) ;
#2378 = CARTESIAN_POINT ( 'NONE',  ( -18.85302482767101040, 103.1592975223707072, 135.6973993154854270 ) ) ;
#2379 = ORIENTED_EDGE ( 'NONE', *, *, #2530, .F. ) ;
#2380 = ORIENTED_EDGE ( 'NONE', *, *, #11500, .T. ) ;
#2381 = EDGE_CURVE ( 'NONE', #10150, #4350, #9810, .T. ) ;
#2382 = VERTEX_POINT ( 'NONE', #10743 ) ;
#2383 = DIRECTION ( 'NONE',  ( 0.4974245373930948899, 0.05068362259411066800, 0.8660254037844405950 ) ) ;
#2384 = ADVANCED_FACE ( 'NONE', ( #2023 ), #3582, .T. ) ;
#2385 = ORIENTED_EDGE ( 'NONE', *, *, #4597, .T. ) ;
#2386 = LINE ( 'NONE', #4246, #6248 ) ;
#2387 = CARTESIAN_POINT ( 'NONE',  ( -12.59500976530395455, 46.67378798561514230, 141.4268494385391648 ) ) ;
#2388 = AXIS2_PLACEMENT_3D ( 'NONE', #7664, #5218, #814 ) ;
#2389 = ORIENTED_EDGE ( 'NONE', *, *, #11166, .F. ) ;
#2390 = ORIENTED_EDGE ( 'NONE', *, *, #10433, .F. ) ;
#2391 = CARTESIAN_POINT ( 'NONE',  ( -23.99629577901493960, 48.92252677894887114, 103.0600000000005707 ) ) ;
#2392 = EDGE_CURVE ( 'NONE', #7793, #3309, #280, .T. ) ;
#2393 = FACE_BOUND ( 'NONE', #9012, .T. ) ;
#2394 = DIRECTION ( 'NONE',  ( -0.4974245373930951675, -0.05068362259411070270, -0.8660254037844403729 ) ) ;
#2395 = VERTEX_POINT ( 'NONE', #2079 ) ;
#2396 = CARTESIAN_POINT ( 'NONE',  ( 2.175909826061441787, 48.17882776081445684, 121.9731505614619067 ) ) ;
#2397 = VECTOR ( 'NONE', #2704, 1000.000000000000114 ) ;
#2398 = LINE ( 'NONE', #5943, #9457 ) ;
#2399 = DIRECTION ( 'NONE',  ( 0.4974245373930948899, 0.05068362259411066800, 0.8660254037844405950 ) ) ;
#2400 = DIRECTION ( 'NONE',  ( -0.4974245373930951675, -0.05068362259411070270, -0.8660254037844403729 ) ) ;
#2401 = EDGE_CURVE ( 'NONE', #2653, #6810, #2710, .T. ) ;
#2402 = ORIENTED_EDGE ( 'NONE', *, *, #10000, .F. ) ;
#2404 = EDGE_CURVE ( 'NONE', #2772, #3744, #5556, .T. ) ;
#2403 = AXIS2_PLACEMENT_3D ( 'NONE', #6146, #7138, #9701 ) ;
#2405 = CARTESIAN_POINT ( 'NONE',  ( -17.28258873793149419, 46.19616079662709041, 120.4074636056116674 ) ) ;
#2406 = FACE_OUTER_BOUND ( 'NONE', #4970, .T. ) ;
#2407 = CARTESIAN_POINT ( 'NONE',  ( -8.404855330069507247, 47.10073155200907991, 143.8585617981738380 ) ) ;
#2408 = CARTESIAN_POINT ( 'NONE',  ( -18.77486235011079074, 46.04410992884476173, 138.9951370789045200 ) ) ;
#2409 = ORIENTED_EDGE ( 'NONE', *, *, #5676, .F. ) ;
#2410 = DIRECTION ( 'NONE',  ( -0.4974245373930948344, -0.05068362259411087617, -0.8660254037844405950 ) ) ;
#2411 = ORIENTED_EDGE ( 'NONE', *, *, #8779, .F. ) ;
#2412 = LINE ( 'NONE', #5956, #9476 ) ;
#2413 = DIRECTION ( 'NONE',  ( 0.4974245373930948899, 0.05068362259411066800, 0.8660254037844405950 ) ) ;
#2414 = VECTOR ( 'NONE', #10975, 999.9999999999998863 ) ;
#2415 = EDGE_CURVE ( 'NONE', #2992, #6507, #6441, .T. ) ;
#2416 = EDGE_CURVE ( 'NONE', #6973, #11013, #4452, .T. ) ;
#2417 = EDGE_LOOP ( 'NONE', ( #1519, #7809, #5909, #2826 ) ) ;
#2418 = LINE ( 'NONE', #8651, #2519 ) ;
#2419 = ORIENTED_EDGE ( 'NONE', *, *, #10158, .F. ) ;
#2420 = LINE ( 'NONE', #5092, #6765 ) ;
#2421 = EDGE_LOOP ( 'NONE', ( #3188, #10615, #7197, #6421 ) ) ;
#2422 = CARTESIAN_POINT ( 'NONE',  ( -6.204399044407451491, 47.32494062802657453, 126.8365752807312248 ) ) ;
#2423 = ORIENTED_EDGE ( 'NONE', *, *, #4933, .T. ) ;
#2424 = EDGE_CURVE ( 'NONE', #5882, #7602, #4511, .T. ) ;
#2425 = VECTOR ( 'NONE', #9615, 999.9999999999998863 ) ;
#2426 = DIRECTION ( 'NONE',  ( 0.1013672451882219883, -0.9948490747861964412, 1.075499326746823620E-17 ) ) ;
#2427 = VERTEX_POINT ( 'NONE', #5498 ) ;
#2428 = VERTEX_POINT ( 'NONE', #3817 ) ;
#2429 = CARTESIAN_POINT ( 'NONE',  ( 6.863488798688992532, 48.65645494980249453, 142.9925363943893615 ) ) ;
#2430 = ORIENTED_EDGE ( 'NONE', *, *, #2020, .F. ) ;
#2431 = LINE ( 'NONE', #1461, #3277 ) ;
#2432 = FACE_OUTER_BOUND ( 'NONE', #9362, .T. ) ;
#2433 = ORIENTED_EDGE ( 'NONE', *, *, #3984, .T. ) ;
#2434 = CARTESIAN_POINT ( 'NONE',  ( -15.65771946722276020, 103.4848738435764233, 134.9977377634196785 ) ) ;
#2435 = VERTEX_POINT ( 'NONE', #2945 ) ;
#2436 = ADVANCED_FACE ( 'NONE', ( #8062 ), #7306, .T. ) ;
#2437 = ORIENTED_EDGE ( 'NONE', *, *, #6135, .F. ) ;
#2438 = ORIENTED_EDGE ( 'NONE', *, *, #9419, .F. ) ;
#2439 = AXIS2_PLACEMENT_3D ( 'NONE', #3443, #838, #6817 ) ;
#2440 = CARTESIAN_POINT ( 'NONE',  ( -7.872481210540186680, 77.26293275539438810, 144.7245872019582578 ) ) ;
#2441 = ORIENTED_EDGE ( 'NONE', *, *, #5060, .T. ) ;
#2442 = DIRECTION ( 'NONE',  ( 0.1013672451882220160, -0.9948490747861964412, 0.000000000000000000 ) ) ;
#2443 = ADVANCED_FACE ( 'NONE', ( #10919 ), #104, .T. ) ;
#2444 = CARTESIAN_POINT ( 'NONE',  ( 2.909699430436302858, 50.60852167211400143, 105.4200000000005701 ) ) ;
#2445 = DIRECTION ( 'NONE',  ( 0.5019378298181175202, 0.000000000000000000, -0.8649037027308175141 ) ) ;
#2446 = EDGE_CURVE ( 'NONE', #7955, #1244, #60, .T. ) ;
#2447 = VERTEX_POINT ( 'NONE', #2825 ) ;
#2448 = EDGE_LOOP ( 'NONE', ( #5053, #7599, #10330, #5466 ) ) ;
#2449 = DIRECTION ( 'NONE',  ( -0.4974245373930951675, -0.05068362259411070270, -0.8660254037844403729 ) ) ;
#2450 = LINE ( 'NONE', #4371, #1217 ) ;
#2451 = LINE ( 'NONE', #5997, #1958 ) ;
#2452 = ADVANCED_FACE ( 'NONE', ( #6376 ), #9167, .T. ) ;
#2453 = VERTEX_POINT ( 'NONE', #9865 ) ;
#2454 = LINE ( 'NONE', #9553, #2425 ) ;
#2455 = CARTESIAN_POINT ( 'NONE',  ( -0.02454645960061480059, 47.95461868479695511, 138.9951370789045200 ) ) ;
#2456 = DIRECTION ( 'NONE',  ( -0.5019378298181174092, 0.000000000000000000, 0.8649037027308177361 ) ) ;
#2457 = CIRCLE ( 'NONE', #8964, 1.000000000000000888 ) ;
#2458 = DIRECTION ( 'NONE',  ( -0.1013672451882219883, 0.9948490747861963301, -8.666684749742561339E-34 ) ) ;
#2459 = VECTOR ( 'NONE', #5028, 1000.000000000000000 ) ;
#2460 = VERTEX_POINT ( 'NONE', #5436 ) ;
#2461 = LINE ( 'NONE', #7762, #1355 ) ;
#2462 = LINE ( 'NONE', #2635, #5431 ) ;
#2463 = DIRECTION ( 'NONE',  ( 1.194462602137354589E-16, 1.217062834229806583E-17, 1.000000000000000000 ) ) ;
#2464 = LINE ( 'NONE', #6010, #9752 ) ;
#2465 = ORIENTED_EDGE ( 'NONE', *, *, #541, .T. ) ;
#2466 = VECTOR ( 'NONE', #4870, 1000.000000000000114 ) ;
#2467 = DIRECTION ( 'NONE',  ( 0.1013672451882219883, -0.9948490747861964412, 1.075499326746823620E-17 ) ) ;
#2468 = ORIENTED_EDGE ( 'NONE', *, *, #8591, .T. ) ;
#2469 = DIRECTION ( 'NONE',  ( 0.1013672451882219883, -0.9948490747861964412, 1.075499326746823620E-17 ) ) ;
#2470 = DIRECTION ( 'NONE',  ( 0.9948490747861964412, 0.1013672451882218634, 3.497202527569243497E-15 ) ) ;
#2471 = VECTOR ( 'NONE', #7554, 1000.000000000000114 ) ;
#2472 = ADVANCED_FACE ( 'NONE', ( #4573 ), #10856, .T. ) ;
#2473 = ORIENTED_EDGE ( 'NONE', *, *, #3209, .F. ) ;
#2474 = CARTESIAN_POINT ( 'NONE',  ( -7.578143506410728314, 1.626501356039936175, 156.7000000000005002 ) ) ;
#2475 = ORIENTED_EDGE ( 'NONE', *, *, #4701, .F. ) ;
#2476 = FACE_OUTER_BOUND ( 'NONE', #1335, .T. ) ;
#2477 = ORIENTED_EDGE ( 'NONE', *, *, #4340, .F. ) ;
#2478 = CARTESIAN_POINT ( 'NONE',  ( -7.872481210540141383, 77.26293275539438810, 130.1343130441503320 ) ) ;
#2479 = ORIENTED_EDGE ( 'NONE', *, *, #3635, .F. ) ;
#2480 = DIRECTION ( 'NONE',  ( 0.5019378298181175202, 0.000000000000000000, -0.8649037027308175141 ) ) ;
#2481 = ORIENTED_EDGE ( 'NONE', *, *, #10000, .T. ) ;
#2482 = ORIENTED_EDGE ( 'NONE', *, *, #8181, .T. ) ;
#2483 = CARTESIAN_POINT ( 'NONE',  ( -16.12867448999835673, 76.42169201879318052, 140.5608240347547735 ) ) ;
#2484 = ADVANCED_FACE ( 'NONE', ( #9057 ), #1151, .T. ) ;
#2485 = EDGE_CURVE ( 'NONE', #4553, #3744, #778, .T. ) ;
#2486 = EDGE_LOOP ( 'NONE', ( #134, #11502, #1675, #3172 ) ) ;
#2487 = CYLINDRICAL_SURFACE ( 'NONE', #6992, 1.550000000000000933 ) ;
#2488 = CARTESIAN_POINT ( 'NONE',  ( -21.51603499205861780, 49.19785577314123515, 103.0600000000780767 ) ) ;
#2489 = LINE ( 'NONE', #6911, #10187 ) ;
#2490 = VERTEX_POINT ( 'NONE', #4483 ) ;
#2491 = CARTESIAN_POINT ( 'NONE',  ( 57.70800980243289047, 83.94506563419778900, 38.05895296034222497 ) ) ;
#2492 = ORIENTED_EDGE ( 'NONE', *, *, #7812, .T. ) ;
#2493 = ORIENTED_EDGE ( 'NONE', *, *, #10336, .T. ) ;
#2494 = EDGE_LOOP ( 'NONE', ( #6760, #5269, #1905, #1241, #158, #6446 ) ) ;
#2495 = DIRECTION ( 'NONE',  ( 1.000000000000000000, 0.000000000000000000, 3.480278902931750302E-15 ) ) ;
#2496 = VECTOR ( 'NONE', #2745, 1000.000000000000000 ) ;
#2497 = LINE ( 'NONE', #4244, #1760 ) ;
#2498 = VECTOR ( 'NONE', #515, 999.9999999999998863 ) ;
#2499 = ADVANCED_FACE ( 'NONE', ( #7103 ), #5296, .F. ) ;
#2500 = PLANE ( 'NONE',  #2165 ) ;
#2501 = FACE_OUTER_BOUND ( 'NONE', #8471, .T. ) ;
#2502 = AXIS2_PLACEMENT_3D ( 'NONE', #1554, #5086, #7883 ) ;
#2503 = ORIENTED_EDGE ( 'NONE', *, *, #4547, .T. ) ;
#2504 = ORIENTED_EDGE ( 'NONE', *, *, #8532, .T. ) ;
#2505 = DIRECTION ( 'NONE',  ( -0.9948490747861963301, -0.1013672451882221687, -0.000000000000000000 ) ) ;
#2506 = CARTESIAN_POINT ( 'NONE',  ( -13.09243430269706110, 46.62310436302099959, 125.9705498769467766 ) ) ;
#2507 = DIRECTION ( 'NONE',  ( -1.000000000000000000, 0.000000000000000000, 0.000000000000000000 ) ) ;
#2508 = LINE ( 'NONE', #6060, #281 ) ;
#2509 = EDGE_CURVE ( 'NONE', #5900, #4129, #5181, .T. ) ;
#2510 = ORIENTED_EDGE ( 'NONE', *, *, #8624, .F. ) ;
#2511 = EDGE_CURVE ( 'NONE', #353, #3712, #10590, .T. ) ;
#2512 = LINE ( 'NONE', #5184, #9669 ) ;
#2513 = CARTESIAN_POINT ( 'NONE',  ( -21.31367800001900292, 75.89338120721100722, 133.2656869558507253 ) ) ;
#2514 = VECTOR ( 'NONE', #2076, 1000.000000000000000 ) ;
#2515 = DIRECTION ( 'NONE',  ( -0.8615645716962926359, -0.08778660944464630744, 0.4999999999999969469 ) ) ;
#2516 = VECTOR ( 'NONE', #9883, 999.9999999999998863 ) ;
#2517 = DIRECTION ( 'NONE',  ( 0.5019378298181175202, 0.000000000000000000, -0.8649037027308175141 ) ) ;
#2518 = VERTEX_POINT ( 'NONE', #1652 ) ;
#2519 = VECTOR ( 'NONE', #8823, 999.9999999999998863 ) ;
#2520 = DIRECTION ( 'NONE',  ( 0.9948490747861963301, 0.1013672451882220715, -5.510129769479471650E-38 ) ) ;
#2521 = CARTESIAN_POINT ( 'NONE',  ( 6.863488798688985426, 48.65645494980250163, 120.4074636056117242 ) ) ;
#2522 = CARTESIAN_POINT ( 'NONE',  ( -76.71081646614135252, 70.24885133836818341, 39.94960883783132033 ) ) ;
#2523 = CARTESIAN_POINT ( 'NONE',  ( 0.09436922423786545111, -4.627973497002288994, 156.7000000000005002 ) ) ;
#2524 = VECTOR ( 'NONE', #8268, 1000.000000000000114 ) ;
#2525 = VERTEX_POINT ( 'NONE', #3380 ) ;
#2526 = FACE_BOUND ( 'NONE', #4150, .T. ) ;
#2527 = ORIENTED_EDGE ( 'NONE', *, *, #9847, .T. ) ;
#2528 = EDGE_CURVE ( 'NONE', #3071, #4676, #2622, .T. ) ;
#2529 = FACE_OUTER_BOUND ( 'NONE', #272, .T. ) ;
#2530 = EDGE_CURVE ( 'NONE', #444, #2854, #10646, .T. ) ;
#2531 = FACE_OUTER_BOUND ( 'NONE', #7030, .T. ) ;
#2532 = AXIS2_PLACEMENT_3D ( 'NONE', #2546, #7026, #10449 ) ;
#2533 = VECTOR ( 'NONE', #9918, 1000.000000000000114 ) ;
#2534 = ORIENTED_EDGE ( 'NONE', *, *, #3907, .T. ) ;
#2535 = LINE ( 'NONE', #922, #7365 ) ;
#2536 = EDGE_LOOP ( 'NONE', ( #7438, #9335, #6523, #8329 ) ) ;
#2537 = LINE ( 'NONE', #4396, #9367 ) ;
#2538 = ORIENTED_EDGE ( 'NONE', *, *, #590, .T. ) ;
#2539 = CARTESIAN_POINT ( 'NONE',  ( 14.73710580834818273, 79.56149309352984744, 156.6948490747867027 ) ) ;
#2540 = VERTEX_POINT ( 'NONE', #8740 ) ;
#2541 = CARTESIAN_POINT ( 'NONE',  ( 1.102898273715029465, 105.1926481091521595, 144.7245872019582862 ) ) ;
#2542 = VERTEX_POINT ( 'NONE', #4310 ) ;
#2543 = ORIENTED_EDGE ( 'NONE', *, *, #5048, .T. ) ;
#2544 = CARTESIAN_POINT ( 'NONE',  ( -18.35560029027791984, 103.2099811449648286, 126.8365752807312248 ) ) ;
#2545 = VECTOR ( 'NONE', #7096, 999.9999999999998863 ) ;
#2546 = CARTESIAN_POINT ( 'NONE',  ( -19.84787390245720928, 103.0579302771824928, 142.2928748423236414 ) ) ;
#2547 = CARTESIAN_POINT ( 'NONE',  ( -57.25231790214841254, 72.23151830255552852, 28.65707244344248750 ) ) ;
#2548 = DIRECTION ( 'NONE',  ( -0.8615645716962893053, -0.08778660944464596050, -0.5000000000000027756 ) ) ;
#2549 = ADVANCED_FACE ( 'NONE', ( #1009 ), #8910, .F. ) ;
#2550 = EDGE_CURVE ( 'NONE', #9641, #4183, #7926, .T. ) ;
#2551 = ORIENTED_EDGE ( 'NONE', *, *, #4643, .F. ) ;
#2552 = PLANE ( 'NONE',  #1176 ) ;
#2553 = ORIENTED_EDGE ( 'NONE', *, *, #4043, .T. ) ;
#2554 = ORIENTED_EDGE ( 'NONE', *, *, #3872, .F. ) ;
#2555 = ADVANCED_FACE ( 'NONE', ( #4541 ), #5409, .T. ) ;
#2556 = ORIENTED_EDGE ( 'NONE', *, *, #8286, .F. ) ;
#2557 = CARTESIAN_POINT ( 'NONE',  ( -24.03802833769165659, 102.6309867107885481, 123.5388375173120892 ) ) ;
#2558 = VERTEX_POINT ( 'NONE', #952 ) ;
#2559 = CARTESIAN_POINT ( 'NONE',  ( -7.872481210540186680, 77.26293275539438810, 130.8339745962160521 ) ) ;
#2560 = LINE ( 'NONE', #11401, #502 ) ;
#2561 = DIRECTION ( 'NONE',  ( -1.000000000000000000, 0.000000000000000000, 0.000000000000000000 ) ) ;
#2562 = FACE_OUTER_BOUND ( 'NONE', #5179, .T. ) ;
#2563 = VERTEX_POINT ( 'NONE', #21 ) ;
#2564 = EDGE_CURVE ( 'NONE', #64, #1667, #812, .T. ) ;
#2565 = ORIENTED_EDGE ( 'NONE', *, *, #7263, .F. ) ;
#2566 = DIRECTION ( 'NONE',  ( 3.148927598275349405E-15, 3.100401161182723417E-16, -1.000000000000000000 ) ) ;
#2567 = LINE ( 'NONE', #7683, #9316 ) ;
#2568 = CARTESIAN_POINT ( 'NONE',  ( -53.06216346691392260, 72.65846186894945902, 26.22536008380780359 ) ) ;
#2569 = LINE ( 'NONE', #5182, #9365 ) ;
#2570 = EDGE_CURVE ( 'NONE', #9708, #7321, #3444, .T. ) ;
#2571 = ORIENTED_EDGE ( 'NONE', *, *, #7937, .T. ) ;
#2572 = DIRECTION ( 'NONE',  ( 0.4974245373930948899, 0.05068362259411066800, 0.8660254037844405950 ) ) ;
#2573 = CARTESIAN_POINT ( 'NONE',  ( 5.319522223566928609, 78.60709347335695441, 134.1317123596352019 ) ) ;
#2574 = CARTESIAN_POINT ( 'NONE',  ( -69.82278120785167630, 70.95068760337372282, 35.95220952234638645 ) ) ;
#2575 = VECTOR ( 'NONE', #1978, 1000.000000000000000 ) ;
#2576 = CARTESIAN_POINT ( 'NONE',  ( -16.78516420053840363, 46.24684441922120470, 143.8585617981738380 ) ) ;
#2577 = ORIENTED_EDGE ( 'NONE', *, *, #10610, .F. ) ;
#2578 = FACE_OUTER_BOUND ( 'NONE', #6963, .T. ) ;
#2579 = CARTESIAN_POINT ( 'NONE',  ( 16.35130875123438798, 72.58433249177440416, 99.31000000000055650 ) ) ;
#2580 = EDGE_CURVE ( 'NONE', #2252, #9870, #10535, .T. ) ;
#2581 = CARTESIAN_POINT ( 'NONE',  ( -7.774835134146968585, 104.2880773537701913, 134.1317123596352019 ) ) ;
#2582 = DIRECTION ( 'NONE',  ( 0.1013672451882218634, -0.9948490747861964412, 0.000000000000000000 ) ) ;
#2583 = VECTOR ( 'NONE', #7054, 1000.000000000000000 ) ;
#2584 = ORIENTED_EDGE ( 'NONE', *, *, #413, .T. ) ;
#2585 = CARTESIAN_POINT ( 'NONE',  ( -72.52066203090686258, 70.67579490476212811, 37.51789647819665419 ) ) ;
#2586 = ORIENTED_EDGE ( 'NONE', *, *, #8517, .F. ) ;
#2587 = CARTESIAN_POINT ( 'NONE',  ( -23.04317926290545770, 102.7323539559767624, 125.2708883248809855 ) ) ;
#2588 = CARTESIAN_POINT ( 'NONE',  ( -14.58470791487634521, 46.47105349523869933, 121.9731505614619067 ) ) ;
#2589 = CARTESIAN_POINT ( 'NONE',  ( -28.09107868970378163, 45.09486123388566625, 156.7000000000005002 ) ) ;
#2590 = EDGE_CURVE ( 'NONE', #9988, #8551, #9667, .T. ) ;
#2591 = VECTOR ( 'NONE', #3237, 1000.000000000000000 ) ;
#2592 = EDGE_CURVE ( 'NONE', #7793, #8051, #1706, .T. ) ;
#2593 = ORIENTED_EDGE ( 'NONE', *, *, #4864, .T. ) ;
#2594 = CARTESIAN_POINT ( 'NONE',  ( 8.355762410868278423, 48.80850581758483031, 124.4048629210965657 ) ) ;
#2595 = DIRECTION ( 'NONE',  ( 0.1013672451882219883, -0.9948490747861964412, 1.075499326746823620E-17 ) ) ;
#2596 = ORIENTED_EDGE ( 'NONE', *, *, #4933, .F. ) ;
#2597 = LINE ( 'NONE', #10441, #9935 ) ;
#2598 = ORIENTED_EDGE ( 'NONE', *, *, #10584, .T. ) ;
#2599 = LINE ( 'NONE', #10618, #2329 ) ;
#2600 = EDGE_LOOP ( 'NONE', ( #1056, #2054, #1228, #10505 ) ) ;
#2601 = ORIENTED_EDGE ( 'NONE', *, *, #7623, .T. ) ;
#2602 = DIRECTION ( 'NONE',  ( 8.706254885897552652E-17, 3.299942529224549211E-16, 1.000000000000000000 ) ) ;
#2603 = EDGE_CURVE ( 'NONE', #3291, #1512, #7638, .T. ) ;
#2604 = FACE_OUTER_BOUND ( 'NONE', #11268, .T. ) ;
#2605 = VECTOR ( 'NONE', #3616, 1000.000000000000000 ) ;
#2606 = VERTEX_POINT ( 'NONE', #7048 ) ;
#2607 = CARTESIAN_POINT ( 'NONE',  ( -25.19461618914732881, 67.66550424209313519, 103.8583453632153493 ) ) ;
#2608 = ORIENTED_EDGE ( 'NONE', *, *, #7350, .T. ) ;
#2609 = ORIENTED_EDGE ( 'NONE', *, *, #1382, .F. ) ;
#2610 = EDGE_LOOP ( 'NONE', ( #2503, #9999, #9083, #10643, #5864, #6862 ) ) ;
#2611 = EDGE_CURVE ( 'NONE', #9071, #8009, #5355, .T. ) ;
#2612 = CARTESIAN_POINT ( 'NONE',  ( -17.28258873793149419, 46.19616079662709041, 133.2656869558507822 ) ) ;
#2613 = ORIENTED_EDGE ( 'NONE', *, *, #9895, .F. ) ;
#2614 = LINE ( 'NONE', #8899, #6405 ) ;
#2615 = LINE ( 'NONE', #1470, #6439 ) ;
#2616 = DIRECTION ( 'NONE',  ( 0.1013672451882218495, -0.9948490747861963301, -1.380630436068335661E-14 ) ) ;
#2617 = LINE ( 'NONE', #895, #8805 ) ;
#2618 = VERTEX_POINT ( 'NONE', #1435 ) ;
#2619 = ORIENTED_EDGE ( 'NONE', *, *, #6711, .T. ) ;
#2620 = FACE_OUTER_BOUND ( 'NONE', #9584, .T. ) ;
#2621 = DIRECTION ( 'NONE',  ( -0.08786539972137212551, 0.8623378435136063169, -0.4986512961740965366 ) ) ;
#2622 = LINE ( 'NONE', #6169, #4507 ) ;
#2623 = CARTESIAN_POINT ( 'NONE',  ( -8.902279867462603136, 47.05004792941496561, 128.4022622365814641 ) ) ;
#2624 = EDGE_LOOP ( 'NONE', ( #7551, #3471, #2419, #3297 ) ) ;
#2625 = DIRECTION ( 'NONE',  ( 3.148927598275349405E-15, 3.100401161182723417E-16, -1.000000000000000000 ) ) ;
#2626 = EDGE_CURVE ( 'NONE', #9001, #9271, #11248, .T. ) ;
#2627 = EDGE_CURVE ( 'NONE', #5267, #11171, #10251, .T. ) ;
#2628 = CARTESIAN_POINT ( 'NONE',  ( -21.31367800001900292, 75.89338120721100722, 130.1343130441503604 ) ) ;
#2629 = DIRECTION ( 'NONE',  ( 1.000000000000000000, 0.000000000000000000, 3.480278902931750302E-15 ) ) ;
#2630 = EDGE_CURVE ( 'NONE', #2666, #1500, #5777, .T. ) ;
#2631 = DIRECTION ( 'NONE',  ( -0.4974245373931009961, -0.05068362259411093862, 0.8660254037844370423 ) ) ;
#2632 = ADVANCED_FACE ( 'NONE', ( #6712 ), #9229, .T. ) ;
#2633 = ORIENTED_EDGE ( 'NONE', *, *, #2876, .T. ) ;
#2634 = LINE ( 'NONE', #11362, #4316 ) ;
#2635 = CARTESIAN_POINT ( 'NONE',  ( 49.93050453740195138, 83.15259941682455747, 33.54535901710577406 ) ) ;
#2636 = DIRECTION ( 'NONE',  ( -1.000000000000000000, 0.000000000000000000, 0.000000000000000000 ) ) ;
#2637 = CARTESIAN_POINT ( 'NONE',  ( -14.08728337748324755, 46.52173711783281362, 125.9705498769467482 ) ) ;
#2638 = VERTEX_POINT ( 'NONE', #3160 ) ;
#2639 = CARTESIAN_POINT ( 'NONE',  ( -9.170903535240976012, 1.464211717882377028, 147.7000000000005002 ) ) ;
#2640 = VERTEX_POINT ( 'NONE', #7640 ) ;
#2641 = CARTESIAN_POINT ( 'NONE',  ( -7.277410596753866479, 104.3387609763642985, 144.7245872019582862 ) ) ;
#2642 = CARTESIAN_POINT ( 'NONE',  ( -14.76010108756873507, 46.45318231940783704, 156.7000000000005002 ) ) ;
#2643 = VECTOR ( 'NONE', #10600, 1000.000000000000114 ) ;
#2644 = DIRECTION ( 'NONE',  ( -0.1013672451882218634, 0.9948490747861964412, 0.000000000000000000 ) ) ;
#2645 = ADVANCED_FACE ( 'NONE', ( #2129 ), #3979, .F. ) ;
#2646 = EDGE_CURVE ( 'NONE', #1983, #6974, #4034, .T. ) ;
#2647 = VECTOR ( 'NONE', #4351, 999.9999999999998863 ) ;
#2648 = VECTOR ( 'NONE', #8685, 999.9999999999998863 ) ;
#2649 = DIRECTION ( 'NONE',  ( 6.903152180341684826E-18, 7.033765596924220165E-19, -1.000000000000000000 ) ) ;
#2650 = FACE_OUTER_BOUND ( 'NONE', #7412, .T. ) ;
#2651 = ORIENTED_EDGE ( 'NONE', *, *, #1432, .T. ) ;
#2652 = DIRECTION ( 'NONE',  ( -0.9948490747861963301, -0.1013672451882219605, -3.497202527569243497E-15 ) ) ;
#2653 = VERTEX_POINT ( 'NONE', #3924 ) ;
#2654 = DIRECTION ( 'NONE',  ( 0.8615645716962891942, 0.08778660944464597438, 0.5000000000000029976 ) ) ;
#2655 = EDGE_LOOP ( 'NONE', ( #8029, #1954, #9357, #6723 ) ) ;
#2656 = EDGE_LOOP ( 'NONE', ( #8653, #5222, #5873, #3891 ) ) ;
#2657 = LINE ( 'NONE', #2429, #3709 ) ;
#2658 = ADVANCED_FACE ( 'NONE', ( #7470 ), #5896, .F. ) ;
#2659 = CARTESIAN_POINT ( 'NONE',  ( -7.578143506410728314, 1.626501356039936175, 156.7000000000005002 ) ) ;
#2660 = VECTOR ( 'NONE', #5796, 1000.000000000000000 ) ;
#2661 = DIRECTION ( 'NONE',  ( -1.000000000000000000, 0.000000000000000000, 0.000000000000000000 ) ) ;
#2662 = ORIENTED_EDGE ( 'NONE', *, *, #8959, .T. ) ;
#2663 = DIRECTION ( 'NONE',  ( 0.8615645716962891942, 0.08778660944464597438, 0.5000000000000029976 ) ) ;
#2664 = EDGE_LOOP ( 'NONE', ( #9408, #8331, #1973, #8572, #3422, #370 ) ) ;
#2665 = VECTOR ( 'NONE', #5177, 1000.000000000000114 ) ;
#2666 = VERTEX_POINT ( 'NONE', #7531 ) ;
#2667 = VERTEX_POINT ( 'NONE', #5667 ) ;
#2668 = LINE ( 'NONE', #5224, #6979 ) ;
#2669 = VERTEX_POINT ( 'NONE', #396 ) ;
#2670 = CARTESIAN_POINT ( 'NONE',  ( 0.6054737363219240276, 105.1419644865580665, 134.1317123596352019 ) ) ;
#2671 = VECTOR ( 'NONE', #8602, 1000.000000000000114 ) ;
#2672 = CARTESIAN_POINT ( 'NONE',  ( -1.516820071779906964, 47.80256781701462643, 138.1291116751200434 ) ) ;
#2673 = FACE_OUTER_BOUND ( 'NONE', #10719, .T. ) ;
#2674 = FACE_OUTER_BOUND ( 'NONE', #7504, .T. ) ;
#2675 = AXIS2_PLACEMENT_3D ( 'NONE', #4543, #9841, #6234 ) ;
#2676 = EDGE_LOOP ( 'NONE', ( #5049, #135, #9880, #7628, #356, #10040 ) ) ;
#2677 = EDGE_CURVE ( 'NONE', #3124, #4354, #8039, .T. ) ;
#2678 = CARTESIAN_POINT ( 'NONE',  ( -15.65771946722276020, 103.4848738435764233, 138.1291116751200434 ) ) ;
#2679 = VECTOR ( 'NONE', #6128, 1000.000000000000000 ) ;
#2680 = LINE ( 'NONE', #1765, #10674 ) ;
#2681 = CARTESIAN_POINT ( 'NONE',  ( -4.266394499549815755, 23.37221286202454706, 125.4200000000005844 ) ) ;
#2682 = FACE_OUTER_BOUND ( 'NONE', #10873, .T. ) ;
#2683 = EDGE_LOOP ( 'NONE', ( #2543, #10972, #5964, #414 ) ) ;
#2684 = VECTOR ( 'NONE', #6288, 999.9999999999998863 ) ;
#2685 = DIRECTION ( 'NONE',  ( 0.1013672451882220160, -0.9948490747861964412, 0.000000000000000000 ) ) ;
#2686 = AXIS2_PLACEMENT_3D ( 'NONE', #11344, #6047, #9603 ) ;
#2687 = CARTESIAN_POINT ( 'NONE',  ( 6.278077729994752332, 19.52325316161342172, 150.0500000000005230 ) ) ;
#2688 = PLANE ( 'NONE',  #11456 ) ;
#2689 = VECTOR ( 'NONE', #9232, 999.9999999999998863 ) ;
#2690 = ORIENTED_EDGE ( 'NONE', *, *, #6192, .F. ) ;
#2691 = EDGE_CURVE ( 'NONE', #10230, #1087, #8520, .T. ) ;
#2692 = DIRECTION ( 'NONE',  ( 0.1013672451882219883, -0.9948490747861964412, 1.075499326746823620E-17 ) ) ;
#2693 = FACE_BOUND ( 'NONE', #10003, .T. ) ;
#2694 = SURFACE_SIDE_STYLE ('',( #8113 ) ) ;
#2695 = CARTESIAN_POINT ( 'NONE',  ( -31.40144683850304475, 67.71870472273974428, 103.0600000000005707 ) ) ;
#2696 = EDGE_CURVE ( 'NONE', #874, #5150, #8403, .T. ) ;
#2697 = ORIENTED_EDGE ( 'NONE', *, *, #8431, .F. ) ;
#2698 = CARTESIAN_POINT ( 'NONE',  ( -4.266394499549816643, 23.37221286202456128, 136.7000000000005002 ) ) ;
#2699 = VECTOR ( 'NONE', #9237, 999.9999999999998863 ) ;
#2700 = ORIENTED_EDGE ( 'NONE', *, *, #965, .F. ) ;
#2701 = EDGE_CURVE ( 'NONE', #9294, #8378, #7697, .T. ) ;
#2702 = CARTESIAN_POINT ( 'NONE',  ( -11.96498956938141589, 103.8611337873762466, 136.5634247192698467 ) ) ;
#2703 = DIRECTION ( 'NONE',  ( 0.1013672451882219605, -0.9948490747861964412, -3.081487911019578049E-33 ) ) ;
#2705 = AXIS2_PLACEMENT_3D ( 'NONE', #11324, #4400, #2480 ) ;
#2704 = DIRECTION ( 'NONE',  ( 0.4974245373930948899, 0.05068362259411066800, 0.8660254037844405950 ) ) ;
#2706 = CARTESIAN_POINT ( 'NONE',  ( 15.73195488313437806, 78.66286033871806183, 155.7000000000005002 ) ) ;
#2707 = VECTOR ( 'NONE', #7110, 999.9999999999998863 ) ;
#2708 = VECTOR ( 'NONE', #6865, 1000.000000000000114 ) ;
#2709 = CARTESIAN_POINT ( 'NONE',  ( -2.014244609173005518, 47.75188419442051924, 124.4048629210965657 ) ) ;
#2710 = LINE ( 'NONE', #222, #10831 ) ;
#2711 = VERTEX_POINT ( 'NONE', #9448 ) ;
#2712 = FACE_OUTER_BOUND ( 'NONE', #7279, .T. ) ;
#2713 = ORIENTED_EDGE ( 'NONE', *, *, #10504, .T. ) ;
#2714 = EDGE_CURVE ( 'NONE', #5928, #750, #615, .T. ) ;
#2715 = LINE ( 'NONE', #1681, #6769 ) ;
#2716 = ORIENTED_EDGE ( 'NONE', *, *, #395, .F. ) ;
#2717 = STYLED_ITEM ( 'NONE', ( #89 ), #205 ) ;
#2718 = VERTEX_POINT ( 'NONE', #8467 ) ;
#2719 = PLANE ( 'NONE',  #10777 ) ;
#2720 = VECTOR ( 'NONE', #3171, 1000.000000000000000 ) ;
#2721 = CARTESIAN_POINT ( 'NONE',  ( 2.097747348501223019, 105.2940153543403881, 139.8611624826889397 ) ) ;
#2722 = VECTOR ( 'NONE', #3513, 1000.000000000000114 ) ;
#2723 = DIRECTION ( 'NONE',  ( 0.1013672451882219883, -0.9948490747861964412, 1.075499326746823620E-17 ) ) ;
#2724 = ORIENTED_EDGE ( 'NONE', *, *, #6694, .F. ) ;
#2725 = CARTESIAN_POINT ( 'NONE',  ( -2.092407086733225619, 104.8670717879464576, 121.1071251576774870 ) ) ;
#2726 = ORIENTED_EDGE ( 'NONE', *, *, #7902, .T. ) ;
#2727 = ORIENTED_EDGE ( 'NONE', *, *, #4959, .F. ) ;
#2728 = AXIS2_PLACEMENT_3D ( 'NONE', #1820, #6341, #1173 ) ;
#2729 = ORIENTED_EDGE ( 'NONE', *, *, #9948, .T. ) ;
#2730 = DIRECTION ( 'NONE',  ( 1.000000000000000000, 0.000000000000000000, 3.480278902931750302E-15 ) ) ;
#2731 = EDGE_CURVE ( 'NONE', #1940, #6153, #10089, .T. ) ;
#2732 = EDGE_LOOP ( 'NONE', ( #1313, #3311, #10515, #4736 ) ) ;
#2733 = DIRECTION ( 'NONE',  ( 3.148927598275349405E-15, 3.100401161182723417E-16, -1.000000000000000000 ) ) ;
#2734 = PLANE ( 'NONE',  #7544 ) ;
#2735 = VECTOR ( 'NONE', #130, 999.9999999999998863 ) ;
#2736 = DIRECTION ( 'NONE',  ( 0.9948490747861963301, 0.1013672451882219744, 3.164135620181696535E-15 ) ) ;
#2737 = DIRECTION ( 'NONE',  ( 0.5019378298181115250, 0.000000000000000000, 0.8649037027308210668 ) ) ;
#2738 = EDGE_CURVE ( 'NONE', #3491, #6451, #2188, .T. ) ;
#2739 = ORIENTED_EDGE ( 'NONE', *, *, #3212, .T. ) ;
#2740 = ORIENTED_EDGE ( 'NONE', *, *, #8146, .T. ) ;
#2741 = LINE ( 'NONE', #8317, #997 ) ;
#2742 = EDGE_CURVE ( 'NONE', #1983, #2618, #7585, .T. ) ;
#2743 = CARTESIAN_POINT ( 'NONE',  ( -20.53079678397155305, 68.82633790787375005, 103.0600000000005707 ) ) ;
#2744 = DIRECTION ( 'NONE',  ( 0.9948490747861964412, 0.1013672451882221409, -0.000000000000000000 ) ) ;
#2745 = DIRECTION ( 'NONE',  ( 0.4974245373930950564, 0.05068362259411089699, 0.8660254037844403729 ) ) ;
#2746 = EDGE_LOOP ( 'NONE', ( #10, #10123, #7906, #424, #2114, #11026 ) ) ;
#2747 = FACE_OUTER_BOUND ( 'NONE', #5002, .T. ) ;
#2748 = CARTESIAN_POINT ( 'NONE',  ( -7.872481210540168917, 77.26293275539438810, 125.9705498769467482 ) ) ;
#2749 = DIRECTION ( 'NONE',  ( 0.4974245373930950564, 0.05068362259411089699, 0.8660254037844403729 ) ) ;
#2750 = FACE_OUTER_BOUND ( 'NONE', #10268, .T. ) ;
#2751 = ORIENTED_EDGE ( 'NONE', *, *, #7742, .F. ) ;
#2752 = ORIENTED_EDGE ( 'NONE', *, *, #9643, .F. ) ;
#2753 = PLANE ( 'NONE',  #5611 ) ;
#2754 = DIRECTION ( 'NONE',  ( -0.9948490747861963301, -0.1013672451882220021, 0.000000000000000000 ) ) ;
#2755 =( NAMED_UNIT ( * ) PLANE_ANGLE_UNIT ( ) SI_UNIT ( $, .RADIAN. ) );
#2756 = LINE ( 'NONE', #6303, #4922 ) ;
#2757 = ORIENTED_EDGE ( 'NONE', *, *, #4639, .F. ) ;
#2758 = DIRECTION ( 'NONE',  ( -0.9948490747861963301, -0.1013672451882219605, -3.497202527569243497E-15 ) ) ;
#2759 = ORIENTED_EDGE ( 'NONE', *, *, #5832, .F. ) ;
#2760 = PLANE ( 'NONE',  #7501 ) ;
#2761 = DIRECTION ( 'NONE',  ( -6.903152180341684056E-18, -7.033765596924220165E-19, 1.000000000000000000 ) ) ;
#2762 = VECTOR ( 'NONE', #2879, 1000.000000000000000 ) ;
#2763 = PLANE ( 'NONE',  #5927 ) ;
#2764 = EDGE_CURVE ( 'NONE', #3041, #7451, #8786, .T. ) ;
#2765 = LINE ( 'NONE', #10739, #2533 ) ;
#2766 = ADVANCED_FACE ( 'NONE', ( #2578 ), #6123, .F. ) ;
#2767 = VECTOR ( 'NONE', #3271, 1000.000000000000000 ) ;
#2768 = LINE ( 'NONE', #4630, #9402 ) ;
#2769 = CARTESIAN_POINT ( 'NONE',  ( -24.03802833769165659, 102.6309867107885481, 130.1343130441503604 ) ) ;
#2770 = ORIENTED_EDGE ( 'NONE', *, *, #8451, .T. ) ;
#2771 = CARTESIAN_POINT ( 'NONE',  ( -18.27743781271769308, 46.09479355143887602, 134.9977377634196785 ) ) ;
#2772 = VERTEX_POINT ( 'NONE', #1606 ) ;
#2773 = CARTESIAN_POINT ( 'NONE',  ( -23.99629577901511013, 48.92252677894885693, 103.3346609652387968 ) ) ;
#2774 = VERTEX_POINT ( 'NONE', #3391 ) ;
#2775 = EDGE_CURVE ( 'NONE', #2774, #9118, #10623, .T. ) ;
#2776 = DIRECTION ( 'NONE',  ( -8.141667454118532778E-17, -3.990033831470024719E-16, -1.000000000000000000 ) ) ;
#2777 = CIRCLE ( 'NONE', #7432, 1.550000000000000933 ) ;
#2778 = EDGE_CURVE ( 'NONE', #10664, #9559, #1545, .T. ) ;
#2779 = EDGE_CURVE ( 'NONE', #8767, #1500, #2634, .T. ) ;
#2780 = CARTESIAN_POINT ( 'NONE',  ( -19.84787390245720928, 103.0579302771824928, 122.8391759652463833 ) ) ;
#2781 = EDGE_CURVE ( 'NONE', #8553, #5741, #2461, .T. ) ;
#2782 = ORIENTED_EDGE ( 'NONE', *, *, #1898, .T. ) ;
#2783 = DIRECTION ( 'NONE',  ( -0.9948490747861963301, -0.1013672451882219605, -3.497202527569243497E-15 ) ) ;
#2784 = ORIENTED_EDGE ( 'NONE', *, *, #155, .F. ) ;
#2785 = EDGE_LOOP ( 'NONE', ( #7387, #4662, #10180, #2593, #4529, #7399 ) ) ;
#2786 = AXIS2_PLACEMENT_3D ( 'NONE', #9871, #1854, #4517 ) ;
#2787 = ORIENTED_EDGE ( 'NONE', *, *, #2304, .T. ) ;
#2788 = AXIS2_PLACEMENT_3D ( 'NONE', #3204, #8295, #336 ) ;
#2789 = CARTESIAN_POINT ( 'NONE',  ( -23.99629577901493249, 48.92252677894887825, 103.0600000000764567 ) ) ;
#2790 = EDGE_LOOP ( 'NONE', ( #4719, #1492, #2974, #6013 ) ) ;
#2791 = DIRECTION ( 'NONE',  ( -0.4974245373930951675, -0.05068362259411070270, -0.8660254037844403729 ) ) ;
#2792 = CARTESIAN_POINT ( 'NONE',  ( -15.65771946722276020, 103.4848738435764233, 123.5388375173120892 ) ) ;
#2793 = EDGE_CURVE ( 'NONE', #288, #9181, #6069, .T. ) ;
#2794 = CARTESIAN_POINT ( 'NONE',  ( -19.82140438783974901, 76.04543207499332880, 129.2682876403659122 ) ) ;
#2795 = VECTOR ( 'NONE', #7521, 1000.000000000000114 ) ;
#2796 = PLANE ( 'NONE',  #10159 ) ;
#2797 = CYLINDRICAL_SURFACE ( 'NONE', #5450, 1.549999999999999378 ) ;
#2798 = ORIENTED_EDGE ( 'NONE', *, *, #10174, .T. ) ;
#2799 = ORIENTED_EDGE ( 'NONE', *, *, #8853, .T. ) ;
#2800 = FACE_OUTER_BOUND ( 'NONE', #6887, .T. ) ;
#2801 = DIRECTION ( 'NONE',  ( 1.000000000000000000, 0.000000000000000000, 0.000000000000000000 ) ) ;
#2802 = ORIENTED_EDGE ( 'NONE', *, *, #2274, .T. ) ;
#2803 = CARTESIAN_POINT ( 'NONE',  ( -62.04527594282069458, 71.74315382074695435, 31.43861557910999238 ) ) ;
#2804 = EDGE_CURVE ( 'NONE', #7477, #10920, #5246, .T. ) ;
#2805 = FACE_OUTER_BOUND ( 'NONE', #2309, .T. ) ;
#2806 = CARTESIAN_POINT ( 'NONE',  ( -14.08728337748324755, 46.52173711783281362, 135.6973993154853702 ) ) ;
#2807 = ORIENTED_EDGE ( 'NONE', *, *, #7633, .F. ) ;
#2808 = ORIENTED_EDGE ( 'NONE', *, *, #9968, .F. ) ;
#2809 = ORIENTED_EDGE ( 'NONE', *, *, #6525, .T. ) ;
#2810 = DIRECTION ( 'NONE',  ( -0.9948490747861963301, -0.1013672451882219605, -3.497202527569243497E-15 ) ) ;
#2811 = DIRECTION ( 'NONE',  ( 0.4974245373930948899, 0.05068362259411066800, 0.8660254037844405950 ) ) ;
#2812 = CARTESIAN_POINT ( 'NONE',  ( -15.65771946722276020, 103.4848738435764233, 133.2656869558507253 ) ) ;
#2813 = DIRECTION ( 'NONE',  ( -0.4974245373931011072, -0.05068362259411127169, 0.8660254037844369313 ) ) ;
#2814 = ORIENTED_EDGE ( 'NONE', *, *, #3591, .T. ) ;
#2815 = CARTESIAN_POINT ( 'NONE',  ( -5.261243574335996875, 23.27084561683631136, 137.1844619224678752 ) ) ;
#2816 = VECTOR ( 'NONE', #6872, 1000.000000000000114 ) ;
#2817 = ORIENTED_EDGE ( 'NONE', *, *, #5361, .F. ) ;
#2818 = DIRECTION ( 'NONE',  ( 0.9948490747861964412, 0.1013672451882218634, 3.497202527569243497E-15 ) ) ;
#2819 = ORIENTED_EDGE ( 'NONE', *, *, #1885, .F. ) ;
#2820 = CARTESIAN_POINT ( 'NONE',  ( 8.394462847535999472, 71.77359288303684082, 99.31000000000055650 ) ) ;
#2821 = CARTESIAN_POINT ( 'NONE',  ( 7.858337873475182533, 48.75782219499071601, 125.2708883248809855 ) ) ;
#2822 = DIRECTION ( 'NONE',  ( -1.107996971693855237E-16, -1.128961201694197808E-17, -1.000000000000000000 ) ) ;
#2823 = FACE_OUTER_BOUND ( 'NONE', #7491, .T. ) ;
#2824 = CARTESIAN_POINT ( 'NONE',  ( -0.6152014920796839981, -1.664029973498892589, 156.7000000000005002 ) ) ;
#2825 = CARTESIAN_POINT ( 'NONE',  ( -21.48634488482704796, 48.90646800133402650, 105.4200000000005701 ) ) ;
#2826 = ORIENTED_EDGE ( 'NONE', *, *, #5366, .F. ) ;
#2827 = DIRECTION ( 'NONE',  ( -1.000000000000000000, 0.000000000000000000, -3.148927598275349405E-15 ) ) ;
#2828 = ORIENTED_EDGE ( 'NONE', *, *, #5925, .T. ) ;
#2829 = LINE ( 'NONE', #1972, #4185 ) ;
#2830 = VERTEX_POINT ( 'NONE', #11421 ) ;
#2831 = CARTESIAN_POINT ( 'NONE',  ( -18.85302482767101040, 103.1592975223707072, 127.7026006845156445 ) ) ;
#2832 = CARTESIAN_POINT ( 'NONE',  ( -4.214700894835060829, 47.52767511840301751, 126.8365752807312248 ) ) ;
#2833 = EDGE_CURVE ( 'NONE', #8936, #9507, #9680, .T. ) ;
#2834 = AXIS2_PLACEMENT_3D ( 'NONE', #5195, #6182, #8870 ) ;
#2835 = LINE ( 'NONE', #7957, #8336 ) ;
#2836 = VERTEX_POINT ( 'NONE', #6941 ) ;
#2837 = CARTESIAN_POINT ( 'NONE',  ( -22.54575472551236714, 102.7830375785708839, 134.1317123596352019 ) ) ;
#2838 = ORIENTED_EDGE ( 'NONE', *, *, #2997, .T. ) ;
#2839 = VECTOR ( 'NONE', #1372, 999.9999999999998863 ) ;
#2840 = EDGE_CURVE ( 'NONE', #697, #1661, #7003, .T. ) ;
#2841 = ORIENTED_EDGE ( 'NONE', *, *, #1752, .T. ) ;
#2842 = EDGE_CURVE ( 'NONE', #7909, #3877, #8636, .T. ) ;
#2843 = ORIENTED_EDGE ( 'NONE', *, *, #5017, .F. ) ;
#2844 = DIRECTION ( 'NONE',  ( 0.1013672451882219883, -0.9948490747861964412, 1.075499326746823620E-17 ) ) ;
#2845 = ORIENTED_EDGE ( 'NONE', *, *, #2918, .T. ) ;
#2846 = CARTESIAN_POINT ( 'NONE',  ( -11.46756503198831645, 103.9118174099703538, 142.2928748423236414 ) ) ;
#2847 = DIRECTION ( 'NONE',  ( 0.1013672451882219883, -0.9948490747861964412, 1.075499326746823620E-17 ) ) ;
#2848 = CARTESIAN_POINT ( 'NONE',  ( 63.99324145528454011, 84.58548098378869895, 41.70652149979424195 ) ) ;
#2849 = AXIS2_PLACEMENT_3D ( 'NONE', #9301, #3177, #5858 ) ;
#2850 = LINE ( 'NONE', #3781, #4590 ) ;
#2851 = CARTESIAN_POINT ( 'NONE',  ( -23.41796853575741366, 67.86401191401505173, 102.2471851642393972 ) ) ;
#2852 = ORIENTED_EDGE ( 'NONE', *, *, #8743, .F. ) ;
#2853 = EDGE_LOOP ( 'NONE', ( #3332, #6099, #3672, #8380 ) ) ;
#2854 = VERTEX_POINT ( 'NONE', #910 ) ;
#2855 = PLANE ( 'NONE',  #5837 ) ;
#2856 = FACE_BOUND ( 'NONE', #1970, .T. ) ;
#2857 = EDGE_CURVE ( 'NONE', #3714, #11170, #6007, .T. ) ;
#2858 = VECTOR ( 'NONE', #4680, 999.9999999999998863 ) ;
#2859 = DIRECTION ( 'NONE',  ( -0.9948490747861964412, -0.1013672451882219050, 0.000000000000000000 ) ) ;
#2860 = LINE ( 'NONE', #5473, #10494 ) ;
#2861 = CARTESIAN_POINT ( 'NONE',  ( -7.872481210540186680, 77.26293275539438810, 144.7245872019582293 ) ) ;
#2862 = AXIS2_PLACEMENT_3D ( 'NONE', #9959, #4605, #953 ) ;
#2863 = VECTOR ( 'NONE', #6841, 999.9999999999998863 ) ;
#2864 = ORIENTED_EDGE ( 'NONE', *, *, #2903, .T. ) ;
#2865 = VERTEX_POINT ( 'NONE', #1778 ) ;
#2866 = LINE ( 'NONE', #6300, #7648 ) ;
#2867 = EDGE_CURVE ( 'NONE', #8672, #2453, #11481, .T. ) ;
#2868 = FACE_BOUND ( 'NONE', #2349, .T. ) ;
#2869 = EDGE_CURVE ( 'NONE', #647, #3268, #8031, .T. ) ;
#2870 = FACE_OUTER_BOUND ( 'NONE', #1816, .T. ) ;
#2871 = DIRECTION ( 'NONE',  ( -1.194462602137354589E-16, -1.217062834229806583E-17, -1.000000000000000000 ) ) ;
#2872 = ORIENTED_EDGE ( 'NONE', *, *, #3618, .F. ) ;
#2873 = DIRECTION ( 'NONE',  ( 0.1013672451882219883, -0.9948490747861964412, 1.075499326746823620E-17 ) ) ;
#2874 = ORIENTED_EDGE ( 'NONE', *, *, #7072, .T. ) ;
#2875 = LINE ( 'NONE', #2993, #461 ) ;
#2876 = EDGE_CURVE ( 'NONE', #1579, #10587, #790, .T. ) ;
#2877 = DIRECTION ( 'NONE',  ( -0.9948490747861963301, -0.1013672451882219605, -3.497202527569243497E-15 ) ) ;
#2878 = VECTOR ( 'NONE', #2847, 999.9999999999998863 ) ;
#2879 = DIRECTION ( 'NONE',  ( 0.4974245373931012182, 0.05068362259411096638, -0.8660254037844369313 ) ) ;
#2880 = VECTOR ( 'NONE', #1679, 1000.000000000000114 ) ;
#2881 = CARTESIAN_POINT ( 'NONE',  ( -7.578143506410728314, 1.626501356039936175, 156.7000000000005002 ) ) ;
#2882 = DIRECTION ( 'NONE',  ( 0.1013672451882219883, -0.9948490747861964412, 1.075499326746823620E-17 ) ) ;
#2883 = CIRCLE ( 'NONE', #4744, 1.049999999999992273 ) ;
#2884 = FACE_OUTER_BOUND ( 'NONE', #3994, .T. ) ;
#2885 = CARTESIAN_POINT ( 'NONE',  ( -9.192627056220239012, -8.187706645253328475, 150.0500000000005230 ) ) ;
#2886 = EDGE_CURVE ( 'NONE', #180, #36, #734, .T. ) ;
#2887 = VECTOR ( 'NONE', #2339, 999.9999999999998863 ) ;
#2888 = ORIENTED_EDGE ( 'NONE', *, *, #10547, .F. ) ;
#2889 = DIRECTION ( 'NONE',  ( 0.4974245373930948899, 0.05068362259411066800, 0.8660254037844405950 ) ) ;
#2890 = ORIENTED_EDGE ( 'NONE', *, *, #9643, .T. ) ;
#2892 = FACE_OUTER_BOUND ( 'NONE', #3058, .T. ) ;
#2891 = CIRCLE ( 'NONE', #8093, 1.000000000000000666 ) ;
#2893 = EDGE_CURVE ( 'NONE', #9891, #570, #4266, .T. ) ;
#2894 = ORIENTED_EDGE ( 'NONE', *, *, #5276, .T. ) ;
#2895 = DIRECTION ( 'NONE',  ( -8.141667454118532778E-17, -3.990033831470024719E-16, -1.000000000000000000 ) ) ;
#2896 = PRODUCT_DEFINITION_CONTEXT ( 'detailed design', #8635, 'design' ) ;
#2897 = VECTOR ( 'NONE', #6424, 1000.000000000000114 ) ;
#2898 = CARTESIAN_POINT ( 'NONE',  ( -7.872481210540186680, 77.26293275539438810, 144.7245872019582293 ) ) ;
#2899 = VECTOR ( 'NONE', #3385, 1000.000000000000114 ) ;
#2900 = DIRECTION ( 'NONE',  ( -0.9948490747861963301, -0.1013672451882219605, -3.497202527569243497E-15 ) ) ;
#2901 = ORIENTED_EDGE ( 'NONE', *, *, #6104, .T. ) ;
#2902 = DIRECTION ( 'NONE',  ( 0.9948490747861963301, 0.1013672451882219744, 3.164135620181696535E-15 ) ) ;
#2903 = EDGE_CURVE ( 'NONE', #106, #5383, #4436, .T. ) ;
#2904 = VECTOR ( 'NONE', #617, 1000.000000000000114 ) ;
#2905 = ORIENTED_EDGE ( 'NONE', *, *, #882, .T. ) ;
#2906 = VERTEX_POINT ( 'NONE', #10545 ) ;
#2907 = VECTOR ( 'NONE', #5381, 999.9999999999998863 ) ;
#2908 = DIRECTION ( 'NONE',  ( -0.5019378298181174092, 0.000000000000000000, 0.8649037027308177361 ) ) ;
#2909 = EDGE_CURVE ( 'NONE', #841, #4296, #10728, .T. ) ;
#2910 = VERTEX_POINT ( 'NONE', #6357 ) ;
#2911 = DIRECTION ( 'NONE',  ( 0.1013672451882219883, -0.9948490747861964412, 1.075499326746823620E-17 ) ) ;
#2912 = CARTESIAN_POINT ( 'NONE',  ( -11.46756503198831467, 103.9118174099703538, 130.8339745962160521 ) ) ;
#2913 = VECTOR ( 'NONE', #309, 999.9999999999998863 ) ;
#2914 = CARTESIAN_POINT ( 'NONE',  ( 49.32770093196401007, 83.09117850140992800, 33.19552824107285005 ) ) ;
#2915 = EDGE_CURVE ( 'NONE', #7579, #3997, #4690, .T. ) ;
#2916 = EDGE_CURVE ( 'NONE', #6076, #2453, #6422, .T. ) ;
#2917 = CARTESIAN_POINT ( 'NONE',  ( 2.673334363454540341, 48.22951138340856403, 122.8391759652463833 ) ) ;
#2918 = EDGE_CURVE ( 'NONE', #3784, #3943, #2866, .T. ) ;
#2919 = VECTOR ( 'NONE', #102, 1000.000000000000114 ) ;
#2920 = CARTESIAN_POINT ( 'NONE',  ( -0.3629058238467713360, 78.02809903918068812, 135.6973993154853702 ) ) ;
#2921 = EDGE_LOOP ( 'NONE', ( #4957, #10220, #10593, #7508 ) ) ;
#2922 = EDGE_LOOP ( 'NONE', ( #3218, #10826, #11203, #10312 ) ) ;
#2923 = ORIENTED_EDGE ( 'NONE', *, *, #10848, .F. ) ;
#2924 = DIRECTION ( 'NONE',  ( 0.1013672451882219883, -0.9948490747861964412, 1.075499326746823620E-17 ) ) ;
#2925 = CARTESIAN_POINT ( 'NONE',  ( -19.82140438783974901, 76.04543207499334301, 134.1317123596352303 ) ) ;
#2926 = DIRECTION ( 'NONE',  ( -0.08666870560954240132, 0.8505931223490443838, 0.5186326982368834049 ) ) ;
#2927 = EDGE_CURVE ( 'NONE', #528, #10557, #5367, .T. ) ;
#2928 = ORIENTED_EDGE ( 'NONE', *, *, #9485, .F. ) ;
#2929 = EDGE_CURVE ( 'NONE', #8009, #924, #8047, .T. ) ;
#2930 = ORIENTED_EDGE ( 'NONE', *, *, #285, .T. ) ;
#2931 = CARTESIAN_POINT ( 'NONE',  ( -0.2869982004050278812, 23.77768184277744012, 137.8695945436746513 ) ) ;
#2932 = FACE_BOUND ( 'NONE', #5440, .T. ) ;
#2933 = DIRECTION ( 'NONE',  ( 0.8615645716962891942, 0.08778660944464597438, 0.5000000000000029976 ) ) ;
#2934 = PLANE ( 'NONE',  #2144 ) ;
#2935 = VERTEX_POINT ( 'NONE', #9970 ) ;
#2936 = DIRECTION ( 'NONE',  ( 0.9948490747861963301, 0.1013672451882218634, -1.200647045275744145E-16 ) ) ;
#2937 = VERTEX_POINT ( 'NONE', #2065 ) ;
#2938 = CARTESIAN_POINT ( 'NONE',  ( -2.092407086733222066, 104.8670717879464434, 142.2928748423235845 ) ) ;
#2939 = DIRECTION ( 'NONE',  ( 0.4974245373931012182, 0.05068362259411096638, -0.8660254037844369313 ) ) ;
#2940 = DIRECTION ( 'NONE',  ( 6.903152180341685597E-18, 7.033765596924229795E-19, -1.000000000000000000 ) ) ;
#2941 = LINE ( 'NONE', #5378, #2514 ) ;
#2942 = DIRECTION ( 'NONE',  ( 0.1013672451882214748, -0.9948490747861964412, 5.561599257669984758E-16 ) ) ;
#2943 = EDGE_CURVE ( 'NONE', #3326, #2711, #9148, .T. ) ;
#2944 = CARTESIAN_POINT ( 'NONE',  ( 36.75723762626071078, 81.81034780222812230, 25.90039116216880188 ) ) ;
#2945 = CARTESIAN_POINT ( 'NONE',  ( 2.673334363454540341, 48.22951138340856403, 130.8339745962160805 ) ) ;
#2946 = ORIENTED_EDGE ( 'NONE', *, *, #3807, .F. ) ;
#2947 = FACE_OUTER_BOUND ( 'NONE', #2421, .T. ) ;
#2948 = VERTEX_POINT ( 'NONE', #5538 ) ;
#2949 = DIRECTION ( 'NONE',  ( 3.148927598275349405E-15, 3.100401161182723417E-16, -1.000000000000000000 ) ) ;
#2950 = ORIENTED_EDGE ( 'NONE', *, *, #9552, .T. ) ;
#2951 = FACE_OUTER_BOUND ( 'NONE', #2093, .T. ) ;
#2952 = EDGE_CURVE ( 'NONE', #4646, #5243, #9796, .T. ) ;
#2953 = CARTESIAN_POINT ( 'NONE',  ( -11.46756503198831645, 103.9118174099703538, 122.8391759652463833 ) ) ;
#2954 = EDGE_CURVE ( 'NONE', #4848, #1785, #9905, .T. ) ;
#2955 = AXIS2_PLACEMENT_3D ( 'NONE', #176, #5510, #9067 ) ;
#2956 = DIRECTION ( 'NONE',  ( 0.4974245373931009961, 0.05068362259411126475, -0.8660254037844370423 ) ) ;
#2957 = EDGE_LOOP ( 'NONE', ( #2838, #6305, #9068, #9058 ) ) ;
#2958 = DIRECTION ( 'NONE',  ( -0.5019378298181174092, 0.000000000000000000, 0.8649037027308177361 ) ) ;
#2959 = ORIENTED_EDGE ( 'NONE', *, *, #306, .T. ) ;
#2960 = ORIENTED_EDGE ( 'NONE', *, *, #1202, .T. ) ;
#2962 = EDGE_CURVE ( 'NONE', #9439, #9001, #10657, .T. ) ;
#2961 = LINE ( 'NONE', #4423, #3956 ) ;
#2963 = EDGE_LOOP ( 'NONE', ( #1262, #6272, #8894, #4729 ) ) ;
#2964 = DIRECTION ( 'NONE',  ( -8.141667454118532778E-17, -3.990033831470024719E-16, -1.000000000000000000 ) ) ;
#2965 = ORIENTED_EDGE ( 'NONE', *, *, #8206, .T. ) ;
#2966 = DIRECTION ( 'NONE',  ( 0.1013672451882219883, -0.9948490747861964412, 1.075499326746823620E-17 ) ) ;
#2967 = LINE ( 'NONE', #7557, #11416 ) ;
#2968 = VECTOR ( 'NONE', #8215, 1000.000000000000114 ) ;
#2969 = EDGE_CURVE ( 'NONE', #2540, #1940, #8222, .T. ) ;
#2970 = FACE_OUTER_BOUND ( 'NONE', #1549, .T. ) ;
#2971 = LINE ( 'NONE', #11160, #4220 ) ;
#2972 = VECTOR ( 'NONE', #2043, 999.9999999999998863 ) ;
#2973 = LINE ( 'NONE', #6520, #7684 ) ;
#2974 = ORIENTED_EDGE ( 'NONE', *, *, #7527, .F. ) ;
#2975 = EDGE_CURVE ( 'NONE', #11395, #4830, #6244, .T. ) ;
#2976 = ORIENTED_EDGE ( 'NONE', *, *, #1174, .T. ) ;
#2977 = ORIENTED_EDGE ( 'NONE', *, *, #4981, .T. ) ;
#2978 = CARTESIAN_POINT ( 'NONE',  ( -18.35560029027791984, 103.2099811449648286, 121.9731505614619067 ) ) ;
#2979 = VECTOR ( 'NONE', #573, 999.9999999999998863 ) ;
#2980 = CARTESIAN_POINT ( 'NONE',  ( -7.578143506410728314, 1.626501356039936175, 156.7000000000005002 ) ) ;
#2981 = DIRECTION ( 'NONE',  ( -6.903152180341682515E-18, -7.033765596924227869E-19, 1.000000000000000000 ) ) ;
#2982 = VERTEX_POINT ( 'NONE', #1190 ) ;
#2983 = ORIENTED_EDGE ( 'NONE', *, *, #9735, .T. ) ;
#2984 = DIRECTION ( 'NONE',  ( 0.4974245373931009961, 0.05068362259411126475, -0.8660254037844370423 ) ) ;
#2985 = LINE ( 'NONE', #5713, #3369 ) ;
#2986 = CARTESIAN_POINT ( 'NONE',  ( -20.34529843985030695, 103.0072466545883856, 121.9731505614619067 ) ) ;
#2987 = EDGE_CURVE ( 'NONE', #5557, #10104, #3773, .T. ) ;
#2988 = CARTESIAN_POINT ( 'NONE',  ( -16.15514400461585964, 103.4341902209823161, 143.8585617981738380 ) ) ;
#2990 = ORIENTED_EDGE ( 'NONE', *, *, #9053, .F. ) ;
#2989 = ADVANCED_FACE ( 'NONE', ( #7179 ), #2753, .T. ) ;
#2991 = CARTESIAN_POINT ( 'NONE',  ( -78.20309007832061354, 70.09680047058584762, 40.81563424161571874 ) ) ;
#2992 = VERTEX_POINT ( 'NONE', #1889 ) ;
#2993 = CARTESIAN_POINT ( 'NONE',  ( -55.90404443273103396, 12.18220957149645756, 150.0500000000005230 ) ) ;
#2994 = LINE ( 'NONE', #6706, #8182 ) ;
#2995 = DIRECTION ( 'NONE',  ( -0.4974245373931011072, -0.05068362259411127169, 0.8660254037844369313 ) ) ;
#2996 = LINE ( 'NONE', #3975, #4757 ) ;
#2997 = EDGE_CURVE ( 'NONE', #10587, #11428, #1021, .T. ) ;
#2998 = PLANE ( 'NONE',  #4020 ) ;
#2999 = FACE_OUTER_BOUND ( 'NONE', #8159, .T. ) ;
#3000 = PLANE ( 'NONE',  #3400 ) ;
#3001 = ORIENTED_EDGE ( 'NONE', *, *, #10821, .T. ) ;
#3002 = DIRECTION ( 'NONE',  ( 0.9938949685030532555, 0.1103303747130158913, 0.000000000000000000 ) ) ;
#3003 = ORIENTED_EDGE ( 'NONE', *, *, #866, .T. ) ;
#3004 = CARTESIAN_POINT ( 'NONE',  ( -23.98497856708482701, 48.82057733824028389, 103.5894505508467063 ) ) ;
#3005 = ORIENTED_EDGE ( 'NONE', *, *, #6040, .F. ) ;
#3006 = FACE_BOUND ( 'NONE', #6349, .T. ) ;
#3007 = EDGE_CURVE ( 'NONE', #5145, #8005, #4556, .T. ) ;
#3008 = CARTESIAN_POINT ( 'NONE',  ( -1.324772208397245299, 9.299913550004461626, 150.0500000000005230 ) ) ;
#3009 = DIRECTION ( 'NONE',  ( 6.903152180341684826E-18, 7.033765596924220165E-19, -1.000000000000000000 ) ) ;
#3010 = ORIENTED_EDGE ( 'NONE', *, *, #193, .F. ) ;
#3011 = CARTESIAN_POINT ( 'NONE',  ( -7.872481210540152041, 77.26293275539438810, 121.1071251576774159 ) ) ;
#3012 = EDGE_LOOP ( 'NONE', ( #11108, #6916, #2009, #3911 ) ) ;
#3013 = CARTESIAN_POINT ( 'NONE',  ( -21.51603499205861780, 49.19785577314123515, 103.0600000000780767 ) ) ;
#3014 = ORIENTED_EDGE ( 'NONE', *, *, #3016, .F. ) ;
#3015 = CARTESIAN_POINT ( 'NONE',  ( 2.673334363454540341, 48.22951138340856403, 121.1071251576774301 ) ) ;
#3016 = EDGE_CURVE ( 'NONE', #10169, #766, #150, .T. ) ;
#3017 = ORIENTED_EDGE ( 'NONE', *, *, #8180, .T. ) ;
#3018 = LINE ( 'NONE', #4770, #4257 ) ;
#3019 = DIRECTION ( 'NONE',  ( -0.9948490747861964412, -0.1013672451882218634, -3.164135620181696535E-15 ) ) ;
#3020 = VECTOR ( 'NONE', #9281, 999.9999999999998863 ) ;
#3021 = CARTESIAN_POINT ( 'NONE',  ( -26.02645714701895585, 67.21093714787647855, 103.0600000000005707 ) ) ;
#3022 = VECTOR ( 'NONE', #3338, 999.9999999999998863 ) ;
#3023 = DIRECTION ( 'NONE',  ( 1.000000000000000000, 0.000000000000000000, 3.480278902931750302E-15 ) ) ;
#3024 = AXIS2_PLACEMENT_3D ( 'NONE', #10314, #4799, #8353 ) ;
#3025 = CARTESIAN_POINT ( 'NONE',  ( -26.06617769531152717, 67.56875387058212823, 102.2685456441854086 ) ) ;
#3026 = ORIENTED_EDGE ( 'NONE', *, *, #1821, .T. ) ;
#3027 = ORIENTED_EDGE ( 'NONE', *, *, #9342, .F. ) ;
#3028 = ORIENTED_EDGE ( 'NONE', *, *, #248, .F. ) ;
#3029 = VECTOR ( 'NONE', #11267, 999.9999999999998863 ) ;
#3030 = LINE ( 'NONE', #2327, #832 ) ;
#3031 = CARTESIAN_POINT ( 'NONE',  ( -23.48534779753316215, 68.52529254873003595, 103.0600000000005707 ) ) ;
#3032 = CARTESIAN_POINT ( 'NONE',  ( -14.66287039243656487, 103.5862410887646377, 142.9925363943894183 ) ) ;
#3033 = ORIENTED_EDGE ( 'NONE', *, *, #3048, .F. ) ;
#3034 = ORIENTED_EDGE ( 'NONE', *, *, #5276, .F. ) ;
#3035 = CARTESIAN_POINT ( 'NONE',  ( -7.748365619529469228, 77.27557915158104151, 137.4294501230542664 ) ) ;
#3036 = FACE_BOUND ( 'NONE', #8798, .T. ) ;
#3037 = AXIS2_PLACEMENT_3D ( 'NONE', #1841, #6252, #8543 ) ;
#3038 = CYLINDRICAL_SURFACE ( 'NONE', #7721, 1.000000000000000666 ) ;
#3039 = PLANE ( 'NONE',  #5102 ) ;
#3040 = ORIENTED_EDGE ( 'NONE', *, *, #7050, .F. ) ;
#3041 = VERTEX_POINT ( 'NONE', #1950 ) ;
#3042 = DIRECTION ( 'NONE',  ( -0.9948490747861964412, -0.1013672451882218634, -3.164135620181696535E-15 ) ) ;
#3043 = CARTESIAN_POINT ( 'NONE',  ( 8.355762410868278423, 48.80850581758483031, 134.1317123596352019 ) ) ;
#3044 = CARTESIAN_POINT ( 'NONE',  ( 1.102898273715026134, 105.1926481091521595, 139.8611624826889965 ) ) ;
#3045 = DIRECTION ( 'NONE',  ( -0.5019378298181174092, 0.000000000000000000, 0.8649037027308177361 ) ) ;
#3046 = EDGE_CURVE ( 'NONE', #156, #7694, #8167, .T. ) ;
#3047 = EDGE_CURVE ( 'NONE', #6228, #7833, #7629, .T. ) ;
#3048 = EDGE_CURVE ( 'NONE', #7437, #9641, #8510, .T. ) ;
#3049 = CARTESIAN_POINT ( 'NONE',  ( -7.872481210540170693, 77.26293275539438810, 139.8611624826889681 ) ) ;
#3050 = CARTESIAN_POINT ( 'NONE',  ( 3.668183438240737448, 48.33087862859677841, 135.6973993154854270 ) ) ;
#3051 = EDGE_CURVE ( 'NONE', #5591, #6637, #4076, .T. ) ;
#3052 = AXIS2_PLACEMENT_3D ( 'NONE', #7283, #10647, #3730 ) ;
#3053 = ORIENTED_EDGE ( 'NONE', *, *, #11295, .F. ) ;
#3054 = CARTESIAN_POINT ( 'NONE',  ( -20.96621154574849655, 48.93687933651721522, 105.4200000000005701 ) ) ;
#3055 = ORIENTED_EDGE ( 'NONE', *, *, #3275, .T. ) ;
#3056 = LINE ( 'NONE', #9337, #9386 ) ;
#3057 = AXIS2_PLACEMENT_3D ( 'NONE', #9106, #10845, #9857 ) ;
#3058 = EDGE_LOOP ( 'NONE', ( #10725, #3857, #5968, #4228 ) ) ;
#3059 = DIRECTION ( 'NONE',  ( -6.903152180341685597E-18, -7.033765596924229795E-19, 1.000000000000000000 ) ) ;
#3060 = AXIS2_PLACEMENT_3D ( 'NONE', #168, #3703, #1273 ) ;
#3061 = PLANE ( 'NONE',  #5113 ) ;
#3062 = AXIS2_PLACEMENT_3D ( 'NONE', #8414, #1278, #5786 ) ;
#3063 = DIRECTION ( 'NONE',  ( -6.903152180341685597E-18, -7.033765596924229795E-19, 1.000000000000000000 ) ) ;
#3064 = AXIS2_PLACEMENT_3D ( 'NONE', #6650, #3202, #9438 ) ;
#3065 = ADVANCED_FACE ( 'NONE', ( #4894 ), #11005, .T. ) ;
#3066 = ORIENTED_EDGE ( 'NONE', *, *, #2030, .F. ) ;
#3067 = CARTESIAN_POINT ( 'NONE',  ( -18.27743781271769308, 46.09479355143887602, 139.8611624826889965 ) ) ;
#3068 = EDGE_LOOP ( 'NONE', ( #3565, #9003, #7953, #5012 ) ) ;
#3069 = VERTEX_POINT ( 'NONE', #9435 ) ;
#3070 = CARTESIAN_POINT ( 'NONE',  ( -5.460737086723169043, 10.43105637960247556, 153.0500000000005230 ) ) ;
#3071 = VERTEX_POINT ( 'NONE', #11172 ) ;
#3072 = DIRECTION ( 'NONE',  ( -1.000000000000000000, 0.000000000000000000, 1.194462602137354589E-16 ) ) ;
#3073 = ORIENTED_EDGE ( 'NONE', *, *, #5775, .T. ) ;
#3074 = DIRECTION ( 'NONE',  ( 0.000000000000000000, -0.5205915863184743531, 0.8538058328767814675 ) ) ;
#3075 = DIRECTION ( 'NONE',  ( -0.5019378298181113029, 0.000000000000000000, -0.8649037027308211778 ) ) ;
#3076 = VECTOR ( 'NONE', #7636, 999.9999999999998863 ) ;
#3077 = VECTOR ( 'NONE', #4691, 999.9999999999998863 ) ;
#3078 = VECTOR ( 'NONE', #8897, 1000.000000000000114 ) ;
#3079 = DIRECTION ( 'NONE',  ( 0.5019378298181175202, 0.000000000000000000, -0.8649037027308175141 ) ) ;
#3080 = CYLINDRICAL_SURFACE ( 'NONE', #9055, 4.000000000000000000 ) ;
#3081 = VECTOR ( 'NONE', #4567, 1000.000000000000000 ) ;
#3082 = CARTESIAN_POINT ( 'NONE',  ( 2.097747348501219911, 105.2940153543403881, 118.6754127980428279 ) ) ;
#3083 = VERTEX_POINT ( 'NONE', #496 ) ;
#3084 = EDGE_CURVE ( 'NONE', #500, #8449, #2116, .T. ) ;
#3085 = ORIENTED_EDGE ( 'NONE', *, *, #2184, .T. ) ;
#3086 = VECTOR ( 'NONE', #67, 1000.000000000000114 ) ;
#3087 = EDGE_LOOP ( 'NONE', ( #3362, #1888, #9319, #1834, #11439, #2493 ) ) ;
#3088 = DIRECTION ( 'NONE',  ( 0.1013672451882219883, -0.9948490747861964412, 1.075499326746823620E-17 ) ) ;
#3089 = VECTOR ( 'NONE', #3937, 999.9999999999998863 ) ;
#3090 = ORIENTED_EDGE ( 'NONE', *, *, #11129, .F. ) ;
#3091 = DIRECTION ( 'NONE',  ( -0.8615645716962893053, -0.08778660944464596050, -0.5000000000000027756 ) ) ;
#3092 = VECTOR ( 'NONE', #3105, 1000.000000000000000 ) ;
#3093 = CARTESIAN_POINT ( 'NONE',  ( -7.872481210540110297, 77.26293275539438810, 120.4074636056116816 ) ) ;
#3094 = EDGE_CURVE ( 'NONE', #10629, #9577, #9375, .T. ) ;
#3095 = VERTEX_POINT ( 'NONE', #2336 ) ;
#3096 = ORIENTED_EDGE ( 'NONE', *, *, #3366, .T. ) ;
#3097 = DIRECTION ( 'NONE',  ( -0.8615645716962893053, -0.08778660944464596050, -0.5000000000000027756 ) ) ;
#3098 = FACE_BOUND ( 'NONE', #949, .T. ) ;
#3099 = DIRECTION ( 'NONE',  ( -0.4974245373931009961, -0.05068362259411093862, 0.8660254037844370423 ) ) ;
#3100 = CARTESIAN_POINT ( 'NONE',  ( 3.685778720598336999, -54.67284159234282725, 90.28313268288466986 ) ) ;
#3101 = VERTEX_POINT ( 'NONE', #6589 ) ;
#3102 = CARTESIAN_POINT ( 'NONE',  ( -4.553060259081219030, 77.60115547278674342, 123.5388375173120892 ) ) ;
#3103 = LINE ( 'NONE', #10198, #6489 ) ;
#3104 = CARTESIAN_POINT ( 'NONE',  ( 6.863488798688992532, 48.65645494980249453, 144.7245872019582862 ) ) ;
#3105 = DIRECTION ( 'NONE',  ( 0.4974245373931012182, 0.05068362259411096638, -0.8660254037844369313 ) ) ;
#3106 = DIRECTION ( 'NONE',  ( -1.000000000000000000, 0.000000000000000000, 0.000000000000000000 ) ) ;
#3107 = DIRECTION ( 'NONE',  ( -0.8615645716962893053, -0.08778660944464596050, -0.5000000000000027756 ) ) ;
#3108 = CARTESIAN_POINT ( 'NONE',  ( -11.46756503198831645, 103.9118174099703538, 127.7026006845156871 ) ) ;
#3109 = LINE ( 'NONE', #6661, #7512 ) ;
#3110 = EDGE_LOOP ( 'NONE', ( #563, #1324, #10401, #2808 ) ) ;
#3111 = DIRECTION ( 'NONE',  ( 1.000000000000000000, 0.000000000000000000, 0.000000000000000000 ) ) ;
#3112 = VERTEX_POINT ( 'NONE', #3148 ) ;
#3113 = DIRECTION ( 'NONE',  ( 0.1013672451882219605, -0.9948490747861964412, -3.081487911019578049E-33 ) ) ;
#3114 = EDGE_CURVE ( 'NONE', #10557, #5282, #2175, .T. ) ;
#3115 = CARTESIAN_POINT ( 'NONE',  ( -5.937494410993441996, 39.77289730094784659, 146.7000000000005002 ) ) ;
#3116 = CARTESIAN_POINT ( 'NONE',  ( -4.214700894835060829, 47.52767511840301751, 136.5634247192698467 ) ) ;
#3117 = EDGE_LOOP ( 'NONE', ( #2164, #2930, #5651, #7001, #8513, #6645 ) ) ;
#3118 = DIRECTION ( 'NONE',  ( -3.480278902931750302E-15, -3.438021909835086216E-16, 1.000000000000000000 ) ) ;
#3119 = ORIENTED_EDGE ( 'NONE', *, *, #6327, .F. ) ;
#3120 = FACE_OUTER_BOUND ( 'NONE', #5484, .T. ) ;
#3121 = ORIENTED_EDGE ( 'NONE', *, *, #8611, .F. ) ;
#3122 = SPHERICAL_SURFACE ( 'NONE', #7333, 1.000000000000000000 ) ;
#3123 = CARTESIAN_POINT ( 'NONE',  ( -1.516820071779906964, 47.80256781701462643, 125.2708883248810423 ) ) ;
#3124 = VERTEX_POINT ( 'NONE', #9212 ) ;
#3125 = CARTESIAN_POINT ( 'NONE',  ( -24.24968674125156909, -2.470851110924841443, 2.933498895186788696E-15 ) ) ;
#3126 = DIRECTION ( 'NONE',  ( 1.000000000000000000, 0.000000000000000000, 3.480278902931750302E-15 ) ) ;
#3127 = EDGE_CURVE ( 'NONE', #7675, #7681, #1539, .T. ) ;
#3128 = EDGE_CURVE ( 'NONE', #2718, #8856, #2281, .T. ) ;
#3129 = VECTOR ( 'NONE', #3009, 1000.000000000000000 ) ;
#3130 = EDGE_CURVE ( 'NONE', #3191, #5836, #6530, .T. ) ;
#3131 = VERTEX_POINT ( 'NONE', #2229 ) ;
#3132 = CARTESIAN_POINT ( 'NONE',  ( -26.04053986109924068, 67.33779920833161725, 103.6488765713901330 ) ) ;
#3133 = ADVANCED_FACE ( 'NONE', ( #1358 ), #8340, .T. ) ;
#3134 = CARTESIAN_POINT ( 'NONE',  ( 6.278077729994752332, 19.52325316161342172, 150.0500000000005230 ) ) ;
#3135 = DIRECTION ( 'NONE',  ( -0.9948490747861963301, -0.1013672451882219605, -3.497202527569243497E-15 ) ) ;
#3136 = ORIENTED_EDGE ( 'NONE', *, *, #3273, .T. ) ;
#3137 = VERTEX_POINT ( 'NONE', #3913 ) ;
#3138 = AXIS2_PLACEMENT_3D ( 'NONE', #8102, #141, #3678 ) ;
#3139 = VERTEX_POINT ( 'NONE', #3035 ) ;
#3140 = FACE_OUTER_BOUND ( 'NONE', #11455, .T. ) ;
#3141 = EDGE_CURVE ( 'NONE', #6974, #10399, #435, .T. ) ;
#3142 = EDGE_LOOP ( 'NONE', ( #9082, #11253, #9477 ) ) ;
#3143 = DIRECTION ( 'NONE',  ( 0.9948490747861964412, 0.1013672451882220160, -1.214431771098593996E-16 ) ) ;
#3144 = AXIS2_PLACEMENT_3D ( 'NONE', #3665, #995, #3892 ) ;
#3145 = DIRECTION ( 'NONE',  ( -0.5019378298181174092, 0.000000000000000000, 0.8649037027308177361 ) ) ;
#3146 = ORIENTED_EDGE ( 'NONE', *, *, #11166, .T. ) ;
#3147 = EDGE_LOOP ( 'NONE', ( #11319, #11473, #1753, #4869 ) ) ;
#3148 = CARTESIAN_POINT ( 'NONE',  ( -21.81110253741210059, 75.84269758461690003, 129.2682876403658838 ) ) ;
#3149 = LINE ( 'NONE', #9213, #5778 ) ;
#3150 = DIRECTION ( 'NONE',  ( -0.5019378298181174092, 0.000000000000000000, 0.8649037027308177361 ) ) ;
#3151 = VECTOR ( 'NONE', #5660, 999.9999999999998863 ) ;
#3152 = ORIENTED_EDGE ( 'NONE', *, *, #7905, .T. ) ;
#3153 = EDGE_CURVE ( 'NONE', #2830, #10411, #2457, .T. ) ;
#3154 = LINE ( 'NONE', #2236, #5580 ) ;
#3155 = PLANE ( 'NONE',  #10568 ) ;
#3156 = DIRECTION ( 'NONE',  ( -0.5019378298181113029, 0.000000000000000000, -0.8649037027308211778 ) ) ;
#3157 = PLANE ( 'NONE',  #1618 ) ;
#3158 = AXIS2_PLACEMENT_3D ( 'NONE', #5771, #10244, #9327 ) ;
#3159 = ORIENTED_EDGE ( 'NONE', *, *, #4666, .T. ) ;
#3160 = CARTESIAN_POINT ( 'NONE',  ( -3.043908266419358633, 40.96971882876031401, 115.4200000000005844 ) ) ;
#3161 = FACE_OUTER_BOUND ( 'NONE', #10552, .T. ) ;
#3162 = ORIENTED_EDGE ( 'NONE', *, *, #5543, .F. ) ;
#3163 = CARTESIAN_POINT ( 'NONE',  ( -2.014244609173005518, 47.75188419442051924, 129.2682876403658838 ) ) ;
#3164 = EDGE_LOOP ( 'NONE', ( #8200, #2983, #5981, #3341, #1197, #1678 ) ) ;
#3165 = CARTESIAN_POINT ( 'NONE',  ( -0.2869982004050292135, 23.77768184277744012, 115.4200000000005844 ) ) ;
#3166 = ORIENTED_EDGE ( 'NONE', *, *, #10088, .T. ) ;
#3167 = LINE ( 'NONE', #5845, #6510 ) ;
#3168 = PLANE ( 'NONE',  #7157 ) ;
#3169 = ADVANCED_FACE ( 'NONE', ( #8392 ), #10240, .T. ) ;
#3170 = ORIENTED_EDGE ( 'NONE', *, *, #1860, .F. ) ;
#3171 = DIRECTION ( 'NONE',  ( 6.903152180341684826E-18, 7.033765596924220165E-19, -1.000000000000000000 ) ) ;
#3172 = ORIENTED_EDGE ( 'NONE', *, *, #11461, .F. ) ;
#3173 = ORIENTED_EDGE ( 'NONE', *, *, #3435, .T. ) ;
#3174 = CARTESIAN_POINT ( 'NONE',  ( 15.67725026529431709, 79.19974815039400085, 156.2396675991198265 ) ) ;
#3175 = ORIENTED_EDGE ( 'NONE', *, *, #5281, .T. ) ;
#3176 = DIRECTION ( 'NONE',  ( 0.000000000000000000, 0.000000000000000000, 1.000000000000000000 ) ) ;
#3177 = DIRECTION ( 'NONE',  ( -3.480278902931750302E-15, -3.438021909835086216E-16, 1.000000000000000000 ) ) ;
#3178 = ORIENTED_EDGE ( 'NONE', *, *, #4951, .F. ) ;
#3179 = CARTESIAN_POINT ( 'NONE',  ( 2.175909826061441787, 48.17882776081445684, 136.5634247192698467 ) ) ;
#3180 = CARTESIAN_POINT ( 'NONE',  ( -7.872481210540160923, 77.26293275539438810, 123.5388375173121318 ) ) ;
#3181 = CARTESIAN_POINT ( 'NONE',  ( -21.48634488484947624, 48.90646800155411000, 102.3324986633018909 ) ) ;
#3182 = DIRECTION ( 'NONE',  ( 0.9948490747861964412, 0.1013672451882218634, 3.497202527569243497E-15 ) ) ;
#3183 = EDGE_CURVE ( 'NONE', #9878, #8971, #1419, .T. ) ;
#3184 = DIRECTION ( 'NONE',  ( -3.480278902931750302E-15, -3.438021909835086216E-16, 1.000000000000000000 ) ) ;
#3185 = ORIENTED_EDGE ( 'NONE', *, *, #8451, .F. ) ;
#3186 = ORIENTED_EDGE ( 'NONE', *, *, #4448, .F. ) ;
#3187 = EDGE_CURVE ( 'NONE', #2428, #10617, #3860, .T. ) ;
#3188 = ORIENTED_EDGE ( 'NONE', *, *, #5632, .T. ) ;
#3189 = LINE ( 'NONE', #8381, #8071 ) ;
#3190 = VECTOR ( 'NONE', #2984, 1000.000000000000114 ) ;
#3191 = VERTEX_POINT ( 'NONE', #8619 ) ;
#3192 = CARTESIAN_POINT ( 'NONE',  ( 40.94739206149513677, 82.23729136862205280, 28.33210352180348224 ) ) ;
#3193 = VECTOR ( 'NONE', #1574, 999.9999999999998863 ) ;
#3194 = DIRECTION ( 'NONE',  ( -0.4974245373931009961, -0.05068362259411093862, 0.8660254037844370423 ) ) ;
#3195 = AXIS2_PLACEMENT_3D ( 'NONE', #3199, #324, #4024 ) ;
#3196 = ORIENTED_EDGE ( 'NONE', *, *, #8269, .T. ) ;
#3197 = EDGE_CURVE ( 'NONE', #9240, #10617, #593, .T. ) ;
#3198 = ORIENTED_EDGE ( 'NONE', *, *, #5337, .F. ) ;
#3199 = CARTESIAN_POINT ( 'NONE',  ( -10.47271595720211934, 104.0131846551585681, 122.8391759652463264 ) ) ;
#3200 = DIRECTION ( 'NONE',  ( 0.4974245373930948899, 0.05068362259411066800, 0.8660254037844405950 ) ) ;
#3201 = AXIS2_PLACEMENT_3D ( 'NONE', #2769, #1904, #6316 ) ;
#3202 = DIRECTION ( 'NONE',  ( 3.148927598275349405E-15, 3.100401161182723417E-16, -1.000000000000000000 ) ) ;
#3203 = ORIENTED_EDGE ( 'NONE', *, *, #10223, .T. ) ;
#3204 = CARTESIAN_POINT ( 'NONE',  ( -20.53079678397155305, 68.82633790787375005, 103.0600000000005707 ) ) ;
#3205 = CARTESIAN_POINT ( 'NONE',  ( -14.16544585504347076, 103.6369247113587591, 119.5414382018272477 ) ) ;
#3206 = CIRCLE ( 'NONE', #2139, 9.599999999999997868 ) ;
#3207 = PLANE ( 'NONE',  #5863 ) ;
#3208 = DIRECTION ( 'NONE',  ( 6.903152180341684826E-18, 7.033765596924220165E-19, -1.000000000000000000 ) ) ;
#3209 = EDGE_CURVE ( 'NONE', #6076, #8793, #835, .T. ) ;
#3210 = ORIENTED_EDGE ( 'NONE', *, *, #3354, .T. ) ;
#3211 = VECTOR ( 'NONE', #5046, 999.9999999999998863 ) ;
#3212 = EDGE_CURVE ( 'NONE', #3954, #10179, #720, .T. ) ;
#3213 = CARTESIAN_POINT ( 'NONE',  ( -5.785136984574577923, 104.4908118441466343, 138.9951370789045200 ) ) ;
#3214 = CARTESIAN_POINT ( 'NONE',  ( -29.21698270469686065, 46.27970716109721394, 103.0600000000005707 ) ) ;
#3215 = ADVANCED_FACE ( 'NONE', ( #10533 ), #8738, .F. ) ;
#3216 = CARTESIAN_POINT ( 'NONE',  ( -28.19244593489200668, 46.08971030867185448, 88.77148351815341698 ) ) ;
#3217 = CARTESIAN_POINT ( 'NONE',  ( -17.28258873793149419, 46.19616079662709041, 134.9977377634196216 ) ) ;
#3218 = ORIENTED_EDGE ( 'NONE', *, *, #9273, .T. ) ;
#3219 = DIRECTION ( 'NONE',  ( -0.9948490747861963301, -0.1013672451882219605, -3.497202527569243497E-15 ) ) ;
#3220 = VERTEX_POINT ( 'NONE', #11350 ) ;
#3221 = CARTESIAN_POINT ( 'NONE',  ( -6.204399044407451491, 47.32494062802657453, 121.9731505614619067 ) ) ;
#3222 = VECTOR ( 'NONE', #2902, 1000.000000000000114 ) ;
#3223 = DIRECTION ( 'NONE',  ( 0.1013672451882219883, -0.9948490747861964412, 1.075499326746823620E-17 ) ) ;
#3224 = ADVANCED_FACE ( 'NONE', ( #2620 ), #1531, .T. ) ;
#3225 = AXIS2_PLACEMENT_3D ( 'NONE', #4372, #3445, #11353 ) ;
#3226 = EDGE_LOOP ( 'NONE', ( #6456, #637, #9632, #8961 ) ) ;
#3227 = EDGE_CURVE ( 'NONE', #3805, #1654, #9547, .T. ) ;
#3228 = CARTESIAN_POINT ( 'NONE',  ( -23.47622474546622584, 68.43575613199931240, 87.77148351815341698 ) ) ;
#3229 = VECTOR ( 'NONE', #7240, 999.9999999999998863 ) ;
#3230 = EDGE_LOOP ( 'NONE', ( #4470, #5851, #712, #10392 ) ) ;
#3231 = EDGE_LOOP ( 'NONE', ( #514, #11109, #4634, #314 ) ) ;
#3232 = LINE ( 'NONE', #7550, #3029 ) ;
#3233 = ORIENTED_EDGE ( 'NONE', *, *, #3697, .F. ) ;
#3234 = LINE ( 'NONE', #11152, #4139 ) ;
#3235 = DIRECTION ( 'NONE',  ( 0.8615645716962927469, 0.08778660944464633520, -0.4999999999999967248 ) ) ;
#3236 = VERTEX_POINT ( 'NONE', #1704 ) ;
#3237 = DIRECTION ( 'NONE',  ( 6.903152180341684826E-18, 7.033765596924220165E-19, -1.000000000000000000 ) ) ;
#3238 = CARTESIAN_POINT ( 'NONE',  ( 6.366064261295886872, 48.60577132720839444, 124.4048629210965657 ) ) ;
#3239 = AXIS2_PLACEMENT_3D ( 'NONE', #9518, #4663, #8212 ) ;
#3240 = VECTOR ( 'NONE', #9017, 999.9999999999998863 ) ;
#3241 = ORIENTED_EDGE ( 'NONE', *, *, #556, .T. ) ;
#3242 = AXIS2_PLACEMENT_3D ( 'NONE', #8243, #8132, #6443 ) ;
#3243 = FACE_OUTER_BOUND ( 'NONE', #5159, .T. ) ;
#3244 = EDGE_CURVE ( 'NONE', #7694, #119, #3322, .T. ) ;
#3245 = CARTESIAN_POINT ( 'NONE',  ( -1.594982549340130618, 104.9177554105405790, 121.9731505614619067 ) ) ;
#3246 = PLANE ( 'NONE',  #2128 ) ;
#3247 = VERTEX_POINT ( 'NONE', #11234 ) ;
#3248 = EDGE_CURVE ( 'NONE', #3220, #9996, #3442, .T. ) ;
#3249 = EDGE_LOOP ( 'NONE', ( #8887, #270, #10343, #4924 ) ) ;
#3250 = ORIENTED_EDGE ( 'NONE', *, *, #4772, .T. ) ;
#3251 = AXIS2_PLACEMENT_3D ( 'NONE', #920, #4449, #1616 ) ;
#3252 = ORIENTED_EDGE ( 'NONE', *, *, #10131, .F. ) ;
#3253 = DIRECTION ( 'NONE',  ( 0.5019378298181115250, 0.000000000000000000, 0.8649037027308210668 ) ) ;
#3254 = AXIS2_PLACEMENT_3D ( 'NONE', #3355, #2654, #1799 ) ;
#3255 = VERTEX_POINT ( 'NONE', #4250 ) ;
#3256 = VECTOR ( 'NONE', #7062, 999.9999999999998863 ) ;
#3257 = FACE_BOUND ( 'NONE', #8046, .T. ) ;
#3258 = EDGE_CURVE ( 'NONE', #3600, #2223, #7805, .T. ) ;
#3259 = VECTOR ( 'NONE', #7302, 999.9999999999998863 ) ;
#3260 = CARTESIAN_POINT ( 'NONE',  ( -4.712125432228155830, 47.47699149580890321, 142.2928748423235845 ) ) ;
#3261 = VERTEX_POINT ( 'NONE', #7749 ) ;
#3262 = VERTEX_POINT ( 'NONE', #604 ) ;
#3263 = CARTESIAN_POINT ( 'NONE',  ( -10.47271595720211934, 104.0131846551585681, 121.1071251576774870 ) ) ;
#3264 = DIRECTION ( 'NONE',  ( -1.000000000000000000, 0.000000000000000000, 0.000000000000000000 ) ) ;
#3265 = PRESENTATION_LAYER_ASSIGNMENT (  '', '', ( #2717 ) ) ;
#3266 = CARTESIAN_POINT ( 'NONE',  ( -2.092407086733225619, 104.8670717879464576, 121.1071251576774870 ) ) ;
#3267 = VECTOR ( 'NONE', #5908, 999.9999999999998863 ) ;
#3268 = VERTEX_POINT ( 'NONE', #8562 ) ;
#3269 = CARTESIAN_POINT ( 'NONE',  ( -20.31882892523280759, 75.99474845239923582, 144.7245872019582293 ) ) ;
#3270 = AXIS2_PLACEMENT_3D ( 'NONE', #4362, #5008, #8732 ) ;
#3271 = DIRECTION ( 'NONE',  ( 0.4974245373931012182, 0.05068362259411096638, -0.8660254037844369313 ) ) ;
#3272 = CARTESIAN_POINT ( 'NONE',  ( -3.584680698912521279, 104.7150209201641360, 136.5634247192698467 ) ) ;
#3273 = EDGE_CURVE ( 'NONE', #425, #4109, #6110, .T. ) ;
#3274 = CARTESIAN_POINT ( 'NONE',  ( 4.799743540596019820, 3.045642788675047452, 150.0500000000005230 ) ) ;
#3275 = EDGE_CURVE ( 'NONE', #1512, #7384, #11468, .T. ) ;
#3276 = ORIENTED_EDGE ( 'NONE', *, *, #2111, .F. ) ;
#3277 = VECTOR ( 'NONE', #5866, 999.9999999999998863 ) ;
#3278 = DIRECTION ( 'NONE',  ( 0.9948490747861963301, 0.1013672451882219744, 3.164135620181696535E-15 ) ) ;
#3279 = CARTESIAN_POINT ( 'NONE',  ( 17.57061150527305671, 50.75260358733006427, 156.7000000000005002 ) ) ;
#3280 = LINE ( 'NONE', #1547, #3833 ) ;
#3281 = CARTESIAN_POINT ( 'NONE',  ( -9.240639231708769330, 77.12352828379870573, 126.8365752807312248 ) ) ;
#3282 = ORIENTED_EDGE ( 'NONE', *, *, #853, .T. ) ;
#3283 = LINE ( 'NONE', #10377, #8816 ) ;
#3284 = ORIENTED_EDGE ( 'NONE', *, *, #3790, .F. ) ;
#3285 = PLANE ( 'NONE',  #3536 ) ;
#3286 = DIRECTION ( 'NONE',  ( 1.107996971693855361E-16, 1.128961201694197808E-17, 1.000000000000000000 ) ) ;
#3287 = VECTOR ( 'NONE', #8025, 999.9999999999998863 ) ;
#3288 = ADVANCED_FACE ( 'NONE', ( #7046 ), #5126, .T. ) ;
#3289 = ORIENTED_EDGE ( 'NONE', *, *, #127, .T. ) ;
#3290 = LINE ( 'NONE', #7548, #6437 ) ;
#3291 = VERTEX_POINT ( 'NONE', #6816 ) ;
#3292 = DIRECTION ( 'NONE',  ( 0.1013672451882219883, -0.9948490747861964412, 1.075499326746823620E-17 ) ) ;
#3293 = VERTEX_POINT ( 'NONE', #1592 ) ;
#3294 = LINE ( 'NONE', #2422, #10679 ) ;
#3295 = VERTEX_POINT ( 'NONE', #6167 ) ;
#3296 = DIRECTION ( 'NONE',  ( 0.4974245373931012182, 0.05068362259411096638, -0.8660254037844369313 ) ) ;
#3297 = ORIENTED_EDGE ( 'NONE', *, *, #2415, .F. ) ;
#3298 = EDGE_CURVE ( 'NONE', #6906, #3425, #4131, .T. ) ;
#3299 = VERTEX_POINT ( 'NONE', #8794 ) ;
#3300 = LINE ( 'NONE', #10170, #4641 ) ;
#3301 = ORIENTED_EDGE ( 'NONE', *, *, #9088, .F. ) ;
#3302 = EDGE_CURVE ( 'NONE', #2830, #1464, #8598, .T. ) ;
#3303 = VERTEX_POINT ( 'NONE', #9610 ) ;
#3304 = CARTESIAN_POINT ( 'NONE',  ( -1.594982549340130618, 104.9177554105405790, 131.7000000000005286 ) ) ;
#3305 = DIRECTION ( 'NONE',  ( -0.8615645716962893053, -0.08778660944464596050, -0.5000000000000027756 ) ) ;
#3306 = EDGE_CURVE ( 'NONE', #7734, #11170, #10107, .T. ) ;
#3307 = EDGE_LOOP ( 'NONE', ( #10461, #5622, #1054, #4939 ) ) ;
#3308 = CARTESIAN_POINT ( 'NONE',  ( 8.355762410868278423, 48.80850581758483031, 124.4048629210965657 ) ) ;
#3309 = VERTEX_POINT ( 'NONE', #412 ) ;
#3310 = ORIENTED_EDGE ( 'NONE', *, *, #1133, .T. ) ;
#3311 = ORIENTED_EDGE ( 'NONE', *, *, #2630, .F. ) ;
#3312 = CARTESIAN_POINT ( 'NONE',  ( -5.706974507014351161, 47.37562425062068172, 130.8339745962160521 ) ) ;
#3313 = VERTEX_POINT ( 'NONE', #9186 ) ;
#3314 = CARTESIAN_POINT ( 'NONE',  ( -23.04317926290545770, 102.7323539559767624, 138.1291116751201002 ) ) ;
#3315 = VECTOR ( 'NONE', #6385, 999.9999999999998863 ) ;
#3316 = ORIENTED_EDGE ( 'NONE', *, *, #2840, .F. ) ;
#3317 = CARTESIAN_POINT ( 'NONE',  ( -65.63262677261731426, 71.37763116976765332, 33.52049716271178426 ) ) ;
#3318 = CARTESIAN_POINT ( 'NONE',  ( -28.19244593489200668, 46.08971030867184027, 88.77148351815341698 ) ) ;
#3319 = VECTOR ( 'NONE', #6000, 999.9999999999998863 ) ;
#3320 = ORIENTED_EDGE ( 'NONE', *, *, #9780, .F. ) ;
#3321 = ORIENTED_EDGE ( 'NONE', *, *, #6135, .T. ) ;
#3322 = LINE ( 'NONE', #7860, #7662 ) ;
#3323 = DIRECTION ( 'NONE',  ( 0.4974245373930948899, 0.05068362259411066800, 0.8660254037844405950 ) ) ;
#3324 = LINE ( 'NONE', #1594, #9745 ) ;
#3325 =( BOUNDED_CURVE ( )  B_SPLINE_CURVE ( 3, ( #10066, #8332, #4016, #9204 ),
 .UNSPECIFIED., .F., .F. ) 
 B_SPLINE_CURVE_WITH_KNOTS ( ( 4, 4 ),
 ( 4.712388980384677239, 6.283185307179586232 ),
 .UNSPECIFIED. ) 
 CURVE ( )  GEOMETRIC_REPRESENTATION_ITEM ( )  RATIONAL_B_SPLINE_CURVE ( ( 1.000000000000000000, 0.8047378541243619399, 0.8047378541243619399, 1.000000000000000000 ) ) 
 REPRESENTATION_ITEM ( '' )  );
#3326 = VERTEX_POINT ( 'NONE', #1284 ) ;
#3327 = CARTESIAN_POINT ( 'NONE',  ( -14.08728337748324755, 46.52173711783281362, 121.1071251576774301 ) ) ;
#3328 = VECTOR ( 'NONE', #5270, 999.9999999999998863 ) ;
#3329 = CARTESIAN_POINT ( 'NONE',  ( -55.90404443273103396, 12.18220957149645756, 150.0500000000005230 ) ) ;
#3330 = CARTESIAN_POINT ( 'NONE',  ( -6.282561521967672924, 104.4401282215525129, 128.4022622365814641 ) ) ;
#3331 = CARTESIAN_POINT ( 'NONE',  ( -23.45135027852238707, 68.19163052338750219, 100.0372883279506766 ) ) ;
#3332 = ORIENTED_EDGE ( 'NONE', *, *, #5695, .T. ) ;
#3333 = EDGE_CURVE ( 'NONE', #4994, #6261, #8368, .T. ) ;
#3334 = VECTOR ( 'NONE', #4288, 1000.000000000000114 ) ;
#3335 = EDGE_CURVE ( 'NONE', #4350, #8076, #2741, .T. ) ;
#3336 = VECTOR ( 'NONE', #2877, 1000.000000000000114 ) ;
#3337 = CARTESIAN_POINT ( 'NONE',  ( 3.364794073075954461, 2.741500067716508671, 150.0500000000005230 ) ) ;
#3338 = DIRECTION ( 'NONE',  ( -0.4974245373931009961, -0.05068362259411093862, 0.8660254037844370423 ) ) ;
#3339 = DIRECTION ( 'NONE',  ( 0.8615645716962891942, 0.08778660944464597438, 0.5000000000000029976 ) ) ;
#3340 = LINE ( 'NONE', #5142, #478 ) ;
#3341 = ORIENTED_EDGE ( 'NONE', *, *, #5509, .F. ) ;
#3342 = DIRECTION ( 'NONE',  ( -0.5019378298181174092, 0.000000000000000000, 0.8649037027308177361 ) ) ;
#3343 = VERTEX_POINT ( 'NONE', #5407 ) ;
#3344 = LINE ( 'NONE', #5085, #5573 ) ;
#3345 = DIRECTION ( 'NONE',  ( 3.148927598275349405E-15, 3.100401161182723417E-16, -1.000000000000000000 ) ) ;
#3346 = AXIS2_PLACEMENT_3D ( 'NONE', #6413, #3788, #9789 ) ;
#3347 = ORIENTED_EDGE ( 'NONE', *, *, #5358, .T. ) ;
#3348 = CARTESIAN_POINT ( 'NONE',  ( -10.83332635632782548, 17.77973654437600359, 113.3500000000005059 ) ) ;
#3349 = ORIENTED_EDGE ( 'NONE', *, *, #8173, .T. ) ;
#3350 = CARTESIAN_POINT ( 'NONE',  ( 6.877797475765183854, 23.50254020882761807, 147.7000000000005002 ) ) ;
#3351 = ORIENTED_EDGE ( 'NONE', *, *, #743, .F. ) ;
#3352 = CARTESIAN_POINT ( 'NONE',  ( 2.673334363454543450, 48.22951138340855692, 142.2928748423236414 ) ) ;
#3353 = ORIENTED_EDGE ( 'NONE', *, *, #7440, .F. ) ;
#3354 = EDGE_CURVE ( 'NONE', #7588, #8551, #2961, .T. ) ;
#3355 = CARTESIAN_POINT ( 'NONE',  ( -11.96498956938141589, 103.8611337873762466, 126.8365752807312248 ) ) ;
#3356 = ORIENTED_EDGE ( 'NONE', *, *, #11127, .F. ) ;
#3357 = ORIENTED_EDGE ( 'NONE', *, *, #1440, .T. ) ;
#3358 = DIRECTION ( 'NONE',  ( -1.000000000000000000, 0.000000000000000000, -3.148927598275349405E-15 ) ) ;
#3359 = CARTESIAN_POINT ( 'NONE',  ( -18.77486235011079074, 46.04410992884476173, 124.4048629210965657 ) ) ;
#3360 = CARTESIAN_POINT ( 'NONE',  ( -21.51603499205960190, 49.19785577315085590, 102.9263243548761011 ) ) ;
#3361 = PLANE ( 'NONE',  #5363 ) ;
#3362 = ORIENTED_EDGE ( 'NONE', *, *, #6642, .T. ) ;
#3363 = EDGE_CURVE ( 'NONE', #603, #3607, #8259, .T. ) ;
#3364 = CARTESIAN_POINT ( 'NONE',  ( 14.73710580834817740, 78.56149309352981902, 88.77148351815341698 ) ) ;
#3365 = ORIENTED_EDGE ( 'NONE', *, *, #3490, .T. ) ;
#3366 = EDGE_CURVE ( 'NONE', #7833, #353, #2150, .T. ) ;
#3367 = ORIENTED_EDGE ( 'NONE', *, *, #5072, .F. ) ;
#3368 = ORIENTED_EDGE ( 'NONE', *, *, #9702, .F. ) ;
#3369 = VECTOR ( 'NONE', #7516, 999.9999999999998863 ) ;
#3370 = CARTESIAN_POINT ( 'NONE',  ( 1.102898273715022581, 105.1926481091521737, 123.5388375173120892 ) ) ;
#3371 = VERTEX_POINT ( 'NONE', #7385 ) ;
#3372 = CARTESIAN_POINT ( 'NONE',  ( 6.863488798688985426, 48.65645494980250163, 134.9977377634196785 ) ) ;
#3373 = FACE_OUTER_BOUND ( 'NONE', #3757, .T. ) ;
#3374 = CARTESIAN_POINT ( 'NONE',  ( -1.516820071779906964, 47.80256781701462643, 138.1291116751200434 ) ) ;
#3375 = EDGE_CURVE ( 'NONE', #3474, #3714, #2094, .T. ) ;
#3376 = ORIENTED_EDGE ( 'NONE', *, *, #10121, .T. ) ;
#3377 = ORIENTED_EDGE ( 'NONE', *, *, #7394, .T. ) ;
#3378 = CARTESIAN_POINT ( 'NONE',  ( -13.09243430269705044, 46.62310436302102801, 130.8339745962161373 ) ) ;
#3379 = CARTESIAN_POINT ( 'NONE',  ( -22.54575472551236714, 102.7830375785708839, 134.1317123596352019 ) ) ;
#3380 = CARTESIAN_POINT ( 'NONE',  ( -5.706974507014352938, 47.37562425062068883, 137.4294501230543233 ) ) ;
#3381 = CARTESIAN_POINT ( 'NONE',  ( 2.097747348501226572, 105.2940153543403881, 142.9925363943894183 ) ) ;
#3382 = VERTEX_POINT ( 'NONE', #8908 ) ;
#3383 = DIRECTION ( 'NONE',  ( 0.1013672451882219883, -0.9948490747861964412, 1.075499326746823620E-17 ) ) ;
#3384 = DIRECTION ( 'NONE',  ( 0.9948490747861964412, 0.1013672451882218634, 0.000000000000000000 ) ) ;
#3385 = DIRECTION ( 'NONE',  ( -0.9948490747861963301, -0.1013672451882220021, 5.345529420184390343E-50 ) ) ;
#3386 = AXIS2_PLACEMENT_3D ( 'NONE', #7818, #675, #4211 ) ;
#3387 = FACE_OUTER_BOUND ( 'NONE', #2624, .T. ) ;
#3388 = CIRCLE ( 'NONE', #436, 1.049999999999992273 ) ;
#3389 = ORIENTED_EDGE ( 'NONE', *, *, #5815, .F. ) ;
#3390 = VECTOR ( 'NONE', #2744, 999.9999999999998863 ) ;
#3391 = CARTESIAN_POINT ( 'NONE',  ( -31.29501123105540827, 66.67411319421424309, 103.0600000000005707 ) ) ;
#3392 = PLANE ( 'NONE',  #8036 ) ;
#3393 = PLANE ( 'NONE',  #4381 ) ;
#3394 = DIRECTION ( 'NONE',  ( 0.4974245373931009961, 0.05068362259411126475, -0.8660254037844370423 ) ) ;
#3395 = ORIENTED_EDGE ( 'NONE', *, *, #8679, .F. ) ;
#3396 = CARTESIAN_POINT ( 'NONE',  ( -4.553060259081214589, 77.60115547278675763, 144.7245872019582862 ) ) ;
#3397 = ORIENTED_EDGE ( 'NONE', *, *, #7986, .F. ) ;
#3398 = CARTESIAN_POINT ( 'NONE',  ( 8.935349625867795353, 3.309095580308018203, 105.4200000000005844 ) ) ;
#3399 = CARTESIAN_POINT ( 'NONE',  ( -10.47271595720211579, 104.0131846551585681, 132.5660254037849199 ) ) ;
#3400 = AXIS2_PLACEMENT_3D ( 'NONE', #10203, #3107, #342 ) ;
#3401 = EDGE_CURVE ( 'NONE', #9141, #5267, #8032, .T. ) ;
#3402 = ADVANCED_FACE ( 'NONE', ( #299 ), #4481, .T. ) ;
#3403 = EDGE_CURVE ( 'NONE', #4380, #416, #9404, .T. ) ;
#3404 = ORIENTED_EDGE ( 'NONE', *, *, #2592, .F. ) ;
#3405 = DIRECTION ( 'NONE',  ( 0.1013672451882219883, -0.9948490747861964412, 1.075499326746823620E-17 ) ) ;
#3406 = VERTEX_POINT ( 'NONE', #4764 ) ;
#3407 = CARTESIAN_POINT ( 'NONE',  ( -14.66287039243656487, 103.5862410887646377, 139.8611624826889397 ) ) ;
#3408 = ORIENTED_EDGE ( 'NONE', *, *, #5105, .T. ) ;
#3409 = CARTESIAN_POINT ( 'NONE',  ( -71.91785842546896390, 70.73721582017675757, 37.16806570216375860 ) ) ;
#3410 = EDGE_LOOP ( 'NONE', ( #11381, #7185, #7088, #10259 ) ) ;
#3411 = CARTESIAN_POINT ( 'NONE',  ( -6.282561521967672924, 104.4401282215525129, 120.4074636056116674 ) ) ;
#3412 = ORIENTED_EDGE ( 'NONE', *, *, #7742, .T. ) ;
#3413 = VECTOR ( 'NONE', #5426, 1000.000000000000000 ) ;
#3414 = ORIENTED_EDGE ( 'NONE', *, *, #4364, .F. ) ;
#3415 = CARTESIAN_POINT ( 'NONE',  ( -16.12867448999835673, 76.42169201879318052, 121.1071251576775154 ) ) ;
#3416 = PLANE ( 'NONE',  #1991 ) ;
#3417 = VECTOR ( 'NONE', #2394, 1000.000000000000000 ) ;
#3418 = CARTESIAN_POINT ( 'NONE',  ( -0.6152014920796847752, 2.335970026501104524, 150.0500000000005230 ) ) ;
#3419 = EDGE_CURVE ( 'NONE', #4702, #5739, #358, .T. ) ;
#3420 = AXIS2_PLACEMENT_3D ( 'NONE', #8290, #2122, #1261 ) ;
#3421 = PLANE ( 'NONE',  #4804 ) ;
#3422 = ORIENTED_EDGE ( 'NONE', *, *, #1393, .T. ) ;
#3423 = FACE_OUTER_BOUND ( 'NONE', #8078, .T. ) ;
#3424 = ORIENTED_EDGE ( 'NONE', *, *, #6922, .T. ) ;
#3425 = VERTEX_POINT ( 'NONE', #11038 ) ;
#3426 = ORIENTED_EDGE ( 'NONE', *, *, #11371, .F. ) ;
#3427 = CARTESIAN_POINT ( 'NONE',  ( 5.319522223566935715, 78.60709347335695441, 129.2682876403658838 ) ) ;
#3428 = EDGE_LOOP ( 'NONE', ( #8306, #10410, #741, #6834 ) ) ;
#3429 = AXIS2_PLACEMENT_3D ( 'NONE', #2100, #4876, #3945 ) ;
#3430 = DIRECTION ( 'NONE',  ( -0.9948490747861964412, -0.1013672451882218634, -3.164135620181696535E-15 ) ) ;
#3431 = VECTOR ( 'NONE', #4688, 999.9999999999998863 ) ;
#3432 = EDGE_CURVE ( 'NONE', #10355, #9013, #6967, .T. ) ;
#3433 = DIRECTION ( 'NONE',  ( -0.8615645716962893053, -0.08778660944464596050, -0.5000000000000027756 ) ) ;
#3434 = DIRECTION ( 'NONE',  ( 0.9948490747861964412, 0.1013672451882218634, 0.000000000000000000 ) ) ;
#3435 = EDGE_CURVE ( 'NONE', #3247, #9048, #19, .T. ) ;
#3436 = VECTOR ( 'NONE', #4583, 999.9999999999998863 ) ;
#3437 = LINE ( 'NONE', #6283, #8995 ) ;
#3438 = VECTOR ( 'NONE', #8050, 1000.000000000000114 ) ;
#3439 = ORIENTED_EDGE ( 'NONE', *, *, #6632, .F. ) ;
#3440 = VERTEX_POINT ( 'NONE', #1825 ) ;
#3441 = VECTOR ( 'NONE', #9120, 1000.000000000000114 ) ;
#3442 = LINE ( 'NONE', #11292, #1180 ) ;
#3443 = CARTESIAN_POINT ( 'NONE',  ( -7.872481210539726604, 77.26293275539438810, -2.515705537777853953E-14 ) ) ;
#3444 = LINE ( 'NONE', #11352, #5988 ) ;
#3445 = DIRECTION ( 'NONE',  ( -0.8615645716962926359, -0.08778660944464630744, 0.4999999999999969469 ) ) ;
#3446 = ORIENTED_EDGE ( 'NONE', *, *, #2969, .T. ) ;
#3447 = ADVANCED_FACE ( 'NONE', ( #3608 ), #10985, .F. ) ;
#3448 = DIRECTION ( 'NONE',  ( 0.9948490747861964412, 0.1013672451882218634, 3.497202527569243497E-15 ) ) ;
#3449 = CARTESIAN_POINT ( 'NONE',  ( -7.872481210540148489, 77.26293275539438810, 132.5660254037849199 ) ) ;
#3450 = VECTOR ( 'NONE', #3511, 1000.000000000000114 ) ;
#3451 = EDGE_CURVE ( 'NONE', #4300, #9116, #7162, .T. ) ;
#3452 = CARTESIAN_POINT ( 'NONE',  ( -5.261243574336012863, 23.27084561683633268, 115.4200000000005844 ) ) ;
#3453 = VECTOR ( 'NONE', #1578, 1000.000000000000000 ) ;
#3454 = LINE ( 'NONE', #5191, #10518 ) ;
#3455 = EDGE_LOOP ( 'NONE', ( #8021, #2584, #3210, #897, #11361, #1573 ) ) ;
#3456 = EDGE_CURVE ( 'NONE', #4602, #6906, #6892, .T. ) ;
#3457 = AXIS2_PLACEMENT_3D ( 'NONE', #5852, #3118, #10163 ) ;
#3458 = CARTESIAN_POINT ( 'NONE',  ( 7.899743540596020352, 3.045642788675047452, 156.7000000000005002 ) ) ;
#3459 = LINE ( 'NONE', #4322, #6371 ) ;
#3460 = FACE_OUTER_BOUND ( 'NONE', #1934, .T. ) ;
#3461 = FACE_OUTER_BOUND ( 'NONE', #6939, .T. ) ;
#3462 = AXIS2_PLACEMENT_3D ( 'NONE', #11225, #3433, #3497 ) ;
#3463 = ORIENTED_EDGE ( 'NONE', *, *, #8568, .T. ) ;
#3464 = DIRECTION ( 'NONE',  ( -0.4974245373930951675, -0.05068362259411070270, -0.8660254037844403729 ) ) ;
#3465 = ORIENTED_EDGE ( 'NONE', *, *, #1660, .F. ) ;
#3466 = PLANE ( 'NONE',  #7872 ) ;
#3467 = FACE_OUTER_BOUND ( 'NONE', #8695, .T. ) ;
#3468 = DIRECTION ( 'NONE',  ( 0.1013672451882220021, -0.9948490747861964412, 8.666684749742563049E-34 ) ) ;
#3469 = AXIS2_PLACEMENT_3D ( 'NONE', #5774, #7526, #7583 ) ;
#3470 = EDGE_CURVE ( 'NONE', #7009, #9490, #1007, .T. ) ;
#3471 = ORIENTED_EDGE ( 'NONE', *, *, #9768, .F. ) ;
#3472 = DIRECTION ( 'NONE',  ( 6.903152180341684826E-18, 7.033765596924220165E-19, -1.000000000000000000 ) ) ;
#3473 = CARTESIAN_POINT ( 'NONE',  ( 3.827248611387678245, 78.45504260557461862, 125.2708883248810423 ) ) ;
#3474 = VERTEX_POINT ( 'NONE', #1451 ) ;
#3475 = CARTESIAN_POINT ( 'NONE',  ( -31.12731887700509859, 74.89344888965784719, 156.7000000000005002 ) ) ;
#3476 = VERTEX_POINT ( 'NONE', #1334 ) ;
#3477 = CARTESIAN_POINT ( 'NONE',  ( -3.060786646901986430, 77.75320634056907920, 143.8585617981738096 ) ) ;
#3478 = EDGE_CURVE ( 'NONE', #8391, #986, #3580, .T. ) ;
#3479 = ORIENTED_EDGE ( 'NONE', *, *, #10023, .T. ) ;
#3480 = VERTEX_POINT ( 'NONE', #11322 ) ;
#3481 = CARTESIAN_POINT ( 'NONE',  ( -14.66287039243656487, 103.5862410887646377, 118.6754127980428279 ) ) ;
#3482 = AXIS2_PLACEMENT_3D ( 'NONE', #10465, #11347, #3498 ) ;
#3483 = DIRECTION ( 'NONE',  ( -0.4974245373931009961, -0.05068362259411093862, 0.8660254037844370423 ) ) ;
#3484 = CARTESIAN_POINT ( 'NONE',  ( -23.99629577901493960, 48.92252677894887114, 103.0600000000005707 ) ) ;
#3485 = VERTEX_POINT ( 'NONE', #9347 ) ;
#3486 = DIRECTION ( 'NONE',  ( 0.000000000000000000, -0.000000000000000000, 1.000000000000000000 ) ) ;
#3487 = ORIENTED_EDGE ( 'NONE', *, *, #2030, .T. ) ;
#3488 = EDGE_CURVE ( 'NONE', #180, #8221, #2365, .T. ) ;
#3489 = VERTEX_POINT ( 'NONE', #10216 ) ;
#3490 = EDGE_CURVE ( 'NONE', #755, #9866, #10269, .T. ) ;
#3491 = VERTEX_POINT ( 'NONE', #5855 ) ;
#3492 = LINE ( 'NONE', #1815, #6572 ) ;
#3493 = ORIENTED_EDGE ( 'NONE', *, *, #4968, .F. ) ;
#3494 = CYLINDRICAL_SURFACE ( 'NONE', #4157, 1.049999999999992273 ) ;
#3495 = ADVANCED_FACE ( 'NONE', ( #9516, #5040 ), #4227, .F. ) ;
#3496 = EDGE_CURVE ( 'NONE', #5763, #3520, #580, .T. ) ;
#3497 = DIRECTION ( 'NONE',  ( -0.5019378298181174092, 0.000000000000000000, 0.8649037027308177361 ) ) ;
#3498 = DIRECTION ( 'NONE',  ( 1.000000000000000000, 0.000000000000000000, 3.480278902931750302E-15 ) ) ;
#3499 = LINE ( 'NONE', #10585, #1565 ) ;
#3500 = ORIENTED_EDGE ( 'NONE', *, *, #2446, .T. ) ;
#3501 = VERTEX_POINT ( 'NONE', #4164 ) ;
#3502 = DIRECTION ( 'NONE',  ( -0.4974245373930951675, -0.05068362259411070270, -0.8660254037844403729 ) ) ;
#3503 = DIRECTION ( 'NONE',  ( -0.8615645716962893053, -0.08778660944464596050, -0.5000000000000027756 ) ) ;
#3504 = CARTESIAN_POINT ( 'NONE',  ( -24.03802833769165659, 102.6309867107885481, 133.2656869558507253 ) ) ;
#3505 = DIRECTION ( 'NONE',  ( 0.000000000000000000, -1.000000000000000000, 0.000000000000000000 ) ) ;
#3506 = EDGE_CURVE ( 'NONE', #876, #3191, #5910, .T. ) ;
#3507 = ORIENTED_EDGE ( 'NONE', *, *, #4651, .T. ) ;
#3508 = DIRECTION ( 'NONE',  ( -0.8615645716962926359, -0.08778660944464630744, 0.4999999999999969469 ) ) ;
#3509 = LINE ( 'NONE', #6824, #2583 ) ;
#3510 = EDGE_CURVE ( 'NONE', #416, #10617, #8588, .T. ) ;
#3511 = DIRECTION ( 'NONE',  ( -0.4974245373930948344, -0.05068362259411087617, -0.8660254037844405950 ) ) ;
#3512 = AXIS2_PLACEMENT_3D ( 'NONE', #9125, #5618, #4812 ) ;
#3513 = DIRECTION ( 'NONE',  ( 0.4974245373931009961, 0.05068362259411126475, -0.8660254037844370423 ) ) ;
#3514 = ORIENTED_EDGE ( 'NONE', *, *, #3736, .T. ) ;
#3515 = CARTESIAN_POINT ( 'NONE',  ( -6.282561521967672924, 104.4401282215525129, 134.9977377634196216 ) ) ;
#3516 = DIRECTION ( 'NONE',  ( -7.841598581462557900E-17, -3.291132365970988441E-16, -1.000000000000000000 ) ) ;
#3517 = EDGE_CURVE ( 'NONE', #11407, #5383, #11204, .T. ) ;
#3518 = LINE ( 'NONE', #4269, #2138 ) ;
#3519 = AXIS2_PLACEMENT_3D ( 'NONE', #5490, #10669, #275 ) ;
#3520 = VERTEX_POINT ( 'NONE', #8423 ) ;
#3521 = FACE_OUTER_BOUND ( 'NONE', #10055, .T. ) ;
#3522 = ORIENTED_EDGE ( 'NONE', *, *, #5459, .F. ) ;
#3523 = DIRECTION ( 'NONE',  ( 0.1013672451882219883, -0.9948490747861964412, 1.075499326746823620E-17 ) ) ;
#3524 = DIRECTION ( 'NONE',  ( 6.903152180341683286E-18, 7.033765596924218239E-19, -1.000000000000000000 ) ) ;
#3525 = DIRECTION ( 'NONE',  ( -0.9948490747861964412, -0.1013672451882218634, 1.200647045275743899E-16 ) ) ;
#3526 = VECTOR ( 'NONE', #6497, 999.9999999999998863 ) ;
#3527 = DIRECTION ( 'NONE',  ( 6.903152180341685597E-18, 7.033765596924229795E-19, -1.000000000000000000 ) ) ;
#3528 = DIRECTION ( 'NONE',  ( -0.4974245373930951675, -0.05068362259411070270, -0.8660254037844403729 ) ) ;
#3529 = VERTEX_POINT ( 'NONE', #2202 ) ;
#3530 = LINE ( 'NONE', #8827, #99 ) ;
#3531 = VERTEX_POINT ( 'NONE', #5967 ) ;
#3532 = FACE_OUTER_BOUND ( 'NONE', #411, .T. ) ;
#3533 = ORIENTED_EDGE ( 'NONE', *, *, #4959, .T. ) ;
#3534 = EDGE_LOOP ( 'NONE', ( #3595, #4861, #2577, #1529 ) ) ;
#3535 = CARTESIAN_POINT ( 'NONE',  ( -3.087256161519422726, 104.7657045427582432, 132.5660254037850052 ) ) ;
#3536 = AXIS2_PLACEMENT_3D ( 'NONE', #4218, #10379, #684 ) ;
#3537 = PLANE ( 'NONE',  #2532 ) ;
#3538 = EDGE_CURVE ( 'NONE', #9242, #9679, #3232, .T. ) ;
#3539 = DIRECTION ( 'NONE',  ( 0.1013672451882219883, -0.9948490747861964412, 8.425943506694160278E-34 ) ) ;
#3540 = ORIENTED_EDGE ( 'NONE', *, *, #10767, .F. ) ;
#3541 = FACE_OUTER_BOUND ( 'NONE', #6028, .T. ) ;
#3542 = ORIENTED_EDGE ( 'NONE', *, *, #4189, .T. ) ;
#3543 = ORIENTED_EDGE ( 'NONE', *, *, #7034, .F. ) ;
#3544 = ORIENTED_EDGE ( 'NONE', *, *, #4951, .T. ) ;
#3545 = CARTESIAN_POINT ( 'NONE',  ( 52.02558175501916793, 83.36607120002152271, 34.76121519692311779 ) ) ;
#3546 = VERTEX_POINT ( 'NONE', #9409 ) ;
#3547 = DIRECTION ( 'NONE',  ( 0.1013672451882219883, -0.9948490747861964412, 1.075499326746823620E-17 ) ) ;
#3548 = LINE ( 'NONE', #2672, #9587 ) ;
#3549 = EDGE_CURVE ( 'NONE', #6451, #1750, #3294, .T. ) ;
#3550 = FACE_OUTER_BOUND ( 'NONE', #4661, .T. ) ;
#3551 = EDGE_CURVE ( 'NONE', #5817, #9938, #5740, .T. ) ;
#3552 = DIRECTION ( 'NONE',  ( -0.8615645716962893053, -0.08778660944464596050, -0.5000000000000027756 ) ) ;
#3553 = ORIENTED_EDGE ( 'NONE', *, *, #8180, .F. ) ;
#3554 = ORIENTED_EDGE ( 'NONE', *, *, #8838, .F. ) ;
#3555 = DIRECTION ( 'NONE',  ( 6.903152180341684826E-18, 7.033765596924220165E-19, -1.000000000000000000 ) ) ;
#3556 = DIRECTION ( 'NONE',  ( 0.4974245373930948899, 0.05068362259411066800, 0.8660254037844405950 ) ) ;
#3557 = DIRECTION ( 'NONE',  ( -6.903152180341684056E-18, -7.033765596924220165E-19, 1.000000000000000000 ) ) ;
#3558 = CARTESIAN_POINT ( 'NONE',  ( 6.366064261295886872, 48.60577132720839444, 119.5414382018272477 ) ) ;
#3559 = ORIENTED_EDGE ( 'NONE', *, *, #7594, .T. ) ;
#3560 = LINE ( 'NONE', #8863, #10786 ) ;
#3561 = CARTESIAN_POINT ( 'NONE',  ( -7.872481210540203556, 77.26293275539438810, 135.6973993154853702 ) ) ;
#3562 = CARTESIAN_POINT ( 'NONE',  ( -0.3629058238467709474, 78.02809903918067391, 121.1071251576774301 ) ) ;
#3563 = DIRECTION ( 'NONE',  ( 0.9948490747861963301, 0.1013672451882219744, 3.164135620181696535E-15 ) ) ;
#3564 = EDGE_CURVE ( 'NONE', #7437, #3313, #10160, .T. ) ;
#3565 = ORIENTED_EDGE ( 'NONE', *, *, #6218, .T. ) ;
#3566 = DIRECTION ( 'NONE',  ( 0.5019378298181115250, 0.000000000000000000, 0.8649037027308210668 ) ) ;
#3567 = DIRECTION ( 'NONE',  ( -3.480278902931750302E-15, -3.438021909835086216E-16, 1.000000000000000000 ) ) ;
#3568 = PLANE ( 'NONE',  #5307 ) ;
#3569 = DIRECTION ( 'NONE',  ( 6.903152180341684826E-18, 7.033765596924220165E-19, -1.000000000000000000 ) ) ;
#3570 = ORIENTED_EDGE ( 'NONE', *, *, #549, .F. ) ;
#3571 = DIRECTION ( 'NONE',  ( 0.1013672451882214748, -0.9948490747861964412, 5.561599257669984758E-16 ) ) ;
#3572 = ORIENTED_EDGE ( 'NONE', *, *, #7623, .F. ) ;
#3573 = FACE_OUTER_BOUND ( 'NONE', #5625, .T. ) ;
#3574 = LINE ( 'NONE', #40, #6688 ) ;
#3575 = VECTOR ( 'NONE', #2692, 999.9999999999998863 ) ;
#3576 = LINE ( 'NONE', #97, #10751 ) ;
#3577 = LINE ( 'NONE', #7126, #4550 ) ;
#3578 = EDGE_CURVE ( 'NONE', #8781, #8439, #5095, .T. ) ;
#3579 = ADVANCED_FACE ( 'NONE', ( #3120 ), #527, .T. ) ;
#3580 = CIRCLE ( 'NONE', #10450, 1.550000000000000266 ) ;
#3581 = FACE_OUTER_BOUND ( 'NONE', #10522, .T. ) ;
#3582 = PLANE ( 'NONE',  #3951 ) ;
#3583 = ORIENTED_EDGE ( 'NONE', *, *, #10035, .T. ) ;
#3584 = LINE ( 'NONE', #2478, #4741 ) ;
#3585 = ORIENTED_EDGE ( 'NONE', *, *, #11212, .T. ) ;
#3586 = CARTESIAN_POINT ( 'NONE',  ( -16.12867448999834963, 76.42169201879318052, 130.8339745962161373 ) ) ;
#3587 = ORIENTED_EDGE ( 'NONE', *, *, #3130, .F. ) ;
#3588 = ORIENTED_EDGE ( 'NONE', *, *, #6271, .F. ) ;
#3589 = CARTESIAN_POINT ( 'NONE',  ( -28.19244593489201733, 46.08971030867184027, 2.813434190659214060E-15 ) ) ;
#3590 = EDGE_CURVE ( 'NONE', #6392, #4602, #10087, .T. ) ;
#3591 = EDGE_CURVE ( 'NONE', #9338, #6274, #5384, .T. ) ;
#3592 = CARTESIAN_POINT ( 'NONE',  ( 6.349743540596019642, 3.045642788675047452, 113.3500000000005059 ) ) ;
#3593 = ORIENTED_EDGE ( 'NONE', *, *, #3934, .T. ) ;
#3594 = CARTESIAN_POINT ( 'NONE',  ( -16.15514400461585964, 103.4341902209823161, 138.9951370789045200 ) ) ;
#3595 = ORIENTED_EDGE ( 'NONE', *, *, #9379, .T. ) ;
#3596 = VECTOR ( 'NONE', #4601, 999.9999999999998863 ) ;
#3597 = ORIENTED_EDGE ( 'NONE', *, *, #3614, .T. ) ;
#3598 = ORIENTED_EDGE ( 'NONE', *, *, #10965, .F. ) ;
#3599 = DIRECTION ( 'NONE',  ( 0.1013672451882219883, -0.9948490747861964412, 1.075499326746823620E-17 ) ) ;
#3600 = VERTEX_POINT ( 'NONE', #8883 ) ;
#3601 = DIRECTION ( 'NONE',  ( 0.5019378298181115250, 0.000000000000000000, 0.8649037027308210668 ) ) ;
#3602 = LINE ( 'NONE', #188, #9779 ) ;
#3603 = DIRECTION ( 'NONE',  ( 0.1013672451882219883, -0.9948490747861964412, 1.075499326746823620E-17 ) ) ;
#3604 = PLANE ( 'NONE',  #4343 ) ;
#3605 = VECTOR ( 'NONE', #1707, 1000.000000000000114 ) ;
#3606 = ORIENTED_EDGE ( 'NONE', *, *, #4546, .T. ) ;
#3607 = VERTEX_POINT ( 'NONE', #5263 ) ;
#3608 = FACE_OUTER_BOUND ( 'NONE', #5536, .T. ) ;
#3609 = AXIS2_PLACEMENT_3D ( 'NONE', #4388, #7943, #11486 ) ;
#3610 = CARTESIAN_POINT ( 'NONE',  ( -15.63124995260529992, 76.47237564138727350, 121.9731505614619351 ) ) ;
#3611 = DIRECTION ( 'NONE',  ( 0.4974245373931009961, 0.05068362259411126475, -0.8660254037844370423 ) ) ;
#3612 = VECTOR ( 'NONE', #4282, 999.9999999999998863 ) ;
#3613 = DIRECTION ( 'NONE',  ( -0.4974245373931011072, -0.05068362259411127169, 0.8660254037844369313 ) ) ;
#3614 = EDGE_CURVE ( 'NONE', #3139, #5804, #925, .T. ) ;
#3615 = ORIENTED_EDGE ( 'NONE', *, *, #507, .T. ) ;
#3616 = DIRECTION ( 'NONE',  ( 0.4974245373931012182, 0.05068362259411096638, -0.8660254037844369313 ) ) ;
#3617 = VECTOR ( 'NONE', #530, 999.9999999999998863 ) ;
#3618 = EDGE_CURVE ( 'NONE', #3820, #7588, #4454, .T. ) ;
#3619 = LINE ( 'NONE', #4431, #6106 ) ;
#3620 = CARTESIAN_POINT ( 'NONE',  ( -0.5219709969937064153, 47.90393506220283371, 144.7245872019582293 ) ) ;
#3621 = CARTESIAN_POINT ( 'NONE',  ( -23.38134662890181303, 67.50459334557555735, 102.9102672779981162 ) ) ;
#3622 = AXIS2_PLACEMENT_3D ( 'NONE', #4214, #6534, #9102 ) ;
#3623 = ORIENTED_EDGE ( 'NONE', *, *, #2276, .F. ) ;
#3624 = VERTEX_POINT ( 'NONE', #6141 ) ;
#3625 = CARTESIAN_POINT ( 'NONE',  ( -7.872481210540228425, 77.26293275539438810, 142.9925363943893331 ) ) ;
#3626 = FACE_BOUND ( 'NONE', #5704, .T. ) ;
#3627 = EDGE_CURVE ( 'NONE', #3247, #1225, #6780, .T. ) ;
#3628 = LINE ( 'NONE', #7294, #11430 ) ;
#3629 = ORIENTED_EDGE ( 'NONE', *, *, #3302, .F. ) ;
#3630 = LINE ( 'NONE', #6427, #3229 ) ;
#3631 = VECTOR ( 'NONE', #4640, 999.9999999999998863 ) ;
#3632 = ORIENTED_EDGE ( 'NONE', *, *, #9318, .F. ) ;
#3633 = CARTESIAN_POINT ( 'NONE',  ( 55.61293258481565971, 83.73159385100082375, 36.84309678052487413 ) ) ;
#3634 = DIRECTION ( 'NONE',  ( 0.4974245373930950564, 0.05068362259411089699, 0.8660254037844403729 ) ) ;
#3635 = EDGE_CURVE ( 'NONE', #4281, #11110, #10616, .T. ) ;
#3637 = AXIS2_PLACEMENT_3D ( 'NONE', #9061, #2949, #9172 ) ;
#3636 = DIRECTION ( 'NONE',  ( 0.000000000000000000, -1.000000000000000000, 0.000000000000000000 ) ) ;
#3638 = LINE ( 'NONE', #6311, #3081 ) ;
#3639 = ADVANCED_FACE ( 'NONE', ( #2712 ), #7832, .T. ) ;
#3640 = CARTESIAN_POINT ( 'NONE',  ( -13.43079366694320420, 76.69658471740476102, 134.1317123596352019 ) ) ;
#3641 = VECTOR ( 'NONE', #6065, 999.9999999999998863 ) ;
#3642 = AXIS2_PLACEMENT_3D ( 'NONE', #5227, #1643, #11462 ) ;
#3643 = DIRECTION ( 'NONE',  ( -0.8615645716962926359, -0.08778660944464630744, 0.4999999999999969469 ) ) ;
#3644 = DIRECTION ( 'NONE',  ( -0.5019378298181174092, 0.000000000000000000, 0.8649037027308177361 ) ) ;
#3645 = ORIENTED_EDGE ( 'NONE', *, *, #4253, .T. ) ;
#3646 = LINE ( 'NONE', #8713, #2880 ) ;
#3647 = ORIENTED_EDGE ( 'NONE', *, *, #4582, .F. ) ;
#3648 = CARTESIAN_POINT ( 'NONE',  ( -80.29816729593781588, 69.88332868738889658, 42.03149042143303404 ) ) ;
#3649 = ORIENTED_EDGE ( 'NONE', *, *, #11021, .T. ) ;
#3650 = CARTESIAN_POINT ( 'NONE',  ( -0.6152014920796833319, 2.335970026501111629, 168.0137084989852951 ) ) ;
#3651 = VECTOR ( 'NONE', #6331, 1000.000000000000114 ) ;
#3652 = EDGE_CURVE ( 'NONE', #8015, #9039, #3530, .T. ) ;
#3653 = DIRECTION ( 'NONE',  ( 0.1013672451882219883, -0.9948490747861964412, 1.075499326746823620E-17 ) ) ;
#3654 = AXIS2_PLACEMENT_3D ( 'NONE', #731, #9793, #7000 ) ;
#3655 = CARTESIAN_POINT ( 'NONE',  ( -20.31882892523280404, 75.99474845239923582, 118.6754127980428564 ) ) ;
#3656 = ORIENTED_EDGE ( 'NONE', *, *, #3488, .F. ) ;
#3657 = PLANE ( 'NONE',  #2341 ) ;
#3658 = ORIENTED_EDGE ( 'NONE', *, *, #8583, .F. ) ;
#3659 = EDGE_CURVE ( 'NONE', #2711, #9118, #10501, .T. ) ;
#3660 = ORIENTED_EDGE ( 'NONE', *, *, #6339, .F. ) ;
#3661 = AXIS2_PLACEMENT_3D ( 'NONE', #829, #772, #2561 ) ;
#3662 = ORIENTED_EDGE ( 'NONE', *, *, #5697, .F. ) ;
#3663 = EDGE_CURVE ( 'NONE', #9679, #2435, #6083, .T. ) ;
#3664 = VERTEX_POINT ( 'NONE', #5327 ) ;
#3665 = CARTESIAN_POINT ( 'NONE',  ( -2.092407086733225619, 104.8670717879464576, 132.5660254037849484 ) ) ;
#3666 = CARTESIAN_POINT ( 'NONE',  ( -18.27743781271769308, 46.09479355143887602, 128.4022622365814073 ) ) ;
#3667 = FACE_OUTER_BOUND ( 'NONE', #9425, .T. ) ;
#3668 = AXIS2_PLACEMENT_3D ( 'NONE', #1292, #3844, #3950 ) ;
#3669 = CARTESIAN_POINT ( 'NONE',  ( -7.277410596753870031, 104.3387609763642985, 118.6754127980427853 ) ) ;
#3670 = LINE ( 'NONE', #8027, #4144 ) ;
#3671 = VERTEX_POINT ( 'NONE', #8768 ) ;
#3672 = ORIENTED_EDGE ( 'NONE', *, *, #6754, .F. ) ;
#3673 = ORIENTED_EDGE ( 'NONE', *, *, #2087, .F. ) ;
#3674 = DIRECTION ( 'NONE',  ( -0.8615645716962893053, -0.08778660944464596050, -0.5000000000000027756 ) ) ;
#3675 = CARTESIAN_POINT ( 'NONE',  ( -1.516820071779903412, 47.80256781701461932, 142.9925363943893615 ) ) ;
#3676 = ORIENTED_EDGE ( 'NONE', *, *, #9847, .F. ) ;
#3677 = SHAPE_DEFINITION_REPRESENTATION ( #1491, #10676 ) ;
#3678 = DIRECTION ( 'NONE',  ( -0.5019378298181174092, 0.000000000000000000, 0.8649037027308177361 ) ) ;
#3679 = DIRECTION ( 'NONE',  ( -0.4974245373930951675, -0.05068362259411070270, -0.8660254037844403729 ) ) ;
#3680 = CARTESIAN_POINT ( 'NONE',  ( -1.679497440656239293, 70.27587248537869868, 103.8514543557319740 ) ) ;
#3681 = VERTEX_POINT ( 'NONE', #4338 ) ;
#3682 = ORIENTED_EDGE ( 'NONE', *, *, #939, .F. ) ;
#3683 = ORIENTED_EDGE ( 'NONE', *, *, #11042, .F. ) ;
#3684 = CARTESIAN_POINT ( 'NONE',  ( 6.863488798688988979, 48.65645494980249453, 138.1291116751200434 ) ) ;
#3685 = FACE_BOUND ( 'NONE', #2217, .T. ) ;
#3686 = CARTESIAN_POINT ( 'NONE',  ( -23.04317926290545770, 102.7323539559767624, 134.9977377634196216 ) ) ;
#3687 = VERTEX_POINT ( 'NONE', #9637 ) ;
#3688 = DIRECTION ( 'NONE',  ( -0.1013672451882218634, 0.9948490747861964412, 0.000000000000000000 ) ) ;
#3689 = EDGE_CURVE ( 'NONE', #570, #3131, #8937, .T. ) ;
#3690 = EDGE_LOOP ( 'NONE', ( #9355, #3783, #8708, #11190 ) ) ;
#3691 = DIRECTION ( 'NONE',  ( 0.8615645716962927469, 0.08778660944464633520, -0.4999999999999967248 ) ) ;
#3692 = DIRECTION ( 'NONE',  ( 0.5019378298181175202, 0.000000000000000000, -0.8649037027308175141 ) ) ;
#3693 = VECTOR ( 'NONE', #2956, 1000.000000000000114 ) ;
#3694 = DIRECTION ( 'NONE',  ( 0.1013672451882219883, -0.9948490747861964412, 1.075499326746823620E-17 ) ) ;
#3695 = CARTESIAN_POINT ( 'NONE',  ( 18.56546058005923427, 50.85397083251826444, -2.681518359543301734E-15 ) ) ;
#3696 = CARTESIAN_POINT ( 'NONE',  ( -14.66287039243656487, 103.5862410887646377, 134.9977377634196216 ) ) ;
#3697 = EDGE_CURVE ( 'NONE', #4987, #914, #3646, .T. ) ;
#3698 = EDGE_CURVE ( 'NONE', #4163, #4368, #10297, .T. ) ;
#3699 = VECTOR ( 'NONE', #8040, 1000.000000000000000 ) ;
#3700 = CARTESIAN_POINT ( 'NONE',  ( 4.822097686173871800, 78.55640985076284721, 134.9977377634196216 ) ) ;
#3701 = DIRECTION ( 'NONE',  ( 0.4974245373931012182, 0.05068362259411096638, -0.8660254037844369313 ) ) ;
#3702 = VERTEX_POINT ( 'NONE', #3475 ) ;
#3703 = DIRECTION ( 'NONE',  ( 3.148927598275349405E-15, 3.100401161182723417E-16, -1.000000000000000000 ) ) ;
#3704 = VERTEX_POINT ( 'NONE', #7893 ) ;
#3705 = CARTESIAN_POINT ( 'NONE',  ( -23.99629577901493249, 48.92252677894887825, 103.0600000000005707 ) ) ;
#3706 = VERTEX_POINT ( 'NONE', #48 ) ;
#3707 = LINE ( 'NONE', #7312, #757 ) ;
#3708 = CARTESIAN_POINT ( 'NONE',  ( -7.774835134146968585, 104.2880773537701913, 134.1317123596352019 ) ) ;
#3709 = VECTOR ( 'NONE', #10566, 1000.000000000000114 ) ;
#3710 = DIRECTION ( 'NONE',  ( 0.9948490747861964412, 0.1013672451882219328, 0.000000000000000000 ) ) ;
#3711 = EDGE_CURVE ( 'NONE', #9824, #10096, #3584, .T. ) ;
#3712 = VERTEX_POINT ( 'NONE', #1850 ) ;
#3713 = CARTESIAN_POINT ( 'NONE',  ( -53.66496707235189945, 72.59704095353481534, 26.57519085984074181 ) ) ;
#3714 = VERTEX_POINT ( 'NONE', #10561 ) ;
#3715 = VERTEX_POINT ( 'NONE', #6262 ) ;
#3716 = VECTOR ( 'NONE', #7540, 1000.000000000000000 ) ;
#3717 = CARTESIAN_POINT ( 'NONE',  ( 10.36605576644691951, 52.42377837844529864, 99.31000000000057071 ) ) ;
#3718 = ORIENTED_EDGE ( 'NONE', *, *, #6823, .T. ) ;
#3719 = LINE ( 'NONE', #2154, #9471 ) ;
#3720 = DIRECTION ( 'NONE',  ( -0.9948490747861964412, -0.1013672451882218634, -3.164135620181696535E-15 ) ) ;
#3721 = CARTESIAN_POINT ( 'NONE',  ( -8.902279867462603136, 47.05004792941496561, 133.2656869558507822 ) ) ;
#3722 = EDGE_CURVE ( 'NONE', #1073, #2115, #2597, .T. ) ;
#3723 = DIRECTION ( 'NONE',  ( 0.4974245373930948899, 0.05068362259411066800, 0.8660254037844405950 ) ) ;
#3724 = EDGE_CURVE ( 'NONE', #8553, #8882, #9580, .T. ) ;
#3725 = APPLICATION_CONTEXT ( 'automotive_design' ) ;
#3726 = CARTESIAN_POINT ( 'NONE',  ( -14.66287039243656487, 103.5862410887646377, 123.5388375173121460 ) ) ;
#3727 = ORIENTED_EDGE ( 'NONE', *, *, #2943, .T. ) ;
#3728 = EDGE_LOOP ( 'NONE', ( #2787, #8337, #673, #764 ) ) ;
#3729 = CARTESIAN_POINT ( 'NONE',  ( -9.897128942248800243, 46.94868068422675123, 120.4074636056117242 ) ) ;
#3730 = DIRECTION ( 'NONE',  ( 1.000000000000000000, 0.000000000000000000, 3.480278902931750302E-15 ) ) ;
#3731 = ORIENTED_EDGE ( 'NONE', *, *, #4332, .T. ) ;
#3732 = DIRECTION ( 'NONE',  ( 0.000000000000000000, 0.000000000000000000, 1.000000000000000000 ) ) ;
#3733 = FACE_OUTER_BOUND ( 'NONE', #3851, .T. ) ;
#3734 = LINE ( 'NONE', #7343, #7530 ) ;
#3735 = CARTESIAN_POINT ( 'NONE',  ( -23.40639401089281080, 67.75041599522228353, 102.3669709261761085 ) ) ;
#3736 = EDGE_CURVE ( 'NONE', #7694, #4857, #7371, .T. ) ;
#3737 = EDGE_CURVE ( 'NONE', #6637, #5306, #6493, .T. ) ;
#3738 = VERTEX_POINT ( 'NONE', #8186 ) ;
#3739 = EDGE_LOOP ( 'NONE', ( #10215, #7804, #9029, #11123, #4480, #387, #6547, #6793, #3003, #9868, #7879, #3588, #4888, #1768, #2619, #7597, #3507, #1669, #8832, #1795 ) ) ;
#3740 = DIRECTION ( 'NONE',  ( -1.000000000000000000, 0.000000000000000000, 0.000000000000000000 ) ) ;
#3741 = FACE_BOUND ( 'NONE', #4820, .T. ) ;
#3742 =( NAMED_UNIT ( * ) SI_UNIT ( $, .STERADIAN. ) SOLID_ANGLE_UNIT ( ) );
#3743 = CARTESIAN_POINT ( 'NONE',  ( 2.595171885894318464, 105.3446989769344952, 138.9951370789045200 ) ) ;
#3744 = VERTEX_POINT ( 'NONE', #10971 ) ;
#3745 = CARTESIAN_POINT ( 'NONE',  ( 9.173379731070625098, 54.26394528805609241, 125.3534062775982250 ) ) ;
#3746 = EDGE_LOOP ( 'NONE', ( #1949, #1840, #3493, #9201 ) ) ;
#3747 = LINE ( 'NONE', #10911, #9729 ) ;
#3748 = DIRECTION ( 'NONE',  ( -1.000000000000000000, 0.000000000000000000, -3.148927598275349405E-15 ) ) ;
#3749 = CARTESIAN_POINT ( 'NONE',  ( 2.097747348501219911, 105.2940153543403881, 128.4022622365814641 ) ) ;
#3750 = LINE ( 'NONE', #9980, #7709 ) ;
#3751 = CARTESIAN_POINT ( 'NONE',  ( -2.092407086733225619, 104.8670717879464576, 127.7026006845156445 ) ) ;
#3752 = EDGE_CURVE ( 'NONE', #6055, #11231, #7308, .T. ) ;
#3753 = CARTESIAN_POINT ( 'NONE',  ( -0.5219709969937064153, 47.90393506220283371, 142.9925363943894183 ) ) ;
#3754 = CARTESIAN_POINT ( 'NONE',  ( 39.45511844931586154, 82.08524050083971701, 27.46607811801906252 ) ) ;
#3755 = ORIENTED_EDGE ( 'NONE', *, *, #11299, .F. ) ;
#3756 = DIRECTION ( 'NONE',  ( 0.4974245373931009961, 0.05068362259411126475, -0.8660254037844370423 ) ) ;
#3757 = EDGE_LOOP ( 'NONE', ( #10816, #2817, #9728, #5208, #2752, #2108, #11317, #1020, #10632, #6881, #8030, #7652, #181, #1745, #1561 ) ) ;
#3758 = LINE ( 'NONE', #6320, #11242 ) ;
#3759 = ORIENTED_EDGE ( 'NONE', *, *, #6323, .T. ) ;
#3760 = CARTESIAN_POINT ( 'NONE',  ( -11.82817543111401370, 17.67836929918778210, 113.3500000000005059 ) ) ;
#3761 = EDGE_CURVE ( 'NONE', #61, #5326, #848, .T. ) ;
#3762 = EDGE_CURVE ( 'NONE', #9828, #1011, #9000, .T. ) ;
#3763 = DIRECTION ( 'NONE',  ( -3.480278902931750302E-15, -3.438021909835086216E-16, 1.000000000000000000 ) ) ;
#3764 = EDGE_CURVE ( 'NONE', #11220, #8895, #6548, .T. ) ;
#3765 = VECTOR ( 'NONE', #452, 999.9999999999998863 ) ;
#3766 = CARTESIAN_POINT ( 'NONE',  ( 1.129367788332488853, 78.18014990696300970, 121.9731505614619067 ) ) ;
#3767 = ORIENTED_EDGE ( 'NONE', *, *, #7350, .F. ) ;
#3768 = CARTESIAN_POINT ( 'NONE',  ( -4.214700894835060829, 47.52767511840301751, 126.8365752807312248 ) ) ;
#3769 = ORIENTED_EDGE ( 'NONE', *, *, #2328, .F. ) ;
#3770 = AXIS2_PLACEMENT_3D ( 'NONE', #9921, #1966, #9115 ) ;
#3771 = ORIENTED_EDGE ( 'NONE', *, *, #5960, .F. ) ;
#3772 = ORIENTED_EDGE ( 'NONE', *, *, #3989, .T. ) ;
#3773 =( BOUNDED_CURVE ( )  B_SPLINE_CURVE ( 3, ( #3797, #962, #8284, #2931 ),
 .UNSPECIFIED., .F., .F. ) 
 B_SPLINE_CURVE_WITH_KNOTS ( ( 4, 4 ),
 ( 3.141592653589793116, 4.712388980384713655 ),
 .UNSPECIFIED. ) 
 CURVE ( )  GEOMETRIC_REPRESENTATION_ITEM ( )  RATIONAL_B_SPLINE_CURVE ( ( 1.000000000000000000, 0.8047378541243592753, 0.8047378541243592753, 1.000000000000000000 ) ) 
 REPRESENTATION_ITEM ( '' )  );
#3774 = CARTESIAN_POINT ( 'NONE',  ( -23.96398171568286273, 48.63143028769964360, 102.3324986632858895 ) ) ;
#3775 = ORIENTED_EDGE ( 'NONE', *, *, #3114, .T. ) ;
#3776 = LINE ( 'NONE', #8263, #1123 ) ;
#3777 = LINE ( 'NONE', #10633, #3240 ) ;
#3778 = ADVANCED_FACE ( 'NONE', ( #2947 ), #10041, .T. ) ;
#3779 = DIRECTION ( 'NONE',  ( -0.5019378298181174092, 0.000000000000000000, 0.8649037027308177361 ) ) ;
#3780 = ADVANCED_FACE ( 'NONE', ( #2081 ), #10801, .T. ) ;
#3781 = CARTESIAN_POINT ( 'NONE',  ( -4.214700894835058165, 47.52767511840301040, 131.7000000000005002 ) ) ;
#3782 = CARTESIAN_POINT ( 'NONE',  ( -15.65771946722276020, 103.4848738435764233, 144.7245872019582862 ) ) ;
#3783 = ORIENTED_EDGE ( 'NONE', *, *, #2918, .F. ) ;
#3784 = VERTEX_POINT ( 'NONE', #5609 ) ;
#3785 = FACE_BOUND ( 'NONE', #10350, .T. ) ;
#3786 = EDGE_CURVE ( 'NONE', #9596, #7405, #8356, .T. ) ;
#3787 = VECTOR ( 'NONE', #2105, 1000.000000000000114 ) ;
#3788 = DIRECTION ( 'NONE',  ( -6.903152180341685597E-18, -7.033765596924229795E-19, 1.000000000000000000 ) ) ;
#3789 = LINE ( 'NONE', #4487, #2219 ) ;
#3790 = EDGE_CURVE ( 'NONE', #7425, #10231, #8305, .T. ) ;
#3791 = CARTESIAN_POINT ( 'NONE',  ( -18.85302482767101040, 103.1592975223707072, 122.8391759652463264 ) ) ;
#3792 = DIRECTION ( 'NONE',  ( -0.9948490747861964412, -0.1013672451882218634, -3.164135620181696535E-15 ) ) ;
#3793 = AXIS2_PLACEMENT_3D ( 'NONE', #4950, #1523, #8848 ) ;
#3794 = CIRCLE ( 'NONE', #4160, 1.000000000000000888 ) ;
#3795 = VERTEX_POINT ( 'NONE', #9170 ) ;
#3796 = ORIENTED_EDGE ( 'NONE', *, *, #10701, .F. ) ;
#3797 = CARTESIAN_POINT ( 'NONE',  ( -1.281847275191228430, 23.67631459758922929, 136.7000000000005002 ) ) ;
#3798 = FACE_BOUND ( 'NONE', #2, .T. ) ;
#3799 = ADVANCED_FACE ( 'NONE', ( #1210 ), #10859, .T. ) ;
#3800 = DIRECTION ( 'NONE',  ( 0.000000000000000000, 1.000000000000000000, 0.000000000000000000 ) ) ;
#3801 = VECTOR ( 'NONE', #4285, 1000.000000000000114 ) ;
#3802 = FACE_OUTER_BOUND ( 'NONE', #5098, .T. ) ;
#3803 = ORIENTED_EDGE ( 'NONE', *, *, #11227, .F. ) ;
#3804 = CARTESIAN_POINT ( 'NONE',  ( 10.16822880530590822, 54.36531253865111779, 50.04579745032202709 ) ) ;
#3805 = VERTEX_POINT ( 'NONE', #7198 ) ;
#3806 = LINE ( 'NONE', #8989, #4525 ) ;
#3807 = EDGE_CURVE ( 'NONE', #6079, #11392, #2025, .T. ) ;
#3808 = DIRECTION ( 'NONE',  ( 3.148927598275349405E-15, 3.100401161182723417E-16, -1.000000000000000000 ) ) ;
#3809 = AXIS2_PLACEMENT_3D ( 'NONE', #4710, #4004, #3126 ) ;
#3810 = DIRECTION ( 'NONE',  ( 0.9948490747861963301, 0.1013672451882220021, 6.938893903907229918E-18 ) ) ;
#3811 = AXIS2_PLACEMENT_3D ( 'NONE', #4513, #6959, #1796 ) ;
#3812 = LINE ( 'NONE', #218, #3259 ) ;
#3813 = LINE ( 'NONE', #5553, #6257 ) ;
#3814 = ADVANCED_FACE ( 'NONE', ( #4748 ), #3876, .T. ) ;
#3815 = VECTOR ( 'NONE', #2413, 1000.000000000000114 ) ;
#3816 = DIRECTION ( 'NONE',  ( 0.4974245373930950564, 0.05068362259411089699, 0.8660254037844403729 ) ) ;
#3817 = CARTESIAN_POINT ( 'NONE',  ( -23.96398171587750525, 48.63143028745546559, 105.4200000000005701 ) ) ;
#3818 = ORIENTED_EDGE ( 'NONE', *, *, #8114, .F. ) ;
#3819 = CARTESIAN_POINT ( 'NONE',  ( -0.02454645960061133114, 47.95461868479694800, 143.8585617981738380 ) ) ;
#3820 = VERTEX_POINT ( 'NONE', #5558 ) ;
#3822 = VECTOR ( 'NONE', #226, 1000.000000000000114 ) ;
#3821 = LINE ( 'NONE', #3648, #10690 ) ;
#3823 = ORIENTED_EDGE ( 'NONE', *, *, #9540, .T. ) ;
#3824 = CARTESIAN_POINT ( 'NONE',  ( -2.092407086733222066, 104.8670717879464434, 140.5608240347547451 ) ) ;
#3825 = AXIS2_PLACEMENT_3D ( 'NONE', #2812, #6359, #9909 ) ;
#3826 = FACE_OUTER_BOUND ( 'NONE', #9684, .T. ) ;
#3827 = VECTOR ( 'NONE', #504, 999.9999999999998863 ) ;
#3828 = ADVANCED_FACE ( 'NONE', ( #9117 ), #7426, .F. ) ;
#3829 = CARTESIAN_POINT ( 'NONE',  ( -10.16575261002716957, 1.362844472694156650, 113.3500000000005059 ) ) ;
#3830 = VERTEX_POINT ( 'NONE', #10093 ) ;
#3831 = DIRECTION ( 'NONE',  ( -0.9948490747861963301, -0.1013672451882219605, -3.497202527569243497E-15 ) ) ;
#3832 = ORIENTED_EDGE ( 'NONE', *, *, #3094, .F. ) ;
#3833 = VECTOR ( 'NONE', #9562, 1000.000000000000000 ) ;
#3834 = ORIENTED_EDGE ( 'NONE', *, *, #6896, .F. ) ;
#3835 = CARTESIAN_POINT ( 'NONE',  ( 14.73710580834818273, 79.56149309352984744, 156.6948490747867027 ) ) ;
#3836 = ORIENTED_EDGE ( 'NONE', *, *, #3298, .T. ) ;
#3837 = VECTOR ( 'NONE', #7889, 999.9999999999998863 ) ;
#3838 = CARTESIAN_POINT ( 'NONE',  ( -8.404855330069507247, 47.10073155200907991, 119.5414382018272477 ) ) ;
#3839 = VERTEX_POINT ( 'NONE', #2133 ) ;
#3840 = PLANE ( 'NONE',  #5009 ) ;
#3841 = LINE ( 'NONE', #4822, #8446 ) ;
#3842 = AXIS2_PLACEMENT_3D ( 'NONE', #7840, #11276, #5217 ) ;
#3843 = DIRECTION ( 'NONE',  ( 6.903152180341683286E-18, 7.033765596924218239E-19, -1.000000000000000000 ) ) ;
#3844 = DIRECTION ( 'NONE',  ( 0.9948490747861964412, 0.1013672451882221409, 0.000000000000000000 ) ) ;
#3845 = EDGE_CURVE ( 'NONE', #5061, #2542, #4633, .T. ) ;
#3846 = VECTOR ( 'NONE', #2926, 999.9999999999998863 ) ;
#3847 = ADVANCED_FACE ( 'NONE', ( #1490 ), #6831, .T. ) ;
#3848 = CARTESIAN_POINT ( 'NONE',  ( -5.785136984574574370, 104.4908118441466343, 143.8585617981738380 ) ) ;
#3849 = EDGE_LOOP ( 'NONE', ( #11467, #4779, #7166, #3027 ) ) ;
#3850 = ADVANCED_FACE ( 'NONE', ( #4858 ), #5727, .T. ) ;
#3851 = EDGE_LOOP ( 'NONE', ( #1080, #3173, #1824, #6673 ) ) ;
#3852 = FACE_OUTER_BOUND ( 'NONE', #9692, .T. ) ;
#3853 = EDGE_CURVE ( 'NONE', #5225, #3917, #5952, .T. ) ;
#3854 = AXIS2_PLACEMENT_3D ( 'NONE', #4192, #7855, #8682 ) ;
#3855 = DIRECTION ( 'NONE',  ( -3.480278902931750302E-15, -3.438021909835086216E-16, 1.000000000000000000 ) ) ;
#3856 = CARTESIAN_POINT ( 'NONE',  ( 7.278077729994752332, 19.52325316161342172, 150.0500000000005230 ) ) ;
#3857 = ORIENTED_EDGE ( 'NONE', *, *, #3403, .T. ) ;
#3858 = EDGE_CURVE ( 'NONE', #6619, #156, #11083, .T. ) ;
#3859 = VERTEX_POINT ( 'NONE', #4975 ) ;
#3860 = LINE ( 'NONE', #7408, #5428 ) ;
#3861 = FACE_BOUND ( 'NONE', #1260, .T. ) ;
#3862 = DIRECTION ( 'NONE',  ( -5.089571141214401552E-24, 4.995060417686127567E-23, 1.000000000000000000 ) ) ;
#3863 = DIRECTION ( 'NONE',  ( -0.9948490747861964412, -0.1013672451882218634, -3.164135620181696535E-15 ) ) ;
#3864 = VERTEX_POINT ( 'NONE', #1375 ) ;
#3865 = ADVANCED_FACE ( 'NONE', ( #10151 ), #9285, .T. ) ;
#3866 = ORIENTED_EDGE ( 'NONE', *, *, #831, .F. ) ;
#3867 = DIRECTION ( 'NONE',  ( 0.9948490747861963301, 0.1013672451882219744, 3.164135620181696535E-15 ) ) ;
#3868 = FACE_OUTER_BOUND ( 'NONE', #10532, .T. ) ;
#3869 = CARTESIAN_POINT ( 'NONE',  ( -1.324772208397245299, 9.299913550004461626, 156.7000000000005002 ) ) ;
#3870 = PLANE ( 'NONE',  #485 ) ;
#3871 = DIRECTION ( 'NONE',  ( 0.1013672451882219883, -0.9948490747861964412, 1.075499326746823620E-17 ) ) ;
#3872 = EDGE_CURVE ( 'NONE', #9116, #9480, #10317, .T. ) ;
#3873 = PLANE ( 'NONE',  #8110 ) ;
#3874 = LINE ( 'NONE', #9392, #2290 ) ;
#3875 = VERTEX_POINT ( 'NONE', #4038 ) ;
#3876 = CYLINDRICAL_SURFACE ( 'NONE', #9558, 0.9999999999999991118 ) ;
#3877 = VERTEX_POINT ( 'NONE', #10255 ) ;
#3878 = FACE_OUTER_BOUND ( 'NONE', #3142, .T. ) ;
#3879 = ORIENTED_EDGE ( 'NONE', *, *, #4864, .F. ) ;
#3880 = CYLINDRICAL_SURFACE ( 'NONE', #7248, 4.000000000000000000 ) ;
#3881 = LINE ( 'NONE', #3708, #10127 ) ;
#3882 = CIRCLE ( 'NONE', #7039, 1.549999999999999378 ) ;
#3883 = CARTESIAN_POINT ( 'NONE',  ( 41.55019566693309230, 82.29871228403669647, 28.68193429783641335 ) ) ;
#3884 = VERTEX_POINT ( 'NONE', #2297 ) ;
#3885 = DIRECTION ( 'NONE',  ( 0.1013672451882219883, -0.9948490747861964412, 1.075499326746823620E-17 ) ) ;
#3886 = ORIENTED_EDGE ( 'NONE', *, *, #170, .F. ) ;
#3887 = ORIENTED_EDGE ( 'NONE', *, *, #6429, .T. ) ;
#3888 = DIRECTION ( 'NONE',  ( 0.1013672451882219883, -0.9948490747861964412, 1.075499326746823620E-17 ) ) ;
#3889 = EDGE_LOOP ( 'NONE', ( #769, #2468, #5929 ) ) ;
#3890 = CARTESIAN_POINT ( 'NONE',  ( -21.50115342733888824, 49.19950774712614816, 102.7853390348671354 ) ) ;
#3891 = ORIENTED_EDGE ( 'NONE', *, *, #2104, .F. ) ;
#3892 = DIRECTION ( 'NONE',  ( -1.000000000000000000, 0.000000000000000000, -3.148927598275349405E-15 ) ) ;
#3893 = DIRECTION ( 'NONE',  ( 0.9948490747861963301, 0.1013672451882219744, 3.164135620181696535E-15 ) ) ;
#3894 = AXIS2_PLACEMENT_3D ( 'NONE', #7635, #10083, #5662 ) ;
#3895 = CARTESIAN_POINT ( 'NONE',  ( -2.092407086733225619, 104.8670717879464576, 122.8391759652463264 ) ) ;
#3896 = CYLINDRICAL_SURFACE ( 'NONE', #2187, 1.000000000000000888 ) ;
#3897 = VECTOR ( 'NONE', #10338, 1000.000000000000000 ) ;
#3898 = LINE ( 'NONE', #6577, #6734 ) ;
#3899 = ORIENTED_EDGE ( 'NONE', *, *, #2062, .F. ) ;
#3900 = EDGE_LOOP ( 'NONE', ( #11084, #7998, #10785, #3632 ) ) ;
#3901 = VERTEX_POINT ( 'NONE', #10205 ) ;
#3902 = DIRECTION ( 'NONE',  ( 0.5019378298181115250, 0.000000000000000000, 0.8649037027308210668 ) ) ;
#3903 = EDGE_CURVE ( 'NONE', #4037, #3901, #3109, .T. ) ;
#3905 = EDGE_CURVE ( 'NONE', #11392, #2243, #455, .T. ) ;
#3904 = VECTOR ( 'NONE', #2469, 999.9999999999998863 ) ;
#3906 = CARTESIAN_POINT ( 'NONE',  ( 4.165607975633832005, 48.38156225119089271, 136.5634247192698467 ) ) ;
#3907 = EDGE_CURVE ( 'NONE', #4676, #9242, #2354, .T. ) ;
#3908 = CARTESIAN_POINT ( 'NONE',  ( 6.863488798688985426, 48.65645494980250163, 120.4074636056117242 ) ) ;
#3909 = EDGE_CURVE ( 'NONE', #11014, #5225, #7535, .T. ) ;
#3910 = ORIENTED_EDGE ( 'NONE', *, *, #11187, .T. ) ;
#3911 = ORIENTED_EDGE ( 'NONE', *, *, #10389, .F. ) ;
#3912 = CIRCLE ( 'NONE', #3346, 9.599999999999997868 ) ;
#3913 = CARTESIAN_POINT ( 'NONE',  ( -9.240639231708767554, 77.12352828379870573, 131.7000000000005002 ) ) ;
#3914 = DIRECTION ( 'NONE',  ( 0.9948490747861963301, 0.1013672451882219744, 3.164135620181696535E-15 ) ) ;
#3915 = CARTESIAN_POINT ( 'NONE',  ( -3.060786646901965558, 77.75320634056906499, 129.2682876403658838 ) ) ;
#3916 = PLANE ( 'NONE',  #9570 ) ;
#3917 = VERTEX_POINT ( 'NONE', #2242 ) ;
#3918 = ORIENTED_EDGE ( 'NONE', *, *, #9874, .F. ) ;
#3919 = DIRECTION ( 'NONE',  ( 0.1013672451882220021, -0.9948490747861964412, -0.000000000000000000 ) ) ;
#3920 = CARTESIAN_POINT ( 'NONE',  ( -0.5219709969937098570, 47.90393506220284081, 134.9977377634196216 ) ) ;
#3921 = CARTESIAN_POINT ( 'NONE',  ( -7.872481210540228425, 77.26293275539438810, 142.9925363943893615 ) ) ;
#3922 = ADVANCED_FACE ( 'NONE', ( #618 ), #5781, .F. ) ;
#3923 = CARTESIAN_POINT ( 'NONE',  ( 57.70800980243287626, 83.94506563419778900, 38.05895296034221786 ) ) ;
#3924 = CARTESIAN_POINT ( 'NONE',  ( -7.748365619529465675, 77.27557915158104151, 121.1071251576775154 ) ) ;
#3925 = CIRCLE ( 'NONE', #7278, 0.9999999999999993339 ) ;
#3926 = LINE ( 'NONE', #3050, #7480 ) ;
#3927 = LINE ( 'NONE', #3108, #6800 ) ;
#3928 = CARTESIAN_POINT ( 'NONE',  ( -7.277410596753870031, 104.3387609763642985, 139.8611624826889965 ) ) ;
#3929 = ORIENTED_EDGE ( 'NONE', *, *, #8721, .T. ) ;
#3930 = DIRECTION ( 'NONE',  ( -0.8615645716962893053, -0.08778660944464596050, -0.5000000000000027756 ) ) ;
#3931 = VERTEX_POINT ( 'NONE', #3281 ) ;
#3932 = CARTESIAN_POINT ( 'NONE',  ( -0.6152014920796888831, 2.335970026501086760, 156.7000000000005002 ) ) ;
#3933 = CARTESIAN_POINT ( 'NONE',  ( -9.897128942248800243, 46.94868068422675123, 142.9925363943893615 ) ) ;
#3934 = EDGE_CURVE ( 'NONE', #4622, #2518, #10374, .T. ) ;
#3935 = DIRECTION ( 'NONE',  ( -0.8615645716962893053, -0.08778660944464596050, -0.5000000000000027756 ) ) ;
#3936 = ORIENTED_EDGE ( 'NONE', *, *, #1414, .F. ) ;
#3937 = DIRECTION ( 'NONE',  ( 0.1013672451882219883, -0.9948490747861964412, 1.075499326746823620E-17 ) ) ;
#3938 = ORIENTED_EDGE ( 'NONE', *, *, #2909, .F. ) ;
#3939 = CARTESIAN_POINT ( 'NONE',  ( -24.03802833769165659, 102.6309867107885481, 142.9925363943893615 ) ) ;
#3940 = VERTEX_POINT ( 'NONE', #11251 ) ;
#3941 = DIRECTION ( 'NONE',  ( -8.141667454118532778E-17, -3.990033831470024719E-16, -1.000000000000000000 ) ) ;
#3942 = FACE_OUTER_BOUND ( 'NONE', #1731, .T. ) ;
#3943 = VERTEX_POINT ( 'NONE', #2408 ) ;
#3944 = LINE ( 'NONE', #4110, #745 ) ;
#3945 = DIRECTION ( 'NONE',  ( -1.000000000000000000, 0.000000000000000000, -1.387778780781444413E-14 ) ) ;
#3946 = EDGE_CURVE ( 'NONE', #3261, #5882, #9504, .T. ) ;
#3947 = AXIS2_PLACEMENT_3D ( 'NONE', #7515, #3097, #10190 ) ;
#3948 = CARTESIAN_POINT ( 'NONE',  ( 1.102898273715022581, 105.1926481091521737, 130.1343130441503604 ) ) ;
#3949 = VECTOR ( 'NONE', #6942, 999.9999999999998863 ) ;
#3950 = DIRECTION ( 'NONE',  ( -0.1013672451882220160, 0.9948490747861964412, 0.000000000000000000 ) ) ;
#3951 = AXIS2_PLACEMENT_3D ( 'NONE', #8935, #7130, #977 ) ;
#3952 = CARTESIAN_POINT ( 'NONE',  ( -18.35560029027791984, 103.2099811449648286, 141.4268494385391648 ) ) ;
#3953 = ORIENTED_EDGE ( 'NONE', *, *, #7529, .T. ) ;
#3954 = VERTEX_POINT ( 'NONE', #569 ) ;
#3955 = ORIENTED_EDGE ( 'NONE', *, *, #2570, .T. ) ;
#3956 = VECTOR ( 'NONE', #950, 1000.000000000000114 ) ;
#3957 = DIRECTION ( 'NONE',  ( -1.230821126796166117E-16, 9.913940250835114106E-18, -1.000000000000000000 ) ) ;
#3958 = VECTOR ( 'NONE', #2295, 999.9999999999998863 ) ;
#3959 = ORIENTED_EDGE ( 'NONE', *, *, #2779, .F. ) ;
#3960 = DIRECTION ( 'NONE',  ( -0.4974245373931011072, -0.05068362259411127169, 0.8660254037844369313 ) ) ;
#3961 = CARTESIAN_POINT ( 'NONE',  ( -18.77486235011079074, 46.04410992884476173, 143.8585617981738380 ) ) ;
#3962 = ORIENTED_EDGE ( 'NONE', *, *, #4782, .T. ) ;
#3963 = ORIENTED_EDGE ( 'NONE', *, *, #489, .T. ) ;
#3964 = DIRECTION ( 'NONE',  ( 0.8615645716962891942, 0.08778660944464597438, 0.5000000000000029976 ) ) ;
#3965 = EDGE_CURVE ( 'NONE', #3236, #6330, #4091, .T. ) ;
#3966 = FACE_BOUND ( 'NONE', #2610, .T. ) ;
#3967 = VECTOR ( 'NONE', #9470, 1000.000000000000114 ) ;
#3968 = DIRECTION ( 'NONE',  ( 0.1013672451882219883, -0.9948490747861964412, 1.075499326746823620E-17 ) ) ;
#3969 = DIRECTION ( 'NONE',  ( -1.000000000000000000, 0.000000000000000000, -3.148927598275349405E-15 ) ) ;
#3970 = EDGE_CURVE ( 'NONE', #2428, #2036, #11025, .T. ) ;
#3971 = ORIENTED_EDGE ( 'NONE', *, *, #2696, .T. ) ;
#3972 = VERTEX_POINT ( 'NONE', #4324 ) ;
#3973 = LINE ( 'NONE', #9381, #9292 ) ;
#3974 = DIRECTION ( 'NONE',  ( -1.000000000000000000, 0.000000000000000000, 0.000000000000000000 ) ) ;
#3975 = CARTESIAN_POINT ( 'NONE',  ( 2.175909826061441787, 48.17882776081445684, 121.9731505614619067 ) ) ;
#3976 = CARTESIAN_POINT ( 'NONE',  ( 56.21573619025359392, 83.79301476641545321, 37.19292755655779104 ) ) ;
#3977 = EDGE_CURVE ( 'NONE', #8882, #7239, #3340, .T. ) ;
#3978 = EDGE_CURVE ( 'NONE', #1907, #7748, #2464, .T. ) ;
#3979 = CYLINDRICAL_SURFACE ( 'NONE', #5062, 1.550000000000000266 ) ;
#3980 = CARTESIAN_POINT ( 'NONE',  ( -5.937494410993441996, 39.77289730094784659, 146.7000000000005002 ) ) ;
#3981 = DIRECTION ( 'NONE',  ( -0.4974245373931009961, -0.05068362259411093862, 0.8660254037844370423 ) ) ;
#3982 = CARTESIAN_POINT ( 'NONE',  ( -7.872481210540143159, 77.26293275539438810, 118.6754127980428137 ) ) ;
#3983 = EDGE_LOOP ( 'NONE', ( #5449, #5998, #5125, #5731 ) ) ;
#3984 = EDGE_CURVE ( 'NONE', #9866, #5278, #1776, .T. ) ;
#3985 = LINE ( 'NONE', #1441, #5673 ) ;
#3986 = ORIENTED_EDGE ( 'NONE', *, *, #7177, .T. ) ;
#3987 = CARTESIAN_POINT ( 'NONE',  ( -20.31882892523280404, 75.99474845239923582, 134.9977377634196216 ) ) ;
#3988 = VECTOR ( 'NONE', #1610, 1000.000000000000114 ) ;
#3989 = EDGE_CURVE ( 'NONE', #9118, #2774, #6957, .T. ) ;
#3990 = LINE ( 'NONE', #4920, #7523 ) ;
#3991 = VECTOR ( 'NONE', #3223, 999.9999999999998863 ) ;
#3992 = CARTESIAN_POINT ( 'NONE',  ( -24.03802833769165659, 102.6309867107885481, 123.5388375173120892 ) ) ;
#3993 = AXIS2_PLACEMENT_3D ( 'NONE', #10077, #4558, #8923 ) ;
#3994 = EDGE_LOOP ( 'NONE', ( #250, #8210, #9648, #8355, #1466, #1079, #4914, #8812, #5809, #4263, #10685, #1126, #4441, #7121, #6307, #3055 ) ) ;
#3995 = CARTESIAN_POINT ( 'NONE',  ( 5.319522223566922392, 78.60709347335695441, 143.8585617981738380 ) ) ;
#3996 = ORIENTED_EDGE ( 'NONE', *, *, #5865, .F. ) ;
#3997 = VERTEX_POINT ( 'NONE', #913 ) ;
#3998 = CARTESIAN_POINT ( 'NONE',  ( 6.863488798688988979, 48.65645494980249453, 139.8611624826889965 ) ) ;
#3999 = EDGE_LOOP ( 'NONE', ( #7435, #6039 ) ) ;
#4000 = DIRECTION ( 'NONE',  ( 0.4974245373930950564, 0.05068362259411089699, 0.8660254037844403729 ) ) ;
#4001 = CARTESIAN_POINT ( 'NONE',  ( -14.16544585504347076, 103.6369247113587591, 129.2682876403658838 ) ) ;
#4002 = VERTEX_POINT ( 'NONE', #11309 ) ;
#4003 = FACE_OUTER_BOUND ( 'NONE', #5164, .T. ) ;
#4004 = DIRECTION ( 'NONE',  ( -3.480278902931750302E-15, -3.438021909835086216E-16, 1.000000000000000000 ) ) ;
#4005 = AXIS2_PLACEMENT_3D ( 'NONE', #5362, #9963, #6352 ) ;
#4006 = LINE ( 'NONE', #2263, #10025 ) ;
#4007 = VECTOR ( 'NONE', #8261, 999.9999999999998863 ) ;
#4008 = DIRECTION ( 'NONE',  ( 1.000000000000000000, 0.000000000000000000, 3.480278902931750302E-15 ) ) ;
#4009 = CARTESIAN_POINT ( 'NONE',  ( -11.93852005476391298, 76.84863558518711102, 139.8611624826889397 ) ) ;
#4010 = CIRCLE ( 'NONE', #5690, 1.000000000000000888 ) ;
#4011 = CARTESIAN_POINT ( 'NONE',  ( 3.827248611387677357, 78.45504260557461862, 130.1343130441503604 ) ) ;
#4012 = ADVANCED_FACE ( 'NONE', ( #3461 ), #4386, .T. ) ;
#4013 = ORIENTED_EDGE ( 'NONE', *, *, #1186, .F. ) ;
#4014 = AXIS2_PLACEMENT_3D ( 'NONE', #4940, #536, #1236 ) ;
#4015 = ORIENTED_EDGE ( 'NONE', *, *, #11088, .F. ) ;
#4016 = CARTESIAN_POINT ( 'NONE',  ( -0.6990781796957914462, 23.73569415504007907, 125.4200000000006128 ) ) ;
#4017 = VECTOR ( 'NONE', #1631, 1000.000000000000114 ) ;
#4018 = ORIENTED_EDGE ( 'NONE', *, *, #10326, .T. ) ;
#4019 = DIRECTION ( 'NONE',  ( 0.1013672451882219883, -0.9948490747861964412, 1.075499326746823620E-17 ) ) ;
#4020 = AXIS2_PLACEMENT_3D ( 'NONE', #10852, #6543, #5665 ) ;
#4021 = DIRECTION ( 'NONE',  ( 6.903152180341684826E-18, 7.033765596924220165E-19, -1.000000000000000000 ) ) ;
#4022 = ORIENTED_EDGE ( 'NONE', *, *, #1483, .F. ) ;
#4023 = ORIENTED_EDGE ( 'NONE', *, *, #10977, .T. ) ;
#4024 = DIRECTION ( 'NONE',  ( -1.000000000000000000, 0.000000000000000000, -3.148927598275349405E-15 ) ) ;
#4025 = FACE_BOUND ( 'NONE', #9986, .T. ) ;
#4026 = DIRECTION ( 'NONE',  ( 3.148927598275349405E-15, 3.100401161182723417E-16, -1.000000000000000000 ) ) ;
#4027 = AXIS2_PLACEMENT_3D ( 'NONE', #9432, #1303, #4891 ) ;
#4028 = VERTEX_POINT ( 'NONE', #10425 ) ;
#4029 = CARTESIAN_POINT ( 'NONE',  ( -21.40731927117462163, 48.13088651561299258, 103.0600000000005707 ) ) ;
#4030 = CARTESIAN_POINT ( 'NONE',  ( -14.58470791487634521, 46.47105349523869933, 126.8365752807312248 ) ) ;
#4031 = CARTESIAN_POINT ( 'NONE',  ( -14.58470791487634521, 46.47105349523869933, 126.8365752807312248 ) ) ;
#4032 = DIRECTION ( 'NONE',  ( 1.000000000000000000, 0.000000000000000000, 3.480278902931750302E-15 ) ) ;
#4033 = ORIENTED_EDGE ( 'NONE', *, *, #6560, .T. ) ;
#4034 = LINE ( 'NONE', #1487, #10448 ) ;
#4035 = ADVANCED_FACE ( 'NONE', ( #9738 ), #5249, .T. ) ;
#4036 = CARTESIAN_POINT ( 'NONE',  ( -16.78516420053840363, 46.24684441922120470, 129.2682876403658838 ) ) ;
#4037 = VERTEX_POINT ( 'NONE', #8754 ) ;
#4038 = CARTESIAN_POINT ( 'NONE',  ( 1.129367788332502620, 78.18014990696300970, 141.4268494385391648 ) ) ;
#4039 = ORIENTED_EDGE ( 'NONE', *, *, #3046, .F. ) ;
#4040 = LINE ( 'NONE', #7591, #7346 ) ;
#4041 = ORIENTED_EDGE ( 'NONE', *, *, #10866, .T. ) ;
#4042 = DIRECTION ( 'NONE',  ( -6.903152180341685597E-18, -7.033765596924229795E-19, 1.000000000000000000 ) ) ;
#4043 = EDGE_CURVE ( 'NONE', #7670, #1346, #737, .T. ) ;
#4044 = DIRECTION ( 'NONE',  ( 0.4974245373930948899, 0.05068362259411066800, 0.8660254037844405950 ) ) ;
#4045 = EDGE_CURVE ( 'NONE', #2395, #746, #3518, .T. ) ;
#4046 = ORIENTED_EDGE ( 'NONE', *, *, #10937, .F. ) ;
#4047 = DIRECTION ( 'NONE',  ( -0.4974245373930951675, -0.05068362259411070270, -0.8660254037844403729 ) ) ;
#4048 = ORIENTED_EDGE ( 'NONE', *, *, #10612, .T. ) ;
#4049 = CARTESIAN_POINT ( 'NONE',  ( -11.96498956938141589, 103.8611337873762466, 141.4268494385391648 ) ) ;
#4050 = ORIENTED_EDGE ( 'NONE', *, *, #8820, .T. ) ;
#4051 = LINE ( 'NONE', #11206, #9748 ) ;
#4052 = CARTESIAN_POINT ( 'NONE',  ( -5.706974507014351161, 47.37562425062068172, 132.5660254037849768 ) ) ;
#4053 = VERTEX_POINT ( 'NONE', #2637 ) ;
#4054 = CARTESIAN_POINT ( 'NONE',  ( -23.96398171551417278, 48.63143028604403639, 125.3534062774359654 ) ) ;
#4055 = CARTESIAN_POINT ( 'NONE',  ( 3.364794073075945580, 2.741500067716508671, 150.0500000000005230 ) ) ;
#4056 = VERTEX_POINT ( 'NONE', #9683 ) ;
#4057 = AXIS2_PLACEMENT_3D ( 'NONE', #4700, #4865, #10049 ) ;
#4058 = FACE_OUTER_BOUND ( 'NONE', #4102, .T. ) ;
#4059 = EDGE_CURVE ( 'NONE', #3529, #3071, #7821, .T. ) ;
#4060 = DIRECTION ( 'NONE',  ( 0.1013672451882214748, -0.9948490747861964412, 0.000000000000000000 ) ) ;
#4061 = CARTESIAN_POINT ( 'NONE',  ( -0.02454645960061480059, 47.95461868479695511, 134.1317123596352019 ) ) ;
#4062 = ORIENTED_EDGE ( 'NONE', *, *, #4971, .T. ) ;
#4063 = VERTEX_POINT ( 'NONE', #10549 ) ;
#4064 = VECTOR ( 'NONE', #3810, 1000.000000000000114 ) ;
#4065 = ORIENTED_EDGE ( 'NONE', *, *, #3478, .T. ) ;
#4066 = DIRECTION ( 'NONE',  ( -0.4974245373930948344, -0.05068362259411087617, -0.8660254037844405950 ) ) ;
#4067 = VERTEX_POINT ( 'NONE', #10603 ) ;
#4068 = ADVANCED_FACE ( 'NONE', ( #6944 ), #1781, .T. ) ;
#4069 = ADVANCED_FACE ( 'NONE', ( #10486 ), #8809, .T. ) ;
#4070 = CARTESIAN_POINT ( 'NONE',  ( -20.34529843985030695, 103.0072466545883856, 141.4268494385391648 ) ) ;
#4071 = VECTOR ( 'NONE', #6268, 999.9999999999998863 ) ;
#4072 = CARTESIAN_POINT ( 'NONE',  ( -22.54575472551236714, 102.7830375785708839, 129.2682876403658838 ) ) ;
#4073 = ADVANCED_FACE ( 'NONE', ( #5370 ), #679, .F. ) ;
#4074 = ORIENTED_EDGE ( 'NONE', *, *, #5589, .T. ) ;
#4075 = ORIENTED_EDGE ( 'NONE', *, *, #2915, .T. ) ;
#4076 = LINE ( 'NONE', #9322, #6551 ) ;
#4077 = FACE_BOUND ( 'NONE', #4974, .T. ) ;
#4078 = LINE ( 'NONE', #7577, #4552 ) ;
#4079 = AXIS2_PLACEMENT_3D ( 'NONE', #9109, #9978, #3692 ) ;
#4080 = ORIENTED_EDGE ( 'NONE', *, *, #2929, .F. ) ;
#4081 = CARTESIAN_POINT ( 'NONE',  ( 2.097747348501219911, 105.2940153543403881, 130.1343130441503035 ) ) ;
#4082 = DIRECTION ( 'NONE',  ( -0.5019378298181174092, 0.000000000000000000, 0.8649037027308177361 ) ) ;
#4083 = ADVANCED_FACE ( 'NONE', ( #6073 ), #6247, .T. ) ;
#4084 = LINE ( 'NONE', #611, #3076 ) ;
#4085 = ADVANCED_FACE ( 'NONE', ( #9799 ), #1837, .F. ) ;
#4086 = LINE ( 'NONE', #3976, #3092 ) ;
#4087 = EDGE_LOOP ( 'NONE', ( #11275, #4526, #6663, #9654 ) ) ;
#4088 = DIRECTION ( 'NONE',  ( 0.9948490747861964412, 0.1013672451882218634, 3.497202527569243497E-15 ) ) ;
#4089 = LINE ( 'NONE', #2240, #9348 ) ;
#4090 = ORIENTED_EDGE ( 'NONE', *, *, #4143, .F. ) ;
#4091 = LINE ( 'NONE', #3928, #294 ) ;
#4092 = ORIENTED_EDGE ( 'NONE', *, *, #3183, .T. ) ;
#4093 = DIRECTION ( 'NONE',  ( 0.8615645716962927469, 0.08778660944464633520, -0.4999999999999967248 ) ) ;
#4094 = ORIENTED_EDGE ( 'NONE', *, *, #2677, .F. ) ;
#4095 = CARTESIAN_POINT ( 'NONE',  ( -8.902279867462603136, 47.05004792941496561, 123.5388375173121460 ) ) ;
#4096 = EDGE_CURVE ( 'NONE', #10772, #2243, #2120, .T. ) ;
#4097 = CARTESIAN_POINT ( 'NONE',  ( 8.935349625867800682, 3.309095580308019979, 150.0500000000005230 ) ) ;
#4098 = EDGE_CURVE ( 'NONE', #8009, #2192, #1139, .T. ) ;
#4099 = ORIENTED_EDGE ( 'NONE', *, *, #7885, .T. ) ;
#4100 = DIRECTION ( 'NONE',  ( -0.9948490747861963301, -0.1013672451882220021, -6.938893903907229918E-18 ) ) ;
#4101 = ORIENTED_EDGE ( 'NONE', *, *, #4045, .T. ) ;
#4102 = EDGE_LOOP ( 'NONE', ( #6731, #8597, #7098, #3316 ) ) ;
#4103 = DIRECTION ( 'NONE',  ( 0.4974245373930948899, 0.05068362259411066800, 0.8660254037844405950 ) ) ;
#4104 = EDGE_CURVE ( 'NONE', #1051, #5278, #2756, .T. ) ;
#4105 = ORIENTED_EDGE ( 'NONE', *, *, #8389, .F. ) ;
#4106 = ADVANCED_FACE ( 'NONE', ( #7237 ), #7411, .T. ) ;
#4107 = DIRECTION ( 'NONE',  ( -0.5019378298181113029, 0.000000000000000000, -0.8649037027308211778 ) ) ;
#4108 = CARTESIAN_POINT ( 'NONE',  ( -2.092407086733225619, 104.8670717879464576, 125.9705498769468051 ) ) ;
#4109 = VERTEX_POINT ( 'NONE', #10024 ) ;
#4110 = CARTESIAN_POINT ( 'NONE',  ( -4.594597791224472871, 1.930501045748201472, 150.0500000000005230 ) ) ;
#4111 = CARTESIAN_POINT ( 'NONE',  ( -55.76004428996905915, 72.38356917033786431, 27.79104703965803225 ) ) ;
#4112 = EDGE_CURVE ( 'NONE', #3131, #9521, #4733, .T. ) ;
#4113 = ORIENTED_EDGE ( 'NONE', *, *, #3663, .T. ) ;
#4114 = ORIENTED_EDGE ( 'NONE', *, *, #6402, .F. ) ;
#4115 = DIRECTION ( 'NONE',  ( 0.1013672451882219883, -0.9948490747861964412, 1.075499326746823620E-17 ) ) ;
#4116 = PLANE ( 'NONE',  #2034 ) ;
#4117 = CARTESIAN_POINT ( 'NONE',  ( -8.743214694315666335, 77.17421190639281292, 137.4294501230543517 ) ) ;
#4118 = ORIENTED_EDGE ( 'NONE', *, *, #9091, .T. ) ;
#4119 = ORIENTED_EDGE ( 'NONE', *, *, #807, .T. ) ;
#4120 = FACE_OUTER_BOUND ( 'NONE', #7768, .T. ) ;
#4121 = ADVANCED_FACE ( 'NONE', ( #5483 ), #1194, .T. ) ;
#4122 = AXIS2_PLACEMENT_3D ( 'NONE', #2010, #1081, #1835 ) ;
#4123 = EDGE_CURVE ( 'NONE', #5292, #4916, #6425, .T. ) ;
#4124 = ORIENTED_EDGE ( 'NONE', *, *, #306, .F. ) ;
#4125 = FACE_BOUND ( 'NONE', #11054, .T. ) ;
#4126 = VECTOR ( 'NONE', #7381, 1000.000000000000000 ) ;
#4127 = DIRECTION ( 'NONE',  ( -0.4974245373931011072, -0.05068362259411127169, 0.8660254037844369313 ) ) ;
#4128 = AXIS2_PLACEMENT_3D ( 'NONE', #6930, #2505, #6057 ) ;
#4129 = VERTEX_POINT ( 'NONE', #269 ) ;
#4130 = VERTEX_POINT ( 'NONE', #9154 ) ;
#4131 = LINE ( 'NONE', #7682, #2648 ) ;
#4132 = FACE_BOUND ( 'NONE', #8120, .T. ) ;
#4133 = CARTESIAN_POINT ( 'NONE',  ( -17.12352356478455562, 76.32032477360495193, 132.5660254037850336 ) ) ;
#4134 =( BOUNDED_SURFACE ( )  B_SPLINE_SURFACE ( 3, 1, ( 
 ( #9131, #5574 ),
 ( #9073, #123 ),
 ( #4707, #240 ),
 ( #1166, #2096 ) ),
 .UNSPECIFIED., .F., .F., .F. ) 
 B_SPLINE_SURFACE_WITH_KNOTS ( ( 4, 4 ),
 ( 2, 2 ),
 ( 0.000000000000000000, 1.000000000000000000 ),
 ( 0.000000000000000000, 1.000000000000000000 ),
 .UNSPECIFIED. ) 
 GEOMETRIC_REPRESENTATION_ITEM ( )  RATIONAL_B_SPLINE_SURFACE ( (
 ( 1.000000000000000000, 1.000000000000000000),
 ( 0.7714285726846084046, 0.7714285726846084046),
 ( 0.7714285726846084046, 0.7714285726846084046),
 ( 1.000000000000000000, 1.000000000000000000) ) ) 
 REPRESENTATION_ITEM ( '' )  SURFACE ( )  );
#4135 = ORIENTED_EDGE ( 'NONE', *, *, #9178, .T. ) ;
#4136 = ADVANCED_FACE ( 'NONE', ( #3802 ), #8288, .T. ) ;
#4137 = CARTESIAN_POINT ( 'NONE',  ( 2.175909826061444896, 48.17882776081444973, 141.4268494385391648 ) ) ;
#4138 = CARTESIAN_POINT ( 'NONE',  ( -1.694221247464870794, 70.40850973550011815, 100.0372883279649301 ) ) ;
#4139 = VECTOR ( 'NONE', #6729, 1000.000000000000000 ) ;
#4140 = DIRECTION ( 'NONE',  ( 0.4974245373931012182, 0.05068362259411096638, -0.8660254037844369313 ) ) ;
#4141 = LINE ( 'NONE', #9278, #1065 ) ;
#4142 = ORIENTED_EDGE ( 'NONE', *, *, #6162, .F. ) ;
#4143 = EDGE_CURVE ( 'NONE', #2253, #2948, #3628, .T. ) ;
#4144 = VECTOR ( 'NONE', #8090, 1000.000000000000000 ) ;
#4145 = CARTESIAN_POINT ( 'NONE',  ( -13.09243430269705044, 46.62310436302102801, 132.5660254037849484 ) ) ;
#4146 = DIRECTION ( 'NONE',  ( -0.8615645716962926359, -0.08778660944464630744, 0.4999999999999969469 ) ) ;
#4147 = EDGE_CURVE ( 'NONE', #7871, #11264, #8115, .T. ) ;
#4148 = FACE_OUTER_BOUND ( 'NONE', #6608, .T. ) ;
#4149 = DIRECTION ( 'NONE',  ( 0.9948490747861964412, 0.1013672451882218634, 3.497202527569243497E-15 ) ) ;
#4150 = EDGE_LOOP ( 'NONE', ( #10473, #6947, #9495, #5156, #8843 ) ) ;
#4151 = CARTESIAN_POINT ( 'NONE',  ( -18.35560029027791984, 103.2099811449648286, 141.4268494385391648 ) ) ;
#4152 = ORIENTED_EDGE ( 'NONE', *, *, #9315, .T. ) ;
#4153 = LINE ( 'NONE', #2642, #8549 ) ;
#4154 = VECTOR ( 'NONE', #5339, 999.9999999999998863 ) ;
#4155 = CARTESIAN_POINT ( 'NONE',  ( -14.08728337748324755, 46.52173711783281362, 137.4294501230543233 ) ) ;
#4156 = EDGE_CURVE ( 'NONE', #2435, #5559, #967, .T. ) ;
#4157 = AXIS2_PLACEMENT_3D ( 'NONE', #10407, #8785, #2442 ) ;
#4158 = ORIENTED_EDGE ( 'NONE', *, *, #11342, .F. ) ;
#4159 = LINE ( 'NONE', #7714, #499 ) ;
#4160 = AXIS2_PLACEMENT_3D ( 'NONE', #8227, #5373, #9156 ) ;
#4161 = ORIENTED_EDGE ( 'NONE', *, *, #5216, .F. ) ;
#4162 = AXIS2_PLACEMENT_3D ( 'NONE', #2695, #6886, #7941 ) ;
#4163 = VERTEX_POINT ( 'NONE', #154 ) ;
#4164 = CARTESIAN_POINT ( 'NONE',  ( 7.899743540596020352, 3.045642788675047452, 105.4200000000005986 ) ) ;
#4165 = VERTEX_POINT ( 'NONE', #90 ) ;
#4166 = CARTESIAN_POINT ( 'NONE',  ( -5.261243574336011974, 23.27084561683632913, 124.2663348996349697 ) ) ;
#4167 = CARTESIAN_POINT ( 'NONE',  ( -11.96498956938141234, 103.8611337873762466, 131.7000000000005002 ) ) ;
#4168 = ORIENTED_EDGE ( 'NONE', *, *, #10977, .F. ) ;
#4169 = CARTESIAN_POINT ( 'NONE',  ( -2.900374818750045769, 39.56103777651767928, 147.5549971487206165 ) ) ;
#4170 = DIRECTION ( 'NONE',  ( 0.4974245373931009961, 0.05068362259411126475, -0.8660254037844370423 ) ) ;
#4171 = VECTOR ( 'NONE', #2426, 999.9999999999998863 ) ;
#4172 = VECTOR ( 'NONE', #3720, 999.9999999999998863 ) ;
#4173 = VECTOR ( 'NONE', #6716, 1000.000000000000000 ) ;
#4174 = DIRECTION ( 'NONE',  ( -0.9948490747861963301, -0.1013672451882220299, -6.938893903907229918E-18 ) ) ;
#4175 = CARTESIAN_POINT ( 'NONE',  ( -21.31367800001900292, 75.89338120721100722, 123.5388375173120892 ) ) ;
#4176 = EDGE_LOOP ( 'NONE', ( #7766, #9794, #5154, #11064 ) ) ;
#4177 = DIRECTION ( 'NONE',  ( -0.4974245373930948344, -0.05068362259411087617, -0.8660254037844405950 ) ) ;
#4178 = ORIENTED_EDGE ( 'NONE', *, *, #10892, .T. ) ;
#4179 = ORIENTED_EDGE ( 'NONE', *, *, #6575, .T. ) ;
#4180 = EDGE_LOOP ( 'NONE', ( #1636, #3152, #5372, #6901, #8503, #6743, #7390, #8289, #9813, #4720 ) ) ;
#4181 = AXIS2_PLACEMENT_3D ( 'NONE', #2881, #10964, #10851 ) ;
#4182 = CARTESIAN_POINT ( 'NONE',  ( -3.087256161519422726, 104.7657045427582432, 122.8391759652463833 ) ) ;
#4183 = VERTEX_POINT ( 'NONE', #10905 ) ;
#4184 = CARTESIAN_POINT ( 'NONE',  ( -0.2869982004050292690, 23.77768184277744012, 124.2663348996349697 ) ) ;
#4185 = VECTOR ( 'NONE', #6495, 999.9999999999998863 ) ;
#4186 = ORIENTED_EDGE ( 'NONE', *, *, #11296, .T. ) ;
#4187 = CIRCLE ( 'NONE', #10696, 9.599999999999997868 ) ;
#4188 = LINE ( 'NONE', #5063, #7172 ) ;
#4189 = EDGE_CURVE ( 'NONE', #18, #5784, #4618, .T. ) ;
#4190 = ADVANCED_FACE ( 'NONE', ( #210 ), #2934, .T. ) ;
#4191 = VECTOR ( 'NONE', #338, 1000.000000000000114 ) ;
#4192 = CARTESIAN_POINT ( 'NONE',  ( -23.96398171551417278, 48.63143028604403639, 125.3534062774359654 ) ) ;
#4193 = VECTOR ( 'NONE', #771, 1000.000000000000000 ) ;
#4194 = EDGE_LOOP ( 'NONE', ( #4692, #7573, #9517, #10500 ) ) ;
#4195 = EDGE_CURVE ( 'NONE', #11168, #3687, #5542, .T. ) ;
#4196 = ORIENTED_EDGE ( 'NONE', *, *, #8386, .F. ) ;
#4197 = DIRECTION ( 'NONE',  ( -7.327943828065848168E-12, 7.191747867590729583E-11, -1.000000000000000000 ) ) ;
#4198 = DIRECTION ( 'NONE',  ( 0.9948490747861977734, 0.1013672451882081244, 0.000000000000000000 ) ) ;
#4199 = CLOSED_SHELL ( 'NONE', ( #9132, #3814, #4535, #9119, #6654, #588, #8705, #229, #8889, #9320, #6328, #9908, #10046, #8327, #7613, #5506, #9032, #1237, #1004, #1107, #8278, #8931, #9104, #2031, #10432, #5027, #7755, #11149, #7433, #8581, #6469, #6487, #3215, #10173, #10823, #10753, #2368, #159, #2549, #2645, #4518, #7857, #9818, #2766, #6555, #4073, #10807, #9673, #9994, #5894, #405, #2658, #9879, #4765, #6836, #8477, #9253, #1757, #4035, #10172, #4208, #2499, #6050, #2069, #3828, #8647, #9922, #4085, #1708, #3922, #586, #691, #7649, #4660, #677, #4838, #1000, #4466, #7760, #4284, #7963, #6767, #3579, #9739, #9314, #7948, #5149, #9144, #716, #4333, #149, #7929, #2241, #8351, #5106, #5477, #8117, #10183, #10482, #1575, #6175, #5526, #4299, #1742, #849, #6206, #506, #6420, #7374, #4988, #7011, #726, #5810, #4069, #2484, #112, #9414, #6351, #6809, #7341, #8487, #3799, #3639, #2384, #6684, #2989, #1935, #7175, #6535, #10946, #7533, #4068, #725, #5458, #4890, #8028, #6578, #4963, #8435, #6515, #7200, #10673, #7404, #10900, #5848, #11080, #3865, #259, #6861, #7699, #9252, #4190, #8822, #8555, #5905, #4012, #5515, #3780, #7127, #8901, #9247, #6965, #1931, #10884, #4801, #529, #8044, #9655, #4827, #10537, #7382, #4581, #419, #936, #8742, #4900, #2452, #5816, #5421, #4698, #6042, #3224, #199, #3133, #7572, #5901, #7919, #8890, #4635, #894, #4494, #4723, #2443, #5566, #9784, #3402, #2555, #3847, #1084, #9140, #407, #4136, #9146, #6159, #10156, #7564, #5305, #8060, #4598, #9966, #1350, #9465, #6498, #2106, #8326, #1563, #10369, #3065, #6582, #9821, #9158, #3288, #4713, #6148, #600, #1604, #8249, #8502, #1294, #6882, #6282, #646, #3850, #9881, #510, #865, #44, #147, #6893, #11403, #9597, #4106, #6471, #9766, #8928, #7, #4221, #2472, #8706, #7028, #8845, #2436, #8299, #1582, #7406, #7981, #8994, #79, #2632, #4260, #5790, #4083, #11301, #9261, #7578, #2279, #8097, #5918, #4121, #7108, #6502, #8266, #1872, #5192, #213, #7846, #608, #7693, #11491, #10227, #10949, #11244, #8465, #6894, #2374, #10740, #7933, #3778, #9843, #11472, #5397, #10992, #5635, #5604, #11157, #10668, #10290, #7352, #10660, #8333, #3169, #9077, #1371, #5311, #7479, #7610, #3495, #3447, #10516, #730, #1002, #10695, #824, #4898, #1855, #1499, #642, #8530, #327, #864, #5880, #2159, #9590, #6374, #10782, #23, #8950, #10476, #2056, #1420, #1672, #6980, #10228, #9412, #10909, #598, #10380, #4303, #5859, #1116, #2058, #9123, #7506 ) ) ;
#4200 = LINE ( 'NONE', #7751, #6016 ) ;
#4201 = VECTOR ( 'NONE', #11494, 1000.000000000000114 ) ;
#4202 = ORIENTED_EDGE ( 'NONE', *, *, #1248, .F. ) ;
#4203 = CARTESIAN_POINT ( 'NONE',  ( -12.93336912955011009, 76.74726833999886821, 118.6754127980427853 ) ) ;
#4204 = VECTOR ( 'NONE', #3871, 999.9999999999998863 ) ;
#4205 = DIRECTION ( 'NONE',  ( -0.4974245373930948344, -0.05068362259411087617, -0.8660254037844405950 ) ) ;
#4206 = DIRECTION ( 'NONE',  ( -0.8615645716962893053, -0.08778660944464596050, -0.5000000000000027756 ) ) ;
#4207 = CARTESIAN_POINT ( 'NONE',  ( -10.47271595720211934, 104.0131846551585681, 125.9705498769468051 ) ) ;
#4208 = ADVANCED_FACE ( 'NONE', ( #10843 ), #7182, .F. ) ;
#4209 = ORIENTED_EDGE ( 'NONE', *, *, #3275, .F. ) ;
#4210 = AXIS2_PLACEMENT_3D ( 'NONE', #10236, #11229, #5010 ) ;
#4211 = DIRECTION ( 'NONE',  ( 0.1013672451882252773, -0.9948490747861959971, 0.000000000000000000 ) ) ;
#4212 = DIRECTION ( 'NONE',  ( 0.5019378298181175202, 0.000000000000000000, -0.8649037027308175141 ) ) ;
#4213 = CARTESIAN_POINT ( 'NONE',  ( -2.092407086733222066, 104.8670717879464434, 142.2928748423235845 ) ) ;
#4214 = CARTESIAN_POINT ( 'NONE',  ( 0.4226985389623079126, 51.33854890261021353, 100.0372883279649301 ) ) ;
#4215 = ORIENTED_EDGE ( 'NONE', *, *, #6656, .T. ) ;
#4216 = CARTESIAN_POINT ( 'NONE',  ( -23.69923268488031454, 70.62442409652889808, 50.04579744993566237 ) ) ;
#4217 = ORIENTED_EDGE ( 'NONE', *, *, #7431, .T. ) ;
#4218 = CARTESIAN_POINT ( 'NONE',  ( -15.65771946722276020, 103.4848738435764233, 128.4022622365814073 ) ) ;
#4219 = PLANE ( 'NONE',  #307 ) ;
#4220 = VECTOR ( 'NONE', #3182, 999.9999999999998863 ) ;
#4221 = ADVANCED_FACE ( 'NONE', ( #5595 ), #3039, .T. ) ;
#4222 = VERTEX_POINT ( 'NONE', #9325 ) ;
#4223 = CARTESIAN_POINT ( 'NONE',  ( -19.84787390245720928, 103.0579302771824928, 137.4294501230543233 ) ) ;
#4224 = EDGE_LOOP ( 'NONE', ( #6479, #5514, #8676, #9538 ) ) ;
#4225 = CARTESIAN_POINT ( 'NONE',  ( -63.53754955500011192, 71.59110295296461857, 32.30464098289447605 ) ) ;
#4226 = EDGE_LOOP ( 'NONE', ( #1849, #583, #1304, #2662, #5166, #4948 ) ) ;
#4227 = PLANE ( 'NONE',  #4699 ) ;
#4228 = ORIENTED_EDGE ( 'NONE', *, *, #3197, .F. ) ;
#4229 = DIRECTION ( 'NONE',  ( 0.1013672451882219883, -0.9948490747861964412, 1.075499326746823620E-17 ) ) ;
#4230 = EDGE_LOOP ( 'NONE', ( #8552, #11284, #11163, #2409 ) ) ;
#4231 = ORIENTED_EDGE ( 'NONE', *, *, #7493, .T. ) ;
#4232 = DIRECTION ( 'NONE',  ( -0.5019378298181113029, 0.000000000000000000, -0.8649037027308211778 ) ) ;
#4233 = PLANE ( 'NONE',  #6116 ) ;
#4234 = EDGE_CURVE ( 'NONE', #7272, #5145, #8343, .T. ) ;
#4235 = CARTESIAN_POINT ( 'NONE',  ( -21.51342108929603825, 49.17220213384091920, 102.7925770593024026 ) ) ;
#4236 = FACE_OUTER_BOUND ( 'NONE', #6719, .T. ) ;
#4237 = ORIENTED_EDGE ( 'NONE', *, *, #6097, .F. ) ;
#4238 = CARTESIAN_POINT ( 'NONE',  ( -10.39455347964189791, 46.89799706163263693, 119.5414382018272477 ) ) ;
#4239 = ORIENTED_EDGE ( 'NONE', *, *, #9630, .F. ) ;
#4240 = ORIENTED_EDGE ( 'NONE', *, *, #5714, .F. ) ;
#4241 = VERTEX_POINT ( 'NONE', #385 ) ;
#4242 = FACE_OUTER_BOUND ( 'NONE', #466, .T. ) ;
#4243 = VERTEX_POINT ( 'NONE', #5826 ) ;
#4244 = CARTESIAN_POINT ( 'NONE',  ( -10.47271595720211934, 104.0131846551585681, 122.8391759652463264 ) ) ;
#4245 = VECTOR ( 'NONE', #3694, 999.9999999999998863 ) ;
#4246 = CARTESIAN_POINT ( 'NONE',  ( -0.5219709969937098570, 47.90393506220284081, 125.2708883248809855 ) ) ;
#4247 = CARTESIAN_POINT ( 'NONE',  ( -26.02645714701895585, 67.21093714787647855, 103.0600000000005707 ) ) ;
#4248 = ORIENTED_EDGE ( 'NONE', *, *, #9823, .T. ) ;
#4249 = ORIENTED_EDGE ( 'NONE', *, *, #9808, .T. ) ;
#4250 = CARTESIAN_POINT ( 'NONE',  ( -14.76010108756873507, 46.45318231940783704, 147.7000000000005002 ) ) ;
#4251 = LINE ( 'NONE', #11235, #2317 ) ;
#4252 = CARTESIAN_POINT ( 'NONE',  ( -5.706974507014352938, 47.37562425062068883, 135.6973993154853702 ) ) ;
#4253 = EDGE_CURVE ( 'NONE', #6164, #7051, #2232, .T. ) ;
#4254 = EDGE_CURVE ( 'NONE', #2181, #3309, #10362, .T. ) ;
#4255 = ORIENTED_EDGE ( 'NONE', *, *, #2340, .F. ) ;
#4256 = FACE_OUTER_BOUND ( 'NONE', #2134, .T. ) ;
#4258 = EDGE_CURVE ( 'NONE', #841, #1113, #1310, .T. ) ;
#4257 = VECTOR ( 'NONE', #8322, 999.9999999999998863 ) ;
#4259 = CARTESIAN_POINT ( 'NONE',  ( 45.13754649672958408, 82.66423493501598330, 30.76381588143817325 ) ) ;
#4260 = ADVANCED_FACE ( 'NONE', ( #9378 ), #5769, .T. ) ;
#4261 = FACE_OUTER_BOUND ( 'NONE', #1347, .T. ) ;
#4262 = FACE_OUTER_BOUND ( 'NONE', #357, .T. ) ;
#4263 = ORIENTED_EDGE ( 'NONE', *, *, #8743, .T. ) ;
#4264 = AXIS2_PLACEMENT_3D ( 'NONE', #9004, #5443, #983 ) ;
#4265 = AXIS2_PLACEMENT_3D ( 'NONE', #9688, #10554, #8703 ) ;
#4266 = LINE ( 'NONE', #7873, #5241 ) ;
#4267 = CARTESIAN_POINT ( 'NONE',  ( 14.73710580834817030, 78.56149309352979060, -2.706160129317083977E-14 ) ) ;
#4268 = DIRECTION ( 'NONE',  ( -1.000000000000000000, 0.000000000000000000, 0.000000000000000000 ) ) ;
#4269 = CARTESIAN_POINT ( 'NONE',  ( -5.937494410993441107, 39.77289730094784659, 146.7000000000005002 ) ) ;
#4270 = ORIENTED_EDGE ( 'NONE', *, *, #8389, .T. ) ;
#4271 = CARTESIAN_POINT ( 'NONE',  ( -12.22845568534358662, 21.65765634640197845, 147.5986327548122858 ) ) ;
#4272 = ORIENTED_EDGE ( 'NONE', *, *, #7360, .F. ) ;
#4273 = DIRECTION ( 'NONE',  ( -0.8615645716962926359, -0.08778660944464630744, 0.4999999999999969469 ) ) ;
#4274 = EDGE_CURVE ( 'NONE', #3137, #1357, #7685, .T. ) ;
#4275 = PLANE ( 'NONE',  #3251 ) ;
#4276 = AXIS2_PLACEMENT_3D ( 'NONE', #5828, #6596, #4964 ) ;
#4277 = ORIENTED_EDGE ( 'NONE', *, *, #10253, .F. ) ;
#4278 = DIRECTION ( 'NONE',  ( 0.5019378298181175202, 0.000000000000000000, -0.8649037027308175141 ) ) ;
#4279 = ORIENTED_EDGE ( 'NONE', *, *, #3506, .F. ) ;
#4280 = PLANE ( 'NONE',  #9746 ) ;
#4281 = VERTEX_POINT ( 'NONE', #4133 ) ;
#4282 = DIRECTION ( 'NONE',  ( -0.9948490747861964412, -0.1013672451882218634, -3.164135620181696535E-15 ) ) ;
#4283 = ORIENTED_EDGE ( 'NONE', *, *, #2590, .F. ) ;
#4284 = ADVANCED_FACE ( 'NONE', ( #5716 ), #3916, .T. ) ;
#4285 = DIRECTION ( 'NONE',  ( 0.1013672451882209891, -0.9948490747861964412, 5.020922815613633229E-23 ) ) ;
#4286 = ORIENTED_EDGE ( 'NONE', *, *, #9178, .F. ) ;
#4287 = ORIENTED_EDGE ( 'NONE', *, *, #6136, .T. ) ;
#4288 = DIRECTION ( 'NONE',  ( -0.9948490747861963301, -0.1013672451882219605, -3.497202527569243497E-15 ) ) ;
#4289 = EDGE_CURVE ( 'NONE', #3859, #754, #4078, .T. ) ;
#4290 = DIRECTION ( 'NONE',  ( 0.8615645716962891942, 0.08778660944464597438, 0.5000000000000029976 ) ) ;
#4291 = CARTESIAN_POINT ( 'NONE',  ( -8.902279867462583596, 47.05004792941493719, 133.2656869558507822 ) ) ;
#4292 = ORIENTED_EDGE ( 'NONE', *, *, #8101, .F. ) ;
#4293 = LINE ( 'NONE', #1635, #10105 ) ;
#4294 = EDGE_LOOP ( 'NONE', ( #1762, #8037, #3162, #4766 ) ) ;
#4295 = ORIENTED_EDGE ( 'NONE', *, *, #7528, .F. ) ;
#4296 = VERTEX_POINT ( 'NONE', #11122 ) ;
#4297 = CIRCLE ( 'NONE', #420, 1.550000000000000266 ) ;
#4298 = PLANE ( 'NONE',  #1926 ) ;
#4299 = ADVANCED_FACE ( 'NONE', ( #1477 ), #11069, .T. ) ;
#4300 = VERTEX_POINT ( 'NONE', #7631 ) ;
#4301 = DIRECTION ( 'NONE',  ( -0.5019378298181174092, 0.000000000000000000, 0.8649037027308177361 ) ) ;
#4302 = LINE ( 'NONE', #3721, #10142 ) ;
#4303 = ADVANCED_FACE ( 'NONE', ( #1258 ), #7519, .T. ) ;
#4304 = LINE ( 'NONE', #4419, #5887 ) ;
#4305 = LINE ( 'NONE', #6163, #4896 ) ;
#4306 = ORIENTED_EDGE ( 'NONE', *, *, #6388, .F. ) ;
#4307 = VERTEX_POINT ( 'NONE', #10193 ) ;
#4308 = DIRECTION ( 'NONE',  ( 0.4974245373931012182, 0.05068362259411096638, -0.8660254037844369313 ) ) ;
#4309 = LINE ( 'NONE', #5069, #7827 ) ;
#4310 = CARTESIAN_POINT ( 'NONE',  ( -0.5219709969937098570, 47.90393506220284081, 130.1343130441503035 ) ) ;
#4311 = CARTESIAN_POINT ( 'NONE',  ( -14.08728337748324755, 46.52173711783281362, 127.7026006845156871 ) ) ;
#4312 = VERTEX_POINT ( 'NONE', #10242 ) ;
#4313 = DIRECTION ( 'NONE',  ( -3.480278902931750302E-15, -3.438021909835086216E-16, 1.000000000000000000 ) ) ;
#4314 = FACE_OUTER_BOUND ( 'NONE', #1634, .T. ) ;
#4315 = DIRECTION ( 'NONE',  ( 0.9948490747861963301, 0.1013672451882219744, 3.164135620181696535E-15 ) ) ;
#4316 = VECTOR ( 'NONE', #5079, 999.9999999999998863 ) ;
#4317 = CARTESIAN_POINT ( 'NONE',  ( 49.32770093196399586, 83.09117850140992800, 33.19552824107284295 ) ) ;
#4318 = EDGE_CURVE ( 'NONE', #9511, #9878, #5656, .T. ) ;
#4319 = ORIENTED_EDGE ( 'NONE', *, *, #11360, .F. ) ;
#4320 = VECTOR ( 'NONE', #7164, 1000.000000000000114 ) ;
#4321 = DIRECTION ( 'NONE',  ( -1.000000000000000000, 0.000000000000000000, 0.000000000000000000 ) ) ;
#4322 = CARTESIAN_POINT ( 'NONE',  ( -74.61573924852410755, 70.46232312156514865, 38.73375265801398371 ) ) ;
#4323 = DIRECTION ( 'NONE',  ( -0.5019378298181174092, 0.000000000000000000, 0.8649037027308177361 ) ) ;
#4324 = CARTESIAN_POINT ( 'NONE',  ( 2.673334363454540341, 48.22951138340856403, 125.9705498769467482 ) ) ;
#4325 = ORIENTED_EDGE ( 'NONE', *, *, #3614, .F. ) ;
#4326 = CARTESIAN_POINT ( 'NONE',  ( 2.690929645812139892, -54.77420883753102743, 90.28313268288465565 ) ) ;
#4327 = ORIENTED_EDGE ( 'NONE', *, *, #3564, .F. ) ;
#4328 = DIRECTION ( 'NONE',  ( -7.327943828065848168E-12, 7.191747867590729583E-11, -1.000000000000000000 ) ) ;
#4329 = CYLINDRICAL_SURFACE ( 'NONE', #2502, 0.9999999999999978906 ) ;
#4330 = VECTOR ( 'NONE', #4910, 1000.000000000000114 ) ;
#4331 = EDGE_CURVE ( 'NONE', #3531, #1087, #8512, .T. ) ;
#4332 = EDGE_CURVE ( 'NONE', #1073, #9641, #11011, .T. ) ;
#4333 = ADVANCED_FACE ( 'NONE', ( #5886 ), #11236, .T. ) ;
#4334 = ORIENTED_EDGE ( 'NONE', *, *, #378, .F. ) ;
#4335 = CARTESIAN_POINT ( 'NONE',  ( 73.41218055162735823, 55.43723981943232815, 105.4200000000005844 ) ) ;
#4336 = LINE ( 'NONE', #6081, #4906 ) ;
#4337 = ORIENTED_EDGE ( 'NONE', *, *, #5788, .F. ) ;
#4338 = CARTESIAN_POINT ( 'NONE',  ( -17.28258873793149419, 46.19616079662709041, 144.7245872019582293 ) ) ;
#4339 = VERTEX_POINT ( 'NONE', #4426 ) ;
#4340 = EDGE_CURVE ( 'NONE', #6274, #570, #2508, .T. ) ;
#4341 = LINE ( 'NONE', #4456, #10880 ) ;
#4342 = ORIENTED_EDGE ( 'NONE', *, *, #3506, .T. ) ;
#4343 = AXIS2_PLACEMENT_3D ( 'NONE', #4366, #3552, #4420 ) ;
#4344 = ORIENTED_EDGE ( 'NONE', *, *, #1148, .T. ) ;
#4345 = LINE ( 'NONE', #11445, #7984 ) ;
#4346 = AXIS2_PLACEMENT_3D ( 'NONE', #8911, #4721, #2055 ) ;
#4347 = VECTOR ( 'NONE', #2014, 1000.000000000000227 ) ;
#4348 = FACE_OUTER_BOUND ( 'NONE', #6699, .T. ) ;
#4349 = EDGE_CURVE ( 'NONE', #750, #425, #3324, .T. ) ;
#4350 = VERTEX_POINT ( 'NONE', #5070 ) ;
#4351 = DIRECTION ( 'NONE',  ( -0.4974245373931009961, -0.05068362259411093862, 0.8660254037844370423 ) ) ;
#4352 = VERTEX_POINT ( 'NONE', #7104 ) ;
#4353 = VECTOR ( 'NONE', #74, 999.9999999999998863 ) ;
#4354 = VERTEX_POINT ( 'NONE', #22 ) ;
#4355 = ORIENTED_EDGE ( 'NONE', *, *, #4919, .T. ) ;
#4356 = EDGE_CURVE ( 'NONE', #6153, #5306, #7049, .T. ) ;
#4357 = CARTESIAN_POINT ( 'NONE',  ( -12.59500976530395455, 46.67378798561514230, 131.7000000000005286 ) ) ;
#4358 = ORIENTED_EDGE ( 'NONE', *, *, #6995, .F. ) ;
#4359 = VECTOR ( 'NONE', #6396, 999.9999999999998863 ) ;
#4360 = DIRECTION ( 'NONE',  ( 0.1013672451882219883, -0.9948490747861964412, 1.075499326746823620E-17 ) ) ;
#4361 = VECTOR ( 'NONE', #4149, 999.9999999999998863 ) ;
#4362 = CARTESIAN_POINT ( 'NONE',  ( -18.85302482767101040, 103.1592975223707072, 121.1071251576774870 ) ) ;
#4363 = CARTESIAN_POINT ( 'NONE',  ( -26.02645714701875335, 67.21093714787649276, 102.7517294594792503 ) ) ;
#4364 = EDGE_CURVE ( 'NONE', #5396, #7372, #2569, .T. ) ;
#4365 = CIRCLE ( 'NONE', #2156, 1.000000000000000666 ) ;
#4366 = CARTESIAN_POINT ( 'NONE',  ( -18.35560029027791984, 103.2099811449648286, 131.7000000000005286 ) ) ;
#4367 = ORIENTED_EDGE ( 'NONE', *, *, #3722, .F. ) ;
#4368 = VERTEX_POINT ( 'NONE', #840 ) ;
#4369 = VECTOR ( 'NONE', #10319, 999.9999999999998863 ) ;
#4370 = CARTESIAN_POINT ( 'NONE',  ( -23.04317926290545770, 102.7323539559767624, 134.9977377634196216 ) ) ;
#4371 = CARTESIAN_POINT ( 'NONE',  ( -10.47271595720211934, 104.0131846551585681, 135.6973993154854270 ) ) ;
#4372 = CARTESIAN_POINT ( 'NONE',  ( 2.097747348501226572, 105.2940153543403881, 142.9925363943894183 ) ) ;
#4373 = VERTEX_POINT ( 'NONE', #6113 ) ;
#4374 = AXIS2_PLACEMENT_3D ( 'NONE', #8224, #7410, #4790 ) ;
#4375 = CARTESIAN_POINT ( 'NONE',  ( -6.282561521967672924, 104.4401282215525129, 133.2656869558507822 ) ) ;
#4376 = DIRECTION ( 'NONE',  ( 0.5019378298181115250, 0.000000000000000000, 0.8649037027308210668 ) ) ;
#4377 = VECTOR ( 'NONE', #3679, 1000.000000000000000 ) ;
#4378 = FACE_OUTER_BOUND ( 'NONE', #8579, .T. ) ;
#4379 = DIRECTION ( 'NONE',  ( 0.4974245373931009961, 0.05068362259411126475, -0.8660254037844370423 ) ) ;
#4380 = VERTEX_POINT ( 'NONE', #1653 ) ;
#4381 = AXIS2_PLACEMENT_3D ( 'NONE', #678, #6072, #6774 ) ;
#4382 = VECTOR ( 'NONE', #221, 1000.000000000000000 ) ;
#4383 = CARTESIAN_POINT ( 'NONE',  ( 6.349743540596019642, 3.045642788675047452, 156.7000000000005002 ) ) ;
#4384 = DIRECTION ( 'NONE',  ( -0.1013672451882220160, 0.9948490747861964412, 0.000000000000000000 ) ) ;
#4385 = FILL_AREA_STYLE_COLOUR ( '', #318 ) ;
#4386 = PLANE ( 'NONE',  #1222 ) ;
#4387 = EDGE_LOOP ( 'NONE', ( #4606, #7944, #10368, #1211 ) ) ;
#4388 = CARTESIAN_POINT ( 'NONE',  ( -23.25483766646535599, -2.369483865736617734, 155.7000000000005002 ) ) ;
#4389 = ORIENTED_EDGE ( 'NONE', *, *, #7586, .T. ) ;
#4390 = PLANE ( 'NONE',  #3037 ) ;
#4391 = CARTESIAN_POINT ( 'NONE',  ( 2.097747348501223019, 105.2940153543403881, 138.1291116751201002 ) ) ;
#4392 = EDGE_CURVE ( 'NONE', #3262, #9039, #4200, .T. ) ;
#4393 = LINE ( 'NONE', #6015, #1036 ) ;
#4394 = VECTOR ( 'NONE', #10200, 999.9999999999998863 ) ;
#4395 = DIRECTION ( 'NONE',  ( -0.9948490747861963301, -0.1013672451882220021, -6.938893903907229918E-18 ) ) ;
#4396 = CARTESIAN_POINT ( 'NONE',  ( -21.48634488484947624, 48.90646800155411000, 100.0372883279649301 ) ) ;
#4397 = VERTEX_POINT ( 'NONE', #9668 ) ;
#4398 = DIRECTION ( 'NONE',  ( -0.1013672451882220160, 0.9948490747861964412, 0.000000000000000000 ) ) ;
#4399 = VERTEX_POINT ( 'NONE', #3558 ) ;
#4400 = DIRECTION ( 'NONE',  ( 0.8615645716962891942, 0.08778660944464597438, 0.5000000000000029976 ) ) ;
#4401 = ORIENTED_EDGE ( 'NONE', *, *, #10279, .F. ) ;
#4402 = ORIENTED_EDGE ( 'NONE', *, *, #9530, .F. ) ;
#4403 = DIRECTION ( 'NONE',  ( 0.1013672451882219883, -0.9948490747861964412, 1.075499326746823620E-17 ) ) ;
#4404 = VECTOR ( 'NONE', #9208, 1000.000000000000000 ) ;
#4405 = EDGE_CURVE ( 'NONE', #11231, #3738, #10591, .T. ) ;
#4406 = DIRECTION ( 'NONE',  ( 7.841598581462557900E-17, 3.291132365970988441E-16, 1.000000000000000000 ) ) ;
#4407 = EDGE_CURVE ( 'NONE', #2460, #468, #11405, .T. ) ;
#4408 = DIRECTION ( 'NONE',  ( 0.9948490747861964412, 0.1013672451882221409, -0.000000000000000000 ) ) ;
#4409 = ORIENTED_EDGE ( 'NONE', *, *, #9622, .F. ) ;
#4410 = CARTESIAN_POINT ( 'NONE',  ( 21.35872178747325734, 53.24945498721245940, 87.77148351815341698 ) ) ;
#4411 = ORIENTED_EDGE ( 'NONE', *, *, #5925, .F. ) ;
#4412 = ORIENTED_EDGE ( 'NONE', *, *, #8829, .F. ) ;
#4413 = ORIENTED_EDGE ( 'NONE', *, *, #2646, .T. ) ;
#4414 = DIRECTION ( 'NONE',  ( -0.4974245373930951675, -0.05068362259411070270, -0.8660254037844403729 ) ) ;
#4415 = EDGE_LOOP ( 'NONE', ( #2802, #4689, #10970, #2852 ) ) ;
#4416 = FACE_OUTER_BOUND ( 'NONE', #6092, .T. ) ;
#4417 = EDGE_CURVE ( 'NONE', #7316, #1829, #9727, .T. ) ;
#4418 = LINE ( 'NONE', #2848, #5122 ) ;
#4419 = CARTESIAN_POINT ( 'NONE',  ( 14.63573856315995414, 79.55634216831602146, 87.77148351815341698 ) ) ;
#4420 = DIRECTION ( 'NONE',  ( -0.5019378298181174092, 0.000000000000000000, 0.8649037027308177361 ) ) ;
#4421 = VERTEX_POINT ( 'NONE', #11294 ) ;
#4422 = EDGE_LOOP ( 'NONE', ( #1450, #2269, #77, #6827 ) ) ;
#4423 = CARTESIAN_POINT ( 'NONE',  ( -18.27743781271769308, 46.09479355143887602, 133.2656869558507253 ) ) ;
#4424 = CARTESIAN_POINT ( 'NONE',  ( -6.204399044407448827, 47.32494062802657453, 131.7000000000005002 ) ) ;
#4425 = DIRECTION ( 'NONE',  ( 1.000000000000000000, 0.000000000000000000, 0.000000000000000000 ) ) ;
#4426 = CARTESIAN_POINT ( 'NONE',  ( -23.70936940939913029, 70.72390900400752400, 105.4200000000005701 ) ) ;
#4427 = EDGE_CURVE ( 'NONE', #9271, #3805, #1533, .T. ) ;
#4428 = ORIENTED_EDGE ( 'NONE', *, *, #1305, .F. ) ;
#4429 = EDGE_CURVE ( 'NONE', #3704, #3795, #6873, .T. ) ;
#4430 = DIRECTION ( 'NONE',  ( 0.1013672451882219883, -0.9948490747861964412, 1.075499326746823620E-17 ) ) ;
#4431 = CARTESIAN_POINT ( 'NONE',  ( -6.282561521967672924, 104.4401282215525129, 139.8611624826889397 ) ) ;
#4432 = EDGE_CURVE ( 'NONE', #3712, #7372, #2451, .T. ) ;
#4433 = CARTESIAN_POINT ( 'NONE',  ( -5.706974507014352938, 47.37562425062068883, 142.2928748423236414 ) ) ;
#4434 = AXIS2_PLACEMENT_3D ( 'NONE', #6853, #2548, #10453 ) ;
#4435 = LINE ( 'NONE', #4317, #10906 ) ;
#4436 = LINE ( 'NONE', #31, #10828 ) ;
#4437 = CARTESIAN_POINT ( 'NONE',  ( 73.41218055162735823, 55.43723981943232815, 156.7000000000005002 ) ) ;
#4438 = DIRECTION ( 'NONE',  ( 6.903152180341684826E-18, 7.033765596924220165E-19, -1.000000000000000000 ) ) ;
#4439 = CARTESIAN_POINT ( 'NONE',  ( -18.85302482767101040, 103.1592975223707072, 140.5608240347547451 ) ) ;
#4440 = AXIS2_PLACEMENT_3D ( 'NONE', #11476, #1598, #6998 ) ;
#4441 = ORIENTED_EDGE ( 'NONE', *, *, #4694, .T. ) ;
#4442 = PLANE ( 'NONE',  #7330 ) ;
#4443 = ORIENTED_EDGE ( 'NONE', *, *, #1293, .T. ) ;
#4444 = CARTESIAN_POINT ( 'NONE',  ( -21.16982872352011569, 45.80008181468771511, 88.77148351815343119 ) ) ;
#4445 = EDGE_CURVE ( 'NONE', #8862, #1326, #8687, .T. ) ;
#4446 = DIRECTION ( 'NONE',  ( 0.4974245373931009961, 0.05068362259411126475, -0.8660254037844370423 ) ) ;
#4447 = DIRECTION ( 'NONE',  ( -0.1013672451882219466, 0.9948490747861963301, -5.561599257669980813E-16 ) ) ;
#4448 = EDGE_CURVE ( 'NONE', #4589, #10399, #8622, .T. ) ;
#4449 = DIRECTION ( 'NONE',  ( -0.8615645716962926359, -0.08778660944464630744, 0.4999999999999969469 ) ) ;
#4450 = VECTOR ( 'NONE', #2791, 1000.000000000000000 ) ;
#4451 = DIRECTION ( 'NONE',  ( 0.1013672451882219883, -0.9948490747861964412, 1.075499326746823620E-17 ) ) ;
#4452 = LINE ( 'NONE', #7252, #11009 ) ;
#4453 = EDGE_LOOP ( 'NONE', ( #8828, #1135, #8131, #4991 ) ) ;
#4454 = LINE ( 'NONE', #979, #10115 ) ;
#4455 = ORIENTED_EDGE ( 'NONE', *, *, #3258, .T. ) ;
#4456 = CARTESIAN_POINT ( 'NONE',  ( -7.872481210540117402, 77.26293275539438810, 122.8391759652462980 ) ) ;
#4457 = EDGE_CURVE ( 'NONE', #3101, #119, #9493, .T. ) ;
#4458 = ORIENTED_EDGE ( 'NONE', *, *, #8338, .T. ) ;
#4459 = ORIENTED_EDGE ( 'NONE', *, *, #7021, .T. ) ;
#4460 = CARTESIAN_POINT ( 'NONE',  ( -0.8603303612398731648, 77.97741541658656672, 121.9731505614619209 ) ) ;
#4461 = AXIS2_PLACEMENT_3D ( 'NONE', #8360, #8411, #6612 ) ;
#4462 = CARTESIAN_POINT ( 'NONE',  ( -31.02595163181688065, 73.89859981487161633, 88.77148351815341698 ) ) ;
#4463 = VECTOR ( 'NONE', #11072, 999.9999999999998863 ) ;
#4464 = ORIENTED_EDGE ( 'NONE', *, *, #2886, .T. ) ;
#4465 = CARTESIAN_POINT ( 'NONE',  ( -24.31177059802354989, 67.76350723835402334, 103.8651171975009646 ) ) ;
#4466 = ADVANCED_FACE ( 'NONE', ( #8797 ), #666, .T. ) ;
#4467 = ORIENTED_EDGE ( 'NONE', *, *, #9525, .T. ) ;
#4468 = EDGE_LOOP ( 'NONE', ( #11343, #4458, #10862, #4074, #4512, #5193, #10836, #9266, #1777, #6742, #7064, #4467, #7619 ) ) ;
#4469 = EDGE_CURVE ( 'NONE', #1940, #5066, #1767, .T. ) ;
#4470 = ORIENTED_EDGE ( 'NONE', *, *, #3435, .F. ) ;
#4471 = CARTESIAN_POINT ( 'NONE',  ( 3.364194807065103099, 2.741439007253977600, 153.0500000000005230 ) ) ;
#4472 = ORIENTED_EDGE ( 'NONE', *, *, #4568, .F. ) ;
#4473 = PLANE ( 'NONE',  #1398 ) ;
#4474 = LINE ( 'NONE', #4599, #7727 ) ;
#4475 = LINE ( 'NONE', #246, #10347 ) ;
#4476 = EDGE_CURVE ( 'NONE', #5223, #755, #5830, .T. ) ;
#4477 = LINE ( 'NONE', #10712, #8250 ) ;
#4478 = ORIENTED_EDGE ( 'NONE', *, *, #2804, .F. ) ;
#4479 = EDGE_CURVE ( 'NONE', #172, #10249, #11471, .T. ) ;
#4480 = ORIENTED_EDGE ( 'NONE', *, *, #9088, .T. ) ;
#4481 = PLANE ( 'NONE',  #5065 ) ;
#4482 = CARTESIAN_POINT ( 'NONE',  ( -14.08728337748324755, 46.52173711783281362, 132.5660254037850052 ) ) ;
#4483 = CARTESIAN_POINT ( 'NONE',  ( -23.41783902623789970, 67.86274086807284789, 103.8514543557159868 ) ) ;
#4484 = CARTESIAN_POINT ( 'NONE',  ( 6.278077729994752332, 19.52325316161342172, 150.0500000000005230 ) ) ;
#4485 = EDGE_CURVE ( 'NONE', #4832, #7425, #255, .T. ) ;
#4486 = VERTEX_POINT ( 'NONE', #2000 ) ;
#4487 = CARTESIAN_POINT ( 'NONE',  ( -12.22330476012978373, 21.55628910121376052, 156.7000000000005002 ) ) ;
#4488 = DIRECTION ( 'NONE',  ( -6.903152180341682515E-18, -7.033765596924227869E-19, 1.000000000000000000 ) ) ;
#4489 = DIRECTION ( 'NONE',  ( 0.1013672451882220160, -0.9948490747861964412, 0.000000000000000000 ) ) ;
#4490 = ORIENTED_EDGE ( 'NONE', *, *, #3401, .T. ) ;
#4491 = ORIENTED_EDGE ( 'NONE', *, *, #7744, .F. ) ;
#4492 = DIRECTION ( 'NONE',  ( 0.08786539972137212551, -0.8623378435136063169, 0.4986512961740964256 ) ) ;
#4493 = FACE_BOUND ( 'NONE', #2268, .T. ) ;
#4494 = ADVANCED_FACE ( 'NONE', ( #3852 ), #1882, .T. ) ;
#4495 = SURFACE_STYLE_USAGE ( .BOTH. , #2694 ) ;
#4496 = CARTESIAN_POINT ( 'NONE',  ( 2.175909826061441787, 48.17882776081445684, 131.7000000000005286 ) ) ;
#4497 = VERTEX_POINT ( 'NONE', #5410 ) ;
#4498 = LINE ( 'NONE', #157, #653 ) ;
#4499 = EDGE_LOOP ( 'NONE', ( #2874, #85, #9015, #3522 ) ) ;
#4500 = CARTESIAN_POINT ( 'NONE',  ( -7.872481210540152041, 77.26293275539438810, 121.1071251576774586 ) ) ;
#4501 = DIRECTION ( 'NONE',  ( 0.4974245373930950564, 0.05068362259411089699, 0.8660254037844403729 ) ) ;
#4502 = VECTOR ( 'NONE', #382, 999.9999999999998863 ) ;
#4503 = CARTESIAN_POINT ( 'NONE',  ( -21.31367800001900292, 75.89338120721100722, 125.2708883248810423 ) ) ;
#4504 = LINE ( 'NONE', #10796, #1239 ) ;
#4505 = DIRECTION ( 'NONE',  ( -5.997974704630673760E-18, -6.111461405818937402E-19, -1.000000000000000000 ) ) ;
#4506 = EDGE_CURVE ( 'NONE', #10399, #2618, #7226, .T. ) ;
#4507 = VECTOR ( 'NONE', #6289, 1000.000000000000000 ) ;
#4508 = EDGE_CURVE ( 'NONE', #956, #11354, #10830, .T. ) ;
#4509 = AXIS2_PLACEMENT_3D ( 'NONE', #4370, #2566, #5068 ) ;
#4510 = DIRECTION ( 'NONE',  ( 1.000000000000000000, 0.000000000000000000, 0.000000000000000000 ) ) ;
#4511 = LINE ( 'NONE', #2885, #5807 ) ;
#4512 = ORIENTED_EDGE ( 'NONE', *, *, #4651, .F. ) ;
#4513 = CARTESIAN_POINT ( 'NONE',  ( -11.46756503198831645, 103.9118174099703538, 142.2928748423236414 ) ) ;
#4514 = VERTEX_POINT ( 'NONE', #1828 ) ;
#4515 = DIRECTION ( 'NONE',  ( 0.1013672451882219883, -0.9948490747861964412, 1.075499326746823620E-17 ) ) ;
#4516 = EDGE_LOOP ( 'NONE', ( #5204, #578, #10702, #1296, #516, #9380 ) ) ;
#4517 = DIRECTION ( 'NONE',  ( 0.5019378298181175202, 0.000000000000000000, -0.8649037027308175141 ) ) ;
#4518 = ADVANCED_FACE ( 'NONE', ( #2856, #2682, #76, #3785, #9894, #5586 ), #6468, .T. ) ;
#4519 =( BOUNDED_CURVE ( )  B_SPLINE_CURVE ( 3, ( #3115, #1496, #2247, #9340 ),
 .UNSPECIFIED., .F., .F. ) 
 B_SPLINE_CURVE_WITH_KNOTS ( ( 4, 4 ),
 ( 3.141592653589792672, 4.712388980384679016 ),
 .UNSPECIFIED. ) 
 CURVE ( )  GEOMETRIC_REPRESENTATION_ITEM ( )  RATIONAL_B_SPLINE_CURVE ( ( 1.000000000000000000, 0.8047378541243672689, 0.8047378541243672689, 1.000000000000000000 ) ) 
 REPRESENTATION_ITEM ( '' )  );
#4520 = LINE ( 'NONE', #9005, #3436 ) ;
#4521 = DIRECTION ( 'NONE',  ( 0.1013672451882220160, -0.9948490747861964412, 0.000000000000000000 ) ) ;
#4522 = ORIENTED_EDGE ( 'NONE', *, *, #8013, .F. ) ;
#4523 = FACE_OUTER_BOUND ( 'NONE', #9742, .T. ) ;
#4524 = VERTEX_POINT ( 'NONE', #6411 ) ;
#4525 = VECTOR ( 'NONE', #8293, 1000.000000000000114 ) ;
#4526 = ORIENTED_EDGE ( 'NONE', *, *, #10821, .F. ) ;
#4527 = ORIENTED_EDGE ( 'NONE', *, *, #3978, .T. ) ;
#4528 = CARTESIAN_POINT ( 'NONE',  ( -6.028455490777946402, 40.66561709319564955, 115.4200000000005844 ) ) ;
#4529 = ORIENTED_EDGE ( 'NONE', *, *, #9952, .T. ) ;
#4530 = FACE_OUTER_BOUND ( 'NONE', #10942, .T. ) ;
#4531 = CARTESIAN_POINT ( 'NONE',  ( -13.09243430269705577, 46.62310436302099959, 121.1071251576774870 ) ) ;
#4532 = DIRECTION ( 'NONE',  ( -0.4974245373931009961, -0.05068362259411093862, 0.8660254037844370423 ) ) ;
#4533 = CARTESIAN_POINT ( 'NONE',  ( 17.67197875046127109, 49.75775451254386184, 87.77148351815341698 ) ) ;
#4534 = DIRECTION ( 'NONE',  ( -1.000000000000000000, 0.000000000000000000, 0.000000000000000000 ) ) ;
#4535 = ADVANCED_FACE ( 'NONE', ( #5356 ), #9787, .T. ) ;
#4536 = VECTOR ( 'NONE', #10945, 1000.000000000000114 ) ;
#4537 = ORIENTED_EDGE ( 'NONE', *, *, #8694, .T. ) ;
#4538 = EDGE_LOOP ( 'NONE', ( #765, #2751, #7465, #10044 ) ) ;
#4539 = CARTESIAN_POINT ( 'NONE',  ( 6.364350251286190918, 24.45540159587645235, 115.4200000000006128 ) ) ;
#4540 = DIRECTION ( 'NONE',  ( 0.9948490747794266342, 0.1013672452546628133, -1.200647045275743899E-16 ) ) ;
#4541 = FACE_OUTER_BOUND ( 'NONE', #9388, .T. ) ;
#4542 = VECTOR ( 'NONE', #8485, 1000.000000000000114 ) ;
#4543 = CARTESIAN_POINT ( 'NONE',  ( -0.6152014920796888831, 2.335970026501086760, 156.7000000000005002 ) ) ;
#4544 = ORIENTED_EDGE ( 'NONE', *, *, #7013, .T. ) ;
#4545 = FACE_OUTER_BOUND ( 'NONE', #4871, .T. ) ;
#4546 = EDGE_CURVE ( 'NONE', #535, #5417, #1383, .T. ) ;
#4547 = EDGE_CURVE ( 'NONE', #1117, #1068, #8968, .T. ) ;
#4548 = DIRECTION ( 'NONE',  ( 0.4974245373931012182, 0.05068362259411096638, -0.8660254037844369313 ) ) ;
#4549 = CARTESIAN_POINT ( 'NONE',  ( -24.03802833769165659, 102.6309867107885481, 128.4022622365814073 ) ) ;
#4550 = VECTOR ( 'NONE', #6891, 999.9999999999998863 ) ;
#4551 = CARTESIAN_POINT ( 'NONE',  ( -23.39717650499870061, 67.65995257981062139, 102.4891334878152378 ) ) ;
#4552 = VECTOR ( 'NONE', #2178, 1000.000000000000114 ) ;
#4553 = VERTEX_POINT ( 'NONE', #10718 ) ;
#4554 = ORIENTED_EDGE ( 'NONE', *, *, #4568, .T. ) ;
#4555 = ORIENTED_EDGE ( 'NONE', *, *, #6026, .F. ) ;
#4556 = LINE ( 'NONE', #4615, #5059 ) ;
#4557 = FACE_OUTER_BOUND ( 'NONE', #5931, .T. ) ;
#4558 = DIRECTION ( 'NONE',  ( -3.480278902931750302E-15, -3.438021909835086216E-16, 1.000000000000000000 ) ) ;
#4559 = VERTEX_POINT ( 'NONE', #1010 ) ;
#4560 = DIRECTION ( 'NONE',  ( -0.9948490747861963301, -0.1013672451882219466, 0.000000000000000000 ) ) ;
#4561 = AXIS2_PLACEMENT_3D ( 'NONE', #6708, #5664, #2288 ) ;
#4562 = ORIENTED_EDGE ( 'NONE', *, *, #8517, .T. ) ;
#4563 = DIRECTION ( 'NONE',  ( -3.480278902931750302E-15, -3.438021909835086216E-16, 1.000000000000000000 ) ) ;
#4564 = CARTESIAN_POINT ( 'NONE',  ( -18.85302482767101040, 103.1592975223707072, 121.1071251576774870 ) ) ;
#4565 = CARTESIAN_POINT ( 'NONE',  ( -0.6152014920796845532, 2.335970026501105856, 153.0500000000005230 ) ) ;
#4566 = AXIS2_PLACEMENT_3D ( 'NONE', #5280, #8020, #889 ) ;
#4567 = DIRECTION ( 'NONE',  ( -0.4974245373930951675, -0.05068362259411070270, -0.8660254037844403729 ) ) ;
#4568 = EDGE_CURVE ( 'NONE', #596, #1998, #8035, .T. ) ;
#4569 = DIRECTION ( 'NONE',  ( -0.4974245373930951675, -0.05068362259411070270, -0.8660254037844403729 ) ) ;
#4570 = AXIS2_PLACEMENT_3D ( 'NONE', #7486, #8586, #9344 ) ;
#4571 = CIRCLE ( 'NONE', #11073, 1.000000000000000666 ) ;
#4572 = CARTESIAN_POINT ( 'NONE',  ( -5.706974507014352938, 47.37562425062068883, 125.9705498769467482 ) ) ;
#4573 = FACE_OUTER_BOUND ( 'NONE', #4538, .T. ) ;
#4574 = EDGE_LOOP ( 'NONE', ( #1628, #2441, #315, #6549 ) ) ;
#4575 = CARTESIAN_POINT ( 'NONE',  ( 8.355762410868278423, 48.80850581758483031, 129.2682876403658838 ) ) ;
#4576 = ORIENTED_EDGE ( 'NONE', *, *, #8209, .T. ) ;
#4577 = DIRECTION ( 'NONE',  ( -0.9948490747861963301, -0.1013672451882219605, -3.497202527569243497E-15 ) ) ;
#4578 = VERTEX_POINT ( 'NONE', #3675 ) ;
#4579 = LINE ( 'NONE', #9931, #6 ) ;
#4580 = VECTOR ( 'NONE', #868, 999.9999999999998863 ) ;
#4581 = ADVANCED_FACE ( 'NONE', ( #9087 ), #9143, .T. ) ;
#4582 = EDGE_CURVE ( 'NONE', #9310, #8702, #1030, .T. ) ;
#4583 = DIRECTION ( 'NONE',  ( 0.9948490747861964412, 0.1013672451882218634, 3.497202527569243497E-15 ) ) ;
#4584 = VECTOR ( 'NONE', #4628, 1000.000000000000114 ) ;
#4585 = CARTESIAN_POINT ( 'NONE',  ( 55.61293258481565971, 83.73159385100082375, 36.84309678052487413 ) ) ;
#4586 = ORIENTED_EDGE ( 'NONE', *, *, #9672, .F. ) ;
#4587 = LINE ( 'NONE', #6562, #10630 ) ;
#4588 = ORIENTED_EDGE ( 'NONE', *, *, #3551, .T. ) ;
#4589 = VERTEX_POINT ( 'NONE', #6348 ) ;
#4590 = VECTOR ( 'NONE', #5523, 1000.000000000000114 ) ;
#4591 = EDGE_LOOP ( 'NONE', ( #804, #2220, #8448, #7936 ) ) ;
#4592 =( BOUNDED_CURVE ( )  B_SPLINE_CURVE ( 3, ( #11048, #3132, #6631, #3021 ),
 .UNSPECIFIED., .F., .F. ) 
 B_SPLINE_CURVE_WITH_KNOTS ( ( 4, 4 ),
 ( 2.287818306996494577, 3.141592653517516709 ),
 .UNSPECIFIED. ) 
 CURVE ( )  GEOMETRIC_REPRESENTATION_ITEM ( )  RATIONAL_B_SPLINE_CURVE ( ( 1.000000000000000000, 0.9401726602434768987, 0.9401726602434768987, 1.000000000000000000 ) ) 
 REPRESENTATION_ITEM ( '' )  );
#4593 = FACE_OUTER_BOUND ( 'NONE', #11037, .T. ) ;
#4594 = VERTEX_POINT ( 'NONE', #1938 ) ;
#4595 = DIRECTION ( 'NONE',  ( 0.8615645716962891942, 0.08778660944464597438, 0.5000000000000029976 ) ) ;
#4596 = FACE_OUTER_BOUND ( 'NONE', #11055, .T. ) ;
#4597 = EDGE_CURVE ( 'NONE', #568, #8378, #4904, .T. ) ;
#4598 = ADVANCED_FACE ( 'NONE', ( #9028 ), #8158, .T. ) ;
#4599 = CARTESIAN_POINT ( 'NONE',  ( -10.39455347964189791, 46.89799706163263693, 143.8585617981738380 ) ) ;
#4600 = CARTESIAN_POINT ( 'NONE',  ( -3.558211184295021479, 77.70252271797497201, 120.4074636056116674 ) ) ;
#4601 = DIRECTION ( 'NONE',  ( 0.9948490747861964412, 0.1013672451882218634, 3.497202527569243497E-15 ) ) ;
#4602 = VERTEX_POINT ( 'NONE', #5005 ) ;
#4603 = VERTEX_POINT ( 'NONE', #9429 ) ;
#4604 = DIRECTION ( 'NONE',  ( 0.1013672451882219883, -0.9948490747861964412, 1.075499326746823620E-17 ) ) ;
#4605 = DIRECTION ( 'NONE',  ( -0.9948490747861963301, -0.1013672451882219466, 1.214431771098593503E-16 ) ) ;
#4606 = ORIENTED_EDGE ( 'NONE', *, *, #6402, .T. ) ;
#4607 =( NAMED_UNIT ( * ) PLANE_ANGLE_UNIT ( ) SI_UNIT ( $, .RADIAN. ) );
#4608 = LINE ( 'NONE', #200, #4811 ) ;
#4609 = CARTESIAN_POINT ( 'NONE',  ( 10.70998192154905482, 49.04838214899448445, 50.04579744993567658 ) ) ;
#4610 = DIRECTION ( 'NONE',  ( -0.1013672451882081244, 0.9948490747861977734, 0.000000000000000000 ) ) ;
#4611 = EDGE_LOOP ( 'NONE', ( #806, #2477, #10298, #961 ) ) ;
#4612 = EDGE_CURVE ( 'NONE', #3671, #2040, #3030, .T. ) ;
#4613 = ORIENTED_EDGE ( 'NONE', *, *, #2404, .T. ) ;
#4614 = EDGE_CURVE ( 'NONE', #1113, #206, #2110, .T. ) ;
#4615 = CARTESIAN_POINT ( 'NONE',  ( 10.48945375083639320, 68.96992823469619793, 105.4200000000005701 ) ) ;
#4616 = LINE ( 'NONE', #911, #8412 ) ;
#4617 = CARTESIAN_POINT ( 'NONE',  ( -4.712125432228155830, 47.47699149580890321, 122.8391759652463264 ) ) ;
#4618 = LINE ( 'NONE', #9973, #11057 ) ;
#4619 = EDGE_CURVE ( 'NONE', #7877, #956, #3189, .T. ) ;
#4620 = EDGE_LOOP ( 'NONE', ( #8561, #5130, #2070, #8007 ) ) ;
#4621 = LINE ( 'NONE', #2071, #4347 ) ;
#4622 = VERTEX_POINT ( 'NONE', #10182 ) ;
#4623 = CARTESIAN_POINT ( 'NONE',  ( 1.644369224237865579, -4.627973497002288994, 156.7000000000005002 ) ) ;
#4624 = CARTESIAN_POINT ( 'NONE',  ( -21.48406718361556500, 48.88411394664233001, 103.7875013368247039 ) ) ;
#4625 = AXIS2_PLACEMENT_3D ( 'NONE', #7192, #2940, #1844 ) ;
#4626 = DIRECTION ( 'NONE',  ( 0.1013672451882219883, -0.9948490747861964412, 1.075499326746823620E-17 ) ) ;
#4627 = CARTESIAN_POINT ( 'NONE',  ( -32.12216795179129747, 74.79208164446966123, 155.7000000000005002 ) ) ;
#4628 = DIRECTION ( 'NONE',  ( 0.4974245373931009961, 0.05068362259411126475, -0.8660254037844370423 ) ) ;
#4629 = VECTOR ( 'NONE', #4548, 1000.000000000000000 ) ;
#4630 = CARTESIAN_POINT ( 'NONE',  ( -0.2869982004050294910, 23.77768184277744012, 156.7000000000005002 ) ) ;
#4631 = DIRECTION ( 'NONE',  ( -0.5019378298181174092, 0.000000000000000000, 0.8649037027308177361 ) ) ;
#4632 = ORIENTED_EDGE ( 'NONE', *, *, #9096, .F. ) ;
#4633 = LINE ( 'NONE', #5670, #11047 ) ;
#4634 = ORIENTED_EDGE ( 'NONE', *, *, #8746, .T. ) ;
#4635 = ADVANCED_FACE ( 'NONE', ( #374 ), #5759, .T. ) ;
#4636 = DIRECTION ( 'NONE',  ( -0.9948490747861964412, -0.1013672451882215303, 6.029029786171035658E-18 ) ) ;
#4637 = ORIENTED_EDGE ( 'NONE', *, *, #11296, .F. ) ;
#4638 = LINE ( 'NONE', #4693, #7609 ) ;
#4639 = EDGE_CURVE ( 'NONE', #4866, #4352, #11111, .T. ) ;
#4640 = DIRECTION ( 'NONE',  ( 0.1013672451882219883, -0.9948490747861964412, 1.075499326746823620E-17 ) ) ;
#4641 = VECTOR ( 'NONE', #5045, 999.9999999999998863 ) ;
#4642 = FACE_OUTER_BOUND ( 'NONE', #9640, .T. ) ;
#4643 = EDGE_CURVE ( 'NONE', #3303, #8616, #544, .T. ) ;
#4644 = EDGE_LOOP ( 'NONE', ( #11457, #9882, #4113, #4648, #1702, #6474 ) ) ;
#4645 = DIRECTION ( 'NONE',  ( -0.9948490747794266342, -0.1013672452546628133, 0.000000000000000000 ) ) ;
#4646 = VERTEX_POINT ( 'NONE', #7507 ) ;
#4647 = EDGE_LOOP ( 'NONE', ( #614, #4490, #6067, #5400, #8577, #4562 ) ) ;
#4648 = ORIENTED_EDGE ( 'NONE', *, *, #4156, .T. ) ;
#4649 = CIRCLE ( 'NONE', #4828, 1.550000000000000266 ) ;
#4650 = CARTESIAN_POINT ( 'NONE',  ( 3.668183438240740557, 48.33087862859677131, 142.2928748423235845 ) ) ;
#4651 = EDGE_CURVE ( 'NONE', #8439, #7592, #6745, .T. ) ;
#4652 = VERTEX_POINT ( 'NONE', #11165 ) ;
#4653 = DIRECTION ( 'NONE',  ( 0.1013672451882219883, -0.9948490747861964412, 1.075499326746823620E-17 ) ) ;
#4654 = FACE_OUTER_BOUND ( 'NONE', #9842, .T. ) ;
#4655 = DIRECTION ( 'NONE',  ( 0.1013672451882219883, -0.9948490747861964412, 1.075499326746823620E-17 ) ) ;
#4656 = FACE_OUTER_BOUND ( 'NONE', #379, .T. ) ;
#4657 = EDGE_CURVE ( 'NONE', #5243, #3704, #6581, .T. ) ;
#4658 = CARTESIAN_POINT ( 'NONE',  ( -24.31392470686017759, 67.76413308130855739, 102.2541720845618727 ) ) ;
#4659 = ORIENTED_EDGE ( 'NONE', *, *, #9672, .T. ) ;
#4660 = ADVANCED_FACE ( 'NONE', ( #3140 ), #5876, .T. ) ;
#4661 = EDGE_LOOP ( 'NONE', ( #11480, #4105, #5872, #4325 ) ) ;
#4662 = ORIENTED_EDGE ( 'NONE', *, *, #5912, .T. ) ;
#4663 = DIRECTION ( 'NONE',  ( -0.000000000000000000, 0.000000000000000000, 1.000000000000000000 ) ) ;
#4664 = DIRECTION ( 'NONE',  ( -6.903152180341685597E-18, -7.033765596924229795E-19, 1.000000000000000000 ) ) ;
#4665 = CARTESIAN_POINT ( 'NONE',  ( -21.48634488482704441, 48.90646800133402650, 105.4200000000024460 ) ) ;
#4666 = EDGE_CURVE ( 'NONE', #4339, #444, #1349, .T. ) ;
#4667 = LINE ( 'NONE', #7229, #2968 ) ;
#4668 = CARTESIAN_POINT ( 'NONE',  ( -22.54575472551236714, 102.7830375785708839, 138.9951370789045200 ) ) ;
#4669 = PLANE ( 'NONE',  #6068 ) ;
#4670 = ORIENTED_EDGE ( 'NONE', *, *, #8401, .T. ) ;
#4671 = ORIENTED_EDGE ( 'NONE', *, *, #5290, .T. ) ;
#4672 = DIRECTION ( 'NONE',  ( 0.1013672451882219883, -0.9948490747861964412, 1.075499326746823620E-17 ) ) ;
#4673 = FACE_BOUND ( 'NONE', #2098, .T. ) ;
#4674 = CARTESIAN_POINT ( 'NONE',  ( -9.897128942248800243, 46.94868068422675123, 142.9925363943893615 ) ) ;
#4675 = CARTESIAN_POINT ( 'NONE',  ( -6.282561521967672924, 104.4401282215525129, 130.1343130441503035 ) ) ;
#4676 = VERTEX_POINT ( 'NONE', #4886 ) ;
#4677 = DIRECTION ( 'NONE',  ( 0.1013672451882219883, -0.9948490747861964412, 1.075499326746823620E-17 ) ) ;
#4678 = EDGE_CURVE ( 'NONE', #902, #4832, #6693, .T. ) ;
#4679 = ORIENTED_EDGE ( 'NONE', *, *, #7440, .T. ) ;
#4680 = DIRECTION ( 'NONE',  ( -0.4974245373931009961, -0.05068362259411093862, 0.8660254037844370423 ) ) ;
#4681 = CARTESIAN_POINT ( 'NONE',  ( 6.349743540596019642, 3.045642788675047452, 156.7000000000005002 ) ) ;
#4682 = PLANE ( 'NONE',  #4625 ) ;
#4683 = DIRECTION ( 'NONE',  ( 0.8615645716962891942, 0.08778660944464597438, 0.5000000000000029976 ) ) ;
#4684 = CARTESIAN_POINT ( 'NONE',  ( -3.709968914734877554, -6.751516677735238225, 150.0500000000005230 ) ) ;
#4685 = CARTESIAN_POINT ( 'NONE',  ( 1.102898273715022581, 105.1926481091521737, 134.9977377634196785 ) ) ;
#4686 = CARTESIAN_POINT ( 'NONE',  ( -1.594982549340127287, 104.9177554105405648, 141.4268494385391648 ) ) ;
#4687 = ORIENTED_EDGE ( 'NONE', *, *, #9992, .T. ) ;
#4688 = DIRECTION ( 'NONE',  ( -0.9948490747861964412, -0.1013672451882218634, -3.164135620181696535E-15 ) ) ;
#4689 = ORIENTED_EDGE ( 'NONE', *, *, #6438, .F. ) ;
#4690 = CIRCLE ( 'NONE', #2277, 1.550000000000000933 ) ;
#4691 = DIRECTION ( 'NONE',  ( 0.9948490747861964412, 0.1013672451882220160, 6.938893903907231459E-18 ) ) ;
#4692 = ORIENTED_EDGE ( 'NONE', *, *, #9529, .F. ) ;
#4693 = CARTESIAN_POINT ( 'NONE',  ( -8.902279867462603136, 47.05004792941496561, 142.9925363943894183 ) ) ;
#4694 = EDGE_CURVE ( 'NONE', #4830, #6062, #3325, .T. ) ;
#4695 = PLANE ( 'NONE',  #11427 ) ;
#4696 = EDGE_CURVE ( 'NONE', #1252, #5292, #10233, .T. ) ;
#4697 = VECTOR ( 'NONE', #11337, 1000.000000000000000 ) ;
#4698 = ADVANCED_FACE ( 'NONE', ( #2271 ), #5813, .T. ) ;
#4699 = AXIS2_PLACEMENT_3D ( 'NONE', #8537, #467, #2254 ) ;
#4700 = CARTESIAN_POINT ( 'NONE',  ( 73.31081330643912963, 56.43208889421852348, 88.77148351815341698 ) ) ;
#4701 = EDGE_CURVE ( 'NONE', #3440, #6593, #8440, .T. ) ;
#4702 = VERTEX_POINT ( 'NONE', #1408 ) ;
#4703 = PLANE ( 'NONE',  #5494 ) ;
#4704 = AXIS2_PLACEMENT_3D ( 'NONE', #3213, #9391, #10202 ) ;
#4705 = ORIENTED_EDGE ( 'NONE', *, *, #3659, .T. ) ;
#4706 = ORIENTED_EDGE ( 'NONE', *, *, #8568, .F. ) ;
#4707 = CARTESIAN_POINT ( 'NONE',  ( -23.34506524609125577, 67.35207590358874086, 103.4019864493831591 ) ) ;
#4708 = EDGE_LOOP ( 'NONE', ( #10445, #6846, #7923, #5206, #4092, #9913 ) ) ;
#4709 = CARTESIAN_POINT ( 'NONE',  ( -2.624420716401418829, 36.85274001331780624, 116.6469990883675223 ) ) ;
#4710 = CARTESIAN_POINT ( 'NONE',  ( -3.087256161519422726, 104.7657045427582432, 125.9705498769467482 ) ) ;
#4711 = VECTOR ( 'NONE', #6111, 999.9999999999998863 ) ;
#4712 = LINE ( 'NONE', #6686, #10897 ) ;
#4713 = ADVANCED_FACE ( 'NONE', ( #4833 ), #427, .T. ) ;
#4714 = DIRECTION ( 'NONE',  ( 0.1013672451882219883, -0.9948490747861964412, 1.075499326746823620E-17 ) ) ;
#4715 = VECTOR ( 'NONE', #5318, 1000.000000000000114 ) ;
#4716 = CARTESIAN_POINT ( 'NONE',  ( -68.33050759567241528, 71.10273847115605861, 35.08618411856199515 ) ) ;
#4717 = EDGE_CURVE ( 'NONE', #7335, #7877, #11287, .T. ) ;
#4718 = EDGE_LOOP ( 'NONE', ( #8527, #7539, #10403, #1502 ) ) ;
#4719 = ORIENTED_EDGE ( 'NONE', *, *, #4612, .T. ) ;
#4720 = ORIENTED_EDGE ( 'NONE', *, *, #5541, .F. ) ;
#4721 = DIRECTION ( 'NONE',  ( -7.841598581462557900E-17, -3.291132365970988441E-16, -1.000000000000000000 ) ) ;
#4722 = AXIS2_PLACEMENT_3D ( 'NONE', #818, #10456, #7907 ) ;
#4723 = ADVANCED_FACE ( 'NONE', ( #6808 ), #9539, .T. ) ;
#4724 = DIRECTION ( 'NONE',  ( 6.903152180341684826E-18, 7.033765596924220165E-19, -1.000000000000000000 ) ) ;
#4725 = CARTESIAN_POINT ( 'NONE',  ( 16.45774435868202090, 71.53974096324890297, 99.31000000000055650 ) ) ;
#4726 = AXIS2_PLACEMENT_3D ( 'NONE', #5297, #6932, #7927 ) ;
#4727 = VECTOR ( 'NONE', #1733, 1000.000000000000114 ) ;
#4728 = ORIENTED_EDGE ( 'NONE', *, *, #1072, .F. ) ;
#4729 = ORIENTED_EDGE ( 'NONE', *, *, #11012, .F. ) ;
#4730 = FACE_BOUND ( 'NONE', #10565, .T. ) ;
#4731 = DIRECTION ( 'NONE',  ( -0.9948490747861964412, -0.1013672451882218634, -3.164135620181696535E-15 ) ) ;
#4732 = VECTOR ( 'NONE', #9958, 1000.000000000000000 ) ;
#4733 = LINE ( 'NONE', #9910, #3438 ) ;
#4734 = ORIENTED_EDGE ( 'NONE', *, *, #6675, .F. ) ;
#4735 = LINE ( 'NONE', #1894, #7142 ) ;
#4736 = ORIENTED_EDGE ( 'NONE', *, *, #4825, .F. ) ;
#4737 = CARTESIAN_POINT ( 'NONE',  ( 59.80308702005009280, 84.15853741739476845, 39.27480914015956159 ) ) ;
#4738 = CARTESIAN_POINT ( 'NONE',  ( -17.28258873793149419, 46.19616079662709041, 128.4022622365814641 ) ) ;
#4739 = AXIS2_PLACEMENT_3D ( 'NONE', #10703, #2733, #1871 ) ;
#4740 = LINE ( 'NONE', #4030, #8164 ) ;
#4741 = VECTOR ( 'NONE', #11440, 999.9999999999998863 ) ;
#4742 = CARTESIAN_POINT ( 'NONE',  ( -10.39455347964189791, 46.89799706163263693, 129.2682876403658838 ) ) ;
#4743 = PLANE ( 'NONE',  #9598 ) ;
#4744 = AXIS2_PLACEMENT_3D ( 'NONE', #10047, #174, #7314 ) ;
#4745 = FACE_OUTER_BOUND ( 'NONE', #1623, .T. ) ;
#4746 = CARTESIAN_POINT ( 'NONE',  ( 73.31081330643914384, 56.43208889421852348, 155.7000000000005002 ) ) ;
#4747 = EDGE_LOOP ( 'NONE', ( #6284, #6954, #5801, #4327, #650 ) ) ;
#4748 = FACE_OUTER_BOUND ( 'NONE', #5344, .T. ) ;
#4749 = ORIENTED_EDGE ( 'NONE', *, *, #2205, .T. ) ;
#4750 = EDGE_CURVE ( 'NONE', #7335, #6458, #2497, .T. ) ;
#4752 = CARTESIAN_POINT ( 'NONE',  ( -23.04317926290545770, 102.7323539559767624, 130.1343130441503035 ) ) ;
#4751 = VECTOR ( 'NONE', #7256, 999.9999999999998863 ) ;
#4753 = ORIENTED_EDGE ( 'NONE', *, *, #472, .T. ) ;
#4754 = UNCERTAINTY_MEASURE_WITH_UNIT (LENGTH_MEASURE( 1.000000000000000082E-05 ), #153, 'distance_accuracy_value', 'NONE');
#4755 = VECTOR ( 'NONE', #9269, 1000.000000000000114 ) ;
#4756 = CARTESIAN_POINT ( 'NONE',  ( 3.668183438240737448, 48.33087862859677841, 121.1071251576774870 ) ) ;
#4757 = VECTOR ( 'NONE', #6542, 1000.000000000000114 ) ;
#4758 = PLANE ( 'NONE',  #8155 ) ;
#4759 = VERTEX_POINT ( 'NONE', #7740 ) ;
#4760 = LINE ( 'NONE', #10103, #8300 ) ;
#4761 = ORIENTED_EDGE ( 'NONE', *, *, #2611, .T. ) ;
#4762 = AXIS2_PLACEMENT_3D ( 'NONE', #8698, #736, #4323 ) ;
#4763 = ORIENTED_EDGE ( 'NONE', *, *, #4546, .F. ) ;
#4764 = CARTESIAN_POINT ( 'NONE',  ( -0.02454645960061480059, 47.95461868479695511, 129.2682876403658838 ) ) ;
#4765 = ADVANCED_FACE ( 'NONE', ( #10523 ), #3494, .F. ) ;
#4766 = ORIENTED_EDGE ( 'NONE', *, *, #11183, .F. ) ;
#4767 = VECTOR ( 'NONE', #4451, 999.9999999999998863 ) ;
#4768 = CARTESIAN_POINT ( 'NONE',  ( 39.45511844931586865, 82.08524050083971701, 27.46607811801906607 ) ) ;
#4769 = ORIENTED_EDGE ( 'NONE', *, *, #380, .F. ) ;
#4770 = CARTESIAN_POINT ( 'NONE',  ( -6.282561521967672924, 104.4401282215525129, 130.1343130441503035 ) ) ;
#4771 = CARTESIAN_POINT ( 'NONE',  ( -1.516820071779906964, 47.80256781701462643, 130.1343130441503604 ) ) ;
#4772 = EDGE_CURVE ( 'NONE', #1357, #1738, #10354, .T. ) ;
#4773 = VECTOR ( 'NONE', #7570, 1000.000000000000000 ) ;
#4774 = CARTESIAN_POINT ( 'NONE',  ( -12.22845568534358662, 21.65765634640197845, 156.7000000000005002 ) ) ;
#4775 = CARTESIAN_POINT ( 'NONE',  ( -3.584680698912521279, 104.7150209201641360, 121.9731505614619067 ) ) ;
#4776 = VECTOR ( 'NONE', #10278, 999.9999999999998863 ) ;
#4777 = DIRECTION ( 'NONE',  ( -0.9948490747871269191, -0.1013672451790882251, 1.200647045275743899E-16 ) ) ;
#4778 = EDGE_LOOP ( 'NONE', ( #5057, #4158, #4818, #10053 ) ) ;
#4779 = ORIENTED_EDGE ( 'NONE', *, *, #113, .F. ) ;
#4780 = EDGE_LOOP ( 'NONE', ( #579, #9967, #3282, #2890 ) ) ;
#4781 = DIRECTION ( 'NONE',  ( 1.000000000000000000, 0.000000000000000000, 3.480278902931750302E-15 ) ) ;
#4782 = EDGE_CURVE ( 'NONE', #8246, #11205, #5058, .T. ) ;
#4783 = CIRCLE ( 'NONE', #4027, 1.549999999999999378 ) ;
#4784 = DIRECTION ( 'NONE',  ( 0.1013672451882220160, -0.9948490747861964412, 0.000000000000000000 ) ) ;
#4785 = CARTESIAN_POINT ( 'NONE',  ( -6.028455490777946402, 40.66561709319564955, 115.4200000000005844 ) ) ;
#4786 = ORIENTED_EDGE ( 'NONE', *, *, #11342, .T. ) ;
#4787 = ORIENTED_EDGE ( 'NONE', *, *, #6401, .T. ) ;
#4788 = CARTESIAN_POINT ( 'NONE',  ( -7.872481210540177798, 77.26293275539438810, 128.4022622365813788 ) ) ;
#4789 = CARTESIAN_POINT ( 'NONE',  ( -12.32467200531800700, 22.55113817599995940, 115.4200000000005844 ) ) ;
#4790 = DIRECTION ( 'NONE',  ( 1.000000000000000000, 0.000000000000000000, 0.000000000000000000 ) ) ;
#4791 = DIRECTION ( 'NONE',  ( -0.4974245373931011072, -0.05068362259411127169, 0.8660254037844369313 ) ) ;
#4792 = ORIENTED_EDGE ( 'NONE', *, *, #3153, .T. ) ;
#4793 = ORIENTED_EDGE ( 'NONE', *, *, #1772, .F. ) ;
#4794 = EDGE_CURVE ( 'NONE', #4063, #8650, #9714, .T. ) ;
#4795 = LINE ( 'NONE', #4081, #4463 ) ;
#4796 = CARTESIAN_POINT ( 'NONE',  ( -28.19244593489200668, 46.08971030867185448, 87.77148351815341698 ) ) ;
#4797 = LINE ( 'NONE', #9443, #9771 ) ;
#4798 = LINE ( 'NONE', #1096, #4584 ) ;
#4799 = DIRECTION ( 'NONE',  ( 0.9948490747861963301, 0.1013672451882221270, -0.000000000000000000 ) ) ;
#4800 = FACE_OUTER_BOUND ( 'NONE', #1614, .T. ) ;
#4801 = ADVANCED_FACE ( 'NONE', ( #1754 ), #6919, .T. ) ;
#4802 = VERTEX_POINT ( 'NONE', #6100 ) ;
#4803 = CARTESIAN_POINT ( 'NONE',  ( -10.47271595720211934, 104.0131846551585681, 142.2928748423235845 ) ) ;
#4804 = AXIS2_PLACEMENT_3D ( 'NONE', #7027, #11334, #1633 ) ;
#4805 = EDGE_LOOP ( 'NONE', ( #5467, #9038, #303, #3389 ) ) ;
#4806 = CARTESIAN_POINT ( 'NONE',  ( -20.31882892523280404, 75.99474845239923582, 120.4074636056116674 ) ) ;
#4807 = EDGE_CURVE ( 'NONE', #4312, #11013, #5930, .T. ) ;
#4808 = ORIENTED_EDGE ( 'NONE', *, *, #7615, .F. ) ;
#4809 = FACE_OUTER_BOUND ( 'NONE', #4180, .T. ) ;
#4810 = CARTESIAN_POINT ( 'NONE',  ( -9.897128942248800243, 46.94868068422675123, 144.7245872019582862 ) ) ;
#4811 = VECTOR ( 'NONE', #2005, 1000.000000000000000 ) ;
#4812 = DIRECTION ( 'NONE',  ( 1.000000000000000000, 0.000000000000000000, 0.000000000000000000 ) ) ;
#4813 = ORIENTED_EDGE ( 'NONE', *, *, #7265, .T. ) ;
#4814 = CARTESIAN_POINT ( 'NONE',  ( -5.706974507014352938, 47.37562425062068883, 121.1071251576774301 ) ) ;
#4815 = ORIENTED_EDGE ( 'NONE', *, *, #9078, .F. ) ;
#4816 = EDGE_LOOP ( 'NONE', ( #323, #4065 ) ) ;
#4817 = CARTESIAN_POINT ( 'NONE',  ( -24.53545287508475425, 102.5803030881944409, 143.8585617981738380 ) ) ;
#4818 = ORIENTED_EDGE ( 'NONE', *, *, #9064, .F. ) ;
#4819 = PLANE ( 'NONE',  #815 ) ;
#4820 = EDGE_LOOP ( 'NONE', ( #5561, #5576, #10899, #1986, #1517, #4786 ) ) ;
#4821 = DIRECTION ( 'NONE',  ( -0.5019378298181174092, 0.000000000000000000, 0.8649037027308177361 ) ) ;
#4822 = CARTESIAN_POINT ( 'NONE',  ( 3.668183438240737448, 48.33087862859677841, 122.8391759652463264 ) ) ;
#4823 = AXIS2_PLACEMENT_3D ( 'NONE', #6337, #9075, #1923 ) ;
#4824 = LINE ( 'NONE', #9194, #2524 ) ;
#4825 = EDGE_CURVE ( 'NONE', #8767, #10604, #7851, .T. ) ;
#4826 = DIRECTION ( 'NONE',  ( 0.5019378298181175202, 0.000000000000000000, -0.8649037027308175141 ) ) ;
#4827 = ADVANCED_FACE ( 'NONE', ( #4120 ), #5986, .T. ) ;
#4828 = AXIS2_PLACEMENT_3D ( 'NONE', #4681, #8929, #8231 ) ;
#4829 = DIRECTION ( 'NONE',  ( -0.1013672451882220021, 0.9948490747861964412, 0.000000000000000000 ) ) ;
#4830 = VERTEX_POINT ( 'NONE', #4184 ) ;
#4831 = ORIENTED_EDGE ( 'NONE', *, *, #3047, .F. ) ;
#4832 = VERTEX_POINT ( 'NONE', #1581 ) ;
#4833 = FACE_OUTER_BOUND ( 'NONE', #8776, .T. ) ;
#4834 = AXIS2_PLACEMENT_3D ( 'NONE', #5359, #256, #10776 ) ;
#4835 = ORIENTED_EDGE ( 'NONE', *, *, #5173, .T. ) ;
#4836 = DIRECTION ( 'NONE',  ( -0.5019378298181174092, 0.000000000000000000, 0.8649037027308177361 ) ) ;
#4837 = EDGE_CURVE ( 'NONE', #4368, #10998, #5117, .T. ) ;
#4838 = ADVANCED_FACE ( 'NONE', ( #10462 ), #826, .T. ) ;
#4839 = LINE ( 'NONE', #2226, #702 ) ;
#4840 = EDGE_CURVE ( 'NONE', #8208, #9878, #5226, .T. ) ;
#4841 = ORIENTED_EDGE ( 'NONE', *, *, #549, .T. ) ;
#4842 = EDGE_CURVE ( 'NONE', #4028, #6274, #9658, .T. ) ;
#4843 = ORIENTED_EDGE ( 'NONE', *, *, #6705, .F. ) ;
#4844 = DIRECTION ( 'NONE',  ( 0.000000000000000000, 0.000000000000000000, -1.000000000000000000 ) ) ;
#4845 = FACE_OUTER_BOUND ( 'NONE', #9452, .T. ) ;
#4846 = CARTESIAN_POINT ( 'NONE',  ( -68.33050759567250054, 71.10273847115605861, 35.08618411856204489 ) ) ;
#4847 = DIRECTION ( 'NONE',  ( 0.000000000000000000, 0.5205915863184743531, -0.8538058328767814675 ) ) ;
#4848 = VERTEX_POINT ( 'NONE', #7038 ) ;
#4849 = ORIENTED_EDGE ( 'NONE', *, *, #9529, .T. ) ;
#4850 = DIRECTION ( 'NONE',  ( -0.1013672451882219466, 0.9948490747861963301, -5.561599257669980813E-16 ) ) ;
#4851 = DIRECTION ( 'NONE',  ( 0.4974245373931009961, 0.05068362259411126475, -0.8660254037844370423 ) ) ;
#4852 = CARTESIAN_POINT ( 'NONE',  ( -1.324772208397244855, 9.299913550004461626, 105.4200000000005844 ) ) ;
#4853 = CARTESIAN_POINT ( 'NONE',  ( 4.341001148326234294, 48.39943342702169105, 155.7000000000005002 ) ) ;
#4854 = CARTESIAN_POINT ( 'NONE',  ( -6.282561521967672924, 104.4401282215525129, 120.4074636056116674 ) ) ;
#4855 = VECTOR ( 'NONE', #5653, 1000.000000000000114 ) ;
#4856 = CARTESIAN_POINT ( 'NONE',  ( -6.028143506410728492, 1.626501356039936397, 156.7000000000005002 ) ) ;
#4857 = VERTEX_POINT ( 'NONE', #10579 ) ;
#4858 = FACE_OUTER_BOUND ( 'NONE', #124, .T. ) ;
#4859 = ORIENTED_EDGE ( 'NONE', *, *, #3470, .F. ) ;
#4860 = FACE_OUTER_BOUND ( 'NONE', #3110, .T. ) ;
#4861 = ORIENTED_EDGE ( 'NONE', *, *, #1540, .F. ) ;
#4862 = LINE ( 'NONE', #10097, #7442 ) ;
#4863 = CARTESIAN_POINT ( 'NONE',  ( -3.087256161519419173, 104.7657045427582290, 140.5608240347546882 ) ) ;
#4864 = EDGE_CURVE ( 'NONE', #1948, #4926, #2614, .T. ) ;
#4865 = DIRECTION ( 'NONE',  ( -0.9948490747861964412, -0.1013672451882220160, 1.200647045275744392E-16 ) ) ;
#4866 = VERTEX_POINT ( 'NONE', #3666 ) ;
#4867 = LINE ( 'NONE', #11201, #4943 ) ;
#4868 = EDGE_LOOP ( 'NONE', ( #138, #8906, #7022, #1439 ) ) ;
#4869 = ORIENTED_EDGE ( 'NONE', *, *, #2370, .F. ) ;
#4870 = DIRECTION ( 'NONE',  ( 0.4974245373930948899, 0.05068362259411066800, 0.8660254037844405950 ) ) ;
#4871 = EDGE_LOOP ( 'NONE', ( #6899, #8772, #683, #5039 ) ) ;
#4872 = DIRECTION ( 'NONE',  ( 0.1013672451882355885, -0.9948490747861948869, 0.000000000000000000 ) ) ;
#4873 = CARTESIAN_POINT ( 'NONE',  ( 10.60861467636083511, 50.04323122378071531, 87.77148351815341698 ) ) ;
#4874 = EDGE_LOOP ( 'NONE', ( #4478, #2082, #8924, #4018, #8258, #1099, #6755, #3347, #2250, #8509, #3585, #62, #1649 ) ) ;
#4875 = CARTESIAN_POINT ( 'NONE',  ( -7.872481210540195562, 77.26293275539438810, 133.2656869558507822 ) ) ;
#4876 = DIRECTION ( 'NONE',  ( -1.380630436068333926E-14, -1.406753119384840805E-15, 1.000000000000000000 ) ) ;
#4877 = DIRECTION ( 'NONE',  ( 0.000000000000000000, 0.8561811471722335920, 0.5166757621824716873 ) ) ;
#4878 = VECTOR ( 'NONE', #8751, 1000.000000000000000 ) ;
#4879 = FACE_OUTER_BOUND ( 'NONE', #3410, .T. ) ;
#4880 = CARTESIAN_POINT ( 'NONE',  ( 43.64527288455029463, 82.51218406723364751, 29.89779047765374642 ) ) ;
#4881 = AXIS2_PLACEMENT_3D ( 'NONE', #11411, #3557, #4425 ) ;
#4882 = LINE ( 'NONE', #2378, #9711 ) ;
#4883 = VERTEX_POINT ( 'NONE', #943 ) ;
#4884 = EDGE_LOOP ( 'NONE', ( #3775, #2901, #4, #693, #10065, #7338 ) ) ;
#4885 = ORIENTED_EDGE ( 'NONE', *, *, #5699, .T. ) ;
#4886 = CARTESIAN_POINT ( 'NONE',  ( -0.3629058238467702813, 78.02809903918068812, 130.8339745962160805 ) ) ;
#4887 = VECTOR ( 'NONE', #10149, 999.9999999999998863 ) ;
#4888 = ORIENTED_EDGE ( 'NONE', *, *, #1459, .F. ) ;
#4889 = DIRECTION ( 'NONE',  ( -0.4974245373930948344, -0.05068362259411087617, -0.8660254037844405950 ) ) ;
#4890 = ADVANCED_FACE ( 'NONE', ( #4596 ), #4473, .T. ) ;
#4891 = DIRECTION ( 'NONE',  ( 0.000000000000000000, 1.000000000000000000, 0.000000000000000000 ) ) ;
#4892 = VERTEX_POINT ( 'NONE', #7094 ) ;
#4893 = ORIENTED_EDGE ( 'NONE', *, *, #5552, .F. ) ;
#4894 = FACE_OUTER_BOUND ( 'NONE', #10498, .T. ) ;
#4895 = FACE_BOUND ( 'NONE', #2258, .T. ) ;
#4896 = VECTOR ( 'NONE', #6985, 999.9999999999998863 ) ;
#4897 = LINE ( 'NONE', #8394, #5677 ) ;
#4898 = ADVANCED_FACE ( 'NONE', ( #4654 ), #996, .T. ) ;
#4899 = CARTESIAN_POINT ( 'NONE',  ( 6.863488798688985426, 48.65645494980250163, 133.2656869558507253 ) ) ;
#4900 = ADVANCED_FACE ( 'NONE', ( #126 ), #5401, .T. ) ;
#4901 = ORIENTED_EDGE ( 'NONE', *, *, #8638, .F. ) ;
#4902 = DIRECTION ( 'NONE',  ( -0.5019378298181174092, 0.000000000000000000, 0.8649037027308177361 ) ) ;
#4903 = DIRECTION ( 'NONE',  ( 6.903152180341684826E-18, 7.033765596924220165E-19, -1.000000000000000000 ) ) ;
#4904 = CIRCLE ( 'NONE', #10857, 1.550000000000000266 ) ;
#4905 = DIRECTION ( 'NONE',  ( -0.9948490747861964412, -0.1013672451882218634, -3.164135620181696535E-15 ) ) ;
#4906 = VECTOR ( 'NONE', #8711, 1000.000000000000000 ) ;
#4907 = DIRECTION ( 'NONE',  ( 0.5019378298181175202, 0.000000000000000000, -0.8649037027308175141 ) ) ;
#4908 = EDGE_LOOP ( 'NONE', ( #7224, #532, #4632, #10213 ) ) ;
#4909 = DIRECTION ( 'NONE',  ( 0.000000000000000000, 1.000000000000000000, 0.000000000000000000 ) ) ;
#4910 = DIRECTION ( 'NONE',  ( -0.4974245373931011072, -0.05068362259411127169, 0.8660254037844369313 ) ) ;
#4911 = AXIS2_PLACEMENT_3D ( 'NONE', #7274, #10820, #3601 ) ;
#4912 = ORIENTED_EDGE ( 'NONE', *, *, #1673, .F. ) ;
#4913 = CARTESIAN_POINT ( 'NONE',  ( 0.4226985389832321749, 51.33854890238995949, 105.4200000000165574 ) ) ;
#4914 = ORIENTED_EDGE ( 'NONE', *, *, #2987, .T. ) ;
#4915 = DIRECTION ( 'NONE',  ( 0.000000000000000000, 1.000000000000000000, 0.000000000000000000 ) ) ;
#4916 = VERTEX_POINT ( 'NONE', #4531 ) ;
#4917 = DIRECTION ( 'NONE',  ( -1.000000000000000000, 0.000000000000000000, 0.000000000000000000 ) ) ;
#4918 = VECTOR ( 'NONE', #10745, 999.9999999999998863 ) ;
#4919 = EDGE_CURVE ( 'NONE', #4222, #8246, #8084, .T. ) ;
#4920 = CARTESIAN_POINT ( 'NONE',  ( -15.65771946722276020, 103.4848738435764233, 120.4074636056117242 ) ) ;
#4921 = VECTOR ( 'NONE', #4044, 1000.000000000000114 ) ;
#4922 = VECTOR ( 'NONE', #2871, 1000.000000000000000 ) ;
#4923 = AXIS2_PLACEMENT_3D ( 'NONE', #8358, #7537, #3111 ) ;
#4924 = ORIENTED_EDGE ( 'NONE', *, *, #10434, .T. ) ;
#4925 = PLANE ( 'NONE',  #1984 ) ;
#4926 = VERTEX_POINT ( 'NONE', #9886 ) ;
#4927 = VERTEX_POINT ( 'NONE', #7216 ) ;
#4928 = CARTESIAN_POINT ( 'NONE',  ( -12.22845568534358662, 22.19732394552128341, 115.0582550568647662 ) ) ;
#4929 = ORIENTED_EDGE ( 'NONE', *, *, #4427, .T. ) ;
#4930 = CARTESIAN_POINT ( 'NONE',  ( -9.897128942248800243, 46.94868068422675123, 144.7245872019582862 ) ) ;
#4931 = EDGE_CURVE ( 'NONE', #5915, #10922, #65, .T. ) ;
#4932 = PLANE ( 'NONE',  #10454 ) ;
#4933 = EDGE_CURVE ( 'NONE', #11348, #914, #5456, .T. ) ;
#4934 = ORIENTED_EDGE ( 'NONE', *, *, #6412, .F. ) ;
#4935 = LINE ( 'NONE', #7606, #9103 ) ;
#4936 = CARTESIAN_POINT ( 'NONE',  ( -23.04317926290545770, 102.7323539559767624, 120.4074636056116674 ) ) ;
#4937 = VECTOR ( 'NONE', #163, 999.9999999999998863 ) ;
#4938 = VECTOR ( 'NONE', #6098, 1000.000000000000000 ) ;
#4939 = ORIENTED_EDGE ( 'NONE', *, *, #2047, .F. ) ;
#4940 = CARTESIAN_POINT ( 'NONE',  ( -7.774835134146968585, 104.2880773537701913, 119.5414382018272477 ) ) ;
#4941 = FACE_OUTER_BOUND ( 'NONE', #543, .T. ) ;
#4942 = VECTOR ( 'NONE', #1780, 999.9999999999998863 ) ;
#4943 = VECTOR ( 'NONE', #9460, 1000.000000000000000 ) ;
#4944 = DIRECTION ( 'NONE',  ( -0.5019378298181113029, 0.000000000000000000, -0.8649037027308211778 ) ) ;
#4945 = ORIENTED_EDGE ( 'NONE', *, *, #1293, .F. ) ;
#4946 = ORIENTED_EDGE ( 'NONE', *, *, #430, .T. ) ;
#4947 = AXIS2_PLACEMENT_3D ( 'NONE', #8058, #9588, #5976 ) ;
#4948 = ORIENTED_EDGE ( 'NONE', *, *, #8596, .T. ) ;
#4949 = EDGE_CURVE ( 'NONE', #3083, #4702, #7967, .T. ) ;
#4950 = CARTESIAN_POINT ( 'NONE',  ( -9.975291419809025228, 104.0638682777526896, 126.8365752807312248 ) ) ;
#4951 = EDGE_CURVE ( 'NONE', #710, #819, #3777, .T. ) ;
#4952 = ORIENTED_EDGE ( 'NONE', *, *, #2775, .F. ) ;
#4953 = CYLINDRICAL_SURFACE ( 'NONE', #5314, 1.550000000000000933 ) ;
#4954 = AXIS2_PLACEMENT_3D ( 'NONE', #10420, #2458, #8693 ) ;
#4955 = CARTESIAN_POINT ( 'NONE',  ( 6.366064261295890425, 48.60577132720838733, 138.9951370789045200 ) ) ;
#4956 = ORIENTED_EDGE ( 'NONE', *, *, #6694, .T. ) ;
#4957 = ORIENTED_EDGE ( 'NONE', *, *, #9306, .T. ) ;
#4958 = DIRECTION ( 'NONE',  ( -6.903152180341683286E-18, -7.033765596924218239E-19, 1.000000000000000000 ) ) ;
#4959 = EDGE_CURVE ( 'NONE', #3706, #8672, #6460, .T. ) ;
#4960 = FACE_BOUND ( 'NONE', #5071, .T. ) ;
#4961 = CARTESIAN_POINT ( 'NONE',  ( 2.595171885894314912, 105.3446989769345095, 124.4048629210965657 ) ) ;
#4962 = ORIENTED_EDGE ( 'NONE', *, *, #1219, .T. ) ;
#4963 = ADVANCED_FACE ( 'NONE', ( #4416 ), #6221, .T. ) ;
#4964 = DIRECTION ( 'NONE',  ( 0.5019378298181115250, 0.000000000000000000, 0.8649037027308210668 ) ) ;
#4965 = FACE_OUTER_BOUND ( 'NONE', #4611, .T. ) ;
#4966 = CARTESIAN_POINT ( 'NONE',  ( 0.6319432509394354858, 78.12946628436893093, 135.6973993154854554 ) ) ;
#4967 = LINE ( 'NONE', #9330, #9418 ) ;
#4968 = EDGE_CURVE ( 'NONE', #1357, #264, #1119, .T. ) ;
#4969 = EDGE_CURVE ( 'NONE', #7018, #6566, #10878, .T. ) ;
#4970 = EDGE_LOOP ( 'NONE', ( #4464, #1625, #8455, #3656 ) ) ;
#4971 = EDGE_CURVE ( 'NONE', #177, #11407, #11, .T. ) ;
#4972 = DIRECTION ( 'NONE',  ( 6.903152180341684826E-18, 7.033765596924220165E-19, -1.000000000000000000 ) ) ;
#4973 = CARTESIAN_POINT ( 'NONE',  ( 0.6054737363219240276, 105.1419644865580665, 119.5414382018272477 ) ) ;
#4974 = EDGE_LOOP ( 'NONE', ( #9187, #7549, #10318, #5025, #10001, #6346 ) ) ;
#4975 = CARTESIAN_POINT ( 'NONE',  ( -17.28258873793147288, 46.19616079662706909, 118.6754127980428137 ) ) ;
#4976 = ORIENTED_EDGE ( 'NONE', *, *, #689, .T. ) ;
#4977 = DIRECTION ( 'NONE',  ( -1.000000000000000000, 0.000000000000000000, 1.107996971693852895E-16 ) ) ;
#4978 = EDGE_LOOP ( 'NONE', ( #8710, #3465, #7897, #5405 ) ) ;
#4979 = CARTESIAN_POINT ( 'NONE',  ( -16.15514400461585964, 103.4341902209823161, 124.4048629210965657 ) ) ;
#4980 = CARTESIAN_POINT ( 'NONE',  ( -0.5219709969937098570, 47.90393506220284081, 133.2656869558507822 ) ) ;
#4981 = EDGE_CURVE ( 'NONE', #3884, #10169, #5578, .T. ) ;
#4982 = EDGE_LOOP ( 'NONE', ( #11193, #3365, #8726, #9956, #5598, #5765, #4015, #11321, #8189, #4945, #3796, #2379, #8700, #1230, #2123, #5568 ) ) ;
#4983 = CARTESIAN_POINT ( 'NONE',  ( 18.42933727759294271, 52.18992645865737501, 99.31000000000057071 ) ) ;
#4984 = ORIENTED_EDGE ( 'NONE', *, *, #1709, .T. ) ;
#4985 = ORIENTED_EDGE ( 'NONE', *, *, #2869, .T. ) ;
#4986 = DIRECTION ( 'NONE',  ( -0.9948490747861963301, -0.1013672451882220021, 1.200647045275744145E-16 ) ) ;
#4987 = VERTEX_POINT ( 'NONE', #891 ) ;
#4988 = ADVANCED_FACE ( 'NONE', ( #1817 ), #7153, .T. ) ;
#4989 = DIRECTION ( 'NONE',  ( -1.000000000000000000, 0.000000000000000000, 0.000000000000000000 ) ) ;
#4990 = SPHERICAL_SURFACE ( 'NONE', #7865, 1.000000000000000000 ) ;
#4991 = ORIENTED_EDGE ( 'NONE', *, *, #10088, .F. ) ;
#4992 = CARTESIAN_POINT ( 'NONE',  ( -7.578143506410728314, 1.626501356039936175, 113.3500000000005059 ) ) ;
#4993 = CARTESIAN_POINT ( 'NONE',  ( -24.03802833769165659, 102.6309867107885481, 118.6754127980427853 ) ) ;
#4994 = VERTEX_POINT ( 'NONE', #305 ) ;
#4995 = CARTESIAN_POINT ( 'NONE',  ( 0.2252277916027548565, 9.299913550004461626, 156.7000000000005002 ) ) ;
#4996 = VECTOR ( 'NONE', #1516, 1000.000000000000000 ) ;
#4997 = LINE ( 'NONE', #5920, #6997 ) ;
#4998 = FACE_OUTER_BOUND ( 'NONE', #4230, .T. ) ;
#4999 = FACE_OUTER_BOUND ( 'NONE', #10078, .T. ) ;
#5000 = EDGE_LOOP ( 'NONE', ( #10102, #3886, #5513, #1312, #2342, #4912, #10042 ) ) ;
#5001 = EDGE_CURVE ( 'NONE', #3664, #1073, #10275, .T. ) ;
#5002 = EDGE_LOOP ( 'NONE', ( #8475, #9733, #1306, #4412 ) ) ;
#5003 = VECTOR ( 'NONE', #8865, 999.9999999999998863 ) ;
#5004 = ORIENTED_EDGE ( 'NONE', *, *, #8789, .F. ) ;
#5005 = CARTESIAN_POINT ( 'NONE',  ( 14.73710580834818273, 79.56149309352984744, 156.6948490747867027 ) ) ;
#5006 = ORIENTED_EDGE ( 'NONE', *, *, #8173, .F. ) ;
#5007 = EDGE_CURVE ( 'NONE', #7358, #8196, #3841, .T. ) ;
#5008 = DIRECTION ( 'NONE',  ( -0.8615645716962926359, -0.08778660944464630744, 0.4999999999999969469 ) ) ;
#5009 = AXIS2_PLACEMENT_3D ( 'NONE', #1987, #4595, #8954 ) ;
#5010 = DIRECTION ( 'NONE',  ( 0.1013672451882220160, -0.9948490747861964412, 0.000000000000000000 ) ) ;
#5011 = EDGE_CURVE ( 'NONE', #10680, #8945, #2967, .T. ) ;
#5012 = ORIENTED_EDGE ( 'NONE', *, *, #6171, .F. ) ;
#5013 = ORIENTED_EDGE ( 'NONE', *, *, #6711, .F. ) ;
#5014 = DIRECTION ( 'NONE',  ( 0.4974245373930948899, 0.05068362259411066800, 0.8660254037844405950 ) ) ;
#5015 = DIRECTION ( 'NONE',  ( 6.903152180341683286E-18, 7.033765596924218239E-19, -1.000000000000000000 ) ) ;
#5016 = DIRECTION ( 'NONE',  ( -0.8615645716962893053, -0.08778660944464596050, -0.5000000000000027756 ) ) ;
#5017 = EDGE_CURVE ( 'NONE', #1431, #7268, #1340, .T. ) ;
#5018 = VECTOR ( 'NONE', #3042, 999.9999999999998863 ) ;
#5019 = VERTEX_POINT ( 'NONE', #9354 ) ;
#5020 = CARTESIAN_POINT ( 'NONE',  ( -2.092407086733225619, 104.8670717879464576, 122.8391759652463264 ) ) ;
#5021 = DIRECTION ( 'NONE',  ( 0.5019378298181115250, 0.000000000000000000, 0.8649037027308210668 ) ) ;
#5022 = DIRECTION ( 'NONE',  ( -8.141667454118532778E-17, -3.990033831470024719E-16, -1.000000000000000000 ) ) ;
#5023 = CARTESIAN_POINT ( 'NONE',  ( -1.281847275191227986, 23.67631459758922929, 136.7000000000005002 ) ) ;
#5024 = VECTOR ( 'NONE', #4430, 999.9999999999998863 ) ;
#5025 = ORIENTED_EDGE ( 'NONE', *, *, #3419, .T. ) ;
#5026 = CARTESIAN_POINT ( 'NONE',  ( -1.516820071779906964, 47.80256781701462643, 133.2656869558507253 ) ) ;
#5027 = ADVANCED_FACE ( 'NONE', ( #10936 ), #2260, .F. ) ;
#5028 = DIRECTION ( 'NONE',  ( 7.327943828065849784E-12, -7.191747867590729583E-11, 1.000000000000000000 ) ) ;
#5029 = DIRECTION ( 'NONE',  ( 0.8615645716962927469, 0.08778660944464633520, -0.4999999999999967248 ) ) ;
#5030 = DIRECTION ( 'NONE',  ( 1.000000000000000000, 0.000000000000000000, 3.480278902931750302E-15 ) ) ;
#5031 = EDGE_LOOP ( 'NONE', ( #7547, #6317, #7077, #10958 ) ) ;
#5032 = FACE_OUTER_BOUND ( 'NONE', #10383, .T. ) ;
#5033 = ORIENTED_EDGE ( 'NONE', *, *, #9053, .T. ) ;
#5034 = DIRECTION ( 'NONE',  ( 1.000000000000000000, 0.000000000000000000, 6.903152180341685597E-18 ) ) ;
#5035 = FACE_OUTER_BOUND ( 'NONE', #3534, .T. ) ;
#5036 = ORIENTED_EDGE ( 'NONE', *, *, #1017, .F. ) ;
#5037 = PLANE ( 'NONE',  #3457 ) ;
#5038 = EDGE_LOOP ( 'NONE', ( #344, #1442, #2438, #752 ) ) ;
#5039 = ORIENTED_EDGE ( 'NONE', *, *, #9245, .F. ) ;
#5040 = FACE_OUTER_BOUND ( 'NONE', #3164, .T. ) ;
#5041 = ORIENTED_EDGE ( 'NONE', *, *, #7493, .F. ) ;
#5042 = LINE ( 'NONE', #11040, #8818 ) ;
#5043 = DIRECTION ( 'NONE',  ( -0.000000000000000000, 0.000000000000000000, 1.000000000000000000 ) ) ;
#5044 = ORIENTED_EDGE ( 'NONE', *, *, #9176, .T. ) ;
#5045 = DIRECTION ( 'NONE',  ( 0.1013672451882219883, -0.9948490747861964412, 1.075499326746823620E-17 ) ) ;
#5046 = DIRECTION ( 'NONE',  ( 0.1013672451882219883, -0.9948490747861964412, 1.075499326746823620E-17 ) ) ;
#5047 = EDGE_CURVE ( 'NONE', #7147, #11168, #9304, .T. ) ;
#5048 = EDGE_CURVE ( 'NONE', #4927, #5278, #11230, .T. ) ;
#5049 = ORIENTED_EDGE ( 'NONE', *, *, #9928, .T. ) ;
#5050 = LINE ( 'NONE', #8599, #688 ) ;
#5051 = EDGE_CURVE ( 'NONE', #9321, #5396, #8430, .T. ) ;
#5052 = DIRECTION ( 'NONE',  ( 6.903152180341684826E-18, 7.033765596924220165E-19, -1.000000000000000000 ) ) ;
#5053 = ORIENTED_EDGE ( 'NONE', *, *, #9065, .T. ) ;
#5054 = DIRECTION ( 'NONE',  ( 1.000000000000000000, 0.000000000000000000, 3.480278902931750302E-15 ) ) ;
#5055 = EDGE_LOOP ( 'NONE', ( #7790, #3136, #8166, #4670, #6691, #7114 ) ) ;
#5056 = ORIENTED_EDGE ( 'NONE', *, *, #4356, .T. ) ;
#5057 = ORIENTED_EDGE ( 'NONE', *, *, #5869, .T. ) ;
#5058 = LINE ( 'NONE', #3372, #10667 ) ;
#5059 = VECTOR ( 'NONE', #8111, 999.9999999999998863 ) ;
#5060 = EDGE_CURVE ( 'NONE', #9619, #4486, #8492, .T. ) ;
#5061 = VERTEX_POINT ( 'NONE', #4771 ) ;
#5062 = AXIS2_PLACEMENT_3D ( 'NONE', #1270, #4972, #3106 ) ;
#5063 = CARTESIAN_POINT ( 'NONE',  ( -14.76010108756873507, 46.45318231940783704, 156.7000000000005002 ) ) ;
#5064 = DIRECTION ( 'NONE',  ( 0.9948490747861963301, 0.1013672451882221270, -0.000000000000000000 ) ) ;
#5065 = AXIS2_PLACEMENT_3D ( 'NONE', #4817, #6622, #1227 ) ;
#5066 = VERTEX_POINT ( 'NONE', #6571 ) ;
#5067 = ORIENTED_EDGE ( 'NONE', *, *, #10311, .T. ) ;
#5068 = DIRECTION ( 'NONE',  ( -1.000000000000000000, 0.000000000000000000, -3.148927598275349405E-15 ) ) ;
#5069 = CARTESIAN_POINT ( 'NONE',  ( 14.63573856315995414, 79.55634216831609251, 156.7000000000005002 ) ) ;
#5070 = CARTESIAN_POINT ( 'NONE',  ( -17.12352356478455562, 76.32032477360495193, 142.2928748423236698 ) ) ;
#5071 = EDGE_LOOP ( 'NONE', ( #5669, #9060, #9710, #8143, #796, #9856 ) ) ;
#5072 = EDGE_CURVE ( 'NONE', #10920, #1862, #1289, .T. ) ;
#5073 = LINE ( 'NONE', #8625, #394 ) ;
#5074 = DIRECTION ( 'NONE',  ( -1.000000000000000000, 0.000000000000000000, 0.000000000000000000 ) ) ;
#5075 = CARTESIAN_POINT ( 'NONE',  ( -4.712125432228154054, 47.47699149580889610, 132.5660254037849199 ) ) ;
#5076 = DIRECTION ( 'NONE',  ( 0.1013672451882214748, -0.9948490747861964412, -5.872192575479599823E-15 ) ) ;
#5077 = EDGE_LOOP ( 'NONE', ( #6803, #7831, #10352, #3353 ) ) ;
#5078 = VECTOR ( 'NONE', #8152, 1000.000000000000000 ) ;
#5079 = DIRECTION ( 'NONE',  ( 0.1013672451882219883, -0.9948490747861964412, 1.075499326746823620E-17 ) ) ;
#5080 = CARTESIAN_POINT ( 'NONE',  ( 3.668183438240737448, 48.33087862859677841, 137.4294501230542664 ) ) ;
#5081 = DIRECTION ( 'NONE',  ( 0.4974245373930950564, 0.05068362259411089699, 0.8660254037844403729 ) ) ;
#5082 = CARTESIAN_POINT ( 'NONE',  ( -10.16575261002717312, 1.362844472694154874, 156.7000000000005002 ) ) ;
#5083 = ORIENTED_EDGE ( 'NONE', *, *, #6864, .T. ) ;
#5084 = ORIENTED_EDGE ( 'NONE', *, *, #3403, .F. ) ;
#5085 = CARTESIAN_POINT ( 'NONE',  ( -23.96398171551417278, 48.63143028604403639, 125.3534062774359654 ) ) ;
#5086 = DIRECTION ( 'NONE',  ( -0.08786539972137213939, 0.8623378435136064279, -0.4986512961740965921 ) ) ;
#5087 = AXIS2_PLACEMENT_3D ( 'NONE', #6158, #5284, #8609 ) ;
#5088 = ORIENTED_EDGE ( 'NONE', *, *, #3903, .F. ) ;
#5089 = CYLINDRICAL_SURFACE ( 'NONE', #10146, 1.550000000000000933 ) ;
#5090 = VECTOR ( 'NONE', #3464, 1000.000000000000000 ) ;
#5091 = ORIENTED_EDGE ( 'NONE', *, *, #325, .T. ) ;
#5092 = CARTESIAN_POINT ( 'NONE',  ( -1.594982549340130618, 104.9177554105405790, 136.5634247192698467 ) ) ;
#5093 = AXIS2_PLACEMENT_3D ( 'NONE', #5209, #805, #10681 ) ;
#5094 = ORIENTED_EDGE ( 'NONE', *, *, #2276, .T. ) ;
#5095 = LINE ( 'NONE', #11096, #4542 ) ;
#5096 = ORIENTED_EDGE ( 'NONE', *, *, #5140, .T. ) ;
#5097 = LINE ( 'NONE', #8656, #9946 ) ;
#5098 = EDGE_LOOP ( 'NONE', ( #7830, #940, #8951, #1478 ) ) ;
#5099 = EDGE_LOOP ( 'NONE', ( #3682, #4286 ) ) ;
#5100 = CARTESIAN_POINT ( 'NONE',  ( 6.863488798688992532, 48.65645494980249453, 144.7245872019582862 ) ) ;
#5101 = ORIENTED_EDGE ( 'NONE', *, *, #3130, .T. ) ;
#5102 = AXIS2_PLACEMENT_3D ( 'NONE', #441, #5016, #6759 ) ;
#5103 = CARTESIAN_POINT ( 'NONE',  ( -23.96398171568139190, 48.63143028769982834, 100.0372883279489429 ) ) ;
#5104 = CARTESIAN_POINT ( 'NONE',  ( 0.09436922423786545111, -4.627973497002288994, 156.7000000000005002 ) ) ;
#5105 = EDGE_CURVE ( 'NONE', #10353, #10230, #6514, .T. ) ;
#5106 = ADVANCED_FACE ( 'NONE', ( #6629 ), #11102, .T. ) ;
#5107 = ORIENTED_EDGE ( 'NONE', *, *, #4195, .F. ) ;
#5108 = CARTESIAN_POINT ( 'NONE',  ( 2.673334363454540341, 48.22951138340856403, 127.7026006845156871 ) ) ;
#5109 = VERTEX_POINT ( 'NONE', #5746 ) ;
#5110 = ORIENTED_EDGE ( 'NONE', *, *, #4476, .F. ) ;
#5111 = EDGE_CURVE ( 'NONE', #9149, #841, #1396, .T. ) ;
#5112 = ORIENTED_EDGE ( 'NONE', *, *, #11197, .T. ) ;
#5113 = AXIS2_PLACEMENT_3D ( 'NONE', #4863, #11089, #7482 ) ;
#5114 = EDGE_CURVE ( 'NONE', #5479, #9607, #534, .T. ) ;
#5115 = CARTESIAN_POINT ( 'NONE',  ( 5.781581155790761706, 24.39602203842559902, 146.7000000000005002 ) ) ;
#5116 = EDGE_LOOP ( 'NONE', ( #8410, #3066, #4527, #8744, #6198, #1577 ) ) ;
#5117 = LINE ( 'NONE', #713, #8274 ) ;
#5118 = CIRCLE ( 'NONE', #115, 1.000000000000000666 ) ;
#5119 = CARTESIAN_POINT ( 'NONE',  ( -14.08728337748324755, 46.52173711783281362, 121.1071251576774301 ) ) ;
#5120 = VECTOR ( 'NONE', #2399, 1000.000000000000114 ) ;
#5121 = CARTESIAN_POINT ( 'NONE',  ( -1.516820071779906964, 47.80256781701462643, 123.5388375173120892 ) ) ;
#5122 = VECTOR ( 'NONE', #892, 999.9999999999998863 ) ;
#5123 = ORIENTED_EDGE ( 'NONE', *, *, #2731, .F. ) ;
#5124 = EDGE_CURVE ( 'NONE', #6810, #2718, #9135, .T. ) ;
#5125 = ORIENTED_EDGE ( 'NONE', *, *, #317, .T. ) ;
#5126 = PLANE ( 'NONE',  #5434 ) ;
#5127 = DIRECTION ( 'NONE',  ( 1.000000000000000000, 0.000000000000000000, 0.000000000000000000 ) ) ;
#5128 = DIRECTION ( 'NONE',  ( 0.4974245373930948899, 0.05068362259411066800, 0.8660254037844405950 ) ) ;
#5129 = VECTOR ( 'NONE', #8061, 1000.000000000000114 ) ;
#5130 = ORIENTED_EDGE ( 'NONE', *, *, #9098, .F. ) ;
#5131 = CARTESIAN_POINT ( 'NONE',  ( -62.04527594282075853, 71.74315382074695435, 31.43861557911002791 ) ) ;
#5132 = VECTOR ( 'NONE', #4379, 1000.000000000000114 ) ;
#5133 = CARTESIAN_POINT ( 'NONE',  ( -1.455630775762134288, -4.627973497002288994, 105.4200000000005986 ) ) ;
#5134 = LINE ( 'NONE', #728, #1605 ) ;
#5135 = LINE ( 'NONE', #7056, #5132 ) ;
#5136 = ORIENTED_EDGE ( 'NONE', *, *, #11050, .T. ) ;
#5137 = VECTOR ( 'NONE', #10824, 1000.000000000000000 ) ;
#5138 = CARTESIAN_POINT ( 'NONE',  ( -55.15724068453116757, 72.44499008575249377, 27.44121626362514732 ) ) ;
#5139 = CARTESIAN_POINT ( 'NONE',  ( -3.584680698912521279, 104.7150209201641360, 136.5634247192698467 ) ) ;
#5140 = EDGE_CURVE ( 'NONE', #1785, #9181, #10222, .T. ) ;
#5141 = CARTESIAN_POINT ( 'NONE',  ( -8.902279867462587148, 47.05004792941493719, 128.4022622365814641 ) ) ;
#5142 = CARTESIAN_POINT ( 'NONE',  ( -59.34739511976560777, 72.01804651935856327, 29.87292862325979925 ) ) ;
#5143 = VERTEX_POINT ( 'NONE', #11045 ) ;
#5144 = CARTESIAN_POINT ( 'NONE',  ( -21.48406718360360301, 48.88411394652491992, 105.4200000000005701 ) ) ;
#5145 = VERTEX_POINT ( 'NONE', #10990 ) ;
#5146 = CARTESIAN_POINT ( 'NONE',  ( -4.553060259081216365, 77.60115547278675763, 142.9925363943893615 ) ) ;
#5147 = CARTESIAN_POINT ( 'NONE',  ( 2.673334363454540341, 48.22951138340856403, 132.5660254037850052 ) ) ;
#5148 = AXIS2_PLACEMENT_3D ( 'NONE', #3134, #6633, #8498 ) ;
#5149 = ADVANCED_FACE ( 'NONE', ( #6733 ), #1169, .T. ) ;
#5150 = VERTEX_POINT ( 'NONE', #8054 ) ;
#5151 = CARTESIAN_POINT ( 'NONE',  ( -6.282561521967669371, 104.4401282215525129, 142.9925363943894183 ) ) ;
#5152 = ORIENTED_EDGE ( 'NONE', *, *, #10452, .T. ) ;
#5153 = CARTESIAN_POINT ( 'NONE',  ( -12.22845568534358840, 21.62379458054212833, 147.6323201012485811 ) ) ;
#5154 = ORIENTED_EDGE ( 'NONE', *, *, #6256, .F. ) ;
#5155 = DIRECTION ( 'NONE',  ( -0.9948490747861964412, -0.1013672451882219050, -0.000000000000000000 ) ) ;
#5156 = ORIENTED_EDGE ( 'NONE', *, *, #10370, .F. ) ;
#5157 = CARTESIAN_POINT ( 'NONE',  ( -1.455630775762134732, -4.627973497002288994, 156.7000000000005002 ) ) ;
#5158 = VERTEX_POINT ( 'NONE', #3238 ) ;
#5159 = EDGE_LOOP ( 'NONE', ( #8716, #9130, #9838, #7536 ) ) ;
#5160 = PLANE ( 'NONE',  #2403 ) ;
#5161 = LINE ( 'NONE', #760, #8648 ) ;
#5162 = CARTESIAN_POINT ( 'NONE',  ( -7.872481210540148489, 77.26293275539438810, 132.5660254037849768 ) ) ;
#5163 = CARTESIAN_POINT ( 'NONE',  ( -6.282561521967672924, 104.4401282215525129, 138.1291116751201002 ) ) ;
#5164 = EDGE_LOOP ( 'NONE', ( #5620, #4544, #3001, #2571 ) ) ;
#5165 = LINE ( 'NONE', #2491, #2647 ) ;
#5166 = ORIENTED_EDGE ( 'NONE', *, *, #8383, .T. ) ;
#5167 = ORIENTED_EDGE ( 'NONE', *, *, #2528, .T. ) ;
#5168 = ORIENTED_EDGE ( 'NONE', *, *, #5321, .T. ) ;
#5169 = DIRECTION ( 'NONE',  ( -3.480278902931750302E-15, -3.438021909835086216E-16, 1.000000000000000000 ) ) ;
#5170 = ORIENTED_EDGE ( 'NONE', *, *, #486, .F. ) ;
#5171 = CARTESIAN_POINT ( 'NONE',  ( -7.872481210540195562, 77.26293275539438810, 133.2656869558507253 ) ) ;
#5172 = VECTOR ( 'NONE', #4447, 1000.000000000000114 ) ;
#5173 = EDGE_CURVE ( 'NONE', #11158, #810, #9687, .T. ) ;
#5174 = CARTESIAN_POINT ( 'NONE',  ( -29.18729500967819490, 45.98834306348361167, 155.7000000000005002 ) ) ;
#5175 = FACE_OUTER_BOUND ( 'NONE', #3249, .T. ) ;
#5176 = AXIS2_PLACEMENT_3D ( 'NONE', #7868, #669, #4376 ) ;
#5177 = DIRECTION ( 'NONE',  ( -0.9948490747861963301, -0.1013672451882219605, -3.497202527569243497E-15 ) ) ;
#5178 = ORIENTED_EDGE ( 'NONE', *, *, #10346, .T. ) ;
#5179 = EDGE_LOOP ( 'NONE', ( #4976, #10619, #970, #9210 ) ) ;
#5180 = DIRECTION ( 'NONE',  ( 0.1013672451882219883, -0.9948490747861964412, 1.075499326746823620E-17 ) ) ;
#5181 = LINE ( 'NONE', #6059, #3390 ) ;
#5182 = CARTESIAN_POINT ( 'NONE',  ( -23.04317926290545770, 102.7323539559767624, 123.5388375173121460 ) ) ;
#5183 = EDGE_LOOP ( 'NONE', ( #10986, #7093 ) ) ;
#5184 = CARTESIAN_POINT ( 'NONE',  ( -5.706974507014352938, 47.37562425062068883, 137.4294501230543233 ) ) ;
#5185 = EDGE_CURVE ( 'NONE', #2640, #4312, #1724, .T. ) ;
#5186 = VECTOR ( 'NONE', #8833, 1000.000000000000000 ) ;
#5187 = EDGE_CURVE ( 'NONE', #9116, #754, #94, .T. ) ;
#5188 = PLANE ( 'NONE',  #10382 ) ;
#5189 = FACE_OUTER_BOUND ( 'NONE', #4453, .T. ) ;
#5190 = EDGE_CURVE ( 'NONE', #5019, #10599, #9743, .T. ) ;
#5191 = CARTESIAN_POINT ( 'NONE',  ( -7.872481210540195562, 77.26293275539438810, 133.2656869558507537 ) ) ;
#5192 = ADVANCED_FACE ( 'NONE', ( #8927 ), #4390, .T. ) ;
#5193 = ORIENTED_EDGE ( 'NONE', *, *, #7886, .T. ) ;
#5194 = VECTOR ( 'NONE', #7825, 1000.000000000000114 ) ;
#5195 = CARTESIAN_POINT ( 'NONE',  ( 10.60861467636083155, 50.04323122378071531, 88.77148351815343119 ) ) ;
#5196 = CARTESIAN_POINT ( 'NONE',  ( 53.51785536719843606, 83.51812206780385850, 35.62724060070753040 ) ) ;
#5197 = PLANE ( 'NONE',  #8849 ) ;
#5198 = DIRECTION ( 'NONE',  ( -0.4974245373930948344, -0.05068362259411087617, -0.8660254037844405950 ) ) ;
#5199 = ORIENTED_EDGE ( 'NONE', *, *, #4479, .T. ) ;
#5200 = CARTESIAN_POINT ( 'NONE',  ( -13.09243430269705044, 46.62310436302102801, 135.6973993154854270 ) ) ;
#5201 = ORIENTED_EDGE ( 'NONE', *, *, #11027, .T. ) ;
#5202 = DIRECTION ( 'NONE',  ( 0.5019378298181175202, 0.000000000000000000, -0.8649037027308175141 ) ) ;
#5203 = DIRECTION ( 'NONE',  ( 0.9948490747861963301, 0.1013672451882218495, -0.000000000000000000 ) ) ;
#5204 = ORIENTED_EDGE ( 'NONE', *, *, #3790, .T. ) ;
#5205 = DIRECTION ( 'NONE',  ( -0.9948490747861964412, -0.1013672451882218634, 0.000000000000000000 ) ) ;
#5206 = ORIENTED_EDGE ( 'NONE', *, *, #4318, .T. ) ;
#5207 = CARTESIAN_POINT ( 'NONE',  ( -13.09243430269705044, 46.62310436302102801, 127.7026006845156445 ) ) ;
#5208 = ORIENTED_EDGE ( 'NONE', *, *, #7569, .T. ) ;
#5209 = CARTESIAN_POINT ( 'NONE',  ( -1.324772208397245077, 9.299913550004461626, 113.3500000000005059 ) ) ;
#5210 = ORIENTED_EDGE ( 'NONE', *, *, #3737, .T. ) ;
#5211 = PLANE ( 'NONE',  #11431 ) ;
#5212 = ORIENTED_EDGE ( 'NONE', *, *, #8206, .F. ) ;
#5213 = ORIENTED_EDGE ( 'NONE', *, *, #6071, .F. ) ;
#5214 = FACE_OUTER_BOUND ( 'NONE', #11262, .T. ) ;
#5215 = UNCERTAINTY_MEASURE_WITH_UNIT (LENGTH_MEASURE( 1.000000000000000082E-05 ), #6174, 'distance_accuracy_value', 'NONE');
#5216 = EDGE_CURVE ( 'NONE', #1948, #4832, #1786, .T. ) ;
#5217 = DIRECTION ( 'NONE',  ( -0.5019378298181113029, 0.000000000000000000, -0.8649037027308211778 ) ) ;
#5218 = DIRECTION ( 'NONE',  ( 0.000000000000000000, -0.000000000000000000, 1.000000000000000000 ) ) ;
#5219 = ORIENTED_EDGE ( 'NONE', *, *, #4612, .F. ) ;
#5220 = DIRECTION ( 'NONE',  ( 0.1013672451882220021, -0.9948490747861964412, 0.000000000000000000 ) ) ;
#5221 = ORIENTED_EDGE ( 'NONE', *, *, #9723, .F. ) ;
#5222 = ORIENTED_EDGE ( 'NONE', *, *, #4971, .F. ) ;
#5223 = VERTEX_POINT ( 'NONE', #4444 ) ;
#5224 = CARTESIAN_POINT ( 'NONE',  ( 47.23262371434680063, 82.87770671821296276, 31.97967206125551343 ) ) ;
#5225 = VERTEX_POINT ( 'NONE', #11488 ) ;
#5226 = LINE ( 'NONE', #6978, #659 ) ;
#5227 = CARTESIAN_POINT ( 'NONE',  ( -0.6152014920796884390, 2.335970026501086760, 105.4200000000005986 ) ) ;
#5228 = DIRECTION ( 'NONE',  ( 8.706254885897550187E-17, 3.299942529224549211E-16, 1.000000000000000000 ) ) ;
#5229 = PLANE ( 'NONE',  #10463 ) ;
#5230 = ORIENTED_EDGE ( 'NONE', *, *, #6323, .F. ) ;
#5231 = ORIENTED_EDGE ( 'NONE', *, *, #2580, .F. ) ;
#5232 = DIRECTION ( 'NONE',  ( 6.903152180341684826E-18, 7.033765596924220165E-19, -1.000000000000000000 ) ) ;
#5233 = LINE ( 'NONE', #8739, #10118 ) ;
#5234 = CARTESIAN_POINT ( 'NONE',  ( -7.872481210540195562, 77.26293275539438810, 133.2656869558506969 ) ) ;
#5235 = DIRECTION ( 'NONE',  ( 0.9948490747861963301, 0.1013672451882219744, 3.164135620181696535E-15 ) ) ;
#5236 = ORIENTED_EDGE ( 'NONE', *, *, #1860, .T. ) ;
#5237 = CARTESIAN_POINT ( 'NONE',  ( 4.799743540596020708, 3.045642788675047452, 113.3500000000005059 ) ) ;
#5238 = DIRECTION ( 'NONE',  ( -6.474985898285850252E-13, -7.187757691288911285E-14, 1.000000000000000000 ) ) ;
#5239 = AXIS2_PLACEMENT_3D ( 'NONE', #2216, #10400, #5980 ) ;
#5240 = CARTESIAN_POINT ( 'NONE',  ( -17.28258873793147288, 46.19616079662706909, 123.5388375173121460 ) ) ;
#5241 = VECTOR ( 'NONE', #9736, 999.9999999999998863 ) ;
#5242 = FACE_OUTER_BOUND ( 'NONE', #7281, .T. ) ;
#5243 = VERTEX_POINT ( 'NONE', #10735 ) ;
#5244 = AXIS2_PLACEMENT_3D ( 'NONE', #5261, #8824, #6197 ) ;
#5245 = EDGE_CURVE ( 'NONE', #2192, #9802, #9417, .T. ) ;
#5246 = LINE ( 'NONE', #3337, #2101 ) ;
#5247 = LINE ( 'NONE', #8697, #2459 ) ;
#5248 = LINE ( 'NONE', #2522, #11257 ) ;
#5249 = PLANE ( 'NONE',  #5649 ) ;
#5250 = EDGE_CURVE ( 'NONE', #8051, #9924, #585, .T. ) ;
#5251 = ORIENTED_EDGE ( 'NONE', *, *, #1434, .F. ) ;
#5252 = CARTESIAN_POINT ( 'NONE',  ( -11.86671074220774358, 22.59780080334811103, 146.7000000000005002 ) ) ;
#5253 = ORIENTED_EDGE ( 'NONE', *, *, #4657, .T. ) ;
#5254 = CARTESIAN_POINT ( 'NONE',  ( -20.31882892523280404, 75.99474845239923582, 139.8611624826889397 ) ) ;
#5255 = VECTOR ( 'NONE', #6168, 1000.000000000000114 ) ;
#5256 = CARTESIAN_POINT ( 'NONE',  ( -10.16575261002717312, 1.362844472694154874, 147.7000000000005002 ) ) ;
#5257 = CARTESIAN_POINT ( 'NONE',  ( -68.33050759567245791, 71.10273847115605861, 35.08618411856202357 ) ) ;
#5258 =( BOUNDED_CURVE ( )  B_SPLINE_CURVE ( 3, ( #7823, #5252, #1668, #4271 ),
 .UNSPECIFIED., .F., .F. ) 
 B_SPLINE_CURVE_WITH_KNOTS ( ( 4, 4 ),
 ( 3.141592653589794448, 4.610847330772824826 ),
 .UNSPECIFIED. ) 
 CURVE ( )  GEOMETRIC_REPRESENTATION_ITEM ( )  RATIONAL_B_SPLINE_CURVE ( ( 1.000000000000000000, 0.8280537358926916003, 0.8280537358926916003, 1.000000000000000000 ) ) 
 REPRESENTATION_ITEM ( '' )  );
#5259 = ORIENTED_EDGE ( 'NONE', *, *, #2485, .F. ) ;
#5260 = CARTESIAN_POINT ( 'NONE',  ( -7.774835134146968585, 104.2880773537701913, 124.4048629210965657 ) ) ;
#5261 = CARTESIAN_POINT ( 'NONE',  ( -1.324772208397245299, 9.299913550004461626, 156.7000000000005002 ) ) ;
#5262 = ORIENTED_EDGE ( 'NONE', *, *, #5047, .T. ) ;
#5263 = CARTESIAN_POINT ( 'NONE',  ( -3.709968914734877554, -6.751516677735238225, 153.0500000000005230 ) ) ;
#5264 = ORIENTED_EDGE ( 'NONE', *, *, #6904, .T. ) ;
#5265 = EDGE_CURVE ( 'NONE', #5306, #5066, #8813, .T. ) ;
#5266 = DIRECTION ( 'NONE',  ( 3.148927598275349405E-15, 3.100401161182723417E-16, -1.000000000000000000 ) ) ;
#5267 = VERTEX_POINT ( 'NONE', #5254 ) ;
#5268 = VECTOR ( 'NONE', #1994, 999.9999999999998863 ) ;
#5269 = ORIENTED_EDGE ( 'NONE', *, *, #2954, .T. ) ;
#5270 = DIRECTION ( 'NONE',  ( 0.1013672451882219883, -0.9948490747861964412, 1.075499326746823620E-17 ) ) ;
#5271 = VECTOR ( 'NONE', #271, 1000.000000000000114 ) ;
#5272 = CARTESIAN_POINT ( 'NONE',  ( -64.14035316043796797, 71.52968203754998910, 32.65447175892734322 ) ) ;
#5273 = ORIENTED_EDGE ( 'NONE', *, *, #10195, .T. ) ;
#5274 = EDGE_CURVE ( 'NONE', #3262, #10094, #7660, .T. ) ;
#5275 = LINE ( 'NONE', #8777, #4154 ) ;
#5276 = EDGE_CURVE ( 'NONE', #8525, #353, #971, .T. ) ;
#5277 = CIRCLE ( 'NONE', #7148, 1.550000000000000266 ) ;
#5278 = VERTEX_POINT ( 'NONE', #6189 ) ;
#5279 = ORIENTED_EDGE ( 'NONE', *, *, #5707, .F. ) ;
#5280 = CARTESIAN_POINT ( 'NONE',  ( -7.578143506410728314, 1.626501356039936175, 105.4200000000005986 ) ) ;
#5281 = EDGE_CURVE ( 'NONE', #4514, #5718, #11211, .T. ) ;
#5282 = VERTEX_POINT ( 'NONE', #6130 ) ;
#5283 = VECTOR ( 'NONE', #3019, 999.9999999999998863 ) ;
#5284 = DIRECTION ( 'NONE',  ( 0.8615645716962927469, 0.08778660944464633520, -0.4999999999999967248 ) ) ;
#5285 = AXIS2_PLACEMENT_3D ( 'NONE', #5500, #9059, #3002 ) ;
#5286 = PLANE ( 'NONE',  #9036 ) ;
#5287 = PLANE ( 'NONE',  #3854 ) ;
#5288 = VECTOR ( 'NONE', #3286, 1000.000000000000000 ) ;
#5289 = DIRECTION ( 'NONE',  ( 0.1013672451882219883, -0.9948490747861964412, 1.075499326746823620E-17 ) ) ;
#5290 = EDGE_CURVE ( 'NONE', #8357, #800, #636, .T. ) ;
#5291 = ORIENTED_EDGE ( 'NONE', *, *, #8294, .T. ) ;
#5292 = VERTEX_POINT ( 'NONE', #7067 ) ;
#5293 = VECTOR ( 'NONE', #1275, 999.9999999999998863 ) ;
#5294 = EDGE_CURVE ( 'NONE', #2330, #4373, #7999, .T. ) ;
#5295 = CARTESIAN_POINT ( 'NONE',  ( 1.102898273715022581, 105.1926481091521737, 120.4074636056117242 ) ) ;
#5296 = PLANE ( 'NONE',  #1741 ) ;
#5297 = CARTESIAN_POINT ( 'NONE',  ( -21.27119596870835494, 46.79493088947391044, 88.77148351815343119 ) ) ;
#5298 = EDGE_LOOP ( 'NONE', ( #9009, #9454, #9085, #5883 ) ) ;
#5299 = CIRCLE ( 'NONE', #7167, 4.000000000000000000 ) ;
#5300 = DIRECTION ( 'NONE',  ( -1.000000000000000000, 0.000000000000000000, -3.148927598275349405E-15 ) ) ;
#5301 = CARTESIAN_POINT ( 'NONE',  ( -16.12867448999836029, 76.42169201879318052, 142.2928748423235845 ) ) ;
#5302 = AXIS2_PLACEMENT_3D ( 'NONE', #8041, #10780, #82 ) ;
#5303 = DIRECTION ( 'NONE',  ( 0.8615645716962927469, 0.08778660944464633520, -0.4999999999999967248 ) ) ;
#5304 = DIRECTION ( 'NONE',  ( 0.9948490747861964412, 0.1013672451882218634, 3.497202527569243497E-15 ) ) ;
#5305 = ADVANCED_FACE ( 'NONE', ( #11273 ), #3466, .T. ) ;
#5306 = VERTEX_POINT ( 'NONE', #10553 ) ;
#5307 = AXIS2_PLACEMENT_3D ( 'NONE', #9101, #10842, #7117 ) ;
#5308 = VECTOR ( 'NONE', #8997, 1000.000000000000000 ) ;
#5309 = CARTESIAN_POINT ( 'NONE',  ( -2.014244609173005518, 47.75188419442051924, 138.9951370789045200 ) ) ;
#5310 = FACE_BOUND ( 'NONE', #4884, .T. ) ;
#5311 = ADVANCED_FACE ( 'NONE', ( #3573 ), #7123, .T. ) ;
#5312 = DIRECTION ( 'NONE',  ( 0.1013672451882219883, -0.9948490747861964412, 1.075499326746823620E-17 ) ) ;
#5313 = DIRECTION ( 'NONE',  ( -0.8615645716962926359, -0.08778660944464630744, 0.4999999999999969469 ) ) ;
#5314 = AXIS2_PLACEMENT_3D ( 'NONE', #2980, #4724, #9206 ) ;
#5315 = ORIENTED_EDGE ( 'NONE', *, *, #3141, .F. ) ;
#5316 = LINE ( 'NONE', #6833, #2308 ) ;
#5317 = EDGE_LOOP ( 'NONE', ( #5210, #8080, #11118, #2841, #7792, #91 ) ) ;
#5318 = DIRECTION ( 'NONE',  ( 0.9948490747864293660, 0.1013672451859349011, 6.514494049787852364E-13 ) ) ;
#5319 = DIRECTION ( 'NONE',  ( 0.8615645716962891942, 0.08778660944464597438, 0.5000000000000029976 ) ) ;
#5320 = PLANE ( 'NONE',  #7900 ) ;
#5321 = EDGE_CURVE ( 'NONE', #8220, #2836, #9108, .T. ) ;
#5322 = EDGE_CURVE ( 'NONE', #7734, #3474, #1198, .T. ) ;
#5323 = AXIS2_PLACEMENT_3D ( 'NONE', #8917, #4610, #6296 ) ;
#5324 = DIRECTION ( 'NONE',  ( 0.8615645716962891942, 0.08778660944464597438, 0.5000000000000029976 ) ) ;
#5325 = CARTESIAN_POINT ( 'NONE',  ( -21.48406718400937976, 48.88411395050729169, 50.04579744835591981 ) ) ;
#5326 = VERTEX_POINT ( 'NONE', #5599 ) ;
#5327 = CARTESIAN_POINT ( 'NONE',  ( -6.736892551943756580, 37.75331495253099945, 146.7000000000005002 ) ) ;
#5328 = ORIENTED_EDGE ( 'NONE', *, *, #3366, .F. ) ;
#5329 = DIRECTION ( 'NONE',  ( 0.1013672451882219883, -0.9948490747861964412, 1.075499326746823620E-17 ) ) ;
#5330 = ORIENTED_EDGE ( 'NONE', *, *, #1859, .T. ) ;
#5331 = ORIENTED_EDGE ( 'NONE', *, *, #7528, .T. ) ;
#5332 = DIRECTION ( 'NONE',  ( -0.9948490747861964412, -0.1013672451882218634, 0.000000000000000000 ) ) ;
#5333 = VECTOR ( 'NONE', #4021, 1000.000000000000000 ) ;
#5334 =( BOUNDED_CURVE ( )  B_SPLINE_CURVE ( 3, ( #1196, #2815, #92, #2698 ),
 .UNSPECIFIED., .F., .F. ) 
 B_SPLINE_CURVE_WITH_KNOTS ( ( 4, 4 ),
 ( 4.712388980384714543, 6.283185307179586232 ),
 .UNSPECIFIED. ) 
 CURVE ( )  GEOMETRIC_REPRESENTATION_ITEM ( )  RATIONAL_B_SPLINE_CURVE ( ( 1.000000000000000000, 0.8047378541243708217, 0.8047378541243708217, 1.000000000000000000 ) ) 
 REPRESENTATION_ITEM ( '' )  );
#5335 = EDGE_CURVE ( 'NONE', #398, #1011, #9859, .T. ) ;
#5336 = CARTESIAN_POINT ( 'NONE',  ( -32.02080070660306887, 73.79723256968341616, 155.7000000000005002 ) ) ;
#5337 = EDGE_CURVE ( 'NONE', #9924, #6481, #1143, .T. ) ;
#5338 = ORIENTED_EDGE ( 'NONE', *, *, #11012, .T. ) ;
#5339 = DIRECTION ( 'NONE',  ( 0.1013672451882219883, -0.9948490747861964412, 1.075499326746823620E-17 ) ) ;
#5340 = ORIENTED_EDGE ( 'NONE', *, *, #1465, .F. ) ;
#5341 = ORIENTED_EDGE ( 'NONE', *, *, #183, .F. ) ;
#5342 = ORIENTED_EDGE ( 'NONE', *, *, #2564, .F. ) ;
#5343 = CARTESIAN_POINT ( 'NONE',  ( -16.12867448999835673, 76.42169201879316631, 132.5660254037849484 ) ) ;
#5344 = EDGE_LOOP ( 'NONE', ( #5683, #10506, #10872, #6024 ) ) ;
#5345 = DIRECTION ( 'NONE',  ( -0.4974245373930948344, -0.05068362259411087617, -0.8660254037844405950 ) ) ;
#5346 = EDGE_CURVE ( 'NONE', #2092, #3489, #6364, .T. ) ;
#5347 = CARTESIAN_POINT ( 'NONE',  ( -8.743214694315666335, 77.17421190639281292, 122.8391759652463833 ) ) ;
#5348 = CARTESIAN_POINT ( 'NONE',  ( 18.66682782524746287, 49.85912175773209043, 88.77148351815341698 ) ) ;
#5349 = EDGE_CURVE ( 'NONE', #4002, #9581, #8121, .T. ) ;
#5350 = DIRECTION ( 'NONE',  ( 3.148927598275349405E-15, 3.100401161182723417E-16, -1.000000000000000000 ) ) ;
#5351 = VERTEX_POINT ( 'NONE', #10961 ) ;
#5352 = ORIENTED_EDGE ( 'NONE', *, *, #5589, .F. ) ;
#5353 = CARTESIAN_POINT ( 'NONE',  ( -17.28258873793149419, 46.19616079662709041, 125.2708883248809855 ) ) ;
#5354 = LINE ( 'NONE', #6347, #5255 ) ;
#5355 = LINE ( 'NONE', #6770, #7853 ) ;
#5356 = FACE_OUTER_BOUND ( 'NONE', #6753, .T. ) ;
#5357 = VERTEX_POINT ( 'NONE', #7242 ) ;
#5358 = EDGE_CURVE ( 'NONE', #6056, #9310, #2875, .T. ) ;
#5359 = CARTESIAN_POINT ( 'NONE',  ( -15.65771946722276020, 103.4848738435764233, 130.1343130441503604 ) ) ;
#5360 = DIRECTION ( 'NONE',  ( 6.903152180341683286E-18, 7.033765596924217276E-19, -1.000000000000000000 ) ) ;
#5361 = EDGE_CURVE ( 'NONE', #2447, #2428, #3806, .T. ) ;
#5362 = CARTESIAN_POINT ( 'NONE',  ( -11.46756503198831645, 103.9118174099703538, 135.6973993154853702 ) ) ;
#5363 = AXIS2_PLACEMENT_3D ( 'NONE', #5163, #9647, #1572 ) ;
#5364 = CARTESIAN_POINT ( 'NONE',  ( -29.32341831214449357, 47.32429868962271513, 103.0600000000005707 ) ) ;
#5365 = ORIENTED_EDGE ( 'NONE', *, *, #3094, .T. ) ;
#5366 = EDGE_CURVE ( 'NONE', #110, #8862, #10030, .T. ) ;
#5367 = LINE ( 'NONE', #8920, #253 ) ;
#5368 = FACE_BOUND ( 'NONE', #8282, .T. ) ;
#5369 = LINE ( 'NONE', #2067, #9389 ) ;
#5370 = FACE_OUTER_BOUND ( 'NONE', #7667, .T. ) ;
#5371 = VECTOR ( 'NONE', #7285, 1000.000000000000000 ) ;
#5372 = ORIENTED_EDGE ( 'NONE', *, *, #866, .F. ) ;
#5373 = DIRECTION ( 'NONE',  ( -6.903152180341685597E-18, -7.033765596924229795E-19, 1.000000000000000000 ) ) ;
#5374 = ORIENTED_EDGE ( 'NONE', *, *, #7785, .F. ) ;
#5375 = DIRECTION ( 'NONE',  ( 0.5019378298181175202, 0.000000000000000000, -0.8649037027308175141 ) ) ;
#5376 = CARTESIAN_POINT ( 'NONE',  ( 19.42738457295010335, 72.20418772557813725, 87.77148351815341698 ) ) ;
#5377 = CARTESIAN_POINT ( 'NONE',  ( 3.668183438240744110, 48.33087862859674289, 130.8339745962161373 ) ) ;
#5378 = CARTESIAN_POINT ( 'NONE',  ( 10.48945375098246302, 68.96992823326263533, 125.3534062786461902 ) ) ;
#5379 = AXIS2_PLACEMENT_3D ( 'NONE', #10819, #6395, #9942 ) ;
#5380 = AXIS2_PLACEMENT_3D ( 'NONE', #5785, #11030, #11194 ) ;
#5381 = DIRECTION ( 'NONE',  ( -0.4974245373931009961, -0.05068362259411093862, 0.8660254037844370423 ) ) ;
#5382 = DIRECTION ( 'NONE',  ( -0.5019378298181113029, 0.000000000000000000, -0.8649037027308211778 ) ) ;
#5383 = VERTEX_POINT ( 'NONE', #1028 ) ;
#5384 = LINE ( 'NONE', #1624, #7891 ) ;
#5385 = EDGE_LOOP ( 'NONE', ( #6870, #8443, #2335, #2697 ) ) ;
#5386 = CARTESIAN_POINT ( 'NONE',  ( 6.366064261295893978, 48.60577132720838733, 143.8585617981738380 ) ) ;
#5387 = ORIENTED_EDGE ( 'NONE', *, *, #6134, .F. ) ;
#5388 = CARTESIAN_POINT ( 'NONE',  ( -23.96398171567220459, 48.63143028759500908, 103.7875013368247039 ) ) ;
#5389 = VECTOR ( 'NONE', #2195, 1000.000000000000000 ) ;
#5390 = CARTESIAN_POINT ( 'NONE',  ( -6.204399044407448827, 47.32494062802657453, 131.7000000000005002 ) ) ;
#5391 = CARTESIAN_POINT ( 'NONE',  ( -21.40731927117462163, 48.13088651561299258, 103.0600000000005707 ) ) ;
#5392 = VECTOR ( 'NONE', #3448, 999.9999999999998863 ) ;
#5393 = ORIENTED_EDGE ( 'NONE', *, *, #6752, .F. ) ;
#5394 = ORIENTED_EDGE ( 'NONE', *, *, #8679, .T. ) ;
#5395 = EDGE_CURVE ( 'NONE', #3476, #6076, #9977, .T. ) ;
#5396 = VERTEX_POINT ( 'NONE', #10847 ) ;
#5397 = ADVANCED_FACE ( 'NONE', ( #5547 ), #2760, .T. ) ;
#5398 = VERTEX_POINT ( 'NONE', #5488 ) ;
#5399 = CARTESIAN_POINT ( 'NONE',  ( -26.08090150210857061, 67.70139112058973296, 100.0372883279489429 ) ) ;
#5400 = ORIENTED_EDGE ( 'NONE', *, *, #2235, .T. ) ;
#5401 = PLANE ( 'NONE',  #9933 ) ;
#5402 = CARTESIAN_POINT ( 'NONE',  ( -14.66287039243656487, 103.5862410887646377, 133.2656869558507822 ) ) ;
#5403 = CARTESIAN_POINT ( 'NONE',  ( -18.85302482767101040, 103.1592975223707072, 140.5608240347547451 ) ) ;
#5404 = CARTESIAN_POINT ( 'NONE',  ( -7.872481210540132501, 77.26293275539438810, 127.7026006845156445 ) ) ;
#5405 = ORIENTED_EDGE ( 'NONE', *, *, #5185, .F. ) ;
#5406 = ORIENTED_EDGE ( 'NONE', *, *, #5274, .F. ) ;
#5407 = CARTESIAN_POINT ( 'NONE',  ( -12.93336912955010831, 76.74726833999888242, 134.9977377634196785 ) ) ;
#5408 = CARTESIAN_POINT ( 'NONE',  ( -3.043908266419355524, 40.96971882876027138, 115.4200000000005986 ) ) ;
#5409 = PLANE ( 'NONE',  #1544 ) ;
#5410 = CARTESIAN_POINT ( 'NONE',  ( -5.706974507014352938, 47.37562425062068883, 127.7026006845156871 ) ) ;
#5411 = EDGE_CURVE ( 'NONE', #7384, #7456, #9049, .T. ) ;
#5412 = EDGE_LOOP ( 'NONE', ( #6844, #5966, #3033, #5983 ) ) ;
#5413 = LINE ( 'NONE', #2748, #10197 ) ;
#5414 = LINE ( 'NONE', #6470, #4377 ) ;
#5415 = CARTESIAN_POINT ( 'NONE',  ( -23.40639401004738573, 67.75041598692511968, 103.7530290665293080 ) ) ;
#5416 = ORIENTED_EDGE ( 'NONE', *, *, #6040, .T. ) ;
#5417 = VERTEX_POINT ( 'NONE', #215 ) ;
#5418 = CARTESIAN_POINT ( 'NONE',  ( 34.66216040864348713, 81.59687601903115706, 24.68453498235145815 ) ) ;
#5419 = EDGE_CURVE ( 'NONE', #1829, #2334, #3747, .T. ) ;
#5420 = FACE_BOUND ( 'NONE', #6298, .T. ) ;
#5421 = ADVANCED_FACE ( 'NONE', ( #2073 ), #6308, .T. ) ;
#5422 = CARTESIAN_POINT ( 'NONE',  ( -13.09243430269705044, 46.62310436302102801, 121.1071251576774870 ) ) ;
#5423 = ORIENTED_EDGE ( 'NONE', *, *, #7021, .F. ) ;
#5424 = CARTESIAN_POINT ( 'NONE',  ( -4.214700894835060829, 47.52767511840301751, 121.9731505614619067 ) ) ;
#5425 = EDGE_LOOP ( 'NONE', ( #5907, #5637, #2262, #8737 ) ) ;
#5426 = DIRECTION ( 'NONE',  ( 6.903152180341684826E-18, 7.033765596924220165E-19, -1.000000000000000000 ) ) ;
#5427 = PLANE ( 'NONE',  #4079 ) ;
#5428 = VECTOR ( 'NONE', #4197, 1000.000000000000000 ) ;
#5429 = CARTESIAN_POINT ( 'NONE',  ( -24.53545287508475425, 102.5803030881944409, 124.4048629210965657 ) ) ;
#5430 = LINE ( 'NONE', #4627, #10879 ) ;
#5431 = VECTOR ( 'NONE', #791, 1000.000000000000000 ) ;
#5432 = DIRECTION ( 'NONE',  ( -1.000000000000000000, 0.000000000000000000, -3.148927598275349405E-15 ) ) ;
#5433 = AXIS2_PLACEMENT_3D ( 'NONE', #9331, #565, #4909 ) ;
#5434 = AXIS2_PLACEMENT_3D ( 'NONE', #3263, #6871, #10412 ) ;
#5435 = LINE ( 'NONE', #8302, #5129 ) ;
#5436 = CARTESIAN_POINT ( 'NONE',  ( -0.6152014920796839981, -1.664029973498894366, 153.0500000000005230 ) ) ;
#5437 = EDGE_CURVE ( 'NONE', #4165, #7210, #160, .T. ) ;
#5438 = ORIENTED_EDGE ( 'NONE', *, *, #5549, .F. ) ;
#5439 = CARTESIAN_POINT ( 'NONE',  ( -66.23543037805525557, 71.31621025435300965, 33.87032793874470826 ) ) ;
#5440 = EDGE_LOOP ( 'NONE', ( #10455, #509, #2061, #11137, #8536, #1178 ) ) ;
#5441 = FACE_OUTER_BOUND ( 'NONE', #5583, .T. ) ;
#5442 = VERTEX_POINT ( 'NONE', #7856 ) ;
#5443 = DIRECTION ( 'NONE',  ( 3.148927598275349405E-15, 3.100401161182723417E-16, -1.000000000000000000 ) ) ;
#5444 = AXIS2_PLACEMENT_3D ( 'NONE', #531, #8427, #5691 ) ;
#5445 = FACE_OUTER_BOUND ( 'NONE', #38, .T. ) ;
#5446 = CARTESIAN_POINT ( 'NONE',  ( -3.087256161519419173, 104.7657045427582290, 140.5608240347546882 ) ) ;
#5447 = ORIENTED_EDGE ( 'NONE', *, *, #2359, .F. ) ;
#5448 = LINE ( 'NONE', #2037, #11216 ) ;
#5449 = ORIENTED_EDGE ( 'NONE', *, *, #1440, .F. ) ;
#5450 = AXIS2_PLACEMENT_3D ( 'NONE', #9719, #948, #4534 ) ;
#5451 = ORIENTED_EDGE ( 'NONE', *, *, #6850, .F. ) ;
#5452 = ORIENTED_EDGE ( 'NONE', *, *, #6525, .F. ) ;
#5453 = PLANE ( 'NONE',  #9957 ) ;
#5454 = ORIENTED_EDGE ( 'NONE', *, *, #8209, .F. ) ;
#5455 = FACE_OUTER_BOUND ( 'NONE', #5941, .T. ) ;
#5456 = LINE ( 'NONE', #2792, #2878 ) ;
#5457 = DIRECTION ( 'NONE',  ( 0.1013672451882219883, -0.9948490747861964412, 1.075499326746823620E-17 ) ) ;
#5458 = ADVANCED_FACE ( 'NONE', ( #2674 ), #1822, .T. ) ;
#5459 = EDGE_CURVE ( 'NONE', #237, #1877, #773, .T. ) ;
#5460 = CARTESIAN_POINT ( 'NONE',  ( -4.712125432228154054, 47.47699149580889610, 132.5660254037849199 ) ) ;
#5461 = EDGE_CURVE ( 'NONE', #9397, #4524, #3670, .T. ) ;
#5462 = LINE ( 'NONE', #2163, #3787 ) ;
#5463 = ORIENTED_EDGE ( 'NONE', *, *, #9835, .T. ) ;
#5464 = EDGE_CURVE ( 'NONE', #1661, #6334, #4305, .T. ) ;
#5465 = VECTOR ( 'NONE', #9613, 999.9999999999998863 ) ;
#5466 = ORIENTED_EDGE ( 'NONE', *, *, #2528, .F. ) ;
#5467 = ORIENTED_EDGE ( 'NONE', *, *, #1644, .T. ) ;
#5468 = LINE ( 'NONE', #7163, #9720 ) ;
#5469 = VECTOR ( 'NONE', #345, 1000.000000000000114 ) ;
#5470 = DIRECTION ( 'NONE',  ( 1.000000000000000000, 0.000000000000000000, 0.000000000000000000 ) ) ;
#5471 = ORIENTED_EDGE ( 'NONE', *, *, #7396, .T. ) ;
#5472 = LINE ( 'NONE', #7109, #5371 ) ;
#5473 = CARTESIAN_POINT ( 'NONE',  ( -76.10801286070341121, 70.31027225378282708, 39.59977806179841053 ) ) ;
#5474 = VECTOR ( 'NONE', #3468, 999.9999999999998863 ) ;
#5475 = CARTESIAN_POINT ( 'NONE',  ( -23.38462896808349356, 67.53680722385514912, 103.3588046264191860 ) ) ;
#5476 = AXIS2_PLACEMENT_3D ( 'NONE', #4675, #1892, #8225 ) ;
#5477 = ADVANCED_FACE ( 'NONE', ( #2562 ), #5229, .T. ) ;
#5478 = ORIENTED_EDGE ( 'NONE', *, *, #6864, .F. ) ;
#5479 = VERTEX_POINT ( 'NONE', #9662 ) ;
#5480 = DIRECTION ( 'NONE',  ( 0.9948490747861964412, 0.1013672451882218634, 3.497202527569243497E-15 ) ) ;
#5481 = PLANE ( 'NONE',  #9896 ) ;
#5482 = DIRECTION ( 'NONE',  ( -1.000000000000000000, 0.000000000000000000, 0.000000000000000000 ) ) ;
#5483 = FACE_OUTER_BOUND ( 'NONE', #1933, .T. ) ;
#5484 = EDGE_LOOP ( 'NONE', ( #7266, #8593, #5170, #3832 ) ) ;
#5485 = DIRECTION ( 'NONE',  ( -0.1013672451882220160, 0.9948490747861964412, 0.000000000000000000 ) ) ;
#5486 = VECTOR ( 'NONE', #5492, 1000.000000000000114 ) ;
#5487 = ORIENTED_EDGE ( 'NONE', *, *, #10322, .F. ) ;
#5488 = CARTESIAN_POINT ( 'NONE',  ( -21.48634488484947624, 48.90646800155411000, 100.0372883279505771 ) ) ;
#5489 = DIRECTION ( 'NONE',  ( 0.4974245373930948899, 0.05068362259411066800, 0.8660254037844405950 ) ) ;
#5490 = CARTESIAN_POINT ( 'NONE',  ( 6.278077729994752332, 19.52325316161342172, 150.0500000000005230 ) ) ;
#5491 = VECTOR ( 'NONE', #941, 1000.000000000000000 ) ;
#5492 = DIRECTION ( 'NONE',  ( 0.9948490747861963301, 0.1013672451882220021, -1.200647045275744145E-16 ) ) ;
#5493 = DIRECTION ( 'NONE',  ( -0.1013672451859349011, 0.9948490747864294770, 7.228985060042744652E-11 ) ) ;
#5494 = AXIS2_PLACEMENT_3D ( 'NONE', #1980, #5512, #4645 ) ;
#5495 = EDGE_CURVE ( 'NONE', #2540, #3864, #4477, .T. ) ;
#5496 = AXIS2_PLACEMENT_3D ( 'NONE', #3895, #5631, #2158 ) ;
#5497 = FACE_OUTER_BOUND ( 'NONE', #6229, .T. ) ;
#5498 = CARTESIAN_POINT ( 'NONE',  ( -10.16575261002716957, 1.362844472694154874, 105.4200000000005986 ) ) ;
#5499 = ORIENTED_EDGE ( 'NONE', *, *, #6544, .F. ) ;
#5500 = CARTESIAN_POINT ( 'NONE',  ( -1.679497440667837571, 70.27587248549252763, 102.2685456442013958 ) ) ;
#5501 = ORIENTED_EDGE ( 'NONE', *, *, #5461, .F. ) ;
#5502 = PLANE ( 'NONE',  #3637 ) ;
#5503 = VERTEX_POINT ( 'NONE', #1701 ) ;
#5504 = DIRECTION ( 'NONE',  ( -0.9948490747861964412, -0.1013672451882218634, -3.164135620181696535E-15 ) ) ;
#5505 = AXIS2_PLACEMENT_3D ( 'NONE', #10038, #6545, #1847 ) ;
#5506 = ADVANCED_FACE ( 'NONE', ( #1003 ), #2797, .F. ) ;
#5507 = LINE ( 'NONE', #9066, #6033 ) ;
#5508 = VECTOR ( 'NONE', #6879, 999.9999999999998863 ) ;
#5509 = EDGE_CURVE ( 'NONE', #1862, #468, #6342, .T. ) ;
#5510 = DIRECTION ( 'NONE',  ( 3.148927598275349405E-15, 3.100401161182723417E-16, -1.000000000000000000 ) ) ;
#5511 = ORIENTED_EDGE ( 'NONE', *, *, #368, .F. ) ;
#5512 = DIRECTION ( 'NONE',  ( -0.1013672452546628133, 0.9948490747794266342, 7.228985060042744652E-11 ) ) ;
#5513 = ORIENTED_EDGE ( 'NONE', *, *, #5645, .T. ) ;
#5514 = ORIENTED_EDGE ( 'NONE', *, *, #10195, .F. ) ;
#5515 = ADVANCED_FACE ( 'NONE', ( #830 ), #3604, .T. ) ;
#5516 = VECTOR ( 'NONE', #6584, 999.9999999999998863 ) ;
#5517 = ORIENTED_EDGE ( 'NONE', *, *, #9550, .F. ) ;
#5518 = FACE_OUTER_BOUND ( 'NONE', #7253, .T. ) ;
#5519 = VERTEX_POINT ( 'NONE', #7158 ) ;
#5520 = LINE ( 'NONE', #2846, #1674 ) ;
#5521 = DIRECTION ( 'NONE',  ( -0.9948490747861964412, -0.1013672451882220160, 1.200647045275744392E-16 ) ) ;
#5522 = LINE ( 'NONE', #8902, #6617 ) ;
#5523 = DIRECTION ( 'NONE',  ( 0.4974245373931009961, 0.05068362259411126475, -0.8660254037844370423 ) ) ;
#5524 = LINE ( 'NONE', #3952, #5268 ) ;
#5525 = EDGE_LOOP ( 'NONE', ( #8999, #211, #4893, #5711 ) ) ;
#5526 = ADVANCED_FACE ( 'NONE', ( #1759 ), #7042, .T. ) ;
#5527 = ORIENTED_EDGE ( 'NONE', *, *, #5676, .T. ) ;
#5528 = ORIENTED_EDGE ( 'NONE', *, *, #5695, .F. ) ;
#5529 = LINE ( 'NONE', #10773, #262 ) ;
#5530 = DIRECTION ( 'NONE',  ( 0.8615645716962891942, 0.08778660944464597438, 0.5000000000000029976 ) ) ;
#5531 = EDGE_CURVE ( 'NONE', #10604, #2666, #11404, .T. ) ;
#5532 = LINE ( 'NONE', #4665, #1506 ) ;
#5533 = DIRECTION ( 'NONE',  ( 6.903152180341684826E-18, 7.033765596924220165E-19, -1.000000000000000000 ) ) ;
#5534 = LINE ( 'NONE', #4668, #8466 ) ;
#5535 = CARTESIAN_POINT ( 'NONE',  ( -23.41783902624941049, 67.86274086818583839, 102.2685456442013958 ) ) ;
#5536 = EDGE_LOOP ( 'NONE', ( #10684, #6408, #8689, #9155 ) ) ;
#5537 = ORIENTED_EDGE ( 'NONE', *, *, #5111, .T. ) ;
#5538 = CARTESIAN_POINT ( 'NONE',  ( -14.58470791487634521, 46.47105349523869933, 141.4268494385391648 ) ) ;
#5539 = FACE_OUTER_BOUND ( 'NONE', #5116, .T. ) ;
#5540 = PLANE ( 'NONE',  #3825 ) ;
#5541 = EDGE_CURVE ( 'NONE', #1782, #11395, #132, .T. ) ;
#5542 = LINE ( 'NONE', #6360, #1588 ) ;
#5544 = ORIENTED_EDGE ( 'NONE', *, *, #7834, .T. ) ;
#5543 = EDGE_CURVE ( 'NONE', #2252, #4603, #3437, .T. ) ;
#5545 = LINE ( 'NONE', #3804, #1947 ) ;
#5546 = EDGE_LOOP ( 'NONE', ( #5178, #6046, #4168, #8187 ) ) ;
#5547 = FACE_OUTER_BOUND ( 'NONE', #1520, .T. ) ;
#5548 = CARTESIAN_POINT ( 'NONE',  ( 18.42933727759294271, 52.18992645865737501, 99.31000000000057071 ) ) ;
#5549 = EDGE_CURVE ( 'NONE', #4222, #7793, #3499, .T. ) ;
#5550 = CARTESIAN_POINT ( 'NONE',  ( 10.48945375083639320, 68.96992823597861388, 87.77148351815341698 ) ) ;
#5551 = CARTESIAN_POINT ( 'NONE',  ( -10.47271595720211934, 104.0131846551585681, 127.7026006845156445 ) ) ;
#5552 = EDGE_CURVE ( 'NONE', #2330, #5225, #2617, .T. ) ;
#5553 = CARTESIAN_POINT ( 'NONE',  ( 51.42277814958124083, 83.30465028460689325, 34.41138442089020089 ) ) ;
#5554 = VECTOR ( 'NONE', #10143, 999.9999999999998863 ) ;
#5555 = PLANE ( 'NONE',  #319 ) ;
#5556 = LINE ( 'NONE', #1038, #8237 ) ;
#5557 = VERTEX_POINT ( 'NONE', #15 ) ;
#5558 = CARTESIAN_POINT ( 'NONE',  ( -20.31882892523280759, 75.99474845239923582, 133.2656869558508106 ) ) ;
#5559 = VERTEX_POINT ( 'NONE', #7097 ) ;
#5560 = DIRECTION ( 'NONE',  ( -0.1013672451882218634, 0.9948490747861964412, 0.000000000000000000 ) ) ;
#5561 = ORIENTED_EDGE ( 'NONE', *, *, #8556, .T. ) ;
#5562 = CARTESIAN_POINT ( 'NONE',  ( -16.78516420053840363, 46.24684441922120470, 119.5414382018272477 ) ) ;
#5563 = EDGE_CURVE ( 'NONE', #3326, #4241, #9279, .T. ) ;
#5564 = CARTESIAN_POINT ( 'NONE',  ( -1.324772208397245077, 9.299913550004461626, 113.3500000000005059 ) ) ;
#5565 = VECTOR ( 'NONE', #11210, 1000.000000000000000 ) ;
#5566 = ADVANCED_FACE ( 'NONE', ( #7502 ), #9022, .T. ) ;
#5567 = LINE ( 'NONE', #1279, #10375 ) ;
#5568 = ORIENTED_EDGE ( 'NONE', *, *, #5835, .F. ) ;
#5569 = FACE_OUTER_BOUND ( 'NONE', #11283, .T. ) ;
#5570 = ORIENTED_EDGE ( 'NONE', *, *, #6149, .F. ) ;
#5571 = ORIENTED_EDGE ( 'NONE', *, *, #486, .T. ) ;
#5572 = EDGE_LOOP ( 'NONE', ( #4956, #6627, #4239, #2479 ) ) ;
#5573 = VECTOR ( 'NONE', #4328, 1000.000000000000000 ) ;
#5574 = CARTESIAN_POINT ( 'NONE',  ( -26.06617769531090900, 67.56875387057658600, 102.2685456441789853 ) ) ;
#5575 = EDGE_CURVE ( 'NONE', #10436, #11266, #5462, .T. ) ;
#5576 = ORIENTED_EDGE ( 'NONE', *, *, #8415, .T. ) ;
#5577 = PLANE ( 'NONE',  #3144 ) ;
#5578 = LINE ( 'NONE', #9831, #10296 ) ;
#5579 = PLANE ( 'NONE',  #10327 ) ;
#5580 = VECTOR ( 'NONE', #10141, 999.9999999999998863 ) ;
#5581 = CARTESIAN_POINT ( 'NONE',  ( -9.897128942248800243, 46.94868068422675123, 134.9977377634196785 ) ) ;
#5582 = CARTESIAN_POINT ( 'NONE',  ( -25.19673424057166145, 67.66570557806302588, 102.2612928345458698 ) ) ;
#5583 = EDGE_LOOP ( 'NONE', ( #10495, #525, #6404, #5570 ) ) ;
#5584 = ORIENTED_EDGE ( 'NONE', *, *, #10250, .T. ) ;
#5585 = VERTEX_POINT ( 'NONE', #9198 ) ;
#5586 = FACE_BOUND ( 'NONE', #9627, .T. ) ;
#5587 = LINE ( 'NONE', #4549, #8089 ) ;
#5588 = FACE_OUTER_BOUND ( 'NONE', #9105, .T. ) ;
#5589 = EDGE_CURVE ( 'NONE', #1734, #7592, #423, .T. ) ;
#5590 = VERTEX_POINT ( 'NONE', #6403 ) ;
#5591 = VERTEX_POINT ( 'NONE', #1066 ) ;
#5592 = DIRECTION ( 'NONE',  ( -0.4974245373931009961, -0.05068362259411093862, 0.8660254037844370423 ) ) ;
#5593 = LINE ( 'NONE', #6648, #6343 ) ;
#5594 = CARTESIAN_POINT ( 'NONE',  ( -0.5219709969937098570, 47.90393506220284081, 139.8611624826889397 ) ) ;
#5595 = FACE_OUTER_BOUND ( 'NONE', #1603, .T. ) ;
#5596 = ORIENTED_EDGE ( 'NONE', *, *, #9949, .T. ) ;
#5597 = LINE ( 'NONE', #9047, #6950 ) ;
#5598 = ORIENTED_EDGE ( 'NONE', *, *, #8962, .T. ) ;
#5599 = CARTESIAN_POINT ( 'NONE',  ( -14.76010108756873507, 46.45318231940783704, 155.7000000000005002 ) ) ;
#5600 = CARTESIAN_POINT ( 'NONE',  ( 3.668183438240737448, 48.33087862859677841, 132.5660254037849484 ) ) ;
#5601 = LINE ( 'NONE', #3043, #6668 ) ;
#5602 = DIRECTION ( 'NONE',  ( 0.4974245373930950564, 0.05068362259411089699, 0.8660254037844403729 ) ) ;
#5603 = DIRECTION ( 'NONE',  ( 1.000000000000000000, 0.000000000000000000, 3.480278902931750302E-15 ) ) ;
#5604 = ADVANCED_FACE ( 'NONE', ( #5636 ), #10008, .T. ) ;
#5605 = EDGE_CURVE ( 'NONE', #239, #8938, #5524, .T. ) ;
#5606 = DIRECTION ( 'NONE',  ( -0.9948490747861963301, -0.1013672451882219605, -3.497202527569243497E-15 ) ) ;
#5607 = DIRECTION ( 'NONE',  ( 0.5019378298181115250, 0.000000000000000000, 0.8649037027308210668 ) ) ;
#5608 = ORIENTED_EDGE ( 'NONE', *, *, #1216, .F. ) ;
#5609 = CARTESIAN_POINT ( 'NONE',  ( -18.27743781271769308, 46.09479355143887602, 138.1291116751200434 ) ) ;
#5610 = ORIENTED_EDGE ( 'NONE', *, *, #5190, .T. ) ;
#5611 = AXIS2_PLACEMENT_3D ( 'NONE', #6475, #9852, #3566 ) ;
#5612 = CARTESIAN_POINT ( 'NONE',  ( -21.46883936399414239, 48.90841125575252590, 103.7875013368263382 ) ) ;
#5613 = ORIENTED_EDGE ( 'NONE', *, *, #1772, .T. ) ;
#5614 = FACE_OUTER_BOUND ( 'NONE', #10426, .T. ) ;
#5615 = DIRECTION ( 'NONE',  ( 1.000000000000000000, 0.000000000000000000, 3.480278902931750302E-15 ) ) ;
#5616 = VECTOR ( 'NONE', #3885, 999.9999999999998863 ) ;
#5617 = VECTOR ( 'NONE', #6231, 1000.000000000000114 ) ;
#5618 = DIRECTION ( 'NONE',  ( -6.903152180341685597E-18, -7.033765596924229795E-19, 1.000000000000000000 ) ) ;
#5619 = EDGE_CURVE ( 'NONE', #833, #9679, #191, .T. ) ;
#5620 = ORIENTED_EDGE ( 'NONE', *, *, #43, .T. ) ;
#5621 = LINE ( 'NONE', #9182, #6801 ) ;
#5622 = ORIENTED_EDGE ( 'NONE', *, *, #10611, .F. ) ;
#5623 = ORIENTED_EDGE ( 'NONE', *, *, #355, .F. ) ;
#5624 = CARTESIAN_POINT ( 'NONE',  ( -14.66287039243656487, 103.5862410887646377, 138.1291116751201002 ) ) ;
#5625 = EDGE_LOOP ( 'NONE', ( #6354, #2153, #5315, #6151 ) ) ;
#5626 = FACE_OUTER_BOUND ( 'NONE', #6690, .T. ) ;
#5627 = ORIENTED_EDGE ( 'NONE', *, *, #7183, .T. ) ;
#5628 = CARTESIAN_POINT ( 'NONE',  ( -13.09243430269705044, 46.62310436302102801, 140.5608240347547451 ) ) ;
#5629 = DIRECTION ( 'NONE',  ( 0.9948490747861964412, 0.1013672451882218634, 3.497202527569243497E-15 ) ) ;
#5630 = VECTOR ( 'NONE', #3200, 1000.000000000000114 ) ;
#5631 = DIRECTION ( 'NONE',  ( 3.148927598275349405E-15, 3.100401161182723417E-16, -1.000000000000000000 ) ) ;
#5632 = EDGE_CURVE ( 'NONE', #5109, #4987, #8328, .T. ) ;
#5633 = CARTESIAN_POINT ( 'NONE',  ( -15.65771946722276020, 103.4848738435764233, 142.9925363943893615 ) ) ;
#5634 = AXIS2_PLACEMENT_3D ( 'NONE', #1175, #11051, #10063 ) ;
#5635 = ADVANCED_FACE ( 'NONE', ( #10995 ), #9081, .T. ) ;
#5636 = FACE_OUTER_BOUND ( 'NONE', #2963, .T. ) ;
#5637 = ORIENTED_EDGE ( 'NONE', *, *, #7082, .F. ) ;
#5638 = EDGE_CURVE ( 'NONE', #4559, #3884, #10940, .T. ) ;
#5639 = ORIENTED_EDGE ( 'NONE', *, *, #6568, .T. ) ;
#5640 = ORIENTED_EDGE ( 'NONE', *, *, #231, .F. ) ;
#5641 = CARTESIAN_POINT ( 'NONE',  ( -1.516820071779903412, 47.80256781701461932, 144.7245872019582862 ) ) ;
#5642 = AXIS2_PLACEMENT_3D ( 'NONE', #3364, #3486, #8725 ) ;
#5643 = PLANE ( 'NONE',  #311 ) ;
#5644 = CARTESIAN_POINT ( 'NONE',  ( -6.611224586273380055, 40.60623753574479622, 115.4200000000005701 ) ) ;
#5645 = EDGE_CURVE ( 'NONE', #2667, #3440, #9256, .T. ) ;
#5646 = VECTOR ( 'NONE', #7622, 1000.000000000000000 ) ;
#5647 = EDGE_CURVE ( 'NONE', #8862, #4165, #8207, .T. ) ;
#5648 = VECTOR ( 'NONE', #10663, 999.9999999999998863 ) ;
#5649 = AXIS2_PLACEMENT_3D ( 'NONE', #7063, #9563, #8699 ) ;
#5650 = ORIENTED_EDGE ( 'NONE', *, *, #1444, .T. ) ;
#5651 = ORIENTED_EDGE ( 'NONE', *, *, #3488, .T. ) ;
#5652 = CARTESIAN_POINT ( 'NONE',  ( -12.32467200531801055, 22.55113817599995940, 146.7000000000005002 ) ) ;
#5653 = DIRECTION ( 'NONE',  ( 0.4974245373931009961, 0.05068362259411126475, -0.8660254037844370423 ) ) ;
#5654 = FACE_OUTER_BOUND ( 'NONE', #9722, .T. ) ;
#5655 = VECTOR ( 'NONE', #7656, 1000.000000000000114 ) ;
#5656 = LINE ( 'NONE', #2284, #7901 ) ;
#5657 = ORIENTED_EDGE ( 'NONE', *, *, #1584, .T. ) ;
#5658 = DIRECTION ( 'NONE',  ( -7.327943828065849784E-12, 7.191747867590729583E-11, -1.000000000000000000 ) ) ;
#5659 = ORIENTED_EDGE ( 'NONE', *, *, #9690, .T. ) ;
#5660 = DIRECTION ( 'NONE',  ( -0.9948490747861964412, -0.1013672451882218634, -3.164135620181696535E-15 ) ) ;
#5661 = VECTOR ( 'NONE', #8955, 1000.000000000000000 ) ;
#5662 = DIRECTION ( 'NONE',  ( -1.000000000000000000, 0.000000000000000000, 0.000000000000000000 ) ) ;
#5663 = VECTOR ( 'NONE', #8395, 999.9999999999998863 ) ;
#5664 = DIRECTION ( 'NONE',  ( 0.000000000000000000, 0.000000000000000000, -1.000000000000000000 ) ) ;
#5665 = DIRECTION ( 'NONE',  ( -0.5019378298181174092, 0.000000000000000000, 0.8649037027308177361 ) ) ;
#5666 = VECTOR ( 'NONE', #798, 999.9999999999998863 ) ;
#5667 = CARTESIAN_POINT ( 'NONE',  ( 8.935349625867800682, 3.309095580308019979, 113.3500000000005059 ) ) ;
#5668 = CARTESIAN_POINT ( 'NONE',  ( 0.6319432509394437014, 78.12946628436890251, 140.5608240347547735 ) ) ;
#5669 = ORIENTED_EDGE ( 'NONE', *, *, #1434, .T. ) ;
#5670 = CARTESIAN_POINT ( 'NONE',  ( -0.5219709969937098570, 47.90393506220284081, 130.1343130441503035 ) ) ;
#5671 = ORIENTED_EDGE ( 'NONE', *, *, #7072, .F. ) ;
#5673 = VECTOR ( 'NONE', #11254, 999.9999999999998863 ) ;
#5672 = CARTESIAN_POINT ( 'NONE',  ( -15.65771946722276020, 103.4848738435764233, 125.2708883248810423 ) ) ;
#5674 = VERTEX_POINT ( 'NONE', #2920 ) ;
#5675 = CARTESIAN_POINT ( 'NONE',  ( -32.02080070660307598, 73.79723256968338774, 87.77148351815341698 ) ) ;
#5676 = EDGE_CURVE ( 'NONE', #6056, #10682, #8377, .T. ) ;
#5677 = VECTOR ( 'NONE', #1193, 999.9999999999998863 ) ;
#5678 = DIRECTION ( 'NONE',  ( 1.000000000000000000, 0.000000000000000000, 3.480278902931750302E-15 ) ) ;
#5679 = EDGE_CURVE ( 'NONE', #5150, #9243, #369, .T. ) ;
#5680 = AXIS2_PLACEMENT_3D ( 'NONE', #5878, #3091, #11000 ) ;
#5681 = CIRCLE ( 'NONE', #11450, 1.049999999999992273 ) ;
#5682 = DIRECTION ( 'NONE',  ( -0.9938949685030576964, -0.1103303747129771861, -6.514758705377155282E-13 ) ) ;
#5683 = ORIENTED_EDGE ( 'NONE', *, *, #2265, .F. ) ;
#5684 = CARTESIAN_POINT ( 'NONE',  ( -21.81110253741210059, 75.84269758461690003, 138.9951370789045200 ) ) ;
#5685 = ORIENTED_EDGE ( 'NONE', *, *, #2083, .F. ) ;
#5686 = VECTOR ( 'NONE', #11483, 999.9999999999998863 ) ;
#5687 = ORIENTED_EDGE ( 'NONE', *, *, #836, .T. ) ;
#5688 = CARTESIAN_POINT ( 'NONE',  ( -5.460737086723169043, 10.43105637960247556, 150.0500000000005230 ) ) ;
#5689 = EDGE_LOOP ( 'NONE', ( #2608, #10154, #7566, #10517 ) ) ;
#5690 = AXIS2_PLACEMENT_3D ( 'NONE', #3348, #3527, #10558 ) ;
#5691 = DIRECTION ( 'NONE',  ( 0.9948490747861963301, 0.1013672451882219466, 0.000000000000000000 ) ) ;
#5692 = ORIENTED_EDGE ( 'NONE', *, *, #2485, .T. ) ;
#5693 = DIRECTION ( 'NONE',  ( 0.9948490747861964412, 0.1013672451882218634, 3.497202527569243497E-15 ) ) ;
#5694 = CARTESIAN_POINT ( 'NONE',  ( -20.96621154560242672, 48.93687933508365262, 125.3534062774359654 ) ) ;
#5695 = EDGE_CURVE ( 'NONE', #4702, #1431, #312, .T. ) ;
#5696 = VECTOR ( 'NONE', #10451, 1000.000000000000114 ) ;
#5697 = EDGE_CURVE ( 'NONE', #1621, #10231, #6464, .T. ) ;
#5698 = DIRECTION ( 'NONE',  ( 0.8615645716962891942, 0.08778660944464597438, 0.5000000000000029976 ) ) ;
#5699 = EDGE_CURVE ( 'NONE', #4486, #2906, #2973, .T. ) ;
#5700 = FACE_OUTER_BOUND ( 'NONE', #3983, .T. ) ;
#5701 = AXIS2_PLACEMENT_3D ( 'NONE', #1527, #5064, #6925 ) ;
#5702 = DIRECTION ( 'NONE',  ( 0.5019378298181115250, 0.000000000000000000, 0.8649037027308210668 ) ) ;
#5703 = ORIENTED_EDGE ( 'NONE', *, *, #5294, .F. ) ;
#5704 = EDGE_LOOP ( 'NONE', ( #52, #2598, #10092, #7066, #9046, #2200 ) ) ;
#5705 = CARTESIAN_POINT ( 'NONE',  ( 6.278077729994752332, 19.52325316161342172, 113.3500000000005059 ) ) ;
#5706 = AXIS2_PLACEMENT_3D ( 'NONE', #9359, #8376, #538 ) ;
#5707 = EDGE_CURVE ( 'NONE', #5267, #7670, #3898, .T. ) ;
#5708 = LINE ( 'NONE', #429, #9964 ) ;
#5709 = CARTESIAN_POINT ( 'NONE',  ( -6.939102061610961769, 39.73786078123381316, 115.4200000000005701 ) ) ;
#5710 = ORIENTED_EDGE ( 'NONE', *, *, #2869, .F. ) ;
#5711 = ORIENTED_EDGE ( 'NONE', *, *, #903, .F. ) ;
#5712 = CARTESIAN_POINT ( 'NONE',  ( -4.712125432228155830, 47.47699149580890321, 121.1071251576774870 ) ) ;
#5713 = CARTESIAN_POINT ( 'NONE',  ( -31.12731887700510924, 74.89344888965787561, 87.77148351815341698 ) ) ;
#5714 = EDGE_CURVE ( 'NONE', #3715, #3706, #4882, .T. ) ;
#5715 = CARTESIAN_POINT ( 'NONE',  ( -4.712125432228155830, 47.47699149580890321, 137.4294501230542664 ) ) ;
#5716 = FACE_OUTER_BOUND ( 'NONE', #7043, .T. ) ;
#5717 = ORIENTED_EDGE ( 'NONE', *, *, #11020, .F. ) ;
#5718 = VERTEX_POINT ( 'NONE', #11107 ) ;
#5719 = EDGE_CURVE ( 'NONE', #7372, #7487, #539, .T. ) ;
#5720 = CARTESIAN_POINT ( 'NONE',  ( -7.872481210540179575, 77.26293275539438810, 142.2928748423235845 ) ) ;
#5721 = CARTESIAN_POINT ( 'NONE',  ( -10.39455347964189791, 46.89799706163263693, 134.1317123596352019 ) ) ;
#5722 = CARTESIAN_POINT ( 'NONE',  ( -74.61573924852415018, 70.46232312156514865, 38.73375265801401213 ) ) ;
#5723 = PLANE ( 'NONE',  #5879 ) ;
#5724 = CARTESIAN_POINT ( 'NONE',  ( -11.46756503198831645, 103.9118174099703538, 125.9705498769467482 ) ) ;
#5725 = CARTESIAN_POINT ( 'NONE',  ( -18.27743781271769308, 46.09479355143887602, 118.6754127980427853 ) ) ;
#5726 = LINE ( 'NONE', #9284, #9400 ) ;
#5727 = PLANE ( 'NONE',  #11419 ) ;
#5728 = VECTOR ( 'NONE', #11277, 999.9999999999998863 ) ;
#5729 = VERTEX_POINT ( 'NONE', #9308 ) ;
#5730 = DIRECTION ( 'NONE',  ( -0.5019378298181174092, 0.000000000000000000, 0.8649037027308177361 ) ) ;
#5731 = ORIENTED_EDGE ( 'NONE', *, *, #5011, .F. ) ;
#5732 = LINE ( 'NONE', #1327, #2414 ) ;
#5733 = DIRECTION ( 'NONE',  ( 0.1013672451882219883, -0.9948490747861964412, 1.075499326746823620E-17 ) ) ;
#5734 = VECTOR ( 'NONE', #6350, 1000.000000000000000 ) ;
#5735 = CARTESIAN_POINT ( 'NONE',  ( 6.349743540596019642, 3.045642788675047452, 105.4200000000005986 ) ) ;
#5736 = EDGE_LOOP ( 'NONE', ( #8896, #1509, #463, #9609 ) ) ;
#5737 = CARTESIAN_POINT ( 'NONE',  ( -4.712125432228155830, 47.47699149580890321, 140.5608240347547451 ) ) ;
#5738 = EDGE_LOOP ( 'NONE', ( #7866, #11339, #5903, #4522 ) ) ;
#5739 = VERTEX_POINT ( 'NONE', #10282 ) ;
#5740 = LINE ( 'NONE', #9463, #8631 ) ;
#5741 = VERTEX_POINT ( 'NONE', #6689 ) ;
#5742 = LINE ( 'NONE', #2256, #6190 ) ;
#5743 = DIRECTION ( 'NONE',  ( 0.1013672451882219883, -0.9948490747861964412, 1.075499326746823620E-17 ) ) ;
#5744 = VERTEX_POINT ( 'NONE', #5108 ) ;
#5745 = DIRECTION ( 'NONE',  ( 0.9948490747861963301, 0.1013672451882219744, 3.164135620181696535E-15 ) ) ;
#5746 = CARTESIAN_POINT ( 'NONE',  ( -11.93852005476391298, 76.84863558518711102, 123.5388375173121744 ) ) ;
#5747 = VECTOR ( 'NONE', #1231, 1000.000000000000114 ) ;
#5748 = EDGE_CURVE ( 'NONE', #3343, #8971, #11280, .T. ) ;
#5749 = DIRECTION ( 'NONE',  ( 0.4974245373930948899, 0.05068362259411066800, 0.8660254037844405950 ) ) ;
#5750 = CARTESIAN_POINT ( 'NONE',  ( -9.897128942248800243, 46.94868068422675123, 133.2656869558507253 ) ) ;
#5751 = EDGE_CURVE ( 'NONE', #5922, #5292, #7791, .T. ) ;
#5752 = VECTOR ( 'NONE', #8068, 1000.000000000000114 ) ;
#5753 = EDGE_CURVE ( 'NONE', #36, #2223, #8550, .T. ) ;
#5754 = VECTOR ( 'NONE', #2939, 1000.000000000000000 ) ;
#5755 = CARTESIAN_POINT ( 'NONE',  ( -20.42436117652392369, 67.78174637934824887, 103.0600000000005707 ) ) ;
#5756 = ORIENTED_EDGE ( 'NONE', *, *, #2857, .F. ) ;
#5757 = VERTEX_POINT ( 'NONE', #6740 ) ;
#5758 = VERTEX_POINT ( 'NONE', #481 ) ;
#5759 = PLANE ( 'NONE',  #1946 ) ;
#5760 = AXIS2_PLACEMENT_3D ( 'NONE', #7867, #4313, #5999 ) ;
#5761 = DIRECTION ( 'NONE',  ( 0.5019378298181115250, 0.000000000000000000, 0.8649037027308210668 ) ) ;
#5762 = DIRECTION ( 'NONE',  ( -0.8615645716962893053, -0.08778660944464596050, -0.5000000000000027756 ) ) ;
#5763 = VERTEX_POINT ( 'NONE', #1463 ) ;
#5764 = EDGE_CURVE ( 'NONE', #5962, #3943, #5808, .T. ) ;
#5765 = ORIENTED_EDGE ( 'NONE', *, *, #245, .T. ) ;
#5766 = DIRECTION ( 'NONE',  ( -0.9948490747861964412, -0.1013672451882219744, -0.000000000000000000 ) ) ;
#5767 = FACE_BOUND ( 'NONE', #8142, .T. ) ;
#5768 = CARTESIAN_POINT ( 'NONE',  ( -17.28258873793149419, 46.19616079662709041, 125.2708883248809855 ) ) ;
#5769 = PLANE ( 'NONE',  #3064 ) ;
#5770 = ORIENTED_EDGE ( 'NONE', *, *, #4331, .F. ) ;
#5771 = CARTESIAN_POINT ( 'NONE',  ( -0.6152014920796884390, 2.335970026501086760, 105.4200000000005844 ) ) ;
#5772 = LINE ( 'NONE', #6707, #1120 ) ;
#5773 = LINE ( 'NONE', #5722, #8291 ) ;
#5774 = CARTESIAN_POINT ( 'NONE',  ( -2.092407086733225619, 104.8670717879464576, 135.6973993154854270 ) ) ;
#5775 = EDGE_CURVE ( 'NONE', #4802, #3326, #9424, .T. ) ;
#5776 = EDGE_CURVE ( 'NONE', #834, #3784, #9361, .T. ) ;
#5777 = LINE ( 'NONE', #5026, #6739 ) ;
#5778 = VECTOR ( 'NONE', #2117, 999.9999999999998863 ) ;
#5779 = LINE ( 'NONE', #6546, #7313 ) ;
#5780 = ORIENTED_EDGE ( 'NONE', *, *, #6407, .F. ) ;
#5781 = PLANE ( 'NONE',  #8825 ) ;
#5782 = ORIENTED_EDGE ( 'NONE', *, *, #5411, .F. ) ;
#5783 = DIRECTION ( 'NONE',  ( 0.4974245373931012182, 0.05068362259411096638, -0.8660254037844369313 ) ) ;
#5784 = VERTEX_POINT ( 'NONE', #4238 ) ;
#5785 = CARTESIAN_POINT ( 'NONE',  ( -31.02595163181688065, 73.89859981487161633, 88.77148351815341698 ) ) ;
#5786 = DIRECTION ( 'NONE',  ( 0.5019378298181175202, 0.000000000000000000, -0.8649037027308175141 ) ) ;
#5787 = LINE ( 'NONE', #9293, #6838 ) ;
#5788 = EDGE_CURVE ( 'NONE', #6521, #1209, #1403, .T. ) ;
#5789 = ORIENTED_EDGE ( 'NONE', *, *, #1205, .F. ) ;
#5790 = ADVANCED_FACE ( 'NONE', ( #4999 ), #3246, .T. ) ;
#5791 = CARTESIAN_POINT ( 'NONE',  ( -10.47271595720211934, 104.0131846551585681, 127.7026006845156445 ) ) ;
#5792 = ORIENTED_EDGE ( 'NONE', *, *, #5679, .T. ) ;
#5793 = ORIENTED_EDGE ( 'NONE', *, *, #8761, .F. ) ;
#5794 = DIRECTION ( 'NONE',  ( 0.9948490747861963301, 0.1013672451882219744, 3.164135620181696535E-15 ) ) ;
#5795 = ORIENTED_EDGE ( 'NONE', *, *, #10283, .F. ) ;
#5796 = DIRECTION ( 'NONE',  ( 8.141667454118532778E-17, 3.990033831470024719E-16, 1.000000000000000000 ) ) ;
#5797 = LINE ( 'NONE', #2369, #9904 ) ;
#5798 = VERTEX_POINT ( 'NONE', #5871 ) ;
#5799 = LINE ( 'NONE', #4054, #386 ) ;
#5800 = CARTESIAN_POINT ( 'NONE',  ( -2.092407086733225619, 104.8670717879464576, 135.6973993154854270 ) ) ;
#5801 = ORIENTED_EDGE ( 'NONE', *, *, #7084, .F. ) ;
#5802 = DIRECTION ( 'NONE',  ( 0.4974245373930950564, 0.05068362259411089699, 0.8660254037844403729 ) ) ;
#5803 = VECTOR ( 'NONE', #5480, 999.9999999999998863 ) ;
#5804 = VERTEX_POINT ( 'NONE', #4117 ) ;
#5805 = FACE_OUTER_BOUND ( 'NONE', #6611, .T. ) ;
#5806 = FACE_OUTER_BOUND ( 'NONE', #2957, .T. ) ;
#5807 = VECTOR ( 'NONE', #1848, 1000.000000000000114 ) ;
#5808 = LINE ( 'NONE', #10229, #7136 ) ;
#5809 = ORIENTED_EDGE ( 'NONE', *, *, #3084, .F. ) ;
#5810 = ADVANCED_FACE ( 'NONE', ( #7618 ), #11161, .T. ) ;
#5811 = VERTEX_POINT ( 'NONE', #3308 ) ;
#5812 = ORIENTED_EDGE ( 'NONE', *, *, #2731, .T. ) ;
#5813 = PLANE ( 'NONE',  #11046 ) ;
#5814 = VECTOR ( 'NONE', #567, 999.9999999999998863 ) ;
#5815 = EDGE_CURVE ( 'NONE', #5804, #1983, #8436, .T. ) ;
#5816 = ADVANCED_FACE ( 'NONE', ( #10349 ), #6855, .T. ) ;
#5817 = VERTEX_POINT ( 'NONE', #4011 ) ;
#5818 = LINE ( 'NONE', #6643, #9219 ) ;
#5819 = EDGE_CURVE ( 'NONE', #4594, #10792, #1345, .T. ) ;
#5820 = DIRECTION ( 'NONE',  ( 0.4974245373930948899, 0.05068362259411066800, 0.8660254037844405950 ) ) ;
#5821 = ORIENTED_EDGE ( 'NONE', *, *, #9768, .T. ) ;
#5822 = ORIENTED_EDGE ( 'NONE', *, *, #7713, .T. ) ;
#5823 = DIRECTION ( 'NONE',  ( -0.4974245373930951675, -0.05068362259411070270, -0.8660254037844403729 ) ) ;
#5824 = FACE_BOUND ( 'NONE', #9473, .T. ) ;
#5825 = VECTOR ( 'NONE', #8905, 999.9999999999998863 ) ;
#5826 = CARTESIAN_POINT ( 'NONE',  ( 7.272926804780952992, 19.62462040680164321, 150.0500000000005230 ) ) ;
#5827 = EDGE_LOOP ( 'NONE', ( #10814, #10562, #9373, #6646, #10027, #2814 ) ) ;
#5828 = CARTESIAN_POINT ( 'NONE',  ( -14.66287039243656487, 103.5862410887646377, 128.4022622365814641 ) ) ;
#5829 = CARTESIAN_POINT ( 'NONE',  ( 7.858337873475182533, 48.75782219499071601, 130.1343130441503035 ) ) ;
#5830 = CIRCLE ( 'NONE', #4726, 1.000000000000000666 ) ;
#5831 = CARTESIAN_POINT ( 'NONE',  ( -19.84787390245720928, 103.0579302771824928, 132.5660254037850052 ) ) ;
#5832 = EDGE_CURVE ( 'NONE', #2558, #2774, #707, .T. ) ;
#5833 = CIRCLE ( 'NONE', #98, 4.000000000000000000 ) ;
#5834 = CARTESIAN_POINT ( 'NONE',  ( -17.28258873793149419, 46.19616079662709041, 142.9925363943894183 ) ) ;
#5835 = EDGE_CURVE ( 'NONE', #5985, #8015, #11453, .T. ) ;
#5836 = VERTEX_POINT ( 'NONE', #7087 ) ;
#5837 = AXIS2_PLACEMENT_3D ( 'NONE', #7925, #3674, #10589 ) ;
#5838 = DIRECTION ( 'NONE',  ( 0.9948490747861963301, 0.1013672451882219744, 3.164135620181696535E-15 ) ) ;
#5839 = VECTOR ( 'NONE', #5629, 999.9999999999998863 ) ;
#5840 = PLANE ( 'NONE',  #9226 ) ;
#5841 = DIRECTION ( 'NONE',  ( 0.9948490747861963301, 0.1013672451882219744, 3.164135620181696535E-15 ) ) ;
#5842 = ORIENTED_EDGE ( 'NONE', *, *, #2002, .T. ) ;
#5843 = DIRECTION ( 'NONE',  ( -0.4974245373931011072, -0.05068362259411127169, 0.8660254037844369313 ) ) ;
#5844 = ORIENTED_EDGE ( 'NONE', *, *, #9992, .F. ) ;
#5845 = CARTESIAN_POINT ( 'NONE',  ( -1.679497440656239293, 70.27587248537869868, 103.8514543557319740 ) ) ;
#5846 = VECTOR ( 'NONE', #871, 1000.000000000000114 ) ;
#5847 = CARTESIAN_POINT ( 'NONE',  ( -24.03802833769165659, 102.6309867107885481, 139.8611624826889965 ) ) ;
#5848 = ADVANCED_FACE ( 'NONE', ( #6972 ), #7959, .T. ) ;
#5849 = VECTOR ( 'NONE', #2822, 1000.000000000000000 ) ;
#5850 = AXIS2_PLACEMENT_3D ( 'NONE', #8526, #4093, #10095 ) ;
#5851 = ORIENTED_EDGE ( 'NONE', *, *, #6695, .F. ) ;
#5852 = CARTESIAN_POINT ( 'NONE',  ( -3.087256161519422726, 104.7657045427582432, 130.8339745962160805 ) ) ;
#5853 = ORIENTED_EDGE ( 'NONE', *, *, #3697, .T. ) ;
#5854 = ORIENTED_EDGE ( 'NONE', *, *, #4696, .T. ) ;
#5855 = CARTESIAN_POINT ( 'NONE',  ( -8.743214694315666335, 77.17421190639281292, 125.9705498769467482 ) ) ;
#5856 = ORIENTED_EDGE ( 'NONE', *, *, #954, .F. ) ;
#5857 = LINE ( 'NONE', #6625, #3617 ) ;
#5858 = DIRECTION ( 'NONE',  ( 1.000000000000000000, 0.000000000000000000, 3.480278902931750302E-15 ) ) ;
#5859 = ADVANCED_FACE ( 'NONE', ( #6038 ), #9707, .T. ) ;
#5860 = ORIENTED_EDGE ( 'NONE', *, *, #1686, .T. ) ;
#5861 = DIRECTION ( 'NONE',  ( 6.903152180341685597E-18, 7.033765596924229795E-19, -1.000000000000000000 ) ) ;
#5862 = CARTESIAN_POINT ( 'NONE',  ( -61.44247233738276748, 71.80457473616159803, 31.08878480307708259 ) ) ;
#5863 = AXIS2_PLACEMENT_3D ( 'NONE', #3044, #5891, #3156 ) ;
#5864 = ORIENTED_EDGE ( 'NONE', *, *, #11461, .T. ) ;
#5865 = EDGE_CURVE ( 'NONE', #933, #6726, #8975, .T. ) ;
#5866 = DIRECTION ( 'NONE',  ( -0.9948490747861964412, -0.1013672451882218634, -3.164135620181696535E-15 ) ) ;
#5867 = CARTESIAN_POINT ( 'NONE',  ( 2.097747348501219911, 105.2940153543403881, 120.4074636056116674 ) ) ;
#5868 = VECTOR ( 'NONE', #6302, 1000.000000000000000 ) ;
#5869 = EDGE_CURVE ( 'NONE', #11420, #3681, #5275, .T. ) ;
#5870 = VECTOR ( 'NONE', #6898, 999.9999999999998863 ) ;
#5871 = CARTESIAN_POINT ( 'NONE',  ( 1.644369224237865579, -4.627973497002288994, 156.7000000000005002 ) ) ;
#5872 = ORIENTED_EDGE ( 'NONE', *, *, #1644, .F. ) ;
#5873 = ORIENTED_EDGE ( 'NONE', *, *, #9379, .F. ) ;
#5874 = AXIS2_PLACEMENT_3D ( 'NONE', #10396, #4290, #1514 ) ;
#5875 = ORIENTED_EDGE ( 'NONE', *, *, #6297, .T. ) ;
#5876 = PLANE ( 'NONE',  #2305 ) ;
#5877 = ORIENTED_EDGE ( 'NONE', *, *, #8123, .F. ) ;
#5878 = CARTESIAN_POINT ( 'NONE',  ( -14.16544585504347076, 103.6369247113587591, 138.9951370789045200 ) ) ;
#5879 = AXIS2_PLACEMENT_3D ( 'NONE', #11181, #1430, #3045 ) ;
#5880 = ADVANCED_FACE ( 'NONE', ( #3541 ), #8840, .T. ) ;
#5881 = CARTESIAN_POINT ( 'NONE',  ( 38.85231484387792733, 82.02381958542508755, 27.11624734198614561 ) ) ;
#5882 = VERTEX_POINT ( 'NONE', #9594 ) ;
#5883 = ORIENTED_EDGE ( 'NONE', *, *, #9823, .F. ) ;
#5884 = CARTESIAN_POINT ( 'NONE',  ( -4.214700894835060829, 47.52767511840301751, 141.4268494385391648 ) ) ;
#5885 = FACE_BOUND ( 'NONE', #9142, .T. ) ;
#5886 = FACE_OUTER_BOUND ( 'NONE', #10697, .T. ) ;
#5887 = VECTOR ( 'NONE', #1646, 1000.000000000000000 ) ;
#5888 = ORIENTED_EDGE ( 'NONE', *, *, #3905, .F. ) ;
#5889 = CARTESIAN_POINT ( 'NONE',  ( -17.28258873793149419, 46.19616079662709041, 144.7245872019582293 ) ) ;
#5890 = LINE ( 'NONE', #9442, #9093 ) ;
#5891 = DIRECTION ( 'NONE',  ( 0.8615645716962927469, 0.08778660944464633520, -0.4999999999999967248 ) ) ;
#5892 = CARTESIAN_POINT ( 'NONE',  ( -3.584680698912521279, 104.7150209201641360, 126.8365752807312248 ) ) ;
#5893 = ORIENTED_EDGE ( 'NONE', *, *, #3490, .F. ) ;
#5894 = ADVANCED_FACE ( 'NONE', ( #3423, #8946, #6152 ), #2552, .F. ) ;
#5895 = EDGE_CURVE ( 'NONE', #9464, #9439, #4293, .T. ) ;
#5896 = CYLINDRICAL_SURFACE ( 'NONE', #3024, 1.049999999999992273 ) ;
#5897 = LINE ( 'NONE', #8468, #8981 ) ;
#5898 = FACE_OUTER_BOUND ( 'NONE', #3012, .T. ) ;
#5899 = CARTESIAN_POINT ( 'NONE',  ( -7.872481210540186680, 77.26293275539438810, 130.8339745962160521 ) ) ;
#5900 = VERTEX_POINT ( 'NONE', #9825 ) ;
#5901 = ADVANCED_FACE ( 'NONE', ( #58 ), #988, .T. ) ;
#5902 = DIRECTION ( 'NONE',  ( 0.4974245373930948899, 0.05068362259411066800, 0.8660254037844405950 ) ) ;
#5903 = ORIENTED_EDGE ( 'NONE', *, *, #5349, .F. ) ;
#5904 = FACE_BOUND ( 'NONE', #3999, .T. ) ;
#5905 = ADVANCED_FACE ( 'NONE', ( #4523 ), #8077, .T. ) ;
#5906 = LINE ( 'NONE', #624, #5288 ) ;
#5907 = ORIENTED_EDGE ( 'NONE', *, *, #219, .T. ) ;
#5908 = DIRECTION ( 'NONE',  ( -0.1013672451882214748, 0.9948490747861964412, -3.851859888774472253E-32 ) ) ;
#5909 = ORIENTED_EDGE ( 'NONE', *, *, #5647, .F. ) ;
#5910 = LINE ( 'NONE', #1504, #66 ) ;
#5911 = ORIENTED_EDGE ( 'NONE', *, *, #4432, .T. ) ;
#5912 = EDGE_CURVE ( 'NONE', #1621, #7989, #5165, .T. ) ;
#5913 = CARTESIAN_POINT ( 'NONE',  ( 35.26496401408143555, 81.65829693444578652, 25.03436575838438216 ) ) ;
#5914 = FACE_OUTER_BOUND ( 'NONE', #71, .T. ) ;
#5915 = VERTEX_POINT ( 'NONE', #884 ) ;
#5916 = CARTESIAN_POINT ( 'NONE',  ( -23.41783902623789970, 67.86274086807284789, 103.8514543557179621 ) ) ;
#5917 = CARTESIAN_POINT ( 'NONE',  ( -7.277410596753866479, 104.3387609763642985, 144.7245872019582862 ) ) ;
#5918 = ADVANCED_FACE ( 'NONE', ( #3 ), #9767, .T. ) ;
#5919 = VECTOR ( 'NONE', #4408, 999.9999999999998863 ) ;
#5920 = CARTESIAN_POINT ( 'NONE',  ( -0.2869982004050277702, 23.77768184277744012, 156.7000000000005002 ) ) ;
#5921 = CARTESIAN_POINT ( 'NONE',  ( -9.128143506410729913, 1.626501356039936175, 156.7000000000005002 ) ) ;
#5922 = VERTEX_POINT ( 'NONE', #8893 ) ;
#5923 = CARTESIAN_POINT ( 'NONE',  ( -18.27743781271769308, 46.09479355143887602, 123.5388375173120892 ) ) ;
#5924 = ORIENTED_EDGE ( 'NONE', *, *, #8556, .F. ) ;
#5925 = EDGE_CURVE ( 'NONE', #10907, #7355, #934, .T. ) ;
#5926 = ORIENTED_EDGE ( 'NONE', *, *, #2738, .T. ) ;
#5927 = AXIS2_PLACEMENT_3D ( 'NONE', #3749, #2075, #1031 ) ;
#5928 = VERTEX_POINT ( 'NONE', #1916 ) ;
#5929 = ORIENTED_EDGE ( 'NONE', *, *, #9283, .F. ) ;
#5930 = LINE ( 'NONE', #8677, #96 ) ;
#5931 = EDGE_LOOP ( 'NONE', ( #9770, #1823, #10188, #121 ) ) ;
#5932 = CARTESIAN_POINT ( 'NONE',  ( -57.25231790214837702, 72.23151830255552852, 28.65707244344246263 ) ) ;
#5933 = CIRCLE ( 'NONE', #4823, 1.550000000000000266 ) ;
#5934 = FACE_OUTER_BOUND ( 'NONE', #540, .T. ) ;
#5935 = EDGE_LOOP ( 'NONE', ( #10333, #6154, #6094, #2713 ) ) ;
#5936 = EDGE_LOOP ( 'NONE', ( #3408, #1521, #10870, #7032, #6651, #10234 ) ) ;
#5937 = CARTESIAN_POINT ( 'NONE',  ( -7.872481210540177798, 77.26293275539438810, 128.4022622365814641 ) ) ;
#5938 = FACE_BOUND ( 'NONE', #7241, .T. ) ;
#5939 = DIRECTION ( 'NONE',  ( -0.9948490747861963301, -0.1013672451882219605, -3.497202527569243497E-15 ) ) ;
#5940 = AXIS2_PLACEMENT_3D ( 'NONE', #11256, #3524, #7068 ) ;
#5941 = EDGE_LOOP ( 'NONE', ( #8153, #10760, #2990, #9472 ) ) ;
#5942 = LINE ( 'NONE', #5131, #10592 ) ;
#5943 = CARTESIAN_POINT ( 'NONE',  ( -10.16575261002717312, 1.362844472694154874, 156.7000000000005002 ) ) ;
#5944 = CARTESIAN_POINT ( 'NONE',  ( -14.08728337748324755, 46.52173711783281362, 122.8391759652463833 ) ) ;
#5945 = EDGE_CURVE ( 'NONE', #7405, #9271, #236, .T. ) ;
#5946 = DIRECTION ( 'NONE',  ( 0.1013672451882219744, -0.9948490747861963301, 9.629649721936177555E-34 ) ) ;
#5947 = VECTOR ( 'NONE', #9441, 1000.000000000000114 ) ;
#5948 = EDGE_LOOP ( 'NONE', ( #8712, #2072, #5537, #402, #7019, #1797 ) ) ;
#5949 = DIRECTION ( 'NONE',  ( 0.9948490747861963301, 0.1013672451882218495, 0.000000000000000000 ) ) ;
#5950 = DIRECTION ( 'NONE',  ( 0.9948490747861963301, 0.1013672451882220021, -5.345529420184390343E-50 ) ) ;
#5951 = DIRECTION ( 'NONE',  ( 0.9948490747861963301, 0.1013672451882219744, 3.164135620181696535E-15 ) ) ;
#5952 = LINE ( 'NONE', #3163, #6021 ) ;
#5953 = ORIENTED_EDGE ( 'NONE', *, *, #6904, .F. ) ;
#5954 = FACE_OUTER_BOUND ( 'NONE', #2280, .T. ) ;
#5955 = VERTEX_POINT ( 'NONE', #3768 ) ;
#5956 = CARTESIAN_POINT ( 'NONE',  ( 51.42277814958121951, 83.30465028460689325, 34.41138442089018668 ) ) ;
#5957 = PLANE ( 'NONE',  #3062 ) ;
#5958 = EDGE_CURVE ( 'NONE', #607, #2982, #5448, .T. ) ;
#5959 = EDGE_CURVE ( 'NONE', #10237, #1282, #178, .T. ) ;
#5960 = EDGE_CURVE ( 'NONE', #2669, #2540, #2147, .T. ) ;
#5961 = EDGE_CURVE ( 'NONE', #8422, #607, #4587, .T. ) ;
#5962 = VERTEX_POINT ( 'NONE', #5684 ) ;
#5963 = LINE ( 'NONE', #5737, #9962 ) ;
#5964 = ORIENTED_EDGE ( 'NONE', *, *, #1148, .F. ) ;
#5965 = DIRECTION ( 'NONE',  ( 0.1013672451882219883, -0.9948490747861964412, 1.075499326746823620E-17 ) ) ;
#5966 = ORIENTED_EDGE ( 'NONE', *, *, #1963, .F. ) ;
#5967 = CARTESIAN_POINT ( 'NONE',  ( 3.668183438240737448, 48.33087862859677841, 127.7026006845156445 ) ) ;
#5968 = ORIENTED_EDGE ( 'NONE', *, *, #3510, .T. ) ;
#5969 = DIRECTION ( 'NONE',  ( 0.1013672451882219883, -0.9948490747861964412, 1.075499326746823620E-17 ) ) ;
#5970 = EDGE_LOOP ( 'NONE', ( #9074, #5971, #3767, #5703 ) ) ;
#5971 = ORIENTED_EDGE ( 'NONE', *, *, #3909, .F. ) ;
#5972 = DIRECTION ( 'NONE',  ( 3.148927598275349405E-15, 3.100401161182723417E-16, -1.000000000000000000 ) ) ;
#5973 = ORIENTED_EDGE ( 'NONE', *, *, #507, .F. ) ;
#5974 = CARTESIAN_POINT ( 'NONE',  ( -19.84787390245720928, 103.0579302771824928, 125.9705498769467482 ) ) ;
#5975 = ORIENTED_EDGE ( 'NONE', *, *, #4694, .F. ) ;
#5976 = DIRECTION ( 'NONE',  ( 1.000000000000000000, 0.000000000000000000, 3.480278902931750302E-15 ) ) ;
#5977 = EDGE_CURVE ( 'NONE', #9480, #3859, #9069, .T. ) ;
#5978 = LINE ( 'NONE', #591, #8900 ) ;
#5979 = ORIENTED_EDGE ( 'NONE', *, *, #1351, .F. ) ;
#5980 = DIRECTION ( 'NONE',  ( 0.5019378298181175202, 0.000000000000000000, -0.8649037027308175141 ) ) ;
#5981 = ORIENTED_EDGE ( 'NONE', *, *, #4407, .T. ) ;
#5982 = VERTEX_POINT ( 'NONE', #1162 ) ;
#5983 = ORIENTED_EDGE ( 'NONE', *, *, #3564, .T. ) ;
#5984 = LINE ( 'NONE', #10022, #9030 ) ;
#5985 = VERTEX_POINT ( 'NONE', #1052 ) ;
#5986 = PLANE ( 'NONE',  #6220 ) ;
#5987 = VECTOR ( 'NONE', #5823, 1000.000000000000000 ) ;
#5988 = VECTOR ( 'NONE', #75, 999.9999999999998863 ) ;
#5989 = DIRECTION ( 'NONE',  ( -8.141667445627089781E-17, -3.990033839803785022E-16, -1.000000000000000000 ) ) ;
#5990 = DIRECTION ( 'NONE',  ( -0.9948490747861964412, -0.1013672451882218634, -3.164135620181696535E-15 ) ) ;
#5991 = EDGE_CURVE ( 'NONE', #7514, #10907, #7436, .T. ) ;
#5992 = VECTOR ( 'NONE', #2449, 1000.000000000000000 ) ;
#5993 = ORIENTED_EDGE ( 'NONE', *, *, #6461, .F. ) ;
#5994 = VERTEX_POINT ( 'NONE', #6452 ) ;
#5995 = DIRECTION ( 'NONE',  ( 0.4974245373931009961, 0.05068362259411126475, -0.8660254037844370423 ) ) ;
#5996 = DIRECTION ( 'NONE',  ( 0.1013672451882219883, -0.9948490747861964412, 1.075499326746823620E-17 ) ) ;
#5997 = CARTESIAN_POINT ( 'NONE',  ( -17.28258873793149419, 46.19616079662709041, 123.5388375173121460 ) ) ;
#5998 = ORIENTED_EDGE ( 'NONE', *, *, #460, .T. ) ;
#5999 = DIRECTION ( 'NONE',  ( 1.000000000000000000, 0.000000000000000000, 3.480278902931750302E-15 ) ) ;
#6000 = DIRECTION ( 'NONE',  ( -0.9948490747861964412, -0.1013672451882218634, -3.164135620181696535E-15 ) ) ;
#6001 = EDGE_CURVE ( 'NONE', #2772, #518, #10982, .T. ) ;
#6002 = FACE_OUTER_BOUND ( 'NONE', #7653, .T. ) ;
#6003 = EDGE_CURVE ( 'NONE', #10442, #425, #4760, .T. ) ;
#6004 = FACE_OUTER_BOUND ( 'NONE', #10538, .T. ) ;
#6005 = VERTEX_POINT ( 'NONE', #6387 ) ;
#6006 = VECTOR ( 'NONE', #1458, 1000.000000000000114 ) ;
#6007 = LINE ( 'NONE', #1717, #7852 ) ;
#6008 = LINE ( 'NONE', #9449, #1359 ) ;
#6009 = PLANE ( 'NONE',  #4762 ) ;
#6010 = CARTESIAN_POINT ( 'NONE',  ( -0.6152014920796833319, 6.335970026501112073, 168.0137084989852951 ) ) ;
#6011 = ORIENTED_EDGE ( 'NONE', *, *, #4639, .T. ) ;
#6012 = LINE ( 'NONE', #2585, #2679 ) ;
#6013 = ORIENTED_EDGE ( 'NONE', *, *, #84, .F. ) ;
#6014 = LINE ( 'NONE', #9569, #575 ) ;
#6015 = CARTESIAN_POINT ( 'NONE',  ( -7.872481210539720387, 77.26293275539441652, 88.77148351815341698 ) ) ;
#6016 = VECTOR ( 'NONE', #7864, 1000.000000000000000 ) ;
#6017 = ORIENTED_EDGE ( 'NONE', *, *, #10622, .F. ) ;
#6018 = CARTESIAN_POINT ( 'NONE',  ( -1.516820071779906964, 47.80256781701462643, 118.6754127980427853 ) ) ;
#6019 = ORIENTED_EDGE ( 'NONE', *, *, #7744, .T. ) ;
#6020 = CARTESIAN_POINT ( 'NONE',  ( 6.818417918314320758, 24.08530930432304729, 147.1142135623735783 ) ) ;
#6021 = VECTOR ( 'NONE', #11189, 1000.000000000000114 ) ;
#6022 = ORIENTED_EDGE ( 'NONE', *, *, #9078, .T. ) ;
#6023 = DIRECTION ( 'NONE',  ( -5.997974704630673760E-18, -6.111461405818937402E-19, -1.000000000000000000 ) ) ;
#6024 = ORIENTED_EDGE ( 'NONE', *, *, #10091, .F. ) ;
#6025 = DIRECTION ( 'NONE',  ( 0.1013672451882219883, -0.9948490747861964412, 1.075499326746823620E-17 ) ) ;
#6026 = EDGE_CURVE ( 'NONE', #8856, #10249, #1281, .T. ) ;
#6027 = ORIENTED_EDGE ( 'NONE', *, *, #2738, .F. ) ;
#6028 = EDGE_LOOP ( 'NONE', ( #4792, #434, #11326, #3629 ) ) ;
#6029 = FACE_OUTER_BOUND ( 'NONE', #8319, .T. ) ;
#6030 = EDGE_CURVE ( 'NONE', #1877, #3931, #9997, .T. ) ;
#6031 = ORIENTED_EDGE ( 'NONE', *, *, #7569, .F. ) ;
#6032 = DIRECTION ( 'NONE',  ( -0.9948490747861963301, -0.1013672451882220021, -6.938893903907229918E-18 ) ) ;
#6033 = VECTOR ( 'NONE', #10978, 1000.000000000000000 ) ;
#6034 = AXIS2_PLACEMENT_3D ( 'NONE', #4961, #9270, #3150 ) ;
#6035 = LINE ( 'NONE', #2547, #511 ) ;
#6036 = DIRECTION ( 'NONE',  ( -0.1013672451882220021, 0.9948490747861964412, 2.619264724366641308E-32 ) ) ;
#6037 = ORIENTED_EDGE ( 'NONE', *, *, #1, .T. ) ;
#6038 = FACE_OUTER_BOUND ( 'NONE', #4747, .T. ) ;
#6039 = ORIENTED_EDGE ( 'NONE', *, *, #1791, .T. ) ;
#6040 = EDGE_CURVE ( 'NONE', #10907, #9427, #118, .T. ) ;
#6041 = ORIENTED_EDGE ( 'NONE', *, *, #759, .F. ) ;
#6042 = ADVANCED_FACE ( 'NONE', ( #10813 ), #3657, .T. ) ;
#6043 = ORIENTED_EDGE ( 'NONE', *, *, #9315, .F. ) ;
#6044 = VECTOR ( 'NONE', #4315, 1000.000000000000114 ) ;
#6045 = LINE ( 'NONE', #1640, #4007 ) ;
#6046 = ORIENTED_EDGE ( 'NONE', *, *, #10057, .F. ) ;
#6047 = DIRECTION ( 'NONE',  ( 0.8615645716962891942, 0.08778660944464597438, 0.5000000000000029976 ) ) ;
#6048 = EDGE_CURVE ( 'NONE', #4350, #3480, #7208, .T. ) ;
#6049 = VECTOR ( 'NONE', #3599, 999.9999999999998863 ) ;
#6050 = ADVANCED_FACE ( 'NONE', ( #5569 ), #4703, .F. ) ;
#6051 = FACE_OUTER_BOUND ( 'NONE', #7176, .T. ) ;
#6052 = VECTOR ( 'NONE', #4100, 1000.000000000000114 ) ;
#6053 = CARTESIAN_POINT ( 'NONE',  ( -0.6152014920796884390, 6.335970026501086316, 105.4200000000005844 ) ) ;
#6054 = VECTOR ( 'NONE', #8385, 1000.000000000000114 ) ;
#6055 = VERTEX_POINT ( 'NONE', #9127 ) ;
#6056 = VERTEX_POINT ( 'NONE', #296 ) ;
#6057 = DIRECTION ( 'NONE',  ( -0.1013672451882218634, 0.9948490747861964412, 0.000000000000000000 ) ) ;
#6058 = LINE ( 'NONE', #777, #4711 ) ;
#6059 = CARTESIAN_POINT ( 'NONE',  ( 5.333476226526752129, 72.51713905241859948, 99.31000000000055650 ) ) ;
#6060 = CARTESIAN_POINT ( 'NONE',  ( -8.404855330069507247, 47.10073155200907991, 119.5414382018272477 ) ) ;
#6061 = VECTOR ( 'NONE', #4406, 1000.000000000000000 ) ;
#6062 = VERTEX_POINT ( 'NONE', #2091 ) ;
#6063 = CARTESIAN_POINT ( 'NONE',  ( -6.204399044407451491, 47.32494062802657453, 121.9731505614619067 ) ) ;
#6064 = DIRECTION ( 'NONE',  ( -0.4974245373931009961, -0.05068362259411093862, 0.8660254037844370423 ) ) ;
#6065 = DIRECTION ( 'NONE',  ( 0.1013672451882219883, -0.9948490747861964412, 1.075499326746823620E-17 ) ) ;
#6066 = LINE ( 'NONE', #2576, #2722 ) ;
#6067 = ORIENTED_EDGE ( 'NONE', *, *, #2627, .T. ) ;
#6068 = AXIS2_PLACEMENT_3D ( 'NONE', #3680, #1945, #7232 ) ;
#6069 = LINE ( 'NONE', #2405, #432 ) ;
#6070 = LINE ( 'NONE', #9621, #10444 ) ;
#6071 = EDGE_CURVE ( 'NONE', #7722, #11392, #5621, .T. ) ;
#6072 = DIRECTION ( 'NONE',  ( -0.8615645716962926359, -0.08778660944464630744, 0.4999999999999969469 ) ) ;
#6073 = FACE_OUTER_BOUND ( 'NONE', #10256, .T. ) ;
#6074 = ORIENTED_EDGE ( 'NONE', *, *, #8774, .F. ) ;
#6075 = LINE ( 'NONE', #5200, #5090 ) ;
#6076 = VERTEX_POINT ( 'NONE', #8314 ) ;
#6077 = LINE ( 'NONE', #2588, #8919 ) ;
#6078 = PLANE ( 'NONE',  #10489 ) ;
#6079 = VERTEX_POINT ( 'NONE', #354 ) ;
#6080 = CARTESIAN_POINT ( 'NONE',  ( -9.975291419809025228, 104.0638682777526896, 136.5634247192698467 ) ) ;
#6081 = CARTESIAN_POINT ( 'NONE',  ( -2.874772208397245343, 9.299913550004461626, 156.7000000000005002 ) ) ;
#6082 = ORIENTED_EDGE ( 'NONE', *, *, #8123, .T. ) ;
#6083 = LINE ( 'NONE', #7132, #9372 ) ;
#6084 = ORIENTED_EDGE ( 'NONE', *, *, #9906, .F. ) ;
#6085 = CARTESIAN_POINT ( 'NONE',  ( -0.3629058238467713360, 78.02809903918067391, 122.8391759652463833 ) ) ;
#6086 = EDGE_LOOP ( 'NONE', ( #6528, #9774, #9858, #1179 ) ) ;
#6087 = VERTEX_POINT ( 'NONE', #6786 ) ;
#6088 = LINE ( 'NONE', #2544, #8362 ) ;
#6089 = CARTESIAN_POINT ( 'NONE',  ( -7.872481210540228425, 77.26293275539438810, 142.9925363943893899 ) ) ;
#6090 = DIRECTION ( 'NONE',  ( -0.4974245373930948344, -0.05068362259411087617, -0.8660254037844405950 ) ) ;
#6091 = CARTESIAN_POINT ( 'NONE',  ( 3.668183438240751215, 48.33087862859674289, 140.5608240347547451 ) ) ;
#6092 = EDGE_LOOP ( 'NONE', ( #11396, #10162, #10531, #9998 ) ) ;
#6093 = CARTESIAN_POINT ( 'NONE',  ( -23.04317926290545770, 102.7323539559767624, 133.2656869558507822 ) ) ;
#6094 = ORIENTED_EDGE ( 'NONE', *, *, #6926, .T. ) ;
#6095 = ORIENTED_EDGE ( 'NONE', *, *, #9447, .T. ) ;
#6096 = ORIENTED_EDGE ( 'NONE', *, *, #1330, .F. ) ;
#6097 = EDGE_CURVE ( 'NONE', #9870, #5158, #11036, .T. ) ;
#6098 = DIRECTION ( 'NONE',  ( -8.141667454118532778E-17, -3.990033831470024719E-16, -1.000000000000000000 ) ) ;
#6099 = ORIENTED_EDGE ( 'NONE', *, *, #6714, .F. ) ;
#6100 = CARTESIAN_POINT ( 'NONE',  ( -23.41783902624941049, 67.86274086818583839, 102.2685456442013958 ) ) ;
#6101 = CIRCLE ( 'NONE', #3519, 1.000000000000000000 ) ;
#6102 = CARTESIAN_POINT ( 'NONE',  ( -21.31367800001900292, 75.89338120721100722, 134.9977377634196785 ) ) ;
#6103 = EDGE_CURVE ( 'NONE', #2382, #929, #7543, .T. ) ;
#6104 = EDGE_CURVE ( 'NONE', #5282, #8365, #5963, .T. ) ;
#6105 = FACE_OUTER_BOUND ( 'NONE', #4087, .T. ) ;
#6106 = VECTOR ( 'NONE', #6176, 999.9999999999998863 ) ;
#6107 = DIRECTION ( 'NONE',  ( 0.5019378298181115250, 0.000000000000000000, 0.8649037027308210668 ) ) ;
#6108 = ORIENTED_EDGE ( 'NONE', *, *, #1330, .T. ) ;
#6109 = EDGE_LOOP ( 'NONE', ( #5044, #4279, #8194, #3540 ) ) ;
#6110 = LINE ( 'NONE', #3378, #9162 ) ;
#6111 = DIRECTION ( 'NONE',  ( 0.9948490747861964412, 0.1013672451882218634, 3.497202527569243497E-15 ) ) ;
#6112 = DIRECTION ( 'NONE',  ( -0.4974245373930948344, -0.05068362259411087617, -0.8660254037844405950 ) ) ;
#6113 = CARTESIAN_POINT ( 'NONE',  ( -3.558211184295018814, 77.70252271797498622, 128.4022622365814925 ) ) ;
#6114 = EDGE_LOOP ( 'NONE', ( #5056, #8868, #8874, #8826 ) ) ;
#6115 = CARTESIAN_POINT ( 'NONE',  ( -1.679497440667837571, 70.27587248549252763, 102.2685456442013958 ) ) ;
#6116 = AXIS2_PLACEMENT_3D ( 'NONE', #2318, #10894, #9420 ) ;
#6117 = FACE_OUTER_BOUND ( 'NONE', #5077, .T. ) ;
#6118 = PLANE ( 'NONE',  #122 ) ;
#6119 = CARTESIAN_POINT ( 'NONE',  ( -20.34529843985030695, 103.0072466545883856, 126.8365752807312248 ) ) ;
#6120 = EDGE_CURVE ( 'NONE', #7202, #3501, #11263, .T. ) ;
#6121 = ORIENTED_EDGE ( 'NONE', *, *, #7816, .T. ) ;
#6122 = CIRCLE ( 'NONE', #10582, 1.550000000000000266 ) ;
#6123 = CYLINDRICAL_SURFACE ( 'NONE', #6368, 1.549999999999999378 ) ;
#6124 = DIRECTION ( 'NONE',  ( 0.9948490747861964412, 0.1013672451882221409, 0.000000000000000000 ) ) ;
#6125 = CARTESIAN_POINT ( 'NONE',  ( 8.935349625867793577, 3.309095580308017759, 156.7000000000005002 ) ) ;
#6126 = DIRECTION ( 'NONE',  ( -8.141667454118532778E-17, -3.990033831470024719E-16, -1.000000000000000000 ) ) ;
#6127 = ORIENTED_EDGE ( 'NONE', *, *, #11113, .F. ) ;
#6128 = DIRECTION ( 'NONE',  ( 0.4974245373930950564, 0.05068362259411089699, 0.8660254037844403729 ) ) ;
#6129 = EDGE_LOOP ( 'NONE', ( #4023, #5451, #3660, #9759 ) ) ;
#6130 = CARTESIAN_POINT ( 'NONE',  ( -4.214700894835060829, 47.52767511840301751, 141.4268494385391648 ) ) ;
#6131 = DIRECTION ( 'NONE',  ( 0.1013672451882219883, -0.9948490747861964412, 1.075499326746823620E-17 ) ) ;
#6132 = LINE ( 'NONE', #9629, #1784 ) ;
#6133 =( GEOMETRIC_REPRESENTATION_CONTEXT ( 3 ) GLOBAL_UNCERTAINTY_ASSIGNED_CONTEXT ( ( #5215 ) ) GLOBAL_UNIT_ASSIGNED_CONTEXT ( ( #6174, #4607, #957 ) ) REPRESENTATION_CONTEXT ( 'NONE', 'WORKASPACE' ) );
#6134 = EDGE_CURVE ( 'NONE', #3931, #3491, #11145, .T. ) ;
#6135 = EDGE_CURVE ( 'NONE', #7913, #9302, #4867, .T. ) ;
#6136 = EDGE_CURVE ( 'NONE', #3839, #8, #1332, .T. ) ;
#6137 = EDGE_LOOP ( 'NONE', ( #2180, #11435, #3119, #8273 ) ) ;
#6138 = FACE_OUTER_BOUND ( 'NONE', #3728, .T. ) ;
#6139 = DIRECTION ( 'NONE',  ( 0.4974245373931009961, 0.05068362259411126475, -0.8660254037844370423 ) ) ;
#6140 = ORIENTED_EDGE ( 'NONE', *, *, #8829, .T. ) ;
#6141 = CARTESIAN_POINT ( 'NONE',  ( -17.12352356478456272, 76.32032477360495193, 127.7026006845157156 ) ) ;
#6142 = ORIENTED_EDGE ( 'NONE', *, *, #3401, .F. ) ;
#6143 = PLANE ( 'NONE',  #3254 ) ;
#6144 = EDGE_LOOP ( 'NONE', ( #2726, #2042, #6698, #10800 ) ) ;
#6145 = ORIENTED_EDGE ( 'NONE', *, *, #11474, .T. ) ;
#6146 = CARTESIAN_POINT ( 'NONE',  ( 2.498654777577249853, 11.24205540157077365, 150.0500000000005230 ) ) ;
#6147 = LINE ( 'NONE', #6089, #508 ) ;
#6148 = ADVANCED_FACE ( 'NONE', ( #2251 ), #577, .T. ) ;
#6149 = EDGE_CURVE ( 'NONE', #5326, #1051, #8419, .T. ) ;
#6150 = CARTESIAN_POINT ( 'NONE',  ( 0.6319432509394324882, 78.12946628436890251, 130.8339745962161373 ) ) ;
#6151 = ORIENTED_EDGE ( 'NONE', *, *, #2646, .F. ) ;
#6152 = FACE_BOUND ( 'NONE', #5183, .T. ) ;
#6153 = VERTEX_POINT ( 'NONE', #3995 ) ;
#6154 = ORIENTED_EDGE ( 'NONE', *, *, #8915, .T. ) ;
#6155 = ORIENTED_EDGE ( 'NONE', *, *, #5346, .F. ) ;
#6156 = FACE_OUTER_BOUND ( 'NONE', #2853, .T. ) ;
#6157 = ORIENTED_EDGE ( 'NONE', *, *, #5541, .T. ) ;
#6158 = CARTESIAN_POINT ( 'NONE',  ( -24.03802833769165659, 102.6309867107885481, 120.4074636056117242 ) ) ;
#6159 = ADVANCED_FACE ( 'NONE', ( #10266 ), #464, .T. ) ;
#6160 = DIRECTION ( 'NONE',  ( -0.4974245373930948344, -0.05068362259411087617, -0.8660254037844405950 ) ) ;
#6161 = CYLINDRICAL_SURFACE ( 'NONE', #5701, 1.049999999999992273 ) ;
#6162 = EDGE_CURVE ( 'NONE', #1117, #133, #9295, .T. ) ;
#6163 = CARTESIAN_POINT ( 'NONE',  ( -7.277410596753870031, 104.3387609763642985, 118.6754127980427853 ) ) ;
#6164 = VERTEX_POINT ( 'NONE', #2363 ) ;
#6165 = ORIENTED_EDGE ( 'NONE', *, *, #1709, .F. ) ;
#6166 = VECTOR ( 'NONE', #10483, 1000.000000000000000 ) ;
#6167 = CARTESIAN_POINT ( 'NONE',  ( 4.165607975633832005, 48.38156225119089271, 121.9731505614619067 ) ) ;
#6168 = DIRECTION ( 'NONE',  ( -0.4974245373931011072, -0.05068362259411127169, 0.8660254037844369313 ) ) ;
#6169 = CARTESIAN_POINT ( 'NONE',  ( 54.12065897263637737, 83.57954298321850217, 35.97707137674044731 ) ) ;
#6170 = DIRECTION ( 'NONE',  ( 0.1013672451882219883, -0.9948490747861964412, 1.075499326746823620E-17 ) ) ;
#6171 = EDGE_CURVE ( 'NONE', #9302, #3139, #3290, .T. ) ;
#6172 = EDGE_CURVE ( 'NONE', #5585, #444, #410, .T. ) ;
#6173 = ORIENTED_EDGE ( 'NONE', *, *, #6224, .T. ) ;
#6174 =( LENGTH_UNIT ( ) NAMED_UNIT ( * ) SI_UNIT ( .MILLI., .METRE. ) );
#6175 = ADVANCED_FACE ( 'NONE', ( #11094 ), #5037, .T. ) ;
#6176 = DIRECTION ( 'NONE',  ( 0.1013672451882219883, -0.9948490747861964412, 1.075499326746823620E-17 ) ) ;
#6177 = VECTOR ( 'NONE', #3135, 1000.000000000000114 ) ;
#6178 = FACE_OUTER_BOUND ( 'NONE', #9072, .T. ) ;
#6179 = VECTOR ( 'NONE', #4103, 1000.000000000000114 ) ;
#6180 = DIRECTION ( 'NONE',  ( -0.8615645716962893053, -0.08778660944464596050, -0.5000000000000027756 ) ) ;
#6181 = ORIENTED_EDGE ( 'NONE', *, *, #2265, .T. ) ;
#6182 = DIRECTION ( 'NONE',  ( -0.9948490747861963301, -0.1013672451882219466, 1.214431771098593503E-16 ) ) ;
#6183 = FACE_BOUND ( 'NONE', #1156, .T. ) ;
#6184 = LINE ( 'NONE', #34, #4942 ) ;
#6185 = CARTESIAN_POINT ( 'NONE',  ( 2.097747348501219911, 105.2940153543403881, 118.6754127980428279 ) ) ;
#6186 = VERTEX_POINT ( 'NONE', #3067 ) ;
#6187 = LINE ( 'NONE', #8642, #837 ) ;
#6188 = ORIENTED_EDGE ( 'NONE', *, *, #3663, .F. ) ;
#6189 = CARTESIAN_POINT ( 'NONE',  ( -28.09107868970378519, 45.09486123388565204, 88.77148351815343119 ) ) ;
#6190 = VECTOR ( 'NONE', #8539, 1000.000000000000114 ) ;
#6191 = DIRECTION ( 'NONE',  ( -6.903152180341683286E-18, -7.033765596924228832E-19, 1.000000000000000000 ) ) ;
#6192 = EDGE_CURVE ( 'NONE', #8781, #3425, #10508, .T. ) ;
#6193 = DIRECTION ( 'NONE',  ( 0.1013672451882219883, -0.9948490747861964412, 1.075499326746823620E-17 ) ) ;
#6194 = EDGE_CURVE ( 'NONE', #11264, #10169, #4159, .T. ) ;
#6195 = AXIS2_PLACEMENT_3D ( 'NONE', #9837, #5350, #10530 ) ;
#6196 = DIRECTION ( 'NONE',  ( -1.000000000000000000, 0.000000000000000000, 0.000000000000000000 ) ) ;
#6197 = DIRECTION ( 'NONE',  ( -1.000000000000000000, 0.000000000000000000, 0.000000000000000000 ) ) ;
#6198 = ORIENTED_EDGE ( 'NONE', *, *, #1497, .F. ) ;
#6199 = CARTESIAN_POINT ( 'NONE',  ( -7.872481210540164476, 77.26293275539438810, 137.4294501230542664 ) ) ;
#6200 = ORIENTED_EDGE ( 'NONE', *, *, #5349, .T. ) ;
#6201 = CARTESIAN_POINT ( 'NONE',  ( 2.673334363454543450, 48.22951138340855692, 140.5608240347546882 ) ) ;
#6202 = ORIENTED_EDGE ( 'NONE', *, *, #2701, .F. ) ;
#6203 = VECTOR ( 'NONE', #6273, 999.9999999999998863 ) ;
#6204 = ORIENTED_EDGE ( 'NONE', *, *, #7328, .F. ) ;
#6205 = CARTESIAN_POINT ( 'NONE',  ( -7.872481210540168917, 77.26293275539438810, 125.9705498769467198 ) ) ;
#6206 = ADVANCED_FACE ( 'NONE', ( #6620 ), #4925, .T. ) ;
#6207 = FACE_OUTER_BOUND ( 'NONE', #7400, .T. ) ;
#6208 = VECTOR ( 'NONE', #5128, 1000.000000000000114 ) ;
#6209 = VECTOR ( 'NONE', #3528, 1000.000000000000000 ) ;
#6210 = PLANE ( 'NONE',  #2955 ) ;
#6211 = ORIENTED_EDGE ( 'NONE', *, *, #8681, .T. ) ;
#6212 = DIRECTION ( 'NONE',  ( 0.5019378298181175202, 0.000000000000000000, -0.8649037027308175141 ) ) ;
#6213 = EDGE_CURVE ( 'NONE', #2606, #9507, #2418, .T. ) ;
#6214 = VECTOR ( 'NONE', #4604, 999.9999999999998863 ) ;
#6215 = EDGE_LOOP ( 'NONE', ( #9699, #11213, #4367 ) ) ;
#6216 = ORIENTED_EDGE ( 'NONE', *, *, #11295, .T. ) ;
#6217 = CARTESIAN_POINT ( 'NONE',  ( 2.097747348501219911, 105.2940153543403881, 128.4022622365814641 ) ) ;
#6218 = EDGE_CURVE ( 'NONE', #9302, #6889, #1732, .T. ) ;
#6219 = ORIENTED_EDGE ( 'NONE', *, *, #11091, .F. ) ;
#6220 = AXIS2_PLACEMENT_3D ( 'NONE', #770, #7674, #4301 ) ;
#6221 = PLANE ( 'NONE',  #4911 ) ;
#6222 = VECTOR ( 'NONE', #2889, 1000.000000000000114 ) ;
#6223 = DIRECTION ( 'NONE',  ( 0.1013672451882218634, -0.9948490747861964412, 0.000000000000000000 ) ) ;
#6224 = EDGE_CURVE ( 'NONE', #9149, #7018, #9693, .T. ) ;
#6225 = DIRECTION ( 'NONE',  ( 1.000000000000000000, 0.000000000000000000, 3.480278902931750302E-15 ) ) ;
#6226 = VECTOR ( 'NONE', #5733, 999.9999999999998863 ) ;
#6227 = DIRECTION ( 'NONE',  ( 0.4974245373931012182, 0.05068362259411096638, -0.8660254037844369313 ) ) ;
#6228 = VERTEX_POINT ( 'NONE', #7073 ) ;
#6229 = EDGE_LOOP ( 'NONE', ( #1447, #8344, #1883, #8986 ) ) ;
#6230 = AXIS2_PLACEMENT_3D ( 'NONE', #4151, #3930, #3342 ) ;
#6231 = DIRECTION ( 'NONE',  ( 0.9948490747861963301, 0.1013672451882219744, 3.164135620181696535E-15 ) ) ;
#6232 = CARTESIAN_POINT ( 'NONE',  ( 45.74035010216752539, 82.72565585043062697, 31.11364665747109726 ) ) ;
#6233 = CARTESIAN_POINT ( 'NONE',  ( -4.849163595045250297, 23.31283330457369374, 125.4200000000006128 ) ) ;
#6234 = DIRECTION ( 'NONE',  ( 1.000000000000000000, 0.000000000000000000, 6.903152180341684056E-18 ) ) ;
#6235 = ORIENTED_EDGE ( 'NONE', *, *, #9691, .F. ) ;
#6236 = DIRECTION ( 'NONE',  ( -0.4974245373931011072, -0.05068362259411127169, 0.8660254037844369313 ) ) ;
#6237 = CYLINDRICAL_SURFACE ( 'NONE', #7973, 1.550000000000000266 ) ;
#6238 = AXIS2_PLACEMENT_3D ( 'NONE', #2687, #4488, #9848 ) ;
#6239 = CARTESIAN_POINT ( 'NONE',  ( -2.874772208397245343, 9.299913550004461626, 156.7000000000005002 ) ) ;
#6240 = VECTOR ( 'NONE', #3843, 1000.000000000000000 ) ;
#6241 = PLANE ( 'NONE',  #3654 ) ;
#6242 = ORIENTED_EDGE ( 'NONE', *, *, #11477, .F. ) ;
#6243 = VECTOR ( 'NONE', #7267, 1000.000000000000000 ) ;
#6244 = LINE ( 'NONE', #7235, #1912 ) ;
#6245 = FACE_BOUND ( 'NONE', #10388, .T. ) ;
#6246 = DIRECTION ( 'NONE',  ( -0.1013672451882220160, 0.9948490747861964412, 0.000000000000000000 ) ) ;
#6247 = PLANE ( 'NONE',  #6968 ) ;
#6248 = VECTOR ( 'NONE', #8557, 1000.000000000000114 ) ;
#6249 = EDGE_LOOP ( 'NONE', ( #8522, #284, #4411, #9638 ) ) ;
#6250 = LINE ( 'NONE', #969, #9193 ) ;
#6251 = EDGE_LOOP ( 'NONE', ( #5584, #9185, #6027, #5387 ) ) ;
#6252 = DIRECTION ( 'NONE',  ( 0.8615645716962891942, 0.08778660944464597438, 0.5000000000000029976 ) ) ;
#6253 = LINE ( 'NONE', #9804, #11142 ) ;
#6254 = FACE_BOUND ( 'NONE', #1384, .T. ) ;
#6255 = CARTESIAN_POINT ( 'NONE',  ( -12.22845568534358662, 21.62379458054212833, 114.4876798987525177 ) ) ;
#6256 = EDGE_CURVE ( 'NONE', #7239, #6278, #692, .T. ) ;
#6257 = VECTOR ( 'NONE', #1034, 999.9999999999998863 ) ;
#6258 = EDGE_CURVE ( 'NONE', #3476, #8643, #11437, .T. ) ;
#6259 = PLANE ( 'NONE',  #1617 ) ;
#6260 = DIRECTION ( 'NONE',  ( -0.9948490747861964412, -0.1013672451882218634, -3.164135620181696535E-15 ) ) ;
#6261 = VERTEX_POINT ( 'NONE', #8003 ) ;
#6262 = CARTESIAN_POINT ( 'NONE',  ( -16.12867448999836029, 76.42169201879318052, 135.6973993154854554 ) ) ;
#6263 = ORIENTED_EDGE ( 'NONE', *, *, #7625, .T. ) ;
#6264 = EDGE_CURVE ( 'NONE', #5817, #7962, #2535, .T. ) ;
#6265 = DIRECTION ( 'NONE',  ( 0.5019378298181115250, 0.000000000000000000, 0.8649037027308210668 ) ) ;
#6266 = ORIENTED_EDGE ( 'NONE', *, *, #3470, .T. ) ;
#6267 = ORIENTED_EDGE ( 'NONE', *, *, #5679, .F. ) ;
#6268 = DIRECTION ( 'NONE',  ( 0.1013672451882219883, -0.9948490747861964412, 1.075499326746823620E-17 ) ) ;
#6269 = AXIS2_PLACEMENT_3D ( 'NONE', #5364, #10835, #4489 ) ;
#6270 = CARTESIAN_POINT ( 'NONE',  ( 7.272926804780952992, 19.62462040680164321, 156.7000000000005002 ) ) ;
#6271 = EDGE_CURVE ( 'NONE', #10655, #10998, #10677, .T. ) ;
#6272 = ORIENTED_EDGE ( 'NONE', *, *, #3689, .F. ) ;
#6273 = DIRECTION ( 'NONE',  ( 0.1013672451882219883, -0.9948490747861964412, 1.075499326746823620E-17 ) ) ;
#6274 = VERTEX_POINT ( 'NONE', #8764 ) ;
#6275 = ORIENTED_EDGE ( 'NONE', *, *, #3786, .T. ) ;
#6276 = ORIENTED_EDGE ( 'NONE', *, *, #1432, .F. ) ;
#6277 = CARTESIAN_POINT ( 'NONE',  ( -23.99629577901695043, 48.92252677896862423, 102.7853390348655012 ) ) ;
#6278 = VERTEX_POINT ( 'NONE', #2709 ) ;
#6279 = CARTESIAN_POINT ( 'NONE',  ( -19.84787390245720928, 103.0579302771824928, 137.4294501230543233 ) ) ;
#6280 = CARTESIAN_POINT ( 'NONE',  ( -23.98497856708842946, 48.82057733827888057, 102.5305494492521063 ) ) ;
#6281 = CARTESIAN_POINT ( 'NONE',  ( -21.16982872352011924, 45.80008181468770090, 50.04579744993567658 ) ) ;
#6282 = ADVANCED_FACE ( 'NONE', ( #6138 ), #6259, .T. ) ;
#6283 = CARTESIAN_POINT ( 'NONE',  ( 1.102898273715022581, 105.1926481091521737, 125.2708883248810423 ) ) ;
#6284 = ORIENTED_EDGE ( 'NONE', *, *, #1798, .F. ) ;
#6285 = AXIS2_PLACEMENT_3D ( 'NONE', #5391, #985, #4521 ) ;
#6286 = ORIENTED_EDGE ( 'NONE', *, *, #6820, .T. ) ;
#6287 = CARTESIAN_POINT ( 'NONE',  ( 33.16988679646421900, 81.44482515124882127, 23.81850957856703843 ) ) ;
#6288 = DIRECTION ( 'NONE',  ( 0.1013672451882219883, -0.9948490747861964412, 1.075499326746823620E-17 ) ) ;
#6289 = DIRECTION ( 'NONE',  ( 0.4974245373931012182, 0.05068362259411096638, -0.8660254037844369313 ) ) ;
#6290 = DIRECTION ( 'NONE',  ( 0.9948490747861963301, 0.1013672451882219744, 3.164135620181696535E-15 ) ) ;
#6291 = ORIENTED_EDGE ( 'NONE', *, *, #7221, .T. ) ;
#6292 = CARTESIAN_POINT ( 'NONE',  ( 54.12065897263637737, 83.57954298321850217, 35.97707137674044731 ) ) ;
#6293 = CARTESIAN_POINT ( 'NONE',  ( -17.28258873793147643, 46.19616079662706909, 142.9925363943894183 ) ) ;
#6294 = CYLINDRICAL_SURFACE ( 'NONE', #6238, 1.000000000000000000 ) ;
#6295 = CIRCLE ( 'NONE', #7231, 1.049999999999992273 ) ;
#6296 = DIRECTION ( 'NONE',  ( -0.9948490747861977734, -0.1013672451882081244, 0.000000000000000000 ) ) ;
#6297 = EDGE_CURVE ( 'NONE', #9559, #2427, #45, .T. ) ;
#6298 = EDGE_LOOP ( 'NONE', ( #3910, #7737, #2380, #5821, #594, #1503 ) ) ;
#6299 = ORIENTED_EDGE ( 'NONE', *, *, #10431, .T. ) ;
#6300 = CARTESIAN_POINT ( 'NONE',  ( -18.77486235011079074, 46.04410992884476173, 138.9951370789045200 ) ) ;
#6301 = FACE_BOUND ( 'NONE', #1189, .T. ) ;
#6302 = DIRECTION ( 'NONE',  ( 6.903152180341684826E-18, 7.033765596924220165E-19, -1.000000000000000000 ) ) ;
#6303 = CARTESIAN_POINT ( 'NONE',  ( -28.09107868970375677, 45.09486123388565915, 156.7000000000005002 ) ) ;
#6304 = VECTOR ( 'NONE', #2911, 999.9999999999998863 ) ;
#6305 = ORIENTED_EDGE ( 'NONE', *, *, #7265, .F. ) ;
#6306 = PLANE ( 'NONE',  #3057 ) ;
#6307 = ORIENTED_EDGE ( 'NONE', *, *, #2603, .T. ) ;
#6308 = PLANE ( 'NONE',  #11208 ) ;
#6309 = DIRECTION ( 'NONE',  ( -0.4974245373931009961, -0.05068362259411093862, 0.8660254037844370423 ) ) ;
#6310 = LINE ( 'NONE', #6369, #9631 ) ;
#6311 = CARTESIAN_POINT ( 'NONE',  ( 3.668183438240740557, 48.33087862859677131, 140.5608240347547451 ) ) ;
#6312 = CARTESIAN_POINT ( 'NONE',  ( -11.46756503198831645, 103.9118174099703538, 140.5608240347546882 ) ) ;
#6313 = VECTOR ( 'NONE', #5504, 999.9999999999998863 ) ;
#6314 = VECTOR ( 'NONE', #7299, 1000.000000000000114 ) ;
#6315 = CARTESIAN_POINT ( 'NONE',  ( 0.09436922423786545111, -4.627973497002288994, 156.7000000000005002 ) ) ;
#6316 = DIRECTION ( 'NONE',  ( -0.5019378298181113029, 0.000000000000000000, -0.8649037027308211778 ) ) ;
#6317 = ORIENTED_EDGE ( 'NONE', *, *, #4969, .F. ) ;
#6318 = CARTESIAN_POINT ( 'NONE',  ( -7.872481210540126284, 77.26293275539438810, 125.2708883248809855 ) ) ;
#6319 = ORIENTED_EDGE ( 'NONE', *, *, #234, .T. ) ;
#6320 = CARTESIAN_POINT ( 'NONE',  ( 1.102898273715022581, 105.1926481091521737, 118.6754127980427853 ) ) ;
#6321 = EDGE_LOOP ( 'NONE', ( #11112, #7137, #5973, #1682 ) ) ;
#6322 = CARTESIAN_POINT ( 'NONE',  ( -32.08018026405392220, 74.38000166517882406, 156.2857864376273653 ) ) ;
#6323 = EDGE_CURVE ( 'NONE', #9625, #5811, #7016, .T. ) ;
#6325 = EDGE_CURVE ( 'NONE', #10682, #10664, #4010, .T. ) ;
#6324 = VECTOR ( 'NONE', #9089, 1000.000000000000114 ) ;
#6326 = LINE ( 'NONE', #1046, #9207 ) ;
#6327 = EDGE_CURVE ( 'NONE', #10428, #3299, #10437, .T. ) ;
#6328 = ADVANCED_FACE ( 'NONE', ( #3581 ), #5089, .F. ) ;
#6329 = LINE ( 'NONE', #6618, #6662 ) ;
#6330 = VERTEX_POINT ( 'NONE', #9750 ) ;
#6331 = DIRECTION ( 'NONE',  ( -0.4974245373930948344, -0.05068362259411087617, -0.8660254037844405950 ) ) ;
#6332 = ORIENTED_EDGE ( 'NONE', *, *, #9098, .T. ) ;
#6333 = ORIENTED_EDGE ( 'NONE', *, *, #9445, .T. ) ;
#6334 = VERTEX_POINT ( 'NONE', #6018 ) ;
#6335 = CARTESIAN_POINT ( 'NONE',  ( -24.53545287508475425, 102.5803030881944409, 119.5414382018272477 ) ) ;
#6336 = ORIENTED_EDGE ( 'NONE', *, *, #10854, .F. ) ;
#6337 = CARTESIAN_POINT ( 'NONE',  ( 0.09436922423786545111, -4.627973497002288994, 156.7000000000005002 ) ) ;
#6338 = CARTESIAN_POINT ( 'NONE',  ( -14.08728337748324755, 46.52173711783281362, 135.6973993154853702 ) ) ;
#6339 = EDGE_CURVE ( 'NONE', #5994, #3940, #1620, .T. ) ;
#6340 = CARTESIAN_POINT ( 'NONE',  ( -7.748365619529466564, 77.27557915158104151, 135.6973993154854554 ) ) ;
#6341 = DIRECTION ( 'NONE',  ( 6.903152180341684826E-18, 7.033765596924220165E-19, -1.000000000000000000 ) ) ;
#6342 = LINE ( 'NONE', #1647, #1941 ) ;
#6343 = VECTOR ( 'NONE', #3914, 1000.000000000000114 ) ;
#6344 = ORIENTED_EDGE ( 'NONE', *, *, #8879, .T. ) ;
#6345 = ORIENTED_EDGE ( 'NONE', *, *, #10238, .F. ) ;
#6346 = ORIENTED_EDGE ( 'NONE', *, *, #6544, .T. ) ;
#6347 = CARTESIAN_POINT ( 'NONE',  ( -2.014244609173005518, 47.75188419442051924, 119.5414382018272477 ) ) ;
#6348 = CARTESIAN_POINT ( 'NONE',  ( -4.712125432228136290, 47.47699149580887479, 135.6973993154854270 ) ) ;
#6349 = EDGE_LOOP ( 'NONE', ( #3500, #6553 ) ) ;
#6350 = DIRECTION ( 'NONE',  ( 0.4974245373930950564, 0.05068362259411089699, 0.8660254037844403729 ) ) ;
#6351 = ADVANCED_FACE ( 'NONE', ( #1793 ), #8709, .T. ) ;
#6352 = DIRECTION ( 'NONE',  ( 1.000000000000000000, 0.000000000000000000, 3.480278902931750302E-15 ) ) ;
#6353 = LINE ( 'NONE', #8281, #140 ) ;
#6354 = ORIENTED_EDGE ( 'NONE', *, *, #2742, .T. ) ;
#6355 = EDGE_LOOP ( 'NONE', ( #8810, #7747, #2596, #1364 ) ) ;
#6356 = ORIENTED_EDGE ( 'NONE', *, *, #6642, .F. ) ;
#6357 = CARTESIAN_POINT ( 'NONE',  ( -21.81110253741210059, 75.84269758461690003, 134.1317123596352019 ) ) ;
#6358 = CYLINDRICAL_SURFACE ( 'NONE', #1895, 4.000000000000000000 ) ;
#6359 = DIRECTION ( 'NONE',  ( -3.480278902931750302E-15, -3.438021909835086216E-16, 1.000000000000000000 ) ) ;
#6360 = CARTESIAN_POINT ( 'NONE',  ( 2.673334363454540341, 48.22951138340856403, 135.6973993154853702 ) ) ;
#6361 = ORIENTED_EDGE ( 'NONE', *, *, #784, .T. ) ;
#6362 = CARTESIAN_POINT ( 'NONE',  ( 18.73808730557298219, 78.96916143509196218, 88.77148351815341698 ) ) ;
#6363 = EDGE_LOOP ( 'NONE', ( #6986, #2433, #11095 ) ) ;
#6364 = LINE ( 'NONE', #7415, #2302 ) ;
#6365 = ORIENTED_EDGE ( 'NONE', *, *, #3335, .F. ) ;
#6366 = EDGE_CURVE ( 'NONE', #8525, #9700, #6955, .T. ) ;
#6367 = LINE ( 'NONE', #6432, #5754 ) ;
#6368 = AXIS2_PLACEMENT_3D ( 'NONE', #4383, #10371, #4321 ) ;
#6369 = CARTESIAN_POINT ( 'NONE',  ( -15.65771946722276020, 103.4848738435764233, 142.9925363943893615 ) ) ;
#6370 = CARTESIAN_POINT ( 'NONE',  ( 4.822097686173871800, 78.55640985076284721, 120.4074636056116674 ) ) ;
#6371 = VECTOR ( 'NONE', #735, 1000.000000000000000 ) ;
#6372 = LINE ( 'NONE', #6488, #9228 ) ;
#6373 = VECTOR ( 'NONE', #1881, 999.9999999999998863 ) ;
#6374 = ADVANCED_FACE ( 'NONE', ( #8881 ), #10497, .T. ) ;
#6375 = PLANE ( 'NONE',  #8668 ) ;
#6376 = FACE_OUTER_BOUND ( 'NONE', #7160, .T. ) ;
#6377 = ORIENTED_EDGE ( 'NONE', *, *, #1515, .F. ) ;
#6378 = CARTESIAN_POINT ( 'NONE',  ( -11.22845568534358662, 21.65765634640197845, 156.7000000000005002 ) ) ;
#6379 = ORIENTED_EDGE ( 'NONE', *, *, #11232, .F. ) ;
#6380 = LINE ( 'NONE', #8188, #3077 ) ;
#6381 = ORIENTED_EDGE ( 'NONE', *, *, #7495, .T. ) ;
#6382 = DIRECTION ( 'NONE',  ( 0.1013672451882219883, -0.9948490747861964412, 1.075499326746823620E-17 ) ) ;
#6383 = VECTOR ( 'NONE', #10090, 1000.000000000000114 ) ;
#6384 = FACE_OUTER_BOUND ( 'NONE', #252, .T. ) ;
#6385 = DIRECTION ( 'NONE',  ( -0.4974245373931009961, -0.05068362259411093862, 0.8660254037844370423 ) ) ;
#6386 = EDGE_LOOP ( 'NONE', ( #5101, #1387, #10138, #3026, #3929, #4342 ) ) ;
#6387 = CARTESIAN_POINT ( 'NONE',  ( -16.12867448999836029, 76.42169201879318052, 137.4294501230542664 ) ) ;
#6388 = EDGE_CURVE ( 'NONE', #2563, #4866, #10918, .T. ) ;
#6389 = ORIENTED_EDGE ( 'NONE', *, *, #4096, .F. ) ;
#6390 = VECTOR ( 'NONE', #4829, 999.9999999999998863 ) ;
#6391 = ORIENTED_EDGE ( 'NONE', *, *, #10129, .F. ) ;
#6392 = VERTEX_POINT ( 'NONE', #103 ) ;
#6393 = CARTESIAN_POINT ( 'NONE',  ( -23.98497856709050780, 48.82057733829765311, 102.5305494492717600 ) ) ;
#6394 = ORIENTED_EDGE ( 'NONE', *, *, #7884, .T. ) ;
#6395 = DIRECTION ( 'NONE',  ( 0.8615645716962927469, 0.08778660944464633520, -0.4999999999999967248 ) ) ;
#6396 = DIRECTION ( 'NONE',  ( 0.1013672451882219883, -0.9948490747861964412, 1.075499326746823620E-17 ) ) ;
#6397 = VECTOR ( 'NONE', #722, 1000.000000000000000 ) ;
#6398 = VECTOR ( 'NONE', #10488, 999.9999999999998863 ) ;
#6399 = FACE_OUTER_BOUND ( 'NONE', #1694, .T. ) ;
#6400 = DIRECTION ( 'NONE',  ( -0.4974245373931011072, -0.05068362259411127169, 0.8660254037844369313 ) ) ;
#6401 = EDGE_CURVE ( 'NONE', #7761, #8525, #7305, .T. ) ;
#6402 = EDGE_CURVE ( 'NONE', #1641, #5798, #10325, .T. ) ;
#6403 = CARTESIAN_POINT ( 'NONE',  ( -13.76525201278253618, 46.55454956459605853, 115.4200000000005844 ) ) ;
#6404 = ORIENTED_EDGE ( 'NONE', *, *, #1808, .T. ) ;
#6405 = VECTOR ( 'NONE', #5345, 1000.000000000000114 ) ;
#6406 = ORIENTED_EDGE ( 'NONE', *, *, #8382, .F. ) ;
#6407 = EDGE_CURVE ( 'NONE', #10231, #3940, #9166, .T. ) ;
#6408 = ORIENTED_EDGE ( 'NONE', *, *, #10311, .F. ) ;
#6409 = CARTESIAN_POINT ( 'NONE',  ( -8.743214694315662783, 77.17421190639281292, 130.8339745962160521 ) ) ;
#6410 = AXIS2_PLACEMENT_3D ( 'NONE', #7601, #11148, #8064 ) ;
#6411 = CARTESIAN_POINT ( 'NONE',  ( -0.5219709969936994209, 47.90393506220281239, 123.5388375173121460 ) ) ;
#6412 = EDGE_CURVE ( 'NONE', #2910, #9988, #6440, .T. ) ;
#6413 = CARTESIAN_POINT ( 'NONE',  ( -0.6152014920796888831, 2.335970026501086760, 150.0500000000005230 ) ) ;
#6414 = CARTESIAN_POINT ( 'NONE',  ( -1.324772208397245299, 9.299913550004461626, 156.7000000000005002 ) ) ;
#6415 = FACE_BOUND ( 'NONE', #8623, .T. ) ;
#6416 = VECTOR ( 'NONE', #8529, 1000.000000000000000 ) ;
#6417 = CARTESIAN_POINT ( 'NONE',  ( -19.48391276254852045, 92.81411148929623778, 146.7000000000005002 ) ) ;
#6418 = VECTOR ( 'NONE', #5329, 999.9999999999998863 ) ;
#6419 = ORIENTED_EDGE ( 'NONE', *, *, #3128, .F. ) ;
#6420 = ADVANCED_FACE ( 'NONE', ( #1965 ), #3873, .T. ) ;
#6421 = ORIENTED_EDGE ( 'NONE', *, *, #1645, .F. ) ;
#6422 = LINE ( 'NONE', #1136, #9704 ) ;
#6423 = FACE_BOUND ( 'NONE', #1627, .T. ) ;
#6424 = DIRECTION ( 'NONE',  ( 0.9948490747861963301, 0.1013672451882219744, 3.164135620181696535E-15 ) ) ;
#6425 = LINE ( 'NONE', #5422, #105 ) ;
#6426 = EDGE_LOOP ( 'NONE', ( #7209, #11386, #1164, #7472 ) ) ;
#6427 = CARTESIAN_POINT ( 'NONE',  ( -12.32467200531800522, 22.55113817599995230, 125.4200000000005844 ) ) ;
#6428 = AXIS2_PLACEMENT_3D ( 'NONE', #7055, #10596, #2629 ) ;
#6429 = EDGE_CURVE ( 'NONE', #4830, #1782, #2768, .T. ) ;
#6430 = ORIENTED_EDGE ( 'NONE', *, *, #4405, .T. ) ;
#6431 = CARTESIAN_POINT ( 'NONE',  ( -7.872481210540212437, 77.26293275539438810, 138.1291116751200718 ) ) ;
#6432 = CARTESIAN_POINT ( 'NONE',  ( 54.12065897263639158, 83.57954298321850217, 35.97707137674045441 ) ) ;
#6433 = CARTESIAN_POINT ( 'NONE',  ( -0.02454645960061480059, 47.95461868479695511, 124.4048629210965657 ) ) ;
#6434 = CIRCLE ( 'NONE', #7538, 1.550000000000000266 ) ;
#6435 = CARTESIAN_POINT ( 'NONE',  ( -7.774835134146968585, 104.2880773537701913, 124.4048629210965657 ) ) ;
#6436 = PLANE ( 'NONE',  #7736 ) ;
#6437 = VECTOR ( 'NONE', #7651, 999.9999999999998863 ) ;
#6438 = EDGE_CURVE ( 'NONE', #9013, #1734, #1903, .T. ) ;
#6439 = VECTOR ( 'NONE', #1526, 999.9999999999998863 ) ;
#6440 = LINE ( 'NONE', #279, #7178 ) ;
#6441 = LINE ( 'NONE', #3754, #2283 ) ;
#6442 = ORIENTED_EDGE ( 'NONE', *, *, #648, .F. ) ;
#6443 = DIRECTION ( 'NONE',  ( 0.5019378298181115250, 0.000000000000000000, 0.8649037027308210668 ) ) ;
#6444 = ORIENTED_EDGE ( 'NONE', *, *, #1917, .F. ) ;
#6445 = CARTESIAN_POINT ( 'NONE',  ( -18.27743781271769308, 46.09479355143887602, 138.1291116751200434 ) ) ;
#6446 = ORIENTED_EDGE ( 'NONE', *, *, #3872, .T. ) ;
#6447 = DIRECTION ( 'NONE',  ( 0.000000000000000000, 1.000000000000000000, 0.000000000000000000 ) ) ;
#6448 = DIRECTION ( 'NONE',  ( 0.000000000000000000, 1.000000000000000000, 0.000000000000000000 ) ) ;
#6449 = VECTOR ( 'NONE', #4174, 1000.000000000000114 ) ;
#6450 = DIRECTION ( 'NONE',  ( 0.8615645716962927469, 0.08778660944464633520, -0.4999999999999967248 ) ) ;
#6451 = VERTEX_POINT ( 'NONE', #4572 ) ;
#6452 = CARTESIAN_POINT ( 'NONE',  ( -3.558211184295017038, 77.70252271797498622, 142.9925363943894467 ) ) ;
#6453 = ORIENTED_EDGE ( 'NONE', *, *, #1268, .T. ) ;
#6454 = ORIENTED_EDGE ( 'NONE', *, *, #11167, .F. ) ;
#6455 = VECTOR ( 'NONE', #2981, 1000.000000000000000 ) ;
#6456 = ORIENTED_EDGE ( 'NONE', *, *, #5124, .T. ) ;
#6457 = DIRECTION ( 'NONE',  ( 0.4974245373931012182, 0.05068362259411096638, -0.8660254037844369313 ) ) ;
#6458 = VERTEX_POINT ( 'NONE', #10855 ) ;
#6459 = CARTESIAN_POINT ( 'NONE',  ( 1.129367788332495737, 78.18014990696300970, 126.8365752807312248 ) ) ;
#6460 = LINE ( 'NONE', #6338, #9371 ) ;
#6461 = EDGE_CURVE ( 'NONE', #8365, #7513, #5435, .T. ) ;
#6462 = CARTESIAN_POINT ( 'NONE',  ( 0.6054737363219240276, 105.1419644865580665, 129.2682876403658838 ) ) ;
#6463 = PLANE ( 'NONE',  #10527 ) ;
#6464 = LINE ( 'NONE', #3848, #1755 ) ;
#6465 = ORIENTED_EDGE ( 'NONE', *, *, #5111, .F. ) ;
#6466 = ORIENTED_EDGE ( 'NONE', *, *, #4147, .F. ) ;
#6467 = VERTEX_POINT ( 'NONE', #8183 ) ;
#6468 = PLANE ( 'NONE',  #2675 ) ;
#6469 = ADVANCED_FACE ( 'NONE', ( #2884 ), #7195, .F. ) ;
#6470 = CARTESIAN_POINT ( 'NONE',  ( -4.712125432228155830, 47.47699149580890321, 135.6973993154854270 ) ) ;
#6471 = ADVANCED_FACE ( 'NONE', ( #6490 ), #5555, .T. ) ;
#6472 = CARTESIAN_POINT ( 'NONE',  ( -2.014244609173005518, 47.75188419442051924, 134.1317123596352019 ) ) ;
#6473 = ORIENTED_EDGE ( 'NONE', *, *, #6952, .F. ) ;
#6474 = ORIENTED_EDGE ( 'NONE', *, *, #2416, .T. ) ;
#6475 = CARTESIAN_POINT ( 'NONE',  ( -10.47271595720211934, 104.0131846551585681, 140.5608240347547451 ) ) ;
#6476 = FACE_BOUND ( 'NONE', #2494, .T. ) ;
#6477 = CARTESIAN_POINT ( 'NONE',  ( 53.51785536719845027, 83.51812206780385850, 35.62724060070753751 ) ) ;
#6478 = DIRECTION ( 'NONE',  ( 0.1013672451882218772, -0.9948490747861963301, -7.228985060042743360E-11 ) ) ;
#6479 = ORIENTED_EDGE ( 'NONE', *, *, #9096, .T. ) ;
#6480 = LINE ( 'NONE', #5424, #7882 ) ;
#6481 = VERTEX_POINT ( 'NONE', #3700 ) ;
#6482 = DIRECTION ( 'NONE',  ( 0.1013672451882219883, -0.9948490747861964412, 1.075499326746823620E-17 ) ) ;
#6483 = LINE ( 'NONE', #2074, #6314 ) ;
#6484 = VECTOR ( 'NONE', #9589, 999.9999999999998863 ) ;
#6485 = DIRECTION ( 'NONE',  ( -5.089571141214401552E-24, 4.995060417686127567E-23, 1.000000000000000000 ) ) ;
#6486 = CARTESIAN_POINT ( 'NONE',  ( -3.060786646901965558, 77.75320634056907920, 124.4048629210965657 ) ) ;
#6487 = ADVANCED_FACE ( 'NONE', ( #7251, #4745 ), #1150, .F. ) ;
#6488 = CARTESIAN_POINT ( 'NONE',  ( -8.902279867462603136, 47.05004792941496561, 138.1291116751201002 ) ) ;
#6489 = VECTOR ( 'NONE', #2237, 999.9999999999998863 ) ;
#6490 = FACE_OUTER_BOUND ( 'NONE', #6144, .T. ) ;
#6491 = DIRECTION ( 'NONE',  ( -0.8615645716962893053, -0.08778660944464596050, -0.5000000000000027756 ) ) ;
#6492 = ORIENTED_EDGE ( 'NONE', *, *, #2975, .F. ) ;
#6493 = LINE ( 'NONE', #9867, #1583 ) ;
#6494 = ORIENTED_EDGE ( 'NONE', *, *, #8235, .F. ) ;
#6495 = DIRECTION ( 'NONE',  ( 0.9948490747861964412, 0.1013672451882218634, 3.497202527569243497E-15 ) ) ;
#6496 = VERTEX_POINT ( 'NONE', #2824 ) ;
#6497 = DIRECTION ( 'NONE',  ( 0.1013672451882219883, -0.9948490747861964412, 1.075499326746823620E-17 ) ) ;
#6498 = ADVANCED_FACE ( 'NONE', ( #5497 ), #6375, .T. ) ;
#6499 = EDGE_CURVE ( 'NONE', #4373, #359, #8239, .T. ) ;
#6500 = CARTESIAN_POINT ( 'NONE',  ( 7.278077729994752332, 19.52325316161342172, 113.3500000000005059 ) ) ;
#6501 = AXIS2_PLACEMENT_3D ( 'NONE', #3535, #6964, #4232 ) ;
#6502 = ADVANCED_FACE ( 'NONE', ( #2999 ), #7367, .T. ) ;
#6503 = CARTESIAN_POINT ( 'NONE',  ( 4.822097686173870912, 78.55640985076284721, 128.4022622365814641 ) ) ;
#6504 = ORIENTED_EDGE ( 'NONE', *, *, #1497, .T. ) ;
#6505 = CARTESIAN_POINT ( 'NONE',  ( -0.5219709969937098570, 47.90393506220284081, 120.4074636056116674 ) ) ;
#6506 = ORIENTED_EDGE ( 'NONE', *, *, #2804, .T. ) ;
#6507 = VERTEX_POINT ( 'NONE', #7899 ) ;
#6508 = CARTESIAN_POINT ( 'NONE',  ( -21.50525920027731175, 49.09209886454792127, 103.5933265536103818 ) ) ;
#6509 = ORIENTED_EDGE ( 'NONE', *, *, #54, .T. ) ;
#6510 = VECTOR ( 'NONE', #6720, 1000.000000000000114 ) ;
#6511 = LINE ( 'NONE', #7388, #2516 ) ;
#6512 = ORIENTED_EDGE ( 'NONE', *, *, #4457, .F. ) ;
#6513 = CARTESIAN_POINT ( 'NONE',  ( 7.858337873475182533, 48.75782219499071601, 123.5388375173121460 ) ) ;
#6514 = LINE ( 'NONE', #10060, #8821 ) ;
#6515 = ADVANCED_FACE ( 'NONE', ( #7839 ), #3416, .T. ) ;
#6516 = EDGE_CURVE ( 'NONE', #9490, #3489, #8012, .T. ) ;
#6517 = DIRECTION ( 'NONE',  ( 3.148927598275349405E-15, 3.100401161182723417E-16, -1.000000000000000000 ) ) ;
#6518 = CIRCLE ( 'NONE', #3158, 4.000000000000000000 ) ;
#6519 = PLANE ( 'NONE',  #146 ) ;
#6520 = CARTESIAN_POINT ( 'NONE',  ( 9.173379730795227616, 54.26394529075889039, 87.77148351815341698 ) ) ;
#6521 = VERTEX_POINT ( 'NONE', #6909 ) ;
#6522 = EDGE_LOOP ( 'NONE', ( #361, #2923, #6859, #1896 ) ) ;
#6523 = ORIENTED_EDGE ( 'NONE', *, *, #4479, .F. ) ;
#6524 = DIRECTION ( 'NONE',  ( -0.4974245373930948344, -0.05068362259411087617, -0.8660254037844405950 ) ) ;
#6525 = EDGE_CURVE ( 'NONE', #10922, #237, #10567, .T. ) ;
#6526 = CARTESIAN_POINT ( 'NONE',  ( -17.28258873793147998, 46.19616079662706909, 133.2656869558507822 ) ) ;
#6527 = CARTESIAN_POINT ( 'NONE',  ( -12.22845568534358662, 21.65765634640197845, 147.5986327548122858 ) ) ;
#6528 = ORIENTED_EDGE ( 'NONE', *, *, #4614, .T. ) ;
#6529 = ORIENTED_EDGE ( 'NONE', *, *, #3141, .T. ) ;
#6530 = LINE ( 'NONE', #10300, #984 ) ;
#6531 = EDGE_CURVE ( 'NONE', #1557, #4056, #9819, .T. ) ;
#6532 = DIRECTION ( 'NONE',  ( 0.9948490747861964412, 0.1013672451882219744, 0.000000000000000000 ) ) ;
#6533 = PLANE ( 'NONE',  #8099 ) ;
#6534 = DIRECTION ( 'NONE',  ( -0.1103303747129771861, 0.9938949685030576964, 7.339711233620393583E-16 ) ) ;
#6535 = ADVANCED_FACE ( 'NONE', ( #6207 ), #3537, .T. ) ;
#6536 = ORIENTED_EDGE ( 'NONE', *, *, #817, .F. ) ;
#6537 = DIRECTION ( 'NONE',  ( -0.4974245373930948344, -0.05068362259411087617, -0.8660254037844405950 ) ) ;
#6538 = ORIENTED_EDGE ( 'NONE', *, *, #2328, .T. ) ;
#6539 = CARTESIAN_POINT ( 'NONE',  ( -74.01293564308616624, 70.52374403697979233, 38.38392188198106680 ) ) ;
#6540 = DIRECTION ( 'NONE',  ( -0.8615645716962893053, -0.08778660944464596050, -0.5000000000000027756 ) ) ;
#6541 = CARTESIAN_POINT ( 'NONE',  ( -21.81110253741210769, 75.84269758461690003, 124.4048629210965657 ) ) ;
#6542 = DIRECTION ( 'NONE',  ( -0.4974245373931011072, -0.05068362259411127169, 0.8660254037844369313 ) ) ;
#6543 = DIRECTION ( 'NONE',  ( -0.8615645716962893053, -0.08778660944464596050, -0.5000000000000027756 ) ) ;
#6544 = EDGE_CURVE ( 'NONE', #6087, #10513, #6147, .T. ) ;
#6545 = DIRECTION ( 'NONE',  ( -0.8615645716962893053, -0.08778660944464596050, -0.5000000000000027756 ) ) ;
#6546 = CARTESIAN_POINT ( 'NONE',  ( -23.47622474546622584, 68.43575613199931240, 87.77148351815341698 ) ) ;
#6547 = ORIENTED_EDGE ( 'NONE', *, *, #10917, .T. ) ;
#6548 = LINE ( 'NONE', #1041, #7339 ) ;
#6549 = ORIENTED_EDGE ( 'NONE', *, *, #4234, .T. ) ;
#6550 = EDGE_CURVE ( 'NONE', #9468, #6906, #9703, .T. ) ;
#6551 = VECTOR ( 'NONE', #7458, 999.9999999999998863 ) ;
#6552 = LINE ( 'NONE', #5672, #5293 ) ;
#6553 = ORIENTED_EDGE ( 'NONE', *, *, #6705, .T. ) ;
#6554 = LINE ( 'NONE', #3221, #1868 ) ;
#6555 = ADVANCED_FACE ( 'NONE', ( #1743 ), #2487, .F. ) ;
#6556 = AXIS2_PLACEMENT_3D ( 'NONE', #4267, #3516, #10372 ) ;
#6557 = CARTESIAN_POINT ( 'NONE',  ( -19.84787390245720928, 103.0579302771824928, 135.6973993154853702 ) ) ;
#6558 = VECTOR ( 'NONE', #10469, 999.9999999999998863 ) ;
#6559 = DIRECTION ( 'NONE',  ( -0.4974245373931011072, -0.05068362259411127169, 0.8660254037844369313 ) ) ;
#6560 = EDGE_CURVE ( 'NONE', #264, #1333, #1805, .T. ) ;
#6561 = ORIENTED_EDGE ( 'NONE', *, *, #587, .F. ) ;
#6562 = CARTESIAN_POINT ( 'NONE',  ( 6.863488798688985426, 48.65645494980250163, 128.4022622365814073 ) ) ;
#6563 = ORIENTED_EDGE ( 'NONE', *, *, #2764, .F. ) ;
#6564 = ORIENTED_EDGE ( 'NONE', *, *, #6366, .T. ) ;
#6565 = CARTESIAN_POINT ( 'NONE',  ( 43.04246927911236753, 82.45076315181903226, 29.54795970162082952 ) ) ;
#6566 = VERTEX_POINT ( 'NONE', #8942 ) ;
#6567 = DIRECTION ( 'NONE',  ( 0.5019378298181175202, 0.000000000000000000, -0.8649037027308175141 ) ) ;
#6568 = EDGE_CURVE ( 'NONE', #7487, #6228, #11331, .T. ) ;
#6569 = ORIENTED_EDGE ( 'NONE', *, *, #4349, .F. ) ;
#6570 = CARTESIAN_POINT ( 'NONE',  ( -7.446238957635513245, 94.04065515607371140, 146.7000000000005002 ) ) ;
#6571 = CARTESIAN_POINT ( 'NONE',  ( 7.858337873475194968, 48.75782219499068049, 142.9925363943894183 ) ) ;
#6572 = VECTOR ( 'NONE', #7912, 1000.000000000000114 ) ;
#6573 = CARTESIAN_POINT ( 'NONE',  ( -23.96398171578956848, 48.63143028874683438, 87.77148351815341698 ) ) ;
#6574 = CARTESIAN_POINT ( 'NONE',  ( -74.01293564308620887, 70.52374403697977812, 38.38392188198109523 ) ) ;
#6575 = EDGE_CURVE ( 'NONE', #6676, #10237, #5161, .T. ) ;
#6576 = AXIS2_PLACEMENT_3D ( 'NONE', #2702, #9803, #5375 ) ;
#6577 = CARTESIAN_POINT ( 'NONE',  ( -23.04317926290545770, 102.7323539559767624, 139.8611624826889397 ) ) ;
#6578 = ADVANCED_FACE ( 'NONE', ( #10865 ), #9932, .T. ) ;
#6579 = EDGE_LOOP ( 'NONE', ( #2173, #5687, #7270, #6202 ) ) ;
#6580 = VERTEX_POINT ( 'NONE', #10099 ) ;
#6581 = LINE ( 'NONE', #1468, #6953 ) ;
#6582 = ADVANCED_FACE ( 'NONE', ( #5445 ), #4695, .T. ) ;
#6583 = FACE_OUTER_BOUND ( 'NONE', #10011, .T. ) ;
#6584 = DIRECTION ( 'NONE',  ( 0.1013672451882219883, -0.9948490747861964412, 1.075499326746823620E-17 ) ) ;
#6585 = VECTOR ( 'NONE', #5235, 1000.000000000000114 ) ;
#6586 = AXIS2_PLACEMENT_3D ( 'NONE', #1100, #1906, #10921 ) ;
#6587 = EDGE_LOOP ( 'NONE', ( #6815, #2727, #4240, #10446 ) ) ;
#6588 = ORIENTED_EDGE ( 'NONE', *, *, #5945, .T. ) ;
#6589 = CARTESIAN_POINT ( 'NONE',  ( -8.404855330069507247, 47.10073155200907991, 129.2682876403658838 ) ) ;
#6590 = FACE_BOUND ( 'NONE', #2676, .T. ) ;
#6591 = DIRECTION ( 'NONE',  ( 0.9948490747861964412, 0.1013672451882218634, 3.497202527569243497E-15 ) ) ;
#6592 = CARTESIAN_POINT ( 'NONE',  ( -71.91785842546892127, 70.73721582017675757, 37.16806570216373018 ) ) ;
#6593 = VERTEX_POINT ( 'NONE', #6500 ) ;
#6594 =( BOUNDED_SURFACE ( )  B_SPLINE_SURFACE ( 3, 1, ( 
 ( #360, #2789 ),
 ( #3890, #6277 ),
 ( #7212, #6393 ),
 ( #7324, #3774 ) ),
 .UNSPECIFIED., .F., .F., .F. ) 
 B_SPLINE_SURFACE_WITH_KNOTS ( ( 4, 4 ),
 ( 2, 2 ),
 ( 0.000000000000000000, 1.000000000000000000 ),
 ( 0.000000000000000000, 1.000000000000000000 ),
 .UNSPECIFIED. ) 
 GEOMETRIC_REPRESENTATION_ITEM ( )  RATIONAL_B_SPLINE_SURFACE ( (
 ( 1.000000000000000000, 1.000000000000000000),
 ( 0.9517674948595253870, 0.9517674948595253870),
 ( 0.9517674948595253870, 0.9517674948595253870),
 ( 1.000000000000000000, 1.000000000000000000) ) ) 
 REPRESENTATION_ITEM ( '' )  SURFACE ( )  );
#6595 = ORIENTED_EDGE ( 'NONE', *, *, #6366, .F. ) ;
#6596 = DIRECTION ( 'NONE',  ( -0.8615645716962926359, -0.08778660944464630744, 0.4999999999999969469 ) ) ;
#6597 = CARTESIAN_POINT ( 'NONE',  ( 43.04246927911236043, 82.45076315181903226, 29.54795970162082597 ) ) ;
#6598 = VECTOR ( 'NONE', #9290, 1000.000000000000114 ) ;
#6599 = VECTOR ( 'NONE', #10137, 1000.000000000000114 ) ;
#6600 = LINE ( 'NONE', #3921, #3827 ) ;
#6601 = DIRECTION ( 'NONE',  ( 0.1013672451882219883, -0.9948490747861964412, 1.075499326746823620E-17 ) ) ;
#6602 = CIRCLE ( 'NONE', #11240, 1.000000000000000888 ) ;
#6603 = CARTESIAN_POINT ( 'NONE',  ( -59.95019872520346382, 71.95662560394393381, 30.22275939929266286 ) ) ;
#6604 = EDGE_CURVE ( 'NONE', #5417, #535, #2883, .T. ) ;
#6605 = DIRECTION ( 'NONE',  ( 0.5019378298181175202, 0.000000000000000000, -0.8649037027308175141 ) ) ;
#6606 = DIRECTION ( 'NONE',  ( 0.1013672451882219883, -0.9948490747861964412, 1.075499326746823620E-17 ) ) ;
#6607 = DIRECTION ( 'NONE',  ( 0.5019378298181115250, 0.000000000000000000, 0.8649037027308210668 ) ) ;
#6608 = EDGE_LOOP ( 'NONE', ( #6200, #7457, #331, #8780 ) ) ;
#6610 = VECTOR ( 'NONE', #347, 1000.000000000000114 ) ;
#6609 = DIRECTION ( 'NONE',  ( -0.9948490747861964412, -0.1013672451882218634, 0.000000000000000000 ) ) ;
#6611 = EDGE_LOOP ( 'NONE', ( #4588, #7307, #3397, #11271 ) ) ;
#6612 = DIRECTION ( 'NONE',  ( 0.000000000000000000, 1.000000000000000000, -8.382542101835442458E-34 ) ) ;
#6613 = EDGE_CURVE ( 'NONE', #6974, #7913, #10808, .T. ) ;
#6614 = LINE ( 'NONE', #9456, #3991 ) ;
#6615 = EDGE_CURVE ( 'NONE', #3371, #5479, #3881, .T. ) ;
#6616 = AXIS2_PLACEMENT_3D ( 'NONE', #1774, #5303, #906 ) ;
#6617 = VECTOR ( 'NONE', #5457, 999.9999999999998863 ) ;
#6618 = CARTESIAN_POINT ( 'NONE',  ( 56.21573619025359392, 83.79301476641545321, 37.19292755655779104 ) ) ;
#6619 = VERTEX_POINT ( 'NONE', #10750 ) ;
#6620 = FACE_OUTER_BOUND ( 'NONE', #2486, .T. ) ;
#6621 = EDGE_LOOP ( 'NONE', ( #7888, #4344, #7837 ) ) ;
#6622 = DIRECTION ( 'NONE',  ( 0.8615645716962891942, 0.08778660944464597438, 0.5000000000000029976 ) ) ;
#6623 = ORIENTED_EDGE ( 'NONE', *, *, #2184, .F. ) ;
#6624 = VECTOR ( 'NONE', #3816, 1000.000000000000000 ) ;
#6625 = CARTESIAN_POINT ( 'NONE',  ( 1.102898273715026134, 105.1926481091521595, 138.1291116751200434 ) ) ;
#6626 = CARTESIAN_POINT ( 'NONE',  ( -11.46756503198831645, 103.9118174099703538, 127.7026006845156871 ) ) ;
#6627 = ORIENTED_EDGE ( 'NONE', *, *, #1368, .F. ) ;
#6628 = FACE_BOUND ( 'NONE', #263, .T. ) ;
#6629 = FACE_OUTER_BOUND ( 'NONE', #8384, .T. ) ;
#6630 = AXIS2_PLACEMENT_3D ( 'NONE', #10310, #3208, #1369 ) ;
#6631 = CARTESIAN_POINT ( 'NONE',  ( -26.02645714701915125, 67.21093714787647855, 103.3682705404664119 ) ) ;
#6632 = EDGE_CURVE ( 'NONE', #7989, #1948, #7261, .T. ) ;
#6633 = DIRECTION ( 'NONE',  ( -6.903152180341682515E-18, -7.033765596924227869E-19, 1.000000000000000000 ) ) ;
#6634 = VECTOR ( 'NONE', #2736, 1000.000000000000114 ) ;
#6635 = CARTESIAN_POINT ( 'NONE',  ( -23.41791026570337664, 67.86344003392457580, 102.2567958587810324 ) ) ;
#6636 = ORIENTED_EDGE ( 'NONE', *, *, #248, .T. ) ;
#6637 = VERTEX_POINT ( 'NONE', #1975 ) ;
#6638 = CARTESIAN_POINT ( 'NONE',  ( -23.04317926290545770, 102.7323539559767624, 128.4022622365814641 ) ) ;
#6639 = CIRCLE ( 'NONE', #3668, 1.049999999999992273 ) ;
#6640 = ORIENTED_EDGE ( 'NONE', *, *, #9735, .F. ) ;
#6641 = EDGE_CURVE ( 'NONE', #6467, #1117, #4520, .T. ) ;
#6642 = EDGE_CURVE ( 'NONE', #8545, #5955, #291, .T. ) ;
#6643 = CARTESIAN_POINT ( 'NONE',  ( 0.6076415727037688397, 73.20161992211562563, 105.4200000000005559 ) ) ;
#6644 = PLANE ( 'NONE',  #1075 ) ;
#6645 = ORIENTED_EDGE ( 'NONE', *, *, #4825, .T. ) ;
#6646 = ORIENTED_EDGE ( 'NONE', *, *, #10598, .T. ) ;
#6647 = DIRECTION ( 'NONE',  ( 0.9948490747861964412, 0.1013672451882218634, 3.497202527569243497E-15 ) ) ;
#6648 = CARTESIAN_POINT ( 'NONE',  ( -13.09243430269705044, 46.62310436302102801, 122.8391759652463264 ) ) ;
#6649 = CARTESIAN_POINT ( 'NONE',  ( -14.08728337748324755, 46.52173711783281362, 130.8339745962160805 ) ) ;
#6650 = CARTESIAN_POINT ( 'NONE',  ( -6.282561521967672924, 104.4401282215525129, 139.8611624826889397 ) ) ;
#6651 = ORIENTED_EDGE ( 'NONE', *, *, #10129, .T. ) ;
#6652 = DIRECTION ( 'NONE',  ( 0.9948490747861965522, 0.1013672451882214887, -1.214431771098591778E-16 ) ) ;
#6653 = FACE_OUTER_BOUND ( 'NONE', #10890, .T. ) ;
#6654 = ADVANCED_FACE ( 'NONE', ( #3826 ), #2088, .F. ) ;
#6655 = LINE ( 'NONE', #1429, #7357 ) ;
#6656 = EDGE_CURVE ( 'NONE', #10664, #7602, #5507, .T. ) ;
#6657 = CARTESIAN_POINT ( 'NONE',  ( 51.42277814958123372, 83.30465028460689325, 34.41138442089019378 ) ) ;
#6658 = CARTESIAN_POINT ( 'NONE',  ( -7.872481210540221319, 77.26293275539438810, 140.5608240347546882 ) ) ;
#6659 = PLANE ( 'NONE',  #10837 ) ;
#6660 = CARTESIAN_POINT ( 'NONE',  ( -13.43079366694320420, 76.69658471740476102, 119.5414382018272477 ) ) ;
#6661 = CARTESIAN_POINT ( 'NONE',  ( 0.4226985389608229893, 51.33854890261005011, 102.3324986633018909 ) ) ;
#6662 = VECTOR ( 'NONE', #10161, 1000.000000000000000 ) ;
#6663 = ORIENTED_EDGE ( 'NONE', *, *, #10638, .F. ) ;
#6664 = DIRECTION ( 'NONE',  ( 0.1013672451882218634, -0.9948490747861964412, 0.000000000000000000 ) ) ;
#6665 = ORIENTED_EDGE ( 'NONE', *, *, #3456, .T. ) ;
#6666 = PLANE ( 'NONE',  #4461 ) ;
#6667 = DIRECTION ( 'NONE',  ( 1.000000000000000000, 0.000000000000000000, 0.000000000000000000 ) ) ;
#6668 = VECTOR ( 'NONE', #4851, 1000.000000000000114 ) ;
#6669 = DIRECTION ( 'NONE',  ( -8.141667454118532778E-17, -3.990033831470024719E-16, -1.000000000000000000 ) ) ;
#6670 = ORIENTED_EDGE ( 'NONE', *, *, #2677, .T. ) ;
#6671 = DIRECTION ( 'NONE',  ( 0.4974245373931012182, 0.05068362259411096638, -0.8660254037844369313 ) ) ;
#6672 = ORIENTED_EDGE ( 'NONE', *, *, #7061, .T. ) ;
#6673 = ORIENTED_EDGE ( 'NONE', *, *, #2248, .F. ) ;
#6674 = CARTESIAN_POINT ( 'NONE',  ( 15.27677340746749302, 79.56149309352986165, 156.6401444569466435 ) ) ;
#6675 = EDGE_CURVE ( 'NONE', #9996, #3382, #6326, .T. ) ;
#6676 = VERTEX_POINT ( 'NONE', #9124 ) ;
#6677 = EDGE_CURVE ( 'NONE', #8221, #9607, #9993, .T. ) ;
#6678 = DIRECTION ( 'NONE',  ( -6.903152180341684056E-18, -7.033765596924220165E-19, 1.000000000000000000 ) ) ;
#6679 = FACE_OUTER_BOUND ( 'NONE', #1044, .T. ) ;
#6680 = ORIENTED_EDGE ( 'NONE', *, *, #10289, .F. ) ;
#6681 = PLANE ( 'NONE',  #9280 ) ;
#6682 = CARTESIAN_POINT ( 'NONE',  ( -7.872481210540170693, 77.26293275539438810, 139.8611624826889397 ) ) ;
#6684 = ADVANCED_FACE ( 'NONE', ( #6384 ), #8191, .T. ) ;
#6683 = VECTOR ( 'NONE', #7898, 1000.000000000000000 ) ;
#6685 = PRODUCT ( 'gello_teleop_flexiv_l6', 'gello_teleop_flexiv_l6', '', ( #1942 ) ) ;
#6686 = CARTESIAN_POINT ( 'NONE',  ( 59.80308702005009280, 84.15853741739476845, 39.27480914015956159 ) ) ;
#6687 = CARTESIAN_POINT ( 'NONE',  ( -14.66287039243656487, 103.5862410887646377, 144.7245872019582293 ) ) ;
#6688 = VECTOR ( 'NONE', #6309, 999.9999999999998863 ) ;
#6689 = CARTESIAN_POINT ( 'NONE',  ( -0.5219709969937098570, 47.90393506220284081, 125.2708883248809855 ) ) ;
#6690 = EDGE_LOOP ( 'NONE', ( #4455, #8171, #886, #9249 ) ) ;
#6691 = ORIENTED_EDGE ( 'NONE', *, *, #1368, .T. ) ;
#6692 = ORIENTED_EDGE ( 'NONE', *, *, #8969, .F. ) ;
#6693 = LINE ( 'NONE', #5641, #4536 ) ;
#6694 = EDGE_CURVE ( 'NONE', #4281, #5928, #9177, .T. ) ;
#6695 = EDGE_CURVE ( 'NONE', #1225, #3247, #1587, .T. ) ;
#6696 = CARTESIAN_POINT ( 'NONE',  ( -6.282561521967669371, 104.4401282215525129, 144.7245872019582293 ) ) ;
#6697 = CARTESIAN_POINT ( 'NONE',  ( -17.12352356478455562, 76.32032477360495193, 135.6973993154853702 ) ) ;
#6698 = ORIENTED_EDGE ( 'NONE', *, *, #7461, .F. ) ;
#6699 = EDGE_LOOP ( 'NONE', ( #8612, #1276, #3755, #3598 ) ) ;
#6700 = EDGE_CURVE ( 'NONE', #3295, #7355, #10926, .T. ) ;
#6701 = CARTESIAN_POINT ( 'NONE',  ( -11.46756503198831645, 103.9118174099703538, 135.6973993154853702 ) ) ;
#6702 = CARTESIAN_POINT ( 'NONE',  ( 5.319522223566935715, 78.60709347335694019, 124.4048629210965657 ) ) ;
#6703 = DIRECTION ( 'NONE',  ( 0.08666870560954238745, -0.8505931223490443838, -0.5186326982368835159 ) ) ;
#6704 = ORIENTED_EDGE ( 'NONE', *, *, #5124, .F. ) ;
#6705 = EDGE_CURVE ( 'NONE', #1244, #7955, #8280, .T. ) ;
#6706 = CARTESIAN_POINT ( 'NONE',  ( 10.70998192154906015, 49.04838214899450577, 105.4200000000005701 ) ) ;
#6707 = CARTESIAN_POINT ( 'NONE',  ( -1.516820071779906964, 47.80256781701462643, 118.6754127980427853 ) ) ;
#6708 = CARTESIAN_POINT ( 'NONE',  ( 14.73710580834817740, 78.56149309352981902, 88.77148351815341698 ) ) ;
#6709 = FACE_OUTER_BOUND ( 'NONE', #9235, .T. ) ;
#6710 = EDGE_LOOP ( 'NONE', ( #2960, #2314, #4135, #9481 ) ) ;
#6711 = EDGE_CURVE ( 'NONE', #3041, #8781, #5906, .T. ) ;
#6712 = FACE_OUTER_BOUND ( 'NONE', #2655, .T. ) ;
#6713 = FACE_OUTER_BOUND ( 'NONE', #9657, .T. ) ;
#6714 = EDGE_CURVE ( 'NONE', #1474, #1431, #6837, .T. ) ;
#6715 = ORIENTED_EDGE ( 'NONE', *, *, #939, .T. ) ;
#6716 = DIRECTION ( 'NONE',  ( 0.4974245373931012182, 0.05068362259411096638, -0.8660254037844369313 ) ) ;
#6717 = EDGE_LOOP ( 'NONE', ( #1749, #7035, #10457, #6442 ) ) ;
#6718 = PLANE ( 'NONE',  #6230 ) ;
#6719 = EDGE_LOOP ( 'NONE', ( #6157, #8724, #3887 ) ) ;
#6720 = DIRECTION ( 'NONE',  ( -0.9938949685030576964, -0.1103303747129771861, -6.514758705377155282E-13 ) ) ;
#6721 = CARTESIAN_POINT ( 'NONE',  ( -4.536181878598656070, 40.81766796097798533, 115.4200000000005844 ) ) ;
#6722 = EDGE_CURVE ( 'NONE', #2453, #8643, #2196, .T. ) ;
#6723 = ORIENTED_EDGE ( 'NONE', *, *, #3934, .F. ) ;
#6724 = CARTESIAN_POINT ( 'NONE',  ( -7.872481210540117402, 77.26293275539438810, 122.8391759652463548 ) ) ;
#6725 = EDGE_LOOP ( 'NONE', ( #4355, #9816, #11237, #5438 ) ) ;
#6726 = VERTEX_POINT ( 'NONE', #2360 ) ;
#6727 = CARTESIAN_POINT ( 'NONE',  ( -7.872481210540155594, 77.26293275539438810, 134.9977377634196216 ) ) ;
#6728 = ORIENTED_EDGE ( 'NONE', *, *, #3451, .F. ) ;
#6729 = DIRECTION ( 'NONE',  ( 0.4974245373931012182, 0.05068362259411096638, -0.8660254037844369313 ) ) ;
#6730 = CARTESIAN_POINT ( 'NONE',  ( -17.62094810217765328, 76.26964115101083053, 121.9731505614619067 ) ) ;
#6731 = ORIENTED_EDGE ( 'NONE', *, *, #11371, .T. ) ;
#6732 = CARTESIAN_POINT ( 'NONE',  ( -15.63124995260528571, 76.47237564138727350, 131.7000000000005286 ) ) ;
#6733 = FACE_OUTER_BOUND ( 'NONE', #4620, .T. ) ;
#6734 = VECTOR ( 'NONE', #7562, 999.9999999999998863 ) ;
#6735 = EDGE_CURVE ( 'NONE', #10108, #4222, #1381, .T. ) ;
#6736 = VECTOR ( 'NONE', #6647, 999.9999999999998863 ) ;
#6737 = CARTESIAN_POINT ( 'NONE',  ( 9.173379730924553499, 54.26394528948965501, 105.4200000000005701 ) ) ;
#6738 = CARTESIAN_POINT ( 'NONE',  ( -17.28258873793149419, 46.19616079662709041, 120.4074636056116674 ) ) ;
#6739 = VECTOR ( 'NONE', #11133, 1000.000000000000114 ) ;
#6740 = CARTESIAN_POINT ( 'NONE',  ( -12.93336912955011186, 76.74726833999886821, 120.4074636056117242 ) ) ;
#6741 = ORIENTED_EDGE ( 'NONE', *, *, #2630, .T. ) ;
#6742 = ORIENTED_EDGE ( 'NONE', *, *, #9485, .T. ) ;
#6743 = ORIENTED_EDGE ( 'NONE', *, *, #5411, .T. ) ;
#6744 = VECTOR ( 'NONE', #3296, 1000.000000000000000 ) ;
#6745 = LINE ( 'NONE', #10287, #5646 ) ;
#6746 = ORIENTED_EDGE ( 'NONE', *, *, #9458, .F. ) ;
#6747 = VECTOR ( 'NONE', #10665, 999.9999999999998863 ) ;
#6748 = LINE ( 'NONE', #10292, #6054 ) ;
#6749 = EDGE_CURVE ( 'NONE', #11171, #6186, #7542, .T. ) ;
#6750 = EDGE_CURVE ( 'NONE', #9593, #9310, #1328, .T. ) ;
#6751 = CARTESIAN_POINT ( 'NONE',  ( -14.16544585504347076, 103.6369247113587591, 134.1317123596352019 ) ) ;
#6752 = EDGE_CURVE ( 'NONE', #5674, #3687, #6614, .T. ) ;
#6753 = EDGE_LOOP ( 'NONE', ( #443, #1025, #7910, #10303 ) ) ;
#6754 = EDGE_CURVE ( 'NONE', #5739, #1474, #10157, .T. ) ;
#6755 = ORIENTED_EDGE ( 'NONE', *, *, #2140, .T. ) ;
#6756 = DIRECTION ( 'NONE',  ( 0.1013672451882362963, -0.9948490747861948869, 0.000000000000000000 ) ) ;
#6757 = CARTESIAN_POINT ( 'NONE',  ( -2.874772208397244899, 9.299913550004461626, 113.3500000000005059 ) ) ;
#6758 = VECTOR ( 'NONE', #9914, 999.9999999999998863 ) ;
#6759 = DIRECTION ( 'NONE',  ( -0.5019378298181174092, 0.000000000000000000, 0.8649037027308177361 ) ) ;
#6760 = ORIENTED_EDGE ( 'NONE', *, *, #10101, .T. ) ;
#6761 = CARTESIAN_POINT ( 'NONE',  ( -27.14792257786031371, 75.29891787041073314, 156.7000000000005002 ) ) ;
#6762 = DIRECTION ( 'NONE',  ( 0.8615645716962891942, 0.08778660944464597438, 0.5000000000000029976 ) ) ;
#6763 = AXIS2_PLACEMENT_3D ( 'NONE', #4484, #10774, #2801 ) ;
#6764 = DIRECTION ( 'NONE',  ( 0.1013672451882219883, -0.9948490747861964412, 1.075499326746823620E-17 ) ) ;
#6765 = VECTOR ( 'NONE', #2595, 999.9999999999998863 ) ;
#6766 = FACE_OUTER_BOUND ( 'NONE', #9976, .T. ) ;
#6767 = ADVANCED_FACE ( 'NONE', ( #10381 ), #5957, .T. ) ;
#6768 = ORIENTED_EDGE ( 'NONE', *, *, #880, .F. ) ;
#6769 = VECTOR ( 'NONE', #7020, 999.9999999999998863 ) ;
#6770 = CARTESIAN_POINT ( 'NONE',  ( 57.70800980243287626, 83.94506563419778900, 38.05895296034221786 ) ) ;
#6771 = EDGE_CURVE ( 'NONE', #2223, #2666, #11141, .T. ) ;
#6772 = CARTESIAN_POINT ( 'NONE',  ( -11.96498956938141234, 103.8611337873762466, 131.7000000000005002 ) ) ;
#6773 = VECTOR ( 'NONE', #9191, 1000.000000000000114 ) ;
#6774 = DIRECTION ( 'NONE',  ( 0.5019378298181115250, 0.000000000000000000, 0.8649037027308210668 ) ) ;
#6775 = CARTESIAN_POINT ( 'NONE',  ( -11.46756503198831467, 103.9118174099703538, 130.8339745962160521 ) ) ;
#6776 = EDGE_LOOP ( 'NONE', ( #5330, #2843, #5528, #809 ) ) ;
#6777 = LINE ( 'NONE', #11085, #4369 ) ;
#6778 = VERTEX_POINT ( 'NONE', #10210 ) ;
#6779 = DIRECTION ( 'NONE',  ( -0.4974245373931011072, -0.05068362259411127169, 0.8660254037844369313 ) ) ;
#6780 = CIRCLE ( 'NONE', #5093, 1.550000000000000044 ) ;
#6781 = DIRECTION ( 'NONE',  ( -0.9948490747861963301, -0.1013672451882219605, -3.497202527569243497E-15 ) ) ;
#6782 = EDGE_CURVE ( 'NONE', #2937, #251, #11258, .T. ) ;
#6783 = AXIS2_PLACEMENT_3D ( 'NONE', #3008, #8582, #6667 ) ;
#6784 = VECTOR ( 'NONE', #5902, 1000.000000000000114 ) ;
#6785 = ORIENTED_EDGE ( 'NONE', *, *, #10635, .T. ) ;
#6786 = CARTESIAN_POINT ( 'NONE',  ( -12.93336912955011009, 76.74726833999888242, 142.9925363943893615 ) ) ;
#6787 = ORIENTED_EDGE ( 'NONE', *, *, #1584, .F. ) ;
#6788 = ORIENTED_EDGE ( 'NONE', *, *, #8248, .F. ) ;
#6789 = DIRECTION ( 'NONE',  ( 0.000000000000000000, -1.000000000000000000, 0.000000000000000000 ) ) ;
#6790 = ORIENTED_EDGE ( 'NONE', *, *, #546, .T. ) ;
#6791 = CARTESIAN_POINT ( 'NONE',  ( -10.39455347964189791, 46.89799706163263693, 143.8585617981738380 ) ) ;
#6792 = FACE_OUTER_BOUND ( 'NONE', #10132, .T. ) ;
#6793 = ORIENTED_EDGE ( 'NONE', *, *, #1798, .T. ) ;
#6794 = DIRECTION ( 'NONE',  ( -0.8615645716962893053, -0.08778660944464596050, -0.5000000000000027756 ) ) ;
#6795 = CARTESIAN_POINT ( 'NONE',  ( -10.16575261002717312, 1.362844472694154874, 114.4200000000005701 ) ) ;
#6796 = VECTOR ( 'NONE', #10015, 999.9999999999998863 ) ;
#6797 = VERTEX_POINT ( 'NONE', #1445 ) ;
#6798 = DIRECTION ( 'NONE',  ( -0.9948490747861964412, -0.1013672451882218634, -3.164135620181696535E-15 ) ) ;
#6799 = DIRECTION ( 'NONE',  ( -0.5019378298181174092, 0.000000000000000000, 0.8649037027308177361 ) ) ;
#6800 = VECTOR ( 'NONE', #6606, 999.9999999999998863 ) ;
#6801 = VECTOR ( 'NONE', #1224, 999.9999999999998863 ) ;
#6802 = CARTESIAN_POINT ( 'NONE',  ( -67.72770399023447396, 71.16415938657070228, 34.73635334252907114 ) ) ;
#6803 = ORIENTED_EDGE ( 'NONE', *, *, #2046, .T. ) ;
#6804 = ORIENTED_EDGE ( 'NONE', *, *, #6297, .F. ) ;
#6805 = VECTOR ( 'NONE', #7155, 1000.000000000000114 ) ;
#6806 = EDGE_LOOP ( 'NONE', ( #1167, #10812, #9311, #10058 ) ) ;
#6807 = ORIENTED_EDGE ( 'NONE', *, *, #3538, .F. ) ;
#6808 = FACE_OUTER_BOUND ( 'NONE', #2790, .T. ) ;
#6809 = ADVANCED_FACE ( 'NONE', ( #5035 ), #3061, .T. ) ;
#6810 = VERTEX_POINT ( 'NONE', #11033 ) ;
#6811 = CARTESIAN_POINT ( 'NONE',  ( -28.19244593489200312, 46.08971030867185448, 156.7000000000005002 ) ) ;
#6812 = VECTOR ( 'NONE', #3792, 999.9999999999998863 ) ;
#6813 = DIRECTION ( 'NONE',  ( 0.1013672451882219883, -0.9948490747861964412, 1.075499326746823620E-17 ) ) ;
#6814 = ORIENTED_EDGE ( 'NONE', *, *, #1017, .T. ) ;
#6815 = ORIENTED_EDGE ( 'NONE', *, *, #2020, .T. ) ;
#6816 = CARTESIAN_POINT ( 'NONE',  ( -4.266394499549815755, 23.37221286202454706, 125.4200000000005844 ) ) ;
#6817 = DIRECTION ( 'NONE',  ( -0.9948490747861964412, -0.1013672451882218634, 0.000000000000000000 ) ) ;
#6818 = DIRECTION ( 'NONE',  ( -0.8615645716962926359, -0.08778660944464630744, 0.4999999999999969469 ) ) ;
#6819 = VECTOR ( 'NONE', #3194, 999.9999999999998863 ) ;
#6820 = EDGE_CURVE ( 'NONE', #746, #3664, #4519, .T. ) ;
#6821 = VERTEX_POINT ( 'NONE', #2303 ) ;
#6822 = LINE ( 'NONE', #11414, #5392 ) ;
#6823 = EDGE_CURVE ( 'NONE', #5757, #9338, #3990, .T. ) ;
#6824 = CARTESIAN_POINT ( 'NONE',  ( 56.21573619025360813, 83.79301476641545321, 37.19292755655779814 ) ) ;
#6825 = CARTESIAN_POINT ( 'NONE',  ( -1.516820071779906964, 47.80256781701462643, 120.4074636056117242 ) ) ;
#6826 = CARTESIAN_POINT ( 'NONE',  ( -12.93336912955010831, 76.74726833999886821, 125.2708883248810423 ) ) ;
#6827 = ORIENTED_EDGE ( 'NONE', *, *, #2235, .F. ) ;
#6828 = DIRECTION ( 'NONE',  ( 0.1013672451882219883, -0.9948490747861964412, 1.075499326746823620E-17 ) ) ;
#6829 = CARTESIAN_POINT ( 'NONE',  ( -15.63124995260530703, 76.47237564138728771, 136.5634247192698467 ) ) ;
#6830 = SPHERICAL_SURFACE ( 'NONE', #7730, 1.000000000000000000 ) ;
#6831 = PLANE ( 'NONE',  #8447 ) ;
#6832 = ORIENTED_EDGE ( 'NONE', *, *, #6722, .T. ) ;
#6833 = CARTESIAN_POINT ( 'NONE',  ( 2.673334363454540341, 48.22951138340856403, 127.7026006845156871 ) ) ;
#6834 = ORIENTED_EDGE ( 'NONE', *, *, #2962, .F. ) ;
#6835 = DIRECTION ( 'NONE',  ( -0.4974245373930951675, -0.05068362259411070270, -0.8660254037844403729 ) ) ;
#6836 = ADVANCED_FACE ( 'NONE', ( #520 ), #3168, .F. ) ;
#6837 = LINE ( 'NONE', #4810, #3815 ) ;
#6838 = VECTOR ( 'NONE', #7484, 1000.000000000000114 ) ;
#6839 = ORIENTED_EDGE ( 'NONE', *, *, #648, .T. ) ;
#6840 = DIRECTION ( 'NONE',  ( -0.4974245373930951675, -0.05068362259411070270, -0.8660254037844403729 ) ) ;
#6841 = DIRECTION ( 'NONE',  ( -0.4974245373931009961, -0.05068362259411093862, 0.8660254037844370423 ) ) ;
#6842 = VERTEX_POINT ( 'NONE', #4097 ) ;
#6843 = CARTESIAN_POINT ( 'NONE',  ( -29.18729500967821977, 45.98834306348362588, 87.77148351815341698 ) ) ;
#6844 = ORIENTED_EDGE ( 'NONE', *, *, #8026, .F. ) ;
#6845 = FACE_OUTER_BOUND ( 'NONE', #6621, .T. ) ;
#6846 = ORIENTED_EDGE ( 'NONE', *, *, #7785, .T. ) ;
#6847 = EDGE_LOOP ( 'NONE', ( #11119, #5770, #9811, #10337 ) ) ;
#6848 = CARTESIAN_POINT ( 'NONE',  ( -70.42558481328966025, 70.88926668795907915, 36.30204029837933888 ) ) ;
#6849 = ORIENTED_EDGE ( 'NONE', *, *, #7969, .F. ) ;
#6850 = EDGE_CURVE ( 'NONE', #3940, #4578, #7647, .T. ) ;
#6851 = AXIS2_PLACEMENT_3D ( 'NONE', #5104, #5052, #8600 ) ;
#6852 = LINE ( 'NONE', #11214, #8301 ) ;
#6853 = CARTESIAN_POINT ( 'NONE',  ( -18.35560029027791984, 103.2099811449648286, 126.8365752807312248 ) ) ;
#6854 = EDGE_LOOP ( 'NONE', ( #6856, #739, #10574, #4119, #3962, #6538 ) ) ;
#6855 = PLANE ( 'NONE',  #5239 ) ;
#6856 = ORIENTED_EDGE ( 'NONE', *, *, #9756, .T. ) ;
#6857 = ORIENTED_EDGE ( 'NONE', *, *, #9524, .T. ) ;
#6858 = VECTOR ( 'NONE', #10778, 1000.000000000000000 ) ;
#6859 = ORIENTED_EDGE ( 'NONE', *, *, #8819, .F. ) ;
#6860 = LINE ( 'NONE', #10136, #7541 ) ;
#6861 = ADVANCED_FACE ( 'NONE', ( #6951 ), #5320, .T. ) ;
#6862 = ORIENTED_EDGE ( 'NONE', *, *, #6641, .T. ) ;
#6863 = DIRECTION ( 'NONE',  ( 0.9948490747861964412, 0.1013672451882218634, 3.497202527569243497E-15 ) ) ;
#6864 = EDGE_CURVE ( 'NONE', #11348, #5109, #11492, .T. ) ;
#6865 = DIRECTION ( 'NONE',  ( -0.9948490747861963301, -0.1013672451882219605, -3.497202527569243497E-15 ) ) ;
#6866 = VECTOR ( 'NONE', #477, 1000.000000000000000 ) ;
#6867 = AXIS2_PLACEMENT_3D ( 'NONE', #5548, #7243, #8176 ) ;
#6868 = CARTESIAN_POINT ( 'NONE',  ( -10.47271595720211934, 104.0131846551585681, 121.1071251576774870 ) ) ;
#6869 = ORIENTED_EDGE ( 'NONE', *, *, #11020, .T. ) ;
#6870 = ORIENTED_EDGE ( 'NONE', *, *, #5335, .T. ) ;
#6871 = DIRECTION ( 'NONE',  ( -0.8615645716962926359, -0.08778660944464630744, 0.4999999999999969469 ) ) ;
#6872 = DIRECTION ( 'NONE',  ( 0.4974245373931009961, 0.05068362259411126475, -0.8660254037844370423 ) ) ;
#6873 = LINE ( 'NONE', #10472, #6585 ) ;
#6874 = VECTOR ( 'NONE', #8799, 999.9999999999998863 ) ;
#6875 = ORIENTED_EDGE ( 'NONE', *, *, #1645, .T. ) ;
#6876 = LINE ( 'NONE', #8566, #955 ) ;
#6877 = DIRECTION ( 'NONE',  ( -0.1013672451882220160, 0.9948490747861964412, 0.000000000000000000 ) ) ;
#6878 = DIRECTION ( 'NONE',  ( 0.1013672451882219883, -0.9948490747861964412, 1.075499326746823620E-17 ) ) ;
#6879 = DIRECTION ( 'NONE',  ( 0.9948490747861964412, 0.1013672451882218634, 3.497202527569243497E-15 ) ) ;
#6880 = EDGE_CURVE ( 'NONE', #896, #11146, #7014, .T. ) ;
#6881 = ORIENTED_EDGE ( 'NONE', *, *, #6271, .T. ) ;
#6882 = ADVANCED_FACE ( 'NONE', ( #42 ), #4219, .T. ) ;
#6883 = CARTESIAN_POINT ( 'NONE',  ( 45.74035010216751118, 82.72565585043062697, 31.11364665747108660 ) ) ;
#6884 = FACE_OUTER_BOUND ( 'NONE', #8898, .T. ) ;
#6885 = DIRECTION ( 'NONE',  ( 0.5019378298181175202, 0.000000000000000000, -0.8649037027308175141 ) ) ;
#6886 = DIRECTION ( 'NONE',  ( -0.9948490747861964412, -0.1013672451882219050, 0.000000000000000000 ) ) ;
#6887 = EDGE_LOOP ( 'NONE', ( #3727, #4705, #3772, #2759, #2799, #2362 ) ) ;
#6888 = CARTESIAN_POINT ( 'NONE',  ( -14.58470791487634521, 46.47105349523869933, 121.9731505614619067 ) ) ;
#6889 = VERTEX_POINT ( 'NONE', #1727 ) ;
#6890 = CARTESIAN_POINT ( 'NONE',  ( -7.277410596753866479, 104.3387609763642985, 142.9925363943893615 ) ) ;
#6891 = DIRECTION ( 'NONE',  ( -0.4974245373931009961, -0.05068362259411093862, 0.8660254037844370423 ) ) ;
#6892 =( BOUNDED_CURVE ( )  B_SPLINE_CURVE ( 3, ( #3835, #6674, #3174, #10387 ),
 .UNSPECIFIED., .F., .F. ) 
 B_SPLINE_CURVE_WITH_KNOTS ( ( 4, 4 ),
 ( 3.243134303201659741, 4.712388980384689674 ),
 .UNSPECIFIED. ) 
 CURVE ( )  GEOMETRIC_REPRESENTATION_ITEM ( )  RATIONAL_B_SPLINE_CURVE ( ( 1.000000000000000000, 0.8280537358926918223, 0.8280537358926918223, 1.000000000000000000 ) ) 
 REPRESENTATION_ITEM ( '' )  );
#6893 = ADVANCED_FACE ( 'NONE', ( #7947 ), #10493, .T. ) ;
#6894 = ADVANCED_FACE ( 'NONE', ( #2531 ), #6078, .T. ) ;
#6895 = CIRCLE ( 'NONE', #9873, 1.000000000000000888 ) ;
#6896 = EDGE_CURVE ( 'NONE', #896, #6005, #3577, .T. ) ;
#6897 = ORIENTED_EDGE ( 'NONE', *, *, #6103, .T. ) ;
#6898 = DIRECTION ( 'NONE',  ( 0.1013672451882219883, -0.9948490747861964412, 1.075499326746823620E-17 ) ) ;
#6899 = ORIENTED_EDGE ( 'NONE', *, *, #537, .T. ) ;
#6900 = DIRECTION ( 'NONE',  ( 7.327943828065814241E-12, -7.191747867590729583E-11, 1.000000000000000000 ) ) ;
#6901 = ORIENTED_EDGE ( 'NONE', *, *, #7970, .T. ) ;
#6902 = DIRECTION ( 'NONE',  ( -5.089571141214401552E-24, 4.995060417686127567E-23, 1.000000000000000000 ) ) ;
#6903 = ORIENTED_EDGE ( 'NONE', *, *, #3298, .F. ) ;
#6904 = EDGE_CURVE ( 'NONE', #4892, #4399, #6132, .T. ) ;
#6905 = CARTESIAN_POINT ( 'NONE',  ( -11.46756503198831645, 103.9118174099703538, 137.4294501230543233 ) ) ;
#6906 = VERTEX_POINT ( 'NONE', #2706 ) ;
#6907 = EDGE_LOOP ( 'NONE', ( #5291, #6041, #3010, #6536 ) ) ;
#6908 = FACE_OUTER_BOUND ( 'NONE', #2683, .T. ) ;
#6909 = CARTESIAN_POINT ( 'NONE',  ( -12.59500976530395455, 46.67378798561514230, 126.8365752807312248 ) ) ;
#6910 = CARTESIAN_POINT ( 'NONE',  ( -17.62094810217765328, 76.26964115101083053, 141.4268494385391648 ) ) ;
#6911 = CARTESIAN_POINT ( 'NONE',  ( 15.63058763794614592, 79.65770941350430689, 88.77148351815341698 ) ) ;
#6912 = ORIENTED_EDGE ( 'NONE', *, *, #300, .T. ) ;
#6913 = DIRECTION ( 'NONE',  ( -0.8615645716962926359, -0.08778660944464630744, 0.4999999999999969469 ) ) ;
#6914 = ORIENTED_EDGE ( 'NONE', *, *, #6388, .T. ) ;
#6915 = ORIENTED_EDGE ( 'NONE', *, *, #10809, .T. ) ;
#6916 = ORIENTED_EDGE ( 'NONE', *, *, #5114, .F. ) ;
#6917 = CARTESIAN_POINT ( 'NONE',  ( -23.70936940939913384, 70.72390900400752400, 87.77148351815341698 ) ) ;
#6918 = ORIENTED_EDGE ( 'NONE', *, *, #3335, .T. ) ;
#6919 = PLANE ( 'NONE',  #5087 ) ;
#6920 = VECTOR ( 'NONE', #4308, 1000.000000000000000 ) ;
#6921 = AXIS2_PLACEMENT_3D ( 'NONE', #11249, #9561, #4212 ) ;
#6922 = EDGE_CURVE ( 'NONE', #908, #8781, #4365, .T. ) ;
#6923 = AXIS2_PLACEMENT_3D ( 'NONE', #8004, #6491, #3644 ) ;
#6924 = PLANE ( 'NONE',  #11252 ) ;
#6925 = DIRECTION ( 'NONE',  ( -0.1013672451882220160, 0.9948490747861964412, 0.000000000000000000 ) ) ;
#6926 = EDGE_CURVE ( 'NONE', #2830, #2285, #4393, .T. ) ;
#6927 = VECTOR ( 'NONE', #4986, 1000.000000000000114 ) ;
#6928 = VERTEX_POINT ( 'NONE', #9571 ) ;
#6929 = ORIENTED_EDGE ( 'NONE', *, *, #1149, .T. ) ;
#6930 = CARTESIAN_POINT ( 'NONE',  ( 14.73710580834817918, 78.56149309352980481, 88.77148351815341698 ) ) ;
#6931 = CARTESIAN_POINT ( 'NONE',  ( 4.165607975633835558, 48.38156225119088560, 141.4268494385391648 ) ) ;
#6932 = DIRECTION ( 'NONE',  ( 0.9948490747861965522, 0.1013672451882214887, -1.214431771098591778E-16 ) ) ;
#6933 = AXIS2_PLACEMENT_3D ( 'NONE', #9351, #3235, #9467 ) ;
#6934 = ORIENTED_EDGE ( 'NONE', *, *, #2867, .F. ) ;
#6935 = CARTESIAN_POINT ( 'NONE',  ( -19.84787390245720928, 103.0579302771824928, 140.5608240347546882 ) ) ;
#6936 = CARTESIAN_POINT ( 'NONE',  ( -22.54575472551236714, 102.7830375785708839, 124.4048629210965657 ) ) ;
#6937 = LINE ( 'NONE', #5944, #5120 ) ;
#6938 = DIRECTION ( 'NONE',  ( 0.8615645716962891942, 0.08778660944464597438, 0.5000000000000029976 ) ) ;
#6939 = EDGE_LOOP ( 'NONE', ( #1955, #4337, #11150, #4124 ) ) ;
#6940 = VECTOR ( 'NONE', #8175, 1000.000000000000114 ) ;
#6941 = CARTESIAN_POINT ( 'NONE',  ( 1.644369224237866245, -4.627973497002288994, 105.4200000000005986 ) ) ;
#6942 = DIRECTION ( 'NONE',  ( 0.1013672451882219883, -0.9948490747861964412, 1.075499326746823620E-17 ) ) ;
#6943 = LINE ( 'NONE', #7701, #10323 ) ;
#6944 = FACE_OUTER_BOUND ( 'NONE', #4224, .T. ) ;
#6945 = ORIENTED_EDGE ( 'NONE', *, *, #2064, .F. ) ;
#6946 = CARTESIAN_POINT ( 'NONE',  ( -9.240639231708765777, 77.12352828379870573, 136.5634247192698467 ) ) ;
#6947 = ORIENTED_EDGE ( 'NONE', *, *, #5775, .F. ) ;
#6948 = PLANE ( 'NONE',  #4265 ) ;
#6949 = VECTOR ( 'NONE', #11058, 999.9999999999998863 ) ;
#6950 = VECTOR ( 'NONE', #4677, 999.9999999999998863 ) ;
#6951 = FACE_OUTER_BOUND ( 'NONE', #7954, .T. ) ;
#6952 = EDGE_CURVE ( 'NONE', #5019, #11444, #744, .T. ) ;
#6953 = VECTOR ( 'NONE', #7401, 1000.000000000000114 ) ;
#6954 = ORIENTED_EDGE ( 'NONE', *, *, #5281, .F. ) ;
#6955 = LINE ( 'NONE', #7829, #7731 ) ;
#6956 = DIRECTION ( 'NONE',  ( -1.000000000000000000, 0.000000000000000000, -3.148927598275349405E-15 ) ) ;
#6957 = CIRCLE ( 'NONE', #4162, 1.049999999999992717 ) ;
#6958 = ORIENTED_EDGE ( 'NONE', *, *, #10833, .T. ) ;
#6959 = DIRECTION ( 'NONE',  ( 0.8615645716962927469, 0.08778660944464633520, -0.4999999999999967248 ) ) ;
#6960 = ORIENTED_EDGE ( 'NONE', *, *, #8819, .T. ) ;
#6961 = DIRECTION ( 'NONE',  ( -1.000000000000000000, 0.000000000000000000, -3.148927598275349405E-15 ) ) ;
#6962 = ORIENTED_EDGE ( 'NONE', *, *, #5322, .F. ) ;
#6963 = EDGE_LOOP ( 'NONE', ( #11297, #3676, #10732, #11219 ) ) ;
#6964 = DIRECTION ( 'NONE',  ( 0.8615645716962927469, 0.08778660944464633520, -0.4999999999999967248 ) ) ;
#6965 = ADVANCED_FACE ( 'NONE', ( #10672 ), #4275, .T. ) ;
#6966 = EDGE_CURVE ( 'NONE', #4652, #3041, #6602, .T. ) ;
#6967 =( BOUNDED_CURVE ( )  B_SPLINE_CURVE ( 3, ( #73, #4539, #7439, #898 ),
 .UNSPECIFIED., .F., .F. ) 
 B_SPLINE_CURVE_WITH_KNOTS ( ( 4, 4 ),
 ( 3.141592653589792672, 4.712388980384689674 ),
 .UNSPECIFIED. ) 
 CURVE ( )  GEOMETRIC_REPRESENTATION_ITEM ( )  RATIONAL_B_SPLINE_CURVE ( ( 1.000000000000000000, 0.8047378541243649375, 0.8047378541243649375, 1.000000000000000000 ) ) 
 REPRESENTATION_ITEM ( '' )  );
#6968 = AXIS2_PLACEMENT_3D ( 'NONE', #7118, #10661, #9624 ) ;
#6969 = DIRECTION ( 'NONE',  ( 1.000000000000000000, 0.000000000000000000, 0.000000000000000000 ) ) ;
#6970 = CARTESIAN_POINT ( 'NONE',  ( -67.72770399023451660, 71.16415938657070228, 34.73635334252909956 ) ) ;
#6971 = ORIENTED_EDGE ( 'NONE', *, *, #5001, .T. ) ;
#6972 = FACE_OUTER_BOUND ( 'NONE', #214, .T. ) ;
#6973 = VERTEX_POINT ( 'NONE', #5147 ) ;
#6974 = VERTEX_POINT ( 'NONE', #7826 ) ;
#6975 = ORIENTED_EDGE ( 'NONE', *, *, #2064, .T. ) ;
#6976 = CARTESIAN_POINT ( 'NONE',  ( 7.517940360332937999, 51.07814149077608334, 99.31000000000057071 ) ) ;
#6977 = ORIENTED_EDGE ( 'NONE', *, *, #470, .F. ) ;
#6978 = CARTESIAN_POINT ( 'NONE',  ( -16.15514400461585964, 103.4341902209823161, 134.1317123596352019 ) ) ;
#6979 = VECTOR ( 'NONE', #768, 999.9999999999998863 ) ;
#6980 = ADVANCED_FACE ( 'NONE', ( #11370 ), #4329, .T. ) ;
#6981 = DIRECTION ( 'NONE',  ( -0.4974245373930948344, -0.05068362259411087617, -0.8660254037844405950 ) ) ;
#6982 = VECTOR ( 'NONE', #3472, 1000.000000000000000 ) ;
#6983 = CARTESIAN_POINT ( 'NONE',  ( -4.712125432228154054, 47.47699149580887479, 121.1071251576774728 ) ) ;
#6984 = VECTOR ( 'NONE', #5749, 1000.000000000000114 ) ;
#6985 = DIRECTION ( 'NONE',  ( 0.1013672451882219883, -0.9948490747861964412, 1.075499326746823620E-17 ) ) ;
#6986 = ORIENTED_EDGE ( 'NONE', *, *, #8838, .T. ) ;
#6987 = ORIENTED_EDGE ( 'NONE', *, *, #8947, .T. ) ;
#6988 = CARTESIAN_POINT ( 'NONE',  ( -5.785136984574577923, 104.4908118441466343, 134.1317123596352019 ) ) ;
#6989 = CARTESIAN_POINT ( 'NONE',  ( 17.57061150527304960, 50.75260358733006427, 88.77148351815341698 ) ) ;
#6990 = DIRECTION ( 'NONE',  ( -0.1013672451882220438, 0.9948490747861963301, -8.425943506694158568E-34 ) ) ;
#6991 = CARTESIAN_POINT ( 'NONE',  ( -49.47481263711744504, 73.02398451992874584, 24.14347850020608632 ) ) ;
#6992 = AXIS2_PLACEMENT_3D ( 'NONE', #2659, #9761, #8834 ) ;
#6993 = EDGE_CURVE ( 'NONE', #3702, #7675, #11432, .T. ) ;
#6994 = ORIENTED_EDGE ( 'NONE', *, *, #7812, .F. ) ;
#6995 = EDGE_CURVE ( 'NONE', #10189, #5351, #10555, .T. ) ;
#6996 = CARTESIAN_POINT ( 'NONE',  ( -8.902279867462603136, 47.05004792941496561, 134.9977377634196216 ) ) ;
#6997 = VECTOR ( 'NONE', #4505, 1000.000000000000000 ) ;
#6998 = DIRECTION ( 'NONE',  ( -0.9948490747861964412, -0.1013672451882220160, 0.000000000000000000 ) ) ;
#6999 = DIRECTION ( 'NONE',  ( 0.1013672451882219883, -0.9948490747861964412, 1.075499326746823620E-17 ) ) ;
#7000 = DIRECTION ( 'NONE',  ( -0.5019378298181174092, 0.000000000000000000, 0.8649037027308177361 ) ) ;
#7001 = ORIENTED_EDGE ( 'NONE', *, *, #10389, .T. ) ;
#7002 = VECTOR ( 'NONE', #3603, 999.9999999999998863 ) ;
#7003 = LINE ( 'NONE', #6883, #4878 ) ;
#7004 = CARTESIAN_POINT ( 'NONE',  ( -9.897128942248800243, 46.94868068422675123, 123.5388375173120892 ) ) ;
#7005 = PLANE ( 'NONE',  #1422 ) ;
#7006 = CARTESIAN_POINT ( 'NONE',  ( -59.34739511976557935, 72.01804651935856327, 29.87292862325977794 ) ) ;
#7007 = ORIENTED_EDGE ( 'NONE', *, *, #999, .F. ) ;
#7008 = DIRECTION ( 'NONE',  ( 0.1013672451882219883, -0.9948490747861964412, 1.075499326746823620E-17 ) ) ;
#7009 = VERTEX_POINT ( 'NONE', #7419 ) ;
#7010 = DIRECTION ( 'NONE',  ( 0.8615645716962927469, 0.08778660944464633520, -0.4999999999999967248 ) ) ;
#7011 = ADVANCED_FACE ( 'NONE', ( #1901 ), #7193, .T. ) ;
#7012 = LINE ( 'NONE', #5256, #5194 ) ;
#7013 = EDGE_CURVE ( 'NONE', #7681, #9426, #5430, .T. ) ;
#7014 = LINE ( 'NONE', #8817, #5666 ) ;
#7015 = EDGE_LOOP ( 'NONE', ( #3376, #2371, #634, #1163 ) ) ;
#7016 = LINE ( 'NONE', #2594, #4201 ) ;
#7017 = CARTESIAN_POINT ( 'NONE',  ( -24.03802833769165659, 102.6309867107885481, 120.4074636056117242 ) ) ;
#7018 = VERTEX_POINT ( 'NONE', #10034 ) ;
#7019 = ORIENTED_EDGE ( 'NONE', *, *, #7188, .T. ) ;
#7020 = DIRECTION ( 'NONE',  ( 0.1013672451882220715, -0.9948490747861964412, 3.886951625497316340E-16 ) ) ;
#7021 = EDGE_CURVE ( 'NONE', #3425, #4652, #1094, .T. ) ;
#7022 = ORIENTED_EDGE ( 'NONE', *, *, #2603, .F. ) ;
#7023 = ORIENTED_EDGE ( 'NONE', *, *, #3333, .T. ) ;
#7024 = PLANE ( 'NONE',  #6501 ) ;
#7025 = EDGE_CURVE ( 'NONE', #2364, #9294, #858, .T. ) ;
#7026 = DIRECTION ( 'NONE',  ( 0.8615645716962927469, 0.08778660944464633520, -0.4999999999999967248 ) ) ;
#7027 = CARTESIAN_POINT ( 'NONE',  ( -19.84787390245720928, 103.0579302771824928, 130.8339745962160805 ) ) ;
#7028 = ADVANCED_FACE ( 'NONE', ( #8297 ), #3870, .T. ) ;
#7029 = EDGE_CURVE ( 'NONE', #7877, #4307, #3750, .T. ) ;
#7030 = EDGE_LOOP ( 'NONE', ( #5613, #8262, #1140, #3028 ) ) ;
#7031 = DIRECTION ( 'NONE',  ( 0.5019378298181115250, 0.000000000000000000, 0.8649037027308210668 ) ) ;
#7032 = ORIENTED_EDGE ( 'NONE', *, *, #7695, .T. ) ;
#7033 = ORIENTED_EDGE ( 'NONE', *, *, #4448, .T. ) ;
#7034 = EDGE_CURVE ( 'NONE', #4622, #9996, #2019, .T. ) ;
#7035 = ORIENTED_EDGE ( 'NONE', *, *, #4432, .F. ) ;
#7036 = LINE ( 'NONE', #2612, #8420 ) ;
#7037 = ORIENTED_EDGE ( 'NONE', *, *, #2611, .F. ) ;
#7038 = CARTESIAN_POINT ( 'NONE',  ( -19.82140438783974901, 76.04543207499332880, 119.5414382018272477 ) ) ;
#7039 = AXIS2_PLACEMENT_3D ( 'NONE', #3592, #9995, #2661 ) ;
#7040 = CARTESIAN_POINT ( 'NONE',  ( 18.73808730557298219, 78.96916143509196218, 87.77148351815341698 ) ) ;
#7041 = CIRCLE ( 'NONE', #8904, 1.000000000000000666 ) ;
#7042 = PLANE ( 'NONE',  #7128 ) ;
#7043 = EDGE_LOOP ( 'NONE', ( #5112, #821, #7928, #5877 ) ) ;
#7044 = EDGE_CURVE ( 'NONE', #5278, #5223, #8057, .T. ) ;
#7045 = ORIENTED_EDGE ( 'NONE', *, *, #33, .F. ) ;
#7046 = FACE_OUTER_BOUND ( 'NONE', #2053, .T. ) ;
#7047 = LINE ( 'NONE', #196, #4353 ) ;
#7048 = CARTESIAN_POINT ( 'NONE',  ( -5.050484796474314919, 77.55047185019265044, 138.9951370789045484 ) ) ;
#7049 = LINE ( 'NONE', #9549, #5465 ) ;
#7050 = EDGE_CURVE ( 'NONE', #9240, #8538, #3812, .T. ) ;
#7051 = VERTEX_POINT ( 'NONE', #6486 ) ;
#7052 = DIRECTION ( 'NONE',  ( 0.9948490747861964412, 0.1013672451882218634, 0.000000000000000000 ) ) ;
#7053 = AXIS2_PLACEMENT_3D ( 'NONE', #7956, #1629, #5332 ) ;
#7054 = DIRECTION ( 'NONE',  ( 0.4974245373931012182, 0.05068362259411096638, -0.8660254037844369313 ) ) ;
#7055 = CARTESIAN_POINT ( 'NONE',  ( 1.102898273715026134, 105.1926481091521595, 138.1291116751200434 ) ) ;
#7056 = CARTESIAN_POINT ( 'NONE',  ( 4.165607975633832005, 48.38156225119089271, 121.9731505614619067 ) ) ;
#7057 = VERTEX_POINT ( 'NONE', #6370 ) ;
#7058 = VECTOR ( 'NONE', #10304, 999.9999999999998863 ) ;
#7059 = CARTESIAN_POINT ( 'NONE',  ( 17.57061150527304960, 50.75260358733006427, 88.77148351815341698 ) ) ;
#7060 = LINE ( 'NONE', #1663, #11384 ) ;
#7061 = EDGE_CURVE ( 'NONE', #156, #10662, #10914, .T. ) ;
#7062 = DIRECTION ( 'NONE',  ( 0.9948490747861964412, 0.1013672451882218634, 3.497202527569243497E-15 ) ) ;
#7063 = CARTESIAN_POINT ( 'NONE',  ( -2.860431633348327729, -0.2914553393780663915, -1.508489083823409844E-17 ) ) ;
#7064 = ORIENTED_EDGE ( 'NONE', *, *, #5645, .F. ) ;
#7065 = LINE ( 'NONE', #8875, #6398 ) ;
#7066 = ORIENTED_EDGE ( 'NONE', *, *, #8204, .T. ) ;
#7067 = CARTESIAN_POINT ( 'NONE',  ( -12.59500976530395455, 46.67378798561514230, 121.9731505614619067 ) ) ;
#7068 = DIRECTION ( 'NONE',  ( -1.000000000000000000, 0.000000000000000000, 0.000000000000000000 ) ) ;
#7069 = CARTESIAN_POINT ( 'NONE',  ( -7.277410596753870031, 104.3387609763642985, 133.2656869558507253 ) ) ;
#7070 = VECTOR ( 'NONE', #3919, 999.9999999999998863 ) ;
#7071 = EDGE_CURVE ( 'NONE', #5145, #9619, #2941, .T. ) ;
#7072 = EDGE_CURVE ( 'NONE', #237, #8545, #9164, .T. ) ;
#7073 = CARTESIAN_POINT ( 'NONE',  ( -18.77486235011079074, 46.04410992884476173, 124.4048629210965657 ) ) ;
#7074 = CARTESIAN_POINT ( 'NONE',  ( -12.22673723405220514, 21.58997644765005930, 147.6661382341406465 ) ) ;
#7075 = ORIENTED_EDGE ( 'NONE', *, *, #2273, .T. ) ;
#7076 = DIRECTION ( 'NONE',  ( -0.9948490747861964412, -0.1013672451882219050, 0.000000000000000000 ) ) ;
#7077 = ORIENTED_EDGE ( 'NONE', *, *, #6224, .F. ) ;
#7078 = CARTESIAN_POINT ( 'NONE',  ( -0.6152014920796842201, 2.335970026501107633, 156.7000000000005002 ) ) ;
#7079 = EDGE_LOOP ( 'NONE', ( #4946, #5273, #8755, #1559, #2255, #982 ) ) ;
#7080 = ORIENTED_EDGE ( 'NONE', *, *, #3248, .T. ) ;
#7081 = PLANE ( 'NONE',  #9844 ) ;
#7082 = EDGE_CURVE ( 'NONE', #10662, #3830, #9111, .T. ) ;
#7083 = CARTESIAN_POINT ( 'NONE',  ( 15.73195488313437806, 78.66286033871806183, 156.7000000000005002 ) ) ;
#7084 = EDGE_CURVE ( 'NONE', #3313, #4514, #9341, .T. ) ;
#7085 = LINE ( 'NONE', #4585, #3315 ) ;
#7086 = VERTEX_POINT ( 'NONE', #8932 ) ;
#7087 = CARTESIAN_POINT ( 'NONE',  ( 8.355762410868278423, 48.80850581758483031, 119.5414382018272477 ) ) ;
#7088 = ORIENTED_EDGE ( 'NONE', *, *, #376, .F. ) ;
#7089 = ORIENTED_EDGE ( 'NONE', *, *, #2104, .T. ) ;
#7090 = ORIENTED_EDGE ( 'NONE', *, *, #2033, .F. ) ;
#7091 = EDGE_CURVE ( 'NONE', #3830, #4553, #4504, .T. ) ;
#7092 = CARTESIAN_POINT ( 'NONE',  ( -15.65771946722276020, 103.4848738435764233, 144.7245872019582862 ) ) ;
#7093 = ORIENTED_EDGE ( 'NONE', *, *, #11027, .F. ) ;
#7094 = CARTESIAN_POINT ( 'NONE',  ( 3.329824073994576583, 78.40435898298051143, 119.5414382018272619 ) ) ;
#7095 = CARTESIAN_POINT ( 'NONE',  ( -2.461139170923930308, 41.02909838621119576, 115.4200000000005844 ) ) ;
#7096 = DIRECTION ( 'NONE',  ( 0.1013672451882220021, -0.9948490747861964412, -2.465190328815662439E-32 ) ) ;
#7097 = CARTESIAN_POINT ( 'NONE',  ( 2.175909826061441787, 48.17882776081445684, 131.7000000000005286 ) ) ;
#7098 = ORIENTED_EDGE ( 'NONE', *, *, #5464, .F. ) ;
#7099 = ORIENTED_EDGE ( 'NONE', *, *, #11228, .F. ) ;
#7100 = VECTOR ( 'NONE', #265, 999.9999999999998863 ) ;
#7101 = DIRECTION ( 'NONE',  ( -0.9948490747861964412, -0.1013672451882209891, 0.000000000000000000 ) ) ;
#7102 = DIRECTION ( 'NONE',  ( 0.4974245373931012182, 0.05068362259411096638, -0.8660254037844369313 ) ) ;
#7103 = FACE_OUTER_BOUND ( 'NONE', #4574, .T. ) ;
#7104 = CARTESIAN_POINT ( 'NONE',  ( -18.77486235011079074, 46.04410992884476173, 129.2682876403658838 ) ) ;
#7105 = ORIENTED_EDGE ( 'NONE', *, *, #10991, .F. ) ;
#7106 = DIRECTION ( 'NONE',  ( 0.9948490747861963301, 0.1013672451882219744, 3.164135620181696535E-15 ) ) ;
#7107 = EDGE_CURVE ( 'NONE', #7958, #9288, #3638, .T. ) ;
#7108 = ADVANCED_FACE ( 'NONE', ( #8992 ), #1961, .T. ) ;
#7109 = CARTESIAN_POINT ( 'NONE',  ( 8.170441235670022451, 73.97220933831432887, 50.04579744993567658 ) ) ;
#7110 = DIRECTION ( 'NONE',  ( 0.1013672451882219883, -0.9948490747861964412, 1.075499326746823620E-17 ) ) ;
#7111 = AXIS2_PLACEMENT_3D ( 'NONE', #1763, #1650, #9491 ) ;
#7112 = FACE_OUTER_BOUND ( 'NONE', #5298, .T. ) ;
#7113 = EDGE_CURVE ( 'NONE', #10411, #9468, #7911, .T. ) ;
#7114 = ORIENTED_EDGE ( 'NONE', *, *, #2714, .T. ) ;
#7115 = CARTESIAN_POINT ( 'NONE',  ( -3.584680698912521279, 104.7150209201641360, 121.9731505614619067 ) ) ;
#7116 = FACE_BOUND ( 'NONE', #4516, .T. ) ;
#7117 = DIRECTION ( 'NONE',  ( -0.5019378298181113029, 0.000000000000000000, -0.8649037027308211778 ) ) ;
#7118 = CARTESIAN_POINT ( 'NONE',  ( -7.774835134146968585, 104.2880773537701913, 138.9951370789045200 ) ) ;
#7119 = ORIENTED_EDGE ( 'NONE', *, *, #6499, .T. ) ;
#7120 = CARTESIAN_POINT ( 'NONE',  ( 7.858337873475191415, 48.75782219499068049, 133.2656869558507822 ) ) ;
#7121 = ORIENTED_EDGE ( 'NONE', *, *, #2169, .T. ) ;
#7122 = CIRCLE ( 'NONE', #10640, 1.549999999999999378 ) ;
#7123 = PLANE ( 'NONE',  #6576 ) ;
#7124 = LINE ( 'NONE', #5376, #9113 ) ;
#7125 = DIRECTION ( 'NONE',  ( -0.8615645716962926359, -0.08778660944464630744, 0.4999999999999969469 ) ) ;
#7126 = CARTESIAN_POINT ( 'NONE',  ( 45.13754649672957697, 82.66423493501598330, 30.76381588143816970 ) ) ;
#7127 = ADVANCED_FACE ( 'NONE', ( #10199 ), #9224, .T. ) ;
#7128 = AXIS2_PLACEMENT_3D ( 'NONE', #10769, #8735, #2737 ) ;
#7129 = CARTESIAN_POINT ( 'NONE',  ( -14.66287039243656487, 103.5862410887646377, 139.8611624826889397 ) ) ;
#7130 = DIRECTION ( 'NONE',  ( 0.8615645716962891942, 0.08778660944464597438, 0.5000000000000029976 ) ) ;
#7131 = ORIENTED_EDGE ( 'NONE', *, *, #10648, .F. ) ;
#7132 = CARTESIAN_POINT ( 'NONE',  ( 2.673334363454540341, 48.22951138340856403, 130.8339745962160805 ) ) ;
#7133 = ORIENTED_EDGE ( 'NONE', *, *, #7843, .T. ) ;
#7134 = LINE ( 'NONE', #11442, #7711 ) ;
#7135 = ORIENTED_EDGE ( 'NONE', *, *, #7993, .F. ) ;
#7136 = VECTOR ( 'NONE', #8500, 999.9999999999998863 ) ;
#7137 = ORIENTED_EDGE ( 'NONE', *, *, #6516, .F. ) ;
#7138 = DIRECTION ( 'NONE',  ( 0.9948490747861964412, 0.1013672451882209891, 2.876313408475699623E-16 ) ) ;
#7139 = PRODUCT_RELATED_PRODUCT_CATEGORY ( 'part', '', ( #6685 ) ) ;
#7140 = EDGE_CURVE ( 'NONE', #8405, #10573, #9385, .T. ) ;
#7141 = VECTOR ( 'NONE', #6170, 999.9999999999998863 ) ;
#7142 = VECTOR ( 'NONE', #2758, 1000.000000000000114 ) ;
#7143 = CARTESIAN_POINT ( 'NONE',  ( 15.73195488313437451, 78.66286033871804761, 88.77148351815341698 ) ) ;
#7144 = VECTOR ( 'NONE', #9754, 1000.000000000000000 ) ;
#7145 = ORIENTED_EDGE ( 'NONE', *, *, #10598, .F. ) ;
#7146 = CARTESIAN_POINT ( 'NONE',  ( -18.48906368776232156, 92.91547873448445216, 114.4200000000005701 ) ) ;
#7147 = VERTEX_POINT ( 'NONE', #4966 ) ;
#7148 = AXIS2_PLACEMENT_3D ( 'NONE', #7603, #9300, #1391 ) ;
#7149 = ORIENTED_EDGE ( 'NONE', *, *, #2381, .F. ) ;
#7150 = EDGE_LOOP ( 'NONE', ( #8496, #11413, #780, #5123 ) ) ;
#7151 = CARTESIAN_POINT ( 'NONE',  ( -12.59500976530395455, 46.67378798561514230, 141.4268494385391648 ) ) ;
#7152 = ORIENTED_EDGE ( 'NONE', *, *, #2404, .F. ) ;
#7153 = PLANE ( 'NONE',  #4739 ) ;
#7154 = VECTOR ( 'NONE', #3863, 999.9999999999998863 ) ;
#7155 = DIRECTION ( 'NONE',  ( -0.1013672451882219744, 0.9948490747861963301, -8.425943506694158568E-34 ) ) ;
#7156 = CARTESIAN_POINT ( 'NONE',  ( 1.129367788332502620, 78.18014990696302391, 136.5634247192698467 ) ) ;
#7157 = AXIS2_PLACEMENT_3D ( 'NONE', #6721, #10262, #574 ) ;
#7158 = CARTESIAN_POINT ( 'NONE',  ( 4.799743540596019820, 3.045642788675047452, 156.7000000000005002 ) ) ;
#7159 = ORIENTED_EDGE ( 'NONE', *, *, #5395, .F. ) ;
#7160 = EDGE_LOOP ( 'NONE', ( #8396, #7190, #6276, #8256 ) ) ;
#7161 = VECTOR ( 'NONE', #4515, 999.9999999999998863 ) ;
#7162 = LINE ( 'NONE', #6287, #8416 ) ;
#7163 = CARTESIAN_POINT ( 'NONE',  ( 10.48945375070706554, 68.96992823596542621, 87.77148351815341698 ) ) ;
#7164 = DIRECTION ( 'NONE',  ( 0.9948490747861963301, 0.1013672451882219744, 3.164135620181696535E-15 ) ) ;
#7165 = CARTESIAN_POINT ( 'NONE',  ( -11.96498956938141589, 103.8611337873762466, 121.9731505614619067 ) ) ;
#7166 = ORIENTED_EDGE ( 'NONE', *, *, #5748, .F. ) ;
#7167 = AXIS2_PLACEMENT_3D ( 'NONE', #10192, #10076, #3800 ) ;
#7168 = CARTESIAN_POINT ( 'NONE',  ( -14.08728337748324755, 46.52173711783281362, 125.9705498769467482 ) ) ;
#7169 = LINE ( 'NONE', #3561, #10763 ) ;
#7170 = VECTOR ( 'NONE', #4019, 999.9999999999998863 ) ;
#7171 = DIRECTION ( 'NONE',  ( 0.1013672451882219883, -0.9948490747861964412, 1.075499326746823620E-17 ) ) ;
#7172 = VECTOR ( 'NONE', #9660, 1000.000000000000000 ) ;
#7173 = LINE ( 'NONE', #10017, #1813 ) ;
#7174 = ORIENTED_EDGE ( 'NONE', *, *, #522, .T. ) ;
#7175 = ADVANCED_FACE ( 'NONE', ( #2126 ), #11179, .T. ) ;
#7176 = EDGE_LOOP ( 'NONE', ( #1922, #883, #2151, #9520 ) ) ;
#7177 = EDGE_CURVE ( 'NONE', #5150, #8365, #6655, .T. ) ;
#7178 = VECTOR ( 'NONE', #9984, 1000.000000000000000 ) ;
#7179 = FACE_OUTER_BOUND ( 'NONE', #9663, .T. ) ;
#7180 = DIRECTION ( 'NONE',  ( -0.1013672451882220021, 0.9948490747861963301, 0.000000000000000000 ) ) ;
#7181 = FILL_AREA_STYLE ('',( #4385 ) ) ;
#7182 = PLANE ( 'NONE',  #1039 ) ;
#7183 = EDGE_CURVE ( 'NONE', #2669, #8405, #4084, .T. ) ;
#7184 = VECTOR ( 'NONE', #8571, 1000.000000000000114 ) ;
#7185 = ORIENTED_EDGE ( 'NONE', *, *, #5007, .F. ) ;
#7186 = CARTESIAN_POINT ( 'NONE',  ( -0.3629058238467683384, 78.02809903918068812, 137.4294501230543233 ) ) ;
#7187 = EDGE_LOOP ( 'NONE', ( #2609, #888 ) ) ;
#7188 = EDGE_CURVE ( 'NONE', #1113, #7734, #1266, .T. ) ;
#7189 = DIRECTION ( 'NONE',  ( 0.9948490747861964412, 0.1013672451882218634, 3.497202527569243497E-15 ) ) ;
#7190 = ORIENTED_EDGE ( 'NONE', *, *, #1219, .F. ) ;
#7191 = CARTESIAN_POINT ( 'NONE',  ( -1.324772208397245299, 9.299913550004461626, 156.7000000000005002 ) ) ;
#7192 = CARTESIAN_POINT ( 'NONE',  ( -53.36986330302548254, -12.68901729815845592, 113.3500000000005059 ) ) ;
#7193 = PLANE ( 'NONE',  #8085 ) ;
#7194 = PLANE ( 'NONE',  #9045 ) ;
#7195 = PLANE ( 'NONE',  #129 ) ;
#7196 = DIRECTION ( 'NONE',  ( 1.000000000000000000, 0.000000000000000000, 0.000000000000000000 ) ) ;
#7197 = ORIENTED_EDGE ( 'NONE', *, *, #5819, .F. ) ;
#7198 = CARTESIAN_POINT ( 'NONE',  ( -0.02454645960061480059, 47.95461868479695511, 119.5414382018272477 ) ) ;
#7199 = EDGE_LOOP ( 'NONE', ( #5463, #2481, #11487, #4984, #9298, #2218 ) ) ;
#7200 = ADVANCED_FACE ( 'NONE', ( #8516 ), #3207, .T. ) ;
#7201 = DIRECTION ( 'NONE',  ( -6.903152180341684826E-18, -7.033765596924220165E-19, 1.000000000000000000 ) ) ;
#7202 = VERTEX_POINT ( 'NONE', #2238 ) ;
#7203 = CARTESIAN_POINT ( 'NONE',  ( -2.370178091139419685, 40.13637859396337859, 146.7000000000005002 ) ) ;
#7204 = AXIS2_PLACEMENT_3D ( 'NONE', #5633, #9196, #3023 ) ;
#7205 = DIRECTION ( 'NONE',  ( -0.9948490747861964412, -0.1013672451882218634, -3.164135620181696535E-15 ) ) ;
#7206 = CARTESIAN_POINT ( 'NONE',  ( 6.863488798688988979, 48.65645494980249453, 139.8611624826889965 ) ) ;
#7207 = ORIENTED_EDGE ( 'NONE', *, *, #7817, .T. ) ;
#7208 = LINE ( 'NONE', #8195, #1057 ) ;
#7209 = ORIENTED_EDGE ( 'NONE', *, *, #3538, .T. ) ;
#7210 = VERTEX_POINT ( 'NONE', #561 ) ;
#7211 = EDGE_LOOP ( 'NONE', ( #11255, #8197, #1374, #667 ) ) ;
#7212 = CARTESIAN_POINT ( 'NONE',  ( -21.48983621541245270, 49.09755830645516284, 102.5305494492733800 ) ) ;
#7213 = EDGE_CURVE ( 'NONE', #9001, #9596, #7468, .T. ) ;
#7214 = EDGE_LOOP ( 'NONE', ( #1042, #7705, #5685, #7090 ) ) ;
#7215 = CARTESIAN_POINT ( 'NONE',  ( -11.96498956938141589, 103.8611337873762466, 126.8365752807312248 ) ) ;
#7216 = CARTESIAN_POINT ( 'NONE',  ( -29.18729500967820556, 45.98834306348361167, 88.77148351815341698 ) ) ;
#7217 = DIRECTION ( 'NONE',  ( -0.9948490747861963301, -0.1013672451882219605, -3.497202527569243497E-15 ) ) ;
#7218 = LINE ( 'NONE', #5348, #9795 ) ;
#7219 = CARTESIAN_POINT ( 'NONE',  ( -7.446238957635546107, 94.04065515607372561, 115.4200000000005844 ) ) ;
#7220 = EDGE_LOOP ( 'NONE', ( #11452, #8484, #10152, #10440 ) ) ;
#7221 = EDGE_CURVE ( 'NONE', #3820, #7474, #5773, .T. ) ;
#7222 = ORIENTED_EDGE ( 'NONE', *, *, #9428, .F. ) ;
#7223 = CIRCLE ( 'NONE', #1108, 1.000000000000000666 ) ;
#7224 = ORIENTED_EDGE ( 'NONE', *, *, #11315, .T. ) ;
#7225 = CARTESIAN_POINT ( 'NONE',  ( -11.46756503198831645, 103.9118174099703538, 137.4294501230543233 ) ) ;
#7226 = LINE ( 'NONE', #10014, #7329 ) ;
#7227 = EDGE_LOOP ( 'NONE', ( #8907, #2556, #6389, #5006 ) ) ;
#7228 = LINE ( 'NONE', #1830, #5024 ) ;
#7229 = CARTESIAN_POINT ( 'NONE',  ( -2.014244609173001965, 47.75188419442051213, 143.8585617981738380 ) ) ;
#7230 = FACE_OUTER_BOUND ( 'NONE', #4908, .T. ) ;
#7231 = AXIS2_PLACEMENT_3D ( 'NONE', #9090, #2859, #2685 ) ;
#7232 = DIRECTION ( 'NONE',  ( 0.9938949685030576964, 0.1103303747129771861, 0.000000000000000000 ) ) ;
#7233 = ORIENTED_EDGE ( 'NONE', *, *, #2701, .T. ) ;
#7234 = EDGE_LOOP ( 'NONE', ( #4763, #1283 ) ) ;
#7235 = CARTESIAN_POINT ( 'NONE',  ( -0.2364512922023256913, 23.28159906213770469, 124.5531973207108365 ) ) ;
#7236 = FACE_BOUND ( 'NONE', #11377, .T. ) ;
#7237 = FACE_OUTER_BOUND ( 'NONE', #4591, .T. ) ;
#7238 = VECTOR ( 'NONE', #4403, 999.9999999999998863 ) ;
#7239 = VERTEX_POINT ( 'NONE', #7690 ) ;
#7240 = DIRECTION ( 'NONE',  ( -0.9948490747861964412, -0.1013672451882219883, -2.877871333117528717E-17 ) ) ;
#7241 = EDGE_LOOP ( 'NONE', ( #3321, #8144, #3597, #1648, #4413, #1338 ) ) ;
#7242 = CARTESIAN_POINT ( 'NONE',  ( 10.16822880571168852, 54.36531253466874603, 105.4200000000005701 ) ) ;
#7243 = DIRECTION ( 'NONE',  ( 0.9948490747861964412, 0.1013672451882221409, 0.000000000000000000 ) ) ;
#7244 = FACE_OUTER_BOUND ( 'NONE', #9257, .T. ) ;
#7245 = DIRECTION ( 'NONE',  ( 0.1013672451882219883, -0.9948490747861964412, 1.075499326746823620E-17 ) ) ;
#7246 = EDGE_CURVE ( 'NONE', #2640, #833, #9329, .T. ) ;
#7247 = DIRECTION ( 'NONE',  ( -7.327943828065814241E-12, 7.191747867590729583E-11, -1.000000000000000000 ) ) ;
#7248 = AXIS2_PLACEMENT_3D ( 'NONE', #3650, #2895, #6447 ) ;
#7249 = VECTOR ( 'NONE', #3634, 1000.000000000000000 ) ;
#7250 = B_SPLINE_CURVE_WITH_KNOTS ( 'NONE', 3,
 ( #1016, #5415, #10724, #5475, #2060, #3621, #8978, #4551, #3735, #5535 ),
 .UNSPECIFIED., .F., .F.,
 ( 4, 2, 2, 2, 4 ),
 ( 1.957948812993535059E-15, 0.0004478018249448585219, 0.0008956036498877590832, 0.001343405474830659590, 0.001791207299773560097 ),
 .UNSPECIFIED. ) ;
#7251 = FACE_BOUND ( 'NONE', #7234, .T. ) ;
#7252 = CARTESIAN_POINT ( 'NONE',  ( 3.668183438240737448, 48.33087862859677841, 132.5660254037849484 ) ) ;
#7253 = EDGE_LOOP ( 'NONE', ( #7679, #709, #10122, #1721, #7135 ) ) ;
#7254 = CARTESIAN_POINT ( 'NONE',  ( -7.277410596753870031, 104.3387609763642985, 120.4074636056117242 ) ) ;
#7255 = ORIENTED_EDGE ( 'NONE', *, *, #7360, .T. ) ;
#7256 = DIRECTION ( 'NONE',  ( -0.9948490747861964412, -0.1013672451882218634, -3.164135620181696535E-15 ) ) ;
#7257 = ORIENTED_EDGE ( 'NONE', *, *, #5638, .F. ) ;
#7258 = CARTESIAN_POINT ( 'NONE',  ( -9.897128942248800243, 46.94868068422675123, 128.4022622365814073 ) ) ;
#7259 = PRODUCT_DEFINITION_FORMATION_WITH_SPECIFIED_SOURCE ( 'ไป', '', #6685, .NOT_KNOWN. ) ;
#7260 = EDGE_CURVE ( 'NONE', #1068, #5811, #4797, .T. ) ;
#7261 = LINE ( 'NONE', #2898, #1964 ) ;
#7262 = EDGE_CURVE ( 'NONE', #10981, #5994, #6600, .T. ) ;
#7263 = EDGE_CURVE ( 'NONE', #10620, #9048, #8844, .T. ) ;
#7264 = PLANE ( 'NONE',  #729 ) ;
#7265 = EDGE_CURVE ( 'NONE', #619, #11428, #2996, .T. ) ;
#7266 = ORIENTED_EDGE ( 'NONE', *, *, #9430, .T. ) ;
#7267 = DIRECTION ( 'NONE',  ( 0.4974245373930950564, 0.05068362259411089699, 0.8660254037844403729 ) ) ;
#7268 = VERTEX_POINT ( 'NONE', #8400 ) ;
#7269 = ORIENTED_EDGE ( 'NONE', *, *, #3209, .T. ) ;
#7270 = ORIENTED_EDGE ( 'NONE', *, *, #9524, .F. ) ;
#7271 = DIRECTION ( 'NONE',  ( -0.8615645716962893053, -0.08778660944464596050, -0.5000000000000027756 ) ) ;
#7272 = VERTEX_POINT ( 'NONE', #7525 ) ;
#7273 = PLANE ( 'NONE',  #5379 ) ;
#7274 = CARTESIAN_POINT ( 'NONE',  ( -18.85302482767101040, 103.1592975223707072, 135.6973993154854270 ) ) ;
#7275 = PLANE ( 'NONE',  #9403 ) ;
#7276 = FACE_OUTER_BOUND ( 'NONE', #8886, .T. ) ;
#7277 = CARTESIAN_POINT ( 'NONE',  ( -7.872481210540212437, 77.26293275539438810, 138.1291116751200150 ) ) ;
#7278 = AXIS2_PLACEMENT_3D ( 'NONE', #6989, #2337, #4198 ) ;
#7279 = EDGE_LOOP ( 'NONE', ( #494, #3936, #11394, #8463 ) ) ;
#7280 = ORIENTED_EDGE ( 'NONE', *, *, #11127, .T. ) ;
#7281 = EDGE_LOOP ( 'NONE', ( #9815, #10550, #4793, #4901 ) ) ;
#7282 = DIRECTION ( 'NONE',  ( -0.9948490747861963301, -0.1013672451882218911, -0.000000000000000000 ) ) ;
#7283 = CARTESIAN_POINT ( 'NONE',  ( -24.03802833769165659, 102.6309867107885481, 138.1291116751200434 ) ) ;
#7284 = CARTESIAN_POINT ( 'NONE',  ( -14.66287039243656487, 103.5862410887646377, 120.4074636056116674 ) ) ;
#7285 = DIRECTION ( 'NONE',  ( 1.230821126796168089E-16, -9.913940250835094076E-18, 1.000000000000000000 ) ) ;
#7286 = EDGE_CURVE ( 'NONE', #4300, #10888, #11075, .T. ) ;
#7287 = DIRECTION ( 'NONE',  ( 0.1013672451882219883, -0.9948490747861964412, 1.075499326746823620E-17 ) ) ;
#7288 = DIRECTION ( 'NONE',  ( -8.541146813851734310E-35, 8.382542101835442458E-34, 1.000000000000000000 ) ) ;
#7289 = ORIENTED_EDGE ( 'NONE', *, *, #7107, .T. ) ;
#7290 = VERTEX_POINT ( 'NONE', #8460 ) ;
#7291 = CARTESIAN_POINT ( 'NONE',  ( -7.578143506410728314, 1.626501356039936175, 113.3500000000005059 ) ) ;
#7292 = FACE_BOUND ( 'NONE', #2664, .T. ) ;
#7293 = CARTESIAN_POINT ( 'NONE',  ( 5.439911833974385047, 71.47254752389311250, 99.31000000000055650 ) ) ;
#7294 = CARTESIAN_POINT ( 'NONE',  ( -14.58470791487634521, 46.47105349523869933, 141.4268494385391648 ) ) ;
#7295 = ORIENTED_EDGE ( 'NONE', *, *, #8193, .T. ) ;
#7296 = DIRECTION ( 'NONE',  ( 0.1013672451790882389, -0.9948490747871270301, -7.228985060042745945E-11 ) ) ;
#7297 = ORIENTED_EDGE ( 'NONE', *, *, #1453, .T. ) ;
#7298 = DIRECTION ( 'NONE',  ( 1.000000000000000000, 0.000000000000000000, 3.480278902931750302E-15 ) ) ;
#7299 = DIRECTION ( 'NONE',  ( 0.1013672451882219744, -0.9948490747861963301, 8.425943506694158568E-34 ) ) ;
#7300 = VECTOR ( 'NONE', #5592, 999.9999999999998863 ) ;
#7301 = PLANE ( 'NONE',  #175 ) ;
#7302 = DIRECTION ( 'NONE',  ( -0.9948490747861964412, -0.1013672451882219050, -0.000000000000000000 ) ) ;
#7303 = FACE_OUTER_BOUND ( 'NONE', #3428, .T. ) ;
#7304 = VECTOR ( 'NONE', #512, 999.9999999999998863 ) ;
#7305 = LINE ( 'NONE', #2944, #2907 ) ;
#7306 = PLANE ( 'NONE',  #8787 ) ;
#7307 = ORIENTED_EDGE ( 'NONE', *, *, #1174, .F. ) ;
#7308 = LINE ( 'NONE', #224, #2689 ) ;
#7309 = ORIENTED_EDGE ( 'NONE', *, *, #5776, .T. ) ;
#7310 = DIRECTION ( 'NONE',  ( 0.1013672451882219883, -0.9948490747861964412, 1.075499326746823620E-17 ) ) ;
#7311 = ORIENTED_EDGE ( 'NONE', *, *, #4112, .F. ) ;
#7312 = CARTESIAN_POINT ( 'NONE',  ( -21.48406718400937976, 48.88411395050729169, 50.04579744835591981 ) ) ;
#7313 = VECTOR ( 'NONE', #11023, 999.9999999999998863 ) ;
#7314 = DIRECTION ( 'NONE',  ( -0.1013672451882220160, 0.9948490747861964412, 0.000000000000000000 ) ) ;
#7315 = CARTESIAN_POINT ( 'NONE',  ( -3.087256161519419173, 104.7657045427582290, 142.2928748423236414 ) ) ;
#7316 = VERTEX_POINT ( 'NONE', #4031 ) ;
#7317 = DIRECTION ( 'NONE',  ( -0.4974245373930948344, -0.05068362259411087617, -0.8660254037844405950 ) ) ;
#7318 = ORIENTED_EDGE ( 'NONE', *, *, #5464, .T. ) ;
#7319 = VECTOR ( 'NONE', #7189, 999.9999999999998863 ) ;
#7320 = EDGE_CURVE ( 'NONE', #8664, #4183, #7582, .T. ) ;
#7321 = VERTEX_POINT ( 'NONE', #5075 ) ;
#7322 = EDGE_CURVE ( 'NONE', #1750, #4497, #7757, .T. ) ;
#7323 = ORIENTED_EDGE ( 'NONE', *, *, #7669, .T. ) ;
#7324 = CARTESIAN_POINT ( 'NONE',  ( -21.46883936400480408, 48.90841125585716043, 102.3324986632875238 ) ) ;
#7325 = ORIENTED_EDGE ( 'NONE', *, *, #7680, .F. ) ;
#7326 = CARTESIAN_POINT ( 'NONE',  ( -0.02454645960061133114, 47.95461868479694800, 143.8585617981738380 ) ) ;
#7327 = DIRECTION ( 'NONE',  ( 0.8615645716962927469, 0.08778660944464633520, -0.4999999999999967248 ) ) ;
#7328 = EDGE_CURVE ( 'NONE', #1998, #9199, #6937, .T. ) ;
#7329 = VECTOR ( 'NONE', #3613, 1000.000000000000114 ) ;
#7330 = AXIS2_PLACEMENT_3D ( 'NONE', #4216, #8756, #7767 ) ;
#7331 = CARTESIAN_POINT ( 'NONE',  ( 3.827248611387672472, 78.45504260557461862, 133.2656869558507253 ) ) ;
#7332 = DIRECTION ( 'NONE',  ( 3.148927598275349405E-15, 3.100401161182723417E-16, -1.000000000000000000 ) ) ;
#7333 = AXIS2_PLACEMENT_3D ( 'NONE', #11098, #3176, #4872 ) ;
#7334 = DIRECTION ( 'NONE',  ( 0.1013672451882219883, -0.9948490747861964412, 1.075499326746823620E-17 ) ) ;
#7335 = VERTEX_POINT ( 'NONE', #9498 ) ;
#7336 = VECTOR ( 'NONE', #2210, 1000.000000000000000 ) ;
#7337 = ORIENTED_EDGE ( 'NONE', *, *, #11091, .T. ) ;
#7338 = ORIENTED_EDGE ( 'NONE', *, *, #8789, .T. ) ;
#7339 = VECTOR ( 'NONE', #1153, 999.9999999999998863 ) ;
#7340 = DIRECTION ( 'NONE',  ( -3.480278902931750302E-15, -3.438021909835086216E-16, 1.000000000000000000 ) ) ;
#7341 = ADVANCED_FACE ( 'NONE', ( #5189 ), #6118, .T. ) ;
#7342 = CARTESIAN_POINT ( 'NONE',  ( -18.85302482767101040, 103.1592975223707072, 125.9705498769468051 ) ) ;
#7343 = CARTESIAN_POINT ( 'NONE',  ( -7.774835134146968585, 104.2880773537701913, 129.2682876403658838 ) ) ;
#7344 = VECTOR ( 'NONE', #1106, 1000.000000000000114 ) ;
#7345 = DIRECTION ( 'NONE',  ( -0.9948490747861963301, -0.1013672451882220299, -6.938893903907229918E-18 ) ) ;
#7346 = VECTOR ( 'NONE', #2135, 1000.000000000000000 ) ;
#7347 = ORIENTED_EDGE ( 'NONE', *, *, #7905, .F. ) ;
#7348 = ORIENTED_EDGE ( 'NONE', *, *, #9525, .F. ) ;
#7349 = DIRECTION ( 'NONE',  ( 0.1013672451882219883, -0.9948490747861964412, 1.075499326746823620E-17 ) ) ;
#7350 = EDGE_CURVE ( 'NONE', #4373, #11014, #1538, .T. ) ;
#7351 = FACE_BOUND ( 'NONE', #3087, .T. ) ;
#7352 = ADVANCED_FACE ( 'NONE', ( #7869 ), #11302, .T. ) ;
#7353 = LINE ( 'NONE', #5594, #4755 ) ;
#7354 = DIRECTION ( 'NONE',  ( 0.8615645716962891942, 0.08778660944464597438, 0.5000000000000029976 ) ) ;
#7355 = VERTEX_POINT ( 'NONE', #9675 ) ;
#7356 = LINE ( 'NONE', #1026, #5648 ) ;
#7357 = VECTOR ( 'NONE', #10144, 999.9999999999998863 ) ;
#7358 = VERTEX_POINT ( 'NONE', #11417 ) ;
#7359 = CARTESIAN_POINT ( 'NONE',  ( -12.42048433156652720, 93.53381893013261106, 115.4200000000005844 ) ) ;
#7360 = EDGE_CURVE ( 'NONE', #9924, #4067, #1657, .T. ) ;
#7361 = LINE ( 'NONE', #10849, #13 ) ;
#7362 = CARTESIAN_POINT ( 'NONE',  ( -7.748365619529465675, 77.27557915158104151, 132.5660254037849199 ) ) ;
#7363 = DIRECTION ( 'NONE',  ( 0.1013672451882219883, -0.9948490747861964412, 1.075499326746823620E-17 ) ) ;
#7364 = CARTESIAN_POINT ( 'NONE',  ( 3.827248611387677357, 78.45504260557461862, 144.7245872019582862 ) ) ;
#7365 = VECTOR ( 'NONE', #801, 1000.000000000000114 ) ;
#7366 = VECTOR ( 'NONE', #4115, 999.9999999999998863 ) ;
#7367 = PLANE ( 'NONE',  #5505 ) ;
#7368 = DIRECTION ( 'NONE',  ( -0.8615645716962926359, -0.08778660944464630744, 0.4999999999999969469 ) ) ;
#7369 = EDGE_CURVE ( 'NONE', #7579, #4354, #7813, .T. ) ;
#7370 = ORIENTED_EDGE ( 'NONE', *, *, #7527, .T. ) ;
#7371 = LINE ( 'NONE', #5439, #8075 ) ;
#7372 = VERTEX_POINT ( 'NONE', #5240 ) ;
#7373 = CARTESIAN_POINT ( 'NONE',  ( 6.877797475765183854, 23.50254020882761807, 147.7000000000005002 ) ) ;
#7374 = ADVANCED_FACE ( 'NONE', ( #4378 ), #10419, .T. ) ;
#7375 = ORIENTED_EDGE ( 'NONE', *, *, #1791, .F. ) ;
#7376 = LINE ( 'NONE', #2831, #3526 ) ;
#7377 = DIRECTION ( 'NONE',  ( -1.000000000000000000, 0.000000000000000000, 0.000000000000000000 ) ) ;
#7378 = VECTOR ( 'NONE', #3563, 1000.000000000000114 ) ;
#7379 = CARTESIAN_POINT ( 'NONE',  ( -4.553060259081219030, 77.60115547278675763, 120.4074636056117242 ) ) ;
#7380 = ORIENTED_EDGE ( 'NONE', *, *, #1305, .T. ) ;
#7381 = DIRECTION ( 'NONE',  ( 0.4974245373931012182, 0.05068362259411096638, -0.8660254037844369313 ) ) ;
#7382 = ADVANCED_FACE ( 'NONE', ( #6002 ), #8802, .T. ) ;
#7383 = ORIENTED_EDGE ( 'NONE', *, *, #11129, .T. ) ;
#7384 = VERTEX_POINT ( 'NONE', #3452 ) ;
#7385 = CARTESIAN_POINT ( 'NONE',  ( -5.050484796474317584, 77.55047185019263623, 134.1317123596352019 ) ) ;
#7386 = VECTOR ( 'NONE', #4127, 1000.000000000000114 ) ;
#7387 = ORIENTED_EDGE ( 'NONE', *, *, #11330, .T. ) ;
#7388 = CARTESIAN_POINT ( 'NONE',  ( -15.65771946722276020, 103.4848738435764233, 130.1343130441503604 ) ) ;
#7389 = EDGE_CURVE ( 'NONE', #10573, #6637, #8692, .T. ) ;
#7390 = ORIENTED_EDGE ( 'NONE', *, *, #8759, .T. ) ;
#7391 = LINE ( 'NONE', #7215, #10768 ) ;
#7392 = CARTESIAN_POINT ( 'NONE',  ( 11.95895714047457936, 54.54777357455753872, 87.77148351815341698 ) ) ;
#7393 = FACE_OUTER_BOUND ( 'NONE', #1188, .T. ) ;
#7394 = EDGE_CURVE ( 'NONE', #11059, #5763, #1600, .T. ) ;
#7395 = DIRECTION ( 'NONE',  ( 0.000000000000000000, 1.000000000000000000, 0.000000000000000000 ) ) ;
#7396 = EDGE_CURVE ( 'NONE', #6467, #10578, #5134, .T. ) ;
#7397 = DIRECTION ( 'NONE',  ( 0.1013672451882219883, -0.9948490747861964412, 1.075499326746823620E-17 ) ) ;
#7398 = ORIENTED_EDGE ( 'NONE', *, *, #2550, .T. ) ;
#7399 = ORIENTED_EDGE ( 'NONE', *, *, #7262, .T. ) ;
#7400 = EDGE_LOOP ( 'NONE', ( #1394, #10052, #774, #6365 ) ) ;
#7401 = DIRECTION ( 'NONE',  ( 0.4974245373930948899, 0.05068362259411066800, 0.8660254037844405950 ) ) ;
#7402 = LINE ( 'NONE', #1352, #674 ) ;
#7403 = FACE_OUTER_BOUND ( 'NONE', #9695, .T. ) ;
#7404 = ADVANCED_FACE ( 'NONE', ( #4261 ), #10542, .T. ) ;
#7405 = VERTEX_POINT ( 'NONE', #6825 ) ;
#7406 = ADVANCED_FACE ( 'NONE', ( #6178 ), #9731, .T. ) ;
#7407 = VERTEX_POINT ( 'NONE', #4433 ) ;
#7408 = CARTESIAN_POINT ( 'NONE',  ( -23.96398171551417278, 48.63143028604403639, 125.3534062774359654 ) ) ;
#7409 = DIRECTION ( 'NONE',  ( -0.5019378298181174092, 0.000000000000000000, 0.8649037027308177361 ) ) ;
#7410 = DIRECTION ( 'NONE',  ( -6.903152180341684056E-18, -7.033765596924220165E-19, 1.000000000000000000 ) ) ;
#7411 = PLANE ( 'NONE',  #5476 ) ;
#7412 = EDGE_LOOP ( 'NONE', ( #8918, #1356, #3953, #4843 ) ) ;
#7413 = CARTESIAN_POINT ( 'NONE',  ( -0.02454645960061480059, 47.95461868479695511, 134.1317123596352019 ) ) ;
#7414 = ORIENTED_EDGE ( 'NONE', *, *, #1821, .F. ) ;
#7415 = CARTESIAN_POINT ( 'NONE',  ( 2.097747348501223019, 105.2940153543403881, 139.8611624826889397 ) ) ;
#7416 = CARTESIAN_POINT ( 'NONE',  ( -1.594982549340130618, 104.9177554105405790, 136.5634247192698467 ) ) ;
#7417 = CIRCLE ( 'NONE', #921, 1.550000000000000266 ) ;
#7418 = CARTESIAN_POINT ( 'NONE',  ( -78.80589368375855486, 70.03537955517121816, 41.16546501764863564 ) ) ;
#7419 = CARTESIAN_POINT ( 'NONE',  ( 6.366064261295890425, 48.60577132720838733, 138.9951370789045200 ) ) ;
#7420 = DIRECTION ( 'NONE',  ( -0.9948490747861964412, -0.1013672451882218634, -3.164135620181696535E-15 ) ) ;
#7421 = EDGE_CURVE ( 'NONE', #4312, #3529, #202, .T. ) ;
#7422 = VECTOR ( 'NONE', #973, 1000.000000000000114 ) ;
#7423 = DIRECTION ( 'NONE',  ( -0.5019378298181113029, 0.000000000000000000, -0.8649037027308211778 ) ) ;
#7424 = LINE ( 'NONE', #6772, #3958 ) ;
#7425 = VERTEX_POINT ( 'NONE', #3620 ) ;
#7426 = PLANE ( 'NONE',  #5285 ) ;
#7427 = ORIENTED_EDGE ( 'NONE', *, *, #1673, .T. ) ;
#7428 = CARTESIAN_POINT ( 'NONE',  ( 2.113813740582654255, 0.2153808865630438274, 1.960957868130204961E-17 ) ) ;
#7429 = ORIENTED_EDGE ( 'NONE', *, *, #7082, .T. ) ;
#7430 = DIRECTION ( 'NONE',  ( -0.4974245373930948344, -0.05068362259411087617, -0.8660254037844405950 ) ) ;
#7431 = EDGE_CURVE ( 'NONE', #3954, #4866, #5587, .T. ) ;
#7432 = AXIS2_PLACEMENT_3D ( 'NONE', #4992, #5861, #9469 ) ;
#7433 = ADVANCED_FACE ( 'NONE', ( #6415, #9092 ), #10723, .F. ) ;
#7434 = CARTESIAN_POINT ( 'NONE',  ( -9.897128942248800243, 46.94868068422675123, 133.2656869558507253 ) ) ;
#7435 = ORIENTED_EDGE ( 'NONE', *, *, #9530, .T. ) ;
#7436 = LINE ( 'NONE', #3011, #9227 ) ;
#7437 = VERTEX_POINT ( 'NONE', #9901 ) ;
#7438 = ORIENTED_EDGE ( 'NONE', *, *, #4508, .T. ) ;
#7440 = EDGE_CURVE ( 'NONE', #1738, #6055, #9035, .T. ) ;
#7439 = CARTESIAN_POINT ( 'NONE',  ( 6.818417918314319870, 24.08530930432304373, 115.0057864376274637 ) ) ;
#7441 = EDGE_LOOP ( 'NONE', ( #3424, #10277, #6084 ) ) ;
#7442 = VECTOR ( 'NONE', #7430, 1000.000000000000114 ) ;
#7443 = CARTESIAN_POINT ( 'NONE',  ( -7.872481210540143159, 77.26293275539438810, 118.6754127980427711 ) ) ;
#7444 = ORIENTED_EDGE ( 'NONE', *, *, #2304, .F. ) ;
#7445 = CARTESIAN_POINT ( 'NONE',  ( -18.27743781271769308, 46.09479355143887602, 130.1343130441503604 ) ) ;
#7446 = DIRECTION ( 'NONE',  ( 0.1013672451882219883, -0.9948490747861964412, 1.075499326746823620E-17 ) ) ;
#7447 = DIRECTION ( 'NONE',  ( 0.4974245373930950564, 0.05068362259411089699, 0.8660254037844403729 ) ) ;
#7448 = VECTOR ( 'NONE', #7052, 999.9999999999998863 ) ;
#7449 = DIRECTION ( 'NONE',  ( -8.141667454118532778E-17, -3.990033831470024719E-16, -1.000000000000000000 ) ) ;
#7450 = DIRECTION ( 'NONE',  ( -0.8615645716962926359, -0.08778660944464630744, 0.4999999999999969469 ) ) ;
#7451 = VERTEX_POINT ( 'NONE', #8163 ) ;
#7452 = ORIENTED_EDGE ( 'NONE', *, *, #10158, .T. ) ;
#7453 = DIRECTION ( 'NONE',  ( 0.8615645716962927469, 0.08778660944464633520, -0.4999999999999967248 ) ) ;
#7454 = CARTESIAN_POINT ( 'NONE',  ( 4.341001148326234294, 48.39943342702169105, 147.7000000000005002 ) ) ;
#7455 = LINE ( 'NONE', #1354, #4404 ) ;
#7456 = VERTEX_POINT ( 'NONE', #1832 ) ;
#7457 = ORIENTED_EDGE ( 'NONE', *, *, #590, .F. ) ;
#7458 = DIRECTION ( 'NONE',  ( 0.1013672451882219883, -0.9948490747861964412, 1.075499326746823620E-17 ) ) ;
#7459 = DIRECTION ( 'NONE',  ( -5.089571141214401552E-24, 4.995060417686127567E-23, 1.000000000000000000 ) ) ;
#7460 = LINE ( 'NONE', #8453, #11198 ) ;
#7461 = EDGE_CURVE ( 'NONE', #1282, #3917, #3734, .T. ) ;
#7462 = DIRECTION ( 'NONE',  ( 0.4974245373931009961, 0.05068362259411126475, -0.8660254037844370423 ) ) ;
#7464 = ORIENTED_EDGE ( 'NONE', *, *, #2291, .F. ) ;
#7463 = EDGE_CURVE ( 'NONE', #3839, #5922, #1131, .T. ) ;
#7465 = ORIENTED_EDGE ( 'NONE', *, *, #348, .F. ) ;
#7466 = DIRECTION ( 'NONE',  ( 6.903152180341685597E-18, 7.033765596924229795E-19, -1.000000000000000000 ) ) ;
#7467 = PLANE ( 'NONE',  #1298 ) ;
#7468 = LINE ( 'NONE', #10246, #491 ) ;
#7469 = DIRECTION ( 'NONE',  ( -0.4974245373931009961, -0.05068362259411093862, 0.8660254037844370423 ) ) ;
#7470 = FACE_OUTER_BOUND ( 'NONE', #1864, .T. ) ;
#7471 = DIRECTION ( 'NONE',  ( -0.4974245373930951675, -0.05068362259411070270, -0.8660254037844403729 ) ) ;
#7472 = ORIENTED_EDGE ( 'NONE', *, *, #7961, .F. ) ;
#7473 = DIRECTION ( 'NONE',  ( 0.1013672451882219883, -0.9948490747861964412, 1.075499326746823620E-17 ) ) ;
#7474 = VERTEX_POINT ( 'NONE', #2925 ) ;
#7475 = VECTOR ( 'NONE', #7575, 999.9999999999998863 ) ;
#7476 = PLANE ( 'NONE',  #5850 ) ;
#7477 = VERTEX_POINT ( 'NONE', #7987 ) ;
#7478 = PLANE ( 'NONE',  #946 ) ;
#7479 = ADVANCED_FACE ( 'NONE', ( #10834 ), #28, .T. ) ;
#7480 = VECTOR ( 'NONE', #7471, 1000.000000000000000 ) ;
#7481 = AXIS2_PLACEMENT_3D ( 'NONE', #4686, #1098, #4631 ) ;
#7482 = DIRECTION ( 'NONE',  ( 1.000000000000000000, 0.000000000000000000, 3.480278902931750302E-15 ) ) ;
#7483 = AXIS2_PLACEMENT_3D ( 'NONE', #5688, #7101, #10644 ) ;
#7484 = DIRECTION ( 'NONE',  ( 0.9948490747861963301, 0.1013672451882220299, -2.132444139289369561E-50 ) ) ;
#7485 = ORIENTED_EDGE ( 'NONE', *, *, #5895, .F. ) ;
#7486 = CARTESIAN_POINT ( 'NONE',  ( 17.57061150527305671, 50.75260358733006427, 155.7000000000005002 ) ) ;
#7487 = VERTEX_POINT ( 'NONE', #10896 ) ;
#7488 = ORIENTED_EDGE ( 'NONE', *, *, #4508, .F. ) ;
#7490 = VECTOR ( 'NONE', #8540, 999.9999999999998863 ) ;
#7489 = DIRECTION ( 'NONE',  ( -0.4974245373930948344, -0.05068362259411087617, -0.8660254037844405950 ) ) ;
#7491 = EDGE_LOOP ( 'NONE', ( #7845, #6494, #5406, #8304 ) ) ;
#7492 = LINE ( 'NONE', #9582, #3801 ) ;
#7493 = EDGE_CURVE ( 'NONE', #6889, #4589, #5414, .T. ) ;
#7494 = LINE ( 'NONE', #415, #11391 ) ;
#7495 = EDGE_CURVE ( 'NONE', #7722, #2910, #2860, .T. ) ;
#7496 = ORIENTED_EDGE ( 'NONE', *, *, #10611, .T. ) ;
#7497 = LINE ( 'NONE', #635, #2591 ) ;
#7498 = DIRECTION ( 'NONE',  ( 0.1013672451882220160, -0.9948490747861964412, -1.078520768856852215E-32 ) ) ;
#7499 = CARTESIAN_POINT ( 'NONE',  ( -24.53545287508475425, 102.5803030881944409, 143.8585617981738380 ) ) ;
#7500 = DIRECTION ( 'NONE',  ( -1.000000000000000000, 0.000000000000000000, -3.148927598275349405E-15 ) ) ;
#7501 = AXIS2_PLACEMENT_3D ( 'NONE', #2016, #3691, #1956 ) ;
#7502 = FACE_OUTER_BOUND ( 'NONE', #4778, .T. ) ;
#7503 = EDGE_LOOP ( 'NONE', ( #10009, #9246, #7222, #9107 ) ) ;
#7504 = EDGE_LOOP ( 'NONE', ( #8565, #4706, #1154, #6096 ) ) ;
#7505 = ORIENTED_EDGE ( 'NONE', *, *, #8101, .T. ) ;
#7506 = ADVANCED_FACE ( 'NONE', ( #142 ), #6294, .T. ) ;
#7507 = CARTESIAN_POINT ( 'NONE',  ( -13.43079366694320775, 76.69658471740476102, 124.4048629210965657 ) ) ;
#7508 = ORIENTED_EDGE ( 'NONE', *, *, #17, .F. ) ;
#7509 = PLANE ( 'NONE',  #1413 ) ;
#7510 = CARTESIAN_POINT ( 'NONE',  ( -6.820021738534591371, 38.56917015520571113, 115.4200000000005844 ) ) ;
#7511 = VECTOR ( 'NONE', #2221, 999.9999999999998863 ) ;
#7512 = VECTOR ( 'NONE', #1548, 1000.000000000000114 ) ;
#7513 = VERTEX_POINT ( 'NONE', #2006 ) ;
#7514 = VERTEX_POINT ( 'NONE', #3562 ) ;
#7515 = CARTESIAN_POINT ( 'NONE',  ( -9.975291419809025228, 104.0638682777526896, 136.5634247192698467 ) ) ;
#7516 = DIRECTION ( 'NONE',  ( -0.1013672451882220021, 0.9948490747861964412, 2.465190328815662439E-32 ) ) ;
#7517 = B_SPLINE_CURVE_WITH_KNOTS ( 'NONE', 3,
 ( #3181, #8665, #703, #4235, #3360, #2488 ),
 .UNSPECIFIED., .F., .F.,
 ( 4, 2, 4 ),
 ( 1.187830667198005127E-14, 0.0003998093532326677728, 0.0007996187064534572434 ),
 .UNSPECIFIED. ) ;
#7518 = DIRECTION ( 'NONE',  ( -0.9948490747861963301, -0.1013672451882220021, 1.200647045275744145E-16 ) ) ;
#7519 = CYLINDRICAL_SURFACE ( 'NONE', #8459, 0.9999999999999990008 ) ;
#7520 = ORIENTED_EDGE ( 'NONE', *, *, #11260, .F. ) ;
#7521 = DIRECTION ( 'NONE',  ( 0.4974245373931009961, 0.05068362259411126475, -0.8660254037844370423 ) ) ;
#7522 = CARTESIAN_POINT ( 'NONE',  ( -24.03802833769165659, 102.6309867107885481, 144.7245872019582862 ) ) ;
#7523 = VECTOR ( 'NONE', #8478, 999.9999999999998863 ) ;
#7524 = VECTOR ( 'NONE', #10731, 999.9999999999998863 ) ;
#7525 = CARTESIAN_POINT ( 'NONE',  ( 11.95895714047458469, 54.54777357600598720, 105.4200000000005701 ) ) ;
#7526 = DIRECTION ( 'NONE',  ( -0.8615645716962926359, -0.08778660944464630744, 0.4999999999999969469 ) ) ;
#7527 = EDGE_CURVE ( 'NONE', #9141, #1346, #5534, .T. ) ;
#7528 = EDGE_CURVE ( 'NONE', #4857, #3101, #260, .T. ) ;
#7529 = EDGE_CURVE ( 'NONE', #64, #7955, #10653, .T. ) ;
#7530 = VECTOR ( 'NONE', #7287, 999.9999999999998863 ) ;
#7531 = CARTESIAN_POINT ( 'NONE',  ( -0.5219709969936959792, 47.90393506220281239, 133.2656869558507822 ) ) ;
#7532 = LINE ( 'NONE', #4856, #1542 ) ;
#7533 = ADVANCED_FACE ( 'NONE', ( #7230 ), #9792, .T. ) ;
#7534 = ORIENTED_EDGE ( 'NONE', *, *, #5697, .T. ) ;
#7535 = LINE ( 'NONE', #9451, #2319 ) ;
#7536 = ORIENTED_EDGE ( 'NONE', *, *, #4258, .F. ) ;
#7537 = DIRECTION ( 'NONE',  ( -6.903152180341685597E-18, -7.033765596924229795E-19, 1.000000000000000000 ) ) ;
#7538 = AXIS2_PLACEMENT_3D ( 'NONE', #1921, #2964, #8320 ) ;
#7539 = ORIENTED_EDGE ( 'NONE', *, *, #1700, .F. ) ;
#7540 = DIRECTION ( 'NONE',  ( -0.4974245373930951675, -0.05068362259411070270, -0.8660254037844403729 ) ) ;
#7541 = VECTOR ( 'NONE', #7518, 1000.000000000000114 ) ;
#7542 = LINE ( 'NONE', #5847, #6226 ) ;
#7543 = CIRCLE ( 'NONE', #11448, 1.049999999999992273 ) ;
#7544 = AXIS2_PLACEMENT_3D ( 'NONE', #244, #9887, #3779 ) ;
#7545 = FACE_OUTER_BOUND ( 'NONE', #10438, .T. ) ;
#7546 = EDGE_CURVE ( 'NONE', #3069, #4300, #1886, .T. ) ;
#7547 = ORIENTED_EDGE ( 'NONE', *, *, #11228, .T. ) ;
#7548 = CARTESIAN_POINT ( 'NONE',  ( 51.42277814958123372, 83.30465028460689325, 34.41138442089019378 ) ) ;
#7549 = ORIENTED_EDGE ( 'NONE', *, *, #8218, .T. ) ;
#7550 = CARTESIAN_POINT ( 'NONE',  ( -2.092407086733225619, 104.8670717879464576, 130.8339745962161373 ) ) ;
#7551 = ORIENTED_EDGE ( 'NONE', *, *, #8494, .T. ) ;
#7552 = VECTOR ( 'NONE', #3483, 999.9999999999998863 ) ;
#7553 = CARTESIAN_POINT ( 'NONE',  ( 10.70998192154905482, 49.04838214899448445, 50.04579744993567658 ) ) ;
#7554 = DIRECTION ( 'NONE',  ( 0.4974245373930948899, 0.05068362259411066800, 0.8660254037844405950 ) ) ;
#7555 = ORIENTED_EDGE ( 'NONE', *, *, #1596, .T. ) ;
#7556 = LINE ( 'NONE', #8491, #8913 ) ;
#7557 = CARTESIAN_POINT ( 'NONE',  ( -0.6152014920796833319, 6.335970026501112073, 168.0137084989852951 ) ) ;
#7558 = VECTOR ( 'NONE', #2127, 999.9999999999998863 ) ;
#7559 = ORIENTED_EDGE ( 'NONE', *, *, #10308, .F. ) ;
#7560 = DIRECTION ( 'NONE',  ( -1.000000000000000000, 0.000000000000000000, 0.000000000000000000 ) ) ;
#7561 = CIRCLE ( 'NONE', #3661, 1.550000000000000266 ) ;
#7562 = DIRECTION ( 'NONE',  ( 0.1013672451882219883, -0.9948490747861964412, 1.075499326746823620E-17 ) ) ;
#7563 = ORIENTED_EDGE ( 'NONE', *, *, #6134, .T. ) ;
#7564 = ADVANCED_FACE ( 'NONE', ( #2805 ), #7509, .T. ) ;
#7565 = ORIENTED_EDGE ( 'NONE', *, *, #9983, .F. ) ;
#7566 = ORIENTED_EDGE ( 'NONE', *, *, #546, .F. ) ;
#7567 = DIRECTION ( 'NONE',  ( -0.5019378298181113029, 0.000000000000000000, -0.8649037027308211778 ) ) ;
#7568 = EDGE_LOOP ( 'NONE', ( #2292, #373, #2740, #4101 ) ) ;
#7569 = EDGE_CURVE ( 'NONE', #4339, #4883, #5818, .T. ) ;
#7570 = DIRECTION ( 'NONE',  ( -0.4974245373930951675, -0.05068362259411070270, -0.8660254037844403729 ) ) ;
#7571 = DIRECTION ( 'NONE',  ( 0.1013672451882219883, -0.9948490747861964412, 1.075499326746823620E-17 ) ) ;
#7572 = ADVANCED_FACE ( 'NONE', ( #10235 ), #5643, .T. ) ;
#7573 = ORIENTED_EDGE ( 'NONE', *, *, #2291, .T. ) ;
#7574 = ORIENTED_EDGE ( 'NONE', *, *, #2590, .T. ) ;
#7575 = DIRECTION ( 'NONE',  ( 0.1013672451882219883, -0.9948490747861964412, 1.075499326746823620E-17 ) ) ;
#7576 = LINE ( 'NONE', #4789, #10810 ) ;
#7577 = CARTESIAN_POINT ( 'NONE',  ( -18.27743781271769308, 46.09479355143887602, 118.6754127980427853 ) ) ;
#7578 = ADVANCED_FACE ( 'NONE', ( #2272 ), #375, .T. ) ;
#7579 = VERTEX_POINT ( 'NONE', #10185 ) ;
#7580 = CARTESIAN_POINT ( 'NONE',  ( -12.59500976530395455, 46.67378798561514230, 126.8365752807312248 ) ) ;
#7581 = LINE ( 'NONE', #11126, #738 ) ;
#7582 = LINE ( 'NONE', #846, #2899 ) ;
#7583 = DIRECTION ( 'NONE',  ( 0.5019378298181115250, 0.000000000000000000, 0.8649037027308210668 ) ) ;
#7584 = EDGE_LOOP ( 'NONE', ( #3514, #1467, #8560, #59, #631, #1195 ) ) ;
#7585 = LINE ( 'NONE', #1320, #3765 ) ;
#7586 = EDGE_CURVE ( 'NONE', #3624, #2992, #7402, .T. ) ;
#7587 = CARTESIAN_POINT ( 'NONE',  ( -19.84787390245720928, 103.0579302771824928, 130.8339745962160805 ) ) ;
#7588 = VERTEX_POINT ( 'NONE', #6526 ) ;
#7589 = DIRECTION ( 'NONE',  ( -0.8615645716962926359, -0.08778660944464630744, 0.4999999999999969469 ) ) ;
#7590 = ORIENTED_EDGE ( 'NONE', *, *, #4059, .F. ) ;
#7591 = CARTESIAN_POINT ( 'NONE',  ( 7.858337873475182533, 48.75782219499071601, 133.2656869558507822 ) ) ;
#7592 = VERTEX_POINT ( 'NONE', #7454 ) ;
#7593 = DIRECTION ( 'NONE',  ( 1.000000000000000000, 0.000000000000000000, 0.000000000000000000 ) ) ;
#7594 = EDGE_CURVE ( 'NONE', #8076, #2948, #490, .T. ) ;
#7595 = DIRECTION ( 'NONE',  ( 0.1013672451882219883, -0.9948490747861964412, 1.075499326746823620E-17 ) ) ;
#7596 = AXIS2_PLACEMENT_3D ( 'NONE', #1536, #1481, #5021 ) ;
#7597 = ORIENTED_EDGE ( 'NONE', *, *, #3578, .T. ) ;
#7598 = CARTESIAN_POINT ( 'NONE',  ( -14.66287039243656487, 103.5862410887646377, 142.9925363943894183 ) ) ;
#7599 = ORIENTED_EDGE ( 'NONE', *, *, #4156, .F. ) ;
#7600 = ORIENTED_EDGE ( 'NONE', *, *, #234, .F. ) ;
#7601 = CARTESIAN_POINT ( 'NONE',  ( 1.102898273715022581, 105.1926481091521737, 128.4022622365814073 ) ) ;
#7602 = VERTEX_POINT ( 'NONE', #547 ) ;
#7603 = CARTESIAN_POINT ( 'NONE',  ( -7.578143506410728314, 1.626501356039936175, 156.7000000000005002 ) ) ;
#7604 = LINE ( 'NONE', #4108, #1928 ) ;
#7605 = VERTEX_POINT ( 'NONE', #11169 ) ;
#7606 = CARTESIAN_POINT ( 'NONE',  ( -63.53754955500003376, 71.59110295296463278, 32.30464098289442632 ) ) ;
#7607 = DIRECTION ( 'NONE',  ( 0.1013672451882219883, -0.9948490747861964412, 1.075499326746823620E-17 ) ) ;
#7608 = EDGE_CURVE ( 'NONE', #2711, #6726, #5681, .T. ) ;
#7609 = VECTOR ( 'NONE', #1215, 1000.000000000000000 ) ;
#7610 = ADVANCED_FACE ( 'NONE', ( #6583 ), #9369, .T. ) ;
#7611 = VERTEX_POINT ( 'NONE', #3906 ) ;
#7612 = CARTESIAN_POINT ( 'NONE',  ( -1.958098111848665779, 40.17836628170073254, 146.7000000000005002 ) ) ;
#7613 = ADVANCED_FACE ( 'NONE', ( #7624 ), #4953, .F. ) ;
#7614 = CARTESIAN_POINT ( 'NONE',  ( 6.863488798688985426, 48.65645494980250163, 125.2708883248810423 ) ) ;
#7615 = EDGE_CURVE ( 'NONE', #1011, #8422, #8506, .T. ) ;
#7616 = CARTESIAN_POINT ( 'NONE',  ( -10.83332635632782548, 17.77973654437600359, 150.0500000000005230 ) ) ;
#7617 = VECTOR ( 'NONE', #5489, 1000.000000000000114 ) ;
#7618 = FACE_OUTER_BOUND ( 'NONE', #2417, .T. ) ;
#7619 = ORIENTED_EDGE ( 'NONE', *, *, #1528, .F. ) ;
#7620 = VERTEX_POINT ( 'NONE', #9431 ) ;
#7621 = VERTEX_POINT ( 'NONE', #1249 ) ;
#7622 = DIRECTION ( 'NONE',  ( 6.903152180341683286E-18, 7.033765596924228832E-19, -1.000000000000000000 ) ) ;
#7623 = EDGE_CURVE ( 'NONE', #1981, #5143, #8334, .T. ) ;
#7624 = FACE_OUTER_BOUND ( 'NONE', #6579, .T. ) ;
#7625 = EDGE_CURVE ( 'NONE', #9220, #4892, #6748, .T. ) ;
#7626 = LINE ( 'NONE', #3908, #11463 ) ;
#7627 = ORIENTED_EDGE ( 'NONE', *, *, #9568, .F. ) ;
#7628 = ORIENTED_EDGE ( 'NONE', *, *, #4643, .T. ) ;
#7629 = LINE ( 'NONE', #1307, #1730 ) ;
#7630 = FACE_BOUND ( 'NONE', #2785, .T. ) ;
#7631 = CARTESIAN_POINT ( 'NONE',  ( -21.81110253741210769, 75.84269758461688582, 119.5414382018272477 ) ) ;
#7632 = ORIENTED_EDGE ( 'NONE', *, *, #10979, .T. ) ;
#7633 = EDGE_CURVE ( 'NONE', #1785, #3069, #10126, .T. ) ;
#7634 = LINE ( 'NONE', #5720, #5018 ) ;
#7635 = CARTESIAN_POINT ( 'NONE',  ( 6.349743540596019642, 3.045642788675047452, 113.3500000000005059 ) ) ;
#7636 = DIRECTION ( 'NONE',  ( 0.1013672451882219883, -0.9948490747861964412, 1.075499326746823620E-17 ) ) ;
#7637 = LINE ( 'NONE', #6657, #4394 ) ;
#7638 =( BOUNDED_CURVE ( )  B_SPLINE_CURVE ( 3, ( #2681, #6233, #9786, #1827 ),
 .UNSPECIFIED., .F., .F. ) 
 B_SPLINE_CURVE_WITH_KNOTS ( ( 4, 4 ),
 ( 3.141592653589794448, 4.712388980384702108 ),
 .UNSPECIFIED. ) 
 CURVE ( )  GEOMETRIC_REPRESENTATION_ITEM ( )  RATIONAL_B_SPLINE_CURVE ( ( 1.000000000000000000, 0.8047378541243622729, 0.8047378541243622729, 1.000000000000000000 ) ) 
 REPRESENTATION_ITEM ( '' )  );
#7639 = ORIENTED_EDGE ( 'NONE', *, *, #7993, .T. ) ;
#7640 = CARTESIAN_POINT ( 'NONE',  ( 1.129367788332495737, 78.18014990696300970, 131.7000000000005286 ) ) ;
#7641 = LINE ( 'NONE', #9332, #4887 ) ;
#7642 = CARTESIAN_POINT ( 'NONE',  ( -7.277410596753870031, 104.3387609763642985, 134.9977377634196785 ) ) ;
#7643 = CARTESIAN_POINT ( 'NONE',  ( -19.84787390245720928, 103.0579302771824928, 122.8391759652463833 ) ) ;
#7644 = EDGE_LOOP ( 'NONE', ( #9911, #6345, #6155, #4255 ) ) ;
#7645 = PLANE ( 'NONE',  #1788 ) ;
#7646 = ORIENTED_EDGE ( 'NONE', *, *, #9436, .F. ) ;
#7647 = LINE ( 'NONE', #11196, #9018 ) ;
#7648 = VECTOR ( 'NONE', #8982, 1000.000000000000114 ) ;
#7649 = ADVANCED_FACE ( 'NONE', ( #8279 ), #320, .T. ) ;
#7650 = ORIENTED_EDGE ( 'NONE', *, *, #2696, .F. ) ;
#7651 = DIRECTION ( 'NONE',  ( -0.4974245373931009961, -0.05068362259411093862, 0.8660254037844370423 ) ) ;
#7652 = ORIENTED_EDGE ( 'NONE', *, *, #7771, .T. ) ;
#7653 = EDGE_LOOP ( 'NONE', ( #4041, #4831, #3368, #8418 ) ) ;
#7654 = DIRECTION ( 'NONE',  ( -0.4974245373931011072, -0.05068362259411127169, 0.8660254037844369313 ) ) ;
#7655 = ORIENTED_EDGE ( 'NONE', *, *, #10283, .T. ) ;
#7656 = DIRECTION ( 'NONE',  ( 0.4974245373930948899, 0.05068362259411066800, 0.8660254037844405950 ) ) ;
#7657 = DIRECTION ( 'NONE',  ( 0.1013672451882219883, -0.9948490747861964412, 1.075499326746823620E-17 ) ) ;
#7658 = EDGE_LOOP ( 'NONE', ( #3159, #10606, #706, #6031 ) ) ;
#7659 = LINE ( 'NONE', #1288, #1302 ) ;
#7660 = LINE ( 'NONE', #860, #4715 ) ;
#7661 = VECTOR ( 'NONE', #10514, 999.9999999999998863 ) ;
#7662 = VECTOR ( 'NONE', #664, 999.9999999999998863 ) ;
#7663 = FACE_OUTER_BOUND ( 'NONE', #5546, .T. ) ;
#7664 = CARTESIAN_POINT ( 'NONE',  ( -31.02595163181688065, 73.89859981487161633, 88.77148351815341698 ) ) ;
#7665 = EDGE_CURVE ( 'NONE', #914, #5243, #5708, .T. ) ;
#7666 = CARTESIAN_POINT ( 'NONE',  ( 1.102898273715022581, 105.1926481091521737, 118.6754127980427853 ) ) ;
#7667 = EDGE_LOOP ( 'NONE', ( #1469, #2888, #47, #11466 ) ) ;
#7668 = ORIENTED_EDGE ( 'NONE', *, *, #2929, .T. ) ;
#7669 = EDGE_CURVE ( 'NONE', #3095, #120, #2615, .T. ) ;
#7670 = VERTEX_POINT ( 'NONE', #9486 ) ;
#7671 = VECTOR ( 'NONE', #3968, 999.9999999999998863 ) ;
#7672 = AXIS2_PLACEMENT_3D ( 'NONE', #7225, #10390, #4107 ) ;
#7673 = ORIENTED_EDGE ( 'NONE', *, *, #2415, .T. ) ;
#7674 = DIRECTION ( 'NONE',  ( -0.8615645716962893053, -0.08778660944464596050, -0.5000000000000027756 ) ) ;
#7675 = VERTEX_POINT ( 'NONE', #6811 ) ;
#7676 = VECTOR ( 'NONE', #10339, 999.9999999999998863 ) ;
#7677 = CARTESIAN_POINT ( 'NONE',  ( -17.28258873793149419, 46.19616079662709041, 138.1291116751201002 ) ) ;
#7678 = CYLINDRICAL_SURFACE ( 'NONE', #4210, 1.049999999999992273 ) ;
#7679 = ORIENTED_EDGE ( 'NONE', *, *, #10741, .F. ) ;
#7680 = EDGE_CURVE ( 'NONE', #3255, #5326, #4188, .T. ) ;
#7681 = VERTEX_POINT ( 'NONE', #5174 ) ;
#7682 = CARTESIAN_POINT ( 'NONE',  ( 18.66682782524747353, 49.85912175773209043, 155.7000000000005002 ) ) ;
#7683 = CARTESIAN_POINT ( 'NONE',  ( 6.863488798688985426, 48.65645494980250163, 130.1343130441503604 ) ) ;
#7684 = VECTOR ( 'NONE', #4777, 1000.000000000000114 ) ;
#7685 = LINE ( 'NONE', #555, #10492 ) ;
#7686 = ORIENTED_EDGE ( 'NONE', *, *, #9479, .T. ) ;
#7687 = CARTESIAN_POINT ( 'NONE',  ( -18.27743781271769308, 46.09479355143887602, 134.9977377634196785 ) ) ;
#7688 = CARTESIAN_POINT ( 'NONE',  ( 6.863488798688985426, 48.65645494980250163, 130.1343130441503604 ) ) ;
#7689 = AXIS2_PLACEMENT_3D ( 'NONE', #3314, #11222, #3253 ) ;
#7690 = CARTESIAN_POINT ( 'NONE',  ( -5.050484796474314919, 77.55047185019263623, 124.4048629210965657 ) ) ;
#7691 = AXIS2_PLACEMENT_3D ( 'NONE', #2639, #9741, #1783 ) ;
#7692 = CARTESIAN_POINT ( 'NONE',  ( -9.128143506410729913, 1.626501356039936175, 150.0500000000005230 ) ) ;
#7693 = ADVANCED_FACE ( 'NONE', ( #1585 ), #2500, .T. ) ;
#7694 = VERTEX_POINT ( 'NONE', #11289 ) ;
#7695 = EDGE_CURVE ( 'NONE', #145, #4130, #11345, .T. ) ;
#7696 = CIRCLE ( 'NONE', #9197, 1.049999999999992273 ) ;
#7697 = LINE ( 'NONE', #8573, #990 ) ;
#7698 = DIRECTION ( 'NONE',  ( -1.000000000000000000, 0.000000000000000000, -3.148927598275349405E-15 ) ) ;
#7699 = ADVANCED_FACE ( 'NONE', ( #6051 ), #8614, .T. ) ;
#7700 = VECTOR ( 'NONE', #2044, 1000.000000000000114 ) ;
#7701 = CARTESIAN_POINT ( 'NONE',  ( -10.16575261002717134, 1.362844472694169529, 105.4200000000005986 ) ) ;
#7702 = DIRECTION ( 'NONE',  ( -0.9938949685030576964, -0.1103303747129771861, 0.000000000000000000 ) ) ;
#7703 = ORIENTED_EDGE ( 'NONE', *, *, #2446, .F. ) ;
#7704 = CARTESIAN_POINT ( 'NONE',  ( 6.366064261295886872, 48.60577132720839444, 119.5414382018272477 ) ) ;
#7705 = ORIENTED_EDGE ( 'NONE', *, *, #4045, .F. ) ;
#7706 = DIRECTION ( 'NONE',  ( 0.1013672451882219883, -0.9948490747861964412, 1.075499326746823620E-17 ) ) ;
#7707 = AXIS2_PLACEMENT_3D ( 'NONE', #9812, #4398, #7076 ) ;
#7708 = CARTESIAN_POINT ( 'NONE',  ( -57.25231790214832728, 72.23151830255552852, 28.65707244344243421 ) ) ;
#7709 = VECTOR ( 'NONE', #7363, 999.9999999999998863 ) ;
#7710 = EDGE_CURVE ( 'NONE', #3875, #7958, #2560, .T. ) ;
#7711 = VECTOR ( 'NONE', #10683, 1000.000000000000114 ) ;
#7712 = ORIENTED_EDGE ( 'NONE', *, *, #11176, .T. ) ;
#7713 = EDGE_CURVE ( 'NONE', #8390, #4646, #9543, .T. ) ;
#7714 = CARTESIAN_POINT ( 'NONE',  ( 7.858337873475186086, 48.75782219499070891, 138.1291116751201002 ) ) ;
#7715 = DIRECTION ( 'NONE',  ( 0.9948490747861963301, 0.1013672451882219744, 3.164135620181696535E-15 ) ) ;
#7716 = ORIENTED_EDGE ( 'NONE', *, *, #1963, .T. ) ;
#7717 = DIRECTION ( 'NONE',  ( -0.9938949685030576964, -0.1103303747129771861, -6.514758705377155282E-13 ) ) ;
#7718 = ORIENTED_EDGE ( 'NONE', *, *, #2511, .T. ) ;
#7719 = SPHERICAL_SURFACE ( 'NONE', #3239, 1.000000000000000000 ) ;
#7720 = PLANE ( 'NONE',  #2849 ) ;
#7721 = AXIS2_PLACEMENT_3D ( 'NONE', #328, #9324, #9215 ) ;
#7722 = VERTEX_POINT ( 'NONE', #6102 ) ;
#7723 = CARTESIAN_POINT ( 'NONE',  ( 14.73710580834818096, 79.56149309352981902, 88.77148351815341698 ) ) ;
#7724 = DIRECTION ( 'NONE',  ( 0.9948490747861964412, 0.1013672451882218634, 3.497202527569243497E-15 ) ) ;
#7725 = VECTOR ( 'NONE', #2749, 1000.000000000000000 ) ;
#7726 = DIRECTION ( 'NONE',  ( 0.1013672451882219883, -0.9948490747861964412, 1.075499326746823620E-17 ) ) ;
#7727 = VECTOR ( 'NONE', #10636, 1000.000000000000114 ) ;
#7728 = CARTESIAN_POINT ( 'NONE',  ( -7.872481210540155594, 77.26293275539438810, 134.9977377634196500 ) ) ;
#7729 = CARTESIAN_POINT ( 'NONE',  ( -9.897128942248800243, 46.94868068422675123, 120.4074636056117242 ) ) ;
#7730 = AXIS2_PLACEMENT_3D ( 'NONE', #3216, #8639, #4268 ) ;
#7731 = VECTOR ( 'NONE', #11376, 999.9999999999998863 ) ;
#7732 = EDGE_LOOP ( 'NONE', ( #6875, #9368, #6636, #5822, #8486, #5083 ) ) ;
#7733 = DIRECTION ( 'NONE',  ( 0.1013672451882219883, -0.9948490747861964412, 1.075499326746823620E-17 ) ) ;
#7734 = VERTEX_POINT ( 'NONE', #715 ) ;
#7735 = ORIENTED_EDGE ( 'NONE', *, *, #1055, .F. ) ;
#7736 = AXIS2_PLACEMENT_3D ( 'NONE', #10915, #2077, #5603 ) ;
#7737 = ORIENTED_EDGE ( 'NONE', *, *, #5788, .T. ) ;
#7738 = CARTESIAN_POINT ( 'NONE',  ( -0.6152014920796888831, 2.335970026501086760, 153.0500000000005230 ) ) ;
#7739 = ORIENTED_EDGE ( 'NONE', *, *, #5461, .T. ) ;
#7740 = CARTESIAN_POINT ( 'NONE',  ( 4.822097686173871800, 78.55640985076284721, 125.2708883248809855 ) ) ;
#7741 = ORIENTED_EDGE ( 'NONE', *, *, #430, .F. ) ;
#7742 = EDGE_CURVE ( 'NONE', #708, #5741, #2386, .T. ) ;
#7743 = DIRECTION ( 'NONE',  ( -1.000000000000000000, 0.000000000000000000, -3.148927598275349405E-15 ) ) ;
#7744 = EDGE_CURVE ( 'NONE', #4916, #11444, #7917, .T. ) ;
#7745 = AXIS2_PLACEMENT_3D ( 'NONE', #1775, #7814, #1715 ) ;
#7746 = PLANE ( 'NONE',  #9238 ) ;
#7747 = ORIENTED_EDGE ( 'NONE', *, *, #7665, .F. ) ;
#7748 = VERTEX_POINT ( 'NONE', #599 ) ;
#7749 = CARTESIAN_POINT ( 'NONE',  ( -10.16575261002717312, 1.362844472694154874, 156.7000000000005002 ) ) ;
#7750 = CARTESIAN_POINT ( 'NONE',  ( -11.22845568534358662, 21.65765634640197845, 156.7000000000005002 ) ) ;
#7751 = CARTESIAN_POINT ( 'NONE',  ( -26.06617769514236471, 67.56875386892193092, 125.3534062788133099 ) ) ;
#7752 = VECTOR ( 'NONE', #7972, 999.9999999999998863 ) ;
#7753 = ORIENTED_EDGE ( 'NONE', *, *, #11007, .T. ) ;
#7754 = DIRECTION ( 'NONE',  ( 0.9948490747861963301, 0.1013672451882219744, 3.164135620181696535E-15 ) ) ;
#7755 = ADVANCED_FACE ( 'NONE', ( #4125, #3257, #10356, #10408, #828, #3373 ), #6924, .T. ) ;
#7756 = PLANE ( 'NONE',  #8347 ) ;
#7757 = LINE ( 'NONE', #10478, #8660 ) ;
#7758 = EDGE_CURVE ( 'NONE', #1346, #2040, #8678, .T. ) ;
#7759 = CYLINDRICAL_SURFACE ( 'NONE', #4954, 1.000000000000000666 ) ;
#7760 = ADVANCED_FACE ( 'NONE', ( #1698 ), #7799, .T. ) ;
#7761 = VERTEX_POINT ( 'NONE', #9604 ) ;
#7762 = CARTESIAN_POINT ( 'NONE',  ( -6.282561521967672924, 104.4401282215525129, 125.2708883248809855 ) ) ;
#7763 = FACE_OUTER_BOUND ( 'NONE', #238, .T. ) ;
#7764 = FACE_OUTER_BOUND ( 'NONE', #1165, .T. ) ;
#7765 = DIRECTION ( 'NONE',  ( -0.9948490747861963301, -0.1013672451882218495, -0.000000000000000000 ) ) ;
#7766 = ORIENTED_EDGE ( 'NONE', *, *, #348, .T. ) ;
#7767 = DIRECTION ( 'NONE',  ( 0.1013672451882214748, -0.9948490747861964412, 0.000000000000000000 ) ) ;
#7768 = EDGE_LOOP ( 'NONE', ( #5596, #557, #3034, #978 ) ) ;
#7769 = DIRECTION ( 'NONE',  ( -0.4974245373931009961, -0.05068362259411093862, 0.8660254037844370423 ) ) ;
#7770 = CARTESIAN_POINT ( 'NONE',  ( -7.872481210540160923, 77.26293275539438810, 123.5388375173121034 ) ) ;
#7771 = EDGE_CURVE ( 'NONE', #10924, #2427, #10704, .T. ) ;
#7772 = VECTOR ( 'NONE', #1050, 999.9999999999998863 ) ;
#7773 = EDGE_LOOP ( 'NONE', ( #3955, #4815, #7444, #2613 ) ) ;
#7774 = DIRECTION ( 'NONE',  ( 0.8615645716962927469, 0.08778660944464633520, -0.4999999999999967248 ) ) ;
#7775 = EDGE_LOOP ( 'NONE', ( #7783, #8313, #4046, #4202, #7131 ) ) ;
#7776 = CARTESIAN_POINT ( 'NONE',  ( -6.028143506410727603, 1.626501356039936397, 156.7000000000005002 ) ) ;
#7777 = ORIENTED_EDGE ( 'NONE', *, *, #5051, .T. ) ;
#7778 = DIRECTION ( 'NONE',  ( 0.1013672451882219883, -0.9948490747861964412, 1.075499326746823620E-17 ) ) ;
#7779 = VERTEX_POINT ( 'NONE', #10526 ) ;
#7780 = DIRECTION ( 'NONE',  ( -0.8615645716962926359, -0.08778660944464630744, 0.4999999999999969469 ) ) ;
#7781 = ORIENTED_EDGE ( 'NONE', *, *, #788, .T. ) ;
#7782 = EDGE_CURVE ( 'NONE', #3901, #9240, #151, .T. ) ;
#7783 = ORIENTED_EDGE ( 'NONE', *, *, #5835, .T. ) ;
#7784 = CARTESIAN_POINT ( 'NONE',  ( -14.08728337748324755, 46.52173711783281362, 130.8339745962160805 ) ) ;
#7785 = EDGE_CURVE ( 'NONE', #195, #9352, #4302, .T. ) ;
#7786 = DIRECTION ( 'NONE',  ( 3.148927598275349405E-15, 3.100401161182723417E-16, -1.000000000000000000 ) ) ;
#7787 = CIRCLE ( 'NONE', #10948, 4.000000000000000000 ) ;
#7788 = CARTESIAN_POINT ( 'NONE',  ( -14.66287039243656487, 103.5862410887646377, 133.2656869558507822 ) ) ;
#7789 = CARTESIAN_POINT ( 'NONE',  ( -7.872481210540155594, 77.26293275539438810, 134.9977377634196216 ) ) ;
#7790 = ORIENTED_EDGE ( 'NONE', *, *, #4349, .T. ) ;
#7791 = LINE ( 'NONE', #11217, #249 ) ;
#7792 = ORIENTED_EDGE ( 'NONE', *, *, #7140, .T. ) ;
#7793 = VERTEX_POINT ( 'NONE', #7331 ) ;
#7794 = VECTOR ( 'NONE', #10111, 999.9999999999998863 ) ;
#7795 = ORIENTED_EDGE ( 'NONE', *, *, #5958, .T. ) ;
#7796 = LINE ( 'NONE', #10700, #3453 ) ;
#7797 = ORIENTED_EDGE ( 'NONE', *, *, #4195, .T. ) ;
#7798 = DIRECTION ( 'NONE',  ( 6.903152180341683286E-18, 7.033765596924228832E-19, -1.000000000000000000 ) ) ;
#7799 = PLANE ( 'NONE',  #3462 ) ;
#7800 = AXIS2_PLACEMENT_3D ( 'NONE', #519, #4042, #7593 ) ;
#7801 = CIRCLE ( 'NONE', #10037, 1.049999999999992273 ) ;
#7802 = FACE_OUTER_BOUND ( 'NONE', #11218, .T. ) ;
#7803 = ORIENTED_EDGE ( 'NONE', *, *, #11227, .T. ) ;
#7804 = ORIENTED_EDGE ( 'NONE', *, *, #6149, .T. ) ;
#7805 = LINE ( 'NONE', #6988, #8977 ) ;
#7806 = DIRECTION ( 'NONE',  ( -0.1013672451882220160, 0.9948490747861964412, 0.000000000000000000 ) ) ;
#7807 = DIRECTION ( 'NONE',  ( -0.4974245373930951675, -0.05068362259411070270, -0.8660254037844403729 ) ) ;
#7808 = VECTOR ( 'NONE', #3383, 999.9999999999998863 ) ;
#7809 = ORIENTED_EDGE ( 'NONE', *, *, #5437, .F. ) ;
#7810 = LINE ( 'NONE', #6115, #5947 ) ;
#7811 = DIRECTION ( 'NONE',  ( 0.1013672451882220577, -0.9948490747861964412, -0.000000000000000000 ) ) ;
#7812 = EDGE_CURVE ( 'NONE', #7051, #8553, #9717, .T. ) ;
#7813 = LINE ( 'NONE', #785, #1976 ) ;
#7814 = DIRECTION ( 'NONE',  ( -0.9948490747861963301, -0.1013672451882220160, -6.938893903907229918E-18 ) ) ;
#7815 = EDGE_LOOP ( 'NONE', ( #787, #6204, #4472, #2324 ) ) ;
#7816 = EDGE_CURVE ( 'NONE', #251, #1474, #4474, .T. ) ;
#7817 = EDGE_CURVE ( 'NONE', #7051, #9397, #5522, .T. ) ;
#7818 = CARTESIAN_POINT ( 'NONE',  ( -31.40144683850304475, 67.71870472273974428, 103.0600000000005707 ) ) ;
#7819 = PLANE ( 'NONE',  #6921 ) ;
#7820 = CARTESIAN_POINT ( 'NONE',  ( -4.712125432228155830, 47.47699149580890321, 125.9705498769468051 ) ) ;
#7821 = LINE ( 'NONE', #7006, #1960 ) ;
#7822 = EDGE_LOOP ( 'NONE', ( #93, #10933, #10560, #2166, #1089, #8657 ) ) ;
#7823 = CARTESIAN_POINT ( 'NONE',  ( -11.32982293053181166, 22.65250542118818089, 146.7000000000005002 ) ) ;
#7824 = EDGE_LOOP ( 'NONE', ( #5199, #4555, #1376, #9897 ) ) ;
#7825 = DIRECTION ( 'NONE',  ( 0.1013672451882220438, -0.9948490747861963301, 9.629649721936177555E-34 ) ) ;
#7826 = CARTESIAN_POINT ( 'NONE',  ( -8.743214694315666335, 77.17421190639281292, 135.6973993154853702 ) ) ;
#7827 = VECTOR ( 'NONE', #10361, 999.9999999999998863 ) ;
#7828 = ORIENTED_EDGE ( 'NONE', *, *, #9488, .T. ) ;
#7829 = CARTESIAN_POINT ( 'NONE',  ( -7.872481210540126284, 77.26293275539438810, 125.2708883248810139 ) ) ;
#7830 = ORIENTED_EDGE ( 'NONE', *, *, #6754, .T. ) ;
#7831 = ORIENTED_EDGE ( 'NONE', *, *, #4405, .F. ) ;
#7832 = PLANE ( 'NONE',  #3811 ) ;
#7833 = VERTEX_POINT ( 'NONE', #8850 ) ;
#7834 = EDGE_CURVE ( 'NONE', #6153, #5591, #4418, .T. ) ;
#7835 = PLANE ( 'NONE',  #2705 ) ;
#7836 = ORIENTED_EDGE ( 'NONE', *, *, #9138, .T. ) ;
#7837 = ORIENTED_EDGE ( 'NONE', *, *, #1808, .F. ) ;
#7838 = CARTESIAN_POINT ( 'NONE',  ( -11.93852005476391653, 76.84863558518712523, 142.9925363943894467 ) ) ;
#7839 = FACE_OUTER_BOUND ( 'NONE', #6321, .T. ) ;
#7840 = CARTESIAN_POINT ( 'NONE',  ( -15.65771946722276020, 103.4848738435764233, 139.8611624826889965 ) ) ;
#7841 = LINE ( 'NONE', #11390, #7968 ) ;
#7842 = EDGE_LOOP ( 'NONE', ( #7668, #10386, #6623, #1059 ) ) ;
#7843 = EDGE_CURVE ( 'NONE', #10080, #3382, #7971, .T. ) ;
#7844 = CARTESIAN_POINT ( 'NONE',  ( -18.35560029027791984, 103.2099811449648286, 121.9731505614619067 ) ) ;
#7845 = ORIENTED_EDGE ( 'NONE', *, *, #11031, .T. ) ;
#7846 = ADVANCED_FACE ( 'NONE', ( #3667 ), #7275, .T. ) ;
#7847 = ORIENTED_EDGE ( 'NONE', *, *, #9494, .T. ) ;
#7848 = EDGE_LOOP ( 'NONE', ( #1069, #9839, #11147, #7836, #3479, #2739 ) ) ;
#7849 = DIRECTION ( 'NONE',  ( -0.5019378298181113029, 0.000000000000000000, -0.8649037027308211778 ) ) ;
#7850 = ORIENTED_EDGE ( 'NONE', *, *, #3659, .F. ) ;
#7851 = LINE ( 'NONE', #5171, #1580 ) ;
#7852 = VECTOR ( 'NONE', #9620, 1000.000000000000114 ) ;
#7853 = VECTOR ( 'NONE', #2293, 999.9999999999998863 ) ;
#7854 = CARTESIAN_POINT ( 'NONE',  ( -23.96398171568286628, 48.63143028769964360, 102.3324986632859037 ) ) ;
#7855 = DIRECTION ( 'NONE',  ( -0.9938949685030576964, -0.1103303747129771861, -6.514758705377156292E-13 ) ) ;
#7856 = CARTESIAN_POINT ( 'NONE',  ( -20.31882892523280759, 75.99474845239923582, 142.9925363943894467 ) ) ;
#7857 = ADVANCED_FACE ( 'NONE', ( #6399 ), #945, .T. ) ;
#7858 = EDGE_LOOP ( 'NONE', ( #5517, #10018, #8421, #622 ) ) ;
#7859 = EDGE_LOOP ( 'NONE', ( #3395, #2475, #2928, #2028 ) ) ;
#7860 = CARTESIAN_POINT ( 'NONE',  ( -14.66287039243656487, 103.5862410887646377, 128.4022622365814641 ) ) ;
#7861 = EDGE_CURVE ( 'NONE', #2638, #11395, #8531, .T. ) ;
#7862 = FACE_BOUND ( 'NONE', #7732, .T. ) ;
#7863 = CARTESIAN_POINT ( 'NONE',  ( -24.03802833769165659, 102.6309867107885481, 142.9925363943893615 ) ) ;
#7864 = DIRECTION ( 'NONE',  ( -7.327943828065848168E-12, 7.191747867590729583E-11, -1.000000000000000000 ) ) ;
#7865 = AXIS2_PLACEMENT_3D ( 'NONE', #11099, #5043, #9248 ) ;
#7866 = ORIENTED_EDGE ( 'NONE', *, *, #7710, .T. ) ;
#7867 = CARTESIAN_POINT ( 'NONE',  ( -7.277410596753870031, 104.3387609763642985, 138.1291116751200434 ) ) ;
#7868 = CARTESIAN_POINT ( 'NONE',  ( -6.282561521967669371, 104.4401282215525129, 142.9925363943894183 ) ) ;
#7869 = FACE_OUTER_BOUND ( 'NONE', #2355, .T. ) ;
#7870 = LINE ( 'NONE', #8803, #1250 ) ;
#7871 = VERTEX_POINT ( 'NONE', #128 ) ;
#7872 = AXIS2_PLACEMENT_3D ( 'NONE', #2641, #7010, #39 ) ;
#7873 = CARTESIAN_POINT ( 'NONE',  ( -14.16544585504347076, 103.6369247113587591, 119.5414382018272477 ) ) ;
#7874 = DIRECTION ( 'NONE',  ( 3.148927598275349405E-15, 3.100401161182723417E-16, -1.000000000000000000 ) ) ;
#7875 = LINE ( 'NONE', #6125, #5868 ) ;
#7876 = CARTESIAN_POINT ( 'NONE',  ( -28.19244593489200668, 46.08971030867185448, 88.77148351815341698 ) ) ;
#7877 = VERTEX_POINT ( 'NONE', #5347 ) ;
#7878 = DIRECTION ( 'NONE',  ( 0.08666870560954240132, -0.8505931223490443838, -0.5186326982368834049 ) ) ;
#7879 = ORIENTED_EDGE ( 'NONE', *, *, #4837, .T. ) ;
#7880 = FACE_OUTER_BOUND ( 'NONE', #2149, .T. ) ;
#7881 = VECTOR ( 'NONE', #7807, 1000.000000000000000 ) ;
#7882 = VECTOR ( 'NONE', #8172, 1000.000000000000114 ) ;
#7883 = DIRECTION ( 'NONE',  ( 0.000000000000000000, 0.5005873897721082599, 0.8656860084355917362 ) ) ;
#7884 = EDGE_CURVE ( 'NONE', #11379, #7405, #998, .T. ) ;
#7885 = EDGE_CURVE ( 'NONE', #3382, #8936, #3548, .T. ) ;
#7886 = EDGE_CURVE ( 'NONE', #8439, #2935, #4571, .T. ) ;
#7887 = VECTOR ( 'NONE', #3547, 999.9999999999998863 ) ;
#7888 = ORIENTED_EDGE ( 'NONE', *, *, #3127, .T. ) ;
#7889 = DIRECTION ( 'NONE',  ( 0.1013672451882219883, -0.9948490747861964412, 1.075499326746823620E-17 ) ) ;
#7890 = DIRECTION ( 'NONE',  ( 1.951103196739994057E-16, -7.168207418889318209E-16, 1.000000000000000000 ) ) ;
#7891 = VECTOR ( 'NONE', #751, 1000.000000000000114 ) ;
#7892 = ORIENTED_EDGE ( 'NONE', *, *, #2344, .T. ) ;
#7893 = CARTESIAN_POINT ( 'NONE',  ( -9.897128942248800243, 46.94868068422675123, 125.2708883248810423 ) ) ;
#7894 = ORIENTED_EDGE ( 'NONE', *, *, #300, .F. ) ;
#7895 = DIRECTION ( 'NONE',  ( -0.9948490747861963301, -0.1013672451882219605, -3.497202527569243497E-15 ) ) ;
#7896 = EDGE_LOOP ( 'NONE', ( #7325, #2208, #11323, #3175, #1637, #9515, #6804, #9326, #4215, #10029, #10626, #5844, #9126 ) ) ;
#7897 = ORIENTED_EDGE ( 'NONE', *, *, #4807, .F. ) ;
#7898 = DIRECTION ( 'NONE',  ( -0.4974245373930951675, -0.05068362259411070270, -0.8660254037844403729 ) ) ;
#7899 = CARTESIAN_POINT ( 'NONE',  ( -17.12352356478455917, 76.32032477360493772, 125.9705498769467482 ) ) ;
#7900 = AXIS2_PLACEMENT_3D ( 'NONE', #9747, #8646, #686 ) ;
#7901 = VECTOR ( 'NONE', #4791, 1000.000000000000114 ) ;
#7902 = EDGE_CURVE ( 'NONE', #10237, #5061, #3602, .T. ) ;
#7903 = AXIS2_PLACEMENT_3D ( 'NONE', #9234, #9396, #4977 ) ;
#7904 = CARTESIAN_POINT ( 'NONE',  ( -1.605589497829946755, 36.71873918164974526, 116.2357417587436146 ) ) ;
#7905 = EDGE_CURVE ( 'NONE', #10355, #4163, #10764, .T. ) ;
#7906 = ORIENTED_EDGE ( 'NONE', *, *, #4717, .T. ) ;
#7907 = DIRECTION ( 'NONE',  ( 1.000000000000000000, 0.000000000000000000, 3.480278902931750302E-15 ) ) ;
#7908 = VERTEX_POINT ( 'NONE', #2794 ) ;
#7909 = VERTEX_POINT ( 'NONE', #10706 ) ;
#7910 = ORIENTED_EDGE ( 'NONE', *, *, #3153, .F. ) ;
#7911 = CIRCLE ( 'NONE', #4561, 1.000000000000000888 ) ;
#7912 = DIRECTION ( 'NONE',  ( 0.4974245373931009961, 0.05068362259411126475, -0.8660254037844370423 ) ) ;
#7913 = VERTEX_POINT ( 'NONE', #6340 ) ;
#7914 = DIRECTION ( 'NONE',  ( 0.1013672451882219883, -0.9948490747861964412, 1.075499326746823620E-17 ) ) ;
#7915 = VECTOR ( 'NONE', #8199, 1000.000000000000114 ) ;
#7916 = AXIS2_PLACEMENT_3D ( 'NONE', #8922, #7994, #5482 ) ;
#7917 = LINE ( 'NONE', #5119, #2708 ) ;
#7918 = PLANE ( 'NONE',  #9423 ) ;
#7919 = ADVANCED_FACE ( 'NONE', ( #8203 ), #2734, .T. ) ;
#7920 = VECTOR ( 'NONE', #7447, 1000.000000000000000 ) ;
#7921 = CARTESIAN_POINT ( 'NONE',  ( -6.282561521967672924, 104.4401282215525129, 133.2656869558507822 ) ) ;
#7922 = ORIENTED_EDGE ( 'NONE', *, *, #9568, .T. ) ;
#7923 = ORIENTED_EDGE ( 'NONE', *, *, #9195, .T. ) ;
#7924 = DIRECTION ( 'NONE',  ( 0.1013672451882219883, -0.9948490747861964412, 1.075499326746823620E-17 ) ) ;
#7925 = CARTESIAN_POINT ( 'NONE',  ( 2.595171885894314912, 105.3446989769345095, 134.1317123596352019 ) ) ;
#7926 = LINE ( 'NONE', #900, #438 ) ;
#7927 = DIRECTION ( 'NONE',  ( 0.1013672451882218634, -0.9948490747861964412, 0.000000000000000000 ) ) ;
#7928 = ORIENTED_EDGE ( 'NONE', *, *, #3551, .F. ) ;
#7929 = ADVANCED_FACE ( 'NONE', ( #10881 ), #5286, .T. ) ;
#7930 = CARTESIAN_POINT ( 'NONE',  ( -16.78516420053840363, 46.24684441922120470, 119.5414382018272477 ) ) ;
#7931 = AXIS2_PLACEMENT_3D ( 'NONE', #10966, #5493, #9054 ) ;
#7932 = LINE ( 'NONE', #10595, #11125 ) ;
#7933 = ADVANCED_FACE ( 'NONE', ( #2970 ), #8375, .T. ) ;
#7934 = CARTESIAN_POINT ( 'NONE',  ( -24.03802833769165659, 102.6309867107885481, 125.2708883248810423 ) ) ;
#7935 = CARTESIAN_POINT ( 'NONE',  ( -29.42985391959212294, 48.36889021814820921, 103.0600000000005707 ) ) ;
#7936 = ORIENTED_EDGE ( 'NONE', *, *, #6575, .F. ) ;
#7937 = EDGE_CURVE ( 'NONE', #9850, #4927, #421, .T. ) ;
#7938 = VECTOR ( 'NONE', #10128, 999.9999999999998863 ) ;
#7939 = FACE_OUTER_BOUND ( 'NONE', #6717, .T. ) ;
#7940 = CARTESIAN_POINT ( 'NONE',  ( -7.872481210540221319, 77.26293275539438810, 140.5608240347547166 ) ) ;
#7941 = DIRECTION ( 'NONE',  ( 0.1013672451882252773, -0.9948490747861959971, 0.000000000000000000 ) ) ;
#7942 = EDGE_LOOP ( 'NONE', ( #235, #3593, #10694, #935, #6869, #10140 ) ) ;
#7943 = DIRECTION ( 'NONE',  ( 0.1013672451882219883, -0.9948490747861963301, 8.666684749742561339E-34 ) ) ;
#7944 = ORIENTED_EDGE ( 'NONE', *, *, #8783, .T. ) ;
#7945 = CARTESIAN_POINT ( 'NONE',  ( -16.78516420053840363, 46.24684441922120470, 129.2682876403658838 ) ) ;
#7946 = DIRECTION ( 'NONE',  ( 0.5019378298181115250, 0.000000000000000000, 0.8649037027308210668 ) ) ;
#7947 = FACE_OUTER_BOUND ( 'NONE', #2732, .T. ) ;
#7948 = ADVANCED_FACE ( 'NONE', ( #4879 ), #10175, .T. ) ;
#7949 = DIRECTION ( 'NONE',  ( -0.5019378298181113029, 0.000000000000000000, -0.8649037027308211778 ) ) ;
#7950 = LINE ( 'NONE', #869, #1386 ) ;
#7951 = EDGE_LOOP ( 'NONE', ( #7075, #5842, #3533, #10243, #6832, #3463 ) ) ;
#7952 = CARTESIAN_POINT ( 'NONE',  ( 14.70324404248833616, 79.56149309352984744, 156.6982815487091614 ) ) ;
#7953 = ORIENTED_EDGE ( 'NONE', *, *, #8072, .F. ) ;
#7954 = EDGE_LOOP ( 'NONE', ( #11279, #4491, #3683, #1274 ) ) ;
#7955 = VERTEX_POINT ( 'NONE', #10938 ) ;
#7956 = CARTESIAN_POINT ( 'NONE',  ( -13.76525201278253796, 46.55454956459605853, 147.7000000000005002 ) ) ;
#7957 = CARTESIAN_POINT ( 'NONE',  ( 47.83542731978473483, 82.93912763362759222, 32.32950283728843033 ) ) ;
#7958 = VERTEX_POINT ( 'NONE', #8497 ) ;
#7959 = PLANE ( 'NONE',  #1204 ) ;
#7960 = EDGE_LOOP ( 'NONE', ( #2950, #4231, #7033, #10748, #2085, #4270 ) ) ;
#7961 = EDGE_CURVE ( 'NONE', #9242, #2640, #2048, .T. ) ;
#7962 = VERTEX_POINT ( 'NONE', #10061 ) ;
#7963 = ADVANCED_FACE ( 'NONE', ( #5805 ), #5579, .T. ) ;
#7964 = ORIENTED_EDGE ( 'NONE', *, *, #2833, .F. ) ;
#7965 = DIRECTION ( 'NONE',  ( -3.480278902931750302E-15, -3.438021909835086216E-16, 1.000000000000000000 ) ) ;
#7966 = EDGE_LOOP ( 'NONE', ( #10790, #2390, #4283, #4934 ) ) ;
#7967 = LINE ( 'NONE', #243, #4172 ) ;
#7968 = VECTOR ( 'NONE', #9875, 1000.000000000000114 ) ;
#7969 = EDGE_CURVE ( 'NONE', #5158, #4603, #9358, .T. ) ;
#7970 = EDGE_CURVE ( 'NONE', #5590, #7437, #4824, .T. ) ;
#7971 = LINE ( 'NONE', #1927, #8105 ) ;
#7972 = DIRECTION ( 'NONE',  ( 0.9948490747861964412, 0.1013672451882218634, -1.200647045275744145E-16 ) ) ;
#7973 = AXIS2_PLACEMENT_3D ( 'NONE', #6414, #5533, #27 ) ;
#7974 = DIRECTION ( 'NONE',  ( -0.1013672451882220160, 0.9948490747861963301, -8.425943506694158568E-34 ) ) ;
#7975 = ORIENTED_EDGE ( 'NONE', *, *, #3212, .F. ) ;
#7976 = ORIENTED_EDGE ( 'NONE', *, *, #1453, .F. ) ;
#7977 = CARTESIAN_POINT ( 'NONE',  ( -21.48634488483881100, 48.90646800144946837, 103.7875013368263239 ) ) ;
#7978 = CARTESIAN_POINT ( 'NONE',  ( -16.78516420053840363, 46.24684441922120470, 138.9951370789045200 ) ) ;
#7979 = CARTESIAN_POINT ( 'NONE',  ( -16.78516420053840363, 46.24684441922120470, 124.4048629210965657 ) ) ;
#7980 = DIRECTION ( 'NONE',  ( 0.4974245373931009961, 0.05068362259411126475, -0.8660254037844370423 ) ) ;
#7981 = ADVANCED_FACE ( 'NONE', ( #4058 ), #11159, .T. ) ;
#7982 = ORIENTED_EDGE ( 'NONE', *, *, #8338, .F. ) ;
#7983 = DIRECTION ( 'NONE',  ( 7.205330499170175722E-12, -7.071411405273161755E-11, 1.000000000000000000 ) ) ;
#7984 = VECTOR ( 'NONE', #2602, 1000.000000000000000 ) ;
#7985 = CARTESIAN_POINT ( 'NONE',  ( -2.952947186634854226, 40.07699903651251105, 146.7000000000005002 ) ) ;
#7986 = EDGE_CURVE ( 'NONE', #7962, #2982, #9305, .T. ) ;
#7987 = CARTESIAN_POINT ( 'NONE',  ( 3.364194807065102655, 2.741439007253977600, 150.0500000000005230 ) ) ;
#7988 = CARTESIAN_POINT ( 'NONE',  ( -13.09243430269705044, 46.62310436302102801, 137.4294501230542664 ) ) ;
#7989 = VERTEX_POINT ( 'NONE', #10993 ) ;
#7990 = VECTOR ( 'NONE', #11369, 999.9999999999998863 ) ;
#7991 = DIRECTION ( 'NONE',  ( 0.9948490747861963301, 0.1013672451882219744, 3.164135620181696535E-15 ) ) ;
#7992 = DIRECTION ( 'NONE',  ( 0.000000000000000000, 1.000000000000000000, 0.000000000000000000 ) ) ;
#7993 = EDGE_CURVE ( 'NONE', #933, #2558, #4592, .T. ) ;
#7994 = DIRECTION ( 'NONE',  ( 6.903152180341685597E-18, 7.033765596924229795E-19, -1.000000000000000000 ) ) ;
#7995 = DIRECTION ( 'NONE',  ( -0.8615645716962926359, -0.08778660944464630744, 0.4999999999999969469 ) ) ;
#7996 = ORIENTED_EDGE ( 'NONE', *, *, #9540, .F. ) ;
#7997 = DIRECTION ( 'NONE',  ( 0.4974245373930948899, 0.05068362259411066800, 0.8660254037844405950 ) ) ;
#7998 = ORIENTED_EDGE ( 'NONE', *, *, #11434, .F. ) ;
#7999 = LINE ( 'NONE', #10607, #10098 ) ;
#8000 = LINE ( 'NONE', #8122, #3336 ) ;
#8001 = DIRECTION ( 'NONE',  ( 0.1013672451882219883, -0.9948490747861964412, 1.075499326746823620E-17 ) ) ;
#8002 = DIRECTION ( 'NONE',  ( 0.000000000000000000, 0.000000000000000000, -1.000000000000000000 ) ) ;
#8003 = CARTESIAN_POINT ( 'NONE',  ( -18.27743781271769308, 46.09479355143887602, 142.9925363943893615 ) ) ;
#8004 = CARTESIAN_POINT ( 'NONE',  ( -22.54575472551236714, 102.7830375785708839, 143.8585617981738380 ) ) ;
#8005 = VERTEX_POINT ( 'NONE', #1171 ) ;
#8006 = DIRECTION ( 'NONE',  ( -0.1103303747129771861, 0.9938949685030576964, 1.082224374514481295E-18 ) ) ;
#8007 = ORIENTED_EDGE ( 'NONE', *, *, #2876, .F. ) ;
#8008 = FACE_OUTER_BOUND ( 'NONE', #2448, .T. ) ;
#8009 = VERTEX_POINT ( 'NONE', #1291 ) ;
#8010 = ORIENTED_EDGE ( 'NONE', *, *, #7843, .F. ) ;
#8011 = LINE ( 'NONE', #701, #9653 ) ;
#8012 = LINE ( 'NONE', #813, #9040 ) ;
#8013 = EDGE_CURVE ( 'NONE', #3875, #4002, #4712, .T. ) ;
#8014 = CARTESIAN_POINT ( 'NONE',  ( -3.060786646901958452, 77.75320634056906499, 119.5414382018272619 ) ) ;
#8015 = VERTEX_POINT ( 'NONE', #6573 ) ;
#8016 = DIRECTION ( 'NONE',  ( -0.9948490747861964412, -0.1013672451882220021, 1.113733730849551844E-16 ) ) ;
#8017 = ORIENTED_EDGE ( 'NONE', *, *, #4289, .F. ) ;
#8018 = EDGE_LOOP ( 'NONE', ( #7133, #4734, #3543, #6746 ) ) ;
#8019 = ORIENTED_EDGE ( 'NONE', *, *, #8746, .F. ) ;
#8020 = DIRECTION ( 'NONE',  ( -8.141667454118532778E-17, -3.990033831470024719E-16, -1.000000000000000000 ) ) ;
#8021 = ORIENTED_EDGE ( 'NONE', *, *, #8286, .T. ) ;
#8022 = CARTESIAN_POINT ( 'NONE',  ( -62.04527594282079406, 71.74315382074695435, 31.43861557911004923 ) ) ;
#8023 = DIRECTION ( 'NONE',  ( 0.5019378298181115250, 0.000000000000000000, 0.8649037027308210668 ) ) ;
#8024 = EDGE_CURVE ( 'NONE', #6580, #8714, #10225, .T. ) ;
#8025 = DIRECTION ( 'NONE',  ( 0.1013672451882219883, -0.9948490747861964412, 1.075499326746823620E-17 ) ) ;
#8026 = EDGE_CURVE ( 'NONE', #8587, #3313, #2102, .T. ) ;
#8027 = CARTESIAN_POINT ( 'NONE',  ( -0.5219709969937098570, 47.90393506220284081, 123.5388375173121460 ) ) ;
#8028 = ADVANCED_FACE ( 'NONE', ( #7393 ), #8324, .T. ) ;
#8029 = ORIENTED_EDGE ( 'NONE', *, *, #7034, .T. ) ;
#8030 = ORIENTED_EDGE ( 'NONE', *, *, #1528, .T. ) ;
#8031 = CIRCLE ( 'NONE', #2834, 1.000000000000000666 ) ;
#8032 = LINE ( 'NONE', #6565, #2109 ) ;
#8033 = LINE ( 'NONE', #10716, #2684 ) ;
#8034 = DIRECTION ( 'NONE',  ( -0.1013672451882220160, 0.9948490747861964412, 0.000000000000000000 ) ) ;
#8035 = LINE ( 'NONE', #8096, #10286 ) ;
#8036 = AXIS2_PLACEMENT_3D ( 'NONE', #10601, #11307, #8574 ) ;
#8037 = ORIENTED_EDGE ( 'NONE', *, *, #882, .F. ) ;
#8038 = LINE ( 'NONE', #7168, #6324 ) ;
#8039 = CIRCLE ( 'NONE', #5433, 1.549999999999999600 ) ;
#8040 = DIRECTION ( 'NONE',  ( 0.4974245373930950564, 0.05068362259411089699, 0.8660254037844403729 ) ) ;
#8041 = CARTESIAN_POINT ( 'NONE',  ( -19.84787390245720928, 103.0579302771824928, 140.5608240347546882 ) ) ;
#8042 = VECTOR ( 'NONE', #3555, 1000.000000000000000 ) ;
#8043 = DIRECTION ( 'NONE',  ( 0.000000000000000000, -1.000000000000000000, 8.382542101835442458E-34 ) ) ;
#8044 = ADVANCED_FACE ( 'NONE', ( #9646 ), #975, .T. ) ;
#8045 = ORIENTED_EDGE ( 'NONE', *, *, #6613, .F. ) ;
#8046 = EDGE_LOOP ( 'NONE', ( #11498, #4094 ) ) ;
#8047 = LINE ( 'NONE', #10902, #7100 ) ;
#8048 = FACE_OUTER_BOUND ( 'NONE', #3739, .T. ) ;
#8049 = CYLINDRICAL_SURFACE ( 'NONE', #1801, 1.549999999999999378 ) ;
#8050 = DIRECTION ( 'NONE',  ( -0.9948490747861963301, -0.1013672451882219605, -3.497202527569243497E-15 ) ) ;
#8051 = VERTEX_POINT ( 'NONE', #1571 ) ;
#8052 = CYLINDRICAL_SURFACE ( 'NONE', #9929, 1.000000000000000666 ) ;
#8053 = ORIENTED_EDGE ( 'NONE', *, *, #6030, .F. ) ;
#8054 = CARTESIAN_POINT ( 'NONE',  ( -7.748365619529470116, 77.27557915158104151, 140.5608240347547735 ) ) ;
#8055 = CARTESIAN_POINT ( 'NONE',  ( -17.62094810217766039, 76.26964115101083053, 131.7000000000005286 ) ) ;
#8056 = LINE ( 'NONE', #10913, #2397 ) ;
#8057 = LINE ( 'NONE', #1201, #5486 ) ;
#8058 = CARTESIAN_POINT ( 'NONE',  ( -24.03802833769165659, 102.6309867107885481, 118.6754127980427853 ) ) ;
#8059 = VECTOR ( 'NONE', #7607, 999.9999999999998863 ) ;
#8060 = ADVANCED_FACE ( 'NONE', ( #7663 ), #8722, .T. ) ;
#8061 = DIRECTION ( 'NONE',  ( -0.9948490747861963301, -0.1013672451882219605, -3.497202527569243497E-15 ) ) ;
#8062 = FACE_OUTER_BOUND ( 'NONE', #9233, .T. ) ;
#8063 = ORIENTED_EDGE ( 'NONE', *, *, #10253, .T. ) ;
#8064 = DIRECTION ( 'NONE',  ( 1.000000000000000000, 0.000000000000000000, 3.480278902931750302E-15 ) ) ;
#8065 = ORIENTED_EDGE ( 'NONE', *, *, #6048, .F. ) ;
#8066 = CYLINDRICAL_SURFACE ( 'NONE', #8461, 1.000000000000000666 ) ;
#8067 = VERTEX_POINT ( 'NONE', #1632 ) ;
#8068 = DIRECTION ( 'NONE',  ( 0.4974245373931009961, 0.05068362259411126475, -0.8660254037844370423 ) ) ;
#8069 = CARTESIAN_POINT ( 'NONE',  ( -0.6152014920796833319, 2.335970026501111629, 168.0137084989852951 ) ) ;
#8070 = EDGE_CURVE ( 'NONE', #7477, #7748, #879, .T. ) ;
#8071 = VECTOR ( 'NONE', #6524, 1000.000000000000114 ) ;
#8072 = EDGE_CURVE ( 'NONE', #3139, #346, #6852, .T. ) ;
#8073 = CIRCLE ( 'NONE', #11223, 0.9999999999999998890 ) ;
#8074 = CARTESIAN_POINT ( 'NONE',  ( -1.377659601439741532, 94.65899535172187029, 147.7000000000005002 ) ) ;
#8075 = VECTOR ( 'NONE', #399, 1000.000000000000000 ) ;
#8076 = VERTEX_POINT ( 'NONE', #6910 ) ;
#8077 = PLANE ( 'NONE',  #4722 ) ;
#8078 = EDGE_LOOP ( 'NONE', ( #11200, #3836, #4459, #4152 ) ) ;
#8079 = ORIENTED_EDGE ( 'NONE', *, *, #3627, .T. ) ;
#8080 = ORIENTED_EDGE ( 'NONE', *, *, #5265, .T. ) ;
#8081 = LINE ( 'NONE', #5399, #10496 ) ;
#8082 = ORIENTED_EDGE ( 'NONE', *, *, #8024, .F. ) ;
#8083 = DIRECTION ( 'NONE',  ( 0.08786539972137213939, -0.8623378435136064279, 0.4986512961740965921 ) ) ;
#8084 = LINE ( 'NONE', #2670, #7887 ) ;
#8085 = AXIS2_PLACEMENT_3D ( 'NONE', #8178, #9052, #8234 ) ;
#8086 = VECTOR ( 'NONE', #498, 1000.000000000000114 ) ;
#8087 = DIRECTION ( 'NONE',  ( -1.000000000000000000, 0.000000000000000000, 0.000000000000000000 ) ) ;
#8088 = CARTESIAN_POINT ( 'NONE',  ( -3.087256161519422726, 104.7657045427582432, 132.5660254037850052 ) ) ;
#8089 = VECTOR ( 'NONE', #7171, 999.9999999999998863 ) ;
#8090 = DIRECTION ( 'NONE',  ( -0.4974245373930951675, -0.05068362259411070270, -0.8660254037844403729 ) ) ;
#8091 = VERTEX_POINT ( 'NONE', #5103 ) ;
#8092 = EDGE_LOOP ( 'NONE', ( #5812, #5544, #10838, #8641, #333, #3446 ) ) ;
#8093 = AXIS2_PLACEMENT_3D ( 'NONE', #11192, #2299, #6664 ) ;
#8094 = CIRCLE ( 'NONE', #4566, 1.549999999999999600 ) ;
#8095 = PLANE ( 'NONE',  #11226 ) ;
#8096 = CARTESIAN_POINT ( 'NONE',  ( -20.34529843985030695, 103.0072466545883856, 121.9731505614619067 ) ) ;
#8097 = ADVANCED_FACE ( 'NONE', ( #3243 ), #9528, .T. ) ;
#8098 = ORIENTED_EDGE ( 'NONE', *, *, #366, .T. ) ;
#8099 = AXIS2_PLACEMENT_3D ( 'NONE', #2986, #2933, #11068 ) ;
#8100 = CARTESIAN_POINT ( 'NONE',  ( -71.91785842546900653, 70.73721582017675757, 37.16806570216377992 ) ) ;
#8101 = EDGE_CURVE ( 'NONE', #10189, #9352, #9474, .T. ) ;
#8102 = CARTESIAN_POINT ( 'NONE',  ( -5.785136984574574370, 104.4908118441466343, 143.8585617981738380 ) ) ;
#8103 = VECTOR ( 'NONE', #8916, 999.9999999999998863 ) ;
#8104 = DIRECTION ( 'NONE',  ( 6.903152180341684826E-18, 7.033765596924220165E-19, -1.000000000000000000 ) ) ;
#8105 = VECTOR ( 'NONE', #12, 999.9999999999998863 ) ;
#8106 = LINE ( 'NONE', #9965, #3846 ) ;
#8107 = ORIENTED_EDGE ( 'NONE', *, *, #6568, .F. ) ;
#8108 = ORIENTED_EDGE ( 'NONE', *, *, #4717, .F. ) ;
#8109 = ORIENTED_EDGE ( 'NONE', *, *, #6218, .F. ) ;
#8110 = AXIS2_PLACEMENT_3D ( 'NONE', #1097, #3643, #9864 ) ;
#8111 = DIRECTION ( 'NONE',  ( -0.9948490747794266342, -0.1013672452546628133, 1.214431771358183222E-16 ) ) ;
#8112 = FACE_BOUND ( 'NONE', #1404, .T. ) ;
#8113 = SURFACE_STYLE_FILL_AREA ( #7181 ) ;
#8114 = EDGE_CURVE ( 'NONE', #426, #4281, #8546, .T. ) ;
#8115 = LINE ( 'NONE', #3743, #9945 ) ;
#8116 = VECTOR ( 'NONE', #2400, 1000.000000000000000 ) ;
#8118 = ORIENTED_EDGE ( 'NONE', *, *, #5187, .T. ) ;
#8117 = ADVANCED_FACE ( 'NONE', ( #2375 ), #10510, .T. ) ;
#8119 = FACE_OUTER_BOUND ( 'NONE', #6725, .T. ) ;
#8120 = EDGE_LOOP ( 'NONE', ( #5338, #167, #6140, #51, #4841, #4186 ) ) ;
#8121 = LINE ( 'NONE', #2938, #9919 ) ;
#8122 = CARTESIAN_POINT ( 'NONE',  ( -1.516820071779906964, 47.80256781701462643, 123.5388375173120892 ) ) ;
#8123 = EDGE_CURVE ( 'NONE', #3293, #5817, #2431, .T. ) ;
#8124 = DIRECTION ( 'NONE',  ( 0.1013672451882219883, -0.9948490747861964412, 1.075499326746823620E-17 ) ) ;
#8125 = CARTESIAN_POINT ( 'NONE',  ( -14.66287039243656487, 103.5862410887646377, 138.1291116751201002 ) ) ;
#8126 = EDGE_CURVE ( 'NONE', #5357, #7272, #10344, .T. ) ;
#8127 = CARTESIAN_POINT ( 'NONE',  ( -7.872481210540170693, 77.26293275539438810, 139.8611624826889113 ) ) ;
#8128 = VECTOR ( 'NONE', #3723, 1000.000000000000114 ) ;
#8129 = DIRECTION ( 'NONE',  ( 0.1013672451882219744, -0.9948490747861963301, 8.425943506694155147E-34 ) ) ;
#8130 = DIRECTION ( 'NONE',  ( -6.903152180341685597E-18, -7.033765596924229795E-19, 1.000000000000000000 ) ) ;
#8131 = ORIENTED_EDGE ( 'NONE', *, *, #7710, .F. ) ;
#8132 = DIRECTION ( 'NONE',  ( -0.8615645716962926359, -0.08778660944464630744, 0.4999999999999969469 ) ) ;
#8133 = ORIENTED_EDGE ( 'NONE', *, *, #4678, .F. ) ;
#8134 = EDGE_CURVE ( 'NONE', #8449, #10104, #4997, .T. ) ;
#8135 = DIRECTION ( 'NONE',  ( -0.4974245373930948344, -0.05068362259411087617, -0.8660254037844405950 ) ) ;
#8136 = ORIENTED_EDGE ( 'NONE', *, *, #2793, .F. ) ;
#8137 = DIRECTION ( 'NONE',  ( 1.000000000000000000, 0.000000000000000000, 3.480278902931750302E-15 ) ) ;
#8138 = DIRECTION ( 'NONE',  ( -0.9948490747861964412, -0.1013672451882218634, -3.164135620181696535E-15 ) ) ;
#8139 = LINE ( 'NONE', #5272, #2575 ) ;
#8140 = ORIENTED_EDGE ( 'NONE', *, *, #2145, .T. ) ;
#8141 = CARTESIAN_POINT ( 'NONE',  ( -63.53754955500006929, 71.59110295296463278, 32.30464098289445474 ) ) ;
#8142 = EDGE_LOOP ( 'NONE', ( #10775, #10758, #6108, #1589, #7269, #11291 ) ) ;
#8143 = ORIENTED_EDGE ( 'NONE', *, *, #3635, .T. ) ;
#8144 = ORIENTED_EDGE ( 'NONE', *, *, #6171, .T. ) ;
#8145 = LINE ( 'NONE', #4768, #1049 ) ;
#8146 = EDGE_CURVE ( 'NONE', #5557, #2395, #761, .T. ) ;
#8147 = ORIENTED_EDGE ( 'NONE', *, *, #6966, .T. ) ;
#8148 = FACE_OUTER_BOUND ( 'NONE', #1569, .T. ) ;
#8149 = DIRECTION ( 'NONE',  ( 0.1013672451882218634, -0.9948490747861964412, 0.000000000000000000 ) ) ;
#8150 = CARTESIAN_POINT ( 'NONE',  ( -23.99629577901493960, 48.92252677894887114, 103.0600000000005707 ) ) ;
#8151 = CARTESIAN_POINT ( 'NONE',  ( -5.785136984574577923, 104.4908118441466343, 119.5414382018272477 ) ) ;
#8152 = DIRECTION ( 'NONE',  ( 6.903152180341682515E-18, 7.033765596924228832E-19, -1.000000000000000000 ) ) ;
#8153 = ORIENTED_EDGE ( 'NONE', *, *, #4807, .T. ) ;
#8154 = ORIENTED_EDGE ( 'NONE', *, *, #9195, .F. ) ;
#8155 = AXIS2_PLACEMENT_3D ( 'NONE', #408, #3935, #11034 ) ;
#8156 = ORIENTED_EDGE ( 'NONE', *, *, #9377, .F. ) ;
#8157 = LINE ( 'NONE', #6232, #11199 ) ;
#8158 = PLANE ( 'NONE',  #9006 ) ;
#8159 = EDGE_LOOP ( 'NONE', ( #1690, #10348, #6788, #6977 ) ) ;
#8160 = DIRECTION ( 'NONE',  ( -0.4974245373930948344, -0.05068362259411087617, -0.8660254037844405950 ) ) ;
#8161 = CARTESIAN_POINT ( 'NONE',  ( 37.36004123169865920, 81.87176871764276598, 26.25022193820172589 ) ) ;
#8162 =( BOUNDED_CURVE ( )  B_SPLINE_CURVE ( 3, ( #11378, #1558, #6020, #3350 ),
 .UNSPECIFIED., .F., .F. ) 
 B_SPLINE_CURVE_WITH_KNOTS ( ( 4, 4 ),
 ( 3.141592653589790007, 4.712388980384687898 ),
 .UNSPECIFIED. ) 
 CURVE ( )  GEOMETRIC_REPRESENTATION_ITEM ( )  RATIONAL_B_SPLINE_CURVE ( ( 1.000000000000000000, 0.8047378541243646044, 0.8047378541243646044, 1.000000000000000000 ) ) 
 REPRESENTATION_ITEM ( '' )  );
#8163 = CARTESIAN_POINT ( 'NONE',  ( 17.57061150527304960, 50.75260358733006427, 87.77148351815341698 ) ) ;
#8164 = VECTOR ( 'NONE', #2995, 1000.000000000000114 ) ;
#8165 = LINE ( 'NONE', #10950, #6455 ) ;
#8166 = ORIENTED_EDGE ( 'NONE', *, *, #10525, .T. ) ;
#8167 = LINE ( 'NONE', #207, #6736 ) ;
#8168 = CARTESIAN_POINT ( 'NONE',  ( 1.102898273715029465, 105.1926481091521595, 142.9925363943893615 ) ) ;
#8169 = CARTESIAN_POINT ( 'NONE',  ( -3.087256161519422726, 104.7657045427582432, 127.7026006845156871 ) ) ;
#8170 = CARTESIAN_POINT ( 'NONE',  ( -20.96621154560242672, 48.93687933508365262, 125.3534062774359654 ) ) ;
#8171 = ORIENTED_EDGE ( 'NONE', *, *, #5753, .F. ) ;
#8172 = DIRECTION ( 'NONE',  ( 0.4974245373931009961, 0.05068362259411126475, -0.8660254037844370423 ) ) ;
#8173 = EDGE_CURVE ( 'NONE', #7474, #10772, #5050, .T. ) ;
#8174 = ORIENTED_EDGE ( 'NONE', *, *, #10624, .T. ) ;
#8175 = DIRECTION ( 'NONE',  ( -0.4974245373930948344, -0.05068362259411087617, -0.8660254037844405950 ) ) ;
#8176 = DIRECTION ( 'NONE',  ( -0.1013672451882220160, 0.9948490747861964412, 0.000000000000000000 ) ) ;
#8177 = LINE ( 'NONE', #41, #4245 ) ;
#8178 = CARTESIAN_POINT ( 'NONE',  ( 1.102898273715022581, 105.1926481091521737, 120.4074636056117242 ) ) ;
#8179 = DIRECTION ( 'NONE',  ( 3.148927598275349405E-15, 3.100401161182723417E-16, -1.000000000000000000 ) ) ;
#8180 = EDGE_CURVE ( 'NONE', #10772, #7722, #639, .T. ) ;
#8181 = EDGE_CURVE ( 'NONE', #4037, #4380, #7517, .T. ) ;
#8182 = VECTOR ( 'NONE', #4850, 1000.000000000000114 ) ;
#8183 = CARTESIAN_POINT ( 'NONE',  ( 3.827248611387672472, 78.45504260557461862, 123.5388375173120892 ) ) ;
#8184 = CARTESIAN_POINT ( 'NONE',  ( -1.324772208397245299, 9.299913550004461626, 150.0500000000005230 ) ) ;
#8185 = ORIENTED_EDGE ( 'NONE', *, *, #1263, .F. ) ;
#8186 = CARTESIAN_POINT ( 'NONE',  ( -4.712125432228143396, 47.47699149580887479, 130.8339745962161089 ) ) ;
#8187 = ORIENTED_EDGE ( 'NONE', *, *, #9952, .F. ) ;
#8188 = CARTESIAN_POINT ( 'NONE',  ( -55.90404443273103396, 12.18220957149645756, 113.3500000000005059 ) ) ;
#8189 = ORIENTED_EDGE ( 'NONE', *, *, #5060, .F. ) ;
#8190 = CARTESIAN_POINT ( 'NONE',  ( -1.762647178012779037, 38.26015117847210689, 146.7000000000005002 ) ) ;
#8191 = PLANE ( 'NONE',  #2326 ) ;
#8192 = LINE ( 'NONE', #6270, #9084 ) ;
#8193 = EDGE_CURVE ( 'NONE', #9596, #697, #6035, .T. ) ;
#8194 = ORIENTED_EDGE ( 'NONE', *, *, #1256, .F. ) ;
#8195 = CARTESIAN_POINT ( 'NONE',  ( -19.84787390245720928, 103.0579302771824928, 142.2928748423236414 ) ) ;
#8196 = VERTEX_POINT ( 'NONE', #8933 ) ;
#8197 = ORIENTED_EDGE ( 'NONE', *, *, #413, .F. ) ;
#8198 = ORIENTED_EDGE ( 'NONE', *, *, #6001, .F. ) ;
#8199 = DIRECTION ( 'NONE',  ( 0.9948490747861963301, 0.1013672451882219744, 3.164135620181696535E-15 ) ) ;
#8200 = ORIENTED_EDGE ( 'NONE', *, *, #3363, .F. ) ;
#8201 = LINE ( 'NONE', #6513, #2225 ) ;
#8202 = DIRECTION ( 'NONE',  ( -1.000000000000000000, 0.000000000000000000, -3.148927598275349405E-15 ) ) ;
#8203 = FACE_OUTER_BOUND ( 'NONE', #11501, .T. ) ;
#8204 = EDGE_CURVE ( 'NONE', #3972, #2228, #2765, .T. ) ;
#8205 = LINE ( 'NONE', #6281, #5137 ) ;
#8206 = EDGE_CURVE ( 'NONE', #7268, #120, #10797, .T. ) ;
#8207 = LINE ( 'NONE', #3082, #1380 ) ;
#8208 = VERTEX_POINT ( 'NONE', #3640 ) ;
#8209 = EDGE_CURVE ( 'NONE', #874, #7513, #9165, .T. ) ;
#8210 = ORIENTED_EDGE ( 'NONE', *, *, #3048, .T. ) ;
#8211 = ORIENTED_EDGE ( 'NONE', *, *, #10741, .T. ) ;
#8212 = DIRECTION ( 'NONE',  ( 0.9948490747861962191, 0.1013672451882218495, 0.000000000000000000 ) ) ;
#8213 = CARTESIAN_POINT ( 'NONE',  ( -7.277410596753866479, 104.3387609763642985, 142.9925363943893615 ) ) ;
#8214 = APPLICATION_PROTOCOL_DEFINITION ( 'draft international standard', 'automotive_design', 1998, #3725 ) ;
#8215 = DIRECTION ( 'NONE',  ( -0.4974245373931011072, -0.05068362259411127169, 0.8660254037844369313 ) ) ;
#8216 = DIRECTION ( 'NONE',  ( 0.1013672451882219883, -0.9948490747861964412, 1.075499326746823620E-17 ) ) ;
#8217 = DIRECTION ( 'NONE',  ( -0.9948490747861963301, -0.1013672451882219605, -3.497202527569243497E-15 ) ) ;
#8218 = EDGE_CURVE ( 'NONE', #3095, #3083, #3813, .T. ) ;
#8219 = EDGE_CURVE ( 'NONE', #6566, #3714, #6372, .T. ) ;
#8220 = VERTEX_POINT ( 'NONE', #2021 ) ;
#8221 = VERTEX_POINT ( 'NONE', #8236 ) ;
#8222 = LINE ( 'NONE', #3625, #5803 ) ;
#8223 = FACE_BOUND ( 'NONE', #10784, .T. ) ;
#8224 = CARTESIAN_POINT ( 'NONE',  ( 6.349743540596019642, 3.045642788675047452, 156.7000000000005002 ) ) ;
#8225 = DIRECTION ( 'NONE',  ( -1.000000000000000000, 0.000000000000000000, -3.148927598275349405E-15 ) ) ;
#8226 = VERTEX_POINT ( 'NONE', #4684 ) ;
#8227 = CARTESIAN_POINT ( 'NONE',  ( -10.83332635632782548, 17.77973654437600359, 150.0500000000005230 ) ) ;
#8228 = AXIS2_PLACEMENT_3D ( 'NONE', #7666, #3184, #5054 ) ;
#8229 = VERTEX_POINT ( 'NONE', #7364 ) ;
#8230 = DIRECTION ( 'NONE',  ( 0.1013672451882219883, -0.9948490747861964412, 1.075499326746823620E-17 ) ) ;
#8231 = DIRECTION ( 'NONE',  ( 1.000000000000000000, 0.000000000000000000, 0.000000000000000000 ) ) ;
#8232 = VECTOR ( 'NONE', #87, 999.9999999999998863 ) ;
#8233 = DIRECTION ( 'NONE',  ( -0.4974245373931009961, -0.05068362259411093862, 0.8660254037844370423 ) ) ;
#8234 = DIRECTION ( 'NONE',  ( -0.5019378298181113029, 0.000000000000000000, -0.8649037027308211778 ) ) ;
#8235 = EDGE_CURVE ( 'NONE', #10094, #5585, #220, .T. ) ;
#8236 = CARTESIAN_POINT ( 'NONE',  ( -4.553060259081219030, 77.60115547278675763, 134.9977377634196785 ) ) ;
#8237 = VECTOR ( 'NONE', #8998, 999.9999999999998863 ) ;
#8238 = EDGE_CURVE ( 'NONE', #2092, #3303, #1147, .T. ) ;
#8239 = LINE ( 'NONE', #10968, #6624 ) ;
#8240 = DIRECTION ( 'NONE',  ( 0.1013672451882219883, -0.9948490747861964412, 1.075499326746823620E-17 ) ) ;
#8241 = VECTOR ( 'NONE', #3556, 1000.000000000000114 ) ;
#8242 = ORIENTED_EDGE ( 'NONE', *, *, #7782, .T. ) ;
#8243 = CARTESIAN_POINT ( 'NONE',  ( -14.66287039243656487, 103.5862410887646377, 123.5388375173121460 ) ) ;
#8244 = EDGE_LOOP ( 'NONE', ( #3073, #9534, #184 ) ) ;
#8245 = CARTESIAN_POINT ( 'NONE',  ( 73.31081330643914384, 56.43208889421852348, 155.7000000000005002 ) ) ;
#8246 = VERTEX_POINT ( 'NONE', #9863 ) ;
#8247 = DIRECTION ( 'NONE',  ( -0.4974245373931011072, -0.05068362259411127169, 0.8660254037844369313 ) ) ;
#8248 = EDGE_CURVE ( 'NONE', #10928, #11311, #9112, .T. ) ;
#8249 = ADVANCED_FACE ( 'NONE', ( #1902 ), #6436, .T. ) ;
#8250 = VECTOR ( 'NONE', #8960, 999.9999999999998863 ) ;
#8251 = CARTESIAN_POINT ( 'NONE',  ( -7.872481210540203556, 77.26293275539438810, 135.6973993154853702 ) ) ;
#8252 = EDGE_CURVE ( 'NONE', #2036, #4056, #277, .T. ) ;
#8253 = CARTESIAN_POINT ( 'NONE',  ( 6.379444975182973820, 18.52840408682722284, 113.3500000000005059 ) ) ;
#8254 = ORIENTED_EDGE ( 'NONE', *, *, #3977, .T. ) ;
#8255 = DIRECTION ( 'NONE',  ( -0.4974245373931011072, -0.05068362259411127169, 0.8660254037844369313 ) ) ;
#8256 = ORIENTED_EDGE ( 'NONE', *, *, #9138, .F. ) ;
#8257 = VECTOR ( 'NONE', #2267, 999.9999999999998863 ) ;
#8258 = ORIENTED_EDGE ( 'NONE', *, *, #10707, .F. ) ;
#8259 = LINE ( 'NONE', #3070, #446 ) ;
#8260 = ORIENTED_EDGE ( 'NONE', *, *, #4253, .F. ) ;
#8261 = DIRECTION ( 'NONE',  ( 0.1013672451882219883, -0.9948490747861964412, 1.075499326746823620E-17 ) ) ;
#8262 = ORIENTED_EDGE ( 'NONE', *, *, #4429, .F. ) ;
#8263 = CARTESIAN_POINT ( 'NONE',  ( 8.355762410868281975, 48.80850581758482321, 138.9951370789045200 ) ) ;
#8264 = CARTESIAN_POINT ( 'NONE',  ( -12.42048433156649168, 93.53381893013261106, 146.7000000000005002 ) ) ;
#8265 = VECTOR ( 'NONE', #4066, 1000.000000000000114 ) ;
#8266 = ADVANCED_FACE ( 'NONE', ( #1203 ), #4743, .T. ) ;
#8267 = VECTOR ( 'NONE', #2467, 999.9999999999998863 ) ;
#8268 = DIRECTION ( 'NONE',  ( 0.1013672451882220438, -0.9948490747861963301, 8.425943506694158568E-34 ) ) ;
#8269 = EDGE_CURVE ( 'NONE', #11220, #6164, #8993, .T. ) ;
#8270 = CARTESIAN_POINT ( 'NONE',  ( -26.06617769541776042, 67.56875387162472180, 87.77148351815341698 ) ) ;
#8271 = VECTOR ( 'NONE', #8885, 999.9999999999998863 ) ;
#8272 = DIRECTION ( 'NONE',  ( 0.1013672451882219883, -0.9948490747861964412, 1.075499326746823620E-17 ) ) ;
#8273 = ORIENTED_EDGE ( 'NONE', *, *, #9835, .F. ) ;
#8274 = VECTOR ( 'NONE', #7798, 1000.000000000000000 ) ;
#8275 = ORIENTED_EDGE ( 'NONE', *, *, #7029, .F. ) ;
#8276 = AXIS2_PLACEMENT_3D ( 'NONE', #7876, #7765, #2582 ) ;
#8277 = CARTESIAN_POINT ( 'NONE',  ( -51.56988985473464737, 72.81051273673179480, 25.35933468002340163 ) ) ;
#8278 = ADVANCED_FACE ( 'NONE', ( #2823 ), #1962, .F. ) ;
#8279 = FACE_OUTER_BOUND ( 'NONE', #6114, .T. ) ;
#8280 = CIRCLE ( 'NONE', #6783, 1.550000000000000266 ) ;
#8281 = CARTESIAN_POINT ( 'NONE',  ( 6.776430230576962366, 24.49738928361381340, 156.7000000000005002 ) ) ;
#8282 = EDGE_LOOP ( 'NONE', ( #4671, #10285, #6914, #6011, #4962, #7632 ) ) ;
#8283 = ORIENTED_EDGE ( 'NONE', *, *, #5751, .F. ) ;
#8284 = CARTESIAN_POINT ( 'NONE',  ( -0.2869982004050166680, 23.77768184277744723, 137.1844619224678752 ) ) ;
#8285 = FACE_BOUND ( 'NONE', #495, .T. ) ;
#8286 = EDGE_CURVE ( 'NONE', #2243, #6778, #4798, .T. ) ;
#8287 = FACE_OUTER_BOUND ( 'NONE', #10727, .T. ) ;
#8288 = PLANE ( 'NONE',  #487 ) ;
#8289 = ORIENTED_EDGE ( 'NONE', *, *, #9550, .T. ) ;
#8290 = CARTESIAN_POINT ( 'NONE',  ( -3.087256161519422726, 104.7657045427582432, 127.7026006845156871 ) ) ;
#8291 = VECTOR ( 'NONE', #1316, 1000.000000000000000 ) ;
#8292 = ORIENTED_EDGE ( 'NONE', *, *, #5294, .T. ) ;
#8293 = DIRECTION ( 'NONE',  ( -0.9938949685030576964, -0.1103303747129771861, -6.514758705377155282E-13 ) ) ;
#8294 = EDGE_CURVE ( 'NONE', #7779, #3531, #339, .T. ) ;
#8295 = DIRECTION ( 'NONE',  ( -0.9948490747861963301, -0.1013672451882218911, -0.000000000000000000 ) ) ;
#8296 = FACE_OUTER_BOUND ( 'NONE', #5525, .T. ) ;
#8297 = FACE_OUTER_BOUND ( 'NONE', #10181, .T. ) ;
#8298 = CARTESIAN_POINT ( 'NONE',  ( -7.872481210540160923, 77.26293275539438810, 123.5388375173120750 ) ) ;
#8299 = ADVANCED_FACE ( 'NONE', ( #7303 ), #2998, .T. ) ;
#8300 = VECTOR ( 'NONE', #9241, 999.9999999999998863 ) ;
#8301 = VECTOR ( 'NONE', #2320, 999.9999999999998863 ) ;
#8302 = CARTESIAN_POINT ( 'NONE',  ( -5.706974507014352938, 47.37562425062068883, 140.5608240347546882 ) ) ;
#8303 = DIRECTION ( 'NONE',  ( 0.4974245373930950564, 0.05068362259411089699, 0.8660254037844403729 ) ) ;
#8304 = ORIENTED_EDGE ( 'NONE', *, *, #4392, .T. ) ;
#8305 = LINE ( 'NONE', #3819, #5469 ) ;
#8306 = ORIENTED_EDGE ( 'NONE', *, *, #8996, .T. ) ;
#8307 = LINE ( 'NONE', #5386, #6610 ) ;
#8308 = ORIENTED_EDGE ( 'NONE', *, *, #7050, .T. ) ;
#8309 = CARTESIAN_POINT ( 'NONE',  ( -2.874772208397244899, 9.299913550004461626, 105.4200000000005844 ) ) ;
#8310 = DIRECTION ( 'NONE',  ( -3.480278902931750302E-15, -3.438021909835086216E-16, 1.000000000000000000 ) ) ;
#8311 = VECTOR ( 'NONE', #960, 1000.000000000000114 ) ;
#8312 = CARTESIAN_POINT ( 'NONE',  ( -1.516820071779906964, 47.80256781701462643, 134.9977377634196785 ) ) ;
#8313 = ORIENTED_EDGE ( 'NONE', *, *, #10434, .F. ) ;
#8314 = CARTESIAN_POINT ( 'NONE',  ( -17.62094810217766039, 76.26964115101081632, 136.5634247192698467 ) ) ;
#8315 = ORIENTED_EDGE ( 'NONE', *, *, #3764, .T. ) ;
#8316 = ORIENTED_EDGE ( 'NONE', *, *, #1086, .F. ) ;
#8317 = CARTESIAN_POINT ( 'NONE',  ( -76.10801286070336857, 70.31027225378282708, 39.59977806179838211 ) ) ;
#8318 = AXIS2_PLACEMENT_3D ( 'NONE', #3669, #10007, #6225 ) ;
#8319 = EDGE_LOOP ( 'NONE', ( #2894, #5328, #10110, #6595 ) ) ;
#8320 = DIRECTION ( 'NONE',  ( 0.000000000000000000, 1.000000000000000000, 0.000000000000000000 ) ) ;
#8321 = ORIENTED_EDGE ( 'NONE', *, *, #3724, .T. ) ;
#8322 = DIRECTION ( 'NONE',  ( 0.1013672451882219883, -0.9948490747861964412, 1.075499326746823620E-17 ) ) ;
#8323 = CARTESIAN_POINT ( 'NONE',  ( -9.975291419809025228, 104.0638682777526896, 121.9731505614619067 ) ) ;
#8324 = PLANE ( 'NONE',  #8480 ) ;
#8325 = FACE_OUTER_BOUND ( 'NONE', #7824, .T. ) ;
#8326 = ADVANCED_FACE ( 'NONE', ( #1267 ), #7194, .T. ) ;
#8327 = ADVANCED_FACE ( 'NONE', ( #393 ), #11130, .F. ) ;
#8328 = LINE ( 'NONE', #3726, #2118 ) ;
#8329 = ORIENTED_EDGE ( 'NONE', *, *, #9205, .F. ) ;
#8330 = VERTEX_POINT ( 'NONE', #3274 ) ;
#8331 = ORIENTED_EDGE ( 'NONE', *, *, #2294, .T. ) ;
#8332 = CARTESIAN_POINT ( 'NONE',  ( -0.2869982004050216085, 23.77768184277744368, 124.9421362689926269 ) ) ;
#8333 = ADVANCED_FACE ( 'NONE', ( #6766 ), #562, .T. ) ;
#8334 = LINE ( 'NONE', #3192, #321 ) ;
#8335 = DIRECTION ( 'NONE',  ( -0.5019378298181113029, 0.000000000000000000, -0.8649037027308211778 ) ) ;
#8336 = VECTOR ( 'NONE', #9822, 1000.000000000000000 ) ;
#8337 = ORIENTED_EDGE ( 'NONE', *, *, #626, .F. ) ;
#8338 = EDGE_CURVE ( 'NONE', #4368, #9013, #8462, .T. ) ;
#8339 = ORIENTED_EDGE ( 'NONE', *, *, #10519, .F. ) ;
#8340 = PLANE ( 'NONE',  #8408 ) ;
#8341 = CARTESIAN_POINT ( 'NONE',  ( -28.09107868970377808, 45.09486123388565915, 155.7000000000005002 ) ) ;
#8342 = DIRECTION ( 'NONE',  ( -0.9948490747861964412, -0.1013672451882218634, -3.164135620181696535E-15 ) ) ;
#8343 = LINE ( 'NONE', #1363, #5663 ) ;
#8344 = ORIENTED_EDGE ( 'NONE', *, *, #4782, .F. ) ;
#8345 = ORIENTED_EDGE ( 'NONE', *, *, #8570, .T. ) ;
#8346 = CARTESIAN_POINT ( 'NONE',  ( 6.863488798688985426, 48.65645494980250163, 134.9977377634196785 ) ) ;
#8347 = AXIS2_PLACEMENT_3D ( 'NONE', #3329, #6877, #10417 ) ;
#8348 = CARTESIAN_POINT ( 'NONE',  ( 3.329824073994579248, 78.40435898298051143, 124.4048629210965657 ) ) ;
#8349 = DIRECTION ( 'NONE',  ( 0.1013672451882219883, -0.9948490747861964412, 1.075499326746823620E-17 ) ) ;
#8350 = CARTESIAN_POINT ( 'NONE',  ( 7.858337873475191415, 48.75782219499068049, 128.4022622365814641 ) ) ;
#8351 = ADVANCED_FACE ( 'NONE', ( #6709 ), #3157, .T. ) ;
#8352 = VECTOR ( 'NONE', #11074, 1000.000000000000114 ) ;
#8353 = DIRECTION ( 'NONE',  ( -0.1013672451882220160, 0.9948490747861964412, 0.000000000000000000 ) ) ;
#8354 = DIRECTION ( 'NONE',  ( 0.9948490747861964412, 0.1013672451882220160, 6.938893903907229918E-18 ) ) ;
#8355 = ORIENTED_EDGE ( 'NONE', *, *, #3722, .T. ) ;
#8356 = LINE ( 'NONE', #7254, #4918 ) ;
#8357 = VERTEX_POINT ( 'NONE', #10367 ) ;
#8358 = CARTESIAN_POINT ( 'NONE',  ( 6.349743540596019642, 3.045642788675047452, 150.0500000000005230 ) ) ;
#8359 = ORIENTED_EDGE ( 'NONE', *, *, #5531, .T. ) ;
#8360 = CARTESIAN_POINT ( 'NONE',  ( -19.48391276254851689, 92.81411148929623778, 115.4200000000005844 ) ) ;
#8361 = CARTESIAN_POINT ( 'NONE',  ( -16.15514400461585964, 103.4341902209823161, 143.8585617981738380 ) ) ;
#8362 = VECTOR ( 'NONE', #1740, 999.9999999999998863 ) ;
#8363 = VECTOR ( 'NONE', #216, 999.9999999999998863 ) ;
#8364 = LINE ( 'NONE', #10980, #3129 ) ;
#8365 = VERTEX_POINT ( 'NONE', #9499 ) ;
#8366 = CARTESIAN_POINT ( 'NONE',  ( 45.74035010216751118, 82.72565585043062697, 31.11364665747108660 ) ) ;
#8367 = ORIENTED_EDGE ( 'NONE', *, *, #2564, .T. ) ;
#8368 = LINE ( 'NONE', #3939, #10634 ) ;
#8369 = ORIENTED_EDGE ( 'NONE', *, *, #4429, .T. ) ;
#8370 = VECTOR ( 'NONE', #1535, 999.9999999999998863 ) ;
#8371 = DIRECTION ( 'NONE',  ( 0.8615645716962891942, 0.08778660944464597438, 0.5000000000000029976 ) ) ;
#8372 = ORIENTED_EDGE ( 'NONE', *, *, #5459, .T. ) ;
#8373 = CARTESIAN_POINT ( 'NONE',  ( -5.706974507014352938, 47.37562425062068883, 135.6973993154853702 ) ) ;
#8374 = CARTESIAN_POINT ( 'NONE',  ( -1.516820071779906964, 47.80256781701462643, 134.9977377634196785 ) ) ;
#8375 = PLANE ( 'NONE',  #1806 ) ;
#8376 = DIRECTION ( 'NONE',  ( -3.480278902931750302E-15, -3.438021909835086216E-16, 1.000000000000000000 ) ) ;
#8377 = LINE ( 'NONE', #1124, #5078 ) ;
#8378 = VERTEX_POINT ( 'NONE', #7692 ) ;
#8379 = ORIENTED_EDGE ( 'NONE', *, *, #10541, .F. ) ;
#8380 = ORIENTED_EDGE ( 'NONE', *, *, #3419, .F. ) ;
#8381 = CARTESIAN_POINT ( 'NONE',  ( -61.44247233738286695, 71.80457473616158381, 31.08878480307713943 ) ) ;
#8382 = EDGE_CURVE ( 'NONE', #10064, #5557, #2186, .T. ) ;
#8383 = EDGE_CURVE ( 'NONE', #206, #4296, #4967, .T. ) ;
#8384 = EDGE_LOOP ( 'NONE', ( #4048, #8156, #9297, #10376 ) ) ;
#8385 = DIRECTION ( 'NONE',  ( -0.4974245373930948344, -0.05068362259411087617, -0.8660254037844405950 ) ) ;
#8386 = EDGE_CURVE ( 'NONE', #9243, #5282, #505, .T. ) ;
#8387 = CIRCLE ( 'NONE', #10418, 1.000000000000000666 ) ;
#8388 = PLANE ( 'NONE',  #340 ) ;
#8389 = EDGE_CURVE ( 'NONE', #2525, #346, #11076, .T. ) ;
#8390 = VERTEX_POINT ( 'NONE', #6826 ) ;
#8391 = VERTEX_POINT ( 'NONE', #613 ) ;
#8392 = FACE_OUTER_BOUND ( 'NONE', #3068, .T. ) ;
#8393 = CARTESIAN_POINT ( 'NONE',  ( -5.261243574336011974, 23.27084561683632913, 146.7000000000005002 ) ) ;
#8394 = CARTESIAN_POINT ( 'NONE',  ( -7.277410596753870031, 104.3387609763642985, 125.2708883248810423 ) ) ;
#8395 = DIRECTION ( 'NONE',  ( -0.1013672451882220160, 0.9948490747861964412, -3.886951625497316340E-16 ) ) ;
#8396 = ORIENTED_EDGE ( 'NONE', *, *, #587, .T. ) ;
#8397 = ORIENTED_EDGE ( 'NONE', *, *, #3016, .T. ) ;
#8398 = CYLINDRICAL_SURFACE ( 'NONE', #2788, 1.049999999999992273 ) ;
#8399 = CARTESIAN_POINT ( 'NONE',  ( -0.8603303612398733868, 77.97741541658656672, 136.5634247192698467 ) ) ;
#8400 = CARTESIAN_POINT ( 'NONE',  ( -8.902279867462603136, 47.05004792941496561, 144.7245872019582293 ) ) ;
#8401 = EDGE_CURVE ( 'NONE', #295, #8437, #4141, .T. ) ;
#8402 = CARTESIAN_POINT ( 'NONE',  ( -9.975291419809025228, 104.0638682777526896, 141.4268494385391648 ) ) ;
#8403 = LINE ( 'NONE', #6658, #9523 ) ;
#8404 = DIRECTION ( 'NONE',  ( 6.903152180341684826E-18, 7.033765596924220165E-19, -1.000000000000000000 ) ) ;
#8405 = VERTEX_POINT ( 'NONE', #1541 ) ;
#8406 = CARTESIAN_POINT ( 'NONE',  ( 43.64527288455030885, 82.51218406723364751, 29.89779047765375353 ) ) ;
#8407 = EDGE_LOOP ( 'NONE', ( #10490, #7347, #8926, #7982 ) ) ;
#8408 = AXIS2_PLACEMENT_3D ( 'NONE', #11120, #3964, #8450 ) ;
#8409 = FACE_OUTER_BOUND ( 'NONE', #8771, .T. ) ;
#8410 = ORIENTED_EDGE ( 'NONE', *, *, #1149, .F. ) ;
#8411 = DIRECTION ( 'NONE',  ( 8.541146813851734310E-35, -8.382542101835442458E-34, -1.000000000000000000 ) ) ;
#8412 = VECTOR ( 'NONE', #2811, 1000.000000000000114 ) ;
#8413 = VECTOR ( 'NONE', #6900, 1000.000000000000000 ) ;
#8414 = CARTESIAN_POINT ( 'NONE',  ( 0.6054737363219240276, 105.1419644865580665, 129.2682876403658838 ) ) ;
#8415 = EDGE_CURVE ( 'NONE', #3299, #10019, #2289, .T. ) ;
#8416 = VECTOR ( 'NONE', #8965, 1000.000000000000000 ) ;
#8417 = CYLINDRICAL_SURFACE ( 'NONE', #4057, 1.000000000000000666 ) ;
#8418 = ORIENTED_EDGE ( 'NONE', *, *, #11504, .F. ) ;
#8419 = LINE ( 'NONE', #10329, #6052 ) ;
#8420 = VECTOR ( 'NONE', #4414, 1000.000000000000000 ) ;
#8421 = ORIENTED_EDGE ( 'NONE', *, *, #2169, .F. ) ;
#8422 = VERTEX_POINT ( 'NONE', #8350 ) ;
#8424 = AXIS2_PLACEMENT_3D ( 'NONE', #11153, #2313, #3072 ) ;
#8423 = CARTESIAN_POINT ( 'NONE',  ( -6.204399044407451491, 47.32494062802657453, 141.4268494385391648 ) ) ;
#8425 = ORIENTED_EDGE ( 'NONE', *, *, #1459, .T. ) ;
#8426 = LINE ( 'NONE', #2312, #657 ) ;
#8427 = DIRECTION ( 'NONE',  ( 0.1013672451882219883, -0.9948490747861964412, 8.425943506694160278E-34 ) ) ;
#8428 = ORIENTED_EDGE ( 'NONE', *, *, #8761, .T. ) ;
#8429 = CARTESIAN_POINT ( 'NONE',  ( -19.82140438783975256, 76.04543207499334301, 143.8585617981738380 ) ) ;
#8430 = LINE ( 'NONE', #3180, #5839 ) ;
#8431 = EDGE_CURVE ( 'NONE', #398, #3293, #9387, .T. ) ;
#8432 = DIRECTION ( 'NONE',  ( 0.1013672451882220021, -0.9948490747861964412, -2.311115933264683297E-32 ) ) ;
#8433 = DIRECTION ( 'NONE',  ( 0.4974245373931012182, 0.05068362259411096638, -0.8660254037844369313 ) ) ;
#8434 = VECTOR ( 'NONE', #7446, 999.9999999999998863 ) ;
#8435 = ADVANCED_FACE ( 'NONE', ( #11019 ), #5723, .T. ) ;
#8436 = LINE ( 'NONE', #6802, #11185 ) ;
#8437 = VERTEX_POINT ( 'NONE', #1317 ) ;
#8438 = ORIENTED_EDGE ( 'NONE', *, *, #5751, .T. ) ;
#8439 = VERTEX_POINT ( 'NONE', #4853 ) ;
#8440 = CIRCLE ( 'NONE', #8815, 1.000000000000000000 ) ;
#8441 = CARTESIAN_POINT ( 'NONE',  ( -59.34739511976552961, 72.01804651935857748, 29.87292862325974951 ) ) ;
#8442 = VECTOR ( 'NONE', #6537, 1000.000000000000114 ) ;
#8443 = ORIENTED_EDGE ( 'NONE', *, *, #3762, .F. ) ;
#8444 = DIRECTION ( 'NONE',  ( 1.000000000000000000, 0.000000000000000000, 3.480278902931750302E-15 ) ) ;
#8445 = CARTESIAN_POINT ( 'NONE',  ( -1.762647178012779037, 38.26015117847210689, 146.7000000000005002 ) ) ;
#8446 = VECTOR ( 'NONE', #363, 1000.000000000000114 ) ;
#8447 = AXIS2_PLACEMENT_3D ( 'NONE', #1323, #7589, #6607 ) ;
#8448 = ORIENTED_EDGE ( 'NONE', *, *, #7902, .F. ) ;
#8449 = VERTEX_POINT ( 'NONE', #8518 ) ;
#8450 = DIRECTION ( 'NONE',  ( 0.5019378298181175202, 0.000000000000000000, -0.8649037027308175141 ) ) ;
#8451 = EDGE_CURVE ( 'NONE', #9802, #5674, #4086, .T. ) ;
#8452 = DIRECTION ( 'NONE',  ( -0.1013672451882218495, 0.9948490747861963301, -1.398214850060646255E-14 ) ) ;
#8453 = CARTESIAN_POINT ( 'NONE',  ( -7.872481210540168917, 77.26293275539438810, 125.9705498769467766 ) ) ;
#8454 = DIRECTION ( 'NONE',  ( 0.4974245373930950564, 0.05068362259411089699, 0.8660254037844403729 ) ) ;
#8455 = ORIENTED_EDGE ( 'NONE', *, *, #6677, .F. ) ;
#8456 = CARTESIAN_POINT ( 'NONE',  ( -9.897128942248800243, 46.94868068422675123, 138.1291116751200434 ) ) ;
#8457 = DIRECTION ( 'NONE',  ( -1.000000000000000000, 0.000000000000000000, 0.000000000000000000 ) ) ;
#8458 = AXIS2_PLACEMENT_3D ( 'NONE', #8069, #2776, #6448 ) ;
#8459 = AXIS2_PLACEMENT_3D ( 'NONE', #3100, #6703, #4847 ) ;
#8460 = CARTESIAN_POINT ( 'NONE',  ( -13.09243430269705044, 46.62310436302102801, 137.4294501230542664 ) ) ;
#8461 = AXIS2_PLACEMENT_3D ( 'NONE', #8245, #1043, #5560 ) ;
#8462 = LINE ( 'NONE', #9444, #8673 ) ;
#8463 = ORIENTED_EDGE ( 'NONE', *, *, #7394, .F. ) ;
#8464 = EDGE_CURVE ( 'NONE', #359, #6676, #7637, .T. ) ;
#8465 = ADVANCED_FACE ( 'NONE', ( #5242 ), #11418, .T. ) ;
#8466 = VECTOR ( 'NONE', #8216, 999.9999999999998863 ) ;
#8467 = CARTESIAN_POINT ( 'NONE',  ( -4.214700894835060829, 47.52767511840301751, 121.9731505614619067 ) ) ;
#8468 = CARTESIAN_POINT ( 'NONE',  ( -66.23543037805529821, 71.31621025435300965, 33.87032793874473668 ) ) ;
#8469 = VERTEX_POINT ( 'NONE', #1602 ) ;
#8470 = CARTESIAN_POINT ( 'NONE',  ( 55.61293258481567392, 83.73159385100082375, 36.84309678052488124 ) ) ;
#8471 = EDGE_LOOP ( 'NONE', ( #8315, #9567, #3053, #11375 ) ) ;
#8472 = EDGE_CURVE ( 'NONE', #5758, #10189, #3454, .T. ) ;
#8473 = CARTESIAN_POINT ( 'NONE',  ( -0.6152014920796844422, 6.335970026501107633, 156.7000000000005002 ) ) ;
#8474 = VECTOR ( 'NONE', #302, 999.9999999999998863 ) ;
#8475 = ORIENTED_EDGE ( 'NONE', *, *, #4842, .T. ) ;
#8476 = LINE ( 'NONE', #11087, #1130 ) ;
#8477 = ADVANCED_FACE ( 'NONE', ( #6004 ), #9732, .T. ) ;
#8478 = DIRECTION ( 'NONE',  ( 0.1013672451882219883, -0.9948490747861964412, 1.075499326746823620E-17 ) ) ;
#8479 = AXIS2_PLACEMENT_3D ( 'NONE', #747, #5324, #4278 ) ;
#8480 = AXIS2_PLACEMENT_3D ( 'NONE', #10116, #5698, #3079 ) ;
#8481 = VERTEX_POINT ( 'NONE', #1659 ) ;
#8482 = DIRECTION ( 'NONE',  ( 0.9948490747861964412, 0.1013672451882221409, 0.000000000000000000 ) ) ;
#8483 = EDGE_LOOP ( 'NONE', ( #2864, #1405, #6242, #6945 ) ) ;
#8484 = ORIENTED_EDGE ( 'NONE', *, *, #9091, .F. ) ;
#8485 = DIRECTION ( 'NONE',  ( -0.9948490747861963301, -0.1013672451882220021, -6.938893903907229918E-18 ) ) ;
#8486 = ORIENTED_EDGE ( 'NONE', *, *, #10010, .T. ) ;
#8487 = ADVANCED_FACE ( 'NONE', ( #7112 ), #6241, .T. ) ;
#8488 = CARTESIAN_POINT ( 'NONE',  ( -0.6152014920796888831, 2.335970026501086760, 156.7000000000005002 ) ) ;
#8489 = CYLINDRICAL_SURFACE ( 'NONE', #5444, 0.9999999999999998890 ) ;
#8490 = ORIENTED_EDGE ( 'NONE', *, *, #10048, .T. ) ;
#8491 = CARTESIAN_POINT ( 'NONE',  ( -18.77486235011079074, 46.04410992884476173, 134.1317123596352019 ) ) ;
#8492 = LINE ( 'NONE', #7392, #292 ) ;
#8493 = VECTOR ( 'NONE', #7420, 999.9999999999998863 ) ;
#8494 = EDGE_CURVE ( 'NONE', #2992, #7316, #7870, .T. ) ;
#8495 = ORIENTED_EDGE ( 'NONE', *, *, #2392, .T. ) ;
#8496 = ORIENTED_EDGE ( 'NONE', *, *, #4469, .T. ) ;
#8497 = CARTESIAN_POINT ( 'NONE',  ( 4.165607975633835558, 48.38156225119088560, 141.4268494385391648 ) ) ;
#8498 = DIRECTION ( 'NONE',  ( 1.000000000000000000, 0.000000000000000000, 0.000000000000000000 ) ) ;
#8499 = PRODUCT_DEFINITION ( 'ๆ', '', #7259, #2896 ) ;
#8500 = DIRECTION ( 'NONE',  ( 0.1013672451882219883, -0.9948490747861964412, 1.075499326746823620E-17 ) ) ;
#8501 = ORIENTED_EDGE ( 'NONE', *, *, #3187, .T. ) ;
#8502 = ADVANCED_FACE ( 'NONE', ( #8749 ), #29, .T. ) ;
#8503 = ORIENTED_EDGE ( 'NONE', *, *, #1048, .T. ) ;
#8504 = EDGE_LOOP ( 'NONE', ( #9788, #6987 ) ) ;
#8505 = CARTESIAN_POINT ( 'NONE',  ( -18.77486235011079074, 46.04410992884476173, 129.2682876403658838 ) ) ;
#8506 = LINE ( 'NONE', #9313, #4773 ) ;
#8507 = FACE_OUTER_BOUND ( 'NONE', #4176, .T. ) ;
#8508 = ORIENTED_EDGE ( 'NONE', *, *, #10833, .F. ) ;
#8509 = ORIENTED_EDGE ( 'NONE', *, *, #9678, .T. ) ;
#8510 = LINE ( 'NONE', #11066, #9892 ) ;
#8511 = CARTESIAN_POINT ( 'NONE',  ( -14.16544585504347076, 103.6369247113587591, 143.8585617981738380 ) ) ;
#8512 = LINE ( 'NONE', #8564, #1967 ) ;
#8513 = ORIENTED_EDGE ( 'NONE', *, *, #380, .T. ) ;
#8514 = LINE ( 'NONE', #2124, #3151 ) ;
#8515 = DIRECTION ( 'NONE',  ( -0.8615645716962893053, -0.08778660944464596050, -0.5000000000000027756 ) ) ;
#8516 = FACE_OUTER_BOUND ( 'NONE', #1390, .T. ) ;
#8517 = EDGE_CURVE ( 'NONE', #834, #3671, #847, .T. ) ;
#8518 = CARTESIAN_POINT ( 'NONE',  ( -0.2869982004050278257, 23.77768184277744012, 146.7000000000005002 ) ) ;
#8519 = ORIENTED_EDGE ( 'NONE', *, *, #11500, .F. ) ;
#8520 = LINE ( 'NONE', #2351, #1918 ) ;
#8521 = PLANE ( 'NONE',  #1370 ) ;
#8522 = ORIENTED_EDGE ( 'NONE', *, *, #662, .T. ) ;
#8523 = DIRECTION ( 'NONE',  ( 6.903152180341684826E-18, 7.033765596924220165E-19, -1.000000000000000000 ) ) ;
#8524 = AXIS2_PLACEMENT_3D ( 'NONE', #8074, #3539, #3710 ) ;
#8525 = VERTEX_POINT ( 'NONE', #10479 ) ;
#8526 = CARTESIAN_POINT ( 'NONE',  ( -15.65771946722276020, 103.4848738435764233, 134.9977377634196785 ) ) ;
#8527 = ORIENTED_EDGE ( 'NONE', *, *, #5707, .T. ) ;
#8528 = DIRECTION ( 'NONE',  ( 6.903152180341684826E-18, 7.033765596924220165E-19, -1.000000000000000000 ) ) ;
#8529 = DIRECTION ( 'NONE',  ( -6.903152180341682515E-18, -7.033765596924228832E-19, 1.000000000000000000 ) ) ;
#8530 = ADVANCED_FACE ( 'NONE', ( #4262 ), #7759, .T. ) ;
#8531 =( BOUNDED_CURVE ( )  B_SPLINE_CURVE ( 3, ( #9947, #7095, #1990, #8956 ),
 .UNSPECIFIED., .F., .F. ) 
 B_SPLINE_CURVE_WITH_KNOTS ( ( 4, 4 ),
 ( 3.141592653589794004, 4.712388980384693227 ),
 .UNSPECIFIED. ) 
 CURVE ( )  GEOMETRIC_REPRESENTATION_ITEM ( )  RATIONAL_B_SPLINE_CURVE ( ( 1.000000000000000000, 0.8047378541243643824, 0.8047378541243643824, 1.000000000000000000 ) ) 
 REPRESENTATION_ITEM ( '' )  );
#8532 = EDGE_CURVE ( 'NONE', #8196, #3295, #5135, .T. ) ;
#8533 = ORIENTED_EDGE ( 'NONE', *, *, #232, .T. ) ;
#8534 = CARTESIAN_POINT ( 'NONE',  ( 7.899743540596020352, 3.045642788675047452, 156.7000000000005002 ) ) ;
#8535 = EDGE_LOOP ( 'NONE', ( #2278, #9159, #2724, #3818 ) ) ;
#8536 = ORIENTED_EDGE ( 'NONE', *, *, #5549, .T. ) ;
#8537 = CARTESIAN_POINT ( 'NONE',  ( 2.498654777577248964, 11.24205540157077365, 153.0500000000005230 ) ) ;
#8538 = VERTEX_POINT ( 'NONE', #7935 ) ;
#8539 = DIRECTION ( 'NONE',  ( 0.4974245373930948899, 0.05068362259411066800, 0.8660254037844405950 ) ) ;
#8540 = DIRECTION ( 'NONE',  ( 0.1013672451882219883, -0.9948490747861964412, 1.075499326746823620E-17 ) ) ;
#8541 = ORIENTED_EDGE ( 'NONE', *, *, #8962, .F. ) ;
#8542 = LINE ( 'NONE', #8718, #7238 ) ;
#8543 = DIRECTION ( 'NONE',  ( 0.5019378298181175202, 0.000000000000000000, -0.8649037027308175141 ) ) ;
#8544 = AXIS2_PLACEMENT_3D ( 'NONE', #7612, #10342, #4877 ) ;
#8545 = VERTEX_POINT ( 'NONE', #11479 ) ;
#8546 = LINE ( 'NONE', #5162, #2345 ) ;
#8547 = EDGE_CURVE ( 'NONE', #11110, #2146, #11359, .T. ) ;
#8548 = DIRECTION ( 'NONE',  ( 0.1013672451882220160, -0.9948490747861963301, 0.000000000000000000 ) ) ;
#8549 = VECTOR ( 'NONE', #6191, 1000.000000000000000 ) ;
#8550 = LINE ( 'NONE', #4061, #2671 ) ;
#8551 = VERTEX_POINT ( 'NONE', #8630 ) ;
#8552 = ORIENTED_EDGE ( 'NONE', *, *, #2140, .F. ) ;
#8553 = VERTEX_POINT ( 'NONE', #907 ) ;
#8554 = CARTESIAN_POINT ( 'NONE',  ( 2.097747348501226572, 105.2940153543403881, 144.7245872019582293 ) ) ;
#8555 = ADVANCED_FACE ( 'NONE', ( #3387 ), #2688, .T. ) ;
#8556 = EDGE_CURVE ( 'NONE', #3681, #3299, #6066, .T. ) ;
#8557 = DIRECTION ( 'NONE',  ( 0.9948490747861963301, 0.1013672451882219744, 3.164135620181696535E-15 ) ) ;
#8558 = LINE ( 'NONE', #1415, #7938 ) ;
#8559 = EDGE_CURVE ( 'NONE', #6055, #9708, #4435, .T. ) ;
#8560 = ORIENTED_EDGE ( 'NONE', *, *, #6001, .T. ) ;
#8561 = ORIENTED_EDGE ( 'NONE', *, *, #376, .T. ) ;
#8562 = CARTESIAN_POINT ( 'NONE',  ( 10.70998192154905837, 49.04838214899449866, 88.77148351815341698 ) ) ;
#8563 = FACE_BOUND ( 'NONE', #7942, .T. ) ;
#8564 = CARTESIAN_POINT ( 'NONE',  ( 4.165607975633832005, 48.38156225119089271, 126.8365752807312248 ) ) ;
#8565 = ORIENTED_EDGE ( 'NONE', *, *, #10889, .T. ) ;
#8566 = CARTESIAN_POINT ( 'NONE',  ( -7.774835134146968585, 104.2880773537701913, 119.5414382018272477 ) ) ;
#8567 = LINE ( 'NONE', #3449, #3319 ) ;
#8568 = EDGE_CURVE ( 'NONE', #8643, #7290, #672, .T. ) ;
#8569 = DIRECTION ( 'NONE',  ( 0.000000000000000000, 1.000000000000000000, 0.000000000000000000 ) ) ;
#8570 = EDGE_CURVE ( 'NONE', #10094, #5398, #9557, .T. ) ;
#8571 = DIRECTION ( 'NONE',  ( 0.9948490747861963301, 0.1013672451882219744, 3.164135620181696535E-15 ) ) ;
#8572 = ORIENTED_EDGE ( 'NONE', *, *, #3853, .T. ) ;
#8573 = CARTESIAN_POINT ( 'NONE',  ( -9.128143506410729913, 1.626501356039936175, 156.7000000000005002 ) ) ;
#8574 = DIRECTION ( 'NONE',  ( -0.5019378298181113029, 0.000000000000000000, -0.8649037027308211778 ) ) ;
#8575 = CARTESIAN_POINT ( 'NONE',  ( -29.18729500967821622, 45.98834306348361167, 2.933498895186788696E-15 ) ) ;
#8576 = DIRECTION ( 'NONE',  ( -0.9948490747861963301, -0.1013672451882219605, -3.497202527569243497E-15 ) ) ;
#8577 = ORIENTED_EDGE ( 'NONE', *, *, #9608, .T. ) ;
#8578 = CYLINDRICAL_SURFACE ( 'NONE', #7903, 1.000000000000000888 ) ;
#8579 = EDGE_LOOP ( 'NONE', ( #6960, #3587, #8778, #6768 ) ) ;
#8580 = SPHERICAL_SURFACE ( 'NONE', #5380, 1.000000000000000000 ) ;
#8581 = ADVANCED_FACE ( 'NONE', ( #2750 ), #9037, .F. ) ;
#8582 = DIRECTION ( 'NONE',  ( -6.903152180341685597E-18, -7.033765596924229795E-19, 1.000000000000000000 ) ) ;
#8583 = EDGE_CURVE ( 'NONE', #10104, #8769, #8106, .T. ) ;
#8584 = VECTOR ( 'NONE', #851, 999.9999999999998863 ) ;
#8585 = EDGE_LOOP ( 'NONE', ( #8948, #10291, #9405, #5499 ) ) ;
#8586 = DIRECTION ( 'NONE',  ( -0.000000000000000000, 0.000000000000000000, 1.000000000000000000 ) ) ;
#8587 = VERTEX_POINT ( 'NONE', #6527 ) ;
#8588 = LINE ( 'NONE', #1389, #9527 ) ;
#8589 = ORIENTED_EDGE ( 'NONE', *, *, #2046, .F. ) ;
#8590 = FACE_OUTER_BOUND ( 'NONE', #7441, .T. ) ;
#8591 = EDGE_CURVE ( 'NONE', #1513, #9850, #10340, .T. ) ;
#8592 = FACE_OUTER_BOUND ( 'NONE', #6249, .T. ) ;
#8593 = ORIENTED_EDGE ( 'NONE', *, *, #5961, .F. ) ;
#8594 = DIRECTION ( 'NONE',  ( 0.4974245373930950564, 0.05068362259411089699, 0.8660254037844403729 ) ) ;
#8595 = DIRECTION ( 'NONE',  ( 0.1013672451882219883, -0.9948490747861964412, 1.075499326746823620E-17 ) ) ;
#8596 = EDGE_CURVE ( 'NONE', #4296, #7018, #1833, .T. ) ;
#8597 = ORIENTED_EDGE ( 'NONE', *, *, #1234, .F. ) ;
#8598 = CIRCLE ( 'NONE', #4128, 1.000000000000000666 ) ;
#8599 = CARTESIAN_POINT ( 'NONE',  ( 40.94739206149514388, 82.23729136862205280, 28.33210352180348579 ) ) ;
#8600 = DIRECTION ( 'NONE',  ( -1.000000000000000000, 0.000000000000000000, 0.000000000000000000 ) ) ;
#8601 = EDGE_LOOP ( 'NONE', ( #7534, #3284, #4428, #9664 ) ) ;
#8602 = DIRECTION ( 'NONE',  ( 0.4974245373931009961, 0.05068362259411126475, -0.8660254037844370423 ) ) ;
#8603 = ORIENTED_EDGE ( 'NONE', *, *, #10524, .T. ) ;
#8604 = EDGE_CURVE ( 'NONE', #5591, #8229, #9902, .T. ) ;
#8605 = ORIENTED_EDGE ( 'NONE', *, *, #9895, .T. ) ;
#8606 = ORIENTED_EDGE ( 'NONE', *, *, #6714, .T. ) ;
#8607 = VECTOR ( 'NONE', #10521, 1000.000000000000000 ) ;
#8608 = EDGE_LOOP ( 'NONE', ( #1920, #2204, #2107, #8876 ) ) ;
#8609 = DIRECTION ( 'NONE',  ( -0.5019378298181113029, 0.000000000000000000, -0.8649037027308211778 ) ) ;
#8610 = EDGE_CURVE ( 'NONE', #10064, #746, #7173, .T. ) ;
#8611 = EDGE_CURVE ( 'NONE', #1500, #5479, #83, .T. ) ;
#8612 = ORIENTED_EDGE ( 'NONE', *, *, #1055, .T. ) ;
#8613 = AXIS2_PLACEMENT_3D ( 'NONE', #1932, #2051, #9889 ) ;
#8614 = PLANE ( 'NONE',  #3270 ) ;
#8615 = PLANE ( 'NONE',  #3482 ) ;
#8616 = VERTEX_POINT ( 'NONE', #9849 ) ;
#8617 = ORIENTED_EDGE ( 'NONE', *, *, #541, .F. ) ;
#8618 = EDGE_CURVE ( 'NONE', #819, #8538, #9790, .T. ) ;
#8619 = CARTESIAN_POINT ( 'NONE',  ( 7.858337873475182533, 48.75782219499071601, 120.4074636056116674 ) ) ;
#8620 = CYLINDRICAL_SURFACE ( 'NONE', #783, 0.9999999999999991118 ) ;
#8621 = AXIS2_PLACEMENT_3D ( 'NONE', #6093, #6913, #7031 ) ;
#8622 = LINE ( 'NONE', #4252, #1208 ) ;
#8623 = EDGE_LOOP ( 'NONE', ( #1142, #3356 ) ) ;
#8624 = EDGE_CURVE ( 'NONE', #10206, #10080, #10898, .T. ) ;
#8625 = CARTESIAN_POINT ( 'NONE',  ( -18.77486235011079074, 46.04410992884476173, 143.8585617981738380 ) ) ;
#8626 = CARTESIAN_POINT ( 'NONE',  ( -57.85512150758626149, 72.17009738714088485, 29.00690321947534756 ) ) ;
#8627 = AXIS2_PLACEMENT_3D ( 'NONE', #10414, #8741, #3505 ) ;
#8628 = DIRECTION ( 'NONE',  ( 0.4974245373930948899, 0.05068362259411066800, 0.8660254037844405950 ) ) ;
#8629 = VECTOR ( 'NONE', #7008, 999.9999999999998863 ) ;
#8630 = CARTESIAN_POINT ( 'NONE',  ( -18.27743781271769308, 46.09479355143887602, 133.2656869558507253 ) ) ;
#8631 = VECTOR ( 'NONE', #1560, 999.9999999999998863 ) ;
#8632 = ORIENTED_EDGE ( 'NONE', *, *, #7463, .F. ) ;
#8633 = EDGE_CURVE ( 'NONE', #2490, #4802, #7250, .T. ) ;
#8634 = VECTOR ( 'NONE', #8966, 1000.000000000000114 ) ;
#8635 = APPLICATION_CONTEXT ( 'automotive_design' ) ;
#8636 = LINE ( 'NONE', #3458, #6166 ) ;
#8637 = CARTESIAN_POINT ( 'NONE',  ( 18.53577288504057563, 51.14533493013187382, 99.31000000000057071 ) ) ;
#8638 = EDGE_CURVE ( 'NONE', #4594, #4397, #1183, .T. ) ;
#8639 = DIRECTION ( 'NONE',  ( 0.000000000000000000, 1.000000000000000000, 0.000000000000000000 ) ) ;
#8640 = DIRECTION ( 'NONE',  ( 0.9948490747861964412, 0.1013672451882218634, 3.497202527569243497E-15 ) ) ;
#8641 = ORIENTED_EDGE ( 'NONE', *, *, #1568, .T. ) ;
#8642 = CARTESIAN_POINT ( 'NONE',  ( 18.56546058005924138, 50.85397083251828576, 156.7000000000005002 ) ) ;
#8643 = VERTEX_POINT ( 'NONE', #1132 ) ;
#8644 = LINE ( 'NONE', #1553, #201 ) ;
#8645 = AXIS2_PLACEMENT_3D ( 'NONE', #2523, #3569, #35 ) ;
#8646 = DIRECTION ( 'NONE',  ( -3.480278902931750302E-15, -3.438021909835086216E-16, 1.000000000000000000 ) ) ;
#8647 = ADVANCED_FACE ( 'NONE', ( #5588 ), #4669, .F. ) ;
#8648 = VECTOR ( 'NONE', #7205, 999.9999999999998863 ) ;
#8649 = AXIS2_PLACEMENT_3D ( 'NONE', #3411, #5266, #6961 ) ;
#8650 = VERTEX_POINT ( 'NONE', #4725 ) ;
#8651 = CARTESIAN_POINT ( 'NONE',  ( -7.774835134146968585, 104.2880773537701913, 138.9951370789045200 ) ) ;
#8652 = LINE ( 'NONE', #8766, #2863 ) ;
#8653 = ORIENTED_EDGE ( 'NONE', *, *, #11477, .T. ) ;
#8654 = CARTESIAN_POINT ( 'NONE',  ( -11.32982293053180989, 22.65250542118818089, 115.4200000000005844 ) ) ;
#8655 = ORIENTED_EDGE ( 'NONE', *, *, #5358, .F. ) ;
#8656 = CARTESIAN_POINT ( 'NONE',  ( -64.14035316043805324, 71.52968203754998910, 32.65447175892739295 ) ) ;
#8657 = ORIENTED_EDGE ( 'NONE', *, *, #231, .T. ) ;
#8658 = ORIENTED_EDGE ( 'NONE', *, *, #1639, .T. ) ;
#8659 = CARTESIAN_POINT ( 'NONE',  ( 3.668183438240737448, 48.33087862859677841, 125.9705498769468051 ) ) ;
#8660 = VECTOR ( 'NONE', #8628, 1000.000000000000114 ) ;
#8661 = ORIENTED_EDGE ( 'NONE', *, *, #1939, .F. ) ;
#8662 = PLANE ( 'NONE',  #8544 ) ;
#8663 = VECTOR ( 'NONE', #6981, 1000.000000000000114 ) ;
#8664 = VERTEX_POINT ( 'NONE', #10781 ) ;
#8665 = CARTESIAN_POINT ( 'NONE',  ( -21.49583999782310428, 48.99965593755130300, 102.4299757044098982 ) ) ;
#8666 = DIRECTION ( 'NONE',  ( -0.9948490747861963301, -0.1013672451882220160, -6.938893903907229918E-18 ) ) ;
#8667 = VECTOR ( 'NONE', #10316, 1000.000000000000114 ) ;
#8668 = AXIS2_PLACEMENT_3D ( 'NONE', #4685, #9056, #7423 ) ;
#8669 = EDGE_LOOP ( 'NONE', ( #1027, #9755, #8397, #4050, #6266, #10072 ) ) ;
#8670 = DIRECTION ( 'NONE',  ( 0.1013672451882219883, -0.9948490747861964412, 1.075499326746823620E-17 ) ) ;
#8671 = ORIENTED_EDGE ( 'NONE', *, *, #9906, .T. ) ;
#8672 = VERTEX_POINT ( 'NONE', #2806 ) ;
#8673 = VECTOR ( 'NONE', #5946, 1000.000000000000114 ) ;
#8674 = ORIENTED_EDGE ( 'NONE', *, *, #5895, .T. ) ;
#8675 = LINE ( 'NONE', #6217, #6049 ) ;
#8676 = ORIENTED_EDGE ( 'NONE', *, *, #5605, .F. ) ;
#8677 = CARTESIAN_POINT ( 'NONE',  ( -2.092407086733225619, 104.8670717879464576, 132.5660254037849484 ) ) ;
#8678 = LINE ( 'NONE', #7677, #4193 ) ;
#8679 = EDGE_CURVE ( 'NONE', #6593, #8702, #8165, .T. ) ;
#8680 = VECTOR ( 'NONE', #1992, 999.9999999999998863 ) ;
#8681 = EDGE_CURVE ( 'NONE', #5729, #2935, #6353, .T. ) ;
#8682 = DIRECTION ( 'NONE',  ( 0.1103303747129771861, -0.9938949685030576964, 0.000000000000000000 ) ) ;
#8683 = ORIENTED_EDGE ( 'NONE', *, *, #556, .F. ) ;
#8684 = ORIENTED_EDGE ( 'NONE', *, *, #7113, .F. ) ;
#8685 = DIRECTION ( 'NONE',  ( 0.1013672451882220021, -0.9948490747861964412, 0.000000000000000000 ) ) ;
#8686 = FACE_BOUND ( 'NONE', #3117, .T. ) ;
#8687 = LINE ( 'NONE', #6991, #6397 ) ;
#8688 = VECTOR ( 'NONE', #1462, 1000.000000000000114 ) ;
#8689 = ORIENTED_EDGE ( 'NONE', *, *, #3363, .T. ) ;
#8690 = PLANE ( 'NONE',  #5760 ) ;
#8691 = LINE ( 'NONE', #6936, #9832 ) ;
#8692 = LINE ( 'NONE', #11478, #6044 ) ;
#8693 = DIRECTION ( 'NONE',  ( -0.9948490747861964412, -0.1013672451882218634, 0.000000000000000000 ) ) ;
#8694 = EDGE_CURVE ( 'NONE', #3738, #264, #322, .T. ) ;
#8695 = EDGE_LOOP ( 'NONE', ( #6672, #8912, #1067, #4039 ) ) ;
#8696 = DIRECTION ( 'NONE',  ( -0.4974245373930948344, -0.05068362259411087617, -0.8660254037844405950 ) ) ;
#8697 = CARTESIAN_POINT ( 'NONE',  ( 8.698725415827647467, 68.78746719722018099, 50.04579745136999946 ) ) ;
#8698 = CARTESIAN_POINT ( 'NONE',  ( -1.594982549340130618, 104.9177554105405790, 126.8365752807312248 ) ) ;
#8699 = DIRECTION ( 'NONE',  ( 0.1013672451882215303, -0.9948490747861964412, 0.000000000000000000 ) ) ;
#8700 = ORIENTED_EDGE ( 'NONE', *, *, #6172, .F. ) ;
#8701 = LINE ( 'NONE', #4326, #1213 ) ;
#8702 = VERTEX_POINT ( 'NONE', #3856 ) ;
#8703 = DIRECTION ( 'NONE',  ( -1.000000000000000000, 0.000000000000000000, -3.148927598275349405E-15 ) ) ;
#8704 = CARTESIAN_POINT ( 'NONE',  ( 17.57061150527305671, 50.75260358733006427, 155.7000000000005002 ) ) ;
#8705 = ADVANCED_FACE ( 'NONE', ( #7403 ), #7678, .F. ) ;
#8706 = ADVANCED_FACE ( 'NONE', ( #8507 ), #11062, .T. ) ;
#8707 = VECTOR ( 'NONE', #932, 999.9999999999998863 ) ;
#8708 = ORIENTED_EDGE ( 'NONE', *, *, #5776, .F. ) ;
#8709 = PLANE ( 'NONE',  #8479 ) ;
#8710 = ORIENTED_EDGE ( 'NONE', *, *, #7246, .T. ) ;
#8711 = DIRECTION ( 'NONE',  ( 6.903152180341684826E-18, 7.033765596924220165E-19, -1.000000000000000000 ) ) ;
#8712 = ORIENTED_EDGE ( 'NONE', *, *, #10322, .T. ) ;
#8713 = CARTESIAN_POINT ( 'NONE',  ( -9.897128942248800243, 46.94868068422675123, 123.5388375173120892 ) ) ;
#8714 = VERTEX_POINT ( 'NONE', #3961 ) ;
#8715 = DIRECTION ( 'NONE',  ( -0.4974245373930948344, -0.05068362259411087617, -0.8660254037844405950 ) ) ;
#8716 = ORIENTED_EDGE ( 'NONE', *, *, #2909, .T. ) ;
#8717 = ORIENTED_EDGE ( 'NONE', *, *, #2775, .T. ) ;
#8718 = CARTESIAN_POINT ( 'NONE',  ( -15.65771946722276020, 103.4848738435764233, 133.2656869558507253 ) ) ;
#8719 = CIRCLE ( 'NONE', #10016, 1.000000000000000000 ) ;
#8720 = ORIENTED_EDGE ( 'NONE', *, *, #6700, .F. ) ;
#8721 = EDGE_CURVE ( 'NONE', #4399, #876, #7626, .T. ) ;
#8722 = PLANE ( 'NONE',  #5874 ) ;
#8723 = FACE_OUTER_BOUND ( 'NONE', #8018, .T. ) ;
#8724 = ORIENTED_EDGE ( 'NONE', *, *, #2975, .T. ) ;
#8725 = DIRECTION ( 'NONE',  ( -0.1013672451882218495, 0.9948490747861962191, 0.000000000000000000 ) ) ;
#8726 = ORIENTED_EDGE ( 'NONE', *, *, #1035, .T. ) ;
#8727 = ORIENTED_EDGE ( 'NONE', *, *, #5140, .F. ) ;
#8728 = ORIENTED_EDGE ( 'NONE', *, *, #7213, .F. ) ;
#8729 = LINE ( 'NONE', #3545, #8607 ) ;
#8730 = ORIENTED_EDGE ( 'NONE', *, *, #4666, .F. ) ;
#8731 = DIRECTION ( 'NONE',  ( 0.9948490747861964412, 0.1013672451882221409, -0.000000000000000000 ) ) ;
#8732 = DIRECTION ( 'NONE',  ( 0.5019378298181115250, 0.000000000000000000, 0.8649037027308210668 ) ) ;
#8733 = CIRCLE ( 'NONE', #1498, 4.000000000000000000 ) ;
#8734 = CARTESIAN_POINT ( 'NONE',  ( -26.06617769531152717, 67.56875387058212823, 102.2685456441854086 ) ) ;
#8735 = DIRECTION ( 'NONE',  ( -0.8615645716962926359, -0.08778660944464630744, 0.4999999999999969469 ) ) ;
#8736 = ORIENTED_EDGE ( 'NONE', *, *, #6172, .T. ) ;
#8737 = ORIENTED_EDGE ( 'NONE', *, *, #3858, .F. ) ;
#8738 = PLANE ( 'NONE',  #7111 ) ;
#8739 = CARTESIAN_POINT ( 'NONE',  ( -65.63262677261722899, 71.37763116976766753, 33.52049716271173452 ) ) ;
#8740 = CARTESIAN_POINT ( 'NONE',  ( 3.827248611387678245, 78.45504260557461862, 142.9925363943893615 ) ) ;
#8741 = DIRECTION ( 'NONE',  ( -5.089571141214401552E-24, 4.995060417686127567E-23, 1.000000000000000000 ) ) ;
#8742 = ADVANCED_FACE ( 'NONE', ( #9263 ), #6644, .T. ) ;
#8743 = EDGE_CURVE ( 'NONE', #500, #10355, #7455, .T. ) ;
#8744 = ORIENTED_EDGE ( 'NONE', *, *, #8070, .F. ) ;
#8745 = CARTESIAN_POINT ( 'NONE',  ( -1.845776364603610720, 39.07600638114681857, 115.4200000000005844 ) ) ;
#8746 = EDGE_CURVE ( 'NONE', #3501, #3485, #4783, .T. ) ;
#8747 = DIRECTION ( 'NONE',  ( 0.4974245373930950564, 0.05068362259411089699, 0.8660254037844403729 ) ) ;
#8748 = DIRECTION ( 'NONE',  ( -0.5019378298181113029, 0.000000000000000000, -0.8649037027308211778 ) ) ;
#8749 = FACE_OUTER_BOUND ( 'NONE', #699, .T. ) ;
#8750 = ORIENTED_EDGE ( 'NONE', *, *, #8401, .F. ) ;
#8751 = DIRECTION ( 'NONE',  ( 0.4974245373931012182, 0.05068362259411096638, -0.8660254037844369313 ) ) ;
#8752 = DIRECTION ( 'NONE',  ( 0.9948490747861963301, 0.1013672451882219744, 3.164135620181696535E-15 ) ) ;
#8753 = DIRECTION ( 'NONE',  ( -1.000000000000000000, 0.000000000000000000, -3.148927598275349405E-15 ) ) ;
#8754 = CARTESIAN_POINT ( 'NONE',  ( -21.48634488484947624, 48.90646800155411000, 102.3324986633018909 ) ) ;
#8755 = ORIENTED_EDGE ( 'NONE', *, *, #1856, .T. ) ;
#8756 = DIRECTION ( 'NONE',  ( -0.9948490747861964412, -0.1013672451882214748, 1.214431771098591531E-16 ) ) ;
#8757 = ORIENTED_EDGE ( 'NONE', *, *, #5245, .T. ) ;
#8758 = CARTESIAN_POINT ( 'NONE',  ( -7.250941082136391991, 77.32626277417514871, 126.8365752807312532 ) ) ;
#8759 = EDGE_CURVE ( 'NONE', #7456, #576, #8841, .T. ) ;
#8760 = CARTESIAN_POINT ( 'NONE',  ( 17.57061150527304960, 50.75260358733005006, 88.77148351815341698 ) ) ;
#8761 = EDGE_CURVE ( 'NONE', #1252, #3839, #10186, .T. ) ;
#8762 = VECTOR ( 'NONE', #383, 1000.000000000000114 ) ;
#8763 = EDGE_LOOP ( 'NONE', ( #6173, #9482, #3938, #6465 ) ) ;
#8764 = CARTESIAN_POINT ( 'NONE',  ( -8.902279867462603136, 47.05004792941496561, 120.4074636056116674 ) ) ;
#8765 = EDGE_LOOP ( 'NONE', ( #627, #2946, #8661, #1723 ) ) ;
#8766 = CARTESIAN_POINT ( 'NONE',  ( 61.89816423766730935, 84.37200920059171949, 40.49066531997689822 ) ) ;
#8767 = VERTEX_POINT ( 'NONE', #11001 ) ;
#8768 = CARTESIAN_POINT ( 'NONE',  ( -20.31882892523280759, 75.99474845239923582, 138.1291116751201287 ) ) ;
#8769 = VERTEX_POINT ( 'NONE', #8445 ) ;
#8770 = CARTESIAN_POINT ( 'NONE',  ( -14.76010108756874217, 46.45318231940782994, 105.4200000000005701 ) ) ;
#8771 = EDGE_LOOP ( 'NONE', ( #2690, #5013, #8949, #5423 ) ) ;
#8772 = ORIENTED_EDGE ( 'NONE', *, *, #7091, .F. ) ;
#8773 = DIRECTION ( 'NONE',  ( 6.903152180341685597E-18, 7.033765596924229795E-19, -1.000000000000000000 ) ) ;
#8774 = EDGE_CURVE ( 'NONE', #5351, #195, #2333, .T. ) ;
#8775 = LINE ( 'NONE', #9705, #6484 ) ;
#8776 = EDGE_LOOP ( 'NONE', ( #1800, #6356, #5671, #5452 ) ) ;
#8777 = CARTESIAN_POINT ( 'NONE',  ( -23.04317926290545770, 102.7323539559767624, 144.7245872019582293 ) ) ;
#8778 = ORIENTED_EDGE ( 'NONE', *, *, #9176, .F. ) ;
#8779 = EDGE_CURVE ( 'NONE', #8076, #5982, #4839, .T. ) ;
#8780 = ORIENTED_EDGE ( 'NONE', *, *, #10635, .F. ) ;
#8781 = VERTEX_POINT ( 'NONE', #9317 ) ;
#8782 = DIRECTION ( 'NONE',  ( -8.141667454118532778E-17, -3.990033831470024719E-16, -1.000000000000000000 ) ) ;
#8783 = EDGE_CURVE ( 'NONE', #5798, #8391, #492, .T. ) ;
#8784 = ORIENTED_EDGE ( 'NONE', *, *, #8611, .T. ) ;
#8785 = DIRECTION ( 'NONE',  ( -0.9948490747861963301, -0.1013672451882218911, -0.000000000000000000 ) ) ;
#8786 = CIRCLE ( 'NONE', #9510, 1.000000000000000666 ) ;
#8787 = AXIS2_PLACEMENT_3D ( 'NONE', #10799, #7368, #5607 ) ;
#8788 = DIRECTION ( 'NONE',  ( 3.148927598275349405E-15, 3.100401161182723417E-16, -1.000000000000000000 ) ) ;
#8789 = EDGE_CURVE ( 'NONE', #7407, #10557, #11116, .T. ) ;
#8790 = DIRECTION ( 'NONE',  ( 0.000000000000000000, -1.000000000000000000, 3.299942529224542308E-16 ) ) ;
#8791 = DIRECTION ( 'NONE',  ( -0.9948490747861963301, -0.1013672451882220715, 5.436661372553078680E-38 ) ) ;
#8792 = ORIENTED_EDGE ( 'NONE', *, *, #1996, .F. ) ;
#8793 = VERTEX_POINT ( 'NONE', #6697 ) ;
#8794 = CARTESIAN_POINT ( 'NONE',  ( -16.78516420053840363, 46.24684441922120470, 143.8585617981738380 ) ) ;
#8795 = LINE ( 'NONE', #11173, #5630 ) ;
#8796 = DIRECTION ( 'NONE',  ( 0.9948490747861964412, 0.1013672451882218634, 3.497202527569243497E-15 ) ) ;
#8797 = FACE_OUTER_BOUND ( 'NONE', #7150, .T. ) ;
#8798 = EDGE_LOOP ( 'NONE', ( #2357, #1814, #10184, #6263, #2729, #10860 ) ) ;
#8799 = DIRECTION ( 'NONE',  ( 0.9948490747861964412, 0.1013672451882219744, 0.000000000000000000 ) ) ;
#8800 = LINE ( 'NONE', #782, #2767 ) ;
#8801 = EDGE_CURVE ( 'NONE', #10513, #2937, #377, .T. ) ;
#8802 = PLANE ( 'NONE',  #9953 ) ;
#8803 = CARTESIAN_POINT ( 'NONE',  ( -20.34529843985030695, 103.0072466545883856, 126.8365752807312248 ) ) ;
#8804 = EDGE_LOOP ( 'NONE', ( #7718, #5911, #11039, #5639, #9513, #3096 ) ) ;
#8805 = VECTOR ( 'NONE', #10639, 999.9999999999998863 ) ;
#8806 = DIRECTION ( 'NONE',  ( -0.4974245373931011072, -0.05068362259411127169, 0.8660254037844369313 ) ) ;
#8807 = PLANE ( 'NONE',  #11006 ) ;
#8808 = CARTESIAN_POINT ( 'NONE',  ( 7.858337873475191415, 48.75782219499068049, 123.5388375173121460 ) ) ;
#8809 = PLANE ( 'NONE',  #9019 ) ;
#8810 = ORIENTED_EDGE ( 'NONE', *, *, #2952, .T. ) ;
#8811 = CYLINDRICAL_SURFACE ( 'NONE', #3609, 1.000000000000000666 ) ;
#8812 = ORIENTED_EDGE ( 'NONE', *, *, #8134, .F. ) ;
#8813 = LINE ( 'NONE', #1511, #1748 ) ;
#8814 = DIRECTION ( 'NONE',  ( -0.4974245373931011072, -0.05068362259411127169, 0.8660254037844369313 ) ) ;
#8815 = AXIS2_PLACEMENT_3D ( 'NONE', #5705, #9366, #9260 ) ;
#8816 = VECTOR ( 'NONE', #2410, 1000.000000000000114 ) ;
#8817 = CARTESIAN_POINT ( 'NONE',  ( -18.35560029027791984, 103.2099811449648286, 136.5634247192698467 ) ) ;
#8819 = EDGE_CURVE ( 'NONE', #1326, #5836, #8558, .T. ) ;
#8818 = VECTOR ( 'NONE', #3941, 1000.000000000000000 ) ;
#8820 = EDGE_CURVE ( 'NONE', #766, #7009, #601, .T. ) ;
#8821 = VECTOR ( 'NONE', #475, 1000.000000000000000 ) ;
#8822 = ADVANCED_FACE ( 'NONE', ( #2172 ), #8388, .T. ) ;
#8823 = DIRECTION ( 'NONE',  ( 0.1013672451882219883, -0.9948490747861964412, 1.075499326746823620E-17 ) ) ;
#8824 = DIRECTION ( 'NONE',  ( 6.903152180341684826E-18, 7.033765596924220165E-19, -1.000000000000000000 ) ) ;
#8825 = AXIS2_PLACEMENT_3D ( 'NONE', #4913, #1438, #7702 ) ;
#8826 = ORIENTED_EDGE ( 'NONE', *, *, #7834, .F. ) ;
#8827 = CARTESIAN_POINT ( 'NONE',  ( -26.08689644216524783, 67.75539565725793523, 87.77148351815341698 ) ) ;
#8828 = ORIENTED_EDGE ( 'NONE', *, *, #10610, .T. ) ;
#8829 = EDGE_CURVE ( 'NONE', #4028, #5757, #431, .T. ) ;
#8830 = LINE ( 'NONE', #50, #6418 ) ;
#8831 = ORIENTED_EDGE ( 'NONE', *, *, #4981, .F. ) ;
#8832 = ORIENTED_EDGE ( 'NONE', *, *, #7320, .T. ) ;
#8833 = DIRECTION ( 'NONE',  ( 0.08786539972137212551, -0.8623378435136063169, 0.4986512961740965366 ) ) ;
#8834 = DIRECTION ( 'NONE',  ( -1.000000000000000000, 0.000000000000000000, 0.000000000000000000 ) ) ;
#8835 = VECTOR ( 'NONE', #2032, 999.9999999999998863 ) ;
#8836 = AXIS2_PLACEMENT_3D ( 'NONE', #7078, #808, #9757 ) ;
#8837 = CARTESIAN_POINT ( 'NONE',  ( -3.558211184295018814, 77.70252271797495780, 118.6754127980428564 ) ) ;
#8838 = EDGE_CURVE ( 'NONE', #4927, #9866, #1819, .T. ) ;
#8839 = ORIENTED_EDGE ( 'NONE', *, *, #170, .T. ) ;
#8840 = SPHERICAL_SURFACE ( 'NONE', #5642, 1.000000000000000000 ) ;
#8841 =( BOUNDED_CURVE ( )  B_SPLINE_CURVE ( 3, ( #7510, #5709, #5644, #4785 ),
 .UNSPECIFIED., .F., .F. ) 
 B_SPLINE_CURVE_WITH_KNOTS ( ( 4, 4 ),
 ( 4.712388980384686121, 6.283185307179586232 ),
 .UNSPECIFIED. ) 
 CURVE ( )  GEOMETRIC_REPRESENTATION_ITEM ( )  RATIONAL_B_SPLINE_CURVE ( ( 1.000000000000000000, 0.8047378541243641603, 0.8047378541243641603, 1.000000000000000000 ) ) 
 REPRESENTATION_ITEM ( '' )  );
#8842 = ORIENTED_EDGE ( 'NONE', *, *, #1319, .T. ) ;
#8843 = ORIENTED_EDGE ( 'NONE', *, *, #7608, .F. ) ;
#8844 = CIRCLE ( 'NONE', #9390, 1.549999999999999378 ) ;
#8845 = ADVANCED_FACE ( 'NONE', ( #2501 ), #7746, .T. ) ;
#8846 = LINE ( 'NONE', #1695, #4938 ) ;
#8847 = ORIENTED_EDGE ( 'NONE', *, *, #3907, .F. ) ;
#8848 = DIRECTION ( 'NONE',  ( -0.5019378298181174092, 0.000000000000000000, 0.8649037027308177361 ) ) ;
#8849 = AXIS2_PLACEMENT_3D ( 'NONE', #7642, #5029, #9450 ) ;
#8850 = CARTESIAN_POINT ( 'NONE',  ( -18.27743781271769308, 46.09479355143887602, 125.2708883248810423 ) ) ;
#8851 = VECTOR ( 'NONE', #3831, 1000.000000000000114 ) ;
#8852 = DIRECTION ( 'NONE',  ( 1.000000000000000000, 0.000000000000000000, 3.480278902931750302E-15 ) ) ;
#8853 = EDGE_CURVE ( 'NONE', #2558, #4241, #11346, .T. ) ;
#8854 = AXIS2_PLACEMENT_3D ( 'NONE', #3304, #9421, #1687 ) ;
#8855 = CARTESIAN_POINT ( 'NONE',  ( 6.863488798688985426, 48.65645494980250163, 118.6754127980427853 ) ) ;
#8856 = VERTEX_POINT ( 'NONE', #6983 ) ;
#8857 = EDGE_LOOP ( 'NONE', ( #991, #3658, #526, #6406 ) ) ;
#8858 = CARTESIAN_POINT ( 'NONE',  ( -21.51603499205667092, 49.19785577312209313, 103.3262824002288056 ) ) ;
#8859 = CYLINDRICAL_SURFACE ( 'NONE', #625, 1.049999999999992273 ) ;
#8860 = DIRECTION ( 'NONE',  ( 6.903152180341684826E-18, 7.033765596924220165E-19, -1.000000000000000000 ) ) ;
#8861 = DIRECTION ( 'NONE',  ( 0.1013672451882219883, -0.9948490747861964412, 1.075499326746823620E-17 ) ) ;
#8862 = VERTEX_POINT ( 'NONE', #9487 ) ;
#8863 = CARTESIAN_POINT ( 'NONE',  ( 7.858337873475182533, 48.75782219499071601, 130.1343130441503035 ) ) ;
#8864 = AXIS2_PLACEMENT_3D ( 'NONE', #6417, #7288, #8043 ) ;
#8865 = DIRECTION ( 'NONE',  ( 0.1013672451882219883, -0.9948490747861964412, 1.075499326746823620E-17 ) ) ;
#8866 = DIRECTION ( 'NONE',  ( 0.5019378298181115250, 0.000000000000000000, 0.8649037027308210668 ) ) ;
#8867 = DIRECTION ( 'NONE',  ( 0.1013672451882219883, -0.9948490747861964412, 1.075499326746823620E-17 ) ) ;
#8868 = ORIENTED_EDGE ( 'NONE', *, *, #3737, .F. ) ;
#8869 = AXIS2_PLACEMENT_3D ( 'NONE', #1699, #5228, #8790 ) ;
#8870 = DIRECTION ( 'NONE',  ( -0.1013672451882218634, 0.9948490747861964412, 0.000000000000000000 ) ) ;
#8871 = FACE_BOUND ( 'NONE', #7960, .T. ) ;
#8872 = CARTESIAN_POINT ( 'NONE',  ( -8.404855330069507247, 47.10073155200907991, 134.1317123596352019 ) ) ;
#8873 = DIRECTION ( 'NONE',  ( 0.5019378298181115250, 0.000000000000000000, 0.8649037027308210668 ) ) ;
#8874 = ORIENTED_EDGE ( 'NONE', *, *, #3051, .F. ) ;
#8875 = CARTESIAN_POINT ( 'NONE',  ( -19.84787390245720928, 103.0579302771824928, 135.6973993154853702 ) ) ;
#8876 = ORIENTED_EDGE ( 'NONE', *, *, #1319, .F. ) ;
#8877 = DIRECTION ( 'NONE',  ( 0.4974245373930950564, 0.05068362259411089699, 0.8660254037844403729 ) ) ;
#8878 = CARTESIAN_POINT ( 'NONE',  ( 0.6319432509394324882, 78.12946628436890251, 121.1071251576775154 ) ) ;
#8879 = EDGE_CURVE ( 'NONE', #2653, #8856, #9544, .T. ) ;
#8880 = DIRECTION ( 'NONE',  ( 1.000000000000000000, 0.000000000000000000, 3.480278902931750302E-15 ) ) ;
#8881 = FACE_OUTER_BOUND ( 'NONE', #9955, .T. ) ;
#8882 = VERTEX_POINT ( 'NONE', #11402 ) ;
#8883 = CARTESIAN_POINT ( 'NONE',  ( -3.060786646901965558, 77.75320634056907920, 134.1317123596352303 ) ) ;
#8884 = ORIENTED_EDGE ( 'NONE', *, *, #1591, .T. ) ;
#8885 = DIRECTION ( 'NONE',  ( 0.9948490747861964412, 0.1013672451882219050, 0.000000000000000000 ) ) ;
#8886 = EDGE_LOOP ( 'NONE', ( #3301, #9011, #6361, #5, #3803, #298, #767, #1555 ) ) ;
#8887 = ORIENTED_EDGE ( 'NONE', *, *, #3652, .T. ) ;
#8888 = CARTESIAN_POINT ( 'NONE',  ( -4.712125432228155830, 47.47699149580890321, 142.2928748423235845 ) ) ;
#8889 = ADVANCED_FACE ( 'NONE', ( #7802 ), #6161, .F. ) ;
#8890 = ADVANCED_FACE ( 'NONE', ( #10357 ), #7918, .T. ) ;
#8891 = DIRECTION ( 'NONE',  ( -0.9948490747861963301, -0.1013672451882218495, 1.406753119384842580E-15 ) ) ;
#8892 = ORIENTED_EDGE ( 'NONE', *, *, #7071, .F. ) ;
#8893 = CARTESIAN_POINT ( 'NONE',  ( -13.09243430269705044, 46.62310436302102801, 122.8391759652463264 ) ) ;
#8894 = ORIENTED_EDGE ( 'NONE', *, *, #2893, .F. ) ;
#8895 = VERTEX_POINT ( 'NONE', #5121 ) ;
#8896 = ORIENTED_EDGE ( 'NONE', *, *, #7986, .T. ) ;
#8897 = DIRECTION ( 'NONE',  ( 0.4974245373931009961, 0.05068362259411126475, -0.8660254037844370423 ) ) ;
#8898 = EDGE_LOOP ( 'NONE', ( #5511, #6665, #1590, #8684 ) ) ;
#8899 = CARTESIAN_POINT ( 'NONE',  ( -67.72770399023441712, 71.16415938657070228, 34.73635334252904272 ) ) ;
#8900 = VECTOR ( 'NONE', #11451, 999.9999999999998863 ) ;
#8901 = ADVANCED_FACE ( 'NONE', ( #5934 ), #9718, .T. ) ;
#8902 = CARTESIAN_POINT ( 'NONE',  ( -5.785136984574577923, 104.4908118441466343, 124.4048629210965657 ) ) ;
#8903 = DIRECTION ( 'NONE',  ( 0.9948490747861964412, 0.1013672451882218634, 3.497202527569243497E-15 ) ) ;
#8904 = AXIS2_PLACEMENT_3D ( 'NONE', #9674, #11239, #3384 ) ;
#8905 = DIRECTION ( 'NONE',  ( -0.9948490747861964412, -0.1013672451882218634, -3.164135620181696535E-15 ) ) ;
#8906 = ORIENTED_EDGE ( 'NONE', *, *, #2212, .F. ) ;
#8907 = ORIENTED_EDGE ( 'NONE', *, *, #1187, .T. ) ;
#8908 = CARTESIAN_POINT ( 'NONE',  ( -0.5219709969937029737, 47.90393506220281239, 138.1291116751201002 ) ) ;
#8909 = CARTESIAN_POINT ( 'NONE',  ( -5.050484796474316695, 77.55047185019262201, 129.2682876403659122 ) ) ;
#8910 = CYLINDRICAL_SURFACE ( 'NONE', #9899, 1.550000000000000933 ) ;
#8911 = CARTESIAN_POINT ( 'NONE',  ( 14.73710580834817030, 78.56149309352979060, -2.706160129317083977E-14 ) ) ;
#8912 = ORIENTED_EDGE ( 'NONE', *, *, #2145, .F. ) ;
#8913 = VECTOR ( 'NONE', #2259, 1000.000000000000114 ) ;
#8914 = CARTESIAN_POINT ( 'NONE',  ( -68.33050759567254318, 71.10273847115604440, 35.08618411856206620 ) ) ;
#8915 = EDGE_CURVE ( 'NONE', #6392, #2830, #4304, .T. ) ;
#8916 = DIRECTION ( 'NONE',  ( -0.9948490747861964412, -0.1013672451882218634, -3.164135620181696535E-15 ) ) ;
#8917 = CARTESIAN_POINT ( 'NONE',  ( -31.02595163181688065, 73.89859981487160212, 88.77148351815341698 ) ) ;
#8918 = ORIENTED_EDGE ( 'NONE', *, *, #10174, .F. ) ;
#8919 = VECTOR ( 'NONE', #8814, 1000.000000000000114 ) ;
#8920 = CARTESIAN_POINT ( 'NONE',  ( -10.47271595720211934, 104.0131846551585681, 142.2928748423235845 ) ) ;
#8921 = FACE_BOUND ( 'NONE', #8669, .T. ) ;
#8922 = CARTESIAN_POINT ( 'NONE',  ( -0.6152014920796885500, 2.335970026501086760, 113.3500000000005059 ) ) ;
#8923 = DIRECTION ( 'NONE',  ( 1.000000000000000000, 0.000000000000000000, 3.480278902931750302E-15 ) ) ;
#8924 = ORIENTED_EDGE ( 'NONE', *, *, #355, .T. ) ;
#8925 = DIRECTION ( 'NONE',  ( 0.4974245373930948899, 0.05068362259411066800, 0.8660254037844405950 ) ) ;
#8926 = ORIENTED_EDGE ( 'NONE', *, *, #3432, .T. ) ;
#8927 = FACE_OUTER_BOUND ( 'NONE', #8608, .T. ) ;
#8928 = ADVANCED_FACE ( 'NONE', ( #1586 ), #8615, .T. ) ;
#8929 = DIRECTION ( 'NONE',  ( -6.903152180341684056E-18, -7.033765596924220165E-19, 1.000000000000000000 ) ) ;
#8930 = LINE ( 'NONE', #162, #7422 ) ;
#8931 = ADVANCED_FACE ( 'NONE', ( #5175 ), #5287, .F. ) ;
#8932 = CARTESIAN_POINT ( 'NONE',  ( 0.6319432509394259379, 78.12946628436890251, 122.8391759652463264 ) ) ;
#8933 = CARTESIAN_POINT ( 'NONE',  ( 3.668183438240737448, 48.33087862859677841, 122.8391759652463264 ) ) ;
#8934 = DIRECTION ( 'NONE',  ( 6.903152180341684826E-18, 7.033765596924220165E-19, -1.000000000000000000 ) ) ;
#8935 = CARTESIAN_POINT ( 'NONE',  ( -11.96498956938141589, 103.8611337873762466, 141.4268494385391648 ) ) ;
#8936 = VERTEX_POINT ( 'NONE', #3374 ) ;
#8937 = LINE ( 'NONE', #11497, #7144 ) ;
#8938 = VERTEX_POINT ( 'NONE', #2387 ) ;
#8939 = CARTESIAN_POINT ( 'NONE',  ( 0.2252277916027548565, 9.299913550004461626, 156.7000000000005002 ) ) ;
#8940 = EDGE_LOOP ( 'NONE', ( #2565, #4334 ) ) ;
#8941 = LINE ( 'NONE', #1157, #6313 ) ;
#8942 = CARTESIAN_POINT ( 'NONE',  ( -8.404855330069507247, 47.10073155200907991, 138.9951370789045200 ) ) ;
#8943 = VECTOR ( 'NONE', #1191, 1000.000000000000114 ) ;
#8944 = LINE ( 'NONE', #1807, #5919 ) ;
#8945 = VERTEX_POINT ( 'NONE', #6053 ) ;
#8946 = FACE_BOUND ( 'NONE', #5099, .T. ) ;
#8947 = EDGE_CURVE ( 'NONE', #8220, #10756, #7561, .T. ) ;
#8948 = ORIENTED_EDGE ( 'NONE', *, *, #9659, .T. ) ;
#8949 = ORIENTED_EDGE ( 'NONE', *, *, #6966, .F. ) ;
#8950 = ADVANCED_FACE ( 'NONE', ( #6105 ), #9661, .T. ) ;
#8951 = ORIENTED_EDGE ( 'NONE', *, *, #9659, .F. ) ;
#8952 = CARTESIAN_POINT ( 'NONE',  ( -12.93336912955011009, 76.74726833999889664, 130.1343130441503604 ) ) ;
#8953 = EDGE_LOOP ( 'NONE', ( #8736, #8730, #4749, #9070, #5084, #349, #7464, #719, #194 ) ) ;
#8954 = DIRECTION ( 'NONE',  ( 0.5019378298181175202, 0.000000000000000000, -0.8649037027308175141 ) ) ;
#8955 = DIRECTION ( 'NONE',  ( 0.4974245373930950564, 0.05068362259411089699, 0.8660254037844403729 ) ) ;
#8956 = CARTESIAN_POINT ( 'NONE',  ( -1.845776364603610720, 39.07600638114681857, 115.4200000000005844 ) ) ;
#8957 = CARTESIAN_POINT ( 'NONE',  ( 6.877797475765183854, 23.50254020882761807, 114.4200000000005701 ) ) ;
#8958 = EDGE_CURVE ( 'NONE', #1513, #1464, #893, .T. ) ;
#8959 = EDGE_CURVE ( 'NONE', #11170, #206, #14, .T. ) ;
#8960 = DIRECTION ( 'NONE',  ( 0.1013672451882219883, -0.9948490747861964412, 1.075499326746823620E-17 ) ) ;
#8961 = ORIENTED_EDGE ( 'NONE', *, *, #10885, .F. ) ;
#8962 = EDGE_CURVE ( 'NONE', #1464, #7451, #189, .T. ) ;
#8963 = ORIENTED_EDGE ( 'NONE', *, *, #6162, .T. ) ;
#8964 = AXIS2_PLACEMENT_3D ( 'NONE', #9267, #4844, #553 ) ;
#8965 = DIRECTION ( 'NONE',  ( 0.4974245373931012182, 0.05068362259411096638, -0.8660254037844369313 ) ) ;
#8966 = DIRECTION ( 'NONE',  ( 0.4974245373930948899, 0.05068362259411066800, 0.8660254037844405950 ) ) ;
#8967 = DIRECTION ( 'NONE',  ( 1.000000000000000000, 0.000000000000000000, 3.480278902931750302E-15 ) ) ;
#8968 = LINE ( 'NONE', #8277, #2496 ) ;
#8969 = EDGE_CURVE ( 'NONE', #2146, #1619, #4475, .T. ) ;
#8970 = VECTOR ( 'NONE', #8752, 1000.000000000000114 ) ;
#8971 = VERTEX_POINT ( 'NONE', #5581 ) ;
#8972 = PLANE ( 'NONE',  #10976 ) ;
#8973 = VECTOR ( 'NONE', #8796, 999.9999999999998863 ) ;
#8974 = FACE_OUTER_BOUND ( 'NONE', #8601, .T. ) ;
#8975 =( BOUNDED_CURVE ( )  B_SPLINE_CURVE ( 3, ( #11393, #2607, #4465, #1691 ),
 .UNSPECIFIED., .F., .F. ) 
 B_SPLINE_CURVE_WITH_KNOTS ( ( 4, 4 ),
 ( 0.8537743465991340930, 0.8837341280970747448 ),
 .UNSPECIFIED. ) 
 CURVE ( )  GEOMETRIC_REPRESENTATION_ITEM ( )  RATIONAL_B_SPLINE_CURVE ( ( 1.000000000000000000, 0.9999252023564300096, 0.9999252023564300096, 1.000000000000000000 ) ) 
 REPRESENTATION_ITEM ( '' )  );
#8976 = CARTESIAN_POINT ( 'NONE',  ( -69.82278120785181841, 70.95068760337370861, 35.95220952234647172 ) ) ;
#8977 = VECTOR ( 'NONE', #7924, 999.9999999999998863 ) ;
#8978 = CARTESIAN_POINT ( 'NONE',  ( -23.38463348321750956, 67.53685153675802155, 102.7610055330061556 ) ) ;
#8979 = ORIENTED_EDGE ( 'NONE', *, *, #4289, .T. ) ;
#8980 = ORIENTED_EDGE ( 'NONE', *, *, #10892, .F. ) ;
#8981 = VECTOR ( 'NONE', #8303, 1000.000000000000000 ) ;
#8982 = DIRECTION ( 'NONE',  ( -0.4974245373931011072, -0.05068362259411127169, 0.8660254037844369313 ) ) ;
#8983 = CARTESIAN_POINT ( 'NONE',  ( 2.097747348501219911, 105.2940153543403881, 125.2708883248809855 ) ) ;
#8984 = CARTESIAN_POINT ( 'NONE',  ( 6.349743540596019642, 3.045642788675047452, 156.7000000000005002 ) ) ;
#8985 = CARTESIAN_POINT ( 'NONE',  ( -7.872481210540164476, 77.26293275539438810, 137.4294501230542380 ) ) ;
#8986 = ORIENTED_EDGE ( 'NONE', *, *, #6735, .F. ) ;
#8987 = CARTESIAN_POINT ( 'NONE',  ( -17.12352356478455562, 76.32032477360495193, 130.8339745962160805 ) ) ;
#8988 = ORIENTED_EDGE ( 'NONE', *, *, #1177, .F. ) ;
#8989 = CARTESIAN_POINT ( 'NONE',  ( 0.4226985389832321749, 51.33854890238995949, 105.4200000000165574 ) ) ;
#8990 = LINE ( 'NONE', #4564, #8363 ) ;
#8991 = LINE ( 'NONE', #5429, #187 ) ;
#8992 = FACE_OUTER_BOUND ( 'NONE', #9296, .T. ) ;
#8993 = LINE ( 'NONE', #8298, #11274 ) ;
#8994 = ADVANCED_FACE ( 'NONE', ( #2673 ), #9137, .T. ) ;
#8995 = VECTOR ( 'NONE', #11465, 999.9999999999998863 ) ;
#8996 = EDGE_CURVE ( 'NONE', #9439, #3805, #9834, .T. ) ;
#8997 = DIRECTION ( 'NONE',  ( -0.4974245373930951675, -0.05068362259411070270, -0.8660254037844403729 ) ) ;
#8998 = DIRECTION ( 'NONE',  ( 0.1013672451882219883, -0.9948490747861964412, 1.075499326746823620E-17 ) ) ;
#8999 = ORIENTED_EDGE ( 'NONE', *, *, #7461, .T. ) ;
#9000 = LINE ( 'NONE', #4575, #9203 ) ;
#9001 = VERTEX_POINT ( 'NONE', #4600 ) ;
#9002 = CARTESIAN_POINT ( 'NONE',  ( -21.50115342733705148, 49.19950774710637376, 103.3346609652404311 ) ) ;
#9003 = ORIENTED_EDGE ( 'NONE', *, *, #9552, .F. ) ;
#9004 = CARTESIAN_POINT ( 'NONE',  ( -2.092407086733225619, 104.8670717879464576, 137.4294501230542664 ) ) ;
#9005 = CARTESIAN_POINT ( 'NONE',  ( -7.872481210540160923, 77.26293275539438810, 123.5388375173120465 ) ) ;
#9006 = AXIS2_PLACEMENT_3D ( 'NONE', #8213, #7340, #4781 ) ;
#9007 = LINE ( 'NONE', #11507, #7772 ) ;
#9008 = AXIS2_PLACEMENT_3D ( 'NONE', #4803, #9987, #2827 ) ;
#9009 = ORIENTED_EDGE ( 'NONE', *, *, #8386, .T. ) ;
#9010 = CARTESIAN_POINT ( 'NONE',  ( -61.44247233738281722, 71.80457473616159803, 31.08878480307711101 ) ) ;
#9011 = ORIENTED_EDGE ( 'NONE', *, *, #4476, .T. ) ;
#9012 = EDGE_LOOP ( 'NONE', ( #7119, #10804, #4179, #695, #1716, #8292 ) ) ;
#9013 = VERTEX_POINT ( 'NONE', #8957 ) ;
#9014 = DIRECTION ( 'NONE',  ( -0.1103303747129771029, 0.9938949685030576964, -0.000000000000000000 ) ) ;
#9015 = ORIENTED_EDGE ( 'NONE', *, *, #1, .F. ) ;
#9016 = CARTESIAN_POINT ( 'NONE',  ( -6.282561521967672924, 104.4401282215525129, 118.6754127980428279 ) ) ;
#9017 = DIRECTION ( 'NONE',  ( -0.9948490747861964412, -0.1013672451882219050, -0.000000000000000000 ) ) ;
#9018 = VECTOR ( 'NONE', #6781, 1000.000000000000114 ) ;
#9019 = AXIS2_PLACEMENT_3D ( 'NONE', #6185, #5313, #8873 ) ;
#9020 = DIRECTION ( 'NONE',  ( 0.1013672451882219883, -0.9948490747861964412, 1.075499326746823620E-17 ) ) ;
#9021 = AXIS2_PLACEMENT_3D ( 'NONE', #3272, #9617, #11241 ) ;
#9022 = PLANE ( 'NONE',  #5634 ) ;
#9023 = EDGE_CURVE ( 'NONE', #3268, #3041, #7218, .T. ) ;
#9024 = ORIENTED_EDGE ( 'NONE', *, *, #5753, .T. ) ;
#9025 = ORIENTED_EDGE ( 'NONE', *, *, #789, .T. ) ;
#9026 = VECTOR ( 'NONE', #2844, 999.9999999999998863 ) ;
#9027 = CARTESIAN_POINT ( 'NONE',  ( -9.975291419809021676, 104.0638682777526896, 131.7000000000005002 ) ) ;
#9028 = FACE_OUTER_BOUND ( 'NONE', #6129, .T. ) ;
#9029 = ORIENTED_EDGE ( 'NONE', *, *, #4104, .T. ) ;
#9030 = VECTOR ( 'NONE', #4731, 999.9999999999998863 ) ;
#9031 = EDGE_CURVE ( 'NONE', #5915, #6928, #2049, .T. ) ;
#9032 = ADVANCED_FACE ( 'NONE', ( #4656 ), #9950, .F. ) ;
#9033 = DIRECTION ( 'NONE',  ( 0.9948490747861964412, 0.1013672451882218634, 3.497202527569243497E-15 ) ) ;
#9034 = VECTOR ( 'NONE', #4395, 1000.000000000000114 ) ;
#9035 = LINE ( 'NONE', #9145, #7725 ) ;
#9036 = AXIS2_PLACEMENT_3D ( 'NONE', #2264, #6517, #2214 ) ;
#9037 = PLANE ( 'NONE',  #8864 ) ;
#9038 = ORIENTED_EDGE ( 'NONE', *, *, #11382, .F. ) ;
#9039 = VERTEX_POINT ( 'NONE', #8270 ) ;
#9040 = VECTOR ( 'NONE', #9586, 1000.000000000000114 ) ;
#9041 = DIRECTION ( 'NONE',  ( 0.1013672451882219883, -0.9948490747861964412, 1.075499326746823620E-17 ) ) ;
#9042 = FACE_BOUND ( 'NONE', #86, .T. ) ;
#9043 = DIRECTION ( 'NONE',  ( 0.9948490747861963301, 0.1013672451882221270, -0.000000000000000000 ) ) ;
#9044 = DIRECTION ( 'NONE',  ( 3.148927598275349405E-15, 3.100401161182723417E-16, -1.000000000000000000 ) ) ;
#9045 = AXIS2_PLACEMENT_3D ( 'NONE', #10145, #2348, #4032 ) ;
#9046 = ORIENTED_EDGE ( 'NONE', *, *, #2062, .T. ) ;
#9047 = CARTESIAN_POINT ( 'NONE',  ( -3.087256161519422726, 104.7657045427582432, 137.4294501230543233 ) ) ;
#9048 = VERTEX_POINT ( 'NONE', #10637 ) ;
#9049 = LINE ( 'NONE', #7359, #9360 ) ;
#9050 = CARTESIAN_POINT ( 'NONE',  ( 4.341001148326232517, 48.39943342702169105, 105.4200000000005701 ) ) ;
#9051 = CARTESIAN_POINT ( 'NONE',  ( -14.86146833275699208, 47.44803139419402527, 156.7000000000005002 ) ) ;
#9052 = DIRECTION ( 'NONE',  ( 0.8615645716962927469, 0.08778660944464633520, -0.4999999999999967248 ) ) ;
#9053 = EDGE_CURVE ( 'NONE', #3529, #6973, #1001, .T. ) ;
#9054 = DIRECTION ( 'NONE',  ( -0.9948490747864294770, -0.1013672451859349011, 0.000000000000000000 ) ) ;
#9055 = AXIS2_PLACEMENT_3D ( 'NONE', #9255, #7449, #7395 ) ;
#9056 = DIRECTION ( 'NONE',  ( 0.8615645716962927469, 0.08778660944464633520, -0.4999999999999967248 ) ) ;
#9057 = FACE_OUTER_BOUND ( 'NONE', #5738, .T. ) ;
#9058 = ORIENTED_EDGE ( 'NONE', *, *, #440, .F. ) ;
#9059 = DIRECTION ( 'NONE',  ( 0.1101335622783899543, -0.9921220126056191635, -0.05970352220135542731 ) ) ;
#9060 = ORIENTED_EDGE ( 'NONE', *, *, #9874, .T. ) ;
#9061 = CARTESIAN_POINT ( 'NONE',  ( 2.097747348501219911, 105.2940153543403881, 125.2708883248809855 ) ) ;
#9062 = ORIENTED_EDGE ( 'NONE', *, *, #6752, .T. ) ;
#9063 = CARTESIAN_POINT ( 'NONE',  ( -32.02080070660306887, 73.79723256968341616, 155.7000000000005002 ) ) ;
#9064 = EDGE_CURVE ( 'NONE', #9189, #7621, #10766, .T. ) ;
#9065 = EDGE_CURVE ( 'NONE', #3071, #5559, #1929, .T. ) ;
#9066 = CARTESIAN_POINT ( 'NONE',  ( -11.82817543111401548, 17.67836929918777855, 156.7000000000005002 ) ) ;
#9067 = DIRECTION ( 'NONE',  ( -1.000000000000000000, 0.000000000000000000, -3.148927598275349405E-15 ) ) ;
#9068 = ORIENTED_EDGE ( 'NONE', *, *, #662, .F. ) ;
#9069 = LINE ( 'NONE', #10051, #5616 ) ;
#9070 = ORIENTED_EDGE ( 'NONE', *, *, #11446, .F. ) ;
#9071 = VERTEX_POINT ( 'NONE', #7156 ) ;
#9072 = EDGE_LOOP ( 'NONE', ( #6275, #11139, #3426, #1595 ) ) ;
#9073 = CARTESIAN_POINT ( 'NONE',  ( -23.34506524609627220, 67.35207590363792463, 102.7180135504471821 ) ) ;
#9074 = ORIENTED_EDGE ( 'NONE', *, *, #5552, .T. ) ;
#9075 = DIRECTION ( 'NONE',  ( -6.903152180341684056E-18, -7.033765596924220165E-19, 1.000000000000000000 ) ) ;
#9076 = DIRECTION ( 'NONE',  ( 0.4974245373931009961, 0.05068362259411126475, -0.8660254037844370423 ) ) ;
#9077 = ADVANCED_FACE ( 'NONE', ( #3550 ), #2796, .T. ) ;
#9078 = EDGE_CURVE ( 'NONE', #6797, #7321, #10709, .T. ) ;
#9079 = CARTESIAN_POINT ( 'NONE',  ( -1.516820071779906964, 47.80256781701462643, 120.4074636056117242 ) ) ;
#9080 = CARTESIAN_POINT ( 'NONE',  ( -24.03802833769165659, 102.6309867107885481, 144.7245872019582862 ) ) ;
#9081 = PLANE ( 'NONE',  #8613 ) ;
#9082 = ORIENTED_EDGE ( 'NONE', *, *, #8134, .T. ) ;
#9083 = ORIENTED_EDGE ( 'NONE', *, *, #11183, .T. ) ;
#9084 = VECTOR ( 'NONE', #1861, 1000.000000000000000 ) ;
#9085 = ORIENTED_EDGE ( 'NONE', *, *, #2927, .F. ) ;
#9086 = DIRECTION ( 'NONE',  ( 0.1013672451882219883, -0.9948490747861964412, 1.075499326746823620E-17 ) ) ;
#9087 = FACE_OUTER_BOUND ( 'NONE', #9202, .T. ) ;
#9088 = EDGE_CURVE ( 'NONE', #5223, #4056, #8205, .T. ) ;
#9089 = DIRECTION ( 'NONE',  ( -0.9948490747861963301, -0.1013672451882219605, -3.497202527569243497E-15 ) ) ;
#9090 = CARTESIAN_POINT ( 'NONE',  ( -29.32341831214449357, 47.32429868962271513, 103.0600000000005707 ) ) ;
#9091 = EDGE_CURVE ( 'NONE', #7321, #11231, #2850, .T. ) ;
#9092 = FACE_OUTER_BOUND ( 'NONE', #4780, .T. ) ;
#9093 = VECTOR ( 'NONE', #10365, 1000.000000000000114 ) ;
#9094 = DIRECTION ( 'NONE',  ( -0.4974245373931009961, -0.05068362259411093862, 0.8660254037844370423 ) ) ;
#9095 = EDGE_LOOP ( 'NONE', ( #11202, #10106, #994, #10120 ) ) ;
#9096 = EDGE_CURVE ( 'NONE', #10520, #11406, #1875, .T. ) ;
#9097 = ORIENTED_EDGE ( 'NONE', *, *, #8604, .F. ) ;
#9098 = EDGE_CURVE ( 'NONE', #11428, #7358, #1064, .T. ) ;
#9099 = CARTESIAN_POINT ( 'NONE',  ( 47.23262371434679352, 82.87770671821296276, 31.97967206125550987 ) ) ;
#9100 = FACE_BOUND ( 'NONE', #5055, .T. ) ;
#9101 = CARTESIAN_POINT ( 'NONE',  ( -24.03802833769165659, 102.6309867107885481, 134.9977377634196785 ) ) ;
#9102 = DIRECTION ( 'NONE',  ( -0.9938949685030576964, -0.1103303747129771861, 0.000000000000000000 ) ) ;
#9104 = ADVANCED_FACE ( 'NONE', ( #7276 ), #6463, .F. ) ;
#9103 = VECTOR ( 'NONE', #1339, 1000.000000000000114 ) ;
#9105 = EDGE_LOOP ( 'NONE', ( #8211, #9876, #381 ) ) ;
#9106 = CARTESIAN_POINT ( 'NONE',  ( 0.6054737363219240276, 105.1419644865580665, 134.1317123596352019 ) ) ;
#9107 = ORIENTED_EDGE ( 'NONE', *, *, #6136, .F. ) ;
#9108 = LINE ( 'NONE', #4623, #3413 ) ;
#9109 = CARTESIAN_POINT ( 'NONE',  ( -16.15514400461585964, 103.4341902209823161, 119.5414382018272477 ) ) ;
#9110 = FACE_OUTER_BOUND ( 'NONE', #5000, .T. ) ;
#9111 = LINE ( 'NONE', #4742, #4191 ) ;
#9112 = LINE ( 'NONE', #9225, #1433 ) ;
#9113 = VECTOR ( 'NONE', #10031, 999.9999999999998863 ) ;
#9114 = DIRECTION ( 'NONE',  ( 0.8615645716962927469, 0.08778660944464633520, -0.4999999999999967248 ) ) ;
#9115 = DIRECTION ( 'NONE',  ( -1.000000000000000000, 0.000000000000000000, -3.148927598275349405E-15 ) ) ;
#9116 = VERTEX_POINT ( 'NONE', #10117 ) ;
#9117 = FACE_OUTER_BOUND ( 'NONE', #8244, .T. ) ;
#9118 = VERTEX_POINT ( 'NONE', #480 ) ;
#9119 = ADVANCED_FACE ( 'NONE', ( #5700 ), #3080, .F. ) ;
#9120 = DIRECTION ( 'NONE',  ( 0.4974245373931009961, 0.05068362259411126475, -0.8660254037844370423 ) ) ;
#9121 = EDGE_LOOP ( 'NONE', ( #6912, #198, #4402, #5795 ) ) ;
#9122 = CARTESIAN_POINT ( 'NONE',  ( 3.827248611387672472, 78.45504260557461862, 128.4022622365814073 ) ) ;
#9123 = ADVANCED_FACE ( 'NONE', ( #4998 ), #3896, .T. ) ;
#9124 = CARTESIAN_POINT ( 'NONE',  ( -3.558211184295022367, 77.70252271797497201, 130.1343130441503035 ) ) ;
#9125 = CARTESIAN_POINT ( 'NONE',  ( 6.349743540596019642, 3.045642788675047452, 150.0500000000005230 ) ) ;
#9126 = ORIENTED_EDGE ( 'NONE', *, *, #3761, .T. ) ;
#9127 = CARTESIAN_POINT ( 'NONE',  ( -7.250941082136412419, 77.32626277417513450, 131.7000000000005286 ) ) ;
#9128 = ORIENTED_EDGE ( 'NONE', *, *, #1402, .F. ) ;
#9129 = ORIENTED_EDGE ( 'NONE', *, *, #317, .F. ) ;
#9130 = ORIENTED_EDGE ( 'NONE', *, *, #8383, .F. ) ;
#9131 = CARTESIAN_POINT ( 'NONE',  ( -23.40194899423450536, 67.86450479016677662, 102.2685456441807332 ) ) ;
#9132 = ADVANCED_FACE ( 'NONE', ( #4941 ), #10062, .T. ) ;
#9133 = ORIENTED_EDGE ( 'NONE', *, *, #2222, .F. ) ;
#9134 = LINE ( 'NONE', #5628, #4450 ) ;
#9135 = LINE ( 'NONE', #8323, #8434 ) ;
#9136 = DIRECTION ( 'NONE',  ( 0.8615645716962927469, 0.08778660944464633520, -0.4999999999999967248 ) ) ;
#9137 = PLANE ( 'NONE',  #8318 ) ;
#9138 = EDGE_CURVE ( 'NONE', #10096, #3112, #310, .T. ) ;
#9139 = DIRECTION ( 'NONE',  ( 0.1013672451882219883, -0.9948490747861964412, 1.075499326746823620E-17 ) ) ;
#9140 = ADVANCED_FACE ( 'NONE', ( #2321 ), #9422, .T. ) ;
#9141 = VERTEX_POINT ( 'NONE', #10994 ) ;
#9142 = EDGE_LOOP ( 'NONE', ( #2300, #49, #1456, #1214, #8842, #9536 ) ) ;
#9143 = PLANE ( 'NONE',  #2131 ) ;
#9144 = ADVANCED_FACE ( 'NONE', ( #5806 ), #6519, .T. ) ;
#9145 = CARTESIAN_POINT ( 'NONE',  ( -64.14035316043799639, 71.52968203754998910, 32.65447175892735743 ) ) ;
#9146 = ADVANCED_FACE ( 'NONE', ( #2215 ), #10939, .T. ) ;
#9147 = CARTESIAN_POINT ( 'NONE',  ( -8.902279867462603136, 47.05004792941496561, 139.8611624826889397 ) ) ;
#9148 = CIRCLE ( 'NONE', #4122, 1.049999999999992273 ) ;
#9149 = VERTEX_POINT ( 'NONE', #4009 ) ;
#9150 = ORIENTED_EDGE ( 'NONE', *, *, #5187, .F. ) ;
#9151 = CARTESIAN_POINT ( 'NONE',  ( -16.15514400461585964, 103.4341902209823161, 124.4048629210965657 ) ) ;
#9152 = FACE_BOUND ( 'NONE', #10299, .T. ) ;
#9153 = LINE ( 'NONE', #2440, #11246 ) ;
#9154 = CARTESIAN_POINT ( 'NONE',  ( -0.8603303612398731648, 77.97741541658656672, 126.8365752807312248 ) ) ;
#9155 = ORIENTED_EDGE ( 'NONE', *, *, #1712, .F. ) ;
#9156 = DIRECTION ( 'NONE',  ( 1.000000000000000000, 0.000000000000000000, 0.000000000000000000 ) ) ;
#9157 = AXIS2_PLACEMENT_3D ( 'NONE', #3594, #2663, #6212 ) ;
#9158 = ADVANCED_FACE ( 'NONE', ( #8325 ), #422, .T. ) ;
#9159 = ORIENTED_EDGE ( 'NONE', *, *, #2714, .F. ) ;
#9160 = CARTESIAN_POINT ( 'NONE',  ( 2.595171885894314912, 105.3446989769345095, 129.2682876403658838 ) ) ;
#9161 = DIRECTION ( 'NONE',  ( 6.903152180341684826E-18, 7.033765596924220165E-19, -1.000000000000000000 ) ) ;
#9162 = VECTOR ( 'NONE', #3502, 1000.000000000000000 ) ;
#9163 = CARTESIAN_POINT ( 'NONE',  ( 6.278077729994752332, 19.52325316161342172, 113.3500000000005059 ) ) ;
#9164 = LINE ( 'NONE', #5551, #1792 ) ;
#9165 = LINE ( 'NONE', #6312, #4204 ) ;
#9166 = LINE ( 'NONE', #3753, #5308 ) ;
#9167 = PLANE ( 'NONE',  #3201 ) ;
#9168 = VECTOR ( 'NONE', #9086, 999.9999999999998863 ) ;
#9169 = ORIENTED_EDGE ( 'NONE', *, *, #10048, .F. ) ;
#9170 = CARTESIAN_POINT ( 'NONE',  ( -8.902279867462603136, 47.05004792941496561, 125.2708883248809855 ) ) ;
#9171 = ORIENTED_EDGE ( 'NONE', *, *, #6258, .T. ) ;
#9172 = DIRECTION ( 'NONE',  ( -1.000000000000000000, 0.000000000000000000, -3.148927598275349405E-15 ) ) ;
#9173 = ORIENTED_EDGE ( 'NONE', *, *, #1318, .T. ) ;
#9174 = CARTESIAN_POINT ( 'NONE',  ( -0.6152014920796881059, 6.335970026501089869, 113.3500000000005059 ) ) ;
#9175 = VECTOR ( 'NONE', #8877, 1000.000000000000000 ) ;
#9176 = EDGE_CURVE ( 'NONE', #7057, #3191, #10226, .T. ) ;
#9177 = LINE ( 'NONE', #1218, #8835 ) ;
#9178 = EDGE_CURVE ( 'NONE', #8650, #4129, #6639, .T. ) ;
#9179 = CARTESIAN_POINT ( 'NONE',  ( -14.08728337748324755, 46.52173711783281362, 142.2928748423236414 ) ) ;
#9180 = EDGE_CURVE ( 'NONE', #8793, #3715, #2971, .T. ) ;
#9181 = VERTEX_POINT ( 'NONE', #6738 ) ;
#9182 = CARTESIAN_POINT ( 'NONE',  ( -24.03802833769165659, 102.6309867107885481, 134.9977377634196785 ) ) ;
#9183 = ORIENTED_EDGE ( 'NONE', *, *, #4098, .T. ) ;
#9184 = VECTOR ( 'NONE', #1810, 1000.000000000000114 ) ;
#9185 = ORIENTED_EDGE ( 'NONE', *, *, #3549, .F. ) ;
#9186 = CARTESIAN_POINT ( 'NONE',  ( -12.22845568534358662, 21.65765634640197845, 114.5213672451887987 ) ) ;
#9187 = ORIENTED_EDGE ( 'NONE', *, *, #2047, .T. ) ;
#9188 = LINE ( 'NONE', #7443, #1977 ) ;
#9189 = VERTEX_POINT ( 'NONE', #10280 ) ;
#9190 = LINE ( 'NONE', #10761, #5747 ) ;
#9191 = DIRECTION ( 'NONE',  ( 0.4974245373930948899, 0.05068362259411066800, 0.8660254037844405950 ) ) ;
#9192 = VECTOR ( 'NONE', #9483, 999.9999999999998863 ) ;
#9193 = VECTOR ( 'NONE', #10908, 1000.000000000000000 ) ;
#9194 = CARTESIAN_POINT ( 'NONE',  ( -18.48906368776232156, 92.91547873448445216, 115.4200000000005844 ) ) ;
#9195 = EDGE_CURVE ( 'NONE', #9352, #9511, #11049, .T. ) ;
#9196 = DIRECTION ( 'NONE',  ( -3.480278902931750302E-15, -3.438021909835086216E-16, 1.000000000000000000 ) ) ;
#9197 = AXIS2_PLACEMENT_3D ( 'NONE', #9548, #1593, #7806 ) ;
#9198 = CARTESIAN_POINT ( 'NONE',  ( -23.41540439826473730, 67.83884668625847780, 87.77148351815341698 ) ) ;
#9199 = VERTEX_POINT ( 'NONE', #9307 ) ;
#9200 = AXIS2_PLACEMENT_3D ( 'NONE', #5694, #11156, #9251 ) ;
#9201 = ORIENTED_EDGE ( 'NONE', *, *, #4274, .F. ) ;
#9202 = EDGE_LOOP ( 'NONE', ( #484, #8107, #7627, #989 ) ) ;
#9203 = VECTOR ( 'NONE', #3756, 1000.000000000000114 ) ;
#9204 = CARTESIAN_POINT ( 'NONE',  ( -1.281847275191226654, 23.67631459758921864, 125.4200000000005844 ) ) ;
#9205 = EDGE_CURVE ( 'NONE', #956, #172, #1344, .T. ) ;
#9206 = DIRECTION ( 'NONE',  ( -1.000000000000000000, 0.000000000000000000, 0.000000000000000000 ) ) ;
#9207 = VECTOR ( 'NONE', #9872, 1000.000000000000000 ) ;
#9208 = DIRECTION ( 'NONE',  ( 6.903152180341683286E-18, 7.033765596924218239E-19, -1.000000000000000000 ) ) ;
#9209 = VECTOR ( 'NONE', #6025, 999.9999999999998863 ) ;
#9210 = ORIENTED_EDGE ( 'NONE', *, *, #5105, .F. ) ;
#9211 = ORIENTED_EDGE ( 'NONE', *, *, #9630, .T. ) ;
#9212 = CARTESIAN_POINT ( 'NONE',  ( -6.028143506410729380, 1.626501356039936397, 105.4200000000005986 ) ) ;
#9213 = CARTESIAN_POINT ( 'NONE',  ( -1.594982549340130618, 104.9177554105405790, 121.9731505614619067 ) ) ;
#9214 = AXIS2_PLACEMENT_3D ( 'NONE', #7293, #9043, #6246 ) ;
#9215 = DIRECTION ( 'NONE',  ( 0.9948490747861964412, 0.1013672451882218634, 0.000000000000000000 ) ) ;
#9216 = DIRECTION ( 'NONE',  ( 0.5019378298181115250, 0.000000000000000000, 0.8649037027308210668 ) ) ;
#9217 = ORIENTED_EDGE ( 'NONE', *, *, #5051, .F. ) ;
#9218 = CARTESIAN_POINT ( 'NONE',  ( 2.175909826061441787, 48.17882776081445684, 126.8365752807312248 ) ) ;
#9219 = VECTOR ( 'NONE', #3143, 999.9999999999998863 ) ;
#9220 = VERTEX_POINT ( 'NONE', #11106 ) ;
#9221 = DIRECTION ( 'NONE',  ( -0.4974245373930951675, -0.05068362259411070270, -0.8660254037844403729 ) ) ;
#9222 = VECTOR ( 'NONE', #2331, 999.9999999999998863 ) ;
#9223 = DIRECTION ( 'NONE',  ( 6.903152180341685597E-18, 7.033765596924229795E-19, -1.000000000000000000 ) ) ;
#9224 = PLANE ( 'NONE',  #11061 ) ;
#9225 = CARTESIAN_POINT ( 'NONE',  ( -14.66287039243656487, 103.5862410887646377, 134.9977377634196216 ) ) ;
#9226 = AXIS2_PLACEMENT_3D ( 'NONE', #9393, #10204, #1437 ) ;
#9227 = VECTOR ( 'NONE', #9877, 999.9999999999998863 ) ;
#9228 = VECTOR ( 'NONE', #4569, 1000.000000000000000 ) ;
#9229 = PLANE ( 'NONE',  #4704 ) ;
#9230 = CARTESIAN_POINT ( 'NONE',  ( 6.863488798688988979, 48.65645494980249453, 138.1291116751200434 ) ) ;
#9231 = ORIENTED_EDGE ( 'NONE', *, *, #7665, .T. ) ;
#9232 = DIRECTION ( 'NONE',  ( 0.1013672451882219883, -0.9948490747861964412, 1.075499326746823620E-17 ) ) ;
#9233 = EDGE_LOOP ( 'NONE', ( #6216, #5501, #9546, #8260 ) ) ;
#9234 = CARTESIAN_POINT ( 'NONE',  ( 17.57061150527303894, 50.75260358733005006, -2.570144986458346525E-15 ) ) ;
#9235 = EDGE_LOOP ( 'NONE', ( #7781, #1543, #409, #6391 ) ) ;
#9236 = CARTESIAN_POINT ( 'NONE',  ( -8.404855330069507247, 47.10073155200907991, 124.4048629210965657 ) ) ;
#9237 = DIRECTION ( 'NONE',  ( 0.9948490747861964412, 0.1013672451882218634, 3.497202527569243497E-15 ) ) ;
#9238 = AXIS2_PLACEMENT_3D ( 'NONE', #11464, #10529, #8852 ) ;
#9239 = FACE_OUTER_BOUND ( 'NONE', #1802, .T. ) ;
#9240 = VERTEX_POINT ( 'NONE', #3484 ) ;
#9241 = DIRECTION ( 'NONE',  ( 0.1013672451882219883, -0.9948490747861964412, 1.075499326746823620E-17 ) ) ;
#9242 = VERTEX_POINT ( 'NONE', #6150 ) ;
#9243 = VERTEX_POINT ( 'NONE', #10570 ) ;
#9244 = DIRECTION ( 'NONE',  ( -0.4974245373930948344, -0.05068362259411087617, -0.8660254037844405950 ) ) ;
#9245 = EDGE_CURVE ( 'NONE', #518, #6619, #2376, .T. ) ;
#9246 = ORIENTED_EDGE ( 'NONE', *, *, #1092, .F. ) ;
#9247 = ADVANCED_FACE ( 'NONE', ( #1689 ), #3421, .T. ) ;
#9248 = DIRECTION ( 'NONE',  ( 0.9948490747861962191, 0.1013672451882218495, 0.000000000000000000 ) ) ;
#9249 = ORIENTED_EDGE ( 'NONE', *, *, #285, .F. ) ;
#9250 = LINE ( 'NONE', #5916, #3897 ) ;
#9251 = DIRECTION ( 'NONE',  ( 0.9948490747861963301, 0.1013672451882218772, 0.000000000000000000 ) ) ;
#9252 = ADVANCED_FACE ( 'NONE', ( #2604 ), #1744, .T. ) ;
#9253 = ADVANCED_FACE ( 'NONE', ( #4236 ), #11215, .F. ) ;
#9254 = DIRECTION ( 'NONE',  ( 0.1013672451882219883, -0.9948490747861964412, 1.075499326746823620E-17 ) ) ;
#9255 = CARTESIAN_POINT ( 'NONE',  ( -0.6152014920796833319, 2.335970026501111629, 168.0137084989852951 ) ) ;
#9256 = LINE ( 'NONE', #1295, #6390 ) ;
#9257 = EDGE_LOOP ( 'NONE', ( #11340, #8508, #10876, #1161 ) ) ;
#9258 = ORIENTED_EDGE ( 'NONE', *, *, #999, .T. ) ;
#9259 = ORIENTED_EDGE ( 'NONE', *, *, #6771, .T. ) ;
#9260 = DIRECTION ( 'NONE',  ( -1.000000000000000000, 0.000000000000000000, 0.000000000000000000 ) ) ;
#9261 = ADVANCED_FACE ( 'NONE', ( #8723 ), #3361, .T. ) ;
#9262 = DIRECTION ( 'NONE',  ( -1.000000000000000000, 0.000000000000000000, -3.148927598275349405E-15 ) ) ;
#9263 = FACE_OUTER_BOUND ( 'NONE', #2921, .T. ) ;
#9264 = VECTOR ( 'NONE', #1329, 999.9999999999998863 ) ;
#9265 = ORIENTED_EDGE ( 'NONE', *, *, #8721, .F. ) ;
#9266 = ORIENTED_EDGE ( 'NONE', *, *, #155, .T. ) ;
#9267 = CARTESIAN_POINT ( 'NONE',  ( 14.73710580834817740, 78.56149309352981902, 88.77148351815341698 ) ) ;
#9268 = FACE_BOUND ( 'NONE', #5936, .T. ) ;
#9269 = DIRECTION ( 'NONE',  ( 0.9948490747861963301, 0.1013672451882219744, 3.164135620181696535E-15 ) ) ;
#9270 = DIRECTION ( 'NONE',  ( -0.8615645716962893053, -0.08778660944464596050, -0.5000000000000027756 ) ) ;
#9271 = VERTEX_POINT ( 'NONE', #10511 ) ;
#9272 = ORIENTED_EDGE ( 'NONE', *, *, #1256, .T. ) ;
#9273 = EDGE_CURVE ( 'NONE', #3624, #1829, #8775, .T. ) ;
#9274 = PLANE ( 'NONE',  #2233 ) ;
#9275 = AXIS2_PLACEMENT_3D ( 'NONE', #447, #6762, #9328 ) ;
#9276 = FACE_OUTER_BOUND ( 'NONE', #7658, .T. ) ;
#9277 = CARTESIAN_POINT ( 'NONE',  ( -1.594982549340130618, 104.9177554105405790, 131.7000000000005286 ) ) ;
#9278 = CARTESIAN_POINT ( 'NONE',  ( -14.58470791487634521, 46.47105349523869933, 131.7000000000005286 ) ) ;
#9279 =( BOUNDED_CURVE ( )  B_SPLINE_CURVE ( 3, ( #2851, #4658, #5582, #3025 ),
 .UNSPECIFIED., .F., .F. ) 
 B_SPLINE_CURVE_WITH_KNOTS ( ( 4, 4 ),
 ( 5.457619781498769029, 5.489152429861907656 ),
 .UNSPECIFIED. ) 
 CURVE ( )  GEOMETRIC_REPRESENTATION_ITEM ( )  RATIONAL_B_SPLINE_CURVE ( ( 1.000000000000000000, 0.9999171427236561716, 0.9999171427236561716, 1.000000000000000000 ) ) 
 REPRESENTATION_ITEM ( '' )  );
#9280 = AXIS2_PLACEMENT_3D ( 'NONE', #3125, #11272, #9303 ) ;
#9281 = DIRECTION ( 'NONE',  ( 0.1013672451882219883, -0.9948490747861964412, 1.075499326746823620E-17 ) ) ;
#9282 = CARTESIAN_POINT ( 'NONE',  ( 4.165607975633832005, 48.38156225119089271, 131.7000000000005286 ) ) ;
#9283 = EDGE_CURVE ( 'NONE', #2285, #9850, #10556, .T. ) ;
#9284 = CARTESIAN_POINT ( 'NONE',  ( 38.85231484387792733, 82.02381958542508755, 27.11624734198614561 ) ) ;
#9285 = PLANE ( 'NONE',  #1032 ) ;
#9286 = ORIENTED_EDGE ( 'NONE', *, *, #8618, .T. ) ;
#9287 = CARTESIAN_POINT ( 'NONE',  ( 3.364794073075944691, 2.741500067716508227, 153.0500000000005230 ) ) ;
#9288 = VERTEX_POINT ( 'NONE', #6091 ) ;
#9289 = FACE_OUTER_BOUND ( 'NONE', #4874, .T. ) ;
#9290 = DIRECTION ( 'NONE',  ( -0.9948490747861963301, -0.1013672451882219605, -3.497202527569243497E-15 ) ) ;
#9291 = VECTOR ( 'NONE', #1277, 1000.000000000000000 ) ;
#9292 = VECTOR ( 'NONE', #9161, 1000.000000000000000 ) ;
#9293 = CARTESIAN_POINT ( 'NONE',  ( -14.08673299654613409, 39.84454240717104767, 115.4200000000005844 ) ) ;
#9294 = VERTEX_POINT ( 'NONE', #5921 ) ;
#9295 = LINE ( 'NONE', #2307, #3089 ) ;
#9296 = EDGE_LOOP ( 'NONE', ( #10267, #11270, #7099, #5487 ) ) ;
#9297 = ORIENTED_EDGE ( 'NONE', *, *, #689, .F. ) ;
#9298 = ORIENTED_EDGE ( 'NONE', *, *, #9318, .T. ) ;
#9299 = AXIS2_PLACEMENT_3D ( 'NONE', #4375, #3508, #1479 ) ;
#9300 = DIRECTION ( 'NONE',  ( -6.903152180341684056E-18, -7.033765596924220165E-19, 1.000000000000000000 ) ) ;
#9301 = CARTESIAN_POINT ( 'NONE',  ( -3.087256161519422726, 104.7657045427582432, 121.1071251576774301 ) ) ;
#9302 = VERTEX_POINT ( 'NONE', #9531 ) ;
#9303 = DIRECTION ( 'NONE',  ( -0.1013672451882220021, 0.9948490747861964412, 0.000000000000000000 ) ) ;
#9304 = LINE ( 'NONE', #5800, #10867 ) ;
#9305 = LINE ( 'NONE', #6462, #1989 ) ;
#9306 = EDGE_CURVE ( 'NONE', #7908, #800, #5978, .T. ) ;
#9307 = CARTESIAN_POINT ( 'NONE',  ( -14.08728337748324755, 46.52173711783281362, 122.8391759652463833 ) ) ;
#9308 = CARTESIAN_POINT ( 'NONE',  ( 8.935349625867793577, 3.309095580308017759, 156.7000000000005002 ) ) ;
#9309 = ORIENTED_EDGE ( 'NONE', *, *, #9622, .T. ) ;
#9310 = VERTEX_POINT ( 'NONE', #704 ) ;
#9311 = ORIENTED_EDGE ( 'NONE', *, *, #11151, .T. ) ;
#9312 = DIRECTION ( 'NONE',  ( -0.4974245373931011072, -0.05068362259411127169, 0.8660254037844369313 ) ) ;
#9313 = CARTESIAN_POINT ( 'NONE',  ( 7.858337873475182533, 48.75782219499071601, 128.4022622365814641 ) ) ;
#9314 = ADVANCED_FACE ( 'NONE', ( #4348 ), #4116, .T. ) ;
#9315 = EDGE_CURVE ( 'NONE', #4652, #9468, #2489, .T. ) ;
#9316 = VECTOR ( 'NONE', #3323, 1000.000000000000114 ) ;
#9317 = CARTESIAN_POINT ( 'NONE',  ( 17.67197875046127820, 49.75775451254386894, 155.7000000000005002 ) ) ;
#9318 = EDGE_CURVE ( 'NONE', #6580, #4994, #10345, .T. ) ;
#9319 = ORIENTED_EDGE ( 'NONE', *, *, #1186, .T. ) ;
#9320 = ADVANCED_FACE ( 'NONE', ( #2432 ), #10397, .F. ) ;
#9321 = VERTEX_POINT ( 'NONE', #4175 ) ;
#9322 = CARTESIAN_POINT ( 'NONE',  ( 2.097747348501226572, 105.2940153543403881, 144.7245872019582293 ) ) ;
#9323 = PLANE ( 'NONE',  #11357 ) ;
#9324 = DIRECTION ( 'NONE',  ( 0.1013672451882219883, -0.9948490747861963301, -2.465190328815661892E-32 ) ) ;
#9325 = CARTESIAN_POINT ( 'NONE',  ( 3.329824073994576583, 78.40435898298051143, 134.1317123596352019 ) ) ;
#9326 = ORIENTED_EDGE ( 'NONE', *, *, #2778, .F. ) ;
#9327 = DIRECTION ( 'NONE',  ( 0.000000000000000000, 1.000000000000000000, 0.000000000000000000 ) ) ;
#9328 = DIRECTION ( 'NONE',  ( 0.5019378298181175202, 0.000000000000000000, -0.8649037027308175141 ) ) ;
#9329 = LINE ( 'NONE', #9277, #9572 ) ;
#9330 = CARTESIAN_POINT ( 'NONE',  ( -9.897128942248800243, 46.94868068422675123, 139.8611624826889965 ) ) ;
#9331 = CARTESIAN_POINT ( 'NONE',  ( -7.578143506410728314, 1.626501356039936175, 105.4200000000005986 ) ) ;
#9332 = CARTESIAN_POINT ( 'NONE',  ( -3.584680698912521279, 104.7150209201641360, 126.8365752807312248 ) ) ;
#9333 = ORIENTED_EDGE ( 'NONE', *, *, #820, .T. ) ;
#9334 = DIRECTION ( 'NONE',  ( -3.480278902931750302E-15, -3.438021909835086216E-16, 1.000000000000000000 ) ) ;
#9335 = ORIENTED_EDGE ( 'NONE', *, *, #10806, .F. ) ;
#9336 = VECTOR ( 'NONE', #8696, 1000.000000000000114 ) ;
#9337 = CARTESIAN_POINT ( 'NONE',  ( -14.66287039243656487, 103.5862410887646377, 144.7245872019582293 ) ) ;
#9338 = VERTEX_POINT ( 'NONE', #7729 ) ;
#9339 = DIRECTION ( 'NONE',  ( -0.4974245373931009961, -0.05068362259411093862, 0.8660254037844370423 ) ) ;
#9340 = CARTESIAN_POINT ( 'NONE',  ( -6.736892551943756580, 37.75331495253099945, 146.7000000000005002 ) ) ;
#9341 =( BOUNDED_CURVE ( )  B_SPLINE_CURVE ( 3, ( #1033, #6255, #9806, #974 ),
 .UNSPECIFIED., .F., .F. ) 
 B_SPLINE_CURVE_WITH_KNOTS ( ( 4, 4 ),
 ( 4.610847330772821273, 4.712388980384687898 ),
 .UNSPECIFIED. ) 
 CURVE ( )  GEOMETRIC_REPRESENTATION_ITEM ( )  RATIONAL_B_SPLINE_CURVE ( ( 1.000000000000000000, 0.9991409590007871433, 0.9991409590007871433, 1.000000000000000000 ) ) 
 REPRESENTATION_ITEM ( '' )  );
#9342 = EDGE_CURVE ( 'NONE', #10928, #3343, #762, .T. ) ;
#9343 = ORIENTED_EDGE ( 'NONE', *, *, #5335, .F. ) ;
#9344 = DIRECTION ( 'NONE',  ( 1.000000000000000000, 0.000000000000000000, 0.000000000000000000 ) ) ;
#9345 = ORIENTED_EDGE ( 'NONE', *, *, #6327, .T. ) ;
#9346 = EDGE_LOOP ( 'NONE', ( #9173, #117, #11162, #5251 ) ) ;
#9348 = VECTOR ( 'NONE', #5838, 1000.000000000000114 ) ;
#9347 = CARTESIAN_POINT ( 'NONE',  ( 4.799743540596019820, 3.045642788675047452, 105.4200000000005986 ) ) ;
#9349 = ORIENTED_EDGE ( 'NONE', *, *, #11504, .T. ) ;
#9350 = CARTESIAN_POINT ( 'NONE',  ( 2.175909826061441787, 48.17882776081445684, 136.5634247192698467 ) ) ;
#9351 = CARTESIAN_POINT ( 'NONE',  ( 1.102898273715029465, 105.1926481091521595, 144.7245872019582862 ) ) ;
#9352 = VERTEX_POINT ( 'NONE', #4291 ) ;
#9353 = CARTESIAN_POINT ( 'NONE',  ( -9.975291419809025228, 104.0638682777526896, 121.9731505614619067 ) ) ;
#9354 = CARTESIAN_POINT ( 'NONE',  ( -17.12352356478455917, 76.32032477360493772, 121.1071251576774301 ) ) ;
#9355 = ORIENTED_EDGE ( 'NONE', *, *, #5764, .T. ) ;
#9356 = LINE ( 'NONE', #4995, #6866 ) ;
#9357 = ORIENTED_EDGE ( 'NONE', *, *, #10121, .F. ) ;
#9358 = LINE ( 'NONE', #7614, #6984 ) ;
#9359 = CARTESIAN_POINT ( 'NONE',  ( -11.46756503198831645, 103.9118174099703538, 121.1071251576774301 ) ) ;
#9360 = VECTOR ( 'NONE', #334, 1000.000000000000114 ) ;
#9361 = LINE ( 'NONE', #1518, #10656 ) ;
#9362 = EDGE_LOOP ( 'NONE', ( #2039, #5168, #3241, #663 ) ) ;
#9363 = ORIENTED_EDGE ( 'NONE', *, *, #8126, .T. ) ;
#9364 = ORIENTED_EDGE ( 'NONE', *, *, #4274, .T. ) ;
#9365 = VECTOR ( 'NONE', #8861, 999.9999999999998863 ) ;
#9366 = DIRECTION ( 'NONE',  ( 6.903152180341685597E-18, 7.033765596924229795E-19, -1.000000000000000000 ) ) ;
#9367 = VECTOR ( 'NONE', #7890, 1000.000000000000000 ) ;
#9368 = ORIENTED_EDGE ( 'NONE', *, *, #8638, .T. ) ;
#9369 = PLANE ( 'NONE',  #1611 ) ;
#9370 = DIRECTION ( 'NONE',  ( -0.5019378298181113029, 0.000000000000000000, -0.8649037027308211778 ) ) ;
#9371 = VECTOR ( 'NONE', #1061, 1000.000000000000114 ) ;
#9372 = VECTOR ( 'NONE', #2652, 1000.000000000000114 ) ;
#9373 = ORIENTED_EDGE ( 'NONE', *, *, #4112, .T. ) ;
#9374 = ORIENTED_EDGE ( 'NONE', *, *, #9756, .F. ) ;
#9375 = LINE ( 'NONE', #4788, #4502 ) ;
#9376 = FACE_BOUND ( 'NONE', #523, .T. ) ;
#9377 = EDGE_CURVE ( 'NONE', #7605, #3972, #7841, .T. ) ;
#9378 = FACE_OUTER_BOUND ( 'NONE', #7015, .T. ) ;
#9379 = EDGE_CURVE ( 'NONE', #11158, #177, #881, .T. ) ;
#9380 = ORIENTED_EDGE ( 'NONE', *, *, #4485, .T. ) ;
#9381 = CARTESIAN_POINT ( 'NONE',  ( -1.455630775762134732, -4.627973497002288994, 156.7000000000005002 ) ) ;
#9382 = LINE ( 'NONE', #7418, #11506 ) ;
#9383 = VECTOR ( 'NONE', #7595, 999.9999999999998863 ) ;
#9384 = AXIS2_PLACEMENT_3D ( 'NONE', #3266, #6818, #9216 ) ;
#9385 = LINE ( 'NONE', #3104, #10139 ) ;
#9386 = VECTOR ( 'NONE', #1493, 999.9999999999998863 ) ;
#9387 = LINE ( 'NONE', #3923, #2171 ) ;
#9388 = EDGE_LOOP ( 'NONE', ( #7023, #5856, #3673, #5608 ) ) ;
#9389 = VECTOR ( 'NONE', #268, 999.9999999999998863 ) ;
#9390 = AXIS2_PLACEMENT_3D ( 'NONE', #4852, #5022, #8569 ) ;
#9391 = DIRECTION ( 'NONE',  ( -0.8615645716962893053, -0.08778660944464596050, -0.5000000000000027756 ) ) ;
#9392 = CARTESIAN_POINT ( 'NONE',  ( -7.872481210540132501, 77.26293275539438810, 127.7026006845156161 ) ) ;
#9393 = CARTESIAN_POINT ( 'NONE',  ( -6.282561521967672924, 104.4401282215525129, 128.4022622365814641 ) ) ;
#9394 = DIRECTION ( 'NONE',  ( 0.8615645716962927469, 0.08778660944464633520, -0.4999999999999967248 ) ) ;
#9395 = ORIENTED_EDGE ( 'NONE', *, *, #5575, .T. ) ;
#9396 = DIRECTION ( 'NONE',  ( -1.107996971693855361E-16, -1.128961201694197808E-17, -1.000000000000000000 ) ) ;
#9397 = VERTEX_POINT ( 'NONE', #1913 ) ;
#9398 = LINE ( 'NONE', #403, #2979 ) ;
#9399 = EDGE_CURVE ( 'NONE', #535, #2382, #8944, .T. ) ;
#9400 = VECTOR ( 'NONE', #3981, 999.9999999999998863 ) ;
#9401 = DIRECTION ( 'NONE',  ( -0.4974245373930951675, -0.05068362259411070270, -0.8660254037844403729 ) ) ;
#9402 = VECTOR ( 'NONE', #8934, 1000.000000000000000 ) ;
#9403 = AXIS2_PLACEMENT_3D ( 'NONE', #5402, #10822, #8023 ) ;
#9404 = B_SPLINE_CURVE_WITH_KNOTS ( 'NONE', 3,
 ( #3013, #8858, #6508, #7977 ),
 .UNSPECIFIED., .F., .F.,
 ( 4, 4 ),
 ( 0.0007996187064534572434, 0.001596040478104284854 ),
 .UNSPECIFIED. ) ;
#9405 = ORIENTED_EDGE ( 'NONE', *, *, #8801, .F. ) ;
#9406 = DIRECTION ( 'NONE',  ( -0.1013672451882220160, 0.9948490747861964412, 0.000000000000000000 ) ) ;
#9407 = EDGE_LOOP ( 'NONE', ( #7574, #108, #2872, #10930 ) ) ;
#9408 = ORIENTED_EDGE ( 'NONE', *, *, #395, .T. ) ;
#9409 = CARTESIAN_POINT ( 'NONE',  ( -4.594597791224468430, 1.930501045748190148, 150.0500000000005230 ) ) ;
#9410 = ORIENTED_EDGE ( 'NONE', *, *, #10250, .F. ) ;
#9411 = LINE ( 'NONE', #5913, #6744 ) ;
#9412 = ADVANCED_FACE ( 'NONE', ( #233 ), #10752, .T. ) ;
#9413 = FACE_OUTER_BOUND ( 'NONE', #3746, .T. ) ;
#9414 = ADVANCED_FACE ( 'NONE', ( #56 ), #7264, .T. ) ;
#9415 = ORIENTED_EDGE ( 'NONE', *, *, #4189, .F. ) ;
#9416 = LINE ( 'NONE', #10274, #5565 ) ;
#9417 = LINE ( 'NONE', #5862, #6006 ) ;
#9418 = VECTOR ( 'NONE', #11243, 1000.000000000000114 ) ;
#9419 = EDGE_CURVE ( 'NONE', #2285, #1513, #7223, .T. ) ;
#9420 = DIRECTION ( 'NONE',  ( -0.1013672451882220438, 0.9948490747861963301, 0.000000000000000000 ) ) ;
#9421 = DIRECTION ( 'NONE',  ( -0.8615645716962893053, -0.08778660944464596050, -0.5000000000000027756 ) ) ;
#9422 = PLANE ( 'NONE',  #10166 ) ;
#9423 = AXIS2_PLACEMENT_3D ( 'NONE', #10409, #10583, #658 ) ;
#9424 = LINE ( 'NONE', #6635, #8257 ) ;
#9425 = EDGE_LOOP ( 'NONE', ( #7505, #5374, #6074, #4358 ) ) ;
#9426 = VERTEX_POINT ( 'NONE', #5336 ) ;
#9427 = VERTEX_POINT ( 'NONE', #3766 ) ;
#9428 = EDGE_CURVE ( 'NONE', #8, #9199, #10811, .T. ) ;
#9429 = CARTESIAN_POINT ( 'NONE',  ( 6.863488798688985426, 48.65645494980250163, 125.2708883248810423 ) ) ;
#9430 = EDGE_CURVE ( 'NONE', #10629, #607, #9007, .T. ) ;
#9431 = CARTESIAN_POINT ( 'NONE',  ( -0.8603303612398653932, 77.97741541658656672, 141.4268494385391648 ) ) ;
#9432 = CARTESIAN_POINT ( 'NONE',  ( 6.349743540596019642, 3.045642788675047452, 105.4200000000005986 ) ) ;
#9433 = ORIENTED_EDGE ( 'NONE', *, *, #4059, .T. ) ;
#9434 = ORIENTED_EDGE ( 'NONE', *, *, #11232, .T. ) ;
#9435 = CARTESIAN_POINT ( 'NONE',  ( -21.31367800001900648, 75.89338120721100722, 120.4074636056117242 ) ) ;
#9436 = EDGE_CURVE ( 'NONE', #7239, #11220, #2835, .T. ) ;
#9437 = DIRECTION ( 'NONE',  ( -8.141667454118532778E-17, -3.990033831470024719E-16, -1.000000000000000000 ) ) ;
#9438 = DIRECTION ( 'NONE',  ( -1.000000000000000000, 0.000000000000000000, -3.148927598275349405E-15 ) ) ;
#9439 = VERTEX_POINT ( 'NONE', #8014 ) ;
#9440 = EDGE_CURVE ( 'NONE', #1068, #4759, #7085, .T. ) ;
#9441 = DIRECTION ( 'NONE',  ( -0.9938949685030576964, -0.1103303747129771861, -6.514758705377155282E-13 ) ) ;
#9442 = CARTESIAN_POINT ( 'NONE',  ( 2.673334363454540341, 48.22951138340856403, 132.5660254037850052 ) ) ;
#9443 = CARTESIAN_POINT ( 'NONE',  ( 2.595171885894314912, 105.3446989769345095, 124.4048629210965657 ) ) ;
#9444 = CARTESIAN_POINT ( 'NONE',  ( 6.776430230576962366, 24.49738928361381340, 114.4200000000005701 ) ) ;
#9445 = EDGE_CURVE ( 'NONE', #7202, #11368, #3882, .T. ) ;
#9446 = ORIENTED_EDGE ( 'NONE', *, *, #4619, .F. ) ;
#9447 = EDGE_CURVE ( 'NONE', #7355, #619, #9934, .T. ) ;
#9448 = CARTESIAN_POINT ( 'NONE',  ( -23.59178340498079507, 69.56988407725553714, 103.0600000000005707 ) ) ;
#9449 = CARTESIAN_POINT ( 'NONE',  ( 4.799743540596020708, 3.045642788675047452, 156.7000000000005002 ) ) ;
#9450 = DIRECTION ( 'NONE',  ( -0.5019378298181113029, 0.000000000000000000, -0.8649037027308211778 ) ) ;
#9451 = CARTESIAN_POINT ( 'NONE',  ( -1.516820071779906964, 47.80256781701462643, 128.4022622365814073 ) ) ;
#9452 = EDGE_LOOP ( 'NONE', ( #7323, #5212, #465, #10984 ) ) ;
#9453 = LINE ( 'NONE', #7704, #1235 ) ;
#9454 = ORIENTED_EDGE ( 'NONE', *, *, #3114, .F. ) ;
#9455 = FACE_OUTER_BOUND ( 'NONE', #6355, .T. ) ;
#9456 = CARTESIAN_POINT ( 'NONE',  ( -3.087256161519422726, 104.7657045427582432, 135.6973993154853702 ) ) ;
#9457 = VECTOR ( 'NONE', #7811, 999.9999999999998863 ) ;
#9458 = EDGE_CURVE ( 'NONE', #10080, #4622, #8139, .T. ) ;
#9459 = ORIENTED_EDGE ( 'NONE', *, *, #5007, .T. ) ;
#9460 = DIRECTION ( 'NONE',  ( 0.4974245373930950564, 0.05068362259411089699, 0.8660254037844403729 ) ) ;
#9461 = ORIENTED_EDGE ( 'NONE', *, *, #1537, .T. ) ;
#9462 = ORIENTED_EDGE ( 'NONE', *, *, #5274, .T. ) ;
#9463 = CARTESIAN_POINT ( 'NONE',  ( 1.102898273715022581, 105.1926481091521737, 130.1343130441503604 ) ) ;
#9464 = VERTEX_POINT ( 'NONE', #8837 ) ;
#9465 = ADVANCED_FACE ( 'NONE', ( #4642 ), #6210, .T. ) ;
#9466 = LINE ( 'NONE', #7553, #2660 ) ;
#9467 = DIRECTION ( 'NONE',  ( -0.5019378298181113029, 0.000000000000000000, -0.8649037027308211778 ) ) ;
#9468 = VERTEX_POINT ( 'NONE', #7143 ) ;
#9469 = DIRECTION ( 'NONE',  ( -1.000000000000000000, 0.000000000000000000, 0.000000000000000000 ) ) ;
#9470 = DIRECTION ( 'NONE',  ( -0.1013672451882220438, 0.9948490747861963301, -9.629649721936177555E-34 ) ) ;
#9471 = VECTOR ( 'NONE', #9885, 1000.000000000000000 ) ;
#9472 = ORIENTED_EDGE ( 'NONE', *, *, #7421, .F. ) ;
#9473 = EDGE_LOOP ( 'NONE', ( #5416, #9969, #10744, #2633, #10934, #10404 ) ) ;
#9474 = LINE ( 'NONE', #7788, #7366 ) ;
#9475 = CARTESIAN_POINT ( 'NONE',  ( 43.64527288455031595, 82.51218406723366172, 29.89779047765375708 ) ) ;
#9476 = VECTOR ( 'NONE', #7769, 999.9999999999998863 ) ;
#9477 = ORIENTED_EDGE ( 'NONE', *, *, #10279, .T. ) ;
#9478 = DIRECTION ( 'NONE',  ( 0.4974245373931009961, 0.05068362259411126475, -0.8660254037844370423 ) ) ;
#9479 = EDGE_CURVE ( 'NONE', #10206, #8936, #10691, .T. ) ;
#9480 = VERTEX_POINT ( 'NONE', #3655 ) ;
#9481 = ORIENTED_EDGE ( 'NONE', *, *, #2509, .F. ) ;
#9482 = ORIENTED_EDGE ( 'NONE', *, *, #8596, .F. ) ;
#9483 = DIRECTION ( 'NONE',  ( 0.9948490747861964412, 0.1013672451882218634, 3.497202527569243497E-15 ) ) ;
#9484 = VECTOR ( 'NONE', #7754, 1000.000000000000114 ) ;
#9485 = EDGE_CURVE ( 'NONE', #4243, #3440, #8192, .T. ) ;
#9486 = CARTESIAN_POINT ( 'NONE',  ( -17.28258873793149419, 46.19616079662709041, 139.8611624826889397 ) ) ;
#9487 = CARTESIAN_POINT ( 'NONE',  ( 4.822097686173875353, 78.55640985076284721, 118.6754127980428422 ) ) ;
#9488 = EDGE_CURVE ( 'NONE', #10988, #710, #10943, .T. ) ;
#9489 = ORIENTED_EDGE ( 'NONE', *, *, #1353, .F. ) ;
#9490 = VERTEX_POINT ( 'NONE', #7206 ) ;
#9491 = DIRECTION ( 'NONE',  ( 0.1013672451882219744, -0.9948490747861963301, 0.000000000000000000 ) ) ;
#9492 = FACE_OUTER_BOUND ( 'NONE', #5412, .T. ) ;
#9493 = LINE ( 'NONE', #2623, #7881 ) ;
#9494 = EDGE_CURVE ( 'NONE', #7962, #10629, #6329, .T. ) ;
#9495 = ORIENTED_EDGE ( 'NONE', *, *, #8633, .F. ) ;
#9496 = DIRECTION ( 'NONE',  ( 0.4974245373930950564, 0.05068362259411089699, 0.8660254037844403729 ) ) ;
#9497 = FACE_OUTER_BOUND ( 'NONE', #1680, .T. ) ;
#9498 = CARTESIAN_POINT ( 'NONE',  ( -7.748365619529469228, 77.27557915158104151, 122.8391759652463264 ) ) ;
#9499 = CARTESIAN_POINT ( 'NONE',  ( -4.712125432228150501, 47.47699149580887479, 140.5608240347547451 ) ) ;
#9500 = ORIENTED_EDGE ( 'NONE', *, *, #3375, .F. ) ;
#9501 = DIRECTION ( 'NONE',  ( -0.1013672451882218634, 0.9948490747861964412, 0.000000000000000000 ) ) ;
#9502 = CARTESIAN_POINT ( 'NONE',  ( -8.743214694315666335, 77.17421190639281292, 140.5608240347546882 ) ) ;
#9503 = LINE ( 'NONE', #11364, #2904 ) ;
#9504 = LINE ( 'NONE', #5082, #10869 ) ;
#9505 = ORIENTED_EDGE ( 'NONE', *, *, #3510, .F. ) ;
#9506 = PLANE ( 'NONE',  #10114 ) ;
#9507 = VERTEX_POINT ( 'NONE', #2035 ) ;
#9508 = FACE_OUTER_BOUND ( 'NONE', #4415, .T. ) ;
#9509 = DIRECTION ( 'NONE',  ( -1.000000000000000000, 0.000000000000000000, 0.000000000000000000 ) ) ;
#9510 = AXIS2_PLACEMENT_3D ( 'NONE', #7059, #5949, #9501 ) ;
#9511 = VERTEX_POINT ( 'NONE', #7434 ) ;
#9512 = DIRECTION ( 'NONE',  ( 3.148927598275349405E-15, 3.100401161182723417E-16, -1.000000000000000000 ) ) ;
#9513 = ORIENTED_EDGE ( 'NONE', *, *, #3047, .T. ) ;
#9514 = CARTESIAN_POINT ( 'NONE',  ( -12.59500976530395455, 46.67378798561514230, 136.5634247192698467 ) ) ;
#9515 = ORIENTED_EDGE ( 'NONE', *, *, #101, .F. ) ;
#9516 = FACE_BOUND ( 'NONE', #4816, .T. ) ;
#9517 = ORIENTED_EDGE ( 'NONE', *, *, #3903, .T. ) ;
#9518 = CARTESIAN_POINT ( 'NONE',  ( 17.57061150527305671, 50.75260358733006427, 155.7000000000005002 ) ) ;
#9519 = AXIS2_PLACEMENT_3D ( 'NONE', #10484, #4146, #1607 ) ;
#9520 = ORIENTED_EDGE ( 'NONE', *, *, #820, .F. ) ;
#9521 = VERTEX_POINT ( 'NONE', #10212 ) ;
#9522 = CARTESIAN_POINT ( 'NONE',  ( 0.09436922423786574254, -4.627973497002288994, 113.3500000000005059 ) ) ;
#9523 = VECTOR ( 'NONE', #4088, 999.9999999999998863 ) ;
#9524 = EDGE_CURVE ( 'NONE', #8378, #568, #7417, .T. ) ;
#9525 = EDGE_CURVE ( 'NONE', #2667, #10924, #8364, .T. ) ;
#9526 = ORIENTED_EDGE ( 'NONE', *, *, #1483, .T. ) ;
#9527 = VECTOR ( 'NONE', #7717, 1000.000000000000114 ) ;
#9528 = PLANE ( 'NONE',  #3842 ) ;
#9529 = EDGE_CURVE ( 'NONE', #5398, #8091, #5567, .T. ) ;
#9530 = EDGE_CURVE ( 'NONE', #8330, #3877, #2213, .T. ) ;
#9531 = CARTESIAN_POINT ( 'NONE',  ( -7.250941082136412419, 77.32626277417514871, 136.5634247192698467 ) ) ;
#9532 = ORIENTED_EDGE ( 'NONE', *, *, #4968, .T. ) ;
#9533 = CARTESIAN_POINT ( 'NONE',  ( -14.16544585504347076, 103.6369247113587591, 124.4048629210965657 ) ) ;
#9534 = ORIENTED_EDGE ( 'NONE', *, *, #5563, .T. ) ;
#9535 = ORIENTED_EDGE ( 'NONE', *, *, #7615, .T. ) ;
#9536 = ORIENTED_EDGE ( 'NONE', *, *, #8472, .T. ) ;
#9537 = FACE_OUTER_BOUND ( 'NONE', #223, .T. ) ;
#9538 = ORIENTED_EDGE ( 'NONE', *, *, #905, .F. ) ;
#9539 = PLANE ( 'NONE',  #7689 ) ;
#9540 = EDGE_CURVE ( 'NONE', #754, #10888, #2249, .T. ) ;
#9541 = ORIENTED_EDGE ( 'NONE', *, *, #9023, .F. ) ;
#9542 = VECTOR ( 'NONE', #8595, 999.9999999999998863 ) ;
#9543 = LINE ( 'NONE', #3317, #8663 ) ;
#9544 = LINE ( 'NONE', #6868, #10916 ) ;
#9545 = ORIENTED_EDGE ( 'NONE', *, *, #10402, .F. ) ;
#9546 = ORIENTED_EDGE ( 'NONE', *, *, #7817, .F. ) ;
#9547 = LINE ( 'NONE', #9724, #5992 ) ;
#9548 = CARTESIAN_POINT ( 'NONE',  ( 8.394462847535999472, 71.77359288303684082, 99.31000000000055650 ) ) ;
#9549 = CARTESIAN_POINT ( 'NONE',  ( 2.595171885894321573, 105.3446989769344952, 143.8585617981738380 ) ) ;
#9550 = EDGE_CURVE ( 'NONE', #576, #2638, #5787, .T. ) ;
#9551 = ORIENTED_EDGE ( 'NONE', *, *, #8431, .T. ) ;
#9552 = EDGE_CURVE ( 'NONE', #346, #6889, #10100, .T. ) ;
#9553 = CARTESIAN_POINT ( 'NONE',  ( -6.282561521967672924, 104.4401282215525129, 123.5388375173121460 ) ) ;
#9554 = DIRECTION ( 'NONE',  ( 1.000000000000000000, 0.000000000000000000, 6.474985898285850252E-13 ) ) ;
#9555 = VECTOR ( 'NONE', #6290, 1000.000000000000114 ) ;
#9556 = DIRECTION ( 'NONE',  ( 0.8615645716962927469, 0.08778660944464633520, -0.4999999999999967248 ) ) ;
#9557 = LINE ( 'NONE', #3331, #2350 ) ;
#9558 = AXIS2_PLACEMENT_3D ( 'NONE', #6378, #9925, #1969 ) ;
#9559 = VERTEX_POINT ( 'NONE', #3829 ) ;
#9560 = CARTESIAN_POINT ( 'NONE',  ( -14.58470791487634521, 46.47105349523869933, 136.5634247192698467 ) ) ;
#9561 = DIRECTION ( 'NONE',  ( 0.8615645716962891942, 0.08778660944464597438, 0.5000000000000029976 ) ) ;
#9562 = DIRECTION ( 'NONE',  ( 0.4974245373931012182, 0.05068362259411096638, -0.8660254037844369313 ) ) ;
#9563 = DIRECTION ( 'NONE',  ( -0.9948490747861964412, -0.1013672451882215303, 6.029029786171035658E-18 ) ) ;
#9564 = ORIENTED_EDGE ( 'NONE', *, *, #1160, .T. ) ;
#9565 = LINE ( 'NONE', #1551, #1764 ) ;
#9566 = VECTOR ( 'NONE', #9401, 1000.000000000000000 ) ;
#9567 = ORIENTED_EDGE ( 'NONE', *, *, #11050, .F. ) ;
#9568 = EDGE_CURVE ( 'NONE', #9321, #7487, #10927, .T. ) ;
#9569 = CARTESIAN_POINT ( 'NONE',  ( -17.28258873793149419, 46.19616079662709041, 130.1343130441503035 ) ) ;
#9570 = AXIS2_PLACEMENT_3D ( 'NONE', #1423, #4026, #3969 ) ;
#9571 = CARTESIAN_POINT ( 'NONE',  ( -4.712125432228154054, 47.47699149580887479, 125.9705498769468051 ) ) ;
#9572 = VECTOR ( 'NONE', #6764, 999.9999999999998863 ) ;
#9573 = VECTOR ( 'NONE', #4577, 1000.000000000000114 ) ;
#9574 = ORIENTED_EDGE ( 'NONE', *, *, #4931, .F. ) ;
#9575 = AXIS2_PLACEMENT_3D ( 'NONE', #2557, #7965, #2730 ) ;
#9576 = DIRECTION ( 'NONE',  ( 0.1013672451882219883, -0.9948490747861964412, 1.075499326746823620E-17 ) ) ;
#9577 = VERTEX_POINT ( 'NONE', #6503 ) ;
#9578 = CARTESIAN_POINT ( 'NONE',  ( -15.65771946722276020, 103.4848738435764233, 125.2708883248810423 ) ) ;
#9579 = VERTEX_POINT ( 'NONE', #1159 ) ;
#9580 = LINE ( 'NONE', #6318, #3431 ) ;
#9581 = VERTEX_POINT ( 'NONE', #462 ) ;
#9582 = CARTESIAN_POINT ( 'NONE',  ( 2.498654777577248964, 11.24205540157077365, 153.0500000000005230 ) ) ;
#9583 = EDGE_LOOP ( 'NONE', ( #7894, #10239 ) ) ;
#9584 = EDGE_LOOP ( 'NONE', ( #1530, #5888, #5213, #3553 ) ) ;
#9585 = CYLINDRICAL_SURFACE ( 'NONE', #1866, 1.000000000000000888 ) ;
#9586 = DIRECTION ( 'NONE',  ( 0.9948490747861963301, 0.1013672451882219744, 3.164135620181696535E-15 ) ) ;
#9587 = VECTOR ( 'NONE', #7217, 1000.000000000000114 ) ;
#9588 = DIRECTION ( 'NONE',  ( -3.480278902931750302E-15, -3.438021909835086216E-16, 1.000000000000000000 ) ) ;
#9589 = DIRECTION ( 'NONE',  ( 0.1013672451882219883, -0.9948490747861964412, 1.075499326746823620E-17 ) ) ;
#9590 = ADVANCED_FACE ( 'NONE', ( #9239 ), #8417, .T. ) ;
#9591 = EDGE_CURVE ( 'NONE', #3485, #3501, #1843, .T. ) ;
#9592 = VECTOR ( 'NONE', #9576, 999.9999999999998863 ) ;
#9593 = VERTEX_POINT ( 'NONE', #8253 ) ;
#9594 = CARTESIAN_POINT ( 'NONE',  ( -10.16575261002716957, 1.362844472694156650, 150.0500000000005230 ) ) ;
#9595 = ORIENTED_EDGE ( 'NONE', *, *, #2952, .F. ) ;
#9596 = VERTEX_POINT ( 'NONE', #7379 ) ;
#9597 = ADVANCED_FACE ( 'NONE', ( #7545 ), #4758, .T. ) ;
#9598 = AXIS2_PLACEMENT_3D ( 'NONE', #3696, #8179, #5432 ) ;
#9599 = EDGE_LOOP ( 'NONE', ( #5571, #4808, #9343, #602 ) ) ;
#9600 = EDGE_CURVE ( 'NONE', #2948, #3480, #11092, .T. ) ;
#9601 = FACE_OUTER_BOUND ( 'NONE', #9758, .T. ) ;
#9602 = EDGE_LOOP ( 'NONE', ( #6839, #4787, #6564, #9349, #5650, #7777 ) ) ;
#9603 = DIRECTION ( 'NONE',  ( 0.5019378298181175202, 0.000000000000000000, -0.8649037027308175141 ) ) ;
#9604 = CARTESIAN_POINT ( 'NONE',  ( -19.82140438783974901, 76.04543207499334301, 124.4048629210965800 ) ) ;
#9605 = VECTOR ( 'NONE', #9094, 999.9999999999998863 ) ;
#9606 = CARTESIAN_POINT ( 'NONE',  ( -20.34529843985030695, 103.0072466545883856, 131.7000000000005286 ) ) ;
#9607 = VERTEX_POINT ( 'NONE', #8312 ) ;
#9608 = EDGE_CURVE ( 'NONE', #5962, #834, #352, .T. ) ;
#9609 = ORIENTED_EDGE ( 'NONE', *, *, #9494, .F. ) ;
#9610 = CARTESIAN_POINT ( 'NONE',  ( 3.827248611387671584, 78.45504260557461862, 139.8611624826889965 ) ) ;
#9611 = FACE_BOUND ( 'NONE', #5948, .T. ) ;
#9612 = CARTESIAN_POINT ( 'NONE',  ( 11.95895714047458469, 54.54777357455753872, 125.3534062775982250 ) ) ;
#9613 = DIRECTION ( 'NONE',  ( 0.1013672451882219883, -0.9948490747861964412, 1.075499326746823620E-17 ) ) ;
#9614 = ORIENTED_EDGE ( 'NONE', *, *, #7431, .F. ) ;
#9615 = DIRECTION ( 'NONE',  ( 0.1013672451882219883, -0.9948490747861964412, 1.075499326746823620E-17 ) ) ;
#9616 = CYLINDRICAL_SURFACE ( 'NONE', #559, 1.549999999999999378 ) ;
#9617 = DIRECTION ( 'NONE',  ( 0.8615645716962891942, 0.08778660944464597438, 0.5000000000000029976 ) ) ;
#9618 = DIRECTION ( 'NONE',  ( -0.5019378298181174092, 0.000000000000000000, 0.8649037027308177361 ) ) ;
#9619 = VERTEX_POINT ( 'NONE', #5550 ) ;
#9620 = DIRECTION ( 'NONE',  ( -0.9948490747861963301, -0.1013672451882219605, -3.497202527569243497E-15 ) ) ;
#9621 = CARTESIAN_POINT ( 'NONE',  ( -18.27743781271769308, 46.09479355143887602, 142.9925363943893615 ) ) ;
#9622 = EDGE_CURVE ( 'NONE', #8616, #7009, #8177, .T. ) ;
#9623 = DIRECTION ( 'NONE',  ( -0.1013672451882222103, 0.9948490747861963301, -3.886951625497315847E-16 ) ) ;
#9624 = DIRECTION ( 'NONE',  ( 0.5019378298181175202, 0.000000000000000000, -0.8649037027308175141 ) ) ;
#9625 = VERTEX_POINT ( 'NONE', #2821 ) ;
#9626 = CARTESIAN_POINT ( 'NONE',  ( 4.822097686173877129, 78.55640985076284721, 142.9925363943894467 ) ) ;
#9627 = EDGE_LOOP ( 'NONE', ( #4114, #6680 ) ) ;
#9628 = CARTESIAN_POINT ( 'NONE',  ( 3.364794073075939806, 2.741500067716508671, 150.0500000000005230 ) ) ;
#9629 = CARTESIAN_POINT ( 'NONE',  ( 0.6054737363219240276, 105.1419644865580665, 119.5414382018272477 ) ) ;
#9630 = EDGE_CURVE ( 'NONE', #11110, #8437, #3576, .T. ) ;
#9631 = VECTOR ( 'NONE', #8001, 999.9999999999998863 ) ;
#9632 = ORIENTED_EDGE ( 'NONE', *, *, #4750, .F. ) ;
#9633 = CARTESIAN_POINT ( 'NONE',  ( -23.25483766646536310, -2.369483865736618622, 88.77148351815341698 ) ) ;
#9634 = ORIENTED_EDGE ( 'NONE', *, *, #5832, .T. ) ;
#9635 = CARTESIAN_POINT ( 'NONE',  ( -0.5219709969937098570, 47.90393506220284081, 128.4022622365814641 ) ) ;
#9636 = ORIENTED_EDGE ( 'NONE', *, *, #6993, .T. ) ;
#9637 = CARTESIAN_POINT ( 'NONE',  ( 2.673334363454540341, 48.22951138340856403, 135.6973993154853702 ) ) ;
#9638 = ORIENTED_EDGE ( 'NONE', *, *, #5991, .F. ) ;
#9639 = PLANE ( 'NONE',  #8649 ) ;
#9640 = EDGE_LOOP ( 'NONE', ( #1703, #3769, #5341, #700 ) ) ;
#9641 = VERTEX_POINT ( 'NONE', #9979 ) ;
#9642 = LINE ( 'NONE', #877, #5186 ) ;
#9643 = EDGE_CURVE ( 'NONE', #8005, #4883, #1959, .T. ) ;
#9644 = DIRECTION ( 'NONE',  ( 0.9948490747861964412, 0.1013672451882218634, 3.497202527569243497E-15 ) ) ;
#9645 = VECTOR ( 'NONE', #7726, 999.9999999999998863 ) ;
#9646 = FACE_OUTER_BOUND ( 'NONE', #733, .T. ) ;
#9647 = DIRECTION ( 'NONE',  ( -0.8615645716962926359, -0.08778660944464630744, 0.4999999999999969469 ) ) ;
#9648 = ORIENTED_EDGE ( 'NONE', *, *, #4332, .F. ) ;
#9649 = DIRECTION ( 'NONE',  ( -0.8615645716962893053, -0.08778660944464596050, -0.5000000000000027756 ) ) ;
#9650 =( BOUNDED_CURVE ( )  B_SPLINE_CURVE ( 3, ( #1910, #10686, #6322, #9063 ),
 .UNSPECIFIED., .F., .T. ) 
 B_SPLINE_CURVE_WITH_KNOTS ( ( 4, 4 ),
 ( 2.049358946432084704E-15, 1.570796326794896558 ),
 .UNSPECIFIED. ) 
 CURVE ( )  GEOMETRIC_REPRESENTATION_ITEM ( )  RATIONAL_B_SPLINE_CURVE ( ( 1.000000000000000000, 0.8047378541243654926, 0.8047378541243654926, 1.000000000000000000 ) ) 
 REPRESENTATION_ITEM ( '' )  );
#9651 = ORIENTED_EDGE ( 'NONE', *, *, #1728, .F. ) ;
#9652 = ORIENTED_EDGE ( 'NONE', *, *, #3946, .T. ) ;
#9653 = VECTOR ( 'NONE', #10447, 1000.000000000000114 ) ;
#9654 = ORIENTED_EDGE ( 'NONE', *, *, #10504, .F. ) ;
#9655 = ADVANCED_FACE ( 'NONE', ( #7244 ), #7301, .T. ) ;
#9656 = DIRECTION ( 'NONE',  ( 0.000000000000000000, 1.000000000000000000, 0.000000000000000000 ) ) ;
#9657 = EDGE_LOOP ( 'NONE', ( #11024, #1851, #1936, #3834 ) ) ;
#9658 = LINE ( 'NONE', #1697, #1773 ) ;
#9659 = EDGE_CURVE ( 'NONE', #6087, #251, #6310, .T. ) ;
#9660 = DIRECTION ( 'NONE',  ( -6.903152180341683286E-18, -7.033765596924228832E-19, 1.000000000000000000 ) ) ;
#9661 = CYLINDRICAL_SURFACE ( 'NONE', #8869, 1.000000000000000888 ) ;
#9662 = CARTESIAN_POINT ( 'NONE',  ( -2.014244609173005518, 47.75188419442051924, 134.1317123596352019 ) ) ;
#9663 = EDGE_LOOP ( 'NONE', ( #3986, #1552, #4196, #6267 ) ) ;
#9664 = ORIENTED_EDGE ( 'NONE', *, *, #5912, .F. ) ;
#9665 = CARTESIAN_POINT ( 'NONE',  ( -5.261243574336011974, 23.27084561683632913, 156.7000000000005002 ) ) ;
#9666 = FACE_BOUND ( 'NONE', #1893, .T. ) ;
#9667 = LINE ( 'NONE', #3504, #1361 ) ;
#9668 = CARTESIAN_POINT ( 'NONE',  ( -11.93852005476391476, 76.84863558518709681, 125.2708883248809855 ) ) ;
#9669 = VECTOR ( 'NONE', #2572, 1000.000000000000114 ) ;
#9670 = ORIENTED_EDGE ( 'NONE', *, *, #1086, .T. ) ;
#9671 = LINE ( 'NONE', #6935, #8370 ) ;
#9672 = EDGE_CURVE ( 'NONE', #5741, #9397, #919, .T. ) ;
#9673 = ADVANCED_FACE ( 'NONE', ( #1093, #2018, #9110, #9805, #1145, #6254 ), #4682, .F. ) ;
#9674 = CARTESIAN_POINT ( 'NONE',  ( 17.57061150527305671, 50.75260358733005006, 155.7000000000005002 ) ) ;
#9675 = CARTESIAN_POINT ( 'NONE',  ( 3.668183438240733896, 48.33087862859674999, 121.1071251576774870 ) ) ;
#9676 = EDGE_CURVE ( 'NONE', #5503, #9149, #9916, .T. ) ;
#9677 = CARTESIAN_POINT ( 'NONE',  ( -14.16544585504347076, 103.6369247113587591, 124.4048629210965657 ) ) ;
#9678 = EDGE_CURVE ( 'NONE', #8702, #4243, #6101, .T. ) ;
#9679 = VERTEX_POINT ( 'NONE', #5377 ) ;
#9680 = LINE ( 'NONE', #5309, #2643 ) ;
#9681 = LINE ( 'NONE', #10423, #8970 ) ;
#9682 = CARTESIAN_POINT ( 'NONE',  ( -8.902279867462603136, 47.05004792941496561, 134.9977377634196216 ) ) ;
#9683 = CARTESIAN_POINT ( 'NONE',  ( -21.16982872352011569, 45.80008181468772221, 105.4200000000005701 ) ) ;
#9684 = EDGE_LOOP ( 'NONE', ( #9769, #6929, #6640, #5067, #5623, #2024 ) ) ;
#9685 = FACE_OUTER_BOUND ( 'NONE', #2600, .T. ) ;
#9686 = ORIENTED_EDGE ( 'NONE', *, *, #2916, .F. ) ;
#9687 = LINE ( 'NONE', #2373, #7676 ) ;
#9688 = CARTESIAN_POINT ( 'NONE',  ( -23.04317926290545770, 102.7323539559767624, 120.4074636056116674 ) ) ;
#9689 = DIRECTION ( 'NONE',  ( 3.148927598275349405E-15, 3.100401161182723417E-16, -1.000000000000000000 ) ) ;
#9690 = EDGE_CURVE ( 'NONE', #7675, #61, #217, .T. ) ;
#9691 = EDGE_CURVE ( 'NONE', #3480, #9579, #8930, .T. ) ;
#9692 = EDGE_LOOP ( 'NONE', ( #7309, #1134, #5219, #2586 ) ) ;
#9693 = LINE ( 'NONE', #7129, #5870 ) ;
#9694 = CARTESIAN_POINT ( 'NONE',  ( -14.08728337748324755, 46.52173711783281362, 140.5608240347546882 ) ) ;
#9695 = EDGE_LOOP ( 'NONE', ( #8242, #8308, #3583, #3178, #7803, #1693 ) ) ;
#9696 = CARTESIAN_POINT ( 'NONE',  ( -20.63723239141918597, 69.87092943639925124, 103.0600000000005707 ) ) ;
#9697 = ORIENTED_EDGE ( 'NONE', *, *, #3051, .T. ) ;
#9698 = CARTESIAN_POINT ( 'NONE',  ( 2.097747348501219911, 105.2940153543403881, 133.2656869558507822 ) ) ;
#9699 = ORIENTED_EDGE ( 'NONE', *, *, #5001, .F. ) ;
#9700 = VERTEX_POINT ( 'NONE', #4503 ) ;
#9701 = DIRECTION ( 'NONE',  ( -0.1013672451882209891, 0.9948490747861964412, 0.000000000000000000 ) ) ;
#9702 = EDGE_CURVE ( 'NONE', #9826, #6228, #8991, .T. ) ;
#9703 = LINE ( 'NONE', #7083, #6061 ) ;
#9704 = VECTOR ( 'NONE', #7349, 999.9999999999998863 ) ;
#9705 = CARTESIAN_POINT ( 'NONE',  ( -19.84787390245720928, 103.0579302771824928, 127.7026006845156871 ) ) ;
#9706 = ORIENTED_EDGE ( 'NONE', *, *, #1752, .F. ) ;
#9707 = CYLINDRICAL_SURFACE ( 'NONE', #9734, 1.000000000000000666 ) ;
#9708 = VERTEX_POINT ( 'NONE', #7362 ) ;
#9709 = ORIENTED_EDGE ( 'NONE', *, *, #7025, .T. ) ;
#9710 = ORIENTED_EDGE ( 'NONE', *, *, #8114, .T. ) ;
#9711 = VECTOR ( 'NONE', #2322, 999.9999999999998863 ) ;
#9712 = DIRECTION ( 'NONE',  ( 0.8615645716962927469, 0.08778660944464633520, -0.4999999999999967248 ) ) ;
#9713 = ORIENTED_EDGE ( 'NONE', *, *, #9723, .T. ) ;
#9714 = LINE ( 'NONE', #11460, #651 ) ;
#9715 = VECTOR ( 'NONE', #5766, 999.9999999999998863 ) ;
#9716 = VECTOR ( 'NONE', #6112, 1000.000000000000114 ) ;
#9717 = LINE ( 'NONE', #2914, #10509 ) ;
#9718 = PLANE ( 'NONE',  #9982 ) ;
#9719 = CARTESIAN_POINT ( 'NONE',  ( 6.349743540596019642, 3.045642788675047452, 156.7000000000005002 ) ) ;
#9720 = VECTOR ( 'NONE', #4540, 999.9999999999998863 ) ;
#9721 = ORIENTED_EDGE ( 'NONE', *, *, #3989, .F. ) ;
#9722 = EDGE_LOOP ( 'NONE', ( #3310, #8541, #2234, #6043 ) ) ;
#9723 = EDGE_CURVE ( 'NONE', #9507, #6330, #8056, .T. ) ;
#9724 = CARTESIAN_POINT ( 'NONE',  ( -0.5219709969937098570, 47.90393506220284081, 118.6754127980428279 ) ) ;
#9725 = CARTESIAN_POINT ( 'NONE',  ( 0.2252277916027548565, 9.299913550004461626, 150.0500000000005230 ) ) ;
#9726 = DIRECTION ( 'NONE',  ( 0.1013672451882219883, -0.9948490747861964412, 1.075499326746823620E-17 ) ) ;
#9727 = LINE ( 'NONE', #4311, #6208 ) ;
#9728 = ORIENTED_EDGE ( 'NONE', *, *, #2205, .F. ) ;
#9729 = VECTOR ( 'NONE', #3867, 1000.000000000000114 ) ;
#9730 = DIRECTION ( 'NONE',  ( 0.4974245373931012182, 0.05068362259411096638, -0.8660254037844369313 ) ) ;
#9731 = PLANE ( 'NONE',  #6616 ) ;
#9732 = PLANE ( 'NONE',  #7745 ) ;
#9733 = ORIENTED_EDGE ( 'NONE', *, *, #3591, .F. ) ;
#9734 = AXIS2_PLACEMENT_3D ( 'NONE', #7146, #1863, #10627 ) ;
#9735 = EDGE_CURVE ( 'NONE', #603, #2460, #7787, .T. ) ;
#9736 = DIRECTION ( 'NONE',  ( 0.1013672451882219883, -0.9948490747861964412, 1.075499326746823620E-17 ) ) ;
#9737 = FACE_BOUND ( 'NONE', #5827, .T. ) ;
#9738 = FACE_OUTER_BOUND ( 'NONE', #6215, .T. ) ;
#9739 = ADVANCED_FACE ( 'NONE', ( #10737 ), #2763, .T. ) ;
#9740 = ORIENTED_EDGE ( 'NONE', *, *, #3517, .T. ) ;
#9741 = DIRECTION ( 'NONE',  ( 0.1013672451882220577, -0.9948490747861964412, 8.425943506694160278E-34 ) ) ;
#9742 = EDGE_LOOP ( 'NONE', ( #7452, #8519, #825, #681 ) ) ;
#9743 = LINE ( 'NONE', #4500, #7319 ) ;
#9744 = CARTESIAN_POINT ( 'NONE',  ( -20.34529843985030695, 103.0072466545883856, 141.4268494385391648 ) ) ;
#9745 = VECTOR ( 'NONE', #11412, 1000.000000000000114 ) ;
#9746 = AXIS2_PLACEMENT_3D ( 'NONE', #3407, #9751, #6956 ) ;
#9747 = CARTESIAN_POINT ( 'NONE',  ( -19.84787390245720928, 103.0579302771824928, 121.1071251576774301 ) ) ;
#9748 = VECTOR ( 'NONE', #5969, 999.9999999999998863 ) ;
#9749 = VECTOR ( 'NONE', #9076, 1000.000000000000114 ) ;
#9750 = CARTESIAN_POINT ( 'NONE',  ( -1.516820071779906964, 47.80256781701462643, 139.8611624826889965 ) ) ;
#9751 = DIRECTION ( 'NONE',  ( 3.148927598275349405E-15, 3.100401161182723417E-16, -1.000000000000000000 ) ) ;
#9752 = VECTOR ( 'NONE', #6126, 1000.000000000000000 ) ;
#9753 = ORIENTED_EDGE ( 'NONE', *, *, #7625, .F. ) ;
#9754 = DIRECTION ( 'NONE',  ( -0.4974245373930951675, -0.05068362259411070270, -0.8660254037844403729 ) ) ;
#9755 = ORIENTED_EDGE ( 'NONE', *, *, #6194, .T. ) ;
#9756 = EDGE_CURVE ( 'NONE', #1485, #4067, #5601, .T. ) ;
#9757 = DIRECTION ( 'NONE',  ( 1.000000000000000000, 0.000000000000000000, 0.000000000000000000 ) ) ;
#9758 = EDGE_LOOP ( 'NONE', ( #7922, #1223, #3414, #9217 ) ) ;
#9759 = ORIENTED_EDGE ( 'NONE', *, *, #7262, .F. ) ;
#9760 = DIRECTION ( 'NONE',  ( 0.9948490747861964412, 0.1013672451882218634, 3.497202527569243497E-15 ) ) ;
#9761 = DIRECTION ( 'NONE',  ( 6.903152180341684826E-18, 7.033765596924220165E-19, -1.000000000000000000 ) ) ;
#9762 = VECTOR ( 'NONE', #2470, 999.9999999999998863 ) ;
#9763 = VECTOR ( 'NONE', #7201, 1000.000000000000000 ) ;
#9764 = DIRECTION ( 'NONE',  ( 0.1013672451882219883, -0.9948490747861964412, 1.075499326746823620E-17 ) ) ;
#9765 = ORIENTED_EDGE ( 'NONE', *, *, #1700, .T. ) ;
#9766 = ADVANCED_FACE ( 'NONE', ( #8296 ), #337, .T. ) ;
#9767 = PLANE ( 'NONE',  #9157 ) ;
#9768 = EDGE_CURVE ( 'NONE', #4053, #7316, #4740, .T. ) ;
#9769 = ORIENTED_EDGE ( 'NONE', *, *, #1591, .F. ) ;
#9770 = ORIENTED_EDGE ( 'NONE', *, *, #5495, .T. ) ;
#9771 = VECTOR ( 'NONE', #1482, 999.9999999999998863 ) ;
#9772 = LINE ( 'NONE', #11458, #11063 ) ;
#9773 = EDGE_CURVE ( 'NONE', #9607, #36, #2125, .T. ) ;
#9774 = ORIENTED_EDGE ( 'NONE', *, *, #8959, .F. ) ;
#9775 = DIRECTION ( 'NONE',  ( 0.1013672451882219883, -0.9948490747861964412, 1.075499326746823620E-17 ) ) ;
#9776 = DIRECTION ( 'NONE',  ( 6.903152180341684826E-18, 7.033765596924220165E-19, -1.000000000000000000 ) ) ;
#9777 = VECTOR ( 'NONE', #6671, 1000.000000000000000 ) ;
#9778 = CARTESIAN_POINT ( 'NONE',  ( -10.47271595720211934, 104.0131846551585681, 125.9705498769468051 ) ) ;
#9779 = VECTOR ( 'NONE', #4655, 999.9999999999998863 ) ;
#9780 = EDGE_CURVE ( 'NONE', #6593, #9593, #8719, .T. ) ;
#9781 = ORIENTED_EDGE ( 'NONE', *, *, #4254, .F. ) ;
#9782 = EDGE_LOOP ( 'NONE', ( #8359, #11290, #856, #4319 ) ) ;
#9783 = CARTESIAN_POINT ( 'NONE',  ( 0.2252277916027548565, 9.299913550004461626, 156.7000000000005002 ) ) ;
#9784 = ADVANCED_FACE ( 'NONE', ( #6653 ), #3155, .T. ) ;
#9785 = LINE ( 'NONE', #5295, #9168 ) ;
#9786 = CARTESIAN_POINT ( 'NONE',  ( -5.261243574336018192, 23.27084561683632913, 124.9421362689926269 ) ) ;
#9787 = CYLINDRICAL_SURFACE ( 'NONE', #4346, 1.000000000000000888 ) ;
#9788 = ORIENTED_EDGE ( 'NONE', *, *, #10547, .T. ) ;
#9789 = DIRECTION ( 'NONE',  ( 1.000000000000000000, 0.000000000000000000, 0.000000000000000000 ) ) ;
#9790 = CIRCLE ( 'NONE', #6269, 1.049999999999992273 ) ;
#9791 = CARTESIAN_POINT ( 'NONE',  ( -3.558211184295022367, 77.70252271797498622, 138.1291116751201287 ) ) ;
#9792 = PLANE ( 'NONE',  #5302 ) ;
#9793 = DIRECTION ( 'NONE',  ( -0.8615645716962893053, -0.08778660944464596050, -0.5000000000000027756 ) ) ;
#9794 = ORIENTED_EDGE ( 'NONE', *, *, #54, .F. ) ;
#9795 = VECTOR ( 'NONE', #68, 1000.000000000000114 ) ;
#9796 = LINE ( 'NONE', #9151, #11180 ) ;
#9797 = CARTESIAN_POINT ( 'NONE',  ( -1.455630775762134732, -4.627973497002288994, 153.0500000000005230 ) ) ;
#9798 = CARTESIAN_POINT ( 'NONE',  ( 2.673334363454543450, 48.22951138340855692, 140.5608240347546882 ) ) ;
#9799 = FACE_OUTER_BOUND ( 'NONE', #4194, .T. ) ;
#9800 = ORIENTED_EDGE ( 'NONE', *, *, #7369, .T. ) ;
#9801 = CARTESIAN_POINT ( 'NONE',  ( -5.261243574336011974, 23.27084561683632913, 137.8695945436746229 ) ) ;
#9802 = VERTEX_POINT ( 'NONE', #8399 ) ;
#9803 = DIRECTION ( 'NONE',  ( 0.8615645716962891942, 0.08778660944464597438, 0.5000000000000029976 ) ) ;
#9804 = CARTESIAN_POINT ( 'NONE',  ( -72.52066203090690522, 70.67579490476212811, 37.51789647819666840 ) ) ;
#9805 = FACE_BOUND ( 'NONE', #2227, .T. ) ;
#9806 = CARTESIAN_POINT ( 'NONE',  ( -12.22673723405220514, 21.58997644765005575, 114.4538617658604380 ) ) ;
#9807 = EDGE_CURVE ( 'NONE', #10230, #7779, #3103, .T. ) ;
#9808 = EDGE_CURVE ( 'NONE', #1654, #6334, #5772, .T. ) ;
#9809 = CARTESIAN_POINT ( 'NONE',  ( -11.46756503198831467, 103.9118174099703538, 132.5660254037849768 ) ) ;
#9810 = LINE ( 'NONE', #46, #11388 ) ;
#9811 = ORIENTED_EDGE ( 'NONE', *, *, #8294, .F. ) ;
#9812 = CARTESIAN_POINT ( 'NONE',  ( 3.346152073540038074, 48.29806618183346956, 114.4200000000005701 ) ) ;
#9813 = ORIENTED_EDGE ( 'NONE', *, *, #7861, .T. ) ;
#9814 = LINE ( 'NONE', #171, #9763 ) ;
#9815 = ORIENTED_EDGE ( 'NONE', *, *, #5819, .T. ) ;
#9816 = ORIENTED_EDGE ( 'NONE', *, *, #807, .F. ) ;
#9817 = FACE_OUTER_BOUND ( 'NONE', #7842, .T. ) ;
#9818 = ADVANCED_FACE ( 'NONE', ( #1366 ), #560, .F. ) ;
#9819 = LINE ( 'NONE', #1857, #11077 ) ;
#9820 = VECTOR ( 'NONE', #640, 1000.000000000000114 ) ;
#9821 = ADVANCED_FACE ( 'NONE', ( #2183 ), #10305, .T. ) ;
#9822 = DIRECTION ( 'NONE',  ( 0.4974245373931012182, 0.05068362259411096638, -0.8660254037844369313 ) ) ;
#9823 = EDGE_CURVE ( 'NONE', #9243, #528, #7581, .T. ) ;
#9824 = VERTEX_POINT ( 'NONE', #10963 ) ;
#9825 = CARTESIAN_POINT ( 'NONE',  ( 8.288027240088368330, 72.81818441156232780, 99.31000000000055650 ) ) ;
#9826 = VERTEX_POINT ( 'NONE', #6541 ) ;
#9827 = ORIENTED_EDGE ( 'NONE', *, *, #5945, .F. ) ;
#9828 = VERTEX_POINT ( 'NONE', #5829 ) ;
#9829 = FACE_OUTER_BOUND ( 'NONE', #10487, .T. ) ;
#9830 = EDGE_LOOP ( 'NONE', ( #4217, #4306, #3170, #7975 ) ) ;
#9831 = CARTESIAN_POINT ( 'NONE',  ( 2.097747348501223019, 105.2940153543403881, 138.1291116751201002 ) ) ;
#9832 = VECTOR ( 'NONE', #11356, 999.9999999999998863 ) ;
#9833 = CARTESIAN_POINT ( 'NONE',  ( -23.99629577901476551, 48.92252677894889956, 102.7853390348168574 ) ) ;
#9834 = LINE ( 'NONE', #8151, #3287 ) ;
#9835 = EDGE_CURVE ( 'NONE', #5442, #10428, #9382, .T. ) ;
#9836 = CIRCLE ( 'NONE', #10201, 1.550000000000000266 ) ;
#9837 = CARTESIAN_POINT ( 'NONE',  ( -18.85302482767101040, 103.1592975223707072, 137.4294501230542664 ) ) ;
#9838 = ORIENTED_EDGE ( 'NONE', *, *, #4614, .F. ) ;
#9839 = ORIENTED_EDGE ( 'NONE', *, *, #17, .T. ) ;
#9840 = DIRECTION ( 'NONE',  ( -0.5019378298181174092, 0.000000000000000000, 0.8649037027308177361 ) ) ;
#9841 = DIRECTION ( 'NONE',  ( -6.903152180341684056E-18, -7.033765596924220165E-19, 1.000000000000000000 ) ) ;
#9842 = EDGE_LOOP ( 'NONE', ( #5710, #1417, #6563, #9541 ) ) ;
#9843 = ADVANCED_FACE ( 'NONE', ( #4965 ), #7467, .T. ) ;
#9844 = AXIS2_PLACEMENT_3D ( 'NONE', #1567, #5972, #3358 ) ;
#9845 = CARTESIAN_POINT ( 'NONE',  ( -6.028143506410728492, 1.626501356039936397, 156.7000000000005002 ) ) ;
#9846 = VECTOR ( 'NONE', #4446, 1000.000000000000114 ) ;
#9847 = EDGE_CURVE ( 'NONE', #11368, #7202, #931, .T. ) ;
#9848 = DIRECTION ( 'NONE',  ( 1.000000000000000000, 0.000000000000000000, 0.000000000000000000 ) ) ;
#9849 = CARTESIAN_POINT ( 'NONE',  ( 3.329824073994573030, 78.40435898298051143, 138.9951370789045200 ) ) ;
#9850 = VERTEX_POINT ( 'NONE', #1265 ) ;
#9851 = VECTOR ( 'NONE', #6236, 1000.000000000000114 ) ;
#9852 = DIRECTION ( 'NONE',  ( -0.8615645716962926359, -0.08778660944464630744, 0.4999999999999969469 ) ) ;
#9853 = CARTESIAN_POINT ( 'NONE',  ( 8.355762410868278423, 48.80850581758483031, 129.2682876403658838 ) ) ;
#9854 = LINE ( 'NONE', #8169, #5686 ) ;
#9855 = CARTESIAN_POINT ( 'NONE',  ( -18.85302482767101040, 103.1592975223707072, 127.7026006845156445 ) ) ;
#9856 = ORIENTED_EDGE ( 'NONE', *, *, #8969, .T. ) ;
#9857 = DIRECTION ( 'NONE',  ( 0.5019378298181175202, 0.000000000000000000, -0.8649037027308175141 ) ) ;
#9858 = ORIENTED_EDGE ( 'NONE', *, *, #3306, .F. ) ;
#9859 = LINE ( 'NONE', #9160, #10853 ) ;
#9860 = CARTESIAN_POINT ( 'NONE',  ( -8.404855330069507247, 47.10073155200907991, 134.1317123596352019 ) ) ;
#9861 = CARTESIAN_POINT ( 'NONE',  ( 49.32770093196402428, 83.09117850140992800, 33.19552824107285716 ) ) ;
#9862 = DIRECTION ( 'NONE',  ( -0.1013672451882220021, 0.9948490747861964412, -3.081487911019578049E-33 ) ) ;
#9863 = CARTESIAN_POINT ( 'NONE',  ( 6.366064261295886872, 48.60577132720839444, 134.1317123596352019 ) ) ;
#9864 = DIRECTION ( 'NONE',  ( 0.5019378298181115250, 0.000000000000000000, 0.8649037027308210668 ) ) ;
#9865 = CARTESIAN_POINT ( 'NONE',  ( -14.58470791487634521, 46.47105349523869933, 136.5634247192698467 ) ) ;
#9866 = VERTEX_POINT ( 'NONE', #4796 ) ;
#9867 = CARTESIAN_POINT ( 'NONE',  ( 8.355762410868285528, 48.80850581758482321, 143.8585617981738380 ) ) ;
#9868 = ORIENTED_EDGE ( 'NONE', *, *, #3698, .T. ) ;
#9869 = CARTESIAN_POINT ( 'NONE',  ( -7.748365619529468340, 77.27557915158104151, 130.8339745962161373 ) ) ;
#9870 = VERTEX_POINT ( 'NONE', #8348 ) ;
#9871 = CARTESIAN_POINT ( 'NONE',  ( 0.6054737363219274693, 105.1419644865580523, 138.9951370789045200 ) ) ;
#9872 = DIRECTION ( 'NONE',  ( -0.4974245373930951675, -0.05068362259411070270, -0.8660254037844403729 ) ) ;
#9873 = AXIS2_PLACEMENT_3D ( 'NONE', #1532, #721, #5127 ) ;
#9874 = EDGE_CURVE ( 'NONE', #10442, #426, #391, .T. ) ;
#9875 = DIRECTION ( 'NONE',  ( -0.9948490747861963301, -0.1013672451882219605, -3.497202527569243497E-15 ) ) ;
#9876 = ORIENTED_EDGE ( 'NONE', *, *, #5865, .T. ) ;
#9877 = DIRECTION ( 'NONE',  ( 0.9948490747861964412, 0.1013672451882218634, 3.497202527569243497E-15 ) ) ;
#9878 = VERTEX_POINT ( 'NONE', #5721 ) ;
#9879 = ADVANCED_FACE ( 'NONE', ( #9276 ), #1315, .F. ) ;
#9880 = ORIENTED_EDGE ( 'NONE', *, *, #8238, .T. ) ;
#9881 = ADVANCED_FACE ( 'NONE', ( #6117 ), #11300, .T. ) ;
#9882 = ORIENTED_EDGE ( 'NONE', *, *, #5619, .T. ) ;
#9883 = DIRECTION ( 'NONE',  ( 0.1013672451882219883, -0.9948490747861964412, 1.075499326746823620E-17 ) ) ;
#9884 = ORIENTED_EDGE ( 'NONE', *, *, #626, .T. ) ;
#9885 = DIRECTION ( 'NONE',  ( 6.903152180341684826E-18, 7.033765596924220165E-19, -1.000000000000000000 ) ) ;
#9886 = CARTESIAN_POINT ( 'NONE',  ( -5.050484796474313143, 77.55047185019263623, 143.8585617981738380 ) ) ;
#9887 = DIRECTION ( 'NONE',  ( -0.8615645716962893053, -0.08778660944464596050, -0.5000000000000027756 ) ) ;
#9888 = CARTESIAN_POINT ( 'NONE',  ( -10.39455347964189791, 46.89799706163263693, 138.9951370789045200 ) ) ;
#9889 = DIRECTION ( 'NONE',  ( 1.000000000000000000, 0.000000000000000000, 3.480278902931750302E-15 ) ) ;
#9890 = ORIENTED_EDGE ( 'NONE', *, *, #7260, .F. ) ;
#9891 = VERTEX_POINT ( 'NONE', #1656 ) ;
#9892 = VECTOR ( 'NONE', #4958, 1000.000000000000000 ) ;
#9893 = LINE ( 'NONE', #1937, #4732 ) ;
#9894 = FACE_BOUND ( 'NONE', #9583, .T. ) ;
#9895 = EDGE_CURVE ( 'NONE', #9708, #8067, #8567, .T. ) ;
#9896 = AXIS2_PLACEMENT_3D ( 'NONE', #8168, #3567, #1137 ) ;
#9897 = ORIENTED_EDGE ( 'NONE', *, *, #1747, .F. ) ;
#9898 = CARTESIAN_POINT ( 'NONE',  ( 0.000000000000000000, 0.000000000000000000, 0.000000000000000000 ) ) ;
#9899 = AXIS2_PLACEMENT_3D ( 'NONE', #10471, #8860, #2507 ) ;
#9900 = CARTESIAN_POINT ( 'NONE',  ( -23.41540439817485364, 67.83884668537635321, 100.0372883279489429 ) ) ;
#9901 = CARTESIAN_POINT ( 'NONE',  ( -11.32982293053180989, 22.65250542118818089, 115.4200000000005844 ) ) ;
#9902 = LINE ( 'NONE', #2861, #6812 ) ;
#9903 = ORIENTED_EDGE ( 'NONE', *, *, #1177, .T. ) ;
#9904 = VECTOR ( 'NONE', #7657, 999.9999999999998863 ) ;
#9905 = LINE ( 'NONE', #5418, #7300 ) ;
#9906 = EDGE_CURVE ( 'NONE', #908, #3425, #7041, .T. ) ;
#9907 = FACE_BOUND ( 'NONE', #7951, .T. ) ;
#9908 = ADVANCED_FACE ( 'NONE', ( #10540 ), #9616, .F. ) ;
#9909 = DIRECTION ( 'NONE',  ( 1.000000000000000000, 0.000000000000000000, 3.480278902931750302E-15 ) ) ;
#9910 = CARTESIAN_POINT ( 'NONE',  ( -9.897128942248800243, 46.94868068422675123, 118.6754127980427853 ) ) ;
#9911 = ORIENTED_EDGE ( 'NONE', *, *, #4147, .T. ) ;
#9912 = LINE ( 'NONE', #1839, #10670 ) ;
#9913 = ORIENTED_EDGE ( 'NONE', *, *, #113, .T. ) ;
#9914 = DIRECTION ( 'NONE',  ( 0.9948490747861964412, 0.1013672451882218634, 3.497202527569243497E-15 ) ) ;
#9915 = DIRECTION ( 'NONE',  ( -0.9948490747861963301, -0.1013672451882219466, 1.214431771098593503E-16 ) ) ;
#9916 = LINE ( 'NONE', #9861, #11117 ) ;
#9917 = DIRECTION ( 'NONE',  ( -0.8615645716962926359, -0.08778660944464630744, 0.4999999999999969469 ) ) ;
#9918 = DIRECTION ( 'NONE',  ( -0.4974245373931011072, -0.05068362259411127169, 0.8660254037844369313 ) ) ;
#9919 = VECTOR ( 'NONE', #6482, 999.9999999999998863 ) ;
#9920 = DIRECTION ( 'NONE',  ( -6.903152180341684056E-18, -7.033765596924220165E-19, 1.000000000000000000 ) ) ;
#9921 = CARTESIAN_POINT ( 'NONE',  ( -6.282561521967672924, 104.4401282215525129, 125.2708883248809855 ) ) ;
#9922 = ADVANCED_FACE ( 'NONE', ( #610 ), #5188, .F. ) ;
#9923 = VECTOR ( 'NONE', #2924, 999.9999999999998863 ) ;
#9924 = VERTEX_POINT ( 'NONE', #2573 ) ;
#9925 = DIRECTION ( 'NONE',  ( 6.903152180341683286E-18, 7.033765596924218239E-19, -1.000000000000000000 ) ) ;
#9926 = ORIENTED_EDGE ( 'NONE', *, *, #10023, .F. ) ;
#9927 = LINE ( 'NONE', #1212, #4751 ) ;
#9928 = EDGE_CURVE ( 'NONE', #3884, #7871, #1713, .T. ) ;
#9929 = AXIS2_PLACEMENT_3D ( 'NONE', #6362, #2936, #3688 ) ;
#9930 = ORIENTED_EDGE ( 'NONE', *, *, #10248, .F. ) ;
#9931 = CARTESIAN_POINT ( 'NONE',  ( -2.014244609173005518, 47.75188419442051924, 124.4048629210965657 ) ) ;
#9932 = PLANE ( 'NONE',  #1406 ) ;
#9933 = AXIS2_PLACEMENT_3D ( 'NONE', #186, #10762, #8202 ) ;
#9934 = LINE ( 'NONE', #10868, #11303 ) ;
#9935 = VECTOR ( 'NONE', #6023, 1000.000000000000000 ) ;
#9936 = ORIENTED_EDGE ( 'NONE', *, *, #7961, .T. ) ;
#9937 = DIRECTION ( 'NONE',  ( 0.1013672451882219883, -0.9948490747861964412, 1.075499326746823620E-17 ) ) ;
#9938 = VERTEX_POINT ( 'NONE', #7688 ) ;
#9939 = EDGE_LOOP ( 'NONE', ( #8495, #9781, #1683, #3404 ) ) ;
#9940 = LINE ( 'NONE', #4650, #7915 ) ;
#9941 = VERTEX_POINT ( 'NONE', #5133 ) ;
#9942 = DIRECTION ( 'NONE',  ( -0.5019378298181113029, 0.000000000000000000, -0.8649037027308211778 ) ) ;
#9943 = CARTESIAN_POINT ( 'NONE',  ( -8.404855330069507247, 47.10073155200907991, 138.9951370789045200 ) ) ;
#9944 = VECTOR ( 'NONE', #351, 1000.000000000000000 ) ;
#9945 = VECTOR ( 'NONE', #329, 999.9999999999998863 ) ;
#9946 = VECTOR ( 'NONE', #753, 1000.000000000000000 ) ;
#9947 = CARTESIAN_POINT ( 'NONE',  ( -3.043908266419358633, 40.96971882876031401, 115.4200000000005844 ) ) ;
#9948 = EDGE_CURVE ( 'NONE', #4892, #110, #8800, .T. ) ;
#9949 = EDGE_CURVE ( 'NONE', #7761, #3712, #8691, .T. ) ;
#9950 = CYLINDRICAL_SURFACE ( 'NONE', #2728, 1.550000000000000266 ) ;
#9951 = VECTOR ( 'NONE', #3099, 999.9999999999998863 ) ;
#9952 = EDGE_CURVE ( 'NONE', #4926, #10981, #3509, .T. ) ;
#9953 = AXIS2_PLACEMENT_3D ( 'NONE', #7934, #9556, #8748 ) ;
#9954 = CARTESIAN_POINT ( 'NONE',  ( 3.668183438240737448, 48.33087862859677841, 130.8339745962161373 ) ) ;
#9955 = EDGE_LOOP ( 'NONE', ( #11131, #1878, #3554, #11459 ) ) ;
#9956 = ORIENTED_EDGE ( 'NONE', *, *, #8958, .T. ) ;
#9957 = AXIS2_PLACEMENT_3D ( 'NONE', #1869, #7271, #2908 ) ;
#9958 = DIRECTION ( 'NONE',  ( 6.903152180341684826E-18, 7.033765596924220165E-19, -1.000000000000000000 ) ) ;
#9959 = CARTESIAN_POINT ( 'NONE',  ( 10.47249137389455065, 51.37918684991980456, 99.31000000000057071 ) ) ;
#9960 = VECTOR ( 'NONE', #5312, 999.9999999999998863 ) ;
#9961 = LINE ( 'NONE', #1771, #11310 ) ;
#9962 = VECTOR ( 'NONE', #4047, 1000.000000000000000 ) ;
#9963 = DIRECTION ( 'NONE',  ( -3.480278902931750302E-15, -3.438021909835086216E-16, 1.000000000000000000 ) ) ;
#9964 = VECTOR ( 'NONE', #3960, 1000.000000000000114 ) ;
#9965 = CARTESIAN_POINT ( 'NONE',  ( -1.905525743963849328, 39.66240502170590077, 147.5549971487206165 ) ) ;
#9966 = ADVANCED_FACE ( 'NONE', ( #4314 ), #844, .T. ) ;
#9967 = ORIENTED_EDGE ( 'NONE', *, *, #10701, .T. ) ;
#9968 = EDGE_CURVE ( 'NONE', #3343, #8208, #7932, .T. ) ;
#9969 = ORIENTED_EDGE ( 'NONE', *, *, #10965, .T. ) ;
#9970 = CARTESIAN_POINT ( 'NONE',  ( 4.239633903138011917, 49.39428250180789348, 156.7000000000005002 ) ) ;
#9971 = FACE_BOUND ( 'NONE', #3455, .T. ) ;
#9972 = FACE_OUTER_BOUND ( 'NONE', #8765, .T. ) ;
#9973 = CARTESIAN_POINT ( 'NONE',  ( -16.15514400461585964, 103.4341902209823161, 119.5414382018272477 ) ) ;
#9974 = ORIENTED_EDGE ( 'NONE', *, *, #7782, .F. ) ;
#9975 = CARTESIAN_POINT ( 'NONE',  ( 0.3903844756287534468, 51.62964539385926344, 103.0600000000924439 ) ) ;
#9976 = EDGE_LOOP ( 'NONE', ( #5262, #3866, #10944, #6127 ) ) ;
#9977 = LINE ( 'NONE', #6539, #6940 ) ;
#9978 = DIRECTION ( 'NONE',  ( 0.8615645716962891942, 0.08778660944464597438, 0.5000000000000029976 ) ) ;
#9979 = CARTESIAN_POINT ( 'NONE',  ( -11.32982293053181166, 22.65250542118818089, 146.7000000000005002 ) ) ;
#9980 = CARTESIAN_POINT ( 'NONE',  ( -11.46756503198831645, 103.9118174099703538, 122.8391759652463833 ) ) ;
#9981 = CARTESIAN_POINT ( 'NONE',  ( -23.69923268488031454, 70.62442409652892650, 105.4200000000005559 ) ) ;
#9982 = AXIS2_PLACEMENT_3D ( 'NONE', #9606, #717, #2445 ) ;
#9983 = EDGE_CURVE ( 'NONE', #5559, #6973, #5890, .T. ) ;
#9984 = DIRECTION ( 'NONE',  ( 0.4974245373931012182, 0.05068362259411096638, -0.8660254037844369313 ) ) ;
#9985 = CARTESIAN_POINT ( 'NONE',  ( 1.102898273715022581, 105.1926481091521737, 133.2656869558507253 ) ) ;
#9986 = EDGE_LOOP ( 'NONE', ( #6291, #3349, #3017, #6381, #2052, #6299 ) ) ;
#9987 = DIRECTION ( 'NONE',  ( 3.148927598275349405E-15, 3.100401161182723417E-16, -1.000000000000000000 ) ) ;
#9988 = VERTEX_POINT ( 'NONE', #2513 ) ;
#9989 = CARTESIAN_POINT ( 'NONE',  ( -17.28258873793149419, 46.19616079662709041, 139.8611624826889397 ) ) ;
#9990 = ORIENTED_EDGE ( 'NONE', *, *, #5632, .F. ) ;
#9991 = LINE ( 'NONE', #2029, #1311 ) ;
#9992 = EDGE_CURVE ( 'NONE', #61, #3261, #2398, .T. ) ;
#9993 = LINE ( 'NONE', #1911, #3631 ) ;
#9994 = ADVANCED_FACE ( 'NONE', ( #9497 ), #7756, .F. ) ;
#9995 = DIRECTION ( 'NONE',  ( 6.903152180341685597E-18, 7.033765596924229795E-19, -1.000000000000000000 ) ) ;
#9996 = VERTEX_POINT ( 'NONE', #2455 ) ;
#9997 = LINE ( 'NONE', #8141, #3651 ) ;
#9998 = ORIENTED_EDGE ( 'NONE', *, *, #11105, .F. ) ;
#9999 = ORIENTED_EDGE ( 'NONE', *, *, #9440, .T. ) ;
#10000 = EDGE_CURVE ( 'NONE', #10428, #11420, #727, .T. ) ;
#10001 = ORIENTED_EDGE ( 'NONE', *, *, #442, .T. ) ;
#10002 = DIRECTION ( 'NONE',  ( 0.9948490747861964412, 0.1013672451882218634, 3.497202527569243497E-15 ) ) ;
#10003 = EDGE_LOOP ( 'NONE', ( #11245, #890, #7797, #9526, #9395, #3289 ) ) ;
#10004 = CARTESIAN_POINT ( 'NONE',  ( -4.553060259081216365, 77.60115547278675763, 130.1343130441503604 ) ) ;
#10005 = CARTESIAN_POINT ( 'NONE',  ( 2.175909826061444896, 48.17882776081444973, 141.4268494385391648 ) ) ;
#10006 = DIRECTION ( 'NONE',  ( -3.480278902931750302E-15, -3.438021909835086216E-16, 1.000000000000000000 ) ) ;
#10007 = DIRECTION ( 'NONE',  ( -3.480278902931750302E-15, -3.438021909835086216E-16, 1.000000000000000000 ) ) ;
#10008 = PLANE ( 'NONE',  #10281 ) ;
#10009 = ORIENTED_EDGE ( 'NONE', *, *, #7463, .T. ) ;
#10010 = EDGE_CURVE ( 'NONE', #4646, #11348, #4608, .T. ) ;
#10011 = EDGE_LOOP ( 'NONE', ( #9903, #5041, #8109, #2437 ) ) ;
#10012 = VECTOR ( 'NONE', #8433, 1000.000000000000000 ) ;
#10013 = EDGE_LOOP ( 'NONE', ( #4952, #9721 ) ) ;
#10014 = CARTESIAN_POINT ( 'NONE',  ( -6.204399044407451491, 47.32494062802657453, 136.5634247192698467 ) ) ;
#10015 = DIRECTION ( 'NONE',  ( 0.1013672451882219883, -0.9948490747861964412, 1.075499326746823620E-17 ) ) ;
#10016 = AXIS2_PLACEMENT_3D ( 'NONE', #9163, #9223, #3974 ) ;
#10017 = CARTESIAN_POINT ( 'NONE',  ( -1.958098111848665779, 40.17836628170073254, 146.7000000000005002 ) ) ;
#10018 = ORIENTED_EDGE ( 'NONE', *, *, #10569, .T. ) ;
#10019 = VERTEX_POINT ( 'NONE', #6293 ) ;
#10020 = CARTESIAN_POINT ( 'NONE',  ( -15.65771946722276020, 103.4848738435764233, 139.8611624826889965 ) ) ;
#10021 = FACE_BOUND ( 'NONE', #11103, .T. ) ;
#10022 = CARTESIAN_POINT ( 'NONE',  ( -7.872481210540126284, 77.26293275539438810, 125.2708883248809855 ) ) ;
#10023 = EDGE_CURVE ( 'NONE', #3112, #3954, #1076, .T. ) ;
#10024 = CARTESIAN_POINT ( 'NONE',  ( -13.09243430269706820, 46.62310436302099959, 130.8339745962161373 ) ) ;
#10025 = VECTOR ( 'NONE', #5802, 1000.000000000000000 ) ;
#10027 = ORIENTED_EDGE ( 'NONE', *, *, #1353, .T. ) ;
#10026 = EDGE_CURVE ( 'NONE', #426, #750, #9961, .T. ) ;
#10028 = CARTESIAN_POINT ( 'NONE',  ( -23.69923268488031454, 70.62442409652892650, 105.4200000000005559 ) ) ;
#10029 = ORIENTED_EDGE ( 'NONE', *, *, #2424, .F. ) ;
#10030 = LINE ( 'NONE', #273, #6758 ) ;
#10031 = DIRECTION ( 'NONE',  ( 0.9948490747864294770, 0.1013672451859349011, -1.200647045275744145E-16 ) ) ;
#10032 = EDGE_CURVE ( 'NONE', #2854, #4883, #5472, .T. ) ;
#10033 = CARTESIAN_POINT ( 'NONE',  ( 10.70998192154906015, 49.04838214899450577, 105.4200000000005701 ) ) ;
#10034 = CARTESIAN_POINT ( 'NONE',  ( -8.902279867462603136, 47.05004792941496561, 139.8611624826889397 ) ) ;
#10035 = EDGE_CURVE ( 'NONE', #8538, #819, #6295, .T. ) ;
#10036 = CARTESIAN_POINT ( 'NONE',  ( -23.41540439854119171, 67.83884668897161418, 50.04579744973325006 ) ) ;
#10037 = AXIS2_PLACEMENT_3D ( 'NONE', #2820, #9915, #1957 ) ;
#10038 = CARTESIAN_POINT ( 'NONE',  ( -14.16544585504347076, 103.6369247113587591, 134.1317123596352019 ) ) ;
#10039 = DIRECTION ( 'NONE',  ( 0.8615645716962927469, 0.08778660944464633520, -0.4999999999999967248 ) ) ;
#10040 = ORIENTED_EDGE ( 'NONE', *, *, #5638, .T. ) ;
#10041 = PLANE ( 'NONE',  #3242 ) ;
#10042 = ORIENTED_EDGE ( 'NONE', *, *, #6325, .T. ) ;
#10043 = CARTESIAN_POINT ( 'NONE',  ( -6.204399044407451491, 47.32494062802657453, 126.8365752807312248 ) ) ;
#10044 = ORIENTED_EDGE ( 'NONE', *, *, #3724, .F. ) ;
#10045 = CARTESIAN_POINT ( 'NONE',  ( -2.952947186634854226, 40.07699903651251105, 146.7000000000005002 ) ) ;
#10046 = ADVANCED_FACE ( 'NONE', ( #3733 ), #6237, .F. ) ;
#10047 = CARTESIAN_POINT ( 'NONE',  ( 10.47249137389455065, 51.37918684991980456, 99.31000000000057071 ) ) ;
#10048 = EDGE_CURVE ( 'NONE', #3997, #3124, #10832, .T. ) ;
#10049 = DIRECTION ( 'NONE',  ( 0.1013672451882218634, -0.9948490747861964412, 0.000000000000000000 ) ) ;
#10050 = VERTEX_POINT ( 'NONE', #1129 ) ;
#10051 = CARTESIAN_POINT ( 'NONE',  ( -23.04317926290545770, 102.7323539559767624, 118.6754127980428279 ) ) ;
#10052 = ORIENTED_EDGE ( 'NONE', *, *, #9600, .F. ) ;
#10053 = ORIENTED_EDGE ( 'NONE', *, *, #335, .F. ) ;
#10054 = DIRECTION ( 'NONE',  ( 0.1013672451882219883, -0.9948490747861964412, 1.075499326746823620E-17 ) ) ;
#10055 = EDGE_LOOP ( 'NONE', ( #8339, #11071, #7716, #6181, #6336 ) ) ;
#10056 = DIRECTION ( 'NONE',  ( 0.5019378298181175202, 0.000000000000000000, -0.8649037027308175141 ) ) ;
#10057 = EDGE_CURVE ( 'NONE', #4578, #902, #4667, .T. ) ;
#10058 = ORIENTED_EDGE ( 'NONE', *, *, #3478, .F. ) ;
#10059 = DIRECTION ( 'NONE',  ( -0.4974245373930951675, -0.05068362259411070270, -0.8660254037844403729 ) ) ;
#10060 = CARTESIAN_POINT ( 'NONE',  ( -55.76004428996909468, 72.38356917033786431, 27.79104703965805356 ) ) ;
#10061 = CARTESIAN_POINT ( 'NONE',  ( 3.329824073994576583, 78.40435898298049722, 129.2682876403658838 ) ) ;
#10062 = CYLINDRICAL_SURFACE ( 'NONE', #5148, 1.000000000000000000 ) ;
#10063 = DIRECTION ( 'NONE',  ( -1.000000000000000000, 0.000000000000000000, -3.148927598275349405E-15 ) ) ;
#10064 = VERTEX_POINT ( 'NONE', #7985 ) ;
#10065 = ORIENTED_EDGE ( 'NONE', *, *, #1414, .T. ) ;
#10066 = CARTESIAN_POINT ( 'NONE',  ( -0.2869982004050292690, 23.77768184277744012, 124.2663348996349697 ) ) ;
#10067 = DIRECTION ( 'NONE',  ( -0.4974245373931009961, -0.05068362259411093862, 0.8660254037844370423 ) ) ;
#10068 = DIRECTION ( 'NONE',  ( 0.9948490747861963301, 0.1013672451882219744, 3.164135620181696535E-15 ) ) ;
#10069 = VECTOR ( 'NONE', #8806, 1000.000000000000114 ) ;
#10070 = EDGE_CURVE ( 'NONE', #916, #1209, #958, .T. ) ;
#10071 = ORIENTED_EDGE ( 'NONE', *, *, #9064, .T. ) ;
#10072 = ORIENTED_EDGE ( 'NONE', *, *, #6516, .T. ) ;
#10073 = DIRECTION ( 'NONE',  ( 0.4974245373931009961, 0.05068362259411126475, -0.8660254037844370423 ) ) ;
#10074 = CARTESIAN_POINT ( 'NONE',  ( 6.863488798688985426, 48.65645494980250163, 123.5388375173120892 ) ) ;
#10075 = AXIS2_PLACEMENT_3D ( 'NONE', #9578, #10039, #5382 ) ;
#10076 = DIRECTION ( 'NONE',  ( -8.141667454118532778E-17, -3.990033831470024719E-16, -1.000000000000000000 ) ) ;
#10077 = CARTESIAN_POINT ( 'NONE',  ( -15.65771946722276020, 103.4848738435764233, 138.1291116751200434 ) ) ;
#10078 = EDGE_LOOP ( 'NONE', ( #1865, #5221, #1418, #5789 ) ) ;
#10079 = FACE_OUTER_BOUND ( 'NONE', #11209, .T. ) ;
#10080 = VERTEX_POINT ( 'NONE', #9791 ) ;
#10081 = CARTESIAN_POINT ( 'NONE',  ( -0.6152014920796877728, 2.335970026501090313, 113.3500000000005059 ) ) ;
#10082 = VECTOR ( 'NONE', #630, 999.9999999999998863 ) ;
#10083 = DIRECTION ( 'NONE',  ( 6.903152180341685597E-18, 7.033765596924229795E-19, -1.000000000000000000 ) ) ;
#10084 = CARTESIAN_POINT ( 'NONE',  ( -24.53545287508475425, 102.5803030881944409, 119.5414382018272477 ) ) ;
#10085 = DIRECTION ( 'NONE',  ( 0.9948490747861964412, 0.1013672451882218634, 3.497202527569243497E-15 ) ) ;
#10086 = EDGE_CURVE ( 'NONE', #5674, #7147, #7169, .T. ) ;
#10087 =( BOUNDED_CURVE ( )  B_SPLINE_CURVE ( 3, ( #11380, #107, #7952, #2539 ),
 .UNSPECIFIED., .F., .F. ) 
 B_SPLINE_CURVE_WITH_KNOTS ( ( 4, 4 ),
 ( 3.141592653589793116, 3.243134303201659741 ),
 .UNSPECIFIED. ) 
 CURVE ( )  GEOMETRIC_REPRESENTATION_ITEM ( )  RATIONAL_B_SPLINE_CURVE ( ( 1.000000000000000000, 0.9991409590007871433, 0.9991409590007871433, 1.000000000000000000 ) ) 
 REPRESENTATION_ITEM ( '' )  );
#10088 = EDGE_CURVE ( 'NONE', #810, #3875, #258, .T. ) ;
#10089 = LINE ( 'NONE', #6603, #11374 ) ;
#10090 = DIRECTION ( 'NONE',  ( 0.4974245373931009961, 0.05068362259411126475, -0.8660254037844370423 ) ) ;
#10091 = EDGE_CURVE ( 'NONE', #8481, #4514, #3789, .T. ) ;
#10092 = ORIENTED_EDGE ( 'NONE', *, *, #9377, .T. ) ;
#10093 = CARTESIAN_POINT ( 'NONE',  ( -10.39455347964189791, 46.89799706163263693, 129.2682876403658838 ) ) ;
#10094 = VERTEX_POINT ( 'NONE', #9900 ) ;
#10095 = DIRECTION ( 'NONE',  ( -0.5019378298181113029, 0.000000000000000000, -0.8649037027308211778 ) ) ;
#10096 = VERTEX_POINT ( 'NONE', #2628 ) ;
#10097 = CARTESIAN_POINT ( 'NONE',  ( -65.63262677261727163, 71.37763116976765332, 33.52049716271175583 ) ) ;
#10098 = VECTOR ( 'NONE', #7724, 999.9999999999998863 ) ;
#10099 = CARTESIAN_POINT ( 'NONE',  ( -21.81110253741210769, 75.84269758461690003, 143.8585617981738665 ) ) ;
#10100 = LINE ( 'NONE', #3116, #3693 ) ;
#10101 = EDGE_CURVE ( 'NONE', #9480, #4848, #1884, .T. ) ;
#10102 = ORIENTED_EDGE ( 'NONE', *, *, #2778, .T. ) ;
#10103 = CARTESIAN_POINT ( 'NONE',  ( -18.35560029027791984, 103.2099811449648286, 131.7000000000005286 ) ) ;
#10104 = VERTEX_POINT ( 'NONE', #1831 ) ;
#10105 = VECTOR ( 'NONE', #10693, 1000.000000000000000 ) ;
#10106 = ORIENTED_EDGE ( 'NONE', *, *, #5419, .F. ) ;
#10107 = LINE ( 'NONE', #2678, #620 ) ;
#10108 = VERTEX_POINT ( 'NONE', #81 ) ;
#10109 = FACE_OUTER_BOUND ( 'NONE', #8407, .T. ) ;
#10110 = ORIENTED_EDGE ( 'NONE', *, *, #10866, .F. ) ;
#10111 = DIRECTION ( 'NONE',  ( 0.1013672451882215303, -0.9948490747861964412, 8.425943506694158568E-34 ) ) ;
#10112 = CARTESIAN_POINT ( 'NONE',  ( -3.087256161519422726, 104.7657045427582432, 122.8391759652463833 ) ) ;
#10113 = VECTOR ( 'NONE', #1071, 999.9999999999998863 ) ;
#10114 = AXIS2_PLACEMENT_3D ( 'NONE', #3745, #7296, #212 ) ;
#10115 = VECTOR ( 'NONE', #1735, 999.9999999999998863 ) ;
#10116 = CARTESIAN_POINT ( 'NONE',  ( -20.34529843985030695, 103.0072466545883856, 136.5634247192698467 ) ) ;
#10117 = CARTESIAN_POINT ( 'NONE',  ( -21.31367800001900292, 75.89338120721100722, 118.6754127980427853 ) ) ;
#10118 = VECTOR ( 'NONE', #10470, 1000.000000000000114 ) ;
#10119 = CARTESIAN_POINT ( 'NONE',  ( 6.776430230576962366, 24.49738928361381340, 147.7000000000005002 ) ) ;
#10120 = ORIENTED_EDGE ( 'NONE', *, *, #1268, .F. ) ;
#10121 = EDGE_CURVE ( 'NONE', #2518, #3220, #3619, .T. ) ;
#10122 = ORIENTED_EDGE ( 'NONE', *, *, #11372, .T. ) ;
#10123 = ORIENTED_EDGE ( 'NONE', *, *, #10885, .T. ) ;
#10124 = VECTOR ( 'NONE', #2813, 1000.000000000000114 ) ;
#10125 = CARTESIAN_POINT ( 'NONE',  ( -24.03802833769165659, 102.6309867107885481, 139.8611624826889965 ) ) ;
#10126 = LINE ( 'NONE', #1301, #9222 ) ;
#10127 = VECTOR ( 'NONE', #3653, 999.9999999999998863 ) ;
#10128 = DIRECTION ( 'NONE',  ( 0.1013672451882219883, -0.9948490747861964412, 1.075499326746823620E-17 ) ) ;
#10129 = EDGE_CURVE ( 'NONE', #4130, #4421, #1943, .T. ) ;
#10130 = VECTOR ( 'NONE', #5783, 1000.000000000000000 ) ;
#10131 = EDGE_CURVE ( 'NONE', #3491, #5915, #5413, .T. ) ;
#10132 = EDGE_LOOP ( 'NONE', ( #6037, #10351, #9410, #8053 ) ) ;
#10133 = ORIENTED_EDGE ( 'NONE', *, *, #6256, .T. ) ;
#10134 = CARTESIAN_POINT ( 'NONE',  ( -28.19244593489200312, 46.08971030867185448, 155.7000000000005002 ) ) ;
#10135 = FACE_BOUND ( 'NONE', #7848, .T. ) ;
#10136 = CARTESIAN_POINT ( 'NONE',  ( 10.60861467636081734, 50.04323122378071531, 87.77148351815341698 ) ) ;
#10137 = DIRECTION ( 'NONE',  ( -0.9948490747861963301, -0.1013672451882219605, -3.497202527569243497E-15 ) ) ;
#10138 = ORIENTED_EDGE ( 'NONE', *, *, #5437, .T. ) ;
#10139 = VECTOR ( 'NONE', #392, 1000.000000000000114 ) ;
#10140 = ORIENTED_EDGE ( 'NONE', *, *, #8624, .T. ) ;
#10141 = DIRECTION ( 'NONE',  ( 0.1013672451882219883, -0.9948490747861964412, 1.075499326746823620E-17 ) ) ;
#10142 = VECTOR ( 'NONE', #1873, 1000.000000000000000 ) ;
#10143 = DIRECTION ( 'NONE',  ( -0.4974245373931009961, -0.05068362259411093862, 0.8660254037844370423 ) ) ;
#10144 = DIRECTION ( 'NONE',  ( 0.1013672451882219883, -0.9948490747861964412, 1.075499326746823620E-17 ) ) ;
#10145 = CARTESIAN_POINT ( 'NONE',  ( 1.102898273715022581, 105.1926481091521737, 133.2656869558507253 ) ) ;
#10146 = AXIS2_PLACEMENT_3D ( 'NONE', #2474, #2649, #6196 ) ;
#10147 = AXIS2_PLACEMENT_3D ( 'NONE', #4207, #786, #10597 ) ;
#10148 = DIRECTION ( 'NONE',  ( 0.4974245373930950564, 0.05068362259411089699, 0.8660254037844403729 ) ) ;
#10149 = DIRECTION ( 'NONE',  ( 0.1013672451882219883, -0.9948490747861964412, 1.075499326746823620E-17 ) ) ;
#10150 = VERTEX_POINT ( 'NONE', #5301 ) ;
#10151 = FACE_OUTER_BOUND ( 'NONE', #7815, .T. ) ;
#10152 = ORIENTED_EDGE ( 'NONE', *, *, #2570, .F. ) ;
#10153 = CARTESIAN_POINT ( 'NONE',  ( -14.08728337748324755, 46.52173711783281362, 127.7026006845156871 ) ) ;
#10154 = ORIENTED_EDGE ( 'NONE', *, *, #2294, .F. ) ;
#10155 = LINE ( 'NONE', #459, #3716 ) ;
#10156 = ADVANCED_FACE ( 'NONE', ( #8974 ), #1014, .T. ) ;
#10157 = LINE ( 'NONE', #8361, #9383 ) ;
#10158 = EDGE_CURVE ( 'NONE', #6507, #4053, #1342, .T. ) ;
#10159 = AXIS2_PLACEMENT_3D ( 'NONE', #1122, #7332, #10882 ) ;
#10160 =( BOUNDED_CURVE ( )  B_SPLINE_CURVE ( 3, ( #8654, #696, #4928, #2310 ),
 .UNSPECIFIED., .F., .F. ) 
 B_SPLINE_CURVE_WITH_KNOTS ( ( 4, 4 ),
 ( 3.141592653589793560, 4.610847330772821273 ),
 .UNSPECIFIED. ) 
 CURVE ( )  GEOMETRIC_REPRESENTATION_ITEM ( )  RATIONAL_B_SPLINE_CURVE ( ( 1.000000000000000000, 0.8280537358926922664, 0.8280537358926922664, 1.000000000000000000 ) ) 
 REPRESENTATION_ITEM ( '' )  );
#10161 = DIRECTION ( 'NONE',  ( 0.4974245373931012182, 0.05068362259411096638, -0.8660254037844369313 ) ) ;
#10162 = ORIENTED_EDGE ( 'NONE', *, *, #2002, .F. ) ;
#10163 = DIRECTION ( 'NONE',  ( 1.000000000000000000, 0.000000000000000000, 3.480278902931750302E-15 ) ) ;
#10164 = EDGE_LOOP ( 'NONE', ( #9345, #5924, #643, #2402 ) ) ;
#10165 = DIRECTION ( 'NONE',  ( -0.4974245373931009961, -0.05068362259411093862, 0.8660254037844370423 ) ) ;
#10166 = AXIS2_PLACEMENT_3D ( 'NONE', #6687, #2103, #7500 ) ;
#10167 = CARTESIAN_POINT ( 'NONE',  ( 7.858337873475182533, 48.75782219499071601, 134.9977377634196216 ) ) ;
#10168 = CARTESIAN_POINT ( 'NONE',  ( -5.050484796474314031, 77.55047185019263623, 119.5414382018272477 ) ) ;
#10169 = VERTEX_POINT ( 'NONE', #10276 ) ;
#10170 = CARTESIAN_POINT ( 'NONE',  ( -7.774835134146965032, 104.2880773537701913, 143.8585617981738380 ) ) ;
#10171 = CARTESIAN_POINT ( 'NONE',  ( -8.902279867462603136, 47.05004792941496561, 144.7245872019582293 ) ) ;
#10172 = ADVANCED_FACE ( 'NONE', ( #1570 ), #8662, .T. ) ;
#10173 = ADVANCED_FACE ( 'NONE', ( #10224 ), #4233, .F. ) ;
#10174 = EDGE_CURVE ( 'NONE', #1667, #1244, #9356, .T. ) ;
#10175 = PLANE ( 'NONE',  #5496 ) ;
#10176 = EDGE_CURVE ( 'NONE', #9577, #398, #4006, .T. ) ;
#10177 = DIRECTION ( 'NONE',  ( 0.1013672451882219883, -0.9948490747861964412, 1.075499326746823620E-17 ) ) ;
#10178 = DIRECTION ( 'NONE',  ( 0.8615645716962927469, 0.08778660944464633520, -0.4999999999999967248 ) ) ;
#10179 = VERTEX_POINT ( 'NONE', #304 ) ;
#10180 = ORIENTED_EDGE ( 'NONE', *, *, #6632, .T. ) ;
#10181 = EDGE_LOOP ( 'NONE', ( #10133, #1982, #2132, #7646 ) ) ;
#10182 = CARTESIAN_POINT ( 'NONE',  ( -3.060786646901965558, 77.75320634056907920, 138.9951370789045484 ) ) ;
#10183 = ADVANCED_FACE ( 'NONE', ( #5455 ), #5577, .T. ) ;
#10184 = ORIENTED_EDGE ( 'NONE', *, *, #10767, .T. ) ;
#10185 = CARTESIAN_POINT ( 'NONE',  ( -9.128143506410729913, 1.626501356039936175, 113.3500000000005059 ) ) ;
#10186 = LINE ( 'NONE', #5881, #6819 ) ;
#10187 = VECTOR ( 'NONE', #6036, 999.9999999999998863 ) ;
#10188 = ORIENTED_EDGE ( 'NONE', *, *, #4469, .F. ) ;
#10189 = VERTEX_POINT ( 'NONE', #185 ) ;
#10190 = DIRECTION ( 'NONE',  ( -0.5019378298181174092, 0.000000000000000000, 0.8649037027308177361 ) ) ;
#10191 = LINE ( 'NONE', #10954, #4855 ) ;
#10192 = CARTESIAN_POINT ( 'NONE',  ( -0.6152014920796884390, 2.335970026501086760, 105.4200000000005844 ) ) ;
#10193 = CARTESIAN_POINT ( 'NONE',  ( -5.706974507014352938, 47.37562425062068883, 122.8391759652463833 ) ) ;
#10194 = EDGE_LOOP ( 'NONE', ( #4929, #2194, #4249, #545, #6394, #6588 ) ) ;
#10195 = EDGE_CURVE ( 'NONE', #8938, #11406, #9134, .T. ) ;
#10196 = CARTESIAN_POINT ( 'NONE',  ( -4.214700894835058165, 47.52767511840301040, 131.7000000000005002 ) ) ;
#10197 = VECTOR ( 'NONE', #9033, 999.9999999999998863 ) ;
#10198 = CARTESIAN_POINT ( 'NONE',  ( 53.51785536719843606, 83.51812206780385850, 35.62724060070753040 ) ) ;
#10199 = FACE_OUTER_BOUND ( 'NONE', #5572, .T. ) ;
#10200 = DIRECTION ( 'NONE',  ( -0.4974245373931009961, -0.05068362259411093862, 0.8660254037844370423 ) ) ;
#10201 = AXIS2_PLACEMENT_3D ( 'NONE', #9522, #8773, #11387 ) ;
#10202 = DIRECTION ( 'NONE',  ( -0.5019378298181174092, 0.000000000000000000, 0.8649037027308177361 ) ) ;
#10203 = CARTESIAN_POINT ( 'NONE',  ( -18.35560029027791984, 103.2099811449648286, 136.5634247192698467 ) ) ;
#10204 = DIRECTION ( 'NONE',  ( -0.8615645716962926359, -0.08778660944464630744, 0.4999999999999969469 ) ) ;
#10205 = CARTESIAN_POINT ( 'NONE',  ( -23.96398171568286628, 48.63143028769964360, 102.3324986632859037 ) ) ;
#10206 = VERTEX_POINT ( 'NONE', #10989 ) ;
#10207 = LINE ( 'NONE', #457, #1409 ) ;
#10208 = VERTEX_POINT ( 'NONE', #7445 ) ;
#10209 = FACE_OUTER_BOUND ( 'NONE', #2148, .T. ) ;
#10210 = CARTESIAN_POINT ( 'NONE',  ( -16.78516420053840363, 46.24684441922120470, 134.1317123596352019 ) ) ;
#10211 = VECTOR ( 'NONE', #9221, 1000.000000000000000 ) ;
#10212 = CARTESIAN_POINT ( 'NONE',  ( -9.897128942248800243, 46.94868068422675123, 118.6754127980427853 ) ) ;
#10213 = ORIENTED_EDGE ( 'NONE', *, *, #232, .F. ) ;
#10214 = DIRECTION ( 'NONE',  ( 0.5019378298181115250, 0.000000000000000000, 0.8649037027308210668 ) ) ;
#10215 = ORIENTED_EDGE ( 'NONE', *, *, #7680, .T. ) ;
#10216 = CARTESIAN_POINT ( 'NONE',  ( 7.858337873475186086, 48.75782219499070891, 139.8611624826889397 ) ) ;
#10217 = ORIENTED_EDGE ( 'NONE', *, *, #5245, .F. ) ;
#10218 = CARTESIAN_POINT ( 'NONE',  ( -0.6152014920796877728, 2.335970026501090313, 113.3500000000005059 ) ) ;
#10219 = DIRECTION ( 'NONE',  ( -0.5019378298181174092, 0.000000000000000000, 0.8649037027308177361 ) ) ;
#10220 = ORIENTED_EDGE ( 'NONE', *, *, #5290, .F. ) ;
#10221 = DIRECTION ( 'NONE',  ( 0.1013672451882209891, -0.9948490747861964412, 5.020922815613633229E-23 ) ) ;
#10222 = LINE ( 'NONE', #4936, #8059 ) ;
#10223 = EDGE_CURVE ( 'NONE', #9464, #1654, #1168, .T. ) ;
#10224 = FACE_OUTER_BOUND ( 'NONE', #7896, .T. ) ;
#10225 = LINE ( 'NONE', #7499, #2913 ) ;
#10226 = LINE ( 'NONE', #5867, #705 ) ;
#10227 = ADVANCED_FACE ( 'NONE', ( #1060 ), #3840, .T. ) ;
#10228 = ADVANCED_FACE ( 'NONE', ( #4530 ), #242, .T. ) ;
#10229 = CARTESIAN_POINT ( 'NONE',  ( -24.53545287508475425, 102.5803030881944409, 138.9951370789045200 ) ) ;
#10230 = VERTEX_POINT ( 'NONE', #6459 ) ;
#10231 = VERTEX_POINT ( 'NONE', #7326 ) ;
#10232 = ORIENTED_EDGE ( 'NONE', *, *, #4597, .F. ) ;
#10233 = LINE ( 'NONE', #2978, #6949 ) ;
#10234 = ORIENTED_EDGE ( 'NONE', *, *, #10581, .T. ) ;
#10235 = FACE_OUTER_BOUND ( 'NONE', #9407, .T. ) ;
#10236 = CARTESIAN_POINT ( 'NONE',  ( -18.45276825761300543, 48.43193187475671380, 103.0600000000005707 ) ) ;
#10237 = VERTEX_POINT ( 'NONE', #10004 ) ;
#10238 = EDGE_CURVE ( 'NONE', #3489, #11264, #3776, .T. ) ;
#10239 = ORIENTED_EDGE ( 'NONE', *, *, #11021, .F. ) ;
#10240 = PLANE ( 'NONE',  #3947 ) ;
#10241 = CARTESIAN_POINT ( 'NONE',  ( 4.165607975633832005, 48.38156225119089271, 126.8365752807312248 ) ) ;
#10242 = CARTESIAN_POINT ( 'NONE',  ( 0.6319432509394257158, 78.12946628436890251, 132.5660254037849484 ) ) ;
#10243 = ORIENTED_EDGE ( 'NONE', *, *, #2867, .T. ) ;
#10244 = DIRECTION ( 'NONE',  ( -8.141667454118532778E-17, -3.990033831470024719E-16, -1.000000000000000000 ) ) ;
#10245 = DIRECTION ( 'NONE',  ( 0.5019378298181175202, 0.000000000000000000, -0.8649037027308175141 ) ) ;
#10246 = CARTESIAN_POINT ( 'NONE',  ( -7.872481210540110297, 77.26293275539438810, 120.4074636056116532 ) ) ;
#10247 = CARTESIAN_POINT ( 'NONE',  ( -4.712125432228155830, 47.47699149580890321, 137.4294501230542664 ) ) ;
#10248 = EDGE_CURVE ( 'NONE', #11059, #7407, #5520, .T. ) ;
#10249 = VERTEX_POINT ( 'NONE', #125 ) ;
#10250 = EDGE_CURVE ( 'NONE', #3931, #1750, #7391, .T. ) ;
#10251 = LINE ( 'NONE', #3049, #7304 ) ;
#10252 = DIRECTION ( 'NONE',  ( 0.8615645716962891942, 0.08778660944464597438, 0.5000000000000029976 ) ) ;
#10253 = EDGE_CURVE ( 'NONE', #5811, #133, #8201, .T. ) ;
#10254 = EDGE_LOOP ( 'NONE', ( #8963, #4277, #9890, #1838 ) ) ;
#10255 = CARTESIAN_POINT ( 'NONE',  ( 7.899743540596020352, 3.045642788675047452, 150.0500000000005230 ) ) ;
#10256 = EDGE_LOOP ( 'NONE', ( #282, #7964, #11349, #5717 ) ) ;
#10257 = VECTOR ( 'NONE', #1662, 1000.000000000000114 ) ;
#10258 = CARTESIAN_POINT ( 'NONE',  ( -13.76525201278253618, 46.55454956459605853, 114.4200000000005701 ) ) ;
#10259 = ORIENTED_EDGE ( 'NONE', *, *, #1608, .F. ) ;
#10260 = CYLINDRICAL_SURFACE ( 'NONE', #10395, 9.599999999999997868 ) ;
#10261 = VECTOR ( 'NONE', #3611, 1000.000000000000114 ) ;
#10262 = DIRECTION ( 'NONE',  ( 0.05054690820270437562, -0.4960827806397375417, -0.8668026792897525201 ) ) ;
#10263 = EDGE_CURVE ( 'NONE', #7513, #3520, #9190, .T. ) ;
#10264 = EDGE_LOOP ( 'NONE', ( #9505, #1909, #204, #8501 ) ) ;
#10265 = EDGE_CURVE ( 'NONE', #6676, #2542, #3018, .T. ) ;
#10266 = FACE_OUTER_BOUND ( 'NONE', #3307, .T. ) ;
#10267 = ORIENTED_EDGE ( 'NONE', *, *, #3375, .T. ) ;
#10268 = EDGE_LOOP ( 'NONE', ( #942, #7337, #11286, #4401, #1103, #1125, #6286, #6971, #3731, #7398 ) ) ;
#10269 = LINE ( 'NONE', #6843, #6927 ) ;
#10270 = EDGE_LOOP ( 'NONE', ( #8438, #10754, #6019, #4178, #483, #1226 ) ) ;
#10271 = LINE ( 'NONE', #11269, #4171 ) ;
#10272 = CARTESIAN_POINT ( 'NONE',  ( 2.097747348501219911, 105.2940153543403881, 134.9977377634196216 ) ) ;
#10273 = ORIENTED_EDGE ( 'NONE', *, *, #10707, .T. ) ;
#10274 = CARTESIAN_POINT ( 'NONE',  ( -72.52066203090694785, 70.67579490476211390, 37.51789647819669682 ) ) ;
#10275 = LINE ( 'NONE', #8264, #10675 ) ;
#10276 = CARTESIAN_POINT ( 'NONE',  ( 7.858337873475198521, 48.75782219499068049, 138.1291116751201002 ) ) ;
#10277 = ORIENTED_EDGE ( 'NONE', *, *, #6192, .T. ) ;
#10278 = DIRECTION ( 'NONE',  ( -0.9948490747861964412, -0.1013672451882218634, -3.164135620181696535E-15 ) ) ;
#10279 = EDGE_CURVE ( 'NONE', #8769, #8449, #362, .T. ) ;
#10280 = CARTESIAN_POINT ( 'NONE',  ( -21.31367800001900648, 75.89338120721100722, 144.7245872019582862 ) ) ;
#10281 = AXIS2_PLACEMENT_3D ( 'NONE', #10887, #7450, #5702 ) ;
#10282 = CARTESIAN_POINT ( 'NONE',  ( -13.43079366694320420, 76.69658471740476102, 143.8585617981738380 ) ) ;
#10283 = EDGE_CURVE ( 'NONE', #5519, #8330, #3719, .T. ) ;
#10284 = ORIENTED_EDGE ( 'NONE', *, *, #7546, .F. ) ;
#10285 = ORIENTED_EDGE ( 'NONE', *, *, #11167, .T. ) ;
#10286 = VECTOR ( 'NONE', #1181, 999.9999999999998863 ) ;
#10287 = CARTESIAN_POINT ( 'NONE',  ( 4.341001148326234294, 48.39943342702169105, 156.7000000000005002 ) ) ;
#10288 = VECTOR ( 'NONE', #3571, 1000.000000000000114 ) ;
#10289 = EDGE_CURVE ( 'NONE', #5798, #1641, #5933, .T. ) ;
#10290 = ADVANCED_FACE ( 'NONE', ( #8148 ), #7273, .T. ) ;
#10291 = ORIENTED_EDGE ( 'NONE', *, *, #6782, .F. ) ;
#10292 = CARTESIAN_POINT ( 'NONE',  ( -50.96708624929672027, 72.87193365214643848, 25.00950390399049539 ) ) ;
#10293 = VECTOR ( 'NONE', #4229, 999.9999999999998863 ) ;
#10294 = EDGE_CURVE ( 'NONE', #8051, #2181, #10877, .T. ) ;
#10295 = DIRECTION ( 'NONE',  ( 0.4974245373931012182, 0.05068362259411096638, -0.8660254037844369313 ) ) ;
#10296 = VECTOR ( 'NONE', #9775, 999.9999999999998863 ) ;
#10297 = CIRCLE ( 'NONE', #7707, 1.000000000000000222 ) ;
#10298 = ORIENTED_EDGE ( 'NONE', *, *, #4842, .F. ) ;
#10299 = EDGE_LOOP ( 'NONE', ( #3166, #2198, #6785, #6975, #7089, #4835 ) ) ;
#10300 = CARTESIAN_POINT ( 'NONE',  ( 8.355762410868278423, 48.80850581758483031, 119.5414382018272477 ) ) ;
#10301 = DIRECTION ( 'NONE',  ( -0.9948490747861963301, -0.1013672451882219605, -3.497202527569243497E-15 ) ) ;
#10302 = CARTESIAN_POINT ( 'NONE',  ( -57.85512150758635386, 72.17009738714088485, 29.00690321947540085 ) ) ;
#10303 = ORIENTED_EDGE ( 'NONE', *, *, #8915, .F. ) ;
#10304 = DIRECTION ( 'NONE',  ( 0.1013672451882219883, -0.9948490747861964412, 1.075499326746823620E-17 ) ) ;
#10305 = PLANE ( 'NONE',  #1846 ) ;
#10306 = VECTOR ( 'NONE', #1146, 999.9999999999998863 ) ;
#10307 = DIRECTION ( 'NONE',  ( -0.5019378298181113029, 0.000000000000000000, -0.8649037027308211778 ) ) ;
#10308 = EDGE_CURVE ( 'NONE', #10179, #7908, #9416, .T. ) ;
#10309 = AXIS2_PLACEMENT_3D ( 'NONE', #11028, #1377, #4915 ) ;
#10310 = CARTESIAN_POINT ( 'NONE',  ( 0.09436922423786545111, -4.627973497002288994, 156.7000000000005002 ) ) ;
#10311 = EDGE_CURVE ( 'NONE', #603, #3546, #3944, .T. ) ;
#10312 = ORIENTED_EDGE ( 'NONE', *, *, #7586, .F. ) ;
#10313 = AXIS2_PLACEMENT_3D ( 'NONE', #11358, #4206, #2456 ) ;
#10314 = CARTESIAN_POINT ( 'NONE',  ( 5.439911833974385047, 71.47254752389311250, 99.31000000000055650 ) ) ;
#10315 = DIRECTION ( 'NONE',  ( -0.1013672451882220715, 0.9948490747861963301, 2.186253378442639685E-16 ) ) ;
#10316 = DIRECTION ( 'NONE',  ( 0.9948490747861963301, 0.1013672451882219744, 3.164135620181696535E-15 ) ) ;
#10317 = LINE ( 'NONE', #3982, #10671 ) ;
#10318 = ORIENTED_EDGE ( 'NONE', *, *, #4949, .T. ) ;
#10319 = DIRECTION ( 'NONE',  ( 0.1013672451882219883, -0.9948490747861964412, 1.075499326746823620E-17 ) ) ;
#10320 = ORIENTED_EDGE ( 'NONE', *, *, #3762, .T. ) ;
#10321 = FACE_BOUND ( 'NONE', #2174, .T. ) ;
#10322 = EDGE_CURVE ( 'NONE', #3474, #5503, #474, .T. ) ;
#10323 = VECTOR ( 'NONE', #9623, 1000.000000000000000 ) ;
#10324 = DIRECTION ( 'NONE',  ( -0.4974245373930948344, -0.05068362259411087617, -0.8660254037844405950 ) ) ;
#10325 = CIRCLE ( 'NONE', #11070, 1.550000000000000266 ) ;
#10326 = EDGE_CURVE ( 'NONE', #3546, #8226, #7659, .T. ) ;
#10327 = AXIS2_PLACEMENT_3D ( 'NONE', #3948, #9136, #1400 ) ;
#10328 = ORIENTED_EDGE ( 'NONE', *, *, #9440, .F. ) ;
#10329 = CARTESIAN_POINT ( 'NONE',  ( -29.08592776448998407, 44.99349398869743055, 155.7000000000005002 ) ) ;
#10330 = ORIENTED_EDGE ( 'NONE', *, *, #566, .F. ) ;
#10331 = EDGE_LOOP ( 'NONE', ( #1388, #6512, #4295, #389 ) ) ;
#10332 = CARTESIAN_POINT ( 'NONE',  ( 0.09436922423786547887, -4.627973497002288994, 153.0500000000005230 ) ) ;
#10333 = ORIENTED_EDGE ( 'NONE', *, *, #11260, .T. ) ;
#10334 = LINE ( 'NONE', #9350, #290 ) ;
#10335 = LINE ( 'NONE', #4052, #2471 ) ;
#10336 = EDGE_CURVE ( 'NONE', #4497, #8545, #584, .T. ) ;
#10337 = ORIENTED_EDGE ( 'NONE', *, *, #9807, .F. ) ;
#10338 = DIRECTION ( 'NONE',  ( -7.200259541977370321E-12, 7.066434613152416623E-11, -1.000000000000000000 ) ) ;
#10339 = DIRECTION ( 'NONE',  ( 0.9948490747861964412, 0.1013672451882218634, 3.497202527569243497E-15 ) ) ;
#10340 = CIRCLE ( 'NONE', #5323, 0.9999999999999993339 ) ;
#10341 = EDGE_CURVE ( 'NONE', #10756, #9941, #7497, .T. ) ;
#10342 = DIRECTION ( 'NONE',  ( -0.05257236788480732642, 0.5159612599948321110, -0.8549971487201168951 ) ) ;
#10343 = ORIENTED_EDGE ( 'NONE', *, *, #522, .F. ) ;
#10344 = LINE ( 'NONE', #6737, #5696 ) ;
#10345 = LINE ( 'NONE', #9475, #4996 ) ;
#10346 = EDGE_CURVE ( 'NONE', #4926, #902, #3300, .T. ) ;
#10347 = VECTOR ( 'NONE', #8903, 999.9999999999998863 ) ;
#10348 = ORIENTED_EDGE ( 'NONE', *, *, #11053, .F. ) ;
#10349 = FACE_OUTER_BOUND ( 'NONE', #400, .T. ) ;
#10350 = EDGE_LOOP ( 'NONE', ( #5342, #551 ) ) ;
#10351 = ORIENTED_EDGE ( 'NONE', *, *, #7322, .F. ) ;
#10352 = ORIENTED_EDGE ( 'NONE', *, *, #3752, .F. ) ;
#10353 = VERTEX_POINT ( 'NONE', #2209 ) ;
#10354 = LINE ( 'NONE', #2559, #9192 ) ;
#10355 = VERTEX_POINT ( 'NONE', #1510 ) ;
#10356 = FACE_BOUND ( 'NONE', #11305, .T. ) ;
#10357 = FACE_OUTER_BOUND ( 'NONE', #4718, .T. ) ;
#10358 = ORIENTED_EDGE ( 'NONE', *, *, #7286, .F. ) ;
#10359 = ORIENTED_EDGE ( 'NONE', *, *, #8547, .F. ) ;
#10360 = CARTESIAN_POINT ( 'NONE',  ( -23.98497856708483411, 48.82057733824026968, 103.5894505508467205 ) ) ;
#10361 = DIRECTION ( 'NONE',  ( -0.1013672451882220021, 0.9948490747861964412, -8.666684749742563049E-34 ) ) ;
#10362 = LINE ( 'NONE', #4899, #6599 ) ;
#10363 = ORIENTED_EDGE ( 'NONE', *, *, #2764, .T. ) ;
#10364 = FACE_OUTER_BOUND ( 'NONE', #9782, .T. ) ;
#10365 = DIRECTION ( 'NONE',  ( 0.4974245373930948899, 0.05068362259411066800, 0.8660254037844405950 ) ) ;
#10366 = CARTESIAN_POINT ( 'NONE',  ( -2.092407086733222066, 104.8670717879464434, 140.5608240347547451 ) ) ;
#10367 = CARTESIAN_POINT ( 'NONE',  ( -17.28258873793149419, 46.19616079662709041, 130.1343130441503035 ) ) ;
#10368 = ORIENTED_EDGE ( 'NONE', *, *, #1105, .F. ) ;
#10369 = ADVANCED_FACE ( 'NONE', ( #2315 ), #11044, .T. ) ;
#10370 = EDGE_CURVE ( 'NONE', #6726, #2490, #9250, .T. ) ;
#10371 = DIRECTION ( 'NONE',  ( 6.903152180341684826E-18, 7.033765596924220165E-19, -1.000000000000000000 ) ) ;
#10372 = DIRECTION ( 'NONE',  ( 0.000000000000000000, 1.000000000000000000, -3.291132365970982032E-16 ) ) ;
#10373 = LINE ( 'NONE', #9682, #8667 ) ;
#10374 = LINE ( 'NONE', #8470, #2498 ) ;
#10375 = VECTOR ( 'NONE', #5682, 1000.000000000000114 ) ;
#10376 = ORIENTED_EDGE ( 'NONE', *, *, #10581, .F. ) ;
#10377 = CARTESIAN_POINT ( 'NONE',  ( -63.53754955499997692, 71.59110295296464699, 32.30464098289439079 ) ) ;
#10378 = ORIENTED_EDGE ( 'NONE', *, *, #11330, .F. ) ;
#10379 = DIRECTION ( 'NONE',  ( -3.480278902931750302E-15, -3.438021909835086216E-16, 1.000000000000000000 ) ) ;
#10380 = ADVANCED_FACE ( 'NONE', ( #1395 ), #10393, .T. ) ;
#10381 = FACE_OUTER_BOUND ( 'NONE', #5736, .T. ) ;
#10382 = AXIS2_PLACEMENT_3D ( 'NONE', #4138, #5238, #9554 ) ;
#10383 = EDGE_LOOP ( 'NONE', ( #11454, #1576, #8727, #11164 ) ) ;
#10384 = DIRECTION ( 'NONE',  ( 0.5019378298181175202, 0.000000000000000000, -0.8649037027308175141 ) ) ;
#10385 = CARTESIAN_POINT ( 'NONE',  ( -12.22845568534358662, 21.65765634640197845, 147.5986327548122858 ) ) ;
#10386 = ORIENTED_EDGE ( 'NONE', *, *, #127, .F. ) ;
#10387 = CARTESIAN_POINT ( 'NONE',  ( 15.73195488313437806, 78.66286033871806183, 155.7000000000005002 ) ) ;
#10388 = EDGE_LOOP ( 'NONE', ( #2504, #1378, #6095, #4813, #6332, #9459 ) ) ;
#10389 = EDGE_CURVE ( 'NONE', #8221, #3371, #4935, .T. ) ;
#10390 = DIRECTION ( 'NONE',  ( 0.8615645716962927469, 0.08778660944464633520, -0.4999999999999967248 ) ) ;
#10391 = EDGE_LOOP ( 'NONE', ( #5094, #7007, #10358, #10284 ) ) ;
#10392 = ORIENTED_EDGE ( 'NONE', *, *, #7263, .T. ) ;
#10393 = CYLINDRICAL_SURFACE ( 'NONE', #564, 0.9999999999999990008 ) ;
#10394 = VECTOR ( 'NONE', #5693, 999.9999999999998863 ) ;
#10395 = AXIS2_PLACEMENT_3D ( 'NONE', #3932, #8528, #4917 ) ;
#10396 = CARTESIAN_POINT ( 'NONE',  ( -7.774835134146965032, 104.2880773537701913, 143.8585617981738380 ) ) ;
#10397 = CYLINDRICAL_SURFACE ( 'NONE', #6851, 1.550000000000000266 ) ;
#10398 = CIRCLE ( 'NONE', #6867, 1.049999999999992273 ) ;
#10399 = VERTEX_POINT ( 'NONE', #8373 ) ;
#10400 = DIRECTION ( 'NONE',  ( 0.8615645716962891942, 0.08778660944464597438, 0.5000000000000029976 ) ) ;
#10401 = ORIENTED_EDGE ( 'NONE', *, *, #4840, .F. ) ;
#10402 = EDGE_CURVE ( 'NONE', #3997, #7579, #2777, .T. ) ;
#10403 = ORIENTED_EDGE ( 'NONE', *, *, #6749, .F. ) ;
#10404 = ORIENTED_EDGE ( 'NONE', *, *, #5991, .T. ) ;
#10405 = DIRECTION ( 'NONE',  ( 1.000000000000000000, 0.000000000000000000, 0.000000000000000000 ) ) ;
#10406 = EDGE_LOOP ( 'NONE', ( #11441, #6569, #1979, #3918 ) ) ;
#10407 = CARTESIAN_POINT ( 'NONE',  ( -18.45276825761300543, 48.43193187475671380, 103.0600000000005707 ) ) ;
#10408 = FACE_BOUND ( 'NONE', #456, .T. ) ;
#10409 = CARTESIAN_POINT ( 'NONE',  ( -23.04317926290545770, 102.7323539559767624, 139.8611624826889397 ) ) ;
#10410 = ORIENTED_EDGE ( 'NONE', *, *, #4427, .F. ) ;
#10411 = VERTEX_POINT ( 'NONE', #7723 ) ;
#10412 = DIRECTION ( 'NONE',  ( 0.5019378298181115250, 0.000000000000000000, 0.8649037027308210668 ) ) ;
#10413 = PLANE ( 'NONE',  #2439 ) ;
#10414 = CARTESIAN_POINT ( 'NONE',  ( -0.6152014920796845532, 2.335970026501105856, 153.0500000000005230 ) ) ;
#10415 = EDGE_LOOP ( 'NONE', ( #7174, #9462, #8345, #4849 ) ) ;
#10416 = CARTESIAN_POINT ( 'NONE',  ( 2.673334363454540341, 48.22951138340856403, 137.4294501230543233 ) ) ;
#10417 = DIRECTION ( 'NONE',  ( -0.9948490747861964412, -0.1013672451882220160, 0.000000000000000000 ) ) ;
#10418 = AXIS2_PLACEMENT_3D ( 'NONE', #11121, #8452, #2230 ) ;
#10419 = PLANE ( 'NONE',  #10313 ) ;
#10420 = CARTESIAN_POINT ( 'NONE',  ( 22.50821977369970028, 2.293409412921596946, 155.7000000000005002 ) ) ;
#10421 = EDGE_LOOP ( 'NONE', ( #2038, #6444, #4272, #937 ) ) ;
#10422 = CARTESIAN_POINT ( 'NONE',  ( -9.192627056220239012, -8.187706645253328475, 113.3500000000005059 ) ) ;
#10423 = CARTESIAN_POINT ( 'NONE',  ( 7.858337873475182533, 48.75782219499071601, 125.2708883248809855 ) ) ;
#10424 = FACE_OUTER_BOUND ( 'NONE', #6847, .T. ) ;
#10425 = CARTESIAN_POINT ( 'NONE',  ( -11.93852005476391476, 76.84863558518709681, 120.4074636056116674 ) ) ;
#10426 = EDGE_LOOP ( 'NONE', ( #9309, #542, #7976, #72 ) ) ;
#10427 = CARTESIAN_POINT ( 'NONE',  ( -10.47271595720211579, 104.0131846551585681, 130.8339745962161089 ) ) ;
#10428 = VERTEX_POINT ( 'NONE', #8429 ) ;
#10429 = FACE_OUTER_BOUND ( 'NONE', #2377, .T. ) ;
#10430 = DIRECTION ( 'NONE',  ( -1.000000000000000000, 0.000000000000000000, -3.148927598275349405E-15 ) ) ;
#10431 = EDGE_CURVE ( 'NONE', #9988, #3820, #11101, .T. ) ;
#10432 = ADVANCED_FACE ( 'NONE', ( #4003, #417, #6628 ), #6681, .F. ) ;
#10433 = EDGE_CURVE ( 'NONE', #8551, #6079, #7556, .T. ) ;
#10434 = EDGE_CURVE ( 'NONE', #8091, #8015, #5799, .T. ) ;
#10435 = VECTOR ( 'NONE', #5014, 1000.000000000000114 ) ;
#10436 = VERTEX_POINT ( 'NONE', #3179 ) ;
#10437 = LINE ( 'NONE', #10613, #11259 ) ;
#10438 = EDGE_LOOP ( 'NONE', ( #6790, #2716, #10458, #1812 ) ) ;
#10439 = LINE ( 'NONE', #1677, #11409 ) ;
#10440 = ORIENTED_EDGE ( 'NONE', *, *, #8559, .F. ) ;
#10441 = CARTESIAN_POINT ( 'NONE',  ( -5.261243574336011974, 23.27084561683632913, 156.7000000000005002 ) ) ;
#10442 = VERTEX_POINT ( 'NONE', #6732 ) ;
#10443 = LINE ( 'NONE', #6201, #1770 ) ;
#10444 = VECTOR ( 'NONE', #1890, 1000.000000000000114 ) ;
#10445 = ORIENTED_EDGE ( 'NONE', *, *, #11053, .T. ) ;
#10446 = ORIENTED_EDGE ( 'NONE', *, *, #9180, .F. ) ;
#10447 = DIRECTION ( 'NONE',  ( -0.4974245373931011072, -0.05068362259411127169, 0.8660254037844369313 ) ) ;
#10448 = VECTOR ( 'NONE', #11079, 1000.000000000000000 ) ;
#10449 = DIRECTION ( 'NONE',  ( -0.5019378298181113029, 0.000000000000000000, -0.8649037027308211778 ) ) ;
#10450 = AXIS2_PLACEMENT_3D ( 'NONE', #10332, #6902, #6789 ) ;
#10451 = DIRECTION ( 'NONE',  ( 0.9948490747871269191, 0.1013672451790882112, -1.214431771062907408E-16 ) ) ;
#10452 = EDGE_CURVE ( 'NONE', #5758, #9511, #8542, .T. ) ;
#10453 = DIRECTION ( 'NONE',  ( -0.5019378298181174092, 0.000000000000000000, 0.8649037027308177361 ) ) ;
#10454 = AXIS2_PLACEMENT_3D ( 'NONE', #6626, #11207, #471 ) ;
#10455 = ORIENTED_EDGE ( 'NONE', *, *, #5250, .T. ) ;
#10456 = DIRECTION ( 'NONE',  ( -3.480278902931750302E-15, -3.438021909835086216E-16, 1.000000000000000000 ) ) ;
#10457 = ORIENTED_EDGE ( 'NONE', *, *, #9949, .F. ) ;
#10458 = ORIENTED_EDGE ( 'NONE', *, *, #10265, .F. ) ;
#10459 = ORIENTED_EDGE ( 'NONE', *, *, #6722, .F. ) ;
#10460 = LINE ( 'NONE', #7151, #3078 ) ;
#10461 = ORIENTED_EDGE ( 'NONE', *, *, #8801, .T. ) ;
#10462 = FACE_OUTER_BOUND ( 'NONE', #10698, .T. ) ;
#10463 = AXIS2_PLACEMENT_3D ( 'NONE', #1876, #69, #6107 ) ;
#10464 = DIRECTION ( 'NONE',  ( -0.1013672451882219605, 0.9948490747861964412, -3.886951633874226348E-16 ) ) ;
#10465 = CARTESIAN_POINT ( 'NONE',  ( -7.277410596753870031, 104.3387609763642985, 128.4022622365814073 ) ) ;
#10466 = EDGE_CURVE ( 'NONE', #5066, #3864, #2657, .T. ) ;
#10467 = EDGE_LOOP ( 'NONE', ( #7850, #11282, #3996, #7639, #9634, #8717 ) ) ;
#10468 = ORIENTED_EDGE ( 'NONE', *, *, #2097, .F. ) ;
#10469 = DIRECTION ( 'NONE',  ( 0.9948490747861964412, 0.1013672451882218634, 3.497202527569243497E-15 ) ) ;
#10470 = DIRECTION ( 'NONE',  ( -0.4974245373930948344, -0.05068362259411087617, -0.8660254037844405950 ) ) ;
#10471 = CARTESIAN_POINT ( 'NONE',  ( -7.578143506410728314, 1.626501356039936175, 156.7000000000005002 ) ) ;
#10472 = CARTESIAN_POINT ( 'NONE',  ( -8.902279867462603136, 47.05004792941496561, 125.2708883248809855 ) ) ;
#10473 = ORIENTED_EDGE ( 'NONE', *, *, #2943, .F. ) ;
#10474 = CARTESIAN_POINT ( 'NONE',  ( -2.014244609173005518, 47.75188419442051924, 119.5414382018272477 ) ) ;
#10475 = CARTESIAN_POINT ( 'NONE',  ( 6.349743540596019642, 3.045642788675047452, 156.7000000000005002 ) ) ;
#10476 = ADVANCED_FACE ( 'NONE', ( #6908 ), #9585, .T. ) ;
#10477 = VECTOR ( 'NONE', #9312, 1000.000000000000114 ) ;
#10478 = CARTESIAN_POINT ( 'NONE',  ( -5.706974507014352938, 47.37562425062068883, 127.7026006845156871 ) ) ;
#10479 = CARTESIAN_POINT ( 'NONE',  ( -20.31882892523280404, 75.99474845239923582, 125.2708883248809855 ) ) ;
#10480 = VECTOR ( 'NONE', #5155, 999.9999999999998863 ) ;
#10481 = ORIENTED_EDGE ( 'NONE', *, *, #10841, .F. ) ;
#10482 = ADVANCED_FACE ( 'NONE', ( #53 ), #7024, .T. ) ;
#10483 = DIRECTION ( 'NONE',  ( 6.903152180341684826E-18, 7.033765596924220165E-19, -1.000000000000000000 ) ) ;
#10484 = CARTESIAN_POINT ( 'NONE',  ( -23.04317926290545770, 102.7323539559767624, 123.5388375173121460 ) ) ;
#10485 = CARTESIAN_POINT ( 'NONE',  ( -2.874772208397245343, 9.299913550004461626, 156.7000000000005002 ) ) ;
#10486 = FACE_OUTER_BOUND ( 'NONE', #6522, .T. ) ;
#10487 = EDGE_LOOP ( 'NONE', ( #2482, #2090, #9974, #5088 ) ) ;
#10488 = DIRECTION ( 'NONE',  ( 0.1013672451882219883, -0.9948490747861964412, 1.075499326746823620E-17 ) ) ;
#10489 = AXIS2_PLACEMENT_3D ( 'NONE', #11316, #3345, #863 ) ;
#10490 = ORIENTED_EDGE ( 'NONE', *, *, #3698, .F. ) ;
#10491 = CARTESIAN_POINT ( 'NONE',  ( 45.13754649672956987, 82.66423493501598330, 30.76381588143816614 ) ) ;
#10492 = VECTOR ( 'NONE', #606, 1000.000000000000000 ) ;
#10493 = PLANE ( 'NONE',  #670 ) ;
#10494 = VECTOR ( 'NONE', #959, 1000.000000000000114 ) ;
#10495 = ORIENTED_EDGE ( 'NONE', *, *, #3761, .F. ) ;
#10496 = VECTOR ( 'NONE', #9014, 1000.000000000000000 ) ;
#10497 = CYLINDRICAL_SURFACE ( 'NONE', #687, 1.000000000000000666 ) ;
#10498 = EDGE_LOOP ( 'NONE', ( #2136, #5640, #8275, #8108 ) ) ;
#10499 = CARTESIAN_POINT ( 'NONE',  ( -31.12731887700510214, 74.89344888965780456, 88.77148351815341698 ) ) ;
#10500 = ORIENTED_EDGE ( 'NONE', *, *, #10937, .T. ) ;
#10501 = LINE ( 'NONE', #9696, #10480 ) ;
#10502 = ORIENTED_EDGE ( 'NONE', *, *, #5216, .T. ) ;
#10503 = LINE ( 'NONE', #11499, #8271 ) ;
#10504 = EDGE_CURVE ( 'NONE', #2285, #3702, #4345, .T. ) ;
#10505 = ORIENTED_EDGE ( 'NONE', *, *, #6993, .F. ) ;
#10506 = ORIENTED_EDGE ( 'NONE', *, *, #8026, .T. ) ;
#10507 = CARTESIAN_POINT ( 'NONE',  ( -3.558211184295018814, 77.70252271797498622, 133.2656869558508106 ) ) ;
#10508 = CIRCLE ( 'NONE', #4570, 1.000000000000000888 ) ;
#10509 = VECTOR ( 'NONE', #4532, 999.9999999999998863 ) ;
#10510 = PLANE ( 'NONE',  #8854 ) ;
#10511 = CARTESIAN_POINT ( 'NONE',  ( -0.5219709969937098570, 47.90393506220284081, 120.4074636056116674 ) ) ;
#10512 = VECTOR ( 'NONE', #55, 1000.000000000000114 ) ;
#10513 = VERTEX_POINT ( 'NONE', #7838 ) ;
#10514 = DIRECTION ( 'NONE',  ( -0.9948490747861964412, -0.1013672451882219050, -0.000000000000000000 ) ) ;
#10515 = ORIENTED_EDGE ( 'NONE', *, *, #5531, .F. ) ;
#10516 = ADVANCED_FACE ( 'NONE', ( #5214 ), #5160, .F. ) ;
#10517 = ORIENTED_EDGE ( 'NONE', *, *, #6499, .F. ) ;
#10518 = VECTOR ( 'NONE', #5304, 999.9999999999998863 ) ;
#10519 = EDGE_CURVE ( 'NONE', #4183, #3255, #2050, .T. ) ;
#10520 = VERTEX_POINT ( 'NONE', #2483 ) ;
#10521 = DIRECTION ( 'NONE',  ( 0.4974245373931012182, 0.05068362259411096638, -0.8660254037844369313 ) ) ;
#10522 = EDGE_LOOP ( 'NONE', ( #9545, #8490, #6670, #11135 ) ) ;
#10523 = FACE_OUTER_BOUND ( 'NONE', #1867, .T. ) ;
#10524 = EDGE_CURVE ( 'NONE', #1981, #6521, #6088, .T. ) ;
#10525 = EDGE_CURVE ( 'NONE', #4109, #295, #11503, .T. ) ;
#10526 = CARTESIAN_POINT ( 'NONE',  ( 0.6319432509394257158, 78.12946628436890251, 127.7026006845156445 ) ) ;
#10527 = AXIS2_PLACEMENT_3D ( 'NONE', #1401, #1238, #4060 ) ;
#10528 =( BOUNDED_CURVE ( )  B_SPLINE_CURVE ( 3, ( #8190, #10925, #7203, #10045 ),
 .UNSPECIFIED., .F., .T. ) 
 B_SPLINE_CURVE_WITH_KNOTS ( ( 4, 4 ),
 ( 4.712388980384679016, 6.283185307179586232 ),
 .UNSPECIFIED. ) 
 CURVE ( )  GEOMETRIC_REPRESENTATION_ITEM ( )  RATIONAL_B_SPLINE_CURVE ( ( 1.000000000000000000, 0.8047378541243626060, 0.8047378541243626060, 1.000000000000000000 ) ) 
 REPRESENTATION_ITEM ( '' )  );
#10529 = DIRECTION ( 'NONE',  ( -3.480278902931750302E-15, -3.438021909835086216E-16, 1.000000000000000000 ) ) ;
#10530 = DIRECTION ( 'NONE',  ( -1.000000000000000000, 0.000000000000000000, -3.148927598275349405E-15 ) ) ;
#10531 = ORIENTED_EDGE ( 'NONE', *, *, #6880, .F. ) ;
#10532 = EDGE_LOOP ( 'NONE', ( #7892, #4728, #4080, #7037 ) ) ;
#10533 = FACE_OUTER_BOUND ( 'NONE', #4468, .T. ) ;
#10534 = CARTESIAN_POINT ( 'NONE',  ( -13.43079366694320775, 76.69658471740477523, 138.9951370789045200 ) ) ;
#10535 = LINE ( 'NONE', #2568, #9716 ) ;
#10536 = CARTESIAN_POINT ( 'NONE',  ( -0.02454645960061480059, 47.95461868479695511, 119.5414382018272477 ) ) ;
#10537 = ADVANCED_FACE ( 'NONE', ( #6029 ), #7081, .T. ) ;
#10538 = EDGE_LOOP ( 'NONE', ( #4209, #10713, #5782 ) ) ;
#10539 = CARTESIAN_POINT ( 'NONE',  ( -12.93336912955011009, 76.74726833999888242, 123.5388375173120892 ) ) ;
#10540 = FACE_OUTER_BOUND ( 'NONE', #3231, .T. ) ;
#10541 = EDGE_CURVE ( 'NONE', #2865, #3131, #10621, .T. ) ;
#10542 = PLANE ( 'NONE',  #6428 ) ;
#10543 = CARTESIAN_POINT ( 'NONE',  ( 41.55019566693308519, 82.29871228403669647, 28.68193429783640624 ) ) ;
#10544 = ORIENTED_EDGE ( 'NONE', *, *, #1930, .T. ) ;
#10545 = CARTESIAN_POINT ( 'NONE',  ( 10.16822880547006669, 54.36531253592654167, 87.77148351815341698 ) ) ;
#10546 = CARTESIAN_POINT ( 'NONE',  ( -26.06617769529992756, 67.56875387046828507, 103.8514543557159868 ) ) ;
#10547 = EDGE_CURVE ( 'NONE', #10756, #8220, #9836, .T. ) ;
#10548 = CARTESIAN_POINT ( 'NONE',  ( 3.827248611387672916, 78.45504260557461862, 118.6754127980427853 ) ) ;
#10549 = CARTESIAN_POINT ( 'NONE',  ( 8.500898454983632391, 70.72900135451133963, 99.31000000000055650 ) ) ;
#10550 = ORIENTED_EDGE ( 'NONE', *, *, #789, .F. ) ;
#10551 = DIRECTION ( 'NONE',  ( 6.903152180341684056E-18, 7.033765596924220165E-19, -1.000000000000000000 ) ) ;
#10552 = EDGE_LOOP ( 'NONE', ( #297, #980, #11086, #8792 ) ) ;
#10553 = CARTESIAN_POINT ( 'NONE',  ( 8.355762410868285528, 48.80850581758482321, 143.8585617981738380 ) ) ;
#10554 = DIRECTION ( 'NONE',  ( 3.148927598275349405E-15, 3.100401161182723417E-16, -1.000000000000000000 ) ) ;
#10555 = LINE ( 'NONE', #5257, #1233 ) ;
#10556 = CIRCLE ( 'NONE', #2388, 1.000000000000000888 ) ;
#10557 = VERTEX_POINT ( 'NONE', #8888 ) ;
#10558 = DIRECTION ( 'NONE',  ( -1.000000000000000000, 0.000000000000000000, 0.000000000000000000 ) ) ;
#10559 = CARTESIAN_POINT ( 'NONE',  ( -4.553060259081219030, 77.60115547278675763, 128.4022622365814073 ) ) ;
#10560 = ORIENTED_EDGE ( 'NONE', *, *, #6026, .T. ) ;
#10561 = CARTESIAN_POINT ( 'NONE',  ( -8.902279867462583596, 47.05004792941493719, 138.1291116751201002 ) ) ;
#10562 = ORIENTED_EDGE ( 'NONE', *, *, #3689, .T. ) ;
#10563 = LINE ( 'NONE', #698, #2157 ) ;
#10564 = ORIENTED_EDGE ( 'NONE', *, *, #2142, .F. ) ;
#10565 = EDGE_LOOP ( 'NONE', ( #10960, #9551, #6082, #595, #7847, #5365 ) ) ;
#10566 = DIRECTION ( 'NONE',  ( -0.9948490747861963301, -0.1013672451882219605, -3.497202527569243497E-15 ) ) ;
#10567 = LINE ( 'NONE', #11449, #7552 ) ;
#10568 = AXIS2_PLACEMENT_3D ( 'NONE', #7522, #2346, #11017 ) ;
#10569 = EDGE_CURVE ( 'NONE', #576, #3291, #9642, .T. ) ;
#10570 = CARTESIAN_POINT ( 'NONE',  ( -7.250941082136405313, 77.32626277417514871, 141.4268494385391932 ) ) ;
#10571 = VERTEX_POINT ( 'NONE', #1684 ) ;
#10572 = DIRECTION ( 'NONE',  ( -0.5019378298181174092, 0.000000000000000000, 0.8649037027308177361 ) ) ;
#10573 = VERTEX_POINT ( 'NONE', #5100 ) ;
#10574 = ORIENTED_EDGE ( 'NONE', *, *, #4254, .T. ) ;
#10575 = VECTOR ( 'NONE', #8594, 1000.000000000000000 ) ;
#10576 = ORIENTED_EDGE ( 'NONE', *, *, #7260, .T. ) ;
#10577 = DIRECTION ( 'NONE',  ( 0.4974245373931012182, 0.05068362259411096638, -0.8660254037844369313 ) ) ;
#10578 = VERTEX_POINT ( 'NONE', #11327 ) ;
#10579 = CARTESIAN_POINT ( 'NONE',  ( -11.44109551737085262, 76.89931920778120400, 129.2682876403659122 ) ) ;
#10580 = CARTESIAN_POINT ( 'NONE',  ( -14.66287039243656487, 103.5862410887646377, 130.1343130441503035 ) ) ;
#10581 = EDGE_CURVE ( 'NONE', #4421, #10353, #930, .T. ) ;
#10582 = AXIS2_PLACEMENT_3D ( 'NONE', #7191, #2761, #1899 ) ;
#10583 = DIRECTION ( 'NONE',  ( 3.148927598275349405E-15, 3.100401161182723417E-16, -1.000000000000000000 ) ) ;
#10584 = EDGE_CURVE ( 'NONE', #1087, #7605, #1803, .T. ) ;
#10585 = CARTESIAN_POINT ( 'NONE',  ( 58.31081340787081047, 84.00648654961243267, 38.40878373637513477 ) ) ;
#10586 = ORIENTED_EDGE ( 'NONE', *, *, #10346, .F. ) ;
#10587 = VERTEX_POINT ( 'NONE', #4460 ) ;
#10588 = CARTESIAN_POINT ( 'NONE',  ( -23.99629577901511723, 48.92252677894884982, 103.3346609652387968 ) ) ;
#10589 = DIRECTION ( 'NONE',  ( -0.5019378298181174092, 0.000000000000000000, 0.8649037027308177361 ) ) ;
#10590 = LINE ( 'NONE', #7979, #10261 ) ;
#10591 = LINE ( 'NONE', #901, #3417 ) ;
#10592 = VECTOR ( 'NONE', #9496, 1000.000000000000000 ) ;
#10593 = ORIENTED_EDGE ( 'NONE', *, *, #1686, .F. ) ;
#10594 = CARTESIAN_POINT ( 'NONE',  ( -13.09243430269705222, 46.62310436302099959, 140.5608240347547451 ) ) ;
#10595 = CARTESIAN_POINT ( 'NONE',  ( -69.82278120785171893, 70.95068760337372282, 35.95220952234641487 ) ) ;
#10596 = DIRECTION ( 'NONE',  ( -3.480278902931750302E-15, -3.438021909835086216E-16, 1.000000000000000000 ) ) ;
#10597 = DIRECTION ( 'NONE',  ( 0.5019378298181115250, 0.000000000000000000, 0.8649037027308210668 ) ) ;
#10598 = EDGE_CURVE ( 'NONE', #9521, #5784, #8011, .T. ) ;
#10599 = VERTEX_POINT ( 'NONE', #3415 ) ;
#10600 = DIRECTION ( 'NONE',  ( -0.4974245373931011072, -0.05068362259411127169, 0.8660254037844369313 ) ) ;
#10601 = CARTESIAN_POINT ( 'NONE',  ( 1.102898273715022581, 105.1926481091521737, 125.2708883248810423 ) ) ;
#10602 = FACE_OUTER_BOUND ( 'NONE', #2015, .T. ) ;
#10603 = CARTESIAN_POINT ( 'NONE',  ( 8.355762410868278423, 48.80850581758483031, 134.1317123596352019 ) ) ;
#10604 = VERTEX_POINT ( 'NONE', #10507 ) ;
#10605 = CYLINDRICAL_SURFACE ( 'NONE', #7691, 1.000000000000000666 ) ;
#10606 = ORIENTED_EDGE ( 'NONE', *, *, #2530, .T. ) ;
#10607 = CARTESIAN_POINT ( 'NONE',  ( -7.872481210540177798, 77.26293275539438810, 128.4022622365814073 ) ) ;
#10608 = CARTESIAN_POINT ( 'NONE',  ( 7.858337873475182533, 48.75782219499071601, 118.6754127980428279 ) ) ;
#10609 = DIRECTION ( 'NONE',  ( 0.1013672451882219883, -0.9948490747861964412, 1.075499326746823620E-17 ) ) ;
#10610 = EDGE_CURVE ( 'NONE', #810, #9288, #1104, .T. ) ;
#10611 = EDGE_CURVE ( 'NONE', #120, #2937, #4638, .T. ) ;
#10612 = EDGE_CURVE ( 'NONE', #4421, #3972, #111, .T. ) ;
#10613 = CARTESIAN_POINT ( 'NONE',  ( -22.54575472551236714, 102.7830375785708839, 143.8585617981738380 ) ) ;
#10614 = LINE ( 'NONE', #4225, #4727 ) ;
#10615 = ORIENTED_EDGE ( 'NONE', *, *, #10710, .F. ) ;
#10616 = LINE ( 'NONE', #3409, #5846 ) ;
#10617 = VERTEX_POINT ( 'NONE', #5388 ) ;
#10618 = CARTESIAN_POINT ( 'NONE',  ( -67.72770399023457344, 71.16415938657068807, 34.73635334252912799 ) ) ;
#10619 = ORIENTED_EDGE ( 'NONE', *, *, #10584, .F. ) ;
#10620 = VERTEX_POINT ( 'NONE', #8309 ) ;
#10621 = LINE ( 'NONE', #3481, #3328 ) ;
#10622 = EDGE_CURVE ( 'NONE', #5143, #2334, #7376, .T. ) ;
#10623 = CIRCLE ( 'NONE', #3386, 1.049999999999992717 ) ;
#10624 = EDGE_CURVE ( 'NONE', #8895, #6278, #4579, .T. ) ;
#10625 = DIRECTION ( 'NONE',  ( 0.1013672451882218634, -0.9948490747861964412, 0.000000000000000000 ) ) ;
#10626 = ORIENTED_EDGE ( 'NONE', *, *, #3946, .F. ) ;
#10627 = DIRECTION ( 'NONE',  ( 0.9948490747861964412, 0.1013672451882218634, 0.000000000000000000 ) ) ;
#10628 = ORIENTED_EDGE ( 'NONE', *, *, #1525, .T. ) ;
#10629 = VERTEX_POINT ( 'NONE', #9122 ) ;
#10630 = VECTOR ( 'NONE', #2783, 1000.000000000000114 ) ;
#10631 = LINE ( 'NONE', #1751, #5491 ) ;
#10632 = ORIENTED_EDGE ( 'NONE', *, *, #11176, .F. ) ;
#10633 = CARTESIAN_POINT ( 'NONE',  ( -18.34633265016537251, 47.38734034623121971, 103.0600000000005707 ) ) ;
#10634 = VECTOR ( 'NONE', #10715, 999.9999999999998863 ) ;
#10635 = EDGE_CURVE ( 'NONE', #4002, #106, #8941, .T. ) ;
#10636 = DIRECTION ( 'NONE',  ( -0.4974245373931011072, -0.05068362259411127169, 0.8660254037844369313 ) ) ;
#10637 = CARTESIAN_POINT ( 'NONE',  ( 0.2252277916027553006, 9.299913550004461626, 105.4200000000005844 ) ) ;
#10638 = EDGE_CURVE ( 'NONE', #3702, #9426, #9650, .T. ) ;
#10639 = DIRECTION ( 'NONE',  ( 0.1013672451882219883, -0.9948490747861964412, 1.075499326746823620E-17 ) ) ;
#10640 = AXIS2_PLACEMENT_3D ( 'NONE', #11285, #8782, #9656 ) ;
#10641 = AXIS2_PLACEMENT_3D ( 'NONE', #10218, #2367, #4989 ) ;
#10642 = ORIENTED_EDGE ( 'NONE', *, *, #2626, .T. ) ;
#10643 = ORIENTED_EDGE ( 'NONE', *, *, #2580, .T. ) ;
#10644 = DIRECTION ( 'NONE',  ( 0.1013672451882209891, -0.9948490747861964412, 0.000000000000000000 ) ) ;
#10645 = LINE ( 'NONE', #4482, #8634 ) ;
#10646 = LINE ( 'NONE', #1766, #6373 ) ;
#10647 = DIRECTION ( 'NONE',  ( -3.480278902931750302E-15, -3.438021909835086216E-16, 1.000000000000000000 ) ) ;
#10648 = EDGE_CURVE ( 'NONE', #5985, #2325, #3707, .T. ) ;
#10649 = ORIENTED_EDGE ( 'NONE', *, *, #8779, .T. ) ;
#10650 = VECTOR ( 'NONE', #7974, 1000.000000000000114 ) ;
#10651 = EDGE_CURVE ( 'NONE', #8769, #10064, #10528, .T. ) ;
#10652 = DIRECTION ( 'NONE',  ( 0.1013672451882219883, -0.9948490747861964412, 1.075499326746823620E-17 ) ) ;
#10653 = LINE ( 'NONE', #6239, #11433 ) ;
#10654 = CARTESIAN_POINT ( 'NONE',  ( -7.872481210540212437, 77.26293275539438810, 138.1291116751201002 ) ) ;
#10655 = VERTEX_POINT ( 'NONE', #228 ) ;
#10656 = VECTOR ( 'NONE', #7733, 999.9999999999998863 ) ;
#10657 = LINE ( 'NONE', #9099, #8232 ) ;
#10658 = FACE_BOUND ( 'NONE', #7822, .T. ) ;
#10659 = CYLINDRICAL_SURFACE ( 'NONE', #9214, 1.049999999999992273 ) ;
#10660 = ADVANCED_FACE ( 'NONE', ( #2951 ), #2719, .T. ) ;
#10661 = DIRECTION ( 'NONE',  ( 0.8615645716962891942, 0.08778660944464597438, 0.5000000000000029976 ) ) ;
#10662 = VERTEX_POINT ( 'NONE', #7258 ) ;
#10663 = DIRECTION ( 'NONE',  ( 0.1013672451882219883, -0.9948490747861964412, 1.075499326746823620E-17 ) ) ;
#10664 = VERTEX_POINT ( 'NONE', #3760 ) ;
#10665 = DIRECTION ( 'NONE',  ( -0.4974245373931009961, -0.05068362259411093862, 0.8660254037844370423 ) ) ;
#10666 = LINE ( 'NONE', #10912, #11329 ) ;
#10667 = VECTOR ( 'NONE', #2383, 1000.000000000000114 ) ;
#10668 = ADVANCED_FACE ( 'NONE', ( #9817 ), #2086, .T. ) ;
#10669 = DIRECTION ( 'NONE',  ( -6.903152180341685597E-18, -7.033765596924229795E-19, 1.000000000000000000 ) ) ;
#10670 = VECTOR ( 'NONE', #2873, 999.9999999999998863 ) ;
#10671 = VECTOR ( 'NONE', #8640, 999.9999999999998863 ) ;
#10672 = FACE_OUTER_BOUND ( 'NONE', #9346, .T. ) ;
#10673 = ADVANCED_FACE ( 'NONE', ( #5614 ), #10805, .T. ) ;
#10674 = VECTOR ( 'NONE', #1127, 999.9999999999998863 ) ;
#10675 = VECTOR ( 'NONE', #2316, 999.9999999999998863 ) ;
#10676 = ADVANCED_BREP_SHAPE_REPRESENTATION ( 'gello_teleop_flexiv_l6', ( #205, #404 ), #6133 ) ;
#10677 = LINE ( 'NONE', #4335, #9034 ) ;
#10678 = DIRECTION ( 'NONE',  ( 0.9948490747861963301, 0.1013672451882219744, 3.164135620181696535E-15 ) ) ;
#10679 = VECTOR ( 'NONE', #7654, 1000.000000000000114 ) ;
#10680 = VERTEX_POINT ( 'NONE', #9174 ) ;
#10681 = DIRECTION ( 'NONE',  ( -1.000000000000000000, 0.000000000000000000, 0.000000000000000000 ) ) ;
#10682 = VERTEX_POINT ( 'NONE', #1045 ) ;
#10683 = DIRECTION ( 'NONE',  ( 0.1013672451882209891, -0.9948490747861964412, 5.020922815613633229E-23 ) ) ;
#10684 = ORIENTED_EDGE ( 'NONE', *, *, #10326, .F. ) ;
#10685 = ORIENTED_EDGE ( 'NONE', *, *, #11373, .F. ) ;
#10686 = CARTESIAN_POINT ( 'NONE',  ( -31.71008797250052424, 74.83406933220697965, 156.7000000000004718 ) ) ;
#10687 = EDGE_CURVE ( 'NONE', #9181, #11338, #10863, .T. ) ;
#10688 = VECTOR ( 'NONE', #10324, 1000.000000000000114 ) ;
#10689 = ORIENTED_EDGE ( 'NONE', *, *, #343, .T. ) ;
#10690 = VECTOR ( 'NONE', #8135, 1000.000000000000114 ) ;
#10691 = LINE ( 'NONE', #1109, #11493 ) ;
#10692 = ORIENTED_EDGE ( 'NONE', *, *, #7213, .T. ) ;
#10693 = DIRECTION ( 'NONE',  ( 0.4974245373930950564, 0.05068362259411089699, 0.8660254037844403729 ) ) ;
#10694 = ORIENTED_EDGE ( 'NONE', *, *, #2004, .T. ) ;
#10695 = ADVANCED_FACE ( 'NONE', ( #350 ), #3880, .F. ) ;
#10696 = AXIS2_PLACEMENT_3D ( 'NONE', #7738, #3862, #10955 ) ;
#10697 = EDGE_LOOP ( 'NONE', ( #2828, #8720, #7735, #3005 ) ) ;
#10698 = EDGE_LOOP ( 'NONE', ( #5627, #9706, #11485, #3771 ) ) ;
#10699 = AXIS2_PLACEMENT_3D ( 'NONE', #4609, #1182, #1077 ) ;
#10700 = CARTESIAN_POINT ( 'NONE',  ( 11.95895714047458469, 54.54777357455753872, 125.3534062775982250 ) ) ;
#10701 = EDGE_CURVE ( 'NONE', #2854, #10050, #9991, .T. ) ;
#10702 = ORIENTED_EDGE ( 'NONE', *, *, #6850, .T. ) ;
#10703 = CARTESIAN_POINT ( 'NONE',  ( 2.097747348501219911, 105.2940153543403881, 120.4074636056116674 ) ) ;
#10704 = CIRCLE ( 'NONE', #3642, 9.599999999999997868 ) ;
#10705 = CIRCLE ( 'NONE', #7916, 9.599999999999997868 ) ;
#10706 = CARTESIAN_POINT ( 'NONE',  ( 7.899743540596020352, 3.045642788675047452, 156.7000000000005002 ) ) ;
#10707 = EDGE_CURVE ( 'NONE', #5882, #8226, #11328, .T. ) ;
#10708 = VECTOR ( 'NONE', #10755, 999.9999999999998863 ) ;
#10709 = LINE ( 'NONE', #5460, #6634 ) ;
#10710 = EDGE_CURVE ( 'NONE', #10792, #4987, #11140, .T. ) ;
#10711 = VECTOR ( 'NONE', #450, 1000.000000000000114 ) ;
#10712 = CARTESIAN_POINT ( 'NONE',  ( 1.102898273715029465, 105.1926481091521595, 142.9925363943893615 ) ) ;
#10713 = ORIENTED_EDGE ( 'NONE', *, *, #2212, .T. ) ;
#10714 = ORIENTED_EDGE ( 'NONE', *, *, #9808, .F. ) ;
#10715 = DIRECTION ( 'NONE',  ( 0.1013672451882219883, -0.9948490747861964412, 1.075499326746823620E-17 ) ) ;
#10716 = CARTESIAN_POINT ( 'NONE',  ( -18.85302482767101040, 103.1592975223707072, 130.8339745962161373 ) ) ;
#10717 = CARTESIAN_POINT ( 'NONE',  ( -8.902279867462603136, 47.05004792941496561, 130.1343130441503035 ) ) ;
#10718 = CARTESIAN_POINT ( 'NONE',  ( -9.897128942248800243, 46.94868068422675123, 130.1343130441503604 ) ) ;
#10719 = EDGE_LOOP ( 'NONE', ( #7318, #10714, #1272, #8617 ) ) ;
#10720 = LINE ( 'NONE', #8100, #763 ) ;
#10721 = AXIS2_PLACEMENT_3D ( 'NONE', #2275, #1251, #9370 ) ;
#10722 = CARTESIAN_POINT ( 'NONE',  ( 52.02558175501916082, 83.36607120002152271, 34.76121519692311068 ) ) ;
#10723 = PLANE ( 'NONE',  #10699 ) ;
#10724 = CARTESIAN_POINT ( 'NONE',  ( -23.39715854083682345, 67.65977627404456030, 103.6305689455429473 ) ) ;
#10725 = ORIENTED_EDGE ( 'NONE', *, *, #2211, .F. ) ;
#10726 = VECTOR ( 'NONE', #2266, 1000.000000000000114 ) ;
#10727 = EDGE_LOOP ( 'NONE', ( #4554, #8980, #6473, #241 ) ) ;
#10728 = LINE ( 'NONE', #10020, #1170 ) ;
#10729 = FACE_BOUND ( 'NONE', #6386, .T. ) ;
#10730 = CARTESIAN_POINT ( 'NONE',  ( -10.39455347964189791, 46.89799706163263693, 138.9951370789045200 ) ) ;
#10731 = DIRECTION ( 'NONE',  ( 0.1013672451882219883, -0.9948490747861964412, 1.075499326746823620E-17 ) ) ;
#10732 = ORIENTED_EDGE ( 'NONE', *, *, #909, .T. ) ;
#10733 = CARTESIAN_POINT ( 'NONE',  ( 4.822097686173873576, 78.55640985076284721, 139.8611624826889397 ) ) ;
#10734 = ORIENTED_EDGE ( 'NONE', *, *, #6695, .T. ) ;
#10735 = CARTESIAN_POINT ( 'NONE',  ( -10.39455347964189791, 46.89799706163263693, 124.4048629210965657 ) ) ;
#10736 = LINE ( 'NONE', #9860, #9846 ) ;
#10737 = FACE_OUTER_BOUND ( 'NONE', #9599, .T. ) ;
#10738 = CARTESIAN_POINT ( 'NONE',  ( -15.65771946722276020, 103.4848738435764233, 128.4022622365814073 ) ) ;
#10739 = CARTESIAN_POINT ( 'NONE',  ( 2.175909826061441787, 48.17882776081445684, 126.8365752807312248 ) ) ;
#10740 = ADVANCED_FACE ( 'NONE', ( #9455 ), #7478, .T. ) ;
#10741 = EDGE_CURVE ( 'NONE', #2490, #933, #3167, .T. ) ;
#10742 = CARTESIAN_POINT ( 'NONE',  ( -12.32467200531800700, 22.55113817599995230, 156.7000000000005002 ) ) ;
#10743 = CARTESIAN_POINT ( 'NONE',  ( 18.32290167014530979, 53.23451798718286909, 99.31000000000057071 ) ) ;
#10744 = ORIENTED_EDGE ( 'NONE', *, *, #1608, .T. ) ;
#10745 = DIRECTION ( 'NONE',  ( 0.1013672451882219883, -0.9948490747861964412, 1.075499326746823620E-17 ) ) ;
#10746 = ORIENTED_EDGE ( 'NONE', *, *, #1397, .T. ) ;
#10747 = LINE ( 'NONE', #9989, #3822 ) ;
#10748 = ORIENTED_EDGE ( 'NONE', *, *, #4506, .T. ) ;
#10749 = CARTESIAN_POINT ( 'NONE',  ( -3.087256161519422726, 104.7657045427582432, 135.6973993154853702 ) ) ;
#10750 = CARTESIAN_POINT ( 'NONE',  ( -13.43079366694320775, 76.69658471740476102, 129.2682876403658838 ) ) ;
#10751 = VECTOR ( 'NONE', #4626, 999.9999999999998863 ) ;
#10752 = CYLINDRICAL_SURFACE ( 'NONE', #8524, 1.000000000000000000 ) ;
#10753 = ADVANCED_FACE ( 'NONE', ( #10209 ), #10260, .T. ) ;
#10754 = ORIENTED_EDGE ( 'NONE', *, *, #4123, .T. ) ;
#10755 = DIRECTION ( 'NONE',  ( -0.9948490747861964412, -0.1013672451882218634, -3.164135620181696535E-15 ) ) ;
#10756 = VERTEX_POINT ( 'NONE', #2301 ) ;
#10757 = ORIENTED_EDGE ( 'NONE', *, *, #9591, .F. ) ;
#10758 = ORIENTED_EDGE ( 'NONE', *, *, #6896, .T. ) ;
#10759 = CARTESIAN_POINT ( 'NONE',  ( -7.748365619529469228, 77.27557915158104151, 142.2928748423235845 ) ) ;
#10760 = ORIENTED_EDGE ( 'NONE', *, *, #2416, .F. ) ;
#10761 = CARTESIAN_POINT ( 'NONE',  ( -6.204399044407451491, 47.32494062802657453, 141.4268494385391648 ) ) ;
#10762 = DIRECTION ( 'NONE',  ( 3.148927598275349405E-15, 3.100401161182723417E-16, -1.000000000000000000 ) ) ;
#10763 = VECTOR ( 'NONE', #904, 999.9999999999998863 ) ;
#10764 = LINE ( 'NONE', #1818, #6805 ) ;
#10765 = EDGE_CURVE ( 'NONE', #9891, #4028, #9398, .T. ) ;
#10766 = LINE ( 'NONE', #9080, #7002 ) ;
#10767 = EDGE_CURVE ( 'NONE', #7057, #9220, #5732, .T. ) ;
#10768 = VECTOR ( 'NONE', #2966, 999.9999999999998863 ) ;
#10769 = CARTESIAN_POINT ( 'NONE',  ( -2.092407086733225619, 104.8670717879464576, 130.8339745962161373 ) ) ;
#10770 = EDGE_LOOP ( 'NONE', ( #9272, #9265, #5953, #9753 ) ) ;
#10771 = EDGE_LOOP ( 'NONE', ( #5926, #4013, #11003, #3252 ) ) ;
#10772 = VERTEX_POINT ( 'NONE', #3987 ) ;
#10773 = CARTESIAN_POINT ( 'NONE',  ( -18.52951617006461049, 49.18515930589068574, 102.3324986632859037 ) ) ;
#10774 = DIRECTION ( 'NONE',  ( -6.903152180341685597E-18, -7.033765596924229795E-19, 1.000000000000000000 ) ) ;
#10775 = ORIENTED_EDGE ( 'NONE', *, *, #11105, .T. ) ;
#10776 = DIRECTION ( 'NONE',  ( -0.5019378298181113029, 0.000000000000000000, -0.8649037027308211778 ) ) ;
#10777 = AXIS2_PLACEMENT_3D ( 'NONE', #10749, #173, #8137 ) ;
#10778 = DIRECTION ( 'NONE',  ( 6.903152180341684826E-18, 7.033765596924220165E-19, -1.000000000000000000 ) ) ;
#10779 = AXIS2_PLACEMENT_3D ( 'NONE', #9744, #5319, #5202 ) ;
#10780 = DIRECTION ( 'NONE',  ( -3.480278902931750302E-15, -3.438021909835086216E-16, 1.000000000000000000 ) ) ;
#10781 = CARTESIAN_POINT ( 'NONE',  ( 3.346152073540040295, 48.29806618183347666, 146.7000000000005002 ) ) ;
#10782 = ADVANCED_FACE ( 'NONE', ( #1443 ), #8580, .T. ) ;
#10783 = ORIENTED_EDGE ( 'NONE', *, *, #7389, .F. ) ;
#10784 = EDGE_LOOP ( 'NONE', ( #9025, #11336, #5853, #9231, #5253, #8369 ) ) ;
#10785 = ORIENTED_EDGE ( 'NONE', *, *, #3333, .F. ) ;
#10786 = VECTOR ( 'NONE', #7106, 1000.000000000000114 ) ;
#10787 = DIRECTION ( 'NONE',  ( 0.1013672451882219883, -0.9948490747861964412, 1.075499326746823620E-17 ) ) ;
#10788 = DIRECTION ( 'NONE',  ( -8.141667454118532778E-17, -3.990033831470024719E-16, -1.000000000000000000 ) ) ;
#10789 = DIRECTION ( 'NONE',  ( -1.000000000000000000, 0.000000000000000000, -3.148927598275349405E-15 ) ) ;
#10790 = ORIENTED_EDGE ( 'NONE', *, *, #1939, .T. ) ;
#10791 = LINE ( 'NONE', #9975, #5271 ) ;
#10792 = VERTEX_POINT ( 'NONE', #9236 ) ;
#10793 = DIRECTION ( 'NONE',  ( 0.1013672451882219883, -0.9948490747861964412, 1.075499326746823620E-17 ) ) ;
#10794 = CARTESIAN_POINT ( 'NONE',  ( -59.95019872520349935, 71.95662560394393381, 30.22275939929268418 ) ) ;
#10795 = DIRECTION ( 'NONE',  ( 0.5019378298181115250, 0.000000000000000000, 0.8649037027308210668 ) ) ;
#10796 = CARTESIAN_POINT ( 'NONE',  ( -9.897128942248800243, 46.94868068422675123, 130.1343130441503604 ) ) ;
#10797 = LINE ( 'NONE', #164, #2919 ) ;
#10798 = DIRECTION ( 'NONE',  ( -0.1013672451882219605, 0.9948490747861964412, 0.000000000000000000 ) ) ;
#10799 = CARTESIAN_POINT ( 'NONE',  ( -6.282561521967672924, 104.4401282215525129, 123.5388375173121460 ) ) ;
#10800 = ORIENTED_EDGE ( 'NONE', *, *, #5959, .F. ) ;
#10801 = PLANE ( 'NONE',  #3060 ) ;
#10802 = EDGE_LOOP ( 'NONE', ( #9936, #1811, #1968, #9433, #5167, #2534 ) ) ;
#10803 = FACE_OUTER_BOUND ( 'NONE', #4294, .T. ) ;
#10804 = ORIENTED_EDGE ( 'NONE', *, *, #8464, .T. ) ;
#10805 = PLANE ( 'NONE',  #2786 ) ;
#10806 = EDGE_CURVE ( 'NONE', #10249, #11354, #6554, .T. ) ;
#10807 = ADVANCED_FACE ( 'NONE', ( #3006, #5904, #10321, #9289 ), #623, .F. ) ;
#10808 = LINE ( 'NONE', #8251, #2699 ) ;
#10809 = EDGE_CURVE ( 'NONE', #8067, #3137, #4862, .T. ) ;
#10810 = VECTOR ( 'NONE', #6532, 999.9999999999998863 ) ;
#10811 = LINE ( 'NONE', #2780, #8707 ) ;
#10812 = ORIENTED_EDGE ( 'NONE', *, *, #10289, .T. ) ;
#10813 = FACE_OUTER_BOUND ( 'NONE', #7227, .T. ) ;
#10814 = ORIENTED_EDGE ( 'NONE', *, *, #4340, .T. ) ;
#10815 = ORIENTED_EDGE ( 'NONE', *, *, #3984, .F. ) ;
#10816 = ORIENTED_EDGE ( 'NONE', *, *, #3970, .F. ) ;
#10817 = CARTESIAN_POINT ( 'NONE',  ( -6.028143506410727603, 1.626501356039936397, 150.0500000000005230 ) ) ;
#10818 = ORIENTED_EDGE ( 'NONE', *, *, #1172, .T. ) ;
#10819 = CARTESIAN_POINT ( 'NONE',  ( -3.087256161519422726, 104.7657045427582432, 137.4294501230543233 ) ) ;
#10820 = DIRECTION ( 'NONE',  ( -0.8615645716962926359, -0.08778660944464630744, 0.4999999999999969469 ) ) ;
#10821 = EDGE_CURVE ( 'NONE', #9426, #9850, #2137, .T. ) ;
#10822 = DIRECTION ( 'NONE',  ( -0.8615645716962926359, -0.08778660944464630744, 0.4999999999999969469 ) ) ;
#10823 = ADVANCED_FACE ( 'NONE', ( #4809 ), #6666, .F. ) ;
#10824 = DIRECTION ( 'NONE',  ( 8.141667454118532778E-17, 3.990033831470024719E-16, 1.000000000000000000 ) ) ;
#10825 = DIRECTION ( 'NONE',  ( -0.1013672451882219744, 0.9948490747861963301, -9.629649721936177555E-34 ) ) ;
#10826 = ORIENTED_EDGE ( 'NONE', *, *, #4417, .F. ) ;
#10827 = ORIENTED_EDGE ( 'NONE', *, *, #6782, .T. ) ;
#10828 = VECTOR ( 'NONE', #6828, 999.9999999999998863 ) ;
#10829 = DIRECTION ( 'NONE',  ( 0.1013672451882220160, -0.9948490747861964412, 0.000000000000000000 ) ) ;
#10830 = LINE ( 'NONE', #7165, #10113 ) ;
#10831 = VECTOR ( 'NONE', #166, 1000.000000000000000 ) ;
#10832 = LINE ( 'NONE', #9845, #6858 ) ;
#10833 = EDGE_CURVE ( 'NONE', #11338, #3859, #10155, .T. ) ;
#10834 = FACE_OUTER_BOUND ( 'NONE', #192, .T. ) ;
#10835 = DIRECTION ( 'NONE',  ( -0.9948490747861964412, -0.1013672451882219050, 0.000000000000000000 ) ) ;
#10836 = ORIENTED_EDGE ( 'NONE', *, *, #8681, .F. ) ;
#10837 = AXIS2_PLACEMENT_3D ( 'NONE', #2130, #10315, #10969 ) ;
#10838 = ORIENTED_EDGE ( 'NONE', *, *, #8604, .T. ) ;
#10839 = DIRECTION ( 'NONE',  ( 6.903152180341685597E-18, 7.033765596924229795E-19, -1.000000000000000000 ) ) ;
#10840 = FACE_BOUND ( 'NONE', #4226, .T. ) ;
#10841 = EDGE_CURVE ( 'NONE', #4857, #2772, #8476, .T. ) ;
#10842 = DIRECTION ( 'NONE',  ( 0.8615645716962927469, 0.08778660944464633520, -0.4999999999999967248 ) ) ;
#10843 = FACE_OUTER_BOUND ( 'NONE', #3147, .T. ) ;
#10844 = ORIENTED_EDGE ( 'NONE', *, *, #9948, .F. ) ;
#10845 = DIRECTION ( 'NONE',  ( 0.8615645716962891942, 0.08778660944464597438, 0.5000000000000029976 ) ) ;
#10846 = ORIENTED_EDGE ( 'NONE', *, *, #4931, .T. ) ;
#10847 = CARTESIAN_POINT ( 'NONE',  ( -20.31882892523280404, 75.99474845239923582, 123.5388375173121744 ) ) ;
#10848 = EDGE_CURVE ( 'NONE', #5836, #4165, #1379, .T. ) ;
#10849 = CARTESIAN_POINT ( 'NONE',  ( -62.04527594282083669, 71.74315382074694014, 31.43861557911007409 ) ) ;
#10850 = CARTESIAN_POINT ( 'NONE',  ( -23.04317926290545770, 102.7323539559767624, 118.6754127980428279 ) ) ;
#10851 = DIRECTION ( 'NONE',  ( 1.000000000000000000, 0.000000000000000000, 0.000000000000000000 ) ) ;
#10852 = CARTESIAN_POINT ( 'NONE',  ( -5.785136984574577923, 104.4908118441466343, 119.5414382018272477 ) ) ;
#10853 = VECTOR ( 'NONE', #8230, 999.9999999999998863 ) ;
#10854 = EDGE_CURVE ( 'NONE', #3255, #8481, #7012, .T. ) ;
#10855 = CARTESIAN_POINT ( 'NONE',  ( -4.712125432228155830, 47.47699149580890321, 122.8391759652463264 ) ) ;
#10856 = PLANE ( 'NONE',  #3770 ) ;
#10857 = AXIS2_PLACEMENT_3D ( 'NONE', #1128, #4664, #5470 ) ;
#10858 = EDGE_LOOP ( 'NONE', ( #11325, #6188, #6807, #8847 ) ) ;
#10859 = PLANE ( 'NONE',  #9008 ) ;
#10860 = ORIENTED_EDGE ( 'NONE', *, *, #5366, .T. ) ;
#10861 = VECTOR ( 'NONE', #5965, 999.9999999999998863 ) ;
#10862 = ORIENTED_EDGE ( 'NONE', *, *, #6438, .T. ) ;
#10863 = LINE ( 'NONE', #5562, #5752 ) ;
#10864 = VECTOR ( 'NONE', #5180, 999.9999999999998863 ) ;
#10865 = FACE_OUTER_BOUND ( 'NONE', #6587, .T. ) ;
#10866 = EDGE_CURVE ( 'NONE', #9700, #7833, #8644, .T. ) ;
#10867 = VECTOR ( 'NONE', #418, 999.9999999999998863 ) ;
#10868 = CARTESIAN_POINT ( 'NONE',  ( 2.673334363454540341, 48.22951138340856403, 121.1071251576774301 ) ) ;
#10869 = VECTOR ( 'NONE', #8523, 1000.000000000000000 ) ;
#10870 = ORIENTED_EDGE ( 'NONE', *, *, #817, .T. ) ;
#10871 = CARTESIAN_POINT ( 'NONE',  ( 62.50096784310525777, 84.43343011600636316, 40.84049609600982222 ) ) ;
#10872 = ORIENTED_EDGE ( 'NONE', *, *, #7084, .T. ) ;
#10873 = EDGE_LOOP ( 'NONE', ( #5659, #4687, #10951, #6211, #11004, #9564, #7520, #9636 ) ) ;
#10874 = EDGE_LOOP ( 'NONE', ( #2366, #5004, #9930, #3090 ) ) ;
#10875 = PLANE ( 'NONE',  #493 ) ;
#10876 = ORIENTED_EDGE ( 'NONE', *, *, #11143, .F. ) ;
#10877 = LINE ( 'NONE', #1118, #6304 ) ;
#10878 = LINE ( 'NONE', #9943, #9749 ) ;
#10879 = VECTOR ( 'NONE', #9862, 999.9999999999998863 ) ;
#10880 = VECTOR ( 'NONE', #1626, 999.9999999999998863 ) ;
#10881 = FACE_OUTER_BOUND ( 'NONE', #6907, .T. ) ;
#10882 = DIRECTION ( 'NONE',  ( -1.000000000000000000, 0.000000000000000000, -3.148927598275349405E-15 ) ) ;
#10883 = VECTOR ( 'NONE', #1138, 1000.000000000000000 ) ;
#10884 = ADVANCED_FACE ( 'NONE', ( #2529 ), #6948, .T. ) ;
#10885 = EDGE_CURVE ( 'NONE', #6810, #7335, #11429, .T. ) ;
#10886 = AXIS2_PLACEMENT_3D ( 'NONE', #11018, #2347, #11128 ) ;
#10887 = CARTESIAN_POINT ( 'NONE',  ( -14.66287039243656487, 103.5862410887646377, 118.6754127980428279 ) ) ;
#10888 = VERTEX_POINT ( 'NONE', #1725 ) ;
#10889 = EDGE_CURVE ( 'NONE', #6005, #7290, #742, .T. ) ;
#10890 = EDGE_LOOP ( 'NONE', ( #10071, #7105, #8082, #6165 ) ) ;
#10891 = CARTESIAN_POINT ( 'NONE',  ( -11.46756503198831645, 103.9118174099703538, 121.1071251576774301 ) ) ;
#10892 = EDGE_CURVE ( 'NONE', #11444, #1998, #6077, .T. ) ;
#10893 = AXIS2_PLACEMENT_3D ( 'NONE', #2581, #3339, #6885 ) ;
#10894 = DIRECTION ( 'NONE',  ( 0.9948490747861963301, 0.1013672451882220438, 6.938893903907227607E-18 ) ) ;
#10895 = VECTOR ( 'NONE', #1448, 999.9999999999998863 ) ;
#10896 = CARTESIAN_POINT ( 'NONE',  ( -18.27743781271769308, 46.09479355143887602, 123.5388375173120892 ) ) ;
#10897 = VECTOR ( 'NONE', #1343, 999.9999999999998863 ) ;
#10898 = LINE ( 'NONE', #2007, #11090 ) ;
#10899 = ORIENTED_EDGE ( 'NONE', *, *, #954, .T. ) ;
#10900 = ADVANCED_FACE ( 'NONE', ( #10429 ), #861, .T. ) ;
#10901 = ORIENTED_EDGE ( 'NONE', *, *, #5017, .T. ) ;
#10902 = CARTESIAN_POINT ( 'NONE',  ( -2.092407086733225619, 104.8670717879464576, 137.4294501230542664 ) ) ;
#10903 = CARTESIAN_POINT ( 'NONE',  ( -0.6152014920796833319, 2.335970026501111629, 168.0137084989852951 ) ) ;
#10904 = CARTESIAN_POINT ( 'NONE',  ( -7.748365619529469228, 77.27557915158104151, 127.7026006845156445 ) ) ;
#10905 = CARTESIAN_POINT ( 'NONE',  ( -13.76525201278253974, 46.55454956459605853, 146.7000000000005002 ) ) ;
#10906 = VECTOR ( 'NONE', #2631, 999.9999999999998863 ) ;
#10907 = VERTEX_POINT ( 'NONE', #8878 ) ;
#10908 = DIRECTION ( 'NONE',  ( 0.4974245373931012182, 0.05068362259411096638, -0.8660254037844369313 ) ) ;
#10909 = ADVANCED_FACE ( 'NONE', ( #9508 ), #11490, .T. ) ;
#10910 = ORIENTED_EDGE ( 'NONE', *, *, #7140, .F. ) ;
#10911 = CARTESIAN_POINT ( 'NONE',  ( -13.09243430269705044, 46.62310436302102801, 127.7026006845156445 ) ) ;
#10912 = CARTESIAN_POINT ( 'NONE',  ( 10.70998192154906015, 49.04838214899448445, 87.77148351815341698 ) ) ;
#10913 = CARTESIAN_POINT ( 'NONE',  ( -1.516820071779906964, 47.80256781701462643, 139.8611624826889965 ) ) ;
#10914 = LINE ( 'NONE', #10738, #4937 ) ;
#10915 = CARTESIAN_POINT ( 'NONE',  ( -11.46756503198831645, 103.9118174099703538, 125.9705498769467482 ) ) ;
#10916 = VECTOR ( 'NONE', #6813, 999.9999999999998863 ) ;
#10917 = EDGE_CURVE ( 'NONE', #1557, #5718, #4153, .T. ) ;
#10918 = LINE ( 'NONE', #976, #1424 ) ;
#10919 = FACE_OUTER_BOUND ( 'NONE', #10164, .T. ) ;
#10920 = VERTEX_POINT ( 'NONE', #9628 ) ;
#10921 = DIRECTION ( 'NONE',  ( -0.1013672451882218634, 0.9948490747861964412, 0.000000000000000000 ) ) ;
#10922 = VERTEX_POINT ( 'NONE', #8758 ) ;
#10923 = LINE ( 'NONE', #6445, #9573 ) ;
#10924 = VERTEX_POINT ( 'NONE', #3398 ) ;
#10925 = CARTESIAN_POINT ( 'NONE',  ( -1.877139684275340503, 39.38381557039452474, 146.7000000000005002 ) ) ;
#10926 = LINE ( 'NONE', #4756, #9944 ) ;
#10927 = LINE ( 'NONE', #3992, #9264 ) ;
#10928 = VERTEX_POINT ( 'NONE', #797 ) ;
#10929 = DIRECTION ( 'NONE',  ( -0.8615645716962893053, -0.08778660944464596050, -0.5000000000000027756 ) ) ;
#10930 = ORIENTED_EDGE ( 'NONE', *, *, #10431, .F. ) ;
#10931 = ORIENTED_EDGE ( 'NONE', *, *, #6750, .T. ) ;
#10932 = CARTESIAN_POINT ( 'NONE',  ( -74.01293564308612360, 70.52374403697979233, 38.38392188198104549 ) ) ;
#10933 = ORIENTED_EDGE ( 'NONE', *, *, #3128, .T. ) ;
#10934 = ORIENTED_EDGE ( 'NONE', *, *, #440, .T. ) ;
#10935 = DIRECTION ( 'NONE',  ( 0.4974245373931009961, 0.05068362259411126475, -0.8660254037844370423 ) ) ;
#10936 = FACE_OUTER_BOUND ( 'NONE', #7775, .T. ) ;
#10937 = EDGE_CURVE ( 'NONE', #3901, #8091, #3344, .T. ) ;
#10938 = CARTESIAN_POINT ( 'NONE',  ( -2.874772208397245343, 9.299913550004461626, 150.0500000000005230 ) ) ;
#10939 = PLANE ( 'NONE',  #7204 ) ;
#10940 = LINE ( 'NONE', #7277, #3596 ) ;
#10941 = EDGE_LOOP ( 'NONE', ( #1736, #7311, #8379, #4637 ) ) ;
#10942 = EDGE_LOOP ( 'NONE', ( #1997, #5979, #5975, #6492 ) ) ;
#10943 = CIRCLE ( 'NONE', #6285, 1.049999999999992273 ) ;
#10944 = ORIENTED_EDGE ( 'NONE', *, *, #2344, .F. ) ;
#10945 = DIRECTION ( 'NONE',  ( 0.4974245373930948899, 0.05068362259411066800, 0.8660254037844405950 ) ) ;
#10946 = ADVANCED_FACE ( 'NONE', ( #7880 ), #1670, .T. ) ;
#10947 = DIRECTION ( 'NONE',  ( -0.8615645716962926359, -0.08778660944464630744, 0.4999999999999969469 ) ) ;
#10949 = ADVANCED_FACE ( 'NONE', ( #3467 ), #3285, .T. ) ;
#10948 = AXIS2_PLACEMENT_3D ( 'NONE', #4565, #6485, #3636 ) ;
#10950 = CARTESIAN_POINT ( 'NONE',  ( 7.278077729994752332, 19.52325316161342172, 150.0500000000005230 ) ) ;
#10951 = ORIENTED_EDGE ( 'NONE', *, *, #1402, .T. ) ;
#10952 = ORIENTED_EDGE ( 'NONE', *, *, #7286, .T. ) ;
#10953 = DIRECTION ( 'NONE',  ( 0.4974245373930948899, 0.05068362259411066800, 0.8660254037844405950 ) ) ;
#10954 = CARTESIAN_POINT ( 'NONE',  ( -8.404855330069507247, 47.10073155200907991, 129.2682876403658838 ) ) ;
#10955 = DIRECTION ( 'NONE',  ( 0.000000000000000000, -1.000000000000000000, 0.000000000000000000 ) ) ;
#10956 = DIRECTION ( 'NONE',  ( -0.4974245373930951675, -0.05068362259411070270, -0.8660254037844403729 ) ) ;
#10957 = AXIS2_PLACEMENT_3D ( 'NONE', #4709, #8083, #2099 ) ;
#10958 = ORIENTED_EDGE ( 'NONE', *, *, #9676, .F. ) ;
#10959 = LINE ( 'NONE', #2991, #8442 ) ;
#10960 = ORIENTED_EDGE ( 'NONE', *, *, #10176, .T. ) ;
#10961 = CARTESIAN_POINT ( 'NONE',  ( -11.44109551737085972, 76.89931920778120400, 134.1317123596352019 ) ) ;
#10962 = CARTESIAN_POINT ( 'NONE',  ( -21.31367800001900292, 75.89338120721100722, 139.8611624826889965 ) ) ;
#10963 = CARTESIAN_POINT ( 'NONE',  ( -20.31882892523280404, 75.99474845239923582, 130.1343130441503035 ) ) ;
#10964 = DIRECTION ( 'NONE',  ( -6.903152180341684056E-18, -7.033765596924220165E-19, 1.000000000000000000 ) ) ;
#10965 = EDGE_CURVE ( 'NONE', #9427, #7086, #2412, .T. ) ;
#10966 = CARTESIAN_POINT ( 'NONE',  ( -26.06617769514236471, 67.56875386892193092, 125.3534062788133099 ) ) ;
#10967 = VECTOR ( 'NONE', #6835, 1000.000000000000000 ) ;
#10968 = CARTESIAN_POINT ( 'NONE',  ( -59.95019872520355619, 71.95662560394391960, 30.22275939929271615 ) ) ;
#10969 = DIRECTION ( 'NONE',  ( -0.9948490747861963301, -0.1013672451882220715, 0.000000000000000000 ) ) ;
#10970 = ORIENTED_EDGE ( 'NONE', *, *, #3432, .F. ) ;
#10971 = CARTESIAN_POINT ( 'NONE',  ( -8.902279867462603136, 47.05004792941496561, 130.1343130441503035 ) ) ;
#10972 = ORIENTED_EDGE ( 'NONE', *, *, #4104, .F. ) ;
#10973 = DIRECTION ( 'NONE',  ( 0.1013672451882215303, -0.9948490747861964412, 0.000000000000000000 ) ) ;
#10974 = ORIENTED_EDGE ( 'NONE', *, *, #10687, .T. ) ;
#10975 = DIRECTION ( 'NONE',  ( -0.9948490747861964412, -0.1013672451882218634, -3.164135620181696535E-15 ) ) ;
#10976 = AXIS2_PLACEMENT_3D ( 'NONE', #7284, #2625, #5300 ) ;
#10977 = EDGE_CURVE ( 'NONE', #10981, #4578, #11314, .T. ) ;
#10978 = DIRECTION ( 'NONE',  ( -6.903152180341683286E-18, -7.033765596924227869E-19, 1.000000000000000000 ) ) ;
#10979 = EDGE_CURVE ( 'NONE', #10208, #8357, #6014, .T. ) ;
#10980 = CARTESIAN_POINT ( 'NONE',  ( 8.935349625867793577, 3.309095580308017759, 156.7000000000005002 ) ) ;
#10981 = VERTEX_POINT ( 'NONE', #5146 ) ;
#10982 = LINE ( 'NONE', #1111, #10708 ) ;
#10983 = EDGE_LOOP ( 'NONE', ( #3542, #7145, #5340, #3570 ) ) ;
#10984 = ORIENTED_EDGE ( 'NONE', *, *, #8218, .F. ) ;
#10985 = PLANE ( 'NONE',  #7483 ) ;
#10986 = ORIENTED_EDGE ( 'NONE', *, *, #6103, .F. ) ;
#10987 = CARTESIAN_POINT ( 'NONE',  ( -3.087256161519422726, 104.7657045427582432, 130.8339745962160805 ) ) ;
#10988 = VERTEX_POINT ( 'NONE', #4624 ) ;
#10989 = CARTESIAN_POINT ( 'NONE',  ( -4.553060259081219030, 77.60115547278675763, 138.1291116751200434 ) ) ;
#10990 = CARTESIAN_POINT ( 'NONE',  ( 10.48945375098246302, 68.96992823471107670, 105.4200000000005701 ) ) ;
#10991 = EDGE_CURVE ( 'NONE', #8714, #7621, #1842, .T. ) ;
#10992 = ADVANCED_FACE ( 'NONE', ( #1144 ), #5427, .T. ) ;
#10993 = CARTESIAN_POINT ( 'NONE',  ( -3.558211184295017926, 77.70252271797498622, 144.7245872019582293 ) ) ;
#10994 = CARTESIAN_POINT ( 'NONE',  ( -19.82140438783975256, 76.04543207499334301, 138.9951370789045200 ) ) ;
#10995 = FACE_OUTER_BOUND ( 'NONE', #10941, .T. ) ;
#10996 = ORIENTED_EDGE ( 'NONE', *, *, #9031, .T. ) ;
#10997 = EDGE_LOOP ( 'NONE', ( #2296, #7741, #6787, #1322 ) ) ;
#10998 = VERTEX_POINT ( 'NONE', #9050 ) ;
#10999 = CARTESIAN_POINT ( 'NONE',  ( -16.15514400461585964, 103.4341902209823161, 138.9951370789045200 ) ) ;
#11000 = DIRECTION ( 'NONE',  ( -0.5019378298181174092, 0.000000000000000000, 0.8649037027308177361 ) ) ;
#11001 = CARTESIAN_POINT ( 'NONE',  ( -4.553060259081219030, 77.60115547278675763, 133.2656869558507253 ) ) ;
#11002 = AXIS2_PLACEMENT_3D ( 'NONE', #10134, #6756, #1254 ) ;
#11003 = ORIENTED_EDGE ( 'NONE', *, *, #9031, .F. ) ;
#11004 = ORIENTED_EDGE ( 'NONE', *, *, #1996, .T. ) ;
#11005 = PLANE ( 'NONE',  #3195 ) ;
#11006 = AXIS2_PLACEMENT_3D ( 'NONE', #852, #7874, #7698 ) ;
#11007 = EDGE_CURVE ( 'NONE', #239, #10150, #3574, .T. ) ;
#11008 = FACE_OUTER_BOUND ( 'NONE', #5935, .T. ) ;
#11009 = VECTOR ( 'NONE', #10678, 1000.000000000000114 ) ;
#11010 = LINE ( 'NONE', #6477, #9951 ) ;
#11011 = LINE ( 'NONE', #11174, #2887 ) ;
#11012 = EDGE_CURVE ( 'NONE', #2865, #9891, #7361, .T. ) ;
#11013 = VERTEX_POINT ( 'NONE', #5600 ) ;
#11014 = VERTEX_POINT ( 'NONE', #918 ) ;
#11015 = PLANE ( 'NONE',  #4276 ) ;
#11016 = VECTOR ( 'NONE', #5232, 1000.000000000000000 ) ;
#11017 = DIRECTION ( 'NONE',  ( -0.5019378298181113029, 0.000000000000000000, -0.8649037027308211778 ) ) ;
#11018 = CARTESIAN_POINT ( 'NONE',  ( -18.85302482767101040, 103.1592975223707072, 142.2928748423235845 ) ) ;
#11019 = FACE_OUTER_BOUND ( 'NONE', #7644, .T. ) ;
#11020 = EDGE_CURVE ( 'NONE', #2606, #10206, #6367, .T. ) ;
#11021 = EDGE_CURVE ( 'NONE', #7909, #5519, #4649, .T. ) ;
#11022 = DIRECTION ( 'NONE',  ( 0.1013672451882219883, -0.9948490747861964412, 1.075499326746823620E-17 ) ) ;
#11023 = DIRECTION ( 'NONE',  ( -0.1013672451882214748, 0.9948490747861964412, -3.851859888774472253E-32 ) ) ;
#11024 = ORIENTED_EDGE ( 'NONE', *, *, #6880, .T. ) ;
#11025 = LINE ( 'NONE', #3054, #3988 ) ;
#11026 = ORIENTED_EDGE ( 'NONE', *, *, #1747, .T. ) ;
#11027 = EDGE_CURVE ( 'NONE', #929, #2382, #10398, .T. ) ;
#11028 = CARTESIAN_POINT ( 'NONE',  ( 0.09436922423786579806, -4.627973497002288994, 105.4200000000005986 ) ) ;
#11029 = ORIENTED_EDGE ( 'NONE', *, *, #3456, .F. ) ;
#11030 = DIRECTION ( 'NONE',  ( 1.000000000000000000, 0.000000000000000000, 0.000000000000000000 ) ) ;
#11031 = EDGE_CURVE ( 'NONE', #9039, #5585, #7124, .T. ) ;
#11032 = VECTOR ( 'NONE', #3523, 999.9999999999998863 ) ;
#11033 = CARTESIAN_POINT ( 'NONE',  ( -7.250941082136405313, 77.32626277417513450, 121.9731505614619209 ) ) ;
#11034 = DIRECTION ( 'NONE',  ( -0.5019378298181174092, 0.000000000000000000, 0.8649037027308177361 ) ) ;
#11035 = ORIENTED_EDGE ( 'NONE', *, *, #905, .T. ) ;
#11036 = LINE ( 'NONE', #628, #1804 ) ;
#11037 = EDGE_LOOP ( 'NONE', ( #10952, #7996, #9150, #6728 ) ) ;
#11038 = CARTESIAN_POINT ( 'NONE',  ( 18.56546058005925204, 50.85397083251827155, 155.7000000000005002 ) ) ;
#11039 = ORIENTED_EDGE ( 'NONE', *, *, #5719, .T. ) ;
#11040 = CARTESIAN_POINT ( 'NONE',  ( 3.364194807065105319, 2.741439007253974047, 168.0137084989852951 ) ) ;
#11041 = PLANE ( 'NONE',  #6933 ) ;
#11042 = EDGE_CURVE ( 'NONE', #10599, #4916, #8990, .T. ) ;
#11043 = ORIENTED_EDGE ( 'NONE', *, *, #2962, .T. ) ;
#11044 = PLANE ( 'NONE',  #938 ) ;
#11045 = CARTESIAN_POINT ( 'NONE',  ( -16.12867448999835673, 76.42169201879316631, 127.7026006845156445 ) ) ;
#11046 = AXIS2_PLACEMENT_3D ( 'NONE', #6638, #1245, #3902 ) ;
#11047 = VECTOR ( 'NONE', #11136, 1000.000000000000114 ) ;
#11048 = CARTESIAN_POINT ( 'NONE',  ( -26.06617769529992756, 67.56875387046828507, 103.8514543557159868 ) ) ;
#11049 = LINE ( 'NONE', #5750, #8688 ) ;
#11050 = EDGE_CURVE ( 'NONE', #4524, #8895, #8000, .T. ) ;
#11051 = DIRECTION ( 'NONE',  ( 3.148927598275349405E-15, 3.100401161182723417E-16, -1.000000000000000000 ) ) ;
#11052 = ORIENTED_EDGE ( 'NONE', *, *, #11187, .F. ) ;
#11053 = EDGE_CURVE ( 'NONE', #11311, #195, #10736, .T. ) ;
#11054 = EDGE_LOOP ( 'NONE', ( #6379, #9129 ) ) ;
#11055 = EDGE_LOOP ( 'NONE', ( #9171, #10459, #9686, #7159 ) ) ;
#11056 = VECTOR ( 'NONE', #6193, 999.9999999999998863 ) ;
#11057 = VECTOR ( 'NONE', #1085, 999.9999999999998863 ) ;
#11058 = DIRECTION ( 'NONE',  ( 0.1013672451882219883, -0.9948490747861964412, 1.075499326746823620E-17 ) ) ;
#11059 = VERTEX_POINT ( 'NONE', #1029 ) ;
#11060 = CARTESIAN_POINT ( 'NONE',  ( -24.03802833769165659, 102.6309867107885481, 133.2656869558507253 ) ) ;
#11061 = AXIS2_PLACEMENT_3D ( 'NONE', #5831, #1367, #10307 ) ;
#11062 = PLANE ( 'NONE',  #10721 ) ;
#11063 = VECTOR ( 'NONE', #10577, 1000.000000000000000 ) ;
#11064 = ORIENTED_EDGE ( 'NONE', *, *, #3977, .F. ) ;
#11065 = ORIENTED_EDGE ( 'NONE', *, *, #9436, .T. ) ;
#11066 = CARTESIAN_POINT ( 'NONE',  ( -11.32982293053180989, 22.65250542118817378, 156.7000000000005002 ) ) ;
#11067 = CARTESIAN_POINT ( 'NONE',  ( 0.09436922423786547887, -4.627973497002288994, 153.0500000000005230 ) ) ;
#11068 = DIRECTION ( 'NONE',  ( 0.5019378298181175202, 0.000000000000000000, -0.8649037027308175141 ) ) ;
#11069 = PLANE ( 'NONE',  #6034 ) ;
#11070 = AXIS2_PLACEMENT_3D ( 'NONE', #6315, #9920, #4510 ) ;
#11071 = ORIENTED_EDGE ( 'NONE', *, *, #2550, .F. ) ;
#11072 = DIRECTION ( 'NONE',  ( 0.1013672451882219883, -0.9948490747861964412, 1.075499326746823620E-17 ) ) ;
#11073 = AXIS2_PLACEMENT_3D ( 'NONE', #1063, #1121, #6223 ) ;
#11074 = DIRECTION ( 'NONE',  ( 0.9948490747861963301, 0.1013672451882219744, 3.164135620181696535E-15 ) ) ;
#11075 = LINE ( 'NONE', #10084, #1047 ) ;
#11076 = LINE ( 'NONE', #10247, #7184 ) ;
#11077 = VECTOR ( 'NONE', #6032, 1000.000000000000114 ) ;
#11078 = VECTOR ( 'NONE', #2942, 1000.000000000000114 ) ;
#11079 = DIRECTION ( 'NONE',  ( 0.4974245373931012182, 0.05068362259411096638, -0.8660254037844369313 ) ) ;
#11080 = ADVANCED_FACE ( 'NONE', ( #161 ), #274, .T. ) ;
#11081 = FACE_OUTER_BOUND ( 'NONE', #1522, .T. ) ;
#11082 = FACE_OUTER_BOUND ( 'NONE', #6363, .T. ) ;
#11083 = LINE ( 'NONE', #8406, #4173 ) ;
#11084 = ORIENTED_EDGE ( 'NONE', *, *, #8024, .T. ) ;
#11085 = CARTESIAN_POINT ( 'NONE',  ( -23.04317926290545770, 102.7323539559767624, 128.4022622365814641 ) ) ;
#11086 = ORIENTED_EDGE ( 'NONE', *, *, #6922, .F. ) ;
#11087 = CARTESIAN_POINT ( 'NONE',  ( 45.13754649672957697, 82.66423493501598330, 30.76381588143816970 ) ) ;
#11088 = EDGE_CURVE ( 'NONE', #2906, #647, #10666, .T. ) ;
#11089 = DIRECTION ( 'NONE',  ( -3.480278902931750302E-15, -3.438021909835086216E-16, 1.000000000000000000 ) ) ;
#11090 = VECTOR ( 'NONE', #1887, 999.9999999999998863 ) ;
#11091 = EDGE_CURVE ( 'NONE', #8664, #500, #6483, .T. ) ;
#11092 = LINE ( 'NONE', #9179, #1290 ) ;
#11093 = EDGE_LOOP ( 'NONE', ( #4075, #2245 ) ) ;
#11094 = FACE_OUTER_BOUND ( 'NONE', #10858, .T. ) ;
#11095 = ORIENTED_EDGE ( 'NONE', *, *, #5048, .F. ) ;
#11096 = CARTESIAN_POINT ( 'NONE',  ( 4.341001148326223635, 48.39943342702169105, 155.7000000000005002 ) ) ;
#11097 = ORIENTED_EDGE ( 'NONE', *, *, #2793, .T. ) ;
#11098 = CARTESIAN_POINT ( 'NONE',  ( -28.19244593489199957, 46.08971030867185448, 155.7000000000005002 ) ) ;
#11099 = CARTESIAN_POINT ( 'NONE',  ( 17.57061150527304960, 50.75260358733006427, 88.77148351815341698 ) ) ;
#11100 = ORIENTED_EDGE ( 'NONE', *, *, #1160, .F. ) ;
#11101 = LINE ( 'NONE', #4875, #10394 ) ;
#11102 = PLANE ( 'NONE',  #3809 ) ;
#11103 = EDGE_LOOP ( 'NONE', ( #10846, #2809, #8372, #816, #7563, #11425 ) ) ;
#11104 = CARTESIAN_POINT ( 'NONE',  ( -57.85512150758629701, 72.17009738714088485, 29.00690321947536887 ) ) ;
#11105 = EDGE_CURVE ( 'NONE', #3715, #896, #6253, .T. ) ;
#11106 = CARTESIAN_POINT ( 'NONE',  ( 3.827248611387674249, 78.45504260557461862, 120.4074636056117242 ) ) ;
#11107 = CARTESIAN_POINT ( 'NONE',  ( -14.76010108756873507, 46.45318231940783704, 114.4200000000005701 ) ) ;
#11108 = ORIENTED_EDGE ( 'NONE', *, *, #6677, .T. ) ;
#11109 = ORIENTED_EDGE ( 'NONE', *, *, #6120, .T. ) ;
#11110 = VERTEX_POINT ( 'NONE', #8055 ) ;
#11111 = LINE ( 'NONE', #8505, #10477 ) ;
#11112 = ORIENTED_EDGE ( 'NONE', *, *, #5346, .T. ) ;
#11113 = EDGE_CURVE ( 'NONE', #7147, #9071, #95, .T. ) ;
#11114 = EDGE_CURVE ( 'NONE', #1667, #64, #6122, .T. ) ;
#11115 = DIRECTION ( 'NONE',  ( 3.148927598275349405E-15, 3.100401161182723417E-16, -1.000000000000000000 ) ) ;
#11116 = LINE ( 'NONE', #3260, #1446 ) ;
#11117 = VECTOR ( 'NONE', #8233, 999.9999999999998863 ) ;
#11118 = ORIENTED_EDGE ( 'NONE', *, *, #10466, .T. ) ;
#11119 = ORIENTED_EDGE ( 'NONE', *, *, #2691, .T. ) ;
#11120 = CARTESIAN_POINT ( 'NONE',  ( -24.53545287508475425, 102.5803030881944409, 134.1317123596352019 ) ) ;
#11121 = CARTESIAN_POINT ( 'NONE',  ( 14.73710580834817740, 78.56149309352981902, 88.77148351815341698 ) ) ;
#11122 = CARTESIAN_POINT ( 'NONE',  ( -9.897128942248800243, 46.94868068422675123, 139.8611624826889965 ) ) ;
#11123 = ORIENTED_EDGE ( 'NONE', *, *, #7044, .T. ) ;
#11124 = DIRECTION ( 'NONE',  ( 0.1013672451882220160, -0.9948490747861964412, 0.000000000000000000 ) ) ;
#11125 = VECTOR ( 'NONE', #4205, 1000.000000000000114 ) ;
#11126 = CARTESIAN_POINT ( 'NONE',  ( 53.51785536719845027, 83.51812206780385850, 35.62724060070753751 ) ) ;
#11127 = EDGE_CURVE ( 'NONE', #4063, #5900, #7801, .T. ) ;
#11128 = DIRECTION ( 'NONE',  ( -1.000000000000000000, 0.000000000000000000, -3.148927598275349405E-15 ) ) ;
#11129 = EDGE_CURVE ( 'NONE', #528, #11059, #7634, .T. ) ;
#11130 = CYLINDRICAL_SURFACE ( 'NONE', #6630, 1.550000000000000266 ) ;
#11131 = ORIENTED_EDGE ( 'NONE', *, *, #8591, .F. ) ;
#11132 = VECTOR ( 'NONE', #6382, 999.9999999999998863 ) ;
#11133 = DIRECTION ( 'NONE',  ( -0.9948490747861963301, -0.1013672451882219605, -3.497202527569243497E-15 ) ) ;
#11134 = CARTESIAN_POINT ( 'NONE',  ( -8.404855330069507247, 47.10073155200907991, 124.4048629210965657 ) ) ;
#11135 = ORIENTED_EDGE ( 'NONE', *, *, #7369, .F. ) ;
#11136 = DIRECTION ( 'NONE',  ( 0.9948490747861963301, 0.1013672451882219744, 3.164135620181696535E-15 ) ) ;
#11137 = ORIENTED_EDGE ( 'NONE', *, *, #6735, .T. ) ;
#11138 = DIRECTION ( 'NONE',  ( -0.8615645716962893053, -0.08778660944464596050, -0.5000000000000027756 ) ) ;
#11139 = ORIENTED_EDGE ( 'NONE', *, *, #7884, .F. ) ;
#11140 = LINE ( 'NONE', #4095, #9291 ) ;
#11141 = LINE ( 'NONE', #4980, #9566 ) ;
#11142 = VECTOR ( 'NONE', #4501, 1000.000000000000000 ) ;
#11143 = EDGE_CURVE ( 'NONE', #4848, #11338, #11177, .T. ) ;
#11144 = ORIENTED_EDGE ( 'NONE', *, *, #460, .F. ) ;
#11145 = LINE ( 'NONE', #8366, #9777 ) ;
#11146 = VERTEX_POINT ( 'NONE', #2182 ) ;
#11147 = ORIENTED_EDGE ( 'NONE', *, *, #3711, .T. ) ;
#11148 = DIRECTION ( 'NONE',  ( -3.480278902931750302E-15, -3.438021909835086216E-16, 1.000000000000000000 ) ) ;
#11149 = ADVANCED_FACE ( 'NONE', ( #1365 ), #8398, .F. ) ;
#11150 = ORIENTED_EDGE ( 'NONE', *, *, #10524, .F. ) ;
#11151 = EDGE_CURVE ( 'NONE', #1641, #986, #3973, .T. ) ;
#11152 = CARTESIAN_POINT ( 'NONE',  ( 37.36004123169865210, 81.87176871764276598, 26.25022193820172234 ) ) ;
#11153 = CARTESIAN_POINT ( 'NONE',  ( 19.36656422573994973, 72.80109717141759518, 87.77148351815341698 ) ) ;
#11154 = ORIENTED_EDGE ( 'NONE', *, *, #8618, .F. ) ;
#11155 = DIRECTION ( 'NONE',  ( -7.327943828065848168E-12, 7.191747867590729583E-11, -1.000000000000000000 ) ) ;
#11156 = DIRECTION ( 'NONE',  ( 0.1013672451882218772, -0.9948490747861963301, -7.228985060042743360E-11 ) ) ;
#11157 = ADVANCED_FACE ( 'NONE', ( #3868 ), #9274, .T. ) ;
#11158 = VERTEX_POINT ( 'NONE', #1426 ) ;
#11159 = PLANE ( 'NONE',  #4014 ) ;
#11160 = CARTESIAN_POINT ( 'NONE',  ( -7.872481210540203556, 77.26293275539438810, 135.6973993154853986 ) ) ;
#11161 = PLANE ( 'NONE',  #8228 ) ;
#11162 = ORIENTED_EDGE ( 'NONE', *, *, #6003, .F. ) ;
#11163 = ORIENTED_EDGE ( 'NONE', *, *, #6325, .F. ) ;
#11164 = ORIENTED_EDGE ( 'NONE', *, *, #2954, .F. ) ;
#11165 = CARTESIAN_POINT ( 'NONE',  ( 18.56546058005924493, 50.85397083251827155, 88.77148351815341698 ) ) ;
#11166 = EDGE_CURVE ( 'NONE', #10680, #6821, #8733, .T. ) ;
#11167 = EDGE_CURVE ( 'NONE', #800, #2563, #2343, .T. ) ;
#11168 = VERTEX_POINT ( 'NONE', #501 ) ;
#11169 = CARTESIAN_POINT ( 'NONE',  ( 3.668183438240737448, 48.33087862859674289, 125.9705498769468051 ) ) ;
#11170 = VERTEX_POINT ( 'NONE', #8456 ) ;
#11171 = VERTEX_POINT ( 'NONE', #10962 ) ;
#11172 = CARTESIAN_POINT ( 'NONE',  ( -0.8603303612398736089, 77.97741541658658093, 131.7000000000005286 ) ) ;
#11173 = CARTESIAN_POINT ( 'NONE',  ( -18.27743781271769308, 46.09479355143887602, 130.1343130441503604 ) ) ;
#11174 = CARTESIAN_POINT ( 'NONE',  ( -12.32467200531801055, 22.55113817599995940, 146.7000000000005002 ) ) ;
#11175 = ORIENTED_EDGE ( 'NONE', *, *, #10525, .F. ) ;
#11176 = EDGE_CURVE ( 'NONE', #10655, #5357, #2994, .T. ) ;
#11177 = LINE ( 'NONE', #1199, #7058 ) ;
#11178 = DIRECTION ( 'NONE',  ( 0.8615645716962891942, 0.08778660944464597438, 0.5000000000000029976 ) ) ;
#11179 = PLANE ( 'NONE',  #10886 ) ;
#11180 = VECTOR ( 'NONE', #4672, 999.9999999999998863 ) ;
#11181 = CARTESIAN_POINT ( 'NONE',  ( 2.595171885894318464, 105.3446989769344952, 138.9951370789045200 ) ) ;
#11182 = ORIENTED_EDGE ( 'NONE', *, *, #4772, .F. ) ;
#11183 = EDGE_CURVE ( 'NONE', #4759, #2252, #8514, .T. ) ;
#11184 = DIRECTION ( 'NONE',  ( 6.903152180341684826E-18, 7.033765596924220165E-19, -1.000000000000000000 ) ) ;
#11185 = VECTOR ( 'NONE', #4177, 1000.000000000000114 ) ;
#11186 = CARTESIAN_POINT ( 'NONE',  ( 6.366064261295886872, 48.60577132720839444, 134.1317123596352019 ) ) ;
#11187 = EDGE_CURVE ( 'NONE', #2334, #6521, #1264, .T. ) ;
#11188 = LINE ( 'NONE', #7820, #2338 ) ;
#11189 = DIRECTION ( 'NONE',  ( -0.4974245373931011072, -0.05068362259411127169, 0.8660254037844369313 ) ) ;
#11190 = ORIENTED_EDGE ( 'NONE', *, *, #9608, .F. ) ;
#11191 = VECTOR ( 'NONE', #7778, 999.9999999999998863 ) ;
#11192 = CARTESIAN_POINT ( 'NONE',  ( -28.19244593489199957, 46.08971030867185448, 155.7000000000005002 ) ) ;
#11193 = ORIENTED_EDGE ( 'NONE', *, *, #784, .F. ) ;
#11194 = DIRECTION ( 'NONE',  ( 0.000000000000000000, 1.000000000000000000, -1.387778780781444413E-14 ) ) ;
#11195 = VECTOR ( 'NONE', #8240, 999.9999999999998863 ) ;
#11196 = CARTESIAN_POINT ( 'NONE',  ( -1.516820071779903412, 47.80256781701461932, 142.9925363943893615 ) ) ;
#11197 = EDGE_CURVE ( 'NONE', #3293, #9828, #4795, .T. ) ;
#11198 = VECTOR ( 'NONE', #6591, 999.9999999999998863 ) ;
#11199 = VECTOR ( 'NONE', #7102, 1000.000000000000000 ) ;
#11200 = ORIENTED_EDGE ( 'NONE', *, *, #6550, .T. ) ;
#11201 = CARTESIAN_POINT ( 'NONE',  ( -66.23543037805521294, 71.31621025435302386, 33.87032793874467984 ) ) ;
#11202 = ORIENTED_EDGE ( 'NONE', *, *, #10622, .T. ) ;
#11203 = ORIENTED_EDGE ( 'NONE', *, *, #8494, .F. ) ;
#11204 = LINE ( 'NONE', #3352, #6179 ) ;
#11205 = VERTEX_POINT ( 'NONE', #8346 ) ;
#11206 = CARTESIAN_POINT ( 'NONE',  ( -15.65771946722276020, 103.4848738435764233, 118.6754127980427853 ) ) ;
#11207 = DIRECTION ( 'NONE',  ( 0.8615645716962927469, 0.08778660944464633520, -0.4999999999999967248 ) ) ;
#11208 = AXIS2_PLACEMENT_3D ( 'NONE', #1897, #4563, #7298 ) ;
#11209 = EDGE_LOOP ( 'NONE', ( #1101, #3899, #1505, #25 ) ) ;
#11210 = DIRECTION ( 'NONE',  ( 0.4974245373930950564, 0.05068362259411089699, 0.8660254037844403729 ) ) ;
#11211 = LINE ( 'NONE', #6795, #3967 ) ;
#11212 = EDGE_CURVE ( 'NONE', #4243, #6842, #445, .T. ) ;
#11213 = ORIENTED_EDGE ( 'NONE', *, *, #2033, .T. ) ;
#11214 = CARTESIAN_POINT ( 'NONE',  ( -10.47271595720211934, 104.0131846551585681, 137.4294501230542664 ) ) ;
#11215 = PLANE ( 'NONE',  #1472 ) ;
#11216 = VECTOR ( 'NONE', #8255, 1000.000000000000114 ) ;
#11217 = CARTESIAN_POINT ( 'NONE',  ( -12.59500976530395455, 46.67378798561514230, 121.9731505614619067 ) ) ;
#11218 = EDGE_LOOP ( 'NONE', ( #3606, #6319, #5201, #655 ) ) ;
#11219 = ORIENTED_EDGE ( 'NONE', *, *, #9591, .T. ) ;
#11220 = VERTEX_POINT ( 'NONE', #3102 ) ;
#11221 = VECTOR ( 'NONE', #3430, 999.9999999999998863 ) ;
#11222 = DIRECTION ( 'NONE',  ( -0.8615645716962926359, -0.08778660944464630744, 0.4999999999999969469 ) ) ;
#11223 = AXIS2_PLACEMENT_3D ( 'NONE', #1141, #5485, #4560 ) ;
#11224 = ORIENTED_EDGE ( 'NONE', *, *, #5072, .T. ) ;
#11225 = CARTESIAN_POINT ( 'NONE',  ( 2.595171885894314912, 105.3446989769345095, 129.2682876403658838 ) ) ;
#11227 = EDGE_CURVE ( 'NONE', #710, #2325, #24, .T. ) ;
#11226 = AXIS2_PLACEMENT_3D ( 'NONE', #9027, #3503, #9840 ) ;
#11228 = EDGE_CURVE ( 'NONE', #5503, #6566, #3154, .T. ) ;
#11229 = DIRECTION ( 'NONE',  ( -0.9948490747861963301, -0.1013672451882218911, -0.000000000000000000 ) ) ;
#11230 = CIRCLE ( 'NONE', #3429, 1.000000000000000888 ) ;
#11231 = VERTEX_POINT ( 'NONE', #10196 ) ;
#11232 = EDGE_CURVE ( 'NONE', #8945, #11288, #6518, .T. ) ;
#11233 = ORIENTED_EDGE ( 'NONE', *, *, #10035, .F. ) ;
#11234 = CARTESIAN_POINT ( 'NONE',  ( 0.2252277916027550786, 9.299913550004461626, 113.3500000000005059 ) ) ;
#11235 = CARTESIAN_POINT ( 'NONE',  ( -5.706974507014352938, 47.37562425062068883, 125.9705498769467482 ) ) ;
#11236 = PLANE ( 'NONE',  #9384 ) ;
#11237 = ORIENTED_EDGE ( 'NONE', *, *, #2392, .F. ) ;
#11238 = CARTESIAN_POINT ( 'NONE',  ( -66.23543037805517031, 71.31621025435302386, 33.87032793874465852 ) ) ;
#11239 = DIRECTION ( 'NONE',  ( -0.1013672451882218495, 0.9948490747861963301, -1.380630436068335661E-14 ) ) ;
#11240 = AXIS2_PLACEMENT_3D ( 'NONE', #8760, #8002, #9509 ) ;
#11241 = DIRECTION ( 'NONE',  ( 0.5019378298181175202, 0.000000000000000000, -0.8649037027308175141 ) ) ;
#11242 = VECTOR ( 'NONE', #7310, 999.9999999999998863 ) ;
#11243 = DIRECTION ( 'NONE',  ( 0.4974245373930948899, 0.05068362259411066800, 0.8660254037844405950 ) ) ;
#11244 = ADVANCED_FACE ( 'NONE', ( #2286 ), #11015, .T. ) ;
#11245 = ORIENTED_EDGE ( 'NONE', *, *, #1072, .T. ) ;
#11246 = VECTOR ( 'NONE', #8342, 999.9999999999998863 ) ;
#11247 = VECTOR ( 'NONE', #6878, 999.9999999999998863 ) ;
#11248 = LINE ( 'NONE', #4854, #2839 ) ;
#11249 = CARTESIAN_POINT ( 'NONE',  ( -24.53545287508475425, 102.5803030881944409, 138.9951370789045200 ) ) ;
#11250 = DIRECTION ( 'NONE',  ( 3.148927598275349405E-15, 3.100401161182723417E-16, -1.000000000000000000 ) ) ;
#11251 = CARTESIAN_POINT ( 'NONE',  ( -0.5219709969937029737, 47.90393506220281239, 142.9925363943894183 ) ) ;
#11252 = AXIS2_PLACEMENT_3D ( 'NONE', #2444, #5989, #10464 ) ;
#11253 = ORIENTED_EDGE ( 'NONE', *, *, #8583, .T. ) ;
#11254 = DIRECTION ( 'NONE',  ( 0.1013672451882219883, -0.9948490747861964412, 1.075499326746823620E-17 ) ) ;
#11255 = ORIENTED_EDGE ( 'NONE', *, *, #3618, .T. ) ;
#11256 = CARTESIAN_POINT ( 'NONE',  ( 5.882948400978983194, 23.40117296363939658, 156.7000000000005002 ) ) ;
#11257 = VECTOR ( 'NONE', #5081, 1000.000000000000000 ) ;
#11258 = LINE ( 'NONE', #3933, #6598 ) ;
#11259 = VECTOR ( 'NONE', #3405, 999.9999999999998863 ) ;
#11260 = EDGE_CURVE ( 'NONE', #3702, #6392, #558, .T. ) ;
#11261 = VECTOR ( 'NONE', #6160, 1000.000000000000114 ) ;
#11262 = EDGE_LOOP ( 'NONE', ( #6377, #3367, #8658, #8185 ) ) ;
#11263 = LINE ( 'NONE', #8534, #2720 ) ;
#11264 = VERTEX_POINT ( 'NONE', #1597 ) ;
#11265 = CARTESIAN_POINT ( 'NONE',  ( -21.48406718362622669, 48.88411394674696453, 102.3324986632859037 ) ) ;
#11266 = VERTEX_POINT ( 'NONE', #10416 ) ;
#11267 = DIRECTION ( 'NONE',  ( 0.1013672451882219883, -0.9948490747861964412, 1.075499326746823620E-17 ) ) ;
#11268 = EDGE_LOOP ( 'NONE', ( #8603, #11052, #6017, #3572 ) ) ;
#11269 = CARTESIAN_POINT ( 'NONE',  ( -24.53545287508475425, 102.5803030881944409, 129.2682876403658838 ) ) ;
#11270 = ORIENTED_EDGE ( 'NONE', *, *, #8219, .F. ) ;
#11271 = ORIENTED_EDGE ( 'NONE', *, *, #6264, .F. ) ;
#11272 = DIRECTION ( 'NONE',  ( 0.9948490747861964412, 0.1013672451882220021, -1.200647045275744145E-16 ) ) ;
#11273 = FACE_OUTER_BOUND ( 'NONE', #11398, .T. ) ;
#11274 = VECTOR ( 'NONE', #10085, 999.9999999999998863 ) ;
#11275 = ORIENTED_EDGE ( 'NONE', *, *, #9283, .T. ) ;
#11276 = DIRECTION ( 'NONE',  ( 0.8615645716962927469, 0.08778660944464633520, -0.4999999999999967248 ) ) ;
#11277 = DIRECTION ( 'NONE',  ( -0.9948490747861964412, -0.1013672451882218634, -3.164135620181696535E-15 ) ) ;
#11278 = VECTOR ( 'NONE', #8217, 1000.000000000000114 ) ;
#11279 = ORIENTED_EDGE ( 'NONE', *, *, #6952, .T. ) ;
#11280 = LINE ( 'NONE', #2434, #1729 ) ;
#11281 =( BOUNDED_CURVE ( )  B_SPLINE_CURVE ( 3, ( #10385, #5153, #7074, #1622 ),
 .UNSPECIFIED., .F., .F. ) 
 B_SPLINE_CURVE_WITH_KNOTS ( ( 4, 4 ),
 ( 4.610847330772824826, 4.712388980384691450 ),
 .UNSPECIFIED. ) 
 CURVE ( )  GEOMETRIC_REPRESENTATION_ITEM ( )  RATIONAL_B_SPLINE_CURVE ( ( 1.000000000000000000, 0.9991409590007871433, 0.9991409590007871433, 1.000000000000000000 ) ) 
 REPRESENTATION_ITEM ( '' )  );
#11282 = ORIENTED_EDGE ( 'NONE', *, *, #7608, .T. ) ;
#11283 = EDGE_LOOP ( 'NONE', ( #11385, #4443, #8892, #850 ) ) ;
#11284 = ORIENTED_EDGE ( 'NONE', *, *, #6656, .F. ) ;
#11285 = CARTESIAN_POINT ( 'NONE',  ( -1.324772208397244855, 9.299913550004461626, 105.4200000000005844 ) ) ;
#11286 = ORIENTED_EDGE ( 'NONE', *, *, #3084, .T. ) ;
#11287 = LINE ( 'NONE', #11399, #11221 ) ;
#11288 = VERTEX_POINT ( 'NONE', #781 ) ;
#11289 = CARTESIAN_POINT ( 'NONE',  ( -11.93852005476391298, 76.84863558518709681, 128.4022622365814925 ) ) ;
#11290 = ORIENTED_EDGE ( 'NONE', *, *, #6771, .F. ) ;
#11291 = ORIENTED_EDGE ( 'NONE', *, *, #9180, .T. ) ;
#11292 = CARTESIAN_POINT ( 'NONE',  ( -0.02454645960061480059, 47.95461868479695511, 138.9951370789045200 ) ) ;
#11293 = CARTESIAN_POINT ( 'NONE',  ( -0.6152014920796827768, -1.664029973498888371, 168.0137084989852951 ) ) ;
#11294 = CARTESIAN_POINT ( 'NONE',  ( -0.3629058238467702813, 78.02809903918068812, 125.9705498769467482 ) ) ;
#11295 = EDGE_CURVE ( 'NONE', #6164, #4524, #2454, .T. ) ;
#11296 = EDGE_CURVE ( 'NONE', #11443, #2865, #6822, .T. ) ;
#11297 = ORIENTED_EDGE ( 'NONE', *, *, #6120, .F. ) ;
#11298 = LINE ( 'NONE', #11355, #6874 ) ;
#11299 = EDGE_CURVE ( 'NONE', #7086, #8196, #1655, .T. ) ;
#11300 = PLANE ( 'NONE',  #7596 ) ;
#11301 = ADVANCED_FACE ( 'NONE', ( #4256 ), #8690, .T. ) ;
#11302 = PLANE ( 'NONE',  #9021 ) ;
#11303 = VECTOR ( 'NONE', #2900, 1000.000000000000114 ) ;
#11304 = DIRECTION ( 'NONE',  ( 0.4974245373931012182, 0.05068362259411096638, -0.8660254037844369313 ) ) ;
#11305 = EDGE_LOOP ( 'NONE', ( #10757, #8019 ) ) ;
#11306 = DIRECTION ( 'NONE',  ( 0.1013672451882219883, -0.9948490747861964412, 1.075499326746823620E-17 ) ) ;
#11307 = DIRECTION ( 'NONE',  ( 0.8615645716962927469, 0.08778660944464633520, -0.4999999999999967248 ) ) ;
#11308 = PLANE ( 'NONE',  #10893 ) ;
#11309 = CARTESIAN_POINT ( 'NONE',  ( 0.6319432509394283803, 78.12946628436891672, 142.2928748423235845 ) ) ;
#11310 = VECTOR ( 'NONE', #10652, 999.9999999999998863 ) ;
#11311 = VERTEX_POINT ( 'NONE', #6996 ) ;
#11312 = LINE ( 'NONE', #10427, #8267 ) ;
#11313 = EDGE_LOOP ( 'NONE', ( #3645, #2492, #8321, #8254, #11065, #3196 ) ) ;
#11314 = LINE ( 'NONE', #6890, #3904 ) ;
#11315 = EDGE_CURVE ( 'NONE', #5982, #2253, #9671, .T. ) ;
#11316 = CARTESIAN_POINT ( 'NONE',  ( -14.66287039243656487, 103.5862410887646377, 125.2708883248809855 ) ) ;
#11317 = ORIENTED_EDGE ( 'NONE', *, *, #4234, .F. ) ;
#11318 = CARTESIAN_POINT ( 'NONE',  ( -10.16575261002717312, 1.362844472694154874, 156.7000000000005002 ) ) ;
#11319 = ORIENTED_EDGE ( 'NONE', *, *, #1537, .F. ) ;
#11320 = CYLINDRICAL_SURFACE ( 'NONE', #5244, 1.550000000000000266 ) ;
#11321 = ORIENTED_EDGE ( 'NONE', *, *, #5699, .F. ) ;
#11322 = CARTESIAN_POINT ( 'NONE',  ( -14.08728337748324755, 46.52173711783281362, 142.2928748423236414 ) ) ;
#11323 = ORIENTED_EDGE ( 'NONE', *, *, #10091, .T. ) ;
#11324 = CARTESIAN_POINT ( 'NONE',  ( -3.584680698912521279, 104.7150209201641360, 131.7000000000005286 ) ) ;
#11325 = ORIENTED_EDGE ( 'NONE', *, *, #566, .T. ) ;
#11326 = ORIENTED_EDGE ( 'NONE', *, *, #1095, .T. ) ;
#11327 = CARTESIAN_POINT ( 'NONE',  ( 6.863488798688985426, 48.65645494980250163, 123.5388375173120892 ) ) ;
#11328 = CIRCLE ( 'NONE', #7800, 9.599999999999997868 ) ;
#11329 = VECTOR ( 'NONE', #2703, 999.9999999999998863 ) ;
#11330 = EDGE_CURVE ( 'NONE', #5994, #1621, #1711, .T. ) ;
#11331 = LINE ( 'NONE', #3359, #4017 ) ;
#11332 = EDGE_LOOP ( 'NONE', ( #1019, #802, #5454, #1053 ) ) ;
#11333 = CARTESIAN_POINT ( 'NONE',  ( -0.2869982004050321001, 23.77768184277745078, 136.7000000000005002 ) ) ;
#11334 = DIRECTION ( 'NONE',  ( -3.480278902931750302E-15, -3.438021909835086216E-16, 1.000000000000000000 ) ) ;
#11335 = VECTOR ( 'NONE', #11475, 1000.000000000000000 ) ;
#11336 = ORIENTED_EDGE ( 'NONE', *, *, #10710, .T. ) ;
#11337 = DIRECTION ( 'NONE',  ( -0.4974245373930951675, -0.05068362259411070270, -0.8660254037844403729 ) ) ;
#11338 = VERTEX_POINT ( 'NONE', #7930 ) ;
#11339 = ORIENTED_EDGE ( 'NONE', *, *, #1172, .F. ) ;
#11340 = ORIENTED_EDGE ( 'NONE', *, *, #5977, .T. ) ;
#11341 = PLANE ( 'NONE',  #11436 ) ;
#11342 = EDGE_CURVE ( 'NONE', #7621, #3681, #724, .T. ) ;
#11343 = ORIENTED_EDGE ( 'NONE', *, *, #4837, .F. ) ;
#11344 = CARTESIAN_POINT ( 'NONE',  ( 0.6054737363219310220, 105.1419644865580523, 143.8585617981738380 ) ) ;
#11345 = LINE ( 'NONE', #5932, #11261 ) ;
#11346 =( BOUNDED_CURVE ( )  B_SPLINE_CURVE ( 3, ( #4247, #4363, #1758, #8734 ),
 .UNSPECIFIED., .F., .T. ) 
 B_SPLINE_CURVE_WITH_KNOTS ( ( 4, 4 ),
 ( 3.141592653517516709, 3.995367000183115191 ),
 .UNSPECIFIED. ) 
 CURVE ( )  GEOMETRIC_REPRESENTATION_ITEM ( )  RATIONAL_B_SPLINE_CURVE ( ( 1.000000000000000000, 0.9401726602235234154, 0.9401726602235234154, 1.000000000000000000 ) ) 
 REPRESENTATION_ITEM ( '' )  );
#11347 = DIRECTION ( 'NONE',  ( -3.480278902931750302E-15, -3.438021909835086216E-16, 1.000000000000000000 ) ) ;
#11348 = VERTEX_POINT ( 'NONE', #10539 ) ;
#11349 = ORIENTED_EDGE ( 'NONE', *, *, #9479, .F. ) ;
#11350 = CARTESIAN_POINT ( 'NONE',  ( -0.5219709969937098570, 47.90393506220284081, 139.8611624826889397 ) ) ;
#11351 = LINE ( 'NONE', #11293, #1341 ) ;
#11352 = CARTESIAN_POINT ( 'NONE',  ( -10.47271595720211579, 104.0131846551585681, 132.5660254037849199 ) ) ;
#11353 = DIRECTION ( 'NONE',  ( 0.5019378298181115250, 0.000000000000000000, 0.8649037027308210668 ) ) ;
#11354 = VERTEX_POINT ( 'NONE', #6063 ) ;
#11355 = CARTESIAN_POINT ( 'NONE',  ( -12.32467200531800700, 22.55113817599995940, 115.4200000000005844 ) ) ;
#11356 = DIRECTION ( 'NONE',  ( 0.1013672451882219883, -0.9948490747861964412, 1.075499326746823620E-17 ) ) ;
#11357 = AXIS2_PLACEMENT_3D ( 'NONE', #8511, #1255, #7409 ) ;
#11358 = CARTESIAN_POINT ( 'NONE',  ( 2.595171885894314912, 105.3446989769345095, 119.5414382018272477 ) ) ;
#11359 = LINE ( 'NONE', #10543, #131 ) ;
#11360 = EDGE_CURVE ( 'NONE', #10604, #3600, #5942, .T. ) ;
#11361 = ORIENTED_EDGE ( 'NONE', *, *, #3807, .T. ) ;
#11362 = CARTESIAN_POINT ( 'NONE',  ( -7.277410596753870031, 104.3387609763642985, 133.2656869558507253 ) ) ;
#11363 = PLANE ( 'NONE',  #9519 ) ;
#11364 = CARTESIAN_POINT ( 'NONE',  ( -1.516820071779906964, 47.80256781701462643, 125.2708883248810423 ) ) ;
#11365 = DIRECTION ( 'NONE',  ( -0.4974245373930948344, -0.05068362259411087617, -0.8660254037844405950 ) ) ;
#11366 = ORIENTED_EDGE ( 'NONE', *, *, #7758, .T. ) ;
#11367 = DIRECTION ( 'NONE',  ( 0.9948490747861963301, 0.1013672451882220021, 6.938893903907229918E-18 ) ) ;
#11368 = VERTEX_POINT ( 'NONE', #5237 ) ;
#11369 = DIRECTION ( 'NONE',  ( -0.4974245373931009961, -0.05068362259411093862, 0.8660254037844370423 ) ) ;
#11370 = FACE_OUTER_BOUND ( 'NONE', #4868, .T. ) ;
#11371 = EDGE_CURVE ( 'NONE', #697, #11379, #6876, .T. ) ;
#11372 = EDGE_CURVE ( 'NONE', #4802, #4241, #7810, .T. ) ;
#11373 = EDGE_CURVE ( 'NONE', #1782, #10355, #11298, .T. ) ;
#11374 = VECTOR ( 'NONE', #10148, 1000.000000000000000 ) ;
#11375 = ORIENTED_EDGE ( 'NONE', *, *, #8269, .F. ) ;
#11376 = DIRECTION ( 'NONE',  ( -0.9948490747861964412, -0.1013672451882218634, -3.164135620181696535E-15 ) ) ;
#11377 = EDGE_LOOP ( 'NONE', ( #10818, #7289, #57, #4062, #9740, #2538 ) ) ;
#11378 = CARTESIAN_POINT ( 'NONE',  ( 5.781581155790761706, 24.39602203842559902, 146.7000000000005002 ) ) ;
#11379 = VERTEX_POINT ( 'NONE', #10474 ) ;
#11380 = CARTESIAN_POINT ( 'NONE',  ( 14.63573856315995769, 79.55634216831606409, 156.7000000000005002 ) ) ;
#11381 = ORIENTED_EDGE ( 'NONE', *, *, #11299, .T. ) ;
#11382 = EDGE_CURVE ( 'NONE', #2618, #2525, #2512, .T. ) ;
#11383 = DIRECTION ( 'NONE',  ( -0.4974245373930948344, -0.05068362259411087617, -0.8660254037844405950 ) ) ;
#11384 = VECTOR ( 'NONE', #5950, 1000.000000000000114 ) ;
#11385 = ORIENTED_EDGE ( 'NONE', *, *, #853, .F. ) ;
#11386 = ORIENTED_EDGE ( 'NONE', *, *, #5619, .F. ) ;
#11387 = DIRECTION ( 'NONE',  ( -1.000000000000000000, 0.000000000000000000, 0.000000000000000000 ) ) ;
#11388 = VECTOR ( 'NONE', #6260, 999.9999999999998863 ) ;
#11389 = DIRECTION ( 'NONE',  ( -0.4974245373931009961, -0.05068362259411093862, 0.8660254037844370423 ) ) ;
#11390 = CARTESIAN_POINT ( 'NONE',  ( 2.673334363454540341, 48.22951138340856403, 125.9705498769467482 ) ) ;
#11391 = VECTOR ( 'NONE', #2152, 1000.000000000000000 ) ;
#11392 = VERTEX_POINT ( 'NONE', #7687 ) ;
#11393 = CARTESIAN_POINT ( 'NONE',  ( -26.06617769529992756, 67.56875387046828507, 103.8514543557159868 ) ) ;
#11394 = ORIENTED_EDGE ( 'NONE', *, *, #3496, .F. ) ;
#11395 = VERTEX_POINT ( 'NONE', #8745 ) ;
#11396 = ORIENTED_EDGE ( 'NONE', *, *, #5714, .T. ) ;
#11397 = PLANE ( 'NONE',  #9575 ) ;
#11398 = EDGE_LOOP ( 'NONE', ( #10502, #8133, #10586, #3879 ) ) ;
#11399 = CARTESIAN_POINT ( 'NONE',  ( -7.872481210540117402, 77.26293275539438810, 122.8391759652463264 ) ) ;
#11400 = VECTOR ( 'NONE', #1240, 1000.000000000000000 ) ;
#11401 = CARTESIAN_POINT ( 'NONE',  ( -1.594982549340127287, 104.9177554105405648, 141.4268494385391648 ) ) ;
#11402 = CARTESIAN_POINT ( 'NONE',  ( -4.553060259081216365, 77.60115547278675763, 125.2708883248810423 ) ) ;
#11403 = ADVANCED_FACE ( 'NONE', ( #10364 ), #842, .T. ) ;
#11404 = LINE ( 'NONE', #7921, #827 ) ;
#11405 = CIRCLE ( 'NONE', #8627, 4.000000000000000000 ) ;
#11406 = VERTEX_POINT ( 'NONE', #10594 ) ;
#11407 = VERTEX_POINT ( 'NONE', #4137 ) ;
#11408 = CARTESIAN_POINT ( 'NONE',  ( -23.96398171567220459, 48.63143028759500908, 103.7875013368247039 ) ) ;
#11409 = VECTOR ( 'NONE', #3292, 999.9999999999998863 ) ;
#11410 = FACE_BOUND ( 'NONE', #1696, .T. ) ;
#11411 = CARTESIAN_POINT ( 'NONE',  ( -1.324772208397245299, 9.299913550004461626, 156.7000000000005002 ) ) ;
#11412 = DIRECTION ( 'NONE',  ( 0.4974245373931009961, 0.05068362259411126475, -0.8660254037844370423 ) ) ;
#11413 = ORIENTED_EDGE ( 'NONE', *, *, #5265, .F. ) ;
#11414 = CARTESIAN_POINT ( 'NONE',  ( -7.872481210540143159, 77.26293275539438810, 118.6754127980427995 ) ) ;
#11415 = DIRECTION ( 'NONE',  ( 6.903152180341684826E-18, 7.033765596924220165E-19, -1.000000000000000000 ) ) ;
#11416 = VECTOR ( 'NONE', #1232, 1000.000000000000000 ) ;
#11417 = CARTESIAN_POINT ( 'NONE',  ( 2.673334363454540341, 48.22951138340856403, 122.8391759652463833 ) ) ;
#11418 = PLANE ( 'NONE',  #1259 ) ;
#11419 = AXIS2_PLACEMENT_3D ( 'NONE', #6775, #9334, #5030 ) ;
#11420 = VERTEX_POINT ( 'NONE', #3269 ) ;
#11421 = CARTESIAN_POINT ( 'NONE',  ( 14.63573856315995414, 79.55634216831602146, 88.77148351815341698 ) ) ;
#11422 = CARTESIAN_POINT ( 'NONE',  ( -2.014244609173001965, 47.75188419442051213, 143.8585617981738380 ) ) ;
#11423 = CARTESIAN_POINT ( 'NONE',  ( 3.668183438240737448, 48.33087862859677841, 137.4294501230542664 ) ) ;
#11424 = CARTESIAN_POINT ( 'NONE',  ( -16.78516420053840363, 46.24684441922120470, 138.9951370789045200 ) ) ;
#11425 = ORIENTED_EDGE ( 'NONE', *, *, #10131, .T. ) ;
#11426 = CARTESIAN_POINT ( 'NONE',  ( -17.28258873793147643, 46.19616079662706909, 138.1291116751201002 ) ) ;
#11427 = AXIS2_PLACEMENT_3D ( 'NONE', #2953, #114, #2141 ) ;
#11428 = VERTEX_POINT ( 'NONE', #2396 ) ;
#11429 = LINE ( 'NONE', #10491, #7990 ) ;
#11430 = VECTOR ( 'NONE', #1953, 1000.000000000000114 ) ;
#11431 = AXIS2_PLACEMENT_3D ( 'NONE', #9698, #7780, #6265 ) ;
#11432 = LINE ( 'NONE', #2589, #5474 ) ;
#11433 = VECTOR ( 'NONE', #8104, 1000.000000000000000 ) ;
#11434 = EDGE_CURVE ( 'NONE', #6261, #8714, #5073, .T. ) ;
#11435 = ORIENTED_EDGE ( 'NONE', *, *, #8415, .F. ) ;
#11436 = AXIS2_PLACEMENT_3D ( 'NONE', #3370, #5169, #2495 ) ;
#11437 = LINE ( 'NONE', #4223, #4580 ) ;
#11438 = LINE ( 'NONE', #7017, #10861 ) ;
#11439 = ORIENTED_EDGE ( 'NONE', *, *, #7322, .T. ) ;
#11440 = DIRECTION ( 'NONE',  ( -0.9948490747861964412, -0.1013672451882218634, -3.164135620181696535E-15 ) ) ;
#11441 = ORIENTED_EDGE ( 'NONE', *, *, #6003, .T. ) ;
#11442 = CARTESIAN_POINT ( 'NONE',  ( 2.498654777577249853, 11.24205540157077365, 150.0500000000005230 ) ) ;
#11443 = VERTEX_POINT ( 'NONE', #4203 ) ;
#11444 = VERTEX_POINT ( 'NONE', #3327 ) ;
#11445 = CARTESIAN_POINT ( 'NONE',  ( -31.12731887700509503, 74.89344888965781877, 156.7000000000005002 ) ) ;
#11446 = EDGE_CURVE ( 'NONE', #416, #2447, #5532, .T. ) ;
#11447 = EDGE_CURVE ( 'NONE', #10578, #5158, #26, .T. ) ;
#11448 = AXIS2_PLACEMENT_3D ( 'NONE', #4983, #8482, #9406 ) ;
#11449 = CARTESIAN_POINT ( 'NONE',  ( 47.23262371434679352, 82.87770671821296276, 31.97967206125550987 ) ) ;
#11450 = AXIS2_PLACEMENT_3D ( 'NONE', #3031, #2224, #4784 ) ;
#11451 = DIRECTION ( 'NONE',  ( 0.1013672451882219883, -0.9948490747861964412, 1.075499326746823620E-17 ) ) ;
#11452 = ORIENTED_EDGE ( 'NONE', *, *, #3752, .T. ) ;
#11453 = LINE ( 'NONE', #4410, #9184 ) ;
#11454 = ORIENTED_EDGE ( 'NONE', *, *, #11143, .T. ) ;
#11455 = EDGE_LOOP ( 'NONE', ( #9697, #10783, #433, #9097 ) ) ;
#11456 = AXIS2_PLACEMENT_3D ( 'NONE', #6119, #6938, #2517 ) ;
#11457 = ORIENTED_EDGE ( 'NONE', *, *, #1660, .T. ) ;
#11458 = CARTESIAN_POINT ( 'NONE',  ( 49.93050453740193717, 83.15259941682455747, 33.54535901710576695 ) ) ;
#11459 = ORIENTED_EDGE ( 'NONE', *, *, #7937, .F. ) ;
#11460 = CARTESIAN_POINT ( 'NONE',  ( 5.546347441422017077, 70.42795599536761131, 99.31000000000055650 ) ) ;
#11461 = EDGE_CURVE ( 'NONE', #9870, #6467, #1769, .T. ) ;
#11462 = DIRECTION ( 'NONE',  ( 0.000000000000000000, 1.000000000000000000, 0.000000000000000000 ) ) ;
#11463 = VECTOR ( 'NONE', #5820, 1000.000000000000114 ) ;
#11464 = CARTESIAN_POINT ( 'NONE',  ( -7.277410596753870031, 104.3387609763642985, 123.5388375173120892 ) ) ;
#11465 = DIRECTION ( 'NONE',  ( 0.1013672451882219883, -0.9948490747861964412, 1.075499326746823620E-17 ) ) ;
#11466 = ORIENTED_EDGE ( 'NONE', *, *, #1885, .T. ) ;
#11467 = ORIENTED_EDGE ( 'NONE', *, *, #8248, .T. ) ;
#11468 = LINE ( 'NONE', #9665, #11016 ) ;
#11469 = LINE ( 'NONE', #5408, #843 ) ;
#11470 = DIRECTION ( 'NONE',  ( -3.480278902931750302E-15, -3.438021909835086216E-16, 1.000000000000000000 ) ) ;
#11471 = LINE ( 'NONE', #10891, #9923 ) ;
#11472 = ADVANCED_FACE ( 'NONE', ( #2747 ), #8972, .T. ) ;
#11473 = ORIENTED_EDGE ( 'NONE', *, *, #3187, .F. ) ;
#11474 = EDGE_CURVE ( 'NONE', #10571, #6842, #3912, .T. ) ;
#11475 = DIRECTION ( 'NONE',  ( 0.4974245373930950564, 0.05068362259411089699, 0.8660254037844403729 ) ) ;
#11476 = CARTESIAN_POINT ( 'NONE',  ( -7.375781709117455343, 72.38817228894207290, 3.300340732057147458E-15 ) ) ;
#11477 = EDGE_CURVE ( 'NONE', #7620, #11407, #7228, .T. ) ;
#11478 = CARTESIAN_POINT ( 'NONE',  ( 7.858337873475189639, 48.75782219499070891, 144.7245872019582293 ) ) ;
#11479 = CARTESIAN_POINT ( 'NONE',  ( -4.712125432228155830, 47.47699149580890321, 127.7026006845156445 ) ) ;
#11480 = ORIENTED_EDGE ( 'NONE', *, *, #8072, .T. ) ;
#11481 = LINE ( 'NONE', #9560, #10069 ) ;
#11482 = FACE_OUTER_BOUND ( 'NONE', #3690, .T. ) ;
#11483 = DIRECTION ( 'NONE',  ( 0.1013672451882219883, -0.9948490747861964412, 1.075499326746823620E-17 ) ) ;
#11484 = CARTESIAN_POINT ( 'NONE',  ( -18.85302482767101040, 103.1592975223707072, 125.9705498769468051 ) ) ;
#11485 = ORIENTED_EDGE ( 'NONE', *, *, #5495, .F. ) ;
#11486 = DIRECTION ( 'NONE',  ( 0.9948490747861964412, 0.1013672451882218634, 0.000000000000000000 ) ) ;
#11487 = ORIENTED_EDGE ( 'NONE', *, *, #335, .T. ) ;
#11488 = CARTESIAN_POINT ( 'NONE',  ( -1.516820071779906964, 47.80256781701462643, 128.4022622365814073 ) ) ;
#11489 = EDGE_CURVE ( 'NONE', #9938, #9828, #3560, .T. ) ;
#11490 = CYLINDRICAL_SURFACE ( 'NONE', #5940, 1.000000000000000000 ) ;
#11491 = ADVANCED_FACE ( 'NONE', ( #4545 ), #2001, .T. ) ;
#11492 = LINE ( 'NONE', #7770, #9762 ) ;
#11493 = VECTOR ( 'NONE', #2723, 999.9999999999998863 ) ;
#11494 = DIRECTION ( 'NONE',  ( 0.4974245373931009961, 0.05068362259411126475, -0.8660254037844370423 ) ) ;
#11495 = CARTESIAN_POINT ( 'NONE',  ( -17.28258873793149419, 46.19616079662709041, 134.9977377634196216 ) ) ;
#11496 = ORIENTED_EDGE ( 'NONE', *, *, #5575, .F. ) ;
#11497 = CARTESIAN_POINT ( 'NONE',  ( -8.902279867462603136, 47.05004792941496561, 118.6754127980428279 ) ) ;
#11498 = ORIENTED_EDGE ( 'NONE', *, *, #472, .F. ) ;
#11499 = CARTESIAN_POINT ( 'NONE',  ( -18.52951617005394525, 49.18515930578605122, 103.7875013368247039 ) ) ;
#11500 = EDGE_CURVE ( 'NONE', #1209, #4053, #8038, .T. ) ;
#11501 = EDGE_LOOP ( 'NONE', ( #7370, #225, #5279, #6142 ) ) ;
#11502 = ORIENTED_EDGE ( 'NONE', *, *, #11447, .F. ) ;
#11503 = LINE ( 'NONE', #7784, #3334 ) ;
#11504 = EDGE_CURVE ( 'NONE', #9700, #9826, #10720, .T. ) ;
#11505 = DIRECTION ( 'NONE',  ( -1.000000000000000000, 0.000000000000000000, -3.148927598275349405E-15 ) ) ;
#11506 = VECTOR ( 'NONE', #1428, 1000.000000000000000 ) ;
#11507 = CARTESIAN_POINT ( 'NONE',  ( 1.102898273715022581, 105.1926481091521737, 128.4022622365814073 ) ) ;
ENDSEC;
END-ISO-10303-21;
